CRN,Ders Kodu,Branş,Seviye,Ders Adı,Öğretim Yöntemi,Öğretim Üyesi,Bina,Gün,Saat,Derslik,Kontenjan,Yazılan,Rezervasyon,Alabilen Programlar,Önşart,Sınıf/Kredi Önşartı
10001,BEB 103,BEB,LS,Voleybolda Tem.Eğt. ve Bec.Kaz,,--,SLN-M,Pazartesi,13:30/15:29,---,0,0,,"ARC, BIO, BIOE, BLG, BLGE, CAB, CEN, CEV, CEVE, CHZ, CHZE, DEN, DENE, DUI, DUIE, ECNE, EEE, EFN, EHB, EHBE, ELE, ELH, ELK, ELKE, END, ENDE, ENTE, EUT, EUTE, FIZ, FIZE, GEM, GEME, GEO, GEOE, GID, GIDE, GMI, GMIE, ICM, IML, IMLE, INS, INSE, ISL, ISLE, JDF, JEF, JEFE, JEO, JEOE, KIM, KIME, KMM, KMME, KMP, KOM, KOME, MAD, MADE, MAK, MAKE, MAT, MATE, MET, METE, MIM, MIME, MMD, MTO, MTOE, MUT, MUZ, PEM, PEME, PET, PETE, SBP, SBPE, SES, TEB, TEK, TEKE, TEL, THO, UCK, UCKE, UZB, UZBE, YZVE",,
10002,BEB 103,BEB,LS,Voleybolda Tem.Eğt. ve Bec.Kaz,,--,SLN-M,Salı,08:30/10:29,---,0,0,,"ARC, BIO, BIOE, BLG, BLGE, CAB, CEN, CEV, CEVE, CHZ, CHZE, DEN, DENE, DUI, DUIE, ECNE, EEE, EFN, EHB, EHBE, ELE, ELH, ELK, ELKE, END, ENDE, ENTE, EUT, EUTE, FIZ, FIZE, GEM, GEME, GEO, GEOE, GID, GIDE, GMI, GMIE, ICM, IML, IMLE, INS, INSE, ISL, ISLE, JDF, JEF, JEFE, JEO, JEOE, KIM, KIME, KMM, KMME, KMP, KOM, KOME, MAD, MADE, MAK, MAKE, MAT, MATE, MET, METE, MIM, MIME, MMD, MTO, MTOE, MUT, MUZ, PEM, PEME, PET, PETE, SBP, SBPE, SES, TEB, TEK, TEKE, TEL, THO, UCK, UCKE, UZB, UZBE, YZVE",,
10003,BEB 103,BEB,LS,Voleybolda Tem.Eğt. ve Bec.Kaz,,--,SLN-M,Salı,13:30/15:29,---,0,0,,"ARC, BIO, BIOE, BLG, BLGE, CAB, CEN, CEV, CEVE, CHZ, CHZE, DEN, DENE, DUI, DUIE, ECNE, EEE, EFN, EHB, EHBE, ELE, ELH, ELK, ELKE, END, ENDE, ENTE, EUT, EUTE, FIZ, FIZE, GEM, GEME, GEO, GEOE, GID, GIDE, GMI, GMIE, ICM, IML, IMLE, INS, INSE, ISL, ISLE, JDF, JEF, JEFE, JEO, JEOE, KIM, KIME, KMM, KMME, KMP, KOM, KOME, MAD, MADE, MAK, MAKE, MAT, MATE, MET, METE, MIM, MIME, MMD, MTO, MTOE, MUT, MUZ, PEM, PEME, PET, PETE, SBP, SBPE, SES, TEB, TEK, TEKE, TEL, THO, UCK, UCKE, UZB, UZBE, YZVE",,
10004,BEB 104,BEB,LS,Tenis Teknik ve Taktik Eğitim,,Aylin Öztürk,KORT,Salı,13:30/15:29,---,14,14,,"ARC, BIO, BIOE, BLG, BLGE, CAB, CEN, CEV, CEVE, CHZ, CHZE, DEN, DENE, DUI, DUIE, ECNE, EEE, EFN, EHB, EHBE, ELE, ELH, ELK, ELKE, END, ENDE, ENTE, EUT, EUTE, FIZ, FIZE, GEM, GEME, GEO, GEOE, GID, GIDE, GMI, GMIE, ICM, IML, IMLE, INS, INSE, ISL, ISLE, JDF, JEF, JEFE, JEO, JEOE, KIM, KIME, KMM, KMME, KMP, KOM, KOME, MAD, MADE, MAK, MAKE, MAT, MATE, MET, METE, MIM, MIME, MMD, MTO, MTOE, MUT, MUZ, PEM, PEME, PET, PETE, SBP, SBPE, SES, TEB, TEK, TEKE, TEL, THO, UCK, UCKE, UZB, UZBE, YZVE",,
10005,BEB 104,BEB,LS,Tenis Teknik ve Taktik Eğitim,,Aylin Öztürk,KORT,Salı,15:30/17:29,---,14,15,,"ARC, BIO, BIOE, BLG, BLGE, CAB, CEN, CEV, CEVE, CHZ, CHZE, DEN, DENE, DUI, DUIE, ECNE, EEE, EFN, EHB, EHBE, ELE, ELH, ELK, ELKE, END, ENDE, ENTE, EUT, EUTE, FIZ, FIZE, GEM, GEME, GEO, GEOE, GID, GIDE, GMI, GMIE, ICM, IML, IMLE, INS, INSE, ISL, ISLE, JDF, JEF, JEFE, JEO, JEOE, KIM, KIME, KMM, KMME, KMP, KOM, KOME, MAD, MADE, MAK, MAKE, MAT, MATE, MET, METE, MIM, MIME, MMD, MTO, MTOE, MUT, MUZ, PEM, PEME, PET, PETE, SBP, SBPE, SES, TEB, TEK, TEKE, TEL, THO, UCK, UCKE, UZB, UZBE, YZVE",,
10006,BEB 104,BEB,LS,Tenis Teknik ve Taktik Eğitim,,Aylin Öztürk,KORT,Çarşamba,13:30/15:29,---,14,16,,"ARC, BIO, BIOE, BLG, BLGE, CAB, CEN, CEV, CEVE, CHZ, CHZE, DEN, DENE, DUI, DUIE, ECNE, EEE, EFN, EHB, EHBE, ELE, ELH, ELK, ELKE, END, ENDE, ENTE, EUT, EUTE, FIZ, FIZE, GEM, GEME, GEO, GEOE, GID, GIDE, GMI, GMIE, ICM, IML, IMLE, INS, INSE, ISL, ISLE, JDF, JEF, JEFE, JEO, JEOE, KIM, KIME, KMM, KMME, KMP, KOM, KOME, MAD, MADE, MAK, MAKE, MAT, MATE, MET, METE, MIM, MIME, MMD, MTO, MTOE, MUT, MUZ, PEM, PEME, PET, PETE, SBP, SBPE, SES, TEB, TEK, TEKE, TEL, THO, UCK, UCKE, UZB, UZBE, YZVE",,
10007,BEB 104,BEB,LS,Tenis Teknik ve Taktik Eğitim,,Aylin Öztürk,KORT,Perşembe,13:30/15:29,---,14,15,,"ARC, BIO, BIOE, BLG, BLGE, CAB, CEN, CEV, CEVE, CHZ, CHZE, DEN, DENE, DUI, DUIE, ECNE, EEE, EFN, EHB, EHBE, ELE, ELH, ELK, ELKE, END, ENDE, ENTE, EUT, EUTE, FIZ, FIZE, GEM, GEME, GEO, GEOE, GID, GIDE, GMI, GMIE, ICM, IML, IMLE, INS, INSE, ISL, ISLE, JDF, JEF, JEFE, JEO, JEOE, KIM, KIME, KMM, KMME, KMP, KOM, KOME, MAD, MADE, MAK, MAKE, MAT, MATE, MET, METE, MIM, MIME, MMD, MTO, MTOE, MUT, MUZ, PEM, PEME, PET, PETE, SBP, SBPE, SES, TEB, TEK, TEKE, TEL, THO, UCK, UCKE, UZB, UZBE, YZVE",,
10008,BEB 104,BEB,LS,Tenis Teknik ve Taktik Eğitim,,Aylin Öztürk,KORT,Perşembe,15:30/17:29,---,14,14,,"ARC, BIO, BIOE, BLG, BLGE, CAB, CEN, CEV, CEVE, CHZ, CHZE, DEN, DENE, DUI, DUIE, ECNE, EEE, EFN, EHB, EHBE, ELE, ELH, ELK, ELKE, END, ENDE, ENTE, EUT, EUTE, FIZ, FIZE, GEM, GEME, GEO, GEOE, GID, GIDE, GMI, GMIE, ICM, IML, IMLE, INS, INSE, ISL, ISLE, JDF, JEF, JEFE, JEO, JEOE, KIM, KIME, KMM, KMME, KMP, KOM, KOME, MAD, MADE, MAK, MAKE, MAT, MATE, MET, METE, MIM, MIME, MMD, MTO, MTOE, MUT, MUZ, PEM, PEME, PET, PETE, SBP, SBPE, SES, TEB, TEK, TEKE, TEL, THO, UCK, UCKE, UZB, UZBE, YZVE",,
10009,BEB 104,BEB,LS,Tenis Teknik ve Taktik Eğitim,,Aylin Öztürk,KORT,Cuma,14:00/15:59,---,14,16,,"ARC, BIO, BIOE, BLG, BLGE, CAB, CEN, CEV, CEVE, CHZ, CHZE, DEN, DENE, DUI, DUIE, ECNE, EEE, EFN, EHB, EHBE, ELE, ELH, ELK, ELKE, END, ENDE, ENTE, EUT, EUTE, FIZ, FIZE, GEM, GEME, GEO, GEOE, GID, GIDE, GMI, GMIE, ICM, IML, IMLE, INS, INSE, ISL, ISLE, JDF, JEF, JEFE, JEO, JEOE, KIM, KIME, KMM, KMME, KMP, KOM, KOME, MAD, MADE, MAK, MAKE, MAT, MATE, MET, METE, MIM, MIME, MMD, MTO, MTOE, MUT, MUZ, PEM, PEME, PET, PETE, SBP, SBPE, SES, TEB, TEK, TEKE, TEL, THO, UCK, UCKE, UZB, UZBE, YZVE",,
10010,BEB 105,BEB,LS,Futbol ve Temel Hareket Öğret.,,Yaşar Volkan Arıncı,STD,Pazartesi,10:30/12:29,---,25,18,,"ARC, BIO, BIOE, BLG, BLGE, CAB, CEN, CEV, CEVE, CHZ, CHZE, DEN, DENE, DUI, DUIE, ECNE, EEE, EFN, EHB, EHBE, ELE, ELH, ELK, ELKE, END, ENDE, EUT, EUTE, FIZ, FIZE, GEM, GEME, GEO, GEOE, GID, GIDE, GMI, GMIE, ICM, IML, IMLE, INS, INSE, ISL, ISLE, JDF, JEF, JEFE, JEO, JEOE, KIM, KIME, KMM, KMME, KMP, KOM, KOME, MAD, MADE, MAK, MAKE, MAT, MATE, MET, METE, MIM, MIME, MMD, MTO, MTOE, MUT, MUZ, PEM, PEME, PET, PETE, SBP, SBPE, SES, TEB, TEK, TEKE, TEL, THO, UCK, UCKE, UZB, UZBE, YZVE",,
10011,BEB 105,BEB,LS,Futbol ve Temel Hareket Öğret.,,Yaşar Volkan Arıncı,STD,Salı,10:30/12:29,---,25,11,,"ARC, BIO, BIOE, BLG, BLGE, CAB, CEN, CEV, CEVE, CHZ, CHZE, DEN, DENE, DUI, DUIE, ECNE, EEE, EFN, EHB, EHBE, ELE, ELH, ELK, ELKE, END, ENDE, EUT, EUTE, FIZ, FIZE, GEM, GEME, GEO, GEOE, GID, GIDE, GMI, GMIE, ICM, IML, IMLE, INS, INSE, ISL, ISLE, JDF, JEF, JEFE, JEO, JEOE, KIM, KIME, KMM, KMME, KMP, KOM, KOME, MAD, MADE, MAK, MAKE, MAT, MATE, MET, METE, MIM, MIME, MMD, MTO, MTOE, MUT, MUZ, PEM, PEME, PET, PETE, SBP, SBPE, SES, TEB, TEK, TEKE, TEL, THO, UCK, UCKE, UZB, UZBE, YZVE",,
10012,BEB 105,BEB,LS,Futbol ve Temel Hareket Öğret.,,Yaşar Volkan Arıncı,STD,Cuma,14:00/15:59,---,25,27,,"ARC, BIO, BIOE, BLG, BLGE, CAB, CEN, CEV, CEVE, CHZ, CHZE, DEN, DENE, DUI, DUIE, ECNE, EEE, EFN, EHB, EHBE, ELE, ELH, ELK, ELKE, END, ENDE, EUT, EUTE, FIZ, FIZE, GEM, GEME, GEO, GEOE, GID, GIDE, GMI, GMIE, ICM, IML, IMLE, INS, INSE, ISL, ISLE, JDF, JEF, JEFE, JEO, JEOE, KIM, KIME, KMM, KMME, KMP, KOM, KOME, MAD, MADE, MAK, MAKE, MAT, MATE, MET, METE, MIM, MIME, MMD, MTO, MTOE, MUT, MUZ, PEM, PEME, PET, PETE, SBP, SBPE, SES, TEB, TEK, TEKE, TEL, THO, UCK, UCKE, UZB, UZBE, YZVE",,
10013,BEB 106,BEB,LS,Basketbol Temel Teknik Eğitimi,,Birgül Arslanoğlu,SLN-M,Pazartesi,10:30/12:29,---,20,13,,"ARC, BIO, BIOE, BLG, BLGE, CAB, CEN, CEV, CEVE, CHZ, CHZE, DEN, DENE, DUI, DUIE, ECNE, EEE, EFN, EHB, EHBE, ELE, ELH, ELK, ELKE, END, ENDE, EUT, EUTE, FIZ, FIZE, GEM, GEME, GEO, GEOE, GID, GIDE, GMI, GMIE, ICM, IML, IMLE, INS, INSE, ISL, ISLE, JDF, JEF, JEFE, JEO, JEOE, KIM, KIME, KMM, KMME, KMP, KOM, KOME, MAD, MADE, MAK, MAKE, MAT, MATE, MET, METE, MIM, MIME, MMD, MTO, MTOE, MUT, MUZ, PEM, PEME, PET, PETE, SBP, SBPE, SES, TEB, TEK, TEKE, TEL, THO, UCK, UCKE, UZB, UZBE, YZVE",,
10014,BEB 106,BEB,LS,Basketbol Temel Teknik Eğitimi,,Birgül Arslanoğlu,SLN-M,Çarşamba,10:30/12:29,---,20,11,,"ARC, BIO, BIOE, BLG, BLGE, CAB, CEN, CEV, CEVE, CHZ, CHZE, DEN, DENE, DUI, DUIE, ECNE, EEE, EFN, EHB, EHBE, ELE, ELH, ELK, ELKE, END, ENDE, EUT, EUTE, FIZ, FIZE, GEM, GEME, GEO, GEOE, GID, GIDE, GMI, GMIE, ICM, IML, IMLE, INS, INSE, ISL, ISLE, JDF, JEF, JEFE, JEO, JEOE, KIM, KIME, KMM, KMME, KMP, KOM, KOME, MAD, MADE, MAK, MAKE, MAT, MATE, MET, METE, MIM, MIME, MMD, MTO, MTOE, MUT, MUZ, PEM, PEME, PET, PETE, SBP, SBPE, SES, TEB, TEK, TEKE, TEL, THO, UCK, UCKE, UZB, UZBE, YZVE",,
10015,BEB 111,BEB,LS,Masa Tenisi Tem.Beceri Eğitimi,,--,SLN-G,Perşembe,10:30/12:29,---,0,0,,"ARC, BIO, BIOE, BLG, BLGE, CAB, CEN, CEV, CEVE, CHZ, CHZE, DEN, DENE, DUI, DUIE, ECNE, EEE, EFN, EHB, EHBE, ELE, ELH, ELK, ELKE, END, ENDE, EUT, EUTE, FIZ, FIZE, GEM, GEME, GEO, GEOE, GID, GIDE, GMI, GMIE, ICM, IML, IMLE, INS, INSE, ISL, ISLE, JDF, JEF, JEFE, JEO, JEOE, KIM, KIME, KMM, KMME, KMP, KOM, KOME, MAD, MADE, MAK, MAKE, MAT, MATE, MET, METE, MIM, MIME, MMD, MTO, MTOE, MUT, MUZ, PEM, PEME, PET, PETE, SBP, SBPE, SES, TEB, TEK, TEKE, TEL, THO, UCK, UCKE, UZB, UZBE, YZVE",,
10016,BEB 111,BEB,LS,Masa Tenisi Tem.Beceri Eğitimi,,--,SLN-G,Perşembe,13:30/15:29,---,0,0,,"ARC, BIO, BIOE, BLG, BLGE, CAB, CEN, CEV, CEVE, CHZ, CHZE, DEN, DENE, DUI, DUIE, ECNE, EEE, EFN, EHB, EHBE, ELE, ELH, ELK, ELKE, END, ENDE, EUT, EUTE, FIZ, FIZE, GEM, GEME, GEO, GEOE, GID, GIDE, GMI, GMIE, ICM, IML, IMLE, INS, INSE, ISL, ISLE, JDF, JEF, JEFE, JEO, JEOE, KIM, KIME, KMM, KMME, KMP, KOM, KOME, MAD, MADE, MAK, MAKE, MAT, MATE, MET, METE, MIM, MIME, MMD, MTO, MTOE, MUT, MUZ, PEM, PEME, PET, PETE, SBP, SBPE, SES, TEB, TEK, TEKE, TEL, THO, UCK, UCKE, UZB, UZBE, YZVE",,
10017,BEB 114,BEB,LS,Futsal Temel Beceri Eğitim,,--,SLN-V,Pazartesi,13:30/15:29,---,0,0,,"ARC, BIO, BIOE, BLG, BLGE, CAB, CEN, CEV, CEVE, CHZ, CHZE, DEN, DENE, DUI, DUIE, ECNE, EEE, EFN, EHB, EHBE, ELE, ELH, ELK, ELKE, END, ENDE, ENTE, EUT, EUTE, FIZ, FIZE, GEM, GEME, GEO, GEOE, GID, GIDE, GMI, GMIE, ICM, IML, IMLE, INS, INSE, ISL, ISLE, JDF, JEF, JEFE, JEO, JEOE, KIM, KIME, KMM, KMME, KMP, KOM, KOME, MAD, MADE, MAK, MAKE, MAT, MATE, MET, METE, MIM, MIME, MMD, MTO, MTOE, MUT, MUZ, PEM, PEME, PET, PETE, SBP, SBPE, SES, TEB, TEK, TEKE, TEL, THO, UCK, UCKE, UZB, UZBE, YZVE",,
10018,BEB 114,BEB,LS,Futsal Temel Beceri Eğitim,,Murat Bilgin,SLN-V,Pazartesi,15:30/17:29,---,20,8,,"ARC, BIO, BIOE, BLG, BLGE, CAB, CEN, CEV, CEVE, CHZ, CHZE, DEN, DENE, DUI, DUIE, ECNE, EEE, EFN, EHB, EHBE, ELE, ELH, ELK, ELKE, END, ENDE, ENTE, EUT, EUTE, FIZ, FIZE, GEM, GEME, GEO, GEOE, GID, GIDE, GMI, GMIE, ICM, IML, IMLE, INS, INSE, ISL, ISLE, JDF, JEF, JEFE, JEO, JEOE, KIM, KIME, KMM, KMME, KMP, KOM, KOME, MAD, MADE, MAK, MAKE, MAT, MATE, MET, METE, MIM, MIME, MMD, MTO, MTOE, MUT, MUZ, PEM, PEME, PET, PETE, SBP, SBPE, SES, TEB, TEK, TEKE, TEL, THO, UCK, UCKE, UZB, UZBE, YZVE",,
10019,BEB 115,BEB,LS,Atletizm Temel Eğitimi,,Nural Gündoğdu,STD,Pazartesi,10:30/12:29,---,20,7,,"ARC, BIO, BIOE, BLG, BLGE, CAB, CEN, CEV, CEVE, CHZ, CHZE, DEN, DENE, DUI, DUIE, ECNE, EEE, EFN, EHB, EHBE, ELE, ELH, ELK, ELKE, END, ENDE, ENTE, EUT, EUTE, FIZ, FIZE, GEM, GEME, GEO, GEOE, GID, GIDE, GMI, GMIE, ICM, IML, IMLE, INS, INSE, ISL, ISLE, JDF, JEF, JEFE, JEO, JEOE, KIM, KIME, KMM, KMME, KMP, KOM, KOME, MAD, MADE, MAK, MAKE, MAT, MATE, MET, METE, MIM, MIME, MMD, MTO, MTOE, MUT, MUZ, PEM, PEME, PET, PETE, SBP, SBPE, SES, TEB, TEK, TEKE, TEL, THO, UCK, UCKE, UZB, UZBE, YZVE",,
10020,BEB 115,BEB,LS,Atletizm Temel Eğitimi,,Nural Gündoğdu,STD,Pazartesi,13:30/15:29,---,20,6,,"ARC, BIO, BIOE, BLG, BLGE, CAB, CEN, CEV, CEVE, CHZ, CHZE, DEN, DENE, DUI, DUIE, ECNE, EEE, EFN, EHB, EHBE, ELE, ELH, ELK, ELKE, END, ENDE, ENTE, EUT, EUTE, FIZ, FIZE, GEM, GEME, GEO, GEOE, GID, GIDE, GMI, GMIE, ICM, IML, IMLE, INS, INSE, ISL, ISLE, JDF, JEF, JEFE, JEO, JEOE, KIM, KIME, KMM, KMME, KMP, KOM, KOME, MAD, MADE, MAK, MAKE, MAT, MATE, MET, METE, MIM, MIME, MMD, MTO, MTOE, MUT, MUZ, PEM, PEME, PET, PETE, SBP, SBPE, SES, TEB, TEK, TEKE, TEL, THO, UCK, UCKE, UZB, UZBE, YZVE",,
10021,BEB 116,BEB,LS,Badminton Temel Beceri Eğitimi,,Murat Bilgin,SLN-M,Çarşamba,08:30/10:29,---,12,12,,"ARC, BIO, BIOE, BLG, BLGE, CAB, CEN, CEV, CEVE, CHZ, CHZE, DEN, DENE, DUI, DUIE, ECNE, EEE, EFN, EHB, EHBE, ELE, ELH, ELK, ELKE, END, ENDE, ENTE, EUT, EUTE, FIZ, FIZE, GEM, GEME, GEO, GEOE, GID, GIDE, GMI, GMIE, ICM, IML, IMLE, INS, INSE, ISL, ISLE, JDF, JEF, JEFE, JEO, JEOE, KIM, KIME, KMM, KMME, KMP, KOM, KOME, MAD, MADE, MAK, MAKE, MAT, MATE, MET, METE, MIM, MIME, MMD, MTO, MTOE, MUT, MUZ, PEM, PEME, PET, PETE, SBP, SBPE, SES, TEB, TEK, TEKE, TEL, THO, UCK, UCKE, UZB, UZBE, YZVE",,
10022,BEB 116,BEB,LS,Badminton Temel Beceri Eğitimi,,Murat Bilgin,SLN-M,Çarşamba,13:30/15:29,---,12,12,,"ARC, BIO, BIOE, BLG, BLGE, CAB, CEN, CEV, CEVE, CHZ, CHZE, DEN, DENE, DUI, DUIE, ECNE, EEE, EFN, EHB, EHBE, ELE, ELH, ELK, ELKE, END, ENDE, ENTE, EUT, EUTE, FIZ, FIZE, GEM, GEME, GEO, GEOE, GID, GIDE, GMI, GMIE, ICM, IML, IMLE, INS, INSE, ISL, ISLE, JDF, JEF, JEFE, JEO, JEOE, KIM, KIME, KMM, KMME, KMP, KOM, KOME, MAD, MADE, MAK, MAKE, MAT, MATE, MET, METE, MIM, MIME, MMD, MTO, MTOE, MUT, MUZ, PEM, PEME, PET, PETE, SBP, SBPE, SES, TEB, TEK, TEKE, TEL, THO, UCK, UCKE, UZB, UZBE, YZVE",,
10023,BEB 116,BEB,LS,Badminton Temel Beceri Eğitimi,,Murat Bilgin,SLN-M,Perşembe,08:30/10:29,---,12,12,,"ARC, BIO, BIOE, BLG, BLGE, CAB, CEN, CEV, CEVE, CHZ, CHZE, DEN, DENE, DUI, DUIE, ECNE, EEE, EFN, EHB, EHBE, ELE, ELH, ELK, ELKE, END, ENDE, ENTE, EUT, EUTE, FIZ, FIZE, GEM, GEME, GEO, GEOE, GID, GIDE, GMI, GMIE, ICM, IML, IMLE, INS, INSE, ISL, ISLE, JDF, JEF, JEFE, JEO, JEOE, KIM, KIME, KMM, KMME, KMP, KOM, KOME, MAD, MADE, MAK, MAKE, MAT, MATE, MET, METE, MIM, MIME, MMD, MTO, MTOE, MUT, MUZ, PEM, PEME, PET, PETE, SBP, SBPE, SES, TEB, TEK, TEKE, TEL, THO, UCK, UCKE, UZB, UZBE, YZVE",,
10024,BEB 116,BEB,LS,Badminton Temel Beceri Eğitimi,,Murat Bilgin,SLN-M,Perşembe,13:30/15:29,---,12,5,,"ARC, BIO, BIOE, BLG, BLGE, CAB, CEN, CEV, CEVE, CHZ, CHZE, DEN, DENE, DUI, DUIE, ECNE, EEE, EFN, EHB, EHBE, ELE, ELH, ELK, ELKE, END, ENDE, ENTE, EUT, EUTE, FIZ, FIZE, GEM, GEME, GEO, GEOE, GID, GIDE, GMI, GMIE, ICM, IML, IMLE, INS, INSE, ISL, ISLE, JDF, JEF, JEFE, JEO, JEOE, KIM, KIME, KMM, KMME, KMP, KOM, KOME, MAD, MADE, MAK, MAKE, MAT, MATE, MET, METE, MIM, MIME, MMD, MTO, MTOE, MUT, MUZ, PEM, PEME, PET, PETE, SBP, SBPE, SES, TEB, TEK, TEKE, TEL, THO, UCK, UCKE, UZB, UZBE, YZVE",,
10025,BEB 116,BEB,LS,Badminton Temel Beceri Eğitimi,,Murat Bilgin,SLN-M,Cuma,10:30/12:29,---,12,10,,"ARC, BIO, BIOE, BLG, BLGE, CAB, CEN, CEV, CEVE, CHZ, CHZE, DEN, DENE, DUI, DUIE, ECNE, EEE, EFN, EHB, EHBE, ELE, ELH, ELK, ELKE, END, ENDE, ENTE, EUT, EUTE, FIZ, FIZE, GEM, GEME, GEO, GEOE, GID, GIDE, GMI, GMIE, ICM, IML, IMLE, INS, INSE, ISL, ISLE, JDF, JEF, JEFE, JEO, JEOE, KIM, KIME, KMM, KMME, KMP, KOM, KOME, MAD, MADE, MAK, MAKE, MAT, MATE, MET, METE, MIM, MIME, MMD, MTO, MTOE, MUT, MUZ, PEM, PEME, PET, PETE, SBP, SBPE, SES, TEB, TEK, TEKE, TEL, THO, UCK, UCKE, UZB, UZBE, YZVE",,
10026,BEB 116,BEB,LS,Badminton Temel Beceri Eğitimi,,Murat Bilgin,SLN-M,Cuma,14:00/15:59,---,12,15,,"ARC, BIO, BIOE, BLG, BLGE, CAB, CEN, CEV, CEVE, CHZ, CHZE, DEN, DENE, DUI, DUIE, ECNE, EEE, EFN, EHB, EHBE, ELE, ELH, ELK, ELKE, END, ENDE, ENTE, EUT, EUTE, FIZ, FIZE, GEM, GEME, GEO, GEOE, GID, GIDE, GMI, GMIE, ICM, IML, IMLE, INS, INSE, ISL, ISLE, JDF, JEF, JEFE, JEO, JEOE, KIM, KIME, KMM, KMME, KMP, KOM, KOME, MAD, MADE, MAK, MAKE, MAT, MATE, MET, METE, MIM, MIME, MMD, MTO, MTOE, MUT, MUZ, PEM, PEME, PET, PETE, SBP, SBPE, SES, TEB, TEK, TEKE, TEL, THO, UCK, UCKE, UZB, UZBE, YZVE",,
10027,BEB 118,BEB,LS,Genel Kond.ve Vücut Geliştirme,,Aylin Öztürk,SYM,Cuma,08:30/10:29,---,15,15,,"ARC, BIO, BIOE, BLG, BLGE, CAB, CEN, CEV, CEVE, CHZ, CHZE, DEN, DENE, DUI, DUIE, ECNE, EEE, EFN, EHB, EHBE, ELE, ELH, ELK, ELKE, END, ENDE, ENTE, EUT, EUTE, FIZ, FIZE, GEM, GEME, GEO, GEOE, GID, GIDE, GMI, GMIE, ICM, IML, IMLE, INS, INSE, ISL, ISLE, JDF, JEF, JEFE, JEO, JEOE, KIM, KIME, KMM, KMME, KMP, KOM, KOME, MAD, MADE, MAK, MAKE, MAT, MATE, MET, METE, MIM, MIME, MMD, MTO, MTOE, MUT, MUZ, PEM, PEME, PET, PETE, SBP, SBPE, SES, TEB, TEK, TEKE, TEL, THO, UCK, UCKE, UZB, UZBE, YZVE",,
10028,BEB 118,BEB,LS,Genel Kond.ve Vücut Geliştirme,,Aylin Öztürk,SYM,Salı,08:30/10:29,---,15,13,,"ARC, BIO, BIOE, BLG, BLGE, CAB, CEN, CEV, CEVE, CHZ, CHZE, DEN, DENE, DUI, DUIE, ECNE, EEE, EFN, EHB, EHBE, ELE, ELH, ELK, ELKE, END, ENDE, ENTE, EUT, EUTE, FIZ, FIZE, GEM, GEME, GEO, GEOE, GID, GIDE, GMI, GMIE, ICM, IML, IMLE, INS, INSE, ISL, ISLE, JDF, JEF, JEFE, JEO, JEOE, KIM, KIME, KMM, KMME, KMP, KOM, KOME, MAD, MADE, MAK, MAKE, MAT, MATE, MET, METE, MIM, MIME, MMD, MTO, MTOE, MUT, MUZ, PEM, PEME, PET, PETE, SBP, SBPE, SES, TEB, TEK, TEKE, TEL, THO, UCK, UCKE, UZB, UZBE, YZVE",,
10029,BEB 120,BEB,LS,Spor ve Temel Bilimler,,"Birgül Arslanoğlu, Yaşar Volkan Arıncı",RSLN-M,Pazartesi,13:30/16:29,---,20,10,,"ARC, BIO, BLG, BST, CAB, CEB, CEN, CEV, CHZ, DEN, DUI, EEE, EFN, EHB, ELE, ELH, ELK, END, EUT, FIZ, GEM, GEO, GID, GMI, ICM, IML, INS, ISL, JDF, JEF, JEO, KIM, KMM, KMP, KOM, MAD, MAK, MAT, MET, MIM, MMD, MTO, MTR, MUT, MUZ, MZT, PEM, PET, SBP, SES, TEB, TEK, TEL, THO, UCK, UZB, YZVE",,
10030,BEB 121,BEB,LS,Spor ve Teknoloji,,Birgül Arslanoğlu,RSLN-M,Çarşamba,12:30/15:29,---,20,17,,"ARC, BIO, BLG, BST, CAB, CEB, CEN, CEV, CHZ, DEN, DUI, EEE, EFN, EHB, ELE, ELH, ELK, END, EUT, FIZ, GEM, GEO, GID, GMI, ICM, IML, INS, ISL, JDF, JEF, JEO, KIM, KMM, KMP, KOM, MAD, MAK, MAT, MET, MIM, MMD, MTO, MTR, MUT, MUZ, MZT, PEM, PET, SBP, SES, TEB, TEK, TEL, THO, UCK, UZB, YZVE",,
10031,BEB 122,BEB,LS,Fiziksel Aktivite ve Egzersiz,,--,SLN-M,Pazartesi,08:30/10:29,---,0,0,,"ARC, BIO, BIOE, BLG, BLGE, CAB, CEN, CEV, CEVE, CHZ, CHZE, DEN, DENE, DUI, DUIE, ECNE, EEE, EFN, EHB, EHBE, ELE, ELH, ELK, ELKE, ENTE, EUT, EUTE, FIZ, FIZE, GEM, GEME, GID, GIDE, GMI, GMIE, ICM, IML, IMLE, INS, INSE, ISL, ISLE, JDF, JEF, JEFE, JEO, JEOE, KIM, KIME, KMM, KMME, KMP, KOM, KOME, MAD, MADE, MAK, MAKE, MAT, MATE, MET, METE, MIM, MIME, MMD, MTO, MTOE, MUT, MUZ, PEM, PEME, PET, PETE, SBP, SBPE, SES, TEB, TEK, TEKE, TEL, THO, UCK, UCKE, UZB, UZBE, YZVE",,
10032,BEB 122,BEB,LS,Fiziksel Aktivite ve Egzersiz,,--,SLN-M,Cuma,10:30/12:29,---,0,0,,"ARC, BIO, BIOE, BLG, BLGE, CAB, CEN, CEV, CEVE, CHZ, CHZE, DEN, DENE, DUI, DUIE, ECNE, EEE, EFN, EHB, EHBE, ELE, ELH, ELK, ELKE, ENTE, EUT, EUTE, FIZ, FIZE, GEM, GEME, GID, GIDE, GMI, GMIE, ICM, IML, IMLE, INS, INSE, ISL, ISLE, JDF, JEF, JEFE, JEO, JEOE, KIM, KIME, KMM, KMME, KMP, KOM, KOME, MAD, MADE, MAK, MAKE, MAT, MATE, MET, METE, MIM, MIME, MMD, MTO, MTOE, MUT, MUZ, PEM, PEME, PET, PETE, SBP, SBPE, SES, TEB, TEK, TEKE, TEL, THO, UCK, UCKE, UZB, UZBE, YZVE",,
10033,BEB 122,BEB,LS,Fiziksel Aktivite ve Egzersiz,,--,SLN-M,Cuma,14:00/15:59,---,0,0,,"ARC, BIO, BIOE, BLG, BLGE, CAB, CEN, CEV, CEVE, CHZ, CHZE, DEN, DENE, DUI, DUIE, ECNE, EEE, EFN, EHB, EHBE, ELE, ELH, ELK, ELKE, ENTE, EUT, EUTE, FIZ, FIZE, GEM, GEME, GID, GIDE, GMI, GMIE, ICM, IML, IMLE, INS, INSE, ISL, ISLE, JDF, JEF, JEFE, JEO, JEOE, KIM, KIME, KMM, KMME, KMP, KOM, KOME, MAD, MADE, MAK, MAKE, MAT, MATE, MET, METE, MIM, MIME, MMD, MTO, MTOE, MUT, MUZ, PEM, PEME, PET, PETE, SBP, SBPE, SES, TEB, TEK, TEKE, TEL, THO, UCK, UCKE, UZB, UZBE, YZVE",,
10034,ITB 020,ITB,LS,Modernitenin Oluşumu,,Emine Aslı Çalkıvik,FEB,Salı,11:30/14:29,D202,30,22,,"BIO, BLG, BST, CAB, CEB, CEV, CHZ, DEN, EHB, ELE, ELH, ELK, END, EUT, FIZ, GEM, GEO, GID, ICM, INS, ISL, JDF, JEF, JEO, KIM, KMM, KMP, KOM, MAD, MAK, MAT, MET, MIM, MTO, MTR, MUT, MUZ, PEM, PET, SBP, SES, TEB, TEK, TEL, THO, UCK, UZB",,
10035,ITB 020E,ITB,LS,Formations of Modernity,,Doğan Gürpınar,FEB,Salı,11:30/14:29,D204,30,30,,"AIN, BIO, BIOE, BLG, BLGE, BST, CAB, CEB, CEV, CEVE, CHZ, CHZE, DEN, DENE, ECNE, EHB, EHBE, EHS, ELE, ELH, ELK, ELKE, END, ENDE, ENTE, EUT, EUTE, FIZ, FIZE, GEM, GEME, GEO, GEOE, GID, GIDE, ICM, IML, IMLE, INS, INSE, ISL, ISLE, JDF, JEF, JEFE, JEO, JEOE, KIM, KIME, KMM, KMME, KMP, KOM, KOME, MAD, MADE, MAK, MAKE, MAT, MATE, MET, METE, MIM, MIME, MSS, MTO, MTOE, MTR, MUT, MUZ, MUZE, PEM, PEME, PET, PETE, SBP, SBPE, SES, TEB, TEK, TEKE, TEL, THO, UCK, UCKE, UZB, UZBE, YZVE",,
10036,ITB 087,ITB,LS,Medya ve Toplum,,Ebru Belgin Yetişkin,FEB,Perşembe,08:30/11:29,D103,30,27,,"BIO, BLG, BST, CAB, CEB, CEV, CHZ, DEN, DUI, EHB, ELE, ELH, ELK, END, EUT, FIZ, GEM, GEO, GID, GMI, ICM, INS, ISL, JDF, JEF, JEO, KIM, KMM, KMP, KOM, MAD, MAK, MAT, MET, MIM, MTO, MTR, MUT, MUZ, MZT, PEM, PET, SBP, SES, TEB, TEK, TEL, THO, UCK, UZB",,
10037,ITB 202,ITB,LS,Dünya Tarihi,,Ebubekir Ceylan,MED,Çarşamba,08:30/11:29,B35,30,28,,"BIO, BLG, BST, CAB, CEB, CEV, CHZ, DEN, DUI, EHB, ELE, ELH, ELK, END, EUT, FIZ, GEM, GEO, GID, GMI, ICM, INS, ISL, JDF, JEF, JEO, KIM, KMM, KMP, KOM, MAD, MAK, MAT, MET, MIM, MTO, MTR, MUT, MUZ, MZT, PEM, PET, SBP, SES, TEB, TEK, TEL, THO, UCK, UZB",,
10038,ITB 202,ITB,LS,Dünya Tarihi,,Mustafa İnce,FEB,Çarşamba,11:30/14:29,D306,30,26,,"BIO, BLG, BST, CAB, CEB, CEV, CHZ, DEN, DUI, EHB, ELE, ELH, ELK, END, EUT, FIZ, GEM, GEO, GID, GMI, ICM, INS, ISL, JDF, JEF, JEO, KIM, KMM, KMP, KOM, MAD, MAK, MAT, MET, MIM, MTO, MTR, MUT, MUZ, MZT, PEM, PET, SBP, SES, TEB, TEK, TEL, THO, UCK, UZB",,
10039,ITB 202,ITB,LS,Dünya Tarihi,,Mustafa İnce,FEB,Perşembe,08:30/11:29,D201,30,28,,"BIO, BLG, BST, CAB, CEB, CEV, CHZ, DEN, DUI, EHB, ELE, ELH, ELK, END, EUT, FIZ, GEM, GEO, GID, GMI, ICM, INS, ISL, JDF, JEF, JEO, KIM, KMM, KMP, KOM, MAD, MAK, MAT, MET, MIM, MTO, MTR, MUT, MUZ, MZT, PEM, PET, SBP, SES, TEB, TEK, TEL, THO, UCK, UZB",,
10041,ITB 202E,ITB,LS,World History,,Ebubekir Ceylan,MED,Pazartesi,14:30/17:29,B34,30,23,,"ARC, CEN, EEE, EFN, IAD, IND, MEN, MMD, MTM, NAE",,
10042,ITB 203,ITB,LS,Sosyoloji,,Ebru Belgin Yetişkin,FEB,Salı,11:30/14:29,D306,30,27,,"BIO, BLG, BST, CAB, CEB, CEV, CHZ, DEN, DUI, EHB, ELE, ELH, ELK, END, EUT, FIZ, GEM, GEO, GID, GMI, ICM, INS, ISL, JDF, JEF, JEO, KIM, KMM, KMP, KOM, MAD, MAK, MAT, MET, MIM, MTO, MTR, MUT, MUZ, MZT, PEM, PET, SBP, SES, TEB, TEK, TEL, THO, UCK, UZB",,
10043,ITB 203,ITB,LS,Sosyoloji,,Nurullah Ardıç,FEB,Salı,11:30/14:29,L200,30,26,,"BIO, BLG, BST, CAB, CEB, CEV, CHZ, DEN, DUI, EHB, ELE, ELH, ELK, END, EUT, FIZ, GEM, GEO, GID, GMI, ICM, INS, ISL, JDF, JEF, JEO, KIM, KMM, KMP, KOM, MAD, MAK, MAT, MET, MIM, MTO, MTR, MUT, MUZ, MZT, PEM, PET, SBP, SES, TEB, TEK, TEL, THO, UCK, UZB",,
10045,ITB 203E,ITB,LS,Sociology,,Ayşe Serdar,MED,Pazartesi,14:30/17:29,B32,30,30,,"AIN, BIO, BIOE, BLG, BLGE, BST, CAB, CEB, CEV, CEVE, CHZ, CHZE, DEN, DENE, DUI, ECNE, EHB, EHBE, EHS, ELE, ELH, ELK, ELKE, END, ENDE, ENTE, EUT, EUTE, FIZ, FIZE, GEM, GEME, GEO, GEOE, GID, GIDE, GMI, GMIE, ICM, IML, IMLE, INS, INSE, ISL, ISLE, JDF, JEF, JEFE, JEO, JEOE, KIM, KIME, KMM, KMME, KMP, KOM, KOME, MAD, MADE, MAK, MAKE, MAT, MATE, MET, METE, MIM, MIME, MSS, MTO, MTOE, MTR, MUT, MUZ, MUZE, MZT, PEM, PEME, PET, PETE, SBP, SBPE, SES, TEB, TEK, TEKE, TEL, THO, UCK, UCKE, UZB, UZBE, YZVE",,
10046,ITB 203E,ITB,LS,Sociology,,Nurullah Ardıç,FEB,Perşembe,14:30/17:29,D101,30,15,,"ARC, CEN, EEE, EFN, IAD, IND, MEN, MMD, MTM, NAE",,
10047,ITB 205E,ITB,LS,Philosophy,,Kerem Eksen,INB,Salı,11:30/14:29,A2,30,30,,"AIN, BIO, BIOE, BLG, BLGE, BST, CAB, CEB, CEV, CEVE, CHZ, CHZE, DEN, DENE, ECNE, EHB, EHBE, EHS, ELE, ELH, ELK, ELKE, END, ENDE, ENTE, EUT, EUTE, FIZ, FIZE, GEM, GEME, GEO, GEOE, GID, GIDE, GMI, GMIE, ICM, IML, IMLE, INS, INSE, ISL, ISLE, JDF, JEF, JEFE, JEO, JEOE, KIM, KIME, KMM, KMME, KMP, KOM, KOME, MAD, MADE, MAK, MAKE, MAT, MATE, MET, METE, MIM, MIME, MSS, MTO, MTOE, MTR, MUT, MUZ, MUZE, PEM, PEME, PET, PETE, SBP, SBPE, SES, TEB, TEK, TEKE, TEL, THO, UCK, UCKE, UZB, UZBE, YZVE",,
10050,ITB 207,ITB,LS,Osmanlı Tarihi,,Ulaş Duygu Aysal Cin,FEB,Salı,08:30/11:29,D106,30,29,,"BIO, BLG, BST, CAB, CEB, CEV, CHZ, DEN, DUI, EHB, ELE, ELH, ELK, END, EUT, FIZ, GEM, GEO, GID, ICM, INS, ISL, JDF, JEF, JEO, KIM, KMM, KMP, KOM, MAD, MAK, MAT, MET, MIM, MTO, MTR, MUT, MUZ, MZT, PEM, PET, SBP, SES, TEB, TEK, TEL, THO, UCK, UZB",,
10051,ITB 207,ITB,LS,Osmanlı Tarihi,,Ulaş Duygu Aysal Cin,MED,Salı,14:30/17:29,B33,30,29,,"BIO, BLG, BST, CAB, CEB, CEV, CHZ, DEN, DUI, EHB, ELE, ELH, ELK, END, EUT, FIZ, GEM, GEO, GID, ICM, INS, ISL, JDF, JEF, JEO, KIM, KMM, KMP, KOM, MAD, MAK, MAT, MET, MIM, MTO, MTR, MUT, MUZ, MZT, PEM, PET, SBP, SES, TEB, TEK, TEL, THO, UCK, UZB",,
10054,ITB 207,ITB,LS,Osmanlı Tarihi,,Mustafa İnce,FEB,Salı,11:30/14:29,L400,30,24,,"BIO, BLG, BST, CAB, CEB, CEV, CHZ, DEN, DUI, EHB, ELE, ELH, ELK, END, EUT, FIZ, GEM, GEO, GID, ICM, INS, ISL, JDF, JEF, JEO, KIM, KMM, KMP, KOM, MAD, MAK, MAT, MET, MIM, MTO, MTR, MUT, MUZ, MZT, PEM, PET, SBP, SES, TEB, TEK, TEL, THO, UCK, UZB",,
10055,ITB 207,ITB,LS,Osmanlı Tarihi,,Saltuk Duran,FEB,Çarşamba,08:30/11:29,D306,30,27,,"BIO, BLG, BST, CAB, CEB, CEV, CHZ, DEN, DUI, EHB, ELE, ELH, ELK, END, EUT, FIZ, GEM, GEO, GID, ICM, INS, ISL, JDF, JEF, JEO, KIM, KMM, KMP, KOM, MAD, MAK, MAT, MET, MIM, MTO, MTR, MUT, MUZ, MZT, PEM, PET, SBP, SES, TEB, TEK, TEL, THO, UCK, UZB",,
10056,ITB 207E,ITB,LS,Ottoman History,,Ulaş Duygu Aysal Cin,FEB,Perşembe,08:30/11:29,D203,30,21,,"AIN, BIO, BIOE, BLG, BLGE, BST, CAB, CEB, CEV, CEVE, CHZ, CHZE, DEN, DENE, DUI, ECNE, EHB, EHBE, EHS, ELE, ELH, ELK, ELKE, END, ENDE, ENTE, EUT, EUTE, FIZ, FIZE, GEM, GEME, GEO, GEOE, GID, GIDE, ICM, IML, IMLE, INS, INSE, ISL, ISLE, JDF, JEF, JEFE, JEO, JEOE, KIM, KIME, KMM, KMME, KMP, KOM, KOME, MAD, MADE, MAK, MAKE, MAT, MATE, MET, METE, MIM, MIME, MSS, MTO, MTOE, MTR, MUT, MUZ, MUZE, MZT, PEM, PEME, PET, PETE, SBP, SBPE, SES, TEB, TEK, TEKE, TEL, THO, UCK, UCKE, UZB, UZBE, YZVE",,
10059,ITB 208E,ITB,LS,Formations of Modern Turkey,,Doğan Gürpınar,INB,Çarşamba,11:30/14:29,A101,30,26,,"AIN, BIO, BIOE, BLG, BLGE, BST, CAB, CEB, CEV, CEVE, CHZ, CHZE, DEN, DENE, DUI, ECNE, EHB, EHBE, EHS, ELE, ELH, ELK, ELKE, END, ENDE, ENTE, EUT, EUTE, FIZ, FIZE, GEM, GEME, GEO, GEOE, GID, GIDE, ICM, IML, IMLE, INS, INSE, ISL, ISLE, JDF, JEF, JEFE, JEO, JEOE, KIM, KIME, KMM, KMME, KMP, KOM, KOME, MAD, MADE, MAK, MAKE, MAT, MATE, MET, METE, MIM, MIME, MSS, MTO, MTOE, MTR, MUT, MUZ, MUZE, MZT, PEM, PEME, PET, PETE, SBP, SBPE, SES, TEB, TEK, TEKE, TEL, THO, UCK, UCKE, UZB, UZBE, YZVE",,
10060,ITB 209,ITB,LS,Türkiye ve Dünya,,Alper Yurttaş,FEB,Cuma,14:30/17:29,D304,40,37,,"BIO, BLG, BST, CAB, CEB, CEV, CHZ, DEN, DUI, EHB, ELE, ELH, ELK, END, EUT, FIZ, GEM, GEO, GID, ICM, INS, ISL, JDF, JEF, JEO, KIM, KMM, KMP, KOM, MAD, MAK, MAT, MET, MIM, MTO, MTR, MUT, MUZ, MZT, PEM, PET, SBP, SES, TEB, TEK, TEL, THO, UCK, UZB",,
10061,ITB 213,ITB,LS,Edebiyat ve Toplum,,Cüneyd Okay,MKB,Perşembe,08:30/11:29,D353,30,27,,"BIO, BLG, BST, CAB, CEB, CEV, CHZ, DEN, DUI, EHB, ELE, ELH, ELK, END, EUT, FIZ, GEM, GEO, GID, ICM, INS, ISL, JDF, JEF, JEO, KIM, KMM, KMP, KOM, MAD, MAK, MAT, MET, MIM, MTO, MTR, MUT, MUZ, MZT, PEM, PET, SBP, SES, TEB, TEK, TEL, THO, UCK, UZB",,
10062,ITB 213,ITB,LS,Edebiyat ve Toplum,,Cüneyd Okay,MKB,Perşembe,11:30/14:29,D353,30,17,,"BIO, BLG, BST, CAB, CEB, CEV, CHZ, DEN, DUI, EHB, ELE, ELH, ELK, END, EUT, FIZ, GEM, GEO, GID, ICM, INS, ISL, JDF, JEF, JEO, KIM, KMM, KMP, KOM, MAD, MAK, MAT, MET, MIM, MTO, MTR, MUT, MUZ, MZT, PEM, PET, SBP, SES, TEB, TEK, TEL, THO, UCK, UZB",,
10063,ITB 214E,ITB,LS,The Modern Middle East,,Umut Uzer,FEB,Cuma,14:30/17:29,D306,30,30,,"BIO, BIOE, BLG, BLGE, CAB, CEV, CEVE, CHZ, CHZE, DEN, DENE, ECNE, EHB, EHBE, EHS, ELE, ELH, ELK, ELKE, END, ENDE, ENTE, EUT, EUTE, FIZ, FIZE, GEM, GEME, GEO, GEOE, GID, GIDE, GMI, GMIE, ICM, IML, IMLE, INS, INSE, ISL, ISLE, JDF, JEF, JEFE, JEO, JEOE, KIM, KIME, KMM, KMME, KMP, KOM, KOME, MAD, MADE, MAK, MAKE, MAT, MATE, MET, METE, MIM, MIME, MSS, MTO, MTOE, MTR, MUT, MUZ, MUZE, PEM, PEME, PET, PETE, SBP, SBPE, SES, TEB, TEK, TEKE, TEL, THO, UCK, UCKE, UZB, UZBE",,
10064,ITB 218,ITB,LS,Bilim ve Teknoloji Tarihi,,Aytekin Çökelez,FEB,Salı,08:30/11:29,D205,30,30,,"BIO, BLG, BST, CAB, CEB, CEV, CHZ, DEN, DUI, EHB, ELE, ELH, ELK, END, EUT, FIZ, GEM, GEO, GID, GMI, ICM, INS, ISL, JDF, JEF, JEO, KIM, KMM, KMP, KOM, MAD, MAK, MAT, MET, MIM, MTO, MTR, MUT, MUZ, MZT, PEM, PET, SBP, SES, TEB, TEK, TEL, THO, UCK, UZB",,
10065,ITB 218,ITB,LS,Bilim ve Teknoloji Tarihi,,Aytekin Çökelez,MED,Salı,11:30/14:29,B31,30,30,,"BIO, BLG, BST, CAB, CEB, CEV, CHZ, DEN, DUI, EHB, ELE, ELH, ELK, END, EUT, FIZ, GEM, GEO, GID, GMI, ICM, INS, ISL, JDF, JEF, JEO, KIM, KMM, KMP, KOM, MAD, MAK, MAT, MET, MIM, MTO, MTR, MUT, MUZ, MZT, PEM, PET, SBP, SES, TEB, TEK, TEL, THO, UCK, UZB",,
10066,ITB 218,ITB,LS,Bilim ve Teknoloji Tarihi,,Aytekin Çökelez,FEB,Salı,14:30/17:29,D106,30,29,,"BIO, BLG, BST, CAB, CEB, CEV, CHZ, DEN, DUI, EHB, ELE, ELH, ELK, END, EUT, FIZ, GEM, GEO, GID, GMI, ICM, INS, ISL, JDF, JEF, JEO, KIM, KMM, KMP, KOM, MAD, MAK, MAT, MET, MIM, MTO, MTR, MUT, MUZ, MZT, PEM, PET, SBP, SES, TEB, TEK, TEL, THO, UCK, UZB",,
10067,ITB 218,ITB,LS,Bilim ve Teknoloji Tarihi,,Tuncay Zorlu,FEB,Pazartesi,08:30/11:29,D306,30,30,,"BIO, BLG, BST, CAB, CEB, CEV, CHZ, DEN, DUI, EHB, ELE, ELH, ELK, END, EUT, FIZ, GEM, GEO, GID, GMI, ICM, INS, ISL, JDF, JEF, JEO, KIM, KMM, KMP, KOM, MAD, MAK, MAT, MET, MIM, MTO, MTR, MUT, MUZ, MZT, PEM, PET, SBP, SES, TEB, TEK, TEL, THO, UCK, UZB",,
10068,ITB 218,ITB,LS,Bilim ve Teknoloji Tarihi,,Ulaş Duygu Aysal Cin,FEB,Perşembe,14:30/17:29,D306,30,25,,"BIO, BLG, BST, CAB, CEB, CEV, CHZ, DEN, DUI, EHB, ELE, ELH, ELK, END, EUT, FIZ, GEM, GEO, GID, GMI, ICM, INS, ISL, JDF, JEF, JEO, KIM, KMM, KMP, KOM, MAD, MAK, MAT, MET, MIM, MTO, MTR, MUT, MUZ, MZT, PEM, PET, SBP, SES, TEB, TEK, TEL, THO, UCK, UZB",,
10069,ITB 218,ITB,LS,Bilim ve Teknoloji Tarihi,,--,FEB,Pazartesi,11:30/14:29,---,0,0,,"BIO, BLG, BST, CAB, CEB, CEV, CHZ, DEN, DUI, EHB, ELE, ELH, ELK, END, EUT, FIZ, GEM, GEO, GID, GMI, ICM, INS, ISL, JDF, JEF, JEO, KIM, KMM, KMP, KOM, MAD, MAK, MAT, MET, MIM, MTO, MTR, MUT, MUZ, MZT, PEM, PET, SBP, SES, TEB, TEK, TEL, THO, UCK, UZB",,
10070,ITB 218,ITB,LS,Bilim ve Teknoloji Tarihi,,--,FEB,Pazartesi,14:30/17:29,---,0,0,,"BIO, BLG, BST, CAB, CEB, CEV, CHZ, DEN, DUI, EHB, ELE, ELH, ELK, END, EUT, FIZ, GEM, GEO, GID, GMI, ICM, INS, ISL, JDF, JEF, JEO, KIM, KMM, KMP, KOM, MAD, MAK, MAT, MET, MIM, MTO, MTR, MUT, MUZ, MZT, PEM, PET, SBP, SES, TEB, TEK, TEL, THO, UCK, UZB",,
10071,ITB 218,ITB,LS,Bilim ve Teknoloji Tarihi,,Saltuk Duran,MED,Perşembe,14:30/17:29,B32,30,30,,"BIO, BLG, BST, CAB, CEB, CEV, CHZ, DEN, DUI, EHB, ELE, ELH, ELK, END, EUT, FIZ, GEM, GEO, GID, GMI, ICM, INS, ISL, JDF, JEF, JEO, KIM, KMM, KMP, KOM, MAD, MAK, MAT, MET, MIM, MTO, MTR, MUT, MUZ, MZT, PEM, PET, SBP, SES, TEB, TEK, TEL, THO, UCK, UZB",,
10072,ITB 222,ITB,LS,Kent ve Toplum,,Ümran Kaya,MED,Salı,11:30/14:29,B32,30,27,,"BIO, BLG, BST, CAB, CEB, CEV, CHZ, DEN, EHB, ELE, ELH, ELK, END, EUT, FIZ, GEM, GEO, GID, ICM, INS, ISL, JDF, JEF, JEO, KIM, KMM, KMP, KOM, MAD, MAK, MAT, MET, MIM, MTO, MTR, MUT, MUZ, PEM, PET, SBP, SES, TEB, TEK, TEL, THO, UCK, UZB",,
10073,ITB 222,ITB,LS,Kent ve Toplum,,Ümran Kaya,MED,Salı,14:30/17:29,B32,30,25,,"BIO, BLG, BST, CAB, CEB, CEV, CHZ, DEN, EHB, ELE, ELH, ELK, END, EUT, FIZ, GEM, GEO, GID, ICM, INS, ISL, JDF, JEF, JEO, KIM, KMM, KMP, KOM, MAD, MAK, MAT, MET, MIM, MTO, MTR, MUT, MUZ, PEM, PET, SBP, SES, TEB, TEK, TEL, THO, UCK, UZB",,
10074,ITB 222,ITB,LS,Kent ve Toplum,,Ümran Kaya,INB,Çarşamba,11:30/14:29,A3,30,26,,"BIO, BLG, BST, CAB, CEB, CEV, CHZ, DEN, EHB, ELE, ELH, ELK, END, EUT, FIZ, GEM, GEO, GID, ICM, INS, ISL, JDF, JEF, JEO, KIM, KMM, KMP, KOM, MAD, MAK, MAT, MET, MIM, MTO, MTR, MUT, MUZ, PEM, PET, SBP, SES, TEB, TEK, TEL, THO, UCK, UZB",,
10075,ITB 222,ITB,LS,Kent ve Toplum,,Ümran Kaya,FEB,Perşembe,11:30/14:29,D102,30,28,,"BIO, BLG, BST, CAB, CEB, CEV, CHZ, DEN, EHB, ELE, ELH, ELK, END, EUT, FIZ, GEM, GEO, GID, ICM, INS, ISL, JDF, JEF, JEO, KIM, KMM, KMP, KOM, MAD, MAK, MAT, MET, MIM, MTO, MTR, MUT, MUZ, PEM, PET, SBP, SES, TEB, TEK, TEL, THO, UCK, UZB",,
10076,ITB 222E,ITB,LS,City and Society,,Elvan Gülöksüz,INB,Salı,14:30/17:29,A2,30,23,,"AIN, ARC, BIO, BIOE, BLG, BLGE, BST, CAB, CEB, CEN, CEV, CEVE, CHZ, CHZE, DEN, DENE, ECNE, EEE, EFN, EHB, EHBE, EHS, ELE, ELH, ELK, ELKE, END, ENDE, ENTE, EUT, EUTE, FIZ, FIZE, GEM, GEME, GEO, GEOE, GID, GIDE, GMI, GMIE, IAD, ICM, IML, IMLE, IND, INS, INSE, ISL, ISLE, JDF, JEF, JEFE, JEO, JEOE, KIM, KIME, KMM, KMME, KMP, KOM, KOME, MAD, MADE, MAK, MAKE, MAT, MATE, MEN, MET, METE, MIM, MIME, MMD, MSS, MTM, MTO, MTOE, MTR, MUT, MUZ, MUZE, NAE, PEM, PEME, PET, PETE, SBP, SBPE, SES, TEB, TEK, TEKE, TEL, THO, UCK, UCKE, UZB, UZBE, YZVE",,
10077,ITB 222E,ITB,LS,City and Society,,Elvan Gülöksüz,MMB,Perşembe,14:30/17:29,106,30,33,,"AIN, BIO, BIOE, BLG, BLGE, BST, CAB, CEB, CEV, CEVE, CHZ, CHZE, DEN, DENE, ECNE, EHB, EHBE, EHS, ELE, ELH, ELK, ELKE, END, ENDE, ENTE, EUT, EUTE, FIZ, FIZE, GEM, GEME, GEO, GEOE, GID, GIDE, ICM, IML, IMLE, INS, INSE, ISL, ISLE, JDF, JEF, JEFE, JEO, JEOE, KIM, KIME, KMM, KMME, KMP, KOM, KOME, MAD, MADE, MAK, MAKE, MAT, MATE, MET, METE, MIM, MIME, MSS, MTO, MTOE, MTR, MUT, MUZ, MUZE, PEM, PEME, PET, PETE, SBP, SBPE, SES, TEB, TEK, TEKE, TEL, THO, UCK, UCKE, UZB, UZBE, YZVE",,
10078,ITB 224E,ITB,LS,Environment and Society,,Aslı Erbil,FEB,Perşembe,11:30/14:29,D104,30,11,,"AIN, BIO, BIOE, BLG, BLGE, BST, CAB, CEB, CEV, CEVE, CHZ, CHZE, DEN, DENE, ECNE, EHB, EHBE, EHS, ELE, ELH, ELK, ELKE, END, ENDE, ENTE, EUT, EUTE, FIZ, FIZE, GEM, GEME, GEO, GEOE, GID, GIDE, GMI, GMIE, ICM, IML, IMLE, INS, INSE, ISL, ISLE, JDF, JEF, JEFE, JEO, JEOE, KIM, KIME, KMM, KMME, KMP, KOM, KOME, MAD, MADE, MAK, MAKE, MAT, MATE, MET, METE, MIM, MIME, MSS, MTO, MTOE, MTR, MUT, MUZ, MUZE, PEM, PEME, PET, PETE, SBP, SBPE, SES, TEB, TEK, TEKE, TEL, THO, UCK, UCKE, UZB, UZBE, YZVE",,
10079,ITB 228E,ITB,LS,Gender Studies,,Ayşe Zeynep Akalın,INB,Salı,11:30/14:29,B205,30,26,,"AIN, BIO, BIOE, BLG, BLGE, BST, CAB, CEB, CEV, CEVE, CHZ, CHZE, DEN, DENE, ECNE, EHB, EHBE, EHS, ELE, ELH, ELK, ELKE, END, ENDE, ENTE, EUT, EUTE, FIZ, FIZE, GEM, GEME, GEO, GEOE, GID, GIDE, ICM, IML, IMLE, INS, INSE, ISL, ISLE, JDF, JEF, JEFE, JEO, JEOE, KIM, KIME, KMM, KMME, KMP, KOM, KOME, MAD, MADE, MAK, MAKE, MAT, MATE, MET, METE, MIM, MIME, MSS, MTO, MTOE, MTR, MUT, MUZ, MUZE, PEM, PEME, PET, PETE, SBP, SBPE, SES, TEB, TEK, TEKE, TEL, THO, UCK, UCKE, UZB, UZBE, YZVE",,
10080,ITB 228E,ITB,LS,Gender Studies,,Ayşe Zeynep Akalın,INB,Çarşamba,11:30/14:29,B102,30,29,,"AIN, BIO, BIOE, BLG, BLGE, BST, CAB, CEB, CEV, CEVE, CHZ, CHZE, DEN, DENE, ECNE, EHB, EHBE, EHS, ELE, ELH, ELK, ELKE, END, ENDE, ENTE, EUT, EUTE, FIZ, FIZE, GEM, GEME, GEO, GEOE, GID, GIDE, ICM, IML, IMLE, INS, INSE, ISL, ISLE, JDF, JEF, JEFE, JEO, JEOE, KIM, KIME, KMM, KMME, KMP, KOM, KOME, MAD, MADE, MAK, MAKE, MAT, MATE, MET, METE, MIM, MIME, MSS, MTO, MTOE, MTR, MUT, MUZ, MUZE, PEM, PEME, PET, PETE, SBP, SBPE, SES, TEB, TEK, TEKE, TEL, THO, UCK, UCKE, UZB, UZBE, YZVE",,
10081,ITB 228E,ITB,LS,Gender Studies,,Ayşe Zeynep Akalın,FEB,Perşembe,11:30/14:29,D105,30,30,,"AIN, BIO, BIOE, BLG, BLGE, BST, CAB, CEB, CEV, CEVE, CHZ, CHZE, DEN, DENE, ECNE, EHB, EHBE, EHS, ELE, ELH, ELK, ELKE, END, ENDE, ENTE, EUT, EUTE, FIZ, FIZE, GEM, GEME, GEO, GEOE, GID, GIDE, ICM, IML, IMLE, INS, INSE, ISL, ISLE, JDF, JEF, JEFE, JEO, JEOE, KIM, KIME, KMM, KMME, KMP, KOM, KOME, MAD, MADE, MAK, MAKE, MAT, MATE, MET, METE, MIM, MIME, MSS, MTO, MTOE, MTR, MUT, MUZ, MUZE, PEM, PEME, PET, PETE, SBP, SBPE, SES, TEB, TEK, TEKE, TEL, THO, UCK, UCKE, UZB, UZBE, YZVE",,
10082,ITB 233E,ITB,LS,Anthropology,,Sevil Hatice Baltalı Tırpan,FEB,Perşembe,08:30/11:29,D306,30,26,,"AIN, BIO, BIOE, BLG, BLGE, CAB, CEV, CEVE, CHZ, CHZE, DEN, DENE, ECNE, EHB, EHBE, EHS, ELE, ELH, ELK, ELKE, END, ENDE, ENTE, EUT, EUTE, FIZ, FIZE, GEM, GEME, GEO, GEOE, GID, GIDE, ICM, IML, IMLE, INS, INSE, ISL, ISLE, JDF, JEF, JEFE, JEO, JEOE, KIM, KIME, KMM, KMME, KMP, KOM, KOME, MAD, MADE, MAK, MAKE, MAT, MATE, MET, METE, MIM, MIME, MTO, MTOE, MTR, MUT, MUZ, MUZE, PEM, PEME, PET, PETE, SBP, SBPE, SES, TEB, TEK, TEKE, TEL, THO, UCK, UCKE, UZB, UZBE, YZVE",,
10083,EEF 110E,EEF,LS,Intr. to Prog. Language (C),,--,,Pazartesi | Pazartesi,12:30/13:29 | 13:30/15:29,,0,0,,"EEE, EHB, EHBE, ELK, ELKE, KOM, KOME",,
10084,ITB 233E,ITB,LS,Anthropology,,Sevil Hatice Baltalı Tırpan,FEB,Perşembe,14:30/17:29,L400,30,28,,"AIN, BIO, BIOE, BLG, BLGE, CAB, CEV, CEVE, CHZ, CHZE, DEN, DENE, ECNE, EHB, EHBE, EHS, ELE, ELH, ELK, ELKE, END, ENDE, ENTE, EUT, EUTE, FIZ, FIZE, GEM, GEME, GEO, GEOE, GID, GIDE, ICM, IML, IMLE, INS, INSE, ISL, ISLE, JDF, JEF, JEFE, JEO, JEOE, KIM, KIME, KMM, KMME, KMP, KOM, KOME, MAD, MADE, MAK, MAKE, MAT, MATE, MET, METE, MIM, MIME, MTO, MTOE, MTR, MUT, MUZ, MUZE, PEM, PEME, PET, PETE, SBP, SBPE, SES, TEB, TEK, TEKE, TEL, THO, UCK, UCKE, UZB, UZBE, YZVE",,
10085,EEF 110E,EEF,LS,Intr. to Prog. Language (C),,Emre Dincel,,Pazartesi | Pazartesi,12:30/13:29 | 13:30/15:29,,80,59,,"EEE, EHB, EHBE, ELK, ELKE, KOM, KOME",,
10086,EEF 110E,EEF,LS,Intr. to Prog. Language (C),,Deniz Türkpençe,,Pazartesi | Pazartesi,12:30/13:29 | 13:30/15:29,,80,77,,"EEE, EHB, EHBE, ELK, ELKE, KOM, KOME",,
10087,EEF 205,EEF,LS,Lojik Tasarıma Giriş,,--,EEB,Cuma,08:30/11:29,---,0,0,,"EHB, ELK, KOM",,
10088,EEF 205,EEF,LS,Lojik Tasarıma Giriş,,Ali Sinan Çabuk,EEB,Cuma,08:30/11:29,5102,65,66,,"EHB, ELK, KOM",,
10089,EEF 205,EEF,LS,Lojik Tasarıma Giriş,,Yüksel Çakır,EEB,Cuma,08:30/11:29,5104,65,65,,"EHB, ELK, KOM",,
10090,EEF 205,EEF,LS,Lojik Tasarıma Giriş,,Osman Kaan Erol,EEB,Cuma,08:30/11:29,5202,65,42,,"EHB, ELK, KOM",,
10091,EEF 205,EEF,LS,Lojik Tasarıma Giriş,,Yusuf Yaşa,EEB,Cuma,08:30/11:29,5107,65,65,,"EHB, ELK, KOM",,
10092,EEF 205E,EEF,LS,Introduction to Logic Design,,--,EEB,Cuma,08:30/11:29,---,0,0,,"EEE, EHB, EHBE, ELK, ELKE, KOM, KOME",,
10093,EEF 205E,EEF,LS,Introduction to Logic Design,,Sıddıka Berna Örs Yalçın,EEB,Cuma,08:30/11:29,5302,95,95,,"EEE, EHB, EHBE, ELK, ELKE, KOM, KOME",,
10094,EEF 205E,EEF,LS,Introduction to Logic Design,,--,EEB,Cuma,08:30/11:29,---,0,0,,"EEE, EHB, EHBE, ELK, ELKE, KOM, KOME",,
10095,EEF 205E,EEF,LS,Introduction to Logic Design,,Ahmet Can Erten,EEB,Cuma,08:30/11:29,4102,96,96,,"EEE, EHB, EHBE, ELK, ELKE, KOM, KOME",,
10099,EEF 205E,EEF,LS,Introduction to Logic Design,,Aydın Tarık Zengin,EEB,Cuma,08:30/11:29,4104,96,96,,"EEE, EHB, EHBE, ELK, ELKE, KOM, KOME",,
10102,EEF 210,EEF,LS,Diferansiyel Denklemler,,--,EEB,Perşembe,12:30/15:29,---,0,0,,"EHB, ELK, KOM",,
10105,EEF 210,EEF,LS,Diferansiyel Denklemler,,Aydın Tarık Zengin,EEB,Perşembe,12:30/15:29,5102,70,45,,"EHB, ELK, KOM",,
10108,EEF 210,EEF,LS,Diferansiyel Denklemler,,Cemanur Aydınalp,EEB,Perşembe,12:30/15:29,5302,70,71,,"EHB, ELK, KOM",,
10112,EEF 210E,EEF,LS,Differential Equations,,--,EEB,Perşembe,12:30/15:29,---,0,0,,"EEE, EHB, EHBE, ELK, ELKE, KOM, KOME",,
10114,EEF 210E,EEF,LS,Differential Equations,,Gülay Öke Günel,EEB,Perşembe,12:30/15:29,5202,70,69,,"EEE, EHB, EHBE, ELK, ELKE, KOM, KOME",,
10116,EEF 210E,EEF,LS,Differential Equations,,Erhan Yumuk,EEB,Perşembe,12:30/15:29,5204,70,72,,"EEE, EHB, EHBE, ELK, ELKE, KOM, KOME",,
10119,EEF 210E,EEF,LS,Differential Equations,,Mehmet Nuri Akıncı,EEB,Perşembe,12:30/15:29,5304,70,69,,"EEE, EHB, EHBE, ELK, ELKE, KOM, KOME",,
10120,EEF 210E,EEF,LS,Differential Equations,,Kamil Karaçuha,EEB,Perşembe,12:30/15:29,6309,70,74,,"EEE, EHB, EHBE, ELK, ELKE, KOM, KOME",,
10121,EEF 211,EEF,LS,Elektrik Devre Temelleri,,--,EEB,Pazartesi,08:30/11:29,---,0,0,,"EHB, ELK, KOM",,
10122,EEF 211,EEF,LS,Elektrik Devre Temelleri,,Mürvet Kırcı,EEB,Pazartesi,08:30/11:29,4102,90,87,,"EHB, ELK, KOM",,
10123,EEF 211,EEF,LS,Elektrik Devre Temelleri,,Neslihan Serap Şengör,EEB,Pazartesi,08:30/11:29,5102,90,91,,"EHB, ELK, KOM",,
10124,EEF 211E,EEF,LS,Basics of Electrical Circuits,,--,EEB,Pazartesi,08:30/11:29,---,0,0,,"CEN, EEE, EHB, EHBE, ELK, ELKE, KOM, KOME",,
10125,EEF 211E,EEF,LS,Basics of Electrical Circuits,,Yüksel Çakır,EEB,Pazartesi,08:30/11:29,4104,65,65,,"CEN, EEE, EHB, EHBE, ELK, ELKE, KOM, KOME",,
10128,EEF 211E,EEF,LS,Basics of Electrical Circuits,,Müştak Erhan Yalçın,EEB,Pazartesi,08:30/11:29,5202,65,67,,"CEN, EEE, EHB, EHBE, ELK, ELKE, KOM, KOME",,
10131,EEF 211E,EEF,LS,Basics of Electrical Circuits,,Onur Ferhanoğlu,EEB,Pazartesi,08:30/11:29,5204,65,67,,"CEN, EEE, EHB, EHBE, ELK, ELKE, KOM, KOME",,
10133,EEF 211E,EEF,LS,Basics of Electrical Circuits,,Onur Kurt,EEB,Pazartesi,08:30/11:29,5302,65,65,,"CEN, EEE, EHB, EHBE, ELK, ELKE, KOM, KOME",,
10136,EEF 211E,EEF,LS,Basics of Electrical Circuits,,Metin Hüner,EEB,Pazartesi,08:30/11:29,5304,65,56,,"CEN, EEE, EHB, EHBE, ELK, ELKE, KOM, KOME",,
10139,EEF 271,EEF,LS,Olasılık ve İstatistik,,Murat Tayfun Günel,EEB,Salı,08:30/11:29,5102,90,84,,"EHB, ELK, KOM",,
10142,EEF 271E,EEF,LS,Probability and Statistics,,--,EEB,Salı,08:30/11:29,---,0,0,,"EEE, EHB, EHBE, ELK, ELKE, KOM, KOME",,
10145,EEF 271E,EEF,LS,Probability and Statistics,,Tuba Yılmaz Abdolsaheb,EEB,Salı,08:30/11:29,5104,80,80,,"EEE, EHB, EHBE, ELK, ELKE, KOM, KOME",,
10148,EEF 271E,EEF,LS,Probability and Statistics,,Erhan Yumuk,EEB,Salı,08:30/11:29,5202,80,81,,"EEE, EHB, EHBE, ELK, ELKE, KOM, KOME",,
10158,EEF 271E,EEF,LS,Probability and Statistics,,Mustafa Doğan,EEB,Salı,08:30/11:29,5204,80,81,,"EEE, EHB, EHBE, ELK, ELKE, KOM, KOME",,
10161,EEF 271E,EEF,LS,Probability and Statistics,,Ramazan Çağlar,EEB,Salı,08:30/11:29,5302,80,79,,"EEE, EHB, EHBE, ELK, ELKE, KOM, KOME",,
10166,EEF 281,EEF,LS,Lineer Cebir ve Uygulamaları,,Fikret Çalışkan,EEB,Perşembe,13:30/16:29,4102,70,57,,"EHB, ELK, KOM",,
10169,EEF 281E,EEF,LS,Linear Algebra & Applications,,Zehra Elif Batman,EEB,Perşembe,13:30/16:29,4104,70,71,,"EEE, EHB, EHBE, ELK, ELKE, KOM, KOME",,
10171,EEF 311E,EEF,LS,Numerical Analysis with Python,,--,EEB,Cuma,14:00/16:59,---,0,0,,"EEE, EHB, EHBE, ELK, ELKE, KOM, KOME",,
10173,EEF 311E,EEF,LS,Numerical Analysis with Python,,Bora Döken,EEB,Cuma,14:00/16:59,5202,104,104,,"EEE, EHB, EHBE, ELK, ELKE, KOM, KOME",,
10176,EEF 311E,EEF,LS,Numerical Analysis with Python,,Ali Bahadır,EEB,Cuma,14:00/16:59,5204,103,104,,"EEE, EHB, EHBE, ELK, ELKE, KOM, KOME",,
10220,EHB 101E,EHB,LS,Int.toElctr.&Comm.Eng.&Eng.Eth,,Tayfun Akgül,EEB,Çarşamba,13:30/15:29,5104,150,111,,"EHB, EHBE",,
10224,EHB 208E,EHB,LS,Data Structures & Programming,,İbrahim Çatalkaya,EEB,Perşembe,08:30/11:29,5102,130,116,,"EEE, EHB, EHBE, ELK, ELKE, KOM, KOME, TEL",,
10231,EHB 208E,EHB,LS,Data Structures & Programming,,Bora Döken,EEB,Perşembe,08:30/11:29,5104,130,130,,"EEE, EHB, EHBE, ELK, ELKE, KOM, KOME, TEL",,
10233,EHB 222E,EHB,LS,Introduction to Electronics,,--,EEB,Salı,12:30/15:29,---,0,0,,"BLG, BLGE, CEN, EEE, EHB, EHBE, ELE, ELH, ELK, ELKE, KOM, KOME, KON, KONE, MKN, TEL",,
10237,EHB 222E,EHB,LS,Introduction to Electronics,,Hasan Bülent Yağcı,EEB,Salı,12:30/15:29,2104,100,103,,"BLG, BLGE, CEN, EEE, EHB, EHBE, ELE, ELH, ELK, ELKE, KOM, KOME, KON, KONE, MKN, TEL",,
10239,EHB 222E,EHB,LS,Introduction to Electronics,,Bora Döken,EEB,Salı,12:30/15:29,5304,95,121,,"BLG, BLGE, CEN, EEE, EHB, EHBE, ELE, ELH, ELK, ELKE, KOM, KOME, KON, KONE, MKN, TEL",,
10240,EHB 222E,EHB,LS,Introduction to Electronics,,İbrahim Çatalkaya,EEB,Salı,12:30/15:29,2106,100,101,,"BLG, BLGE, CEN, EEE, EHB, EHBE, ELE, ELH, ELK, ELKE, KOM, KOME, KON, KONE, MKN, TEL",,
10241,EHB 227E,EHB,LS,Introduction to Optics,,Fatma İnci Çilesiz,EEB,Çarşamba,12:30/15:29,2102,50,36,,"EEE, EHB, EHBE, EHS, ELK, ELKE, KOM, KOME",,
10243,EHB 235,EHB,LS,Kompleks Fonk Teorisi,,Ali Yapar,EEB,Çarşamba,12:30/15:29,5202,85,83,,"EHB, ELK",,
10246,EHB 235E,EHB,LS,Theory of Complex Functions,,Gülşah Yıldız Altıntaş,EEB,Çarşamba,12:30/15:29,5304,85,82,,"EEE, EHB, EHBE, EHS, ELK, ELKE, KOM, KOME",,
10263,EHB 307,EHB,LS,Haberleşme I,,--,EEB,Perşembe,08:30/11:29,---,0,0,,EHB,,
10265,EHB 307,EHB,LS,Haberleşme I,,"Hakan Ali Çırpan, Ertuğrul Güvenkaya",EEB,Perşembe,08:30/11:29,5302,70,62,,EHB,,
10269,EHB 307,EHB,LS,Haberleşme I,,İbrahim Altunbaş,EEB,Perşembe,08:30/11:29,5304,70,70,,EHB,,
10273,EHB 307E,EHB,LS,Communication I,,--,EEB,Perşembe,08:30/11:29,---,0,0,,"EEE, EHB, EHBE",,
10275,EHB 307E,EHB,LS,Communication I,,Ferkan Yılmaz,EEB,Perşembe,08:30/11:29,5202,70,70,,"EEE, EHB, EHBE",,
10279,EHB 307E,EHB,LS,Communication I,,Semiha Tedik Başaran,EEB,Perşembe,08:30/11:29,5204,70,70,,"EEE, EHB, EHBE",,
10284,EHB 311E,EHB,LS,Intr.to Electronics Laboratory,,Ali Bahadır,EEB,Cuma,08:30/10:29,---,45,32,,"BLG, BLGE, CEN, EEE, KOM, KOME, KON, KONE",,
10287,EHB 311E,EHB,LS,Intr.to Electronics Laboratory,,Bora Döken,EEB,Çarşamba,12:30/14:29,---,45,46,,"BLG, BLGE, CEN, EEE, KOM, KOME, KON, KONE",,
10288,EHB 315,EHB,LS,Sayısal İşaret İşleme,,Işın Erer,EEB,Cuma,08:30/11:29,2106,85,88,,"EHB, ELK, TEL",,
10290,EHB 315E,EHB,LS,Digital Signal Processing,,Tayfun Akgül,EEB,Cuma,08:30/11:29,5301,85,71,,"EEE, EHB, EHBE, EHS, ELK, ELKE, TEL",,
10291,EHB 315E,EHB,LS,Digital Signal Processing,,Ender Mete Ekşioğlu,EEB,Cuma,08:30/11:29,5305,85,84,,"EEE, EHB, EHBE, EHS, ELK, ELKE, TEL",,
10292,EHB 324,EHB,LS,Lojik Tasarım Lab.,,Ali Bahadır,EEB,Perşembe,08:30/10:29,---,30,10,,"EHB, TEL",,
10293,EHB 324,EHB,LS,Lojik Tasarım Lab.,,Ali Bahadır,EEB,Perşembe,12:30/14:29,---,30,30,,"EHB, TEL",,
10294,EHB 324,EHB,LS,Lojik Tasarım Lab.,,Ali Bahadır,EEB,Salı,08:30/10:29,---,30,11,,"EHB, TEL",,
10295,EHB 324E,EHB,LS,Logic Design Lab.,,Ali Bahadır,EEB,Salı,10:30/12:29,---,30,31,,"EEE, EHB, EHBE, EHS, TEL",,
10296,EHB 324E,EHB,LS,Logic Design Lab.,,Hasan Bülent Yağcı,EEB,Cuma,10:30/12:29,---,30,20,,"EEE, EHB, EHBE, EHS, TEL",,
10297,EHB 324E,EHB,LS,Logic Design Lab.,,Sıddıka Berna Örs Yalçın,EEB,Çarşamba,10:30/12:29,---,30,30,,"EEE, EHB, EHBE, EHS, TEL",,
10298,EHB 324E,EHB,LS,Logic Design Lab.,,Hasan Bülent Yağcı,EEB,Perşembe,10:30/12:29,---,30,10,,"EEE, EHB, EHBE, EHS, TEL",,
10299,EHB 324E,EHB,LS,Logic Design Lab.,,--,EEB,Cuma,08:30/10:29,---,0,0,,"EEE, EHB, EHBE, EHS, TEL",,
10300,EHB 326E,EHB,LS,Intr.to Embedded Systems,,Müştak Erhan Yalçın,EEB,Perşembe,12:30/15:29,2102,70,70,,"EHB, EHBE, EHS, KOM, KOME",,
10301,EHB 328,EHB,LS,İşaret İşleme için Makine Öğr.,,Bilge Günsel,EEB,Cuma,14:00/16:59,2102,60,37,,EHB,,
10302,EHB 328E,EHB,LS,Machine Learning for Sig.Proc.,,İbraheem Shayea,EEB,Cuma,08:30/11:29,2102,60,59,,"EHB, EHBE, EHS",,
10303,EHB 335E,EHB,LS,Analog Electronic Circuits,,Mustafa Berke Yelten,EEB,Çarşamba,08:30/11:29,5102,85,85,,"EEE, EHB, EHBE, ELE, ELH, TEL",,
10304,EHB 335E,EHB,LS,Analog Electronic Circuits,,Nil Banu Tarım,EEB,Çarşamba,08:30/11:29,5104,100,91,,"EEE, EHB, EHBE, ELE, ELH, TEL",,
10305,EHB 337,EHB,LS,Elektromanyetik Teori-II,,--,EEB,Salı,08:30/11:29,---,0,0,,EHB,,
10306,EHB 337,EHB,LS,Elektromanyetik Teori-II,,Funda Akleman Yapar,EEB,Salı,08:30/11:29,2102,60,60,,EHB,,
10307,EHB 337,EHB,LS,Elektromanyetik Teori-II,,Özgür Özdemir,EEB,Salı,08:30/11:29,2104,60,60,,EHB,,
10308,EHB 337E,EHB,LS,Theory of Electromagnetics II,,--,EEB,Salı,08:30/11:29,---,0,0,,"EEE, EHB, EHBE",,
10309,EHB 337E,EHB,LS,Theory of Electromagnetics II,,Mehmet Çayören,EEB,Salı,08:30/11:29,2106,60,60,,"EEE, EHB, EHBE",,
10310,EHB 337E,EHB,LS,Theory of Electromagnetics II,,İbrahim Akduman,EEB,Salı,08:30/11:29,4102,60,47,,"EEE, EHB, EHBE",,
10311,EHB 413E,EHB,LS,VLSI Circuit Design I,,Tufan Coşkun Karalar,EEB,Cuma,08:30/11:29,5101,30,26,,"EHB, EHBE, EHS",,
10312,BIO 103E,BIO,LS,Int.to Mol.Biol.&Genet.&Ethics,,Ceren Çıracı,FEB,Çarşamba,13:30/15:29,D204,100,81,,"BIO, BIOE",,
10313,BIO 105E,BIO,LS,General Biology I,,Pelin Dilsiz Erim,GDB,Salı,14:30/17:29,D311,112,109,,"BIO, BIOE, BIOM",,
10314,BIO 207E,BIO,LS,Cell Biology,,Aslı Kumbasar,"FEB
FEB | D104
D304",Salı | Perşembe,13:30/14:29 | 12:30/14:29,,80,65,,"BIO, BIOE, BIOM",,
10315,BIO 207EL,BIO,LS,Cell Biology Lab.,,Aslı Kumbasar,FEB,Salı,09:30/12:29,---,80,52,,"BIO, BIOE, BIOM",,
10316,BIO 210E,BIO,LS,Mathematics for Biologists,,Ayşegül Tepe,FEB,Çarşamba,12:30/15:29,D304,85,58,,BIOE,,
10317,BIO 315E,BIO,LS,Biochemistry I,,Nevin Gül Karagüler,FEB,Salı,14:30/17:29,D304,80,62,,"BIO, BIOE, BIOM",,
10318,BIO 315EL,BIO,LS,Biochemistry I Lab.,,Nevin Gül Karagüler,FEB,Cuma,14:30/17:29,---,80,70,,"BIO, BIOE",,
10319,BIO 317E,BIO,LS,Molecular Genetics,,"Arzu Karabay Korkmaz, Pelin Dilsiz Erim",FEB,Pazartesi,11:30/14:29,D304,91,93,,"BIO, BIOE, BIOM",,
10320,BIO 317EL,BIO,LS,Molecular Genetics Lab.,,Arzu Karabay Korkmaz,FEB,Çarşamba,09:30/12:29,---,80,70,,"BIO, BIOE",,
10321,BIO 322E,BIO,LS,Physiology,,Ayça Sayı Yazgan,FEB,Perşembe,14:30/17:29,D304,80,50,,"BIO, BIOE",,
10322,BIO 325E,BIO,LS,Ecology,,Deniz Şahin,FEB,Perşembe,08:30/10:29,D304,80,70,,"BIO, BIOE",,
10323,BIO 341E,BIO,LS,General Biotechnology,,Abdulhalim Kılıç,FEB,Pazartesi,08:30/11:29,D304,85,86,,"BIO, BIOE",,
10324,BIO 351E,BIO,LS,Biophysics,,Gizem Dinler Doğanay,FEB,Pazartesi,14:30/17:29,D304,80,77,,"BIO, BIOE, FIZ, FIZE",,
10325,BIO 412E,BIO,LS,Recombinant DNA Technology,,Ayten Karataş,FEB,Perşembe,14:30/17:29,D206,40,22,,"BIO, BIOE, BIOM",,
10326,BIO 432E,BIO,LS,Microbial Physiology,,Zeynep Petek Çakar,FEB,Salı,08:30/11:29,D206,40,23,,"BIO, BIOE, BIOM",,
10327,EHB 415E,EHB,LS,Data Communications,,Selçuk Paker,EEB,Pazartesi,08:30/11:29,6309,70,26,,"EHB, EHBE, EHS, TEL",,
10328,BIO 441E,BIO,LS,Modelling in Biological System,,Bülent Balta,FEB,Perşembe,11:30/14:29,D106,40,8,,"BIO, BIOE",,
10329,BIO 452E,BIO,LS,Virology,,Ceren Çıracı,FEB,Salı,11:30/14:29,D106,45,47,,"BIO, BIOE, BIOM",,
10330,EHB 417E,EHB,LS,RF Microelectronics,,Tufan Coşkun Karalar,EEB,Pazartesi,08:30/11:29,5201,50,34,,"EHB, EHBE, EHS, ELE",,
10331,BIO 468E,BIO,LS,Current Topics in Ecology,,Emrah Çoraman,FEB,Perşembe,11:30/14:29,D206,30,38,,"BIO, BIOE, BIOM",,
10332,BIO 491E,BIO,LS,Molecular Biotechnology,,Abdulhalim Kılıç,FEB,Cuma,08:30/11:29,D304,75,73,,"BIO, BIOE",,
10333,BIO 492E,BIO,LS,Graduation Project,,Bülent Balta,FEB | ---,,/,,100,2,,"BIO, BIOE",,
10334,EHB 418E,EHB,LS,RF Electronics Applications,,Hasan Bülent Yağcı,EEB,Çarşamba,08:30/12:29,5201,20,6,,"EHB, EHBE, EHS, ELE",,
10335,BIO 4901E,BIO,LS,Mol Bio & Genetics Design I,,Bülent Balta,FEB | ---,,/,,100,53,,"BIO, BIOE",,
10336,EHB 419,EHB,LS,Sayısal Sistem Tasarımı,,Ece Olcay Güneş,EEB,Çarşamba,08:30/11:29,5203,50,38,,"EHB, ELE, ELH",,
10337,BIO 4902E,BIO,LS,Mol Bio & Genetics Design II,,Bülent Balta,FEB | ---,,/,,100,14,,"BIO, BIOE",,
10338,BIL 100E,BIL,LS,Intr.to Prog.Language(PYTHON),,Halil Bayraktar,,Cuma,09:30/12:29,,35,34,,"BIO, BIOE",,
10339,EHB 420E,EHB,LS,Artificial Neural Networks,,İsa Yıldırım,EEB,Cuma,14:00/16:59,5102,55,55,,"EHB, EHBE, EHS, ELE, ELH, TEL",,
10340,BIL 100E,BIL,LS,Intr.to Prog.Language(PYTHON),,Halil Bayraktar,,Çarşamba,12:30/15:29,,35,21,,"BIO, BIOE",,
10341,BIO 301E,BIO,LS,Fundamentals of Biology,,Deniz Şahin,EEB,Çarşamba,08:30/11:29,5105,55,55,,"BIOM, CEV, CEVE, CHZ, CHZE, DEN, EEE, EHB, EHBE, EHS, ELE, ELH, ELK, ELKE, FIZ, FIZE, GEM, GID, GIDE, INS, INSE, ISL, ISLE, JEO, JEOE, KIM, KIME, KMM, KMME, KOM, KOME, MAD, MADE, MET, METE, PET, PETE, TEL",,
10342,EHB 420E,EHB,LS,Artificial Neural Networks,,Onur Ergen,EEB,Cuma,14:00/16:59,5104,55,54,,"EHB, EHBE, EHS, ELE, ELH, TEL",,
10343,EHB 421,EHB,LS,Tıp Elektroniğine Giriş,,Zümray Ölmez,EEB,Salı,12:30/15:29,5201,50,34,,"EHB, ELE, ELH",,
10344,EHB 422,EHB,LS,Biyolojik İşar.Ol.&Alg.Yöntem.,,"Zümray Ölmez, Tamer Ölmez",EEB,Çarşamba,12:30/15:29,5201,50,44,,"EHB, ELE, ELH",,
10345,EHB 436E,EHB,LS,Digital System Design Applic.,,Ece Olcay Güneş,EEB,Perşembe,08:30/12:29,5303,20,18,,"EHB, EHBE, EHS, ELE",,
10346,BIO 301E,BIO,LS,Fundamentals of Biology,,Deniz Şahin,FEB,Çarşamba,12:30/15:29,L400,55,56,,"BIOM, CEV, CEVE, CHZ, CHZE, DEN, EEE, EHB, EHBE, EHS, ELE, ELH, ELK, ELKE, FIZ, FIZE, GEM, GID, GIDE, INS, INSE, ISL, ISLE, JEO, JEOE, KIM, KIME, KMM, KMME, KOM, KOME, MAD, MADE, MET, METE, PET, PETE, TEL",,
10347,EHB 436E,EHB,LS,Digital System Design Applic.,,Sıddıka Berna Örs Yalçın,EEB,Salı,12:30/16:29,5205,20,20,,"EHB, EHBE, EHS, ELE",,
10348,EHB 442E,EHB,LS,Semiconductor Devices,,Mustafa Berke Yelten,EEB,Perşembe,08:30/11:29,5201,50,28,,"EHB, EHBE, EHS, ELE",,
10349,EHB 451E,EHB,LS,Active Microwave Circuits,,Mesut Kartal,EEB,Pazartesi,12:30/15:29,2102,65,57,,"EHB, EHBE, EHS, TEL",,
10350,EHB 453E,EHB,LS,Intr.to Mobile Communications,,İbraheem Shayea,EEB,Çarşamba,08:30/11:29,2102,50,46,,"EHB, EHBE, EHS, ELH, TEL",,
10351,EHB 456E,EHB,LS,Antennas,,Selçuk Paker,EEB,Cuma,14:00/16:59,5302,50,26,,"EHB, EHBE, EHS, TEL",,
10352,EHB 458,EHB,LS,Mikrodalga Ölçme Yöntem ve Uyg,,Serkan Şimşek,EEB,Salı,12:30/16:29,1303,20,11,,"EHB, TEL",,
10353,EHB 465E,EHB,LS,Fiberoptic Com. Systems,,Onur Kurt,EEB,Perşembe,08:30/11:29,2102,50,32,,"EHB, EHBE, EHS, ELH, TEL",,
10354,EHB 473,EHB,LS,Mikrodalga&RF Haberleşmesi,,Mesut Kartal,EEB,Cuma,08:30/11:29,2104,50,44,,"EHB, ELH, TEL",,
10355,EHB 477E,EHB,LS,Fundm.of Electrmgn.Compt.,,--,EEB,Perşembe,08:30/11:29,---,0,0,,"EHB, EHBE, EHS, TEL",,
10356,EHB 481,EHB,LS,Temel Hab.Sis. Tas&Uy,,İbrahim Altunbaş,"EEB
EEB | 1303
1303",Pazartesi | Pazartesi,12:30/14:29 | 14:30/16:29,,20,9,,"EHB, TEL",,
10357,EHB 481E,EHB,LS,Des.&Applic.of Basic Comm.Sys.,,Ferkan Yılmaz,"EEB
EEB | 1303
1303",Perşembe | Perşembe,13:30/15:29 | 15:30/17:29,,20,7,,"EHB, EHBE, EHS, TEL",,
10358,EHB 481E,EHB,LS,Des.&Applic.of Basic Comm.Sys.,,Semiha Tedik Başaran,"EEB
EEB | 1301
1301",Salı | Salı,13:30/15:29 | 15:30/17:29,,20,9,,"EHB, EHBE, EHS, TEL",,
10359,EHB 4901,EHB,LS,Elektronik & Hab. Müh. Tas .I,,İsmail Serdar Özoğuz,EEB | ---,,/,,500,47,,EHB,,
10360,EHB 4901E,EHB,LS,Elect.&Comm. Eng. Design I,,İsmail Serdar Özoğuz,EEB | ---,,/,,500,137,,"EHB, EHBE, EHS",,
10361,EHB 4902,EHB,LS,Elektronik & Hab. Müh. Tas .II,,İsmail Serdar Özoğuz,EEB | ---,,/,,500,18,,EHB,,
10362,EHB 4902E,EHB,LS,Elect.&Comm. Eng. Design II,,İsmail Serdar Özoğuz,EEB | ---,,/,,500,26,,"EHB, EHBE, EHS",,
10363,EHB 492,EHB,LS,Bitirme Projesi,,İsmail Serdar Özoğuz,EEB | ---,,/,,500,7,,EHB,,
10364,EHB 492E,EHB,LS,Graduation Project,,İsmail Serdar Özoğuz,EEB | ---,,/,,500,0,,"EHB, EHBE",,
10365,EEF 210E,EEF,LS,Differential Equations,,Gülşah Yıldız Altıntaş,EEB,Perşembe,12:30/15:29,5104,70,71,,"EEE, EHB, EHBE, ELK, ELKE, KOM, KOME",,
10366,EHB 101,EHB,LS,EHM Giriş ve Müh. Etiği,,Hakan Ali Çırpan,EEB,Çarşamba,13:30/15:29,5102,150,115,,EHB,,
10367,ELK 101,ELK,LS,Elk. Müh. Giriş ve Müh. Etiği,,Fatma Gül Bağrıyanık,EEB,Çarşamba,13:30/15:29,6309,130,103,,ELK,,
10368,ELK 101E,ELK,LS,Intr.to Electr. Eng.&Eng.Eth.,,Lale Erdem Atılgan,EEB,Çarşamba,13:30/15:29,4104,80,80,,"ELK, ELKE",,
10369,ELK 107E,ELK,LS,Int to Sci.&Eng.Comp. (Python),,Ali Sinan Çabuk,"EEB
EEB | 6307
6307",Çarşamba | Çarşamba,08:30/10:29 | 10:30/12:29,,55,58,,"ELK, ELKE",,
10370,ELK 214E,ELK,LS,Fund.of Electr. Energy Conver.,,Duygu Bayram Kara,EEB,Perşembe,13:30/16:29,2104,60,60,,"EHB, EHBE, EHS, KOM, KOME, MKN",,
10371,ELK 221,ELK,LS,Elektrik Mühen. Temelleri,,Fatma Gül Bağrıyanık,EEB,Pazartesi,12:30/15:29,1305,40,33,,"CHZ, GID, IML, ISL, KMM, MAK, MET, TEK, UCK, UCKM, UZB",,
10372,ELK 221,ELK,LS,Elektrik Mühen. Temelleri,,Ali Saffet Altay,EEB,Salı,08:30/11:29,5205,40,19,,"CHZ, GID, IML, ISL, KMM, MAK, MET, TEK, UCK, UCKM, UZB",,
10373,ELK 221,ELK,LS,Elektrik Mühen. Temelleri,,Murat İmeryüz,EEB,Pazartesi,08:30/11:29,2106,60,53,,"CHZ, GID, IML, ISL, KMM, MAK, MET, TEK, UCK, UCKM, UZB",,
10385,ELK 221E,ELK,LS,Fundamentals of Electric. Eng.,,Zehra Elif Batman,EEB,Pazartesi,12:30/15:29,1301,50,32,,"CHZE, GIDE, IMLE, ISLE, KMME, MAKE, METE, PETE, TEKE, UCK, UCKE, UCKM, UZB, UZBE",,
10388,ELK 221E,ELK,LS,Fundamentals of Electric. Eng.,,Yusuf Yaşa,EEB,Çarşamba,12:30/15:29,5307,60,49,,"CHZE, GIDE, IMLE, ISLE, KMME, MAKE, METE, PETE, TEKE, UCK, UCKE, UCKM, UZB, UZBE",,
10390,ELK 221E,ELK,LS,Fundamentals of Electric. Eng.,,Ahmet Cansız,EEB,Salı,12:30/15:29,5203,50,50,,"CHZE, GIDE, IMLE, ISLE, KMME, MAKE, METE, PETE, TEKE, UCK, UCKE, UCKM, UZB, UZBE",,
10394,ELK 307,ELK,LS,Aydınlatma Tekniği,,Canan Karatekin,EEB,Salı,12:30/15:29,5207,65,65,,ELK,,
10397,ELK 307E,ELK,LS,Illumination Techniques,,Lale Erdem Atılgan,EEB,Salı,12:30/15:29,5305,65,66,,"ELK, ELKE",,
10398,ELK 313,ELK,LS,Enerji İletim Hatları,,Hatice Lale Zeynelgil,EEB,Perşembe,12:30/15:29,5301,40,40,,ELK,,
10399,ELK 313E,ELK,LS,Power Transmission Lines,,Zehra Elif Batman,EEB,Salı,08:30/11:29,4104,50,51,,"ELK, ELKE",,
10401,ELK 331,ELK,LS,Güç Elektroniği Devreleri,,Derya Ahmet Kocabaş,EEB,Pazartesi,08:30/11:29,5301,70,70,,"EHB, ELE, ELK, KOM",,
10407,ELK 331,ELK,LS,Güç Elektroniği Devreleri,,Mehmet Onur Gülbahçe,EEB,Çarşamba,12:30/15:29,2104,75,75,,"EHB, ELE, ELK, KOM",,
10408,ELK 331,ELK,LS,Güç Elektroniği Devreleri,,Murat Yılmaz,EEB,Çarşamba,12:30/15:29,5301,75,75,,"EHB, ELE, ELK, KOM",,
10410,ELK 331E,ELK,LS,Power Electronic Circuits,,Deniz Yıldırım,EEB,Çarşamba,12:30/15:29,5303,70,50,,"EEE, EHB, EHBE, EHS, ELE, ELK, ELKE, KOM, KOME",,
10412,ELK 331E,ELK,LS,Power Electronic Circuits,,Salih Barış Öztürk,EEB,Pazartesi,08:30/11:29,5303,70,69,,"EEE, EHB, EHBE, EHS, ELE, ELK, ELKE, KOM, KOME",,
10415,ELK 333E,ELK,LS,Intr. to Nuclear Engineering,,Ahmet Cansız,EEB,Pazartesi,12:30/15:29,5301,40,40,,"ELK, ELKE",,
10418,ELK 334E,ELK,LS,Dsgn of Power Electr Circuits,,Salih Barış Öztürk,EEB,Salı,12:30/15:29,2102,50,47,,"ELK, ELKE, KOM, KOME",,
10421,ELK 343,ELK,LS,Elektromekanik Enerji Dönüşümü,,Derya Ahmet Kocabaş,EEB,Çarşamba,08:30/11:29,5303,50,32,,ELK,,
10432,ELK 343,ELK,LS,Elektromekanik Enerji Dönüşümü,,Güven Kömürgöz Kırış,EEB,Çarşamba,08:30/11:29,5305,50,50,,ELK,,
10433,ELK 343E,ELK,LS,Electromech. Energy Conversion,,Lale Ergene,EEB,Çarşamba,08:30/11:29,5307,50,51,,"EEE, ELK, ELKE",,
10434,ELK 344,ELK,LS,Elektrik Tesislerinde Güvenlik,,Belgin Türkay,EEB,Pazartesi,12:30/15:29,5303,40,40,,"ELK, KOM",,
10435,ELK 363E,ELK,LS,Engineering Drawing,,Ali Sinan Çabuk,"EEB
EEB | 6307
6307",Perşembe | Perşembe,08:30/10:29 | 10:30/12:29,,55,55,,"EEE, ELK, ELKE",,
10436,ELK 411,ELK,LS,Yüksek Gerilim Laboratuvarı,,Şükran Emel Önal,EEB,Salı,12:30/15:29,5301,30,25,,ELK,,
10437,ELK 411E,ELK,LS,High Voltage Lab.,,Aydoğan Özdemir,EEB,Perşembe,12:30/15:29,5107,40,33,,"ELK, ELKE",,
10438,ELK 411E,ELK,LS,High Voltage Lab.,,Suat İlhan,EEB,Çarşamba,12:30/15:29,5305,50,51,,"ELK, ELKE",,
10439,ELK 415E,ELK,LS,Digital Protection&Signalling,,Ömer Usta,EEB,Çarşamba,08:30/11:29,6309,50,50,,"ELK, ELKE",,
10440,ELK 421,ELK,LS,Elektrik Enerjisi Üretimi,,Belgin Türkay,EEB,Salı,08:30/11:29,5301,40,40,,ELK,,
10441,ELK 421,ELK,LS,Elektrik Enerjisi Üretimi,,Ayşen Demirören,EEB,Salı,08:30/11:29,5303,40,40,,ELK,,
10442,ELK 421,ELK,LS,Elektrik Enerjisi Üretimi,,Hatice Lale Zeynelgil,EEB,Salı,08:30/11:29,5305,40,39,,ELK,,
10443,ELK 421E,ELK,LS,Generat. of Electrical Energy,,Ömer Usta,EEB,Salı,08:30/11:29,5307,50,50,,"ELK, ELKE",,
10444,ELK 423,ELK,LS,Özel Elektrik Makinaları,,Murat İmeryüz,EEB,Cuma,08:30/11:29,5303,50,38,,ELK,,
10445,ELK 431,ELK,LS,Elektrik Makinaları Lab.,,Murat İmeryüz,EEB,Salı,12:30/14:29,---,30,18,,ELK,,
10446,ELK 431,ELK,LS,Elektrik Makinaları Lab.,,Güven Kömürgöz Kırış,EEB,Perşembe,12:30/14:29,---,35,35,,ELK,,
10447,ELK 431,ELK,LS,Elektrik Makinaları Lab.,,Derya Ahmet Kocabaş,EEB,Cuma,08:30/10:29,---,30,30,,ELK,,
10448,ELK 431E,ELK,LS,Electrical Machines Lab.,,Lale Ergene,EEB,Pazartesi,12:30/14:29,---,35,35,,"ELK, ELKE",,
10449,ELK 455E,ELK,LS,Comp.Networks for Pwr Syst.,,Ömer Usta,EEB,Perşembe,08:30/11:29,4102,85,84,,"ELK, ELKE",,
10450,ELK 458,ELK,LS,Elektrik Mühendisliği Projesi,,Güven Kömürgöz Kırış,EEB,Pazartesi,08:30/11:29,5203,20,20,,ELK,,
10469,ELK 458,ELK,LS,Elektrik Mühendisliği Projesi,,Canan Karatekin,EEB,Pazartesi,08:30/11:29,5305,20,20,,ELK,,
10472,ELK 458E,ELK,LS,Electrical Engineering Project,,Mustafa Bağrıyanık,EEB,Pazartesi,08:30/11:29,5307,20,19,,"ELK, ELKE",,
10475,ELK 463E,ELK,LS,Overvolt. & Insulation Coord.,,Aydoğan Özdemir,EEB,Salı,12:30/15:29,5303,40,20,,"ELK, ELKE",,
10481,ELK 471,ELK,LS,Mühendislik ve Proje Yönetimi,,Ömer Gül,EEB,Salı,12:30/15:29,5307,40,35,,ELK,,
10485,ELK 472,ELK,LS,Yenilenebilir Enerji Sist.,,Ayşen Demirören,EEB,Perşembe,12:30/15:29,5303,40,39,,ELK,,
10489,ELK 473E,ELK,LS,Disch.Pheno.in High Volt.Tech.,,Suat İlhan,EEB,Perşembe,12:30/15:29,5305,40,26,,"ELK, ELKE",,
10493,ELK 483,ELK,LS,Yüksek Gerilim Güç Kesicileri,,Özcan Kalenderli,EEB,Cuma,08:30/11:29,5307,40,40,,ELK,,
10497,ELK 4901,ELK,LS,Elektrik Müh. Tasarımı I,,Belgin Türkay,EEB | ---,,/,,500,80,,ELK,,
10501,ELK 4901E,ELK,LS,Electrical Eng. Design I,,Belgin Türkay,EEB | ---,,/,,500,37,,"ELK, ELKE",,
10504,ELK 4902,ELK,LS,Elektrik Müh. Tasarımı II,,Belgin Türkay,EEB | ---,,/,,500,22,,ELK,,
10507,ELK 4902E,ELK,LS,Electrical Eng. Design II,,Belgin Türkay,EEB | ---,,/,,500,23,,"ELK, ELKE",,
10511,ELK 492,ELK,LS,Bitirme Tasarım Projesi,,Belgin Türkay,EEB | ---,,/,,500,4,,ELK,,
10515,ELK 492E,ELK,LS,Graduation Design Project,,Belgin Türkay,EEB | ---,,/,,500,0,,"ELK, ELKE",,
10519,ELK 493E,ELK,LS,Lighting Tech.&Photometry Lab.,,Lale Erdem Atılgan,EEB,Perşembe,12:30/15:29,5307,20,20,,"ELK, ELKE",,
10523,ELK 495,ELK,LS,Elk. Enj. Kalit. ve Harmonik.,,Ömer Gül,EEB,Pazartesi,12:30/15:29,5305,40,12,,ELK,,
10527,KON 103,KON,LS,Kontrol & Otom. Müh.Giriş&Etik,,Mustafa Doğan,EEB,Çarşamba,09:30/12:29,5302,80,61,,KOM,,
10528,KON 103E,KON,LS,Intr.toCont.& Auto.Eng.&Ethics,,Mustafa Doğan,EEB,Çarşamba,12:30/15:29,5302,95,90,,"KOM, KOME",,
10531,KON 301E,KON,LS,System Modelling&Simulation,,Hakan Temeltaş,EEB,Salı,12:30/16:29,6309,120,113,,"KOM, KOME",,
10535,KON 301E,KON,LS,System Modelling&Simulation,,--,EEB,Cuma,08:30/12:29,---,0,0,,"KOM, KOME",,
10541,KON 307E,KON,LS,Programming Techniq.in Control,,Emre Dincel,EEB,Cuma,09:30/11:29,5105,140,105,,"KOM, KOME, KON, KONE",,
10542,KON 309E,KON,LS,Microcontroller Systems,,Osman Kaan Erol,EEB,Salı,08:30/12:29,6309,80,80,,"KOM, KOME, MKN",,
10543,KON 309E,KON,LS,Microcontroller Systems,,Ahmet Onat,EEB,Cuma,08:30/12:29,5205,80,50,,"KOM, KOME, MKN",,
10544,KON 313,KON,LS,Geribeslemeli Kontrol Sist.,,--,EEB,Pazartesi,12:30/15:29,---,0,0,,"EHB, ELK, KOM, MKN",,
10545,KON 313,KON,LS,Geribeslemeli Kontrol Sist.,,Müjde Güzelkaya,EEB,Pazartesi,12:30/15:29,2106,70,71,,"EHB, ELK, KOM, MKN",,
10546,KON 313,KON,LS,Geribeslemeli Kontrol Sist.,,"Erhan Yumuk, Sıddık Murat Yeşiloğlu",EEB,Pazartesi,12:30/15:29,5105,70,66,,"EHB, ELK, KOM, MKN",,
10547,KON 313,KON,LS,Geribeslemeli Kontrol Sist.,,İlker Üstoğlu,EEB,Pazartesi,12:30/15:29,2104,70,70,,"EHB, ELK, KOM, MKN",,
10548,KON 313E,KON,LS,Feedback Control Systems,,--,EEB,Pazartesi,12:30/15:29,---,0,0,,"EEE, EHB, EHBE, ELK, ELKE, KOM, KOME, MKN",,
10549,KON 313E,KON,LS,Feedback Control Systems,,Tufan Kumbasar,EEB,Pazartesi,12:30/15:29,5204,68,68,,"EEE, EHB, EHBE, ELK, ELKE, KOM, KOME, MKN",,
10550,KON 313E,KON,LS,Feedback Control Systems,,Volkan Sezer,EEB,Pazartesi,12:30/15:29,5203,67,68,,"EEE, EHB, EHBE, ELK, ELKE, KOM, KOME, MKN",,
10551,KON 313E,KON,LS,Feedback Control Systems,,Gülay Öke Günel,EEB,Pazartesi,12:30/15:29,5304,67,67,,"EEE, EHB, EHBE, ELK, ELKE, KOM, KOME, MKN",,
10552,KON 313E,KON,LS,Feedback Control Systems,,Aysa Jafari Farmand,EEB,Pazartesi,12:30/15:29,5207,67,68,,"EEE, EHB, EHBE, ELK, ELKE, KOM, KOME, MKN",,
10553,KON 315,KON,LS,Elektronik Enstrümantasyon,,Yücel Aydın,EEB,Çarşamba,08:30/12:29,5304,70,25,,KOM,,
10554,KON 315E,KON,LS,Electronic Instrumentation,,Serhat İkizoğlu,EEB,Perşembe,08:30/12:29,6309,70,70,,"KOM, KOME",,
10555,KON 318E,KON,LS,Introduction to Robotics,,Hakan Temeltaş,EEB,Cuma,09:30/12:29,5204,120,120,,"KOM, KOME",,
10556,KON 318E,KON,LS,Introduction to Robotics,,--,EEB,Salı,12:30/15:29,---,0,0,,"KOM, KOME",,
10557,KON 405E,KON,LS,State Space Meth.in Contr.Syst,,Fikret Çalışkan,EEB,Pazartesi,08:30/11:29,2102,70,63,,"KOM, KOME, MKN",,
10558,KON 405E,KON,LS,State Space Meth.in Contr.Syst,,İlker Üstoğlu,EEB,Pazartesi,08:30/11:29,2104,70,70,,"KOM, KOME, MKN",,
10559,KON 403,KON,LS,Kontrol Lab.,,Ahmet Onat,EEB,Çarşamba,08:30/10:29,---,24,23,,KOM,,
10560,KON 403,KON,LS,Kontrol Lab.,,Ahmet Onat,EEB,Salı,08:30/10:29,---,24,18,,KOM,,
10561,KON 403,KON,LS,Kontrol Lab.,,Ahmet Onat,EEB,Cuma,14:30/16:29,---,24,24,,KOM,,
10562,KON 403,KON,LS,Kontrol Lab.,,Ahmet Onat,EEB,Perşembe,08:30/10:29,---,24,18,,KOM,,
10563,KON 403E,KON,LS,Control Laboratory,,--,EEB,Cuma,08:30/10:29,---,0,0,,"KOM, KOME",,
10564,KON 403E,KON,LS,Control Laboratory,,Ali Fuat Ergenç,EEB,Çarşamba,12:30/14:29,---,24,24,,"KOM, KOME",,
10565,KON 413,KON,LS,Endüstriyel Otomasyon,,--,EEB,Perşembe,12:30/16:29,---,0,0,,"KOM, MKN",,
10566,KON 413E,KON,LS,Industrial Automation,,Yaprak Yalçın,EEB,Perşembe,12:30/16:29,5203,32,26,,"KOM, KOME",,
10567,KON 419E,KON,LS,Control Sys. Dsgn. Project,,Ali Fuat Ergenç,EEB,Cuma,14:30/16:29,---,50,2,,"KOM, KOME",,
10568,KON 422,KON,LS,Elektrikli Ulaşım Sistemleri,,Salman Kurtulan,EEB,Çarşamba,12:30/15:29,5203,50,35,,KOM,,
10569,KON 425E,KON,LS,Process Control,,İlhan Kocaarslan,EEB,Çarşamba,08:30/11:29,5301,80,73,,"KOM, KOME, MKN",,
10570,KON 437E,KON,LS,Motion Control Systems,,Ali Fuat Ergenç,"EEB
EEB | 5201
5201",Salı | Salı,08:30/10:29 | 10:30/12:29,,50,26,,"KOM, KOME",,
10571,KON 4901,KON,LS,Kontrol&Otom. Müh.Tasarımı I,,Hakan Temeltaş,EEB | ---,,/,,500,58,,KOM,,
10572,KON 4901E,KON,LS,Contr.&Automation Eng.Design I,,Hakan Temeltaş,EEB | ---,,/,,500,59,,"KOM, KOME",,
10573,KON 4902,KON,LS,Kontrol&Otom. Müh.Tasarımı II,,Hakan Temeltaş,EEB | ---,,/,,500,21,,KOM,,
10574,KON 4902E,KON,LS,Contr.&Automation Eng.DesignII,,Hakan Temeltaş,EEB | ---,,/,,500,11,,"KOM, KOME",,
10575,KON 492,KON,LS,Bitirme Tasarım Projesi,,Hakan Temeltaş,EEB | ---,,/,,500,6,,KOM,,
10576,KON 492E,KON,LS,Senior Design Project,,Hakan Temeltaş,EEB | ---,,/,,500,2,,"KOM, KOME",,
10577,MAT 202E,MAT,LS,Numerical Methods,,Emine Ayaz,EEB,Pazartesi,12:30/15:29,6309,75,75,,"BLG, BLGE, CEV, CEVE, CHZ, CHZE, DEN, DENE, EHB, EHBE, ELE, ELH, ELK, ELKE, GEM, GEME, GEMK, GEO, GEOE, GID, GIDE, IML, IMLE, INS, INSE, ISL, ISLE, JEF, JEFE, JEO, JEOE, KMM, KMME, KOM, KOME, KON, KONE, MAD, MADE, MAK, MAKE, MET, METE, MTO, MTOE, NAE, PET, PETE, TEK, TEKE, TEL, UCK, UCKE, UZB, UZBE",,
10579,EHN 111,EHN,LS,Intr.to Electronics& Comm.Eng.,,İsmail Serdar Özoğuz,EEB,Çarşamba,14:30/15:29,1303,30,12,,"EHN, SEH",,
10580,EHN 212,EHN,LS,Intr.to Electromagnetic Fields,,Serkan Şimşek,EEB,Pazartesi,08:30/11:29,1303,30,7,,"EHN, SEH",,
10581,EHN 252,EHN,LS,Signals and Systems,,Hakan Ali Çırpan,EEB,Salı,08:30/11:29,1303,30,8,,"EHN, SEH",,
10582,EHN 262,EHN,LS,Electronics II,,Mustafa Berke Yelten,EEB,Salı,12:30/15:29,5206,30,8,,"EHN, SEH",,
10583,EHN 311,EHN,LS,Intr.to Electronics Laboratory,,İsmail Serdar Özoğuz,EEB,Perşembe,12:30/14:29,5306,30,8,,"EHN, SEH",,
10584,EHN 317,EHN,LS,Control Systems,,Hakan Temeltaş,EEB,Cuma,14:00/16:59,5206,30,8,,"EHN, SEH",,
10585,MTH 281,MTH,LS,Linear Algebra and Applicat.,,İbrahim Akduman,EEB,Cuma,08:30/11:29,1303,30,11,,"EHN, SEH",,
10586,MTH 131,MTH,LS,Mathematics I,,Elif Canfes,"MED
MED | B37
B37",Pazartesi | Salı,15:30/17:29 | 08:30/11:29,,30,11,,"EHN, SEH",,
10587,PHY 123,PHY,LS,Physics I,,Yakup Hundur,EEB,Salı,14:30/17:29,Z1,30,12,,"EHN, SEH",,
10588,PHY 123L,PHY,LS,Physics I Lab,,Yakup Hundur,EEB,Perşembe,09:30/11:29,1303,30,12,,"EHN, SEH",,
10589,CHE 123,CHE,LS,General Chemistry I,,Caner Ünlü,EEB,Perşembe,13:30/16:29,1301,30,12,,"EHN, SEH",,
10590,MAL 201,MAL,LS,Malzeme Bilimi,,Billur Deniz Karahan,EEB,Pazartesi,12:30/15:29,5101,50,44,,"EHB, ELE, ELH, ELK, KOM, TEL",,
10591,FIZ 201E,FIZ,LS,Modern Physics,,--,EEB,Çarşamba,12:30/15:29,---,0,0,,"EEE, EHB, EHBE, EHS, ELE, ELH, ELK, ELKE, KOM, KOME, TEL",,
10592,FIZ 201E,FIZ,LS,Modern Physics,,Deniz Türkpençe,EEB,Çarşamba,12:30/15:29,2106,50,29,,"EEE, EHB, EHBE, EHS, ELE, ELH, ELK, ELKE, KOM, KOME, TEL",,
10593,ELE 492,ELE,LS,Bitirme Çalışması,,İsmail Serdar Özoğuz,EEB | ---,,/,,500,0,,ELE,,
10594,ELE 492E,ELE,LS,Graduation Project,,İsmail Serdar Özoğuz,EEB | ---,,/,,500,0,,ELE,,
10595,TEL 492,TEL,LS,Bitirme Çalışması,,İsmail Serdar Özoğuz,EEB | ---,,/,,500,0,,TEL,,
10596,TEL 492E,TEL,LS,Graduation Project,,İsmail Serdar Özoğuz,EEB | ---,,/,,500,0,,TEL,,
10597,MAD 471E,MAD,LS,Electro-Techniques in Mines,,Murat İmeryüz,MDB,Çarşamba,11:30/13:29,A202,70,60,,"MAD, MADE",,
10598,MAT 303E,MAT,LS,Dynamics,,Rahmiye Ergün,FEB,Cuma,14:00/16:59,D203,60,44,,MAT,,
10599,MAT 117,MAT,LS,Matematik Müh. Giriş ve Etik,,Sevgi Harman,FEB,Çarşamba,13:30/15:29,D104,120,89,,MAT,,
10600,MAT 4901,MAT,LS,Matematik Müh. Tasarımı I,,Sevgi Harman,FEB | ---,,/,,500,32,,MAT,,
10601,MAT 4901E,MAT,LS,Math. Engineering Design I,,Sevgi Harman,FEB | ---,,/,,500,31,,MAT,,
10602,MAT 4902,MAT,LS,Matematik Müh. Tasarımı II,,Sevgi Harman,FEB | ---,,/,,500,9,,MAT,,
10603,MAT 4902E,MAT,LS,Math. Engineering Design II,,Sevgi Harman,FEB | ---,,/,,500,5,,MAT,,
10604,MAT 492,MAT,LS,Bitirme Çalışması,,Sevgi Harman,FEB | ---,,/,,500,2,,MAT,,
10605,MAT 492E,MAT,LS,Graduation Project,,Sevgi Harman,FEB | ---,,/,,500,1,,"MAT, MATE",,
10606,MAT 263E,MAT,LS,Computational Linear Algebra,,Ahmet Kırış,FEB,Salı,08:30/11:29,D204,70,65,,"MAT, MATM",,
10607,MAT 423E,MAT,LS,Numerical Solutions of ODE,,Ahmet Kırış,FEB,Pazartesi,14:30/17:29,D106,20,7,,"MAT, MATE, MATM",,
10608,MAT 386E,MAT,LS,Computational Data Science,,"Ahmet Kırış, Burcu Tunga",,Cuma,14:00/17:59,,25,25,,"ECNE, MAT, MATE, MATM",,
10609,MAT 263E,MAT,LS,Computational Linear Algebra,,Ali Demirci,FEB,Salı,08:30/11:29,D202,70,70,,"MAT, MATM",,
10610,MAT 115E,MAT,LS,Intro. to Programming Language,,Burcu Tunga,FEB,Çarşamba,08:30/12:29,OBL3,45,46,,MAT,,
10611,MAT 335E,MAT,LS,Programming Algorithms,,Burcu Tunga,FEB,Salı,13:30/17:29,OBL3,23,21,,MAT,,
10612,MAT 425E,MAT,LS,Stochastic ODE,,--,FEB,Salı,14:30/17:29,---,0,0,,"MAT, MATE, MATM",,
10613,MAT 287E,MAT,LS,Mathematics III,,Cihangir Özemir,"FEB
FEB | D204
D204",Salı | Cuma,14:30/17:29 | 14:00/15:59,,55,56,,"MAT, MATE, MATM",,
10614,MAT 427E,MAT,LS,Algebra II,,Ergün Yaraneri,FEB,Perşembe,14:30/17:29,D105,20,8,,"MAT, MATM",,
10615,MAT 448E,MAT,LS,Number Theory,,Ergün Yaraneri,FEB,Pazartesi,14:30/17:29,D105,21,20,,"MAT, MATE, MATM",,
10616,MAT 143,MAT,LS,Lineer Cebir,,Güler Arsan,"FEB
FEB | D102
D102",Salı | Cuma,10:30/12:29 | 10:30/12:29,,65,65,,"MAT, MATM",,
10617,MAT 143,MAT,LS,Lineer Cebir,,Nurettin Cenk Turgay,"FEB
FEB | D104
D104",Salı | Cuma,10:30/12:29 | 10:30/12:29,,65,56,,"MAT, MATM",,
10618,MAT 185,MAT,LS,Matematik I,,Nurettin Cenk Turgay,"FEB
FEB | D104
D104",Salı | Cuma,14:30/17:29 | 14:00/15:59,,60,59,,MAT,,
10619,MAT 221,MAT,LS,Olasılık Teorisi,,Bahri Güldoğan,FEB,Pazartesi,08:30/11:29,D201,65,55,,MAT,,
10620,MAT 175,MAT,LS,Soyut Matematik,,Burak Yıldıran Stodolsky,FEB,Perşembe,14:30/17:29,D104,75,75,,"MAT, MATM",,
10621,MAT 485E,MAT,LS,Graph Theory,,Burak Yıldıran Stodolsky,FEB,Pazartesi,14:30/17:29,D101,21,21,,"MAT, MATE, MATM",,
10622,MAT 221E,MAT,LS,Probability Theory,,Gül İnan,FEB,Pazartesi,08:30/11:29,D202,65,65,,MAT,,
10623,MAT 388E,MAT,LS,Data Analysis in Fund.Sciences,,Gül İnan,FEB,Perşembe,14:30/17:29,OBL3,20,20,,"MAT, MATE, MATM",,
10624,MAT 232E,MAT,LS,Differential Equations,,İrma Hacınlıyan,"FEB
FEB | D101
D101",Çarşamba | Cuma,13:30/15:29 | 10:30/12:29,,45,29,,"MAT, MATE, MATM",,
10625,DAN 101,DAN,LS,Akademik Danışmanlık,,İzzet Göksel,FEB,Çarşamba,15:30/17:29,D204,20,9,,MAT,,
10626,MAT 333E,MAT,LS,Data Processing Algorithms,,İzzet Göksel,FEB,Perşembe,08:30/11:29,D204,55,52,,MAT,,
10627,EEF 271E,EEF,LS,Probability and Statistics,,Deniz Türkpençe,EEB,Salı,08:30/11:29,5304,80,80,,"EEE, EHB, EHBE, ELK, ELKE, KOM, KOME",,
10628,MAT 310,MAT,LS,Briç,,İzzet Göksel,FEB,Salı,08:30/11:29,L400,23,23,,MAT,,
10629,MAT 115E,MAT,LS,Intro. to Programming Language,,Soner Aydınlık,FEB,Pazartesi,08:30/12:29,OBL3,45,44,,MAT,,
10630,MAT 333,MAT,LS,Bilgi İşlem Algoritmaları,,Evren Tanrıöver,FEB,Perşembe,08:30/11:29,D202,55,47,,MAT,,
10631,MAT 471E,MAT,LS,Financial Mathematics,,Ahmet Duran,,Çarşamba,12:30/15:29,,150,109,,"ECNE, END, ENDE, MAT, MATM",,
10632,MAT 175,MAT,LS,Soyut Matematik,,Atabey Kaygun,FEB,Perşembe,14:30/17:29,D102,75,67,,"MAT, MATM",,
10633,MAT 381E,MAT,LS,Introduction to Data Science,,Atabey Kaygun,FEB,Pazartesi,14:30/17:29,OBL2,23,24,,"ECNE, MAT, MATE, MATM",,
10634,MAT 345E,MAT,LS,Complex Analysis,,Aybike Özer,FEB,Çarşamba,08:30/11:29,D202,50,49,,"MAT, MATM",,
10636,MAT 365,MAT,LS,Varyasyonlar Hesabı,,Elmkhan Mahmudov,FEB,Salı,14:30/17:29,D306,20,9,,"MAT, MATM",,
10637,MAT 453,MAT,LS,Optimal Kontrol Teorisi,,Elmkhan Mahmudov,FEB,Cuma,14:00/16:59,D206,25,11,,"FIZ, MAT, MATM",,
10638,MAT 351E,MAT,LS,Computational Optimization,,Ersin Özuğurlu,FEB,Cuma,09:30/12:29,D103,70,56,,"MAT, MATM",,
10639,MAT 488E,MAT,LS,Numerical Solutions of PDE,,Ersin Özuğurlu,FEB,Perşembe,14:30/17:29,D205,20,6,,"MAT, MATE, MATM",,
10640,MAT 417E,MAT,LS,Theory of Surfaces,,Fatma Özdemir,FEB,Salı,14:30/17:29,D101,20,19,,"FIZ, MAT, MATM",,
10641,MAT 497E,MAT,LS,Tensor Analysis,,--,FEB,Cuma,14:00/16:59,---,0,0,,"MAT, MATE, MATM",,
10642,MAT 186,MAT,LS,Matematik II,,Gülçin Mihriye Muslu,"FEB
FEB | D103
D103",Salı | Cuma,14:30/17:29 | 14:00/15:59,,70,60,,MAT,,
10643,MAT 287,MAT,LS,Matematik III,,Kamil Oruçoğlu,"FEB
FEB | D202
D202",Salı | Cuma,14:30/17:29 | 14:00/15:59,,55,50,,"MAT, MATM",,
10644,MAT 116E,MAT,LS,Advanced Sci. & Eng. Computing,,Nalan Antar,FEB,Cuma,08:30/12:29,OBL3,40,26,,MAT,,
10645,MAT 116E,MAT,LS,Advanced Sci. & Eng. Computing,,Nalan Antar,FEB,Perşembe,08:30/12:29,OBL3,50,50,,MAT,,
10646,MAT 368E,MAT,LS,Mathematical Modeling,,Samet Yücel Kadıoğlu,FEB,Cuma,14:00/16:59,D201,25,23,,"MAT, MATM",,
10647,MAT 345E,MAT,LS,Complex Analysis,,Seher Melike Aydoğan,FEB,Çarşamba,08:30/11:29,D201,50,41,,"MAT, MATM",,
10648,MAT 437E,MAT,LS,Real Analysis II,,--,FEB,Perşembe,14:30/17:29,---,0,0,,"MAT, MATE, MATM",,
10649,MAT 185,MAT,LS,Matematik I,,Semra Ahmetolan,"FEB
FEB | D102
D102",Salı | Cuma,14:30/17:29 | 14:00/15:59,,60,29,,MAT,,
10650,MAT 232,MAT,LS,Diferansiyel Denklemler,,Semra Ahmetolan,"FEB
FEB | D102
D202",Çarşamba | Cuma,13:30/15:29 | 10:30/12:29,,45,46,,"MAT, MATM",,
10651,KIM 104,KIM,LS,Organik Kimya,,"Hacer Ayşen Önen, İbrahim Ersin Serhatlı",FEB,Çarşamba,12:30/15:29,D103,71,64,,"GID, KIMM, KMM",,
10652,KIM 104L,KIM,LS,Organik Kimya Lab.,,"Hacer Ayşen Önen, İbrahim Ersin Serhatlı",FEB,Perşembe,08:30/10:29,LAB-D,60,42,,"GID, KMM",,
10653,MUZ 101,MUZ,LS,Müzik Tarihi I,,Ozan Baysal,TMB,Pazartesi,13:30/15:29,---,25,13,,MUZ,,
10654,KIM 111,KIM,LS,Genel Kimya I,,İsmail Yılmaz,"FEB
FEB | D101
D101",Pazartesi | Salı,10:30/12:29 | 11:30/13:29,,35,35,,"KIM, KIMM",,
10655,MUZ 111,MUZ,LS,Müzikte Araştırma Yönt. Giriş,,Eray Cömert,TMB,Perşembe,13:30/16:29,---,35,17,,"ETMM, MTR, MUZ",,
10656,MUZ 111,MUZ,LS,Müzikte Araştırma Yönt. Giriş,,Eray Cömert,TMB,Çarşamba,09:30/12:29,---,35,15,,"ETMM, MTR, MUZ",,
10657,MUZ 121,MUZ,LS,Müzik Tarihi I,,Yalçın Çetinkaya,TMB,Pazartesi,13:30/15:29,---,40,16,,"CAB, CEB, MTR, MUT, SES",,
10658,MUZ 201,MUZ,LS,Müzik Tarihi III,,Serhan Dilhan Konan,TMB,Salı,09:30/12:29,---,25,12,,MUZ,,
10659,MUZ 211,MUZ,LS,Osmanlıca I,,Serhan Dilhan Konan,TMB,Cuma,09:30/12:29,---,25,15,,MUZ,,
10660,MUZ 311,MUZ,LS,Folklor ve Etnografya,,Eray Cömert,TMB,Salı,09:30/12:29,---,25,12,,"ETMM, MUZ",,
10661,MUZ 315,MUZ,LS,Halk Müziği Literatürü I,,Süleyman Şenel,TMB,Perşembe,13:30/15:29,---,10,0,,"BST, KMP",,
10662,MUZ 321,MUZ,LS,Organolojiye Giriş,,"Atilla Coşkun Toksoy, Günay Koçhan Flower",TMB,Pazartesi,13:30/15:29,---,35,20,,"CAB, CEB, ETMM, MTR, MUT, MUZ",,
10663,MUZ 341,MUZ,LS,Seminer I,,Şeyma Ersoy Çak,TMB,Çarşamba,13:30/15:29,---,25,12,,MUZ,,
10664,MUZ 367,MUZ,LS,İtalyanca I,,Valentina Elmetti,TMB,Perşembe,13:30/15:29,---,20,18,,"MUZ, MUZE",,
10665,MUZ 377,MUZ,LS,17. YY. Osmanlı Müziği,,Serhan Dilhan Konan,TMB,Cuma,14:00/15:59,---,15,1,,MUZ,,
10666,MUZ 379,MUZ,LS,Dini Müzik I,,Süleyman Erguner,TMB,Perşembe,15:30/17:29,---,30,23,,"BST, KMP, MTR, MUZ, SES",,
10667,MUZ 379,MUZ,LS,Dini Müzik I,,Süleyman Erguner,TMB,Çarşamba,10:30/12:29,---,30,23,,"BST, KMP, MTR, MUZ, SES",,
10668,MUZ 401,MUZ,LS,Müzik Tarihi VII,,Atilla Coşkun Toksoy,TMB,Perşembe,10:30/12:29,---,25,11,,MUZ,,
10669,MUZ 411,MUZ,LS,Türkiye Müzik Kültrlerne Giriş,,"Burcu Yıldız Ataş, Günay Koçhan Flower",TMB,Salı,10:30/12:29,---,25,10,,"ETMM, MUZ",,
10670,KIM 111,KIM,LS,Genel Kimya I,,Ozan Sanlı Şentürk,"FEB
FEB | D103
D201",Pazartesi | Salı,10:30/12:29 | 11:30/13:29,,35,33,,"KIM, KIMM",,
10671,KIM 111L,KIM,LS,Genel Kimya I Lab,,İsmail Yılmaz,FEB,Salı,09:30/11:29,LAB-E,35,35,,KIM,,
10672,MUZ 431,MUZ,LS,Gelnksl Drama Snatı ve Müzik,,Süleyman Şenel,TMB,Çarşamba,09:30/12:29,---,10,4,,MUZ,,
10673,KIM 111L,KIM,LS,Genel Kimya I Lab,,Ozan Sanlı Şentürk,FEB,Salı,09:30/11:29,LAB-F,35,29,,KIM,,
10674,MUZ 447,MUZ,LS,19. Yüzyıl Osmanlı Müziği,,Serhan Dilhan Konan,TMB,Salı,13:30/16:29,---,10,5,,MUZ,,
10675,MUZ 457,MUZ,LS,İleri Osmanlıca III,,Serhan Dilhan Konan,TMB,Perşembe,13:30/15:29,---,25,9,,"MUZ, MUZE",,
10676,MUZ 475,MUZ,LS,Türk Halk Müziği Bilgileri I,,Süleyman Şenel,TMB,Çarşamba,13:30/15:29,---,40,25,,"BST, CAB, CEB, ETMM, KMP, MTR, MUT, MUZ, MZT, SES, THO",,
10677,KIM 113,KIM,LS,Kimyaya Giriş ve Etik,,Barış Yücel,FEB,Çarşamba,13:30/15:29,D202,105,98,,KIM,,
10678,MUZ 475,MUZ,LS,Türk Halk Müziği Bilgileri I,,Süleyman Şenel,TMB,Perşembe,15:30/17:29,---,40,16,,"BST, CAB, CEB, ETMM, KMP, MTR, MUT, MUZ, MZT, SES, THO",,
10679,MUZ 477,MUZ,LS,Etnomüzikljnin Temellr. Giriş,,Serkan Şener,TMB,Cuma,10:30/12:29,---,20,2,,"ETMM, MUZ",,
10680,MUZ 479,MUZ,LS,Popüler Müziğe Giriş,,--,TMB,Cuma,14:00/15:59,---,0,0,,"ETMM, MUT, MUZ",,
10681,MUZ 486,MUZ,LS,Müzik Pedagojisine Giriş,,Atilla Coşkun Toksoy,TMB,Salı,09:30/12:29,---,25,5,,"CAB, CEB, MUZ",,
10682,MUZ 487,MUZ,LS,Müzik Felsefesine Giriş,,Yalçın Çetinkaya,TMB,Pazartesi,09:30/12:29,---,25,5,,MUZ,,
10683,KIM 114,KIM,LS,Genel Kimya II,,Ayfer Kalkan Burat,"FEB
FEB | D105
D101",Pazartesi | Çarşamba,11:30/13:29 | 10:30/12:29,,45,40,,"KIM, KIMM",,
10684,MUZ 491,MUZ,LS,Eleştirel Okumak ve Yazmak,,Şeyma Ersoy Çak,TMB,Pazartesi,13:30/16:29,---,25,4,,MUZ,,
10685,MUZ 492,MUZ,LS,Bitirme Çalışması,,Gözde Çolakoğlu Sarı,TMB | ---,,/,,100,1,,MUZ,,
10686,MUZ 497,MUZ,LS,Müzik Felsefesine Giriş,,Yalçın Çetinkaya,TMB,Pazartesi,15:30/17:29,---,30,17,,"BST, CAB, CEB, KMP, MTR, MUT, MZT",,
10687,SES 105,SES,LS,Korrepetisyon I,,"Erhan Uslu, Gülaram Baltayeva",TMB | ---,,/,,5,2,,"SEMH, SEMS, SES",,
10688,KIM 114L,KIM,LS,Genel Kimya II Lab.,,Ayfer Kalkan Burat,FEB,Pazartesi,13:30/16:29,LAB-F,40,33,,KIM,,
10689,SES 105,SES,LS,Korrepetisyon I,,"Erhan Uslu, Laçin Modiri",TMB | ---,,/,,5,2,,"SEMH, SEMS, SES",,
10690,SES 105,SES,LS,Korrepetisyon I,,"Erhan Uslu, Alper Göçeri",TMB | ---,,/,,5,2,,"SEMH, SEMS, SES",,
10691,KIM 202,KIM,LS,Fiziksel Kimya,,Esma Sezer,FEB,Pazartesi,14:30/17:29,D104,40,28,,"BIO, CEV, CHZ, DEN, EHB, ELE, ELH, ELK, GEM, GID, GMI, INS, JEF, JEO, KIMM, KMM, KMMM, KYD, MAD, MET, PET, TEL",,
10692,SES 105,SES,LS,Korrepetisyon I,,"Erhan Uslu, Tuğçem Kar",TMB | ---,,/,,5,2,,"SEMH, SEMS, SES",,
10693,SES 105,SES,LS,Korrepetisyon I,,"Sinem Özdemir, Gülaram Baltayeva",TMB | ---,,/,,5,1,,"SEMH, SEMS, SES",,
10694,SES 105,SES,LS,Korrepetisyon I,,"Sinem Özdemir, Laçin Modiri",TMB | ---,,/,,5,1,,"SEMH, SEMS, SES",,
10695,SES 105,SES,LS,Korrepetisyon I,,"Sinem Özdemir, Alper Göçeri",TMB | ---,,/,,5,3,,"SEMH, SEMS, SES",,
10696,SES 105,SES,LS,Korrepetisyon I,,"Sinem Özdemir, Tuğçem Kar",TMB | ---,,/,,5,3,,"SEMH, SEMS, SES",,
10697,KIM 202E,KIM,LS,Physical Chemistry,,Fuat Topuz,MED,Pazartesi,14:30/17:29,B33,50,47,,"BIO, BIOE, CEV, CEVE, CHZE, DENE, EHB, EHBE, ELK, ELKE, GEME, GEMK, GIDE, INS, INSE, JEOE, KMM, KMME, KOM, KOME, MADE, MEN, MET, METE, PETE",,
10698,SES 113,SES,LS,Ses Eğitimi I,,Gülaram Baltayeva,TMB | ---,,/,,5,3,,"SEMH, SEMS, SES",,
10699,KIM 202E,KIM,LS,Physical Chemistry,,Erdem Yavuz,FEB,Pazartesi,14:30/17:29,L400,50,16,,"BIO, BIOE, CEV, CEVE, CHZE, DENE, EHB, EHBE, ELK, ELKE, GEME, GEMK, GIDE, INS, INSE, JEOE, KMM, KMME, KOM, KOME, MADE, MEN, MET, METE, PETE",,
10700,KIM 203,KIM,LS,Analitik Kimya,,Gülçin Yılmaz,FEB,Pazartesi,14:30/17:29,D202,35,12,,"BIO, CHZ, DEN, ELE, ELH, ELK, GEM, JEO, MAD, MET, PET, TEL",,
10701,KIM 203E,KIM,LS,Analytical Chemistry,,Ferah Çalışır,FEB,Pazartesi,14:30/17:29,D203,50,49,,"BIO, BIOE, CEV, CEVE, CHZ, CHZE, DEN, DENE, ELE, ELH, ELK, ELKE, GEM, GEME, GEMK, JEO, JEOE, MAD, MADE, MET, METE, PET, PETE, TEL",,
10702,SES 113,SES,LS,Ses Eğitimi I,,Laçin Modiri,TMB | ---,,/,,5,2,,"SEMH, SEMS, SES",,
10703,SES 113,SES,LS,Ses Eğitimi I,,Alper Göçeri,TMB | ---,,/,,5,5,,"SEMH, SEMS, SES",,
10704,SES 113,SES,LS,Ses Eğitimi I,,Tuğçem Kar,TMB | ---,,/,,5,5,,"SEMH, SEMS, SES",,
10705,SES 122,SES,LS,Diksiyon,,Kemal Akdoğan,TMB,Pazartesi,08:30/10:29,---,30,23,,SES,,
10706,KIM 203E,KIM,LS,Analytical Chemistry,,Sevgi Güney,FEB,Pazartesi,14:30/17:29,D204,50,42,,"BIO, BIOE, CEV, CEVE, CHZ, CHZE, DEN, DENE, ELE, ELH, ELK, ELKE, GEM, GEME, GEMK, JEO, JEOE, MAD, MADE, MET, METE, PET, PETE, TEL",,
10707,SES 131,SES,LS,THM Repertuvarı I,,Erhan Uslu,"TMB
TMB | ---
---",Salı | Perşembe,13:30/15:29 | 13:30/15:29,,10,8,,SES,,
10708,SES 133,SES,LS,TSM Repertuvarı I,,Sinem Özdemir,"TMB
TMB | ---
---",Salı | Perşembe,13:30/15:29 | 15:30/17:29,,10,9,,SES,,
10709,SES 209,SES,LS,Korrepetisyon III,,"Deniz Güneş, Laçin Modiri",TMB | ---,,/,,5,1,,"SEMH, SEMS, SES",,
10710,SES 209,SES,LS,Korrepetisyon III,,"Deniz Güneş, Tuğçem Kar",TMB | ---,,/,,5,2,,"SEMH, SEMS, SES",,
10711,SES 209,SES,LS,Korrepetisyon III,,"Deniz Güneş, Fidan Kurt Kasapbaşı",TMB | ---,,/,,5,4,,"SEMH, SEMS, SES",,
10712,SES 209,SES,LS,Korrepetisyon III,,"Gülşah Sönmez, Laçin Modiri",TMB | ---,,/,,5,2,,"SEMH, SEMS, SES",,
10713,KIM 205,KIM,LS,Organik Kimya,,Gönül Yapar,FEB,Çarşamba,08:30/11:29,D205,50,38,,"BIO, BIOM, CEV, CHZ, DEN, ELE, ELH, ELK, GEM, INS, JEO, KIMM, KYD, MAD, MET, PET, TEL",,
10714,SES 209,SES,LS,Korrepetisyon III,,"Gülşah Sönmez, Tuğçem Kar",TMB | ---,,/,,5,3,,"SEMH, SEMS, SES",,
10715,SES 209,SES,LS,Korrepetisyon III,,"Gülşah Sönmez, Fidan Kurt Kasapbaşı",TMB | ---,,/,,5,3,,"SEMH, SEMS, SES",,
10716,KIM 205E,KIM,LS,Organic Chemistry,,Hakan Durmaz,MED,Çarşamba,08:30/11:29,B33,40,39,,"BIOM, CEV, CEVE, CHZE, DENE, ELKE, GEME, GEMK, INS, INSE, JEOE, KIM, KIMM, MADE, MET, METE, PETE, TEKE",,
10717,SES 213,SES,LS,Ses Eğitimi III,,Laçin Modiri,TMB | ---,,/,,5,5,,"SEMH, SEMS, SES",,
10718,SES 213,SES,LS,Ses Eğitimi III,,Tuğçem Kar,TMB | ---,,/,,6,4,,"SEMH, SEMS, SES",,
10719,SES 213,SES,LS,Ses Eğitimi III,,Fidan Kurt Kasapbaşı,TMB | ---,,/,,9,5,,"SEMH, SEMS, SES",,
10720,KIM 205E,KIM,LS,Organic Chemistry,,Nesrin Köken,FEB,Çarşamba,08:30/11:29,L400,40,26,,"BIOM, CEV, CEVE, CHZE, DENE, ELKE, GEME, GEMK, INS, INSE, JEOE, KIM, KIMM, MADE, MET, METE, PETE, TEKE",,
10721,SES 221,SES,LS,Koro I (Kredisiz),,Fidan Kurt Kasapbaşı,"TMB
TMB | ---
---",Salı | Perşembe,10:30/12:29 | 10:30/12:29,,40,17,,SES,,
10722,SES 231,SES,LS,Ağız ve Hançere Teknikleri I,,Deniz Güneş,"TMB
TMB | ---
---",Salı | Cuma,15:30/17:29 | 14:00/15:59,,20,11,,SES,,
10723,SES 233,SES,LS,Türk Halk Müziği Repert. III,,Deniz Güneş,"TMB
TMB | ---
---",Pazartesi | Çarşamba,13:30/15:29 | 10:30/12:29,,10,6,,SES,,
10724,KIM 206,KIM,LS,Analitik Kimya & Enst Analizi,,Nevin Öztekin,FEB,Salı,14:30/17:29,D105,45,35,,"GID, KIMM, KMM, KYD",,
10725,SES 281,SES,LS,15.-17.Yüzyıl Türk Müziği Rep.,,Gülşah Sönmez,"TMB
TMB | ---
---",Pazartesi | Salı,13:30/15:29 | 08:30/10:29,,20,11,,SES,,
10726,SES 283,SES,LS,Türk Sanat Müziği Repert. III,,Gülşah Sönmez,"TMB
TMB | ---
---",Salı | Cuma,15:30/17:29 | 14:00/15:59,,10,6,,SES,,
10727,KIM 207,KIM,LS,İnorganik Kimya,,Ayfer Kalkan Burat,FEB,Perşembe,14:30/17:29,D103,50,41,,"CHZ, DEN, ELE, ELH, ELK, FIZ, GEM, JEF, JEO, KIMM, KMM, KYD, MAD, PET, TEL",,
10729,SES 301,SES,LS,Türk Halk Müziği Repertuarı V,,Seval Eroğlu,"TMB
TMB | ---
---",Çarşamba | Cuma,10:30/12:29 | 10:30/12:29,,20,11,,SES,,
10730,KIM 208,KIM,LS,İleri Organik Kimya,,--,FEB,Salı,08:30/11:29,---,0,0,,"CHZ, DEN, ELE, ELH, ELK, GEM, JEO, KIMM, KMM, KYD, MAD, PET, TEL",,
10731,SES 307,SES,LS,Yöre Ağızları I,,Deniz Güneş,"TMB
TMB | ---
---",Pazartesi | Perşembe,15:30/17:29 | 13:30/15:29,,20,10,,SES,,
10732,SES 309,SES,LS,Korrepetisyon V,,"Seval Eroğlu, Tuğçem Kar",TMB | ---,,/,,6,3,,SES,,
10733,KIM 210E,KIM,LS,Intro to Polymer Chemistry,,Barış Kışkan,FEB,Pazartesi,14:30/17:29,D205,40,19,,"BIO, BIOE, KIM, KIME, KIMM, TEK, TEKE",,
10734,SES 309,SES,LS,Korrepetisyon V,,"Seval Eroğlu, Laçin Modiri",TMB | ---,,/,,6,2,,SES,,
10735,SES 309,SES,LS,Korrepetisyon V,,"Seval Eroğlu, Kemal Akdoğan",TMB | ---,,/,,6,2,,SES,,
10736,KIM 211E,KIM,LS,Analytical Chemistry,,Fatma Bedia Berker,"FEB
FEB | D205
D205",Salı | Cuma,13:30/15:29 | 10:30/12:29,,45,43,,"KIM, KIME, KIMM",,
10737,SES 309,SES,LS,Korrepetisyon V,,"Seval Eroğlu, Gülaram Baltayeva",TMB | ---,,/,,7,4,,SES,,
10738,SES 309,SES,LS,Korrepetisyon V,,"Güzün Değişmez, Tuğçem Kar",TMB | ---,,/,,5,0,,SES,,
10739,SES 309,SES,LS,Korrepetisyon V,,"Güzün Değişmez, Laçin Modiri",TMB | ---,,/,,5,0,,SES,,
10740,KIM 211E,KIM,LS,Analytical Chemistry,,Mustafa Özcan,"FEB
FEB | D206
D206",Salı | Cuma,13:30/15:29 | 10:30/12:29,,45,11,,"KIM, KIME, KIMM",,
10741,SES 309,SES,LS,Korrepetisyon V,,"Güzün Değişmez, Kemal Akdoğan",TMB | ---,,/,,5,2,,SES,,
10742,SES 309,SES,LS,Korrepetisyon V,,"Güzün Değişmez, Gülaram Baltayeva",TMB | ---,,/,,5,2,,SES,,
10743,SES 309,SES,LS,Korrepetisyon V,,--,TMB | ---,,/,,0,0,,SES,,
10744,KIM 211L,KIM,LS,Analitik Kimya Lab,,Fatma Bedia Berker,FEB,Çarşamba,10:30/15:29,LAB-A,100,68,,KIM,,
10745,SES 309,SES,LS,Korrepetisyon V,,--,TMB | ---,,/,,0,0,,SES,,
10746,SES 309,SES,LS,Korrepetisyon V,,--,TMB | ---,,/,,0,0,,SES,,
10747,SES 309,SES,LS,Korrepetisyon V,,--,TMB | ---,,/,,0,0,,SES,,
10748,KIM 212,KIM,LS,Enstrumental Analitik Yönteml,,Ayşegül Gölcü,"FEB
FEB | D106
D203",Pazartesi | Salı,12:30/14:29 | 11:30/13:29,,30,18,,"KIM, KIMM",,
10749,SES 313,SES,LS,Dünya Vokal Teknikleri I,,Tuğçem Kar,TMB | ---,,/,,5,4,,SES,,
10750,SES 313,SES,LS,Dünya Vokal Teknikleri I,,Laçin Modiri,TMB | ---,,/,,5,0,,SES,,
10751,SES 313,SES,LS,Dünya Vokal Teknikleri I,,Kemal Akdoğan,TMB | ---,,/,,7,7,,SES,,
10752,SES 313,SES,LS,Dünya Vokal Teknikleri I,,Gülaram Baltayeva,TMB | ---,,/,,6,6,,SES,,
10753,SES 321,SES,LS,Koro III (Kredisiz),,Fidan Kurt Kasapbaşı,"TMB
TMB | ---
---",Salı | Perşembe,10:30/12:29 | 10:30/12:29,,40,19,,SES,,
10754,SES 355,SES,LS,Zeybek Repertuvarı,,Erhan Uslu,TMB,Cuma,14:00/16:59,---,10,0,,SES,,
10755,SES 359,SES,LS,Deyiş Repertuvarı,,Seval Eroğlu,TMB,Cuma,14:00/16:59,---,10,6,,SES,,
10756,SES 365,SES,LS,Ses Fizyolojisine Giriş,,Laçin Modiri,TMB,Çarşamba,13:30/15:29,---,30,5,,SES,,
10757,SES 371,SES,LS,Repertuar I,,Gülşah Sönmez,TMB,Perşembe,15:30/17:29,---,10,1,,"BST, KMP",,
10758,SES 373,SES,LS,Köçekçe Repertuarı,,Cengizhan Sönmez,TMB,Perşembe,13:30/15:29,---,10,9,,SES,,
10759,SES 381,SES,LS,19.YY Türk Müziği Repertuarı,,Gülşah Sönmez,"TMB
TMB | ---
---",Çarşamba | Cuma,10:30/12:29 | 10:30/12:29,,12,9,,SES,,
10760,SES 391,SES,LS,Türk Sanat Müziği Repertuarı V,,Güzün Değişmez,"TMB
TMB | ---
---",Salı | Perşembe,15:30/17:29 | 15:30/17:29,,10,7,,SES,,
10761,SES 401,SES,LS,THM Repertuarı VII,,Erhan Uslu,"TMB
TMB | ---
---",Pazartesi | Perşembe,13:30/15:29 | 15:30/17:29,,15,15,,SES,,
10762,SES 407,SES,LS,Yöre Ağızları III,,Erhan Uslu,"TMB
TMB | ---
---",Pazartesi | Perşembe,15:30/17:29 | 08:30/10:29,,20,16,,SES,,
10763,SES 409,SES,LS,Korrepetisyon VII,,"Erhan Uslu, Kemal Akdoğan",TMB | ---,,/,,6,6,,SES,,
10764,SES 409,SES,LS,Korrepetisyon VII,,"Erhan Uslu, Fidan Kurt Kasapbaşı",TMB | ---,,/,,5,5,,SES,,
10765,SES 409,SES,LS,Korrepetisyon VII,,"Erhan Uslu, Laçin Modiri",TMB | ---,,/,,5,0,,SES,,
10766,SES 409,SES,LS,Korrepetisyon VII,,"Erhan Uslu, Gülaram Baltayeva",TMB | ---,,/,,5,2,,SES,,
10767,SES 409,SES,LS,Korrepetisyon VII,,"Sinem Özdemir, Kemal Akdoğan",TMB | ---,,/,,5,2,,SES,,
10768,SES 409,SES,LS,Korrepetisyon VII,,"Sinem Özdemir, Fidan Kurt Kasapbaşı",TMB | ---,,/,,5,2,,SES,,
10769,SES 409,SES,LS,Korrepetisyon VII,,"Sinem Özdemir, Laçin Modiri",TMB | ---,,/,,5,0,,SES,,
10770,SES 409,SES,LS,Korrepetisyon VII,,"Sinem Özdemir, Gülaram Baltayeva",TMB | ---,,/,,5,2,,SES,,
10771,SES 413,SES,LS,Dünya Vokal Teknikleri III,,Fidan Kurt Kasapbaşı,TMB | ---,,/,,7,7,,SES,,
10772,SES 413,SES,LS,Dünya Vokal Teknikleri III,,Kemal Akdoğan,TMB | ---,,/,,8,8,,SES,,
10773,SES 413,SES,LS,Dünya Vokal Teknikleri III,,Laçin Modiri,TMB | ---,,/,,5,1,,SES,,
10774,SES 413,SES,LS,Dünya Vokal Teknikleri III,,Gülaram Baltayeva,TMB | ---,,/,,5,4,,SES,,
10775,SES 417,SES,LS,Fasıl I,,Gülşah Sönmez,"TMB
TMB | ---
---",Salı | Perşembe,13:30/15:29 | 13:30/15:29,,20,13,,"CAB, CEB, SES",,
10776,SES 421,SES,LS,Koro V (Kredisiz),,Fidan Kurt Kasapbaşı,"TMB
TMB | ---
---",Salı | Perşembe,10:30/12:29 | 10:30/12:29,,40,21,,SES,,
10777,KIM 223,KIM,LS,Anorganik Kimya I,,Esin Hamuryudan,FEB,Perşembe,08:30/11:29,D105,40,30,,"KIM, KIMM",,
10778,SES 423,SES,LS,Yrd. Repertuvar I (TSM),,Gülşah Sönmez,TMB,Çarşamba,08:30/10:29,---,20,11,,SES,,
10779,SES 425,SES,LS,Yrd. Repertuvar I (THM),,Seval Eroğlu,TMB,Pazartesi,13:30/15:29,---,20,8,,SES,,
10780,SES 427,SES,LS,Sahne Bilgisi ve Jest Mimik,,Kemal Akdoğan,TMB,Cuma,10:30/12:29,---,20,8,,"CAB, CEB, SES",,
10781,KIM 223,KIM,LS,Anorganik Kimya I,,Zehra Bayır,FEB,Perşembe,08:30/11:29,D106,40,40,,"KIM, KIMM",,
10782,SES 433,SES,LS,Yrd. Repertuvar III (THM),,Seval Eroğlu,TMB,Çarşamba,08:30/10:29,---,10,8,,SES,,
10783,KIM 223E,KIM,LS,Inorganic Chemistry I,,Ozan Sanlı Şentürk,FEB,Perşembe,08:30/11:29,D205,35,21,,KIM,,
10784,SES 435,SES,LS,Yrd. Repertuvar III (TSM),,Gülşah Sönmez,TMB,Çarşamba,13:30/15:29,---,20,14,,SES,,
10785,KIM 224E,KIM,LS,Inorganic Chemistry II,,Altuğ Mert Sevim,FEB,Cuma,08:30/11:29,D105,25,16,,KIM,,
10786,SES 455,SES,LS,Barak Ağzı Repertuvarı,,Deniz Güneş,TMB,Cuma,09:30/12:29,---,20,3,,SES,,
10787,SES 465,SES,LS,Sahne Psikolojisi,,Kemal Akdoğan,TMB,Pazartesi,10:30/12:29,---,20,4,,SES,,
10788,KIM 231,KIM,LS,Organik Kimya I,,Turan Öztürk,"FEB
FEB | D201
D105",Pazartesi | Salı,12:30/14:29 | 10:30/12:29,,50,43,,"KIM, KIMM",,
10789,SES 473,SES,LS,Sözlü Oyun Ezgileri Rep.,,Cenap Güngör,"TMB
TMB | ---
---",Pazartesi | Salı,15:30/17:29 | 10:30/12:29,,10,0,,THO,,
10790,SES 491,SES,LS,TSM Repertuarı VII,,Sinem Özdemir,"TMB
TMB | ---
---",Pazartesi | Çarşamba,13:30/15:29 | 13:30/15:29,,7,7,,SES,,
10791,SES 492,SES,LS,Bitirme Çalışması,,Sinem Özdemir,TMB | ---,,/,,100,5,,SES,,
10792,SES 497,SES,LS,III Selim Dönemi Repertuvarı,,Cengizhan Sönmez,TMB,Perşembe,15:30/17:29,---,10,2,,SES,,
10793,MUT 101,MUT,LS,Kemençe Yapımı I,,Mehmet Haşim Açanal,TMB | ---,,/,,10,4,,"MUT, MZT",,
10794,KIM 231L,KIM,LS,Organik Kimya Lab. I,,Ufuk Saim Günay,FEB,Perşembe,12:30/17:29,LAB-D,65,62,,KIM,,
10795,MUT 111,MUT,LS,Tanbur Yapımı,,İbrahim Coşkun,TMB | ---,,/,,10,2,,"MTMM, MUT, MZT",,
10796,MUT 131,MUT,LS,Akustik I,,Murat Tıraş,TMB,Salı,13:30/15:29,---,45,40,,"BST, KMP, MTR, MUT, MUZ, MZT",,
10797,KIM 232,KIM,LS,Organik Kimya II,,--,"FEB
FEB | ---
---",Pazartesi | Salı,11:30/13:29 | 11:30/13:29,,0,0,,KIM,,
10798,MUT 141,MUT,LS,Kayıt Teknikleri,,"Sertaç Kakı, Yusuf Can Murtezaoğlu","TMB
TMB | ---
---",Salı | Cuma,15:30/17:29 | 10:30/12:29,,20,11,,"MTMS, MUT, MZT",,
10799,MUT 153,MUT,LS,Sayısal Ses Çalışma Ortamları,,Sair Sinan Kestelli,TMB,Salı,10:30/12:29,---,20,11,,"MUT, MZT",,
10800,MUT 161,MUT,LS,Ağaç Teknolojisi,,Tuğcan Eğüz Yeşiltepe,TMB,Salı,10:30/12:29,---,20,8,,"MUT, MZT",,
10801,KIM 232,KIM,LS,Organik Kimya II,,Okan Sirkecioğlu,"FEB
FEB | D202
D205",Pazartesi | Salı,11:30/13:29 | 11:30/13:29,,80,70,,KIM,,
10802,MUT 201,MUT,LS,Kemane Yapımı,,Şafak Köksal,TMB | ---,,/,,10,1,,"MTMY, MUT, MZT",,
10803,MUT 211,MUT,LS,Ud Yapımı,,İbrahim Coşkun,TMB | ---,,/,,10,3,,"MTMM, MUT, MZT",,
10804,MUT 241,MUT,LS,İleri Kayıt Teknikleri,,"Ozan Sarıer, Oğuz Öz","TMB
TMB | ---
---",Pazartesi | Çarşamba,13:30/15:29 | 13:30/15:29,,20,7,,"MUT, MZT",,
10805,KIM 232L,KIM,LS,Organik Kimya Lab. II,,Nesrin Köken,"FEB
FEB | LAB-D
LAB-D",Cuma | Cuma,11:30/12:59 | 14:00/17:29,,35,18,,KIM,,
10806,MUT 253,MUT,LS,Prodüksiyon Analizi,,Mehmet Cevdet Erek,TMB,Perşembe,13:30/15:29,---,20,8,,"MUT, MZT",,
10807,MUT 263,MUT,LS,Ölçme ve Kontrol Bilgisi,,Tuğcan Eğüz Yeşiltepe,TMB,Cuma,10:30/12:29,---,20,4,,"MUT, MZT",,
10808,MUT 267,MUT,LS,Stüdyo Akustiği,,Murat Tıraş,TMB,Pazartesi,10:30/12:29,---,20,18,,"MUT, MZT",,
10809,KIM 252,KIM,LS,Kimyasal Termodinamik,,Nermin Orakdöğen,FEB,Pazartesi,08:30/11:29,D205,50,39,,"KIM, KIMM",,
10810,MUT 269,MUT,LS,Çalgı Teknik Resmi I,,Şafak Köksal,TMB,Çarşamba,10:30/12:29,---,20,3,,"MUT, MZT",,
10811,KIM 262E,KIM,LS,Int. Quantum Chemistry,,Nurcan Tüzün,FEB,Çarşamba,12:30/15:29,D105,26,26,,"KIM, KIME",,
10812,KIM 262E,KIM,LS,Int. Quantum Chemistry,,Mine Yurtsever,FEB,Çarşamba,12:30/15:29,D106,26,25,,"KIM, KIME",,
10813,KIM 271,KIM,LS,Kimyacılar için Matematik,,Berkay Sütay,FEB,Salı,08:30/11:29,D203,70,37,,KIM,,
10814,MUT 301,MUT,LS,Keman Yapımı II,,Ahmet Tunç Buyruklar,TMB | ---,,/,,10,3,,"MUT, MZT",,
10815,MUT 304,MUT,LS,Ney Yapımı,,Ahmet Tunç Buyruklar,TMB,Pazartesi,13:30/15:29,---,10,1,,"MUT, MZT",,
10816,KIM 303E,KIM,LS,Organic Chemistry I,,Hacer Ayşen Önen,FEB,Perşembe,10:30/12:29,D101,45,10,,"BIO, BIOE, BIOM, KIMM",,
10817,MUT 311,MUT,LS,Gitar Yapımı,,Mehmet Ali Sezen,TMB | ---,,/,,10,2,,"MUT, MZT",,
10818,MUT 313,MUT,LS,Çalgı Süsleme Sanatı,,İbrahim Coşkun,TMB,Çarşamba,13:30/15:29,---,20,3,,"MUT, MZT",,
10819,MUT 361,MUT,LS,Çalgı Bilgisi I,,Ahmet Tunç Buyruklar,TMB,Salı,08:30/10:29,---,20,14,,"MUT, MZT",,
10820,KIM 311,KIM,LS,Fiziksel Kimya I,,Candan Erbil,FEB,Pazartesi,08:30/11:29,D105,47,42,,KIM,,
10821,MUT 363,MUT,LS,Serbest Proje Çalışması I,,Can Karadoğan,TMB | ---,,/,,5,4,,"MUT, MZT",,
10822,MUT 363,MUT,LS,Serbest Proje Çalışması I,,Taylan Özdemir,TMB | ---,,/,,5,5,,"MUT, MZT",,
10823,KIM 311,KIM,LS,Fiziksel Kimya I,,Caner Ünlü,FEB,Pazartesi,08:30/11:29,D106,47,48,,KIM,,
10824,MUT 363,MUT,LS,Serbest Proje Çalışması I,,Gökhan Deneç,TMB | ---,,/,,5,5,,"MUT, MZT",,
10825,MUT 363,MUT,LS,Serbest Proje Çalışması I,,Ozan Sarıer,TMB | ---,,/,,5,5,,"MUT, MZT",,
10826,MUT 363,MUT,LS,Serbest Proje Çalışması I,,Şafak Köksal,TMB | ---,,/,,5,2,,"MUT, MZT",,
10827,KIM 311L,KIM,LS,Fiziksel Kimya Lab. I,,Candan Erbil,FEB,Perşembe,13:30/17:29,LAB-C,50,35,,KIM,,
10828,MUT 363,MUT,LS,Serbest Proje Çalışması I,,İbrahim Coşkun,TMB | ---,,/,,5,3,,"MUT, MZT",,
10829,MUT 371,MUT,LS,Çok Kanallı Miks,,Taylan Özdemir,"TMB
TMB | ---
---",Salı | Perşembe,10:30/12:29 | 13:30/15:29,,20,18,,"MTMS, MUT, MZT",,
10830,KIM 312E,KIM,LS,Physical Chemistry II,,Orhan Güney,FEB,Pazartesi,14:30/17:29,D201,50,43,,"KIM, KIME",,
10831,MUT 382,MUT,LS,Elektrik-Elektronik,,Mehmet Haşim Açanal,TMB,Cuma,14:00/15:59,---,20,13,,"MUT, MZT",,
10832,MUT 384,MUT,LS,Elektro Akustik Kompozisyon,,Sair Sinan Kestelli,TMB,Salı,13:30/15:29,---,20,17,,"MUT, MZT",,
10833,MUT 401,MUT,LS,Viyolonsel Yapımı I,,Mehmet Tangör,TMB | ---,,/,,10,2,,"MTMY, MUT, MZT",,
10834,KIM 312L,KIM,LS,Fiziksel Kimya Lab. II,,Orhan Güney,FEB,Salı,13:30/17:29,LAB-C,55,51,,KIM,,
10835,KIM 315E,KIM,LS,The Chemistry of Elements,,Özgül Sağlam,FEB,Cuma,14:30/17:29,L200,28,32,,"KIM, KIME, KIMM",,
10836,MUT 403,MUT,LS,Bendir Yapımı,,İbrahim Coşkun,TMB,Çarşamba,10:30/12:29,---,10,3,,"MUT, MZT",,
10837,KIM 318,KIM,LS,Kolloid Kimyası,,Nevin Öztekin,FEB,Çarşamba,12:30/15:29,L200,20,11,,"KIM, KIMM, KMM",,
10838,MUT 411,MUT,LS,Kanun Yapımı I,,Şafak Köksal,TMB | ---,,/,,10,2,,"MTMM, MUT, MZT",,
10839,MUT 441,MUT,LS,Mastering,,Sertaç Kakı,"TMB
TMB | ---
---",Salı | Cuma,13:30/15:29 | 08:30/10:29,,20,11,,"MTMS, MUT, MZT",,
10840,KIM 323E,KIM,LS,Natural Products Chemistry,,--,FEB,Perşembe,08:30/11:29,---,0,0,,"KIM, KIME, KIMM",,
10841,KIM 325E,KIM,LS,Intr. to Bioinorganic Chem.,,Behice Şebnem Sesalan,FEB,Çarşamba,08:30/11:29,L200,28,24,,"KIM, KIME, KIMM",,
10842,KIM 326E,KIM,LS,Introduction to Biochemistry,,Onur Alptürk,MED,Cuma,08:30/11:29,B33,50,44,,"KIM, KIMM",,
10843,KIM 326E,KIM,LS,Introduction to Biochemistry,,Muhammet Übeydullah Kahveci,MED,Cuma,08:30/11:29,B34,50,46,,"KIM, KIMM",,
10844,KIM 414,KIM,LS,Gıda Kimyası,,Cüneyt Hüseyin Ünlü,FEB,Çarşamba,08:30/11:29,D106,25,20,,"BIO, KIM, KIMM",,
10845,KIM 422,KIM,LS,Endüstriyel Kimya,,Bünyamin Karagöz,FEB,Çarşamba,08:30/11:29,D105,40,33,,"KIM, KIMM",,
10846,KIM 425,KIM,LS,Su Kimyası,,Behice Şebnem Sesalan,FEB,Salı,08:30/11:29,L200,22,16,,"KIM, KIMM",,
10847,KIM 427,KIM,LS,Seramik Kimyası,,Gülcemal Yıldız,FEB,Salı,14:30/17:29,L200,25,25,,"KIM, KIMM, KMM",,
10848,KIM 429,KIM,LS,Yeşil Kimya,,--,FEB,Cuma,08:30/11:29,---,0,0,,"KIM, KIMM",,
10849,KIM 435,KIM,LS,Çevre Kimyası I,,Aslı Baysal,,Salı,14:30/17:29,,30,29,,"KIM, KIMM",,
10850,MUT 451,MUT,LS,Sahne Kayıt Teknikleri,,Gökhan Deneç,TMB,Salı,15:30/17:29,---,20,7,,"MUT, MZT",,
10851,MUT 461,MUT,LS,Canlı Ses Donatımı,,Gökhan Deneç,TMB,Perşembe,10:30/12:29,---,20,7,,"MUT, MZT",,
10852,KIM 454E,KIM,LS,Intr. to Computational Chem.,,--,FEB,Salı,14:30/17:29,---,0,0,,KIM,,
10853,MUT 463,MUT,LS,Serbest Proje Çalışması III,,Sertaç Kakı,TMB | ---,,/,,5,4,,"MUT, MZT",,
10854,MUT 463,MUT,LS,Serbest Proje Çalışması III,,Mehmet Cevdet Erek,TMB | ---,,/,,5,2,,"MUT, MZT",,
10855,MUT 463,MUT,LS,Serbest Proje Çalışması III,,Sair Sinan Kestelli,TMB | ---,,/,,5,1,,"MUT, MZT",,
10856,MUT 463,MUT,LS,Serbest Proje Çalışması III,,Ozan Sarıer,TMB | ---,,/,,5,5,,"MUT, MZT",,
10857,KIM 471,KIM,LS,Organik Kimya III,,Ayşe Özdemir,FEB,Perşembe,08:30/11:29,D206,35,20,,"KIM, KIMM",,
10858,KIM 472E,KIM,LS,Electrochemistry,,Belkız Ustamehmetoğlu,FEB,Cuma,08:30/11:29,D306,25,20,,"KIM, KIMM",,
10859,MUT 463,MUT,LS,Serbest Proje Çalışması III,,Mehmet Haşim Açanal,TMB | ---,,/,,5,2,,"MUT, MZT",,
10860,KIM 473E,KIM,LS,Organic Structure Analysis,,Turan Öztürk,FEB,Cuma,14:30/17:29,D106,30,11,,KIM,,
10861,MUT 463,MUT,LS,Serbest Proje Çalışması III,,Tuğcan Eğüz Yeşiltepe,TMB | ---,,/,,5,2,,"MUT, MZT",,
10862,MUT 465,MUT,LS,Çalgı Restorasyonu,,Mehmet Tangör,TMB,Pazartesi,13:30/15:29,---,20,6,,"MUT, MZT",,
10863,MUT 492,MUT,LS,Bitirme Çalışması,,Can Karadoğan,TMB | ---,,/,,100,7,,"MUT, MZT",,
10864,KIM 474,KIM,LS,Polimer Kimyası,,Ümit Tunca,FEB,Salı,08:30/11:29,D101,52,48,,KIM,,
10865,MTR 101,MTR,LS,Makam Teorisi I,,Eren Özek,"TMB
TMB
TMB | ---
---
---",Salı | Çarşamba | Perşembe,15:30/17:29 | 10:30/12:29 | 08:30/10:29,,40,26,,"MTR, MUT, MUZ, MZT, SES",,
10866,KIM 482E,KIM,LS,Organic Reactions,,Gürkan Hızal,FEB,Perşembe,14:30/17:29,D106,25,12,,KIM,,
10867,MTR 101,MTR,LS,Makam Teorisi I,,Eren Özek,"TMB
TMB
TMB | ---
---
---",Pazartesi | Çarşamba | Perşembe,15:30/17:29 | 13:30/15:29 | 10:30/12:29,,40,36,,"MTR, MUT, MUZ, MZT, SES",,
10868,MTR 101,MTR,LS,Makam Teorisi I,,Elif Ahıs,"TMB
TMB
TMB | ---
---
---",Pazartesi | Salı | Perşembe,10:30/12:29 | 08:30/10:29 | 15:30/17:29,,40,41,,"MTR, MUT, MUZ, MZT, SES",,
10869,KIM 4901,KIM,LS,Araştırma Projesi I,,Bahire Filiz Şenkal,FEB | ---,,/,,500,32,,KIM,,
10870,MTR 103,MTR,LS,Müzik Teorisi I,,Mehmet Özkan,"TMB
TMB
TMB | ---
---
---",Pazartesi | Perşembe | Cuma,10:30/12:29 | 15:30/17:29 | 10:30/12:29,,30,21,,"MTR, MUT, MUZ, MZT, SES",,
10871,KIM 4901E,KIM,LS,Research Project I,,Bahire Filiz Şenkal,FEB | ---,,/,,500,22,,KIM,,
10872,MTR 103,MTR,LS,Müzik Teorisi I,,Ufuk Biçak,"TMB
TMB
TMB | ---
---
---",Pazartesi | Salı | Cuma,08:30/10:29 | 10:30/12:29 | 14:00/15:59,,30,20,,"MTR, MUT, MUZ, MZT, SES",,
10873,MTR 103,MTR,LS,Müzik Teorisi I,,Emel Şenocak,"TMB
TMB
TMB | ---
---
---",Pazartesi | Çarşamba | Perşembe,15:30/17:29 | 13:30/15:29 | 13:30/15:29,,32,32,,"MTR, MUT, MUZ, MZT, SES",,
10874,KIM 4902,KIM,LS,Araştırma Projesi II,,Bahire Filiz Şenkal,FEB | ---,,/,,500,12,,KIM,,
10875,MTR 103,MTR,LS,Müzik Teorisi I,,Ayşecan Olgun,"TMB
TMB
TMB | ---
---
---",Pazartesi | Çarşamba | Cuma,13:30/15:29 | 10:30/12:29 | 08:30/10:29,,30,10,,"MTR, MUT, MUZ, MZT, SES",,
10876,KIM 4902E,KIM,LS,Research Project II,,Bahire Filiz Şenkal,FEB | ---,,/,,500,5,,KIM,,
10877,MTR 105,MTR,LS,Ritim Uygulama I,,Serhat Tansu Altuğ,TMB,Salı,13:30/15:29,---,25,17,,MTR,,
10878,MTR 123,MTR,LS,Müzik Teorisi I,,Emel Şenocak,"TMB
TMB | ---
---",Pazartesi | Perşembe,10:30/12:29 | 10:30/12:29,,25,8,,THO,,
10879,KIM 492,KIM,LS,Bitirme Çalışması,,Bahire Filiz Şenkal,FEB | ---,,/,,500,0,,KIM,,
10880,MTR 143,MTR,LS,Müzik Teorisi I,,Recep Gül,"TMB
TMB | ---
---",Salı | Cuma,13:30/15:29 | 10:30/12:29,,30,20,,"BST, CAB, CEB, CGM7, KMP",,
10881,KIM 492E,KIM,LS,Graduation Project,,Bahire Filiz Şenkal,FEB | ---,,/,,500,1,,"KIM, KIME",,
10882,MTR 201,MTR,LS,Makam Teorisi III,,Nurullah Kanık,"TMB
TMB
TMB | ---
---
---",Pazartesi | Çarşamba | Perşembe,10:30/12:29 | 13:30/15:29 | 08:30/10:29,,40,38,,"MTR, MUT, MUZ, MZT, SES",,
10883,MTR 201,MTR,LS,Makam Teorisi III,,Elif Ahıs,"TMB
TMB
TMB | ---
---
---",Salı | Perşembe | Cuma,13:30/15:29 | 10:30/12:29 | 14:00/15:59,,40,21,,"MTR, MUT, MUZ, MZT, SES",,
10884,MTR 203,MTR,LS,Müzik Teorisi III,,Ayşecan Olgun,"TMB
TMB
TMB | ---
---
---",Salı | Çarşamba | Cuma,13:30/15:29 | 08:30/10:29 | 10:30/12:29,,30,27,,"MTR, MUT, MUZ, MZT, SES",,
10885,MTR 203,MTR,LS,Müzik Teorisi III,,Emel Şenocak,"TMB
TMB
TMB | ---
---
---",Pazartesi | Çarşamba | Perşembe,13:30/15:29 | 10:30/12:29 | 15:30/17:29,,30,18,,"MTR, MUT, MUZ, MZT, SES",,
10886,MTR 203,MTR,LS,Müzik Teorisi III,,Ufuk Biçak,"TMB
TMB
TMB | ---
---
---",Pazartesi | Salı | Perşembe,10:30/12:29 | 15:30/17:29 | 08:30/10:29,,30,23,,"MTR, MUT, MUZ, MZT, SES",,
10887,MTR 205,MTR,LS,Müzik Teorileri Tarihi I,,Gülay Karamahmutoğlu,TMB,Salı,10:30/12:29,---,30,12,,"MTR, MTRM",,
10888,MTR 207,MTR,LS,Teori Uygulama I,,Gülay Karamahmutoğlu,TMB,Perşembe,13:30/15:29,---,25,15,,"MTR, MTRM",,
10889,MTR 221,MTR,LS,Makam Teorisi III,,Göktan Ay,"TMB
TMB | ---
---",Pazartesi | Çarşamba,15:30/17:29 | 13:30/15:29,,25,5,,THO,,
10890,MTR 223,MTR,LS,Müzik Teorisi III,,Emel Şenocak,"TMB
TMB | ---
---",Salı | Çarşamba,10:30/12:29 | 08:30/10:29,,25,7,,THO,,
10891,MTR 243,MTR,LS,Müzik Teorisi III,,Mehmet Özkan,"TMB
TMB | ---
---",Salı | Perşembe,10:30/12:29 | 13:30/15:29,,25,6,,"BST, CAB, CEB, KMP",,
10892,MTR 301,MTR,LS,İleri Makam Teorisi I,,Elif Ahıs,"TMB
TMB | ---
---",Salı | Perşembe,10:30/12:29 | 13:30/15:29,,15,7,,MTR,,
10893,MTR 301,MTR,LS,İleri Makam Teorisi I,,Nurullah Kanık,"TMB
TMB | ---
---",Pazartesi | Çarşamba,13:30/15:29 | 08:30/10:29,,15,3,,MTR,,
10894,MTR 303,MTR,LS,İleri Müzik Teorisi I,,Ufuk Biçak,"TMB
TMB | ---
---",Salı | Cuma,08:30/10:29 | 10:30/12:29,,25,18,,MTR,,
10895,MTR 305,MTR,LS,Müzik Teorileri Tarihi III,,Gülay Karamahmutoğlu,TMB,Perşembe,10:30/12:29,---,30,15,,"MTR, MTRM",,
10896,MTR 307,MTR,LS,Teori Uygulama III,,Gülay Karamahmutoğlu,TMB,Salı,13:30/15:29,---,25,8,,"MTR, MTRM",,
10897,MTR 309,MTR,LS,Ses Sistemleri I,,Ufuk Biçak,TMB,Cuma,08:30/10:29,---,40,20,,"MTR, MTRM",,
10898,MTR 317,MTR,LS,Müzik Metin Çözümlemeleri I,,Kemal Hasan Karnal,TMB,Salı,13:30/15:29,---,27,24,,"MUT, SES",,
10899,MTR 321,MTR,LS,Müzikte Metin Çözümlemeleri I,,Kemal Hasan Karnal,TMB,Salı,15:30/17:29,---,40,11,,MTR,,
10900,MTR 401,MTR,LS,İleri Makam Teorisi III,,Nurullah Kanık,"TMB
TMB | ---
---",Pazartesi | Çarşamba,15:30/17:29 | 10:30/12:29,,30,9,,MTR,,
10901,MTR 403,MTR,LS,İleri Müzik Teorisi III,,Ayşecan Olgun,"TMB
TMB | ---
---",Salı | Cuma,15:30/17:29 | 14:00/15:59,,25,19,,MTR,,
10902,MTR 405,MTR,LS,Dikte ve Deşifre I,,Göktan Ay,TMB,Perşembe,10:30/12:29,---,25,15,,MTR,,
10903,MTR 407,MTR,LS,Eser Çözümleme I,,Neşe Yeşim Altınel Çoban,TMB,Pazartesi,13:30/15:29,---,25,23,,MTR,,
10904,MTR 431,MTR,LS,Dikte Deşifre I,,Metin Eke,TMB,Cuma,14:00/15:59,---,30,28,,"CAB, CEB, SES, THO",,
10905,MTR 433,MTR,LS,Eser Çözümleme I,,Neşe Yeşim Altınel Çoban,TMB,Perşembe,10:30/12:29,---,20,9,,"CAB, CEB, SES",,
10906,MTR 441,MTR,LS,Dikte Deşifre I,,Göktan Ay,"TMB
TMB | ---
---",Pazartesi | Perşembe,10:30/12:29 | 08:30/10:29,,25,10,,SES,,
10907,MTR 443,MTR,LS,Eser Çözümleme I,,Neşe Yeşim Altınel Çoban,"TMB
TMB | ---
---",Pazartesi | Perşembe,10:30/12:29 | 08:30/10:29,,20,8,,SES,,
10908,MTR 492,MTR,LS,Bitirme Çalışması,,Eren Özek,TMB | ---,,/,,100,8,,MTR,,
10909,KMP 101,KMP,LS,Kompozisyon I,,Eray Altınbüken,TMB,Cuma,14:00/15:59,---,10,2,,"BST, KMP",,
10910,KMP 113,KMP,LS,Klasik Armoni I,,Nail Yavuzoğlu,TMB,Pazartesi,10:30/12:29,---,10,6,,"BST, KMP",,
10911,KMP 115,KMP,LS,Müzik Formları I,,Ayhan Gunca,TMB,Perşembe,10:30/12:29,---,10,2,,"BST, KMP",,
10912,KMP 193,KMP,LS,Armoni I,,Recep Gül,TMB,Pazartesi,09:30/12:29,---,25,13,,"MUT, MUZ, SES",,
10913,KMP 195,KMP,LS,Form Bilgisi I,,Şirin Karadeniz,TMB,Pazartesi,10:30/12:29,---,25,23,,"CAB, CEB, MTR, MUT, SES",,
10914,KMP 195,KMP,LS,Form Bilgisi I,,Şirin Karadeniz,TMB,Salı,10:30/12:29,---,25,25,,"CAB, CEB, MTR, MUT, SES",,
10915,KMP 197,KMP,LS,Konturpuan-Füg I,,Ayhan Gunca,TMB,Perşembe,13:30/15:29,---,25,14,,"CAB, CEB, MTR",,
10916,KMP 197,KMP,LS,Konturpuan-Füg I,,Ayhan Gunca,TMB,Çarşamba,15:30/17:29,---,27,25,,"CAB, CEB, MTR",,
10917,KMP 201,KMP,LS,Kompozisyon III,,Eray Altınbüken,"TMB
TMB | ---
---",Çarşamba | Cuma,08:30/10:29 | 10:30/12:29,,10,2,,"BST, KMP",,
10918,KMP 203,KMP,LS,Türk Müziği Literatürü I,,Neşe Yeşim Altınel Çoban,TMB,Pazartesi,08:30/10:29,---,10,0,,"BST, KMP",,
10919,KMP 205,KMP,LS,Kontrpuan- Füg I,,Nail Yavuzoğlu,TMB,Perşembe,08:30/10:29,---,10,2,,"BST, KMP",,
10920,KMP 293,KMP,LS,Armoni I,,Recep Gül,TMB,Cuma,14:00/15:59,---,25,24,,"CAB, CEB, MTR, MTRM",,
10921,KMP 293,KMP,LS,Armoni I,,Recep Gül,TMB,Salı,08:30/10:29,---,25,22,,"CAB, CEB, MTR, MTRM",,
10922,KMP 301,KMP,LS,Kompozisyon V,,Oğuzhan Balcı,"TMB
TMB | ---
---",Pazartesi | Çarşamba,13:30/15:29 | 10:30/12:29,,5,2,,"BST, KMP",,
10923,KMP 303,KMP,LS,Kompozisyon Çözümleme I,,Tayfun Demirbaş,TMB,Pazartesi,10:30/12:29,---,5,3,,"BST, KMP",,
10924,KMP 305,KMP,LS,Koro Şefliği I,,Ayhan Gunca,TMB,Salı,13:30/15:29,---,10,2,,"BST, KMP",,
10925,KMP 307,KMP,LS,Prozodi,,Neşe Yeşim Altınel Çoban,TMB,Salı,10:30/12:29,---,10,2,,"BST, KMP",,
10926,KMP 321,KMP,LS,Batı Müziği Literatürü I,,Mehmet Özkan,TMB,Salı,08:30/10:29,---,5,1,,"BST, KMP",,
10927,KMP 323,KMP,LS,Türk Müziğinde Polifoni I,,Nail Yavuzoğlu,TMB,Perşembe,10:30/12:29,---,10,2,,"BST, KMP",,
10928,KMP 331,KMP,LS,Ölçü ve Vuruş Tekniği I,,Ayhan Gunca,TMB,Salı,15:30/17:29,---,10,1,,"BST, KMP",,
10929,KMP 361,KMP,LS,Türk MzğndeFrmBilg.ve Çzmlme I,,Gözde Çolakoğlu Sarı,TMB,Perşembe,09:30/12:29,---,25,6,,MUZ,,
10930,KMP 401,KMP,LS,Kompozisyon VII,,Oğuzhan Balcı,"TMB
TMB | ---
---",Pazartesi | Çarşamba,08:30/10:29 | 13:30/15:29,,15,6,,"BST, KMP",,
10931,KMP 403,KMP,LS,Kompozisyon Çözümleme III,,Ayhan Gunca,TMB,Salı,10:30/12:29,---,5,3,,"BST, KMP",,
10932,KMP 405,KMP,LS,Modern Armoni,,Nail Yavuzoğlu,TMB,Pazartesi,13:30/15:29,---,10,2,,"BST, KMP",,
10933,KMP 411,KMP,LS,Orkestrasyon II,,Ayhan Gunca,TMB,Çarşamba,08:30/10:29,---,5,5,,"BST, KMP",,
10934,KMP 421,KMP,LS,Batı Müziği Literatürü III,,Mehmet Özkan,TMB,Cuma,14:00/15:59,---,5,3,,"BST, KMP",,
10935,KMP 423,KMP,LS,Türk Müziğinde Polifoni III,,Nail Yavuzoğlu,TMB,Pazartesi,15:30/17:29,---,5,0,,"BST, KMP",,
10936,KMP 433,KMP,LS,Partisyon Okuma I,,Recep Gül,TMB,Salı,15:30/17:29,---,5,2,,"BST, KMP",,
10937,KMP 457,KMP,LS,Partisyon Çözümleme I,,Recep Gül,TMB,Salı,10:30/12:29,---,15,1,,"MTR, MUT",,
10938,KMP 492,KMP,LS,Bitirme Çalışması,,Oğuzhan Balcı,TMB | ---,,/,,100,0,,"BST, KMP",,
10939,KMP 294,KMP,LS,Armoni II,,Nail Yavuzoğlu,TMB,Perşembe,13:30/15:29,---,20,10,,"CAB, CEB, MTR, MTRM",,
10940,THO 109,THO,LS,Oyun Ritim Bilgisi I,,Eyüp Uzunkaya,TMB,Çarşamba,13:30/15:29,---,20,6,,"THMT, THO",,
10941,THO 111,THO,LS,Hareket Anatomisi I,,Nihal Cömert,TMB,Salı,10:30/12:29,---,20,8,,"THMT, THO",,
10942,THO 113,THO,LS,Oyun Tekniği I,,Salim Sınar,"TMB
TMB | ---
---",Pazartesi | Perşembe,13:30/15:29 | 13:30/15:29,,20,5,,"THMA, THMH, THMK, THMN, THMR, THMT, THMZ, THO",,
10943,THO 115,THO,LS,Bale I,,Yurıy Mezokh,"TMB
TMB | ---
---",Pazartesi | Cuma,15:30/17:29 | 10:30/12:29,,20,4,,"THMB, THO",,
10944,THO 115,THO,LS,Bale I,,Funda Bozkurt,"TMB
TMB | ---
---",Salı | Cuma,15:30/17:29 | 10:30/12:29,,20,1,,"THMB, THO",,
10945,THO 117,THO,LS,Kondisyon Ve Esneme I (Krdsz),,Yurıy Mezokh,"TMB
TMB | ---
---",Salı | Cuma,13:31/15:29 | 08:30/10:29,,20,5,,"THMB, THMD, THO",,
10946,MTH 101,MTH,LS,Calculus I,,Ali Sait Demir,"MED
MED | B36
B36",Pazartesi | Salı,15:30/17:29 | 08:30/11:29,,35,30,,"MBI, SBL",,
10947,THO 117,THO,LS,Kondisyon Ve Esneme I (Krdsz),,Funda Bozkurt,"TMB
TMB | ---
---",Salı | Cuma,13:30/15:29 | 08:30/10:29,,20,1,,"THMB, THMD, THO",,
10948,THO 201,THO,LS,Oyun Ritim Bilgisi III,,Salim Sınar,TMB,Salı,15:30/17:29,---,20,9,,THO,,
10949,THO 203,THO,LS,Türk Halk Oyunları I,,Salim Sınar,"TMB
TMB | ---
---",Salı | Perşembe,13:30/15:29 | 08:30/10:29,,20,9,,THO,,
10950,THO 205,THO,LS,Oyunda Yöresel Tavırlar I,,Eyüp Uzunkaya,"TMB
TMB | ---
---",Salı | Çarşamba,08:30/10:29 | 10:30/12:29,,20,4,,THO,,
10951,MTH 103,MTH,LS,Calculus I,,Fatma Özdemir,"FEB
FEB | B1_226
D201",Pazartesi | Salı,15:30/17:29 | 08:30/11:29,,30,19,,"MCB, SED, SEN",,
10952,THO 207,THO,LS,Oyun Repertuvarı I,,Cumhur Sevinç,"TMB
TMB | ---
---",Pazartesi | Perşembe,10:30/12:29 | 10:30/12:29,,20,9,,THO,,
10953,THO 303,THO,LS,Türk Halk Oyunları III,,Cenap Güngör,"TMB
TMB | ---
---",Pazartesi | Salı,13:30/15:29 | 15:30/17:29,,20,10,,THO,,
10954,THO 305,THO,LS,Oyunda Yöresel Tavırlar III,,Aydın Balcı,"TMB
TMB | ---
---",Salı | Perşembe,13:30/15:29 | 08:30/10:29,,20,16,,THO,,
10955,MTH 105,MTH,LS,Calculus I,,Sultan Erdoğan Demir,MED,Salı,08:30/11:29,B31,30,24,,"SEK, SIS",,
10956,THO 307,THO,LS,Oyun Repertuvarı III,,Serdar Bombacı,"TMB
TMB | ---
---",Salı | Çarşamba,10:30/12:29 | 08:30/10:29,,20,11,,THO,,
10957,THO 309,THO,LS,Halk Oyunları Sahne Bilgisi,,İlknur Demirbağ,TMB,Cuma,09:30/12:29,---,20,15,,"THMA, THMH, THMK, THMN, THMR, THMT, THMZ, THO",,
10958,THO 311,THO,LS,Oyun Analizi I,,Eyüp Uzunkaya,TMB,Pazartesi,08:30/11:29,---,20,14,,"THMT, THO",,
10959,MTH 107,MTH,LS,Calculus I,,Ahmet Duran,"MED
MED | B35
B35",Pazartesi | Salı,14:30/17:29 | 08:30/11:29,,35,33,,"SCE, SGI, SIN",,
10960,THO 313,THO,LS,Koreoloji I,,Nihal Cömert,"TMB
TMB | ---
---",Salı | Perşembe,08:30/10:29 | 10:30/12:29,,20,11,,THO,,
10961,THO 317,THO,LS,Sahne Projesi I (Kredisiz),,Cenap Güngör,TMB,Perşembe,13:30/17:29,---,5,5,,THO,,
10962,THO 317,THO,LS,Sahne Projesi I (Kredisiz),,Yurıy Mezokh,TMB,Perşembe,13:30/17:29,---,5,2,,THO,,
10963,MTH 123,MTH,LS,Calculus,,Nalan Antar,MED,Salı,08:30/11:29,B32,30,6,,STP,,
10964,THO 317,THO,LS,Sahne Projesi I (Kredisiz),,Funda Bozkurt,TMB,Perşembe,13:30/17:29,---,5,1,,THO,,
10965,THO 317,THO,LS,Sahne Projesi I (Kredisiz),,Cumhur Sevinç,TMB,Perşembe,13:30/17:29,---,5,5,,THO,,
10966,THO 371,THO,LS,Sahne ve Beden Dili I,,Kemal Akdoğan,TMB,Cuma,08:30/10:29,---,20,20,,SES,,
10967,THO 409,THO,LS,20.yy'da Dans,,İlknur Demirbağ,TMB,Cuma,14:00/16:59,---,20,13,,THO,,
10968,THO 411,THO,LS,Geleneksel Giyim Kuşam I,,İlknur Demirbağ,TMB,Pazartesi,10:30/12:29,---,20,11,,"THMA, THMH, THMK, THMN, THMR, THMT, THMZ, THO",,
10969,THO 413,THO,LS,Jest-Mimik,,Cumhur Sevinç,TMB,Çarşamba,09:30/12:29,---,20,13,,THO,,
10970,THO 417,THO,LS,Sahne Projesi III (Kredisiz),,--,TMB,Perşembe,13:30/17:29,---,0,0,,THO,,
10971,THO 417,THO,LS,Sahne Projesi III (Kredisiz),,İlknur Demirbağ,TMB,Perşembe,13:30/17:29,---,10,7,,THO,,
10972,THO 421,THO,LS,Azeri Oyun Repertuvarı I,,Salim Sınar,"TMB
TMB | ---
---",Salı | Perşembe,08:30/10:29 | 10:30/12:29,,10,0,,"THMA, THMT, THO",,
10973,THO 425,THO,LS,Halay Oyun Repertuvarı I,,Cenap Güngör,"TMB
TMB | ---
---",Salı | Perşembe,13:30/15:29 | 10:30/12:29,,10,0,,"THMH, THMT, THO",,
10974,THO 427,THO,LS,Horon Oyun Repertuvarı I,,Aydın Balcı,"TMB
TMB | ---
---",Salı | Perşembe,15:30/17:29 | 10:30/12:29,,10,2,,"THMN, THMT, THO",,
10975,THO 429,THO,LS,Karşılama- Hora Oyun Rep. I,,Serdar Bombacı,"TMB
TMB | ---
---",Salı | Perşembe,08:30/10:29 | 08:30/10:29,,10,5,,"THMK, THMT, THO",,
10976,THO 431,THO,LS,Kaşıklı Oyunlar I,,Funda Bozkurt,"TMB
TMB | ---
---",Salı | Perşembe,08:30/10:29 | 08:30/10:29,,10,0,,THO,,
10977,THO 435,THO,LS,Zeybek Oyun Repertuvarı I,,Cumhur Sevinç,"TMB
TMB | ---
---",Salı | Perşembe,08:30/10:29 | 08:30/10:29,,10,0,,"THMT, THMZ, THO",,
10978,THO 443,THO,LS,Denge Performans I,,Cumhur Sevinç,"TMB
TMB | ---
---",Pazartesi | Çarşamba,13:30/15:29 | 13:30/15:29,,10,5,,"THMB, THMD, THO",,
10979,THO 445,THO,LS,Köy Seyirlik Oyunları I,,Eyüp Uzunkaya,"TMB
TMB | ---
---",Pazartesi | Salı,15:30/17:29 | 10:30/12:29,,10,2,,THO,,
10980,THO 447,THO,LS,Modern Dans I,,Yurıy Mezokh,"TMB
TMB | ---
---",Salı | Çarşamba,10:30/12:29 | 13:30/15:29,,10,4,,"THMD, THO",,
10981,THO 453,THO,LS,Dans Antropolojisine Giriş,,Fatma Belma Kurtişoğlu,TMB,Pazartesi,08:30/10:29,---,10,4,,THO,,
10982,THO 461,THO,LS,Koreografi I,,Yurıy Mezokh,TMB,Pazartesi,08:30/10:29,---,10,3,,"THMA, THMB, THMD, THMH, THMK, THMN, THMR, THMZ, THO",,
10983,THO 471,THO,LS,Türk Halk Oyunları I,,Cenap Güngör,TMB,Salı,08:30/10:29,---,20,20,,SES,,
10984,THO 492,THO,LS,Bitirme Çalışması,,Eyüp Uzunkaya,TMB | ---,,/,,100,8,,THO,,
10985,CAB 143,CAB,LS,Yrd.Çalgı Piyano I,,Devlet Devrim Öztaş,TMB,Çarşamba,13:30/15:29,---,17,16,,"BST, CAB, CEB, KMP",,
10986,CAB 151,CAB,LS,Kanun I,,Safinaz Rizeli,TMB,Pazartesi,13:30/15:29,---,5,0,,"CGM3, CGM6, CGM7, CGM8, MTR, MUT, MUZ, MZT, SES",,
10987,HUK 201,HUK,LS,İş Hukuku,,Gizem Sarıbay Öztürk,MED,Salı,08:30/11:29,A11,200,194,,"AIN, ARC, BIO, BIOE, CEN, CEV, CEVE, CHZ, CHZE, DEN, DENE, EEE, EFN, EHB, EHBE, EHS, ELE, ELK, ELKE, END, ENDE, FIZ, FIZE, GEM, GEME, GEMK, GEO, GEOE, GID, GIDE, IML, IMLE, IND, INS, INSE, JDF, JEF, JEFE, KIM, KIME, KOM, KOME, MAD, MADE, MAK, MAKE, MMD, TEK, TEKE, UCK, UCKE, UZB, UZBE",,
10988,HUK 201,HUK,LS,İş Hukuku,,Ulaş Baysal,MDB,Perşembe,08:30/11:29,A202,100,98,,"AIN, ARC, BIO, BIOE, CEN, CEV, CEVE, CHZ, CHZE, DEN, DENE, EEE, EFN, EHB, EHBE, EHS, ELE, ELK, ELKE, END, ENDE, FIZ, FIZE, GEM, GEME, GEMK, GEO, GEOE, GID, GIDE, IML, IMLE, IND, INS, INSE, JDF, JEF, JEFE, KIM, KIME, KOM, KOME, MAD, MADE, MAK, MAKE, MMD, TEK, TEKE, UCK, UCKE, UZB, UZBE",,
10989,HUK 201,HUK,LS,İş Hukuku,,Mahmut Kabakcı,MED,Perşembe,14:30/17:29,A31,200,197,,"AIN, ARC, BIO, BIOE, CEN, CEV, CEVE, CHZ, CHZE, DEN, DENE, EEE, EFN, EHB, EHBE, EHS, ELE, ELK, ELKE, END, ENDE, FIZ, FIZE, GEM, GEME, GEMK, GEO, GEOE, GID, GIDE, IML, IMLE, IND, INS, INSE, JDF, JEF, JEFE, KIM, KIME, KOM, KOME, MAD, MADE, MAK, MAKE, MMD, TEK, TEKE, UCK, UCKE, UZB, UZBE",,
10990,HUK 211,HUK,LS,Sosyal Güvenlik Hukuku,,Mahmut Kabakcı,MED,Cuma,14:30/17:29,A31,200,149,,"AIN, ARC, BIO, BIOE, BLG, BLGE, BST, CAB, CEB, CEN, CEV, CEVE, CHZ, CHZE, DEN, DENE, ECNE, EEE, EFN, EHB, EHBE, EHS, ELE, ELH, ELK, ELKE, END, ENDE, ENTE, EUT, EUTE, FIZ, FIZE, GEM, GEME, GEMK, GEO, GEOE, GID, GIDE, GMI, GMIE, ICM, IML, IMLE, INS, INSE, ISL, ISLE, JDF, JEF, JEFE, JEO, JEOE, KIM, KIME, KMM, KMME, KMP, KOM, KOME, MAD, MADE, MAK, MAKE, MAT, MATE, MET, METE, MIM, MIME, MMD, MTM, MTO, MTOE, MTR, MUT, MUZ, MUZE, MZT, PEM, PEME, PET, PETE, SBP, SBPE, SES, TEB, TEK, TEKE, TEL, THO, UCK, UCKE, UZB, UZBE, YZVE",,
10991,HUK 213,HUK,LS,İş Sağlığı ve Güvenliği Hukuku,,"Mahmut Kabakcı, Ulaş Baysal",MDB,Çarşamba,08:30/11:29,A201,200,147,,"AIN, ARC, BIO, BIOE, BLG, BLGE, BST, CAB, CEB, CEN, CEV, CEVE, CHZ, CHZE, DEN, DENE, DUI, ECNE, EEE, EFN, EHB, EHBE, EHS, ELE, ELH, ELK, ELKE, END, ENDE, ENTE, EUT, EUTE, FIZ, FIZE, GEM, GEME, GEMK, GEO, GEOE, GID, GIDE, GMI, GMIE, ICM, IML, IMLE, INS, INSE, ISL, ISLE, JDF, JEF, JEFE, JEO, JEOE, KIM, KIME, KMM, KMME, KMP, KOM, KOME, MAD, MADE, MAK, MAKE, MAT, MATE, MET, METE, MIM, MIME, MMD, MSS, MTM, MTO, MTOE, MTR, MUT, MUZ, MUZE, MZT, PEM, PEME, PET, PETE, SBP, SBPE, SES, TEB, TEK, TEKE, TEL, THO, UCK, UCKE, UZB, UZBE, YZVE",,
10992,HUK 213,HUK,LS,İş Sağlığı ve Güvenliği Hukuku,,"Mahmut Kabakcı, Ulaş Baysal",MED,Cuma,08:30/11:29,A11,200,112,,"AIN, ARC, BIO, BIOE, BLG, BLGE, BST, CAB, CEB, CEN, CEV, CEVE, CHZ, CHZE, DEN, DENE, DUI, ECNE, EEE, EFN, EHB, EHBE, EHS, ELE, ELH, ELK, ELKE, END, ENDE, ENTE, EUT, EUTE, FIZ, FIZE, GEM, GEME, GEMK, GEO, GEOE, GID, GIDE, GMI, GMIE, ICM, IML, IMLE, INS, INSE, ISL, ISLE, JDF, JEF, JEFE, JEO, JEOE, KIM, KIME, KMM, KMME, KMP, KOM, KOME, MAD, MADE, MAK, MAKE, MAT, MATE, MET, METE, MIM, MIME, MMD, MSS, MTM, MTO, MTOE, MTR, MUT, MUZ, MUZE, MZT, PEM, PEME, PET, PETE, SBP, SBPE, SES, TEB, TEK, TEKE, TEL, THO, UCK, UCKE, UZB, UZBE, YZVE",,
10993,HUK 214,HUK,LS,Teknolojik Yeniliklerin Korun.,,Özgür Öztürk,MED,Pazartesi,08:30/11:29,B35,200,79,,"ARC, BIO, BIOE, BLG, BLGE, BST, CAB, CEB, CEN, CEV, CEVE, CHZ, CHZE, DEN, DENE, DUI, ECNE, EEE, EFN, EHB, EHBE, EHS, ELE, ELH, ELK, ELKE, END, ENDE, ENTE, EUT, EUTE, FIZ, FIZE, GEM, GEME, GEMK, GEO, GEOE, GID, GIDE, ICM, IML, IMLE, INS, INSE, ISL, ISLE, JDF, JEF, JEFE, JEO, JEOE, KIM, KIME, KMM, KMME, KMP, KOM, KOME, MAD, MADE, MAK, MAKE, MAT, MATE, MET, METE, MIM, MIME, MMD, MSS, MTM, MTO, MTOE, MTR, MUT, MUZ, MUZE, MZT, PEM, PEME, PET, PETE, SBP, SBPE, SES, TEB, TEK, TEKE, TEL, THO, UCK, UCKE, UZB, UZBE, YZVE",,
10994,HUK 217,HUK,LS,AR-GE Hukuku,,Hasan Karslıoğlu,MED,Perşembe,11:30/14:29,B33,200,79,,"ARC, BIO, BIOE, BLG, BLGE, BST, CAB, CEB, CEN, CEV, CEVE, CHZ, CHZE, DEN, DENE, DUI, ECNE, EEE, EFN, EHB, EHBE, EHS, ELE, ELH, ELK, ELKE, END, ENDE, ENTE, EUT, EUTE, FIZ, FIZE, GEM, GEME, GEMK, GEO, GEOE, GID, GIDE, GMI, GMIE, ICM, IML, IMLE, INS, INSE, ISL, ISLE, JDF, JEF, JEFE, JEO, JEOE, KIM, KIME, KMM, KMME, KMP, KOM, KOME, MAD, MADE, MAK, MAKE, MAT, MATE, MET, METE, MIM, MIME, MMD, MSS, MTO, MTOE, MTR, MUT, MUZ, MUZE, MZT, PEM, PEME, PET, PETE, SBP, SBPE, SES, TEB, TEK, TEKE, TEL, THO, UCK, UCKE, UZB, UZBE, YZVE",,
10995,HUK 218,HUK,LS,Ticaret Hukuku,,Hasan Karslıoğlu,MED,Perşembe,14:30/17:29,A13,100,97,,"ARC, BIO, BIOE, BLG, BLGE, BST, CAB, CEB, CEN, CEV, CEVE, CHZ, CHZE, DEN, DENE, DUI, ECNE, EEE, EFN, EHB, EHBE, EHS, ELE, ELH, ELK, ELKE, END, ENDE, ENTE, EUT, EUTE, FIZ, FIZE, GEM, GEME, GEMK, GEO, GEOE, GID, GIDE, GMI, GMIE, ICM, IML, IMLE, INS, INSE, ISL, ISLE, JDF, JEF, JEFE, JEO, JEOE, KIM, KIME, KMM, KMME, KMP, KOM, KOME, MAD, MADE, MAK, MAKE, MAT, MATE, MET, METE, MIM, MIME, MMD, MSS, MTO, MTOE, MTR, MUT, MUZ, MUZE, MZT, PEM, PEME, PET, PETE, SBP, SBPE, SES, TEB, TEK, TEKE, TEL, THO, UCK, UCKE, UZB, UZBE, YZVE",,
10996,HUK 215,HUK,LS,Sözleşmeler Hukuku,,Mahmut Kabakcı,MED,Çarşamba,11:30/14:29,A36,100,48,,"ARC, BIO, BIOE, BLG, BLGE, BST, CAB, CEB, CEN, CEV, CEVE, CHZ, CHZE, DEN, DENE, DUI, ECNE, EEE, EFN, EHB, EHBE, EHS, ELE, ELH, ELK, ELKE, END, ENDE, ENTE, EUT, EUTE, FIZ, FIZE, GEM, GEME, GEMK, GEO, GEOE, GID, GIDE, GMI, GMIE, ICM, IML, IMLE, INS, INSE, ISL, ISLE, JDF, JEF, JEFE, JEO, JEOE, KIM, KIME, KMM, KMME, KMP, KOM, KOME, MAD, MADE, MAK, MAKE, MAT, MATE, MET, METE, MIM, MIME, MMD, MSS, MTM, MTO, MTOE, MTR, MUT, MUZ, MUZE, MZT, PEM, PEME, PET, PETE, SBP, SBPE, SES, TEB, TEK, TEKE, TEL, THO, UCK, UCKE, UZB, UZBE, YZVE",,
10997,FIZ 113,FIZ,LS,Genel Fizik I,,Haluk Özbek,"FEB
FEB
FEB | D102
D102
D102",Pazartesi | Çarşamba | Cuma,08:30/10:29 | 08:30/10:29 | 08:30/09:29,,75,69,,"FIZ, FIZM",,
10998,FIZ 113EL,FIZ,LS,General Physics I Laboratory,,Haluk Özbek,FEB,Çarşamba,10:30/12:29,---,40,41,,FIZ,,
10999,FIZ 113EL,FIZ,LS,General Physics I Laboratory,,Haluk Özbek,FEB,Cuma,14:00/15:59,---,30,30,,FIZ,,
11000,FIZ 115,FIZ,LS,Fizik Müh. Giriş & Etik,,Gönül Eryürek,FEB,Çarşamba,13:30/15:29,D203,90,87,,FIZ,,
11001,FIZ 116,FIZ,LS,Genel Fizik II,,Sevtap Yıldız Özbek,"FEB
FEB
FEB | D104
D104
D104",Pazartesi | Çarşamba | Cuma,08:30/10:29 | 08:30/10:29 | 08:30/09:29,,75,48,,FIZ,,
11002,FIZ 201,FIZ,LS,Modern Fizik,,Mehmet Murat Sunar,FEB,Salı,14:30/17:29,D201,50,54,,"CHZ, DEN, FIZM, GEM, JEF, JEO, MAD, MET, MTO, PET, UCK, UCKM, UZB",,
11003,FIZ 201E,FIZ,LS,Modern Physics,,Mehmet Murat Sunar,FEB,Perşembe,14:30/17:29,D203,60,61,,"CHZ, CHZE, DEN, DENE, FIZM, GEM, GEME, GEMK, GMI, GMIE, JEF, JEFE, JEO, JEOE, MAD, MADE, MET, METE, MTO, MTOE, PET, PETE, UCK, UCKE, UZB, UZBE, UZBM",,
11004,FIZ 201E,FIZ,LS,Modern Physics,,Mehmet Murat Sunar,FEB,Pazartesi,14:30/17:29,D102,50,21,,"CHZ, CHZE, DEN, DENE, FIZM, GEM, GEME, GEMK, GMI, GMIE, JEF, JEFE, JEO, JEOE, MAD, MADE, MET, METE, MTO, MTOE, PET, PETE, UCK, UCKE, UZB, UZBE, UZBM",,
11005,FIZ 210,FIZ,LS,Fizikte Matematik. Yönt.Giriş,,Ali Yıldız,"FEB
FEB | D204
D204",Pazartesi | Cuma,10:30/12:29 | 09:30/11:29,,100,90,,FIZ,,
11006,CAB 151,CAB,LS,Kanun I,,Ayşegül Kostak Toksoy,TMB,Pazartesi,13:30/15:29,---,5,4,,"CGM3, CGM6, CGM7, CGM8, MTR, MUT, MUZ, MZT, SES",,
11007,CAB 153,CAB,LS,Tanbur I,,Birol Yayla,TMB,Pazartesi,13:30/15:29,---,5,0,,"CGM6, CGM7, CGM8, MTR, MUT, MUZ, MZT, SES",,
11008,CAB 153,CAB,LS,Tanbur I,,Göknil Bişak Özdemir,TMB,Pazartesi,13:30/15:29,---,5,1,,"CGM6, CGM7, CGM8, MTR, MUT, MUZ, MZT, SES",,
11009,CAB 155,CAB,LS,Tar I,,Ahmet Serhat Turunç,TMB,Pazartesi,13:30/15:29,---,5,0,,"CGM6, CGM7, CGM8, MTR, MUZ, SES, THO",,
11010,CAB 157,CAB,LS,Bağlama I,,Erdem Şimşek,TMB,Pazartesi,13:30/15:29,---,6,6,,"CGM1, CGM6, CGM7, CGM8, DUI, MTR, MUT, MUZ, MZT, SES, THO",,
11011,CAB 157,CAB,LS,Bağlama I,,Metin Eke,TMB,Pazartesi,13:30/15:29,---,5,4,,"CGM1, CGM6, CGM7, CGM8, DUI, MTR, MUT, MUZ, MZT, SES, THO",,
11012,CAB 157,CAB,LS,Bağlama I,,Cihangir Terzi,TMB,Pazartesi,13:30/15:29,---,5,0,,"CGM1, CGM6, CGM7, CGM8, DUI, MTR, MUT, MUZ, MZT, SES, THO",,
11013,CAB 157,CAB,LS,Bağlama I,,Engin Şafak Gürler,TMB,Pazartesi,13:30/15:29,---,5,4,,"CGM1, CGM6, CGM7, CGM8, DUI, MTR, MUT, MUZ, MZT, SES, THO",,
11014,CAB 157,CAB,LS,Bağlama I,,Adnan Koç,TMB,Pazartesi,13:30/15:29,---,5,0,,"CGM1, CGM6, CGM7, CGM8, DUI, MTR, MUT, MUZ, MZT, SES, THO",,
11015,CAB 159,CAB,LS,Ud I,,--,TMB,Pazartesi,13:30/15:29,---,0,0,,"CGM4, CGM6, CGM7, CGM8, MTR, MUT, MUZ, MZT, SES",,
11016,CAB 159,CAB,LS,Ud I,,Osman Kırklıkçı,TMB,Pazartesi,13:30/15:29,---,5,5,,"CGM4, CGM6, CGM7, CGM8, MTR, MUT, MUZ, MZT, SES",,
11017,CAB 159,CAB,LS,Ud I,,Sarper Eroğlu,TMB,Pazartesi,13:30/15:29,---,5,5,,"CGM4, CGM6, CGM7, CGM8, MTR, MUT, MUZ, MZT, SES",,
11018,CAB 161,CAB,LS,Ney I,,Burak Malçok,TMB,Pazartesi,13:30/15:29,---,5,0,,"CGM6, CGM7, CGM8, DUI, MTR, MUZ",,
11019,CAB 163,CAB,LS,Mey I,,Cem Ekmen,TMB,Pazartesi,13:30/15:29,---,5,0,,"CGM6, CGM7, CGM8, MTR, MUZ, THO",,
11020,CAB 165,CAB,LS,Kaval I,,Cihan Yurtcu,TMB,Pazartesi,13:30/15:29,---,5,1,,"CGM6, CGM7, CGM8, MTR, MUZ, THO",,
11021,CAB 167,CAB,LS,Klarnet I,,Sezgin Unan,TMB,Pazartesi,13:30/15:29,---,5,3,,"MTR, MUZ, THO",,
11022,CAB 167,CAB,LS,Klarnet I,,Ünsal Çeliksu,TMB,Pazartesi,13:30/15:29,---,5,0,,"MTR, MUZ, THO",,
11023,CAB 169,CAB,LS,3 Telli Kemençe I,,Hatice Doğan Sevinç,TMB,Pazartesi,13:30/15:29,---,5,0,,"CGM6, CGM7, CGM8, MTR, MUT, MUZ, MZT",,
11024,CAB 169,CAB,LS,3 Telli Kemençe I,,Neva Özgen Kösoğlu,TMB,Pazartesi,13:30/15:29,---,5,0,,"CGM6, CGM7, CGM8, MTR, MUT, MUZ, MZT",,
11025,CAB 171,CAB,LS,4 Telli Kemençe I,,Nermin Kaygusuz,TMB,Pazartesi,13:30/15:29,---,5,0,,"CGM6, CGM7, CGM8, MTR, MUT, MUZ, MZT",,
11026,CAB 173,CAB,LS,Karadeniz Kemençesi I,,Aydın Balcı,TMB,Pazartesi,13:30/15:29,---,5,0,,"MUZ, THO",,
11027,CAB 175,CAB,LS,Kemane I,,Ferhan Yeprem,TMB,Pazartesi,13:30/15:29,---,5,1,,"CGM6, CGM7, CGM8, MTR, MUT, MUZ, MZT, THO",,
11028,CAB 177,CAB,LS,Piyano I,,Devlet Devrim Öztaş,TMB,Cuma,14:00/15:59,---,18,18,,"DUI, MTR, MUT, MUZ, MZT, SES",,
11029,CAB 177,CAB,LS,Piyano I,,Alper Rumelioğlu,TMB,Çarşamba,13:30/15:29,---,20,20,,"DUI, MTR, MUT, MUZ, MZT, SES",,
11030,CAB 177,CAB,LS,Piyano I,,Sıtkı Kandemir Basmacıoğlu,TMB,Pazartesi,10:30/12:29,---,18,18,,"DUI, MTR, MUT, MUZ, MZT, SES",,
11031,CAB 177,CAB,LS,Piyano I,,Mehru Ensari,TMB,Cuma,10:30/12:29,---,20,20,,"DUI, MTR, MUT, MUZ, MZT, SES",,
11032,CAB 179,CAB,LS,Asmalı Davul I,,Eyüp Uzunkaya,TMB,Pazartesi,13:30/15:29,---,10,10,,THO,,
11033,CAB 181,CAB,LS,Kudüm I,,Serhat Tansu Altuğ,TMB,Pazartesi,13:30/15:29,---,5,2,,"CGM6, CGM7, CGM8, MTR, MUZ",,
11034,CAB 187,CAB,LS,Gitar I,,Tufan Kurdoğlu,TMB,Pazartesi,13:30/15:29,---,5,6,,"CGM2, CGM6, CGM7, CGM8, DUI, MTR, MUT, MUZ, MZT",,
11035,CAB 189,CAB,LS,Çalgılama I,,"Ahmet Hakan Şensoy, Sıtkı Kandemir Basmacıoğlu, Ünsal Çeliksu",TMB,Salı,15:30/17:29,---,10,2,,"BST, KMP",,
11036,CAB 193,CAB,LS,Zurna I,,Ünal Yürük,TMB,Pazartesi,13:30/15:29,---,5,0,,"MUZ, THO",,
11037,CAB 195,CAB,LS,Viyolonsel I,,Gülyar Say,TMB,Pazartesi,13:30/15:29,---,5,2,,"MTR, MUT, MUZ, MZT",,
11038,CAB 207,CAB,LS,Bağlama III,,Engin Şafak Gürler,TMB | ---,,/,,5,1,,"CAB, CEB",,
11039,CAB 209,CAB,LS,Ud III,,Sarper Eroğlu,TMB | ---,,/,,5,2,,"CAB, CEB",,
11040,CAB 215,CAB,LS,Mey III,,Cem Ekmen,TMB | ---,,/,,5,1,,"CAB, CEB",,
11041,CAB 229,CAB,LS,4 Telli Kemençe III,,Lale Akay,TMB | ---,,/,,5,1,,"CAB, CEB",,
11042,CAB 243,CAB,LS,Yrd.Çalgı Piyano III,,Devlet Devrim Öztaş,TMB,Pazartesi,15:30/17:29,---,17,13,,"BST, CAB, CEB, KMP",,
11043,CAB 251,CAB,LS,Kanun III,,Safinaz Rizeli,TMB,Pazartesi,15:30/17:29,---,5,3,,"CGM3, CGM6, CGM7, CGM8, MTR, MUT, MUZ, MZT, SES",,
11044,CAB 251,CAB,LS,Kanun III,,Ayşegül Kostak Toksoy,TMB,Pazartesi,15:30/17:29,---,5,4,,"CGM3, CGM6, CGM7, CGM8, MTR, MUT, MUZ, MZT, SES",,
11045,CAB 253,CAB,LS,Tanbur III,,Birol Yayla,TMB,Pazartesi,15:30/17:29,---,5,2,,"CGM6, CGM7, CGM8, MTR, MUT, MUZ, MZT, SES",,
11046,CAB 257,CAB,LS,Bağlama III,,Metin Eke,TMB,Pazartesi,15:30/17:29,---,5,0,,"CGM1, CGM6, CGM7, CGM8, MTR, MUT, MUZ, MZT, SES, THO",,
11047,CAB 257,CAB,LS,Bağlama III,,Erdem Şimşek,TMB,Pazartesi,15:30/17:29,---,5,0,,"CGM1, CGM6, CGM7, CGM8, MTR, MUT, MUZ, MZT, SES, THO",,
11048,CAB 257,CAB,LS,Bağlama III,,Engin Şafak Gürler,TMB,Pazartesi,15:30/17:29,---,5,0,,"CGM1, CGM6, CGM7, CGM8, MTR, MUT, MUZ, MZT, SES, THO",,
11049,CAB 257,CAB,LS,Bağlama III,,Cihangir Terzi,TMB,Pazartesi,15:30/17:29,---,5,3,,"CGM1, CGM6, CGM7, CGM8, MTR, MUT, MUZ, MZT, SES, THO",,
11050,CAB 257,CAB,LS,Bağlama III,,Adnan Koç,TMB,Pazartesi,15:30/17:29,---,5,3,,"CGM1, CGM6, CGM7, CGM8, MTR, MUT, MUZ, MZT, SES, THO",,
11051,CAB 259,CAB,LS,Ud III,,Serkan Mesut Halili,TMB,Pazartesi,15:30/17:29,---,5,4,,"CGM4, CGM6, CGM7, CGM8, MTR, MUT, MUZ, MZT, SES",,
11052,CAB 259,CAB,LS,Ud III,,Sarper Eroğlu,TMB,Pazartesi,15:30/17:29,---,5,5,,"CGM4, CGM6, CGM7, CGM8, MTR, MUT, MUZ, MZT, SES",,
11053,CAB 265,CAB,LS,Kaval III,,Haydar Tanrıverdi,TMB,Pazartesi,15:30/17:29,---,5,1,,"CGM6, CGM7, CGM8, MTR, MUZ, THO",,
11054,CAB 267,CAB,LS,Klarnet III,,Sezgin Unan,TMB,Pazartesi,15:30/17:29,---,5,1,,"MTR, MUZ, THO",,
11055,CAB 271,CAB,LS,4 Telli Kemençe III,,Lale Akay,TMB,Pazartesi,15:30/17:29,---,5,1,,"CGM6, CGM7, CGM8, MTR, MUT, MUZ, MZT",,
11056,CAB 273,CAB,LS,Karadeniz Kemençesi III,,Aydın Balcı,TMB,Pazartesi,15:30/17:29,---,5,0,,"MUZ, THO",,
11057,CAB 275,CAB,LS,Kemane III,,Ferhan Yeprem,TMB,Pazartesi,15:30/17:29,---,5,2,,"CGM6, CGM7, CGM8, MTR, MUT, MUZ, MZT, THO",,
11058,FIZ 214,FIZ,LS,Dalgalar Fiziği,,Seda Aksoy Esinoğlu,"FEB
FEB
FEB | D203
D203
D203",Pazartesi | Çarşamba | Cuma,08:30/10:29 | 08:30/10:29 | 08:30/09:29,,110,96,,"FIZ, FIZM",,
11059,CAB 277,CAB,LS,Piyano III,,Mehru Ensari,TMB,Cuma,16:00/17:59,---,17,16,,"MTR, MUT, MZT, SES",,
11060,FIZ 214EL,FIZ,LS,Wave Physics Laboratory,,Seda Aksoy Esinoğlu,FEB,Çarşamba,10:30/12:29,---,45,35,,FIZ,,
11061,CAB 277,CAB,LS,Piyano III,,Devlet Devrim Öztaş,TMB,Cuma,10:30/12:29,---,17,9,,"MTR, MUT, MZT, SES",,
11062,CAB 279,CAB,LS,Koltuk Davul I,,Salim Sınar,TMB,Pazartesi,15:30/17:29,---,5,5,,THO,,
11063,FIZ 214EL,FIZ,LS,Wave Physics Laboratory,,Berna Morova,FEB,Çarşamba,13:30/15:29,---,48,48,,FIZ,,
11064,FIZ 215,FIZ,LS,Modern Fizik,,Ömer Faruk Dayı,"FEB
FEB
FEB | D103
D103
D201",Pazartesi | Çarşamba | Cuma,08:30/10:29 | 08:30/10:29 | 08:30/09:29,,75,55,,"FIZ, FIZM",,
11065,FIZ 233E,FIZ,LS,Electronics I,,Özgün Girgin,"FEB
FEB | D102
D102",Salı | Çarşamba,12:30/14:29 | 10:30/11:29,,100,99,,"FIZ, FIZE",,
11066,FIZ 233EL,FIZ,LS,Electronics I Lab.,,Özgün Girgin,FEB,Çarşamba,13:30/15:29,---,30,25,,"FIZ, FIZE",,
11067,FIZ 233EL,FIZ,LS,Electronics I Lab.,,Özgün Girgin,FEB,Perşembe,08:30/10:29,---,30,25,,"FIZ, FIZE",,
11068,FIZ 233EL,FIZ,LS,Electronics I Lab.,,Özgün Girgin,FEB,Perşembe,10:30/12:29,---,30,29,,"FIZ, FIZE",,
11069,FIZ 241E,FIZ,LS,Symblc & Numrc Tchnqs in Physc,,Tolga Birkandan,FEB,Salı,08:30/11:29,OBL3,55,26,,"FIZ, FIZE",,
11070,FIZ 241E,FIZ,LS,Symblc & Numrc Tchnqs in Physc,,Tolga Birkandan,FEB,Pazartesi,14:30/17:29,OBL3,50,28,,"FIZ, FIZE",,
11072,FIZ 314,FIZ,LS,Kuantum Mekaniği I,,--,"FEB
FEB
FEB | ---
---
---",Pazartesi | Çarşamba | Cuma,08:30/10:29 | 08:30/10:29 | 08:30/09:29,,0,0,,"FIZ, FIZM",,
11073,FIZ 323E,FIZ,LS,Mathematical Meth.in Physics I,,--,"FEB
FEB
FEB | ---
---
---",Salı | Çarşamba | Perşembe,08:30/10:29 | 11:30/12:29 | 08:30/10:29,,0,0,,FIZ,,
11074,FIZ 411E,FIZ,LS,Electromagnetic Theory I,,Abdurrahman Savaş Arapoğlu,"FEB
FEB
FEB | D102
D102
D203",Salı | Perşembe | Cuma,08:30/10:29 | 08:30/10:29 | 10:30/11:29,,105,91,,"FIZ, FIZE",,
11075,FIZ 415E,FIZ,LS,Quantum Mechanics II,,--,"FEB
FEB
FEB | ---
---
---",Pazartesi | Çarşamba | Cuma,08:30/10:29 | 08:30/10:29 | 08:30/09:29,,0,0,,"FIZ, FIZE",,
11076,FIZ 431E,FIZ,LS,Solid State Physics I,,Hakan Özgür Özer,"FEB
FEB | L300
L300",Salı | Perşembe,13:30/15:29 | 14:30/17:29,,30,13,,"FIZ, FIZE, FIZM",,
11077,FIZ 426E,FIZ,LS,Opto Electronics,,Ali Gelir,FEB,Çarşamba,12:30/15:29,D205,40,20,,"FIZ, FIZE, FIZM",,
11078,FIZ 433E,FIZ,LS,Nuclear Physics I,,Cenap Şahabettin Özben,"FEB
FEB | D101
D105",Pazartesi | Cuma,12:30/14:29 | 15:30/17:29,,40,17,,"FIZ, FIZE, FIZM",,
11079,FIZ 437E,FIZ,LS,Stat.Lear.from Data:App.inPhy.,,"Emre Onur Kahya, Sinem Şaşmaz","FEB
FEB | D206
OBL3",Pazartesi | Çarşamba,10:30/12:29 | 12:30/14:29,,30,30,,"FIZ, FIZE, FIZM, MAT, MATE",,
11080,FIZ 441E,FIZ,LS,Selected Prob. in Comp. Phy.,,Mehmet Kerim Ramazanoğlu,"FEB
FEB | OBL1
OBL1",Pazartesi | Perşembe,12:30/14:29 | 13:30/14:29,,60,31,,"FIZ, FIZE, FIZM",,
11081,FIZ 443,FIZ,LS,Güneş Ener. Fizik ve Tek. I,,Zuhal Er,FEB,Çarşamba,12:30/15:29,D206,40,22,,"FIZ, FIZM",,
11082,FIZ 476,FIZ,LS,Güneş Ene Fizik ve Tekno II,,Hakan Karaağaç,FEB,Pazartesi,14:30/17:29,D306,30,10,,"FIZ, FIZM",,
11083,FIZ 457E,FIZ,LS,Optics I,,Gönül Eryürek,"FEB
FEB | D206
D203",Pazartesi | Salı,15:30/17:29 | 13:30/15:29,,40,22,,"FIZ, FIZE, FIZM",,
11084,FIZ 463E,FIZ,LS,Astrophysics I,,Kazım Yavuz Ekşi,"FEB
FEB | D203
D101",Salı | Cuma,15:30/17:29 | 14:30/15:29,,40,29,,"FIZ, FIZE, FIZM",,
11085,FIZ 494E,FIZ,LS,General Relativity,,Mehmet Özkan,FEB,Pazartesi,14:30/17:29,D103,40,12,,"FIZ, FIZE, FIZM",,
11086,FIZ 4901,FIZ,LS,Fizik Mühendisliği Tasarımı I,,Ahmet Levent Subaşı,FEB | ---,,/,,500,18,,FIZ,,
11087,FIZ 4901E,FIZ,LS,Physics Engeering Design I,,Ahmet Levent Subaşı,FEB | ---,,/,,500,22,,FIZ,,
11088,FIZ 4902,FIZ,LS,Fizik Mühendisliği Tasarımı II,,Ahmet Levent Subaşı,FEB | ---,,/,,500,13,,FIZ,,
11089,FIZ 4902E,FIZ,LS,Physics Engeering Design II,,Ahmet Levent Subaşı,FEB | ---,,/,,500,15,,FIZ,,
11090,FIZ 492,FIZ,LS,Bitirme Çalışması,,Ahmet Levent Subaşı,FEB | ---,,/,,500,3,,FIZ,,
11091,FIZ 492E,FIZ,LS,Graduation Project,,Ahmet Levent Subaşı,FEB | ---,,/,,500,0,,"FIZ, FIZE",,
11092,CAB 281,CAB,LS,Def,,Serhat Tansu Altuğ,TMB,Pazartesi,15:30/17:29,---,5,0,,"CGM6, CGM7, CGM8, MTR, MUZ",,
11093,CAB 287,CAB,LS,Gitar III,,Tufan Kurdoğlu,TMB,Pazartesi,15:30/17:29,---,5,5,,"CGM2, CGM6, CGM7, CGM8, MTR, MUT, MUZ, MZT",,
11094,CAB 289,CAB,LS,Çalgılama III,,"Neva Özgen Kösoğlu, Burak Malçok, Kadir Verim, Sarper Eroğlu",TMB,Perşembe,15:30/17:29,---,10,2,,"BST, KMP",,
11095,CAB 293,CAB,LS,Zurna III,,Ünal Yürük,TMB,Pazartesi,15:30/17:29,---,5,1,,"MUZ, THO",,
11096,CAB 295,CAB,LS,Viyolonsel III,,Gülyar Say,TMB,Pazartesi,15:30/17:29,---,5,2,,"MTR, MUT, MUZ, MZT",,
11097,CAB 307,CAB,LS,Bağlama V,,Adnan Koç,TMB | ---,,/,,5,1,,"CAB, CEB",,
11098,CAB 307,CAB,LS,Bağlama V,,Cihangir Terzi,TMB | ---,,/,,5,2,,"CAB, CEB",,
11099,CAB 309,CAB,LS,Ud V,,Bilen Işıktaş,TMB | ---,,/,,5,1,,"CAB, CEB",,
11100,CAB 315,CAB,LS,Mey V,,Cem Ekmen,TMB | ---,,/,,5,0,,"CAB, CEB",,
11101,CAB 319,CAB,LS,Klarnet V,,Ünsal Çeliksu,TMB | ---,,/,,5,2,,"CAB, CEB",,
11102,CAB 331,CAB,LS,Keman V,,İbragım Orazov,TMB | ---,,/,,5,1,,"CAB, CEB",,
11103,CAB 339,CAB,LS,Kemane V,,Kadir Verim,TMB | ---,,/,,5,1,,"CAB, CEB",,
11104,CAB 343,CAB,LS,Yrd.Çalgı Piyano V,,Alper Rumelioğlu,TMB,Cuma,14:00/15:59,---,17,7,,"BST, CAB, CEB, KMP, SES",,
11105,CAB 345,CAB,LS,Kanun V,,Safinaz Rizeli,TMB | ---,,/,,5,1,,"CAB, CEB",,
11106,CAB 351,CAB,LS,Kanun V,,--,TMB,Çarşamba,10:30/12:29,---,0,0,,"CGM3, CGM6, CGM7, CGM8, MTR, MUT, SES",,
11107,CAB 351,CAB,LS,Kanun V,,Ayşegül Kostak Toksoy,TMB,Çarşamba,10:30/12:29,---,5,1,,"CGM3, CGM6, CGM7, CGM8, MTR, MUT, SES",,
11108,CAB 353,CAB,LS,Tanbur V,,Birol Yayla,TMB,Çarşamba,10:30/12:29,---,5,0,,"CGM6, CGM7, CGM8, MTR, MUT, SES",,
11109,CAB 357,CAB,LS,Bağlama V,,Engin Şafak Gürler,TMB,Çarşamba,10:30/12:29,---,5,1,,"CGM1, CGM6, CGM7, CGM8, MTR, MUT, SES",,
11110,CAB 357,CAB,LS,Bağlama V,,Erdem Şimşek,TMB,Çarşamba,10:30/12:29,---,5,5,,"CGM1, CGM6, CGM7, CGM8, MTR, MUT, SES",,
11111,CAB 357,CAB,LS,Bağlama V,,Adnan Koç,TMB,Çarşamba,10:30/12:29,---,5,0,,"CGM1, CGM6, CGM7, CGM8, MTR, MUT, SES",,
11112,CAB 359,CAB,LS,Ud V,,Osman Kırklıkçı,TMB,Çarşamba,10:30/12:29,---,5,0,,"CGM4, CGM6, CGM7, CGM8, MTR, MUT, SES",,
11113,CAB 359,CAB,LS,Ud V,,Sarper Eroğlu,TMB,Çarşamba,10:30/12:29,---,5,3,,"CGM4, CGM6, CGM7, CGM8, MTR, MUT, SES",,
11114,CAB 363,CAB,LS,Mey V,,Cem Ekmen,TMB,Çarşamba,10:30/12:29,---,5,0,,"CGM6, CGM7, CGM8, MTR",,
11115,CAB 367,CAB,LS,Klarnet V,,Ünsal Çeliksu,TMB,Çarşamba,10:30/12:29,---,5,0,,MTR,,
11116,CAB 375,CAB,LS,Kemane V,,Kadir Verim,TMB,Çarşamba,10:30/12:29,---,5,1,,"CGM6, CGM7, CGM8, MTR, MUT",,
11117,CAB 389,CAB,LS,Gitar V,,Tufan Kurdoğlu,TMB,Çarşamba,10:30/12:29,---,5,2,,"CGM2, CGM6, CGM7, CGM8, MTR, THO",,
11118,CAB 407,CAB,LS,Bağlama VII,,Erdem Şimşek,TMB | ---,,/,,5,1,,"CAB, CEB",,
11119,CAB 409,CAB,LS,Ud VII,,Sarper Eroğlu,TMB | ---,,/,,5,3,,"CAB, CEB",,
11120,CAB 441,CAB,LS,Piyano VII,,Mehru Ensari,TMB | ---,,/,,5,1,,"CAB, CEB",,
11121,CAB 443,CAB,LS,Yrd.Çalgı Piyano VII,,Alper Rumelioğlu,TMB,Perşembe,15:30/17:29,---,17,12,,"BST, CAB, CEB, KMP, SES",,
11122,CAB 445,CAB,LS,Kanun VII,,Ayşegül Kostak Toksoy,TMB | ---,,/,,5,1,,"CAB, CEB",,
11123,CAB 457,CAB,LS,Bağlama VII,,Metin Eke,TMB,Çarşamba,13:30/15:29,---,5,3,,"CGM1, CGM6, CGM7, CGM8, MTR, SES",,
11124,CAB 457,CAB,LS,Bağlama VII,,Engin Şafak Gürler,TMB,Çarşamba,13:30/15:29,---,5,1,,"CGM1, CGM6, CGM7, CGM8, MTR, SES",,
11125,CAB 459,CAB,LS,Ud VII,,Sarper Eroğlu,TMB,Çarşamba,13:30/15:29,---,5,3,,"CGM4, CGM6, CGM7, CGM8, MTR, SES",,
11126,CAB 467,CAB,LS,Klarnet VII,,Sezgin Unan,TMB,Çarşamba,13:30/15:29,---,5,1,,MTR,,
11127,CAB 485,CAB,LS,Gitar VII,,Tufan Kurdoğlu,TMB,Çarşamba,13:30/15:29,---,5,1,,"CGM2, CGM6, CGM7, CGM8, MTR",,
11128,CAB 492,CAB,LS,Bitirme Çalışması,,Serkan Mesut Halili,TMB | ---,,/,,100,4,,"CAB, CEB",,
11129,CAB 495,CAB,LS,Viyolonsel VII,,Cenk Öztürk,TMB,Çarşamba,13:30/15:29,---,5,0,,MTR,,
11130,CAB 723,CAB,LS,Oda Müziği III,,Gülyar Say,"TMB
TMB | ---
---",Çarşamba | Cuma,13:30/15:29 | 10:30/12:29,,10,3,,"CAB, CEB",,
11131,CAB 729,CAB,LS,Uslup Tavır ve Yorum III,,Engin Şafak Gürler,"TMB
TMB | ---
---",Salı | Perşembe,13:30/15:29 | 13:30/15:29,,10,2,,"CAB, CEB",,
11132,CAB 731,CAB,LS,Toplu Uygulama I (Orkestra),,Gülyar Say,"TMB
TMB | ---
---",Pazartesi | Çarşamba,10:30/12:29 | 10:30/12:29,,20,3,,"CAB, CEB, CGM1, CGM2, CGM3, CGM4, CGM5, CGM8",,
11133,CAB 733,CAB,LS,Toplu Uygulama I (THM),,Haydar Tanrıverdi,"TMB
TMB | ---
---",Pazartesi | Çarşamba,10:30/12:29 | 10:30/12:29,,20,6,,"CAB, CEB, CGM1, CGM2, CGM3, CGM4, CGM5, CGM8",,
11134,CAB 735,CAB,LS,Toplu Uygulama I (TSM),,Hatice Doğan Sevinç,"TMB
TMB | ---
---",Pazartesi | Çarşamba,10:30/12:29 | 10:30/12:29,,20,3,,"CAB, CEB, CGM1, CGM2, CGM3, CGM4, CGM5, CGM8",,
11135,CAB 741,CAB,LS,Toplu Uygulama III (Orkestra),,Gülyar Say,"TMB
TMB | ---
---",Pazartesi | Çarşamba,10:30/12:29 | 10:30/12:29,,20,2,,"CAB, CEB, CGM1, CGM2, CGM3, CGM4, CGM5, CGM8",,
11136,TUR 121,TUR,LS,Türk Dili I,,Abdullah Esen,,Pazartesi,15:30/17:29,,80,80,,"ARC, BIO, BIOE, BLG, BLGE, BST, CAB, CEB, CEN, CEV, CEVE, CHZ, CHZE, DEN, DENE, ECNE, EEE, EFN, EHB, EHBE, ELE, ELH, ELK, ELKE, END, ENDE, ENTE, ESS, EUT, EUTE, FIZ, FIZE, GEM, GEME, GEMK, GEO, GEOE, GID, GIDE, IAD, ICM, IML, IMLE, IND, INS, INSE, ISL, ISLE, JDF, JEF, JEFE, JEO, JEOE, KIM, KIME, KMM, KMME, KMP, KOM, KOME, MAD, MADE, MAK, MAKE, MAT, MATE, MEN, MET, METE, MIM, MIME, MMD, MTM, MTO, MTOE, MTR, MUT, MUZ, MUZE, MZT, NAE, PEM, PEME, PET, PETE, SAO, SBP, SBPE, SES, TEK, TEKE, TEL, THO, UCK, UCKE, UZB, UZBE, YZVE",,
11137,CAB 743,CAB,LS,Toplu Uygulama III (THM),,Haydar Tanrıverdi,"TMB
TMB | ---
---",Pazartesi | Çarşamba,10:30/12:29 | 10:30/12:29,,20,3,,"CAB, CEB, CGM1, CGM2, CGM3, CGM4, CGM5, CGM8",,
11138,TUR 121,TUR,LS,Türk Dili I,,Abdullah Esen,,Pazartesi,10:30/12:29,,80,80,,"ARC, BIO, BIOE, BLG, BLGE, BST, CAB, CEB, CEN, CEV, CEVE, CHZ, CHZE, DEN, DENE, ECNE, EEE, EFN, EHB, EHBE, ELE, ELH, ELK, ELKE, END, ENDE, ENTE, ESS, EUT, EUTE, FIZ, FIZE, GEM, GEME, GEMK, GEO, GEOE, GID, GIDE, IAD, ICM, IML, IMLE, IND, INS, INSE, ISL, ISLE, JDF, JEF, JEFE, JEO, JEOE, KIM, KIME, KMM, KMME, KMP, KOM, KOME, MAD, MADE, MAK, MAKE, MAT, MATE, MEN, MET, METE, MIM, MIME, MMD, MTM, MTO, MTOE, MTR, MUT, MUZ, MUZE, MZT, NAE, PEM, PEME, PET, PETE, SAO, SBP, SBPE, SES, TEK, TEKE, TEL, THO, UCK, UCKE, UZB, UZBE, YZVE",,
11139,TUR 121,TUR,LS,Türk Dili I,,Abdullah Esen,,Salı,08:30/10:29,,80,79,,"ARC, BIO, BIOE, BLG, BLGE, BST, CAB, CEB, CEN, CEV, CEVE, CHZ, CHZE, DEN, DENE, ECNE, EEE, EFN, EHB, EHBE, ELE, ELH, ELK, ELKE, END, ENDE, ENTE, ESS, EUT, EUTE, FIZ, FIZE, GEM, GEME, GEMK, GEO, GEOE, GID, GIDE, IAD, ICM, IML, IMLE, IND, INS, INSE, ISL, ISLE, JDF, JEF, JEFE, JEO, JEOE, KIM, KIME, KMM, KMME, KMP, KOM, KOME, MAD, MADE, MAK, MAKE, MAT, MATE, MEN, MET, METE, MIM, MIME, MMD, MTM, MTO, MTOE, MTR, MUT, MUZ, MUZE, MZT, NAE, PEM, PEME, PET, PETE, SAO, SBP, SBPE, SES, TEK, TEKE, TEL, THO, UCK, UCKE, UZB, UZBE, YZVE",,
11140,CAB 745,CAB,LS,Toplu Uygulama III (TSM),,Hatice Doğan Sevinç,"TMB
TMB | ---
---",Pazartesi | Çarşamba,10:30/12:29 | 10:30/12:29,,20,3,,"CAB, CEB, CGM1, CGM2, CGM3, CGM4, CGM5, CGM8",,
11141,TUR 121,TUR,LS,Türk Dili I,,Aslı Kantarcı,INB,Pazartesi,13:30/15:29,A102,80,58,,"ARC, BIO, BIOE, BLG, BLGE, BST, CAB, CEB, CEN, CEV, CEVE, CHZ, CHZE, DEN, DENE, ECNE, EEE, EFN, EHB, EHBE, ELE, ELH, ELK, ELKE, END, ENDE, ENTE, ESS, EUT, EUTE, FIZ, FIZE, GEM, GEME, GEMK, GEO, GEOE, GID, GIDE, IAD, ICM, IML, IMLE, IND, INS, INSE, ISL, ISLE, JDF, JEF, JEFE, JEO, JEOE, KIM, KIME, KMM, KMME, KMP, KOM, KOME, MAD, MADE, MAK, MAKE, MAT, MATE, MEN, MET, METE, MIM, MIME, MMD, MTM, MTO, MTOE, MTR, MUT, MUZ, MUZE, MZT, NAE, PEM, PEME, PET, PETE, SAO, SBP, SBPE, SES, TEK, TEKE, TEL, THO, UCK, UCKE, UZB, UZBE, YZVE",,
11142,CAB 751,CAB,LS,Toplu Uygulama V (Orkestra),,Gülyar Say,"TMB
TMB | ---
---",Pazartesi | Çarşamba,10:30/12:29 | 10:30/12:29,,20,0,,"CAB, CEB, CGM1, CGM2, CGM3, CGM4, CGM5, CGM8",,
11143,TUR 121,TUR,LS,Türk Dili I,,Aslı Kantarcı,,Perşembe,10:30/12:29,,80,80,,"ARC, BIO, BIOE, BLG, BLGE, BST, CAB, CEB, CEN, CEV, CEVE, CHZ, CHZE, DEN, DENE, ECNE, EEE, EFN, EHB, EHBE, ELE, ELH, ELK, ELKE, END, ENDE, ENTE, ESS, EUT, EUTE, FIZ, FIZE, GEM, GEME, GEMK, GEO, GEOE, GID, GIDE, IAD, ICM, IML, IMLE, IND, INS, INSE, ISL, ISLE, JDF, JEF, JEFE, JEO, JEOE, KIM, KIME, KMM, KMME, KMP, KOM, KOME, MAD, MADE, MAK, MAKE, MAT, MATE, MEN, MET, METE, MIM, MIME, MMD, MTM, MTO, MTOE, MTR, MUT, MUZ, MUZE, MZT, NAE, PEM, PEME, PET, PETE, SAO, SBP, SBPE, SES, TEK, TEKE, TEL, THO, UCK, UCKE, UZB, UZBE, YZVE",,
11144,TUR 121,TUR,LS,Türk Dili I,,Aslı Kantarcı,,Perşembe,13:30/15:29,,80,82,,"ARC, BIO, BIOE, BLG, BLGE, BST, CAB, CEB, CEN, CEV, CEVE, CHZ, CHZE, DEN, DENE, ECNE, EEE, EFN, EHB, EHBE, ELE, ELH, ELK, ELKE, END, ENDE, ENTE, ESS, EUT, EUTE, FIZ, FIZE, GEM, GEME, GEMK, GEO, GEOE, GID, GIDE, IAD, ICM, IML, IMLE, IND, INS, INSE, ISL, ISLE, JDF, JEF, JEFE, JEO, JEOE, KIM, KIME, KMM, KMME, KMP, KOM, KOME, MAD, MADE, MAK, MAKE, MAT, MATE, MEN, MET, METE, MIM, MIME, MMD, MTM, MTO, MTOE, MTR, MUT, MUZ, MUZE, MZT, NAE, PEM, PEME, PET, PETE, SAO, SBP, SBPE, SES, TEK, TEKE, TEL, THO, UCK, UCKE, UZB, UZBE, YZVE",,
11145,TUR 121,TUR,LS,Türk Dili I,,Aslı Kantarcı,,Cuma,10:30/12:29,,80,81,,"ARC, BIO, BIOE, BLG, BLGE, BST, CAB, CEB, CEN, CEV, CEVE, CHZ, CHZE, DEN, DENE, ECNE, EEE, EFN, EHB, EHBE, ELE, ELH, ELK, ELKE, END, ENDE, ENTE, ESS, EUT, EUTE, FIZ, FIZE, GEM, GEME, GEMK, GEO, GEOE, GID, GIDE, IAD, ICM, IML, IMLE, IND, INS, INSE, ISL, ISLE, JDF, JEF, JEFE, JEO, JEOE, KIM, KIME, KMM, KMME, KMP, KOM, KOME, MAD, MADE, MAK, MAKE, MAT, MATE, MEN, MET, METE, MIM, MIME, MMD, MTM, MTO, MTOE, MTR, MUT, MUZ, MUZE, MZT, NAE, PEM, PEME, PET, PETE, SAO, SBP, SBPE, SES, TEK, TEKE, TEL, THO, UCK, UCKE, UZB, UZBE, YZVE",,
11146,TUR 121,TUR,LS,Türk Dili I,,Aslı Kantarcı,,Cuma,14:00/15:59,,80,80,,"ARC, BIO, BIOE, BLG, BLGE, BST, CAB, CEB, CEN, CEV, CEVE, CHZ, CHZE, DEN, DENE, ECNE, EEE, EFN, EHB, EHBE, ELE, ELH, ELK, ELKE, END, ENDE, ENTE, ESS, EUT, EUTE, FIZ, FIZE, GEM, GEME, GEMK, GEO, GEOE, GID, GIDE, IAD, ICM, IML, IMLE, IND, INS, INSE, ISL, ISLE, JDF, JEF, JEFE, JEO, JEOE, KIM, KIME, KMM, KMME, KMP, KOM, KOME, MAD, MADE, MAK, MAKE, MAT, MATE, MEN, MET, METE, MIM, MIME, MMD, MTM, MTO, MTOE, MTR, MUT, MUZ, MUZE, MZT, NAE, PEM, PEME, PET, PETE, SAO, SBP, SBPE, SES, TEK, TEKE, TEL, THO, UCK, UCKE, UZB, UZBE, YZVE",,
11147,TUR 121,TUR,LS,Türk Dili I,,Ömer Tacir,,Pazartesi,13:30/15:29,,80,80,,"ARC, BIO, BIOE, BLG, BLGE, BST, CAB, CEB, CEN, CEV, CEVE, CHZ, CHZE, DEN, DENE, ECNE, EEE, EFN, EHB, EHBE, ELE, ELH, ELK, ELKE, END, ENDE, ENTE, ESS, EUT, EUTE, FIZ, FIZE, GEM, GEME, GEMK, GEO, GEOE, GID, GIDE, IAD, ICM, IML, IMLE, IND, INS, INSE, ISL, ISLE, JDF, JEF, JEFE, JEO, JEOE, KIM, KIME, KMM, KMME, KMP, KOM, KOME, MAD, MADE, MAK, MAKE, MAT, MATE, MEN, MET, METE, MIM, MIME, MMD, MTM, MTO, MTOE, MTR, MUT, MUZ, MUZE, MZT, NAE, PEM, PEME, PET, PETE, SAO, SBP, SBPE, SES, TEK, TEKE, TEL, THO, UCK, UCKE, UZB, UZBE, YZVE",,
11148,TUR 121,TUR,LS,Türk Dili I,,Ömer Tacir,,Pazartesi,15:30/17:29,,80,80,,"ARC, BIO, BIOE, BLG, BLGE, BST, CAB, CEB, CEN, CEV, CEVE, CHZ, CHZE, DEN, DENE, ECNE, EEE, EFN, EHB, EHBE, ELE, ELH, ELK, ELKE, END, ENDE, ENTE, ESS, EUT, EUTE, FIZ, FIZE, GEM, GEME, GEMK, GEO, GEOE, GID, GIDE, IAD, ICM, IML, IMLE, IND, INS, INSE, ISL, ISLE, JDF, JEF, JEFE, JEO, JEOE, KIM, KIME, KMM, KMME, KMP, KOM, KOME, MAD, MADE, MAK, MAKE, MAT, MATE, MEN, MET, METE, MIM, MIME, MMD, MTM, MTO, MTOE, MTR, MUT, MUZ, MUZE, MZT, NAE, PEM, PEME, PET, PETE, SAO, SBP, SBPE, SES, TEK, TEKE, TEL, THO, UCK, UCKE, UZB, UZBE, YZVE",,
11149,TUR 121,TUR,LS,Türk Dili I,,Ömer Tacir,,Salı,13:30/15:29,,80,80,,"ARC, BIO, BIOE, BLG, BLGE, BST, CAB, CEB, CEN, CEV, CEVE, CHZ, CHZE, DEN, DENE, ECNE, EEE, EFN, EHB, EHBE, ELE, ELH, ELK, ELKE, END, ENDE, ENTE, ESS, EUT, EUTE, FIZ, FIZE, GEM, GEME, GEMK, GEO, GEOE, GID, GIDE, IAD, ICM, IML, IMLE, IND, INS, INSE, ISL, ISLE, JDF, JEF, JEFE, JEO, JEOE, KIM, KIME, KMM, KMME, KMP, KOM, KOME, MAD, MADE, MAK, MAKE, MAT, MATE, MEN, MET, METE, MIM, MIME, MMD, MTM, MTO, MTOE, MTR, MUT, MUZ, MUZE, MZT, NAE, PEM, PEME, PET, PETE, SAO, SBP, SBPE, SES, TEK, TEKE, TEL, THO, UCK, UCKE, UZB, UZBE, YZVE",,
11150,TUR 121,TUR,LS,Türk Dili I,,Ömer Tacir,,Salı,15:30/17:29,,80,80,,"ARC, BIO, BIOE, BLG, BLGE, BST, CAB, CEB, CEN, CEV, CEVE, CHZ, CHZE, DEN, DENE, ECNE, EEE, EFN, EHB, EHBE, ELE, ELH, ELK, ELKE, END, ENDE, ENTE, ESS, EUT, EUTE, FIZ, FIZE, GEM, GEME, GEMK, GEO, GEOE, GID, GIDE, IAD, ICM, IML, IMLE, IND, INS, INSE, ISL, ISLE, JDF, JEF, JEFE, JEO, JEOE, KIM, KIME, KMM, KMME, KMP, KOM, KOME, MAD, MADE, MAK, MAKE, MAT, MATE, MEN, MET, METE, MIM, MIME, MMD, MTM, MTO, MTOE, MTR, MUT, MUZ, MUZE, MZT, NAE, PEM, PEME, PET, PETE, SAO, SBP, SBPE, SES, TEK, TEKE, TEL, THO, UCK, UCKE, UZB, UZBE, YZVE",,
11151,TUR 121,TUR,LS,Türk Dili I,,Ömer Tacir,,Çarşamba,13:30/15:29,,80,80,,"ARC, BIO, BIOE, BLG, BLGE, BST, CAB, CEB, CEN, CEV, CEVE, CHZ, CHZE, DEN, DENE, ECNE, EEE, EFN, EHB, EHBE, ELE, ELH, ELK, ELKE, END, ENDE, ENTE, ESS, EUT, EUTE, FIZ, FIZE, GEM, GEME, GEMK, GEO, GEOE, GID, GIDE, IAD, ICM, IML, IMLE, IND, INS, INSE, ISL, ISLE, JDF, JEF, JEFE, JEO, JEOE, KIM, KIME, KMM, KMME, KMP, KOM, KOME, MAD, MADE, MAK, MAKE, MAT, MATE, MEN, MET, METE, MIM, MIME, MMD, MTM, MTO, MTOE, MTR, MUT, MUZ, MUZE, MZT, NAE, PEM, PEME, PET, PETE, SAO, SBP, SBPE, SES, TEK, TEKE, TEL, THO, UCK, UCKE, UZB, UZBE, YZVE",,
11152,TUR 121,TUR,LS,Türk Dili I,,Özlem Kara,,Çarşamba,10:30/12:29,,80,79,,"ARC, BIO, BIOE, BLG, BLGE, BST, CAB, CEB, CEN, CEV, CEVE, CHZ, CHZE, DEN, DENE, ECNE, EEE, EFN, EHB, EHBE, ELE, ELH, ELK, ELKE, END, ENDE, ENTE, ESS, EUT, EUTE, FIZ, FIZE, GEM, GEME, GEMK, GEO, GEOE, GID, GIDE, IAD, ICM, IML, IMLE, IND, INS, INSE, ISL, ISLE, JDF, JEF, JEFE, JEO, JEOE, KIM, KIME, KMM, KMME, KMP, KOM, KOME, MAD, MADE, MAK, MAKE, MAT, MATE, MEN, MET, METE, MIM, MIME, MMD, MTM, MTO, MTOE, MTR, MUT, MUZ, MUZE, MZT, NAE, PEM, PEME, PET, PETE, SAO, SBP, SBPE, SES, TEK, TEKE, TEL, THO, UCK, UCKE, UZB, UZBE, YZVE",,
11153,TUR 121,TUR,LS,Türk Dili I,,Özlem Kara,,Çarşamba,13:30/15:29,,80,80,,"ARC, BIO, BIOE, BLG, BLGE, BST, CAB, CEB, CEN, CEV, CEVE, CHZ, CHZE, DEN, DENE, ECNE, EEE, EFN, EHB, EHBE, ELE, ELH, ELK, ELKE, END, ENDE, ENTE, ESS, EUT, EUTE, FIZ, FIZE, GEM, GEME, GEMK, GEO, GEOE, GID, GIDE, IAD, ICM, IML, IMLE, IND, INS, INSE, ISL, ISLE, JDF, JEF, JEFE, JEO, JEOE, KIM, KIME, KMM, KMME, KMP, KOM, KOME, MAD, MADE, MAK, MAKE, MAT, MATE, MEN, MET, METE, MIM, MIME, MMD, MTM, MTO, MTOE, MTR, MUT, MUZ, MUZE, MZT, NAE, PEM, PEME, PET, PETE, SAO, SBP, SBPE, SES, TEK, TEKE, TEL, THO, UCK, UCKE, UZB, UZBE, YZVE",,
11154,TUR 121,TUR,LS,Türk Dili I,,Özlem Kara,,Perşembe,10:30/12:29,,80,80,,"ARC, BIO, BIOE, BLG, BLGE, BST, CAB, CEB, CEN, CEV, CEVE, CHZ, CHZE, DEN, DENE, ECNE, EEE, EFN, EHB, EHBE, ELE, ELH, ELK, ELKE, END, ENDE, ENTE, ESS, EUT, EUTE, FIZ, FIZE, GEM, GEME, GEMK, GEO, GEOE, GID, GIDE, IAD, ICM, IML, IMLE, IND, INS, INSE, ISL, ISLE, JDF, JEF, JEFE, JEO, JEOE, KIM, KIME, KMM, KMME, KMP, KOM, KOME, MAD, MADE, MAK, MAKE, MAT, MATE, MEN, MET, METE, MIM, MIME, MMD, MTM, MTO, MTOE, MTR, MUT, MUZ, MUZE, MZT, NAE, PEM, PEME, PET, PETE, SAO, SBP, SBPE, SES, TEK, TEKE, TEL, THO, UCK, UCKE, UZB, UZBE, YZVE",,
11155,TUR 121,TUR,LS,Türk Dili I,,Özlem Kara,,Perşembe,13:30/15:29,,80,80,,"ARC, BIO, BIOE, BLG, BLGE, BST, CAB, CEB, CEN, CEV, CEVE, CHZ, CHZE, DEN, DENE, ECNE, EEE, EFN, EHB, EHBE, ELE, ELH, ELK, ELKE, END, ENDE, ENTE, ESS, EUT, EUTE, FIZ, FIZE, GEM, GEME, GEMK, GEO, GEOE, GID, GIDE, IAD, ICM, IML, IMLE, IND, INS, INSE, ISL, ISLE, JDF, JEF, JEFE, JEO, JEOE, KIM, KIME, KMM, KMME, KMP, KOM, KOME, MAD, MADE, MAK, MAKE, MAT, MATE, MEN, MET, METE, MIM, MIME, MMD, MTM, MTO, MTOE, MTR, MUT, MUZ, MUZE, MZT, NAE, PEM, PEME, PET, PETE, SAO, SBP, SBPE, SES, TEK, TEKE, TEL, THO, UCK, UCKE, UZB, UZBE, YZVE",,
11156,TUR 121,TUR,LS,Türk Dili I,,Özlem Kara,,Cuma,16:00/17:59,,80,80,,"ARC, BIO, BIOE, BLG, BLGE, BST, CAB, CEB, CEN, CEV, CEVE, CHZ, CHZE, DEN, DENE, ECNE, EEE, EFN, EHB, EHBE, ELE, ELH, ELK, ELKE, END, ENDE, ENTE, ESS, EUT, EUTE, FIZ, FIZE, GEM, GEME, GEMK, GEO, GEOE, GID, GIDE, IAD, ICM, IML, IMLE, IND, INS, INSE, ISL, ISLE, JDF, JEF, JEFE, JEO, JEOE, KIM, KIME, KMM, KMME, KMP, KOM, KOME, MAD, MADE, MAK, MAKE, MAT, MATE, MEN, MET, METE, MIM, MIME, MMD, MTM, MTO, MTOE, MTR, MUT, MUZ, MUZE, MZT, NAE, PEM, PEME, PET, PETE, SAO, SBP, SBPE, SES, TEK, TEKE, TEL, THO, UCK, UCKE, UZB, UZBE, YZVE",,
11157,TUR 121,TUR,LS,Türk Dili I,,Gülsün Nakıboğlu,,Pazartesi,08:30/10:29,,80,80,,"ARC, BIO, BIOE, BLG, BLGE, BST, CAB, CEB, CEN, CEV, CEVE, CHZ, CHZE, DEN, DENE, ECNE, EEE, EFN, EHB, EHBE, ELE, ELH, ELK, ELKE, END, ENDE, ENTE, ESS, EUT, EUTE, FIZ, FIZE, GEM, GEME, GEMK, GEO, GEOE, GID, GIDE, IAD, ICM, IML, IMLE, IND, INS, INSE, ISL, ISLE, JDF, JEF, JEFE, JEO, JEOE, KIM, KIME, KMM, KMME, KMP, KOM, KOME, MAD, MADE, MAK, MAKE, MAT, MATE, MEN, MET, METE, MIM, MIME, MMD, MTM, MTO, MTOE, MTR, MUT, MUZ, MUZE, MZT, NAE, PEM, PEME, PET, PETE, SAO, SBP, SBPE, SES, TEK, TEKE, TEL, THO, UCK, UCKE, UZB, UZBE, YZVE",,
11158,TUR 121,TUR,LS,Türk Dili I,,Gülsün Nakıboğlu,,Pazartesi,10:30/12:29,,80,79,,"ARC, BIO, BIOE, BLG, BLGE, BST, CAB, CEB, CEN, CEV, CEVE, CHZ, CHZE, DEN, DENE, ECNE, EEE, EFN, EHB, EHBE, ELE, ELH, ELK, ELKE, END, ENDE, ENTE, ESS, EUT, EUTE, FIZ, FIZE, GEM, GEME, GEMK, GEO, GEOE, GID, GIDE, IAD, ICM, IML, IMLE, IND, INS, INSE, ISL, ISLE, JDF, JEF, JEFE, JEO, JEOE, KIM, KIME, KMM, KMME, KMP, KOM, KOME, MAD, MADE, MAK, MAKE, MAT, MATE, MEN, MET, METE, MIM, MIME, MMD, MTM, MTO, MTOE, MTR, MUT, MUZ, MUZE, MZT, NAE, PEM, PEME, PET, PETE, SAO, SBP, SBPE, SES, TEK, TEKE, TEL, THO, UCK, UCKE, UZB, UZBE, YZVE",,
11159,CAB 753,CAB,LS,Toplu Uygulama V (THM),,Haydar Tanrıverdi,"TMB
TMB | ---
---",Pazartesi | Çarşamba,10:30/12:29 | 10:30/12:29,,20,3,,"CAB, CEB, CGM1, CGM2, CGM3, CGM4, CGM5, CGM8",,
11160,TUR 121,TUR,LS,Türk Dili I,,Gülsün Nakıboğlu,,Salı,08:30/10:29,,80,80,,"ARC, BIO, BIOE, BLG, BLGE, BST, CAB, CEB, CEN, CEV, CEVE, CHZ, CHZE, DEN, DENE, ECNE, EEE, EFN, EHB, EHBE, ELE, ELH, ELK, ELKE, END, ENDE, ENTE, ESS, EUT, EUTE, FIZ, FIZE, GEM, GEME, GEMK, GEO, GEOE, GID, GIDE, IAD, ICM, IML, IMLE, IND, INS, INSE, ISL, ISLE, JDF, JEF, JEFE, JEO, JEOE, KIM, KIME, KMM, KMME, KMP, KOM, KOME, MAD, MADE, MAK, MAKE, MAT, MATE, MEN, MET, METE, MIM, MIME, MMD, MTM, MTO, MTOE, MTR, MUT, MUZ, MUZE, MZT, NAE, PEM, PEME, PET, PETE, SAO, SBP, SBPE, SES, TEK, TEKE, TEL, THO, UCK, UCKE, UZB, UZBE, YZVE",,
11161,TUR 121,TUR,LS,Türk Dili I,,Gülsün Nakıboğlu,,Çarşamba,08:30/10:29,,80,80,,"ARC, BIO, BIOE, BLG, BLGE, BST, CAB, CEB, CEN, CEV, CEVE, CHZ, CHZE, DEN, DENE, ECNE, EEE, EFN, EHB, EHBE, ELE, ELH, ELK, ELKE, END, ENDE, ENTE, ESS, EUT, EUTE, FIZ, FIZE, GEM, GEME, GEMK, GEO, GEOE, GID, GIDE, IAD, ICM, IML, IMLE, IND, INS, INSE, ISL, ISLE, JDF, JEF, JEFE, JEO, JEOE, KIM, KIME, KMM, KMME, KMP, KOM, KOME, MAD, MADE, MAK, MAKE, MAT, MATE, MEN, MET, METE, MIM, MIME, MMD, MTM, MTO, MTOE, MTR, MUT, MUZ, MUZE, MZT, NAE, PEM, PEME, PET, PETE, SAO, SBP, SBPE, SES, TEK, TEKE, TEL, THO, UCK, UCKE, UZB, UZBE, YZVE",,
11162,CAB 755,CAB,LS,Toplu Uygulama V (TSM),,Hatice Doğan Sevinç,"TMB
TMB | ---
---",Pazartesi | Çarşamba,10:30/12:29 | 10:30/12:29,,20,3,,"CAB, CEB, CGM1, CGM2, CGM3, CGM4, CGM5, CGM8",,
11163,CAB 761,CAB,LS,Toplu Uygulama VII (Orkestra)K,,Gülyar Say,"TMB
TMB | ---
---",Pazartesi | Çarşamba,10:30/12:29 | 10:30/12:29,,20,1,,"CAB, CEB, CGM1, CGM2, CGM3, CGM4, CGM5, CGM8",,
11164,TUR 121,TUR,LS,Türk Dili I,,Gülsün Nakıboğlu,,Çarşamba,10:30/12:29,,80,80,,"ARC, BIO, BIOE, BLG, BLGE, BST, CAB, CEB, CEN, CEV, CEVE, CHZ, CHZE, DEN, DENE, ECNE, EEE, EFN, EHB, EHBE, ELE, ELH, ELK, ELKE, END, ENDE, ENTE, ESS, EUT, EUTE, FIZ, FIZE, GEM, GEME, GEMK, GEO, GEOE, GID, GIDE, IAD, ICM, IML, IMLE, IND, INS, INSE, ISL, ISLE, JDF, JEF, JEFE, JEO, JEOE, KIM, KIME, KMM, KMME, KMP, KOM, KOME, MAD, MADE, MAK, MAKE, MAT, MATE, MEN, MET, METE, MIM, MIME, MMD, MTM, MTO, MTOE, MTR, MUT, MUZ, MUZE, MZT, NAE, PEM, PEME, PET, PETE, SAO, SBP, SBPE, SES, TEK, TEKE, TEL, THO, UCK, UCKE, UZB, UZBE, YZVE",,
11165,CAB 763,CAB,LS,Toplu Uygulama VII (THM),,Haydar Tanrıverdi,"TMB
TMB | ---
---",Pazartesi | Çarşamba,10:30/12:29 | 10:30/12:29,,20,3,,"CAB, CEB, CGM1, CGM2, CGM3, CGM4, CGM5, CGM8",,
11166,TUR 121,TUR,LS,Türk Dili I,,Hamide Aliyazıcıoğlu,,Salı,13:30/15:29,,80,80,,"ARC, BIO, BIOE, BLG, BLGE, BST, CAB, CEB, CEN, CEV, CEVE, CHZ, CHZE, DEN, DENE, ECNE, EEE, EFN, EHB, EHBE, ELE, ELH, ELK, ELKE, END, ENDE, ENTE, ESS, EUT, EUTE, FIZ, FIZE, GEM, GEME, GEMK, GEO, GEOE, GID, GIDE, IAD, ICM, IML, IMLE, IND, INS, INSE, ISL, ISLE, JDF, JEF, JEFE, JEO, JEOE, KIM, KIME, KMM, KMME, KMP, KOM, KOME, MAD, MADE, MAK, MAKE, MAT, MATE, MEN, MET, METE, MIM, MIME, MMD, MTM, MTO, MTOE, MTR, MUT, MUZ, MUZE, MZT, NAE, PEM, PEME, PET, PETE, SAO, SBP, SBPE, SES, TEK, TEKE, TEL, THO, UCK, UCKE, UZB, UZBE, YZVE",,
11167,CAB 765,CAB,LS,Toplu Uygulama VII (TSM),,Hatice Doğan Sevinç,"TMB
TMB | ---
---",Pazartesi | Çarşamba,10:30/12:29 | 10:30/12:29,,20,3,,"CAB, CEB, CGM1, CGM2, CGM3, CGM4, CGM5, CGM8",,
11168,TUR 121,TUR,LS,Türk Dili I,,Hamide Aliyazıcıoğlu,,Salı,15:30/17:29,,80,80,,"ARC, BIO, BIOE, BLG, BLGE, BST, CAB, CEB, CEN, CEV, CEVE, CHZ, CHZE, DEN, DENE, ECNE, EEE, EFN, EHB, EHBE, ELE, ELH, ELK, ELKE, END, ENDE, ENTE, ESS, EUT, EUTE, FIZ, FIZE, GEM, GEME, GEMK, GEO, GEOE, GID, GIDE, IAD, ICM, IML, IMLE, IND, INS, INSE, ISL, ISLE, JDF, JEF, JEFE, JEO, JEOE, KIM, KIME, KMM, KMME, KMP, KOM, KOME, MAD, MADE, MAK, MAKE, MAT, MATE, MEN, MET, METE, MIM, MIME, MMD, MTM, MTO, MTOE, MTR, MUT, MUZ, MUZE, MZT, NAE, PEM, PEME, PET, PETE, SAO, SBP, SBPE, SES, TEK, TEKE, TEL, THO, UCK, UCKE, UZB, UZBE, YZVE",,
11169,CAB 775,CAB,LS,17.yy Saz Eserleri Repertuarı,,Yelda Özgen Öztürk,TMB,Cuma,09:30/12:29,---,15,3,,"CAB, CEB",,
11170,CAB 777,CAB,LS,Oyun Havaları Repertuarı I,,Metin Eke,TMB,Cuma,09:30/12:29,---,15,6,,"CAB, CEB",,
11171,TUR 121,TUR,LS,Türk Dili I,,Hamide Aliyazıcıoğlu,,Perşembe,13:30/15:29,,80,80,,"ARC, BIO, BIOE, BLG, BLGE, BST, CAB, CEB, CEN, CEV, CEVE, CHZ, CHZE, DEN, DENE, ECNE, EEE, EFN, EHB, EHBE, ELE, ELH, ELK, ELKE, END, ENDE, ENTE, ESS, EUT, EUTE, FIZ, FIZE, GEM, GEME, GEMK, GEO, GEOE, GID, GIDE, IAD, ICM, IML, IMLE, IND, INS, INSE, ISL, ISLE, JDF, JEF, JEFE, JEO, JEOE, KIM, KIME, KMM, KMME, KMP, KOM, KOME, MAD, MADE, MAK, MAKE, MAT, MATE, MEN, MET, METE, MIM, MIME, MMD, MTM, MTO, MTOE, MTR, MUT, MUZ, MUZE, MZT, NAE, PEM, PEME, PET, PETE, SAO, SBP, SBPE, SES, TEK, TEKE, TEL, THO, UCK, UCKE, UZB, UZBE, YZVE",,
11172,CAB 781,CAB,LS,Uslup Tavır ve Yorum I,,Engin Şafak Gürler,"TMB
TMB | ---
---",Salı | Perşembe,15:30/17:29 | 15:30/17:29,,15,3,,"CAB, CEB",,
11173,TUR 121,TUR,LS,Türk Dili I,,Hamide Aliyazıcıoğlu,,Cuma,14:00/15:59,,80,80,,"ARC, BIO, BIOE, BLG, BLGE, BST, CAB, CEB, CEN, CEV, CEVE, CHZ, CHZE, DEN, DENE, ECNE, EEE, EFN, EHB, EHBE, ELE, ELH, ELK, ELKE, END, ENDE, ENTE, ESS, EUT, EUTE, FIZ, FIZE, GEM, GEME, GEMK, GEO, GEOE, GID, GIDE, IAD, ICM, IML, IMLE, IND, INS, INSE, ISL, ISLE, JDF, JEF, JEFE, JEO, JEOE, KIM, KIME, KMM, KMME, KMP, KOM, KOME, MAD, MADE, MAK, MAKE, MAT, MATE, MEN, MET, METE, MIM, MIME, MMD, MTM, MTO, MTOE, MTR, MUT, MUZ, MUZE, MZT, NAE, PEM, PEME, PET, PETE, SAO, SBP, SBPE, SES, TEK, TEKE, TEL, THO, UCK, UCKE, UZB, UZBE, YZVE",,
11174,TUR 121,TUR,LS,Türk Dili I,,Hamide Aliyazıcıoğlu,,Cuma,16:00/17:59,,80,80,,"ARC, BIO, BIOE, BLG, BLGE, BST, CAB, CEB, CEN, CEV, CEVE, CHZ, CHZE, DEN, DENE, ECNE, EEE, EFN, EHB, EHBE, ELE, ELH, ELK, ELKE, END, ENDE, ENTE, ESS, EUT, EUTE, FIZ, FIZE, GEM, GEME, GEMK, GEO, GEOE, GID, GIDE, IAD, ICM, IML, IMLE, IND, INS, INSE, ISL, ISLE, JDF, JEF, JEFE, JEO, JEOE, KIM, KIME, KMM, KMME, KMP, KOM, KOME, MAD, MADE, MAK, MAKE, MAT, MATE, MEN, MET, METE, MIM, MIME, MMD, MTM, MTO, MTOE, MTR, MUT, MUZ, MUZE, MZT, NAE, PEM, PEME, PET, PETE, SAO, SBP, SBPE, SES, TEK, TEKE, TEL, THO, UCK, UCKE, UZB, UZBE, YZVE",,
11175,TUR 121,TUR,LS,Türk Dili I,,Timur Aydın,INB,Pazartesi,08:30/10:29,A102,80,78,,"ARC, BIO, BIOE, BLG, BLGE, BST, CAB, CEB, CEN, CEV, CEVE, CHZ, CHZE, DEN, DENE, ECNE, EEE, EFN, EHB, EHBE, ELE, ELH, ELK, ELKE, END, ENDE, ENTE, ESS, EUT, EUTE, FIZ, FIZE, GEM, GEME, GEMK, GEO, GEOE, GID, GIDE, IAD, ICM, IML, IMLE, IND, INS, INSE, ISL, ISLE, JDF, JEF, JEFE, JEO, JEOE, KIM, KIME, KMM, KMME, KMP, KOM, KOME, MAD, MADE, MAK, MAKE, MAT, MATE, MEN, MET, METE, MIM, MIME, MMD, MTM, MTO, MTOE, MTR, MUT, MUZ, MUZE, MZT, NAE, PEM, PEME, PET, PETE, SAO, SBP, SBPE, SES, TEK, TEKE, TEL, THO, UCK, UCKE, UZB, UZBE, YZVE",,
11176,CAB 781,CAB,LS,Uslup Tavır ve Yorum I,,Nermin Kaygusuz,"TMB
TMB | ---
---",Salı | Perşembe,15:30/17:29 | 15:30/17:29,,15,0,,"CAB, CEB",,
11177,TUR 121,TUR,LS,Türk Dili I,,Timur Aydın,INB,Pazartesi,10:30/12:29,A102,80,69,,"ARC, BIO, BIOE, BLG, BLGE, BST, CAB, CEB, CEN, CEV, CEVE, CHZ, CHZE, DEN, DENE, ECNE, EEE, EFN, EHB, EHBE, ELE, ELH, ELK, ELKE, END, ENDE, ENTE, ESS, EUT, EUTE, FIZ, FIZE, GEM, GEME, GEMK, GEO, GEOE, GID, GIDE, IAD, ICM, IML, IMLE, IND, INS, INSE, ISL, ISLE, JDF, JEF, JEFE, JEO, JEOE, KIM, KIME, KMM, KMME, KMP, KOM, KOME, MAD, MADE, MAK, MAKE, MAT, MATE, MEN, MET, METE, MIM, MIME, MMD, MTM, MTO, MTOE, MTR, MUT, MUZ, MUZE, MZT, NAE, PEM, PEME, PET, PETE, SAO, SBP, SBPE, SES, TEK, TEKE, TEL, THO, UCK, UCKE, UZB, UZBE, YZVE",,
11178,CAB 783,CAB,LS,Alto Kemençe I,,Lale Akay,"TMB
TMB | ---
---",Salı | Perşembe,15:30/17:29 | 15:30/17:29,,10,1,,"CAB, CEB",,
11179,CAB 785,CAB,LS,Oda Müziği I,,Pınar Tezişçi,"TMB
TMB | ---
---",Salı | Perşembe,15:30/17:29 | 15:30/17:29,,15,2,,"CAB, CEB",,
11180,TUR 121,TUR,LS,Türk Dili I,,Timur Aydın,GDB,Salı,13:30/15:29,D303,70,67,,"ARC, BIO, BIOE, BLG, BLGE, BST, CAB, CEB, CEN, CEV, CEVE, CHZ, CHZE, DEN, DENE, ECNE, EEE, EFN, EHB, EHBE, ELE, ELH, ELK, ELKE, END, ENDE, ENTE, ESS, EUT, EUTE, FIZ, FIZE, GEM, GEME, GEMK, GEO, GEOE, GID, GIDE, IAD, ICM, IML, IMLE, IND, INS, INSE, ISL, ISLE, JDF, JEF, JEFE, JEO, JEOE, KIM, KIME, KMM, KMME, KMP, KOM, KOME, MAD, MADE, MAK, MAKE, MAT, MATE, MEN, MET, METE, MIM, MIME, MMD, MTM, MTO, MTOE, MTR, MUT, MUZ, MUZE, MZT, NAE, PEM, PEME, PET, PETE, SAO, SBP, SBPE, SES, TEK, TEKE, TEL, THO, UCK, UCKE, UZB, UZBE, YZVE",,
11181,CAB 791,CAB,LS,Bağlmda Çalp Söylme Gelneği I,,Metin Eke,TMB,Perşembe,10:30/12:29,---,10,2,,"CAB, CEB",,
11182,CAB 793,CAB,LS,Doğaçlama Yöntemleri I,,Ali Kazım Akdağ,"TMB
TMB | ---
---",Pazartesi | Çarşamba,13:30/15:29 | 13:30/15:29,,10,0,,"CAB, CEB",,
11183,CAB 1013,CAB,LS,Viyola I,,Zeynep Barut,TMB,Pazartesi,13:30/15:29,---,5,0,,"MTR, MUT, MUZ, MZT",,
11184,CAB 1101,CAB,LS,Keman I,,Pınar Tezişçi,TMB,Pazartesi,13:30/15:29,---,5,5,,"MTR, MUT, MUZ, MZT",,
11185,TUR 121,TUR,LS,Türk Dili I,,Timur Aydın,MED,Perşembe,08:30/10:29,A35,80,79,,"ARC, BIO, BIOE, BLG, BLGE, BST, CAB, CEB, CEN, CEV, CEVE, CHZ, CHZE, DEN, DENE, ECNE, EEE, EFN, EHB, EHBE, ELE, ELH, ELK, ELKE, END, ENDE, ENTE, ESS, EUT, EUTE, FIZ, FIZE, GEM, GEME, GEMK, GEO, GEOE, GID, GIDE, IAD, ICM, IML, IMLE, IND, INS, INSE, ISL, ISLE, JDF, JEF, JEFE, JEO, JEOE, KIM, KIME, KMM, KMME, KMP, KOM, KOME, MAD, MADE, MAK, MAKE, MAT, MATE, MEN, MET, METE, MIM, MIME, MMD, MTM, MTO, MTOE, MTR, MUT, MUZ, MUZE, MZT, NAE, PEM, PEME, PET, PETE, SAO, SBP, SBPE, SES, TEK, TEKE, TEL, THO, UCK, UCKE, UZB, UZBE, YZVE",,
11186,CAB 2013,CAB,LS,Viyola III,,Zeynep Barut,TMB,Pazartesi,15:30/17:29,---,5,1,,"MTR, MUT, MUZ, MZT",,
11187,CAB 2101,CAB,LS,Keman III,,İbragım Orazov,TMB,Pazartesi,15:30/17:29,---,5,4,,"MTR, MUT, MUZ, MZT",,
11188,CAB 3013,CAB,LS,Viyola V,,Zeynep Barut,TMB,Çarşamba,10:30/12:29,---,5,0,,MTR,,
11189,TUR 121,TUR,LS,Türk Dili I,,Timur Aydın,MED,Perşembe,10:30/12:29,A35,80,80,,"ARC, BIO, BIOE, BLG, BLGE, BST, CAB, CEB, CEN, CEV, CEVE, CHZ, CHZE, DEN, DENE, ECNE, EEE, EFN, EHB, EHBE, ELE, ELH, ELK, ELKE, END, ENDE, ENTE, ESS, EUT, EUTE, FIZ, FIZE, GEM, GEME, GEMK, GEO, GEOE, GID, GIDE, IAD, ICM, IML, IMLE, IND, INS, INSE, ISL, ISLE, JDF, JEF, JEFE, JEO, JEOE, KIM, KIME, KMM, KMME, KMP, KOM, KOME, MAD, MADE, MAK, MAKE, MAT, MATE, MEN, MET, METE, MIM, MIME, MMD, MTM, MTO, MTOE, MTR, MUT, MUZ, MUZE, MZT, NAE, PEM, PEME, PET, PETE, SAO, SBP, SBPE, SES, TEK, TEKE, TEL, THO, UCK, UCKE, UZB, UZBE, YZVE",,
11190,CAB 3101,CAB,LS,Keman V,,İbragım Orazov,TMB,Çarşamba,10:30/12:29,---,5,4,,MTR,,
11191,CAB 3101,CAB,LS,Keman V,,Ali Cihat Aşkın,TMB,Çarşamba,10:30/12:29,---,5,1,,MTR,,
11192,CAB 4101,CAB,LS,Keman VII,,Pınar Tezişçi,TMB,Çarşamba,13:30/15:29,---,5,2,,MTR,,
11193,TUR 122,TUR,LS,Türk Dili II,,Abdullah Esen,,Pazartesi,08:30/10:29,,90,90,,"BIO, BIOE, BLG, BLGE, BST, CAB, CEB, CEN, CEV, CEVE, CHZ, CHZE, DEN, DENE, ECNE, EEE, EFN, EHB, EHBE, ELE, ELH, ELK, ELKE, END, ENDE, ENTE, ESS, EUT, EUTE, FIZ, FIZE, GEM, GEME, GEMK, GEO, GEOE, GID, GIDE, ICM, IML, IMLE, INS, INSE, ISL, ISLE, JDF, JEF, JEFE, JEO, JEOE, KIM, KIME, KMM, KMME, KMP, KOM, KOME, MAD, MADE, MAK, MAKE, MAT, MATE, MEN, MET, METE, MIM, MIME, MMD, MTO, MTOE, MTR, MUT, MUZ, MUZE, MZT, PEM, PEME, PET, PETE, SBP, SBPE, SES, TEK, TEKE, TEL, THO, UCK, UCKE, UZB, UZBE, YZVE",,
11194,CAB 277,CAB,LS,Piyano III,,Alper Rumelioğlu,TMB,Cuma,08:30/10:29,---,19,19,,"MTR, MUT, MZT, SES",,
11195,ING 105,ING,LS,English I,,İsmail Akyıldız,TMB,Salı,08:30/11:29,---,40,22,,"BST, CAB, CEB, KMP, MTR, MUT, MUZ, MUZE, MZT, SES, THO",,
11196,ING 105,ING,LS,English I,,Mevlüt Kahraman,TMB,Pazartesi,13:30/16:29,---,40,18,,"BST, CAB, CEB, KMP, MTR, MUT, MUZ, MUZE, MZT, SES, THO",,
11197,ING 105,ING,LS,English I,,İsmail Akyıldız,TMB,Perşembe,08:30/11:29,---,40,33,,"BST, CAB, CEB, KMP, MTR, MUT, MUZ, MUZE, MZT, SES, THO",,
11198,ING 105,ING,LS,English I,,Mevlüt Kahraman,TMB,Çarşamba,08:30/11:29,---,40,25,,"BST, CAB, CEB, KMP, MTR, MUT, MUZ, MUZE, MZT, SES, THO",,
11199,ING 205,ING,LS,English III,,İsmail Akyıldız,TMB,Pazartesi,08:30/11:29,---,40,8,,"BST, CAB, CEB, KMP, MTR, MUT, MUZ, MUZE, MZT, SES, THO",,
11200,ING 205,ING,LS,English III,,Mevlüt Kahraman,TMB,Salı,13:30/16:29,---,40,18,,"BST, CAB, CEB, KMP, MTR, MUT, MUZ, MUZE, MZT, SES, THO",,
11201,ING 205,ING,LS,English III,,İsmail Akyıldız,TMB,Çarşamba,08:30/11:29,---,40,15,,"BST, CAB, CEB, KMP, MTR, MUT, MUZ, MUZE, MZT, SES, THO",,
11202,ING 205,ING,LS,English III,,Mevlüt Kahraman,TMB,Perşembe,13:30/16:29,---,40,14,,"BST, CAB, CEB, KMP, MTR, MUT, MUZ, MUZE, MZT, SES, THO",,
11203,BIL 109,BIL,LS,Bilgisayar,,Tayfun Demirbaş,TMB,Pazartesi,08:30/10:29,---,26,26,,"BST, CAB, CEB, KMP, MTR, MUT, MUZ, MZT, SES, THO",,
11204,TUR 122,TUR,LS,Türk Dili II,,Aslı Kantarcı,INB,Pazartesi,15:30/17:29,A102,90,72,,"BIO, BIOE, BLG, BLGE, BST, CAB, CEB, CEN, CEV, CEVE, CHZ, CHZE, DEN, DENE, ECNE, EEE, EFN, EHB, EHBE, ELE, ELH, ELK, ELKE, END, ENDE, ENTE, ESS, EUT, EUTE, FIZ, FIZE, GEM, GEME, GEMK, GEO, GEOE, GID, GIDE, ICM, IML, IMLE, INS, INSE, ISL, ISLE, JDF, JEF, JEFE, JEO, JEOE, KIM, KIME, KMM, KMME, KMP, KOM, KOME, MAD, MADE, MAK, MAKE, MAT, MATE, MEN, MET, METE, MIM, MIME, MMD, MTO, MTOE, MTR, MUT, MUZ, MUZE, MZT, PEM, PEME, PET, PETE, SBP, SBPE, SES, TEK, TEKE, TEL, THO, UCK, UCKE, UZB, UZBE, YZVE",,
11206,BIL 109,BIL,LS,Bilgisayar,,Tayfun Demirbaş,TMB,Çarşamba,08:30/10:29,---,25,23,,"BST, CAB, CEB, KMP, MTR, MUT, MUZ, MZT, SES, THO",,
11207,BIL 109,BIL,LS,Bilgisayar,,Tayfun Demirbaş,TMB,Çarşamba,10:30/12:29,---,25,11,,"BST, CAB, CEB, KMP, MTR, MUT, MUZ, MZT, SES, THO",,
11208,BIL 109,BIL,LS,Bilgisayar,,Tayfun Demirbaş,TMB,Perşembe,08:30/10:29,---,25,25,,"BST, CAB, CEB, KMP, MTR, MUT, MUZ, MZT, SES, THO",,
11209,TUR 122,TUR,LS,Türk Dili II,,Ömer Tacir,,Çarşamba,10:30/12:29,,90,90,,"BIO, BIOE, BLG, BLGE, BST, CAB, CEB, CEN, CEV, CEVE, CHZ, CHZE, DEN, DENE, ECNE, EEE, EFN, EHB, EHBE, ELE, ELH, ELK, ELKE, END, ENDE, ENTE, ESS, EUT, EUTE, FIZ, FIZE, GEM, GEME, GEMK, GEO, GEOE, GID, GIDE, ICM, IML, IMLE, INS, INSE, ISL, ISLE, JDF, JEF, JEFE, JEO, JEOE, KIM, KIME, KMM, KMME, KMP, KOM, KOME, MAD, MADE, MAK, MAKE, MAT, MATE, MEN, MET, METE, MIM, MIME, MMD, MTO, MTOE, MTR, MUT, MUZ, MUZE, MZT, PEM, PEME, PET, PETE, SBP, SBPE, SES, TEK, TEKE, TEL, THO, UCK, UCKE, UZB, UZBE, YZVE",,
11210,TUR 122,TUR,LS,Türk Dili II,,Özlem Kara,,Cuma,14:00/15:59,,90,89,,"BIO, BIOE, BLG, BLGE, BST, CAB, CEB, CEN, CEV, CEVE, CHZ, CHZE, DEN, DENE, ECNE, EEE, EFN, EHB, EHBE, ELE, ELH, ELK, ELKE, END, ENDE, ENTE, ESS, EUT, EUTE, FIZ, FIZE, GEM, GEME, GEMK, GEO, GEOE, GID, GIDE, ICM, IML, IMLE, INS, INSE, ISL, ISLE, JDF, JEF, JEFE, JEO, JEOE, KIM, KIME, KMM, KMME, KMP, KOM, KOME, MAD, MADE, MAK, MAKE, MAT, MATE, MEN, MET, METE, MIM, MIME, MMD, MTO, MTOE, MTR, MUT, MUZ, MUZE, MZT, PEM, PEME, PET, PETE, SBP, SBPE, SES, TEK, TEKE, TEL, THO, UCK, UCKE, UZB, UZBE, YZVE",,
11211,TUR 122,TUR,LS,Türk Dili II,,Gülsün Nakıboğlu,,Salı,10:30/12:29,,90,90,,"BIO, BIOE, BLG, BLGE, BST, CAB, CEB, CEN, CEV, CEVE, CHZ, CHZE, DEN, DENE, ECNE, EEE, EFN, EHB, EHBE, ELE, ELH, ELK, ELKE, END, ENDE, ENTE, ESS, EUT, EUTE, FIZ, FIZE, GEM, GEME, GEMK, GEO, GEOE, GID, GIDE, ICM, IML, IMLE, INS, INSE, ISL, ISLE, JDF, JEF, JEFE, JEO, JEOE, KIM, KIME, KMM, KMME, KMP, KOM, KOME, MAD, MADE, MAK, MAKE, MAT, MATE, MEN, MET, METE, MIM, MIME, MMD, MTO, MTOE, MTR, MUT, MUZ, MUZE, MZT, PEM, PEME, PET, PETE, SBP, SBPE, SES, TEK, TEKE, TEL, THO, UCK, UCKE, UZB, UZBE, YZVE",,
11212,TUR 122,TUR,LS,Türk Dili II,,Hamide Aliyazıcıoğlu,,Perşembe,15:30/17:29,,90,90,,"BIO, BIOE, BLG, BLGE, BST, CAB, CEB, CEN, CEV, CEVE, CHZ, CHZE, DEN, DENE, ECNE, EEE, EFN, EHB, EHBE, ELE, ELH, ELK, ELKE, END, ENDE, ENTE, ESS, EUT, EUTE, FIZ, FIZE, GEM, GEME, GEMK, GEO, GEOE, GID, GIDE, ICM, IML, IMLE, INS, INSE, ISL, ISLE, JDF, JEF, JEFE, JEO, JEOE, KIM, KIME, KMM, KMME, KMP, KOM, KOME, MAD, MADE, MAK, MAKE, MAT, MATE, MEN, MET, METE, MIM, MIME, MMD, MTO, MTOE, MTR, MUT, MUZ, MUZE, MZT, PEM, PEME, PET, PETE, SBP, SBPE, SES, TEK, TEKE, TEL, THO, UCK, UCKE, UZB, UZBE, YZVE",,
11213,MTR 121,MTR,LS,Makam Teorisi I,,Ali İhsan Alemli,"TMB
TMB | ---
---",Salı | Perşembe,08:30/10:29 | 15:30/17:29,,30,16,,THO,,
11214,TUR 122,TUR,LS,Türk Dili II,,Timur Aydın,,Salı,08:30/10:29,,90,90,,"BIO, BIOE, BLG, BLGE, BST, CAB, CEB, CEN, CEV, CEVE, CHZ, CHZE, DEN, DENE, ECNE, EEE, EFN, EHB, EHBE, ELE, ELH, ELK, ELKE, END, ENDE, ENTE, ESS, EUT, EUTE, FIZ, FIZE, GEM, GEME, GEMK, GEO, GEOE, GID, GIDE, ICM, IML, IMLE, INS, INSE, ISL, ISLE, JDF, JEF, JEFE, JEO, JEOE, KIM, KIME, KMM, KMME, KMP, KOM, KOME, MAD, MADE, MAK, MAKE, MAT, MATE, MEN, MET, METE, MIM, MIME, MMD, MTO, MTOE, MTR, MUT, MUZ, MUZE, MZT, PEM, PEME, PET, PETE, SBP, SBPE, SES, TEK, TEKE, TEL, THO, UCK, UCKE, UZB, UZBE, YZVE",,
11215,MTR 141,MTR,LS,Makam Teorisi I,,Ali İhsan Alemli,"TMB
TMB | ---
---",Salı | Perşembe,10:30/12:29 | 13:30/15:29,,25,22,,"BST, CAB, CEB, CGM7, KMP",,
11216,TUR 101,TUR,LS,Türk Dili I,,Abdullah Esen,,Salı,11:30/13:29,,35,40,,"MBI, MCB, SBL, SCE, SED, SEH, SEK, SEN, SGI, SIN, SIS, SMT, STP",,
11217,TUR 101,TUR,LS,Türk Dili I,,Ömer Tacir,,Salı,11:30/13:29,,35,35,,"MBI, MCB, SBL, SCE, SED, SEH, SEK, SEN, SGI, SIN, SIS, SMT, STP",,
11218,MTR 241,MTR,LS,Makam Teorisi III,,Ali İhsan Alemli,"TMB
TMB | ---
---",Pazartesi | Perşembe,13:30/15:29 | 10:30/12:29,,25,9,,"BST, CAB, CEB, CGM7, KMP",,
11219,TUR 101,TUR,LS,Türk Dili I,,Özlem Kara,,Salı,11:30/13:29,,35,34,,"MBI, MCB, SBL, SCE, SED, SEH, SEK, SEN, SGI, SIN, SIS, SMT, STP",,
11220,TUR 101,TUR,LS,Türk Dili I,,Hamide Aliyazıcıoğlu,,Salı,11:30/13:29,,35,35,,"MBI, MCB, SBL, SCE, SED, SEH, SEK, SEN, SGI, SIN, SIS, SMT, STP",,
11221,TUR 111,TUR,LS,Yabancı Öğr. İçin Türk Dili I,,Abdullah Esen,,Pazartesi,13:30/15:29,,0,27,,"BIO, BIOE, BLG, BLGE, BST, CAB, CEB, CEN, CEV, CEVE, CHZ, CHZE, DEN, DENE, ECNE, EEE, EFN, EHB, EHBE, EHN, ELE, ELH, ELK, ELKE, END, ENDE, ENTE, EUT, EUTE, FIZ, FIZE, GEM, GEME, GEMK, GEO, GEOE, GID, GIDE, ICM, IML, IMLE, INS, INSE, ISL, ISLE, JDF, JEF, JEFE, JEO, JEOE, KIM, KIME, KMM, KMME, KMP, KOM, KOME, MAD, MADE, MAK, MAKE, MAT, MATE, MBI, MCB, MET, METE, MIM, MIME, MMD, MTO, MTOE, MTR, MUT, MUZ, MUZE, MZT, PEM, PEME, PET, PETE, SBL, SBP, SBPE, SCE, SDU, SED, SEH, SEK, SEN, SES, SGI, SGM, SIN, SIS, SMT, STP, TEK, TEKE, TEL, THO, UCK, UCKE, UZB, UZBE, YZVE",,
11222,TUR 112,TUR,LS,Yabancı Öğr. İçin Türk Dili II,,Abdullah Esen,,Salı,13:30/15:29,,0,23,,"BIO, BIOE, BLG, BLGE, BST, CAB, CEB, CEV, CEVE, CHZ, CHZE, DEN, DENE, ECNE, EHB, EHBE, EHN, ELE, ELH, ELK, ELKE, END, ENDE, ENTE, EUT, EUTE, FIZ, FIZE, GEM, GEME, GEMK, GEO, GEOE, GID, GIDE, ICM, IML, IMLE, INS, INSE, ISL, ISLE, JDF, JEF, JEFE, JEO, JEOE, KIM, KIME, KMM, KMME, KMP, KOM, KOME, MAD, MADE, MAK, MAKE, MAT, MATE, MBI, MCB, MET, METE, MIM, MIME, MTO, MTOE, MTR, MUT, MUZ, MUZE, MZT, PEM, PEME, PET, PETE, SBL, SBP, SBPE, SCE, SDU, SED, SEH, SEK, SEN, SES, SGI, SGM, SIN, SIS, SMT, STP, TEK, TEKE, TEL, THO, UCK, UCKE, UZB, UZBE, YZVE",,
11223,MUZ 121,MUZ,LS,Müzik Tarihi I,,"Ozan Baysal, Günay Koçhan Flower",TMB,Salı,08:30/10:29,---,40,18,,"CAB, CEB, MTR, MUT, SES",,
11224,MUZ 301,MUZ,LS,Müzik Tarihi V,,"Gözde Çolakoğlu Sarı, Günay Koçhan Flower",TMB,Cuma,09:30/12:29,---,25,14,,MUZ,,
11225,MUZ 321,MUZ,LS,Organolojiye Giriş,,Serkan Şener,TMB,Pazartesi,10:30/12:29,---,35,10,,"CAB, CEB, ETMM, MTR, MUT, MUZ",,
11226,SNT 101,SNT,LS,Heykel Sanatına Bakış,,Meliha Sözeri,MMB,Pazartesi,08:30/11:29,102A,25,18,,"ARC, BIO, BLG, CEN, CEV, CHZ, DEN, DUI, EEE, EFN, EHB, ELE, ELH, ELK, END, EUT, FIZ, GEM, GEO, GID, GMI, ICM, IML, INS, ISL, JDF, JEF, JEO, KIM, KMM, KOM, MAD, MAK, MAT, MET, MIM, MMD, MTO, PEM, PET, SBP, TEK, TEL, UCK, UZB",,
11227,SNT 102,SNT,LS,Fotoğraf,,Ahmet Keskin,MMB,Salı,08:30/11:29,3502,20,19,,"ARC, BIO, BLG, CEN, CEV, CHZ, DEN, DUI, EEE, EFN, EHB, ELE, ELH, ELK, END, EUT, FIZ, GEM, GEO, GID, GMI, ICM, IML, INS, ISL, JDF, JEF, JEO, KIM, KMM, KOM, MAD, MAK, MAT, MET, MIM, MMD, MTO, PEM, PET, SBP, TEK, TEL, UCK, UZB",,
11228,SNT 102,SNT,LS,Fotoğraf,,Hulki Korkut İlhan,MMB,Perşembe,08:30/11:29,FOTOATOLYE,20,21,,"ARC, BIO, BLG, CEN, CEV, CHZ, DEN, DUI, EEE, EFN, EHB, ELE, ELH, ELK, END, EUT, FIZ, GEM, GEO, GID, GMI, ICM, IML, INS, ISL, JDF, JEF, JEO, KIM, KMM, KOM, MAD, MAK, MAT, MET, MIM, MMD, MTO, PEM, PET, SBP, TEK, TEL, UCK, UZB",,
11229,SNT 102,SNT,LS,Fotoğraf,,Hulki Korkut İlhan,MMB,Cuma,08:30/11:29,FOTOATOLYE,20,20,,"ARC, BIO, BLG, CEN, CEV, CHZ, DEN, DUI, EEE, EFN, EHB, ELE, ELH, ELK, END, EUT, FIZ, GEM, GEO, GID, GMI, ICM, IML, INS, ISL, JDF, JEF, JEO, KIM, KMM, KOM, MAD, MAK, MAT, MET, MIM, MMD, MTO, PEM, PET, SBP, TEK, TEL, UCK, UZB",,
11230,SNT 102E,SNT,LS,Photography,,Eylül Doğruel,MMB,Pazartesi,13:30/16:29,3502,22,26,,"ARC, BIO, BIOE, BLG, BLGE, CEN, CEV, CEVE, CHZ, CHZE, DEN, DENE, ECNE, EEE, EFN, EHB, EHBE, ELE, ELH, ELK, ELKE, END, ENDE, ENTE, EUT, EUTE, FIZ, FIZE, GEM, GEME, GEMK, GEO, GEOE, GID, GIDE, GMI, GMIE, IAD, ICM, ICME, IML, IMLE, INS, INSE, ISL, ISLE, JDF, JEF, JEFE, JEO, JEOE, KIM, KIME, KMM, KMME, KOM, KOME, MAD, MADE, MAK, MAKE, MAT, MATE, MEN, MET, METE, MIM, MIME, MMD, MSS, MTO, MTOE, PEM, PEME, PET, PETE, SBP, SBPE, TEK, TEKE, TEL, UCK, UCKE, UZB, UZBE, YZVE",,
11231,SNT 103,SNT,LS,Desen,,Mehmet Güler,MMB,Perşembe,08:30/11:29,102A,20,20,,"ARC, BIO, BLG, CEN, CEV, CHZ, DEN, DUI, EEE, EFN, EHB, ELE, ELH, ELK, END, EUT, FIZ, GEM, GEO, GID, GMI, ICM, IML, INS, ISL, JDF, JEF, JEO, KIM, KMM, KOM, MAD, MAK, MAT, MET, MIM, MMD, MTO, PEM, PET, SBP, TEK, TEL, UCK, UZB",,
11232,SNT 103,SNT,LS,Desen,,Mehmet Güler,MMB,Perşembe,13:30/16:29,102A,20,20,,"ARC, BIO, BLG, CEN, CEV, CHZ, DEN, DUI, EEE, EFN, EHB, ELE, ELH, ELK, END, EUT, FIZ, GEM, GEO, GID, GMI, ICM, IML, INS, ISL, JDF, JEF, JEO, KIM, KMM, KOM, MAD, MAK, MAT, MET, MIM, MMD, MTO, PEM, PET, SBP, TEK, TEL, UCK, UZB",,
11233,SNT 103,SNT,LS,Desen,,Mehmet Güler,MMB,Cuma,08:30/11:29,102A,20,20,,"ARC, BIO, BLG, CEN, CEV, CHZ, DEN, DUI, EEE, EFN, EHB, ELE, ELH, ELK, END, EUT, FIZ, GEM, GEO, GID, GMI, ICM, IML, INS, ISL, JDF, JEF, JEO, KIM, KMM, KOM, MAD, MAK, MAT, MET, MIM, MMD, MTO, PEM, PET, SBP, TEK, TEL, UCK, UZB",,
11234,SNT 103,SNT,LS,Desen,,Mehmet Güler,MMB,Cuma,14:00/16:59,102A,20,20,,"ARC, BIO, BLG, CEN, CEV, CHZ, DEN, DUI, EEE, EFN, EHB, ELE, ELH, ELK, END, EUT, FIZ, GEM, GEO, GID, GMI, ICM, IML, INS, ISL, JDF, JEF, JEO, KIM, KMM, KOM, MAD, MAK, MAT, MET, MIM, MMD, MTO, PEM, PET, SBP, TEK, TEL, UCK, UZB",,
11235,SNT 103,SNT,LS,Desen,,Selçuk Fergöğce,MMB,Çarşamba,08:30/11:29,102A,20,20,,"ARC, BIO, BLG, CEN, CEV, CHZ, DEN, DUI, EEE, EFN, EHB, ELE, ELH, ELK, END, EUT, FIZ, GEM, GEO, GID, GMI, ICM, IML, INS, ISL, JDF, JEF, JEO, KIM, KMM, KOM, MAD, MAK, MAT, MET, MIM, MMD, MTO, PEM, PET, SBP, TEK, TEL, UCK, UZB",,
11236,SNT 103,SNT,LS,Desen,,Selçuk Fergöğce,MMB,Çarşamba,12:30/15:29,102A,20,21,,"ARC, BIO, BLG, CEN, CEV, CHZ, DEN, DUI, EEE, EFN, EHB, ELE, ELH, ELK, END, EUT, FIZ, GEM, GEO, GID, GMI, ICM, IML, INS, ISL, JDF, JEF, JEO, KIM, KMM, KOM, MAD, MAK, MAT, MET, MIM, MMD, MTO, PEM, PET, SBP, TEK, TEL, UCK, UZB",,
11237,SNT 103E,SNT,LS,Drawing,,Meliha Sözeri,MMB,Pazartesi,13:30/16:29,102A,20,20,,"ARC, BIO, BIOE, BLG, BLGE, CEN, CEV, CEVE, CHZ, CHZE, DEN, DENE, ECNE, EEE, EFN, EHB, EHBE, EHS, ELE, ELH, ELK, ELKE, END, ENDE, ENTE, EUT, EUTE, FIZ, FIZE, GEM, GEME, GEMK, GEO, GEOE, GID, GIDE, GMI, GMIE, IAD, ICM, ICME, IML, IMLE, INS, INSE, ISL, ISLE, JDF, JEF, JEFE, JEO, JEOE, KIM, KIME, KMM, KMME, KOM, KOME, MAD, MADE, MAK, MAKE, MAT, MATE, MEN, MET, METE, MIM, MIME, MMD, MSS, MTO, MTOE, PEM, PEME, PET, PETE, SBP, SBPE, TEK, TEKE, TEL, UCK, UCKE, UZB, UZBE, YZVE",,
11238,SNT 104,SNT,LS,Mitoloji ve Sanat,,Yasemin Dora,MKB,Çarşamba,12:30/15:29,D378,22,22,,"ARC, BIO, BLG, CEN, CEV, CHZ, DEN, DUI, EEE, EFN, EHB, ELE, ELH, ELK, END, EUT, FIZ, GEM, GEO, GID, GMI, ICM, IML, INS, ISL, JDF, JEF, JEO, KIM, KMM, KOM, MAD, MAK, MAT, MET, MIM, MMD, MTO, PEM, PET, SBP, TEK, TEL, UCK, UZB",,
11239,SNT 105,SNT,LS,Sinema Sanatı,,Murat Özen,MKB,Çarşamba,12:30/15:29,D452,25,24,,"ARC, BIO, BLG, CEN, CEV, CHZ, DEN, DUI, EEE, EFN, EHB, ELE, ELH, ELK, END, EUT, FIZ, GEM, GEO, GID, GMI, ICM, IML, INS, ISL, JDF, JEF, JEO, KIM, KMM, KOM, MAD, MAK, MAT, MET, MIM, MMD, MTO, PEM, PET, SBP, TEK, TEL, UCK, UZB",,
11240,SNT 105E,SNT,LS,Film Art,,Kağan Demirdöven,MED,Perşembe,08:30/11:29,B35,45,57,,"ARC, BIO, BIOE, BLG, BLGE, CEN, CEV, CEVE, CHZ, CHZE, DEN, DENE, ECNE, EEE, EFN, EHB, EHBE, EHS, ELE, ELH, ELK, ELKE, END, ENDE, ENTE, EUT, EUTE, FIZ, FIZE, GEM, GEME, GEMK, GEO, GEOE, GID, GIDE, GMI, GMIE, IAD, ICM, ICME, IML, IMLE, INS, INSE, ISL, ISLE, JDF, JEF, JEFE, JEO, JEOE, KIM, KIME, KMM, KMME, KOM, KOME, MAD, MADE, MAK, MAKE, MAT, MATE, MEN, MET, METE, MIM, MIME, MMD, MSS, MTO, MTOE, PEM, PEME, PET, PETE, SBPE, TEK, TEKE, TEL, UCK, UCKE, UZB, UZBE, YZVE",,
11241,SNT 106,SNT,LS,Geleneks. Türk El Sanatları,,Ayşe Yivlik Neftçi,INB,Pazartesi,13:30/16:29,B304,30,30,,"ARC, BIO, BLG, CEN, CEV, CHZ, DEN, DUI, EEE, EFN, EHB, ELE, ELH, ELK, END, EUT, FIZ, GEM, GEO, GID, GMI, ICM, IML, INS, ISL, JDF, JEF, JEO, KIM, KMM, KOM, MAD, MAK, MAT, MET, MIM, MMD, MTO, PEM, PET, SBP, TEK, TEL, UCK, UZB",,
11242,SNT 106E,SNT,LS,Traditional Turkish Art&Crafts,,Aslıhan Erkmen Birkandan,MED,Cuma,08:30/11:29,B36,22,23,,"ARC, BIO, BIOE, BLG, BLGE, CEN, CEV, CEVE, CHZ, CHZE, DEN, DENE, ECNE, EEE, EFN, EHB, EHBE, EHS, ELE, ELH, ELK, ELKE, END, ENDE, ENTE, EUT, EUTE, FIZ, FIZE, GEM, GEME, GEMK, GEO, GEOE, GID, GIDE, GMI, GMIE, IAD, ICM, ICME, IML, IMLE, INS, INSE, ISL, ISLE, JDF, JEF, JEFE, JEO, JEOE, KIM, KIME, KMM, KMME, KOM, KOME, MAD, MADE, MAK, MAKE, MAT, MATE, MEN, MET, METE, MIM, MIME, MMD, MSS, MTO, MTOE, PEM, PEME, PET, PETE, SBPE, TEK, TEKE, TEL, UCK, UCKE, UZB, UZBE, YZVE",,
11243,SNT 107,SNT,LS,İlkçağ Anadolu Uygarlıkları,,Ayşe Yivlik Neftçi,MED,Cuma,14:00/16:59,B35,30,30,,"ARC, BIO, BLG, CEN, CEV, CHZ, DEN, DUI, EEE, EFN, EHB, ELE, ELH, ELK, END, EUT, FIZ, GEM, GEO, GID, GMI, ICM, IML, INS, ISL, JDF, JEF, JEO, KIM, KMM, KOM, MAD, MAK, MAT, MET, MIM, MMD, MTO, PEM, PET, SBP, TEK, TEL, UCK, UZB",,
11244,SNT 107,SNT,LS,İlkçağ Anadolu Uygarlıkları,,Mine Küçük,MMB,Salı,08:30/11:29,311,25,17,,"ARC, BIO, BLG, CEN, CEV, CHZ, DEN, DUI, EEE, EFN, EHB, ELE, ELH, ELK, END, EUT, FIZ, GEM, GEO, GID, GMI, ICM, IML, INS, ISL, JDF, JEF, JEO, KIM, KMM, KOM, MAD, MAK, MAT, MET, MIM, MMD, MTO, PEM, PET, SBP, TEK, TEL, UCK, UZB",,
11245,SNT 108,SNT,LS,Seramik,,Güngör Güner,MMB,Pazartesi,08:30/11:29,389,16,24,,"ARC, BIO, BLG, CEN, CEV, CHZ, DEN, DUI, EEE, EFN, EHB, ELE, ELH, ELK, END, EUT, FIZ, GEM, GEO, GID, GMI, ICM, IML, INS, ISL, JDF, JEF, JEO, KIM, KMM, KOM, MAD, MAK, MAT, MET, MIM, MMD, MTO, PEM, PET, SBP, TEK, TEL, UCK, UZB",,
11246,SNT 108,SNT,LS,Seramik,,Aynur Karakaş Karaağaç,MMB,Salı,13:30/16:29,389,14,18,,"ARC, BIO, BLG, CEN, CEV, CHZ, DEN, DUI, EEE, EFN, EHB, ELE, ELH, ELK, END, EUT, FIZ, GEM, GEO, GID, GMI, ICM, IML, INS, ISL, JDF, JEF, JEO, KIM, KMM, KOM, MAD, MAK, MAT, MET, MIM, MMD, MTO, PEM, PET, SBP, TEK, TEL, UCK, UZB",,
11247,SNT 108,SNT,LS,Seramik,,Aynur Karakaş Karaağaç,MMB,Çarşamba,12:30/15:29,389,14,20,,"ARC, BIO, BLG, CEN, CEV, CHZ, DEN, DUI, EEE, EFN, EHB, ELE, ELH, ELK, END, EUT, FIZ, GEM, GEO, GID, GMI, ICM, IML, INS, ISL, JDF, JEF, JEO, KIM, KMM, KOM, MAD, MAK, MAT, MET, MIM, MMD, MTO, PEM, PET, SBP, TEK, TEL, UCK, UZB",,
11248,SNT 108,SNT,LS,Seramik,,Aynur Karakaş Karaağaç,MMB,Salı,08:30/11:29,389,14,17,,"ARC, BIO, BLG, CEN, CEV, CHZ, DEN, DUI, EEE, EFN, EHB, ELE, ELH, ELK, END, EUT, FIZ, GEM, GEO, GID, GMI, ICM, IML, INS, ISL, JDF, JEF, JEO, KIM, KMM, KOM, MAD, MAK, MAT, MET, MIM, MMD, MTO, PEM, PET, SBP, TEK, TEL, UCK, UZB",,
11249,SNT 109,SNT,LS,Kazı Resim (Gravür),,Pınar Genç,MMB,Salı,13:30/16:29,393,14,18,,"ARC, BIO, BLG, CEN, CEV, CHZ, DEN, DUI, EEE, EFN, EHB, ELE, ELH, ELK, END, EUT, FIZ, GEM, GEO, GID, GMI, ICM, IML, INS, ISL, JDF, JEF, JEO, KIM, KMM, KOM, MAD, MAK, MAT, MET, MIM, MMD, MTO, PEM, PET, SBP, TEK, TEL, UCK, UZB",,
11250,SNT 111,SNT,LS,Moda Tasarımı ve Sanat,,Aylin Akarvardar,MMB,Çarşamba,12:30/15:29,3502,14,14,,"ARC, BIO, BLG, CEN, CEV, CHZ, DEN, DUI, EEE, EFN, EHB, ELE, ELH, ELK, END, EUT, FIZ, GEM, GEO, GID, GMI, ICM, IML, INS, ISL, JDF, JEF, JEO, KIM, KMM, KOM, MAD, MAK, MAT, MET, MIM, MMD, MTO, PEM, PET, SBP, TEK, TEL, UCK, UZB",,
11251,SNT 112,SNT,LS,Tiyatro,,Yeliz Şatıroğlu,INB,Perşembe,13:30/16:29,A1,25,25,,"ARC, BIO, BLG, CEN, CEV, CHZ, DEN, DUI, EEE, EFN, EHB, ELE, ELH, ELK, END, EUT, FIZ, GEM, GEO, GID, GMI, ICM, IML, INS, ISL, JDF, JEF, JEO, KIM, KMM, KOM, MAD, MAK, MAT, MET, MIM, MMD, MTO, PEM, PET, SBP, TEK, TEL, UCK, UZB",,
11252,SNT 112,SNT,LS,Tiyatro,,Murat Özen,MKB,Çarşamba,08:30/11:29,D452,25,22,,"ARC, BIO, BLG, CEN, CEV, CHZ, DEN, DUI, EEE, EFN, EHB, ELE, ELH, ELK, END, EUT, FIZ, GEM, GEO, GID, GMI, ICM, IML, INS, ISL, JDF, JEF, JEO, KIM, KMM, KOM, MAD, MAK, MAT, MET, MIM, MMD, MTO, PEM, PET, SBP, TEK, TEL, UCK, UZB",,
11253,SNT 113,SNT,LS,Sanat ve Yorum,,Ferhan Gözgü Çelik,MMB,Pazartesi,08:30/11:29,227,22,18,,"ARC, BIO, BLG, CEN, CEV, CHZ, DEN, DUI, EEE, EFN, EHB, ELE, ELH, ELK, END, EUT, FIZ, GEM, GEO, GID, GMI, ICM, IML, INS, ISL, JDF, JEF, JEO, KIM, KMM, KOM, MAD, MAK, MAT, MET, MIM, MMD, MTO, PEM, PET, SBP, TEK, TEL, UCK, UZB",,
11254,SNT 113,SNT,LS,Sanat ve Yorum,,Ferhan Gözgü Çelik,MMB,Pazartesi,13:30/16:29,227,22,22,,"ARC, BIO, BLG, CEN, CEV, CHZ, DEN, DUI, EEE, EFN, EHB, ELE, ELH, ELK, END, EUT, FIZ, GEM, GEO, GID, GMI, ICM, IML, INS, ISL, JDF, JEF, JEO, KIM, KMM, KOM, MAD, MAK, MAT, MET, MIM, MMD, MTO, PEM, PET, SBP, TEK, TEL, UCK, UZB",,
11255,SNT 113,SNT,LS,Sanat ve Yorum,,Ferhan Gözgü Çelik,MMB,Salı,08:30/11:29,3503,22,21,,"ARC, BIO, BLG, CEN, CEV, CHZ, DEN, DUI, EEE, EFN, EHB, ELE, ELH, ELK, END, EUT, FIZ, GEM, GEO, GID, GMI, ICM, IML, INS, ISL, JDF, JEF, JEO, KIM, KMM, KOM, MAD, MAK, MAT, MET, MIM, MMD, MTO, PEM, PET, SBP, TEK, TEL, UCK, UZB",,
11256,SNT 114,SNT,LS,Günümüz Sanatı,,Ebru Belgin Yetişkin,FEB,Perşembe,11:30/14:29,D306,28,27,,"ARC, BIO, BLG, CEN, CEV, CHZ, DEN, DUI, EEE, EFN, EHB, ELE, ELH, ELK, END, EUT, FIZ, GEM, GEO, GID, GMI, ICM, IML, INS, ISL, JDF, JEF, JEO, KIM, KMM, KOM, MAD, MAK, MAT, MET, MIM, MMD, MTO, PEM, PET, SBP, TEK, TEL, UCK, UZB",,
11258,SNT 114,SNT,LS,Günümüz Sanatı,,Meliha Sözeri,MMB,Salı,08:30/11:29,102A,25,22,,"ARC, BIO, BLG, CEN, CEV, CHZ, DEN, DUI, EEE, EFN, EHB, ELE, ELH, ELK, END, EUT, FIZ, GEM, GEO, GID, GMI, ICM, IML, INS, ISL, JDF, JEF, JEO, KIM, KMM, KOM, MAD, MAK, MAT, MET, MIM, MMD, MTO, PEM, PET, SBP, TEK, TEL, UCK, UZB",,
11259,SNT 115,SNT,LS,Modernite ve Görsel Kültür,,Yasemin Dora,MKB,Salı,13:30/16:29,D378,22,18,,"ARC, BIO, BLG, CEN, CEV, CHZ, DEN, DUI, EEE, EFN, EHB, ELE, ELH, ELK, END, EUT, FIZ, GEM, GEO, GID, GMI, ICM, IML, INS, ISL, JDF, JEF, JEO, KIM, KMM, KOM, MAD, MAK, MAT, MET, MIM, MMD, MTO, PEM, PET, SBP, TEK, TEL, UCK, UZB",,
11260,SNT 123E,SNT,LS,Film Production,,Emre Aslay,INB,Cuma,08:30/11:29,A101,35,35,,"ARC, BIO, BIOE, BLG, BLGE, CEN, CEV, CEVE, CHZ, CHZE, DEN, DENE, ECNE, EEE, EFN, EHB, EHBE, EHS, ELE, ELH, ELK, ELKE, END, ENDE, ENTE, EUT, EUTE, FIZ, FIZE, GEM, GEME, GEMK, GEO, GEOE, GID, GIDE, GMI, GMIE, IAD, ICM, ICME, IML, IMLE, INS, INSE, ISL, ISLE, JDF, JEF, JEFE, JEO, JEOE, KIM, KIME, KMM, KMME, KOM, KOME, MAD, MADE, MAK, MAKE, MAT, MATE, MEN, MET, METE, MIM, MIME, MMD, MSS, MTO, MTOE, PEM, PEME, PET, PETE, SBP, SBPE, TEK, TEKE, TEL, UCK, UCKE, UZB, UZBE, YZVE",,
11261,SNT 123E,SNT,LS,Film Production,,Emre Aslay,MED,Cuma,14:00/16:59,B36,35,35,,"ARC, BIO, BIOE, BLG, BLGE, CEN, CEV, CEVE, CHZ, CHZE, DEN, DENE, ECNE, EEE, EFN, EHB, EHBE, EHS, ELE, ELH, ELK, ELKE, END, ENDE, ENTE, EUT, EUTE, FIZ, FIZE, GEM, GEME, GEMK, GEO, GEOE, GID, GIDE, GMI, GMIE, IAD, ICM, ICME, IML, IMLE, INS, INSE, ISL, ISLE, JDF, JEF, JEFE, JEO, JEOE, KIM, KIME, KMM, KMME, KOM, KOME, MAD, MADE, MAK, MAKE, MAT, MATE, MEN, MET, METE, MIM, MIME, MMD, MSS, MTO, MTOE, PEM, PEME, PET, PETE, SBP, SBPE, TEK, TEKE, TEL, UCK, UCKE, UZB, UZBE, YZVE",,
11263,SNT 211,SNT,LS,"İstanbul:Tarih,Sanat ve Toplum",,Kubilay Önal,MMB,Salı,08:30/11:29,315,25,23,,"ARC, BIO, BLG, CEN, CEV, CHZ, DEN, DUI, EEE, EFN, EHB, ELE, ELH, ELK, END, EUT, FIZ, GEM, GEO, GID, GMI, ICM, IML, INS, ISL, JDF, JEF, JEO, KIM, KMM, KOM, MAD, MAK, MAT, MET, MIM, MMD, MTO, PEM, PET, SBP, TEK, TEL, UCK, UZB",,
11264,SNT 211,SNT,LS,"İstanbul:Tarih,Sanat ve Toplum",,Kubilay Önal,MMB,Salı,13:30/16:29,315,25,21,,"ARC, BIO, BLG, CEN, CEV, CHZ, DEN, DUI, EEE, EFN, EHB, ELE, ELH, ELK, END, EUT, FIZ, GEM, GEO, GID, GMI, ICM, IML, INS, ISL, JDF, JEF, JEO, KIM, KMM, KOM, MAD, MAK, MAT, MET, MIM, MMD, MTO, PEM, PET, SBP, TEK, TEL, UCK, UZB",,
11265,SNT 211,SNT,LS,"İstanbul:Tarih,Sanat ve Toplum",,Çiğdem Özkan Aygün,MED,Çarşamba,08:30/11:29,B37,22,22,,"ARC, BIO, BLG, CEN, CEV, CHZ, DEN, DUI, EEE, EFN, EHB, ELE, ELH, ELK, END, EUT, FIZ, GEM, GEO, GID, GMI, ICM, IML, INS, ISL, JDF, JEF, JEO, KIM, KMM, KOM, MAD, MAK, MAT, MET, MIM, MMD, MTO, PEM, PET, SBP, TEK, TEL, UCK, UZB",,
11266,SNT 211,SNT,LS,"İstanbul:Tarih,Sanat ve Toplum",,Çiğdem Özkan Aygün,MED,Çarşamba,12:30/15:29,B34,22,22,,"ARC, BIO, BLG, CEN, CEV, CHZ, DEN, DUI, EEE, EFN, EHB, ELE, ELH, ELK, END, EUT, FIZ, GEM, GEO, GID, GMI, ICM, IML, INS, ISL, JDF, JEF, JEO, KIM, KMM, KOM, MAD, MAK, MAT, MET, MIM, MMD, MTO, PEM, PET, SBP, TEK, TEL, UCK, UZB",,
11267,SNT 211E,SNT,LS,"Istanbul:Hist.,Art and Society",,Çiğdem Özkan Aygün,MED,Perşembe,08:30/11:29,B36,22,26,,"ARC, BIO, BIOE, BLG, BLGE, CEN, CEV, CEVE, CHZ, CHZE, DEN, DENE, ECNE, EEE, EFN, EHB, EHBE, EHS, ELE, ELH, ELK, ELKE, END, ENDE, ENTE, EUT, EUTE, FIZ, FIZE, GEM, GEME, GEMK, GEO, GEOE, GID, GIDE, GMI, GMIE, IAD, ICM, ICME, IML, IMLE, INS, INSE, ISL, ISLE, JDF, JEF, JEFE, JEO, JEOE, KIM, KIME, KMM, KMME, KOM, KOME, MAD, MADE, MAK, MAKE, MAT, MATE, MEN, MET, METE, MIM, MIME, MMD, MSS, MTO, MTOE, PEM, PEME, PET, PETE, SBPE, TEK, TEKE, TEL, UCK, UCKE, UZB, UZBE, YZVE",,
11269,SNT 211E,SNT,LS,"Istanbul:Hist.,Art and Society",,Pınar Erkan Bursa,MKB,Cuma,08:30/11:29,D452,30,30,,"ARC, BIO, BIOE, BLG, BLGE, CEN, CEV, CEVE, CHZ, CHZE, DEN, DENE, ECNE, EEE, EFN, EHB, EHBE, EHS, ELE, ELH, ELK, ELKE, END, ENDE, ENTE, EUT, EUTE, FIZ, FIZE, GEM, GEME, GEMK, GEO, GEOE, GID, GIDE, GMI, GMIE, IAD, ICM, ICME, IML, IMLE, INS, INSE, ISL, ISLE, JDF, JEF, JEFE, JEO, JEOE, KIM, KIME, KMM, KMME, KOM, KOME, MAD, MADE, MAK, MAKE, MAT, MATE, MEN, MET, METE, MIM, MIME, MMD, MSS, MTO, MTOE, PEM, PEME, PET, PETE, SBPE, TEK, TEKE, TEL, UCK, UCKE, UZB, UZBE, YZVE",,
11270,SNT 226E,SNT,LS,Philosophy of Art,,Kerem Eksen,GDB,Salı,14:30/17:29,D308,40,40,,"ARC, BIO, BIOE, BLG, BLGE, CEN, CEV, CEVE, CHZ, CHZE, DEN, DENE, ECNE, EEE, EFN, EHB, EHBE, EHS, ELE, ELH, ELK, ELKE, END, ENDE, ENTE, EUT, EUTE, FIZ, FIZE, GEM, GEME, GEMK, GEO, GEOE, GID, GIDE, GMI, GMIE, IAD, ICM, ICME, IML, IMLE, INS, INSE, ISL, ISLE, JDF, JEF, JEFE, JEO, JEOE, KIM, KIME, KMM, KMME, KOM, KOME, MAD, MADE, MAK, MAKE, MAT, MATE, MEN, MET, METE, MIM, MIME, MMD, MSS, MTO, MTOE, PEM, PEME, PET, PETE, SBPE, TEK, TEKE, TEL, UCK, UCKE, UZB, UZBE, YZVE",,
11271,GSB 313,GSB,LS,Mimarlıkta Desen,,Şebnem Kayhan,MMB,Salı,13:30/16:29,102A,22,19,,"ICM, MIM, PEM, SBP",,
11272,GSB 323,GSB,LS,Fotoğraf ve Mimarlık,,Ahmet Keskin,MMB,Perşembe,08:30/11:29,3503,20,19,,"ICM, MIM, PEM, SBP",,
11273,GSB 323,GSB,LS,Fotoğraf ve Mimarlık,,Hulki Korkut İlhan,MMB,Perşembe,13:30/16:29,FOTOATOLYE,20,20,,"ICM, MIM, PEM, SBP",,
11274,ALM 101,ALM,LS,Almanca I,,İnanç Bakkalbaşı,,Salı,08:30/12:29,,25,28,,Tüm Lisans ve Lisansüstü Programlar,,
11275,ALM 102,ALM,LS,Almanca II,,İnanç Bakkalbaşı,,Çarşamba,08:30/12:29,,27,29,,Tüm Lisans ve Lisansüstü Programlar,,
11276,GSB 323,GSB,LS,Fotoğraf ve Mimarlık,,Hulki Korkut İlhan,MMB,Cuma,14:00/16:59,FOTOATOLYE,20,19,,"ICM, MIM, PEM, SBP",,
11277,ALM 201,ALM,LS,Almanca III,,İnanç Bakkalbaşı,,Perşembe,08:30/12:29,,27,25,,Tüm Lisans ve Lisansüstü Programlar,,
11278,GSB 343,GSB,LS,Görsel Analiz,,Ferhan Gözgü Çelik,MMB,Salı,13:30/16:29,RESATOLYE1,12,12,,"ICM, MIM, PEM, SBP",,
11279,GSB 363,GSB,LS,Mimarlıkta Seramik Uygulamalar,,Aynur Karakaş Karaağaç,MMB,Çarşamba,08:30/11:29,389,15,17,,"ICM, MIM, PEM, SBP",,
11280,ALM 202,ALM,LS,Almanca IV,,İnanç Bakkalbaşı,,Cuma,08:30/12:29,,27,20,,Tüm Lisans ve Lisansüstü Programlar,,
11281,CIN 101,CIN,LS,Çince I,,Shıh-Yın Chen,,Pazartesi,08:30/12:29,,25,25,,Tüm Lisans ve Lisansüstü Programlar,,
11282,CIN 101,CIN,LS,Çince I,,Shıh-Yın Chen,,Salı,08:30/12:29,,25,21,,Tüm Lisans ve Lisansüstü Programlar,,
11283,CIN 101,CIN,LS,Çince I,,Shıh-Yın Chen,,Perşembe,08:30/12:29,,25,24,,Tüm Lisans ve Lisansüstü Programlar,,
11284,CIN 102,CIN,LS,Çince II,,Shıh-Yın Chen,,Çarşamba,08:30/12:29,,20,8,,Tüm Lisans ve Lisansüstü Programlar,,
11285,CIN 201,CIN,LS,Çince III,,Shıh-Yın Chen,,Cuma,08:30/12:29,,20,5,,Tüm Lisans ve Lisansüstü Programlar,,
11286,FRA 101,FRA,LS,Fransızca I,,Ebru Yücetin Er,,Salı,08:30/12:29,,30,30,,Tüm Lisans ve Lisansüstü Programlar,,
11287,FRA 101,FRA,LS,Fransızca I,,Ebru Yücetin Er,,Çarşamba,08:30/12:29,,30,30,,Tüm Lisans ve Lisansüstü Programlar,,
11288,FRA 101,FRA,LS,Fransızca I,,Hilal Küçük,,Perşembe,08:30/12:29,,28,27,,Tüm Lisans ve Lisansüstü Programlar,,
11289,FRA 101,FRA,LS,Fransızca I,,Yelda Tavukçuoğlu,,Salı,13:00/16:59,,30,30,,Tüm Lisans ve Lisansüstü Programlar,,
11290,FRA 101,FRA,LS,Fransızca I,,Yelda Tavukçuoğlu,,Cuma,08:30/12:29,,30,30,,Tüm Lisans ve Lisansüstü Programlar,,
11291,FRA 102,FRA,LS,Fransızca II,,Hilal Küçük,,Pazartesi,13:30/17:29,,25,18,,Tüm Lisans ve Lisansüstü Programlar,,
11292,FRA 102,FRA,LS,Fransızca II,,Hilal Küçük,,Salı,08:30/12:29,,25,18,,Tüm Lisans ve Lisansüstü Programlar,,
11293,FRA 102,FRA,LS,Fransızca II,,Ebru Yücetin Er,,Perşembe,08:30/12:29,,25,25,,Tüm Lisans ve Lisansüstü Programlar,,
11294,FRA 201,FRA,LS,Fransızca III,,Hilal Küçük,,Cuma,08:30/12:29,,25,17,,Tüm Lisans ve Lisansüstü Programlar,,
11295,FRA 202,FRA,LS,Fransızca IV,,Ebru Yücetin Er,,Cuma,08:30/12:29,,20,15,,Tüm Lisans ve Lisansüstü Programlar,,
11296,FRA 301,FRA,LS,Fransızca V,,Yelda Tavukçuoğlu,,Perşembe,08:30/12:29,,20,6,,Tüm Lisans ve Lisansüstü Programlar,,
11297,ISP 101,ISP,LS,İspanyolca I,,Maria Victoria Galvez Frutos,,Salı,13:00/16:59,,30,30,,Tüm Lisans ve Lisansüstü Programlar,,
11298,ISP 101,ISP,LS,İspanyolca I,,Maria Victoria Galvez Frutos,,Perşembe,08:30/12:29,,30,30,,Tüm Lisans ve Lisansüstü Programlar,,
11299,ISP 102,ISP,LS,İspanyolca II,,Maria Victoria Galvez Frutos,,Perşembe,13:00/16:59,,27,17,,Tüm Lisans ve Lisansüstü Programlar,,
11300,ISP 202,ISP,LS,İspanyolca IV,,Maria Victoria Galvez Frutos,,Çarşamba,08:30/12:29,,25,15,,Tüm Lisans ve Lisansüstü Programlar,,
11301,ISP 302,ISP,LS,İspanyolca VI,,Maria Victoria Galvez Frutos,,Cuma,08:30/12:29,,20,5,,Tüm Lisans ve Lisansüstü Programlar,,
11302,ITA 101,ITA,LS,İtalyanca I,,Lina Calogera,,Salı,08:30/12:29,,25,25,,Tüm Lisans ve Lisansüstü Programlar,,
11303,ITA 101,ITA,LS,İtalyanca I,,Martina Lucia Leone,,Pazartesi,13:00/16:59,,30,30,,Tüm Lisans ve Lisansüstü Programlar,,
11304,ITA 101,ITA,LS,İtalyanca I,,Martina Lucia Leone,,Perşembe,08:30/12:29,,30,30,,Tüm Lisans ve Lisansüstü Programlar,,
11305,EEF 211E,EEF,LS,Basics of Electrical Circuits,,Sheida Faraji,EEB,Pazartesi,08:30/11:29,5104,65,65,,"CEN, EEE, EHB, EHBE, ELK, ELKE, KOM, KOME",,
11306,ITA 101,ITA,LS,İtalyanca I,,Lina Calogera,,Salı,13:00/16:59,,25,23,,Tüm Lisans ve Lisansüstü Programlar,,
11307,ITA 102,ITA,LS,İtalyanca II,,Lina Calogera,,Pazartesi,13:00/16:59,,25,17,,Tüm Lisans ve Lisansüstü Programlar,,
11308,ITA 201,ITA,LS,İtalyanca III,,Lina Calogera,,Perşembe,08:30/12:29,,20,5,,Tüm Lisans ve Lisansüstü Programlar,,
11309,ITA 301,ITA,LS,İtalyanca V,,Lina Calogera,,Cuma,08:30/12:29,,20,4,,Tüm Lisans ve Lisansüstü Programlar,,
11310,ATA 101,ATA,LS,Atatürk İlk & İnkılap Trh I,,Emin Alp Malkoç,,Pazartesi,11:30/13:29,,50,38,,"MBI, SIN",,
11311,JPN 101,JPN,LS,Japonca I,,Salih Kirazoğlu,,Salı,13:00/16:59,,30,30,,Tüm Lisans ve Lisansüstü Programlar,,
11312,JPN 102,JPN,LS,Japonca II,,Salih Kirazoğlu,,Çarşamba,08:30/12:29,,25,20,,Tüm Lisans ve Lisansüstü Programlar,,
11313,ATA 121,ATA,LS,Atatürk İlk & İnkılap Trh I,,Emin Alp Malkoç,,Pazartesi,13:30/15:29,,70,64,,"ARC, BIO, BIOE, BLG, BLGE, CEN, CEV, CEVE, CHZ, CHZE, DEN, DENE, DUI, DUIE, ECNE, EEE, EFN, EHB, EHBE, ELE, ELH, ELK, ELKE, END, ENDE, ENTE, ESS, EUT, EUTE, FIZ, FIZE, GEM, GEME, GEMK, GEO, GEOE, GID, GIDE, GMI, GMIE, IAD, ICM, IML, IMLE, IND, INS, INSE, ISL, ISLE, JDF, JEF, JEFE, JEO, JEOE, KIM, KIME, KMM, KMME, KOM, KOME, MAD, MADE, MAK, MAKE, MAT, MATE, MEN, MET, METE, MIM, MIME, MMD, MTM, MTO, MTOE, NAE, PEM, PEME, PET, PETE, SAO, SBP, SBPE, TEK, TEKE, TEL, THO, UCK, UCKE, UZB, UZBE, YZVE",,
11314,ATA 121,ATA,LS,Atatürk İlk & İnkılap Trh I,,Emin Alp Malkoç,,Pazartesi,15:30/17:29,,70,70,,"ARC, BIO, BIOE, BLG, BLGE, CEN, CEV, CEVE, CHZ, CHZE, DEN, DENE, DUI, DUIE, ECNE, EEE, EFN, EHB, EHBE, ELE, ELH, ELK, ELKE, END, ENDE, ENTE, ESS, EUT, EUTE, FIZ, FIZE, GEM, GEME, GEMK, GEO, GEOE, GID, GIDE, GMI, GMIE, IAD, ICM, IML, IMLE, IND, INS, INSE, ISL, ISLE, JDF, JEF, JEFE, JEO, JEOE, KIM, KIME, KMM, KMME, KOM, KOME, MAD, MADE, MAK, MAKE, MAT, MATE, MEN, MET, METE, MIM, MIME, MMD, MTM, MTO, MTOE, NAE, PEM, PEME, PET, PETE, SAO, SBP, SBPE, TEK, TEKE, TEL, THO, UCK, UCKE, UZB, UZBE, YZVE",,
11315,JPN 201,JPN,LS,Japonca III,,Salih Kirazoğlu,,Perşembe,13:00/16:59,,20,10,,Tüm Lisans ve Lisansüstü Programlar,,
11316,ATA 121,ATA,LS,Atatürk İlk & İnkılap Trh I,,Emin Alp Malkoç,MMB,Salı,10:30/12:29,213,70,21,,"ARC, BIO, BIOE, BLG, BLGE, CEN, CEV, CEVE, CHZ, CHZE, DEN, DENE, ECNE, EEE, EFN, EHB, EHBE, ELE, ELH, ELK, ELKE, END, ENDE, ENTE, ESS, EUT, EUTE, FIZ, FIZE, GEM, GEME, GEMK, GEO, GEOE, GID, GIDE, IAD, ICM, IML, IMLE, IND, INS, INSE, ISL, ISLE, JDF, JEF, JEFE, JEO, JEOE, KIM, KIME, KMM, KMME, KOM, KOME, MAD, MADE, MAK, MAKE, MAT, MATE, MEN, MET, METE, MIM, MIME, MMD, MTM, MTO, MTOE, NAE, PEM, PEME, PET, PETE, SAO, SBP, SBPE, TEK, TEKE, TEL, THO, UCK, UCKE, UZB, UZBE, YZVE",,
11317,ATA 121,ATA,LS,Atatürk İlk & İnkılap Trh I,,Emin Alp Malkoç,MMB,Salı,13:30/15:29,215,70,38,,"ARC, BIO, BIOE, BLG, BLGE, CEN, CEV, CEVE, CHZ, CHZE, DEN, DENE, ECNE, EEE, EFN, EHB, EHBE, ELE, ELH, ELK, ELKE, END, ENDE, ENTE, ESS, EUT, EUTE, FIZ, FIZE, GEM, GEME, GEMK, GEO, GEOE, GID, GIDE, IAD, ICM, IML, IMLE, IND, INS, INSE, ISL, ISLE, JDF, JEF, JEFE, JEO, JEOE, KIM, KIME, KMM, KMME, KOM, KOME, MAD, MADE, MAK, MAKE, MAT, MATE, MEN, MET, METE, MIM, MIME, MMD, MTM, MTO, MTOE, NAE, PEM, PEME, PET, PETE, SAO, SBP, SBPE, TEK, TEKE, TEL, THO, UCK, UCKE, UZB, UZBE, YZVE",,
11318,JPN 101,JPN,LS,Japonca I,,Salih Kirazoğlu,,Cuma,08:30/12:29,,30,30,,Tüm Lisans ve Lisansüstü Programlar,,
11319,ATA 122,ATA,LS,Atatürk İlk & İnkılap Trh II,,Emin Alp Malkoç,MMB,Salı,15:30/17:29,215,70,33,,"ARC, BIO, BIOE, BLG, BLGE, CEN, CEV, CEVE, CHZ, CHZE, DEN, DENE, ECNE, EEE, EFN, EHB, EHBE, ELE, ELH, ELK, ELKE, END, ENDE, ENTE, ESS, EUT, EUTE, FIZ, FIZE, GEM, GEME, GEMK, GEO, GEOE, GID, GIDE, ICM, IML, IMLE, INS, INSE, ISL, ISLE, JDF, JEF, JEFE, JEO, JEOE, KIM, KIME, KMM, KMME, KOM, KOME, MAD, MADE, MAK, MAKE, MAT, MATE, MEN, MET, METE, MIM, MIME, MMD, MTO, MTOE, PEM, PEME, PET, PETE, SAO, SBP, SBPE, TEK, TEKE, TEL, THO, UCK, UCKE, UZB, UZBE, YZVE",,
11320,ATA 101,ATA,LS,Atatürk İlk & İnkılap Trh I,,Burcu Kurt,,Pazartesi,11:30/13:29,,50,8,,"EHN, SDU, SEH, SGM, SIS",,
11321,RUS 101,RUS,LS,Rusça I,,Ekaterina Bal,,Pazartesi,08:30/12:29,,27,27,,Tüm Lisans ve Lisansüstü Programlar,,
11322,RUS 101,RUS,LS,Rusça I,,Ekaterina Bal,,Salı,08:30/12:29,,27,26,,Tüm Lisans ve Lisansüstü Programlar,,
11323,RUS 102,RUS,LS,Rusça II,,Ekaterina Bal,,Çarşamba,08:30/12:29,,25,21,,Tüm Lisans ve Lisansüstü Programlar,,
11324,ATA 121,ATA,LS,Atatürk İlk & İnkılap Trh I,,Burcu Kurt,,Pazartesi,13:30/15:29,,70,70,,"ARC, BIO, BIOE, BLG, BLGE, CEN, CEV, CEVE, CHZ, CHZE, DEN, DENE, DUI, DUIE, ECNE, EEE, EFN, EHB, EHBE, ELE, ELH, ELK, ELKE, END, ENDE, ENTE, ESS, EUT, EUTE, FIZ, FIZE, GEM, GEME, GEMK, GEO, GEOE, GID, GIDE, GMI, GMIE, IAD, ICM, IML, IMLE, IND, INS, INSE, ISL, ISLE, JDF, JEF, JEFE, JEO, JEOE, KIM, KIME, KMM, KMME, KOM, KOME, MAD, MADE, MAK, MAKE, MAT, MATE, MEN, MET, METE, MIM, MIME, MMD, MTM, MTO, MTOE, NAE, PEM, PEME, PET, PETE, SAO, SBP, SBPE, TEK, TEKE, TEL, THO, UCK, UCKE, UZB, UZBE, YZVE",,
11325,ATA 121,ATA,LS,Atatürk İlk & İnkılap Trh I,,--,ISB,Salı,13:30/15:29,---,0,0,,"ARC, BIO, BIOE, BLG, BLGE, CEN, CEV, CEVE, CHZ, CHZE, DEN, DENE, ECNE, EEE, EFN, EHB, EHBE, ELE, ELH, ELK, ELKE, END, ENDE, ENTE, ESS, EUT, EUTE, FIZ, FIZE, GEM, GEME, GEMK, GEO, GEOE, GID, GIDE, IAD, ICM, IML, IMLE, IND, INS, INSE, ISL, ISLE, JDF, JEF, JEFE, JEO, JEOE, KIM, KIME, KMM, KMME, KOM, KOME, MAD, MADE, MAK, MAKE, MAT, MATE, MEN, MET, METE, MIM, MIME, MMD, MTM, MTO, MTOE, NAE, PEM, PEME, PET, PETE, SAO, SBP, SBPE, TEK, TEKE, TEL, THO, UCK, UCKE, UZB, UZBE, YZVE",,
11326,ATA 103,ATA,LS,Atatürk İlke ve Ink.Tarihi,,Burcu Kurt,"ISB
ISB | F236
F236",Salı | Cuma,15:30/17:29 | 14:00/15:59,,50,49,,"BST, CAB, CEB, KMP, MTR, MUT, MUZ, MUZE, MZT, SES",,
11327,ATA 122,ATA,LS,Atatürk İlk & İnkılap Trh II,,Burcu Kurt,ISB,Cuma,10:30/12:29,F236,70,32,,"ARC, BIO, BIOE, BLG, BLGE, CEN, CEV, CEVE, CHZ, CHZE, DEN, DENE, ECNE, EEE, EFN, EHB, EHBE, ELE, ELH, ELK, ELKE, END, ENDE, ENTE, ESS, EUT, EUTE, FIZ, FIZE, GEM, GEME, GEMK, GEO, GEOE, GID, GIDE, ICM, IML, IMLE, INS, INSE, ISL, ISLE, JDF, JEF, JEFE, JEO, JEOE, KIM, KIME, KMM, KMME, KOM, KOME, MAD, MADE, MAK, MAKE, MAT, MATE, MEN, MET, METE, MIM, MIME, MMD, MTO, MTOE, PEM, PEME, PET, PETE, SAO, SBP, SBPE, TEK, TEKE, TEL, THO, UCK, UCKE, UZB, UZBE, YZVE",,
11329,ATA 121,ATA,LS,Atatürk İlk & İnkılap Trh I,,Serap Sarıhan,,Çarşamba,08:30/10:29,,65,66,,"ARC, BIO, BIOE, BLG, BLGE, CEN, CEV, CEVE, CHZ, CHZE, DEN, DENE, DUI, DUIE, ECNE, EEE, EFN, EHB, EHBE, ELE, ELH, ELK, ELKE, END, ENDE, ENTE, ESS, EUT, EUTE, FIZ, FIZE, GEM, GEME, GEMK, GEO, GEOE, GID, GIDE, GMI, GMIE, IAD, ICM, IML, IMLE, IND, INS, INSE, ISL, ISLE, JDF, JEF, JEFE, JEO, JEOE, KIM, KIME, KMM, KMME, KOM, KOME, MAD, MADE, MAK, MAKE, MAT, MATE, MEN, MET, METE, MIM, MIME, MMD, MTM, MTO, MTOE, NAE, PEM, PEME, PET, PETE, SAO, SBP, SBPE, TEK, TEKE, TEL, THO, UCK, UCKE, UZB, UZBE, YZVE",,
11330,ATA 121,ATA,LS,Atatürk İlk & İnkılap Trh I,,Serap Sarıhan,,Çarşamba,10:30/12:29,,60,60,,"ARC, BIO, BIOE, BLG, BLGE, CEN, CEV, CEVE, CHZ, CHZE, DEN, DENE, DUI, DUIE, ECNE, EEE, EFN, EHB, EHBE, ELE, ELH, ELK, ELKE, END, ENDE, ENTE, ESS, EUT, EUTE, FIZ, FIZE, GEM, GEME, GEMK, GEO, GEOE, GID, GIDE, GMI, GMIE, ICM, IML, IMLE, IND, INS, INSE, ISL, ISLE, JDF, JEF, JEFE, JEO, JEOE, KIM, KIME, KMM, KMME, KOM, KOME, MAD, MADE, MAK, MAKE, MAT, MATE, MEN, MET, METE, MIM, MIME, MMD, MTM, MTO, MTOE, PEM, PEME, PET, PETE, SAO, SBP, SBPE, TEK, TEKE, TEL, THO, UCK, UCKE, UZB, UZBE, YZVE",,
11331,ATA 121,ATA,LS,Atatürk İlk & İnkılap Trh I,,Serap Sarıhan,,Perşembe,08:30/10:29,,60,60,,"ARC, BIO, BIOE, BLG, BLGE, CEN, CEV, CEVE, CHZ, CHZE, DEN, DENE, DUI, DUIE, ECNE, EEE, EFN, EHB, EHBE, ELE, ELH, ELK, ELKE, END, ENDE, ENTE, ESS, EUT, EUTE, FIZ, FIZE, GEM, GEME, GEMK, GEO, GEOE, GID, GIDE, GMI, GMIE, IAD, ICM, IML, IMLE, IND, INS, INSE, ISL, ISLE, JDF, JEF, JEFE, JEO, JEOE, KIM, KIME, KMM, KMME, KOM, KOME, MAD, MADE, MAK, MAKE, MAT, MATE, MEN, MET, METE, MIM, MIME, MMD, MTM, MTO, MTOE, NAE, PEM, PEME, PET, PETE, SAO, SBP, SBPE, TEK, TEKE, TEL, THO, UCK, UCKE, UZB, UZBE, YZVE",,
11332,ATA 121,ATA,LS,Atatürk İlk & İnkılap Trh I,,Serap Sarıhan,,Perşembe,10:30/12:29,,60,60,,"ARC, BIO, BIOE, BLG, BLGE, CEN, CEV, CEVE, CHZ, CHZE, DEN, DENE, DUI, DUIE, ECNE, EEE, EFN, EHB, EHBE, ELE, ELH, ELK, ELKE, END, ENDE, ENTE, ESS, EUT, EUTE, FIZ, FIZE, GEM, GEME, GEMK, GEO, GEOE, GID, GIDE, GMI, GMIE, IAD, ICM, IML, IMLE, IND, INS, INSE, ISL, ISLE, JDF, JEF, JEFE, JEO, JEOE, KIM, KIME, KMM, KMME, KOM, KOME, MAD, MADE, MAK, MAKE, MAT, MATE, MEN, MET, METE, MIM, MIME, MMD, MTM, MTO, MTOE, NAE, PEM, PEME, PET, PETE, SAO, SBP, SBPE, TEK, TEKE, TEL, THO, UCK, UCKE, UZB, UZBE, YZVE",,
11333,ATA 122,ATA,LS,Atatürk İlk & İnkılap Trh II,,Serap Sarıhan,,Cuma,08:30/10:29,,61,61,,"ARC, BIO, BIOE, BLG, BLGE, CEN, CEV, CEVE, CHZ, CHZE, DEN, DENE, DUI, DUIE, ECNE, EEE, EFN, EHB, EHBE, ELE, ELH, ELK, ELKE, END, ENDE, ENTE, ESS, EUT, EUTE, FIZ, FIZE, GEM, GEME, GEMK, GEO, GEOE, GID, GIDE, GMI, GMIE, IAD, ICM, IML, IMLE, IND, INS, INSE, ISL, ISLE, JDF, JEF, JEFE, JEO, JEOE, KIM, KIME, KMM, KMME, KOM, KOME, MAD, MADE, MAK, MAKE, MAT, MATE, MEN, MET, METE, MIM, MIME, MMD, MTM, MTO, MTOE, NAE, PEM, PEME, PET, PETE, SAO, SBP, SBPE, TEK, TEKE, TEL, THO, UCK, UCKE, UZB, UZBE, YZVE",,
11334,ATA 122,ATA,LS,Atatürk İlk & İnkılap Trh II,,Serap Sarıhan,,Cuma,10:30/12:29,,63,63,,"ARC, BIO, BIOE, BLG, BLGE, CEN, CEV, CEVE, CHZ, CHZE, DEN, DENE, DUI, DUIE, ECNE, EEE, EFN, EHB, EHBE, ELE, ELH, ELK, ELKE, END, ENDE, ENTE, ESS, EUT, EUTE, FIZ, FIZE, GEM, GEME, GEMK, GEO, GEOE, GID, GIDE, GMI, GMIE, IAD, ICM, IML, IMLE, IND, INS, INSE, ISL, ISLE, JDF, JEF, JEFE, JEO, JEOE, KIM, KIME, KMM, KMME, KOM, KOME, MAD, MADE, MAK, MAKE, MAT, MATE, MEN, MET, METE, MIM, MIME, MMD, MTM, MTO, MTOE, NAE, PEM, PEME, PET, PETE, SAO, SBP, SBPE, TEK, TEKE, TEL, THO, UCK, UCKE, UZB, UZBE, YZVE",,
11335,ATA 121,ATA,LS,Atatürk İlk & İnkılap Trh I,,Necdet Öz,,Çarşamba,08:30/10:29,,65,65,,"ARC, BIO, BIOE, BLG, BLGE, CEN, CEV, CEVE, CHZ, CHZE, DEN, DENE, DUI, DUIE, ECNE, EEE, EFN, EHB, EHBE, ELE, ELH, ELK, ELKE, END, ENDE, ENTE, ESS, EUT, EUTE, FIZ, FIZE, GEM, GEME, GEMK, GEO, GEOE, GID, GIDE, GMI, GMIE, IAD, ICM, IML, IMLE, IND, INS, INSE, ISL, ISLE, JDF, JEF, JEFE, JEO, JEOE, KIM, KIME, KMM, KMME, KOM, KOME, MAD, MADE, MAK, MAKE, MAT, MATE, MEN, MET, METE, MIM, MIME, MMD, MTM, MTO, MTOE, NAE, PEM, PEME, PET, PETE, SAO, SBP, SBPE, TEK, TEKE, TEL, THO, UCK, UCKE, UZB, UZBE, YZVE",,
11336,ATA 121,ATA,LS,Atatürk İlk & İnkılap Trh I,,Necdet Öz,,Çarşamba,10:30/12:29,,60,60,,"ARC, BIO, BIOE, BLG, BLGE, CEN, CEV, CEVE, CHZ, CHZE, DEN, DENE, DUI, DUIE, ECNE, EEE, EFN, EHB, EHBE, ELE, ELH, ELK, ELKE, END, ENDE, ENTE, ESS, EUT, EUTE, FIZ, FIZE, GEM, GEME, GEMK, GEO, GEOE, GID, GIDE, GMI, GMIE, IAD, ICM, IML, IMLE, IND, INS, INSE, ISL, ISLE, JDF, JEF, JEFE, JEO, JEOE, KIM, KIME, KMM, KMME, KOM, KOME, MAD, MADE, MAK, MAKE, MAT, MATE, MEN, MET, METE, MIM, MIME, MMD, MTM, MTO, MTOE, NAE, PEM, PEME, PET, PETE, SAO, SBP, SBPE, TEK, TEKE, TEL, THO, UCK, UCKE, UZB, UZBE, YZVE",,
11337,ATA 102,ATA,LS,Atatürk İlk & İnkılap Trh II,,Necdet Öz,,Perşembe,11:30/13:29,,30,3,,"SDU, SGM, SMT, STP",,
11338,ATA 122,ATA,LS,Atatürk İlk & İnkılap Trh II,,--,,Perşembe,13:30/15:29,,0,0,,"ARC, BIO, BIOE, BLG, BLGE, CEN, CEV, CEVE, CHZ, CHZE, DEN, DENE, DUI, DUIE, ECNE, EEE, EFN, EHB, EHBE, ELE, ELH, ELK, ELKE, END, ENDE, ENTE, ESS, EUT, EUTE, FIZ, FIZE, GEM, GEME, GEMK, GEO, GEOE, GID, GIDE, GMI, GMIE, IAD, ICM, IML, IMLE, IND, INS, INSE, ISL, ISLE, JDF, JEF, JEFE, JEO, JEOE, KIM, KIME, KMM, KMME, KOM, KOME, MAD, MADE, MAK, MAKE, MAT, MATE, MEN, MET, METE, MIM, MIME, MMD, MTM, MTO, MTOE, NAE, PEM, PEME, PET, PETE, SAO, SBP, SBPE, TEK, TEKE, TEL, THO, UCK, UCKE, UZB, UZBE, YZVE",,
11339,ATA 122,ATA,LS,Atatürk İlk & İnkılap Trh II,,Necdet Öz,,Perşembe,15:30/17:29,,60,60,,"ARC, BIO, BIOE, BLG, BLGE, CEN, CEV, CEVE, CHZ, CHZE, DEN, DENE, DUI, DUIE, ECNE, EEE, EFN, EHB, EHBE, ELE, ELH, ELK, ELKE, END, ENDE, ENTE, ESS, EUT, EUTE, FIZ, FIZE, GEM, GEME, GEMK, GEO, GEOE, GID, GIDE, GMI, GMIE, IAD, ICM, IML, IMLE, IND, INS, INSE, ISL, ISLE, JDF, JEF, JEFE, JEO, JEOE, KIM, KIME, KMM, KMME, KOM, KOME, MAD, MADE, MAK, MAKE, MAT, MATE, MEN, MET, METE, MIM, MIME, MMD, MTM, MTO, MTOE, NAE, PEM, PEME, PET, PETE, SAO, SBP, SBPE, TEK, TEKE, TEL, THO, UCK, UCKE, UZB, UZBE, YZVE",,
11340,ATA 121,ATA,LS,Atatürk İlk & İnkılap Trh I,,Necdet Öz,INB,Cuma,08:30/10:29,A201,60,42,,"ARC, BIO, BIOE, BLG, BLGE, CEN, CEV, CEVE, CHZ, CHZE, DEN, DENE, ECNE, EEE, EFN, EHB, EHBE, ELE, ELH, ELK, ELKE, END, ENDE, ENTE, ESS, EUT, EUTE, FIZ, FIZE, GEM, GEME, GEMK, GEO, GEOE, GID, GIDE, IAD, ICM, IML, IMLE, IND, INS, INSE, ISL, ISLE, JDF, JEF, JEFE, JEO, JEOE, KIM, KIME, KMM, KMME, KOM, KOME, MAD, MADE, MAK, MAKE, MAT, MATE, MEN, MET, METE, MIM, MIME, MMD, MTM, MTO, MTOE, NAE, PEM, PEME, PET, PETE, SAO, SBP, SBPE, TEK, TEKE, TEL, THO, UCK, UCKE, UZB, UZBE, YZVE",,
11341,ATA 121,ATA,LS,Atatürk İlk & İnkılap Trh I,,Necdet Öz,INB,Cuma,10:30/12:29,A201,60,41,,"ARC, BIO, BIOE, BLG, BLGE, CEN, CEV, CEVE, CHZ, CHZE, DEN, DENE, ECNE, EEE, EFN, EHB, EHBE, ELE, ELH, ELK, ELKE, END, ENDE, ENTE, ESS, EUT, EUTE, FIZ, FIZE, GEM, GEME, GEMK, GEO, GEOE, GID, GIDE, ICM, IML, IMLE, IND, INS, INSE, ISL, ISLE, JDF, JEF, JEFE, JEO, JEOE, KIM, KIME, KMM, KMME, KOM, KOME, MAD, MADE, MAK, MAKE, MAT, MATE, MEN, MET, METE, MIM, MIME, MMD, MTM, MTO, MTOE, NAE, PEM, PEME, PET, PETE, SAO, SBP, SBPE, TEK, TEKE, TEL, THO, UCK, UCKE, UZB, UZBE, YZVE",,
11342,ATA 121,ATA,LS,Atatürk İlk & İnkılap Trh I,,İsmail Kandil,,Pazartesi,10:30/12:29,,60,59,,"ARC, BIO, BIOE, BLG, BLGE, CEN, CEV, CEVE, CHZ, CHZE, DEN, DENE, DUI, DUIE, ECNE, EEE, EFN, EHB, EHBE, ELE, ELH, ELK, ELKE, END, ENDE, ENTE, ESS, EUT, EUTE, FIZ, FIZE, GEM, GEME, GEMK, GEO, GEOE, GID, GIDE, GMI, GMIE, ICM, IML, IMLE, IND, INS, INSE, ISL, ISLE, JDF, JEF, JEFE, JEO, JEOE, KIM, KIME, KMM, KMME, KOM, KOME, MAD, MADE, MAK, MAKE, MAT, MATE, MEN, MET, METE, MIM, MIME, MMD, MTM, MTO, MTOE, PEM, PEME, PET, PETE, SAO, SBP, SBPE, TEK, TEKE, TEL, THO, UCK, UCKE, UZB, UZBE, YZVE",,
11343,ATA 121,ATA,LS,Atatürk İlk & İnkılap Trh I,,İsmail Kandil,,Pazartesi,13:30/15:29,,60,60,,"ARC, BIO, BIOE, BLG, BLGE, CEN, CEV, CEVE, CHZ, CHZE, DEN, DENE, DUI, DUIE, ECNE, EEE, EFN, EHB, EHBE, ELE, ELH, ELK, ELKE, END, ENDE, ENTE, ESS, EUT, EUTE, FIZ, FIZE, GEM, GEME, GEMK, GEO, GEOE, GID, GIDE, GMI, GMIE, ICM, IML, IMLE, IND, INS, INSE, ISL, ISLE, JDF, JEF, JEFE, JEO, JEOE, KIM, KIME, KMM, KMME, KOM, KOME, MAD, MADE, MAK, MAKE, MAT, MATE, MEN, MET, METE, MIM, MIME, MMD, MTM, MTO, MTOE, PEM, PEME, PET, PETE, SAO, SBP, SBPE, TEK, TEKE, TEL, THO, UCK, UCKE, UZB, UZBE, YZVE",,
11344,ATA 121,ATA,LS,Atatürk İlk & İnkılap Trh I,,İsmail Kandil,MDB,Salı,13:30/15:29,A201,60,59,,"ARC, BIO, BIOE, BLG, BLGE, CEN, CEV, CEVE, CHZ, CHZE, DEN, DENE, ECNE, EEE, EFN, EHB, EHBE, ELE, ELH, ELK, ELKE, END, ENDE, ENTE, ESS, EUT, EUTE, FIZ, FIZE, GEM, GEME, GEMK, GEO, GEOE, GID, GIDE, ICM, IML, IMLE, IND, INS, INSE, ISL, ISLE, JDF, JEF, JEFE, JEO, JEOE, KIM, KIME, KMM, KMME, KOM, KOME, MAD, MADE, MAK, MAKE, MAT, MATE, MEN, MET, METE, MIM, MIME, MMD, MTM, MTO, MTOE, PEM, PEME, PET, PETE, SAO, SBP, SBPE, TEK, TEKE, TEL, THO, UCK, UCKE, UZB, UZBE, YZVE",,
11345,ATA 121,ATA,LS,Atatürk İlk & İnkılap Trh I,,İsmail Kandil,MDB,Salı,15:30/17:29,A202,60,60,,"ARC, BIO, BIOE, BLG, BLGE, CEN, CEV, CEVE, CHZ, CHZE, DEN, DENE, ECNE, EEE, EFN, EHB, EHBE, ELE, ELH, ELK, ELKE, END, ENDE, ENTE, ESS, EUT, EUTE, FIZ, FIZE, GEM, GEME, GEMK, GEO, GEOE, GID, GIDE, ICM, IML, IMLE, IND, INS, INSE, ISL, ISLE, JDF, JEF, JEFE, JEO, JEOE, KIM, KIME, KMM, KMME, KOM, KOME, MAD, MADE, MAK, MAKE, MAT, MATE, MEN, MET, METE, MIM, MIME, MMD, MTM, MTO, MTOE, PEM, PEME, PET, PETE, SAO, SBP, SBPE, TEK, TEKE, TEL, THO, UCK, UCKE, UZB, UZBE, YZVE",,
11346,ATA 122,ATA,LS,Atatürk İlk & İnkılap Trh II,,İsmail Kandil,,Çarşamba,10:30/12:29,,60,60,,"ARC, BIO, BIOE, BLG, BLGE, CEN, CEV, CEVE, CHZ, CHZE, DEN, DENE, DUI, DUIE, ECNE, EEE, EFN, EHB, EHBE, ELE, ELH, ELK, ELKE, END, ENDE, ENTE, ESS, EUT, EUTE, FIZ, FIZE, GEM, GEME, GEMK, GEO, GEOE, GID, GIDE, GMI, GMIE, IAD, ICM, IML, IMLE, IND, INS, INSE, ISL, ISLE, JDF, JEF, JEFE, JEO, JEOE, KIM, KIME, KMM, KMME, KOM, KOME, MAD, MADE, MAK, MAKE, MAT, MATE, MEN, MET, METE, MIM, MIME, MMD, MTM, MTO, MTOE, NAE, PEM, PEME, PET, PETE, SAO, SBP, SBPE, TEK, TEKE, TEL, THO, UCK, UCKE, UZB, UZBE, YZVE",,
11347,ATA 122,ATA,LS,Atatürk İlk & İnkılap Trh II,,İsmail Kandil,MED,Çarşamba,13:30/15:29,A31,60,60,,"ARC, BIO, BIOE, BLG, BLGE, CEN, CEV, CEVE, CHZ, CHZE, DEN, DENE, ECNE, EEE, EFN, EHB, EHBE, ELE, ELH, ELK, ELKE, END, ENDE, ENTE, ESS, EUT, EUTE, FIZ, FIZE, GEM, GEME, GEMK, GEO, GEOE, GID, GIDE, IAD, ICM, IML, IMLE, IND, INS, INSE, ISL, ISLE, JDF, JEF, JEFE, JEO, JEOE, KIM, KIME, KMM, KMME, KOM, KOME, MAD, MADE, MAK, MAKE, MAT, MATE, MEN, MET, METE, MIM, MIME, MMD, MTM, MTO, MTOE, NAE, PEM, PEME, PET, PETE, SAO, SBP, SBPE, TEK, TEKE, TEL, THO, UCK, UCKE, UZB, UZBE, YZVE",,
11348,ATA 122,ATA,LS,Atatürk İlk & İnkılap Trh II,,Pelin Helvacı,,Çarşamba,11:30/13:29,,60,23,,"DUI, DUIE, GMI, GMIE",,
11349,ATA 121,ATA,LS,Atatürk İlk & İnkılap Trh I,,Pelin Helvacı,,Çarşamba,13:30/15:29,,65,65,,"ARC, BIO, BIOE, BLG, BLGE, CEN, CEV, CEVE, CHZ, CHZE, DEN, DENE, DUI, DUIE, ECNE, EEE, EFN, EHB, EHBE, ELE, ELH, ELK, ELKE, END, ENDE, ENTE, ESS, EUT, EUTE, FIZ, FIZE, GEM, GEME, GEMK, GEO, GEOE, GID, GIDE, GMI, GMIE, ICM, IML, IMLE, IND, INS, INSE, ISL, ISLE, JDF, JEF, JEFE, JEO, JEOE, KIM, KIME, KMM, KMME, KOM, KOME, MAD, MADE, MAK, MAKE, MAT, MATE, MEN, MET, METE, MIM, MIME, MMD, MTM, MTO, MTOE, PEM, PEME, PET, PETE, SAO, SBP, SBPE, TEK, TEKE, TEL, THO, UCK, UCKE, UZB, UZBE, YZVE",,
11350,ATA 122,ATA,LS,Atatürk İlk & İnkılap Trh II,,Pelin Helvacı,,Perşembe,08:30/10:29,,60,18,,"DUI, DUIE, GMI, GMIE",,
11351,ATA 121,ATA,LS,Atatürk İlk & İnkılap Trh I,,Pelin Helvacı,,Perşembe,10:30/12:29,,60,60,,"ARC, BIO, BIOE, BLG, BLGE, CEN, CEV, CEVE, CHZ, CHZE, DEN, DENE, DUI, DUIE, ECNE, EEE, EFN, EHB, EHBE, ELE, ELH, ELK, ELKE, END, ENDE, ENTE, ESS, EUT, EUTE, FIZ, FIZE, GEM, GEME, GEMK, GEO, GEOE, GID, GIDE, GMI, GMIE, ICM, IML, IMLE, IND, INS, INSE, ISL, ISLE, JDF, JEF, JEFE, JEO, JEOE, KIM, KIME, KMM, KMME, KOM, KOME, MAD, MADE, MAK, MAKE, MAT, MATE, MEN, MET, METE, MIM, MIME, MMD, MTM, MTO, MTOE, PEM, PEME, PET, PETE, SAO, SBP, SBPE, TEK, TEKE, TEL, THO, UCK, UCKE, UZB, UZBE, YZVE",,
11352,ATA 121,ATA,LS,Atatürk İlk & İnkılap Trh I,,Pelin Helvacı,,Cuma,10:30/12:29,,0,31,,"ARC, BIO, BIOE, BLG, BLGE, CEN, CEV, CEVE, CHZ, CHZE, DEN, DENE, DUI, DUIE, ECNE, EEE, EFN, EHB, EHBE, ELE, ELH, ELK, ELKE, END, ENDE, ENTE, ESS, EUT, EUTE, FIZ, FIZE, GEM, GEME, GEMK, GEO, GEOE, GID, GIDE, GMI, GMIE, ICM, IML, IMLE, IND, INS, INSE, ISL, ISLE, JDF, JEF, JEFE, JEO, JEOE, KIM, KIME, KMM, KMME, KOM, KOME, MAD, MADE, MAK, MAKE, MAT, MATE, MEN, MET, METE, MIM, MIME, MMD, MTM, MTO, MTOE, PEM, PEME, PET, PETE, SAO, SBP, SBPE, TEK, TEKE, TEL, THO, UCK, UCKE, UZB, UZBE, YZVE",,
11353,ATA 121,ATA,LS,Atatürk İlk & İnkılap Trh I,,Pelin Helvacı,,Cuma,14:30/16:29,,0,35,,"ARC, BIO, BIOE, BLG, BLGE, CEN, CEV, CEVE, CHZ, CHZE, DEN, DENE, DUI, DUIE, ECNE, EEE, EFN, EHB, EHBE, ELE, ELH, ELK, ELKE, END, ENDE, ENTE, ESS, EUT, EUTE, FIZ, FIZE, GEM, GEME, GEMK, GEO, GEOE, GID, GIDE, GMI, GMIE, IAD, ICM, IML, IMLE, IND, INS, INSE, ISL, ISLE, JDF, JEF, JEFE, JEO, JEOE, KIM, KIME, KMM, KMME, KOM, KOME, MAD, MADE, MAK, MAKE, MAT, MATE, MEN, MET, METE, MIM, MIME, MMD, MTM, MTO, MTOE, NAE, PEM, PEME, PET, PETE, SAO, SBP, SBPE, TEK, TEKE, TEL, THO, UCK, UCKE, UZB, UZBE, YZVE",,
11354,ATA 122,ATA,LS,Atatürk İlk & İnkılap Trh II,,Barış Ertem,,Pazartesi,08:30/10:29,,67,67,,"ARC, BIO, BIOE, BLG, BLGE, CEN, CEV, CEVE, CHZ, CHZE, DEN, DENE, DUI, DUIE, ECNE, EEE, EFN, EHB, EHBE, ELE, ELH, ELK, ELKE, END, ENDE, ENTE, ESS, EUT, EUTE, FIZ, FIZE, GEM, GEME, GEMK, GEO, GEOE, GID, GIDE, GMI, GMIE, IAD, ICM, IML, IMLE, IND, INS, INSE, ISL, ISLE, JDF, JEF, JEFE, JEO, JEOE, KIM, KIME, KMM, KMME, KOM, KOME, MAD, MADE, MAK, MAKE, MAT, MATE, MEN, MET, METE, MIM, MIME, MMD, MTM, MTO, MTOE, NAE, PEM, PEME, PET, PETE, SAO, SBP, SBPE, TEK, TEKE, TEL, THO, UCK, UCKE, UZB, UZBE, YZVE",,
11355,ATA 122,ATA,LS,Atatürk İlk & İnkılap Trh II,,Barış Ertem,,Pazartesi,15:30/17:29,,65,64,,"ARC, BIO, BIOE, BLG, BLGE, CEN, CEV, CEVE, CHZ, CHZE, DEN, DENE, DUI, DUIE, ECNE, EEE, EFN, EHB, EHBE, ELE, ELH, ELK, ELKE, END, ENDE, ENTE, ESS, EUT, EUTE, FIZ, FIZE, GEM, GEME, GEMK, GEO, GEOE, GID, GIDE, GMI, GMIE, IAD, ICM, IML, IMLE, IND, INS, INSE, ISL, ISLE, JDF, JEF, JEFE, JEO, JEOE, KIM, KIME, KMM, KMME, KOM, KOME, MAD, MADE, MAK, MAKE, MAT, MATE, MEN, MET, METE, MIM, MIME, MMD, MTM, MTO, MTOE, NAE, PEM, PEME, PET, PETE, SAO, SBP, SBPE, TEK, TEKE, TEL, THO, UCK, UCKE, UZB, UZBE, YZVE",,
11356,ATA 122,ATA,LS,Atatürk İlk & İnkılap Trh II,,Barış Ertem,,Salı,08:30/10:29,,60,62,,"ARC, BIO, BIOE, BLG, BLGE, CEN, CEV, CEVE, CHZ, CHZE, DEN, DENE, DUI, DUIE, ECNE, EEE, EFN, EHB, EHBE, ELE, ELH, ELK, ELKE, END, ENDE, ENTE, ESS, EUT, EUTE, FIZ, FIZE, GEM, GEME, GEMK, GEO, GEOE, GID, GIDE, GMI, GMIE, IAD, ICM, IML, IMLE, IND, INS, INSE, ISL, ISLE, JDF, JEF, JEFE, JEO, JEOE, KIM, KIME, KMM, KMME, KOM, KOME, MAD, MADE, MAK, MAKE, MAT, MATE, MEN, MET, METE, MIM, MIME, MMD, MTM, MTO, MTOE, NAE, PEM, PEME, PET, PETE, SAO, SBP, SBPE, TEK, TEKE, TEL, THO, UCK, UCKE, UZB, UZBE, YZVE",,
11357,ATA 122,ATA,LS,Atatürk İlk & İnkılap Trh II,,Barış Ertem,,Salı,10:30/12:29,,60,59,,"ARC, BIO, BIOE, BLG, BLGE, CEN, CEV, CEVE, CHZ, CHZE, DEN, DENE, DUI, DUIE, ECNE, EEE, EFN, EHB, EHBE, ELE, ELH, ELK, ELKE, END, ENDE, ENTE, ESS, EUT, EUTE, FIZ, FIZE, GEM, GEME, GEMK, GEO, GEOE, GID, GIDE, GMI, GMIE, IAD, ICM, IML, IMLE, IND, INS, INSE, ISL, ISLE, JDF, JEF, JEFE, JEO, JEOE, KIM, KIME, KMM, KMME, KOM, KOME, MAD, MADE, MAK, MAKE, MAT, MATE, MEN, MET, METE, MIM, MIME, MMD, MTM, MTO, MTOE, NAE, PEM, PEME, PET, PETE, SAO, SBP, SBPE, TEK, TEKE, TEL, THO, UCK, UCKE, UZB, UZBE, YZVE",,
11358,ATA 122,ATA,LS,Atatürk İlk & İnkılap Trh II,,Barış Ertem,,Çarşamba,10:30/12:29,,60,60,,"ARC, BIO, BIOE, BLG, BLGE, CEN, CEV, CEVE, CHZ, CHZE, DEN, DENE, DUI, DUIE, ECNE, EEE, EFN, EHB, EHBE, ELE, ELH, ELK, ELKE, END, ENDE, ENTE, ESS, EUT, EUTE, FIZ, FIZE, GEM, GEME, GEMK, GEO, GEOE, GID, GIDE, GMI, GMIE, IAD, ICM, IML, IMLE, IND, INS, INSE, ISL, ISLE, JDF, JEF, JEFE, JEO, JEOE, KIM, KIME, KMM, KMME, KOM, KOME, MAD, MADE, MAK, MAKE, MAT, MATE, MEN, MET, METE, MIM, MIME, MMD, MTM, MTO, MTOE, NAE, PEM, PEME, PET, PETE, SAO, SBP, SBPE, TEK, TEKE, TEL, THO, UCK, UCKE, UZB, UZBE, YZVE",,
11359,ATA 101,ATA,LS,Atatürk İlk & İnkılap Trh I,,Çağdaş Taylan Salın,,Pazartesi,09:30/11:29,,65,48,,"SED, SIS",,
11360,ATA 121,ATA,LS,Atatürk İlk & İnkılap Trh I,,Çağdaş Taylan Salın,,Pazartesi,13:30/15:29,,60,60,,"ARC, BIO, BIOE, BLG, BLGE, CEN, CEV, CEVE, CHZ, CHZE, DEN, DENE, DUI, DUIE, ECNE, EEE, EFN, EHB, EHBE, ELE, ELH, ELK, ELKE, END, ENDE, ENTE, ESS, EUT, EUTE, FIZ, FIZE, GEM, GEME, GEMK, GEO, GEOE, GID, GIDE, GMI, GMIE, ICM, IML, IMLE, IND, INS, INSE, ISL, ISLE, JDF, JEF, JEFE, JEO, JEOE, KIM, KIME, KMM, KMME, KOM, KOME, MAD, MADE, MAK, MAKE, MAT, MATE, MEN, MET, METE, MIM, MIME, MMD, MTM, MTO, MTOE, PEM, PEME, PET, PETE, SAO, SBP, SBPE, TEK, TEKE, TEL, THO, UCK, UCKE, UZB, UZBE, YZVE",,
11361,ATA 121,ATA,LS,Atatürk İlk & İnkılap Trh I,,Çağdaş Taylan Salın,,Pazartesi,15:30/17:29,,60,60,,"ARC, BIO, BIOE, BLG, BLGE, CEN, CEV, CEVE, CHZ, CHZE, DEN, DENE, DUI, DUIE, ECNE, EEE, EFN, EHB, EHBE, ELE, ELH, ELK, ELKE, END, ENDE, ENTE, ESS, EUT, EUTE, FIZ, FIZE, GEM, GEME, GEMK, GEO, GEOE, GID, GIDE, GMI, GMIE, IAD, ICM, IML, IMLE, IND, INS, INSE, ISL, ISLE, JDF, JEF, JEFE, JEO, JEOE, KIM, KIME, KMM, KMME, KOM, KOME, MAD, MADE, MAK, MAKE, MAT, MATE, MEN, MET, METE, MIM, MIME, MMD, MTM, MTO, MTOE, NAE, PEM, PEME, PET, PETE, SAO, SBP, SBPE, TEK, TEKE, TEL, THO, UCK, UCKE, UZB, UZBE, YZVE",,
11362,ATA 121,ATA,LS,Atatürk İlk & İnkılap Trh I,,Çağdaş Taylan Salın,,Perşembe,10:30/12:29,,60,60,,"ARC, BIO, BIOE, BLG, BLGE, CEN, CEV, CEVE, CHZ, CHZE, DEN, DENE, DUI, DUIE, ECNE, EEE, EFN, EHB, EHBE, ELE, ELH, ELK, ELKE, END, ENDE, ENTE, ESS, EUT, EUTE, FIZ, FIZE, GEM, GEME, GEMK, GEO, GEOE, GID, GIDE, GMI, GMIE, ICM, IML, IMLE, IND, INS, INSE, ISL, ISLE, JDF, JEF, JEFE, JEO, JEOE, KIM, KIME, KMM, KMME, KOM, KOME, MAD, MADE, MAK, MAKE, MAT, MATE, MEN, MET, METE, MIM, MIME, MMD, MTM, MTO, MTOE, PEM, PEME, PET, PETE, SAO, SBP, SBPE, TEK, TEKE, TEL, THO, UCK, UCKE, UZB, UZBE, YZVE",,
11363,ATA 122,ATA,LS,Atatürk İlk & İnkılap Trh II,,Çağdaş Taylan Salın,,Perşembe,13:30/15:29,,60,60,,"ARC, BIO, BIOE, BLG, BLGE, CEN, CEV, CEVE, CHZ, CHZE, DEN, DENE, DUI, DUIE, ECNE, EEE, EFN, EHB, EHBE, ELE, ELH, ELK, ELKE, END, ENDE, ENTE, ESS, EUT, EUTE, FIZ, FIZE, GEM, GEME, GEMK, GEO, GEOE, GID, GIDE, GMI, GMIE, IAD, ICM, IML, IMLE, IND, INS, INSE, ISL, ISLE, JDF, JEF, JEFE, JEO, JEOE, KIM, KIME, KMM, KMME, KOM, KOME, MAD, MADE, MAK, MAKE, MAT, MATE, MEN, MET, METE, MIM, MIME, MMD, MTM, MTO, MTOE, NAE, PEM, PEME, PET, PETE, SAO, SBP, SBPE, TEK, TEKE, TEL, THO, UCK, UCKE, UZB, UZBE, YZVE",,
11364,ATA 121,ATA,LS,Atatürk İlk & İnkılap Trh I,,Çağdaş Taylan Salın,INB,Cuma,10:30/12:29,A202,60,26,,"ARC, BIO, BIOE, BLG, BLGE, CEN, CEV, CEVE, CHZ, CHZE, DEN, DENE, ECNE, EEE, EFN, EHB, EHBE, ELE, ELH, ELK, ELKE, END, ENDE, ENTE, ESS, EUT, EUTE, FIZ, FIZE, GEM, GEME, GEMK, GEO, GEOE, GID, GIDE, ICM, IML, IMLE, IND, INS, INSE, ISL, ISLE, JDF, JEF, JEFE, JEO, JEOE, KIM, KIME, KMM, KMME, KOM, KOME, MAD, MADE, MAK, MAKE, MAT, MATE, MEN, MET, METE, MIM, MIME, MMD, MTM, MTO, MTOE, PEM, PEME, PET, PETE, SAO, SBP, SBPE, TEK, TEKE, TEL, THO, UCK, UCKE, UZB, UZBE, YZVE",,
11365,ATA 122,ATA,LS,Atatürk İlk & İnkılap Trh II,,Çağdaş Taylan Salın,MED,Cuma,14:30/16:29,A32,60,50,,"ARC, BIO, BIOE, BLG, BLGE, CEN, CEV, CEVE, CHZ, CHZE, DEN, DENE, ECNE, EEE, EFN, EHB, EHBE, ELE, ELH, ELK, ELKE, END, ENDE, ENTE, ESS, EUT, EUTE, FIZ, FIZE, GEM, GEME, GEMK, GEO, GEOE, GID, GIDE, IAD, ICM, IML, IMLE, IND, INS, INSE, ISL, ISLE, JDF, JEF, JEFE, JEO, JEOE, KIM, KIME, KMM, KMME, KOM, KOME, MAD, MADE, MAK, MAKE, MAT, MATE, MEN, MET, METE, MIM, MIME, MMD, MTM, MTO, MTOE, NAE, PEM, PEME, PET, PETE, SAO, SBP, SBPE, TEK, TEKE, TEL, THO, UCK, UCKE, UZB, UZBE, YZVE",,
11366,ATA 121,ATA,LS,Atatürk İlk & İnkılap Trh I,,Yusuf Ziya Altıntaş,,Pazartesi,08:30/10:29,,60,60,,"ARC, BIO, BIOE, BLG, BLGE, CEN, CEV, CEVE, CHZ, CHZE, DEN, DENE, DUI, DUIE, ECNE, EEE, EFN, EHB, EHBE, ELE, ELH, ELK, ELKE, END, ENDE, ENTE, ESS, EUT, EUTE, FIZ, FIZE, GEM, GEME, GEMK, GEO, GEOE, GID, GIDE, GMI, GMIE, IAD, ICM, IML, IMLE, IND, INS, INSE, ISL, ISLE, JDF, JEF, JEFE, JEO, JEOE, KIM, KIME, KMM, KMME, KOM, KOME, MAD, MADE, MAK, MAKE, MAT, MATE, MEN, MET, METE, MIM, MIME, MMD, MTM, MTO, MTOE, NAE, PEM, PEME, PET, PETE, SAO, SBP, SBPE, TEK, TEKE, TEL, THO, UCK, UCKE, UZB, UZBE, YZVE",,
11367,ATA 121,ATA,LS,Atatürk İlk & İnkılap Trh I,,Yusuf Ziya Altıntaş,,Pazartesi,13:30/15:29,,60,60,,"ARC, BIO, BIOE, BLG, BLGE, CEN, CEV, CEVE, CHZ, CHZE, DEN, DENE, DUI, DUIE, ECNE, EEE, EFN, EHB, EHBE, ELE, ELH, ELK, ELKE, END, ENDE, ENTE, ESS, EUT, EUTE, FIZ, FIZE, GEM, GEME, GEMK, GEO, GEOE, GID, GIDE, GMI, GMIE, ICM, IML, IMLE, IND, INS, INSE, ISL, ISLE, JDF, JEF, JEFE, JEO, JEOE, KIM, KIME, KMM, KMME, KOM, KOME, MAD, MADE, MAK, MAKE, MAT, MATE, MEN, MET, METE, MIM, MIME, MMD, MTM, MTO, MTOE, PEM, PEME, PET, PETE, SAO, SBP, SBPE, TEK, TEKE, TEL, THO, UCK, UCKE, UZB, UZBE, YZVE",,
11368,ISL 121E,ISL,LS,Int.to Management Eng.&Ethics,,"Kaya Tokmakçıoğlu, Zeynep Erden Bayazıt",MED,Çarşamba,13:30/15:29,A16,180,172,,"ISL, ISLE",,
11369,ISL 213E,ISL,LS,Statistics I,,Raziye Selim,,Salı,14:30/17:29,,210,210,,"ISL, ISLE",,
11370,ISL 224E,ISL,LS,Cost Accounting,,Oktay Taş,,Pazartesi,08:30/11:29,,210,201,,"CHZ, EFN, END, ENDE, GID, GIDE, IMLE, ISL, ISLE",,
11371,ISL 233E,ISL,LS,Microeconomics,,Ayşe Aylin Bayar,FEB,Pazartesi,11:30/14:29,D102,80,79,,"ISL, ISLE, MMD",,
11372,ISL 233E,ISL,LS,Microeconomics,,Mehmet Özgür Kayalıca,KMB,Salı,08:30/11:29,D302,80,82,,"ISL, ISLE, MMD",,
11373,ATA 121,ATA,LS,Atatürk İlk & İnkılap Trh I,,Yusuf Ziya Altıntaş,INB,Salı,08:30/10:29,A202,50,41,,"ARC, BIO, BIOE, BLG, BLGE, CEN, CEV, CEVE, CHZ, CHZE, DEN, DENE, ECNE, EEE, EFN, EHB, EHBE, ELE, ELH, ELK, ELKE, END, ENDE, ENTE, ESS, EUT, EUTE, FIZ, FIZE, GEM, GEME, GEMK, GEO, GEOE, GID, GIDE, ICM, IML, IMLE, IND, INS, INSE, ISL, ISLE, JDF, JEF, JEFE, JEO, JEOE, KIM, KIME, KMM, KMME, KOM, KOME, MAD, MADE, MAK, MAKE, MAT, MATE, MEN, MET, METE, MIM, MIME, MMD, MTM, MTO, MTOE, PEM, PEME, PET, PETE, SAO, SBP, SBPE, TEK, TEKE, TEL, THO, UCK, UCKE, UZB, UZBE, YZVE",,
11374,ATA 121,ATA,LS,Atatürk İlk & İnkılap Trh I,,Yusuf Ziya Altıntaş,INB,Salı,10:30/12:29,B206,50,46,,"ARC, BIO, BIOE, BLG, BLGE, CEN, CEV, CEVE, CHZ, CHZE, DEN, DENE, ECNE, EEE, EFN, EHB, EHBE, ELE, ELH, ELK, ELKE, END, ENDE, ENTE, ESS, EUT, EUTE, FIZ, FIZE, GEM, GEME, GEMK, GEO, GEOE, GID, GIDE, ICM, IML, IMLE, IND, INS, INSE, ISL, ISLE, JDF, JEF, JEFE, JEO, JEOE, KIM, KIME, KMM, KMME, KOM, KOME, MAD, MADE, MAK, MAKE, MAT, MATE, MEN, MET, METE, MIM, MIME, MMD, MTM, MTO, MTOE, PEM, PEME, PET, PETE, SAO, SBP, SBPE, TEK, TEKE, TEL, THO, UCK, UCKE, UZB, UZBE, YZVE",,
11375,ATA 122,ATA,LS,Atatürk İlk & İnkılap Trh II,,Yusuf Ziya Altıntaş,,Perşembe,08:30/10:29,,60,60,,"ARC, BIO, BIOE, BLG, BLGE, CEN, CEV, CEVE, CHZ, CHZE, DEN, DENE, DUI, DUIE, ECNE, EEE, EFN, EHB, EHBE, ELE, ELH, ELK, ELKE, END, ENDE, ENTE, ESS, EUT, EUTE, FIZ, FIZE, GEM, GEME, GEMK, GEO, GEOE, GID, GIDE, GMI, GMIE, IAD, ICM, IML, IMLE, IND, INS, INSE, ISL, ISLE, JDF, JEF, JEFE, JEO, JEOE, KIM, KIME, KMM, KMME, KOM, KOME, MAD, MADE, MAK, MAKE, MAT, MATE, MEN, MET, METE, MIM, MIME, MMD, MTM, MTO, MTOE, NAE, PEM, PEME, PET, PETE, SAO, SBP, SBPE, TEK, TEKE, TEL, THO, UCK, UCKE, UZB, UZBE, YZVE",,
11376,ATA 122,ATA,LS,Atatürk İlk & İnkılap Trh II,,Yusuf Ziya Altıntaş,,Perşembe,10:30/12:29,,63,63,,"ARC, BIO, BIOE, BLG, BLGE, CEN, CEV, CEVE, CHZ, CHZE, DEN, DENE, DUI, DUIE, ECNE, EEE, EFN, EHB, EHBE, ELE, ELH, ELK, ELKE, END, ENDE, ENTE, ESS, EUT, EUTE, FIZ, FIZE, GEM, GEME, GEMK, GEO, GEOE, GID, GIDE, GMI, GMIE, IAD, ICM, IML, IMLE, IND, INS, INSE, ISL, ISLE, JDF, JEF, JEFE, JEO, JEOE, KIM, KIME, KMM, KMME, KOM, KOME, MAD, MADE, MAK, MAKE, MAT, MATE, MEN, MET, METE, MIM, MIME, MMD, MTM, MTO, MTOE, NAE, PEM, PEME, PET, PETE, SAO, SBP, SBPE, TEK, TEKE, TEL, THO, UCK, UCKE, UZB, UZBE, YZVE",,
11379,ATA 122,ATA,LS,Atatürk İlk & İnkılap Trh II,,Sait Kofoğlu,INB,Salı,10:30/12:29,A102,60,20,,"ARC, BIO, BIOE, BLG, BLGE, CEN, CEV, CEVE, CHZ, CHZE, DEN, DENE, ECNE, EEE, EFN, EHB, EHBE, ELE, ELH, ELK, ELKE, END, ENDE, ENTE, ESS, EUT, EUTE, FIZ, FIZE, GEM, GEME, GEMK, GEO, GEOE, GID, GIDE, IAD, ICM, IML, IMLE, IND, INS, INSE, ISL, ISLE, JDF, JEF, JEFE, JEO, JEOE, KIM, KIME, KMM, KMME, KOM, KOME, MAD, MADE, MAK, MAKE, MAT, MATE, MEN, MET, METE, MIM, MIME, MMD, MTM, MTO, MTOE, NAE, PEM, PEME, PET, PETE, SAO, SBP, SBPE, TEK, TEKE, TEL, THO, UCK, UCKE, UZB, UZBE, YZVE",,
11380,ISL 234E,ISL,LS,Management and Organization,,Zeynep Erden Bayazıt,FEB,Salı,11:30/14:29,D304,90,71,,"ECNE, GID, GIDE, ISL, ISLE",,
11381,ATA 122,ATA,LS,Atatürk İlk & İnkılap Trh II,,Sait Kofoğlu,INB,Salı,13:30/15:29,A102,60,43,,"ARC, BIO, BIOE, BLG, BLGE, CEN, CEV, CEVE, CHZ, CHZE, DEN, DENE, ECNE, EEE, EFN, EHB, EHBE, ELE, ELH, ELK, ELKE, END, ENDE, ENTE, ESS, EUT, EUTE, FIZ, FIZE, GEM, GEME, GEMK, GEO, GEOE, GID, GIDE, ICM, IML, IMLE, INS, INSE, ISL, ISLE, JDF, JEF, JEFE, JEO, JEOE, KIM, KIME, KMM, KMME, KOM, KOME, MAD, MADE, MAK, MAKE, MAT, MATE, MEN, MET, METE, MIM, MIME, MMD, MTO, MTOE, PEM, PEME, PET, PETE, SAO, SBP, SBPE, TEK, TEKE, TEL, THO, UCK, UCKE, UZB, UZBE, YZVE",,
11382,ATA 121,ATA,LS,Atatürk İlk & İnkılap Trh I,,Sait Kofoğlu,MED,Çarşamba,13:30/15:29,A32,60,60,,"ARC, BIO, BIOE, BLG, BLGE, CEN, CEV, CEVE, CHZ, CHZE, DEN, DENE, ECNE, EEE, EFN, EHB, EHBE, ELE, ELH, ELK, ELKE, END, ENDE, ENTE, ESS, EUT, EUTE, FIZ, FIZE, GEM, GEME, GEMK, GEO, GEOE, GID, GIDE, ICM, IML, IMLE, IND, INS, INSE, ISL, ISLE, JDF, JEF, JEFE, JEO, JEOE, KIM, KIME, KMM, KMME, KOM, KOME, MAD, MADE, MAK, MAKE, MAT, MATE, MEN, MET, METE, MIM, MIME, MMD, MTM, MTO, MTOE, PEM, PEME, PET, PETE, SAO, SBP, SBPE, TEK, TEKE, TEL, THO, UCK, UCKE, UZB, UZBE, YZVE",,
11383,ATA 121,ATA,LS,Atatürk İlk & İnkılap Trh I,,Sait Kofoğlu,INB,Perşembe,13:30/15:29,A102,60,49,,"ARC, BIO, BIOE, BLG, BLGE, CEN, CEV, CEVE, CHZ, CHZE, DEN, DENE, ECNE, EEE, EFN, EHB, EHBE, ELE, ELH, ELK, ELKE, END, ENDE, ENTE, ESS, EUT, EUTE, FIZ, FIZE, GEM, GEME, GEMK, GEO, GEOE, GID, GIDE, ICM, IML, IMLE, IND, INS, INSE, ISL, ISLE, JDF, JEF, JEFE, JEO, JEOE, KIM, KIME, KMM, KMME, KOM, KOME, MAD, MADE, MAK, MAKE, MAT, MATE, MEN, MET, METE, MIM, MIME, MMD, MTM, MTO, MTOE, PEM, PEME, PET, PETE, SAO, SBP, SBPE, TEK, TEKE, TEL, THO, UCK, UCKE, UZB, UZBE, YZVE",,
11384,ATA 121,ATA,LS,Atatürk İlk & İnkılap Trh I,,Sait Kofoğlu,INB,Perşembe,15:30/17:29,A102,60,42,,"ARC, BIO, BIOE, BLG, BLGE, CEN, CEV, CEVE, CHZ, CHZE, DEN, DENE, ECNE, EEE, EFN, EHB, EHBE, ELE, ELH, ELK, ELKE, END, ENDE, ENTE, ESS, EUT, EUTE, FIZ, FIZE, GEM, GEME, GEMK, GEO, GEOE, GID, GIDE, ICM, IML, IMLE, IND, INS, INSE, ISL, ISLE, JDF, JEF, JEFE, JEO, JEOE, KIM, KIME, KMM, KMME, KOM, KOME, MAD, MADE, MAK, MAKE, MAT, MATE, MEN, MET, METE, MIM, MIME, MMD, MTM, MTO, MTOE, PEM, PEME, PET, PETE, SAO, SBP, SBPE, TEK, TEKE, TEL, THO, UCK, UCKE, UZB, UZBE, YZVE",,
11385,EHB 235E,EHB,LS,Theory of Complex Functions,,Kamil Karaçuha,EEB,Çarşamba,12:30/15:29,4102,85,84,,"EEE, EHB, EHBE, EHS, ELK, ELKE, KOM, KOME",,
11386,ISL 244E,ISL,LS,Macroeconomics,,Ahmet Atıl Aşıcı,UUB,Salı,08:30/11:29,D-Z08,95,92,,"ISL, ISLE, MMD",,
11387,ISL 323E,ISL,LS,Operations Research,,Fuat Kosanoğlu,FEB,Perşembe,11:30/14:29,D204,105,54,,"ISL, ISLE",,
11388,ISL 323E,ISL,LS,Operations Research,,Fuat Kosanoğlu,MED,Perşembe,14:30/17:29,A14,100,100,,"ISL, ISLE",,
11389,ISL 333E,ISL,LS,Finance,,Ahmet Göncü,INB,Perşembe,08:30/11:29,A205,100,108,,"ECNE, ISL, ISLE",,
11390,ISL 344E,ISL,LS,Strategic Manage. for Engin.,,Mehmet Erçek,MED,Pazartesi,14:30/17:29,A14,85,80,,"ISL, ISLE",,
11391,ISL 344E,ISL,LS,Strategic Manage. for Engin.,,Mehmet Erçek,MED,Salı,14:30/17:29,A35,85,83,,"ISL, ISLE",,
11393,ISL 353E,ISL,LS,Marketing,,Adnan Veysel Ertemel,INB,Pazartesi,11:30/14:29,A305,95,91,,"ECNE, ENTE, EUT, EUTE, ISL, ISLE",,
11394,ISL 353E,ISL,LS,Marketing,,Adnan Veysel Ertemel,MDB,Salı,11:30/14:29,A202,90,76,,"ECNE, ENTE, EUT, EUTE, ISL, ISLE",,
11395,ISL 355E,ISL,LS,Econometrics,,Kemal Burç Ülengin,MED,Cuma,14:30/17:29,A13,60,46,,"END, ENDE, ISL, ISLE",,
11396,ISL 363E,ISL,LS,Human Resources Management,,İdil Vedia Evcimen,INB,Pazartesi,08:30/11:29,A101,80,76,,"ISL, ISLE",,
11397,ISL 363E,ISL,LS,Human Resources Management,,İdil Vedia Evcimen,UUB,Salı,08:30/11:29,D209,80,43,,"ISL, ISLE",,
11398,ISL 364E,ISL,LS,Business Law,,"Çiçek Ersoy Kekevi, Özgür Öztürk",MED,Cuma,08:30/11:29,A13,120,118,,"ECNE, EFN, ISL, ISLE",,
11399,ISL 421E,ISL,LS,Organizational Behaviour,,İdil Vedia Evcimen,MED,Perşembe,14:30/17:29,B33,40,22,,"ISL, ISLE",,
11400,ISL 433,ISL,LS,İş Hukuku,,Gizem Sarıbay Öztürk,MED,Çarşamba,13:30/15:29,A33,80,63,,"ISL, ISLE",,
11401,ISL 439E,ISL,LS,Int.to Mach.Learn.with Bus.App,,Tolga Kaya,MED,Salı,11:30/14:29,B37,50,44,,"ISL, ISLE",,
11402,ISL 443E,ISL,LS,Project Design and Manag.,,Hür Bersam Bolat,INB,Perşembe,08:30/12:29,B203,95,34,,"ISL, ISLE",,
11403,ISL 443E,ISL,LS,Project Design and Manag.,,Hür Bersam Bolat,MED,Perşembe,14:30/18:29,A12,120,113,,"ISL, ISLE",,
11404,ISL 452E,ISL,LS,Financial Inst.&Portfolio Mng.,,Cumhur Enis Ekinci,MED,Pazartesi,11:30/14:29,B34,55,28,,"ECNE, EFN, END, ENDE, ISL, ISLE",,
11405,ISL 453E,ISL,LS,Management Eng. Design II,,"Ferhan Çebi, Tuncay Özcan",MED,Cuma,09:30/12:29,A14,90,90,,"ISL, ISLE",,
11406,ISL 453E,ISL,LS,Management Eng. Design II,,"Ferhan Çebi, Fuat Kosanoğlu",MED,Cuma,14:30/17:29,A33,90,69,,"ISL, ISLE",,
11407,ISL 458E,ISL,LS,Intellectual Property Law,,Özgür Öztürk,INB,Pazartesi,14:30/17:29,D202,60,12,,"ENTE, EUT, EUTE, ISL, ISLE",,
11408,ISL 462E,ISL,LS,Turkish Economy,,İbrahim Öner Günçavdı,INB,Pazartesi,11:30/14:29,B302,60,29,,"ISL, ISLE",,
11409,ISL 467E,ISL,LS,Management Eng.App.with Python,,Tuncay Özcan,EEB,Cuma,14:30/17:29,6307,60,36,,"ISL, ISLE",,
11410,ISL 477E,ISL,LS,Sustainability Management,,Hatice Camgöz Akdağ,FEB,Perşembe,11:30/14:29,D202,130,132,,"ISL, ISLE",,
11411,ISL 4901,ISL,LS,İşletme Müh. Tasarım Projesi I,,Hatice Camgöz Akdağ,MED | ---,,/,,500,4,,ISL,,
11412,BIL 100E,BIL,LS,Intr.to Prog.Language(PYTHON),,--,,Pazartesi | Pazartesi,10:30/11:29 | 11:30/13:29,,0,0,,"BIO, BIOE, CEV, CEVE, CHZ, CHZE, DEN, DENE, ECNE, EHB, EHBE, ELE, ELH, END, ENDE, ENTE, EUT, EUTE, FIZ, FIZE, FIZM, GEM, GEME, GEMK, GID, GIDE, ICM, IML, IMLE, INS, INSE, ISL, ISLE, JEF, JEFE, JEO, JEOE, KIM, KIME, KMM, KMME, KOM, KOME, MAD, MADE, MAK, MAKE, MAT, MATE, MET, METE, MIM, MIME, MTO, MTOE, PEM, PEME, PET, PETE, SBP, SBPE, SEN, TEK, TEKE, TEL, UCK, UCKE, UZB, UZBE",,
11413,ISL 4901E,ISL,LS,Manage. Engin. Design Proj. I,,Hatice Camgöz Akdağ,MED | ---,,/,,500,127,,"ISL, ISLE",,
11414,BIL 100E,BIL,LS,Intr.to Prog.Language(PYTHON),,Ömer Özyıldırım,,Pazartesi | Pazartesi,10:30/11:29 | 11:30/13:29,,90,79,,"BIO, BIOE, CEV, CEVE, CHZ, CHZE, DEN, DENE, ECNE, EHB, EHBE, ELE, ELH, END, ENDE, ENTE, EUT, EUTE, FIZ, FIZE, FIZM, GEM, GEME, GEMK, GID, GIDE, ICM, IML, IMLE, INS, INSE, ISL, ISLE, JEF, JEFE, JEO, JEOE, KIM, KIME, KMM, KMME, KOM, KOME, MAD, MADE, MAK, MAKE, MAT, MATE, MET, METE, MIM, MIME, MTO, MTOE, PEM, PEME, PET, PETE, SBP, SBPE, SEN, TEK, TEKE, TEL, UCK, UCKE, UZB, UZBE",,
11415,ISL 4902,ISL,LS,İşletme Müh.Tasarım Projesi II,,Hatice Camgöz Akdağ,MED | ---,,/,,500,1,,ISL,,
11416,ISL 4902E,ISL,LS,Manage. Engin. Design Proj.II,,Hatice Camgöz Akdağ,MED | ---,,/,,500,12,,"ISL, ISLE",,
11417,BIL 100E,BIL,LS,Intr.to Prog.Language(PYTHON),,Evren Dağlarlı,,Pazartesi | Pazartesi,10:30/11:29 | 11:30/13:29,,90,71,,"BIO, BIOE, CEV, CEVE, CHZ, CHZE, DEN, DENE, ECNE, EHB, EHBE, ELE, ELH, END, ENDE, ENTE, EUT, EUTE, FIZ, FIZE, FIZM, GEM, GEME, GEMK, GID, GIDE, ICM, IML, IMLE, INS, INSE, ISL, ISLE, JEF, JEFE, JEO, JEOE, KIM, KIME, KMM, KMME, KOM, KOME, MAD, MADE, MAK, MAKE, MAT, MATE, MET, METE, MIM, MIME, MTO, MTOE, PEM, PEME, PET, PETE, SBP, SBPE, SEN, TEK, TEKE, TEL, UCK, UCKE, UZB, UZBE",,
11418,BIL 100E,BIL,LS,Intr.to Prog.Language(PYTHON),,--,,Pazartesi | Pazartesi,14:30/15:29 | 15:30/17:29,,0,0,,"BIO, BIOE, CEV, CEVE, CHZ, CHZE, DEN, DENE, ECNE, EHB, EHBE, ELE, ELH, END, ENDE, ENTE, EUT, EUTE, FIZ, FIZE, FIZM, GEM, GEME, GEMK, GID, GIDE, ICM, IML, IMLE, INS, INSE, ISL, ISLE, JEF, JEFE, JEO, JEOE, KIM, KIME, KMM, KMME, KOM, KOME, MAD, MADE, MAK, MAKE, MAT, MATE, MET, METE, MIM, MIME, MTO, MTOE, PEM, PEME, PET, PETE, SBP, SBPE, SEN, TEK, TEKE, TEL, UCK, UCKE, UZB, UZBE",,
11419,ISL 492,ISL,LS,İşletme Müh. Tasarım Prj.,,Hatice Camgöz Akdağ,MED | ---,,/,,500,5,,ISL,,
11420,BIL 100E,BIL,LS,Intr.to Prog.Language(PYTHON),,Ömer Özyıldırım,,Pazartesi | Pazartesi,14:30/15:29 | 15:30/17:29,,90,68,,"BIO, BIOE, CEV, CEVE, CHZ, CHZE, DEN, DENE, ECNE, EHB, EHBE, ELE, ELH, END, ENDE, ENTE, EUT, EUTE, FIZ, FIZE, FIZM, GEM, GEME, GEMK, GID, GIDE, ICM, IML, IMLE, INS, INSE, ISL, ISLE, JEF, JEFE, JEO, JEOE, KIM, KIME, KMM, KMME, KOM, KOME, MAD, MADE, MAK, MAKE, MAT, MATE, MET, METE, MIM, MIME, MTO, MTOE, PEM, PEME, PET, PETE, SBP, SBPE, SEN, TEK, TEKE, TEL, UCK, UCKE, UZB, UZBE",,
11421,ISL 492E,ISL,LS,Management Eng. Design Project,,Hatice Camgöz Akdağ,MED | ---,,/,,500,0,,"ISL, ISLE",,
11422,BIL 100E,BIL,LS,Intr.to Prog.Language(PYTHON),,Evren Dağlarlı,,Pazartesi | Pazartesi,14:30/15:29 | 15:30/17:29,,90,76,,"BIO, BIOE, CEV, CEVE, CHZ, CHZE, DEN, DENE, ECNE, EHB, EHBE, ELE, ELH, END, ENDE, ENTE, EUT, EUTE, FIZ, FIZE, FIZM, GEM, GEME, GEMK, GID, GIDE, ICM, IML, IMLE, INS, INSE, ISL, ISLE, JEF, JEFE, JEO, JEOE, KIM, KIME, KMM, KMME, KOM, KOME, MAD, MADE, MAK, MAKE, MAT, MATE, MET, METE, MIM, MIME, MTO, MTOE, PEM, PEME, PET, PETE, SBP, SBPE, SEN, TEK, TEKE, TEL, UCK, UCKE, UZB, UZBE",,
11423,BIL 100E,BIL,LS,Intr.to Prog.Language(PYTHON),,--,,Salı | Salı,10:30/11:29 | 11:30/13:29,,0,0,,"BIO, BIOE, CEV, CEVE, CHZ, CHZE, DEN, DENE, ECNE, EHB, EHBE, ELE, ELH, END, ENDE, ENTE, EUT, EUTE, FIZ, FIZE, FIZM, GEM, GEME, GEMK, GID, GIDE, ICM, IML, IMLE, INS, INSE, ISL, ISLE, JEF, JEFE, JEO, JEOE, KIM, KIME, KMM, KMME, KOM, KOME, MAD, MADE, MAK, MAKE, MAT, MATE, MET, METE, MIM, MIME, MTO, MTOE, PEM, PEME, PET, PETE, SBP, SBPE, SEN, TEK, TEKE, TEL, UCK, UCKE, UZB, UZBE",,
11424,MAT 210E,MAT,LS,Engineering Mathematics,,Ahmet Göncü,MED,Cuma,08:30/12:29,A15,110,96,,"CEN, ECNE, ISL, ISLE, NAE",,
11425,BIL 100E,BIL,LS,Intr.to Prog.Language(PYTHON),,Ömer Özyıldırım,,Salı | Salı,10:30/11:29 | 11:30/13:29,,90,69,,"BIO, BIOE, CEV, CEVE, CHZ, CHZE, DEN, DENE, ECNE, EHB, EHBE, ELE, ELH, END, ENDE, ENTE, EUT, EUTE, FIZ, FIZE, FIZM, GEM, GEME, GEMK, GID, GIDE, ICM, IML, IMLE, INS, INSE, ISL, ISLE, JEF, JEFE, JEO, JEOE, KIM, KIME, KMM, KMME, KOM, KOME, MAD, MADE, MAK, MAKE, MAT, MATE, MET, METE, MIM, MIME, MTO, MTOE, PEM, PEME, PET, PETE, SBP, SBPE, SEN, TEK, TEKE, TEL, UCK, UCKE, UZB, UZBE",,
11426,BIL 100E,BIL,LS,Intr.to Prog.Language(PYTHON),,Evren Dağlarlı,,Salı | Salı,10:30/11:29 | 11:30/13:29,,90,70,,"BIO, BIOE, CEV, CEVE, CHZ, CHZE, DEN, DENE, ECNE, EHB, EHBE, ELE, ELH, END, ENDE, ENTE, EUT, EUTE, FIZ, FIZE, FIZM, GEM, GEME, GEMK, GID, GIDE, ICM, IML, IMLE, INS, INSE, ISL, ISLE, JEF, JEFE, JEO, JEOE, KIM, KIME, KMM, KMME, KOM, KOME, MAD, MADE, MAK, MAKE, MAT, MATE, MET, METE, MIM, MIME, MTO, MTOE, PEM, PEME, PET, PETE, SBP, SBPE, SEN, TEK, TEKE, TEL, UCK, UCKE, UZB, UZBE",,
11427,MAT 210E,MAT,LS,Engineering Mathematics,,Ahmet Göncü,MED,Cuma,14:00/17:59,A35,110,94,,"CEN, ECNE, ISL, ISLE, NAE",,
11428,BIL 100E,BIL,LS,Intr.to Prog.Language(PYTHON),,--,,Salı | Salı,14:30/15:29 | 15:30/17:29,,0,1,,"BIO, BIOE, CEV, CEVE, CHZ, CHZE, DEN, DENE, ECNE, EHB, EHBE, ELE, ELH, END, ENDE, ENTE, EUT, EUTE, FIZ, FIZE, FIZM, GEM, GEME, GEMK, GID, GIDE, ICM, IML, IMLE, INS, INSE, ISL, ISLE, JEF, JEFE, JEO, JEOE, KIM, KIME, KMM, KMME, KOM, KOME, MAD, MADE, MAK, MAKE, MAT, MATE, MET, METE, MIM, MIME, MTO, MTOE, PEM, PEME, PET, PETE, SBP, SBPE, SEN, TEK, TEKE, TEL, UCK, UCKE, UZB, UZBE",,
11429,BIL 100E,BIL,LS,Intr.to Prog.Language(PYTHON),,Ömer Özyıldırım,,Salı | Salı,14:30/15:29 | 15:30/17:29,,90,76,,"BIO, BIOE, CEV, CEVE, CHZ, CHZE, DEN, DENE, ECNE, EHB, EHBE, ELE, ELH, END, ENDE, ENTE, EUT, EUTE, FIZ, FIZE, FIZM, GEM, GEME, GEMK, GID, GIDE, ICM, IML, IMLE, INS, INSE, ISL, ISLE, JEF, JEFE, JEO, JEOE, KIM, KIME, KMM, KMME, KOM, KOME, MAD, MADE, MAK, MAKE, MAT, MATE, MET, METE, MIM, MIME, MTO, MTOE, PEM, PEME, PET, PETE, SBP, SBPE, SEN, TEK, TEKE, TEL, UCK, UCKE, UZB, UZBE",,
11431,BIL 100E,BIL,LS,Intr.to Prog.Language(PYTHON),,Evren Dağlarlı,,Salı | Salı,14:30/15:29 | 15:30/17:29,,90,77,,"BIO, BIOE, CEV, CEVE, CHZ, CHZE, DEN, DENE, ECNE, EHB, EHBE, ELE, ELH, END, ENDE, ENTE, EUT, EUTE, FIZ, FIZE, FIZM, GEM, GEME, GEMK, GID, GIDE, ICM, IML, IMLE, INS, INSE, ISL, ISLE, JEF, JEFE, JEO, JEOE, KIM, KIME, KMM, KMME, KOM, KOME, MAD, MADE, MAK, MAKE, MAT, MATE, MET, METE, MIM, MIME, MTO, MTOE, PEM, PEME, PET, PETE, SBP, SBPE, SEN, TEK, TEKE, TEL, UCK, UCKE, UZB, UZBE",,
11432,BIL 100E,BIL,LS,Intr.to Prog.Language(PYTHON),,--,,Çarşamba | Çarşamba,12:30/13:29 | 13:30/15:29,,0,0,,"BIO, BIOE, CEV, CEVE, CHZ, CHZE, DEN, DENE, ECNE, EHB, EHBE, ELE, ELH, END, ENDE, ENTE, EUT, EUTE, FIZ, FIZE, FIZM, GEM, GEME, GEMK, GID, GIDE, ICM, IML, IMLE, INS, INSE, ISL, ISLE, JEF, JEFE, JEO, JEOE, KIM, KIME, KMM, KMME, KOM, KOME, MAD, MADE, MAK, MAKE, MAT, MATE, MET, METE, MIM, MIME, MTO, MTOE, PEM, PEME, PET, PETE, SBP, SBPE, SEN, TEK, TEKE, TEL, UCK, UCKE, UZB, UZBE",,
11433,BIL 100E,BIL,LS,Intr.to Prog.Language(PYTHON),,Erke Arıbaş,,Çarşamba | Çarşamba,12:30/13:29 | 13:30/15:29,,90,72,,"BIO, BIOE, CEV, CEVE, CHZ, CHZE, DEN, DENE, ECNE, EHB, EHBE, ELE, ELH, END, ENDE, ENTE, EUT, EUTE, FIZ, FIZE, FIZM, GEM, GEME, GEMK, GID, GIDE, ICM, IML, IMLE, INS, INSE, ISL, ISLE, JEF, JEFE, JEO, JEOE, KIM, KIME, KMM, KMME, KOM, KOME, MAD, MADE, MAK, MAKE, MAT, MATE, MET, METE, MIM, MIME, MTO, MTOE, PEM, PEME, PET, PETE, SBP, SBPE, SEN, TEK, TEKE, TEL, UCK, UCKE, UZB, UZBE",,
11434,ISH 301E,ISH,LS,Fundamentals of Env.Sci & Eng.,,"Ayşe Gül Tanık, Serdar Doğruel",INB,Çarşamba,12:30/15:29,A301,60,37,,"ISL, ISLE",,
11435,BIL 100E,BIL,LS,Intr.to Prog.Language(PYTHON),,Berfin Kalay,,Çarşamba | Çarşamba,12:30/13:29 | 13:30/15:29,,90,84,,"BIO, BIOE, CEV, CEVE, CHZ, CHZE, DEN, DENE, ECNE, EHB, EHBE, ELE, ELH, END, ENDE, ENTE, EUT, EUTE, FIZ, FIZE, FIZM, GEM, GEME, GEMK, GID, GIDE, ICM, IML, IMLE, INS, INSE, ISL, ISLE, JEF, JEFE, JEO, JEOE, KIM, KIME, KMM, KMME, KOM, KOME, MAD, MADE, MAK, MAKE, MAT, MATE, MET, METE, MIM, MIME, MTO, MTOE, PEM, PEME, PET, PETE, SBP, SBPE, SEN, TEK, TEKE, TEL, UCK, UCKE, UZB, UZBE",,
11436,BIL 100E,BIL,LS,Intr.to Prog.Language(PYTHON),,--,,Çarşamba | Çarşamba,09:30/10:29 | 10:30/12:29,,0,0,,"BIO, BIOE, CEV, CEVE, CHZ, CHZE, DEN, DENE, ECNE, EHB, EHBE, ELE, ELH, END, ENDE, ENTE, EUT, EUTE, FIZ, FIZE, FIZM, GEM, GEME, GEMK, GID, GIDE, ICM, IML, IMLE, INS, INSE, ISL, ISLE, JEF, JEFE, JEO, JEOE, KIM, KIME, KMM, KMME, KOM, KOME, MAD, MADE, MAK, MAKE, MAT, MATE, MET, METE, MIM, MIME, MTO, MTOE, PEM, PEME, PET, PETE, SBP, SBPE, SEN, TEK, TEKE, TEL, UCK, UCKE, UZB, UZBE",,
11438,BIL 100E,BIL,LS,Intr.to Prog.Language(PYTHON),,Berfin Kalay,,Çarşamba | Çarşamba,09:30/10:29 | 10:30/12:29,,90,69,,"BIO, BIOE, CEV, CEVE, CHZ, CHZE, DEN, DENE, ECNE, EHB, EHBE, ELE, ELH, END, ENDE, ENTE, EUT, EUTE, FIZ, FIZE, FIZM, GEM, GEME, GEMK, GID, GIDE, ICM, IML, IMLE, INS, INSE, ISL, ISLE, JEF, JEFE, JEO, JEOE, KIM, KIME, KMM, KMME, KOM, KOME, MAD, MADE, MAK, MAKE, MAT, MATE, MET, METE, MIM, MIME, MTO, MTOE, PEM, PEME, PET, PETE, SBP, SBPE, SEN, TEK, TEKE, TEL, UCK, UCKE, UZB, UZBE",,
11439,BIL 100E,BIL,LS,Intr.to Prog.Language(PYTHON),,Erke Arıbaş,,Çarşamba | Çarşamba,09:30/10:29 | 10:30/12:29,,90,69,,"BIO, BIOE, CEV, CEVE, CHZ, CHZE, DEN, DENE, ECNE, EHB, EHBE, ELE, ELH, END, ENDE, ENTE, EUT, EUTE, FIZ, FIZE, FIZM, GEM, GEME, GEMK, GID, GIDE, ICM, IML, IMLE, INS, INSE, ISL, ISLE, JEF, JEFE, JEO, JEOE, KIM, KIME, KMM, KMME, KOM, KOME, MAD, MADE, MAK, MAKE, MAT, MATE, MET, METE, MIM, MIME, MTO, MTOE, PEM, PEME, PET, PETE, SBP, SBPE, SEN, TEK, TEKE, TEL, UCK, UCKE, UZB, UZBE",,
11440,BIL 100E,BIL,LS,Intr.to Prog.Language(PYTHON),,--,,Perşembe | Perşembe,10:30/11:29 | 11:30/13:29,,0,0,,"BIO, BIOE, CEV, CEVE, CHZ, CHZE, DEN, DENE, ECNE, EHB, EHBE, ELE, ELH, END, ENDE, ENTE, EUT, EUTE, FIZ, FIZE, FIZM, GEM, GEME, GEMK, GID, GIDE, ICM, IML, IMLE, INS, INSE, ISL, ISLE, JEF, JEFE, JEO, JEOE, KIM, KIME, KMM, KMME, KOM, KOME, MAD, MADE, MAK, MAKE, MAT, MATE, MET, METE, MIM, MIME, MTO, MTOE, PEM, PEME, PET, PETE, SBP, SBPE, SEN, TEK, TEKE, TEL, UCK, UCKE, UZB, UZBE",,
11441,BIL 100E,BIL,LS,Intr.to Prog.Language(PYTHON),,Erke Arıbaş,,Perşembe | Perşembe,10:30/11:29 | 11:30/13:29,,90,70,,"BIO, BIOE, CEV, CEVE, CHZ, CHZE, DEN, DENE, ECNE, EHB, EHBE, ELE, ELH, END, ENDE, ENTE, EUT, EUTE, FIZ, FIZE, FIZM, GEM, GEME, GEMK, GID, GIDE, ICM, IML, IMLE, INS, INSE, ISL, ISLE, JEF, JEFE, JEO, JEOE, KIM, KIME, KMM, KMME, KOM, KOME, MAD, MADE, MAK, MAKE, MAT, MATE, MET, METE, MIM, MIME, MTO, MTOE, PEM, PEME, PET, PETE, SBP, SBPE, SEN, TEK, TEKE, TEL, UCK, UCKE, UZB, UZBE",,
11442,BIL 100E,BIL,LS,Intr.to Prog.Language(PYTHON),,Berfin Kalay,,Perşembe | Perşembe,10:30/11:29 | 11:30/13:29,,90,87,,"BIO, BIOE, CEV, CEVE, CHZ, CHZE, DEN, DENE, ECNE, EHB, EHBE, ELE, ELH, END, ENDE, ENTE, EUT, EUTE, FIZ, FIZE, FIZM, GEM, GEME, GEMK, GID, GIDE, ICM, IML, IMLE, INS, INSE, ISL, ISLE, JEF, JEFE, JEO, JEOE, KIM, KIME, KMM, KMME, KOM, KOME, MAD, MADE, MAK, MAKE, MAT, MATE, MET, METE, MIM, MIME, MTO, MTOE, PEM, PEME, PET, PETE, SBP, SBPE, SEN, TEK, TEKE, TEL, UCK, UCKE, UZB, UZBE",,
11443,BIL 100E,BIL,LS,Intr.to Prog.Language(PYTHON),,--,,Perşembe | Perşembe,14:30/15:29 | 15:30/17:29,,0,0,,"BIO, BIOE, CEV, CEVE, CHZ, CHZE, DEN, DENE, ECNE, EHB, EHBE, ELE, ELH, END, ENDE, ENTE, EUT, EUTE, FIZ, FIZE, FIZM, GEM, GEME, GEMK, GID, GIDE, ICM, IML, IMLE, INS, INSE, ISL, ISLE, JEF, JEFE, JEO, JEOE, KIM, KIME, KMM, KMME, KOM, KOME, MAD, MADE, MAK, MAKE, MAT, MATE, MET, METE, MIM, MIME, MTO, MTOE, PEM, PEME, PET, PETE, SBP, SBPE, SEN, TEK, TEKE, TEL, UCK, UCKE, UZB, UZBE",,
11444,BIL 100E,BIL,LS,Intr.to Prog.Language(PYTHON),,Erke Arıbaş,,Perşembe | Perşembe,14:30/15:29 | 15:30/17:29,,90,65,,"BIO, BIOE, CEV, CEVE, CHZ, CHZE, DEN, DENE, ECNE, EHB, EHBE, ELE, ELH, END, ENDE, ENTE, EUT, EUTE, FIZ, FIZE, FIZM, GEM, GEME, GEMK, GID, GIDE, ICM, IML, IMLE, INS, INSE, ISL, ISLE, JEF, JEFE, JEO, JEOE, KIM, KIME, KMM, KMME, KOM, KOME, MAD, MADE, MAK, MAKE, MAT, MATE, MET, METE, MIM, MIME, MTO, MTOE, PEM, PEME, PET, PETE, SBP, SBPE, SEN, TEK, TEKE, TEL, UCK, UCKE, UZB, UZBE",,
11445,BIL 100E,BIL,LS,Intr.to Prog.Language(PYTHON),,Berfin Kalay,,Perşembe | Perşembe,14:30/15:29 | 15:30/17:29,,90,79,,"BIO, BIOE, CEV, CEVE, CHZ, CHZE, DEN, DENE, ECNE, EHB, EHBE, ELE, ELH, END, ENDE, ENTE, EUT, EUTE, FIZ, FIZE, FIZM, GEM, GEME, GEMK, GID, GIDE, ICM, IML, IMLE, INS, INSE, ISL, ISLE, JEF, JEFE, JEO, JEOE, KIM, KIME, KMM, KMME, KOM, KOME, MAD, MADE, MAK, MAKE, MAT, MATE, MET, METE, MIM, MIME, MTO, MTOE, PEM, PEME, PET, PETE, SBP, SBPE, SEN, TEK, TEKE, TEL, UCK, UCKE, UZB, UZBE",,
11446,BUS 110,BUS,LS,Principles of Microeconomics,,Mehmet Özgür Kayalıca,MED,Salı,13:30/16:29,B34,35,28,,"SEK, SIS",,
11447,BUS 103,BUS,LS,Principles of Management,,Deniz Tunçalp,MED,Perşembe,13:30/16:29,B34,35,26,,SIS,,
11448,BUS 201,BUS,LS,Financial Accounting,,Cumhur Enis Ekinci,MED,Çarşamba,12:30/15:29,B35,35,24,,SIS,,
11449,BUS 203,BUS,LS,Management Science,,Ferhan Çebi,MED,Salı,13:30/16:29,B35,35,24,,SIS,,
11450,BUS 210,BUS,LS,Principles of Marketing,,Huriye Şebnem Burnaz,MED,Cuma,09:00/11:59,B35,35,20,,SIS,,
11451,STI 101,STI,LS,Statistics I,,Raziye Selim,MED,Perşembe,13:30/16:29,B35,35,27,,"SEK, SIS",,
11452,MUZ 221,MUZ,LS,Etnomüzikolojiye Giriş,,Zeynep Gonca İncedere,TMB,Çarşamba,10:30/12:29,---,25,15,,"ETMM, MUZ",,
11453,BUS 101,BUS,LS,Organizational Behavior,,İdil Vedia Evcimen,MED,Pazartesi,13:30/16:29,B31,35,19,,SIS,,
11454,MUZ 441,MUZ,LS,Seminer III,,Zeynep Gonca İncedere,TMB,Çarşamba,13:30/15:29,---,25,14,,MUZ,,
11455,BUS 302,BUS,LS,P. of Business Forecasting,,Kemal Burç Ülengin,ISB,Perşembe,09:30/12:29,F235,35,13,,SIS,,
11456,BUS 305,BUS,LS,Project Management,,Hür Bersam Bolat,MED,Pazartesi,09:30/12:29,B33,35,20,,SIS,,
11457,BUS 306,BUS,LS,Management Information Sys.,,Tuncay Özcan,MED,Çarşamba,09:30/12:29,B36,35,24,,SIS,,
11458,BUS 304,BUS,LS,Financial Markets & Inst.,,Kaya Tokmakçıoğlu,MED,Pazartesi,13:30/16:29,B29,15,11,,SIS,,
11459,BUS 308,BUS,LS,Financial Statement Analysis,,Oktay Taş,MED,Cuma,09:00/11:59,B29,10,7,,SIS,,
11460,BUS 314,BUS,LS,Total Quality Management,,Hatice Camgöz Akdağ,MED,Çarşamba,12:30/15:29,B36,15,15,,SIS,,
11461,BUS 324,BUS,LS,Turkish Economy,,Derya Gültekin,ISB,Perşembe,13:30/16:29,F236,10,2,,"SEK, SIS",,
11462,ISL 223E,ISL,LS,Fundm.of Production Management,,Saeed Tasouji Hassanpour,MED,Pazartesi,14:30/17:29,A12,105,104,,"CHZ, GID, GIDE, ISL, ISLE",,
11463,ECN 105E,ECN,LS,Principles of Microeconomics,,Resul Aydemir,INB,Perşembe,08:30/12:29,A102,100,64,,"ECNE, ECNM",,
11464,ISL 223E,ISL,LS,Fundm.of Production Management,,Saeed Tasouji Hassanpour,INB,Perşembe,11:30/14:29,A205,100,103,,"CHZ, GID, GIDE, ISL, ISLE",,
11465,ISL 334E,ISL,LS,Quality for Engineers,,Saeed Tasouji Hassanpour,FEB,Çarşamba,08:30/11:29,D304,120,92,,"ECNE, ISL, ISLE",,
11466,ECN 103E,ECN,LS,Markets and Ethics,,Umut Kuruüzüm,MED,Salı,08:30/11:29,A12,135,130,,"ECNE, EFN",,
11467,DAN 101,DAN,LS,Akademik Danışmanlık,,Resul Aydemir,MED,Çarşamba,15:30/17:29,---,20,1,,ECNE,,
11468,MTH 106,MTH,LS,Calculus II,,Cihangir Özemir,MED,Salı,08:30/11:29,B33,20,7,,"SEK, SIS",,
11469,ECN 211E,ECN,LS,Statistical Meth. in Economics,,Murat Güven,INB,Perşembe,13:30/17:29,A305,110,95,,"ECNE, EFN",,
11470,ECN 201E,ECN,LS,Intermediate Microeconomics,,Shourjo Chakravorty,INB,Perşembe,08:30/12:29,B104,120,120,,"ECNE, EFN, END, ENDE, ISL, ISLE",,
11471,ECN 207E,ECN,LS,Mathematical Economics,,Resul Aydemir,EEB,Çarşamba,08:30/12:29,5202,125,120,,"ECNE, ECNM",,
11472,ECN 301E,ECN,LS,Econometrics I,,Osman Doğan,KMB,Salı,13:30/17:29,D104,120,100,,"ECNE, ECNM, EFN, ESS",,
11473,ECN 303E,ECN,LS,Development Economics,,Umut Kuruüzüm,FEB,Pazartesi,11:30/14:29,D104,100,93,,"ECNE, ECNM, ESS",,
11474,ECN 307E,ECN,LS,Game Theory,,Mustafa Doğan,UUB,Çarşamba,08:30/11:29,D-Z08,100,101,,"ECNE, EFN, MAT",,
11475,ECN 305E,ECN,LS,Industrial Organisation,,Tolga Yuret,MDB,Pazartesi,08:30/11:29,A103,110,102,,"ECNE, ECNM, EFN, ESS",,
11476,ECN 311E,ECN,LS,International Trade,,Serdar Altay,INB,Perşembe,08:30/11:29,D203,120,111,,"ECNE, ECNM, ESS",,
11477,ECN 309E,ECN,LS,"Money, Banking&Financial Mark.",,Resul Aydemir,MED,Salı,08:30/11:29,A36,110,101,,"ECNE, ECNM, EFN, ESS",,
11478,ECN 401E,ECN,LS,Turkish Economy,,Mete Han Yağmur,GDB,Cuma,08:30/11:29,410,100,81,,"ECNE, ESS",,
11479,ECN 432E,ECN,LS,Labor Economics,,Şerife Genç İleri,MDB,Perşembe,11:30/14:29,A201,100,66,,"ECNE, EFN, ESS",,
11480,ECN 433E,ECN,LS,Regulatory Econ.& Reg. Markets,,Mathias Peter Finger,,Salı,11:30/14:29,,100,51,,"ECNE, EFN, ESS",,
11481,ECN 431E,ECN,LS,Europ.Economics & Institutions,,Serdar Altay,MED,Cuma,14:30/17:29,A12,100,61,,"ECNE, EFN, ESS",,
11482,ECN 420E,ECN,LS,Behavioural Economics,,Tolga Yuret,MED,Pazartesi,14:30/17:29,A13,100,88,,"ECNE, EFN, END, ENDE, ESS",,
11483,ECN 492E,ECN,LS,Graduation Project,,Bülent Güloğlu,MED | ---,,/,,100,6,,ECNE,,
11484,BIL 113E,BIL,LS,Intr.to Sci& Eng.Comp.(MATLAB),,Aydın Mert,DZB,Salı,08:30/11:29,---,60,60,,"DUI, DUIE, GMI, GMIE",,
11485,BIL 113E,BIL,LS,Intr.to Sci& Eng.Comp.(MATLAB),,Aydın Mert,DZB,Salı,11:30/14:29,---,55,54,,"DUI, DUIE, GMI, GMIE",,
11486,BIL 113E,BIL,LS,Intr.to Sci& Eng.Comp.(MATLAB),,Aydın Mert,DZB,Salı,14:30/17:29,---,66,54,,"DUI, DUIE, GMI, GMIE",,
11490,DFH 113,DFH,LS,Denizde Güvenlik I,,"Yusuf Nejat Koçar, Birgül Arslanoğlu",DZB,Cuma,08:30/12:29,---,137,138,,"DUI, GMI",,
11491,DFH 113,DFH,LS,Denizde Güvenlik I,,"Yusuf Nejat Koçar, Sinan Çakır",DZB,Cuma,14:00/17:59,---,108,58,,"DUI, GMI",,
11492,DFH 203,DFH,LS,Temel Yüzme Becerisi,,Hakan Çap,DZB,Perşembe,08:30/10:29,---,56,48,,"DUI, GMI",,
11493,DFH 203,DFH,LS,Temel Yüzme Becerisi,,Yusuf Nejat Koçar,DZB,Çarşamba,10:30/12:29,---,51,41,,"DUI, GMI",,
11494,DFH 203,DFH,LS,Temel Yüzme Becerisi,,Hakan Çap,DZB,Perşembe,10:30/12:29,---,65,65,,"DUI, GMI",,
11495,DFH 212,DFH,LS,Denizcilikte İnsan Kaynak.Yön.,,Dilek Mürüvvet Görgüç,DZB,Perşembe,10:30/12:29,---,42,21,,DUI,,
11496,DFH 212,DFH,LS,Denizcilikte İnsan Kaynak.Yön.,,Leyla Tavacıoğlu,DZB,Çarşamba,13:30/15:29,---,55,55,,DUI,,
11497,DFH 222E,DFH,LS,Maritime English II,,Seda Çınar Alabay,DZB,Perşembe,12:30/14:29,---,50,28,,"DUI, DUIE",,
11498,DFH 222E,DFH,LS,Maritime English II,,Seda Çınar Alabay,DZB,Perşembe,10:30/12:29,---,50,24,,"DUI, DUIE",,
11499,DFH 222E,DFH,LS,Maritime English II,,Seda Çınar Alabay,DZB,Çarşamba,11:30/13:29,---,50,24,,"DUI, DUIE",,
11500,DFH 351E,DFH,LS,Shipping Finance,,Levent Kırval,DZB,Perşembe,13:30/15:29,---,50,36,,"DUI, DUIE",,
11501,DFH 422,DFH,LS,Deniz Kazaları&Emniyet Kültürü,,Cemil Yurtören,DZB,Pazartesi,12:30/14:29,---,45,45,,DUI,,
11502,DFH 491E,DFH,LS,Maritime Security,,Pelin Bolat,DZB,Cuma,14:30/16:29,---,40,28,,DUI,,
11503,DUI 103E,DUI,LS,Seamanship,,Orhan Gönel,DZB,Pazartesi,13:30/17:29,---,50,7,,DUI,,
11504,DUI 103E,DUI,LS,Seamanship,,Orhan Gönel,DZB,Perşembe,13:30/17:29,---,50,44,,DUI,,
11505,DUI 103E,DUI,LS,Seamanship,,Orhan Gönel,DZB,Çarşamba,13:30/17:29,---,63,59,,DUI,,
11506,DUI 113E,DUI,LS,Int.toMarit.Trnsp.Mng.Eng.&Eth,,Özcan Arslan,DZB,Cuma,14:30/16:29,---,75,69,,DUI,,
11507,DUI 113E,DUI,LS,Int.toMarit.Trnsp.Mng.Eng.&Eth,,Özcan Arslan,DZB,Perşembe,13:30/15:29,---,80,41,,DUI,,
11508,DUI 202E,DUI,LS,Electronic Navigation,,Serdar Kum,DZB,Cuma,14:30/17:29,---,65,17,,"DUI, DUIE",,
11509,DUI 202E,DUI,LS,Electronic Navigation,,Serdar Kum,DZB,Perşembe,14:30/17:29,---,65,56,,"DUI, DUIE",,
11510,DUI 213E,DUI,LS,Ship Constrct.and Stability,,Melek Ertogan,DZB,Çarşamba,08:30/11:29,---,70,42,,DUI,,
11511,DUI 213E,DUI,LS,Ship Constrct.and Stability,,Melek Ertogan,DZB,Çarşamba,12:30/15:29,---,80,73,,DUI,,
11512,DUI 215E,DUI,LS,Terrestrial Navigation,,Tuba Keçeci,DZB,Çarşamba,08:30/11:29,---,65,36,,DUI,,
11513,DUI 215E,DUI,LS,Terrestrial Navigation,,Tuba Keçeci,DZB,Pazartesi,08:30/11:29,---,65,61,,DUI,,
11514,PET 487E,PET,LS,Petroleum Fuels Market&Segment,,Hamit Topuz,MDB,Pazartesi,13:30/16:29,A201,40,40,,"PET, PETE, PETM",,
11515,DUI 231E,DUI,LS,Marine Communication,,Alaaddin Yıldıray Ertaş,DZB,Perşembe,08:30/10:29,---,70,48,,"DUI, DUIE",,
11516,DUI 231E,DUI,LS,Marine Communication,,Alaaddin Yıldıray Ertaş,DZB,Çarşamba,13:30/15:29,---,70,36,,"DUI, DUIE",,
11517,DUI 251,DUI,LS,Meteoroloji,,Ayşe Nak,DZB,Salı,11:30/14:29,---,53,28,,DUI,,
11518,DUI 251,DUI,LS,Meteoroloji,,Ayşe Nak,DZB,Pazartesi,11:30/14:29,---,50,28,,DUI,,
11519,DUI 251,DUI,LS,Meteoroloji,,Ayşe Nak,DZB,Pazartesi,14:30/17:29,---,50,6,,DUI,,
11520,DUI 305E,DUI,LS,Ship Hndl.and Manouvering,,Emre Akyüz,DZB,Pazartesi,09:30/12:29,---,60,44,,DUI,,
11521,DUI 305E,DUI,LS,Ship Hndl.and Manouvering,,Emre Akyüz,DZB,Pazartesi,12:30/15:29,---,68,68,,DUI,,
11522,DUI 311E,DUI,LS,Celestial Navigation,,Orhan Gönel,DZB,Pazartesi,08:30/11:29,---,75,70,,"DUI, DUIE",,
11523,ING 100,ING,LS,EAP Through Global Goals,,--,,Pazartesi,08:30/11:29,,0,0,,"BIOE, BLG, BLGE, CEV, CEVE, CHZ, DEN, ECNE, EHB, EHBE, ELK, ELKE, END, ENDE, ENTE, FIZ, GEM, GEO, GEOE, GID, ICM, INS, INSE, ISL, ISLE, JEF, JEO, KIM, KMM, KOM, KOME, MAD, MAK, MAT, MET, METE, MIM, MIME, MTO, PEME, PETE, SAO, SBP, SBPE, TEKE, UCK, UZBE, YZVE",,
11524,DUI 311E,DUI,LS,Celestial Navigation,,Orhan Gönel,DZB,Perşembe,08:30/11:29,---,70,61,,"DUI, DUIE",,
11525,DUI 321,DUI,LS,Deniz Hukuku I,,Hakan Muran,DZB,Pazartesi,15:30/17:29,---,80,80,,DUI,,
11526,DUI 321,DUI,LS,Deniz Hukuku I,,Hakan Muran,DZB,Pazartesi,13:30/15:29,---,80,31,,DUI,,
11527,DUI 341E,DUI,LS,Maritime Practical Studies,,Esma Uflaz,DZB,Çarşamba,08:30/12:29,---,25,20,,"DUI, DUIE",,
11528,DUI 341E,DUI,LS,Maritime Practical Studies,,Emre Akyüz,DZB,Çarşamba,08:30/12:29,---,25,23,,"DUI, DUIE",,
11529,DUI 341E,DUI,LS,Maritime Practical Studies,,Yunus Emre Şenol,DZB,Çarşamba,08:30/12:29,---,25,25,,"DUI, DUIE",,
11530,DUI 341E,DUI,LS,Maritime Practical Studies,,Cemil Yurtören,DZB,Cuma,08:30/12:29,---,25,13,,"DUI, DUIE",,
11531,ING 100,ING,LS,EAP Through Global Goals,,Hande Yalınateş,,Pazartesi,08:30/11:29,,24,25,,"BIOE, BLG, BLGE, CEV, CEVE, CHZ, DEN, ECNE, EHB, EHBE, ELK, ELKE, END, ENDE, ENTE, FIZ, GEM, GEO, GEOE, GID, ICM, INS, INSE, ISL, ISLE, JEF, JEO, KIM, KMM, KOM, KOME, MAD, MAK, MAT, MET, METE, MIM, MIME, MTO, PEME, PETE, SAO, SBP, SBPE, TEKE, UCK, UZBE, YZVE",,
11532,ING 100,ING,LS,EAP Through Global Goals,,Zarife Zeliş Çoban,,Pazartesi,08:30/11:29,,24,24,,"BIOE, BLG, BLGE, CEV, CEVE, CHZ, DEN, ECNE, EHB, EHBE, ELK, ELKE, END, ENDE, ENTE, FIZ, GEM, GEO, GEOE, GID, ICM, INS, INSE, ISL, ISLE, JEF, JEO, KIM, KMM, KOM, KOME, MAD, MAK, MAT, MET, METE, MIM, MIME, MTO, PEME, PETE, SAO, SBP, SBPE, TEKE, UCK, UZBE, YZVE",,
11533,DUI 341E,DUI,LS,Maritime Practical Studies,,Esma Uflaz,DZB,Cuma,08:30/12:29,---,25,8,,"DUI, DUIE",,
11534,ING 100,ING,LS,EAP Through Global Goals,,Emine Sari Altındağ,,Pazartesi,08:30/11:29,,27,30,,"ARC, CEN, EEE, EFN, IAD, IND, MEN, MMD, MTM, NAE",,
11535,DUI 341E,DUI,LS,Maritime Practical Studies,,Yunus Emre Şenol,DZB,Cuma,08:30/12:29,---,25,19,,"DUI, DUIE",,
11536,ING 100,ING,LS,EAP Through Global Goals,,Nurçin Ramadanoğlu,,Pazartesi,08:30/11:29,,24,24,,"BIOE, BLG, BLGE, CEV, CEVE, CHZ, DEN, ECNE, EHB, EHBE, ELK, ELKE, END, ENDE, ENTE, FIZ, GEM, GEO, GEOE, GID, ICM, INS, INSE, ISL, ISLE, JEF, JEO, KIM, KMM, KOM, KOME, MAD, MAK, MAT, MET, METE, MIM, MIME, MTO, PEME, PETE, SAO, SBP, SBPE, TEKE, UCK, UZBE, YZVE",,
11537,DUI 361E,DUI,LS,Technical Ship Management,,Gizem Çevik,DZB,Salı,12:30/14:29,---,65,65,,"DUI, DUIE",,
11538,ING 100,ING,LS,EAP Through Global Goals,,--,,Pazartesi,13:30/16:29,,0,1,,"BIOE, BLG, BLGE, CEV, CEVE, CHZ, DEN, ECNE, EHB, EHBE, ELK, ELKE, END, ENDE, ENTE, FIZ, GEM, GEO, GEOE, GID, ICM, INS, INSE, ISL, ISLE, JEF, JEO, KIM, KMM, KOM, KOME, MAD, MAK, MAT, MET, METE, MIM, MIME, MTO, PEME, PETE, SAO, SBP, SBPE, TEKE, UCK, UZBE, YZVE",,
11539,ING 100,ING,LS,EAP Through Global Goals,,Zeynep Kurular,,Pazartesi,13:30/16:29,,24,17,,"BIOE, BLG, BLGE, CEV, CEVE, CHZ, DEN, ECNE, EHB, EHBE, ELK, ELKE, END, ENDE, ENTE, FIZ, GEM, GEO, GEOE, GID, ICM, INS, INSE, ISL, ISLE, JEF, JEO, KIM, KMM, KOM, KOME, MAD, MAK, MAT, MET, METE, MIM, MIME, MTO, PEME, PETE, SAO, SBP, SBPE, TEKE, UCK, UZBE, YZVE",,
11540,DUI 361E,DUI,LS,Technical Ship Management,,Gizem Çevik,DZB,Salı,14:30/16:29,---,65,49,,"DUI, DUIE",,
11541,ING 100,ING,LS,EAP Through Global Goals,,Gürcan Öztürk,,Pazartesi,13:30/16:29,,24,24,,"BIOE, BLG, BLGE, CEV, CEVE, CHZ, DEN, ECNE, EHB, EHBE, ELK, ELKE, END, ENDE, ENTE, FIZ, GEM, GEO, GEOE, GID, ICM, INS, INSE, ISL, ISLE, JEF, JEO, KIM, KMM, KOM, KOME, MAD, MAK, MAT, MET, METE, MIM, MIME, MTO, PEME, PETE, SAO, SBP, SBPE, TEKE, UCK, UZBE, YZVE",,
11542,ING 100,ING,LS,EAP Through Global Goals,,Gamze Moran,,Pazartesi,13:30/16:29,,24,24,,"BIOE, BLG, BLGE, CEV, CEVE, CHZ, DEN, ECNE, EHB, EHBE, ELK, ELKE, END, ENDE, ENTE, FIZ, GEM, GEO, GEOE, GID, ICM, INS, INSE, ISL, ISLE, JEF, JEO, KIM, KMM, KOM, KOME, MAD, MAK, MAT, MET, METE, MIM, MIME, MTO, PEME, PETE, SAO, SBP, SBPE, TEKE, UCK, UZBE, YZVE",,
11543,ING 100,ING,LS,EAP Through Global Goals,,Esra Sancak,,Pazartesi,13:30/16:29,,24,18,,"BIOE, BLG, BLGE, CEV, CEVE, CHZ, DEN, ECNE, EHB, EHBE, ELK, ELKE, END, ENDE, ENTE, FIZ, GEM, GEO, GEOE, GID, ICM, INS, INSE, ISL, ISLE, JEF, JEO, KIM, KMM, KOM, KOME, MAD, MAK, MAT, MET, METE, MIM, MIME, MTO, PEME, PETE, SAO, SBP, SBPE, TEKE, UCK, UZBE, YZVE",,
11544,ING 100,ING,LS,EAP Through Global Goals,,Nurçin Ramadanoğlu,,Pazartesi,13:30/16:29,,24,23,,"BIOE, BLG, BLGE, CEV, CEVE, CHZ, DEN, ECNE, EHB, EHBE, ELK, ELKE, END, ENDE, ENTE, FIZ, GEM, GEO, GEOE, GID, ICM, INS, INSE, ISL, ISLE, JEF, JEO, KIM, KMM, KOM, KOME, MAD, MAK, MAT, MET, METE, MIM, MIME, MTO, PEME, PETE, SAO, SBP, SBPE, TEKE, UCK, UZBE, YZVE",,
11545,ING 100,ING,LS,EAP Through Global Goals,,--,,Salı,08:30/11:29,,0,0,,"BIOE, BLG, BLGE, CEV, CEVE, CHZ, DEN, ECNE, EHB, EHBE, ELK, ELKE, END, ENDE, ENTE, FIZ, GEM, GEO, GEOE, GID, ICM, INS, INSE, ISL, ISLE, JEF, JEO, KIM, KMM, KOM, KOME, MAD, MAK, MAT, MET, METE, MIM, MIME, MTO, PEME, PETE, SAO, SBP, SBPE, TEKE, UCK, UZBE, YZVE",,
11546,ING 100,ING,LS,EAP Through Global Goals,,Yeşim Kılıç,,Salı,08:30/11:29,,24,25,,"BIOE, BLG, BLGE, CEV, CEVE, CHZ, DEN, ECNE, EHB, EHBE, ELK, ELKE, END, ENDE, ENTE, FIZ, GEM, GEO, GEOE, GID, ICM, INS, INSE, ISL, ISLE, JEF, JEO, KIM, KMM, KOM, KOME, MAD, MAK, MAT, MET, METE, MIM, MIME, MTO, PEME, PETE, SAO, SBP, SBPE, TEKE, UCK, UZBE, YZVE",,
11547,ING 100,ING,LS,EAP Through Global Goals,,Gürcan Öztürk,,Salı,08:30/11:29,,27,28,,"ARC, CEN, EEE, EFN, IAD, IND, MEN, MMD, MTM, NAE",,
11548,ING 100,ING,LS,EAP Through Global Goals,,Zeynep Kurular,,Salı,08:30/11:29,,24,25,,"BIOE, BLG, BLGE, CEV, CEVE, CHZ, DEN, ECNE, EHB, EHBE, ELK, ELKE, END, ENDE, ENTE, FIZ, GEM, GEO, GEOE, GID, ICM, INS, INSE, ISL, ISLE, JEF, JEO, KIM, KMM, KOM, KOME, MAD, MAK, MAT, MET, METE, MIM, MIME, MTO, PEME, PETE, SAO, SBP, SBPE, TEKE, UCK, UZBE, YZVE",,
11549,ING 100,ING,LS,EAP Through Global Goals,,Hatice Bahar Mendi Ünver,,Salı,08:30/11:29,,24,25,,"BIOE, BLG, BLGE, CEV, CEVE, CHZ, DEN, ECNE, EHB, EHBE, ELK, ELKE, END, ENDE, ENTE, FIZ, GEM, GEO, GEOE, GID, ICM, INS, INSE, ISL, ISLE, JEF, JEO, KIM, KMM, KOM, KOME, MAD, MAK, MAT, MET, METE, MIM, MIME, MTO, PEME, PETE, SAO, SBP, SBPE, TEKE, UCK, UZBE, YZVE",,
11550,ING 100,ING,LS,EAP Through Global Goals,,--,,Salı,13:30/16:29,,0,0,,"BIOE, BLG, BLGE, CEV, CEVE, CHZ, DEN, ECNE, EHB, EHBE, ELK, ELKE, END, ENDE, ENTE, FIZ, GEM, GEO, GEOE, GID, ICM, INS, INSE, ISL, ISLE, JEF, JEO, KIM, KMM, KOM, KOME, MAD, MAK, MAT, MET, METE, MIM, MIME, MTO, PEME, PETE, SAO, SBP, SBPE, TEKE, UCK, UZBE, YZVE",,
11551,ING 100,ING,LS,EAP Through Global Goals,,Pelin Gökalp Yılmazer,,Salı,13:30/16:29,,24,23,,"BIOE, BLG, BLGE, CEV, CEVE, CHZ, DEN, ECNE, EHB, EHBE, ELK, ELKE, END, ENDE, ENTE, FIZ, GEM, GEO, GEOE, GID, ICM, INS, INSE, ISL, ISLE, JEF, JEO, KIM, KMM, KOM, KOME, MAD, MAK, MAT, MET, METE, MIM, MIME, MTO, PEME, PETE, SAO, SBP, SBPE, TEKE, UCK, UZBE, YZVE",,
11552,ING 100,ING,LS,EAP Through Global Goals,,Gürcan Öztürk,,Salı,13:30/16:29,,24,24,,"BIOE, BLG, BLGE, CEV, CEVE, CHZ, DEN, ECNE, EHB, EHBE, ELK, ELKE, END, ENDE, ENTE, FIZ, GEM, GEO, GEOE, GID, ICM, INS, INSE, ISL, ISLE, JEF, JEO, KIM, KMM, KOM, KOME, MAD, MAK, MAT, MET, METE, MIM, MIME, MTO, PEME, PETE, SAO, SBP, SBPE, TEKE, UCK, UZBE, YZVE",,
11553,ING 100,ING,LS,EAP Through Global Goals,,Zarife Zeliş Çoban,,Salı,13:30/16:29,,24,24,,"BIOE, BLG, BLGE, CEV, CEVE, CHZ, DEN, ECNE, EHB, EHBE, ELK, ELKE, END, ENDE, ENTE, FIZ, GEM, GEO, GEOE, GID, ICM, INS, INSE, ISL, ISLE, JEF, JEO, KIM, KMM, KOM, KOME, MAD, MAK, MAT, MET, METE, MIM, MIME, MTO, PEME, PETE, SAO, SBP, SBPE, TEKE, UCK, UZBE, YZVE",,
11554,ING 100,ING,LS,EAP Through Global Goals,,Esra Sancak,,Salı,13:30/16:29,,24,22,,"BIOE, BLG, BLGE, CEV, CEVE, CHZ, DEN, ECNE, EHB, EHBE, ELK, ELKE, END, ENDE, ENTE, FIZ, GEM, GEO, GEOE, GID, ICM, INS, INSE, ISL, ISLE, JEF, JEO, KIM, KMM, KOM, KOME, MAD, MAK, MAT, MET, METE, MIM, MIME, MTO, PEME, PETE, SAO, SBP, SBPE, TEKE, UCK, UZBE, YZVE",,
11555,ING 100,ING,LS,EAP Through Global Goals,,Hatice Bahar Mendi Ünver,,Salı,13:30/16:29,,24,24,,"BIOE, BLG, BLGE, CEV, CEVE, CHZ, DEN, ECNE, EHB, EHBE, ELK, ELKE, END, ENDE, ENTE, FIZ, GEM, GEO, GEOE, GID, ICM, INS, INSE, ISL, ISLE, JEF, JEO, KIM, KMM, KOM, KOME, MAD, MAK, MAT, MET, METE, MIM, MIME, MTO, PEME, PETE, SAO, SBP, SBPE, TEKE, UCK, UZBE, YZVE",,
11556,ING 100,ING,LS,EAP Through Global Goals,,--,,Çarşamba,08:30/11:29,,0,0,,"BIOE, BLG, BLGE, CEV, CEVE, CHZ, DEN, ECNE, EHB, EHBE, ELK, ELKE, END, ENDE, ENTE, FIZ, GEM, GEO, GEOE, GID, ICM, INS, INSE, ISL, ISLE, JEF, JEO, KIM, KMM, KOM, KOME, MAD, MAK, MAT, MET, METE, MIM, MIME, MTO, PEME, PETE, SAO, SBP, SBPE, TEKE, UCK, UZBE, YZVE",,
11557,ING 100,ING,LS,EAP Through Global Goals,,Yeşim Kılıç,,Çarşamba,08:30/11:29,,24,24,,"BIOE, BLG, BLGE, CEV, CEVE, CHZ, DEN, ECNE, EHB, EHBE, ELK, ELKE, END, ENDE, ENTE, FIZ, GEM, GEO, GEOE, GID, ICM, INS, INSE, ISL, ISLE, JEF, JEO, KIM, KMM, KOM, KOME, MAD, MAK, MAT, MET, METE, MIM, MIME, MTO, PEME, PETE, SAO, SBP, SBPE, TEKE, UCK, UZBE, YZVE",,
11558,ING 100,ING,LS,EAP Through Global Goals,,Yasemin Yılmaz Yüksek,,Çarşamba,08:30/11:29,,24,27,,"BIOE, BLG, BLGE, CEV, CEVE, CHZ, DEN, ECNE, EHB, EHBE, ELK, ELKE, END, ENDE, ENTE, FIZ, GEM, GEO, GEOE, GID, ICM, INS, INSE, ISL, ISLE, JEF, JEO, KIM, KMM, KOM, KOME, MAD, MAK, MAT, MET, METE, MIM, MIME, MTO, PEME, PETE, SAO, SBP, SBPE, TEKE, UCK, UZBE, YZVE",,
11559,ING 100,ING,LS,EAP Through Global Goals,,Esra Sancak,,Çarşamba,08:30/11:29,,24,25,,"BIOE, BLG, BLGE, CEV, CEVE, CHZ, DEN, ECNE, EHB, EHBE, ELK, ELKE, END, ENDE, ENTE, FIZ, GEM, GEO, GEOE, GID, ICM, INS, INSE, ISL, ISLE, JEF, JEO, KIM, KMM, KOM, KOME, MAD, MAK, MAT, MET, METE, MIM, MIME, MTO, PEME, PETE, SAO, SBP, SBPE, TEKE, UCK, UZBE, YZVE",,
11560,ING 100,ING,LS,EAP Through Global Goals,,Hatice Bahar Mendi Ünver,,Çarşamba,08:30/11:29,,24,25,,"BIOE, BLG, BLGE, CEV, CEVE, CHZ, DEN, ECNE, EHB, EHBE, ELK, ELKE, END, ENDE, ENTE, FIZ, GEM, GEO, GEOE, GID, ICM, INS, INSE, ISL, ISLE, JEF, JEO, KIM, KMM, KOM, KOME, MAD, MAK, MAT, MET, METE, MIM, MIME, MTO, PEME, PETE, SAO, SBP, SBPE, TEKE, UCK, UZBE, YZVE",,
11561,ING 100,ING,LS,EAP Through Global Goals,,--,,Perşembe,08:30/11:29,,0,0,,"BIOE, BLG, BLGE, CEV, CEVE, CHZ, DEN, ECNE, EHB, EHBE, ELK, ELKE, END, ENDE, ENTE, FIZ, GEM, GEO, GEOE, GID, ICM, INS, INSE, ISL, ISLE, JEF, JEO, KIM, KMM, KOM, KOME, MAD, MAK, MAT, MET, METE, MIM, MIME, MTO, PEME, PETE, SAO, SBP, SBPE, TEKE, UCK, UZBE, YZVE",,
11562,ING 100,ING,LS,EAP Through Global Goals,,Dilek Öztürk,,Perşembe,08:30/11:29,,24,25,,"BIOE, BLG, BLGE, CEV, CEVE, CHZ, DEN, ECNE, EHB, EHBE, ELK, ELKE, END, ENDE, ENTE, FIZ, GEM, GEO, GEOE, GID, ICM, INS, INSE, ISL, ISLE, JEF, JEO, KIM, KMM, KOM, KOME, MAD, MAK, MAT, MET, METE, MIM, MIME, MTO, PEME, PETE, SAO, SBP, SBPE, TEKE, UCK, UZBE, YZVE",,
11563,ING 100,ING,LS,EAP Through Global Goals,,Zeynep Kurular,,Perşembe,08:30/11:29,,24,26,,"BIOE, BLG, BLGE, CEV, CEVE, CHZ, DEN, ECNE, EHB, EHBE, ELK, ELKE, END, ENDE, ENTE, FIZ, GEM, GEO, GEOE, GID, ICM, INS, INSE, ISL, ISLE, JEF, JEO, KIM, KMM, KOM, KOME, MAD, MAK, MAT, MET, METE, MIM, MIME, MTO, PEME, PETE, SAO, SBP, SBPE, TEKE, UCK, UZBE, YZVE",,
11564,ING 100,ING,LS,EAP Through Global Goals,,Hande Yalınateş,,Perşembe,08:30/11:29,,27,28,,"ARC, CEN, EEE, EFN, IAD, IND, MEN, MMD, MTM, NAE",,
11565,ING 100,ING,LS,EAP Through Global Goals,,Emine Sari Altındağ,,Perşembe,08:30/11:29,,24,25,,"BIOE, BLG, BLGE, CEV, CEVE, CHZ, DEN, ECNE, EHB, EHBE, ELK, ELKE, END, ENDE, ENTE, FIZ, GEM, GEO, GEOE, GID, ICM, INS, INSE, ISL, ISLE, JEF, JEO, KIM, KMM, KOM, KOME, MAD, MAK, MAT, MET, METE, MIM, MIME, MTO, PEME, PETE, SAO, SBP, SBPE, TEKE, UCK, UZBE, YZVE",,
11566,ING 100,ING,LS,EAP Through Global Goals,,--,,Perşembe,13:30/16:29,,0,0,,"BIOE, BLG, BLGE, CEV, CEVE, CHZ, DEN, ECNE, EHB, EHBE, ELK, ELKE, END, ENDE, ENTE, FIZ, GEM, GEO, GEOE, GID, ICM, INS, INSE, ISL, ISLE, JEF, JEO, KIM, KMM, KOM, KOME, MAD, MAK, MAT, MET, METE, MIM, MIME, MTO, PEME, PETE, SAO, SBP, SBPE, TEKE, UCK, UZBE, YZVE",,
11567,ING 100,ING,LS,EAP Through Global Goals,,Gamze Moran,,Perşembe,13:30/16:29,,24,24,,"BIOE, BLG, BLGE, CEV, CEVE, CHZ, DEN, ECNE, EHB, EHBE, ELK, ELKE, END, ENDE, ENTE, FIZ, GEM, GEO, GEOE, GID, ICM, INS, INSE, ISL, ISLE, JEF, JEO, KIM, KMM, KOM, KOME, MAD, MAK, MAT, MET, METE, MIM, MIME, MTO, PEME, PETE, SAO, SBP, SBPE, TEKE, UCK, UZBE, YZVE",,
11568,ING 100,ING,LS,EAP Through Global Goals,,Hacer Şivil,,Perşembe,13:30/16:29,,24,26,,"BIOE, BLG, BLGE, CEV, CEVE, CHZ, DEN, ECNE, EHB, EHBE, ELK, ELKE, END, ENDE, ENTE, FIZ, GEM, GEO, GEOE, GID, ICM, INS, INSE, ISL, ISLE, JEF, JEO, KIM, KMM, KOM, KOME, MAD, MAK, MAT, MET, METE, MIM, MIME, MTO, PEME, PETE, SAO, SBP, SBPE, TEKE, UCK, UZBE, YZVE",,
11569,ING 100,ING,LS,EAP Through Global Goals,,Esra Sancak,,Perşembe,13:30/16:29,,28,33,,"ARC, CEN, EEE, EFN, IAD, IND, MEN, MMD, MTM, NAE",,
11570,ING 100,ING,LS,EAP Through Global Goals,,Nurçin Ramadanoğlu,,Perşembe,13:30/16:29,,24,25,,"BIOE, BLG, BLGE, CEV, CEVE, CHZ, DEN, ECNE, EHB, EHBE, ELK, ELKE, END, ENDE, ENTE, FIZ, GEM, GEO, GEOE, GID, ICM, INS, INSE, ISL, ISLE, JEF, JEO, KIM, KMM, KOM, KOME, MAD, MAK, MAT, MET, METE, MIM, MIME, MTO, PEME, PETE, SAO, SBP, SBPE, TEKE, UCK, UZBE, YZVE",,
11571,ING 100,ING,LS,EAP Through Global Goals,,--,,Cuma,08:30/11:29,,0,0,,"BIOE, BLG, BLGE, CEV, CEVE, CHZ, DEN, ECNE, EHB, EHBE, ELK, ELKE, END, ENDE, ENTE, FIZ, GEM, GEO, GEOE, GID, ICM, INS, INSE, ISL, ISLE, JEF, JEO, KIM, KMM, KOM, KOME, MAD, MAK, MAT, MET, METE, MIM, MIME, MTO, PEME, PETE, SAO, SBP, SBPE, TEKE, UCK, UZBE, YZVE",,
11572,ING 100,ING,LS,EAP Through Global Goals,,Zeynep Kurular,,Cuma,08:30/11:29,,24,25,,"BIOE, BLG, BLGE, CEV, CEVE, CHZ, DEN, ECNE, EHB, EHBE, ELK, ELKE, END, ENDE, ENTE, FIZ, GEM, GEO, GEOE, GID, ICM, INS, INSE, ISL, ISLE, JEF, JEO, KIM, KMM, KOM, KOME, MAD, MAK, MAT, MET, METE, MIM, MIME, MTO, PEME, PETE, SAO, SBP, SBPE, TEKE, UCK, UZBE, YZVE",,
11573,ING 100,ING,LS,EAP Through Global Goals,,Gamze Moran,,Cuma,08:30/11:29,,28,32,,"ARC, CEN, EEE, EFN, IAD, IND, MEN, MMD, MTM, NAE",,
11574,ING 100,ING,LS,EAP Through Global Goals,,Emine Sari Altındağ,,Cuma,08:30/11:29,,24,25,,"BIOE, BLG, BLGE, CEV, CEVE, CHZ, DEN, ECNE, EHB, EHBE, ELK, ELKE, END, ENDE, ENTE, FIZ, GEM, GEO, GEOE, GID, ICM, INS, INSE, ISL, ISLE, JEF, JEO, KIM, KMM, KOM, KOME, MAD, MAK, MAT, MET, METE, MIM, MIME, MTO, PEME, PETE, SAO, SBP, SBPE, TEKE, UCK, UZBE, YZVE",,
11575,ING 100,ING,LS,EAP Through Global Goals,,Gürcan Öztürk,,Cuma,08:30/11:29,,24,26,,"BIOE, BLG, BLGE, CEV, CEVE, CHZ, DEN, ECNE, EHB, EHBE, ELK, ELKE, END, ENDE, ENTE, FIZ, GEM, GEO, GEOE, GID, ICM, INS, INSE, ISL, ISLE, JEF, JEO, KIM, KMM, KOM, KOME, MAD, MAK, MAT, MET, METE, MIM, MIME, MTO, PEME, PETE, SAO, SBP, SBPE, TEKE, UCK, UZBE, YZVE",,
11576,DUI 371E,DUI,LS,Watchkeeping II,,Oğuzhan Gürel,DZB,Salı,14:30/17:29,---,50,45,,DUI,,
11577,ING 100,ING,LS,EAP Through Global Goals,,Hatice Bahar Mendi Ünver,,Cuma,08:30/11:29,,24,25,,"BIOE, BLG, BLGE, CEV, CEVE, CHZ, DEN, ECNE, EHB, EHBE, ELK, ELKE, END, ENDE, ENTE, FIZ, GEM, GEO, GEOE, GID, ICM, INS, INSE, ISL, ISLE, JEF, JEO, KIM, KMM, KOM, KOME, MAD, MAK, MAT, MET, METE, MIM, MIME, MTO, PEME, PETE, SAO, SBP, SBPE, TEKE, UCK, UZBE, YZVE",,
11578,ING 100,ING,LS,EAP Through Global Goals,,--,,Cuma,14:00/16:59,,0,0,,"BIOE, BLG, BLGE, CEV, CEVE, CHZ, DEN, ECNE, EHB, EHBE, ELK, ELKE, END, ENDE, ENTE, FIZ, GEM, GEO, GEOE, GID, ICM, INS, INSE, ISL, ISLE, JEF, JEO, KIM, KMM, KOM, KOME, MAD, MAK, MAT, MET, METE, MIM, MIME, MTO, PEME, PETE, SAO, SBP, SBPE, TEKE, UCK, UZBE, YZVE",,
11579,ING 100,ING,LS,EAP Through Global Goals,,Gamze Moran,,Cuma,14:00/16:59,,24,27,,"BIOE, BLG, BLGE, CEV, CEVE, CHZ, DEN, ECNE, EHB, EHBE, ELK, ELKE, END, ENDE, ENTE, FIZ, GEM, GEO, GEOE, GID, ICM, INS, INSE, ISL, ISLE, JEF, JEO, KIM, KMM, KOM, KOME, MAD, MAK, MAT, MET, METE, MIM, MIME, MTO, PEME, PETE, SAO, SBP, SBPE, TEKE, UCK, UZBE, YZVE",,
11580,DUI 371E,DUI,LS,Watchkeeping II,,Oğuzhan Gürel,DZB,Salı,11:30/14:29,---,50,43,,DUI,,
11581,ING 100,ING,LS,EAP Through Global Goals,,Hacer Şivil,,Cuma,14:00/16:59,,24,25,,"BIOE, BLG, BLGE, CEV, CEVE, CHZ, DEN, ECNE, EHB, EHBE, ELK, ELKE, END, ENDE, ENTE, FIZ, GEM, GEO, GEOE, GID, ICM, INS, INSE, ISL, ISLE, JEF, JEO, KIM, KMM, KOM, KOME, MAD, MAK, MAT, MET, METE, MIM, MIME, MTO, PEME, PETE, SAO, SBP, SBPE, TEKE, UCK, UZBE, YZVE",,
11582,ING 100,ING,LS,EAP Through Global Goals,,Emine Sari Altındağ,,Cuma,14:00/16:59,,24,26,,"BIOE, BLG, BLGE, CEV, CEVE, CHZ, DEN, ECNE, EHB, EHBE, ELK, ELKE, END, ENDE, ENTE, FIZ, GEM, GEO, GEOE, GID, ICM, INS, INSE, ISL, ISLE, JEF, JEO, KIM, KMM, KOM, KOME, MAD, MAK, MAT, MET, METE, MIM, MIME, MTO, PEME, PETE, SAO, SBP, SBPE, TEKE, UCK, UZBE, YZVE",,
11583,DUI 371E,DUI,LS,Watchkeeping II,,Oğuzhan Gürel,DZB,Salı,08:30/11:29,---,50,37,,DUI,,
11584,DUI 385,DUI,LS,Gemi Operas. Çevresel Yönetim,,Tanzer Satır,DZB,Perşembe,11:30/13:29,---,110,109,,DUI,,
11585,DUI 405,DUI,LS,Gemi Makinaları,,Tanju Kurtuluş,DZB,Çarşamba,08:30/10:29,---,120,120,,DUI,,
11586,DUI 407E,DUI,LS,Cargo Handl and Stowage,,Tanzer Satır,DZB,Pazartesi,08:30/11:29,---,70,49,,DUI,,
11587,DUI 407E,DUI,LS,Cargo Handl and Stowage,,Tanzer Satır,DZB,Perşembe,08:30/11:29,---,70,57,,DUI,,
11588,ING 112A,ING,LS,Basics of Academic Writing,,--,,Pazartesi,08:30/10:29,,0,0,,"BIO, BIOE, BLG, BLGE, CEV, CEVE, CHZ, DEN, ECNE, EHB, EHBE, ELK, ELKE, END, ENDE, ENTE, EUTE, FIZ, GEM, GEO, GEOE, GID, ICM, IML, INS, INSE, ISL, ISLE, JEF, JEO, KIM, KMM, KOM, KOME, MAD, MAK, MAT, MET, METE, MIM, MIME, MTO, PEME, PETE, SBP, SBPE, TEKE, UCK, UZBE, YZVE",,
11589,DUI 4901,DUI,LS,Deniz Ulaş.&İşlet.Müh. Tas. I,,Yunus Emre Şenol,DZB | ---,,/,,500,80,,DUI,,
11590,ING 112A,ING,LS,Basics of Academic Writing,,F. Şehkar F. Kınık,,Pazartesi,08:30/10:29,,27,27,,"BIO, BIOE, BLG, BLGE, CEV, CEVE, CHZ, DEN, ECNE, EHB, EHBE, ELK, ELKE, END, ENDE, ENTE, EUTE, FIZ, GEM, GEO, GEOE, GID, ICM, IML, INS, INSE, ISL, ISLE, JEF, JEO, KIM, KMM, KOM, KOME, MAD, MAK, MAT, MET, METE, MIM, MIME, MTO, PEME, PETE, SBP, SBPE, TEKE, UCK, UZBE, YZVE",,
11591,ING 112A,ING,LS,Basics of Academic Writing,,Halime Ceren Göktaş,,Pazartesi,08:30/10:29,,27,27,,"BIO, BIOE, BLG, BLGE, CEV, CEVE, CHZ, DEN, ECNE, EHB, EHBE, ELK, ELKE, END, ENDE, ENTE, EUTE, FIZ, GEM, GEO, GEOE, GID, ICM, IML, INS, INSE, ISL, ISLE, JEF, JEO, KIM, KMM, KOM, KOME, MAD, MAK, MAT, MET, METE, MIM, MIME, MTO, PEME, PETE, SBP, SBPE, TEKE, UCK, UZBE, YZVE",,
11592,DUI 4902,DUI,LS,Deniz Ulaş.&İşlet.Müh. Tas. II,,Yunus Emre Şenol,DZB | ---,,/,,500,29,,DUI,,
11593,ING 112A,ING,LS,Basics of Academic Writing,,Fulya Kama Özelkan,,Pazartesi,08:30/10:29,,27,27,,"BIO, BIOE, BLG, BLGE, CEV, CEVE, CHZ, DEN, ECNE, EHB, EHBE, ELK, ELKE, END, ENDE, ENTE, EUTE, FIZ, GEM, GEO, GEOE, GID, ICM, IML, INS, INSE, ISL, ISLE, JEF, JEO, KIM, KMM, KOM, KOME, MAD, MAK, MAT, MET, METE, MIM, MIME, MTO, PEME, PETE, SBP, SBPE, TEKE, UCK, UZBE, YZVE",,
11594,ING 112A,ING,LS,Basics of Academic Writing,,Nilgün Eker,,Pazartesi,08:30/10:29,,27,27,,"BIO, BIOE, BLG, BLGE, CEV, CEVE, CHZ, DEN, ECNE, EHB, EHBE, ELK, ELKE, END, ENDE, ENTE, EUTE, FIZ, GEM, GEO, GEOE, GID, ICM, IML, INS, INSE, ISL, ISLE, JEF, JEO, KIM, KMM, KOM, KOME, MAD, MAK, MAT, MET, METE, MIM, MIME, MTO, PEME, PETE, SBP, SBPE, TEKE, UCK, UZBE, YZVE",,
11597,ING 112A,ING,LS,Basics of Academic Writing,,Özge Seçkin Polat,,Pazartesi,08:30/10:29,,27,27,,"BIO, BIOE, BLG, BLGE, CEV, CEVE, CHZ, DEN, ECNE, EHB, EHBE, ELK, ELKE, END, ENDE, ENTE, EUTE, FIZ, GEM, GEO, GEOE, GID, ICM, IML, INS, INSE, ISL, ISLE, JEF, JEO, KIM, KMM, KOM, KOME, MAD, MAK, MAT, MET, METE, MIM, MIME, MTO, PEME, PETE, SBP, SBPE, TEKE, UCK, UZBE, YZVE",,
11600,ING 112A,ING,LS,Basics of Academic Writing,,--,,Pazartesi,10:30/12:29,,0,0,,"BIO, BIOE, BLG, BLGE, CEV, CEVE, CHZ, DEN, ECNE, EHB, EHBE, ELK, ELKE, END, ENDE, ENTE, EUTE, FIZ, GEM, GEO, GEOE, GID, ICM, IML, INS, INSE, ISL, ISLE, JEF, JEO, KIM, KMM, KOM, KOME, MAD, MAK, MAT, MET, METE, MIM, MIME, MTO, PEME, PETE, SBP, SBPE, TEKE, UCK, UZBE, YZVE",,
11601,ING 112A,ING,LS,Basics of Academic Writing,,F. Şehkar F. Kınık,,Pazartesi,10:30/12:29,,27,27,,"BIO, BIOE, BLG, BLGE, CEV, CEVE, CHZ, DEN, ECNE, EHB, EHBE, ELK, ELKE, END, ENDE, ENTE, EUTE, FIZ, GEM, GEO, GEOE, GID, ICM, IML, INS, INSE, ISL, ISLE, JEF, JEO, KIM, KMM, KOM, KOME, MAD, MAK, MAT, MET, METE, MIM, MIME, MTO, PEME, PETE, SBP, SBPE, TEKE, UCK, UZBE, YZVE",,
11602,ING 112A,ING,LS,Basics of Academic Writing,,Halime Ceren Göktaş,,Pazartesi,10:30/12:29,,27,27,,"BIO, BIOE, BLG, BLGE, CEV, CEVE, CHZ, DEN, ECNE, EHB, EHBE, ELK, ELKE, END, ENDE, ENTE, EUTE, FIZ, GEM, GEO, GEOE, GID, ICM, IML, INS, INSE, ISL, ISLE, JEF, JEO, KIM, KMM, KOM, KOME, MAD, MAK, MAT, MET, METE, MIM, MIME, MTO, PEME, PETE, SBP, SBPE, TEKE, UCK, UZBE, YZVE",,
11604,ING 112A,ING,LS,Basics of Academic Writing,,Canan Şahsenas,,Pazartesi,10:30/12:29,,27,27,,"BIO, BIOE, BLG, BLGE, CEV, CEVE, CHZ, DEN, ECNE, EHB, EHBE, ELK, ELKE, END, ENDE, ENTE, EUTE, FIZ, GEM, GEO, GEOE, GID, ICM, IML, INS, INSE, ISL, ISLE, JEF, JEO, KIM, KMM, KOM, KOME, MAD, MAK, MAT, MET, METE, MIM, MIME, MTO, PEME, PETE, SBP, SBPE, TEKE, UCK, UZBE, YZVE",,
11605,ING 112A,ING,LS,Basics of Academic Writing,,Fulya Kama Özelkan,,Pazartesi,10:30/12:29,,27,27,,"BIO, BIOE, BLG, BLGE, CEV, CEVE, CHZ, DEN, ECNE, EHB, EHBE, ELK, ELKE, END, ENDE, ENTE, EUTE, FIZ, GEM, GEO, GEOE, GID, ICM, IML, INS, INSE, ISL, ISLE, JEF, JEO, KIM, KMM, KOM, KOME, MAD, MAK, MAT, MET, METE, MIM, MIME, MTO, PEME, PETE, SBP, SBPE, TEKE, UCK, UZBE, YZVE",,
11606,ING 112A,ING,LS,Basics of Academic Writing,,Nilgün Eker,,Pazartesi,10:30/12:29,,27,27,,"BIO, BIOE, BLG, BLGE, CEV, CEVE, CHZ, DEN, ECNE, EHB, EHBE, ELK, ELKE, END, ENDE, ENTE, EUTE, FIZ, GEM, GEO, GEOE, GID, ICM, IML, INS, INSE, ISL, ISLE, JEF, JEO, KIM, KMM, KOM, KOME, MAD, MAK, MAT, MET, METE, MIM, MIME, MTO, PEME, PETE, SBP, SBPE, TEKE, UCK, UZBE, YZVE",,
11608,ING 112A,ING,LS,Basics of Academic Writing,,Özge Seçkin Polat,,Pazartesi,10:30/12:29,,27,27,,"BIO, BIOE, BLG, BLGE, CEV, CEVE, CHZ, DEN, ECNE, EHB, EHBE, ELK, ELKE, END, ENDE, ENTE, EUTE, FIZ, GEM, GEO, GEOE, GID, ICM, IML, INS, INSE, ISL, ISLE, JEF, JEO, KIM, KMM, KOM, KOME, MAD, MAK, MAT, MET, METE, MIM, MIME, MTO, PEME, PETE, SBP, SBPE, TEKE, UCK, UZBE, YZVE",,
11610,ING 112A,ING,LS,Basics of Academic Writing,,Sabiha Bahar Arıcı,,Pazartesi,10:30/12:29,,27,27,,"BIO, BIOE, BLG, BLGE, CEV, CEVE, CHZ, DEN, ECNE, EHB, EHBE, ELK, ELKE, END, ENDE, ENTE, EUTE, FIZ, GEM, GEO, GEOE, GID, ICM, IML, INS, INSE, ISL, ISLE, JEF, JEO, KIM, KMM, KOM, KOME, MAD, MAK, MAT, MET, METE, MIM, MIME, MTO, PEME, PETE, SBP, SBPE, TEKE, UCK, UZBE, YZVE",,
11613,MAT 210,MAT,LS,Mühendislik Matematiği,,Sabire Cömert,"DZB
DZB | ---
---",Salı | Perşembe,08:30/10:29 | 08:30/10:29,,90,62,,"DUI, GMI",,
11614,MAT 210,MAT,LS,Mühendislik Matematiği,,Sabire Cömert,"DZB
DZB | ---
---",Salı | Perşembe,10:30/12:29 | 10:30/12:29,,94,33,,"DUI, GMI",,
11615,ING 112A,ING,LS,Basics of Academic Writing,,--,,Pazartesi,13:30/15:29,,0,0,,"BIO, BIOE, BLG, BLGE, CEV, CEVE, CHZ, DEN, ECNE, EHB, EHBE, ELK, ELKE, END, ENDE, ENTE, EUTE, FIZ, GEM, GEO, GEOE, GID, ICM, IML, INS, INSE, ISL, ISLE, JEF, JEO, KIM, KMM, KOM, KOME, MAD, MAK, MAT, MET, METE, MIM, MIME, MTO, PEME, PETE, SBP, SBPE, TEKE, UCK, UZBE, YZVE",,
11616,ING 112A,ING,LS,Basics of Academic Writing,,Sabiha Bahar Arıcı,,Pazartesi,13:30/15:29,,27,27,,"BIO, BIOE, BLG, BLGE, CEV, CEVE, CHZ, DEN, ECNE, EHB, EHBE, ELK, ELKE, END, ENDE, ENTE, EUTE, FIZ, GEM, GEO, GEOE, GID, ICM, IML, INS, INSE, ISL, ISLE, JEF, JEO, KIM, KMM, KOM, KOME, MAD, MAK, MAT, MET, METE, MIM, MIME, MTO, PEME, PETE, SBP, SBPE, TEKE, UCK, UZBE, YZVE",,
11619,ING 112A,ING,LS,Basics of Academic Writing,,İrem Bocutoğlu,,Pazartesi,13:30/15:29,,27,21,,"BIO, BIOE, BLG, BLGE, CEV, CEVE, CHZ, DEN, ECNE, EHB, EHBE, ELK, ELKE, END, ENDE, ENTE, EUTE, FIZ, GEM, GEO, GEOE, GID, ICM, IML, INS, INSE, ISL, ISLE, JEF, JEO, KIM, KMM, KOM, KOME, MAD, MAK, MAT, MET, METE, MIM, MIME, MTO, PEME, PETE, SBP, SBPE, TEKE, UCK, UZBE, YZVE",,
11620,ING 112A,ING,LS,Basics of Academic Writing,,Damla Aslı Altan,,Pazartesi,13:30/15:29,,27,27,,"BIO, BIOE, BLG, BLGE, CEV, CEVE, CHZ, DEN, ECNE, EHB, EHBE, ELK, ELKE, END, ENDE, ENTE, EUTE, FIZ, GEM, GEO, GEOE, GID, ICM, IML, INS, INSE, ISL, ISLE, JEF, JEO, KIM, KMM, KOM, KOME, MAD, MAK, MAT, MET, METE, MIM, MIME, MTO, PEME, PETE, SBP, SBPE, TEKE, UCK, UZBE, YZVE",,
11623,ING 112A,ING,LS,Basics of Academic Writing,,--,,Salı,08:30/10:29,,0,0,,"BIO, BIOE, BLG, BLGE, CEV, CEVE, CHZ, DEN, ECNE, EHB, EHBE, ELK, ELKE, END, ENDE, ENTE, EUTE, FIZ, GEM, GEO, GEOE, GID, ICM, IML, INS, INSE, ISL, ISLE, JEF, JEO, KIM, KMM, KOM, KOME, MAD, MAK, MAT, MET, METE, MIM, MIME, MTO, PEME, PETE, SBP, SBPE, TEKE, UCK, UZBE, YZVE",,
11624,ING 112A,ING,LS,Basics of Academic Writing,,F. Şehkar F. Kınık,,Salı,08:30/10:29,,27,27,,"BIO, BIOE, BLG, BLGE, CEV, CEVE, CHZ, DEN, ECNE, EHB, EHBE, ELK, ELKE, END, ENDE, ENTE, EUTE, FIZ, GEM, GEO, GEOE, GID, ICM, IML, INS, INSE, ISL, ISLE, JEF, JEO, KIM, KMM, KOM, KOME, MAD, MAK, MAT, MET, METE, MIM, MIME, MTO, PEME, PETE, SBP, SBPE, TEKE, UCK, UZBE, YZVE",,
11625,ING 112A,ING,LS,Basics of Academic Writing,,Canan Şahsenas,,Salı,08:30/10:29,,27,26,,"BIO, BIOE, BLG, BLGE, CEV, CEVE, CHZ, DEN, ECNE, EHB, EHBE, ELK, ELKE, END, ENDE, ENTE, EUTE, FIZ, GEM, GEO, GEOE, GID, ICM, IML, INS, INSE, ISL, ISLE, JEF, JEO, KIM, KMM, KOM, KOME, MAD, MAK, MAT, MET, METE, MIM, MIME, MTO, PEME, PETE, SBP, SBPE, TEKE, UCK, UZBE, YZVE",,
11626,ING 112A,ING,LS,Basics of Academic Writing,,Fulya Kama Özelkan,,Salı,08:30/10:29,,27,27,,"BIO, BIOE, BLG, BLGE, CEV, CEVE, CHZ, DEN, ECNE, EHB, EHBE, ELK, ELKE, END, ENDE, ENTE, EUTE, FIZ, GEM, GEO, GEOE, GID, ICM, IML, INS, INSE, ISL, ISLE, JEF, JEO, KIM, KMM, KOM, KOME, MAD, MAK, MAT, MET, METE, MIM, MIME, MTO, PEME, PETE, SBP, SBPE, TEKE, UCK, UZBE, YZVE",,
11627,ING 112A,ING,LS,Basics of Academic Writing,,Yurdanur Toktaş,,Salı,08:30/10:29,,27,27,,"BIO, BIOE, BLG, BLGE, CEV, CEVE, CHZ, DEN, ECNE, EHB, EHBE, ELK, ELKE, END, ENDE, ENTE, EUTE, FIZ, GEM, GEO, GEOE, GID, ICM, IML, INS, INSE, ISL, ISLE, JEF, JEO, KIM, KMM, KOM, KOME, MAD, MAK, MAT, MET, METE, MIM, MIME, MTO, PEME, PETE, SBP, SBPE, TEKE, UCK, UZBE, YZVE",,
11629,ING 112A,ING,LS,Basics of Academic Writing,,Özge Seçkin Polat,,Salı,08:30/10:29,,27,26,,"BIO, BIOE, BLG, BLGE, CEV, CEVE, CHZ, DEN, ECNE, EHB, EHBE, ELK, ELKE, END, ENDE, ENTE, EUTE, FIZ, GEM, GEO, GEOE, GID, ICM, IML, INS, INSE, ISL, ISLE, JEF, JEO, KIM, KMM, KOM, KOME, MAD, MAK, MAT, MET, METE, MIM, MIME, MTO, PEME, PETE, SBP, SBPE, TEKE, UCK, UZBE, YZVE",,
11630,TUR 121,TUR,LS,Türk Dili I,,Muhsin Kadıoğlu,DZB,Çarşamba,10:30/12:29,---,80,11,,"DUI, DUIE, GMI, GMIE",,
11631,ING 112A,ING,LS,Basics of Academic Writing,,Hacer Şivil,,Salı,08:30/10:29,,27,16,,"BIO, BIOE, BLG, BLGE, CEV, CEVE, CHZ, DEN, ECNE, EHB, EHBE, ELK, ELKE, END, ENDE, ENTE, EUTE, FIZ, GEM, GEO, GEOE, GID, ICM, IML, INS, INSE, ISL, ISLE, JEF, JEO, KIM, KMM, KOM, KOME, MAD, MAK, MAT, MET, METE, MIM, MIME, MTO, PEME, PETE, SBP, SBPE, TEKE, UCK, UZBE, YZVE",,
11632,ING 112A,ING,LS,Basics of Academic Writing,,Fatma Betül Akpınar,,Salı,08:30/10:29,,27,27,,"BIO, BIOE, BLG, BLGE, CEV, CEVE, CHZ, DEN, ECNE, EHB, EHBE, ELK, ELKE, END, ENDE, ENTE, EUTE, FIZ, GEM, GEO, GEOE, GID, ICM, IML, INS, INSE, ISL, ISLE, JEF, JEO, KIM, KMM, KOM, KOME, MAD, MAK, MAT, MET, METE, MIM, MIME, MTO, PEME, PETE, SBP, SBPE, TEKE, UCK, UZBE, YZVE",,
11634,TUR 121,TUR,LS,Türk Dili I,,Muhsin Kadıoğlu,DZB,Çarşamba,13:30/15:29,---,80,48,,"DUI, DUIE, GMI, GMIE",,
11636,ING 112A,ING,LS,Basics of Academic Writing,,Hande Yalınateş,,Salı,08:30/10:29,,27,27,,"BIO, BIOE, BLG, BLGE, CEV, CEVE, CHZ, DEN, ECNE, EHB, EHBE, ELK, ELKE, END, ENDE, ENTE, EUTE, FIZ, GEM, GEO, GEOE, GID, ICM, IML, INS, INSE, ISL, ISLE, JEF, JEO, KIM, KMM, KOM, KOME, MAD, MAK, MAT, MET, METE, MIM, MIME, MTO, PEME, PETE, SBP, SBPE, TEKE, UCK, UZBE, YZVE",,
11638,TUR 121,TUR,LS,Türk Dili I,,Sinan Çakır,DZB,Çarşamba,08:30/10:29,---,80,12,,"DUI, DUIE, GMI, GMIE",,
11639,TUR 121,TUR,LS,Türk Dili I,,Sinan Çakır,DZB,Salı,08:30/10:29,---,80,70,,"DUI, DUIE, GMI, GMIE",,
11640,TUR 121,TUR,LS,Türk Dili I,,--,DZB,Çarşamba,08:30/10:29,---,0,0,,"DUI, DUIE, GMI, GMIE",,
11641,TUR 122,TUR,LS,Türk Dili II,,Muhsin Kadıoğlu,DZB,Perşembe,13:30/15:29,---,85,18,,"DUI, DUIE, GMI, GMIE",,
11642,ING 112A,ING,LS,Basics of Academic Writing,,--,,Salı,10:30/12:29,,0,0,,"BIO, BIOE, BLG, BLGE, CEV, CEVE, CHZ, DEN, ECNE, EHB, EHBE, ELK, ELKE, END, ENDE, ENTE, EUTE, FIZ, GEM, GEO, GEOE, GID, ICM, IML, INS, INSE, ISL, ISLE, JEF, JEO, KIM, KMM, KOM, KOME, MAD, MAK, MAT, MET, METE, MIM, MIME, MTO, PEME, PETE, SBP, SBPE, TEKE, UCK, UZBE, YZVE",,
11643,ING 112A,ING,LS,Basics of Academic Writing,,F. Şehkar F. Kınık,,Salı,10:30/12:29,,27,13,,"BIO, BIOE, BLG, BLGE, CEV, CEVE, CHZ, DEN, ECNE, EHB, EHBE, ELK, ELKE, END, ENDE, ENTE, EUTE, FIZ, GEM, GEO, GEOE, GID, ICM, IML, INS, INSE, ISL, ISLE, JEF, JEO, KIM, KMM, KOM, KOME, MAD, MAK, MAT, MET, METE, MIM, MIME, MTO, PEME, PETE, SBP, SBPE, TEKE, UCK, UZBE, YZVE",,
11644,TUR 122,TUR,LS,Türk Dili II,,Sinan Çakır,DZB,Çarşamba,13:30/15:29,---,85,57,,"DUI, DUIE, GMI, GMIE",,
11645,ING 112A,ING,LS,Basics of Academic Writing,,Canan Şahsenas,,Salı,10:30/12:29,,27,24,,"BIO, BIOE, BLG, BLGE, CEV, CEVE, CHZ, DEN, ECNE, EHB, EHBE, ELK, ELKE, END, ENDE, ENTE, EUTE, FIZ, GEM, GEO, GEOE, GID, ICM, IML, INS, INSE, ISL, ISLE, JEF, JEO, KIM, KMM, KOM, KOME, MAD, MAK, MAT, MET, METE, MIM, MIME, MTO, PEME, PETE, SBP, SBPE, TEKE, UCK, UZBE, YZVE",,
11646,ING 112A,ING,LS,Basics of Academic Writing,,Fulya Kama Özelkan,,Salı,10:30/12:29,,27,27,,"BIO, BIOE, BLG, BLGE, CEV, CEVE, CHZ, DEN, ECNE, EHB, EHBE, ELK, ELKE, END, ENDE, ENTE, EUTE, FIZ, GEM, GEO, GEOE, GID, ICM, IML, INS, INSE, ISL, ISLE, JEF, JEO, KIM, KMM, KOM, KOME, MAD, MAK, MAT, MET, METE, MIM, MIME, MTO, PEME, PETE, SBP, SBPE, TEKE, UCK, UZBE, YZVE",,
11647,TUR 122,TUR,LS,Türk Dili II,,Sinan Çakır,DZB,Pazartesi,13:30/15:29,---,85,32,,"DUI, DUIE, GMI, GMIE",,
11648,ING 112A,ING,LS,Basics of Academic Writing,,Yurdanur Toktaş,,Salı,10:30/12:29,,28,22,,"ARC, CEN, EEE, EFN, IAD, IND, MEN, MMD, MTM, NAE",,
11650,ING 112A,ING,LS,Basics of Academic Writing,,Özge Seçkin Polat,,Salı,10:30/12:29,,27,22,,"BIO, BIOE, BLG, BLGE, CEV, CEVE, CHZ, DEN, ECNE, EHB, EHBE, ELK, ELKE, END, ENDE, ENTE, EUTE, FIZ, GEM, GEO, GEOE, GID, ICM, IML, INS, INSE, ISL, ISLE, JEF, JEO, KIM, KMM, KOM, KOME, MAD, MAK, MAT, MET, METE, MIM, MIME, MTO, PEME, PETE, SBP, SBPE, TEKE, UCK, UZBE, YZVE",,
11652,ING 112A,ING,LS,Basics of Academic Writing,,Sabiha Bahar Arıcı,,Salı,10:30/12:29,,27,17,,"BIO, BIOE, BLG, BLGE, CEV, CEVE, CHZ, DEN, ECNE, EHB, EHBE, ELK, ELKE, END, ENDE, ENTE, EUTE, FIZ, GEM, GEO, GEOE, GID, ICM, IML, INS, INSE, ISL, ISLE, JEF, JEO, KIM, KMM, KOM, KOME, MAD, MAK, MAT, MET, METE, MIM, MIME, MTO, PEME, PETE, SBP, SBPE, TEKE, UCK, UZBE, YZVE",,
11653,ING 112A,ING,LS,Basics of Academic Writing,,Fatma Betül Akpınar,,Salı,10:30/12:29,,27,27,,"BIO, BIOE, BLG, BLGE, CEV, CEVE, CHZ, DEN, ECNE, EHB, EHBE, ELK, ELKE, END, ENDE, ENTE, EUTE, FIZ, GEM, GEO, GEOE, GID, ICM, IML, INS, INSE, ISL, ISLE, JEF, JEO, KIM, KMM, KOM, KOME, MAD, MAK, MAT, MET, METE, MIM, MIME, MTO, PEME, PETE, SBP, SBPE, TEKE, UCK, UZBE, YZVE",,
11658,ING 112A,ING,LS,Basics of Academic Writing,,--,,Salı,13:30/15:29,,0,0,,"BIO, BIOE, BLG, BLGE, CEV, CEVE, CHZ, DEN, ECNE, EHB, EHBE, ELK, ELKE, END, ENDE, ENTE, EUTE, FIZ, GEM, GEO, GEOE, GID, ICM, IML, INS, INSE, ISL, ISLE, JEF, JEO, KIM, KMM, KOM, KOME, MAD, MAK, MAT, MET, METE, MIM, MIME, MTO, PEME, PETE, SBP, SBPE, TEKE, UCK, UZBE, YZVE",,
11659,ING 112A,ING,LS,Basics of Academic Writing,,Fulya Kama Özelkan,,Salı,13:30/15:29,,28,28,,"BIO, BIOE, BLG, BLGE, CEV, CEVE, CHZ, DEN, ECNE, EHB, EHBE, ELK, ELKE, END, ENDE, ENTE, EUTE, FIZ, GEM, GEO, GEOE, GID, ICM, IML, INS, INSE, ISL, ISLE, JEF, JEO, KIM, KMM, KOM, KOME, MAD, MAK, MAT, MET, METE, MIM, MIME, MTO, PEME, PETE, SBP, SBPE, TEKE, UCK, UZBE, YZVE",,
11661,ING 112A,ING,LS,Basics of Academic Writing,,Sabiha Bahar Arıcı,,Salı,13:30/15:29,,28,28,,"BIO, BIOE, BLG, BLGE, CEV, CEVE, CHZ, DEN, ECNE, EHB, EHBE, ELK, ELKE, END, ENDE, ENTE, EUTE, FIZ, GEM, GEO, GEOE, GID, ICM, IML, INS, INSE, ISL, ISLE, JEF, JEO, KIM, KMM, KOM, KOME, MAD, MAK, MAT, MET, METE, MIM, MIME, MTO, PEME, PETE, SBP, SBPE, TEKE, UCK, UZBE, YZVE",,
11669,ING 112A,ING,LS,Basics of Academic Writing,,--,,Çarşamba,08:30/10:29,,0,0,,"BIO, BIOE, BLG, BLGE, CEV, CEVE, CHZ, DEN, ECNE, EHB, EHBE, ELK, ELKE, END, ENDE, ENTE, EUTE, FIZ, GEM, GEO, GEOE, GID, ICM, IML, INS, INSE, ISL, ISLE, JEF, JEO, KIM, KMM, KOM, KOME, MAD, MAK, MAT, MET, METE, MIM, MIME, MTO, PEME, PETE, SBP, SBPE, TEKE, UCK, UZBE, YZVE",,
11670,ING 112A,ING,LS,Basics of Academic Writing,,Halime Ceren Göktaş,,Çarşamba,08:30/10:29,,27,27,,"BIO, BIOE, BLG, BLGE, CEV, CEVE, CHZ, DEN, ECNE, EHB, EHBE, ELK, ELKE, END, ENDE, ENTE, EUTE, FIZ, GEM, GEO, GEOE, GID, ICM, IML, INS, INSE, ISL, ISLE, JEF, JEO, KIM, KMM, KOM, KOME, MAD, MAK, MAT, MET, METE, MIM, MIME, MTO, PEME, PETE, SBP, SBPE, TEKE, UCK, UZBE, YZVE",,
11672,ING 112A,ING,LS,Basics of Academic Writing,,Yurdanur Toktaş,,Çarşamba,08:30/10:29,,27,26,,"BIO, BIOE, BLG, BLGE, CEV, CEVE, CHZ, DEN, ECNE, EHB, EHBE, ELK, ELKE, END, ENDE, ENTE, EUTE, FIZ, GEM, GEO, GEOE, GID, ICM, IML, INS, INSE, ISL, ISLE, JEF, JEO, KIM, KMM, KOM, KOME, MAD, MAK, MAT, MET, METE, MIM, MIME, MTO, PEME, PETE, SBP, SBPE, TEKE, UCK, UZBE, YZVE",,
11673,ING 112A,ING,LS,Basics of Academic Writing,,Nilgün Eker,,Çarşamba,08:30/10:29,,27,27,,"BIO, BIOE, BLG, BLGE, CEV, CEVE, CHZ, DEN, ECNE, EHB, EHBE, ELK, ELKE, END, ENDE, ENTE, EUTE, FIZ, GEM, GEO, GEOE, GID, ICM, IML, INS, INSE, ISL, ISLE, JEF, JEO, KIM, KMM, KOM, KOME, MAD, MAK, MAT, MET, METE, MIM, MIME, MTO, PEME, PETE, SBP, SBPE, TEKE, UCK, UZBE, YZVE",,
11676,ING 112A,ING,LS,Basics of Academic Writing,,Sabiha Bahar Arıcı,,Çarşamba,08:30/10:29,,27,23,,"BIO, BIOE, BLG, BLGE, CEV, CEVE, CHZ, DEN, ECNE, EHB, EHBE, ELK, ELKE, END, ENDE, ENTE, EUTE, FIZ, GEM, GEO, GEOE, GID, ICM, IML, INS, INSE, ISL, ISLE, JEF, JEO, KIM, KMM, KOM, KOME, MAD, MAK, MAT, MET, METE, MIM, MIME, MTO, PEME, PETE, SBP, SBPE, TEKE, UCK, UZBE, YZVE",,
11677,ING 112A,ING,LS,Basics of Academic Writing,,Emel Çağlar,,Çarşamba,08:30/10:29,,27,27,,"BIO, BIOE, BLG, BLGE, CEV, CEVE, CHZ, DEN, ECNE, EHB, EHBE, ELK, ELKE, END, ENDE, ENTE, EUTE, FIZ, GEM, GEO, GEOE, GID, ICM, IML, INS, INSE, ISL, ISLE, JEF, JEO, KIM, KMM, KOM, KOME, MAD, MAK, MAT, MET, METE, MIM, MIME, MTO, PEME, PETE, SBP, SBPE, TEKE, UCK, UZBE, YZVE",,
11679,ING 112A,ING,LS,Basics of Academic Writing,,Hacer Şivil,,Çarşamba,08:30/10:29,,27,20,,"BIO, BIOE, BLG, BLGE, CEV, CEVE, CHZ, DEN, ECNE, EHB, EHBE, ELK, ELKE, END, ENDE, ENTE, EUTE, FIZ, GEM, GEO, GEOE, GID, ICM, IML, INS, INSE, ISL, ISLE, JEF, JEO, KIM, KMM, KOM, KOME, MAD, MAK, MAT, MET, METE, MIM, MIME, MTO, PEME, PETE, SBP, SBPE, TEKE, UCK, UZBE, YZVE",,
11680,ING 112A,ING,LS,Basics of Academic Writing,,İmge Şahin Girtten,,Çarşamba,08:30/10:29,,27,27,,"BIO, BIOE, BLG, BLGE, CEV, CEVE, CHZ, DEN, ECNE, EHB, EHBE, ELK, ELKE, END, ENDE, ENTE, EUTE, FIZ, GEM, GEO, GEOE, GID, ICM, IML, INS, INSE, ISL, ISLE, JEF, JEO, KIM, KMM, KOM, KOME, MAD, MAK, MAT, MET, METE, MIM, MIME, MTO, PEME, PETE, SBP, SBPE, TEKE, UCK, UZBE, YZVE",,
11681,ING 112A,ING,LS,Basics of Academic Writing,,--,,Çarşamba,10:30/12:29,,0,0,,"BIO, BIOE, BLG, BLGE, CEV, CEVE, CHZ, DEN, ECNE, EHB, EHBE, ELK, ELKE, END, ENDE, ENTE, EUTE, FIZ, GEM, GEO, GEOE, GID, ICM, IML, INS, INSE, ISL, ISLE, JEF, JEO, KIM, KMM, KOM, KOME, MAD, MAK, MAT, MET, METE, MIM, MIME, MTO, PEME, PETE, SBP, SBPE, TEKE, UCK, UZBE, YZVE",,
11683,ING 112A,ING,LS,Basics of Academic Writing,,Halime Ceren Göktaş,,Çarşamba,10:30/12:29,,28,22,,"ARC, CEN, EEE, EFN, IAD, IND, MEN, MMD, MTM, NAE",,
11684,ING 112A,ING,LS,Basics of Academic Writing,,Canan Şahsenas,,Çarşamba,10:30/12:29,,27,22,,"BIO, BIOE, BLG, BLGE, CEV, CEVE, CHZ, DEN, ECNE, EHB, EHBE, ELK, ELKE, END, ENDE, ENTE, EUTE, FIZ, GEM, GEO, GEOE, GID, ICM, IML, INS, INSE, ISL, ISLE, JEF, JEO, KIM, KMM, KOM, KOME, MAD, MAK, MAT, MET, METE, MIM, MIME, MTO, PEME, PETE, SBP, SBPE, TEKE, UCK, UZBE, YZVE",,
11685,ING 112A,ING,LS,Basics of Academic Writing,,Yurdanur Toktaş,,Çarşamba,10:30/12:29,,27,26,,"BIO, BIOE, BLG, BLGE, CEV, CEVE, CHZ, DEN, ECNE, EHB, EHBE, ELK, ELKE, END, ENDE, ENTE, EUTE, FIZ, GEM, GEO, GEOE, GID, ICM, IML, INS, INSE, ISL, ISLE, JEF, JEO, KIM, KMM, KOM, KOME, MAD, MAK, MAT, MET, METE, MIM, MIME, MTO, PEME, PETE, SBP, SBPE, TEKE, UCK, UZBE, YZVE",,
11687,ING 112A,ING,LS,Basics of Academic Writing,,Nilgün Eker,,Çarşamba,10:30/12:29,,27,26,,"BIO, BIOE, BLG, BLGE, CEV, CEVE, CHZ, DEN, ECNE, EHB, EHBE, ELK, ELKE, END, ENDE, ENTE, EUTE, FIZ, GEM, GEO, GEOE, GID, ICM, IML, INS, INSE, ISL, ISLE, JEF, JEO, KIM, KMM, KOM, KOME, MAD, MAK, MAT, MET, METE, MIM, MIME, MTO, PEME, PETE, SBP, SBPE, TEKE, UCK, UZBE, YZVE",,
11690,ING 112A,ING,LS,Basics of Academic Writing,,Sabiha Bahar Arıcı,,Çarşamba,10:30/12:29,,27,23,,"BIO, BIOE, BLG, BLGE, CEV, CEVE, CHZ, DEN, ECNE, EHB, EHBE, ELK, ELKE, END, ENDE, ENTE, EUTE, FIZ, GEM, GEO, GEOE, GID, ICM, IML, INS, INSE, ISL, ISLE, JEF, JEO, KIM, KMM, KOM, KOME, MAD, MAK, MAT, MET, METE, MIM, MIME, MTO, PEME, PETE, SBP, SBPE, TEKE, UCK, UZBE, YZVE",,
11691,ING 112A,ING,LS,Basics of Academic Writing,,Emel Çağlar,,Çarşamba,10:30/12:29,,27,27,,"BIO, BIOE, BLG, BLGE, CEV, CEVE, CHZ, DEN, ECNE, EHB, EHBE, ELK, ELKE, END, ENDE, ENTE, EUTE, FIZ, GEM, GEO, GEOE, GID, ICM, IML, INS, INSE, ISL, ISLE, JEF, JEO, KIM, KMM, KOM, KOME, MAD, MAK, MAT, MET, METE, MIM, MIME, MTO, PEME, PETE, SBP, SBPE, TEKE, UCK, UZBE, YZVE",,
11692,ING 112A,ING,LS,Basics of Academic Writing,,İmge Şahin Girtten,,Çarşamba,10:30/12:29,,27,24,,"BIO, BIOE, BLG, BLGE, CEV, CEVE, CHZ, DEN, ECNE, EHB, EHBE, ELK, ELKE, END, ENDE, ENTE, EUTE, FIZ, GEM, GEO, GEOE, GID, ICM, IML, INS, INSE, ISL, ISLE, JEF, JEO, KIM, KMM, KOM, KOME, MAD, MAK, MAT, MET, METE, MIM, MIME, MTO, PEME, PETE, SBP, SBPE, TEKE, UCK, UZBE, YZVE",,
11693,ING 112A,ING,LS,Basics of Academic Writing,,--,,Perşembe,08:30/10:29,,0,0,,"BIO, BIOE, BLG, BLGE, CEV, CEVE, CHZ, DEN, ECNE, EHB, EHBE, ELK, ELKE, END, ENDE, ENTE, EUTE, FIZ, GEM, GEO, GEOE, GID, ICM, IML, INS, INSE, ISL, ISLE, JEF, JEO, KIM, KMM, KOM, KOME, MAD, MAK, MAT, MET, METE, MIM, MIME, MTO, PEME, PETE, SBP, SBPE, TEKE, UCK, UZBE, YZVE",,
11694,ING 112A,ING,LS,Basics of Academic Writing,,F. Şehkar F. Kınık,,Perşembe,08:30/10:29,,27,27,,"BIO, BIOE, BLG, BLGE, CEV, CEVE, CHZ, DEN, ECNE, EHB, EHBE, ELK, ELKE, END, ENDE, ENTE, EUTE, FIZ, GEM, GEO, GEOE, GID, ICM, IML, INS, INSE, ISL, ISLE, JEF, JEO, KIM, KMM, KOM, KOME, MAD, MAK, MAT, MET, METE, MIM, MIME, MTO, PEME, PETE, SBP, SBPE, TEKE, UCK, UZBE, YZVE",,
11696,ING 112A,ING,LS,Basics of Academic Writing,,Halime Ceren Göktaş,,Perşembe,08:30/10:29,,27,14,,"BIO, BIOE, BLG, BLGE, CEV, CEVE, CHZ, DEN, ECNE, EHB, EHBE, ELK, ELKE, END, ENDE, ENTE, EUTE, FIZ, GEM, GEO, GEOE, GID, ICM, IML, INS, INSE, ISL, ISLE, JEF, JEO, KIM, KMM, KOM, KOME, MAD, MAK, MAT, MET, METE, MIM, MIME, MTO, PEME, PETE, SBP, SBPE, TEKE, UCK, UZBE, YZVE",,
11697,ING 112A,ING,LS,Basics of Academic Writing,,Fulya Kama Özelkan,,Perşembe,08:30/10:29,,27,27,,"BIO, BIOE, BLG, BLGE, CEV, CEVE, CHZ, DEN, ECNE, EHB, EHBE, ELK, ELKE, END, ENDE, ENTE, EUTE, FIZ, GEM, GEO, GEOE, GID, ICM, IML, INS, INSE, ISL, ISLE, JEF, JEO, KIM, KMM, KOM, KOME, MAD, MAK, MAT, MET, METE, MIM, MIME, MTO, PEME, PETE, SBP, SBPE, TEKE, UCK, UZBE, YZVE",,
11698,ING 112A,ING,LS,Basics of Academic Writing,,Yurdanur Toktaş,,Perşembe,08:30/10:29,,27,27,,"BIO, BIOE, BLG, BLGE, CEV, CEVE, CHZ, DEN, ECNE, EHB, EHBE, ELK, ELKE, END, ENDE, ENTE, EUTE, FIZ, GEM, GEO, GEOE, GID, ICM, IML, INS, INSE, ISL, ISLE, JEF, JEO, KIM, KMM, KOM, KOME, MAD, MAK, MAT, MET, METE, MIM, MIME, MTO, PEME, PETE, SBP, SBPE, TEKE, UCK, UZBE, YZVE",,
11699,ING 112A,ING,LS,Basics of Academic Writing,,Yasemin Yılmaz Yüksek,,Perşembe,08:30/10:29,,27,26,,"BIO, BIOE, BLG, BLGE, CEV, CEVE, CHZ, DEN, ECNE, EHB, EHBE, ELK, ELKE, END, ENDE, ENTE, EUTE, FIZ, GEM, GEO, GEOE, GID, ICM, IML, INS, INSE, ISL, ISLE, JEF, JEO, KIM, KMM, KOM, KOME, MAD, MAK, MAT, MET, METE, MIM, MIME, MTO, PEME, PETE, SBP, SBPE, TEKE, UCK, UZBE, YZVE",,
11700,ING 112A,ING,LS,Basics of Academic Writing,,Özge Seçkin Polat,,Perşembe,08:30/10:29,,27,25,,"BIO, BIOE, BLG, BLGE, CEV, CEVE, CHZ, DEN, ECNE, EHB, EHBE, ELK, ELKE, END, ENDE, ENTE, EUTE, FIZ, GEM, GEO, GEOE, GID, ICM, IML, INS, INSE, ISL, ISLE, JEF, JEO, KIM, KMM, KOM, KOME, MAD, MAK, MAT, MET, METE, MIM, MIME, MTO, PEME, PETE, SBP, SBPE, TEKE, UCK, UZBE, YZVE",,
11701,ING 112A,ING,LS,Basics of Academic Writing,,Müjgan Özenir,,Perşembe,08:30/10:29,,27,12,,"BIO, BIOE, BLG, BLGE, CEV, CEVE, CHZ, DEN, ECNE, EHB, EHBE, ELK, ELKE, END, ENDE, ENTE, EUTE, FIZ, GEM, GEO, GEOE, GID, ICM, IML, INS, INSE, ISL, ISLE, JEF, JEO, KIM, KMM, KOM, KOME, MAD, MAK, MAT, MET, METE, MIM, MIME, MTO, PEME, PETE, SBP, SBPE, TEKE, UCK, UZBE, YZVE",,
11702,ING 112A,ING,LS,Basics of Academic Writing,,Zarife Zeliş Çoban,,Perşembe,08:30/10:29,,27,27,,"BIO, BIOE, BLG, BLGE, CEV, CEVE, CHZ, DEN, ECNE, EHB, EHBE, ELK, ELKE, END, ENDE, ENTE, EUTE, FIZ, GEM, GEO, GEOE, GID, ICM, IML, INS, INSE, ISL, ISLE, JEF, JEO, KIM, KMM, KOM, KOME, MAD, MAK, MAT, MET, METE, MIM, MIME, MTO, PEME, PETE, SBP, SBPE, TEKE, UCK, UZBE, YZVE",,
11703,ING 112A,ING,LS,Basics of Academic Writing,,Emel Çağlar,,Perşembe,08:30/10:29,,27,27,,"BIO, BIOE, BLG, BLGE, CEV, CEVE, CHZ, DEN, ECNE, EHB, EHBE, ELK, ELKE, END, ENDE, ENTE, EUTE, FIZ, GEM, GEO, GEOE, GID, ICM, IML, INS, INSE, ISL, ISLE, JEF, JEO, KIM, KMM, KOM, KOME, MAD, MAK, MAT, MET, METE, MIM, MIME, MTO, PEME, PETE, SBP, SBPE, TEKE, UCK, UZBE, YZVE",,
11714,ING 112A,ING,LS,Basics of Academic Writing,,--,,Perşembe,10:30/12:29,,0,0,,"BIO, BIOE, BLG, BLGE, CEV, CEVE, CHZ, DEN, ECNE, EHB, EHBE, ELK, ELKE, END, ENDE, ENTE, EUTE, FIZ, GEM, GEO, GEOE, GID, ICM, IML, INS, INSE, ISL, ISLE, JEF, JEO, KIM, KMM, KOM, KOME, MAD, MAK, MAT, MET, METE, MIM, MIME, MTO, PEME, PETE, SBP, SBPE, TEKE, UCK, UZBE, YZVE",,
11715,ING 112A,ING,LS,Basics of Academic Writing,,F. Şehkar F. Kınık,,Perşembe,10:30/12:29,,27,27,,"BIO, BIOE, BLG, BLGE, CEV, CEVE, CHZ, DEN, ECNE, EHB, EHBE, ELK, ELKE, END, ENDE, ENTE, EUTE, FIZ, GEM, GEO, GEOE, GID, ICM, IML, INS, INSE, ISL, ISLE, JEF, JEO, KIM, KMM, KOM, KOME, MAD, MAK, MAT, MET, METE, MIM, MIME, MTO, PEME, PETE, SBP, SBPE, TEKE, UCK, UZBE, YZVE",,
11717,MTO 101,MTO,LS,Meteoroloji Müh. Giriş ve Etik,,Ahmet Duran Şahin,UUB,Perşembe,15:30/16:29,D-Z08,90,88,,MTO,,
11718,ING 112A,ING,LS,Basics of Academic Writing,,Halime Ceren Göktaş,,Perşembe,10:30/12:29,,27,26,,"BIO, BIOE, BLG, BLGE, CEV, CEVE, CHZ, DEN, ECNE, EHB, EHBE, ELK, ELKE, END, ENDE, ENTE, EUTE, FIZ, GEM, GEO, GEOE, GID, ICM, IML, INS, INSE, ISL, ISLE, JEF, JEO, KIM, KMM, KOM, KOME, MAD, MAK, MAT, MET, METE, MIM, MIME, MTO, PEME, PETE, SBP, SBPE, TEKE, UCK, UZBE, YZVE",,
11719,ING 112A,ING,LS,Basics of Academic Writing,,Yurdanur Toktaş,,Perşembe,10:30/12:29,,27,27,,"BIO, BIOE, BLG, BLGE, CEV, CEVE, CHZ, DEN, ECNE, EHB, EHBE, ELK, ELKE, END, ENDE, ENTE, EUTE, FIZ, GEM, GEO, GEOE, GID, ICM, IML, INS, INSE, ISL, ISLE, JEF, JEO, KIM, KMM, KOM, KOME, MAD, MAK, MAT, MET, METE, MIM, MIME, MTO, PEME, PETE, SBP, SBPE, TEKE, UCK, UZBE, YZVE",,
11720,ING 112A,ING,LS,Basics of Academic Writing,,Yasemin Yılmaz Yüksek,,Perşembe,10:30/12:29,,27,27,,"BIO, BIOE, BLG, BLGE, CEV, CEVE, CHZ, DEN, ECNE, EHB, EHBE, ELK, ELKE, END, ENDE, ENTE, EUTE, FIZ, GEM, GEO, GEOE, GID, ICM, IML, INS, INSE, ISL, ISLE, JEF, JEO, KIM, KMM, KOM, KOME, MAD, MAK, MAT, MET, METE, MIM, MIME, MTO, PEME, PETE, SBP, SBPE, TEKE, UCK, UZBE, YZVE",,
11721,MTO 111E,MTO,LS,Intr. to Atmospheric Sciences,,Mikdat Kadıoğlu,UUB,Pazartesi,14:30/17:29,D-Z08,95,94,,"MTO, MTOE",,
11722,ING 112A,ING,LS,Basics of Academic Writing,,Özge Seçkin Polat,,Perşembe,10:30/12:29,,27,27,,"BIO, BIOE, BLG, BLGE, CEV, CEVE, CHZ, DEN, ECNE, EHB, EHBE, ELK, ELKE, END, ENDE, ENTE, EUTE, FIZ, GEM, GEO, GEOE, GID, ICM, IML, INS, INSE, ISL, ISLE, JEF, JEO, KIM, KMM, KOM, KOME, MAD, MAK, MAT, MET, METE, MIM, MIME, MTO, PEME, PETE, SBP, SBPE, TEKE, UCK, UZBE, YZVE",,
11723,ING 112A,ING,LS,Basics of Academic Writing,,Müjgan Özenir,,Perşembe,10:30/12:29,,27,23,,"BIO, BIOE, BLG, BLGE, CEV, CEVE, CHZ, DEN, ECNE, EHB, EHBE, ELK, ELKE, END, ENDE, ENTE, EUTE, FIZ, GEM, GEO, GEOE, GID, ICM, IML, INS, INSE, ISL, ISLE, JEF, JEO, KIM, KMM, KOM, KOME, MAD, MAK, MAT, MET, METE, MIM, MIME, MTO, PEME, PETE, SBP, SBPE, TEKE, UCK, UZBE, YZVE",,
11724,ING 112A,ING,LS,Basics of Academic Writing,,Emel Çağlar,,Perşembe,10:30/12:29,,27,27,,"BIO, BIOE, BLG, BLGE, CEV, CEVE, CHZ, DEN, ECNE, EHB, EHBE, ELK, ELKE, END, ENDE, ENTE, EUTE, FIZ, GEM, GEO, GEOE, GID, ICM, IML, INS, INSE, ISL, ISLE, JEF, JEO, KIM, KMM, KOM, KOME, MAD, MAK, MAT, MET, METE, MIM, MIME, MTO, PEME, PETE, SBP, SBPE, TEKE, UCK, UZBE, YZVE",,
11726,MAT 271,MAT,LS,Olasılık ve İstatistik,,Filiz Türk Katırcıoğlu,UUB,Perşembe,11:30/14:29,D-Z08,55,69,,"BIO, BLG, EHB, ELE, ELH, EUT, FIZ, GEM, GEO, GID, IML, IMLM, INS, JDF, JEO, KMM, MATM, MET, MTO, PET, TEL, UCK, UZB",,
11730,ING 112A,ING,LS,Basics of Academic Writing,,--,,Perşembe,13:30/15:29,,0,0,,"BIO, BIOE, BLG, BLGE, CEV, CEVE, CHZ, DEN, ECNE, EHB, EHBE, ELK, ELKE, END, ENDE, ENTE, EUTE, FIZ, GEM, GEO, GEOE, GID, ICM, IML, INS, INSE, ISL, ISLE, JEF, JEO, KIM, KMM, KOM, KOME, MAD, MAK, MAT, MET, METE, MIM, MIME, MTO, PEME, PETE, SBP, SBPE, TEKE, UCK, UZBE, YZVE",,
11733,ING 112A,ING,LS,Basics of Academic Writing,,Hande Yalınateş,,Perşembe,13:30/15:29,,27,26,,"BIO, BIOE, BLG, BLGE, CEV, CEVE, CHZ, DEN, ECNE, EHB, EHBE, ELK, ELKE, END, ENDE, ENTE, EUTE, FIZ, GEM, GEO, GEOE, GID, ICM, IML, INS, INSE, ISL, ISLE, JEF, JEO, KIM, KMM, KOM, KOME, MAD, MAK, MAT, MET, METE, MIM, MIME, MTO, PEME, PETE, SBP, SBPE, TEKE, UCK, UZBE, YZVE",,
11734,BIL 112E,BIL,LS,Intr.to Prog.Language(FORTRAN),,Ahmet Öztopal,UUB,Çarşamba,11:30/14:29,BIL1,65,24,,"MTO, MTOE, UCK, UCKE",,
11735,ING 112A,ING,LS,Basics of Academic Writing,,Damla Aslı Altan,,Perşembe,13:30/15:29,,27,27,,"BIO, BIOE, BLG, BLGE, CEV, CEVE, CHZ, DEN, ECNE, EHB, EHBE, ELK, ELKE, END, ENDE, ENTE, EUTE, FIZ, GEM, GEO, GEOE, GID, ICM, IML, INS, INSE, ISL, ISLE, JEF, JEO, KIM, KMM, KOM, KOME, MAD, MAK, MAT, MET, METE, MIM, MIME, MTO, PEME, PETE, SBP, SBPE, TEKE, UCK, UZBE, YZVE",,
11736,ING 112A,ING,LS,Basics of Academic Writing,,Müjgan Özenir,,Perşembe,13:30/15:29,,27,22,,"BIO, BIOE, BLG, BLGE, CEV, CEVE, CHZ, DEN, ECNE, EHB, EHBE, ELK, ELKE, END, ENDE, ENTE, EUTE, FIZ, GEM, GEO, GEOE, GID, ICM, IML, INS, INSE, ISL, ISLE, JEF, JEO, KIM, KMM, KOM, KOME, MAD, MAK, MAT, MET, METE, MIM, MIME, MTO, PEME, PETE, SBP, SBPE, TEKE, UCK, UZBE, YZVE",,
11737,ING 112A,ING,LS,Basics of Academic Writing,,İrem Bocutoğlu,,Perşembe,13:30/15:29,,27,20,,"BIO, BIOE, BLG, BLGE, CEV, CEVE, CHZ, DEN, ECNE, EHB, EHBE, ELK, ELKE, END, ENDE, ENTE, EUTE, FIZ, GEM, GEO, GEOE, GID, ICM, IML, INS, INSE, ISL, ISLE, JEF, JEO, KIM, KMM, KOM, KOME, MAD, MAK, MAT, MET, METE, MIM, MIME, MTO, PEME, PETE, SBP, SBPE, TEKE, UCK, UZBE, YZVE",,
11738,MTO 301,MTO,LS,Meteo.Uzaktan Algılamanın Tem.,,Ahmet Öztopal,UUB,Cuma,09:30/11:29,D209,90,89,,MTO,,
11741,ING 112A,ING,LS,Basics of Academic Writing,,--,,Cuma,08:30/10:29,,0,0,,"BIO, BIOE, BLG, BLGE, CEV, CEVE, CHZ, DEN, ECNE, EHB, EHBE, ELK, ELKE, END, ENDE, ENTE, EUTE, FIZ, GEM, GEO, GEOE, GID, ICM, IML, INS, INSE, ISL, ISLE, JEF, JEO, KIM, KMM, KOM, KOME, MAD, MAK, MAT, MET, METE, MIM, MIME, MTO, PEME, PETE, SBP, SBPE, TEKE, UCK, UZBE, YZVE",,
11742,MTO 323,MTO,LS,Atmosfer Kimyası,,Ceyhan Kahya,UUB,Perşembe,11:30/14:29,D214,15,15,,MTO,,
11743,ING 112A,ING,LS,Basics of Academic Writing,,Özlem Kurnaz,,Cuma,08:30/10:29,,27,27,,"BIO, BIOE, BLG, BLGE, CEV, CEVE, CHZ, DEN, ECNE, EHB, EHBE, ELK, ELKE, END, ENDE, ENTE, EUTE, FIZ, GEM, GEO, GEOE, GID, ICM, IML, INS, INSE, ISL, ISLE, JEF, JEO, KIM, KMM, KOM, KOME, MAD, MAK, MAT, MET, METE, MIM, MIME, MTO, PEME, PETE, SBP, SBPE, TEKE, UCK, UZBE, YZVE",,
11744,ING 112A,ING,LS,Basics of Academic Writing,,Zarife Zeliş Çoban,,Cuma,08:30/10:29,,27,25,,"BIO, BIOE, BLG, BLGE, CEV, CEVE, CHZ, DEN, ECNE, EHB, EHBE, ELK, ELKE, END, ENDE, ENTE, EUTE, FIZ, GEM, GEO, GEOE, GID, ICM, IML, INS, INSE, ISL, ISLE, JEF, JEO, KIM, KMM, KOM, KOME, MAD, MAK, MAT, MET, METE, MIM, MIME, MTO, PEME, PETE, SBP, SBPE, TEKE, UCK, UZBE, YZVE",,
11747,MTO 344E,MTO,LS,Wheather Analy. &Prediction I,,Mikdat Kadıoğlu,"UUB
UUB | D111
D111",Pazartesi | Salı,11:30/13:29 | 08:30/11:29,,40,38,,"MTO, MTOE",,
11748,ING 112A,ING,LS,Basics of Academic Writing,,Damla Aslı Altan,,Cuma,08:30/10:29,,27,24,,"BIO, BIOE, BLG, BLGE, CEV, CEVE, CHZ, DEN, ECNE, EHB, EHBE, ELK, ELKE, END, ENDE, ENTE, EUTE, FIZ, GEM, GEO, GEOE, GID, ICM, IML, INS, INSE, ISL, ISLE, JEF, JEO, KIM, KMM, KOM, KOME, MAD, MAK, MAT, MET, METE, MIM, MIME, MTO, PEME, PETE, SBP, SBPE, TEKE, UCK, UZBE, YZVE",,
11751,MTO 445,MTO,LS,Hava Analizi ve Öngörü II,,Şükran Sibel Menteş,"UUB
UUB | D215
D215",Pazartesi | Salı,11:30/14:29 | 08:30/10:29,,40,18,,"MTO, MTOM",,
11753,ING 112A,ING,LS,Basics of Academic Writing,,Özlem Kurnaz,,Cuma,10:30/12:29,,28,28,,"BIO, BIOE, BLG, BLGE, CEV, CEVE, CHZ, DEN, ECNE, EHB, EHBE, ELK, ELKE, END, ENDE, ENTE, EUTE, FIZ, GEM, GEO, GEOE, GID, ICM, IML, INS, INSE, ISL, ISLE, JEF, JEO, KIM, KMM, KOM, KOME, MAD, MAK, MAT, MET, METE, MIM, MIME, MTO, PEME, PETE, SBP, SBPE, TEKE, UCK, UZBE, YZVE",,
11754,MTO 350E,MTO,LS,Air Pollution Fundamentals,,Ceyhan Kahya,UUB,Pazartesi,11:30/14:29,D210,20,38,,MTO,,
11758,MTO 337,MTO,LS,Atmosfer Dinamiği I,,"Ali Deniz, Emrah Tuncay Özdemir","UUB
UUB | D-Z09
D-Z09",Salı | Perşembe,11:30/13:29 | 12:30/14:29,,35,35,,"MTO, MTOM",,
11761,ING 112A,ING,LS,Basics of Academic Writing,,--,,Cuma,14:00/15:59,,0,0,,"BIO, BIOE, BLG, BLGE, CEV, CEVE, CHZ, DEN, ECNE, EHB, EHBE, ELK, ELKE, END, ENDE, ENTE, EUTE, FIZ, GEM, GEO, GEOE, GID, ICM, IML, INS, INSE, ISL, ISLE, JEF, JEO, KIM, KMM, KOM, KOME, MAD, MAK, MAT, MET, METE, MIM, MIME, MTO, PEME, PETE, SBP, SBPE, TEKE, UCK, UZBE, YZVE",,
11762,ING 112A,ING,LS,Basics of Academic Writing,,Damla Aslı Altan,,Cuma,14:00/15:59,,28,27,,"BIO, BIOE, BLG, BLGE, CEV, CEVE, CHZ, DEN, ECNE, EHB, EHBE, ELK, ELKE, END, ENDE, ENTE, EUTE, FIZ, GEM, GEO, GEOE, GID, ICM, IML, INS, INSE, ISL, ISLE, JEF, JEO, KIM, KMM, KOM, KOME, MAD, MAK, MAT, MET, METE, MIM, MIME, MTO, PEME, PETE, SBP, SBPE, TEKE, UCK, UZBE, YZVE",,
11763,ING 112A,ING,LS,Basics of Academic Writing,,Özlem Ayar Gemalmaz,,Cuma,14:00/15:59,,28,28,,"BIO, BIOE, BLG, BLGE, CEV, CEVE, CHZ, DEN, ECNE, EHB, EHBE, ELK, ELKE, END, ENDE, ENTE, EUTE, FIZ, GEM, GEO, GEOE, GID, ICM, IML, INS, INSE, ISL, ISLE, JEF, JEO, KIM, KMM, KOM, KOME, MAD, MAK, MAT, MET, METE, MIM, MIME, MTO, PEME, PETE, SBP, SBPE, TEKE, UCK, UZBE, YZVE",,
11767,ING 201A,ING,LS,Essentials of Res.Paper Writ.,,--,,Pazartesi,08:30/10:29,,0,0,,"BIO, BIOE, BLG, BLGE, CEV, CEVE, CHZ, CHZE, DEN, DENE, ECNE, EHB, EHBE, EHN, ELE, ELH, ELK, ELKE, END, ENDE, ENTE, EUT, EUTE, FIZ, FIZE, GEM, GEME, GEMK, GEO, GEOE, GID, GIDE, ICM, IML, IMLE, INS, INSE, ISL, ISLE, JDF, JEF, JEFE, JEO, JEOE, KIM, KIME, KMM, KMME, KOM, KOME, MAD, MADE, MAK, MAKE, MAT, MATE, MET, METE, MIM, MIME, MTO, MTOE, MUZE, PEM, PEME, PET, PETE, SBP, SBPE, SED, SEH, SGI, TEK, TEKE, TEL, UCK, UCKE, UZB, UZBE, YZVE",,
11768,ING 201A,ING,LS,Essentials of Res.Paper Writ.,,Özlem Ayar Gemalmaz,,Pazartesi,08:30/10:29,,23,22,,"BIO, BIOE, BLG, BLGE, CEV, CEVE, CHZ, CHZE, DEN, DENE, ECNE, EHB, EHBE, EHN, ELE, ELH, ELK, ELKE, END, ENDE, ENTE, EUT, EUTE, FIZ, FIZE, GEM, GEME, GEMK, GEO, GEOE, GID, GIDE, ICM, IML, IMLE, INS, INSE, ISL, ISLE, JDF, JEF, JEFE, JEO, JEOE, KIM, KIME, KMM, KMME, KOM, KOME, MAD, MADE, MAK, MAKE, MAT, MATE, MET, METE, MIM, MIME, MTO, MTOE, MUZE, PEM, PEME, PET, PETE, SBP, SBPE, SED, SEH, SGI, TEK, TEKE, TEL, UCK, UCKE, UZB, UZBE, YZVE",,
11771,MTO 337E,MTO,LS,Atmospheric Dynamics I,,Yurdanur Ünal,"UUB
UUB | D213
D213",Salı | Perşembe,11:30/13:29 | 12:30/14:29,,35,31,,MTO,,
11772,ING 201A,ING,LS,Essentials of Res.Paper Writ.,,Mehtap İpek Kurt,,Pazartesi,08:30/10:29,,23,23,,"BIO, BIOE, BLG, BLGE, CEV, CEVE, CHZ, CHZE, DEN, DENE, ECNE, EHB, EHBE, EHN, ELE, ELH, ELK, ELKE, END, ENDE, ENTE, EUT, EUTE, FIZ, FIZE, GEM, GEME, GEMK, GEO, GEOE, GID, GIDE, ICM, IML, IMLE, INS, INSE, ISL, ISLE, JDF, JEF, JEFE, JEO, JEOE, KIM, KIME, KMM, KMME, KOM, KOME, MAD, MADE, MAK, MAKE, MAT, MATE, MET, METE, MIM, MIME, MTO, MTOE, MUZE, PEM, PEME, PET, PETE, SBP, SBPE, SED, SEH, SGI, TEK, TEKE, TEL, UCK, UCKE, UZB, UZBE, YZVE",,
11773,ING 201A,ING,LS,Essentials of Res.Paper Writ.,,--,,Pazartesi,10:30/12:29,,0,0,,"BIO, BIOE, BLG, BLGE, CEV, CEVE, CHZ, CHZE, DEN, DENE, ECNE, EHB, EHBE, EHN, ELE, ELH, ELK, ELKE, END, ENDE, ENTE, EUT, EUTE, FIZ, FIZE, GEM, GEME, GEMK, GEO, GEOE, GID, GIDE, ICM, IML, IMLE, INS, INSE, ISL, ISLE, JDF, JEF, JEFE, JEO, JEOE, KIM, KIME, KMM, KMME, KOM, KOME, MAD, MADE, MAK, MAKE, MAT, MATE, MET, METE, MIM, MIME, MTO, MTOE, MUZE, PEM, PEME, PET, PETE, SBP, SBPE, SED, SEH, SGI, TEK, TEKE, TEL, UCK, UCKE, UZB, UZBE, YZVE",,
11774,ING 201A,ING,LS,Essentials of Res.Paper Writ.,,Hatice Gülru Arslan,,Pazartesi,10:30/12:29,,26,26,,"BIO, BIOE, BLG, BLGE, CEV, CEVE, CHZ, CHZE, DEN, DENE, ECNE, EHB, EHBE, EHN, ELE, ELH, ELK, ELKE, END, ENDE, ENTE, EUT, EUTE, FIZ, FIZE, GEM, GEME, GEMK, GEO, GEOE, GID, GIDE, ICM, IML, IMLE, INS, INSE, ISL, ISLE, JDF, JEF, JEFE, JEO, JEOE, KIM, KIME, KMM, KMME, KOM, KOME, MAD, MADE, MAK, MAKE, MAT, MATE, MET, METE, MIM, MIME, MTO, MTOE, MUZE, PEM, PEME, PET, PETE, SBP, SBPE, SED, SEH, SGI, TEK, TEKE, TEL, UCK, UCKE, UZB, UZBE, YZVE",,
11775,MTO 311E,MTO,LS,Data Analysis,,Kasım Koçak,"UUB
UUB | D209
D209",Çarşamba | Perşembe,13:30/15:29 | 08:30/11:29,,90,84,,MTO,,
11776,ING 201A,ING,LS,Essentials of Res.Paper Writ.,,Emel Çağlar,,Pazartesi,10:30/12:29,,26,25,,"BIO, BIOE, BLG, BLGE, CEV, CEVE, CHZ, CHZE, DEN, DENE, ECNE, EHB, EHBE, EHN, ELE, ELH, ELK, ELKE, END, ENDE, ENTE, EUT, EUTE, FIZ, FIZE, GEM, GEME, GEMK, GEO, GEOE, GID, GIDE, ICM, IML, IMLE, INS, INSE, ISL, ISLE, JDF, JEF, JEFE, JEO, JEOE, KIM, KIME, KMM, KMME, KOM, KOME, MAD, MADE, MAK, MAKE, MAT, MATE, MET, METE, MIM, MIME, MTO, MTOE, MUZE, PEM, PEME, PET, PETE, SBP, SBPE, SED, SEH, SGI, TEK, TEKE, TEL, UCK, UCKE, UZB, UZBE, YZVE",,
11777,ING 201A,ING,LS,Essentials of Res.Paper Writ.,,Duygu Özkan,,Pazartesi,10:30/12:29,,26,26,,"BIO, BIOE, BLG, BLGE, CEV, CEVE, CHZ, CHZE, DEN, DENE, ECNE, EHB, EHBE, EHN, ELE, ELH, ELK, ELKE, END, ENDE, ENTE, EUT, EUTE, FIZ, FIZE, GEM, GEME, GEMK, GEO, GEOE, GID, GIDE, ICM, IML, IMLE, INS, INSE, ISL, ISLE, JDF, JEF, JEFE, JEO, JEOE, KIM, KIME, KMM, KMME, KOM, KOME, MAD, MADE, MAK, MAKE, MAT, MATE, MET, METE, MIM, MIME, MTO, MTOE, MUZE, PEM, PEME, PET, PETE, SBP, SBPE, SED, SEH, SGI, TEK, TEKE, TEL, UCK, UCKE, UZB, UZBE, YZVE",,
11778,ING 201A,ING,LS,Essentials of Res.Paper Writ.,,Mehtap İpek Kurt,,Pazartesi,10:30/12:29,,26,27,,"BIO, BIOE, BLG, BLGE, CEV, CEVE, CHZ, CHZE, DEN, DENE, ECNE, EHB, EHBE, EHN, ELE, ELH, ELK, ELKE, END, ENDE, ENTE, EUT, EUTE, FIZ, FIZE, GEM, GEME, GEMK, GEO, GEOE, GID, GIDE, ICM, IML, IMLE, INS, INSE, ISL, ISLE, JDF, JEF, JEFE, JEO, JEOE, KIM, KIME, KMM, KMME, KOM, KOME, MAD, MADE, MAK, MAKE, MAT, MATE, MET, METE, MIM, MIME, MTO, MTOE, MUZE, PEM, PEME, PET, PETE, SBP, SBPE, SED, SEH, SGI, TEK, TEKE, TEL, UCK, UCKE, UZB, UZBE, YZVE",,
11779,MTO 225,MTO,LS,Güneş ve Yer Radyasyonu,,Filiz Türk Katırcıoğlu,UUB,Perşembe,14:30/17:29,D209,35,36,,"FIZ, MTO",,
11780,ING 201A,ING,LS,Essentials of Res.Paper Writ.,,--,,Pazartesi,13:30/15:29,,0,0,,"BIO, BIOE, BLG, BLGE, CEV, CEVE, CHZ, CHZE, DEN, DENE, ECNE, EHB, EHBE, EHN, ELE, ELH, ELK, ELKE, END, ENDE, ENTE, EUT, EUTE, FIZ, FIZE, GEM, GEME, GEMK, GEO, GEOE, GID, GIDE, ICM, IML, IMLE, INS, INSE, ISL, ISLE, JDF, JEF, JEFE, JEO, JEOE, KIM, KIME, KMM, KMME, KOM, KOME, MAD, MADE, MAK, MAKE, MAT, MATE, MET, METE, MIM, MIME, MTO, MTOE, MUZE, PEM, PEME, PET, PETE, SBP, SBPE, SED, SEH, SGI, TEK, TEKE, TEL, UCK, UCKE, UZB, UZBE, YZVE",,
11781,ING 201A,ING,LS,Essentials of Res.Paper Writ.,,Nilgün Eker,,Pazartesi,13:30/15:29,,26,27,,"BIO, BIOE, BLG, BLGE, CEV, CEVE, CHZ, CHZE, DEN, DENE, ECNE, EHB, EHBE, EHN, ELE, ELH, ELK, ELKE, END, ENDE, ENTE, EUT, EUTE, FIZ, FIZE, GEM, GEME, GEMK, GEO, GEOE, GID, GIDE, ICM, IML, IMLE, INS, INSE, ISL, ISLE, JDF, JEF, JEFE, JEO, JEOE, KIM, KIME, KMM, KMME, KOM, KOME, MAD, MADE, MAK, MAKE, MAT, MATE, MET, METE, MIM, MIME, MTO, MTOE, MUZE, PEM, PEME, PET, PETE, SBP, SBPE, SED, SEH, SGI, TEK, TEKE, TEL, UCK, UCKE, UZB, UZBE, YZVE",,
11782,ING 201A,ING,LS,Essentials of Res.Paper Writ.,,Hatice Gülru Arslan,,Pazartesi,13:30/15:29,,26,26,,"BIO, BIOE, BLG, BLGE, CEV, CEVE, CHZ, CHZE, DEN, DENE, ECNE, EHB, EHBE, EHN, ELE, ELH, ELK, ELKE, END, ENDE, ENTE, EUT, EUTE, FIZ, FIZE, GEM, GEME, GEMK, GEO, GEOE, GID, GIDE, ICM, IML, IMLE, INS, INSE, ISL, ISLE, JDF, JEF, JEFE, JEO, JEOE, KIM, KIME, KMM, KMME, KOM, KOME, MAD, MADE, MAK, MAKE, MAT, MATE, MET, METE, MIM, MIME, MTO, MTOE, MUZE, PEM, PEME, PET, PETE, SBP, SBPE, SED, SEH, SGI, TEK, TEKE, TEL, UCK, UCKE, UZB, UZBE, YZVE",,
11783,MTO 225E,MTO,LS,Solar & Terrestrial Radiation,,Deniz Demirhan,UUB,Perşembe,14:30/17:29,D113,35,28,,"FIZ, FIZE, MTO, MTOE",,
11784,ING 201A,ING,LS,Essentials of Res.Paper Writ.,,Emel Çağlar,,Pazartesi,13:30/15:29,,26,26,,"BIO, BIOE, BLG, BLGE, CEV, CEVE, CHZ, CHZE, DEN, DENE, ECNE, EHB, EHBE, EHN, ELE, ELH, ELK, ELKE, END, ENDE, ENTE, EUT, EUTE, FIZ, FIZE, GEM, GEME, GEMK, GEO, GEOE, GID, GIDE, ICM, IML, IMLE, INS, INSE, ISL, ISLE, JDF, JEF, JEFE, JEO, JEOE, KIM, KIME, KMM, KMME, KOM, KOME, MAD, MADE, MAK, MAKE, MAT, MATE, MET, METE, MIM, MIME, MTO, MTOE, MUZE, PEM, PEME, PET, PETE, SBP, SBPE, SED, SEH, SGI, TEK, TEKE, TEL, UCK, UCKE, UZB, UZBE, YZVE",,
11785,MTO 357E,MTO,LS,Physics of Upper Atmosphere,,Zerefşan Kaymaz,UUB,Perşembe,14:30/17:29,D215,20,30,,"FIZ, FIZE, MTO",,
11786,MTO 464E,MTO,LS,Climate Change,,Yurdanur Ünal,UUB,Pazartesi,14:30/17:29,D109,20,26,,"MTO, MTOE",,
11787,MTO 455,MTO,LS,Hidrometri,,Kasım Koçak,UUB,Salı,14:30/17:29,D108,15,8,,MTO,,
11788,MTO 223,MTO,LS,Bilgisayar Grafiğine Giriş,,Barış Önol,UUB,Salı,14:30/17:29,BIL1,90,73,,MTO,,
11789,MTO 451E,MTO,LS,Oceanography,,Elçin Tan,UUB,Cuma,14:30/17:29,D113,25,55,,MTO,,
11790,MTO 388E,MTO,LS,Geographic Information Science,,Filiz Türk Katırcıoğlu,UUB,Pazartesi,14:30/17:29,BIL1,60,29,,MTO,,
11791,MTO 303E,MTO,LS,Comput.Fluid Dyn.in Meteo.Eng.,,Elçin Tan,UUB,Çarşamba,10:30/12:29,D216,95,102,,MTO,,
11792,MTO 229E,MTO,LS,Physics ofClouds&Precipitation,,Sevinç Asilhan,UUB,Salı,14:30/17:29,D-Z08,70,73,,"MTO, MTOM",,
11793,MTO 359,MTO,LS,Biyometeoroloji,,Barış Çaldağ,UUB,Çarşamba,08:30/11:29,D111,15,13,,MTO,,
11794,MTO 227,MTO,LS,Ekosistem Ekolojisi,,Barış Çaldağ,UUB,Pazartesi,14:30/17:29,D108,40,41,,MTO,,
11795,MTO 351E,MTO,LS,Hydrometeorology,,--,UUB,Perşembe,09:30/12:29,---,0,0,,"MTO, MTOE",,
11796,ING 201A,ING,LS,Essentials of Res.Paper Writ.,,--,,Salı,08:30/10:29,,0,0,,"BIO, BIOE, BLG, BLGE, CEV, CEVE, CHZ, CHZE, DEN, DENE, ECNE, EHB, EHBE, EHN, ELE, ELH, ELK, ELKE, END, ENDE, ENTE, EUT, EUTE, FIZ, FIZE, GEM, GEME, GEMK, GEO, GEOE, GID, GIDE, ICM, IML, IMLE, INS, INSE, ISL, ISLE, JDF, JEF, JEFE, JEO, JEOE, KIM, KIME, KMM, KMME, KOM, KOME, MAD, MADE, MAK, MAKE, MAT, MATE, MET, METE, MIM, MIME, MTO, MTOE, MUZE, PEM, PEME, PET, PETE, SBP, SBPE, SED, SEH, SGI, TEK, TEKE, TEL, UCK, UCKE, UZB, UZBE, YZVE",,
11797,ING 201A,ING,LS,Essentials of Res.Paper Writ.,,Canan Sağbilge,,Salı,08:30/10:29,,26,27,,"BIO, BIOE, BLG, BLGE, CEV, CEVE, CHZ, CHZE, DEN, DENE, ECNE, EHB, EHBE, EHN, ELE, ELH, ELK, ELKE, END, ENDE, ENTE, EUT, EUTE, FIZ, FIZE, GEM, GEME, GEMK, GEO, GEOE, GID, GIDE, ICM, IML, IMLE, INS, INSE, ISL, ISLE, JDF, JEF, JEFE, JEO, JEOE, KIM, KIME, KMM, KMME, KOM, KOME, MAD, MADE, MAK, MAKE, MAT, MATE, MET, METE, MIM, MIME, MTO, MTOE, MUZE, PEM, PEME, PET, PETE, SBP, SBPE, SED, SEH, SGI, TEK, TEKE, TEL, UCK, UCKE, UZB, UZBE, YZVE",,
11798,ING 201A,ING,LS,Essentials of Res.Paper Writ.,,Esbie van Heerden,,Pazartesi,08:30/10:29,,23,6,,"BIO, BIOE, BLG, BLGE, CEV, CEVE, CHZ, CHZE, DEN, DENE, ECNE, EHB, EHBE, EHN, ELE, ELH, ELK, ELKE, END, ENDE, ENTE, EUT, EUTE, FIZ, FIZE, GEM, GEME, GEMK, GEO, GEOE, GID, GIDE, ICM, IML, IMLE, INS, INSE, ISL, ISLE, JDF, JEF, JEFE, JEO, JEOE, KIM, KIME, KMM, KMME, KOM, KOME, MAD, MADE, MAK, MAKE, MAT, MATE, MET, METE, MIM, MIME, MTO, MTOE, MUZE, PEM, PEME, PET, PETE, SBP, SBPE, SED, SEH, SGI, TEK, TEKE, TEL, UCK, UCKE, UZB, UZBE, YZVE",,
11799,ING 201A,ING,LS,Essentials of Res.Paper Writ.,,Tim Davis,,Salı,08:30/10:29,,26,26,,"BIO, BIOE, BLG, BLGE, CEV, CEVE, CHZ, CHZE, DEN, DENE, ECNE, EHB, EHBE, EHN, ELE, ELH, ELK, ELKE, END, ENDE, ENTE, EUT, EUTE, FIZ, FIZE, GEM, GEME, GEMK, GEO, GEOE, GID, GIDE, ICM, IML, IMLE, INS, INSE, ISL, ISLE, JDF, JEF, JEFE, JEO, JEOE, KIM, KIME, KMM, KMME, KOM, KOME, MAD, MADE, MAK, MAKE, MAT, MATE, MET, METE, MIM, MIME, MTO, MTOE, MUZE, PEM, PEME, PET, PETE, SBP, SBPE, SED, SEH, SGI, TEK, TEKE, TEL, UCK, UCKE, UZB, UZBE, YZVE",,
11800,ING 201A,ING,LS,Essentials of Res.Paper Writ.,,Nurçin Ramadanoğlu,,Salı,08:30/10:29,,26,25,,"BIO, BIOE, BLG, BLGE, CEV, CEVE, CHZ, CHZE, DEN, DENE, ECNE, EHB, EHBE, EHN, ELE, ELH, ELK, ELKE, END, ENDE, ENTE, EUT, EUTE, FIZ, FIZE, GEM, GEME, GEMK, GEO, GEOE, GID, GIDE, ICM, IML, IMLE, INS, INSE, ISL, ISLE, JDF, JEF, JEFE, JEO, JEOE, KIM, KIME, KMM, KMME, KOM, KOME, MAD, MADE, MAK, MAKE, MAT, MATE, MET, METE, MIM, MIME, MTO, MTOE, MUZE, PEM, PEME, PET, PETE, SBP, SBPE, SED, SEH, SGI, TEK, TEKE, TEL, UCK, UCKE, UZB, UZBE, YZVE",,
11802,ING 201A,ING,LS,Essentials of Res.Paper Writ.,,Mehtap İpek Kurt,,Salı,08:30/10:29,,29,22,,"ARC, CEN, EEE, EFN, IAD, IND, MEN, MMD, MTM, NAE",,
11803,ING 201A,ING,LS,Essentials of Res.Paper Writ.,,--,,Salı,10:30/12:29,,0,0,,"BIO, BIOE, BLG, BLGE, CEV, CEVE, CHZ, CHZE, DEN, DENE, ECNE, EHB, EHBE, EHN, ELE, ELH, ELK, ELKE, END, ENDE, ENTE, EUT, EUTE, FIZ, FIZE, GEM, GEME, GEMK, GEO, GEOE, GID, GIDE, ICM, IML, IMLE, INS, INSE, ISL, ISLE, JDF, JEF, JEFE, JEO, JEOE, KIM, KIME, KMM, KMME, KOM, KOME, MAD, MADE, MAK, MAKE, MAT, MATE, MET, METE, MIM, MIME, MTO, MTOE, MUZE, PEM, PEME, PET, PETE, SBP, SBPE, SED, SEH, SGI, TEK, TEKE, TEL, UCK, UCKE, UZB, UZBE, YZVE",,
11804,ING 201A,ING,LS,Essentials of Res.Paper Writ.,,Esbie van Heerden,,Salı,10:30/12:29,,26,15,,"BIO, BIOE, BLG, BLGE, CEV, CEVE, CHZ, CHZE, DEN, DENE, ECNE, EHB, EHBE, EHN, ELE, ELH, ELK, ELKE, END, ENDE, ENTE, EUT, EUTE, FIZ, FIZE, GEM, GEME, GEMK, GEO, GEOE, GID, GIDE, ICM, IML, IMLE, INS, INSE, ISL, ISLE, JDF, JEF, JEFE, JEO, JEOE, KIM, KIME, KMM, KMME, KOM, KOME, MAD, MADE, MAK, MAKE, MAT, MATE, MET, METE, MIM, MIME, MTO, MTOE, MUZE, PEM, PEME, PET, PETE, SBP, SBPE, SED, SEH, SGI, TEK, TEKE, TEL, UCK, UCKE, UZB, UZBE, YZVE",,
11805,ING 201A,ING,LS,Essentials of Res.Paper Writ.,,Canan Sağbilge,,Cuma,10:30/12:29,,26,26,,"BIO, BIOE, BLG, BLGE, CEV, CEVE, CHZ, CHZE, DEN, DENE, ECNE, EHB, EHBE, EHN, ELE, ELH, ELK, ELKE, END, ENDE, ENTE, EUT, EUTE, FIZ, FIZE, GEM, GEME, GEMK, GEO, GEOE, GID, GIDE, ICM, IML, IMLE, INS, INSE, ISL, ISLE, JDF, JEF, JEFE, JEO, JEOE, KIM, KIME, KMM, KMME, KOM, KOME, MAD, MADE, MAK, MAKE, MAT, MATE, MET, METE, MIM, MIME, MTO, MTOE, MUZE, PEM, PEME, PET, PETE, SBP, SBPE, SED, SEH, SGI, TEK, TEKE, TEL, UCK, UCKE, UZB, UZBE, YZVE",,
11806,ING 201A,ING,LS,Essentials of Res.Paper Writ.,,Merve Sevtap Süren,,Salı,10:30/12:29,,26,26,,"BIO, BIOE, BLG, BLGE, CEV, CEVE, CHZ, CHZE, DEN, DENE, ECNE, EHB, EHBE, EHN, ELE, ELH, ELK, ELKE, END, ENDE, ENTE, EUT, EUTE, FIZ, FIZE, GEM, GEME, GEMK, GEO, GEOE, GID, GIDE, ICM, IML, IMLE, INS, INSE, ISL, ISLE, JDF, JEF, JEFE, JEO, JEOE, KIM, KIME, KMM, KMME, KOM, KOME, MAD, MADE, MAK, MAKE, MAT, MATE, MET, METE, MIM, MIME, MTO, MTOE, MUZE, PEM, PEME, PET, PETE, SBP, SBPE, SED, SEH, SGI, TEK, TEKE, TEL, UCK, UCKE, UZB, UZBE, YZVE",,
11807,ING 201A,ING,LS,Essentials of Res.Paper Writ.,,Duygu Özkan,,Salı,10:30/12:29,,29,13,,"ARC, CEN, EEE, EFN, IAD, IND, MEN, MMD, MTM, NAE",,
11809,ING 201A,ING,LS,Essentials of Res.Paper Writ.,,Mehtap İpek Kurt,,Salı,13:30/15:29,,26,26,,"BIO, BIOE, BLG, BLGE, CEV, CEVE, CHZ, CHZE, DEN, DENE, ECNE, EHB, EHBE, EHN, ELE, ELH, ELK, ELKE, END, ENDE, ENTE, EUT, EUTE, FIZ, FIZE, GEM, GEME, GEMK, GEO, GEOE, GID, GIDE, ICM, IML, IMLE, INS, INSE, ISL, ISLE, JDF, JEF, JEFE, JEO, JEOE, KIM, KIME, KMM, KMME, KOM, KOME, MAD, MADE, MAK, MAKE, MAT, MATE, MET, METE, MIM, MIME, MTO, MTOE, MUZE, PEM, PEME, PET, PETE, SBP, SBPE, SED, SEH, SGI, TEK, TEKE, TEL, UCK, UCKE, UZB, UZBE, YZVE",,
11810,ING 201A,ING,LS,Essentials of Res.Paper Writ.,,--,,Salı,13:30/15:29,,0,0,,"BIO, BIOE, BLG, BLGE, CEV, CEVE, CHZ, CHZE, DEN, DENE, ECNE, EHB, EHBE, EHN, ELE, ELH, ELK, ELKE, END, ENDE, ENTE, EUT, EUTE, FIZ, FIZE, GEM, GEME, GEMK, GEO, GEOE, GID, GIDE, ICM, IML, IMLE, INS, INSE, ISL, ISLE, JDF, JEF, JEFE, JEO, JEOE, KIM, KIME, KMM, KMME, KOM, KOME, MAD, MADE, MAK, MAKE, MAT, MATE, MET, METE, MIM, MIME, MTO, MTOE, MUZE, PEM, PEME, PET, PETE, SBP, SBPE, SED, SEH, SGI, TEK, TEKE, TEL, UCK, UCKE, UZB, UZBE, YZVE",,
11811,ING 201A,ING,LS,Essentials of Res.Paper Writ.,,Merve Sevtap Süren,,Salı,13:30/15:29,,26,26,,"BIO, BIOE, BLG, BLGE, CEV, CEVE, CHZ, CHZE, DEN, DENE, ECNE, EHB, EHBE, EHN, ELE, ELH, ELK, ELKE, END, ENDE, ENTE, EUT, EUTE, FIZ, FIZE, GEM, GEME, GEMK, GEO, GEOE, GID, GIDE, ICM, IML, IMLE, INS, INSE, ISL, ISLE, JDF, JEF, JEFE, JEO, JEOE, KIM, KIME, KMM, KMME, KOM, KOME, MAD, MADE, MAK, MAKE, MAT, MATE, MET, METE, MIM, MIME, MTO, MTOE, MUZE, PEM, PEME, PET, PETE, SBP, SBPE, SED, SEH, SGI, TEK, TEKE, TEL, UCK, UCKE, UZB, UZBE, YZVE",,
11812,ING 201A,ING,LS,Essentials of Res.Paper Writ.,,Tim Davis,,Salı,13:30/15:29,,26,26,,"BIO, BIOE, BLG, BLGE, CEV, CEVE, CHZ, CHZE, DEN, DENE, ECNE, EHB, EHBE, EHN, ELE, ELH, ELK, ELKE, END, ENDE, ENTE, EUT, EUTE, FIZ, FIZE, GEM, GEME, GEMK, GEO, GEOE, GID, GIDE, ICM, IML, IMLE, INS, INSE, ISL, ISLE, JDF, JEF, JEFE, JEO, JEOE, KIM, KIME, KMM, KMME, KOM, KOME, MAD, MADE, MAK, MAKE, MAT, MATE, MET, METE, MIM, MIME, MTO, MTOE, MUZE, PEM, PEME, PET, PETE, SBP, SBPE, SED, SEH, SGI, TEK, TEKE, TEL, UCK, UCKE, UZB, UZBE, YZVE",,
11813,ING 201A,ING,LS,Essentials of Res.Paper Writ.,,Meryem Simge Çengel Avcu,,Salı,13:30/15:29,,26,26,,"BIO, BIOE, BLG, BLGE, CEV, CEVE, CHZ, CHZE, DEN, DENE, ECNE, EHB, EHBE, EHN, ELE, ELH, ELK, ELKE, END, ENDE, ENTE, EUT, EUTE, FIZ, FIZE, GEM, GEME, GEMK, GEO, GEOE, GID, GIDE, ICM, IML, IMLE, INS, INSE, ISL, ISLE, JDF, JEF, JEFE, JEO, JEOE, KIM, KIME, KMM, KMME, KOM, KOME, MAD, MADE, MAK, MAKE, MAT, MATE, MET, METE, MIM, MIME, MTO, MTOE, MUZE, PEM, PEME, PET, PETE, SBP, SBPE, SED, SEH, SGI, TEK, TEKE, TEL, UCK, UCKE, UZB, UZBE, YZVE",,
11814,ING 201A,ING,LS,Essentials of Res.Paper Writ.,,Gamze Avcı,,Salı,13:30/15:29,,26,26,,"BIO, BIOE, BLG, BLGE, CEV, CEVE, CHZ, CHZE, DEN, DENE, ECNE, EHB, EHBE, EHN, ELE, ELH, ELK, ELKE, END, ENDE, ENTE, EUT, EUTE, FIZ, FIZE, GEM, GEME, GEMK, GEO, GEOE, GID, GIDE, ICM, IML, IMLE, INS, INSE, ISL, ISLE, JDF, JEF, JEFE, JEO, JEOE, KIM, KIME, KMM, KMME, KOM, KOME, MAD, MADE, MAK, MAKE, MAT, MATE, MET, METE, MIM, MIME, MTO, MTOE, MUZE, PEM, PEME, PET, PETE, SBP, SBPE, SED, SEH, SGI, TEK, TEKE, TEL, UCK, UCKE, UZB, UZBE, YZVE",,
11815,ING 201A,ING,LS,Essentials of Res.Paper Writ.,,--,,Çarşamba,08:30/10:29,,0,0,,"BIO, BIOE, BLG, BLGE, CEV, CEVE, CHZ, CHZE, DEN, DENE, ECNE, EHB, EHBE, EHN, ELE, ELH, ELK, ELKE, END, ENDE, ENTE, EUT, EUTE, FIZ, FIZE, GEM, GEME, GEMK, GEO, GEOE, GID, GIDE, ICM, IML, IMLE, INS, INSE, ISL, ISLE, JDF, JEF, JEFE, JEO, JEOE, KIM, KIME, KMM, KMME, KOM, KOME, MAD, MADE, MAK, MAKE, MAT, MATE, MET, METE, MIM, MIME, MTO, MTOE, MUZE, PEM, PEME, PET, PETE, SBP, SBPE, SED, SEH, SGI, TEK, TEKE, TEL, UCK, UCKE, UZB, UZBE, YZVE",,
11816,ING 201A,ING,LS,Essentials of Res.Paper Writ.,,Dilek Öztürk,,Çarşamba,08:30/10:29,,26,26,,"BIO, BIOE, BLG, BLGE, CEV, CEVE, CHZ, CHZE, DEN, DENE, ECNE, EHB, EHBE, EHN, ELE, ELH, ELK, ELKE, END, ENDE, ENTE, EUT, EUTE, FIZ, FIZE, GEM, GEME, GEMK, GEO, GEOE, GID, GIDE, ICM, IML, IMLE, INS, INSE, ISL, ISLE, JDF, JEF, JEFE, JEO, JEOE, KIM, KIME, KMM, KMME, KOM, KOME, MAD, MADE, MAK, MAKE, MAT, MATE, MET, METE, MIM, MIME, MTO, MTOE, MUZE, PEM, PEME, PET, PETE, SBP, SBPE, SED, SEH, SGI, TEK, TEKE, TEL, UCK, UCKE, UZB, UZBE, YZVE",,
11817,ING 201A,ING,LS,Essentials of Res.Paper Writ.,,Canan Sağbilge,,Çarşamba,08:30/10:29,,21,20,,"ARC, CEN, EEE, EFN, IAD, IND, MEN, MMD, MTM, NAE",,
11818,ING 201A,ING,LS,Essentials of Res.Paper Writ.,,Esbie van Heerden,,Çarşamba,08:30/10:29,,21,32,,"ARC, CEN, EEE, EFN, IAD, IND, MEN, MMD, MTM, NAE",,
11819,ING 201A,ING,LS,Essentials of Res.Paper Writ.,,Tim Davis,,Çarşamba,08:30/10:29,,26,27,,"BIO, BIOE, BLG, BLGE, CEV, CEVE, CHZ, CHZE, DEN, DENE, ECNE, EHB, EHBE, EHN, ELE, ELH, ELK, ELKE, END, ENDE, ENTE, EUT, EUTE, FIZ, FIZE, GEM, GEME, GEMK, GEO, GEOE, GID, GIDE, ICM, IML, IMLE, INS, INSE, ISL, ISLE, JDF, JEF, JEFE, JEO, JEOE, KIM, KIME, KMM, KMME, KOM, KOME, MAD, MADE, MAK, MAKE, MAT, MATE, MET, METE, MIM, MIME, MTO, MTOE, MUZE, PEM, PEME, PET, PETE, SBP, SBPE, SED, SEH, SGI, TEK, TEKE, TEL, UCK, UCKE, UZB, UZBE, YZVE",,
11820,MTO 466E,MTO,LS,Atmospheric Optics & Acoustics,,Deniz Demirhan,UUB,Cuma,09:30/12:29,D113,22,22,,"FIZ, FIZE, MTO, MTOE",,
11822,ING 201A,ING,LS,Essentials of Res.Paper Writ.,,Mehtap İpek Kurt,,Çarşamba,08:30/10:29,,26,28,,"BIO, BIOE, BLG, BLGE, CEV, CEVE, CHZ, CHZE, DEN, DENE, ECNE, EHB, EHBE, EHN, ELE, ELH, ELK, ELKE, END, ENDE, ENTE, EUT, EUTE, FIZ, FIZE, GEM, GEME, GEMK, GEO, GEOE, GID, GIDE, ICM, IML, IMLE, INS, INSE, ISL, ISLE, JDF, JEF, JEFE, JEO, JEOE, KIM, KIME, KMM, KMME, KOM, KOME, MAD, MADE, MAK, MAKE, MAT, MATE, MET, METE, MIM, MIME, MTO, MTOE, MUZE, PEM, PEME, PET, PETE, SBP, SBPE, SED, SEH, SGI, TEK, TEKE, TEL, UCK, UCKE, UZB, UZBE, YZVE",,
11823,ING 201A,ING,LS,Essentials of Res.Paper Writ.,,--,,Çarşamba,10:30/12:29,,0,0,,"BIO, BIOE, BLG, BLGE, CEV, CEVE, CHZ, CHZE, DEN, DENE, ECNE, EHB, EHBE, EHN, ELE, ELH, ELK, ELKE, END, ENDE, ENTE, EUT, EUTE, FIZ, FIZE, GEM, GEME, GEMK, GEO, GEOE, GID, GIDE, ICM, IML, IMLE, INS, INSE, ISL, ISLE, JDF, JEF, JEFE, JEO, JEOE, KIM, KIME, KMM, KMME, KOM, KOME, MAD, MADE, MAK, MAKE, MAT, MATE, MET, METE, MIM, MIME, MTO, MTOE, MUZE, PEM, PEME, PET, PETE, SBP, SBPE, SED, SEH, SGI, TEK, TEKE, TEL, UCK, UCKE, UZB, UZBE, YZVE",,
11824,DAN 101,DAN,LS,Akademik Danışmanlık,,Emrah Tuncay Özdemir,UUB,Çarşamba,15:30/17:29,D214,300,0,,MTO,,
11825,ING 201A,ING,LS,Essentials of Res.Paper Writ.,,Dilek Öztürk,,Çarşamba,10:30/12:29,,26,26,,"BIO, BIOE, BLG, BLGE, CEV, CEVE, CHZ, CHZE, DEN, DENE, ECNE, EHB, EHBE, EHN, ELE, ELH, ELK, ELKE, END, ENDE, ENTE, EUT, EUTE, FIZ, FIZE, GEM, GEME, GEMK, GEO, GEOE, GID, GIDE, ICM, IML, IMLE, INS, INSE, ISL, ISLE, JDF, JEF, JEFE, JEO, JEOE, KIM, KIME, KMM, KMME, KOM, KOME, MAD, MADE, MAK, MAKE, MAT, MATE, MET, METE, MIM, MIME, MTO, MTOE, MUZE, PEM, PEME, PET, PETE, SBP, SBPE, SED, SEH, SGI, TEK, TEKE, TEL, UCK, UCKE, UZB, UZBE, YZVE",,
11826,ING 201A,ING,LS,Essentials of Res.Paper Writ.,,Canan Sağbilge,,Çarşamba,10:30/12:29,,26,27,,"BIO, BIOE, BLG, BLGE, CEV, CEVE, CHZ, CHZE, DEN, DENE, ECNE, EHB, EHBE, EHN, ELE, ELH, ELK, ELKE, END, ENDE, ENTE, EUT, EUTE, FIZ, FIZE, GEM, GEME, GEMK, GEO, GEOE, GID, GIDE, ICM, IML, IMLE, INS, INSE, ISL, ISLE, JDF, JEF, JEFE, JEO, JEOE, KIM, KIME, KMM, KMME, KOM, KOME, MAD, MADE, MAK, MAKE, MAT, MATE, MET, METE, MIM, MIME, MTO, MTOE, MUZE, PEM, PEME, PET, PETE, SBP, SBPE, SED, SEH, SGI, TEK, TEKE, TEL, UCK, UCKE, UZB, UZBE, YZVE",,
11827,ING 201A,ING,LS,Essentials of Res.Paper Writ.,,Esbie van Heerden,,Çarşamba,10:30/12:29,,26,15,,"BIO, BIOE, BLG, BLGE, CEV, CEVE, CHZ, CHZE, DEN, DENE, ECNE, EHB, EHBE, EHN, ELE, ELH, ELK, ELKE, END, ENDE, ENTE, EUT, EUTE, FIZ, FIZE, GEM, GEME, GEMK, GEO, GEOE, GID, GIDE, ICM, IML, IMLE, INS, INSE, ISL, ISLE, JDF, JEF, JEFE, JEO, JEOE, KIM, KIME, KMM, KMME, KOM, KOME, MAD, MADE, MAK, MAKE, MAT, MATE, MET, METE, MIM, MIME, MTO, MTOE, MUZE, PEM, PEME, PET, PETE, SBP, SBPE, SED, SEH, SGI, TEK, TEKE, TEL, UCK, UCKE, UZB, UZBE, YZVE",,
11828,MTO 4901,MTO,LS,Meteoroloji Müh. Tasarımı I,,Mikdat Kadıoğlu,UUB | ---,,/,,500,47,,MTO,,
11830,ING 201A,ING,LS,Essentials of Res.Paper Writ.,,Mehtap İpek Kurt,,Çarşamba,10:30/12:29,,26,26,,"BIO, BIOE, BLG, BLGE, CEV, CEVE, CHZ, CHZE, DEN, DENE, ECNE, EHB, EHBE, EHN, ELE, ELH, ELK, ELKE, END, ENDE, ENTE, EUT, EUTE, FIZ, FIZE, GEM, GEME, GEMK, GEO, GEOE, GID, GIDE, ICM, IML, IMLE, INS, INSE, ISL, ISLE, JDF, JEF, JEFE, JEO, JEOE, KIM, KIME, KMM, KMME, KOM, KOME, MAD, MADE, MAK, MAKE, MAT, MATE, MET, METE, MIM, MIME, MTO, MTOE, MUZE, PEM, PEME, PET, PETE, SBP, SBPE, SED, SEH, SGI, TEK, TEKE, TEL, UCK, UCKE, UZB, UZBE, YZVE",,
11831,ING 201A,ING,LS,Essentials of Res.Paper Writ.,,--,,Perşembe,08:30/10:29,,0,1,,"BIO, BIOE, BLG, BLGE, CEV, CEVE, CHZ, CHZE, DEN, DENE, ECNE, EHB, EHBE, EHN, ELE, ELH, ELK, ELKE, END, ENDE, ENTE, EUT, EUTE, FIZ, FIZE, GEM, GEME, GEMK, GEO, GEOE, GID, GIDE, ICM, IML, IMLE, INS, INSE, ISL, ISLE, JDF, JEF, JEFE, JEO, JEOE, KIM, KIME, KMM, KMME, KOM, KOME, MAD, MADE, MAK, MAKE, MAT, MATE, MET, METE, MIM, MIME, MTO, MTOE, MUZE, PEM, PEME, PET, PETE, SBP, SBPE, SED, SEH, SGI, TEK, TEKE, TEL, UCK, UCKE, UZB, UZBE, YZVE",,
11832,MTO 492,MTO,LS,Bitirme Çalışması,,Mikdat Kadıoğlu,UUB | ---,,/,,500,1,,MTO,,
11833,ING 201A,ING,LS,Essentials of Res.Paper Writ.,,Canan Sağbilge,,Perşembe,08:30/10:29,,28,29,,"BIO, BIOE, BLG, BLGE, CEV, CEVE, CHZ, CHZE, DEN, DENE, ECNE, EHB, EHBE, EHN, ELE, ELH, ELK, ELKE, END, ENDE, ENTE, EUT, EUTE, FIZ, FIZE, GEM, GEME, GEMK, GEO, GEOE, GID, GIDE, ICM, IML, IMLE, INS, INSE, ISL, ISLE, JDF, JEF, JEFE, JEO, JEOE, KIM, KIME, KMM, KMME, KOM, KOME, MAD, MADE, MAK, MAKE, MAT, MATE, MET, METE, MIM, MIME, MTO, MTOE, MUZE, PEM, PEME, PET, PETE, SBP, SBPE, SED, SEH, SGI, TEK, TEKE, TEL, UCK, UCKE, UZB, UZBE, YZVE",,
11834,MTO 492E,MTO,LS,Graduation Project,,Mikdat Kadıoğlu,UUB | ---,,/,,500,0,,"MTO, MTOE",,
11835,ING 201A,ING,LS,Essentials of Res.Paper Writ.,,Özlem Kurnaz,,Perşembe,08:30/10:29,,28,28,,"BIO, BIOE, BLG, BLGE, CEV, CEVE, CHZ, CHZE, DEN, DENE, ECNE, EHB, EHBE, EHN, ELE, ELH, ELK, ELKE, END, ENDE, ENTE, EUT, EUTE, FIZ, FIZE, GEM, GEME, GEMK, GEO, GEOE, GID, GIDE, ICM, IML, IMLE, INS, INSE, ISL, ISLE, JDF, JEF, JEFE, JEO, JEOE, KIM, KIME, KMM, KMME, KOM, KOME, MAD, MADE, MAK, MAKE, MAT, MATE, MET, METE, MIM, MIME, MTO, MTOE, MUZE, PEM, PEME, PET, PETE, SBP, SBPE, SED, SEH, SGI, TEK, TEKE, TEL, UCK, UCKE, UZB, UZBE, YZVE",,
11836,ING 201A,ING,LS,Essentials of Res.Paper Writ.,,Esbie van Heerden,,Perşembe,08:30/10:29,,29,22,,"BIO, BIOE, BLG, BLGE, CEV, CEVE, CHZ, CHZE, DEN, DENE, ECNE, EHB, EHBE, EHN, ELE, ELH, ELK, ELKE, END, ENDE, ENTE, EUT, EUTE, FIZ, FIZE, GEM, GEME, GEMK, GEO, GEOE, GID, GIDE, ICM, IML, IMLE, INS, INSE, ISL, ISLE, JDF, JEF, JEFE, JEO, JEOE, KIM, KIME, KMM, KMME, KOM, KOME, MAD, MADE, MAK, MAKE, MAT, MATE, MET, METE, MIM, MIME, MTO, MTOE, MUZE, PEM, PEME, PET, PETE, SBP, SBPE, SED, SEH, SGI, TEK, TEKE, TEL, UCK, UCKE, UZB, UZBE, YZVE",,
11837,ING 201A,ING,LS,Essentials of Res.Paper Writ.,,Hatice Gülru Arslan,,Perşembe,08:30/10:29,,29,27,,"BIO, BIOE, BLG, BLGE, CEV, CEVE, CHZ, CHZE, DEN, DENE, ECNE, EHB, EHBE, EHN, ELE, ELH, ELK, ELKE, END, ENDE, ENTE, EUT, EUTE, FIZ, FIZE, GEM, GEME, GEMK, GEO, GEOE, GID, GIDE, ICM, IML, IMLE, INS, INSE, ISL, ISLE, JDF, JEF, JEFE, JEO, JEOE, KIM, KIME, KMM, KMME, KOM, KOME, MAD, MADE, MAK, MAKE, MAT, MATE, MET, METE, MIM, MIME, MTO, MTOE, MUZE, PEM, PEME, PET, PETE, SBP, SBPE, SED, SEH, SGI, TEK, TEKE, TEL, UCK, UCKE, UZB, UZBE, YZVE",,
11838,MTO 494,MTO,LS,Araştırma Projesi,,Mikdat Kadıoğlu,UUB | ---,,/,,500,18,,MTO,,
11839,ING 201A,ING,LS,Essentials of Res.Paper Writ.,,Tim Davis,,Perşembe,08:30/10:29,,29,28,,"BIO, BIOE, BLG, BLGE, CEV, CEVE, CHZ, CHZE, DEN, DENE, ECNE, EHB, EHBE, EHN, ELE, ELH, ELK, ELKE, END, ENDE, ENTE, EUT, EUTE, FIZ, FIZE, GEM, GEME, GEMK, GEO, GEOE, GID, GIDE, ICM, IML, IMLE, INS, INSE, ISL, ISLE, JDF, JEF, JEFE, JEO, JEOE, KIM, KIME, KMM, KMME, KOM, KOME, MAD, MADE, MAK, MAKE, MAT, MATE, MET, METE, MIM, MIME, MTO, MTOE, MUZE, PEM, PEME, PET, PETE, SBP, SBPE, SED, SEH, SGI, TEK, TEKE, TEL, UCK, UCKE, UZB, UZBE, YZVE",,
11840,ING 201A,ING,LS,Essentials of Res.Paper Writ.,,--,,Perşembe,10:30/12:29,,0,0,,"BIO, BIOE, BLG, BLGE, CEV, CEVE, CHZ, CHZE, DEN, DENE, ECNE, EHB, EHBE, EHN, ELE, ELH, ELK, ELKE, END, ENDE, ENTE, EUT, EUTE, FIZ, FIZE, GEM, GEME, GEMK, GEO, GEOE, GID, GIDE, ICM, IML, IMLE, INS, INSE, ISL, ISLE, JDF, JEF, JEFE, JEO, JEOE, KIM, KIME, KMM, KMME, KOM, KOME, MAD, MADE, MAK, MAKE, MAT, MATE, MET, METE, MIM, MIME, MTO, MTOE, MUZE, PEM, PEME, PET, PETE, SBP, SBPE, SED, SEH, SGI, TEK, TEKE, TEL, UCK, UCKE, UZB, UZBE, YZVE",,
11841,ING 201A,ING,LS,Essentials of Res.Paper Writ.,,Özlem Kurnaz,,Perşembe,10:30/12:29,,26,26,,"BIO, BIOE, BLG, BLGE, CEV, CEVE, CHZ, CHZE, DEN, DENE, ECNE, EHB, EHBE, EHN, ELE, ELH, ELK, ELKE, END, ENDE, ENTE, EUT, EUTE, FIZ, FIZE, GEM, GEME, GEMK, GEO, GEOE, GID, GIDE, ICM, IML, IMLE, INS, INSE, ISL, ISLE, JDF, JEF, JEFE, JEO, JEOE, KIM, KIME, KMM, KMME, KOM, KOME, MAD, MADE, MAK, MAKE, MAT, MATE, MET, METE, MIM, MIME, MTO, MTOE, MUZE, PEM, PEME, PET, PETE, SBP, SBPE, SED, SEH, SGI, TEK, TEKE, TEL, UCK, UCKE, UZB, UZBE, YZVE",,
11842,ING 201A,ING,LS,Essentials of Res.Paper Writ.,,Esbie van Heerden,,Perşembe,10:30/12:29,,26,16,,"BIO, BIOE, BLG, BLGE, CEV, CEVE, CHZ, CHZE, DEN, DENE, ECNE, EHB, EHBE, EHN, ELE, ELH, ELK, ELKE, END, ENDE, ENTE, EUT, EUTE, FIZ, FIZE, GEM, GEME, GEMK, GEO, GEOE, GID, GIDE, ICM, IML, IMLE, INS, INSE, ISL, ISLE, JDF, JEF, JEFE, JEO, JEOE, KIM, KIME, KMM, KMME, KOM, KOME, MAD, MADE, MAK, MAKE, MAT, MATE, MET, METE, MIM, MIME, MTO, MTOE, MUZE, PEM, PEME, PET, PETE, SBP, SBPE, SED, SEH, SGI, TEK, TEKE, TEL, UCK, UCKE, UZB, UZBE, YZVE",,
11843,ING 201A,ING,LS,Essentials of Res.Paper Writ.,,Merve Sevtap Süren,,Perşembe,10:30/12:29,,26,26,,"BIO, BIOE, BLG, BLGE, CEV, CEVE, CHZ, CHZE, DEN, DENE, ECNE, EHB, EHBE, EHN, ELE, ELH, ELK, ELKE, END, ENDE, ENTE, EUT, EUTE, FIZ, FIZE, GEM, GEME, GEMK, GEO, GEOE, GID, GIDE, ICM, IML, IMLE, INS, INSE, ISL, ISLE, JDF, JEF, JEFE, JEO, JEOE, KIM, KIME, KMM, KMME, KOM, KOME, MAD, MADE, MAK, MAKE, MAT, MATE, MET, METE, MIM, MIME, MTO, MTOE, MUZE, PEM, PEME, PET, PETE, SBP, SBPE, SED, SEH, SGI, TEK, TEKE, TEL, UCK, UCKE, UZB, UZBE, YZVE",,
11844,ING 201A,ING,LS,Essentials of Res.Paper Writ.,,Duygu Özkan,,Çarşamba,10:30/12:29,,26,26,,"BIO, BIOE, BLG, BLGE, CEV, CEVE, CHZ, CHZE, DEN, DENE, ECNE, EHB, EHBE, EHN, ELE, ELH, ELK, ELKE, END, ENDE, ENTE, EUT, EUTE, FIZ, FIZE, GEM, GEME, GEMK, GEO, GEOE, GID, GIDE, ICM, IML, IMLE, INS, INSE, ISL, ISLE, JDF, JEF, JEFE, JEO, JEOE, KIM, KIME, KMM, KMME, KOM, KOME, MAD, MADE, MAK, MAKE, MAT, MATE, MET, METE, MIM, MIME, MTO, MTOE, MUZE, PEM, PEME, PET, PETE, SBP, SBPE, SED, SEH, SGI, TEK, TEKE, TEL, UCK, UCKE, UZB, UZBE, YZVE",,
11845,ING 201A,ING,LS,Essentials of Res.Paper Writ.,,--,,Perşembe,13:30/15:29,,0,0,,"BIO, BIOE, BLG, BLGE, CEV, CEVE, CHZ, CHZE, DEN, DENE, ECNE, EHB, EHBE, EHN, ELE, ELH, ELK, ELKE, END, ENDE, ENTE, EUT, EUTE, FIZ, FIZE, GEM, GEME, GEMK, GEO, GEOE, GID, GIDE, ICM, IML, IMLE, INS, INSE, ISL, ISLE, JDF, JEF, JEFE, JEO, JEOE, KIM, KIME, KMM, KMME, KOM, KOME, MAD, MADE, MAK, MAKE, MAT, MATE, MET, METE, MIM, MIME, MTO, MTOE, MUZE, PEM, PEME, PET, PETE, SBP, SBPE, SED, SEH, SGI, TEK, TEKE, TEL, UCK, UCKE, UZB, UZBE, YZVE",,
11846,ING 201A,ING,LS,Essentials of Res.Paper Writ.,,Nilgün Eker,,Perşembe,13:30/15:29,,26,26,,"BIO, BIOE, BLG, BLGE, CEV, CEVE, CHZ, CHZE, DEN, DENE, ECNE, EHB, EHBE, EHN, ELE, ELH, ELK, ELKE, END, ENDE, ENTE, EUT, EUTE, FIZ, FIZE, GEM, GEME, GEMK, GEO, GEOE, GID, GIDE, ICM, IML, IMLE, INS, INSE, ISL, ISLE, JDF, JEF, JEFE, JEO, JEOE, KIM, KIME, KMM, KMME, KOM, KOME, MAD, MADE, MAK, MAKE, MAT, MATE, MET, METE, MIM, MIME, MTO, MTOE, MUZE, PEM, PEME, PET, PETE, SBP, SBPE, SED, SEH, SGI, TEK, TEKE, TEL, UCK, UCKE, UZB, UZBE, YZVE",,
11847,ING 201A,ING,LS,Essentials of Res.Paper Writ.,,Hatice Gülru Arslan,,Perşembe,13:30/15:29,,27,27,,"BIO, BIOE, BLG, BLGE, CEV, CEVE, CHZ, CHZE, DEN, DENE, ECNE, EHB, EHBE, EHN, ELE, ELH, ELK, ELKE, END, ENDE, ENTE, EUT, EUTE, FIZ, FIZE, GEM, GEME, GEMK, GEO, GEOE, GID, GIDE, ICM, IML, IMLE, INS, INSE, ISL, ISLE, JDF, JEF, JEFE, JEO, JEOE, KIM, KIME, KMM, KMME, KOM, KOME, MAD, MADE, MAK, MAKE, MAT, MATE, MET, METE, MIM, MIME, MTO, MTOE, MUZE, PEM, PEME, PET, PETE, SBP, SBPE, SED, SEH, SGI, TEK, TEKE, TEL, UCK, UCKE, UZB, UZBE, YZVE",,
11848,ING 201A,ING,LS,Essentials of Res.Paper Writ.,,Merve Sevtap Süren,,Perşembe,13:30/15:29,,27,27,,"BIO, BIOE, BLG, BLGE, CEV, CEVE, CHZ, CHZE, DEN, DENE, ECNE, EHB, EHBE, EHN, ELE, ELH, ELK, ELKE, END, ENDE, ENTE, EUT, EUTE, FIZ, FIZE, GEM, GEME, GEMK, GEO, GEOE, GID, GIDE, ICM, IML, IMLE, INS, INSE, ISL, ISLE, JDF, JEF, JEFE, JEO, JEOE, KIM, KIME, KMM, KMME, KOM, KOME, MAD, MADE, MAK, MAKE, MAT, MATE, MET, METE, MIM, MIME, MTO, MTOE, MUZE, PEM, PEME, PET, PETE, SBP, SBPE, SED, SEH, SGI, TEK, TEKE, TEL, UCK, UCKE, UZB, UZBE, YZVE",,
11849,ING 201A,ING,LS,Essentials of Res.Paper Writ.,,Tim Davis,,Perşembe,13:30/15:29,,27,23,,"BIO, BIOE, BLG, BLGE, CEV, CEVE, CHZ, CHZE, DEN, DENE, ECNE, EHB, EHBE, EHN, ELE, ELH, ELK, ELKE, END, ENDE, ENTE, EUT, EUTE, FIZ, FIZE, GEM, GEME, GEMK, GEO, GEOE, GID, GIDE, ICM, IML, IMLE, INS, INSE, ISL, ISLE, JDF, JEF, JEFE, JEO, JEOE, KIM, KIME, KMM, KMME, KOM, KOME, MAD, MADE, MAK, MAKE, MAT, MATE, MET, METE, MIM, MIME, MTO, MTOE, MUZE, PEM, PEME, PET, PETE, SBP, SBPE, SED, SEH, SGI, TEK, TEKE, TEL, UCK, UCKE, UZB, UZBE, YZVE",,
11850,ING 201A,ING,LS,Essentials of Res.Paper Writ.,,--,,Cuma,08:30/10:29,,0,0,,"BIO, BIOE, BLG, BLGE, CEV, CEVE, CHZ, CHZE, DEN, DENE, ECNE, EHB, EHBE, EHN, ELE, ELH, ELK, ELKE, END, ENDE, ENTE, EUT, EUTE, FIZ, FIZE, GEM, GEME, GEMK, GEO, GEOE, GID, GIDE, ICM, IML, IMLE, INS, INSE, ISL, ISLE, JDF, JEF, JEFE, JEO, JEOE, KIM, KIME, KMM, KMME, KOM, KOME, MAD, MADE, MAK, MAKE, MAT, MATE, MET, METE, MIM, MIME, MTO, MTOE, MUZE, PEM, PEME, PET, PETE, SBP, SBPE, SED, SEH, SGI, TEK, TEKE, TEL, UCK, UCKE, UZB, UZBE, YZVE",,
11851,ING 201A,ING,LS,Essentials of Res.Paper Writ.,,Tim Davis,,Cuma,08:30/10:29,,28,23,,"BIO, BIOE, BLG, BLGE, CEV, CEVE, CHZ, CHZE, DEN, DENE, ECNE, EHB, EHBE, EHN, ELE, ELH, ELK, ELKE, END, ENDE, ENTE, EUT, EUTE, FIZ, FIZE, GEM, GEME, GEMK, GEO, GEOE, GID, GIDE, ICM, IML, IMLE, INS, INSE, ISL, ISLE, JDF, JEF, JEFE, JEO, JEOE, KIM, KIME, KMM, KMME, KOM, KOME, MAD, MADE, MAK, MAKE, MAT, MATE, MET, METE, MIM, MIME, MTO, MTOE, MUZE, PEM, PEME, PET, PETE, SBP, SBPE, SED, SEH, SGI, TEK, TEKE, TEL, UCK, UCKE, UZB, UZBE, YZVE",,
11852,ING 201A,ING,LS,Essentials of Res.Paper Writ.,,Canan Sağbilge,,Cuma,08:30/10:29,,29,31,,"BIO, BIOE, BLG, BLGE, CEV, CEVE, CHZ, CHZE, DEN, DENE, ECNE, EHB, EHBE, EHN, ELE, ELH, ELK, ELKE, END, ENDE, ENTE, EUT, EUTE, FIZ, FIZE, GEM, GEME, GEMK, GEO, GEOE, GID, GIDE, ICM, IML, IMLE, INS, INSE, ISL, ISLE, JDF, JEF, JEFE, JEO, JEOE, KIM, KIME, KMM, KMME, KOM, KOME, MAD, MADE, MAK, MAKE, MAT, MATE, MET, METE, MIM, MIME, MTO, MTOE, MUZE, PEM, PEME, PET, PETE, SBP, SBPE, SED, SEH, SGI, TEK, TEKE, TEL, UCK, UCKE, UZB, UZBE, YZVE",,
11854,ING 201A,ING,LS,Essentials of Res.Paper Writ.,,--,,Cuma,10:30/12:29,,0,0,,"BIO, BIOE, BLG, BLGE, CEV, CEVE, CHZ, CHZE, DEN, DENE, ECNE, EHB, EHBE, EHN, ELE, ELH, ELK, ELKE, END, ENDE, ENTE, EUT, EUTE, FIZ, FIZE, GEM, GEME, GEMK, GEO, GEOE, GID, GIDE, ICM, IML, IMLE, INS, INSE, ISL, ISLE, JDF, JEF, JEFE, JEO, JEOE, KIM, KIME, KMM, KMME, KOM, KOME, MAD, MADE, MAK, MAKE, MAT, MATE, MET, METE, MIM, MIME, MTO, MTOE, MUZE, PEM, PEME, PET, PETE, SBP, SBPE, SED, SEH, SGI, TEK, TEKE, TEL, UCK, UCKE, UZB, UZBE, YZVE",,
11855,ING 201A,ING,LS,Essentials of Res.Paper Writ.,,Merve Sevtap Süren,,Cuma,10:30/12:29,,26,25,,"BIO, BIOE, BLG, BLGE, CEV, CEVE, CHZ, CHZE, DEN, DENE, ECNE, EHB, EHBE, EHN, ELE, ELH, ELK, ELKE, END, ENDE, ENTE, EUT, EUTE, FIZ, FIZE, GEM, GEME, GEMK, GEO, GEOE, GID, GIDE, ICM, IML, IMLE, INS, INSE, ISL, ISLE, JDF, JEF, JEFE, JEO, JEOE, KIM, KIME, KMM, KMME, KOM, KOME, MAD, MADE, MAK, MAKE, MAT, MATE, MET, METE, MIM, MIME, MTO, MTOE, MUZE, PEM, PEME, PET, PETE, SBP, SBPE, SED, SEH, SGI, TEK, TEKE, TEL, UCK, UCKE, UZB, UZBE, YZVE",,
11856,ING 201A,ING,LS,Essentials of Res.Paper Writ.,,Duygu Özkan,,Cuma,10:30/12:29,,26,25,,"BIO, BIOE, BLG, BLGE, CEV, CEVE, CHZ, CHZE, DEN, DENE, ECNE, EHB, EHBE, EHN, ELE, ELH, ELK, ELKE, END, ENDE, ENTE, EUT, EUTE, FIZ, FIZE, GEM, GEME, GEMK, GEO, GEOE, GID, GIDE, ICM, IML, IMLE, INS, INSE, ISL, ISLE, JDF, JEF, JEFE, JEO, JEOE, KIM, KIME, KMM, KMME, KOM, KOME, MAD, MADE, MAK, MAKE, MAT, MATE, MET, METE, MIM, MIME, MTO, MTOE, MUZE, PEM, PEME, PET, PETE, SBP, SBPE, SED, SEH, SGI, TEK, TEKE, TEL, UCK, UCKE, UZB, UZBE, YZVE",,
11859,ING 201A,ING,LS,Essentials of Res.Paper Writ.,,Merve Sevtap Süren,,Cuma,14:00/15:59,,29,29,,"BIO, BIOE, BLG, BLGE, CEV, CEVE, CHZ, CHZE, DEN, DENE, ECNE, EHB, EHBE, EHN, ELE, ELH, ELK, ELKE, END, ENDE, ENTE, EUT, EUTE, FIZ, FIZE, GEM, GEME, GEMK, GEO, GEOE, GID, GIDE, ICM, IML, IMLE, INS, INSE, ISL, ISLE, JDF, JEF, JEFE, JEO, JEOE, KIM, KIME, KMM, KMME, KOM, KOME, MAD, MADE, MAK, MAKE, MAT, MATE, MET, METE, MIM, MIME, MTO, MTOE, MUZE, PEM, PEME, PET, PETE, SBP, SBPE, SED, SEH, SGI, TEK, TEKE, TEL, UCK, UCKE, UZB, UZBE, YZVE",,
11862,ING 101,ING,LS,English I,,Pelin Gökalp Yılmazer,,Salı,08:30/11:29,,25,5,,"BIO, BIOE, BLG, BLGE, CEV, CEVE, CHZ, CHZE, DEN, DENE, DUIE, ECNE, EHB, EHBE, EHN, ELE, ELH, ELK, ELKE, END, ENDE, EUT, EUTE, FIZ, FIZE, GEM, GEME, GEMK, GEO, GEOE, GID, GIDE, GMIE, ICM, IML, IMLE, INS, INSE, ISL, ISLE, JDF, JEF, JEFE, JEO, JEOE, KIM, KIME, KMM, KMME, KOM, KOME, MAD, MADE, MAK, MAKE, MAT, MATE, MET, METE, MIM, MIME, MTO, MTOE, MUZE, PEM, PEME, PET, PETE, SBP, SBPE, SEH, TEK, TEKE, TEL, UCK, UCKE, UZB, UZBE",,
11863,ING 102,ING,LS,English II,,Damla Aslı Altan,,Perşembe,08:30/11:29,,25,13,,"BIO, BIOE, BLG, BLGE, CEV, CEVE, CHZ, CHZE, DEN, DENE, DUIE, ECNE, EHB, EHBE, EHN, ELE, ELH, ELK, ELKE, END, ENDE, EUT, EUTE, FIZ, FIZE, GEM, GEME, GEMK, GEO, GEOE, GID, GIDE, GMIE, ICM, IML, IMLE, INS, INSE, ISL, ISLE, JDF, JEF, JEFE, JEO, JEOE, KIM, KIME, KMM, KMME, KOM, KOME, MAD, MADE, MAK, MAKE, MAT, MATE, MET, METE, MIM, MIME, MTO, MTOE, MUZE, PEM, PEME, PET, PETE, SBP, SBPE, SEH, TEK, TEKE, TEL, UCK, UCKE, UZB, UZBE",,
11864,ING 103CO,ING,LS,Profess.Communic.for Engineers,,Fatma Betül Akpınar,,Pazartesi,08:30/11:29,,26,25,,"ARC, BIO, BIOE, BLG, BLGE, BST, CAB, CEB, CEN, CEV, CEVE, CHZ, CHZE, DEN, DENE, DUI, ECNE, EEE, EFN, EHB, EHBE, EHS, ELE, ELH, ELK, ELKE, END, ENDE, ENTE, EUT, EUTE, FIZ, FIZE, GEM, GEME, GEMK, GEO, GEOE, GID, GIDE, GMI, GMIE, ICM, IML, IMLE, INS, INSE, ISL, ISLE, JDF, JEF, JEFE, JEO, JEOE, KIM, KIME, KMM, KMME, KMP, KOM, KOME, MAD, MADE, MAK, MAKE, MAT, MATE, MET, METE, MIM, MIME, MMD, MTM, MTO, MTOE, MTR, MUT, MUZ, MUZE, MZT, PEM, PEME, PET, PETE, SBP, SBPE, SES, TEB, TEK, TEKE, TEL, THO, UCK, UCKE, UZB, UZBE, YZVE",,
11865,ING 103CO,ING,LS,Profess.Communic.for Engineers,,Fatma Betül Akpınar,,Çarşamba,08:30/11:29,,26,25,,"ARC, BIO, BIOE, BLG, BLGE, BST, CAB, CEB, CEN, CEV, CEVE, CHZ, CHZE, DEN, DENE, DUI, ECNE, EEE, EFN, EHB, EHBE, EHS, ELE, ELH, ELK, ELKE, END, ENDE, ENTE, EUT, EUTE, FIZ, FIZE, GEM, GEME, GEMK, GEO, GEOE, GID, GIDE, GMI, GMIE, ICM, IML, IMLE, INS, INSE, ISL, ISLE, JDF, JEF, JEFE, JEO, JEOE, KIM, KIME, KMM, KMME, KMP, KOM, KOME, MAD, MADE, MAK, MAKE, MAT, MATE, MET, METE, MIM, MIME, MMD, MTM, MTO, MTOE, MTR, MUT, MUZ, MUZE, MZT, PEM, PEME, PET, PETE, SBP, SBPE, SES, TEB, TEK, TEKE, TEL, THO, UCK, UCKE, UZB, UZBE, YZVE",,
11866,ING 103CO,ING,LS,Profess.Communic.for Engineers,,İmge Şahin Girtten,,Perşembe,08:30/11:29,,26,26,,"ARC, BIO, BIOE, BLG, BLGE, BST, CAB, CEB, CEN, CEV, CEVE, CHZ, CHZE, DEN, DENE, DUI, ECNE, EEE, EFN, EHB, EHBE, EHS, ELE, ELH, ELK, ELKE, END, ENDE, ENTE, EUT, EUTE, FIZ, FIZE, GEM, GEME, GEMK, GEO, GEOE, GID, GIDE, GMI, GMIE, ICM, IML, IMLE, INS, INSE, ISL, ISLE, JDF, JEF, JEFE, JEO, JEOE, KIM, KIME, KMM, KMME, KMP, KOM, KOME, MAD, MADE, MAK, MAKE, MAT, MATE, MET, METE, MIM, MIME, MMD, MTM, MTO, MTOE, MTR, MUT, MUZ, MUZE, MZT, PEM, PEME, PET, PETE, SBP, SBPE, SES, TEB, TEK, TEKE, TEL, THO, UCK, UCKE, UZB, UZBE, YZVE",,
11867,ING 103CO,ING,LS,Profess.Communic.for Engineers,,İmge Şahin Girtten,,Cuma,08:30/11:29,,26,21,,"ARC, BIO, BIOE, BLG, BLGE, BST, CAB, CEB, CEN, CEV, CEVE, CHZ, CHZE, DEN, DENE, DUI, ECNE, EEE, EFN, EHB, EHBE, EHS, ELE, ELH, ELK, ELKE, END, ENDE, ENTE, EUT, EUTE, FIZ, FIZE, GEM, GEME, GEMK, GEO, GEOE, GID, GIDE, GMI, GMIE, ICM, IML, IMLE, INS, INSE, ISL, ISLE, JDF, JEF, JEFE, JEO, JEOE, KIM, KIME, KMM, KMME, KMP, KOM, KOME, MAD, MADE, MAK, MAKE, MAT, MATE, MET, METE, MIM, MIME, MMD, MTM, MTO, MTOE, MTR, MUT, MUZ, MUZE, MZT, PEM, PEME, PET, PETE, SBP, SBPE, SES, TEB, TEK, TEKE, TEL, THO, UCK, UCKE, UZB, UZBE, YZVE",,
11868,ING 103N,ING,LS,Film Studies,,İrem Bocutoğlu,,Salı,08:30/11:29,,26,25,,"ARC, BIO, BIOE, BLG, BLGE, CEN, CEV, CEVE, CHZ, CHZE, DEN, DENE, DUI, DUIE, ECNE, EEE, EFN, EHB, EHBE, EHN, EHS, ELE, ELH, ELK, ELKE, END, ENDE, ENTE, EUT, EUTE, FIZ, FIZE, GEM, GEME, GEMK, GEO, GEOE, GID, GIDE, GMIE, ICM, IML, IMLE, INS, INSE, ISL, ISLE, JDF, JEF, JEFE, JEO, JEOE, KIM, KIME, KMM, KMME, KOM, KOME, MAD, MADE, MAK, MAKE, MAT, MATE, MET, METE, MIM, MIME, MMD, MTM, MTO, MTOE, MUZE, PEM, PEME, PET, PETE, SBP, SBPE, SEH, TEK, TEKE, TEL, UCK, UCKE, UZB, UZBE, YZVE",,
11869,ING 103N,ING,LS,Film Studies,,İrem Bocutoğlu,,Perşembe,08:30/11:29,,26,26,,"ARC, BIO, BIOE, BLG, BLGE, CEN, CEV, CEVE, CHZ, CHZE, DEN, DENE, DUI, DUIE, ECNE, EEE, EFN, EHB, EHBE, EHN, EHS, ELE, ELH, ELK, ELKE, END, ENDE, ENTE, EUT, EUTE, FIZ, FIZE, GEM, GEME, GEMK, GEO, GEOE, GID, GIDE, GMIE, ICM, IML, IMLE, INS, INSE, ISL, ISLE, JDF, JEF, JEFE, JEO, JEOE, KIM, KIME, KMM, KMME, KOM, KOME, MAD, MADE, MAK, MAKE, MAT, MATE, MET, METE, MIM, MIME, MMD, MTM, MTO, MTOE, MUZE, PEM, PEME, PET, PETE, SBP, SBPE, SEH, TEK, TEKE, TEL, UCK, UCKE, UZB, UZBE, YZVE",,
11870,ING 103H,ING,LS,Public Presentations,,Pelin Gökalp Yılmazer,MED,Çarşamba,08:30/11:29,A33,26,25,,"ARC, BIO, BIOE, BLG, BLGE, CEN, CEV, CEVE, CHZ, CHZE, DEN, DENE, DUI, DUIE, ECNE, EEE, EFN, EHB, EHBE, EHN, EHS, ELE, ELH, ELK, ELKE, END, ENDE, ENTE, EUT, EUTE, FIZ, FIZE, GEM, GEME, GEMK, GEO, GEOE, GID, GIDE, GMIE, ICM, IML, IMLE, INS, INSE, ISL, ISLE, JDF, JEF, JEFE, JEO, JEOE, KIM, KIME, KMM, KMME, KOM, KOME, MAD, MADE, MAK, MAKE, MAT, MATE, MET, METE, MIM, MIME, MMD, MTM, MTO, MTOE, PEM, PEME, PET, PETE, SBP, SBPE, SEH, TEK, TEKE, TEL, UCK, UCKE, UZB, UZBE, YZVE",,
11871,ING 103H,ING,LS,Public Presentations,,Pelin Gökalp Yılmazer,MED,Perşembe,13:30/16:29,A36,26,20,,"ARC, BIO, BIOE, BLG, BLGE, CEN, CEV, CEVE, CHZ, CHZE, DEN, DENE, DUI, DUIE, ECNE, EEE, EFN, EHB, EHBE, EHN, EHS, ELE, ELH, ELK, ELKE, END, ENDE, ENTE, EUT, EUTE, FIZ, FIZE, GEM, GEME, GEMK, GEO, GEOE, GID, GIDE, GMIE, ICM, IML, IMLE, INS, INSE, ISL, ISLE, JDF, JEF, JEFE, JEO, JEOE, KIM, KIME, KMM, KMME, KOM, KOME, MAD, MADE, MAK, MAKE, MAT, MATE, MET, METE, MIM, MIME, MMD, MTM, MTO, MTOE, PEM, PEME, PET, PETE, SBP, SBPE, SEH, TEK, TEKE, TEL, UCK, UCKE, UZB, UZBE, YZVE",,
11872,ING 103I,ING,LS,Short Stories,,Yasemin Yılmaz Yüksek,MEDB,Cuma,08:30/11:29,102,26,10,,"ARC, BIO, BIOE, BLG, BLGE, CEN, CEV, CEVE, CHZ, CHZE, DEN, DENE, DUI, DUIE, ECNE, EEE, EFN, EHB, EHBE, EHN, EHS, ELE, ELH, ELK, ELKE, END, ENDE, ENTE, EUT, EUTE, FIZ, FIZE, GEM, GEME, GEMK, GEO, GEOE, GID, GIDE, GMIE, ICM, IML, IMLE, INS, INSE, ISL, ISLE, JDF, JEF, JEFE, JEO, JEOE, KIM, KIME, KMM, KMME, KOM, KOME, MAD, MADE, MAK, MAKE, MAT, MATE, MET, METE, MIM, MIME, MMD, MTM, MTO, MTOE, MUZE, PEM, PEME, PET, PETE, SBP, SBPE, SEH, TEK, TEKE, TEL, UCK, UCKE, UZB, UZBE, YZVE",,
11873,ING 103I,ING,LS,Short Stories,,Dilek Öztürk,MED,Pazartesi,08:30/11:29,B31,26,24,,"ARC, BIO, BIOE, BLG, BLGE, CEN, CEV, CEVE, CHZ, CHZE, DEN, DENE, DUI, DUIE, ECNE, EEE, EFN, EHB, EHBE, EHN, EHS, ELE, ELH, ELK, ELKE, END, ENDE, ENTE, EUT, EUTE, FIZ, FIZE, GEM, GEME, GEMK, GEO, GEOE, GID, GIDE, GMIE, ICM, IML, IMLE, INS, INSE, ISL, ISLE, JDF, JEF, JEFE, JEO, JEOE, KIM, KIME, KMM, KMME, KOM, KOME, MAD, MADE, MAK, MAKE, MAT, MATE, MET, METE, MIM, MIME, MMD, MTM, MTO, MTOE, MUZE, PEM, PEME, PET, PETE, SBP, SBPE, SEH, TEK, TEKE, TEL, UCK, UCKE, UZB, UZBE, YZVE",,
11874,UCK 207E,UCK,LS,Thermodynamics,,Bülent Tutkun,UUB,Cuma,09:30/12:29,D216,90,102,,"UZB, UZBE",,
11875,UZB 487E,UZB,LS,CAD/CAM,,Hüsnü Barbaros Soyer,UUB,Cuma,14:30/17:29,BIL1,60,57,,"UCK, UCKE, UCKM, UZB, UZBE, UZBM",,
11876,DNK 201E,DNK,LS,Dynamics,,Bülent Tutkun,UUB,Pazartesi,14:30/17:29,D110,70,69,,"DEN, DENE, DUI, DUIE, DUIK, EEE, EHB, EHBE, EHS, ELE, ELH, ELK, ELKE, FIZ, FIZE, GEM, GEME, GEMK, GMI, GMIE, INS, INSE, JEO, JEOE, KOM, KOME, KON, KONE, MAD, MAT, MATE, MTM, MTO, NAE, PETE, TEK, TEL, UCK, UCKE, UCKM, UZB, UZBE, UZBM",,
11877,UCK 348E,UCK,LS,Computer Applic.in Engineering,,Bülent Tutkun,UUB,Perşembe,11:30/14:29,D215,55,55,,"UCK, UCKE, UZB, UZBE",,
11878,DNK 201E,DNK,LS,Dynamics,,Cemil Kurtcebe,UUB,Pazartesi,14:30/17:29,D214,70,41,,"DEN, DENE, DUI, DUIE, DUIK, EEE, EHB, EHBE, EHS, ELE, ELH, ELK, ELKE, FIZ, FIZE, GEM, GEME, GEMK, GMI, GMIE, INS, INSE, JEO, JEOE, KOM, KOME, KON, KONE, MAD, MAT, MATE, MTM, MTO, NAE, PETE, TEK, TEL, UCK, UCKE, UCKM, UZB, UZBE, UZBM",,
11879,UZB 112,UZB,LS,Bilgisayarla Teknik Resim,,Hüsnü Barbaros Soyer,UUB,Perşembe,14:30/17:29,BIL1,70,66,,"UCK, UZB",,
11880,UZB 112E,UZB,LS,Computer Aided Drafting,,Hüsnü Barbaros Soyer,UUB,Perşembe,08:30/11:29,BIL1,70,69,,"UCK, UCKE, UZB, UZBE",,
11881,UZB 112E,UZB,LS,Computer Aided Drafting,,Hüsnü Barbaros Soyer,UUB,Cuma,08:30/11:29,BIL1,70,16,,"UCK, UCKE, UZB, UZBE",,
11882,UCK 205E,UCK,LS,Thermodynamics I,,Ayşe Gül Güngör,UUB,Çarşamba,09:30/11:29,D213,50,22,,"UCK, UZBE",,
11883,UCK 207,UCK,LS,Termodinamik,,Baha Zafer,UUB,Cuma,09:30/12:29,D-Z08,70,64,,"UCK, UZB",,
11884,UCK 305,UCK,LS,Aerodinamik,,Baha Zafer,UUB,Çarşamba,12:30/15:29,D-Z08,100,106,,UCK,,
11885,UCK 303E,UCK,LS,Automatic Control,,Emre Koyuncu,UUB,Salı,14:30/17:29,D213,80,76,,"UCK, UZB, UZBE",,
11886,UCK 217E,UCK,LS,Aerospace Materials,,Hülya Cebeci,UUB,Pazartesi,09:30/12:29,D216,100,100,,"UCK, UZB, UZBE",,
11887,UCK 217E,UCK,LS,Aerospace Materials,,Hülya Cebeci,UUB,Salı,08:30/11:29,D216,100,111,,"UCK, UZB, UZBE",,
11888,UCK 445,UCK,LS,Helikopter Tasarımı,,--,UUB,Cuma,09:30/12:29,---,0,0,,UCK,,
11889,UZB 301E,UZB,LS,Measurement Techniques,,Saliha Banu Yılmaz,UUB,Perşembe,09:30/12:29,D113,48,35,,"UCK, UZB, UZBE",,
11890,UCK 322E,UCK,LS,Flight Mechanics,,Barış Başpınar,UUB,Pazartesi,11:30/14:29,D-Z09,50,30,,"UCK, UCKE, UCKM",,
11891,UCK 322E,UCK,LS,Flight Mechanics,,Barış Başpınar,UUB,Çarşamba,08:30/11:29,D209,55,58,,"UCK, UCKE, UCKM",,
11892,UZB 242E,UZB,LS,Basic Astronomy,,Cuma Yarım,UUB,Çarşamba,08:30/11:29,D113,40,12,,"UZB, UZBE",,
11893,MUK 203E,MUK,LS,Strength of Materials I,,Demet Balkan,UUB,Pazartesi,08:30/11:29,D213,60,20,,"DEN, DENE, ELE, ELH, GEM, GEME, GEMK, JEO, JEOE, NAE, TEL, UCK, UCKE, UZB, UZBE",,
11894,MUK 211E,MUK,LS,Strength of Materials,,Demet Balkan,"UUB
UUB | D216
D216",Pazartesi | Salı,12:30/14:29 | 11:30/13:29,,70,73,,"UCK, UZB, UZBE",,
11895,UZB 352E,UZB,LS,Orbital Mechanics,,Demet Çilden Güler,UUB,Pazartesi,14:30/17:29,D216,130,130,,"UZB, UZBE, UZBM",,
11896,UZB 301,UZB,LS,Ölçme Tekniği,,Duygu Erdem,UUB,Pazartesi,14:30/17:29,D209,48,47,,"UCK, UZB",,
11897,DAN 101,DAN,LS,Akademik Danışmanlık,,Duygu Erdem,UUB,Çarşamba,15:30/17:29,D-Z08,70,1,,"UCK, UZB, UZBE",,
11898,UCK 423E,UCK,LS,Princip. of Aircraft Design I,,Hayri Acar,UUB,Salı,11:30/14:29,D209,55,47,,"UCK, UCKM",,
11899,UCK 423E,UCK,LS,Princip. of Aircraft Design I,,Hayri Acar,UUB,Salı,14:30/17:29,D209,55,51,,"UCK, UCKM",,
11900,UCK 468E,UCK,LS,"Guidance, Control & Navigation",,İsmail Bayezit,UUB,Perşembe,08:30/11:29,D215,55,54,,"UCK, UCKE, UZB, UZBE, UZBM",,
11901,GMI 114,GMI,LS,Malz.Bilgisi ve Üretim Yöntem.,,Hakan Demirel,DZB,Salı,15:30/17:29,---,75,76,,GMI,,
11902,GMI 118,GMI,LS,Gemi Mak. İşl.Müh.Gir.veEtik,,Kadir Çiçek,DZB,Pazartesi,08:30/11:29,---,78,79,,GMI,,
11903,GMI 206,GMI,LS,Atölye,,Çağlar Karatuğ,DZB,Pazartesi,11:30/14:29,---,40,31,,GMI,,
11904,GMI 206,GMI,LS,Atölye,,Çağlar Karatuğ,DZB,Pazartesi,14:30/17:29,---,40,32,,GMI,,
11905,GMI 254,GMI,LS,Gemi Yardımcı Makineleri I,,Ömer Berkehan İnal,DZB,Çarşamba,08:30/11:29,---,60,60,,GMI,,
11906,GMI 270E,GMI,LS,Maritime English II,,Müjgan Özenir,DZB,Salı,13:30/15:29,---,55,55,,"GMI, GMIE",,
11907,GMI 270E,GMI,LS,Maritime English II,,Müjgan Özenir,DZB,Çarşamba,09:30/11:29,---,50,17,,"GMI, GMIE",,
11908,GMI 301,GMI,LS,Deniz Hukuku,,Hakan Muran,DZB,Cuma,08:30/10:29,---,55,51,,GMI,,
11909,GMI 301,GMI,LS,Deniz Hukuku,,Hakan Muran,DZB,Cuma,10:30/12:29,---,54,53,,GMI,,
11910,GMI 313,GMI,LS,Gemi Buhar Kazanları & Operas.,,Fırat Bolat,DZB,Perşembe,10:30/12:29,---,80,80,,GMI,,
11911,GMI 320,GMI,LS,Gemi İnşaatı ve Stabilite,,Hakan Demirel,DZB,Salı,12:30/14:29,---,67,67,,GMI,,
11912,GMI 324,GMI,LS,Gemi Mak. Operasyon&Bakımı,,Gazi Koçak,DZB,Pazartesi,08:30/10:29,---,40,32,,GMI,,
11913,GMI 324,GMI,LS,Gemi Mak. Operasyon&Bakımı,,Gazi Koçak,DZB,Perşembe,15:30/17:29,---,43,41,,GMI,,
11915,GMI 333,GMI,LS,Gemi Dizel Makineleri II,,Cengiz Deniz,DZB,Pazartesi,11:30/13:29,---,50,45,,GMI,,
11916,DNK 201,DNK,LS,Dinamik,,Özge Özdemir,UUB,Pazartesi,14:30/17:29,D-Z09,60,65,,"DUI, EHB, ELE, ELH, ELK, FIZ, INS, JEO, KOM, KON, MTO, TEK, TEL, UCK, UCKM, UZB, UZBM",,
11917,GMI 333,GMI,LS,Gemi Dizel Makineleri II,,Burak Zincir,DZB,Çarşamba,12:30/14:29,---,50,37,,GMI,,
11918,GMI 341E,GMI,LS,Automatic Control Systems,,İsmail Çiçek,DZB,Perşembe,12:30/15:29,---,100,97,,"GMI, GMIE",,
11919,UCK 459E,UCK,LS,Helicopter Theory,,Özge Özdemir,UUB,Pazartesi,08:30/11:29,D209,55,79,,"UCK, UCKE, UZB, UZBE, UZBM",,
11920,GMI 342E,GMI,LS,Maritime Rules & Regulations,,Fırat Bolat,DZB,Perşembe,08:30/10:29,---,90,77,,"GMI, GMIE",,
11921,GMI 352,GMI,LS,Isı Geçişi,,Yalçın Durmuşoğlu,DZB,Perşembe,12:30/15:29,---,50,19,,GMI,,
11922,MAT 201E,MAT,LS,Differential Equations,,Seher Eken,UUB,Perşembe,08:30/12:29,D216,100,108,,"UCK, UZBE",,
11923,GMI 384E,GMI,LS,Engine Room Simulator (ERS) I,,İsmail Çiçek,DZB,Pazartesi,14:30/17:29,---,19,18,,GMI,,
11924,GMI 384E,GMI,LS,Engine Room Simulator (ERS) I,,Kadir Çiçek,DZB,Salı,08:30/11:29,---,17,17,,GMI,,
11925,GMI 384E,GMI,LS,Engine Room Simulator (ERS) I,,Metin Çelik,DZB,Çarşamba,08:30/11:29,---,17,17,,GMI,,
11926,GMI 392E,GMI,LS,Long Term Sea Training,,İsmail Çiçek,DZB | ---,,/,,500,3,,"GMI, GMIE",,
11929,GMI 454,GMI,LS,Gemi Yardımcı Makineleri II,,Ömer Berkehan İnal,DZB,Çarşamba,12:30/15:29,---,93,90,,GMI,,
11930,GMI 457,GMI,LS,Gemi Elektrotekniği,,Gazi Koçak,DZB,Perşembe,08:30/10:29,---,80,74,,GMI,,
11931,GMI 473,GMI,LS,Gemi Dizel Makineleri III,,Yalçın Durmuşoğlu,DZB,Salı,09:30/11:29,---,97,94,,GMI,,
11932,GMI 4901,GMI,LS,Gemi Mak. İşl. Müh. Tasarımı I,,Burak Zincir,DZB | ---,,/,,500,71,,GMI,,
11933,GMI 4902,GMI,LS,Gemi Mak. İşl. Müh.Tasarımı II,,Burak Zincir,DZB | ---,,/,,500,9,,GMI,,
11934,BIL 110E,BIL,LS,Intr. to Prog. Language (C),,Egnar Özdikililer,UUB,Salı,09:30/12:29,BIL1,105,105,,"UCK, UCKE, UZB, UZBE",,
11935,GMI 492,GMI,LS,Tasarım Projesi,,Burak Zincir,DZB | ---,,/,,500,1,,GMI,,
11936,GMI 492E,GMI,LS,Design Project,,Burak Zincir,DZB | ---,,/,,500,0,,GMIE,,
11937,BIL 110E,BIL,LS,Intr. to Prog. Language (C),,Egnar Özdikililer,UUB,Çarşamba,08:30/11:29,BIL1,105,107,,"UCK, UCKE, UZB, UZBE",,
11938,UZB 415E,UZB,LS,Spacecraft Systems Design I,,Alim Rüstem Aslan,UUB,Salı,08:30/11:29,D213,50,34,,"UZB, UZBE, UZBM",,
11939,UZB 415E,UZB,LS,Spacecraft Systems Design I,,Alim Rüstem Aslan,UUB,Pazartesi,11:30/14:29,D213,50,56,,"UZB, UZBE, UZBM",,
11940,UCK 305E,UCK,LS,Aerodynamics,,Aydın Mısırlıoğlu,UUB,Çarşamba,12:30/15:29,D216,120,117,,"UZB, UZBE",,
11941,END 113,END,LS,Endüstri Müh. Giriş ve Etik,,Seçkin Polat,INB,Çarşamba,10:30/12:29,A305,70,23,,END,,
11942,END 113,END,LS,Endüstri Müh. Giriş ve Etik,,Seçkin Polat,MED,Çarşamba,13:30/15:29,A35,90,90,,END,,
11943,END 113E,END,LS,Int.to Industrial Eng.& Ethics,,"Şeyda Serdar Asan, Murat Durucu",MED,Çarşamba,13:30/15:29,A13,140,131,,"ENDE, IND",,
11944,END 210,END,LS,End. Müh.için Doğrusal Cebir,,Cafer Erhan Bozdağ,INB,Pazartesi,08:30/11:29,B308,50,28,,END,,
11945,END 210,END,LS,End. Müh.için Doğrusal Cebir,,Cafer Erhan Bozdağ,INB,Pazartesi,11:30/14:29,A304,65,68,,END,,
11946,END 210E,END,LS,Linear Algebra for Indust.Eng.,,Erkan Işıklı,MDB,Pazartesi,13:30/16:29,B208,80,80,,"ENDE, IND",,
11947,UCK 361E,UCK,LS,Design of Machine Elements,,Halit Süleyman Türkmen,UUB,Salı,09:30/12:29,D113,55,55,,"UCK, UCKE, UCKM, UZB, UZBE, UZBM",,
11948,END 215,END,LS,Sistem Düşüncesi ve Analizi,,Çiğdem Kadaifçi,EEB,Salı,09:30/11:29,1301,85,82,,END,,
11949,END 215,END,LS,Sistem Düşüncesi ve Analizi,,Çiğdem Kadaifçi,MED,Cuma,10:30/12:29,A16,75,46,,END,,
11950,END 215E,END,LS,System Thinking and Analysis,,Çiğdem Kadaifçi,EEB,Salı,12:30/14:29,5302,110,109,,"ENDE, IND",,
11951,END 213E,END,LS,Data Manag.in Industrial Syst.,,Başar Öztayşi,,Pazartesi,14:30/17:29,,155,117,,"END, ENDE, IND, ISL, ISLE",,
11952,UCK 4901,UCK,LS,Uçak Müh. Tasarımı I,,Halit Süleyman Türkmen,UUB | ---,,/,,500,84,,UCK,,
11953,UCK 4902,UCK,LS,Uçak Müh. Tasarımı II,,Halit Süleyman Türkmen,UUB | ---,,/,,500,17,,UCK,,
11954,UCK 492,UCK,LS,Bitirme Çalışması,,Halit Süleyman Türkmen,UUB | ---,,/,,6,1,,UCK,,
11955,END 213E,END,LS,Data Manag.in Industrial Syst.,,Hatice Tekiner Moğulkoç,,Cuma,09:30/12:29,,150,148,,"END, ENDE, IND, ISL, ISLE",,
11956,UCK 492E,UCK,LS,Graduation Project,,Halit Süleyman Türkmen,UUB | ---,,/,,500,1,,"UCK, UCKE",,
11957,END 252E,END,LS,Theory of Probability,,Kutay Tinç,MDB,Perşembe,11:30/14:29,A103,110,110,,"END, ENDE, IND",,
11958,END 252E,END,LS,Theory of Probability,,Kutay Tinç,MDB,Perşembe,14:30/17:29,A102,100,55,,"END, ENDE, IND",,
11959,UCK 472E,UCK,LS,Aeroelasticity,,Melike Nikbay,UUB,Çarşamba,08:30/11:29,D108,40,17,,"UCK, UCKE, UZB, UZBE, UZBM",,
11960,UZB 301E,UZB,LS,Measurement Techniques,,Nuriye Leman Okşan Çetiner Yıldırım,UUB,Salı,09:30/12:29,D110,54,58,,"UCK, UZB, UZBE",,
11961,UZB 301E,UZB,LS,Measurement Techniques,,Nuriye Leman Okşan Çetiner Yıldırım,UUB,Çarşamba,09:30/12:29,D215,54,67,,"UCK, UZB, UZBE",,
11962,END 305E,END,LS,Data Analytics for Business,,Nizamettin Bayyurt,,Perşembe,11:30/14:29,,110,99,,"ECNE, END, ENDE",,
11963,END 305E,END,LS,Data Analytics for Business,,"Mehmet Yasin Ulukuş, Mehmet Ali Ergün",,Perşembe,11:30/14:29,,110,110,,"END, ENDE",,
11964,UZB 4901E,UZB,LS,Astronautical Eng. Design I,,Aydın Mısırlıoğlu,UUB | ---,,/,,500,81,,"UZB, UZBE",,
11965,END 311E,END,LS,Statistics,,"Çiğdem Kadaifçi, Erkan Işıklı",MED,Cuma,14:00/16:59,A15,55,64,,"END, ENDE",,
11966,END 319E,END,LS,Cost Management,,Vehbi Tufan Koç,INB,Perşembe,11:30/14:29,D202,50,50,,"END, ENDE",,
11967,UZB 4902E,UZB,LS,Astronautical Eng. Design II,,Aydın Mısırlıoğlu,UUB | ---,,/,,500,18,,"UZB, UZBE",,
11968,END 327E,END,LS,Decision Theory,,Burhaneddin Sandıkçı,MED,Çarşamba,09:30/12:29,B34,50,38,,"ECNE, END, ENDE",,
11969,END 329E,END,LS,Quality Management Tools&Tech.,,Şeyda Serdar Asan,MED,Salı,11:30/14:29,B36,50,47,,"END, ENDE, FIZ, FIZE",,
11970,UZB 492,UZB,LS,Bitirme Çalışması,,Aydın Mısırlıoğlu,UUB | ---,,/,,500,0,,UZB,,
11971,END 332E,END,LS,Operations Research II,,Özgür Kabak,MED,Pazartesi,14:30/17:29,A31,160,150,,"END, ENDE",,
11972,END 337E,END,LS,Intr. to Operations Research,,İrem Uçal Sarı,MED,Cuma,09:30/12:29,A33,40,44,,"IMLE, MAT, MATE, PET",,
11973,UZB 492E,UZB,LS,Graduation Project,,Aydın Mısırlıoğlu,UUB | ---,,/,,500,3,,"UZB, UZBE",,
11974,END 341,END,LS,İş Etüdü ve Dizaynı,,Ayşe Elvan Bayraktaroğlu,INB,Çarşamba,12:30/15:29,B101,120,119,,END,,
11975,END 341E,END,LS,Work Analysis and Design,,Fethi Çalışır,MED,Salı,08:30/11:29,A13,115,116,,"END, ENDE",,
11976,UCK 448E,UCK,LS,Avionic Systems,,Cengiz Hacızade,UUB,Cuma,14:30/17:29,D214,40,27,,"KOM, KOME, UCK, UCKE, UZB, UZBE, UZBM",,
11977,END 345,END,LS,Yönetim Düşüncesinin Evrimi,,Cahit Ali Bayraktar,MED,Çarşamba,12:30/15:29,B33,50,41,,END,,
11978,END 357E,END,LS,Management Information Systems,,Ufuk Cebeci,MED,Salı,11:30/14:29,B33,55,54,,"END, ENDE",,
11979,END 365E,END,LS,People Analytics,,Hasan Karabakkal,MED,Salı,14:30/17:29,B31,36,36,,"END, ENDE",,
11980,UZB 441E,UZB,LS,Rocket Propulsion,,Fırat Oğuz Edis,UUB,Perşembe,14:30/17:29,D216,120,106,,"UZB, UZBE, UZBM",,
11981,END 369E,END,LS,Game Theory,,Kutay Tinç,MED,Cuma,14:00/16:59,A34,110,93,,"END, ENDE",,
11982,END 381E,END,LS,Tech.Design for IndusT. Eng.,,Murat Durucu,FEB,Pazartesi,08:30/11:29,OBL1,50,17,,"END, ENDE",,
11984,UCK 303E,UCK,LS,Automatic Control,,Gökhan İnalhan,UUB,Cuma,14:30/17:29,D-Z09,80,75,,"UCK, UZB, UZBE",,
11985,END 411E,END,LS,Integrated Manufacturing Syst,,Emre Çevikcan,GDB,Pazartesi,08:30/10:29,409,110,110,,"END, ENDE",,
11986,END 421E,END,LS,Production Planning&Control,,Şule Itır Satoğlu,UUB,Salı,14:30/17:29,D216,90,92,,"END, ENDE",,
11987,END 421E,END,LS,Production Planning&Control,,Emine Yaylalı,INB,Salı,14:30/17:29,A205,100,83,,"END, ENDE, KOM, KOME",,
11988,UZB 337E,UZB,LS,Aerospace Structures,,İbrahim Özkol,UUB,Cuma,08:30/12:29,D213,60,50,,"UCK, UCKE",,
11989,END 429,END,LS,Süreç Yönetimi,,Cemil Ceylan,MED,Salı,14:30/17:29,B36,50,46,,END,,
11990,END 431,END,LS,Yönetim ve Organizasyon,,Seçkin Polat,INB,Salı,11:30/14:29,B104,70,71,,END,,
11991,END 431,END,LS,Yönetim ve Organizasyon,,Cahit Ali Bayraktar,INB,Çarşamba,08:30/11:29,B103,80,80,,END,,
11992,UZB 337,UZB,LS,Hava Uzay Yapıları,,Metin Orhan Kaya,UUB,Cuma,08:30/12:29,D111,60,59,,UCK,,
11993,END 431E,END,LS,Management and Organization,,Gaye Karaçay Aydın,MED,Perşembe,08:30/11:29,A36,100,73,,"END, ENDE",,
11994,END 441,END,LS,Endüstri Mühendisliği Projesi,,Burhaneddin Sandıkçı,"MED
MED | ---
---",Pazartesi | Salı,19:30/20:29 | 19:30/20:29,,20,0,,END,,
11995,UCK 474E,UCK,LS,Aircraft Engine Design,,"Onur Tunçer, Mehmet Kahraman",UUB,Çarşamba,11:30/14:29,D111,50,36,,"UCK, UCKE, UZB, UZBE, UZBM",,
11996,END 441E,END,LS,Industrial Engineering Project,,--,"MED
MED | ---
---",Çarşamba | Perşembe,19:30/20:29 | 19:30/20:29,,0,0,,"END, ENDE",,
11997,END 445E,END,LS,Lean Production Systems,,Ufuk Cebeci,MDB,Perşembe,14:30/17:29,A205,65,63,,"END, ENDE, IML, IMLE, KOM, KOME",,
11998,UCK 421E,UCK,LS,Jet Propulsion Principles,,Onur Tunçer,UUB,Perşembe,11:30/14:29,D209,70,74,,"UCK, UCKE",,
11999,UZB 318E,UZB,LS,Finite Element Method,,Vedat Ziya Doğan,UUB,Perşembe,14:30/17:29,D-Z09,60,78,,"UCK, UCKE, UCKM, UZB, UZBE, UZBM",,
12000,MUK 211,MUK,LS,Mukavemet,,Zahit Mecitoğlu,"UUB
UUB | D-Z08
D-Z08",Pazartesi | Salı,12:30/14:29 | 11:30/13:29,,70,73,,"UCK, UZB",,
12001,END 449,END,LS,End. Müh. Uyg. Seminer Dersi,,Ayberk Soyer,,Cuma,09:30/12:29,,250,222,,"END, ENDE",,
12002,END 453E,END,LS,Indus.4.0 & Digital Transform.,,"Alp Üstündağ, Ali Fuat Ergenç",EEB,Çarşamba,09:00/11:59,4101,50,50,,"END, ENDE, ISL, ISLE, KOM, KOME",,
12003,END 457E,END,LS,Heuristic Optimization,,Seda Yanık,MED,Salı,08:30/11:29,B34,50,17,,"END, ENDE",,
12004,END 471E,END,LS,Marketing & CRM Analytics,,Umut Asan,MED,Cuma,08:30/11:29,B37,50,50,,"END, ENDE",,
12005,END 475E,END,LS,Feasibility Studies,,İrem Uçal Sarı,MED,Cuma,14:00/16:59,A16,55,37,,"END, ENDE",,
12006,END 476E,END,LS,Machine Learning for Ind. Sys.,,Ömer Faruk Beyca,INB,Perşembe,14:30/17:29,D203,65,64,,"ECNE, END, ENDE",,
12007,END 492,END,LS,Bitirme Çalışması,,Burhaneddin Sandıkçı,MED | ---,,/,,200,4,,END,,
12008,END 492E,END,LS,Graduation Thesis,,Burhaneddin Sandıkçı,MED | ---,,/,,200,0,,"END, ENDE",,
12009,END 4901,END,LS,Endüstri Müh. Tasarımı I,,Burhaneddin Sandıkçı,MED | ---,,/,,500,41,,END,,
12010,END 4901E,END,LS,Industrial Engin. Design I,,Burhaneddin Sandıkçı,MED | ---,,/,,500,88,,"END, ENDE",,
12011,END 4902,END,LS,Endüstri Müh. Tasarımı II,,Burhaneddin Sandıkçı,MED | ---,,/,,500,22,,END,,
12012,END 4902E,END,LS,Industrial Engin. Design II,,Burhaneddin Sandıkçı,MED | ---,,/,,500,21,,"END, ENDE",,
12013,DAN 101,DAN,LS,Akademik Danışmanlık,,Ömer Faruk Beyca,,Çarşamba,15:30/17:29,,500,6,,"END, ENDE",,
12014,BIL 110E,BIL,LS,Intr. to Prog. Language (C),,Ayşe Elvan Bayraktaroğlu,FEB,Cuma,14:30/17:29,OBL3,55,44,,"CHZ, END, ENDE, MAD, MADE",,
12015,UZB 411E,UZB,LS,Space Environment,,Zerefşan Kaymaz,UUB,Perşembe,08:30/11:29,D-Z08,110,105,,"MTO, MTOE, UZB, UZBE, UZBM",,
12016,SED 101,SED,LS,Int.to Industrial Eng.& Ethics,,Vehbi Tufan Koç,ISB,Perşembe,14:30/16:29,F237,25,16,,SED,,
12017,EAS 112,EAS,LS,Technical Drawing,,Murat Durucu,INB,Pazartesi,12:30/15:29,D101,25,16,,SED,,
12018,JDF 492,JDF,LS,Tasarım Projesi,,Mehmet Ufuk Özerman,INB | ---,,/,,500,0,,"GEO, JDF",,
12019,SED 301,SED,LS,Ergonomics,,Ayşe Elvan Bayraktaroğlu,MED,Çarşamba,08:30/11:29,B31,25,3,,SED,,
12020,SED 302,SED,LS,Data Manag.in Industrial Syst.,,Başar Öztayşi,MED,Perşembe,14:30/17:29,B29,25,2,,SED,,
12021,SED 303,SED,LS,Operations Research I,,Özgür Kabak,MED,Pazartesi,08:30/11:29,B37,25,2,,SED,,
12022,SED 304,SED,LS,System Simulation,,Burhaneddin Sandıkçı,MED,Çarşamba,13:30/16:29,B31,25,3,,SED,,
12023,SED 310,SED,LS,Inn.Manag.&New Prod.Develop.,,Emre Çevikcan,MED,Pazartesi,11:30/14:29,B32,10,2,,SED,,
12024,SED 313,SED,LS,Machine Learning for Ind. Sys.,,Ömer Faruk Beyca,MED,Perşembe,11:30/14:29,B32,10,0,,SED,,
12025,JDF 492E,JDF,LS,Design Project,,Mehmet Ufuk Özerman,INB | ---,,/,,500,2,,"GEO, GEOE, JDF",,
12026,GEO 101E,GEO,LS,Intro. to Info. Technologies,,Ramazan Alper Kuçak,,Cuma,08:30/10:29,,90,81,,"GEO, GEOE",,
12027,GEO 101E,GEO,LS,Intro. to Info. Technologies,,Muhammed Enes Atik,,Perşembe,08:30/10:29,,100,100,,"GEO, GEOE",,
12028,GEO 103,GEO,LS,Temel Ölçme Bilgisi,,Turan Erden,INB,Çarşamba,08:30/12:29,B101,60,60,,GEO,,
12029,GEO 103,GEO,LS,Temel Ölçme Bilgisi,,Ramazan Alper Kuçak,INB,Çarşamba,08:30/12:29,B205,60,48,,GEO,,
12030,DEN 101,DEN,LS,Gemi&Deniz Tek.Müh.Giriş&Etik,,Ayhan Menteş,GDB,Çarşamba,13:30/15:29,409,110,120,,"DEN, SORM",,
12031,MUK 203,MUK,LS,Mukavemet I,,Serdar Aytekin Köroğlu,GDB,Salı,13:30/16:29,D401,80,71,,"DEN, ELE, ELH, GEM, JEO, TEL, UCK, UZB",,
12032,MAT 202,MAT,LS,Sayısal Yöntemler,,Deniz Bayraktar Bural,GDB,Salı,08:30/11:29,D311,55,53,,"CEV, CHZ, DEN, EHB, ELE, ELH, ELK, GEM, GEO, GID, IML, INS, ISL, JEF, JEO, KOM, KON, MAD, MAK, MET, PET, TEK, TEL",,
12033,DNK 201E,DNK,LS,Dynamics,,Ceren Bilgin Güney,GDB,Perşembe,09:30/12:29,D311,60,65,,"DEN, DENE, DUI, DUIE, DUIK, EEE, EHB, EHBE, EHS, ELE, ELH, ELK, ELKE, FIZ, FIZE, GEM, GEME, GEMK, GMI, GMIE, INS, INSE, JEO, JEOE, KOM, KOME, KON, KONE, MAD, MAT, MATE, MTM, MTO, NAE, PETE, TEK, TEL, UCK, UCKE, UZB, UZBE",,
12034,GEO 103E,GEO,LS,Fundamentals of Surveying,,Adalet Dervişoğlu,INB,Pazartesi,13:30/17:29,B103,100,82,,"GEO, GEOE",,
12035,MAL 201E,MAL,LS,Materials Science,,Faiz Muhaffel,GDB,Çarşamba,09:30/12:29,D311,100,78,,"DEN, DENE, GEM",,
12036,GEO 105E,GEO,LS,Intro. to Geomat. Engineering,,Filiz Bektaş Balçık,INB,Çarşamba,13:30/15:29,B304,30,3,,"GEO, GEOE",,
12037,GEO 109,GEO,LS,Analitik Geometri&Vektör Hesab,,Ramazan Alper Kuçak,INB,Perşembe,13:30/16:29,B103,100,100,,GEO,,
12038,DEN 210E,DEN,LS,Engineering Mathematics,,Ayhan Menteş,GDB,Pazartesi,08:30/12:29,D311,90,64,,"DEN, DENE",,
12039,DEN 211,DEN,LS,Mühendislik Tasarımına Giriş,,"Kadir Sarıöz, Ebru Sarıöz",GDB,Çarşamba,13:30/15:29,D303,30,11,,DEN,,
12040,GEM 211,GEM,LS,Gemi Geometrisi,,Burak Karacık,GDB,Pazartesi,14:30/17:29,R409,30,20,,"DEN, GEM, GEMM",,
12041,DEN 345E,DEN,LS,Dynamics of Marine Ecosystems,,Sevil Deniz Yakan Dündar,GDB,Salı,11:30/13:29,D308,40,31,,"DEN, DENE",,
12042,DEN 337E,DEN,LS,Intr. to Marine Ecolo. Process,,Burak Karacık,GDB,Salı,11:30/13:29,D406,40,42,,DEN,,
12043,DEN 327E,DEN,LS,Safety Mang.&Risk Analy.,,Ayhan Menteş,GDB,Pazartesi,13:30/15:29,D311,80,73,,"DEN, DENE",,
12044,DEN 340E,DEN,LS,Hydrostatics of Marine Vehic.,,Hakan Akyıldız,GDB,Çarşamba,11:30/13:29,D303,60,45,,DEN,,
12045,DEN 351,DEN,LS,Sörvey&Sertifikasyon Sür.Gir.,,Erdal Gedikoğlu,GDB,Cuma,09:30/12:29,D303,40,32,,"DEN, SORM",,
12046,DEN 353,DEN,LS,Gemi Yönetimi Sistem.Giriş,,Osman Çamözü,GDB,Pazartesi,09:30/12:29,D303,40,33,,"DEN, SORM",,
12047,DEN 323E,DEN,LS,Wave Mechanics,,Şafak Nur Ertürk Bozkurtoğlu,GDB,Perşembe,09:30/12:29,409,60,58,,DEN,,
12048,DEN 431E,DEN,LS,Stgth of Shps & Offshr Strctrs,,Serdar Aytekin Köroğlu,GDB,Salı,08:30/11:29,409,80,65,,"DEN, DENE",,
12049,DEN 325E,DEN,LS,Adv. Manufacturing Process,,Necip Ünlü,GDB,Salı,13:30/16:29,R409,60,39,,DEN,,
12050,DEN 326,DEN,LS,Bilg.Dest.Açık Deniz Yap.Hes.,,Münir Cansın Özden,GDB,Çarşamba,08:30/11:29,BGLAB,25,12,,DEN,,
12051,DEN 450E,DEN,LS,Ballast Water Management,,Ceren Bilgin Güney,GDB,Çarşamba,09:30/11:29,D309,25,7,,DEN,,
12052,DEN 479E,DEN,LS,Underwater Vehicle Technology,,Bilge Tutak,GDB,Çarşamba,09:30/11:29,D308,25,26,,"DEN, DENE",,
12053,DEN 412E,DEN,LS,Underwater Acoustics,,Münir Cansın Özden,GDB,Pazartesi,10:30/12:29,409,60,58,,"DEN, DENE",,
12054,DEN 447E,DEN,LS,Engineering Optimisation,,Kadir Sarıöz,GDB,Salı,09:30/11:29,D406,20,18,,DEN,,
12055,DEN 449E,DEN,LS,Inr. to the Analysis of Oce.Da,,Bilge Tutak,GDB,Salı,09:30/11:29,D407,20,20,,DEN,,
12056,DEN 436E,DEN,LS,Ecotoxicology in the Marine En,,--,GDB,Salı,09:30/11:29,---,0,0,,"DEN, DENE",,
12057,DEN 445E,DEN,LS,Experim.Design & Data Analysis,,--,GDB,Salı,09:30/11:29,---,0,0,,DEN,,
12058,DEN 405E,DEN,LS,Coastal Engineering,,Bilge Tutak,GDB,Salı,13:30/16:29,409,80,70,,DEN,,
12059,DEN 411,DEN,LS,Hidrodinamik,,Deniz Bayraktar Bural,GDB,Perşembe,08:30/11:29,410,80,62,,DEN,,
12060,DEN 421E,DEN,LS,Ship Propulsion,,Ömer Kemal Kınacı,GDB,Çarşamba,11:30/13:29,409,90,57,,"DEN, DENE",,
12061,DEN 4901E,DEN,LS,Shipbuilding&Ocean Eng.Desig.I,,"Hakan Akyıldız, Burak Karacık, Kadir Sarıöz, Serdar Aytekin Köroğlu","GDB
GDB | D311
D311",Cuma | Cuma,09:30/12:29 | 14:00/16:59,,500,57,,DEN,,
12062,DEN 441,DEN,LS,Deniz Yapıları Proje I,,"Hakan Akyıldız, Burak Karacık, Kadir Sarıöz",GDB,Salı,15:30/17:29,D303,500,0,,DEN,,
12063,DEN 422,DEN,LS,Deniz Yapıları Proje II,,"Hakan Akyıldız, Kadir Sarıöz, Serdar Aytekin Köroğlu",GDB,Pazartesi,13:30/15:29,D303,500,1,,DEN,,
12064,DEN 482,DEN,LS,Bireysel Proje,,Kadir Sarıöz,GDB | ---,,/,,500,22,,DEN,,
12065,DEN 492E,DEN,LS,Graduation Project,,Kadir Sarıöz,GDB | ---,,/,,500,1,,"DEN, DENE",,
12066,GEO 109E,GEO,LS,Analy. Geom. and Vect. Algeb.,,Caner Güney,INB,Salı,08:30/11:29,B104,95,87,,"GEO, GEOE",,
12067,GEO 111,GEO,LS,Geomatik Müh. Giriş ve Etik,,Çiğdem Göksel,INB,Salı,08:30/10:29,B103,100,96,,GEO,,
12068,GEO 111E,GEO,LS,Intro. to Geomat. Eng.&Ethics,,Filiz Bektaş Balçık,INB,Salı,14:30/16:29,B103,90,81,,"GEO, GEOE",,
12069,GEO 201,GEO,LS,Kartografya I,,Adalet Dervişoğlu,INB,Çarşamba,10:30/12:29,B306,80,18,,GEO,,
12070,GEO 201E,GEO,LS,Cartography I,,Adalet Dervişoğlu,INB,Perşembe,14:30/16:29,B104,85,79,,"GEO, GEOE",,
12071,GEO 203,GEO,LS,Koord. Sist. Ve Jeodezi I,,Hayri Hakan Denli,INB,Pazartesi,13:30/17:29,B104,70,64,,GEO,,
12072,GEO 203E,GEO,LS,Coordinate Sys. and Geodesy I,,Mustafa Serkan Işık,INB,Cuma,08:30/12:29,A105,50,48,,"GEO, GEOE",,
12073,GEO 204E,GEO,LS,Th.of Err. And Ad. C.,,Mustafa Tevfik Özlüdemir,"INB
INB | B204
B202",Salı | Salı,08:30/11:29 | 13:30/14:29,,60,18,,"GEO, GEOE",,
12074,GEO 205,GEO,LS,Mühendislik Etiği,,Çiğdem Göksel,INB,Salı,11:30/13:29,---,30,3,,GEO,,
12075,GEO 208E,GEO,LS,Remote Sensing I,,--,INB,Çarşamba,13:30/15:29,---,0,0,,"GEO, GEOE",,
12076,GEO 209,GEO,LS,Taşınmaz Hukuku,,Mustafa Yanalak,INB,Çarşamba,13:30/15:29,B104,85,47,,GEO,,
12077,GEO 209E,GEO,LS,Real Estate's Law,,Tahsin Yomralıoğlu,INB,Salı,11:30/13:29,B103,75,60,,"GEO, GEOE",,
12078,GEO 213,GEO,LS,Konum Bel. Yönt. ve Sist.,,Mahmut Oğuz Selbesoğlu,INB,Perşembe,08:30/11:29,A305,80,38,,GEO,,
12079,GEO 213E,GEO,LS,Positioning Method and Systems,,Rahmi Nurhan Çelik,INB,Çarşamba,11:30/14:29,B103,75,56,,"GEO, GEOE",,
12080,GEO 220,GEO,LS,Geomatik Müh.İçin Müh. Mat.,,Mehmet Ufuk Özerman,INB,Salı,08:30/11:29,D203,70,10,,GEO,,
12081,GEO 220E,GEO,LS,Mathematics for Geomatics Eng.,,Doğuş Güler,INB,Pazartesi,13:30/16:29,B203,70,25,,"GEO, GEOE",,
12082,GEO 221E,GEO,LS,Num. Meth. for Geomatics Eng.,,Doğuş Güler,INB,Cuma,14:30/17:29,A304,70,28,,"GEO, GEOE",,
12083,GEO 221E,GEO,LS,Num. Meth. for Geomatics Eng.,,Ramazan Alper Kuçak,INB,Salı,14:30/17:29,B101,80,77,,"GEO, GEOE",,
12084,GEO 225E,GEO,LS,Prob.and Stat. for Geom. Eng.,,Adil Enis Arslan,INB,Pazartesi,10:30/13:29,B101,75,69,,"GEO, GEOE",,
12085,GEO 225E,GEO,LS,Prob.and Stat. for Geom. Eng.,,Esra Erten,INB,Pazartesi,10:30/13:29,B103,70,12,,"GEO, GEOE",,
12086,GEO 227,GEO,LS,"İş Hukuku,İşçi Sağl.&İş Güv.",,Hasan Hakan Yavaşoğlu,,Pazartesi,13:30/15:29,,80,36,,GEO,,
12087,GEO 227E,GEO,LS,"Labor Law,Occupati.Health&Saf.",,Hasan Hakan Yavaşoğlu,,Salı,08:30/10:29,,70,46,,"GEO, GEOE",,
12088,GEO 303,GEO,LS,Kadastro Bilgisi,,Tahsin Yomralıoğlu,INB,Salı,14:30/16:29,A304,65,46,,GEO,,
12089,GEO 303E,GEO,LS,Cadastre,,Tahsin Yomralıoğlu,INB,Pazartesi,11:30/13:29,A205,65,54,,"GEO, GEOE",,
12090,GEO 307,GEO,LS,Kartografya II,,Serdar Bilgi,INB,Perşembe,08:30/10:29,A204,70,55,,GEO,,
12091,GEO 307E,GEO,LS,Cartography II,,Serdar Bilgi,INB,Perşembe,10:30/12:29,A304,75,65,,"GEO, GEOE",,
12092,GEO 309,GEO,LS,Fotogrametri I,,Zaide Duran,INB,Salı,08:30/10:29,D202,75,62,,GEO,,
12093,GEO 309E,GEO,LS,Photogrammetry I,,Dursun Zafer Şeker,INB,Perşembe,08:30/10:29,A304,70,67,,"GEO, GEOE",,
12094,MRT 101,MRT,LS,Maritime English,,Seda Çınar Alabay,DZB,Salı,13:30/15:29,---,10,1,,SDU,,
12095,MRT 105,MRT,LS,Professional Studies I,,Tuba Keçeci,"DZB
DZB | ---
---",Çarşamba | Cuma,12:30/15:29 | 10:30/11:29,,10,1,,SDU,,
12097,GEO 311,GEO,LS,Jeodezik Altyapı ve Ağlar,,"Serdar Erol, Bihter Erol",INB,Cuma,14:30/16:29,B101,75,65,,GEO,,
12098,MRT 307,MRT,LS,Nautical Operations-Legal,,Hakan Muran,DZB,Pazartesi,08:30/10:29,---,10,1,,SDU,,
12099,MRT 309,MRT,LS,Nautical Operations-Safety,,--,DZB,Çarşamba,12:30/14:29,---,0,0,,SDU,,
12100,MRT 311,MRT,LS,Ship Handling & Maneuvering,,--,DZB,Perşembe,10:30/12:29,---,0,0,,SDU,,
12101,MRT 312,MRT,LS,OnBoardTrain.(ShpOprt.&Mn.III),,--,DZB | ---,,/,,0,0,,SDU,,
12102,GEO 311E,GEO,LS,Geodetic Infrast. and Network,,Mustafa Tevfik Özlüdemir,INB,Cuma,14:30/16:29,B103,75,65,,"GEO, GEOE",,
12103,MRT 313,MRT,LS,Electronic Navigation,,--,DZB,Salı,08:30/13:29,---,0,0,,SDU,,
12104,MRT 314,MRT,LS,Sea Project,,--,DZB | ---,,/,,0,0,,SDU,,
12105,MRT 315,MRT,LS,Transportation Systems,,--,DZB,Salı,14:30/17:29,---,0,0,,SDU,,
12106,MRT 321,MRT,LS,Intr.to Cargo Opr.&Ship Stblty,,--,DZB,Perşembe,14:30/17:29,---,0,0,,SDU,,
12107,GEO 313E,GEO,LS,Digital Image Processing,,Esra Erten,INB,Çarşamba,10:30/13:29,A304,90,63,,"GEO, GEOE",,
12108,MRT 325,MRT,LS,Maritime Communications,,--,DZB,Çarşamba,08:30/12:29,---,0,0,,"SDU, SGM",,
12109,MRT 327,MRT,LS,Watchkeeping,,--,"DZB
DZB | ---
---",Cuma | Cuma,08:30/12:29 | 14:30/15:29,,0,0,,SDU,,
12110,GEO 313E,GEO,LS,Digital Image Processing,,Ayşe Filiz Sunar,INB,Salı,13:30/16:29,B206,40,14,,"GEO, GEOE",,
12111,MRT 401,MRT,LS,Analysis of the Markt. Process,,Levent Kırval,DZB,Salı,08:30/11:29,---,10,1,,"SDU, SGM",,
12112,MRT 405,MRT,LS,Admiralty Law,,Hakan Muran,DZB,Pazartesi,10:30/13:29,---,10,1,,SDU,,
12113,MRT 407,MRT,LS,Cargo Operations,,Tanzer Satır,DZB,Çarşamba,08:30/12:29,---,10,1,,"SDU, SGM",,
12114,GEO 315E,GEO,LS,Fund. of Geographic Inf. Sys.,,Dursun Zafer Şeker,INB,Çarşamba,08:30/10:29,A305,52,48,,"GEO, GEOE",,
12115,MRT 409,MRT,LS,Advance Navigation,,Orhan Gönel,DZB,Salı,14:30/17:29,---,10,1,,SDU,,
12116,MRT 415,MRT,LS,Physical Education I,,Yusuf Nejat Koçar,DZB,Çarşamba,13:30/15:29,---,10,1,,SDU,,
12117,MRT 431,MRT,LS,Oceanography,,Ayşe Nak,DZB,Perşembe,13:30/15:29,---,10,1,,"SDU, SGM",,
12118,GEO 315E,GEO,LS,Fund. of Geographic Inf. Sys.,,Uğur Algancı,INB,Çarşamba,08:30/10:29,A304,52,53,,"GEO, GEOE",,
12119,EAS 111,EAS,LS,Technical Drawing,,Melek Ertogan,DZB,Salı,09:30/12:29,---,10,1,,SDU,,
12120,GEO 321,GEO,LS,Özel Ölçme Uygulamaları,,Reha Metin Alkan,INB,Pazartesi,08:30/10:29,A303,70,55,,GEO,,
12121,CMP 113,CMP,LS,Intr.to Business Computing,,Muhsin Kadıoğlu,DZB,Perşembe,08:30/12:29,---,10,1,,SDU,,
12122,GEO 321E,GEO,LS,Special Surveying Applications,,Turan Erden,INB,Pazartesi,08:30/10:29,A305,80,81,,"GEO, GEOE",,
12123,DFH 225,DFH,LS,Türk Denizcilik Tarihi&Kültürü,,Muhsin Kadıoğlu,DZB,Perşembe,15:30/17:29,---,30,8,,DUI,,
12124,DUI 393E,DUI,LS,Long Term SeaTraining(6Months),,Yunus Emre Şenol,DZB | ---,,/,,150,0,,DUI,,
12125,DUI 392E,DUI,LS,Long Term SeaTraining(6Months),,Yunus Emre Şenol,DZB | ---,,/,,150,6,,DUI,,
12126,GEO 401,GEO,LS,Fiziksel Jeodezi,,Bihter Erol,INB,Pazartesi,08:30/10:29,A205,65,45,,GEO,,
12127,GEO 401E,GEO,LS,Physical Geodesy,,Bihter Erol,INB,Pazartesi,13:30/15:29,A103,40,33,,"GEO, GEOE",,
12128,GEO 401E,GEO,LS,Physical Geodesy,,Mustafa Serkan Işık,INB,Pazartesi,13:30/15:29,A301,40,20,,"GEO, GEOE",,
12129,GEO 403,GEO,LS,CBS Projeleri,,Uğur Algancı,INB,Perşembe,12:30/15:29,B204,35,28,,GEO,,
12130,GEO 403,GEO,LS,CBS Projeleri,,Hande Demirel,INB,Perşembe,12:30/15:29,B205,40,28,,GEO,,
12131,GEO 403E,GEO,LS,GIS Projects,,"Himmet Karaman, Turan Erden",INB,Perşembe,12:30/15:29,A304,65,54,,"GEO, GEOE",,
12132,GEO 413E,GEO,LS,Navigation Sys. and Methods,,Mahmut Oğuz Selbesoğlu,INB,Salı,13:30/15:29,A204,70,35,,"GEO, GEOE",,
12133,GEO 417,GEO,LS,Jeodezik Astronomi,,--,INB,Cuma,08:30/10:29,---,0,0,,GEO,,
12134,GEO 417E,GEO,LS,Geodetic Astronomy,,Caner Güney,INB,Pazartesi,11:30/13:29,B205,36,35,,"GEO, GEOE",,
12135,GEO 421E,GEO,LS,Urban Land Readjustment,,Muhammed Oğuzhan Mete,INB,Salı,08:30/10:29,B206,40,29,,"GEO, GEOE",,
12136,GEO 425E,GEO,LS,Digital Image Processing II,,Ayşe Filiz Sunar,INB,Pazartesi,11:30/13:29,B308,40,13,,"GEO, GEOE",,
12137,GEO 429E,GEO,LS,Close Range Photogrammetry,,Dursun Zafer Şeker,INB,Salı,11:30/13:29,A203,45,53,,"GEO, GEOE",,
12138,GEO 464E,GEO,LS,Eng. Spatial Sys. Design,,Hande Demirel,INB,Perşembe,10:30/12:29,B307,40,41,,"GEO, GEOE",,
12139,GEO 468,GEO,LS,UA'da Özel Konular,,Şinasi Kaya,INB,Perşembe,10:30/12:29,B205,35,18,,GEO,,
12140,GEO 468E,GEO,LS,Spec. Topics in Remote Sens.,,--,INB,Salı,14:30/16:29,---,0,0,,"GEO, GEOE",,
12141,GEO 476,GEO,LS,Geo. Müh. Proje Planlama Yön.,,Reha Metin Alkan,INB,Çarşamba,13:30/15:29,B202,40,19,,GEO,,
12142,GEO 478,GEO,LS,Kamulaştırma Tekniği,,Reha Metin Alkan,,Çarşamba,10:30/12:29,,40,38,,GEO,,
12143,GEO 484E,GEO,LS,Geo.Eng.App.inDis.Mng.&Urb.Rs.,,Himmet Karaman,INB,Salı,14:30/16:29,B307,40,26,,"GEO, GEOE",,
12144,GEO 427,GEO,LS,Fotog. Ve Laser Veri. Entg.,,--,INB,Perşembe,10:30/12:29,---,0,0,,GEO,,
12145,GEO 4901,GEO,LS,Geomatik Müh. Tasarımı I,,Mehmet Ufuk Özerman,INB | ---,,/,,500,53,,GEO,,
12146,GEO 4901E,GEO,LS,Geomatics Eng. Design I,,Mehmet Ufuk Özerman,INB | ---,,/,,500,46,,"GEO, GEOE",,
12147,GEO 4902,GEO,LS,Geomatik Müh. Tasarımı II,,Mustafa Yanalak,INB | ---,,/,,500,13,,GEO,,
12148,GEO 4902E,GEO,LS,Geomatics Eng. Design II,,Mustafa Yanalak,INB | ---,,/,,500,7,,"GEO, GEOE",,
12149,SBP 4024,SBP,LS,Taşınmaz Mal (Gyrm)Değerlemesi,,Reha Metin Alkan,INB,Pazartesi,15:30/17:29,B204,55,47,,SBP,,
12150,BLG 101E,BLG,LS,Intr. to Information Systems,,Kemal Bıçakçı,"MEDB
INB | 101
D102",Perşembe | Perşembe,08:30/10:29 | 10:30/11:29,,100,100,,"BLG, BLGE",,
12151,BLG 101E,BLG,LS,Intr. to Information Systems,,Mehmet Tahir Sandıkkaya,"GDB
GDB | 339
BGLAB",Perşembe | Perşembe,08:30/10:29 | 10:30/11:29,,100,35,,"BLG, BLGE",,
12152,BLG 113E,BLG,LS,Intr.toComp.Eng.and Ethics,,Gökhan İnce,,Çarşamba,13:30/15:29,,180,145,,"BLG, BLGE",,
12153,MAT 281E,MAT,LS,Linear Algebra and Applicat.,,Uluğ Bayazıt,MEDB,Salı,13:30/16:29,101,85,84,,"BLG, BLGE",,
12154,MAT 281E,MAT,LS,Linear Algebra and Applicat.,,Ahmet Hamdi Kayran,EEB,Salı,13:30/16:29,5104,85,85,,"BLG, BLGE",,
12155,BLG 210E,BLG,LS,Engineering Mathematics,,Mehmet Akif Yazıcı,MEDB,Pazartesi,13:00/16:59,101,100,55,,"BLG, BLGE, YZVE",,
12156,BLG 210E,BLG,LS,Engineering Mathematics,,Enver Özdemir,MEDB,Perşembe,13:00/16:59,101,100,91,,"BLG, BLGE, YZVE",,
12157,BLG 223E,BLG,LS,Data Structures,,Tolga Ovatman,"MEDB
MED | 101
A13",Salı | Perşembe,09:30/11:29 | 10:30/12:29,,130,133,,"BLG, BLGE, CEN",,
12158,BLG 223E,BLG,LS,Data Structures,,Mehmet Baysan,"MEDB
MED | Z01
A16",Salı | Perşembe,09:30/11:29 | 10:30/12:29,,130,131,,"BLG, BLGE, CEN",,
12159,BLG 231E,BLG,LS,Digital Circuits,,Feza Buzluca,INB,Cuma,08:30/11:29,A304,90,89,,"BLG, BLGE, END, ENDE",,
12160,BLG 231E,BLG,LS,Digital Circuits,,Sanem Kabadayı,INB,Cuma,08:30/11:29,A305,90,39,,"BLG, BLGE",,
12161,BLG 231E,BLG,LS,Digital Circuits,,Mustafa Ersel Kamaşak,INB,Cuma,08:30/11:29,A104,90,90,,"BLG, BLGE",,
12162,MAT 271E,MAT,LS,Probability and Statistics,,Sanem Kabadayı,KMB,Salı,13:30/16:29,D101,60,27,,"BLG, BLGE, CEN",,
12163,BLG 212E,BLG,LS,Microprocessor Systems,,Yaşar Erenler,GDB,Perşembe,13:30/16:29,D311,120,120,,"CEN, EHB, EHBE, EHS, ELE, ELH, ELK, ELKE, KOM, KOME",,
12164,BLG 212E,BLG,LS,Microprocessor Systems,,Ayşe Yılmazer,KMB,Pazartesi,08:30/11:29,D204,130,130,,"BLG, BLGE, CEN",,
12165,BLG 212E,BLG,LS,Microprocessor Systems,,Gökhan İnce,KMB,Pazartesi,08:30/11:29,D203,130,80,,"BLG, BLGE, CEN",,
12166,BLG 317E,BLG,LS,Database Systems,,Ali Çakmak,INB,Çarşamba,08:30/11:29,D202,120,119,,"BLG, BLGE, CEN, YZVE",,
12167,BLG 335E,BLG,LS,Analysis of Algorithms I,,Hazım Kemal Ekenel,EEB,Salı,08:30/11:29,---,120,123,,"BLG, BLGE, CEN, YZVE",,
12168,BLG 335E,BLG,LS,Analysis of Algorithms I,,İlkay Öksüz,MDB,Perşembe,08:30/11:29,B205,120,92,,"BLG, BLGE, CEN, YZVE",,
12169,BLG 351E,BLG,LS,Microcomputer Lab.,,İlkay Öksüz,MEDB,Pazartesi,12:30/14:29,Z01,60,61,,"BLG, BLGE",,
12170,BLG 351E,BLG,LS,Microcomputer Lab.,,İlkay Öksüz,EEB,Salı,08:30/10:29,---,60,40,,"BLG, BLGE",,
12171,BLG 351E,BLG,LS,Microcomputer Lab.,,İlkay Öksüz,EEB,Cuma,14:30/16:29,---,60,40,,"BLG, BLGE",,
12172,BLG 411E,BLG,LS,Software Engineering,,Ayşe Tosun,MEDB,Salı,13:30/16:29,Z01,100,68,,"BLG, BLGE, YZVE",,
12173,BLG 411E,BLG,LS,Software Engineering,,Ahmet Cüneyd Tantuğ,KMB,Salı,13:30/16:29,D103,100,99,,"BLG, BLGE, YZVE",,
12174,BLG 435E,BLG,LS,Artificial Intelligence,,Sanem Sarıel,EEB,Salı,10:30/12:29,---,80,86,,"BLG, BLGE",,
12175,BLG 433E,BLG,LS,Computer Communications,,Gökhan Seçinti,INB,Çarşamba,08:30/10:29,A301,80,45,,"BLG, BLGE",,
12176,BLG 439E,BLG,LS,Computer Project I,,Deniz Turgay Altılar,EEB,Pazartesi,12:30/15:29,Z2,80,4,,"BLG, BLGE",,
12177,BLG 450E,BLG,LS,Real-Time Systems Software,,Deniz Turgay Altılar,EEB,Perşembe,08:30/10:29,5306,80,4,,"BLG, BLGE",,
12178,BLG 453E,BLG,LS,Computer Vision,,Mehmet Keskinöz,MDB,Salı,08:30/10:29,A205,80,60,,"BLG, BLGE",,
12179,BLG 459E,BLG,LS,Computer Security,,Şerif Bahtiyar,INB,Çarşamba,10:30/12:29,B203,80,61,,"BLG, BLGE",,
12180,BLG 348E,BLG,LS,Introduction to Bioinformatics,,Mehmet Baysan,GDB,Perşembe,13:30/16:29,410,100,67,,"BLG, BLGE",,
12181,PHY 125,PHY,LS,Physics I,,Banu Tansel Büyükçelebi,DZB,Pazartesi,08:30/11:29,---,10,3,,"SDU, SGM",,
12182,PHY 125L,PHY,LS,Physics I Laboratory,,Banu Tansel Büyükçelebi,DZB,Pazartesi,11:30/13:29,---,10,3,,"SDU, SGM",,
12183,BLG 454E,BLG,LS,Learning From Data,,Yusuf Yaslan,KMB,Pazartesi,09:30/12:29,D304,100,77,,"BLG, BLGE, CEN, ECNE, YZVE",,
12184,MTH 121,MTH,LS,Calculus I,,Bayram Barış Kızılsaç,DZB,Pazartesi,13:30/17:29,---,10,3,,"SDU, SGM",,
12185,BLG 463E,BLG,LS,Innov. Leadership in Comp.Eng.,,Alper Almelek,GDB,Cuma,09:30/12:29,D304,80,41,,"BLG, BLGE, CEN, YZVE",,
12186,BLG 4901,BLG,LS,Bilgisayar Müh. Tasarımı I,,Yusuf Yaslan,EEB | ---,,/,,500,1,,BLG,,
12187,BLG 4901E,BLG,LS,Computer Engineering Design I,,Yusuf Yaslan,EEB | ---,,/,,500,129,,"BLG, BLGE",,
12188,BLG 4902,BLG,LS,Bilgisayar Mühen. Tasarımı II,,Yusuf Yaslan,EEB | ---,,/,,500,1,,BLG,,
12189,BLG 4902E,BLG,LS,Computer Engineering Design II,,Yusuf Yaslan,EEB | ---,,/,,500,25,,"BLG, BLGE",,
12190,BLG 492,BLG,LS,Bitirme Çalışması,,Yusuf Yaslan,EEB | ---,,/,,500,7,,BLG,,
12191,BLG 492E,BLG,LS,Graduation Project,,Yusuf Yaslan,EEB | ---,,/,,500,8,,"BLG, BLGE",,
12192,MAL 201E,MAL,LS,Materials Science,,Hasan Nuri Türkmenoğlu,EEB,Pazartesi,13:30/16:29,5103,50,42,,"CEN, EEE, EHB, EHBE, ELK, ELKE, KOM, KOME",,
12193,MAL 201E,MAL,LS,Materials Science,,Hasan Nuri Türkmenoğlu,EEB,Salı,09:30/12:29,5103,53,23,,"EEE, EHB, EHBE, ELK, ELKE, KOM, KOME",,
12194,STA 201,STA,LS,Statik,,Bahattin Kimençe,EEB,Salı,12:30/15:29,5103,55,55,,"DEN, EHB, ELE, ELH, ELK, GEM, JEO, KOM, MAK, TEK, TEL, UCK, UZB",,
12195,STA 201E,STA,LS,Statics,,Murat Yılmaz,EEB,Cuma,14:00/16:59,5103,60,68,,"DEN, DENE, EEE, EHB, EHBE, ELE, ELH, ELK, ELKE, GEM, GEME, GEMK, JEO, JEOE, KOM, KOME, MAD, MAK, MAKE, TEK, TEL, UCK, UCKE, UZB, UZBE",,
12196,STA 204,STA,LS,Statik ve Mukavemet,,Bahattin Kimençe,EEB,Cuma,08:30/11:29,5103,50,21,,"CEV, CHZ, EHB, ELE, ELH, ELK, EUT, GID, ISL, KMM, KOM, KON, MET, MTO, PET, TEL",,
12197,STA 204E,STA,LS,Statics&Strength of Materials,,Hale Ergün,EEB,Çarşamba,08:30/11:29,5103,50,26,,"CEV, CEVE, CHZ, EHB, EHBE, ELE, ELH, ELK, ELKE, EUT, EUTE, GID, GIDE, ISL, ISLE, JEF, KMM, KMME, KOM, KOME, KON, KONE, MET, METE, MTO, PET, PETE, TEL",,
12198,YZV 101E,YZV,LS,Intr. to AI & Data Eng& Ethics,,Cihan Topal,EEB,Çarşamba,13:30/15:29,---,40,2,,YZVE,,
12199,DNK 201,DNK,LS,Dinamik,,Abdullah Gedikli,EEB,Salı,12:30/15:29,5101,55,52,,"DUI, EHB, ELE, ELH, ELK, FIZ, INS, JEO, KOM, KON, MTO, TEK, TEL, UCK, UZB",,
12200,DNK 201E,DNK,LS,Dynamics,,Akif Kutlu,EEB,Pazartesi,09:30/12:29,5101,50,48,,"DEN, DENE, DUI, DUIE, DUIK, EEE, EHB, EHBE, EHS, ELE, ELH, ELK, ELKE, FIZ, FIZE, GEM, GEME, GEMK, GMI, GMIE, INS, INSE, JEO, JEOE, KOM, KOME, KON, KONE, MAD, MAT, MATE, MTM, MTO, NAE, PETE, TEK, TEL, UCK, UCKE, UZB, UZBE",,
12201,YZV 201E,YZV,LS,Data Structures,,Gülşen Eryiğit,"INB
EEB | A101
5207",Salı | Perşembe,08:30/11:29 | 08:30/09:29,,70,69,,YZVE,,
12202,YZV 211E,YZV,LS,Intro to Data Science and Eng.,,Ahmet Cüneyd Tantuğ,GDB,Çarşamba,09:30/12:29,D304,80,78,,YZVE,,
12203,YZV 231E,YZV,LS,Prob.& Stat. for Data Science,,Murat Okatan,KMB,Pazartesi,08:30/12:29,D301,100,88,,YZVE,,
12204,YZV 303E,YZV,LS,Deep Learning,,Faik Boray Tek,GDB,Pazartesi,13:30/16:29,D304,60,35,,YZVE,,
12205,YZV 311E,YZV,LS,Data Mining,,Şule Öğüdücü,MDB,Salı,13:30/16:29,A105,60,49,,YZVE,,
12206,YZV 312E,YZV,LS,Data Mining,,Şule Öğüdücü,MEDB,Salı,13:30/16:29,102,40,6,,YZVE,,
12207,YZV 401E,YZV,LS,Legal Aspects of AI&Data Eng.,,Çiçek Ersoy Kekevi,EEB,Cuma,14:30/16:29,5101,75,76,,YZVE,,
12208,YZV 403E,YZV,LS,Game Theory,,Nazım Kemal Üre,INB,Salı,08:30/11:29,A1,40,26,,YZVE,,
12209,YZV 4901E,YZV,LS,AI &Data Engineering Design I,,Faik Boray Tek,EEB | ---,,/,,40,6,,YZVE,,
12210,YZV 406E,YZV,LS,Robotics,,Hatice Köse,MDB,Çarşamba,12:30/15:29,B208,70,44,,"BLG, BLGE, YZVE",,
12211,MAT 281E,MAT,LS,Linear Algebra and Applicat.,,Behçet Uğur Töreyin,INB,Cuma,09:30/12:29,A102,90,87,,YZVE,,
12212,KMM 111,KMM,LS,Kimya Müh. Giriş ve Etik,,Filiz Karaosmanoğlu,KMB,Çarşamba,14:30/15:29,D204,110,111,,KMM,,
12213,KMM 211,KMM,LS,Kütle ve Enerji Denklikleri,,Fatoş Yüksel Güvenilir,KMB,Salı,13:30/16:29,D301,60,36,,"KMM, KMMM",,
12214,KMM 211,KMM,LS,Kütle ve Enerji Denklikleri,,Fatma Elif Genceli Güner,KMB,Salı,13:30/16:29,D302,60,60,,"KMM, KMMM",,
12215,KMM 220,KMM,LS,Akışkanlar Mekaniği,,Ömer Şahin,KMB,Perşembe,12:30/15:29,D302,35,41,,KMM,,
12216,KMM 224,KMM,LS,Kimya Müh.Termodinamiği,,"Ayşegül Meriçboyu, Melek Mümine Erol Taygun","KMB
KMB | D103
D302",Çarşamba | Perşembe,12:30/15:29 | 09:30/11:29,,45,46,,"KMM, KMMM",,
12217,KMM 224,KMM,LS,Kimya Müh.Termodinamiği,,Reha Yavuz,"KMB
KMB | D104
D103",Perşembe | Cuma,09:30/11:29 | 09:30/12:29,,45,40,,"KMM, KMMM",,
12218,KMM 305E,KMM,LS,Heat and Mass Transfer,,Şerife Birgül Ersolmaz,"KMB
KMB | D304
D304",Pazartesi | Salı,13:30/15:29 | 10:30/12:29,,60,60,,"KMM, KMMM",,
12219,KMM 305E,KMM,LS,Heat and Mass Transfer,,Ahmet Sirkecioğlu,"KMB
KMB | D202
D301",Pazartesi | Salı,13:30/15:29 | 10:30/12:29,,60,48,,"KMM, KMMM",,
12220,KMM 311E,KMM,LS,Thermodynamics II,,--,KMB,Perşembe,09:30/12:29,---,0,1,,"KMM, KMME, KMMM",,
12221,KMM 315E,KMM,LS,Physical Che.for Chemical Eng.,,Fethiye Aylin Sungur,"KMB
KMB | D201
D203",Salı | Perşembe,13:30/15:29 | 15:30/16:29,,60,60,,"KMM, KMMM",,
12222,KMM 315E,KMM,LS,Physical Che.for Chemical Eng.,,Nil Özbek,"KMB
KMB | D203
D102",Salı | Perşembe,13:30/15:29 | 15:30/16:29,,60,58,,"KMM, KMMM",,
12223,END 411,END,LS,Bütünleşik Üretim Sistemleri,,Şule Itır Satoğlu,MED,Perşembe,14:30/16:29,A16,130,122,,END,,
12224,JEF 111,JEF,LS,Jeofizik Mühendisliğine Giriş,,Mustafa Emin Demirbağ,MDB,Çarşamba,13:30/15:29,A103,80,78,,JEF,,
12225,KMM 321E,KMM,LS,Heat Transfer,,Fatma Elif Genceli Güner,KMB,Pazartesi,13:30/16:29,D303,20,1,,"KMM, KMME, KMMM",,
12226,KMM 331,KMM,LS,Kütle Aktarımı,,--,KMB,Pazartesi,09:30/12:29,---,0,0,,"KMM, KMMM",,
12227,JEF 311E,JEF,LS,Seismology,,Gonca Örgülü,"MDB
MDB | A204
A204",Salı | Perşembe,13:30/16:29 | 15:30/17:29,,80,64,,"JEF, JEFE, JEFM",,
12228,KMM 332,KMM,LS,Ayırma İşlemleri,,Gülhayat Saygılı,"KMB
KMB | D203
D202",Pazartesi | Perşembe,11:30/13:29 | 11:30/13:29,,35,53,,"KMM, KMMM",,
12229,KMM 411E,KMM,LS,Process Control,,Serdar Yaman,KMB,Pazartesi,08:30/11:29,D103,60,74,,"KMM, KMME, KMMM",,
12230,JEF 321,JEF,LS,Elektrik Prospeksiyon,,Ümit Avşar,MDB,Perşembe,08:30/12:29,A101,80,33,,"JEF, JEFM",,
12231,KMM 411E,KMM,LS,Process Control,,Devrim Barış Kaymak,KMB,Pazartesi,09:00/11:59,D104,60,74,,"KMM, KMME, KMMM",,
12232,JEF 425,JEF,LS,Mühendislik Jeofiziği,,Abdullah Karaman,"MDB
MDB | A203
A203",Çarşamba | Cuma,10:30/12:29 | 14:30/16:29,,80,31,,JEF,,
12233,KMM 412,KMM,LS,Kimyasal Teknolojiler,,"Melek Tüter, Filiz Karaosmanoğlu",,Pazartesi,13:30/16:29,,100,89,,"KMM, KMMM",,
12234,KMM 413,KMM,LS,Biyokatalizörler ve Karakter,,Fatoş Yüksel Güvenilir,KMB,Çarşamba,09:30/12:29,D101,15,15,,KMM,,
12235,JEF 428E,JEF,LS,Readings in Geophysics,,Yasir Bashir,MDB,Çarşamba,13:30/16:29,A105,80,15,,"JEF, JEFE, JEFM",,
12236,KMM 413E,KMM,LS,Biocatatlysts &Their Character,,Ramazan Kızıl,KMB,Çarşamba,09:30/12:29,D205,15,13,,"KMM, KMME",,
12237,KMM 421E,KMM,LS,Chemical Reaction Eng II,,Ahmet Sirkecioğlu,KMB,Perşembe,13:30/16:29,D101,20,3,,"KMM, KMME, KMMM",,
12238,KMM 428E,KMM,LS,Special Seperation Techniques,,Nil Özbek,KMB,Salı,09:30/12:29,D106,15,13,,KMM,,
12239,JEF 205E,JEF,LS,Physics of the Earth,,--,MDB,Pazartesi,08:30/11:29,---,0,0,,"JEF, JEFM",,
12240,KMM 429,KMM,LS,Kimya End Korozyon & Malz Seçi,,Hanzade Açma,KMB,Salı,09:30/12:29,D202,15,15,,KMM,,
12241,KMM 431E,KMM,LS,Chemical Engineering Design I,,Alper Sarıoğlan,"KMB
KMB | D304
D203",Çarşamba | Perşembe,12:30/15:29 | 10:30/12:29,,20,2,,"KMM, KMME",,
12242,KMM 438,KMM,LS,İlaç Hammaddeleri Üretimi,,Ayşe Banu Kocaağa,KMB,Salı,13:30/16:29,D303,15,15,,KMM,,
12243,KMM 446,KMM,LS,Atık Yönetimi,,Ömer Şahin,KMB,Çarşamba,09:00/11:59,D105,15,14,,KMM,,
12244,KMM 451,KMM,LS,Kimya Mühendisliği Lab. I,,"Çiğdem Oral, Ayşe Arifoğlu, Cemile Yerlikaya, Nalan Erdöl Aydın",KMB,Salı,08:30/12:29,K209,48,54,,KMM,,
12245,JEF 326,JEF,LS,Jeotermal Aramalar,,Doğa Doğan,MDB,Cuma,08:30/11:29,A204,15,14,,"JEF, JEFM",,
12246,KMM 451,KMM,LS,Kimya Mühendisliği Lab. I,,"Çiğdem Oral, Ayşe Arifoğlu, Cemile Yerlikaya, Nalan Erdöl Aydın",KMB,Salı,13:30/17:29,K209,48,55,,KMM,,
12247,JEF 451,JEF,LS,Gravite&Manyetik Prospeksiyon,,Turgay İşseven,"MDB
MDB | A204
A204",Çarşamba | Perşembe,08:30/10:29 | 13:30/15:29,,80,38,,"JEF, JEFM",,
12248,KMM 453,KMM,LS,Kimya Müh.Bilg.Dest.Tasarım,,Sinan Kutluay,KMB,Çarşamba,09:30/12:29,BIL.LAB1,15,18,,KMM,,
12249,KMM 455E,KMM,LS,Optimization in Chemical Eng.,,Elif Öztürk Er,KMB,Perşembe,09:30/12:29,D305,15,11,,"KMM, KMME",,
12250,KMM 458,KMM,LS,Ölçme ve Kontrol Cihazları,,Sinan Kutluay,KMB,Salı,13:30/16:29,D305,15,15,,KMM,,
12251,JEF 438,JEF,LS,Sismik Yorumlama,,Hülya Kurt,MDB,Salı,13:30/16:29,A302,15,3,,"JEF, JEFM",,
12252,KMM 459,KMM,LS,Yüzey Kimyası ve Kolloidler,,Ömer Şahin,KMB,Salı,09:00/11:59,D103,15,8,,KMM,,
12253,JEF 325,JEF,LS,Jeofizikte Modelleme,,Hüseyin Argun Kocaoğlu,"MDB
KMB | A205
BIL.LAB1",Pazartesi | Pazartesi,13:30/15:29 | 15:30/17:29,,80,59,,JEF,,
12254,KMM 465,KMM,LS,Çevre Kimyası ve Teknolojisi,,Ahmet Alper Aydın,KMB,Çarşamba,09:30/12:29,D106,15,14,,KMM,,
12255,KMM 465E,KMM,LS,Environmental Chemistry&Techn.,,Ahmet Alper Aydın,KMB,Salı,13:30/16:29,D202,15,0,,"KMM, KMME",,
12256,JEF 310E,JEF,LS,Geodynamics,,--,MDB,Çarşamba,12:30/15:29,---,0,0,,"JEF, JEFE, JEFM",,
12257,KMM 466E,KMM,LS,Boron Technology,,--,KMB,Salı,09:30/12:29,---,0,0,,KMME,,
12258,KMM 468E,KMM,LS,Energy Conservation in Indstry,,Serdar Yaman,KMB,Perşembe,09:30/12:29,D101,15,10,,"KMM, KMME",,
12259,KMM 485,KMM,LS,Polimer Kimyası ve Teknolojisi,,Fatma Seniha Güner,KMB,Çarşamba,09:30/12:29,D304,15,15,,"FIZ, KMM",,
12260,JEF 442,JEF,LS,Arkeo-Jeofizik,,--,MDB,Pazartesi,14:30/17:29,---,0,0,,"JEF, JEFM",,
12261,KMM 4901,KMM,LS,Kimya Mühendisliği Tasarımı I,,"Hale Gürbüz, Ayşe Özge Kürkçüoğlu Levitas, Devrim Barış Kaymak","KMB
KMB | D301
D204",Çarşamba | Perşembe,12:30/15:29 | 10:30/12:29,,100,101,,"KMM, KMMM",,
12262,JEF 440,JEF,LS,Paleomanyetizma,,Turgay İşseven,MDB,Salı,08:30/11:29,A302,15,7,,"JEF, JEFM",,
12263,KMM 492,KMM,LS,Bitirme Çalışması,,Gülhayat Saygılı,KMB | ---,,/,,50,2,,KMM,,
12264,KMM 492E,KMM,LS,Graduation Project,,Gülhayat Saygılı,KMB | ---,,/,,50,0,,"KMM, KMME",,
12265,DAN 101,DAN,LS,Akademik Danışmanlık,,Fatma Elif Genceli Güner,KMB,Çarşamba,15:30/17:29,D301,300,2,,KMM,,
12266,JEF 320,JEF,LS,Maden Jeofiziği,,Ümit Avşar,MDB,Salı,08:30/11:29,B205,15,12,,"JEF, JEFM",,
12267,BIO 214E,BIO,LS,Microbiology,,Pervin Başaran Akocak,KMB,Çarşamba,09:30/12:29,D302,15,7,,"KMM, KMME",,
12268,BIL 112E,BIL,LS,Intr.to Prog.Language(FORTRAN),,Neslihan Ocakoğlu Gökaşan,MDB,Cuma,14:30/17:29,B207,65,65,,"JEF, JEFE",,
12269,BIO 215,BIO,LS,Biyokimya,,Ayşe Banu Kocaağa,KMB,Pazartesi,09:30/12:29,D305,15,13,,KMM,,
12270,BIO 303,BIO,LS,Biyomalzemeler,,Fatma Seniha Güner,KMB,Pazartesi,09:30/12:29,D303,15,15,,KMM,,
12271,JEF 492,JEF,LS,Bitirme Çalışması,,Abdullah Karaman,MDB | ---,,/,,500,2,,JEF,,
12272,MAT 271,MAT,LS,Olasılık ve İstatistik,,Cemile Yerlikaya,KMB,Perşembe,13:30/16:29,D202,50,53,,"BIO, BLG, EHB, ELE, ELH, EUT, FIZ, GEM, GEO, GID, IML, INS, JEO, KMM, MET, MTO, PET, TEL, UCK, UZB",,
12273,JEF 492E,JEF,LS,Graduation Project,,Abdullah Karaman,MDB | ---,,/,,500,0,,"JEF, JEFE",,
12274,MAT 271,MAT,LS,Olasılık ve İstatistik,,Ayşe Arifoğlu,KMB,Çarşamba,12:30/15:29,D303,50,49,,"BIO, BLG, EHB, ELE, ELH, EUT, FIZ, GEM, GEO, GID, IML, INS, JEO, KMM, MET, MTO, PET, TEL, UCK, UZB",,
12275,JEF 4901,JEF,LS,Jeofizik Müh.Tasarım Projesi I,,Abdullah Karaman,MDB | ---,,/,,500,25,,JEF,,
12276,MAT 271E,MAT,LS,Probability and Statistics,,Çiğdem Oral,KMB,Perşembe,13:30/16:29,D104,50,49,,KMM,,
12277,TER 201,TER,LS,Termodinamik,,Hanzade Açma,KMB,Cuma,09:30/12:29,D204,70,25,,"CEV, CHZ, DEN, EHB, GEM, ISL, JEO, KMM, KMMM, KOM, KON, PET",,
12278,MAT 210E,MAT,LS,Engineering Mathematics,,Elif Öztürk Er,"KMB
KMB | D302
D104",Pazartesi | Pazartesi,11:30/13:29 | 14:30/16:29,,60,65,,KMM,,
12279,JEF 4902,JEF,LS,Jeofizik Müh.Tasarım Proje. II,,Abdullah Karaman,MDB | ---,,/,,500,8,,JEF,,
12280,ISH 202E,ISH,LS,Introduction to Heat Transfer,,Nalan Erdöl Aydın,KMB,Çarşamba,08:30/11:29,D204,60,38,,"ISL, ISLE",,
12281,MAL 201,MAL,LS,Malzeme Bilimi,,Bihter Zeytuncu Gökoğlu,KMB,Çarşamba,12:30/15:29,D202,75,71,,"GID, KMM",,
12282,RES 107,RES,LS,Teknik Resim,,Selim Ertürk,KMB,Cuma,08:30/11:29,D301,45,51,,"GID, KMM",,
12283,RES 107,RES,LS,Teknik Resim,,Münir Cansın Özden,KMB,Perşembe,08:30/11:29,D301,45,50,,"GID, KMM",,
12284,MDN 271E,MDN,LS,Probability and Statistics,,Yasir Bashir,MDB,Cuma,08:30/11:29,A101,80,53,,"CHZ, CHZE, JEF, JEFE, JEO, JEOE, MAD, MADE, PET, PETE",,
12285,JEO 112E,JEO,LS,General Geology,,Gürsel Sunal,MDB,Pazartesi,14:30/17:29,A204,63,66,,"JEF, JEFE, MAD, MADE, PET, PETE",,
12286,MEK 205,MEK,LS,Mühendislik Mekaniği,,Erol Demirkan,MDB,Perşembe,13:30/16:29,B208,80,75,,"CHZ, END, GID, IML, ISL, JEF, JEO, MAD, MADM, MAKM, PET",,
12287,ETK 101,ETK,LS,Mühendislik Etiği,,Yüksel Örgün Tutay,MDB,Çarşamba,12:30/13:29,B206,70,53,,"CHZ, EHB, IML, JEF, JEO, KOM, KON, MAD, MAK, MTO, PET, TEK",,
12288,JEO 222,JEO,LS,Jeomekanik,,Yılmaz Mahmutoğlu,MDB,Pazartesi,08:30/12:29,A105,80,79,,"JEF, JEO, JEOM",,
12289,DAN 101,DAN,LS,Akademik Danışmanlık,,Doğa Doğan,MDB,Çarşamba,15:30/17:29,---,300,0,,JEF,,
12290,PET 113E,PET,LS,Intr.to Petr.&Nat Gas.Eng.,,İbrahim Metin Mıhçakan,MDB,Çarşamba,14:30/15:29,A102,100,83,,"PET, PETE, PETM",,
12291,MET 101E,MET,LS,Int.toMet.&Mat.Engn.&Eng.Ethic,,"Faiz Muhaffel, Cevat Bora Derin",KMB,Çarşamba,13:30/15:29,D201,170,157,,"MET, METE",,
12292,MET 213,MET,LS,Malzeme Biliminin Temelleri,,"Gültekin Göller, İpek Akın Karadayı",KMB,Pazartesi,13:30/16:29,D301,90,72,,MET,,
12293,MET 213E,MET,LS,Fund.of Materials Science,,"Gültekin Göller, İpek Akın Karadayı",KMB,Çarşamba,09:30/12:29,D301,90,70,,METE,,
12294,MET 215,MET,LS,Metalurji Termodinamiğ. Tem.,,Nuri Solak,KMB,Çarşamba,09:30/12:29,D103,95,78,,MET,,
12295,MET 215E,MET,LS,Fund.of Metall.Thermodynamics,,Nuri Solak,KMB,Perşembe,10:30/13:29,D103,100,74,,METE,,
12296,MET 313,MET,LS,Kimyasal Metalurji I,,"Servet İbrahim Timur, Güldem Kartal Şireli",KMB,Pazartesi,15:30/17:29,D202,100,90,,MET,,
12297,MET 313E,MET,LS,Chemical Metallugry I,,"Onuralp Yücel, Cevat Bora Derin, Mehmet Şeref Sönmez",KMB,Pazartesi,15:30/17:29,D201,75,73,,METE,,
12298,MET 315E,MET,LS,Fund. of Physical Metallurgy,,Mustafa Lutfi Öveçoğlu,KMB,Pazartesi,12:30/15:29,D201,95,94,,"MET, METE",,
12299,MET 315E,MET,LS,Fund. of Physical Metallurgy,,Duygu Ağaoğulları,KMB,Pazartesi,08:30/11:29,D201,95,85,,"MET, METE",,
12300,MET 317E,MET,LS,Fund. of Transport Phenomena,,Güldem Kartal Şireli,KMB,Salı,10:30/13:29,D201,180,156,,"MET, METE",,
12301,PET 211E,PET,LS,Petroleum Fluid Properties,,Şenol Yamanlar,MDB,Salı,08:30/11:29,A105,100,78,,"PET, PETE, PETM",,
12302,MET 335,MET,LS,Mlz.Elekt. Many.&Optk Özellik.,,Hüseyin Kızıl,KMB,Perşembe,08:30/11:29,D105,95,89,,MET,,
12303,MET 335E,MET,LS,"Elect.,Magn.,Optic.Prop.ofMat.",,Muhammet Kürşat Kazmanlı,KMB,Cuma,14:00/16:59,D104,100,78,,METE,,
12304,PET 309E,PET,LS,Fluid and Rock Properties Lab.,,Yıldıray Palabıyık,MDB,Pazartesi,11:30/13:29,---,18,18,,"PET, PETE, PETM",,
12305,MET 337,MET,LS,Malzeme Karakterizasyon Met.,,"Gültekin Göller, Özgül Keleş",KMB,Perşembe,13:30/16:29,D301,100,96,,MET,,
12306,MET 337E,MET,LS,Materials Characteriz. Meth.,,"Murat Baydoğan, Cevat Bora Derin, Duygu Ağaoğulları",KMB,Çarşamba,08:30/11:29,D104,100,76,,METE,,
12307,PET 309E,PET,LS,Fluid and Rock Properties Lab.,,Yıldıray Palabıyık,MDB,Salı,11:30/13:29,---,18,17,,"PET, PETE, PETM",,
12308,PET 309E,PET,LS,Fluid and Rock Properties Lab.,,Yıldıray Palabıyık,MDB,Perşembe,11:30/13:29,A301,18,17,,"PET, PETE, PETM",,
12309,PET 309E,PET,LS,Fluid and Rock Properties Lab.,,Yıldıray Palabıyık,MDB,Cuma,09:30/11:29,A301,18,14,,"PET, PETE, PETM",,
12310,MET 339,MET,LS,Malzeme Karakterizasyon Lab.,,"Mohammadreza Nofar, Cevat Fahir Arısoy, Duygu Ağaoğulları, Filiz Şahin, Güldem Kartal Şireli, Gültekin Göller, Muhammet Kürşat Kazmanlı, Sebahattin Gürmen, Servet İbrahim Timur, İpek Akın Karadayı",KMB,Salı,08:30/10:29,ML2,90,84,,MET,,
12311,PET 333E,PET,LS,Drilling Engineering,,Gürşat Altun,MDB,Pazartesi,13:30/16:29,A101,100,54,,"PET, PETE, PETM",,
12312,MET 339E,MET,LS,Materials Characterization Lab,,"Mohammadreza Nofar, Billur Deniz Karahan, Cevat Bora Derin, Cevat Fahir Arısoy, Cüneyt Arslan, Duygu Ağaoğulları, Hüseyin Kızıl, Hüseyin Çimenoğlu, Nuri Solak, Onuralp Yücel, Özgül Keleş",KMB,Salı,13:30/15:29,ML2,80,67,,METE,,
12313,PET 335E,PET,LS,Well Logging I,,Emine Didem Korkmaz Başel,MDB,Salı,13:30/16:29,A101,100,80,,"PET, PETE, PETM",,
12314,MET 353,MET,LS,Müh.Uyg.Tasar.Pren&Malz.Seç.,,Bihter Zeytuncu Gökoğlu,KMB,Cuma,08:30/10:29,D104,90,75,,MET,,
12315,PET 342E,PET,LS,Reservoir Engineering,,Ömer İnanç Türeyen,MDB,Perşembe,13:30/16:29,A105,100,69,,"PET, PETE, PETM",,
12316,MET 353E,MET,LS,Dsn.Prnc.&Mat.Sel for Eng.App.,,"Özgül Keleş, Billur Deniz Karahan",KMB,Salı,15:30/17:29,D201,90,83,,METE,,
12317,MET 435E,MET,LS,PST Desg.&Prj.Mng. and Innov.,,"Özgül Keleş, Billur Deniz Karahan",KMB,Perşembe,11:30/13:29,D304,70,69,,"MET, METE",,
12318,PET 409E,PET,LS,Well Design and Completions,,Gürşat Altun,MDB,Pazartesi,08:30/11:29,A202,100,65,,"PET, PETE, PETM",,
12319,MET 437E,MET,LS,Princip.of Corros.&Corros.Prot,,Muhammet Kürşat Kazmanlı,KMB,Pazartesi,11:30/13:29,D204,95,103,,"MET, METE",,
12320,MET 437E,MET,LS,Princip.of Corros.&Corros.Prot,,Cem Örnek,,Pazartesi,10:30/12:29,,95,86,,"MET, METE",,
12321,PET 412E,PET,LS,Petroleum& Natural Gas Eco.,,Gürşat Altun,MDB,Salı,08:30/11:29,A101,100,73,,"PET, PETE, PETM",,
12322,MET 439E,MET,LS,Engineering Polymers,,Mohammadreza Nofar,KMB,Cuma,08:30/10:29,D201,170,173,,"MET, METE",,
12323,PET 416E,PET,LS,Well Logging II,,Emine Didem Korkmaz Başel,MDB,Perşembe,13:30/16:29,B205,40,9,,"PET, PETE, PETM",,
12324,MET 453E,MET,LS,Fund. of Ceramics Materials,,İpek Akın Karadayı,KMB,Perşembe,09:30/11:29,D304,80,74,,"MET, METE",,
12325,MET 453E,MET,LS,Fund. of Ceramics Materials,,Filiz Şahin,KMB,Perşembe,09:30/11:29,D201,80,80,,"MET, METE",,
12326,MET 455,MET,LS,Malzeme Proses Lab.,,"Faiz Muhaffel, Bihter Zeytuncu Gökoğlu, Filiz Şahin, Gültekin Göller, Kübra Onbaşlı, Mehmet Şeref Sönmez, Muhammet Kürşat Kazmanlı, Sebahattin Gürmen, Servet İbrahim Timur, İpek Akın Karadayı",KMB,Salı,13:30/15:29,ML1,80,80,,MET,,
12327,PET 428E,PET,LS,Simulation of Geosystems,,--,MDB,Perşembe,08:30/11:29,---,0,0,,"PET, PETE, PETM",,
12329,MET 457E,MET,LS,Semiconductor Materials,,--,KMB,Çarşamba,08:30/10:29,---,0,0,,"MET, METE",,
12330,MET 459E,MET,LS,Metal Casting and Technologies,,Necip Ünlü,KMB,Pazartesi,15:30/17:29,D203,80,80,,"MET, METE",,
12331,MET 474,MET,LS,Demir Dışı Metal.Ekstrk.Mtlrj.,,Onuralp Yücel,KMB,Cuma,14:30/16:29,D106,35,24,,MET,,
12332,MET 475E,MET,LS,Powder Metallurgy,,"Mustafa Lutfi Öveçoğlu, Duygu Ağaoğulları",KMB,Perşembe,13:30/15:29,D102,45,26,,"MET, METE",,
12333,MET 477E,MET,LS,Intro. to Electrometallurgy,,"Cüneyt Arslan, Sebahattin Gürmen",KMB,Çarşamba,08:30/10:29,D202,45,6,,"MET, METE",,
12334,MET 479E,MET,LS,Iron and Steel Making,,Cevat Fahir Arısoy,KMB,Çarşamba,13:30/15:29,D102,45,22,,"MET, METE",,
12335,MET 483E,MET,LS,Intr.to Non Destr.Test.of Mat.,,Necip Ünlü,KMB,Çarşamba,08:30/10:29,D102,45,35,,"MET, METE",,
12336,MET 485E,MET,LS,Ceramic Manufacturing,,"Filiz Şahin, İpek Akın Karadayı",KMB,Salı,11:30/13:29,D102,45,41,,"MET, METE",,
12337,MET 487E,MET,LS,Deform. Proces.of Materials,,"Hüseyin Çimenoğlu, Murat Baydoğan",KMB,Pazartesi,13:30/15:29,D204,70,68,,"MET, METE",,
12338,MET 4901,MET,LS,Met. Malz. Müh. Tasarımı I,,Cevat Bora Derin,KMB | ---,,/,,500,39,,MET,,
12339,MET 4901E,MET,LS,Met. & Mat. Engn. Design I,,Cevat Bora Derin,KMB | ---,,/,,500,101,,"MET, METE",,
12340,MET 492,MET,LS,Tasarım Projesi,,Cevat Bora Derin,KMB | ---,,/,,50,2,,MET,,
12341,MET 492E,MET,LS,Design Project,,Cevat Bora Derin,KMB | ---,,/,,50,1,,"MET, METE",,
12342,DAN 101,DAN,LS,Akademik Danışmanlık,,Mohammadreza Nofar,KMB,Çarşamba,15:30/17:29,D205,200,2,,"MET, METE",,
12343,BIL 113E,BIL,LS,Intr.to Sci& Eng.Comp.(MATLAB),,"Cem Örnek, Selim Ertürk",,Salı,13:30/16:29,,45,46,,"MET, METE",,
12344,MAT 271E,MAT,LS,Probability and Statistics,,Faiz Muhaffel,KMB,Pazartesi,08:30/11:29,D302,70,75,,"AIN, BIO, BIOE, BLG, BLGE, CEN, CEV, CEVE, CHZ, CHZE, DEN, DENE, DUI, EHB, EHBE, EHN, ELE, ELH, ELK, ELKE, ENTE, EUT, EUTE, FIZ, FIZE, GEM, GEME, GEMK, GEO, GEOE, GID, GIDE, GMI, GMIE, GMIK, IML, IMLE, INS, INSE, JEF, JEFE, JEO, JEOE, KMM, KMME, KOM, KOME, KON, KONE, MAD, MADE, MAK, MAKE, MEN, MET, METE, MMD, MTM, MTO, MTOE, NAE, PET, PETE, SBP, SBPE, SEH, TEK, TEKE, TEL, UCK, UCKE, UZB, UZBE",,
12345,MAT 210E,MAT,LS,Engineering Mathematics,,Kübra Onbaşlı,"KMB
KMB | D104
D202",Cuma | Cuma,11:00/12:59 | 14:00/15:59,,60,54,,METE,,
12346,MAT 210,MAT,LS,Mühendislik Matematiği,,Kübra Onbaşlı,"KMB
KMB | D102
D105",Pazartesi | Çarşamba,11:30/13:29 | 13:30/15:29,,60,51,,MET,,
12347,GID 113E,GID,LS,Int.to Food Eng. and Ethics,,Aslı Can Karaça,KMB,Çarşamba,12:30/14:29,D204,95,75,,GID,,
12348,GID 211E,GID,LS,Mass and Energy Balances,,Celale Kırkın Gözükırmızı,KMB,Salı,09:30/12:29,D104,50,9,,"GID, GIDE",,
12349,GID 216E,GID,LS,Mass and Energy Balances,,Meral Kılıç Akyılmaz,KMB,Salı,09:30/12:29,D204,95,66,,GID,,
12350,GID 221E,GID,LS,Food Chemistry,,Aslı Can Karaça,KMB,Cuma,09:30/12:29,D102,50,2,,"GID, GIDE, GIDM",,
12351,GID 223E,GID,LS,Food Chemistry,,Neşe Şahin Yeşilçubuk,KMB,Cuma,09:30/12:29,D202,95,52,,GID,,
12352,GID 311,GID,LS,Gıda Mikrobiyolojisi I,,Pervin Başaran Akocak,KMB,Perşembe,09:30/12:29,D102,95,87,,"GID, GIDM",,
12353,GID 323,GID,LS,Gıda Mikrobiyolojisi Lab,,Hatice Funda Karbancıoğlu Güler,KMB,Salı,08:30/12:29,G308,33,36,,GID,,
12354,GID 323,GID,LS,Gıda Mikrobiyolojisi Lab,,Hatice Funda Karbancıoğlu Güler,KMB,Salı,13:30/17:29,G308,33,43,,GID,,
12355,GID 331E,GID,LS,Food Eng Unit Operations I,,Fatma Ebru Fıratlıgil,KMB,Cuma,14:00/16:59,D103,95,88,,"GID, GIDE",,
12356,GID 341,GID,LS,Isı Aktarımı,,Fatma Ebru Fıratlıgil,KMB,Perşembe,13:30/16:29,D201,95,84,,GID,,
12357,GID 351,GID,LS,Kütle Aktarımı,,Filiz Altay,KMB,Pazartesi,14:00/16:59,D103,95,64,,GID,,
12358,GID 413,GID,LS,Biyoteknoloji,,Neşe Şahin Yeşilçubuk,KMB,Perşembe,13:30/16:29,D105,28,33,,"GID, GIDM",,
12359,GID 415E,GID,LS,Cold Storage Technology,,Filiz Altay,KMB,Salı,09:30/12:29,D105,28,29,,"GID, GIDE",,
12360,GID 424,GID,LS,Gıda Kalite Kontrol,,"Beraat Özçelik, Kadriye Nur Kasapoğlu",KMB,Salı,13:30/16:29,D204,95,82,,"GID, GIDM",,
12361,GID 433,GID,LS,Gıda Kalite Kontrol Lab,,"Neşe Şahin Yeşilçubuk, Derya Kahveci Karıncaoğlu, Gülay Özkan",KMB,Pazartesi,08:30/12:29,G109,35,37,,GID,,
12362,GID 433,GID,LS,Gıda Kalite Kontrol Lab,,"Neşe Şahin Yeşilçubuk, Derya Kahveci Karıncaoğlu, Gülay Özkan",KMB,Pazartesi,13:00/16:59,G109,35,35,,GID,,
12363,GID 441,GID,LS,Proses Kontrol,,Filiz Altay,KMB,Cuma,09:30/12:29,D203,95,85,,"FIZ, GID",,
12364,GID 450,GID,LS,Gıda Müh. Özel Konular,,"Meral Kılıç Akyılmaz, Aslı Can Karaça, Beraat Özçelik, Celale Kırkın Gözükırmızı, Derya Kahveci Karıncaoğlu, Fatih Ortakcı, Fatma Ebru Fıratlıgil, Filiz Altay, Gülay Özkan, Gürbüz Güneş, Hatice Funda Karbancıoğlu Güler, Kadriye Nur Kasapoğlu, Neşe Şahin Yeşilçubuk, Pervin Başaran Akocak",KMB | ---,,/,,50,18,,GID,,
12365,PET 441E,PET,LS,Enhanced Oil Recovery,,Hasan Özgür Yıldız,MDB,Çarşamba,08:30/11:29,B205,40,32,,"PET, PETE, PETM",,
12366,PET 467E,PET,LS,Anly. of Well Pressure Tests,,Yıldıray Palabıyık,MDB,Salı,13:30/16:29,B206,30,29,,"PET, PETE, PETM",,
12367,PET 4901E,PET,LS,Petr. & Nat. Gas Eng. Design I,,Ömer İnanç Türeyen,MDB | ---,,/,,500,52,,"PET, PETE, PETM",,
12368,JEO 445E,JEO,LS,Petroleum and Natural Gas Geo.,,"Sedat İnan, Zeynep Döner",MDB,Çarşamba,12:30/15:29,A205,80,74,,"JEF, JEFE, JEO, JEOE, PET, PETE",,
12369,GID 4901E,GID,LS,Food Engineering Design I,,"Gürbüz Güneş, Celale Kırkın Gözükırmızı",KMB,Çarşamba,08:30/13:29,D201,90,60,,GID,,
12370,GID 492,GID,LS,Bitirme Çalışması,,Meral Kılıç Akyılmaz,KMB | ---,,/,,50,1,,GID,,
12371,GID 492E,GID,LS,Graduation Project,,Meral Kılıç Akyılmaz,KMB | ---,,/,,50,1,,"GID, GIDE",,
12372,MAT 210E,MAT,LS,Engineering Mathematics,,"Kadriye Nur Kasapoğlu, Gizem Çatalkaya",KMB,Çarşamba,08:30/12:29,D303,60,43,,"GID, GIDE",,
12373,DAN 101,DAN,LS,Akademik Danışmanlık,,Fazıl Emre Artun,MDB,Çarşamba,15:30/17:29,---,70,0,,"PET, PETE",,
12374,BIL 113E,BIL,LS,Intr.to Sci& Eng.Comp.(MATLAB),,Celale Kırkın Gözükırmızı,KMB,Pazartesi,09:30/12:29,BIL.LAB1,60,60,,"GID, GIDE",,
12375,BIO 215,BIO,LS,Biyokimya,,Kadriye Nur Kasapoğlu,KMB,Cuma,09:30/12:29,D101,45,33,,"FIZ, GID, KMM",,
12376,CHZ 103,CHZ,LS,Cevher Haz. Müh. Giriş ve Etik,,"Feridun Boylu, Kudret Tahsin Perek",MDB,Çarşamba,13:30/15:29,B205,90,80,,CHZ,,
12377,BIO 301E,BIO,LS,Fundamentals of Biology,,Ayşe Saygün,KMB,Çarşamba,09:30/12:29,D203,45,46,,"BIOM, CEV, CEVE, CHZ, CHZE, DEN, EEE, EHB, EHBE, EHS, ELE, ELH, ELK, ELKE, FIZ, FIZE, GEM, GID, GIDE, INS, INSE, ISL, ISLE, JEO, JEOE, KIM, KIME, KMM, KMME, KOM, KOME, MAD, MADE, MET, METE, PET, PETE, TEL",,
12378,CHZ 213,CHZ,LS,Zenginlstirme Önc.Haz. İşlml.,,Murat Olgaç Kangal,"MDB
MDB | A205
A205",Salı | Cuma,10:30/12:29 | 14:00/15:59,,70,65,,CHZ,,
12379,BIO 224E,BIO,LS,Molecular Biology,,Fatih Ortakcı,KMB,Pazartesi,09:30/12:29,D106,30,6,,"GID, GIDE, KMME",,
12380,CHZ 310,CHZ,LS,Cevher Haz. Tesis Otomasyonu,,--,MDB,Çarşamba,08:30/10:29,---,0,0,,"CHZ, CHZM",,
12381,CHZ 216,CHZ,LS,Fiziksel Zeng. Yöntemleri,,Alim Gül,"MDB
MDB | B204
B204",Pazartesi | Salı,13:30/15:29 | 10:30/12:29,,50,5,,CHZ,,
12382,ISH 303E,ISH,LS,Food Processing Techniques,,"Fatih Ortakcı, Gülay Özkan",KMB,Salı,08:30/11:29,D102,60,36,,"ISL, ISLE",,
12383,CHZ 316E,CHZ,LS,Metallurgy I,,Fatma Arslan,MDB,Çarşamba,13:30/15:29,B206,60,46,,"CHZ, CHZE",,
12384,RES 107,RES,LS,Teknik Resim,,Selim Ertürk,KMB,Cuma,14:00/16:59,D301,45,50,,"GID, KMM",,
12385,CHZ 323,CHZ,LS,Maden Yatakları,,Yüksel Örgün Tutay,MDB,Pazartesi,08:30/11:29,B206,40,20,,CHZ,,
12386,CHZ 321,CHZ,LS,Kömür Hazırlama,,Mustafa Özer,MDB,Perşembe,08:30/11:29,A201,70,65,,"CHZ, CHZM, MAD",,
12387,CHZ 348E,CHZ,LS,Bulk Materials Handling,,Ayhan Ali Sirkeci,MDB,Salı,13:30/15:29,A205,70,61,,"CHZ, CHZE",,
12388,CHZ 437,CHZ,LS,Kömür Hazırlamada Model.&Sim.,,Feridun Boylu,MDB,Çarşamba,10:30/12:29,A204,25,25,,CHZ,,
12389,CHZ 439,CHZ,LS,Çimento Hammad. ve Tekn.,,Şükriye Beste Aydın,MDB,Çarşamba,10:30/12:29,A205,25,19,,CHZ,,
12390,CHZ 443E,CHZ,LS,Boron Processing and Applic.,,"Gülay Bulut, Şükriye Beste Aydın",MDB,Salı,10:30/12:29,B206,50,42,,"CHZ, CHZE",,
12391,BEN 107,BEN,LS,Art of Engineering,,"Aynur Karakaş Karaağaç, Oğuz Haşlakoğlu, Yüksel Demir",MMB,Perşembe,13:30/16:29,307,30,15,,MBI,,
12392,CHZ 452E,CHZ,LS,Mineral Process. & Environment,,Fırat Burat,MDB,Pazartesi,11:30/13:29,A203,60,51,,"CHZ, CHZE",,
12393,CHZ 4901,CHZ,LS,Cevher Hazırl. Müh. Tasarımı I,,Feridun Boylu,MDB | ---,,/,,500,38,,CHZ,,
12394,BEN 111,BEN,LS,Intr. to Bioengineering,,Melek Mümine Erol Taygun,KMB,Cuma,14:00/15:59,D205,30,15,,MBI,,
12395,CMP 103,CMP,LS,Intr. to Comp. & Info. Sys.,,Ömer Özyıldırım,KMB,Perşembe,10:30/12:29,GZ104,40,15,,"MBI, MCB, SCE, SIN",,
12396,CHZ 4902,CHZ,LS,Cevher Hazırl. Müh.Tasarımı II,,Feridun Boylu,MDB | ---,,/,,500,7,,CHZ,,
12397,BEN 102,BEN,LS,Microbiology,,Hatice Funda Karbancıoğlu Güler,KMB,Çarşamba,08:30/12:29,---,40,9,,"MBI, MCB",,
12398,BEN 321,BEN,LS,Reac. Kin&Reac. Design in Bio.,,Ahmet Sirkecioğlu,KMB,Salı,13:30/16:29,D105,40,9,,MBI,,
12399,CHZ 492,CHZ,LS,Bitirme Çalışması,,Feridun Boylu,MDB | ---,,/,,500,0,,CHZ,,
12400,BEN 323,BEN,LS,Material Science,,Faiz Muhaffel,KMB,Pazartesi,14:30/17:29,D105,40,9,,MBI,,
12401,CHZ 492E,CHZ,LS,Graduation Thesis,,Feridun Boylu,MDB | ---,,/,,500,0,,"CHZ, CHZE",,
12402,BEN 335,BEN,LS,Biosensors,,Muhammet Kürşat Kazmanlı,KMB,Perşembe,13:30/16:29,D106,40,1,,MBI,,
12403,BEN 337,BEN,LS,Biofuels and Bioenergy,,Serdar Yaman,KMB,Salı,09:30/12:29,D205,40,9,,MBI,,
12404,BEN 352,BEN,LS,Transp. Process in Bioengin.,,"Melek Mümine Erol Taygun, Fatma Elif Genceli Güner",KMB,Pazartesi,08:30/11:29,D102,40,9,,MBI,,
12405,BIL 113E,BIL,LS,Intr.to Sci& Eng.Comp.(MATLAB),,Şükriye Beste Aydın,MDB,Pazartesi,13:30/16:29,B207,60,55,,"CHZ, CHZE",,
12407,PHY 125,PHY,LS,Physics I,,Sevtap Yıldız Özbek,FEB,Cuma,09:30/12:29,D106,30,17,,"MBI, SGI",,
12408,TER 201,TER,LS,Termodinamik,,Birgül Benli,MDB,Pazartesi,08:30/11:29,B204,50,21,,"CEV, CHZ, DEN, EHB, GEM, ISL, JEO, KMM, KOM, KON, PET",,
12409,PHY 125L,PHY,LS,Physics I Laboratory,,Sevtap Yıldız Özbek,FEB,Çarşamba,10:30/12:29,---,30,17,,"MBI, SGI",,
12410,CHE 101,CHE,LS,Chemistry I,,Barış Kışkan,"INB
FEB | D203
LAB-C",Pazartesi | Perşembe,08:30/11:29 | 08:30/10:29,,55,51,,"MBI, MCB, SCE, SED, SEN, SGI, SIN, SIS",,
12411,MAD 213E,MAD,LS,Mine Production Technology,,--,MDB,Perşembe,11:30/13:29,---,0,0,,"CHZ, CHZE",,
12412,DAN 101,DAN,LS,Akademik Danışmanlık,,Kudret Tahsin Perek,MDB,Çarşamba,15:30/17:29,---,300,0,,"CHZ, CHZE",,
12413,MAD 101E,MAD,LS,Tech.Draw.Appl.in Mining Eng.,,Hakan Tunçdemir,MDB,Perşembe,08:30/11:29,B207,105,63,,MAD,,
12414,MAD 111,MAD,LS,Maden Müh Giriş,,Türker Hüdaverdi,MDB,Çarşamba,14:30/15:29,A101,105,95,,MAD,,
12415,MDN 210,MDN,LS,Mineraloji ve Petrografi,,Şenel Özdamar,MDB,Çarşamba,08:30/12:29,B204,50,26,,"CHZ, JEF, MAD",,
12416,MDN 210,MDN,LS,Mineraloji ve Petrografi,,Şenel Özdamar,MDB,Cuma,08:30/12:29,B206,50,36,,"CHZ, JEF, MAD",,
12417,TUR 102,TUR,LS,Türk Dili II,,Timur Aydın,,Salı,11:30/13:29,,30,16,,"SED, SEK, SIS, STP",,
12418,MAD 232,MAD,LS,Açık İşletmeler,,"Selamet Gürbüz Erçelebi, Ataç Başçetin",MDB,Pazartesi,14:30/17:29,A105,100,92,,"MAD, MADM",,
12419,MAD 241E,MAD,LS,Blasting Tech&its Applications,,Türker Hüdaverdi,MDB,Salı,11:30/13:29,A203,80,78,,"MAD, MADE",,
12420,MAD 307,MAD,LS,Cevher Hazırlama I,,Murat Olgaç Kangal,MDB,Perşembe,10:30/13:29,A102,90,76,,MAD,,
12421,MAD 311,MAD,LS,Jeofizik,,Seda Yolsal Çevikbilen,MDB,Perşembe,08:30/10:29,A105,70,55,,MAD,,
12422,MAD 319,MAD,LS,Doğal Taş Üretim Teknolojisi,,Deniz Tumaç,MDB,Salı,13:30/15:29,B204,55,53,,"MAD, MADM",,
12423,MAD 327,MAD,LS,Madenlerde Ulaşım ve Su Atımı,,Cemal Balcı,MDB,Pazartesi,08:30/10:29,A302,85,51,,"MAD, MADM",,
12424,MAD 351E,MAD,LS,Rock Mechanics,,Hakan Tunçdemir,MDB,Çarşamba,08:30/11:29,B207,85,50,,"MAD, MADE, MADM",,
12425,MAD 361,MAD,LS,Maden Yatakları,,Yüksel Örgün Tutay,MDB,Pazartesi,11:30/13:29,B208,85,73,,MAD,,
12426,MAD 362E,MAD,LS,Engineering Geology,,Kayhan Develi,MDB,Salı,15:30/17:29,B208,75,65,,"MAD, MADE",,
12427,MAD 413E,MAD,LS,Tunneling,,"Hanifi Çopur, Deniz Tumaç",MDB,Salı,08:30/11:29,A202,65,40,,"MAD, MADE, MADM",,
12428,KON 435E,KON,LS,Industrial Data Communications,,Ali Fuat Ergenç,EEB,Pazartesi,12:30/16:29,5107,80,66,,"KOM, KOME, MKN",,
12429,GEO 208E,GEO,LS,Remote Sensing I,,Uğur Algancı,INB,Çarşamba,13:30/15:29,A105,50,48,,"GEO, GEOE",,
12430,GEO 313E,GEO,LS,Digital Image Processing,,Uğur Algancı,INB,Salı,13:30/16:29,D203,40,40,,"GEO, GEOE",,
12431,MAD 439E,MAD,LS,Cement Technology,,--,MDB,Salı,08:30/10:29,---,0,0,,MAD,,
12432,MAD 441E,MAD,LS,Mine System Analysis,,"Selamet Gürbüz Erçelebi, Muhammet Mustafa Kahraman",MDB,Perşembe,13:30/16:29,A101,100,56,,"MAD, MADE",,
12433,MAD 451,MAD,LS,Maden Makinaları,,"Hanifi Çopur, Deniz Tumaç",MDB,Cuma,08:30/11:29,A102,70,58,,"MAD, MADM",,
12434,MIM 106E,MIM,LS,Structural Mechanics,,Cenk Üstündağ,MMB,Salı,08:30/12:29,231,90,71,,"ARC, ENTE, EUTE, IAD, ICM, MIM, MIME",,
12435,MIM 114E,MIM,LS,Accessibility,,Göksenin İnalhan,MMB,Salı,12:30/14:29,307,25,11,,"MIM, MIME",,
12436,MIM 119E,MIM,LS,Int.to Architecture and Ethics,,"Yüksel Demir, Hüsnü Murat Günaydın, Seden Acun Özgünler",MMB,Çarşamba,12:30/15:29,307,30,15,,"MIM, MIME",,
12437,MIM 106E,MIM,LS,Structural Mechanics,,Gülseren Erol Soyöz,MMB,Salı,08:30/12:29,3504,30,16,,"ARC, ENTE, EUTE, IAD, ICM, MIM, MIME",,
12438,MIM 203,MIM,LS,Mimarlıkta Yapı ve Yapım,,"Hülya Kuş, Caner Göçer","MMB
MMB | 229
229",Çarşamba | Çarşamba,10:30/12:29 | 13:30/15:29,,140,140,,MIM,,
12439,MIM 203E,MIM,LS,Building and Const inArch.,,"Ayşe Nil Türkeri, Fethiye Ecem Edis","MMB
MMB | 231
231",Çarşamba | Çarşamba,10:30/12:29 | 13:30/15:29,,166,170,,"ARC, IAD, ICM, MIME",,
12440,MIM 204E,MIM,LS,Arch.Building Element Design,,Fatih Yazıcıoğlu,"MMB
MMB | 333
333",Çarşamba | Çarşamba,09:30/12:29 | 13:30/15:29,,40,40,,"ARC, MIM, MIME",,
12441,MIM 208,MIM,LS,Yapısal Analiz ve Tasarım I,,"Necdet Torunbalcı, Haluk Sesigür","MMB
MMB | 231
231",Pazartesi | Cuma,10:30/12:29 | 10:30/12:29,,97,94,,MIM,,
12442,MIM 208E,MIM,LS,Structural Analysis& Design I,,"Oğuz Cem Çelik, Halet Almıla Büyüktaşkın","MMB
MMB | 229
229",Salı | Cuma,12:30/14:29 | 10:30/12:29,,99,97,,"ARC, MIM, MIME",,
12443,MIM 209,MIM,LS,Mimarlık Tarihi I,,"Mehmet Murat Gül, Aygül Ağır",MMB,Salı,14:30/17:29,229,100,92,,MIM,,
12444,MIM 209E,MIM,LS,History of Architecture I,,Nejat Turgut Saner,MMB,Salı,14:30/17:29,231,105,106,,"ARC, MIM, MIME",,
12445,MIM 210E,MIM,LS,History of Architecture II,,"Zeynep Kuban Tokgöz, Bilge Ar",MMB,Perşembe,09:30/12:29,106,40,34,,"ARC, MIM, MIME",,
12446,MIM 211,MIM,LS,Mimari Proje III,,Cemile Tiftik,"MMB
MMB | CATI 1
CATI 1",Pazartesi | Perşembe,13:30/17:29 | 13:30/17:29,,22,17,,MIM,,
12447,MIM 211,MIM,LS,Mimari Proje III,,Dilek Yıldız,"MMB
MMB | CATI 3
CATI 3",Pazartesi | Perşembe,13:30/17:29 | 13:30/17:29,,22,22,,MIM,,
12448,MIM 211,MIM,LS,Mimari Proje III,,Cem Okan Erözü,"MMB
MMB | CATI 3
CATI 3",Pazartesi | Perşembe,13:30/17:29 | 13:30/17:29,,22,22,,MIM,,
12449,MIM 211E,MIM,LS,Architectural Design III,,Sıdıka Aslıhan Şenel,"MMB
MMB | 3400
3400",Pazartesi | Perşembe,13:30/17:29 | 13:30/17:29,,22,22,,"ARC, MIM, MIME",,
12450,MIM 211E,MIM,LS,Architectural Design III,,Göksenin İnalhan,"MMB
MMB | CATI 1
CATI 1",Pazartesi | Perşembe,13:30/17:29 | 13:30/17:29,,22,17,,"ARC, MIM, MIME",,
12451,MIM 211E,MIM,LS,Architectural Design III,,Pelin Dursun Çebi,"MMB
MMB | 3400
3400",Pazartesi | Perşembe,13:30/17:29 | 13:30/17:29,,22,21,,"ARC, MIM, MIME",,
12452,MIM 211E,MIM,LS,Architectural Design III,,Özlem Berber Özkendirci,"MMB
MMB | 3400
3400",Pazartesi | Perşembe,13:30/17:29 | 13:30/17:29,,22,21,,"ARC, MIM, MIME",,
12453,MIM 211E,MIM,LS,Architectural Design III,,Fatma Erkök,"MMB
MMB | 3505
3505",Pazartesi | Perşembe,13:30/17:29 | 13:30/17:29,,22,13,,"ARC, MIM, MIME",,
12455,MIM 211E,MIM,LS,Architectural Design III,,Arzu İrem Mollaahmetoğlu,"MMB
MMB | 3400
3400",Pazartesi | Perşembe,13:30/17:29 | 13:30/17:29,,22,21,,"ARC, MIM, MIME",,
12456,MIM 211E,MIM,LS,Architectural Design III,,Hakan Tüzün Şengün,"MMB
MMB | 3400
3400",Pazartesi | Perşembe,13:30/17:29 | 13:30/17:29,,22,24,,"ARC, MIM, MIME",,
12457,MIM 212,MIM,LS,Mimari Proje IV,,Cemile Tiftik,"MMB
MMB | CATI 1
CATI 1",Pazartesi | Perşembe,13:30/17:29 | 13:30/17:29,,3,4,,MIM,,
12458,MIM 212,MIM,LS,Mimari Proje IV,,Dilek Yıldız,"MMB
MMB | CATI 3
CATI 3",Pazartesi | Perşembe,13:30/17:29 | 13:30/17:29,,3,3,,MIM,,
12459,MIM 212,MIM,LS,Mimari Proje IV,,Cem Okan Erözü,"MMB
MMB | CATI 3
CATI 3",Pazartesi | Perşembe,13:30/17:29 | 13:30/17:29,,3,3,,MIM,,
12460,MAD 461,MAD,LS,Madenlerde Havalandırma,,Abdullah Fişne,MDB,Pazartesi,14:30/17:29,A203,70,44,,"MAD, MADM",,
12461,MIM 212E,MIM,LS,Architectural Design IV,,Sıdıka Aslıhan Şenel,"MMB
MMB | 3400
3400",Pazartesi | Perşembe,13:30/17:29 | 13:30/17:29,,3,6,,"MIM, MIME",,
12462,MIM 212E,MIM,LS,Architectural Design IV,,Göksenin İnalhan,"MMB
MMB | CATI 1
CATI 1",Pazartesi | Perşembe,13:30/17:29 | 13:30/17:29,,7,7,,"MIM, MIME",,
12463,MAD 467,MAD,LS,Jeoloji Haritaları,,Ufuk Tarı,MDB,Pazartesi,08:30/11:29,A301,50,6,,MAD,,
12464,MIM 212E,MIM,LS,Architectural Design IV,,Pelin Dursun Çebi,"MMB
MMB | 3400
3400",Pazartesi | Perşembe,13:30/17:29 | 13:30/17:29,,7,8,,"MIM, MIME",,
12465,MIM 212E,MIM,LS,Architectural Design IV,,Özlem Berber Özkendirci,"MMB
MMB | 3400
3400",Pazartesi | Perşembe,13:30/17:29 | 13:30/17:29,,3,5,,"MIM, MIME",,
12467,MIM 212E,MIM,LS,Architectural Design IV,,Fatma Erkök,"MMB
MMB | 3505
3505",Pazartesi | Perşembe,13:30/17:29 | 13:30/17:29,,6,7,,"MIM, MIME",,
12469,MIM 212E,MIM,LS,Architectural Design IV,,Arzu İrem Mollaahmetoğlu,"MMB
MMB | 3400
3400",Pazartesi | Perşembe,13:30/17:29 | 13:30/17:29,,3,3,,"MIM, MIME",,
12471,MIM 212E,MIM,LS,Architectural Design IV,,Hakan Tüzün Şengün,"MMB
MMB | 3400
3400",Pazartesi | Perşembe,13:30/17:29 | 13:30/17:29,,3,4,,"MIM, MIME",,
12472,MAD 4901,MAD,LS,Maden Müh.Tasarım Projesi I,,Türker Hüdaverdi,MDB | ---,,/,,500,39,,MAD,,
12473,MIM 213E,MIM,LS,Structural Analysis& Design II,,"Haluk Sesigür, Cenk Üstündağ",MMB,Çarşamba,08:30/12:29,215,60,59,,"ARC, MIM, MIME",,
12474,MIM 231,MIM,LS,Yapı Malzemesi,,"Seden Acun Özgünler, Seda Erdem","MMB
MMB | 229
229",Salı | Perşembe,10:00/11:59 | 10:30/12:29,,100,94,,MIM,,
12475,MIM 231E,MIM,LS,Building Materials,,Mehmet Serkan Yatağan,"MMB
MMB | 215
215",Salı | Perşembe,10:00/11:59 | 10:30/12:29,,82,85,,"ARC, MIM, MIME",,
12476,MIM 246E,MIM,LS,Environmental Control Studio,,Tarık Serhat Bozkurt,"MMB
MMB | 217A
217A",Salı | Perşembe,08:30/12:29 | 08:30/12:29,,50,40,,"ICM, MIM, MIME, SBP, SBPE",,
12477,MIM 253,MIM,LS,Çelik Yapılar,,Necdet Torunbalcı,MMB,Pazartesi,10:30/12:29,106,30,26,,MIM,,
12478,MIM 253E,MIM,LS,Steel Structures,,Oğuz Cem Çelik,MMB,Cuma,10:30/12:29,106,30,16,,"MIM, MIME",,
12479,MIM 271,MIM,LS,Yapı Statiği,,Haluk Sesigür,MMB,Cuma,10:30/12:29,107,30,19,,MIM,,
12480,MIM 271E,MIM,LS,Theory of Structures,,Halet Almıla Büyüktaşkın,MMB,Salı,12:30/14:29,106,30,27,,"MIM, MIME",,
12481,MIM 304,MIM,LS,Mimarlık Tarihi III,,Vesile Gül Cephanecigil,MMB,Cuma,09:30/12:29,230,100,98,,MIM,,
12482,MIM 304E,MIM,LS,History of Architecture III,,Miyuki Aoki Girardelli,MMB,Cuma,09:30/12:29,213,102,85,,"ARC, MIM, MIME",,
12483,MIM 305E,MIM,LS,Statistics,,Michael Stefan Bitterman,,Salı,13:30/16:29,,43,48,,"ASS, ICM, MIM, MIME, SAS",,
12484,MIM 312,MIM,LS,Mimari Proje VI,,--,"MMB
MMB | ---
---",Pazartesi | Perşembe,13:30/17:29 | 13:30/17:29,,0,0,,MIM,,
12485,MIM 312,MIM,LS,Mimari Proje VI,,Sinan Omacan,"MMB
MMB | 3404
3404",Pazartesi | Perşembe,13:30/17:29 | 13:30/17:29,,2,2,,MIM,,
12486,MIM 312,MIM,LS,Mimari Proje VI,,Elmira Ayşe Gür,"MMB
MMB | 3401
3401",Pazartesi | Perşembe,13:30/17:29 | 13:30/17:29,,2,5,,MIM,,
12487,MIM 312,MIM,LS,Mimari Proje VI,,Suat Apak,"MMB
MMB | 3402
3402",Pazartesi | Perşembe,13:30/17:29 | 13:30/17:29,,2,2,,MIM,,
12488,MIM 312,MIM,LS,Mimari Proje VI,,Tan Kamil Gürer,"MMB
MMB | 3403
3403",Pazartesi | Perşembe,13:30/17:29 | 13:30/17:29,,2,2,,MIM,,
12489,MIM 312,MIM,LS,Mimari Proje VI,,Çiğdem Eren,"MMB
MMB | 3404
3404",Pazartesi | Perşembe,13:30/17:29 | 13:30/17:29,,3,3,,MIM,,
12490,MIM 312,MIM,LS,Mimari Proje VI,,Nurbin Paker Kahvecioğlu,"MMB
MMB | CATI 5
CATI 5",Pazartesi | Perşembe,13:30/17:29 | 13:30/17:29,,3,3,,MIM,,
12491,MIM 312E,MIM,LS,Architectural Design VI,,Leman Figen Gül,"MMB
MMB | 3405
3405",Pazartesi | Perşembe,13:30/17:29 | 13:30/17:29,,2,3,,"MIM, MIME",,
12492,MIM 312E,MIM,LS,Architectural Design VI,,Nesip Ömer Erem,"MMB
MMB | 3406
3406",Pazartesi | Perşembe,13:30/17:29 | 13:30/17:29,,2,4,,"MIM, MIME",,
12493,MIM 312E,MIM,LS,Architectural Design VI,,Nizam Onur Sönmez,"MMB
MMB | 3407
3407",Pazartesi | Perşembe,13:30/17:29 | 13:30/17:29,,2,2,,"MIM, MIME",,
12494,MAD 4902,MAD,LS,Maden Müh.Tasarım Projesi II,,Türker Hüdaverdi,MDB | ---,,/,,500,12,,MAD,,
12495,MIM 312E,MIM,LS,Architectural Design VI,,Meltem Aksoy,"MMB
MMB | 3503
3503",Pazartesi | Perşembe,13:30/17:29 | 13:30/17:29,,2,3,,"MIM, MIME",,
12496,MAD 492,MAD,LS,Bitirme Çalışması,,Türker Hüdaverdi,MDB | ---,,/,,500,9,,MAD,,
12497,MIM 312E,MIM,LS,Architectural Design VI,,Bihter Almaç,"MMB
MMB | 333
333",Pazartesi | Perşembe,13:30/17:29 | 13:30/17:29,,2,4,,"MIM, MIME",,
12498,MIM 312E,MIM,LS,Architectural Design VI,,Ayşe Şentürer,"MMB
MMB | 3504
3504",Pazartesi | Perşembe,13:30/17:29 | 13:30/17:29,,4,3,,"MIM, MIME",,
12499,MAD 492E,MAD,LS,Graduation Project,,Türker Hüdaverdi,MDB | ---,,/,,500,1,,"MAD, MADE",,
12500,MIM 312E,MIM,LS,Architectural Design VI,,Mehmet Emin Şalgamcıoğlu,"MMB
MMB | CATI 2
CATI 2",Pazartesi | Perşembe,13:30/17:29 | 13:30/17:29,,4,7,,"MIM, MIME",,
12501,CHZ 447,CHZ,LS,Flotasyon,,--,MDB,Cuma,08:30/10:29,---,0,0,,MAD,,
12502,MIM 312E,MIM,LS,Architectural Design VI,,Doğu Kaptan,"MMB
MMB | CATI 2
CATI 2",Pazartesi | Perşembe,13:30/17:29 | 13:30/17:29,,4,4,,"MIM, MIME",,
12503,BIL 110E,BIL,LS,Intr. to Prog. Language (C),,Ömür Acaroğlu Ergün,MDB,Çarşamba,11:30/14:29,B207,65,65,,"CHZ, MAD, MADE",,
12504,MIM 312E,MIM,LS,Architectural Design VI,,Arman Akdoğan,"MMB
MMB | CATI 2
CATI 2",Pazartesi | Perşembe,13:30/17:29 | 13:30/17:29,,4,4,,"MIM, MIME",,
12505,MIM 312E,MIM,LS,Architectural Design VI,,Ozan Önder Özener,"MMB
MMB | CATI 4
CATI 4",Pazartesi | Perşembe,13:30/17:29 | 13:30/17:29,,4,5,,"MIM, MIME",,
12506,DAN 101,DAN,LS,Akademik Danışmanlık,,Abdullah Fişne,MDB,Çarşamba,15:30/17:29,---,70,0,,"MAD, MADE",,
12507,JEO 113,JEO,LS,Kristalografi,,"Recep Fahri Esenli, Bala Ekinci Şans",MDB,Pazartesi,08:30/11:29,B205,90,84,,"JEO, JEOM",,
12509,MIM 322,MIM,LS,Tarihi Çevre Koruma & Restr,,Gülsüm Tanyeli,MMB,Salı,10:30/12:29,126,40,41,,MIM,,
12510,MIM 322,MIM,LS,Tarihi Çevre Koruma & Restr,,Sakine Yıldız Salman,MMB,Salı,10:30/12:29,126,40,42,,MIM,,
12511,MIM 322E,MIM,LS,Conserv.of Hist. Build.&Sites,,Zeynep Eres Özdoğan,MMB,Salı,10:30/12:29,230,38,48,,"ARC, MIME, SAS",,
12512,MIM 322E,MIM,LS,Conserv.of Hist. Build.&Sites,,Işıl Polat Pekmezci,MMB,Salı,10:30/12:29,230,38,48,,"ARC, MIM, MIME, SAS",,
12513,MIM 333,MIM,LS,Yapım Sistemleri,,"Hakan Yaman, Ecem Tezel",MMB,Cuma,14:00/15:59,230,113,113,,MIM,,
12514,JEO 112E,JEO,LS,General Geology,,Ziyadin Çakır,MDB,Cuma,14:00/16:59,B204,60,51,,"JEF, JEFE, MAD, MADE, PET, PETE",,
12515,MIM 333E,MIM,LS,Building Production Systems,,Fatma Pınar Çakmak,MMB,Cuma,14:00/15:59,231,113,114,,"ARC, MIM, MIME, SAS",,
12516,JEO 112E,JEO,LS,General Geology,,Nilgün Okay,MDB,Cuma,14:00/16:59,B205,60,60,,"JEF, JEFE, MAD, MADE, PET, PETE",,
12517,MIM 351,MIM,LS,Mimari Proje V,,--,"MMB
MMB | ---
---",Pazartesi | Perşembe,13:30/17:29 | 13:30/17:29,,0,0,,MIM,,
12518,JEO 112,JEO,LS,Genel Jeoloji,,Kürşad Kadir Eriş,MDB,Salı,08:30/11:29,A201,45,39,,"MAD, MADM",,
12519,MIM 351,MIM,LS,Mimari Proje V,,Sinan Omacan,"MMB
MMB | 3404
3404",Pazartesi | Perşembe,13:30/17:29 | 13:30/17:29,,21,21,,MIM,,
12520,MIM 351,MIM,LS,Mimari Proje V,,Elmira Ayşe Gür,"MMB
MMB | 3401
3401",Pazartesi | Perşembe,13:30/17:29 | 13:30/17:29,,21,21,,MIM,,
12521,MIM 351,MIM,LS,Mimari Proje V,,Suat Apak,"MMB
MMB | 3402
3402",Pazartesi | Perşembe,13:30/17:29 | 13:30/17:29,,21,21,,MIM,,
12522,JEO 117,JEO,LS,Genel Jeoloji,,Cenk Yaltırak,MDB,Çarşamba,12:30/15:29,A301,40,40,,"JEO, JEOM",,
12523,MIM 351,MIM,LS,Mimari Proje V,,Tan Kamil Gürer,"MMB
MMB | 3403
3403",Pazartesi | Perşembe,13:30/17:29 | 13:30/17:29,,21,21,,MIM,,
12524,MIM 351E,MIM,LS,Architectural Design V,,Leman Figen Gül,"MMB
MMB | 3405
3405",Pazartesi | Perşembe,13:30/17:29 | 13:30/17:29,,21,24,,"ARC, MIM, MIME",,
12525,JEO 117,JEO,LS,Genel Jeoloji,,Cengiz Zabcı,MDB,Çarşamba,12:30/15:29,A302,40,37,,"JEO, JEOM",,
12526,JEO 121,JEO,LS,Yer Bilimlerinde Tas. Geometri,,Ömer Ündül,MDB,Cuma,08:30/11:29,A302,85,81,,JEO,,
12527,MIM 351E,MIM,LS,Architectural Design V,,Nesip Ömer Erem,"MMB
MMB | 3406
3406",Pazartesi | Perşembe,13:30/17:29 | 13:30/17:29,,21,23,,"ARC, MIM, MIME",,
12528,JEO 131,JEO,LS,Jeoloji Mühendisliğine Giriş,,Emin Çiftçi,MDB,Perşembe,12:30/13:29,A203,100,76,,JEO,,
12529,MIM 351E,MIM,LS,Architectural Design V,,Nizam Onur Sönmez,"MMB
MMB | 3407
3407",Pazartesi | Perşembe,13:30/17:29 | 13:30/17:29,,21,21,,"ARC, MIM, MIME",,
12530,MIM 351E,MIM,LS,Architectural Design V,,Meltem Aksoy,"MMB
MMB | 3503
3503",Pazartesi | Perşembe,13:30/17:29 | 13:30/17:29,,21,22,,"ARC, MIM, MIME",,
12531,JEO 218,JEO,LS,Jeolojide Termodinamik,,Murat Budakoğlu,MDB,Salı,15:30/17:29,B204,55,42,,JEO,,
12532,MIM 351E,MIM,LS,Architectural Design V,,Bihter Almaç,"MMB
MMB | 333
333",Pazartesi | Perşembe,13:30/17:29 | 13:30/17:29,,21,22,,"ARC, MIM, MIME",,
12534,MIM 359E,MIM,LS,Construction Mngmnt & Economy,,"Fatma Pınar Çakmak, Ecem Tezel","MMB
MMB | 106
106",Çarşamba | Çarşamba,09:30/12:29 | 13:30/15:29,,60,61,,"ASS, MIM, MIME, SAS",,
12535,MIM 361,MIM,LS,Rölöve ve Restorasyon Stüdyosu,,Ömer Dabanlı,MMB,Perşembe,08:30/12:29,3401,22,23,,MIM,,
12536,MIM 361E,MIM,LS,Archtctrl Survey & Restrtn Std,,Umut Almaç,MMB,Perşembe,08:30/12:29,3402,22,24,,"MIM, MIME, SAS",,
12537,MIM 4010,MIM,LS,Mimari Tasarım Kuramları,,Emine Görgül,MMB,Perşembe,09:30/12:29,107,43,37,,"EUT, ICM, MIM, PEM, SBP",,
12538,MIM 4016,MIM,LS,Bilg ile Yapma Çevrede Perf Dğ,,Şule Filiz Akşit,MMB,Salı,09:30/12:29,217B,24,13,,"ICM, MIM",,
12539,JEO 223E,JEO,LS,Paleontology,,Demet Biltekin,MDB,Perşembe,11:30/14:29,A202,65,50,,"JEO, JEOE",,
12540,MIM 4023,MIM,LS,Yapıda Malzeme Seçimi,,Seda Erdem,MMB,Çarşamba,09:30/12:29,319,24,21,,"ICM, MIM",,
12541,MIM 4027,MIM,LS,Eskiçağ Anad.Kent.Yerl.ve Mim.,,--,MMB,Salı,10:30/12:29,320,0,0,,"MIM, SBP",,
12542,JEO 242,JEO,LS,Optik Mineraloji,,Şengül Can Genç,MDB,Pazartesi,14:30/17:29,A301,38,37,,"JEO, JEOM",,
12543,MIM 4032,MIM,LS,Tarihte Bahçe Tasarımları&Mim.,,Aygül Ağır,MMB,Cuma,14:30/16:29,319,20,18,,"ICM, MIM, SBP",,
12544,MIM 4034,MIM,LS,Koruma Bilimine Giriş,,Işıl Polat Pekmezci,MMB,Çarşamba,10:30/12:29,317,20,15,,MIM,,
12545,MIM 4035,MIM,LS,Arkeolojik Sit. Koruma Uyg.,,"Zeynep Eres Özdoğan, Umut Almaç",MMB,Çarşamba,13:30/15:29,319,19,19,,MIM,,
12546,MIM 4036,MIM,LS,Mimarlıkta Temsil ve Sunum,,Hakan Tong,MMB,Çarşamba,12:30/15:29,302,19,19,,"ICM, MIM",,
12547,JEO 242,JEO,LS,Optik Mineraloji,,Zekiye Karacık,MDB,Perşembe,14:30/17:29,A302,38,38,,"JEO, JEOM",,
12548,MIM 4040,MIM,LS,Programlama Mantığına Giriş,,Atilla Aydoğdu,,Cuma,10:30/12:29,,25,15,,MIM,,
12549,MIM 4040,MIM,LS,Programlama Mantığına Giriş,,Atilla Aydoğdu,,Cuma,14:00/15:59,,25,24,,MIM,,
12550,MIM 4042,MIM,LS,Geç Osmanlı Mimarlığı,,Vesile Gül Cephanecigil,MMB,Cuma,14:00/15:59,317,16,13,,MIM,,
12551,MIM 4044,MIM,LS,Mimarlıkta Morfoloji,,Pelin Dursun Çebi,MMB,Perşembe,09:30/12:29,302,15,6,,MIM,,
12552,MIM 4046E,MIM,LS,Social Psychology,,Cemile Tiftik,MMB,Perşembe,08:30/10:29,307,33,33,,"ENTE, EUTE, ICM, MIM, MIME, PEME, SBP, SBPE",,
12553,MIM 4051E,MIM,LS,Utl.ofConcrete Tech.in Arch,,Mehmet Serkan Yatağan,MMB,Cuma,09:30/11:29,317,24,15,,"ENTE, EUTE, ICM, MIM, MIME, PEME, SBP, SBPE",,
12554,MIM 4052E,MIM,LS,Cities and Architecture,,Fatma Erkök,MMB,Perşembe,09:30/12:29,3407,24,27,,"ICM, MIM, MIME, PEME, SBP, SBPE",,
12555,MIM 4053E,MIM,LS,Tall Building Structures,,Halet Almıla Büyüktaşkın,MMB,Salı,09:30/11:29,317,30,35,,"MIM, MIME",,
12556,MIM 4055E,MIM,LS,Art of the 20th Century,,--,MMB,Salı,10:30/12:29,---,0,0,,"MIM, MIME",,
12557,MIM 4057E,MIM,LS,Logic and Theory of Design,,--,MMB,Pazartesi,10:30/12:29,320,0,0,,"MIM, MIME",,
12558,MIM 4062,MIM,LS,"Topog.Pratik. Mim., Sanat&Kent",,Sıdıka Aslıhan Şenel,MMB,Salı,13:30/16:29,217E,20,19,,MIM,,
12559,MIM 4062E,MIM,LS,"Topog.Pract. Arch.,Art&theCity",,Sıdıka Aslıhan Şenel,MMB,Cuma,14:00/16:59,3505,30,36,,"MIM, MIME",,
12560,MIM 4064E,MIM,LS,Mdrn Cncpts of Archtctrl Consv,,Sakine Yıldız Salman,MMB,Çarşamba,13:30/15:29,317,26,23,,"ICM, MIM, MIME",,
12561,MIM 4066E,MIM,LS,Generating Livable Environment,,Cemile Tiftik,MMB,Salı,08:30/10:29,303,30,38,,"ICM, MIM, MIME",,
12562,MIM 4069E,MIM,LS,Earthquake Resist.Building Dsg,,Oğuz Cem Çelik,MMB,Çarşamba,09:30/11:29,307,32,36,,"MIM, MIME",,
12563,MIM 4072E,MIM,LS,"Architecture,Cities and Cinema",,--,MMB,Salı,13:30/15:29,---,0,0,,"MIM, MIME",,
12564,MIM 4074E,MIM,LS,Stru.Sys.Pro.of Mon.&Hist.Cons,,"Haluk Sesigür, Gülseren Erol Soyöz",MMB,Perşembe,10:30/12:29,307,31,26,,"MIM, MIME",,
12565,MIM 4078E,MIM,LS,History of Art and Culture,,Oğuz Haşlakoğlu,MMB,Salı,13:30/15:29,107,40,42,,"ENTE, MIM, MIME, PEME, SBP, SBPE",,
12566,MIM 4028,MIM,LS,Mimari Tasarım & Yapımda Ahşap,,"Hülya Kuş, Gülfer Oraz",MMB,Cuma,14:00/16:59,320,16,8,,MIM,,
12567,MIM 4082E,MIM,LS,Mod&Contemp.Arch.in Yugoslavia,,Mehmet Murat Gül,MMB,Çarşamba,10:30/12:29,302,20,15,,"MIM, MIME",,
12568,MIM 4043,MIM,LS,İstanbul Katmanları,,"Zeynep Kuban Tokgöz, Sevgi Türkkan",MMB,Çarşamba,12:30/15:29,315,22,14,,MIM,,
12569,MIM 411,MIM,LS,Mimari Proje VII,,Çiğdem Eren,"MMB
MMB | ---
3404",Pazartesi | Perşembe,13:30/17:29 | 13:30/17:29,,20,30,,MIM,,
12570,MIM 411,MIM,LS,Mimari Proje VII,,Nurbin Paker Kahvecioğlu,"MMB
MMB | CATI 5
CATI 5",Pazartesi | Perşembe,13:30/17:29 | 13:30/17:29,,20,26,,MIM,,
12571,MIM 411E,MIM,LS,Architectural Design VII,,Ayşe Şentürer,"MMB
MMB | 3504
3504",Pazartesi | Perşembe,13:30/17:29 | 13:30/17:29,,19,19,,"MIM, MIME",,
12572,MIM 411E,MIM,LS,Architectural Design VII,,Mehmet Emin Şalgamcıoğlu,"MMB
MMB | CATI 2
CATI 2",Pazartesi | Perşembe,13:30/17:29 | 13:30/17:29,,19,23,,"MIM, MIME",,
12573,MIM 411E,MIM,LS,Architectural Design VII,,Doğu Kaptan,"MMB
MMB | CATI 2
CATI 2",Pazartesi | Perşembe,13:30/17:29 | 13:30/17:29,,19,17,,"MIM, MIME",,
12574,JEO 301,JEO,LS,Metamorfik Kayaç Petrografisi,,Şenel Özdamar,MDB,Perşembe,08:30/11:29,A203,60,23,,JEO,,
12575,MIM 411E,MIM,LS,Architectural Design VII,,Arman Akdoğan,"MMB
MMB | CATI 2
CATI 2",Pazartesi | Perşembe,13:30/17:29 | 13:30/17:29,,19,23,,"MIM, MIME",,
12576,JEO 303E,JEO,LS,Introduction to Geophysics,,Ahmet Murat Akoğlu,MDB,Çarşamba,13:30/15:29,A204,60,32,,JEO,,
12577,MIM 411E,MIM,LS,Architectural Design VII,,Ozan Önder Özener,"MMB
MMB | CATI 4
CATI 4",Pazartesi | Perşembe,13:30/17:29 | 13:30/17:29,,19,27,,"MIM, MIME",,
12578,JEO 305E,JEO,LS,Geochemistry,,--,MDB,Çarşamba,08:30/11:29,---,0,0,,"JEO, JEOM",,
12579,MIM 484,MIM,LS,Uygulama Projesi,,Gülfer Oraz,"MMB
MMB | 131
131",Salı | Cuma,13:30/17:29 | 08:30/12:29,,14,12,,MIM,,
12580,MIM 484,MIM,LS,Uygulama Projesi,,Ayşe Nil Türkeri,"MMB
MMB | 3404
3404",Salı | Cuma,13:30/17:29 | 08:30/12:29,,13,13,,MIM,,
12581,MIM 484,MIM,LS,Uygulama Projesi,,--,"MMB
MMB | ---
---",Salı | Cuma,13:30/17:29 | 08:30/12:29,,0,0,,MIM,,
12582,JEO 311,JEO,LS,Şev Stabilitesi Analizleri,,--,MDB,Pazartesi,13:30/16:29,---,0,0,,JEO,,
12583,MIM 484,MIM,LS,Uygulama Projesi,,Leyla Tanaçan,"MMB
MMB | 3504
3504",Salı | Cuma,13:30/17:29 | 08:30/12:29,,13,14,,MIM,,
12584,MIM 484,MIM,LS,Uygulama Projesi,,--,"MMB
MMB | ---
---",Salı | Cuma,13:30/17:29 | 08:30/12:29,,0,0,,MIM,,
12585,MIM 484,MIM,LS,Uygulama Projesi,,Gülten Manioğlu,"MMB
MMB | 3406
3406",Salı | Cuma,13:30/17:29 | 08:30/12:29,,14,14,,MIM,,
12586,JEO 314,JEO,LS,Kayaç Yapıcı Mineraller,,--,MDB,Pazartesi,13:30/16:29,---,0,0,,JEO,,
12587,MIM 484,MIM,LS,Uygulama Projesi,,Nuri Serteser,"MMB
MMB | 3407
3407",Salı | Cuma,13:30/17:29 | 08:30/12:29,,14,13,,MIM,,
12588,MIM 484,MIM,LS,Uygulama Projesi,,Şule Filiz Akşit,"MMB
MMB | 3502
3502",Salı | Cuma,13:30/17:29 | 08:30/12:29,,14,14,,MIM,,
12589,MIM 484E,MIM,LS,Construction Project,,Alpin Köknel Yener,"MMB
MMB | 3402
3402",Salı | Cuma,13:30/17:29 | 08:30/12:29,,14,10,,"ASS, MIM, MIME, SAS",,
12590,MIM 484E,MIM,LS,Construction Project,,Fethiye Ecem Edis,"MMB
MMB | 3404
3404",Salı | Cuma,13:30/17:29 | 08:30/12:29,,14,13,,"ASS, MIM, MIME, SAS",,
12591,MIM 484E,MIM,LS,Construction Project,,Fatih Yazıcıoğlu,"MMB
MMB | 3501
3501",Salı | Cuma,13:30/17:29 | 08:30/12:29,,14,11,,"ASS, MIM, MIME, SAS",,
12592,MIM 484E,MIM,LS,Construction Project,,Tarık Serhat Bozkurt,"MMB
MMB | 3506
3506",Salı | Cuma,13:30/17:29 | 08:30/12:29,,13,14,,"ASS, MIM, MIME, SAS",,
12593,MIM 4902,MIM,LS,Diploma Projesi,,Meryem Birgül Çolakoğlu,MMB | ---,,/,,500,31,,MIM,,
12594,MIM 4902E,MIM,LS,Diploma Project,,Meryem Birgül Çolakoğlu,MMB | ---,,/,,500,106,,"ASS, MIM, MIME, SAS",,
12595,MIM 492,MIM,LS,Bitirme Çalışması,,Meryem Birgül Çolakoğlu,MMB | ---,,/,,500,15,,MIM,,
12596,MIM 492E,MIM,LS,Graduation Project,,Meryem Birgül Çolakoğlu,MMB | ---,,/,,500,10,,"MIM, MIME",,
12597,MIM 306,MIM,LS,Şehircilik ve İmar Hukuku,,Şevkiye Şence Türk,MMB,Pazartesi,08:30/12:29,216A,10,10,,MIM,,
12598,MIM 306,MIM,LS,Şehircilik ve İmar Hukuku,,Engin Eyüp Eyuboğlu,MMB,Pazartesi,08:30/12:29,217A,32,32,,MIM,,
12599,MIM 306,MIM,LS,Şehircilik ve İmar Hukuku,,Özhan Ertekin,MMB,Pazartesi,08:30/12:29,217C,32,32,,MIM,,
12600,MIM 306,MIM,LS,Şehircilik ve İmar Hukuku,,Mehmet Ali Yüzer,MMB,Pazartesi,08:30/12:29,217D,32,31,,MIM,,
12601,MIM 306,MIM,LS,Şehircilik ve İmar Hukuku,,Fatih Eren,MMB,Pazartesi,08:30/12:29,227A,12,12,,MIM,,
12602,MIM 306,MIM,LS,Şehircilik ve İmar Hukuku,,Ayşegül Can,MMB,Pazartesi,08:30/12:29,217B,32,31,,MIM,,
12603,MIM 306E,MIM,LS,Urbanism and Planning Law,,Numan Kılınç,MMB,Pazartesi,08:30/12:29,126,10,13,,"ARC, MIM, MIME",,
12604,MIM 306E,MIM,LS,Urbanism and Planning Law,,Muhammed Ziya Paköz,MMB,Pazartesi,08:30/12:29,3403,18,17,,"ARC, MIM, MIME",,
12605,MIM 306E,MIM,LS,Urbanism and Planning Law,,Turgay Kerem Koramaz,MMB,Pazartesi,08:30/12:29,229,18,18,,"ARC, MIM, MIME",,
12606,MIM 306E,MIM,LS,Urbanism and Planning Law,,Eda Yücesoy,MMB,Pazartesi,08:30/12:29,217G,18,19,,"ARC, MIM, MIME",,
12607,MIM 306E,MIM,LS,Urbanism and Planning Law,,Gülden Demet Oruç,MMB,Pazartesi,08:30/12:29,3401,18,17,,"ARC, MIM, MIME",,
12608,DAN 101,DAN,LS,Akademik Danışmanlık,,Dilek Yıldız,MMB,Çarşamba,15:30/17:29,229,200,3,,"MIM, MIME",,
12610,JEO 316,JEO,LS,Kıymetli Mineral ve Kayaçlar,,--,MDB,Salı,13:30/16:29,---,0,0,,JEO,,
12611,JEO 325,JEO,LS,Jeolojide Bilgisayar Uygul,,Fuat Yavuz,MDB,Pazartesi,13:30/16:29,315,25,23,,"JEF, JEO",,
12612,JEO 326,JEO,LS,Yapı Gereçleri Jeolojisi,,"Ömer Ündül, Erkan Bozkurtoğlu",MDB,Salı,13:30/16:29,B205,30,16,,JEO,,
12614,JEO 335,JEO,LS,Uygulamalı Zemin Mekaniği,,Erkan Bozkurtoğlu,MDB,Salı,08:30/11:29,A204,30,6,,JEO,,
12615,JEO 338,JEO,LS,Maden Aramaları,,"Emin Çiftçi, Mustafa Kumral",MDB,Salı,09:30/12:29,B208,30,18,,JEO,,
12616,JEO 342,JEO,LS,Metamorfik Petroloji,,--,MDB,Pazartesi,08:30/11:29,---,0,0,,JEO,,
12617,JEO 350,JEO,LS,Müh.Tas.Temel İlke.&Yönt.,,--,MDB,Salı,09:30/12:29,---,0,0,,JEO,,
12618,JEO 357E,JEO,LS,Experimental Rock Mechanics,,--,MDB,Perşembe,14:30/17:29,---,0,0,,"JEO, JEOE",,
12619,JEO 361,JEO,LS,Jeolojik Haritalar&Kartografya,,Hüsnü Serdar Akyüz,MDB,Salı,08:30/10:29,A301,45,31,,JEO,,
12620,JEO 370,JEO,LS,Sondaj Tekniği,,Erkan Bozkurtoğlu,MDB,Cuma,14:00/16:59,B206,50,33,,JEO,,
12621,JEO 371,JEO,LS,Jeoistatistik,,"Fuat Yavuz, Demet Yıldırım",MDB,Salı,13:30/15:29,A203,50,32,,JEO,,
12622,JEO 391,JEO,LS,Zemin Mekaniğine Giriş,,--,MDB,Cuma,08:30/11:29,---,0,0,,JEO,,
12624,JEO 409,JEO,LS,Türkiye Jeolojisi,,Cenk Yaltırak,MDB,Perşembe,13:30/15:29,B204,65,65,,"JEF, JEO",,
12625,JEO 413,JEO,LS,Jeologlar için Autocad,,Ömer Ündül,MDB,Salı,09:30/12:29,315,20,13,,JEO,,
12626,JEO 416,JEO,LS,Kömür Yatakları,,--,MDB,Pazartesi,13:30/16:29,---,0,0,,JEO,,
12627,JEO 419,JEO,LS,Uygulamalı Mineraloji,,Recep Fahri Esenli,MDB,Çarşamba,09:30/12:29,---,30,12,,JEO,,
12628,JEO 423,JEO,LS,Maden Yataklarının Değerl,,--,MDB,Çarşamba,09:30/12:29,---,0,0,,JEO,,
12629,JEO 425,JEO,LS,Magmatik Petroloji,,"Şafak Altunkaynak, Alp Ünal",MDB,Çarşamba,09:30/12:29,A302,30,7,,JEO,,
12631,JEO 431,JEO,LS,Mühendislik Jeolojisi,,"Yılmaz Mahmutoğlu, Ömer Ündül",MDB,Perşembe,08:30/12:29,A204,65,62,,"JEO, JEOM",,
12632,JEO 437,JEO,LS,Tıbbi Jeoloji,,Yüksel Örgün Tutay,MDB,Pazartesi,13:30/16:29,A302,30,8,,JEO,,
12634,JEO 449E,JEO,LS,Chrc.of Disc.Medi-Mch.&Hyd.Pr.,,--,MDB,Pazartesi,13:30/16:29,---,0,0,,JEO,,
12635,JEO 450,JEO,LS,Biojeokimya,,--,MDB,Çarşamba,09:30/12:29,---,0,0,,JEO,,
12638,JEO 451,JEO,LS,Doğal Suların İzotop Jeokim,,--,MDB,Cuma,08:30/11:29,---,0,0,,JEO,,
12640,JEO 452,JEO,LS,Yerbilimler. Jeokim.Veri Kull.,,--,MDB,Pazartesi,13:30/16:29,---,0,0,,JEO,,
12641,JEO 492,JEO,LS,Bitirme Tasarım Projesi,,Emin Çiftçi,MDB | ---,,/,,500,2,,JEO,,
12643,JEO 492E,JEO,LS,Graduation Design Project,,Emin Çiftçi,MDB | ---,,/,,500,5,,"JEO, JEOE",,
12644,JEO 4902,JEO,LS,Jeoloji Müh. Tasarımı II,,Emin Çiftçi,MDB | ---,,/,,500,13,,JEO,,
12646,JEO 4902E,JEO,LS,Geological Engin. Design II,,Emin Çiftçi,MDB | ---,,/,,500,0,,JEO,,
12647,CHZ 323E,CHZ,LS,Ore Deposits,,Emin Çiftçi,MDB,Salı,13:30/16:29,A301,50,46,,"CHZ, CHZE",,
12650,MAL 201E,MAL,LS,Materials Science,,Emin Çiftçi,MDB,Perşembe,14:30/17:29,A201,40,51,,"CHZ, CHZE, JEO, JEOE, MAD, MADE, PET, PETE",,
12654,ISE 111,ISE,LS,Linear Algebra,,Deniz Turgay Altılar,EEB,Perşembe,13:30/16:29,Z3,35,18,,SBL,,
12655,MAL 201,MAL,LS,Malzeme Bilimi,,Emin Çiftçi,MDB,Pazartesi,13:30/16:29,B205,50,51,,"CHZ, JEO",,
12656,ISE 101,ISE,LS,Intro.to Information Sys. and,,Mustafa Ersel Kamaşak,"EEB
EEB | 1305
1305",Perşembe | Cuma,09:30/12:29 | 14:30/16:29,,45,23,,SBL,,
12657,ISE 302,ISE,LS,Operating Systems,,Gökhan Seçinti,EEB,Çarşamba,10:30/13:29,5106,45,13,,SBL,,
12658,ISE 304,ISE,LS,SW Engineering,,Ahmet Cüneyd Tantuğ,FEB,Perşembe,12:30/15:29,L200,45,12,,SBL,,
12659,ISE 308,ISE,LS,Artifical Intell. & Expert Sys,,Sanem Sarıel,EEB,Perşembe,09:30/12:29,---,45,0,,SBL,,
12660,ISE 315,ISE,LS,Analysis of Algorithms,,Hazım Kemal Ekenel,"EEB
EEB | 5306
5306",Pazartesi | Çarşamba,08:30/11:29 | 08:30/10:29,,45,17,,SBL,,
12661,ISE 333,ISE,LS,Int. to Comp. & Inf. Security,,Şerif Bahtiyar,GDB,Salı,13:30/16:29,220,45,14,,SBL,,
12662,JEO 4901,JEO,LS,Jeoloji Müh. Tasarımı I,,Ömer Ündül,MDB | ---,,/,,500,29,,JEO,,
12663,JEO 4901E,JEO,LS,Geological Engin. Design I,,Ömer Ündül,MDB | ---,,/,,500,3,,JEO,,
12664,MIM 321E,MIM,LS,Contemporary Architecture,,Mehmet Murat Gül,MMB,Salı,08:30/10:29,213,60,18,,"ASS, MIM, MIME, SAS",,
12665,DAN 101,DAN,LS,Akademik Danışmanlık,,Ömer Ündül,MDB,Çarşamba,15:30/17:29,---,70,2,,"JEO, JEOE",,
12666,MIM 322,MIM,LS,Tarihi Çevre Koruma & Restr,,Yegan Kahya Sayar,MMB,Salı,10:30/12:29,126,40,42,,MIM,,
12668,MIM 4037,MIM,LS,Bina Yapımında IK Yönetimi,,Gülfer Oraz,MMB,Salı,08:30/10:29,307,26,26,,MIM,,
12669,MIM 4038,MIM,LS,Konut Planlaması & Tasrm Sorn,,Suat Apak,MMB,Pazartesi,10:30/12:29,307,29,29,,"ICM, MIM, PEM, SBP",,
12670,MIM 484,MIM,LS,Uygulama Projesi,,Elçin Filiz Taş,"MMB
MMB | 3401
3401",Salı | Cuma,13:30/17:29 | 08:30/12:29,,13,14,,MIM,,
12671,MIM 484,MIM,LS,Uygulama Projesi,,Hakan Yaman,"MMB
MMB | CATI 6
CATI 6",Salı | Cuma,13:30/17:29 | 08:30/12:29,,13,13,,MIM,,
12673,MIM 484,MIM,LS,Uygulama Projesi,,Caner Göçer,"MMB
MMB | 333
333",Salı | Cuma,13:30/17:29 | 08:30/12:29,,14,14,,MIM,,
12694,ICM 204,ICM,LS,İç Mimarlıkta Tarih & Kuram II,,Deniz Çalışır Pençe,MMB,Pazartesi,08:30/11:29,215,80,64,,ICM,,
12698,ICM 325,ICM,LS,"Iç Mim.Tarih,Kuram &Elştri IV",,Deniz Çalışır Pençe,,Cuma,10:30/12:29,,80,31,,ICM,,
12699,ICM 233,ICM,LS,Yapı Malzemesi,,Mehmet Serkan Yatağan,"MMB
MMB | MZLB
213",Çarşamba | Cuma,08:30/10:29 | 14:00/15:59,,80,62,,ICM,,
12700,ICM 215,ICM,LS,Taşıyıcı Sistem İlkeleri,,--,MMB,Cuma,14:00/16:59,---,0,0,,ICM,,
12701,ICM 4011E,ICM,LS,Advanced Representation Tech.,,Zeynep Birgönül,MMB,Çarşamba,09:30/12:29,303,20,18,,ICM,,
12702,ICM 351E,ICM,LS,Space And Furniture,,Çiğdem Eren,MMB,Salı,13:30/17:29,CATI 1,45,40,,"ICM, ICMM",,
12703,ICM 355E,ICM,LS,Invstg.Colr&Light in Int.Arch,,Ethem Gürer,MMB,Salı,09:30/12:29,3404,44,44,,"ICM, ICMM",,
12704,ICM 355E,ICM,LS,Invstg.Colr&Light in Int.Arch,,Demet Arslan Dinçay,MMB,Salı,09:30/12:29,309,44,39,,"ICM, ICMM",,
12706,ICM 305E,ICM,LS,Statistics,,Ahmet Gün,,Cuma,14:00/16:59,,80,37,,ICM,,
12707,ICM 219,ICM,LS,Tasarım Araştırmalarına Giriş,,Ethem Gürer,MMB,Çarşamba,09:30/12:29,213,80,43,,ICM,,
12708,ICM 447E,ICM,LS,Prdgms&Cse Std in Adpt.Re-Use,,Özge Cordan,MMB,Perşembe,09:30/12:29,231,80,69,,"ICM, ICMM",,
12709,ICM 119E,ICM,LS,Int.to Interior Archit.&Ethics,,Emine Görgül,MMB,Çarşamba,13:30/15:29,215,90,79,,"IAD, ICM",,
12710,ICM 217E,ICM,LS,Intr.to Interior Architecture,,--,MMB,Çarşamba,12:30/15:29,---,0,0,,"ICM, ICME",,
12711,ICM 4023E,ICM,LS,Exhibition Design,,Seniye Banu Garip,MMB,Pazartesi,10:30/12:29,302,22,24,,"ENTE, EUTE, ICM",,
12713,ICM 4038E,ICM,LS,Styles in Interior Architect.,,Orkan Zeynel Güzelci,MMB,Salı,10:30/12:29,307,22,22,,ICM,,
12722,SBP 119E,SBP,LS,Int.to Urb.&Regio.Plann.&Ethic,,Aliye Ahu Gülümser,MMB,Salı,10:30/12:29,127,170,156,,"SBP, SBPE, SBPM",,
12724,SBP 120E,SBP,LS,Intr.to Cmp.Sys.in Urban Std.,,Kerem Yavuz Arslanlı,,Çarşamba,13:30/15:29,,160,156,,"SBP, SBPE",,
12725,ICM 209E,ICM,LS,Inter.Arch.Design Fund.Studio,,Ervin Garip,"MMB
MMB | 203A
203A",Pazartesi | Perşembe,13:30/17:29 | 13:30/17:29,,25,26,,"IAD, ICM",,
12726,ICM 209E,ICM,LS,Inter.Arch.Design Fund.Studio,,Seniye Banu Garip,"MMB
MMB | 203A
203A",Pazartesi | Perşembe,13:30/17:29 | 13:30/17:29,,25,23,,"IAD, ICM",,
12728,ICM 209E,ICM,LS,Inter.Arch.Design Fund.Studio,,Orkan Zeynel Güzelci,"MMB
MMB | 203A
203A",Pazartesi | Perşembe,13:30/17:29 | 13:30/17:29,,25,24,,"IAD, ICM",,
12729,ICM 246E,ICM,LS,Interior Arch. Design Studio I,,Emine Görgül,"MMB
MMB | 203B
203B",Pazartesi | Perşembe,13:30/17:29 | 13:30/17:29,,2,1,,"IAD, ICM, ICMM",,
12730,ICM 246E,ICM,LS,Interior Arch. Design Studio I,,Dicle Hökenek,"MMB
MMB | 203B
203B",Pazartesi | Perşembe,13:30/17:29 | 13:30/17:29,,2,0,,"IAD, ICM, ICMM",,
12733,ICM 246E,ICM,LS,Interior Arch. Design Studio I,,Özgür Kayabay,"MMB
MMB | 203B
203B",Pazartesi | Perşembe,13:30/17:29 | 13:30/17:29,,2,2,,"IAD, ICM, ICMM",,
12734,ICM 349E,ICM,LS,Interior Arch.Design Studio II,,Emine Görgül,"MMB
MMB | 203B
203B",Pazartesi | Perşembe,13:30/17:29 | 13:30/17:29,,27,26,,"ICM, ICMM",,
12735,ICM 349E,ICM,LS,Interior Arch.Design Studio II,,Dicle Hökenek,"MMB
MMB | 203B
203B",Pazartesi | Perşembe,13:30/17:29 | 13:30/17:29,,27,27,,"ICM, ICMM",,
12738,ICM 349E,ICM,LS,Interior Arch.Design Studio II,,Özgür Kayabay,"MMB
MMB | 203B
203B",Pazartesi | Perşembe,13:30/17:29 | 13:30/17:29,,27,27,,"ICM, ICMM",,
12739,ICM 366E,ICM,LS,Interior Arch.Desgn Studio III,,Özge Cordan,"MMB
MMB | 203C
203C",Pazartesi | Perşembe,13:30/17:29 | 13:30/17:29,,3,1,,ICM,,
12741,ICM 366E,ICM,LS,Interior Arch.Desgn Studio III,,Demet Arslan Dinçay,"MMB
MMB | 203C
203C",Pazartesi | Perşembe,13:30/17:29 | 13:30/17:29,,3,3,,ICM,,
12742,ICM 449E,ICM,LS,Interior Arch.Desgn Studio IV,,Özge Cordan,"MMB
MMB | 203C
203C",Pazartesi | Perşembe,13:30/17:29 | 13:30/17:29,,20,17,,ICM,,
12743,ICM 449E,ICM,LS,Interior Arch.Desgn Studio IV,,Demet Arslan Dinçay,"MMB
MMB | 203C
203C",Pazartesi | Perşembe,13:30/17:29 | 13:30/17:29,,20,20,,ICM,,
12746,ICM 4902,ICM,LS,Diploma Projesi,,"Ervin Garip, Demet Arslan Dinçay, Seniye Banu Garip",MMB | ---,,/,,500,15,,ICM,,
12747,ICM 4902E,ICM,LS,Graduation Project,,"Ervin Garip, Demet Arslan Dinçay, Seniye Banu Garip",MMB | ---,,/,,500,7,,ICM,,
12748,ICM 492,ICM,LS,Bitirme Çalışması,,"Ervin Garip, Demet Arslan Dinçay, Seniye Banu Garip",MMB | ---,,/,,5,2,,ICM,,
12749,ICM 492E,ICM,LS,Graduation Project,,"Ervin Garip, Demet Arslan Dinçay, Seniye Banu Garip",MMB | ---,,/,,5,0,,ICM,,
12753,YZV 103E,YZV,LS,Intr. to AI & Data Eng& Ethics,,Cihan Topal,INB,Çarşamba,13:30/15:29,D203,80,65,,YZVE,,
12755,YZV 302E,YZV,LS,Deep Learning,,Faik Boray Tek,MEDB,Pazartesi,13:30/16:29,102,60,10,,YZVE,,
12756,YZV 411E,YZV,LS,Big Data Analytics,,Cihan Topal,EEB,Perşembe,13:30/16:29,5206,25,10,,YZVE,,
12766,DAN 101,DAN,LS,Akademik Danışmanlık,,Ekrem Cem Alppay,MMB,Çarşamba,15:30/17:29,227,10,3,,"ENTE, EUT, EUTE",,
12767,EUT 117E,EUT,LS,Int.to Indus.Prod.Dsgn.&Ethics,,"Elif Küçüksayraç, Layıka Ney Ece Arıburun Kırca",MMB,Perşembe,13:30/16:29,213,110,101,,"ENTE, EUT, EUTE, EUTM",,
12769,EUT 204E,EUT,LS,Manufacturing Methods,,Demet Günal Ertaş,MMB,Pazartesi,13:30/17:29,---,10,9,,"ENTE, ENTM, EUTE, EUTM",,
12772,SBP 207,SBP,LS,Proje III: Yöre Plan.&Tas.,,Funda Yirmibeşoğlu,"MMB
MMB | 212
212",Salı | Cuma,13:30/17:29 | 14:00/17:59,,19,19,,SBP,,
12773,SBP 207,SBP,LS,Proje III: Yöre Plan.&Tas.,,Ayşegül Can,"MMB
MMB | 212
212",Salı | Cuma,13:30/17:29 | 14:00/17:59,,19,13,,SBP,,
12775,SBP 207E,SBP,LS,Project III: Site Plan.&Design,,Kerem Yavuz Arslanlı,"MMB
MMB | 212
212",Salı | Cuma,13:30/17:29 | 14:00/17:59,,19,16,,"SBP, SBPE",,
12776,SBP 207E,SBP,LS,Project III: Site Plan.&Design,,Fatih Terzi,"MMB
MMB | 214
214",Salı | Cuma,13:30/17:29 | 14:00/17:59,,19,13,,SBPE,,
12777,ENT 211E,ENT,LS,Industrial Design Studio,,Koray Gelmez,"MMB
MMB | 3400
3400",Salı | Cuma,13:30/17:29 | 14:00/17:59,,25,25,,"ENTE, ENTM, EUTE",,
12778,ENT 211E,ENT,LS,Industrial Design Studio,,--,"MMB
MMB | ---
---",Salı | Cuma,13:30/17:29 | 14:00/17:59,,0,0,,"ENTE, ENTM, EUTE",,
12779,EUT 220E,EUT,LS,Industrial Design Studio I,,Gülname Turan,"MMB
MMB | 3400
3400",Salı | Cuma,13:30/17:29 | 14:00/17:59,,20,8,,"ENTE, ENTM, EUT, EUTE, EUTM",,
12780,SBP 207E,SBP,LS,Project III: Site Plan.&Design,,Fatih Eren,"MMB
MMB | 214
214",Salı | Cuma,13:30/17:29 | 14:00/17:59,,19,10,,"SBP, SBPE",,
12781,ENT 237E,ENT,LS,Structure in Industrial Design,,Demet Günal Ertaş,MMB,Perşembe,13:30/16:29,311,30,30,,"ENTE, ENTM, EUTE",,
12782,EUT 241E,EUT,LS,Computer Aided Design,,Koray Gelmez,MMB,Salı,08:30/11:29,BIM2,45,45,,"ENTE, EUT, EUTE",,
12783,EUT 241E,EUT,LS,Computer Aided Design,,Koray Gelmez,MMB,Cuma,08:30/11:29,BIM2,45,31,,"ENTE, EUT, EUTE",,
12784,SBP 223,SBP,LS,Arazi Kullanım Planlaması,,Mehmet Ali Yüzer,MMB,Cuma,09:30/12:29,227,75,60,,SBP,,
12785,EUT 271E,EUT,LS,Research for Product Design,,Özge Çelikoğlu,MMB,Perşembe,08:30/10:29,215,120,75,,"ENTE, EUT, EUTE",,
12786,EUT 319E,EUT,LS,Industrial Design Studio II,,Elif Küçüksayraç,"MMB
MMB | 217D
217D",Salı | Cuma,13:30/17:29 | 14:00/17:59,,30,28,,"ENTE, EUT, EUTE",,
12787,EUT 319E,EUT,LS,Industrial Design Studio II,,Layıka Ney Ece Arıburun Kırca,"MMB
MMB | 217B
217B",Salı | Cuma,13:30/17:29 | 14:00/17:59,,30,30,,"ENTE, EUT, EUTE",,
12788,EUT 320E,EUT,LS,Industrial Design Studio III,,Özge Çelikoğlu,"MMB
MMB | 3400
3400",Salı | Cuma,13:30/17:29 | 14:00/17:59,,20,18,,"ENTE, EUT, EUTE",,
12789,ENT 334E,ENT,LS,Design and Form,,Aysun Ateş Akdeniz,MMB,Perşembe,13:30/16:29,309,30,30,,"ENTE, ENTM, EUT, EUTE, EUTM",,
12790,SBP 223E,SBP,LS,Land Use Planning,,Fatih Eren,MMB,Perşembe,13:30/16:29,227,75,46,,"SBPE, SBPM",,
12791,SBP 232,SBP,LS,Şehir Tarihi,,Eren Kürkçüoğlu,MMB,Perşembe,13:30/16:29,230,75,55,,SBP,,
12792,ENT 355E,ENT,LS,Space Organization,,Layıka Ney Ece Arıburun Kırca,MMB,Çarşamba,08:30/11:29,217D,30,28,,"ENTE, EUTE",,
12793,SBP 232E,SBP,LS,The City in History,,Eren Kürkçüoğlu,MMB,Perşembe,09:30/12:29,230,75,47,,"SBPE, SBPM",,
12794,ENT 355E,ENT,LS,Space Organization,,Layıka Ney Ece Arıburun Kırca,MMB,Cuma,08:30/11:29,217D,30,27,,"ENTE, EUTE",,
12796,SBP 245,SBP,LS,Şehirsel Ulaşım,,Özhan Ertekin,MMB,Perşembe,09:30/12:29,216,75,41,,SBP,,
12798,ENT 383E,ENT,LS,Dig.Protot.&Manuf. in Ind.Des.,,Elif Küçüksayraç,MMB,Pazartesi,13:30/16:29,315,30,22,,"ENTE, ENTM, EUTE",,
12799,EUT 419E,EUT,LS,Industrial Design Studio IV,,Çiğdem Kaya,"MMB
MMB | 217A
217A",Salı | Cuma,13:30/17:29 | 14:00/17:59,,40,36,,"ENTE, EUT, EUTE",,
12800,SBP 245E,SBP,LS,Urban Transportation,,Muhammed Ziya Paköz,MMB,Pazartesi,13:30/16:29,231,70,31,,"SBPE, SBPM",,
12801,EUT 419E,EUT,LS,Industrial Design Studio IV,,Ekrem Cem Alppay,"MMB
MMB | 217A
217A",Salı | Cuma,13:30/17:29 | 14:00/17:59,,40,32,,"ENTE, EUT, EUTE",,
12802,EUT 423E,EUT,LS,Cult.and Com.in Product Design,,Özge Çelikoğlu,,Perşembe,13:30/15:29,,100,89,,"ENTE, EUT, EUTE",,
12803,ENT 436E,ENT,LS,Visualization Techniques,,Nazım Erdem Aykam,MMB,Pazartesi,13:30/16:29,309,30,30,,"ENTE, ENTM, EUTE",,
12805,ENT 441E,ENT,LS,New Product Development,,Ekrem Cem Alppay,,Pazartesi,08:30/11:29,,90,77,,"ENTE, EUT, EUTE, EUTM",,
12806,ENT 446E,ENT,LS,Multimedia Design Studio,,Erdem Demir,MMB,Perşembe,08:30/11:29,309,30,29,,"ENTE, ENTM, EUT, EUTE, EUTM",,
12807,SBP 252,SBP,LS,Konut ve Yöre Planlaması,,Funda Yirmibeşoğlu,MMB,Perşembe,09:30/12:29,227,70,59,,SBP,,
12808,ENT 475E,ENT,LS,Intro. to Automotive Design,,Ekrem Cem Alppay,MMB,Salı,08:30/11:29,3407,30,30,,"ENTE, ENTM, EUTE",,
12809,EUT 4902E,EUT,LS,Graduation Project,,Ekrem Cem Alppay,MMB | ---,,/,,500,41,,"ENTE, EUTE",,
12810,SBP 252E,SBP,LS,Housing and Site Planning,,Fatih Terzi,MMB,Salı,09:30/12:29,106,70,39,,"SBP, SBPE, SBPM",,
12811,EUT 492,EUT,LS,Bitirme Çalışması,,Ekrem Cem Alppay,MMB | ---,,/,,500,1,,EUT,,
12814,SBP 262,SBP,LS,Peyzaj Planlaması ve Tasarım,,Gülşen Aytaç,MMB,Salı,09:30/12:29,227,75,52,,SBP,,
12815,HUK 201,HUK,LS,İş Hukuku,,Gizem Sarıbay Öztürk,MED,Perşembe,08:30/11:29,B31,25,2,,SED,,
12816,SBP 262E,SBP,LS,Landscape Planning and Design,,Fatma Ayçim Türer Başkaya,MMB,Cuma,09:30/12:29,216,75,41,,SBPE,,
12818,SBP 311,SBP,LS,Proje V: Mekân.Plan.&Kent.Gel.,,--,"MMB
MMB | 203A
203A",Salı | Cuma,13:30/17:29 | 14:00/17:59,,0,0,,SBP,,
12819,SBP 311,SBP,LS,Proje V: Mekân.Plan.&Kent.Gel.,,Ebru Kerimoğlu,"MMB
MMB | 203A
203A",Salı | Cuma,13:30/17:29 | 14:00/17:59,,19,17,,SBP,,
12820,SBP 311,SBP,LS,Proje V: Mekân.Plan.&Kent.Gel.,,--,"MMB
MMB | ---
---",Salı | Cuma,13:30/17:29 | 14:00/17:59,,0,0,,SBP,,
12821,SBP 311E,SBP,LS,Prj.V:Spatial Plan.&Urb.Dev.,,Emine Ferhan Gezici Korten,"MMB
MMB | 203B
203B",Salı | Cuma,13:30/17:29 | 14:00/17:59,,19,16,,"SBP, SBPE, SBPM",,
12823,SBP 311E,SBP,LS,Prj.V:Spatial Plan.&Urb.Dev.,,Tüzin Baycan,"MMB
MMB | 203B
203B",Salı | Cuma,13:30/17:29 | 14:00/17:59,,19,17,,"SBP, SBPE, SBPM",,
12825,SBP 311E,SBP,LS,Prj.V:Spatial Plan.&Urb.Dev.,,Elif Alkay,"MMB
MMB | 203C
203C",Salı | Cuma,13:30/17:29 | 14:00/17:59,,19,15,,"SBP, SBPE, SBPM",,
12828,SBP 311E,SBP,LS,Prj.V:Spatial Plan.&Urb.Dev.,,Seda Kundak,"MMB
MMB | 203C
203C",Salı | Cuma,13:30/17:29 | 14:00/17:59,,19,17,,"SBP, SBPE, SBPM",,
12829,SBP 312E,SBP,LS,Proj.VI:Spatial Plan.in Act.,,--,"MMB
MMB | ---
---",Salı | Cuma,13:30/17:29 | 14:00/17:59,,0,0,,"SBP, SBPE, SBPM",,
12832,SBP 327,SBP,LS,Şehir Hukuku ve Şehir Yönetimi,,Numan Kılınç,MMB,Pazartesi,13:30/16:29,229,65,51,,SBP,,
12833,SBP 327E,SBP,LS,Urban Law and Management,,Şevkiye Şence Türk,MMB,Çarşamba,09:30/12:29,230,65,51,,"SBPE, SBPM",,
12834,SBP 411,SBP,LS,Proje VII: Kentsel Tasarım,,Mehmet Ali Yüzer,"MMB
MMB | CATI 3
CATI 3",Salı | Cuma,13:30/17:29 | 14:00/17:59,,20,18,,SBP,,
12835,SBP 411E,SBP,LS,Project VII: Urban Design,,Engin Eyüp Eyuboğlu,"MMB
MMB | CATI 5
CATI 5",Salı | Cuma,13:30/17:29 | 14:00/17:59,,20,20,,"SBP, SBPE",,
12836,SBP 411E,SBP,LS,Project VII: Urban Design,,Özhan Ertekin,"MMB
MMB | CATI 3
CATI 3",Salı | Cuma,13:30/17:29 | 14:00/17:59,,21,21,,"SBP, SBPE",,
12837,SBP 411E,SBP,LS,Project VII: Urban Design,,Gülden Demet Oruç,"MMB
MMB | CATI 5
CATI 5",Salı | Cuma,13:30/17:29 | 14:00/17:59,,21,21,,"SBP, SBPE",,
12838,SBP 317,SBP,LS,Bölge Bilimi ve Planlama,,Emine Ferhan Gezici Korten,MMB,Salı,09:30/12:29,216,90,82,,SBP,,
12839,SBP 317E,SBP,LS,Regional Science and Planning,,Tüzin Baycan,MMB,Salı,09:30/12:29,107,75,75,,"SBP, SBPE, SBPM",,
12840,SBP 4014E,SBP,LS,Creative Cities,,Ebru Kerimoğlu,MMB,Pazartesi,09:30/12:29,309,50,50,,"PEME, SBP, SBPE",,
12841,SBP 4022E,SBP,LS,Participation in Planning,,İmge Akçakaya Waite,MMB,Perşembe,13:30/16:29,216,75,65,,"MIM, MIME, SBP, SBPE",,
12843,SBP 4026E,SBP,LS,Healthy Cities,,"Seda Kundak, Eda Yücesoy",MMB,Çarşamba,09:30/12:29,227,75,72,,"MIM, MIME, PEME, SBP, SBPE",,
12844,SBP 4027E,SBP,LS,Large Scale Urban Projects,,Başak Demireş Özkul,MMB,Pazartesi,13:30/15:29,215,100,95,,"ENTE, EUTE, ICM, MIM, MIME, PEME, SBP, SBPE",,
12846,SBP 4029E,SBP,LS,Other Worlds,,Kerem Yavuz Arslanlı,MMB,Çarşamba,10:30/12:29,107,65,33,,"ENTE, PEME, SBP, SBPE",,
12847,SBP 439,SBP,LS,Metropoliten Planlama,,Özhan Ertekin,MMB,Perşembe,13:30/15:29,215,65,50,,SBP,,
12848,SBP 439E,SBP,LS,Metropolitan Planning,,Eren Kürkçüoğlu,MMB,Çarşamba,13:30/15:29,107,65,69,,"SBPE, SBPM",,
12849,SBP 4033E,SBP,LS,Rural Settlements and Problems,,Aliye Ahu Gülümser,MMB,Cuma,10:30/12:29,215,85,95,,"PEME, SBP, SBPE",,
12851,SBP 4023,SBP,LS,Sosyal Politika ve Planlama,,Eda Yücesoy,MMB,Salı,10:30/12:29,303,35,30,,"MIM, SBP",,
12852,DAN 101,DAN,LS,Akademik Danışmanlık,,Tüzin Baycan,MMB,Çarşamba,15:30/17:29,215,300,0,,"SBP, SBPE",,
12853,SBP 4902,SBP,LS,Diploma Projesi,,Başak Demireş Özkul,MMB | ---,,/,,500,15,,SBP,,
12854,SBP 4902E,SBP,LS,Graduation Project,,Başak Demireş Özkul,MMB | ---,,/,,500,18,,"SBP, SBPE",,
12862,PEM 119E,PEM,LS,Int.Landscape Architec.&Ethics,,Melih Bozkurt,MMB,Çarşamba,13:30/15:29,216,100,73,,"PEM, PEME, PEMM",,
12863,PEM 209E,PEM,LS,Landform & Built Envir.Studio,,Meltem Erdem Kaya,"MMB
MMB | 212
212",Pazartesi | Perşembe,13:30/17:29 | 13:30/17:29,,20,20,,PEME,,
12865,PEM 311E,PEM,LS,Landscape Design II,,Melih Bozkurt,"MMB
MMB | 214
214",Pazartesi | Perşembe,13:30/17:29 | 13:30/17:29,,17,16,,"PEM, PEME",,
12866,PEM 311E,PEM,LS,Landscape Design II,,Ebru Erbaş Gürler,"MMB
MMB | 214
214",Pazartesi | Perşembe,13:30/17:29 | 13:30/17:29,,17,17,,"PEM, PEME",,
12867,PEM 411E,PEM,LS,Landscape Design IV,,Gülşen Aytaç,"MMB
MMB | 212
212",Pazartesi | Perşembe,13:30/17:29 | 13:30/17:29,,23,23,,"PEM, PEME",,
12869,PEM 411E,PEM,LS,Landscape Design IV,,Fatma Ayçim Türer Başkaya,"MMB
MMB | 217D
217D",Pazartesi | Perşembe,13:30/17:29 | 13:30/17:29,,21,19,,"PEM, PEME",,
12870,PEM 312E,PEM,LS,Landscape Design III,,Didem Dizdaroğlu,"MMB
MMB | 217B
217B",Pazartesi | Perşembe,13:30/17:29 | 13:30/17:29,,20,19,,"PEM, PEME",,
12871,PEM 4902E,PEM,LS,Graduation Project,,"Melih Bozkurt, Ebru Erbaş Gürler, Elif Kısar Koramaz",MMB | ---,,/,,500,19,,PEME,,
12872,PEM 492E,PEM,LS,Graduation Project,,"Melih Bozkurt, Ebru Erbaş Gürler, Elif Kısar Koramaz",MMB | ---,,/,,500,2,,"PEM, PEME",,
12873,PEM 231E,PEM,LS,Plant Material II,,Didem Dizdaroğlu,MMB,Salı,13:30/17:29,216,38,47,,"PEM, PEME, PEMM",,
12874,PEM 231E,PEM,LS,Plant Material II,,Didem Dizdaroğlu,MMB,Cuma,08:30/12:29,309,38,22,,"PEM, PEME, PEMM",,
12875,PEM 225E,PEM,LS,Hist.Theo.&Crtc.inLndsc.Arc.II,,Ebru Erbaş Gürler,MMB,Perşembe,09:30/12:29,127,80,65,,"PEM, PEME, PEMM",,
12877,PEM 205E,PEM,LS,Comp. Aided Landscape Arch.,,Ikhwan Kim,,Çarşamba,09:30/12:29,,80,70,,"PEM, PEME",,
12878,PEM 242E,PEM,LS,Landscape Eco.&Its Ref.onDsg.,,Meltem Erdem Kaya,MMB,Salı,10:30/12:29,109,85,67,,"PEM, PEME, PEMM",,
12879,PEM 307E,PEM,LS,Urbanism & Planning Law,,Turgay Kerem Koramaz,MMB,Pazartesi,08:30/12:29,216,70,58,,"PEM, PEME",,
12880,PEM 305E,PEM,LS,Landscape Construction II,,Hayriye Eşbah Tunçay,MMB,Salı,08:30/12:29,217D,75,53,,"PEM, PEME",,
12882,PEM 407E,PEM,LS,Const.Drawi.Tch.in Landsc.Dsgn,,Hayriye Eşbah Tunçay,MMB,Salı,13:30/17:29,CATI 2,90,60,,"PEM, PEME",,
12884,PEM 4012E,PEM,LS,Adv.Rendering Tech.inLands.,,Ikhwan Kim,MMB,Cuma,14:30/17:29,3401,30,25,,PEME,,
12885,PEM 4022E,PEM,LS,Urban Furniture and Space,,Gülşen Aytaç,,Perşembe,10:30/12:29,,45,48,,"ENTE, EUTE, ICM, MIM, MIME, PEM, PEME, SBP, SBPE",,
12887,PEM 4023E,PEM,LS,Urban Visual Analysis,,Elif Lutfiye Kutay Karaçor,MMB,Cuma,14:30/16:29,315,30,22,,PEME,,
12888,DAN 101,DAN,LS,Akademik Danışmanlık,,Elif Kısar Koramaz,MMB,Çarşamba,15:30/17:29,231,300,1,,"PEM, PEME",,
12889,CEV 103,CEV,LS,Çevre Müh. Giriş ve Etik,,"İsmail Toröz, Fatma Gülen İskender",INB,Çarşamba,13:30/15:29,B201,55,54,,CEV,,
12890,CEV 103,CEV,LS,Çevre Müh. Giriş ve Etik,,"Vedat Uyak, Naciye Esra Genceli",INB,Çarşamba,13:30/15:29,B203,50,48,,CEV,,
12891,CEV 103E,CEV,LS,Intr.to Environm. Eng.&Ethics,,"Elif Pehlivanoğlu Mantaş, Gülsüm Emel Zengin Balcı",INB,Çarşamba,13:30/15:29,B308,45,45,,"CEV, CEVE",,
12933,CEV 103E,CEV,LS,Intr.to Environm. Eng.&Ethics,,Onur Işık,INB,Çarşamba,13:30/15:29,B307,40,39,,"CEV, CEVE",,
12938,CEV 201E,CEV,LS,Enviromental Chemistry I,,Kübra Altuntaş,INB,Perşembe,08:30/11:29,A2,40,11,,"CEV, CEVE",,
12939,CEV 201EL,CEV,LS,Enviromental Chemistry I Lab.,,Ayşe Yüksekdağ,INB,Perşembe,15:30/17:29,---,30,12,,"CEV, CEVE",,
12941,CEV 203,CEV,LS,Çevre Mikrobiyolojisi,,Gülsüm Emel Zengin Balcı,"INB
INB | A103
B303",Salı | Perşembe,13:30/16:29 | 12:30/14:29,,30,28,,CEV,,
12942,CEV 203,CEV,LS,Çevre Mikrobiyolojisi,,Süleyman Övez,"INB
INB | B308
B303",Salı | Perşembe,13:30/16:29 | 08:30/10:29,,30,29,,CEV,,
12944,CEV 203E,CEV,LS,Environmental Microbiology,,Süleyman Övez,"INB
INB | B206
B307",Pazartesi | Salı,08:30/11:29 | 10:30/12:29,,30,30,,"CEV, CEVE",,
12946,CEV 203E,CEV,LS,Environmental Microbiology,,Ebru Dülekgürgen,"INB
INB | B304
B303",Pazartesi | Salı,08:30/11:29 | 15:30/17:29,,30,24,,"CEV, CEVE",,
12947,CEV 205,CEV,LS,Çevre Ekolojisi,,"Naciye Esra Genceli, Fatma Gülen İskender",INB,Pazartesi,11:30/13:29,A204,70,54,,CEV,,
12948,CEV 205E,CEV,LS,Environmental Ecology,,"Ebru Dülekgürgen, Özlem Karahan Özgün",INB,Salı,12:30/14:29,A304,70,64,,"CEV, CEVE",,
12954,CEV 210E,CEV,LS,Engineering Mathematics,,Onur Yılmaz Özcan,INB,Çarşamba,08:30/11:29,D203,74,74,,"CEV, CEVE",,
12956,CEV 211,CEV,LS,Çevre Kimyası I,,"İsmail Toröz, Ayşe Yüksekdağ","INB
INB | B308
B307",Salı | Cuma,10:30/12:29 | 10:30/12:29,,30,23,,CEV,,
12957,CEV 211,CEV,LS,Çevre Kimyası I,,"Nuray Işık Kabdaşlı, Serdar Doğruel","INB
INB | B307
B304",Pazartesi | Perşembe,13:30/15:29 | 10:30/12:29,,30,25,,CEV,,
12960,CEV 211E,CEV,LS,Enviromental Chemistry I,,"İdil Arslan Alaton, Elif Pehlivanoğlu Mantaş","INB
INB | B307
B304",Salı | Perşembe,08:30/10:29 | 08:30/10:29,,30,18,,"CEV, CEVE",,
12964,CEV 211E,CEV,LS,Enviromental Chemistry I,,"Tuğba Ölmez Hancı, Serdar Doğruel","INB
INB | B308
B304",Salı | Cuma,08:30/10:29 | 08:30/10:29,,30,29,,"CEV, CEVE",,
12965,CEV 242,CEV,LS,Çevre Müh. İçin Hidroloji,,Çiğdem Gömeç,INB,Cuma,08:30/11:29,B103,105,101,,CEV,,
12966,CEV 242E,CEV,LS,Hydrlgy.for Environmental Eng.,,Alpaslan Ekdal,INB,Cuma,08:30/11:29,B104,85,81,,CEVE,,
12967,CEV 301,CEV,LS,Kimyasal Prosesler,,"Nuray Işık Kabdaşlı, Serdar Doğruel",INB,Perşembe,12:30/15:29,A204,85,83,,CEV,,
12968,CEV 301E,CEV,LS,Chemical Processes,,"İdil Arslan Alaton, Kübra Altuntaş",INB,Perşembe,12:30/15:29,B101,70,64,,"CEV, CEVE",,
12969,CEV 303E,CEV,LS,Technical Drawing (CAD),,Özlem Karahan Özgün,INB,Cuma,14:30/17:29,D101,63,64,,CEVE,,
12970,CEV 306,CEV,LS,Su Temini &Atıksuların Uzakl.,,"Ali Fuat Aydın, Hüseyin Güven","INB
INB | A303
B201",Çarşamba | Perşembe,13:30/15:29 | 08:30/10:29,,60,32,,CEV,,
12971,CEV 306E,CEV,LS,Water Supply&Wastewater Dispo.,,"Mahmut Ekrem Karpuzcu, Börte Köse Mutlu","INB
INB | A203
A202",Pazartesi | Çarşamba,11:30/13:29 | 13:30/15:29,,60,52,,"CEV, CEVE",,
12987,CEV 314E,CEV,LS,Treatment Plant Hydraulics,,"Mustafa Evren Erşahin, Hale Özgün",INB,Pazartesi,08:30/10:29,B303,30,12,,"CEV, CEVE",,
12988,CEV 317E,CEV,LS,Urban Drainage,,Mahmut Ekrem Karpuzcu,INB,Cuma,10:30/12:29,B306,30,27,,"CEV, CEVE",,
12989,CEV 343,CEV,LS,Su Kalitesi Yönetimi,,"Melike Gürel, Elif Pehlivanoğlu Mantaş",INB,Pazartesi,08:30/11:29,A104,85,82,,CEV,,
12990,CEV 343E,CEV,LS,Water Quality Management,,"Melike Gürel, Elif Pehlivanoğlu Mantaş",INB,Salı,14:30/17:29,B104,95,95,,"CEV, CEVE",,
12992,CEV 347,CEV,LS,Temel İşlemler,,"İsmail Toröz, Hüseyin Erdem Görgün",INB,Pazartesi,14:30/17:29,A204,85,80,,CEV,,
12993,CEV 347E,CEV,LS,Unit Operations,,"Seval Sözen, Rüya Taşlı",INB,Pazartesi,14:30/17:29,B101,95,87,,"CEV, CEVE",,
12998,CEV 401,CEV,LS,Atıksu Arıtma Tesisi Tas.,,"İsmail Koyuncu, Ayşe Yüksekdağ, Hale Özgün, Onur Işık","INB
INB | A303
A105",Pazartesi | Perşembe,13:30/16:29 | 10:30/12:29,,70,69,,CEV,,
12999,CEV 401E,CEV,LS,Wastewater Treat. Plant Design,,"Mustafa Evren Erşahin, Hayrettin Güçlü İnsel, Türker Türken","INB
INB | B308
A105",Pazartesi | Perşembe,13:30/16:29 | 08:30/10:29,,62,54,,"CEV, CEVE",,
13000,CEV 419E,CEV,LS,Structural Engineering,,Börte Köse Mutlu,INB,Salı,10:30/12:29,B102,30,27,,"CEV, CEVE",,
13001,CEV 427,CEV,LS,Çevre Modellemesi Esasları,,"Burçak Kaynak Tezel, Alpaslan Ekdal",INB,Salı,14:30/17:29,A104,85,71,,CEV,,
13002,CEV 427E,CEV,LS,Environmental Model.Principles,,"Burçak Kaynak Tezel, Alpaslan Ekdal",INB,Çarşamba,09:30/12:29,B104,73,69,,"CEV, CEVE",,
13004,CEV 429,CEV,LS,Endüstriyel Kirlenme Kontrolü,,Fatma Fatoş Babuna,INB,Cuma,14:30/17:29,B202,64,64,,CEV,,
13007,CEV 429E,CEV,LS,Industrial Pollution Control,,"Emine Çokgör, Tuğba Ölmez Hancı",INB,Cuma,14:30/17:29,B203,58,53,,"CEV, CEVE",,
13008,CEV 433,CEV,LS,Tehlikeli Atık Yönetimi,,--,INB,Cuma,08:30/10:29,---,0,0,,CEV,,
13009,CEV 433E,CEV,LS,Hazardous Waste Management,,"Fatma Fatoş Babuna, Özlem Karahan Özgün",INB,Çarşamba,13:30/15:29,A103,30,30,,"CEV, CEVE",,
13010,CEV 438,CEV,LS,Çevre Etkilerinin Değerlendiri,,Mustafa Sait Yazgan,INB,Pazartesi,08:30/10:29,B307,35,41,,CEV,,
13011,CEV 439E,CEV,LS,Landfill Design and Operation,,"Osman Atilla Arıkan, Bülent İnanç",INB,Cuma,08:30/10:29,B306,30,24,,"CEV, CEVE",,
13014,CEV 443,CEV,LS,Hava Kirlenmesi Kont.Sist.Tas.,,--,INB,Salı,08:30/10:29,---,0,0,,CEV,,
13017,CEV 443E,CEV,LS,Dsgn.of Air Polluti.Cont.Syst.,,Burçak Kaynak Tezel,INB,Salı,10:30/12:29,B303,30,8,,"CEV, CEVE",,
13018,CEV 445E,CEV,LS,Dsgn&Operat.Anaero.Treat.Syst.,,--,INB,Çarşamba,13:30/15:29,---,0,0,,"CEV, CEVE",,
13019,CEV 447,CEV,LS,Arazide Arıtma Sistemleri,,Mustafa Sait Yazgan,INB,Cuma,08:30/10:29,B305,30,20,,CEV,,
13020,CEV 447E,CEV,LS,Land Treatment Systems,,Mahmut Ekrem Karpuzcu,INB,Salı,08:30/10:29,B303,30,10,,"CEV, CEVE",,
13021,CEV 449E,CEV,LS,Control&Autom. in Env. Facil.,,"Hayrettin Güçlü İnsel, Türker Türken",INB,Pazartesi,10:30/12:29,B306,30,28,,"CEV, CEVE",,
13023,CEV 453E,CEV,LS,Mng. & Disp. of Treat. Sludges,,--,INB,Perşembe,13:30/15:29,---,0,0,,"CEV, CEVE",,
13026,CEV 471,CEV,LS,Çevre Mühendisliğinde Etik,,Fatma Gülen İskender,,Salı,12:30/13:29,,65,64,,CEV,,
13027,CEV 471E,CEV,LS,Ethics in Environmental Eng.,,İdil Arslan Alaton,,Çarşamba,12:30/13:29,,72,72,,"CEV, CEVE",,
13029,CEV 4901,CEV,LS,Çevre Müh. Tasarımı I,,Vedat Uyak,INB | ---,,/,,500,42,,CEV,,
13033,CEV 4901E,CEV,LS,Environmental Eng. Design I,,Vedat Uyak,INB | ---,,/,,500,39,,"CEV, CEVE",,
13034,CEV 4902,CEV,LS,Çevre Müh. Tasarımı II,,Vedat Uyak,INB | ---,,/,,500,3,,CEV,,
13037,CEV 4902E,CEV,LS,Environmental Eng. Design II,,Vedat Uyak,INB | ---,,/,,500,2,,"CEV, CEVE",,
13039,CEV 492,CEV,LS,Bitirme Tasarım Projesi,,Vedat Uyak,INB | ---,,/,,500,0,,CEV,,
13042,CEV 492E,CEV,LS,Graduation Design Project,,Vedat Uyak,INB | ---,,/,,500,0,,"CEV, CEVE",,
13045,BIL 100E,BIL,LS,Intr.to Prog.Language(PYTHON),,Onur Yılmaz Özcan,,Pazartesi,14:30/17:29,,60,25,,"CEV, CEVE",,
13049,BIL 100E,BIL,LS,Intr.to Prog.Language(PYTHON),,Onur Yılmaz Özcan,,Perşembe,14:30/17:29,,60,28,,"CEV, CEVE",,
13051,SBP 207E,SBP,LS,Project III: Site Plan.&Design,,Eda Yücesoy,"MMB
MMB | 214
214",Salı | Cuma,13:30/17:29 | 14:00/17:59,,19,19,,"SBP, SBPE",,
13052,ITB 214,ITB,LS,Modern Ortadoğu,,Ebubekir Ceylan,MED,Perşembe,14:30/17:29,B31,30,23,,"BIO, BLG, CAB, CEV, CHZ, DEN, EHB, ELE, ELH, ELK, END, EUT, FIZ, GEM, GEO, GID, ICM, INS, ISL, JDF, JEF, JEO, KIM, KMM, KMP, KOM, MAD, MAK, MAT, MET, MIM, MTO, MUT, MUZ, PEM, PET, SBP, SES, TEB, TEK, TEL, THO, UCK, UZB",,
13053,STA 204E,STA,LS,Statics&Strength of Materials,,Arcan Yanık,INB,Pazartesi,14:30/17:29,A304,60,60,,"CEV, CEVE, CHZ, EHB, EHBE, ELE, ELH, ELK, ELKE, EUT, EUTE, GID, GIDE, ISL, ISLE, JEF, KMM, KMME, KOM, KOME, KON, KONE, MET, METE, MTO, PET, PETE, TEL",,
13054,CEV 203E,CEV,LS,Environmental Microbiology,,Bahar Yavuztürk Gül,"INB
INB | B305
B303",Salı | Perşembe,14:30/17:29 | 15:30/17:29,,30,9,,"CEV, CEVE",,
13055,CEV 210,CEV,LS,Mühendislik Matematiği,,Recep Kaya,INB,Çarşamba,08:30/11:29,B305,60,29,,CEV,,
13056,CEV 303,CEV,LS,Teknik Resim (CAD),,Recep Kaya,INB,Cuma,14:30/17:29,D103,67,66,,CEV,,
13058,CHZ 224E,CHZ,LS,Surface and Colloid Chemistry,,Orhan Özdemir,MDB,Cuma,08:30/11:29,B208,70,64,,"CHZ, CHZE, CHZM",,
13060,CHZ 421,CHZ,LS,Cevher Haz. Proses Tasarımı,,Hüseyin Baştürkcü,MDB,Cuma,08:30/11:29,A202,60,52,,"CHZ, CHZM",,
13062,JEO 429,JEO,LS,Termal Hidrojeoloji,,--,MDB,Çarşamba,09:30/12:29,---,0,0,,JEO,,
13064,JEO 438,JEO,LS,Çevre Jeolojisi,,İrfan Yolcubal,MDB,Cuma,08:30/11:29,B204,30,29,,"JEF, JEO",,
13067,EKO 201E,EKO,LS,Economics,,Ayşegül Kayaoğlu Yılmaz,,Çarşamba,08:30/11:29,,300,300,,"ARC, ASS, BLG, BLGE, CEN, CEV, CEVE, CHZ, CHZE, DEN, DENE, DUI, DUIE, EEE, EHB, EHBE, EHS, ELE, ELH, ELK, ELKE, END, ENDE, ENTE, EUT, EUTE, FIZ, GEM, GEME, GEMK, GEO, GEOE, GID, GIDE, GMI, GMIE, IAD, ICM, IML, IMLE, IND, INS, INSE, JDF, JEF, JEO, JEOE, KMM, KMME, KOM, KOME, MAD, MADE, MAK, MAKE, MAT, MATE, MEN, MET, METE, MIM, MIME, MSS, MTO, MTOE, PEM, PEME, PET, PETE, SAS, SBP, SBPE, SED, TEK, TEKE, TEL, UCK, UCKE, UZB, UZBE, YZVE",,
13068,EKO 201E,EKO,LS,Economics,,Resul Aydemir,,Cuma,14:30/17:29,,300,295,,"ARC, ASS, BLG, BLGE, CEN, CEV, CEVE, CHZ, CHZE, DEN, DENE, DUI, DUIE, EEE, EHB, EHBE, EHS, ELE, ELH, ELK, ELKE, END, ENDE, ENTE, EUT, EUTE, FIZ, GEM, GEME, GEMK, GEO, GEOE, GID, GIDE, GMI, GMIE, IAD, ICM, IML, IMLE, IND, INS, INSE, JDF, JEF, JEO, JEOE, KMM, KMME, KOM, KOME, MAD, MADE, MAK, MAKE, MAT, MATE, MEN, MET, METE, MIM, MIME, MSS, MTO, MTOE, PEM, PEME, PET, PETE, SAS, SBP, SBPE, SED, TEK, TEKE, TEL, UCK, UCKE, UZB, UZBE, YZVE",,
13069,EKO 201E,EKO,LS,Economics,,Şerife Genç İleri,,Pazartesi,08:30/11:29,,300,299,,"ARC, ASS, BLG, BLGE, CEN, CEV, CEVE, CHZ, CHZE, DEN, DENE, DUI, DUIE, EEE, EHB, EHBE, EHS, ELE, ELH, ELK, ELKE, END, ENDE, ENTE, EUT, EUTE, FIZ, GEM, GEME, GEMK, GEO, GEOE, GID, GIDE, GMI, GMIE, IAD, ICM, IML, IMLE, IND, INS, INSE, JDF, JEF, JEO, JEOE, KMM, KMME, KOM, KOME, MAD, MADE, MAK, MAKE, MAT, MATE, MEN, MET, METE, MIM, MIME, MSS, MTO, MTOE, PEM, PEME, PET, PETE, SAS, SBP, SBPE, SED, TEK, TEKE, TEL, UCK, UCKE, UZB, UZBE, YZVE",,
13070,EKO 201E,EKO,LS,Economics,,Ayşegül Kayaoğlu Yılmaz,,Salı,08:30/11:29,,300,292,,"ARC, ASS, BLG, BLGE, CEN, CEV, CEVE, CHZ, CHZE, DEN, DENE, DUI, DUIE, EEE, EHB, EHBE, EHS, ELE, ELH, ELK, ELKE, END, ENDE, ENTE, EUT, EUTE, FIZ, GEM, GEME, GEMK, GEO, GEOE, GID, GIDE, GMI, GMIE, IAD, ICM, IML, IMLE, IND, INS, INSE, JDF, JEF, JEO, JEOE, KMM, KMME, KOM, KOME, MAD, MADE, MAK, MAKE, MAT, MATE, MEN, MET, METE, MIM, MIME, MSS, MTO, MTOE, PEM, PEME, PET, PETE, SAS, SBP, SBPE, SED, TEK, TEKE, TEL, UCK, UCKE, UZB, UZBE, YZVE",,
13071,EKO 201E,EKO,LS,Economics,,Ayşegül Kayaoğlu Yılmaz,,Perşembe,08:30/11:29,,300,301,,"ARC, ASS, BLG, BLGE, CEN, CEV, CEVE, CHZ, CHZE, DEN, DENE, DUI, DUIE, EEE, EHB, EHBE, EHS, ELE, ELH, ELK, ELKE, END, ENDE, ENTE, EUT, EUTE, FIZ, GEM, GEME, GEMK, GEO, GEOE, GID, GIDE, GMI, GMIE, IAD, ICM, IML, IMLE, IND, INS, INSE, JDF, JEF, JEO, JEOE, KMM, KMME, KOM, KOME, MAD, MADE, MAK, MAKE, MAT, MATE, MEN, MET, METE, MIM, MIME, MSS, MTO, MTOE, PEM, PEME, PET, PETE, SAS, SBP, SBPE, SED, TEK, TEKE, TEL, UCK, UCKE, UZB, UZBE, YZVE",,
13135,MAT 210E,MAT,LS,Engineering Mathematics,,Levent Bilir,"MDB
MDB | A105
B206",Çarşamba | Perşembe,08:30/10:29 | 12:30/14:29,,90,38,,"CHZ, CHZE, JEF, JEFE, JEO, JEOE, MAD, MADE, PET, PETE",,
13136,MAT 210E,MAT,LS,Engineering Mathematics,,Levent Bilir,"MDB
MDB | A201
A103",Çarşamba | Perşembe,11:30/13:29 | 08:30/10:29,,90,74,,"CHZ, CHZE, JEF, JEFE, JEO, JEOE, MAD, MADE, PET, PETE",,
13138,PET 447E,PET,LS,Selected Topics in PE,,İsmail Hakkı Gücüyener,MDB,Perşembe,09:30/12:29,B208,50,23,,"PET, PETE, PETM",,
13139,STA 204,STA,LS,Statik ve Mukavemet,,Bahattin Kimençe,INB,Cuma,14:30/17:29,A104,60,52,,"CEV, CHZ, EHB, ELE, ELH, ELK, EUT, GID, ISL, KMM, KOM, KON, MET, MTO, PET, TEL",,
13140,STA 204E,STA,LS,Statics&Strength of Materials,,Pelin Gündeş Bakır,INB,Cuma,14:30/17:29,A205,65,64,,"CEV, CEVE, CHZ, EHB, EHBE, ELE, ELH, ELK, ELKE, EUT, EUTE, GID, GIDE, ISL, ISLE, JEF, KMM, KMME, KOM, KOME, KON, KONE, MET, METE, MTO, PET, PETE, TEL",,
13141,AKM 204,AKM,LS,Akışkanlar Mekaniği,,Mehmet Melih Koşucu,INB,Çarşamba,12:30/15:29,A305,75,75,,"CEV, CHZ, GEM, IML, INS, KMM, PET",,
13142,AKM 204E,AKM,LS,Fluid Mechanics,,Mehmet Özger,INB,Çarşamba,12:30/15:29,A204,85,93,,"CEV, CEVE, CHZ, CHZE, FIZ, FIZE, GEM, GID, GIDE, IML, IMLE, INS, INSE, JEF, JEO, KMM, KMME, MAD, MEN, MTM, MTO, MTOE, NAE, PET, PETE, TEK, TEKE, UCK, UZB",,
13199,DNK 201,DNK,LS,Dinamik,,Nihal Eratlı,INB,Pazartesi,09:30/12:29,A301,50,38,,"DUI, EHB, ELE, ELH, ELK, FIZ, INS, JEO, KOM, KON, MTO, TEK, TEL, UCK, UZB",,
13200,DNK 201,DNK,LS,Dinamik,,Semih Küçükarslan,INB,Cuma,14:00/16:59,A102,50,50,,"DUI, EHB, ELE, ELH, ELK, FIZ, INS, JEO, KOM, KON, MTO, TEK, TEL, UCK, UZB",,
13201,DNK 201,DNK,LS,Dinamik,,Şenol Ataoğlu,INB,Cuma,14:00/16:59,A303,50,35,,"DUI, EHB, ELE, ELH, ELK, FIZ, INS, JEO, KOM, KON, MTO, TEK, TEL, UCK, UZB",,
13202,DNK 201E,DNK,LS,Dynamics,,Abdul Hayır,INB,Pazartesi,14:00/16:59,B205,50,52,,"DEN, DENE, DUI, DUIE, DUIK, EEE, EHB, EHBE, EHS, ELE, ELH, ELK, ELKE, FIZ, FIZE, GEM, GEME, GEMK, GMI, GMIE, INS, INSE, JEO, JEOE, KOM, KOME, KON, KONE, MAD, MAT, MATE, MTM, MTO, NAE, PETE, TEK, TEL, UCK, UCKE, UZB, UZBE",,
13203,DNK 201E,DNK,LS,Dynamics,,Osman Bulut,INB,Cuma,14:00/16:59,A201,50,51,,"DEN, DENE, DUI, DUIE, DUIK, EEE, EHB, EHBE, EHS, ELE, ELH, ELK, ELKE, FIZ, FIZE, GEM, GEME, GEMK, GMI, GMIE, INS, INSE, JEO, JEOE, KOM, KOME, KON, KONE, MAD, MAT, MATE, MTM, MTO, NAE, PETE, TEK, TEL, UCK, UCKE, UZB, UZBE",,
13204,INS 102,INS,LS,Statik,,Reha Artan,"INB
INB | B302
B302",Salı | Çarşamba,13:30/15:29 | 10:30/12:29,,50,30,,INS,,
13205,INS 102E,INS,LS,Statics,,Pelin Gündeş Bakır,"INB
INB | A201
A201",Salı | Çarşamba,08:30/10:29 | 08:30/10:29,,50,43,,"INS, INSE",,
13206,INS 111,INS,LS,İnşaat Müh. Giriş ve Etik,,"Engin Orakdöğen, Murat Yılmaz",MED,Çarşamba,13:30/14:29,A11,255,255,,INS,,
13207,INS 111E,INS,LS,Int. to Civil Eng. & Ethics,,"Engin Orakdöğen, Murat Yılmaz",MED,Çarşamba,14:30/15:29,A11,250,74,,INSE,,
13209,INS 101,INS,LS,Teknik Resim,,Sabahat Topuz Kiremitçi,INB,Pazartesi,09:30/12:29,D103,63,63,,INS,,
13210,INS 101,INS,LS,Teknik Resim,,Sibel Gürel,INB,Salı,14:30/17:29,D103,63,65,,INS,,
13211,INS 101,INS,LS,Teknik Resim,,"Medine İspir Arslan, Haluk Emre Alçiçek",INB,Salı,09:30/12:29,D103,63,60,,INS,,
13212,INS 101E,INS,LS,Technical Drawing,,Sibel Gürel,INB,Cuma,09:30/12:29,D103,63,36,,"INS, INSE",,
13213,INS 202,INS,LS,İnşaat Müh. Sayısal Yöntemler,,Yıldır Akkaya,INB,Pazartesi,13:30/15:29,A201,50,26,,INS,,
13214,INS 202,INS,LS,İnşaat Müh. Sayısal Yöntemler,,Yavuz Durgun,INB,Çarşamba,10:30/12:29,A201,50,31,,INS,,
13215,INS 202,INS,LS,İnşaat Müh. Sayısal Yöntemler,,Mehmet Günhan Aksoylu,INB,Çarşamba,10:30/12:29,A202,50,7,,INS,,
13216,INS 202E,INS,LS,Numerical Methods inCivil Eng.,,Atila Sezen,INB,Pazartesi,13:30/15:29,A202,50,34,,"INS, INSE",,
13217,INS 202E,INS,LS,Numerical Methods inCivil Eng.,,Tuba Gürbüz Büyükkayıkcı,INB,Çarşamba,10:30/12:29,A203,53,53,,"INS, INSE",,
13218,INS 217,INS,LS,Mukavemet I,,Abdul Hayır,"INB
INB | A103
A202",Pazartesi | Salı,10:30/12:29 | 10:30/12:29,,50,21,,INS,,
13219,INS 217,INS,LS,Mukavemet I,,Abdullah Gedikli,"INB
INB | A105
A201",Pazartesi | Salı,10:30/12:29 | 10:30/12:29,,50,28,,INS,,
13220,INS 217,INS,LS,Mukavemet I,,Fethi Kadıoğlu,"INB
INB | A101
A103",Çarşamba | Perşembe,08:30/10:29 | 10:30/12:29,,50,49,,INS,,
13221,INS 217,INS,LS,Mukavemet I,,--,"INB
INB | ---
---",Çarşamba | Perşembe,08:30/10:29 | 10:30/12:29,,0,0,,INS,,
13223,INS 217E,INS,LS,Strength of Materials I,,Ünal Aldemir,"INB
INB | B201
A304",Pazartesi | Çarşamba,10:30/12:29 | 13:30/15:29,,50,41,,"INS, INSE",,
13224,INS 232E,INS,LS,Surveying,,Adil Enis Arslan,INB,Pazartesi,14:00/16:59,A101,70,71,,"INS, INSE",,
13225,INS 301,INS,LS,Mühendislik Ekonomisi,,Atilla Damcı,INB,Salı,13:30/15:29,A301,58,59,,INS,,
13226,INS 301,INS,LS,Mühendislik Ekonomisi,,Gül Polat Tatar,INB,Salı,13:30/15:29,A105,58,58,,INS,,
13227,INS 301,INS,LS,Mühendislik Ekonomisi,,Feyzi Haznedaroğlu,INB,Salı,13:30/15:29,A201,58,55,,INS,,
13228,INS 301E,INS,LS,Engineering Economics,,Esin Ergen Pehlevan,INB,Salı,13:30/15:29,A202,65,69,,"AIN, INS, INSE",,
13229,INS 335E,INS,LS,Advanced Strength of Materials,,Hale Ergün,INB,Pazartesi,08:30/11:29,A201,60,38,,"AIN, INS, INSE",,
13230,INS 314E,INS,LS,Dynamics of Structures,,Yasin Fahjan,INB,Perşembe,13:30/16:29,A101,35,6,,"AIN, INS, INSE",,
13231,INS 316,INS,LS,Şantiye Tekniği,,"Murat Kuruoğlu, Feyzi Haznedaroğlu",INB,Perşembe,09:30/12:29,A101,67,62,,INS,,
13232,INS 323,INS,LS,Yapı Statiği I,,Konuralp Girgin,"INB
INB | A105
A105",Pazartesi | Çarşamba,14:30/16:29 | 08:30/10:29,,50,50,,INS,,
13233,INS 323,INS,LS,Yapı Statiği I,,Mehmet Günhan Aksoylu,"INB
INB | A202
A303",Perşembe | Cuma,08:30/10:29 | 10:30/12:29,,50,49,,INS,,
13234,INS 323,INS,LS,Yapı Statiği I,,Yavuz Durgun,"INB
INB | A203
A203",Perşembe | Cuma,08:30/10:29 | 10:30/12:29,,50,46,,INS,,
13235,INS 323E,INS,LS,Theory of Structures I,,Burcu Güneş,"INB
INB | B302
A202",Pazartesi | Çarşamba,14:30/16:29 | 08:30/10:29,,50,36,,"AIN, INS, INSE",,
13236,INS 323E,INS,LS,Theory of Structures I,,Ülkü Hülya Çalık Karaköse,"INB
INB | A201
B204",Perşembe | Cuma,08:30/10:29 | 10:30/12:29,,50,40,,"AIN, INS, INSE",,
13237,INS 325,INS,LS,Demiryolu Müh.,,Zübeyde Öztürk,INB,Pazartesi,12:30/14:29,A104,60,60,,INS,,
13238,INS 325,INS,LS,Demiryolu Müh.,,Sabahat Topuz Kiremitçi,INB,Pazartesi,12:30/14:29,B201,60,61,,INS,,
13241,INS 336E,INS,LS,Theory of Structures II,,Nilay Çelik Muhtaroğlu,"INB
INB | B202
B202",Perşembe | Cuma,10:30/12:29 | 08:30/10:29,,70,64,,"AIN, INS, INSE",,
13243,INS 338,INS,LS,Betonarme I,,Yıldır Akkaya,"INB
INB | B201
B201",Salı | Cuma,13:30/15:29 | 10:30/12:29,,50,50,,INS,,
13244,INS 338,INS,LS,Betonarme I,,Tuba Gürbüz Büyükkayıkcı,"INB
INB | B204
B204",Pazartesi | Perşembe,13:30/15:29 | 08:30/10:29,,45,12,,INS,,
13246,INS 338E,INS,LS,Reinforced Concrete I,,Ali Sarı,"INB
INB | B204
B204",Salı | Cuma,15:30/17:29 | 08:30/10:29,,45,41,,"AIN, INS, INSE",,
13247,INS 341E,INS,LS,Construction Management,,Onur Behzat Tokdemir,INB,Cuma,14:30/17:29,A204,65,59,,"AIN, INS, INSE",,
13254,INS 403,INS,LS,Toprak İşleri,,Şükrüye İyinam,INB,Çarşamba,08:30/10:29,B204,60,63,,INS,,
13255,INS 409,INS,LS,İnş.İşçi Sağlığı ve İş Güven.,,Feyzi Haznedaroğlu,INB,Çarşamba,10:30/12:29,B201,50,48,,INS,,
13256,INS 409,INS,LS,İnş.İşçi Sağlığı ve İş Güven.,,Ayşegül Bayın Sarıahmetoğlu,INB,Çarşamba,10:30/12:29,B206,50,45,,INS,,
13257,INS 409,INS,LS,İnş.İşçi Sağlığı ve İş Güven.,,Murat Kuruoğlu,INB,Çarşamba,10:30/12:29,A301,50,28,,INS,,
13259,INS 409E,INS,LS,Health&Safety in Construction,,Deniz Artan,INB,Çarşamba,10:30/12:29,A303,50,44,,"AIN, INS, INSE",,
13260,INS 419E,INS,LS,Soil Mechanics II,,Aslı Yalçın Dayıoğlu,INB,Çarşamba,12:30/15:29,B306,40,40,,"AIN, INS, INSE",,
13261,INS 425E,INS,LS,Finite Element Methods,,Murat Yılmaz,INB,Perşembe,13:30/16:29,A303,70,70,,"AIN, INS, INSE",,
13262,INS 433,INS,LS,Betonarme II,,Alper İlki,"INB
INB | B305
B305",Pazartesi | Salı,13:30/15:29 | 10:30/12:29,,20,23,,INS,,
13263,INS 433,INS,LS,Betonarme II,,Kutlu Darılmaz,"INB
INB | B306
B306",Pazartesi | Salı,12:30/14:29 | 10:30/12:29,,20,21,,INS,,
13264,INS 433,INS,LS,Betonarme II,,Beyza Taşkın,"INB
INB | B306
B306",Salı | Perşembe,13:30/15:29 | 10:30/12:29,,20,20,,INS,,
13265,INS 433,INS,LS,Betonarme II,,--,"INB
INB | ---
---",Salı | Perşembe,13:30/15:29 | 10:30/12:29,,0,0,,INS,,
13266,INS 433,INS,LS,Betonarme II,,--,"INB
INB | ---
---",Salı | Perşembe,13:30/15:29 | 10:30/12:29,,0,0,,INS,,
13267,INS 433,INS,LS,Betonarme II,,Kadir Güler,"INB
INB | B305
B305",Çarşamba | Cuma,13:30/15:29 | 10:30/12:29,,23,25,,INS,,
13268,INS 433,INS,LS,Betonarme II,,"Mustafa Gençoğlu, Turgut Öztürk","INB
INB | B303
B303",Salı | Perşembe,13:30/15:29 | 10:30/12:29,,20,13,,INS,,
13269,INS 433E,INS,LS,Reinforced Concrete II,,Fatih Sütcü,"INB
INB | B206
B206",Çarşamba | Cuma,13:30/15:29 | 10:30/12:29,,25,21,,"AIN, INS, INSE",,
13270,INS 433E,INS,LS,Reinforced Concrete II,,Cem Demir,"INB
INB | B303
B304",Çarşamba | Cuma,13:30/15:29 | 10:30/12:29,,25,25,,"AIN, INS, INSE",,
13271,INS 459,INS,LS,Çubuk Sonlu Elemanlar,,"Nihal Eratlı, Akif Kutlu",INB,Salı,13:30/16:29,B203,35,19,,INS,,
13272,INS 492,INS,LS,Mühendislik Tasarım Projesi,,Mustafa Gençoğlu,INB | ---,,/,,500,5,,INS,,
13273,INS 492E,INS,LS,Engineering Design Project,,Mustafa Gençoğlu,INB | ---,,/,,500,4,,"INS, INSE",,
13274,INS 4901,INS,LS,İnşaat Müh. Tasarımı I,,Mustafa Gençoğlu,INB | ---,,/,,500,122,,INS,,
13275,INS 4901E,INS,LS,Civil Eng. Design I,,Mustafa Gençoğlu,INB | ---,,/,,500,36,,"AIN, INS, INSE",,
13276,INS 4902,INS,LS,İnşaat Müh. Tasarımı II,,Mustafa Gençoğlu,INB | ---,,/,,500,38,,INS,,
13277,INS 4902E,INS,LS,Civil Eng. Design II,,Mustafa Gençoğlu,INB | ---,,/,,500,17,,"AIN, INS, INSE",,
13278,INS 305E,INS,LS,Probability and Statistics,,Ayda Şafak Ağar,INB,Pazartesi,09:30/11:29,B104,112,112,,"AIN, INS, INSE",,
13279,INS 305E,INS,LS,Probability and Statistics,,Medine İspir Arslan,INB,Cuma,14:30/16:29,B104,112,106,,"AIN, INS, INSE",,
13280,INS 218,INS,LS,Mukavemet II,,Teoman Özer,"INB
INB | B202
A205",Çarşamba | Cuma,10:30/12:29 | 10:30/12:29,,55,57,,INS,,
13281,INS 218E,INS,LS,Strength of Materials II,,Pınar Özdemir Çağlayan,"INB
INB | A203
A205",Salı | Çarşamba,09:30/11:29 | 13:30/15:29,,53,33,,"INS, INSE",,
13282,INS 215,INS,LS,Malzeme Bilimi,,Ayda Şafak Ağar,INB,Salı,13:30/16:29,A302,55,52,,INS,,
13283,INS 215,INS,LS,Malzeme Bilimi,,Özkan Şengül,INB,Salı,13:30/16:29,A303,55,19,,INS,,
13284,INS 215,INS,LS,Malzeme Bilimi,,Hasan Yıldırım,INB,Perşembe,13:30/16:29,A201,55,55,,INS,,
13285,INS 215,INS,LS,Malzeme Bilimi,,Ünal Anıl Doğan,INB,Perşembe,13:30/16:29,A202,55,32,,INS,,
13286,INS 215E,INS,LS,Materials Science,,Özgür Ekincioğlu,INB,Perşembe,13:30/16:29,A203,55,19,,"INS, INSE",,
13289,INS 344,INS,LS,Çelik Yapılar I,,Kadir Özakgül,"INB
INB | B204
B206",Çarşamba | Perşembe,13:30/15:29 | 13:30/15:29,,50,49,,INS,,
13290,INS 344,INS,LS,Çelik Yapılar I,,"Cavidan Yorgun, Haluk Emre Alçiçek","INB
INB | B205
B302",Çarşamba | Perşembe,13:30/15:29 | 13:30/15:29,,50,41,,INS,,
13291,INS 344E,INS,LS,Steel Structures I,,Cüneyt Vatansever,"INB
INB | B302
A301",Çarşamba | Perşembe,13:30/15:29 | 13:30/15:29,,30,30,,"AIN, INS, INSE",,
13292,INS 344E,INS,LS,Steel Structures I,,Ömer Tuğrul Turan,"INB
INB | B102
B201",Salı | Perşembe,13:30/15:29 | 13:30/15:29,,30,24,,"AIN, INS, INSE",,
13293,INS 478E,INS,LS,Fatigue of Metal Strc.Elements,,--,INB,Cuma,09:30/12:29,---,0,0,,"AIN, INS, INSE",,
13294,INS 320,INS,LS,Ahşap Yapılar,,"Güliz Bayramoğlu, Sibel Gürel",INB,Perşembe,10:30/13:29,B305,30,9,,INS,,
13295,INS 354,INS,LS,Hidroloji,,Yavuz Selim Güçlü,INB,Pazartesi,09:30/12:29,A202,60,61,,INS,,
13296,INS 354E,INS,LS,Hydrology,,Tarkan Erdik,INB,Çarşamba,10:30/13:29,B204,58,55,,"AIN, INS, INSE",,
13297,INS 360,INS,LS,Hidrolik,,--,"INB
INB | ---
---",Çarşamba | Perşembe,10:30/12:29 | 15:30/17:29,,0,0,,"CEV, INS",,
13299,INS 360,INS,LS,Hidrolik,,Hafzüllah Aksoy,"INB
INB | A302
A301",Çarşamba | Perşembe,10:30/12:29 | 15:30/17:29,,55,55,,"CEV, INS",,
13300,INS 360,INS,LS,Hidrolik,,Necati Erdem Ünal,"INB
INB | A102
A105",Çarşamba | Perşembe,13:30/15:29 | 13:30/15:29,,65,71,,"CEV, INS",,
13301,INS 360,INS,LS,Hidrolik,,İsmail Dabanlı,"INB
INB | D202
B302",Çarşamba | Perşembe,11:30/13:29 | 09:30/11:29,,50,33,,"CEV, INS",,
13302,INS 360E,INS,LS,Hydraulics,,İsmail Duranyıldız,"INB
INB | A104
A103",Çarşamba | Perşembe,13:30/15:29 | 13:30/15:29,,65,57,,"AIN, CEV, CEVE, INS, INSE",,
13303,INS 360E,INS,LS,Hydraulics,,Cihan Bayındır,"INB
INB | A105
A204",Çarşamba | Perşembe,10:30/12:29 | 15:30/17:29,,72,72,,"AIN, CEV, CEVE, INS, INSE",,
13305,INS 360E,INS,LS,Hydraulics,,Şevket Çokgör,"INB
INB | D203
B103",Çarşamba | Perşembe,11:30/13:29 | 09:30/11:29,,60,28,,"AIN, CEV, CEVE, INS, INSE",,
13306,INS 441,INS,LS,Su Kaynakları,,Şevket Çokgör,INB,Pazartesi,09:30/12:29,B202,60,46,,INS,,
13308,INS 441,INS,LS,Su Kaynakları,,Mehmet Melih Koşucu,INB,Pazartesi,09:30/12:29,D202,60,63,,INS,,
13309,INS 441E,INS,LS,Water Resources,,Abdüsselam Altunkaynak,INB,Pazartesi,09:30/12:29,B203,50,44,,"AIN, INS, INSE",,
13310,INS 441E,INS,LS,Water Resources,,Tarkan Erdik,INB,Pazartesi,09:30/12:29,B204,50,49,,"AIN, INS, INSE",,
13311,INS 457E,INS,LS,Renew. Enrgy Types& Mod. Tech.,,Cihan Bayındır,INB,Perşembe,09:30/12:29,B206,72,69,,"AIN, INS, INSE",,
13312,INS 490E,INS,LS,Coastal and Harbor Structures,,Veysel Şadan Özgür Kırca,INB,Perşembe,13:30/16:29,B202,55,39,,"AIN, INS, INSE",,
13314,INS 499E,INS,LS,Hydrologic Modeling,,Mehmet Cüneyd Demirel,INB,Perşembe,13:30/16:29,B305,40,10,,"INS, INSE",,
13315,INS 490,INS,LS,Kıyı ve Liman Yapıları,,Cihan Bayındır,INB,Cuma,14:30/17:29,B205,50,20,,INS,,
13316,INS 303,INS,LS,Zemin Mekaniği I,,Musaffa Ayşen Lav,"INB
INB | A301
A301",Salı | Perşembe,09:30/12:29 | 10:30/12:29,,55,50,,INS,,
13317,INS 303,INS,LS,Zemin Mekaniği I,,Recep İyisan,"INB
INB | A302
A302",Salı | Perşembe,09:30/12:29 | 10:30/12:29,,55,58,,INS,,
13318,INS 303,INS,LS,Zemin Mekaniği I,,Mustafa Hatipoğlu,"INB
INB | A303
A303",Salı | Cuma,09:30/12:29 | 08:30/10:29,,55,52,,INS,,
13319,INS 303E,INS,LS,Soil Mechanics I,,Müge Balkaya,"INB
INB | B202
A202",Salı | Perşembe,09:30/12:29 | 10:30/12:29,,55,56,,"AIN, INS, INSE",,
13320,INS 303E,INS,LS,Soil Mechanics I,,Aslı Yalçın Dayıoğlu,"INB
INB | B203
A202",Salı | Cuma,09:30/12:29 | 08:30/10:29,,55,34,,"AIN, INS, INSE",,
13321,INS 332,INS,LS,Temel İnşaatı I,,Gökhan Çevikbilen,INB,Çarşamba,09:30/12:29,B307,40,37,,INS,,
13322,INS 332E,INS,LS,Foundation Engineering I,,Berrak Teymür,INB,Salı,09:30/12:29,B201,40,31,,"AIN, INS, INSE",,
13324,AKM 204,AKM,LS,Akışkanlar Mekaniği,,Necati Erdem Ünal,INB,Cuma,14:00/16:59,A305,75,75,,"CEV, CHZ, GEM, IML, INS, KMM, PET",,
13325,BIL 113E,BIL,LS,Intr.to Sci& Eng.Comp.(MATLAB),,Gökhan Çevikbilen,INB,Pazartesi,13:30/16:29,D103,65,44,,"GEM, GEME, INS, INSE",,
13326,INS 210E,INS,LS,Mathematics in Civil Eng.,,Mustafa Yavuz,INB,Cuma,08:30/10:29,A302,65,57,,"INS, INSE",,
13327,INS 210,INS,LS,İnşaat Müh. için Matematik,,Erol Demirkan,INB,Pazartesi,15:30/17:29,A301,65,41,,INS,,
13328,INS 210,INS,LS,İnşaat Müh. için Matematik,,Erol Demirkan,INB,Cuma,08:30/10:29,A301,65,37,,INS,,
13329,INS 107E,INS,LS,Int. to Prog. Lang. (Python),,"Nilay Çelik Muhtaroğlu, Tolga Yılmaz Özüdoğru",,Pazartesi,14:30/17:29,,153,149,,"INS, INSE",,
13330,INS 107E,INS,LS,Int. to Prog. Lang. (Python),,"Tolga Yılmaz Özüdoğru, Cem Demir",,Cuma,14:30/17:29,,153,153,,"INS, INSE",,
13331,INS 407,INS,LS,Su Getirme&Kanaliz. Sist.Tas.,,"Mehmet Melih Koşucu, Ali Fuat Aydın",INB,Pazartesi,13:30/16:29,B202,66,66,,INS,,
13332,INS 407,INS,LS,Su Getirme&Kanaliz. Sist.Tas.,,"Yavuz Selim Güçlü, Ali Fuat Aydın",INB,Salı,13:30/16:29,A203,66,68,,INS,,
13333,INS 407E,INS,LS,Dsgn.of Water Supp.&Sewer Sys.,,"Mehmet Cüneyd Demirel, Onur Işık",INB,Salı,13:30/16:29,A305,66,59,,"AIN, INS, INSE",,
13334,INS 413E,INS,LS,Hydrologic Analysis and Design,,İsmail Duranyıldız,INB,Salı,09:30/12:29,A105,40,35,,"AIN, INS, INSE",,
13335,ATA 101,ATA,LS,Atatürk İlk & İnkılap Trh I,,Pelin Helvacı,,Pazartesi,11:30/13:29,,45,10,,"SBL, SIS",,
13337,IML 305,IML,LS,Isı Geçişi,,Turgut Yılmaz,"MKB
MKB | D376
D376",Pazartesi | Perşembe,09:30/10:29 | 08:30/10:29,,40,8,,IML,,
13338,IML 311,IML,LS,İmal Usülleri I,,Şafak Yılmaz,"MKB
MKB | D376
D376",Salı | Perşembe,10:30/12:29 | 10:30/12:29,,40,1,,IML,,
13339,IML 320,IML,LS,Makina Elemanları,,Atakan Altınkaynak,"MKB
MKB | D376
D376",Salı | Perşembe,13:30/15:29 | 14:30/17:29,,40,8,,"IML, IMLM",,
13340,IML 337,IML,LS,İmalat Planlama ve Kontrol,,Ramazan Murat Tabanlı,"MKB
MKB | D376
D376",Pazartesi | Çarşamba,10:30/12:29 | 09:30/10:29,,40,2,,IML,,
13341,IML 338,IML,LS,İmalat Sistemleri,,Ramazan Murat Tabanlı,MKB,Salı,08:30/11:29,D378,40,1,,IML,,
13342,IML 405,IML,LS,Uygulamalı İmalat Projesi,,Hacı Abdullah Taşdemir,MKB | ---,,/,,40,1,,IML,,
13343,IML 425E,IML,LS,Comp.Integra.Manufact. (CIM),,--,MKB,Çarşamba,09:30/12:29,---,0,0,,"IML, IMLE, IMLM",,
13344,IML 431,IML,LS,Kalite Mühendisliği,,--,MKB,Salı,08:30/11:29,---,0,0,,IML,,
13345,IML 451,IML,LS,İmalat Makineleri,,--,MKB,Çarşamba,08:30/11:29,---,0,0,,IML,,
13346,IML 401,IML,LS,İmalat Lab I,,Canan Gamze Güleryüz Parasız,MKB | ---,,/,,40,12,,"IML, IMLM",,
13347,MAK 101,MAK,LS,Makina Müh. Giriş ve Etik,,İsmail Yalçın Uralcan,MKB,Çarşamba,13:30/15:29,KS,250,203,,"MAK, MAKM",,
13348,MAK 104E,MAK,LS,Intr to Comp in Mech. Eng (C),,Bülent Bölat,MKB,Pazartesi,08:30/11:29,406,50,16,,"IML, MAK",,
13349,MAK 104E,MAK,LS,Intr to Comp in Mech. Eng (C),,Bülent Bölat,MKB,Salı,08:30/11:29,406,50,7,,"IML, MAK",,
13350,MAK 104E,MAK,LS,Intr to Comp in Mech. Eng (C),,Hülya Yalçın,MKB,Çarşamba,08:30/11:29,406,50,47,,"IML, MAK",,
13351,MAK 104E,MAK,LS,Intr to Comp in Mech. Eng (C),,Kubilay Yay,MKB,Perşembe,08:30/11:29,406,50,50,,"IML, MAK",,
13352,MAK 104E,MAK,LS,Intr to Comp in Mech. Eng (C),,Atakan Altınkaynak,MKB,Cuma,08:30/11:29,406,50,23,,"IML, MAK",,
13353,MAK 105,MAK,LS,Makine Tasarımına Giriş,,--,"MKB
MKB | ---
---",Salı | Perşembe,08:30/10:29 | 08:30/11:29,,0,0,,"IML, MAK",,
13354,MAK 105,MAK,LS,Makine Tasarımına Giriş,,--,"MKB
MKB | ---
---",Salı | Perşembe,08:30/10:29 | 08:30/11:29,,0,0,,"IML, MAK",,
13355,MAK 105,MAK,LS,Makine Tasarımına Giriş,,--,"MKB
MKB | ---
---",Salı | Perşembe,08:30/10:29 | 08:30/11:29,,0,0,,"IML, MAK",,
13356,MAK 105,MAK,LS,Makine Tasarımına Giriş,,--,"MKB
MKB | ---
---",Çarşamba | Cuma,08:30/10:29 | 08:30/11:29,,0,0,,"IML, MAK",,
13357,MAK 110E,MAK,LS,Comput.Aided Technical Drawing,,Atakan Altınkaynak,MKB,Çarşamba,08:30/12:29,409,60,15,,"IML, MAK, MKN",,
13358,MAK 110E,MAK,LS,Comput.Aided Technical Drawing,,Ali İmre Aydeniz,MKB,Perşembe,08:30/12:29,409,60,24,,"IML, MAK, MKN",,
13359,MAK 110E,MAK,LS,Comput.Aided Technical Drawing,,Erkan Günpınar,MKB,Cuma,08:30/12:29,409,60,37,,"IML, MAK, MKN",,
13360,MAK 114,MAK,LS,Lineer Cebir ve Uygulamaları,,Sinem Öztürk,"MKB
MKB | A501
A501",Salı | Perşembe,10:30/12:29 | 15:30/16:29,,120,75,,"IML, MAK",,
13361,MAK 118,MAK,LS,Statik,,Ali İmre Aydeniz,"MKB
MKB | R362
R362",Salı | Perşembe,13:30/15:29 | 16:30/17:29,,60,45,,"MAK, MKN",,
13362,MAK 118,MAK,LS,Statik,,Sevinç Ayşe Zaloğlu,"MKB
MKB | R358
R358",Salı | Perşembe,13:30/15:29 | 16:30/17:29,,60,58,,"MAK, MKN",,
13363,MAK 200,MAK,LS,Atölye,,--,MKB | ---,,/,,0,0,,"IML, MAK",,
13364,MAK 200,MAK,LS,Atölye,,Yusuf Ziya Kocabal,MKB | ---,,/,,60,46,,"IML, MAK",,
13365,MAK 202E,MAK,LS,Numerical Meth.for Mech. Eng.,,Alper Tolga Çalık,"MKB
MKB | D317
D317",Pazartesi | Perşembe,08:30/10:29 | 12:30/13:29,,60,60,,"IML, MAK",,
13366,MAK 202E,MAK,LS,Numerical Meth.for Mech. Eng.,,Sertaç Çadırcı,"MKB
MKB | D357
D357",Pazartesi | Perşembe,08:30/10:29 | 12:30/13:29,,60,47,,"IML, MAK",,
13367,MAK 210E,MAK,LS,Engineering Mathematics,,Hakan Öksüzoğlu,"MKB
MKB | R354
R354",Çarşamba | Perşembe,13:30/15:29 | 13:30/15:29,,60,60,,"IML, IMLE, MAK, MAKE",,
13368,MAK 210E,MAK,LS,Engineering Mathematics,,Umut Şahin,"MKB
MKB | R358
R358",Çarşamba | Perşembe,13:30/15:29 | 13:30/15:29,,60,51,,"IML, IMLE, MAK, MAKE",,
13369,MAK 210E,MAK,LS,Engineering Mathematics,,Adem Candaş,"MKB
MKB | R362
R362",Çarşamba | Perşembe,13:30/15:29 | 13:30/15:29,,60,60,,"IML, IMLE, MAK, MAKE",,
13370,MAK 211E,MAK,LS,Probability and Statistics,,Hakan Öksüzoğlu,MKB,Salı,09:30/12:29,D317,80,15,,"IML, MAK",,
13371,MAK 213,MAK,LS,Malzeme Bilimi,,Levent Trabzon,"MKB
MKB | D318
D318",Pazartesi | Cuma,15:30/17:29 | 15:30/17:29,,100,98,,"IML, MAK",,
13372,MAK 213,MAK,LS,Malzeme Bilimi,,Celaletdin Ergun,"MKB
MKB | A201
A201",Pazartesi | Cuma,15:30/17:29 | 15:30/17:29,,100,100,,"IML, MAK",,
13373,MAK 215,MAK,LS,Termodinamik I,,Ayşegül Abuşoğlu,"MKB
MKB | A363
A363",Salı | Cuma,15:30/17:29 | 14:30/15:29,,80,61,,MAK,,
13374,MAK 215,MAK,LS,Termodinamik I,,Mustafa Özdemir,"MKB
MKB | A101
A101",Salı | Cuma,15:30/17:29 | 14:30/15:29,,80,80,,MAK,,
13375,MAK 215,MAK,LS,Termodinamik I,,Yakup Erhan Böke,"MKB
MKB | A201
A201",Salı | Cuma,15:30/17:29 | 14:30/15:29,,80,89,,MAK,,
13376,MAK 217,MAK,LS,Dinamik,,Ata Muğan,"MKB
MKB | D318
D318",Pazartesi | Cuma,13:30/15:29 | 10:30/12:29,,90,92,,"MAK, MAKM, MKN",,
13377,MAK 217,MAK,LS,Dinamik,,Mehmet Salih Dokuz,"MKB
MKB | A201
A201",Pazartesi | Cuma,13:30/15:29 | 10:30/12:29,,90,79,,"MAK, MAKM, MKN",,
13378,MAK 219,MAK,LS,Mukavemet I,,Emin Sünbüloğlu,"MKB
MKB | A101
A101",Salı | Perşembe,13:30/15:29 | 15:30/17:29,,60,60,,"MAK, MKN",,
13379,MAK 219,MAK,LS,Mukavemet I,,Süreyya Ergün Bozdağ,"MKB
MKB | A201
A201",Salı | Perşembe,13:30/15:29 | 15:30/17:29,,60,27,,"MAK, MKN",,
13380,MAK 219,MAK,LS,Mukavemet I,,Ekrem Tüfekci,"MKB
MKB | A363
A363",Salı | Perşembe,13:30/15:29 | 15:30/17:29,,60,60,,"MAK, MKN",,
13381,MAK 220,MAK,LS,Mukavemet II,,Adil Yücel,"MKB
MKB | D318
D318",Salı | Perşembe,13:30/15:29 | 15:30/17:29,,120,116,,"MAK, MKN",,
13382,MUK 205,MUK,LS,Mukavemet,,Oğuz Altay,"MKB
MKB | ---
---",Perşembe | Cuma,08:30/11:29 | 10:30/12:29,,40,3,,"IML, MAK, MAKM, MKN",,
13384,MAK 224E,MAK,LS,Engineering Materials,,Ali Gökşenli,MKB,Cuma,15:30/17:29,D368A,40,30,,"IML, MAK",,
13385,MAK 224E,MAK,LS,Engineering Materials,,Ersan Üstündağ,MKB,Cuma,15:30/17:29,D368B,40,40,,"IML, MAK",,
13386,MAK 226,MAK,LS,Termodinamik II,,Ersin Sayar,"MKB
MKB | D318
D318",Salı | Cuma,12:30/13:29 | 08:30/10:29,,80,78,,MAK,,
13387,MAK 226,MAK,LS,Termodinamik II,,Mustafa Özdemir,"MKB
MKB | A101
A101",Salı | Cuma,12:30/13:29 | 08:30/10:29,,80,83,,MAK,,
13388,MAK 228,MAK,LS,Akışkanlar Mekaniği I,,Hasan Güneş,"MKB
MKB | A201
D368A",Pazartesi | Çarşamba,10:30/12:29 | 11:30/12:29,,60,60,,"MAK, MAKM",,
13389,MAK 228,MAK,LS,Akışkanlar Mekaniği I,,Tahsin Engin,"MKB
MKB | D318
D368B",Pazartesi | Çarşamba,10:30/12:29 | 11:30/12:29,,60,62,,"MAK, MAKM",,
13390,MAK 229,MAK,LS,Akışkanlar Mekaniği II,,Erkan Ayder,"MKB
MKB | A101
D318",Pazartesi | Çarşamba,10:30/12:29 | 09:30/10:29,,60,59,,MAK,,
13391,MAK 229,MAK,LS,Akışkanlar Mekaniği II,,Kadir Kırkköprü,"MKB
MKB | A363
A363",Pazartesi | Çarşamba,10:30/12:29 | 09:30/10:29,,60,60,,MAK,,
13392,MAK 229,MAK,LS,Akışkanlar Mekaniği II,,Levent Ali Kavurmacıoğlu,"MKB
MKB | D317
D317",Pazartesi | Çarşamba,10:30/12:29 | 09:30/10:29,,60,31,,MAK,,
13393,MAK 230E,MAK,LS,Alg.Dev.& Comp.App.with Python,,Mustafa Resa Becan,MKB,Salı,08:30/11:29,404,40,18,,"IML, MAK",,
13394,MAK 230E,MAK,LS,Alg.Dev.& Comp.App.with Python,,Barış Doğru,MKB,Çarşamba,08:30/11:29,404,40,21,,"IML, MAK",,
13395,MAK 312,MAK,LS,Ölçme Değerlendirme,,Mustafa Resa Becan,"MKB
MKB | R354
R354",Salı | Cuma,15:30/17:29 | 14:30/16:29,,50,49,,"IML, MAK, MAKM, MKN",,
13396,MAK 312,MAK,LS,Ölçme Değerlendirme,,Ayhan Kural,"MKB
MKB | R358
R358",Salı | Cuma,15:30/17:29 | 14:30/16:29,,50,45,,"IML, MAK, MAKM, MKN",,
13397,MAK 313,MAK,LS,Isı Geçişi,,Bayram Şahin,"MKB
MKB | A201
A201",Pazartesi | Çarşamba,08:30/10:29 | 10:30/12:29,,80,79,,"MAK, MAKM",,
13398,MAK 313,MAK,LS,Isı Geçişi,,Ali İhsan Koca,"MKB
MKB | D318
D318",Pazartesi | Çarşamba,08:30/10:29 | 10:30/12:29,,80,64,,"MAK, MAKM",,
13399,MAK 315,MAK,LS,Mekanik Titreşimler,,Haluk Erol,"MKB
MKB | A363
A363",Pazartesi | Çarşamba,13:30/15:29 | 08:30/09:29,,90,86,,"IML, MAK, MAKM, MKN",,
13400,MAK 315,MAK,LS,Mekanik Titreşimler,,Osman Taha Şen,"MKB
MKB | D368A
D368A",Pazartesi | Çarşamba,13:30/15:29 | 08:30/09:29,,80,80,,"IML, MAK, MAKM, MKN",,
13401,MAK 315,MAK,LS,Mekanik Titreşimler,,Vahit Mermertaş,"MKB
MKB | D317
D317",Pazartesi | Çarşamba,13:30/15:29 | 08:30/09:29,,80,79,,"IML, MAK, MAKM, MKN",,
13402,MAK 324,MAK,LS,Makina Teorisi,,Erdinç Altuğ,"MKB
MKB | D368A
D368A",Salı | Perşembe,14:30/15:29 | 13:30/15:29,,90,75,,"MAK, MAKM, MKN",,
13403,MAK 324,MAK,LS,Makina Teorisi,,Sinem Öztürk,"MKB
MKB | D331
D331",Salı | Perşembe,14:30/15:29 | 13:30/15:29,,90,90,,"MAK, MAKM, MKN",,
13404,MAK 333,MAK,LS,Sistem Dinamiği ve Kontrol,,Hülya Yalçın,"MKB
MKB | D317
D317",Çarşamba | Cuma,13:30/15:29 | 08:30/10:29,,60,2,,"IML, MAK",,
13405,MAK 333,MAK,LS,Sistem Dinamiği ve Kontrol,,Merve Acer,"MKB
MKB | A501
A501",Çarşamba | Cuma,13:30/15:29 | 08:30/10:29,,60,48,,"IML, MAK",,
13406,MAK 333,MAK,LS,Sistem Dinamiği ve Kontrol,,Senem Kurşun Bahadır,"MKB
MKB | A363
A363",Çarşamba | Cuma,13:30/15:29 | 08:30/10:29,,60,66,,"IML, MAK",,
13407,MAK 339,MAK,LS,Makina Elemanları I,,İbrahim Mehmet Palabıyık,"MKB
MKB | D318
D318",Salı | Perşembe,08:30/11:29 | 10:30/12:29,,75,55,,"MAK, MAKM, MKN",,
13408,MAK 339,MAK,LS,Makina Elemanları I,,Vedat Temiz,"MKB
MKB | A363
A363",Salı | Perşembe,08:30/11:29 | 10:30/12:29,,75,76,,"MAK, MAKM, MKN",,
13409,MAK 339,MAK,LS,Makina Elemanları I,,Zeynep Parlar,"MKB
MKB | D355
D355",Salı | Perşembe,08:30/11:29 | 10:30/12:29,,75,75,,"MAK, MAKM, MKN",,
13410,MAK 342,MAK,LS,Makina Elemanları II,,"Cemal Baykara, Atakan Altınkaynak","MKB
MKB | A201
A201",Salı | Perşembe,10:30/12:29 | 10:30/12:29,,80,80,,"MAK, MAKM, MKN",,
13411,MAK 342,MAK,LS,Makina Elemanları II,,Hikmet Kocabaş,"MKB
MKB | A101
A101",Salı | Perşembe,10:30/12:29 | 10:30/12:29,,80,78,,"MAK, MAKM, MKN",,
13412,MAK 353,MAK,LS,İmal Usulleri,,"Turgut Gülmez, Şafak Yılmaz","MKB
MKB | D317
D317",Perşembe | Cuma,08:30/10:29 | 10:30/12:29,,100,85,,"MAK, MAKM",,
13413,MAK 353,MAK,LS,İmal Usulleri,,"Murat Vural, Ali Gökşenli","MKB
MKB | D368A
D368A",Perşembe | Cuma,08:30/10:29 | 10:30/12:29,,100,99,,"MAK, MAKM",,
13414,MAK 380,MAK,LS,Isı ve Kütle Değiştiriciler,,Ersin Sayar,"MKB
MKB | D374
D374",Salı | Cuma,13:30/14:29 | 10:30/12:29,,60,45,,MAK,,
13415,MAK 390,MAK,LS,Uygulamalı Isı Geçişi,,Mustafa Özdemir,"MKB
MKB | D361B
D361B",Salı | Cuma,13:30/14:29 | 10:30/12:29,,60,11,,MAK,,
13416,MAK 403,MAK,LS,Uygulamalı Makina Projesi,,Hacı Abdullah Taşdemir,MKB | ---,,/,,20,1,,MAK,,
13417,MAK 405,MAK,LS,Mak. Müh. Yenilikçi Tas. Yönt.,,"Vedat Temiz, Zeynep Parlar, İbrahim Mehmet Palabıyık","MKB
MKB | A501
A501",Salı | Perşembe,13:30/15:29 | 12:30/13:29,,150,127,,"IML, MAK",,
13418,MAK 401,MAK,LS,Makina Mühendisliği Lab. I,,İsmail Yalçın Uralcan,MKB | ---,,/,,30,2,,MAK,,
13419,MAK 402,MAK,LS,Makina Mühendisliği Lab. II,,İsmail Yalçın Uralcan,MKB | ---,,/,,30,1,,MAK,,
13420,MAK 404E,MAK,LS,Mechanical Engineering Lab.,,İsmail Yalçın Uralcan,MKB | ---,,/,,200,108,,"MAK, MSS",,
13421,MAK 492,MAK,LS,Bitirme Tasarım Projesi,,Adil Yücel,MKB | ---,,/,,200,10,,MAK,,
13422,MAK 492E,MAK,LS,Senior Design Project,,Adil Yücel,MKB | ---,,/,,200,0,,"MAK, MAKE",,
13423,MAK 4901,MAK,LS,Makina Müh. Tasarımı I,,Adil Yücel,MKB | ---,,/,,200,94,,MAK,,
13424,MAK 4901E,MAK,LS,Mechanical Eng. Design I,,Adil Yücel,MKB | ---,,/,,200,1,,"MAK, MSS",,
13425,MAK 4902,MAK,LS,Makina Müh. Tasarımı II,,Adil Yücel,MKB | ---,,/,,200,46,,MAK,,
13426,MAK 4902E,MAK,LS,Mechanical Eng. Design II,,Adil Yücel,MKB | ---,,/,,200,5,,"MAK, MSS",,
13427,MAK 4027E,MAK,LS,Turbomachinery,,Murat Çakan,"MKB
MKB | D351
D351",Pazartesi | Perşembe,15:30/17:29 | 13:30/14:29,,60,60,,"MAK, MAKE, MSS",,
13428,MAK 4029,MAK,LS,İleri Akışkanlar Mekaniği,,Levent Ali Kavurmacıoğlu,"MKB
MKB | D357
D357",Pazartesi | Perşembe,15:30/17:29 | 13:30/14:29,,50,9,,MAK,,
13429,MAK 4034,MAK,LS,Kaynaklı Tasarım ve İmalat,,Murat Vural,"MKB
MKB | D355
D355",Pazartesi | Perşembe,15:30/17:29 | 13:30/14:29,,50,12,,"IML, MAK",,
13430,MAK 4006E,MAK,LS,Alternative Fuels for IC Eng.,,"Osman Akın Kutlar, Alper Tolga Çalık","MOB
MOB | ---
---",Pazartesi | Perşembe,15:30/17:29 | 13:30/14:29,,50,20,,"MAK, MAKE, MSS",,
13431,MAK 4004,MAK,LS,Komp. Malz. Mekaniğine Giriş,,Süreyya Ergün Bozdağ,"MKB
MKB | D351
D351",Salı | Perşembe,15:30/17:29 | 14:30/15:29,,50,50,,MAK,,
13432,MAK 4023,MAK,LS,Transport Tekniği,,Cevat Erdem İmrak,"MKB
MKB | D353
D353",Salı | Perşembe,15:30/17:29 | 14:30/15:29,,50,6,,MAK,,
13433,MAK 4067E,MAK,LS,Renewable Energy Systems,,Seyhan Onbaşıoğlu,"MKB
MKB | D355
D355",Salı | Perşembe,15:30/17:29 | 14:30/15:29,,50,21,,"MAK, MAKE, MSS",,
13434,MAK 4078,MAK,LS,Makina Konstrüksiyonları Esas.,,Zeynep Parlar,"MKB
MKB | D357
D357",Salı | Perşembe,15:30/17:29 | 14:30/15:29,,50,7,,MAK,,
13435,MAK 4061,MAK,LS,Egzos Gazları Emisyonu,,"Hikmet Arslan, Barış Doğru","MOB
MOB | ---
---",Salı | Perşembe,15:30/17:29 | 14:30/15:29,,50,2,,MAK,,
13436,MAK 4051,MAK,LS,Taşıtlarda Titreşim ve Gürültü,,Osman Taha Şen,"MOB
MOB | ---
---",Salı | Perşembe,15:30/17:29 | 14:30/15:29,,50,15,,"MAK, MAKM",,
13437,MAK 4032,MAK,LS,Metallerin Plastik Şekillendrl,,Canan Gamze Güleryüz Parasız,"MKB
MKB | D351
D351",Çarşamba | Cuma,13:30/15:29 | 08:30/09:29,,50,28,,"IML, MAK",,
13438,MAK 4065E,MAK,LS,Refrigeration,,Ayşegül Abuşoğlu,"MKB
MKB | D353
D353",Çarşamba | Cuma,13:30/15:29 | 08:30/09:29,,50,12,,"MAK, MAKE, MSS",,
13440,MAK 4053E,MAK,LS,Vehicle Technology,,Özgen Akalın,"MOB
MOB | ---
---",Çarşamba | Cuma,13:30/15:29 | 08:30/09:29,,50,17,,"MAK, MAKE, MSS",,
13441,MAK 4009E,MAK,LS,Elect.& Hybrid Elect. Vehicles,,Osman Taha Şen,"MOB
MOB | ---
---",Çarşamba | Cuma,13:30/15:29 | 08:30/09:29,,60,60,,"MAK, MAKE, MAKM, MSS",,
13442,MAK 4032E,MAK,LS,Metal Forming,,Canan Gamze Güleryüz Parasız,"MKB
MKB | D351
D351",Perşembe | Cuma,15:30/17:29 | 09:30/10:29,,50,5,,"IML, IMLE, MAK, MAKE",,
13443,MAK 4005E,MAK,LS,Mech.Model. in Nanoscale Sys.,,Mesut Kırca,"MKB
MKB | D353
D353",Perşembe | Cuma,15:30/17:29 | 09:30/10:29,,50,13,,"MAK, MAKE, MSS",,
13444,MAK 4019,MAK,LS,Plastik Mlz Konstr. ve İmalat,,İbrahim Mehmet Palabıyık,"MKB
MKB | D355
D355",Perşembe | Cuma,15:30/17:29 | 09:30/10:29,,50,6,,"IML, MAK",,
13445,MAK 4018E,MAK,LS,Quality Control in Manufacturi,,Ali Gökşenli,"MKB
MKB | D357
D357",Perşembe | Cuma,15:30/17:29 | 09:30/10:29,,60,60,,"IML, IMLE, MAK, MAKE",,
13446,MAK 4007E,MAK,LS,Microsystem-MEMS Design,,Levent Trabzon,"MKB
MKB | D359
D359",Perşembe | Cuma,15:30/17:29 | 09:30/10:29,,50,6,,"IML, IMLE, MAK, MAKE, MSS",,
13447,MAK 4066,MAK,LS,Şasi ve Karoseri Tasarımı,,Kubilay Yay,"MOB
MOB | ---
---",Perşembe | Cuma,15:30/17:29 | 09:30/10:29,,50,6,,MAK,,
13449,MAK 4071E,MAK,LS,Introduction to Robotics,,Zeki Yağız Bayraktaroğlu,"MKB
MKB | D381B
D381B",Perşembe | Cuma,15:30/17:29 | 09:30/10:29,,50,22,,"IML, IMLE, MAK, MAKE, MKN, MSS",,
13450,MAK 4033E,MAK,LS,Gas Dynamics,,İlyas Bedii Özdemir,MOB,Cuma,14:30/17:29,---,50,7,,"MAK, MAKE, UZBE",,
13451,MAK 4055E,MAK,LS,Fuel Economy in Road Vehicles,,"Osman Akın Kutlar, Hikmet Arslan",MOB,Cuma,14:30/17:29,---,50,32,,"MAK, MAKE, MSS",,
13452,MEK 205,MEK,LS,Mühendislik Mekaniği,,Hacı Abdullah Taşdemir,MKB,Pazartesi,09:30/12:29,A501,50,25,,"CHZ, END, GID, IML, ISL, JEF, JEO, MAD, MADM, MAKM, PET",,
13453,MEK 205E,MEK,LS,Engineering Mechanics,,Sevinç Ayşe Zaloğlu,MKB,Perşembe,09:30/12:29,A501,50,29,,"CHZ, CHZE, END, ENDE, GID, GIDE, GMI, GMIE, GMIK, IML, IMLE, IND, ISL, ISLE, JEF, JEFE, JEO, JEOE, MAD, MADE, MADM, MEN, PET, PETE, TEKE",,
13454,MEK 207,MEK,LS,Mühendislik Mekaniği,,--,"MKB
MKB | ---
---",Pazartesi | Cuma,09:30/12:29 | 10:30/12:29,,0,0,,"IML, MAKM",,
13455,TER 201E,TER,LS,Thermodynamics,,Turgut Yılmaz,MKB,Çarşamba,10:30/13:29,R358,100,79,,"CEV, CEVE, CHZ, CHZE, DEN, DENE, EHB, EHBE, GEM, GEME, GEMK, ISL, ISLE, JEF, JEO, JEOE, KMM, KMME, KOM, KOME, KON, KONE, MAD, PET, PETE, TEK, TEKE",,
13456,MUK 211E,MUK,LS,Strength of Materials,,Aytaç Arıkoğlu,"UUB
UUB | D214
D214",Pazartesi | Salı,12:30/14:29 | 11:30/13:29,,70,45,,"UCK, UZB, UZBE",,
13457,CEV 315E,CEV,LS,Urban Planning,,Rumeysa Ceylan Çalışkan,INB,Perşembe,15:30/17:29,A103,33,27,,"CEV, CEVE",,
13459,GEO 203E,GEO,LS,Coordinate Sys. and Geodesy I,,Bihter Erol,INB,Cuma,08:30/12:29,B101,50,43,,"GEO, GEOE",,
13460,INS 403E,INS,LS,Earthworks,,Hüseyin Onur Tezcan,INB,Çarşamba,08:30/10:29,B203,60,27,,"AIN, INS, INSE",,
13461,SBP 411,SBP,LS,Proje VII: Kentsel Tasarım,,Aslı Ulubaş Hamurcu,"MMB
MMB | CATI 4
CATI 4",Salı | Cuma,13:30/17:29 | 14:00/17:59,,13,12,,SBP,,
13463,ENT 211E,ENT,LS,Industrial Design Studio,,Eli Bensusan,"MMB
MMB | 3400
3400",Salı | Cuma,13:30/17:29 | 14:00/17:59,,25,26,,"ENTE, EUT, EUTE",,
13464,ENT 233E,ENT,LS,Perspective,,Pelin Öztürk,MMB,Perşembe,13:30/16:29,315,30,30,,"ENTE, ENTM, EUT, EUTE, EUTM",,
13466,MAK 4043,MAK,LS,Yangın Dinamiği ve Güvenliği,,Adnan Midilli,MKB,Cuma,14:30/17:29,D351,60,60,,MAK,,
13467,SBP 218E,SBP,LS,Prj.IV:Spat.Str.Plan.&Pol.Mak.,,Rumeysa Ceylan Çalışkan,"MMB
MMB | 216A
216A",Salı | Cuma,13:30/17:29 | 14:00/17:59,,15,11,,"SBP, SBPE",,
13469,GEO 458E,GEO,LS,City Planning,,Rumeysa Ceylan Çalışkan,INB,Perşembe,08:30/10:29,B101,105,90,,"GEO, GEOE",,
13470,GEO 460E,GEO,LS,Road Design and Construction,,Murat Ergün,INB,Perşembe,10:30/12:29,A303,40,8,,"GEO, GEOE",,
13506,PHY 125,PHY,LS,Physics I,,Sevim İşçi Turutoğlu,MED,Cuma,09:30/12:29,B32,25,22,,"SED, SGI",,
13507,PHY 125L,PHY,LS,Physics I Laboratory,,Sevim İşçi Turutoğlu,FEB,Çarşamba,08:30/10:29,L2F1,25,17,,"SED, SGI",,
13508,ITB 208,ITB,LS,Modern Türkiye'nin Oluşumu,,Mehmet Ali Doğan,MED,Çarşamba,12:30/15:29,B32,30,30,,"BIO, BLG, BST, CAB, CEB, CEV, CHZ, DEN, DUI, EHB, ELE, ELH, ELK, END, EUT, FIZ, GEM, GEO, GID, ICM, INS, ISL, JDF, JEF, JEO, KIM, KMM, KMP, KOM, MAD, MAK, MAT, MET, MIM, MTO, MTR, MUT, MUZ, MZT, PEM, PET, SBP, SES, TEB, TEK, TEL, THO, UCK, UZB",,
13509,INS 462E,INS,LS,Engineering Ethics,,Hüseyin Onur Tezcan,INB,Pazartesi,08:30/09:29,B104,120,120,,"AIN, INS, INSE",,
13510,INS 342,INS,LS,Karayolu Mühendisliği,,Murat Ergün,INB,Cuma,14:00/16:59,B204,73,73,,INS,,
13511,INS 342E,INS,LS,Highway Engineering,,"Abdullah Hilmi Lav, Gözde Bakioğlu Doğanyılmaz",INB,Pazartesi,13:30/16:29,A302,58,58,,"AIN, INS, INSE",,
13512,INS 403E,INS,LS,Earthworks,,Sabahat Topuz Kiremitçi,INB,Çarşamba,08:30/10:29,B201,60,60,,"AIN, INS, INSE",,
13513,INS 339E,INS,LS,Fracture Mechanics of Concrete,,Oğuz Güneş,INB,Pazartesi,08:30/11:29,A302,75,80,,"AIN, INS, INSE",,
13514,INS 343E,INS,LS,Durability of Concrete,,Ünal Anıl Doğan,INB,Cuma,14:30/17:29,A203,75,75,,"AIN, INS, INSE",,
13515,INS 325,INS,LS,Demiryolu Müh.,,Hilmi Berk Çelikoğlu,INB,Pazartesi,12:30/14:29,A105,60,47,,INS,,
13516,INS 325E,INS,LS,Railway Engineering,,Kemal Selçuk Öğüt,INB,Pazartesi,11:30/13:29,B104,85,80,,"AIN, INS, INSE",,
13517,INS 101E,INS,LS,Technical Drawing,,Gözde Bakioğlu Doğanyılmaz,INB,Perşembe,09:30/12:29,D103,63,65,,"INS, INSE",,
13518,INS 230E,INS,LS,Building Materials,,Bekir Yılmaz Pekmezci,INB,Pazartesi,14:30/17:29,D203,50,35,,"INS, INSE",,
13519,INS 230E,INS,LS,Building Materials,,--,INB,Salı,13:30/16:29,---,0,0,,"INS, INSE",,
13520,INS 336,INS,LS,Yapı Statiği II,,Mecit Çelik,"INB
INB | B201
B201",Perşembe | Cuma,10:30/12:29 | 08:30/10:29,,55,63,,INS,,
13521,BLG 212,BLG,LS,Mikroişlemci Sistemleri,,Tamer Ölmez,EEB,Perşembe,13:30/16:29,2106,50,26,,"EHB, ELE, ELH, ELK, KOM",,
13526,ING 112,ING,LS,English I,,Fatma Betül Akpınar,MEDB,Salı,14:30/17:29,Z04,25,25,,"SED, SGI",,
13527,ING 201,ING,LS,English III,,Mehtap İpek Kurt,MEDB,Cuma,08:30/11:29,Z02,25,2,,SED,,
13535,TES 111E,TES,LS,Project I,,--,"MMB
MMB | ---
---",Pazartesi | Perşembe,08:30/12:29 | 08:30/12:29,,650,5,,"ARC, ENTE, EUT, EUTE, IAD, ICM, MIM, MIME, PEM, PEME, SBP, SBPE",,
13536,TES 111E,TES,LS,Project I,,Belkıs Uluoğlu,"MMB
MMB | CATI 3
CATI 3",Pazartesi | Perşembe,08:30/12:29 | 08:30/12:29,,0,25,,"ARC, ENTE, EUT, EUTE, IAD, ICM, MIM, MIME, PEM, PEME, SBP, SBPE",,
13537,TES 111E,TES,LS,Project I,,Mine Özkar Kabakçıoğlu,"MMB
MMB | 203
203",Pazartesi | Perşembe,08:30/12:29 | 08:30/12:29,,0,26,,"ARC, ENTE, EUT, EUTE, IAD, ICM, MIM, MIME, PEM, PEME, SBP, SBPE",,
13538,TES 111E,TES,LS,Project I,,Yüksel Demir,"MMB
MMB | 3400
3400",Pazartesi | Perşembe,08:30/12:29 | 08:30/12:29,,0,24,,"ARC, ENTE, EUT, EUTE, IAD, ICM, MIM, MIME, PEM, PEME, SBP, SBPE",,
13539,TES 111E,TES,LS,Project I,,Derya Güleç Özer,"MMB
MMB | 3400
3400",Pazartesi | Perşembe,08:30/12:29 | 08:30/12:29,,0,29,,"ARC, ENTE, EUT, EUTE, IAD, ICM, MIM, MIME, PEM, PEME, SBP, SBPE",,
13540,TES 111E,TES,LS,Project I,,Sema Alaçam,"MMB
MMB | CATI 2
CATI 2",Pazartesi | Perşembe,08:30/12:29 | 08:30/12:29,,0,25,,"ARC, ENTE, EUT, EUTE, IAD, ICM, MIM, MIME, PEM, PEME, SBP, SBPE",,
13541,TES 111E,TES,LS,Project I,,Sevil Yazıcı,"MMB
MMB | 212
212",Pazartesi | Perşembe,08:30/12:29 | 08:30/12:29,,0,30,,"ARC, ENTE, EUT, EUTE, IAD, ICM, MIM, MIME, PEM, PEME, SBP, SBPE",,
13542,TES 111E,TES,LS,Project I,,İmdat As,"MMB
MMB | 3400
3400",Pazartesi | Perşembe,08:30/12:29 | 08:30/12:29,,0,23,,"ARC, ENTE, EUT, EUTE, IAD, ICM, MIM, MIME, PEM, PEME, SBP, SBPE",,
13543,TES 111E,TES,LS,Project I,,Ayşe Meltem Baslo,"MMB
MMB | CATI 1
CATI 1",Pazartesi | Perşembe,08:30/12:29 | 08:30/12:29,,0,26,,"ARC, ENTE, EUT, EUTE, IAD, ICM, MIM, MIME, PEM, PEME, SBP, SBPE",,
13544,TES 111E,TES,LS,Project I,,Hakan Tong,"MMB
MMB | CATI 2
CATI 2",Pazartesi | Perşembe,08:30/12:29 | 08:30/12:29,,0,26,,"ARC, ENTE, EUT, EUTE, IAD, ICM, MIM, MIME, PEM, PEME, SBP, SBPE",,
13545,TES 111E,TES,LS,Project I,,Aliye Ahu Gülümser,"MMB
MMB | 3400
3400",Pazartesi | Perşembe,08:30/12:29 | 08:30/12:29,,0,23,,"ARC, ENTE, EUT, EUTE, IAD, ICM, MIM, MIME, PEM, PEME, SBP, SBPE",,
13546,TES 111E,TES,LS,Project I,,Zeynep Günay,"MMB
MMB | 3400
3400",Pazartesi | Perşembe,08:30/12:29 | 08:30/12:29,,0,29,,"ARC, ENTE, EUT, EUTE, IAD, ICM, MIM, MIME, PEM, PEME, SBP, SBPE",,
13547,TES 111E,TES,LS,Project I,,Hasan Serdar Kaya,"MMB
MMB | CATI 5
CATI 5",Pazartesi | Perşembe,08:30/12:29 | 08:30/12:29,,0,26,,"ARC, ENTE, EUT, EUTE, IAD, ICM, MIM, MIME, PEM, PEME, SBP, SBPE",,
13548,TES 111E,TES,LS,Project I,,Başak Demireş Özkul,"MMB
MMB | CATI 1
CATI 1",Pazartesi | Perşembe,08:30/12:29 | 08:30/12:29,,0,26,,"ARC, ENTE, EUT, EUTE, IAD, ICM, MIM, MIME, PEM, PEME, SBP, SBPE",,
13549,TES 111E,TES,LS,Project I,,İmge Akçakaya Waite,"MMB
MMB | 3400
3400",Pazartesi | Perşembe,08:30/12:29 | 08:30/12:29,,0,29,,"ARC, ENTE, EUT, EUTE, IAD, ICM, MIM, MIME, PEM, PEME, SBP, SBPE",,
13550,TES 111E,TES,LS,Project I,,Aslı Ulubaş Hamurcu,"MMB
MMB | CATI 1
CATI 1",Pazartesi | Perşembe,08:30/12:29 | 08:30/12:29,,0,26,,"ARC, ENTE, EUT, EUTE, IAD, ICM, MIM, MIME, PEM, PEME, SBP, SBPE",,
13551,TES 111E,TES,LS,Project I,,Aysun Ateş Akdeniz,"MMB
MMB | 203
203",Pazartesi | Perşembe,08:30/12:29 | 08:30/12:29,,0,26,,"ARC, ENTE, EUT, EUTE, IAD, ICM, MIM, MIME, PEM, PEME, SBP, SBPE",,
13552,TES 111E,TES,LS,Project I,,Demet Günal Ertaş,"MMB
MMB | 214
214",Pazartesi | Perşembe,08:30/12:29 | 08:30/12:29,,0,31,,"ARC, ENTE, EUT, EUTE, IAD, ICM, MIM, MIME, PEM, PEME, SBP, SBPE",,
13553,TES 111E,TES,LS,Project I,,Ethem Gürer,"MMB
MMB | 203
203",Pazartesi | Perşembe,08:30/12:29 | 08:30/12:29,,0,25,,"ARC, ENTE, EUT, EUTE, IAD, ICM, MIM, MIME, PEM, PEME, SBP, SBPE",,
13554,TES 111E,TES,LS,Project I,,Ahmet Erdem Tozoğlu,"MMB
MMB | 214
214",Pazartesi | Perşembe,08:30/12:29 | 08:30/12:29,,0,29,,"ARC, ENTE, EUT, EUTE, IAD, ICM, MIM, MIME, PEM, PEME, SBP, SBPE",,
13555,TES 111E,TES,LS,Project I,,Ahmet Gün,"MMB
MMB | CATI 2
CATI 2",Pazartesi | Perşembe,08:30/12:29 | 08:30/12:29,,0,26,,"ARC, ENTE, EUT, EUTE, IAD, ICM, MIM, MIME, PEM, PEME, SBP, SBPE",,
13556,TES 111E,TES,LS,Project I,,Elif Kısar Koramaz,"MMB
MMB | CATI 4
CATI 4",Pazartesi | Perşembe,08:30/12:29 | 08:30/12:29,,0,26,,"ARC, ENTE, EUT, EUTE, IAD, ICM, MIM, MIME, PEM, PEME, SBP, SBPE",,
13557,TES 111E,TES,LS,Project I,,Ayşegül Akçay Kavakoğlu,"MMB
MMB | 3400
3400",Pazartesi | Perşembe,08:30/12:29 | 08:30/12:29,,0,28,,"ARC, ENTE, EUT, EUTE, IAD, ICM, MIM, MIME, PEM, PEME, SBP, SBPE",,
13558,TES 111E,TES,LS,Project I,,Ikhwan Kim,"MMB
MMB | 3400
3400",Pazartesi | Perşembe,08:30/12:29 | 08:30/12:29,,0,23,,"ARC, ENTE, EUT, EUTE, IAD, ICM, MIM, MIME, PEM, PEME, SBP, SBPE",,
13559,TES 112E,TES,LS,Vis.Comm.I:Visualiz.&Tch.Drw.,,--,MMB,Cuma,08:30/12:29,---,650,6,,"ARC, ENTE, EUT, EUTE, IAD, ICM, MIM, MIME, PEM, PEME, SBP, SBPE",,
13560,TES 112E,TES,LS,Vis.Comm.I:Visualiz.&Tch.Drw.,,Derya Güleç Özer,MMB,Cuma,08:30/12:29,3400,10,39,,"ARC, ENTE, EUT, EUTE, IAD, ICM, MIM, MIME, PEM, PEME, SBP, SBPE",,
13561,TES 112E,TES,LS,Vis.Comm.I:Visualiz.&Tch.Drw.,,Michael Stefan Bitterman,MMB,Cuma,08:30/12:29,212,0,28,,"ARC, ENTE, EUT, EUTE, IAD, ICM, MIM, MIME, PEM, PEME, SBP, SBPE",,
13562,TES 112E,TES,LS,Vis.Comm.I:Visualiz.&Tch.Drw.,,Sema Alaçam,MMB,Cuma,08:30/12:29,CATI 2,0,38,,"ARC, ENTE, EUT, EUTE, IAD, ICM, MIM, MIME, PEM, PEME, SBP, SBPE",,
13563,TES 112E,TES,LS,Vis.Comm.I:Visualiz.&Tch.Drw.,,İmdat As,MMB,Cuma,08:30/12:29,3400,0,45,,"ARC, ENTE, EUT, EUTE, IAD, ICM, MIM, MIME, PEM, PEME, SBP, SBPE",,
13564,TES 112E,TES,LS,Vis.Comm.I:Visualiz.&Tch.Drw.,,Ayşe Meltem Baslo,MMB,Cuma,08:30/12:29,CATI 1,0,28,,"ARC, ENTE, EUT, EUTE, IAD, ICM, MIM, MIME, PEM, PEME, SBP, SBPE",,
13565,TES 112E,TES,LS,Vis.Comm.I:Visualiz.&Tch.Drw.,,Bihter Almaç,MMB,Cuma,08:30/12:29,3400,0,39,,"ARC, ENTE, EUT, EUTE, IAD, ICM, MIM, MIME, PEM, PEME, SBP, SBPE",,
13566,TES 112E,TES,LS,Vis.Comm.I:Visualiz.&Tch.Drw.,,Hakan Tong,MMB,Cuma,08:30/12:29,CATI 2,0,39,,"ARC, ENTE, EUT, EUTE, IAD, ICM, MIM, MIME, PEM, PEME, SBP, SBPE",,
13567,TES 112E,TES,LS,Vis.Comm.I:Visualiz.&Tch.Drw.,,Hakan Tüzün Şengün,MMB,Cuma,08:30/12:29,CATI 3,0,39,,"ARC, ENTE, EUT, EUTE, IAD, ICM, MIM, MIME, PEM, PEME, SBP, SBPE",,
13568,TES 112E,TES,LS,Vis.Comm.I:Visualiz.&Tch.Drw.,,Hasan Serdar Kaya,MMB,Cuma,08:30/12:29,CATI 5,0,38,,"ARC, ENTE, EUT, EUTE, IAD, ICM, MIM, MIME, PEM, PEME, SBP, SBPE",,
13569,TES 112E,TES,LS,Vis.Comm.I:Visualiz.&Tch.Drw.,,Başak Demireş Özkul,MMB,Cuma,08:30/12:29,CATI 1,0,29,,"ARC, ENTE, EUT, EUTE, IAD, ICM, MIM, MIME, PEM, PEME, SBP, SBPE",,
13570,TES 112E,TES,LS,Vis.Comm.I:Visualiz.&Tch.Drw.,,Eren Kürkçüoğlu,MMB,Cuma,08:30/12:29,CATI 1,0,29,,"ARC, ENTE, EUT, EUTE, IAD, ICM, MIM, MIME, PEM, PEME, SBP, SBPE",,
13571,TES 112E,TES,LS,Vis.Comm.I:Visualiz.&Tch.Drw.,,Aysun Ateş Akdeniz,MMB,Cuma,08:30/12:29,203,0,39,,"ARC, ENTE, EUT, EUTE, IAD, ICM, MIM, MIME, PEM, PEME, SBP, SBPE",,
13572,TES 112E,TES,LS,Vis.Comm.I:Visualiz.&Tch.Drw.,,Demet Günal Ertaş,MMB,Cuma,08:30/12:29,214,0,31,,"ARC, ENTE, EUT, EUTE, IAD, ICM, MIM, MIME, PEM, PEME, SBP, SBPE",,
13573,TES 112E,TES,LS,Vis.Comm.I:Visualiz.&Tch.Drw.,,Ethem Gürer,MMB,Cuma,08:30/12:29,203,0,39,,"ARC, ENTE, EUT, EUTE, IAD, ICM, MIM, MIME, PEM, PEME, SBP, SBPE",,
13574,TES 112E,TES,LS,Vis.Comm.I:Visualiz.&Tch.Drw.,,Ahmet Erdem Tozoğlu,MMB,Cuma,08:30/12:29,214,0,30,,"ARC, ENTE, EUT, EUTE, IAD, ICM, MIM, MIME, PEM, PEME, SBP, SBPE",,
13575,TES 112E,TES,LS,Vis.Comm.I:Visualiz.&Tch.Drw.,,Ayşegül Akçay Kavakoğlu,MMB,Cuma,08:30/12:29,3400,0,39,,"ARC, ENTE, EUT, EUTE, IAD, ICM, MIM, MIME, PEM, PEME, SBP, SBPE",,
13576,TES 112E,TES,LS,Vis.Comm.I:Visualiz.&Tch.Drw.,,Ikhwan Kim,MMB,Cuma,08:30/12:29,3400,0,45,,"ARC, ENTE, EUT, EUTE, IAD, ICM, MIM, MIME, PEM, PEME, SBP, SBPE",,
13577,TES 113E,TES,LS,Basic Design and Visual Arts,,--,MMB,Çarşamba,08:30/12:29,---,650,4,,"ARC, ENTE, EUT, EUTE, IAD, ICM, MIM, MIME, PEM, PEME, SBP, SBPE",,
13578,TES 113E,TES,LS,Basic Design and Visual Arts,,Mine Özkar Kabakçıoğlu,MMB,Çarşamba,08:30/12:29,203,0,42,,"ARC, ENTE, EUT, EUTE, IAD, ICM, MIM, MIME, PEM, PEME, SBP, SBPE",,
13579,TES 113E,TES,LS,Basic Design and Visual Arts,,Yüksel Demir,MMB,Çarşamba,08:30/12:29,3400,0,44,,"ARC, ENTE, EUT, EUTE, IAD, ICM, MIM, MIME, PEM, PEME, SBP, SBPE",,
13580,TES 113E,TES,LS,Basic Design and Visual Arts,,Oğuz Haşlakoğlu,MMB,Çarşamba,08:30/12:29,3400,0,56,,"ARC, ENTE, EUT, EUTE, IAD, ICM, MIM, MIME, PEM, PEME, SBP, SBPE",,
13581,TES 113E,TES,LS,Basic Design and Visual Arts,,Ayşe Meltem Baslo,MMB,Çarşamba,08:30/12:29,CATI 1,0,41,,"ARC, ENTE, EUT, EUTE, IAD, ICM, MIM, MIME, PEM, PEME, SBP, SBPE",,
13582,TES 113E,TES,LS,Basic Design and Visual Arts,,Hakan Tong,MMB,Çarşamba,08:30/12:29,CATI 2,0,41,,"ARC, ENTE, EUT, EUTE, IAD, ICM, MIM, MIME, PEM, PEME, SBP, SBPE",,
13583,TES 113E,TES,LS,Basic Design and Visual Arts,,Hakan Tüzün Şengün,MMB,Çarşamba,08:30/12:29,CATI 3,0,40,,"ARC, ENTE, EUT, EUTE, IAD, ICM, MIM, MIME, PEM, PEME, SBP, SBPE",,
13584,TES 113E,TES,LS,Basic Design and Visual Arts,,Eren Kürkçüoğlu,MMB,Çarşamba,08:30/12:29,CATI 1,0,41,,"ARC, ENTE, EUT, EUTE, IAD, ICM, MIM, MIME, PEM, PEME, SBP, SBPE",,
13585,TES 113E,TES,LS,Basic Design and Visual Arts,,Demet Günal Ertaş,MMB,Çarşamba,08:30/12:29,214,0,43,,"ARC, ENTE, EUT, EUTE, IAD, ICM, MIM, MIME, PEM, PEME, SBP, SBPE",,
13586,TES 113E,TES,LS,Basic Design and Visual Arts,,Ahmet Erdem Tozoğlu,MMB,Çarşamba,08:30/12:29,212,0,41,,"ARC, ENTE, EUT, EUTE, IAD, ICM, MIM, MIME, PEM, PEME, SBP, SBPE",,
13587,TES 113E,TES,LS,Basic Design and Visual Arts,,Ahmet Gün,MMB,Çarşamba,08:30/12:29,CATI 2,0,40,,"ARC, ENTE, EUT, EUTE, IAD, ICM, MIM, MIME, PEM, PEME, SBP, SBPE",,
13588,TES 113E,TES,LS,Basic Design and Visual Arts,,Elif Kısar Koramaz,MMB,Çarşamba,08:30/12:29,CATI 4,0,41,,"ARC, ENTE, EUT, EUTE, IAD, ICM, MIM, MIME, PEM, PEME, SBP, SBPE",,
13589,TES 113E,TES,LS,Basic Design and Visual Arts,,Elif Lutfiye Kutay Karaçor,MMB,Çarşamba,08:30/12:29,3400,0,44,,"ARC, ENTE, EUT, EUTE, IAD, ICM, MIM, MIME, PEM, PEME, SBP, SBPE",,
13590,TES 113E,TES,LS,Basic Design and Visual Arts,,Meliha Sözeri,MMB,Çarşamba,08:30/12:29,203,0,40,,"ARC, ENTE, EUT, EUTE, IAD, ICM, MIM, MIME, PEM, PEME, SBP, SBPE",,
13591,TES 113E,TES,LS,Basic Design and Visual Arts,,Mehmet Güler,MMB,Çarşamba,08:30/12:29,3400,0,55,,"ARC, ENTE, EUT, EUTE, IAD, ICM, MIM, MIME, PEM, PEME, SBP, SBPE",,
13592,RES 107E,RES,LS,Technical Drawing,,Sena Duru,MKB,Pazartesi,13:30/16:29,409,40,10,,"END, ENDE, FIZ, GID, GIDE, ISL, ISLE, KMM, KMME, MET, METE, PETE, TEK, TEKE",,
13593,RES 107E,RES,LS,Technical Drawing,,Sena Duru,MKB,Salı,13:30/16:29,409,65,66,,"END, ENDE, FIZ, GID, GIDE, ISL, ISLE, KMM, KMME, MET, METE, PETE, TEK, TEKE",,
13594,BIL 113E,BIL,LS,Intr.to Sci& Eng.Comp.(MATLAB),,İlkay Özsev Yüksek,,Salı,08:30/11:29,,40,21,,"TEK, TEKE",,
13595,MAK 4047E,MAK,LS,Dynamic Systms Modelling & Sim,,Zeki Yağız Bayraktaroğlu,"MKB
MKB | D355
D355",Çarşamba | Cuma,13:30/15:29 | 08:30/09:29,,50,16,,"MAK, MAKE, MSS",,
13596,MAK 4056,MAK,LS,Kontrol Sistemleri Tasarımı,,Merve Acer,MKB,Cuma,14:30/17:29,D353,50,39,,"IML, MAK, MAKM, MKN",,
13597,MIM 306E,MIM,LS,Urbanism and Planning Law,,Rumeysa Ceylan Çalışkan,MMB,Pazartesi,08:30/12:29,3402,18,17,,"ARC, MIM, MIME",,
13598,ING 100,ING,LS,EAP Through Global Goals,,Sibel Dursun,,Pazartesi,08:30/11:29,,24,24,,"BIOE, BLG, BLGE, CEV, CEVE, CHZ, DEN, ECNE, EHB, EHBE, ELK, ELKE, END, ENDE, ENTE, FIZ, GEM, GEO, GEOE, GID, ICM, INS, INSE, ISL, ISLE, JEF, JEO, KIM, KMM, KOM, KOME, MAD, MAK, MAT, MET, METE, MIM, MIME, MTO, PEME, PETE, SAO, SBP, SBPE, TEKE, UCK, UZBE, YZVE",,
13599,ING 100,ING,LS,EAP Through Global Goals,,Sibel Dursun,,Çarşamba,08:30/11:29,,22,6,,"ARC, CEN, EEE, EFN, IAD, IND, MEN, MMD, MTM, NAE",,
13600,MET 455E,MET,LS,Materials Processing Lab.,,"Faiz Muhaffel, Bihter Zeytuncu Gökoğlu, Billur Deniz Karahan, Cevat Bora Derin, Cüneyt Arslan, Hüseyin Kızıl, Hüseyin Çimenoğlu, Kübra Onbaşlı, Mehmet Şeref Sönmez, Murat Baydoğan, Necip Ünlü, Onuralp Yücel",KMB,Salı,09:30/11:29,ML1,80,70,,METE,,
13601,TEK 113E,TEK,LS,Intr.to Textile Eng. & Ethics,,Nevin Çiğdem Gürsoy,MKB,Pazartesi,14:30/16:29,D331,100,84,,"TEK, TEKE",,
13602,ETK 101E,ETK,LS,Engineering Ethics,,--,MKB,Çarşamba,13:30/14:29,---,0,0,,"CHZ, CHZE, EHB, EHBE, EHN, IML, IMLE, JEF, JEFE, JEO, JEOE, KOM, KOME, KON, KONE, MAD, MADE, MAK, MAKE, MTO, MTOE, PET, PETE, SEH, TEK, TEKE",,
13603,TEK 116E,TEK,LS,Fiber Science,,İkilem Göcek,MKB,Pazartesi,13:30/16:29,D380B,35,8,,TEKE,,
13604,TEK 213E,TEK,LS,Textile Chemistry,,Pelin Altay,MKB,Salı,08:30/11:29,D361A,40,26,,"TEK, TEKE, TEKM",,
13605,TEK 213E,TEK,LS,Textile Chemistry,,Berdan Kalav,MKB,Perşembe,13:30/16:29,D361A,40,42,,"TEK, TEKE, TEKM",,
13606,TEK 233E,TEK,LS,Introduction to Yarn Spinning,,"Fatma Banu Nergis, Yeşim Beceren",MKB,Çarşamba,08:30/11:29,D381A,45,27,,"TEK, TEKE, TEKM",,
13607,TEK 233E,TEK,LS,Introduction to Yarn Spinning,,Nazan Okur,MKB,Pazartesi,08:30/11:29,D368B,45,41,,"TEK, TEKE, TEKM",,
13608,TEK 234E,TEK,LS,Weaving Preparation,,İlkay Özsev Yüksek,MKB,Salı,13:30/16:29,D359,30,18,,"TEKE, TEKM",,
13609,TEK 254E,TEK,LS,Knitting Technology,,Sena Duru,MKB,Salı,08:30/11:29,D357,30,21,,"TEKE, TEKM",,
13610,MEK 205E,MEK,LS,Engineering Mechanics,,Özgür Atalay,MKB,Cuma,08:30/11:29,D378,50,32,,"CHZ, CHZE, END, ENDE, GID, GIDE, GMI, GMIE, GMIK, IML, IMLE, IND, ISL, ISLE, JEF, JEFE, JEO, JEOE, MAD, MADE, MEN, PET, PETE, TEK, TEKE",,
13611,MEK 205E,MEK,LS,Engineering Mechanics,,Ali Kılıç,MKB,Pazartesi,13:30/16:29,D361B,50,42,,"CHZ, CHZE, END, ENDE, GID, GIDE, GMI, GMIE, GMIK, IML, IMLE, IND, ISL, ISLE, JEF, JEFE, JEO, JEOE, MAD, MADE, MEN, PET, PETE, TEK, TEKE",,
13612,MAL 201E,MAL,LS,Materials Science,,"Alper Gürarslan, Özlem İpek Kalaoğlu Altan",MKB,Perşembe,09:30/12:29,D360,50,31,,"DEN, DENE, EEE, EHB, EHBE, ELK, ELKE, GEM, KOM, KOME, TEK, TEKE",,
13613,MAL 201E,MAL,LS,Materials Science,,"Alper Gürarslan, Özlem İpek Kalaoğlu Altan",MKB,Cuma,09:30/12:29,D360,50,42,,"DEN, DENE, EEE, EHB, EHBE, ELK, ELKE, GEM, KOM, KOME, TEK, TEKE",,
13614,MAT 210E,MAT,LS,Engineering Mathematics,,Hande Sezgin,"MKB
MKB | D359
D359",Çarşamba | Perşembe,11:30/13:29 | 08:30/10:29,,65,50,,"TEK, TEKE",,
13615,MAT 271E,MAT,LS,Probability and Statistics,,Nazan Okur,MKB,Pazartesi,13:30/16:29,D380A,50,38,,"AIN, BIO, BIOE, BLG, BLGE, CEN, CEV, CEVE, CHZ, CHZE, DEN, DENE, DUI, EHB, EHBE, EHN, ELE, ELH, ELK, ELKE, ENTE, EUT, EUTE, FIZ, FIZE, GEM, GEME, GEMK, GEO, GEOE, GID, GIDE, GMI, GMIE, GMIK, IML, IMLE, INS, INSE, JEF, JEFE, JEO, JEOE, KMM, KMME, KOM, KOME, KON, KONE, MAD, MADE, MAK, MAKE, MEN, MET, METE, MMD, MTM, MTO, MTOE, NAE, PET, PETE, SBP, SBPE, SEH, TEK, TEKE, TEL, UCK, UCKE, UZB, UZBE",,
13616,MAT 271E,MAT,LS,Probability and Statistics,,Canan Sarıçam,MKB,Cuma,14:00/16:59,D360,50,50,,"AIN, BIO, BIOE, BLG, BLGE, CEN, CEV, CEVE, CHZ, CHZE, DEN, DENE, DUI, EHB, EHBE, EHN, ELE, ELH, ELK, ELKE, ENTE, EUT, EUTE, FIZ, FIZE, GEM, GEME, GEMK, GEO, GEOE, GID, GIDE, GMI, GMIE, GMIK, IML, IMLE, INS, INSE, JEF, JEFE, JEO, JEOE, KMM, KMME, KOM, KOME, KON, KONE, MAD, MADE, MAK, MAKE, MEN, MET, METE, MMD, MTM, MTO, MTOE, NAE, PET, PETE, SBP, SBPE, SEH, TEK, TEKE, TEL, UCK, UCKE, UZB, UZBE",,
13617,TEK 303E,TEK,LS,Textile and Fashion Marketing,,Canan Sarıçam,MKB,Salı,10:30/12:29,D351,65,54,,TEKE,,
13618,MUK 207E,MUK,LS,Strength of Materials,,Şule Selçuk,MKB,Cuma,08:30/11:29,D376,50,32,,"CHZ, CHZE, IML, IMLE, TEK, TEKE",,
13619,TEK 307E,TEK,LS,Textile and Garment Testing,,"İlkay Özsev Yüksek, Nevin Çiğdem Gürsoy",MKB,Pazartesi,11:30/14:29,D355,45,33,,TEKE,,
13620,TEK 307E,TEK,LS,Textile and Garment Testing,,"Hale Karakaş, Nevin Çiğdem Gürsoy",MKB,Pazartesi,08:30/11:29,D355,45,51,,TEKE,,
13621,TEK 309E,TEK,LS,Machine Elements,,--,MKB,Perşembe,08:30/11:29,---,0,0,,TEKE,,
13622,TEK 309E,TEK,LS,Machine Elements,,İpek Yalçın Eniş,MKB,Perşembe,14:30/17:29,D360,50,58,,TEKE,,
13624,TEK 345E,TEK,LS,Clothing Technology,,Fatma Kalaoğlu,MKB,Cuma,14:00/16:59,D357,45,42,,"TEK, TEKE, TEKM",,
13625,TEK 345E,TEK,LS,Clothing Technology,,Selin Hanife Eryürük,MKB,Salı,13:30/16:29,D360,45,42,,"TEK, TEKE, TEKM",,
13626,TEK 361E,TEK,LS,Mechanisms,,--,MKB,Cuma,08:30/11:29,---,0,0,,"IML, IMLE, TEK, TEKE",,
13627,TEK 361E,TEK,LS,Mechanisms,,Şule Selçuk,MKB,Pazartesi,08:30/11:29,D351,60,58,,"IML, IMLE, TEK, TEKE",,
13628,TEK 455E,TEK,LS,Non-Woven Fabrics,,--,MKB,Çarşamba,08:30/11:29,---,0,0,,"TEK, TEKE",,
13629,TEK 455E,TEK,LS,Non-Woven Fabrics,,--,MKB,Cuma,08:30/11:29,---,0,0,,"TEK, TEKE",,
13630,TEK 413E,TEK,LS,Fabric Design,,Burçak Karagüzel Kayaoğlu,MKB,Perşembe,09:30/12:29,D361B,45,39,,"TEK, TEKE, TEKM",,
13631,TEK 413E,TEK,LS,Fabric Design,,Ömer Berk Berkalp,MKB,Pazartesi,13:30/16:29,D381A,41,48,,"TEK, TEKE, TEKM",,
13632,TEK 417E,TEK,LS,Technical Yarns,,Fatma Banu Nergis,MKB,Perşembe,08:30/11:29,D381A,30,7,,"TEK, TEKE",,
13633,TEK 441E,TEK,LS,Yarn Production Calculations,,--,MKB,Salı,08:30/11:29,---,0,0,,"TEK, TEKE",,
13634,TEK 447E,TEK,LS,Ecological Textiles,,Berdan Kalav,MKB,Salı,13:30/16:29,D380B,30,21,,"TEK, TEKE",,
13635,TEK 451E,TEK,LS,Textile Prod.Management &Cntrl,,Canan Sarıçam,MKB,Salı,13:30/16:29,D368B,40,36,,"TEK, TEKE",,
13636,TEK 452E,TEK,LS,Knitting Technology II,,Sena Duru,MKB,Pazartesi,08:30/11:29,D380A,30,14,,"TEK, TEKE",,
13637,TEK 453E,TEK,LS,Synthetic &Textured Yarn Prod.,,Ali Demir,MKB,Salı,08:30/11:29,D374,30,35,,"TEK, TEKE",,
13638,TEK 456E,TEK,LS,Textile Finishing Auxiliaries,,Umut Kıvanç Şahin,MKB,Çarşamba,12:30/15:29,D331,30,17,,"TEK, TEKE",,
13639,TEK 457E,TEK,LS,Pre-treatment Processes,,Berdan Kalav,MKB,Cuma,14:00/16:59,D378,30,15,,"TEK, TEKE",,
13640,TEK 459E,TEK,LS,Garment Pattern Making inAppar,,Belgin Görgün,MKB,Pazartesi,08:30/11:29,D380B,30,14,,"TEK, TEKE",,
13641,TEK 483E,TEK,LS,Motion and Time Study,,Hande Sezgin,MKB,Cuma,14:00/16:59,D380A,30,4,,"TEK, TEKE",,
13642,TEK 485E,TEK,LS,Cost Accounting,,--,MKB,Pazartesi,13:30/16:29,---,0,0,,TEKE,,
13643,TEK 492E,TEK,LS,Senior Design Project,,Nevin Çiğdem Gürsoy,MKB | ---,,/,,500,1,,"TEK, TEKE",,
13644,TEK 4901E,TEK,LS,Textile Engineering Design I,,Nevin Çiğdem Gürsoy,MKB | ---,,/,,500,74,,TEKE,,
13645,TEK 4902E,TEK,LS,Textile Engineering Design II,,Nevin Çiğdem Gürsoy,MKB | ---,,/,,500,7,,TEKE,,
13646,PAZ 101,PAZ,LS,Fundamentals of Textiles,,Alper Gürarslan,MKB,Pazartesi,12:30/16:29,D381B,40,14,,STP,,
13647,PAZ 121,PAZ,LS,Intr. to Fashion Industry,,Belgin Görgün,MKB,Salı,08:30/11:29,D360,40,14,,STP,,
13648,PAZ 103,PAZ,LS,The Hist.ofTextile Trade&Tech.,,Şükriye Yüksel Filiz,MKB,Çarşamba,13:30/15:29,D380A,40,14,,STP,,
13649,PAZ 213,PAZ,LS,CAD&Design Fun.for Prn.Textil.,,Umut Kıvanç Şahin,MKB,Cuma,14:30/17:29,D376,40,14,,STP,,
13650,PAZ 207,PAZ,LS,Fabrics for Interiors,,"Canan Sarıçam, Belgin Görgün",MKB,Çarşamba,13:30/15:29,D360,40,6,,STP,,
13651,PAZ 209,PAZ,LS,Fab. for Private Label Apparel,,"Burçak Karagüzel Kayaoğlu, Cevza Candan",MKB,Perşembe,13:30/17:29,D381A,40,6,,STP,,
13652,PAZ 302,PAZ,LS,Hi Tech Textiles,,"Ömer Berk Berkalp, Burçak Karagüzel Kayaoğlu",MKB,Cuma,14:30/17:29,D381A,40,6,,STP,,
13653,PAZ 381,PAZ,LS,Principles of Accounting,,Kaya Tokmakçıoğlu,MKB,Salı,13:30/16:29,D381A,40,6,,STP,,
13654,MOD 133,MOD,LS,Materials & Construction I,,Gizem Turan,MKB,Salı,13:30/17:29,455,30,27,,SMT,,
13655,MOD 113,MOD,LS,Visual Design Concepts I,,Şükriye Yüksel Filiz,MKB,Perşembe,08:30/12:29,451,30,25,,SMT,,
13656,MOD 143,MOD,LS,Digital Design Studio,,Rüveyde Oder,"MKB
MKB | 459
453",Salı | Cuma,09:30/12:29 | 09:30/12:29,,30,27,,SMT,,
13657,MOD 152,MOD,LS,Fundam. of Textiles for FD,,"Alper Gürarslan, Şükriye Yüksel Filiz",MKB,Pazartesi,08:30/12:29,451,30,27,,SMT,,
13658,LAT 161,LAT,LS,English Composition,,Meryem Simge Çengel Avcu,MKB,Çarşamba,09:30/12:29,YDRAP,30,48,,"SMT, STP",,
13659,LAT 173,LAT,LS,Hist.of Art&Civ.:Renais.to Md,,Şükriye Yüksel Filiz,MKB,Pazartesi,13:30/16:29,451,30,29,,SMT,,
13660,MOD 117,MOD,LS,Design Studio I - Int.Draping,,Şükriye Yüksel Filiz,MKB,Perşembe,13:30/17:29,453,30,27,,SMT,,
13661,MOD 243,MOD,LS,Appr.Desg.Studio-Patternmaking,,Belgin Görgün,"MKB
MKB | 453
453",Pazartesi | Çarşamba,13:30/16:29 | 09:30/12:29,,30,15,,SMT,,
13662,MOD 217,MOD,LS,Desg.StudioIII-Struct. Draping,,Şükriye Yüksel Filiz,"MKB
MKB | 453
459",Salı | Cuma,09:30/12:29 | 09:30/12:29,,30,18,,SMT,,
13663,ENT 371E,ENT,LS,Bio-inspired Design,,--,MMB,Pazartesi,13:30/16:29,---,0,0,,"ENTE, ENTM, EUTE, ICM, PEME",,
13664,MOD 242,MOD,LS,Digital Design:Flats & Floats,,Belgin Görgün,MKB,Salı,13:30/16:29,459,30,15,,SMT,,
13665,LAT 215,LAT,LS,History of Menswear,,Şükriye Yüksel Filiz,MKB,Cuma,14:30/17:29,459,40,20,,SMT,,
13666,LAT 147,LAT,LS,The Forensics of Fiber Analys.,,Hale Karakaş,MKB,Perşembe,13:30/16:29,YDRAP,30,19,,SMT,,
13667,SPA 101,SPA,LS,Spanish I,,Oğuzhan Coşkunlu,MKB,Pazartesi,13:30/16:29,YDRAP,30,22,,"SMT, STP",,
13668,MOD 357,MOD,LS,Intr. to Knitwear Design,,"Cevza Candan, Belgin Görgün","MKB
MKB | D458
D458",Perşembe | Cuma,08:30/12:29 | 10:30/12:29,,30,18,,SMT,,
13669,MOD 359,MOD,LS,Lifestyle Collection Design,,Nihan Topaloğlu,MKB,Salı,13:30/17:29,451,30,20,,SMT,,
13670,MOD 308,MOD,LS,Internship,,Belgin Görgün,"MKB
MKB | YDRAP
YDRAP",Çarşamba | Cuma,15:30/17:29 | 08:30/10:29,,40,19,,SMT,,
13671,MOD 304,MOD,LS,Computerized Pattern Design,,Belgin Görgün,MKB,Perşembe,13:30/16:29,459,30,19,,SMT,,
13672,MOD 317,MOD,LS,Designing with Hi-Tech Fabrics,,"Fatma Banu Nergis, Belgin Görgün",MKB,Cuma,14:30/16:29,YDRAP,40,0,,SMT,,
13673,EUT 325E,EUT,LS,History of Design II,,Gülname Turan,,Perşembe,08:30/11:29,,110,99,,"ENTE, EUTE",,
13674,INS 336E,INS,LS,Theory of Structures II,,--,"INB
INB | ---
---",Perşembe | Cuma,10:30/12:29 | 08:30/10:29,,0,0,,"AIN, INS, INSE",,
13677,CIE 307,CIE,LS,Structural Analysis,,Burcu Güneş,"INB
INB | D202
A201",Salı | Çarşamba,11:30/13:29 | 12:30/15:29,,50,6,,SIN,,
13678,CIE 308,CIE,LS,Engineering Statistics,,Kemal Selçuk Öğüt,INB,Cuma,14:00/16:59,B206,50,5,,SIN,,
13679,CIE 329,CIE,LS,Civil Engineering Materials,,Oğuz Güneş,"INB
INB | B303
D202",Çarşamba | Perşembe,08:30/11:29 | 15:30/17:29,,50,5,,SIN,,
13680,CIE 354,CIE,LS,Fluid Mechanics,,İsmail Duranyıldız,INB,Pazartesi,13:30/16:29,A1,50,6,,"SCE, SIN",,
13684,ITB 094E,ITB,LS,International.Rel.and Globali.,,Merve Çalımlı Akgün,MED,Cuma,14:30/17:29,B31,30,16,,"AIN, BIO, BIOE, BLG, BLGE, BST, CAB, CEB, CEV, CEVE, CHZ, CHZE, DEN, DENE, ECNE, EHB, EHBE, EHS, ELE, ELH, ELK, ELKE, END, ENDE, ENTE, EUT, EUTE, FIZ, FIZE, GEM, GEME, GEO, GEOE, GID, GIDE, ICM, IML, IMLE, INS, INSE, ISL, ISLE, JDF, JEF, JEFE, JEO, JEOE, KIM, KIME, KMM, KMME, KMP, KOM, KOME, MAD, MADE, MAK, MAKE, MAT, MATE, MET, METE, MIM, MIME, MSS, MTO, MTOE, MTR, MUT, MUZ, MUZE, PEM, PEME, PET, PETE, SBP, SBPE, SES, TEB, TEK, TEKE, TEL, THO, UCK, UCKE, UZB, UZBE, YZVE",,
13685,ITB 206E,ITB,LS,Issues in World Politics,,Merve Çalımlı Akgün,MED,Cuma,10:00/12:59,B31,30,30,,"AIN, BIO, BIOE, BLG, BLGE, BST, CAB, CEB, CEV, CEVE, CHZ, CHZE, DEN, DENE, DUI, ECNE, EHB, EHBE, EHS, ELE, ELH, ELK, ELKE, END, ENDE, ENTE, EUT, EUTE, FIZ, FIZE, GEM, GEME, GEO, GEOE, GID, GIDE, ICM, IML, IMLE, INS, INSE, ISL, ISLE, JDF, JEF, JEFE, JEO, JEOE, KIM, KIME, KMM, KMME, KMP, KOM, KOME, MAD, MADE, MAK, MAKE, MAT, MATE, MET, METE, MIM, MIME, MSS, MTO, MTOE, MTR, MUT, MUZ, MUZE, MZT, PEM, PEME, PET, PETE, SBP, SBPE, SES, TEB, TEK, TEKE, TEL, THO, UCK, UCKE, UZB, UZBE, YZVE",,
13691,GEO 315E,GEO,LS,Fund. of Geographic Inf. Sys.,,Muhammed Oğuzhan Mete,INB,Çarşamba,08:30/10:29,B206,52,34,,"GEO, GEOE",,
13692,ELK 307E,ELK,LS,Illumination Techniques,,Cavit Fatih Küçüktezcan,EEB,Salı,12:30/15:29,5204,65,65,,"ELK, ELKE",,
13693,ELK 455E,ELK,LS,Comp.Networks for Pwr Syst.,,Cavit Fatih Küçüktezcan,EEB,Perşembe,08:30/11:29,2106,85,85,,"ELK, ELKE",,
13696,ATA 101,ATA,LS,Atatürk İlk & İnkılap Trh I,,Yusuf Ziya Altıntaş,,Pazartesi,11:30/13:29,,40,29,,"SMT, STP",,
13697,ATA 102,ATA,LS,Atatürk İlk & İnkılap Trh II,,Barış Ertem,,Çarşamba,15:30/17:29,,35,15,,SIS,,
13698,CIE 305,CIE,LS,Fundamentals of Geomatics,,Himmet Karaman,"INB
INB | A103
B204",Salı | Perşembe,08:30/11:29 | 10:30/12:29,,50,5,,SIN,,
13699,BIL 113E,BIL,LS,Intr.to Sci& Eng.Comp.(MATLAB),,Ata Bilgili,DZB,Pazartesi,08:30/11:29,---,38,35,,"GMI, GMIE",,
13701,MRE 371,MRE,LS,Engine Room Simulator I,,İsmail Çiçek,DZB,Pazartesi,08:30/13:29,---,10,1,,SGM,,
13703,MRE 463,MRE,LS,Marine Engineering Materials,,--,DZB,Pazartesi,08:30/11:29,---,0,0,,SGM,,
13704,GMI 486E,GMI,LS,Shipping Finance,,Sinan Çakır,DZB,Pazartesi,09:30/11:29,---,40,40,,"GMI, GMIE",,
13705,MRE 313,MRE,LS,Numerical Analysis&Comp.Prog.,,Ata Bilgili,DZB,Pazartesi,13:30/17:29,---,10,1,,SGM,,
13707,TER 201E,TER,LS,Thermodynamics,,Hamza Salih Erden,MDB,Cuma,08:30/11:29,A103,100,99,,"CEV, CEVE, CHZ, CHZE, DEN, DENE, EHB, EHBE, GEM, GEME, GEMK, ISL, ISLE, JEF, JEO, JEOE, KMM, KMME, KOM, KOME, KON, KONE, MAD, PET, PETE, TEKE",,
13709,MRE 453,MRE,LS,Ship Sys.V:Mar.Auxl. Mach. III,,--,DZB,Pazartesi,13:30/17:29,---,0,0,,SGM,,
13710,GMI 488E,GMI,LS,Surveying Procedures,,Cengiz Deniz,DZB,Pazartesi,15:30/17:29,---,36,36,,GMI,,
13711,ING 112,ING,LS,English I,,Gamze Moran,EEB,Çarşamba,08:30/11:29,5204,25,13,,"EHN, SGI",,
13712,MRE 361,MRE,LS,Naval Arch.&Ship Construction,,Hakan Demirel,DZB,Salı,08:30/11:29,---,10,1,,SGM,,
13713,MRE 387,MRE,LS,Hydraulic & Pneumatic Syst,,--,DZB,Salı,08:30/11:29,---,0,0,,SGM,,
13714,TUR 102,TUR,LS,Türk Dili II,,--,DZB,Pazartesi,14:30/16:29,---,0,0,,"SDU, SGM",,
13715,CMP 111,CMP,LS,Intr.to Engineering and Comput,,Gazi Koçak,DZB,Salı,13:30/17:29,---,10,2,,SGM,,
13716,MRE 381,MRE,LS,Engineering Economics,,Kadir Çiçek,DZB,Salı,13:30/17:29,---,5,0,,SGM,,
13717,GMI 352,GMI,LS,Isı Geçişi,,Çağlar Karatuğ,DZB,Çarşamba,08:30/11:29,---,66,66,,GMI,,
13718,MRE 311,MRE,LS,Marine Electronics,,Gazi Koçak,DZB,Çarşamba,08:30/12:29,---,10,1,,SGM,,
13719,MRE 101,MRE,LS,Maritime Eng. Drawing and Des,,Burak Zincir,DZB,Çarşamba,08:30/12:29,---,10,2,,SGM,,
13720,MRE 471,MRE,LS,Automatic Control Systems,,--,DZB,Çarşamba,08:30/11:29,---,0,0,,SGM,,
13721,DFH 202,DFH,LS,Gemilerde Acil Durum. Müdahale,,Sinan Çakır,DZB,Çarşamba,11:30/13:29,---,60,50,,GMI,,
13722,MRE 383,MRE,LS,Ship Management,,--,DZB,Çarşamba,12:30/15:29,---,0,0,,SGM,,
13723,MRE 342,MRE,LS,Maritime Conventions,,Fırat Bolat,DZB,Çarşamba,12:30/15:29,---,10,1,,SGM,,
13724,MRE 107,MRE,LS,English for Eng. Officers,,Müjgan Özenir,DZB,Çarşamba,13:30/15:29,---,10,2,,SGM,,
13725,MRE 105,MRE,LS,Professional Studies,,Yalçın Durmuşoğlu,DZB,Perşembe,08:30/12:29,---,10,2,,SGM,,
13726,MRE 321,MRE,LS,Fluid Mechanics,,Ata Bilgili,DZB,Perşembe,08:30/11:29,---,10,1,,SGM,,
13727,MRE 443,MRE,LS,Ship Sys.IV:Mar. Disl Eng.II,,--,DZB,Perşembe,08:30/12:29,---,0,0,,SGM,,
13728,GMI 481E,GMI,LS,Marine Insurance,,Sinan Çakır,DZB,Perşembe,10:30/12:29,---,34,33,,"GMI, GMIE",,
13729,BLG 440E,BLG,LS,Computer Project II,,Mehmet Keskinöz,"EEB
EEB | Z2
Z2",Salı | Çarşamba,10:30/11:29 | 10:30/12:29,,80,6,,"BLG, BLGE",,
13730,BLG 317E,BLG,LS,Database Systems,,Yaşar Erenler,MEDB,Çarşamba,08:30/11:29,Z01,120,96,,"BLG, BLGE, CEN, YZVE",,
13731,MRE 343,MRE,LS,Ship Sys.III:Mar. Disl Eng.I,,Burak Zincir,DZB,Perşembe,13:30/17:29,---,10,1,,SGM,,
13732,GMI 471E,GMI,LS,Refrigeration and HVAC Systems,,Gazi Koçak,DZB,Perşembe,13:30/15:29,---,60,9,,"GMI, GMIE",,
13733,TUR 101,TUR,LS,Türk Dili I,,Sinan Çakır,DZB,Perşembe,15:30/17:29,---,10,3,,"SDU, SGM",,
13734,MRE 432,MRE,LS,Maritime Law,,--,DZB,Cuma,14:00/16:59,---,0,0,,SGM,,
13735,MEK 205E,MEK,LS,Engineering Mechanics,,Tayfun Uyanık,DZB,Cuma,14:00/16:59,---,50,17,,"CHZ, CHZE, END, ENDE, GID, GIDE, GMI, GMIE, GMIK, IML, IMLE, IND, ISL, ISLE, JEF, JEFE, JEO, JEOE, MAD, MADE, MEN, PET, PETE, TEKE",,
13736,MRE 330,MRE,LS,Long Term Sea Training,,Ata Bilgili,DZB | ---,,/,,200,0,,SGM,,
13737,MRE 492,MRE,LS,Design Project,,Ata Bilgili,DZB | ---,,/,,10,1,,SGM,,
13748,TUR 121,TUR,LS,Türk Dili I,,Sinan Çakır,DZB,Salı,13:30/15:29,---,50,11,,"MEN, MTM",,
13749,DFH 203E,DFH,LS,Basic Swimming Skills,,Hakan Çap,DZB,Salı,10:30/12:29,---,60,56,,MTM,,
13750,DUI 103E,DUI,LS,Seamanship,,Orhan Gönel,DZB,Çarşamba,08:30/12:29,---,60,59,,"MMD, MTM",,
13751,DFH 113E,DFH,LS,Maritime Safety I,,Hakan Çap,DZB,Cuma,08:30/12:29,---,55,55,,"MEN, MTM",,
13752,DFH 113E,DFH,LS,Maritime Safety I,,Hakan Çap,DZB,Cuma,14:00/17:59,---,55,53,,"MEN, MTM",,
13753,GMI 114E,GMI,LS,Materials Scie.&Manufact.Mth.,,Yasin Arslanoğlu,DZB,Çarşamba,13:30/15:29,---,60,43,,"MEN, NAE",,
13754,GMI 118E,GMI,LS,Intr. to Marine Eng.& Ethics,,Burak Zincir,DZB,Pazartesi,12:30/15:29,---,72,40,,MEN,,
13755,DUI 113E,DUI,LS,Int.toMarit.Trnsp.Mng.Eng.&Eth,,Selim Aksoy,DZB,Pazartesi,11:30/13:29,---,65,56,,MTM,,
13756,DUI 231E,DUI,LS,Marine Communication,,Alaaddin Yıldıray Ertaş,DZB,Perşembe,13:30/15:29,---,50,30,,MTM,,
13757,DUI 251E,DUI,LS,Meteorology,,Ayşe Nak,DZB,Çarşamba,08:30/11:29,---,60,36,,MTM,,
13758,DUI 215E,DUI,LS,Terrestrial Navigation,,Tuba Keçeci,DZB,Salı,08:30/11:29,---,50,41,,MTM,,
13759,DUI 213E,DUI,LS,Ship Constrct.and Stability,,Ahmet Bilici,DZB,Perşembe,08:30/11:29,---,50,17,,MTM,,
13760,DFH 222E,DFH,LS,Maritime English II,,Seda Çınar Alabay,DZB,Pazartesi,14:30/16:29,---,60,26,,MTM,,
13761,DUI 202E,DUI,LS,Electronic Navigation,,Serdar Kum,DZB,Cuma,08:30/11:29,---,60,32,,MTM,,
13762,MAT 210E,MAT,LS,Engineering Mathematics,,Sabire Cömert,"DZB
DZB | ---
---",Salı | Perşembe,13:30/15:29 | 12:30/14:29,,60,11,,"CEN, MEN, MTM, NAE",,
13763,BIL 113E,BIL,LS,Intr.to Sci& Eng.Comp.(MATLAB),,Ata Bilgili,DZB,Çarşamba,12:30/15:29,---,75,63,,"EFN, MEN, MTM",,
13764,MEK 205E,MEK,LS,Engineering Mechanics,,Banu Tansel Büyükçelebi,DZB,Perşembe,18:30/21:29,---,60,30,,"CHZ, CHZE, END, ENDE, GID, GIDE, GMI, GMIE, GMIK, IML, IMLE, IND, ISL, ISLE, JEF, JEFE, JEO, JEOE, MAD, MADE, MEN, MTM, PET, PETE, TEKE",,
13765,DFH 201E,DFH,LS,Basic Swimming Skills,,Hakan Çap,DZB,Salı,15:30/17:29,---,60,15,,MEN,,
13766,GMI 206E,GMI,LS,Mechanical Workshop,,Çağlar Karatuğ,DZB,Pazartesi,08:30/11:29,---,60,22,,MEN,,
13767,DFH 202E,DFH,LS,Ship Emergency Response,,Orhan Gönel,DZB,Pazartesi,11:30/13:29,---,60,5,,"MEN, MTM",,
13768,PHY 127,PHY,LS,Physics,,Seda Aksoy Esinoğlu,MED,Salı,13:30/16:29,B29,45,18,,SBL,,
13769,PHY 127L,PHY,LS,Physics Lab,,Seda Aksoy Esinoğlu,FEB,Çarşamba,13:30/15:29,---,45,16,,SBL,,
13770,GMI 320E,GMI,LS,Naval Architecture&Stability,,Ahmet Bilici,DZB,Perşembe,13:30/15:29,---,50,23,,MEN,,
13771,ING 100,ING,LS,EAP Through Global Goals,,Sibel Dursun,,Cuma,18:30/21:29,,3500,2110,,"ARC, BIOE, BLG, BLGE, CEN, CEV, CEVE, CHZ, DEN, ECNE, EEE, EFN, EHB, EHBE, ELK, ELKE, END, ENDE, ENTE, FIZ, GEM, GEO, GEOE, GID, IAD, ICM, IND, INS, INSE, ISL, ISLE, JEF, JEO, KIM, KMM, KOM, KOME, MAD, MAK, MAT, MET, METE, MIM, MIME, MMD, MTO, NAE, PEME, PETE, SAO, SBP, SBPE, TEKE, UCK, UZBE, YZVE",,
13772,ULP 101,ULP,LS,NewBeg.Fresh.Sem.&Serv to L. I,,--,MED,Pazartesi,18:30/20:29,---,200,119,,"MBI, MCB, SBL, SCE, SDU, SEK, SEN, SGM, SIN, SIS, SMT, STP",,
13773,GMI 254E,GMI,LS,Marine Auxiliary Machinery I,,Kemal Demirel,DZB,Pazartesi,14:30/17:29,---,60,21,,MEN,,
13774,ULP 101,ULP,LS,NewBeg.Fresh.Sem.&Serv to L. I,,--,DZB,Pazartesi,18:30/20:29,---,100,8,,"MBI, MCB, SBL, SCE, SDU, SEK, SEN, SGM, SIN, SIS, SMT, STP",,
13775,ESL 101,ESL,LS,English I,,Gamze Moran,MED,Perşembe,09:30/12:29,A34,35,31,,"SEK, SIS",,
13776,DAN 101,DAN,LS,Akademik Danışmanlık,,Berna Morova,FEB,Çarşamba,15:30/17:29,---,10,4,,"FIZ, FIZE",,
13778,GEM 101,GEM,LS,Gemi İnş.&Gem.Mak.Müh.Gir.&Etk,,Erdem Üçer,GDB,Çarşamba,13:30/15:29,410,140,95,,"GEM, SORM",,
13779,DAN 101,DAN,LS,Akademik Danışmanlık,,Selma Ergin,GDB,Çarşamba,15:30/17:29,---,100,5,,GEM,,
13780,GEM 201E,GEM,LS,Dynamics,,Mustafa Erden Yıldızdağ,"GDB
GDB | 410
D304",Çarşamba | Perşembe,10:30/12:29 | 10:30/12:29,,50,48,,GEM,,
13781,GEM 201E,GEM,LS,Dynamics,,Bahadır Uğurlu,"GDB
GDB | ---
D401",Çarşamba | Perşembe,10:30/12:29 | 10:30/12:29,,50,42,,GEM,,
13782,GEM 203,GEM,LS,Mukavemet I,,Bahadır Uğurlu,"GDB
GDB | 410
R403",Pazartesi | Salı,14:30/16:29 | 14:30/16:29,,55,34,,GEM,,
13783,GEM 203,GEM,LS,Mukavemet I,,Fuzuli Ağrı Akçay,"GDB
GDB | D401
410",Pazartesi | Salı,14:30/16:29 | 14:30/16:29,,55,55,,GEM,,
13784,GEM 205,GEM,LS,Malzeme ve Imal Usulleri,,Gökhan Tansel Tayyar,GDB,Pazartesi,10:30/13:29,D401,120,113,,GEM,,
13785,GEM 210E,GEM,LS,Engineering Mathematics,,Devrim Bülent Danışman,"GDB
GDB | 410
410",Pazartesi | Çarşamba,08:30/10:29 | 08:30/10:29,,120,72,,"GEM, GEME",,
13786,MAT 202,MAT,LS,Sayısal Yöntemler,,Barış Barlas,"GDB
GDB | R403
R403",Salı | Perşembe,12:30/14:29 | 09:30/10:29,,45,45,,"CEV, CHZ, DEN, EHB, ELE, ELH, ELK, GEM, GEO, GID, IML, INS, ISL, JEF, JEO, KOM, KON, MAD, MAK, MET, PET, TEK, TEL",,
13787,MAT 202,MAT,LS,Sayısal Yöntemler,,İsmail Yalçın,"GDB
GDB | 410
D304",Salı | Perşembe,12:30/14:29 | 09:30/10:29,,45,27,,"CEV, CHZ, DEN, EHB, ELE, ELH, ELK, GEM, GEO, GID, IML, INS, ISL, JEF, JEO, KOM, KON, MAD, MAK, MET, PET, TEK, TEL",,
13788,GEM 313,GEM,LS,Gemi Makinaları,,"Murat Emre Demir, Halil Saraçoğlu","GDB
GDB | 409
409",Perşembe | Cuma,13:30/15:29 | 10:30/12:29,,35,29,,"GEM, GEMM",,
13789,GEM 313,GEM,LS,Gemi Makinaları,,"Oğuz Salim Söğüt, Ahmet Ergün Palaz","GDB
GDB | D401
D401",Perşembe | Cuma,13:30/15:29 | 10:30/12:29,,35,35,,"GEM, GEMM",,
13790,GEM 321E,GEM,LS,Ship Theory,,Metin Taylan,"GDB
GDB | D401
D401",Salı | Cuma,08:30/10:29 | 08:30/10:29,,80,73,,"GEM, GEME, GEMK",,
13791,GEM 322,GEM,LS,Gemi Mukavemeti,,Ertekin Bayraktarkatal,"GDB
GDB | D401
D401",Salı | Çarşamba,10:30/12:29 | 13:30/15:29,,50,41,,"GEM, GEMM",,
13792,GEM 325,GEM,LS,Gemi Yapı Elemanları,,Yalçın Ünsan,"GDB
GDB | R403
R403",Salı | Çarşamba,10:30/12:29 | 13:30/15:29,,70,50,,"GEM, GEMM",,
13793,GEM 327E,GEM,LS,Ship Hydrodynamics(Resistance),,"Uğur Oral Ünal, Ömer Gören",GDB,Perşembe,15:30/17:29,D401,85,77,,"GEM, GEMM",,
13794,GEM 329,GEM,LS,Deniz ve İş Hukuku,,Hasan Murat Demirkıran,GDB,Cuma,14:00/15:59,409,110,78,,GEM,,
13795,GEM 331,GEM,LS,Gemi Işletmeciliği,,Erdem Üçer,GDB,Perşembe,08:30/10:29,D401,80,58,,"GEM, GEMM",,
13796,GEM 407E,GEM,LS,Methods of Ship Production,,Gökhan Tansel Tayyar,GDB,Pazartesi,14:30/17:29,409,75,56,,"DEN, DENE, GEM, GEME, GEMK",,
13797,GEM 409,GEM,LS,Gemi Titreşimleri,,Ahmet Ergin,GDB,Pazartesi,10:30/13:29,410,75,67,,GEM,,
13798,GEM 421,GEM,LS,Gemi Hareket ve Manevraları,,"Ömer Gören, Şakir Bal","GDB
GDB | D401
D401",Pazartesi | Çarşamba,08:30/10:29 | 08:30/10:29,,90,43,,"GEM, GEMM",,
13799,GEM 4901,GEM,LS,Gemi İnş.&Gemi Mak. Müh.Tas.I,,"Gökhan Tansel Tayyar, Devrim Bülent Danışman, Emin Korkut, Ertekin Bayraktarkatal, Metin Taylan, Oğuz Salim Söğüt, Selma Ergin, Yalçın Ünsan, Ömer Gören, İsmail Yalçın","GDB
GDB | R403
R403",Çarşamba | Perşembe,10:30/13:29 | 10:30/13:29,,70,62,,GEM,,
13800,GEM 411E,GEM,LS,Ship Design Project I,,--,GDB,Çarşamba,10:30/12:29,---,0,0,,"GEME, GEMK",,
13801,GEM 423E,GEM,LS,Advanced Propulsion Systems,,Ali Can Takinacı,GDB,Salı,15:30/17:29,D407,30,19,,"GEM, GEME, GEMK",,
13802,GEM 425E,GEM,LS,Finite Elem.Anl.of MarineStrc.,,Mustafa Erden Yıldızdağ,GDB,Salı,15:30/17:29,D309,30,12,,"DEN, DENE, GEM, GEME, GEMK",,
13803,GEM 427,GEM,LS,Makina Dairesi Dizayn Prensipl,,Osman Azmi Özsoysal,GDB,Salı,13:30/15:29,D304,30,22,,GEM,,
13804,GEM 445,GEM,LS,Gemi Boru Donanımları,,Osman Azmi Özsoysal,GDB,Salı,15:30/17:29,D304,35,35,,GEM,,
13805,GEM 453E,GEM,LS,Automatic Control of Ships,,"Oğuz Salim Söğüt, Ahmet Ergün Palaz",GDB,Salı,12:30/15:29,D309,40,38,,"GEM, GEME, GEMK",,
13806,GEM 482,GEM,LS,Bireysel Bitirme Projesi,,Selma Ergin,GDB | ---,,/,,100,22,,GEM,,
13807,GEM 492,GEM,LS,Bitirme Tasarım Projesi,,Selma Ergin,GDB | ---,,/,,100,1,,GEM,,
13808,GEM 492E,GEM,LS,Graduation Design Project,,Selma Ergin,GDB | ---,,/,,100,0,,"GEM, GEME, GEMK",,
13809,SGI 101,SGI,LS,Int.to Nav.Arch.&Mar.Eng.&Eth.,,Erdem Üçer,GDB,Cuma,14:00/15:59,---,10,6,,SGI,,
13810,SGI 102,SGI,LS,Intr.to Prog.Language(PYTHON),,Bilge Tutak,GDB,Perşembe,13:30/16:29,---,10,6,,SGI,,
13811,SGI 208,SGI,LS,Numerical Methods,,Mustafa Erden Yıldızdağ,GDB,Cuma,09:30/12:29,---,10,0,,SGI,,
13812,SGI 210,SGI,LS,Engineering Mathematics,,Mustafa Erden Yıldızdağ,"GDB
GDB | ---
---",Salı | Çarşamba,08:30/10:29 | 13:30/15:29,,10,0,,SGI,,
13813,SGI 207,SGI,LS,Materials Science,,Mustafa Erden Yıldızdağ,GDB,Salı,10:30/13:29,---,10,0,,SGI,,
13814,SGI 202,SGI,LS,Dynamics,,Mustafa Erden Yıldızdağ,GDB,Pazartesi,13:30/16:29,---,10,0,,SGI,,
13815,SGI 103,SGI,LS,Intr.to Sci& Eng.Comp.(MATLAB),,Erdem Üçer,GDB,Pazartesi,09:30/12:29,---,10,0,,SGI,,
13816,SGI 211,SGI,LS,Ship Geometry,,Murat Emre Demir,GDB,Çarşamba,09:30/12:29,---,10,0,,SGI,,
13817,SGI 203,SGI,LS,Strength of Materials I,,Fuzuli Ağrı Akçay,GDB,Perşembe,13:30/17:29,---,10,0,,SGI,,
13818,KIM 219E,KIM,LS,Comp.Applications in Chemistry,,Abdullah Aydoğan,FEB,Çarşamba,08:30/12:29,L300,25,18,,KIM,,
13819,MEN 211,MEN,LS,Workshop Training-I,,Cumali Seçkin Mengeçin,DZB | ---,,/,,60,9,,"GMIK, MEN",,
13820,MTM 211,MTM,LS,Onboard Training-I,,Selim Aksoy,DZB | ---,,/,,60,24,,"DUIK, MTM",,
13821,ENR 321,ENR,LS,Otomatic Control Systems,,İsmail Çiçek,DZB,Salı,08:30/11:29,---,60,44,,"GEMK, GMIK, MEN, MENM, NAE",,
13822,ENR 212,ENR,LS,Strength of Materials I,,İsmail Çiçek,DZB,Cumartesi,09:30/12:29,---,60,42,,"GEMK, GMIK, MEN, NAE, NAEM",,
13823,MEN 321,MEN,LS,Operation&Maint.of Marine Eng.,,Cumali Seçkin Mengeçin,DZB,Cuma,08:30/12:29,---,60,31,,"GMIK, MEN, MENM",,
13824,MEN 301,MEN,LS,Engine Room Simulator (ERS) I,,Kemal Demirel,DZB,Salı,13:30/17:29,---,18,18,,"GMIK, MEN, MENM",,
13825,MEN 301,MEN,LS,Engine Room Simulator (ERS) I,,Kemal Demirel,DZB,Perşembe,08:30/12:29,---,18,15,,"GMIK, MEN, MENM",,
13826,MEN 311,MEN,LS,Marine Boilers and Operation,,Cumali Seçkin Mengeçin,DZB,Çarşamba,12:30/15:29,---,60,35,,"GMIK, MEN, MENM",,
13827,ENR 301,ENR,LS,Heat Transfer,,Buğra Arda Zincir,DZB,Pazartesi,08:30/11:29,---,60,39,,"GEMK, GMIK, MEN, MENM, NAE",,
13828,ENR 311,ENR,LS,Machinery Elements,,Tanju Kurtuluş,DZB,Cuma,14:00/16:59,---,60,34,,"GEMK, GMIK, MEN, MENM, NAE",,
13829,MEN 331,MEN,LS,Workshop Training-II,,Cumali Seçkin Mengeçin,DZB | ---,,/,,60,31,,"GMIK, MEN",,
13830,HSS 301,HSS,LS,Research Methods & Statistics,,Sabire Cömert,DZB,Pazartesi,11:30/14:29,---,70,60,,"DUIK, GEMK, GMIK, MEN, MTM, NAE",,
13831,MST 341,MST,LS,Ship Supply Chain Management,,Selim Aksoy,DZB,Çarşamba,10:30/12:29,---,60,11,,"DUIK, GEMK, GMIK, MEN, MTM, NAE",,
13832,MST 321,MST,LS,Org.Mang.&Behavior in Maritime,,Dilek Mürüvvet Görgüç,DZB,Pazartesi,09:30/11:29,---,60,39,,"DUIK, GEMK, GMIK, MEN, MTM, NAE",,
13833,MST 311,MST,LS,Maritime Law I,,Onur Sabri Durak,DZB,Pazartesi,15:30/17:29,---,50,26,,"DUIK, GEMK, GMIK, MEN, MTM, NAE",,
13834,MTM 331,MTM,LS,Maritime Practical Studies,,Yunus Emre Şenol,"DZB
DZB | ---
---",Çarşamba | Çarşamba,13:30/15:29 | 17:30/19:29,,35,21,,"DUIK, MTM",,
13835,MTM 331,MTM,LS,Maritime Practical Studies,,Serdar Kum,"DZB
DZB | ---
---",Çarşamba | Çarşamba,13:30/15:29 | 17:30/19:29,,35,5,,"DUIK, MTM",,
13836,MST 232,MST,LS,Meteorology,,Ayşe Nak,DZB,Salı,14:30/17:29,---,60,34,,"DUIK, MTM",,
13837,MTM 301,MTM,LS,E-Navigation Systems,,Serdar Kum,DZB,Perşembe,08:30/11:29,---,60,30,,"DUIK, MTM, MTTM",,
13838,MTM 311,MTM,LS,Watchkeeping II,,Selim Aksoy,DZB,Salı,08:30/11:29,---,60,30,,"DUIK, MTM, MTTM",,
13839,MTM 321,MTM,LS,Celestial Navigation,,Orhan Gönel,DZB,Salı,11:30/14:29,---,60,34,,"DUIK, MTM",,
13840,MTM 341,MTM,LS,Onboard Training-II,,Selim Aksoy,DZB | ---,,/,,60,39,,"DUIK, MTM",,
13841,MEN 302,MEN,LS,Onboard Training,,Cumali Seçkin Mengeçin,DZB | ---,,/,,60,3,,"GMIK, MEN, MENM",,
13842,MTM 302,MTM,LS,Onboard Training-III,,Selim Aksoy,DZB | ---,,/,,60,3,,"DUIK, MTM, MTTM",,
13843,MEN 431,MEN,LS,Engine Room Mangm.& Leadership,,İsmail Çiçek,DZB,Salı,15:30/17:29,---,60,21,,"GMIK, MEN, MENM",,
13844,MEN 411,MEN,LS,Marine Auxialiary Machinery II,,Kemal Demirel,DZB,Pazartesi,08:30/11:29,---,60,26,,"GEMK, GMIK, MEN, MENM, NAE",,
13845,MEN 421,MEN,LS,Marine Diesel Engines III,,Yalçın Durmuşoğlu,DZB,Salı,12:30/15:29,---,60,32,,"GMIK, MEN, MENM",,
13846,MEN 401,MEN,LS,Oper.of Steam & Gas Turbines,,Cumali Seçkin Mengeçin,DZB,Çarşamba,08:30/12:29,---,60,31,,"GMIK, MEN, MENM",,
13847,MST 461,MST,LS,Terminal & Tanker Operations,,Üstün Atak,DZB,Perşembe,12:30/14:29,---,60,60,,"DUIK, GEMK, GMIK, MEN, MTM, NAE",,
13848,MST 401,MST,LS,Maritime Safety,,Hakan Çap,DZB,Çarşamba,08:30/11:29,---,60,41,,"DUIK, GMIK, MEN, MTM",,
13849,MST 401,MST,LS,Maritime Safety,,Hakan Çap,DZB,Çarşamba,12:30/15:29,---,60,20,,"DUIK, GMIK, MEN, MTM",,
13850,MTM 401,MTM,LS,Cargo Handling Simulator,,Yunus Emre Şenol,DZB,Cuma,14:00/15:59,---,60,27,,"DUIK, MTM",,
13851,MST 411,MST,LS,Marine Engines,,Cumali Seçkin Mengeçin,DZB,Pazartesi,08:30/10:29,---,60,11,,"DUIK, MTM",,
13852,MTM 421,MTM,LS,Ship Handling and Maneuvering,,Üstün Atak,DZB,Perşembe,14:30/17:29,---,60,29,,"DUIK, MTM",,
13853,MST 421,MST,LS,Meteorology and Oceanography,,Ayşe Nak,DZB,Çarşamba,11:30/13:29,---,60,28,,"DUIK, MTM, MTTM",,
13854,MTM 411,MTM,LS,Cargo Handling and Stowage II,,Tanzer Satır,DZB,Pazartesi,14:30/17:29,---,60,32,,"DUIK, MTM",,
13855,MST 441,MST,LS,Deck Machinery,,Ömer Berkehan İnal,DZB,Perşembe,09:30/11:29,---,60,17,,"DUIK, GEMK, GMIK, MEN, MTM, NAE",,
13856,MST 331,MST,LS,Shipping Finance,,Sinan Çakır,DZB,Pazartesi,11:30/13:29,---,60,27,,"DUIK, GEMK, GMIK, MEN, MTM, NAE",,
13857,HSS 331,HSS,LS,Disaster Awareness,,Aydın Mert,DZB,Cuma,10:30/12:29,---,60,37,,"DUIK, GEMK, GMIK, MEN, MTM, NAE",,
13858,MEN 402,MEN,LS,Graduation Design Project,,Cumali Seçkin Mengeçin,DZB | ---,,/,,60,12,,"GMIK, MEN",,
13859,MTM 402,MTM,LS,Graduation Design Project,,Selim Aksoy,DZB | ---,,/,,60,13,,"DUIK, MTM",,
13860,MTM 412,MTM,LS,Ship Management and Leadership,,Cemil Yurtören,DZB,Salı,08:30/12:29,---,60,20,,"DUIK, MTM, MTTM",,
13861,MST 222,MST,LS,Marine Electronics,,Tayfun Uyanık,DZB,Salı,15:30/18:29,---,40,17,,"DUIK, GEMK, GMIK, MEN, MTM, NAE",,
13862,MTH 118,MTH,LS,Mathematics II,,Sabire Cömert,"DZB
DZB | ---
---",Pazartesi | Perşembe,17:30/19:29 | 17:30/20:29,,15,11,,"DUIK, GEMK, GMIK, MEN, MTM, NAE",,
13863,MST 432,MST,LS,Commercial Ship Management,,Gizem Çevik,DZB,Pazartesi,09:30/11:29,---,30,22,,"DUIK, GEMK, GMIK, MEN, MTM, NAE",,
13865,PEM 209E,PEM,LS,Landform & Built Envir.Studio,,Nilay Özlü Karaca,"MMB
MMB | 217A
217A",Pazartesi | Perşembe,13:30/17:29 | 13:30/17:29,,20,22,,"PEM, PEME",,
13866,PEM 311E,PEM,LS,Landscape Design II,,Hayriye Eşbah Tunçay,"MMB
MMB | 214
214",Pazartesi | Perşembe,13:30/17:29 | 13:30/17:29,,17,17,,"PEM, PEME",,
13867,PEM 209E,PEM,LS,Landform & Built Envir.Studio,,Bengü Bilgiç Uzuner,"MMB
MMB | 217A
217A",Pazartesi | Perşembe,13:30/17:29 | 13:30/17:29,,20,13,,"PEM, PEME",,
13870,PEM 212E,PEM,LS,Landscape Design I,,Ekin Şeker Kaya,"MMB
MMB | 217F
217F",Pazartesi | Perşembe,13:30/17:29 | 13:30/17:29,,20,18,,"PEM, PEME",,
13871,PEM 303E,PEM,LS,Int.to Geographical Inf.Sys.,,Cihan Uysal,,Cuma,09:30/12:29,,80,67,,"PEM, PEME",,
13872,SNT 211,SNT,LS,"İstanbul:Tarih,Sanat ve Toplum",,Çiğdem Özkan Aygün,MED,Perşembe,14:30/17:29,B37,22,22,,"ARC, BIO, BLG, CEN, CEV, CHZ, DEN, DUI, EEE, EFN, EHB, ELE, ELH, ELK, END, EUT, FIZ, GEM, GEO, GID, GMI, ICM, IML, INS, ISL, JDF, JEF, JEO, KIM, KMM, KOM, MAD, MAK, MAT, MET, MIM, MMD, MTO, PEM, PET, SBP, TEK, TEL, UCK, UZB",,
13874,ING 201A,ING,LS,Essentials of Res.Paper Writ.,,Şule Elif Gökçe Enginarlar,,Pazartesi,08:30/10:29,,23,23,,"BIO, BIOE, BLG, BLGE, CEV, CEVE, CHZ, CHZE, DEN, DENE, ECNE, EHB, EHBE, EHN, ELE, ELH, ELK, ELKE, END, ENDE, ENTE, EUT, EUTE, FIZ, FIZE, GEM, GEME, GEMK, GEO, GEOE, GID, GIDE, ICM, IML, IMLE, INS, INSE, ISL, ISLE, JDF, JEF, JEFE, JEO, JEOE, KIM, KIME, KMM, KMME, KOM, KOME, MAD, MADE, MAK, MAKE, MAT, MATE, MET, METE, MIM, MIME, MTO, MTOE, MUZE, PEM, PEME, PET, PETE, SBP, SBPE, SED, SEH, SGI, TEK, TEKE, TEL, UCK, UCKE, UZB, UZBE, YZVE",,
13875,ING 201A,ING,LS,Essentials of Res.Paper Writ.,,Gamze Avcı,,Pazartesi,08:30/10:29,,23,23,,"BIO, BIOE, BLG, BLGE, CEV, CEVE, CHZ, CHZE, DEN, DENE, ECNE, EHB, EHBE, EHN, ELE, ELH, ELK, ELKE, END, ENDE, ENTE, EUT, EUTE, FIZ, FIZE, GEM, GEME, GEMK, GEO, GEOE, GID, GIDE, ICM, IML, IMLE, INS, INSE, ISL, ISLE, JDF, JEF, JEFE, JEO, JEOE, KIM, KIME, KMM, KMME, KOM, KOME, MAD, MADE, MAK, MAKE, MAT, MATE, MET, METE, MIM, MIME, MTO, MTOE, MUZE, PEM, PEME, PET, PETE, SBP, SBPE, SED, SEH, SGI, TEK, TEKE, TEL, UCK, UCKE, UZB, UZBE, YZVE",,
13876,ING 201A,ING,LS,Essentials of Res.Paper Writ.,,Şule Elif Gökçe Enginarlar,,Pazartesi,10:30/12:29,,26,27,,"BIO, BIOE, BLG, BLGE, CEV, CEVE, CHZ, CHZE, DEN, DENE, ECNE, EHB, EHBE, EHN, ELE, ELH, ELK, ELKE, END, ENDE, ENTE, EUT, EUTE, FIZ, FIZE, GEM, GEME, GEMK, GEO, GEOE, GID, GIDE, ICM, IML, IMLE, INS, INSE, ISL, ISLE, JDF, JEF, JEFE, JEO, JEOE, KIM, KIME, KMM, KMME, KOM, KOME, MAD, MADE, MAK, MAKE, MAT, MATE, MET, METE, MIM, MIME, MTO, MTOE, MUZE, PEM, PEME, PET, PETE, SBP, SBPE, SED, SEH, SGI, TEK, TEKE, TEL, UCK, UCKE, UZB, UZBE, YZVE",,
13877,ING 201A,ING,LS,Essentials of Res.Paper Writ.,,Aslıhan Zengin,,Pazartesi,10:30/12:29,,26,26,,"BIO, BIOE, BLG, BLGE, CEV, CEVE, CHZ, CHZE, DEN, DENE, ECNE, EHB, EHBE, EHN, ELE, ELH, ELK, ELKE, END, ENDE, ENTE, EUT, EUTE, FIZ, FIZE, GEM, GEME, GEMK, GEO, GEOE, GID, GIDE, ICM, IML, IMLE, INS, INSE, ISL, ISLE, JDF, JEF, JEFE, JEO, JEOE, KIM, KIME, KMM, KMME, KOM, KOME, MAD, MADE, MAK, MAKE, MAT, MATE, MET, METE, MIM, MIME, MTO, MTOE, MUZE, PEM, PEME, PET, PETE, SBP, SBPE, SED, SEH, SGI, TEK, TEKE, TEL, UCK, UCKE, UZB, UZBE, YZVE",,
13878,ING 201A,ING,LS,Essentials of Res.Paper Writ.,,Suzan Arıman,,Pazartesi,10:30/12:29,,26,25,,"BIO, BIOE, BLG, BLGE, CEV, CEVE, CHZ, CHZE, DEN, DENE, ECNE, EHB, EHBE, EHN, ELE, ELH, ELK, ELKE, END, ENDE, ENTE, EUT, EUTE, FIZ, FIZE, GEM, GEME, GEMK, GEO, GEOE, GID, GIDE, ICM, IML, IMLE, INS, INSE, ISL, ISLE, JDF, JEF, JEFE, JEO, JEOE, KIM, KIME, KMM, KMME, KOM, KOME, MAD, MADE, MAK, MAKE, MAT, MATE, MET, METE, MIM, MIME, MTO, MTOE, MUZE, PEM, PEME, PET, PETE, SBP, SBPE, SED, SEH, SGI, TEK, TEKE, TEL, UCK, UCKE, UZB, UZBE, YZVE",,
13879,ING 201A,ING,LS,Essentials of Res.Paper Writ.,,Aslıhan Zengin,,Pazartesi,13:30/15:29,,26,26,,"BIO, BIOE, BLG, BLGE, CEV, CEVE, CHZ, CHZE, DEN, DENE, ECNE, EHB, EHBE, EHN, ELE, ELH, ELK, ELKE, END, ENDE, ENTE, EUT, EUTE, FIZ, FIZE, GEM, GEME, GEMK, GEO, GEOE, GID, GIDE, ICM, IML, IMLE, INS, INSE, ISL, ISLE, JDF, JEF, JEFE, JEO, JEOE, KIM, KIME, KMM, KMME, KOM, KOME, MAD, MADE, MAK, MAKE, MAT, MATE, MET, METE, MIM, MIME, MTO, MTOE, MUZE, PEM, PEME, PET, PETE, SBP, SBPE, SED, SEH, SGI, TEK, TEKE, TEL, UCK, UCKE, UZB, UZBE, YZVE",,
13880,ING 201A,ING,LS,Essentials of Res.Paper Writ.,,Suzan Arıman,,Pazartesi,13:30/15:29,,26,24,,"BIO, BIOE, BLG, BLGE, CEV, CEVE, CHZ, CHZE, DEN, DENE, ECNE, EHB, EHBE, EHN, ELE, ELH, ELK, ELKE, END, ENDE, ENTE, EUT, EUTE, FIZ, FIZE, GEM, GEME, GEMK, GEO, GEOE, GID, GIDE, ICM, IML, IMLE, INS, INSE, ISL, ISLE, JDF, JEF, JEFE, JEO, JEOE, KIM, KIME, KMM, KMME, KOM, KOME, MAD, MADE, MAK, MAKE, MAT, MATE, MET, METE, MIM, MIME, MTO, MTOE, MUZE, PEM, PEME, PET, PETE, SBP, SBPE, SED, SEH, SGI, TEK, TEKE, TEL, UCK, UCKE, UZB, UZBE, YZVE",,
13881,ING 201A,ING,LS,Essentials of Res.Paper Writ.,,Şule Elif Gökçe Enginarlar,,Salı,08:30/10:29,,26,24,,"BIO, BIOE, BLG, BLGE, CEV, CEVE, CHZ, CHZE, DEN, DENE, ECNE, EHB, EHBE, EHN, ELE, ELH, ELK, ELKE, END, ENDE, ENTE, EUT, EUTE, FIZ, FIZE, GEM, GEME, GEMK, GEO, GEOE, GID, GIDE, ICM, IML, IMLE, INS, INSE, ISL, ISLE, JDF, JEF, JEFE, JEO, JEOE, KIM, KIME, KMM, KMME, KOM, KOME, MAD, MADE, MAK, MAKE, MAT, MATE, MET, METE, MIM, MIME, MTO, MTOE, MUZE, PEM, PEME, PET, PETE, SBP, SBPE, SED, SEH, SGI, TEK, TEKE, TEL, UCK, UCKE, UZB, UZBE, YZVE",,
13882,ING 201A,ING,LS,Essentials of Res.Paper Writ.,,Aslıhan Zengin,,Salı,08:30/10:29,,26,25,,"BIO, BIOE, BLG, BLGE, CEV, CEVE, CHZ, CHZE, DEN, DENE, ECNE, EHB, EHBE, EHN, ELE, ELH, ELK, ELKE, END, ENDE, ENTE, EUT, EUTE, FIZ, FIZE, GEM, GEME, GEMK, GEO, GEOE, GID, GIDE, ICM, IML, IMLE, INS, INSE, ISL, ISLE, JDF, JEF, JEFE, JEO, JEOE, KIM, KIME, KMM, KMME, KOM, KOME, MAD, MADE, MAK, MAKE, MAT, MATE, MET, METE, MIM, MIME, MTO, MTOE, MUZE, PEM, PEME, PET, PETE, SBP, SBPE, SED, SEH, SGI, TEK, TEKE, TEL, UCK, UCKE, UZB, UZBE, YZVE",,
13883,ING 201A,ING,LS,Essentials of Res.Paper Writ.,,Gamze Avcı,,Salı,08:30/10:29,,26,26,,"BIO, BIOE, BLG, BLGE, CEV, CEVE, CHZ, CHZE, DEN, DENE, ECNE, EHB, EHBE, EHN, ELE, ELH, ELK, ELKE, END, ENDE, ENTE, EUT, EUTE, FIZ, FIZE, GEM, GEME, GEMK, GEO, GEOE, GID, GIDE, ICM, IML, IMLE, INS, INSE, ISL, ISLE, JDF, JEF, JEFE, JEO, JEOE, KIM, KIME, KMM, KMME, KOM, KOME, MAD, MADE, MAK, MAKE, MAT, MATE, MET, METE, MIM, MIME, MTO, MTOE, MUZE, PEM, PEME, PET, PETE, SBP, SBPE, SED, SEH, SGI, TEK, TEKE, TEL, UCK, UCKE, UZB, UZBE, YZVE",,
13884,ING 201A,ING,LS,Essentials of Res.Paper Writ.,,Gamze Avcı,,Pazartesi,10:30/12:29,,26,28,,"BIO, BIOE, BLG, BLGE, CEV, CEVE, CHZ, CHZE, DEN, DENE, ECNE, EHB, EHBE, EHN, ELE, ELH, ELK, ELKE, END, ENDE, ENTE, EUT, EUTE, FIZ, FIZE, GEM, GEME, GEMK, GEO, GEOE, GID, GIDE, ICM, IML, IMLE, INS, INSE, ISL, ISLE, JDF, JEF, JEFE, JEO, JEOE, KIM, KIME, KMM, KMME, KOM, KOME, MAD, MADE, MAK, MAKE, MAT, MATE, MET, METE, MIM, MIME, MTO, MTOE, MUZE, PEM, PEME, PET, PETE, SBP, SBPE, SED, SEH, SGI, TEK, TEKE, TEL, UCK, UCKE, UZB, UZBE, YZVE",,
13885,ING 201A,ING,LS,Essentials of Res.Paper Writ.,,Şule Elif Gökçe Enginarlar,,Salı,10:30/12:29,,26,25,,"BIO, BIOE, BLG, BLGE, CEV, CEVE, CHZ, CHZE, DEN, DENE, ECNE, EHB, EHBE, EHN, ELE, ELH, ELK, ELKE, END, ENDE, ENTE, EUT, EUTE, FIZ, FIZE, GEM, GEME, GEMK, GEO, GEOE, GID, GIDE, ICM, IML, IMLE, INS, INSE, ISL, ISLE, JDF, JEF, JEFE, JEO, JEOE, KIM, KIME, KMM, KMME, KOM, KOME, MAD, MADE, MAK, MAKE, MAT, MATE, MET, METE, MIM, MIME, MTO, MTOE, MUZE, PEM, PEME, PET, PETE, SBP, SBPE, SED, SEH, SGI, TEK, TEKE, TEL, UCK, UCKE, UZB, UZBE, YZVE",,
13886,ING 201A,ING,LS,Essentials of Res.Paper Writ.,,Aslı Özkara,,Salı,10:30/12:29,,26,25,,"BIO, BIOE, BLG, BLGE, CEV, CEVE, CHZ, CHZE, DEN, DENE, ECNE, EHB, EHBE, EHN, ELE, ELH, ELK, ELKE, END, ENDE, ENTE, EUT, EUTE, FIZ, FIZE, GEM, GEME, GEMK, GEO, GEOE, GID, GIDE, ICM, IML, IMLE, INS, INSE, ISL, ISLE, JDF, JEF, JEFE, JEO, JEOE, KIM, KIME, KMM, KMME, KOM, KOME, MAD, MADE, MAK, MAKE, MAT, MATE, MET, METE, MIM, MIME, MTO, MTOE, MUZE, PEM, PEME, PET, PETE, SBP, SBPE, SED, SEH, SGI, TEK, TEKE, TEL, UCK, UCKE, UZB, UZBE, YZVE",,
13887,ING 201A,ING,LS,Essentials of Res.Paper Writ.,,Suzan Arıman,,Salı,10:30/12:29,,26,22,,"BIO, BIOE, BLG, BLGE, CEV, CEVE, CHZ, CHZE, DEN, DENE, ECNE, EHB, EHBE, EHN, ELE, ELH, ELK, ELKE, END, ENDE, ENTE, EUT, EUTE, FIZ, FIZE, GEM, GEME, GEMK, GEO, GEOE, GID, GIDE, ICM, IML, IMLE, INS, INSE, ISL, ISLE, JDF, JEF, JEFE, JEO, JEOE, KIM, KIME, KMM, KMME, KOM, KOME, MAD, MADE, MAK, MAKE, MAT, MATE, MET, METE, MIM, MIME, MTO, MTOE, MUZE, PEM, PEME, PET, PETE, SBP, SBPE, SED, SEH, SGI, TEK, TEKE, TEL, UCK, UCKE, UZB, UZBE, YZVE",,
13888,ING 201A,ING,LS,Essentials of Res.Paper Writ.,,Suzan Arıman,,Salı,13:30/15:29,,26,26,,"BIO, BIOE, BLG, BLGE, CEV, CEVE, CHZ, CHZE, DEN, DENE, ECNE, EHB, EHBE, EHN, ELE, ELH, ELK, ELKE, END, ENDE, ENTE, EUT, EUTE, FIZ, FIZE, GEM, GEME, GEMK, GEO, GEOE, GID, GIDE, ICM, IML, IMLE, INS, INSE, ISL, ISLE, JDF, JEF, JEFE, JEO, JEOE, KIM, KIME, KMM, KMME, KOM, KOME, MAD, MADE, MAK, MAKE, MAT, MATE, MET, METE, MIM, MIME, MTO, MTOE, MUZE, PEM, PEME, PET, PETE, SBP, SBPE, SED, SEH, SGI, TEK, TEKE, TEL, UCK, UCKE, UZB, UZBE, YZVE",,
13889,ING 201A,ING,LS,Essentials of Res.Paper Writ.,,Aslı Özkara,,Salı,13:30/15:29,,26,25,,"BIO, BIOE, BLG, BLGE, CEV, CEVE, CHZ, CHZE, DEN, DENE, ECNE, EHB, EHBE, EHN, ELE, ELH, ELK, ELKE, END, ENDE, ENTE, EUT, EUTE, FIZ, FIZE, GEM, GEME, GEMK, GEO, GEOE, GID, GIDE, ICM, IML, IMLE, INS, INSE, ISL, ISLE, JDF, JEF, JEFE, JEO, JEOE, KIM, KIME, KMM, KMME, KOM, KOME, MAD, MADE, MAK, MAKE, MAT, MATE, MET, METE, MIM, MIME, MTO, MTOE, MUZE, PEM, PEME, PET, PETE, SBP, SBPE, SED, SEH, SGI, TEK, TEKE, TEL, UCK, UCKE, UZB, UZBE, YZVE",,
13890,ING 201A,ING,LS,Essentials of Res.Paper Writ.,,Aslıhan Zengin,,Salı,13:30/15:29,,26,25,,"BIO, BIOE, BLG, BLGE, CEV, CEVE, CHZ, CHZE, DEN, DENE, ECNE, EHB, EHBE, EHN, ELE, ELH, ELK, ELKE, END, ENDE, ENTE, EUT, EUTE, FIZ, FIZE, GEM, GEME, GEMK, GEO, GEOE, GID, GIDE, ICM, IML, IMLE, INS, INSE, ISL, ISLE, JDF, JEF, JEFE, JEO, JEOE, KIM, KIME, KMM, KMME, KOM, KOME, MAD, MADE, MAK, MAKE, MAT, MATE, MET, METE, MIM, MIME, MTO, MTOE, MUZE, PEM, PEME, PET, PETE, SBP, SBPE, SED, SEH, SGI, TEK, TEKE, TEL, UCK, UCKE, UZB, UZBE, YZVE",,
13891,ING 201A,ING,LS,Essentials of Res.Paper Writ.,,Şule Elif Gökçe Enginarlar,,Çarşamba,08:30/10:29,,26,29,,"BIO, BIOE, BLG, BLGE, CEV, CEVE, CHZ, CHZE, DEN, DENE, ECNE, EHB, EHBE, EHN, ELE, ELH, ELK, ELKE, END, ENDE, ENTE, EUT, EUTE, FIZ, FIZE, GEM, GEME, GEMK, GEO, GEOE, GID, GIDE, ICM, IML, IMLE, INS, INSE, ISL, ISLE, JDF, JEF, JEFE, JEO, JEOE, KIM, KIME, KMM, KMME, KOM, KOME, MAD, MADE, MAK, MAKE, MAT, MATE, MET, METE, MIM, MIME, MTO, MTOE, MUZE, PEM, PEME, PET, PETE, SBP, SBPE, SED, SEH, SGI, TEK, TEKE, TEL, UCK, UCKE, UZB, UZBE, YZVE",,
13892,ING 201A,ING,LS,Essentials of Res.Paper Writ.,,Şule Elif Gökçe Enginarlar,,Çarşamba,10:30/12:29,,26,26,,"BIO, BIOE, BLG, BLGE, CEV, CEVE, CHZ, CHZE, DEN, DENE, ECNE, EHB, EHBE, EHN, ELE, ELH, ELK, ELKE, END, ENDE, ENTE, EUT, EUTE, FIZ, FIZE, GEM, GEME, GEMK, GEO, GEOE, GID, GIDE, ICM, IML, IMLE, INS, INSE, ISL, ISLE, JDF, JEF, JEFE, JEO, JEOE, KIM, KIME, KMM, KMME, KOM, KOME, MAD, MADE, MAK, MAKE, MAT, MATE, MET, METE, MIM, MIME, MTO, MTOE, MUZE, PEM, PEME, PET, PETE, SBP, SBPE, SED, SEH, SGI, TEK, TEKE, TEL, UCK, UCKE, UZB, UZBE, YZVE",,
13893,ING 201A,ING,LS,Essentials of Res.Paper Writ.,,Yeşim Kılıç,,Perşembe,08:30/10:29,,29,29,,"BIO, BIOE, BLG, BLGE, CEV, CEVE, CHZ, CHZE, DEN, DENE, ECNE, EHB, EHBE, EHN, ELE, ELH, ELK, ELKE, END, ENDE, ENTE, EUT, EUTE, FIZ, FIZE, GEM, GEME, GEMK, GEO, GEOE, GID, GIDE, ICM, IML, IMLE, INS, INSE, ISL, ISLE, JDF, JEF, JEFE, JEO, JEOE, KIM, KIME, KMM, KMME, KOM, KOME, MAD, MADE, MAK, MAKE, MAT, MATE, MET, METE, MIM, MIME, MTO, MTOE, MUZE, PEM, PEME, PET, PETE, SBP, SBPE, SED, SEH, SGI, TEK, TEKE, TEL, UCK, UCKE, UZB, UZBE, YZVE",,
13894,ING 201A,ING,LS,Essentials of Res.Paper Writ.,,Suzan Arıman,,Perşembe,08:30/10:29,,29,26,,"BIO, BIOE, BLG, BLGE, CEV, CEVE, CHZ, CHZE, DEN, DENE, ECNE, EHB, EHBE, EHN, ELE, ELH, ELK, ELKE, END, ENDE, ENTE, EUT, EUTE, FIZ, FIZE, GEM, GEME, GEMK, GEO, GEOE, GID, GIDE, ICM, IML, IMLE, INS, INSE, ISL, ISLE, JDF, JEF, JEFE, JEO, JEOE, KIM, KIME, KMM, KMME, KOM, KOME, MAD, MADE, MAK, MAKE, MAT, MATE, MET, METE, MIM, MIME, MTO, MTOE, MUZE, PEM, PEME, PET, PETE, SBP, SBPE, SED, SEH, SGI, TEK, TEKE, TEL, UCK, UCKE, UZB, UZBE, YZVE",,
13895,ING 201A,ING,LS,Essentials of Res.Paper Writ.,,Gamze Avcı,,Perşembe,08:30/10:29,,29,28,,"BIO, BIOE, BLG, BLGE, CEV, CEVE, CHZ, CHZE, DEN, DENE, ECNE, EHB, EHBE, EHN, ELE, ELH, ELK, ELKE, END, ENDE, ENTE, EUT, EUTE, FIZ, FIZE, GEM, GEME, GEMK, GEO, GEOE, GID, GIDE, ICM, IML, IMLE, INS, INSE, ISL, ISLE, JDF, JEF, JEFE, JEO, JEOE, KIM, KIME, KMM, KMME, KOM, KOME, MAD, MADE, MAK, MAKE, MAT, MATE, MET, METE, MIM, MIME, MTO, MTOE, MUZE, PEM, PEME, PET, PETE, SBP, SBPE, SED, SEH, SGI, TEK, TEKE, TEL, UCK, UCKE, UZB, UZBE, YZVE",,
13896,ING 201A,ING,LS,Essentials of Res.Paper Writ.,,Yeşim Kılıç,,Pazartesi,13:30/15:29,,26,25,,"BIO, BIOE, BLG, BLGE, CEV, CEVE, CHZ, CHZE, DEN, DENE, ECNE, EHB, EHBE, EHN, ELE, ELH, ELK, ELKE, END, ENDE, ENTE, EUT, EUTE, FIZ, FIZE, GEM, GEME, GEMK, GEO, GEOE, GID, GIDE, ICM, IML, IMLE, INS, INSE, ISL, ISLE, JDF, JEF, JEFE, JEO, JEOE, KIM, KIME, KMM, KMME, KOM, KOME, MAD, MADE, MAK, MAKE, MAT, MATE, MET, METE, MIM, MIME, MTO, MTOE, MUZE, PEM, PEME, PET, PETE, SBP, SBPE, SED, SEH, SGI, TEK, TEKE, TEL, UCK, UCKE, UZB, UZBE, YZVE",,
13897,ING 201A,ING,LS,Essentials of Res.Paper Writ.,,Aslı Özkara,,Perşembe,10:30/12:29,,26,25,,"BIO, BIOE, BLG, BLGE, CEV, CEVE, CHZ, CHZE, DEN, DENE, ECNE, EHB, EHBE, EHN, ELE, ELH, ELK, ELKE, END, ENDE, ENTE, EUT, EUTE, FIZ, FIZE, GEM, GEME, GEMK, GEO, GEOE, GID, GIDE, ICM, IML, IMLE, INS, INSE, ISL, ISLE, JDF, JEF, JEFE, JEO, JEOE, KIM, KIME, KMM, KMME, KOM, KOME, MAD, MADE, MAK, MAKE, MAT, MATE, MET, METE, MIM, MIME, MTO, MTOE, MUZE, PEM, PEME, PET, PETE, SBP, SBPE, SED, SEH, SGI, TEK, TEKE, TEL, UCK, UCKE, UZB, UZBE, YZVE",,
13898,ING 201A,ING,LS,Essentials of Res.Paper Writ.,,Suzan Arıman,,Çarşamba,08:30/10:29,,26,26,,"BIO, BIOE, BLG, BLGE, CEV, CEVE, CHZ, CHZE, DEN, DENE, ECNE, EHB, EHBE, EHN, ELE, ELH, ELK, ELKE, END, ENDE, ENTE, EUT, EUTE, FIZ, FIZE, GEM, GEME, GEMK, GEO, GEOE, GID, GIDE, ICM, IML, IMLE, INS, INSE, ISL, ISLE, JDF, JEF, JEFE, JEO, JEOE, KIM, KIME, KMM, KMME, KOM, KOME, MAD, MADE, MAK, MAKE, MAT, MATE, MET, METE, MIM, MIME, MTO, MTOE, MUZE, PEM, PEME, PET, PETE, SBP, SBPE, SED, SEH, SGI, TEK, TEKE, TEL, UCK, UCKE, UZB, UZBE, YZVE",,
13899,ING 201A,ING,LS,Essentials of Res.Paper Writ.,,Aslıhan Zengin,,Perşembe,10:30/12:29,,26,24,,"BIO, BIOE, BLG, BLGE, CEV, CEVE, CHZ, CHZE, DEN, DENE, ECNE, EHB, EHBE, EHN, ELE, ELH, ELK, ELKE, END, ENDE, ENTE, EUT, EUTE, FIZ, FIZE, GEM, GEME, GEMK, GEO, GEOE, GID, GIDE, ICM, IML, IMLE, INS, INSE, ISL, ISLE, JDF, JEF, JEFE, JEO, JEOE, KIM, KIME, KMM, KMME, KOM, KOME, MAD, MADE, MAK, MAKE, MAT, MATE, MET, METE, MIM, MIME, MTO, MTOE, MUZE, PEM, PEME, PET, PETE, SBP, SBPE, SED, SEH, SGI, TEK, TEKE, TEL, UCK, UCKE, UZB, UZBE, YZVE",,
13900,ING 201A,ING,LS,Essentials of Res.Paper Writ.,,Gamze Avcı,,Perşembe,10:30/12:29,,26,26,,"BIO, BIOE, BLG, BLGE, CEV, CEVE, CHZ, CHZE, DEN, DENE, ECNE, EHB, EHBE, EHN, ELE, ELH, ELK, ELKE, END, ENDE, ENTE, EUT, EUTE, FIZ, FIZE, GEM, GEME, GEMK, GEO, GEOE, GID, GIDE, ICM, IML, IMLE, INS, INSE, ISL, ISLE, JDF, JEF, JEFE, JEO, JEOE, KIM, KIME, KMM, KMME, KOM, KOME, MAD, MADE, MAK, MAKE, MAT, MATE, MET, METE, MIM, MIME, MTO, MTOE, MUZE, PEM, PEME, PET, PETE, SBP, SBPE, SED, SEH, SGI, TEK, TEKE, TEL, UCK, UCKE, UZB, UZBE, YZVE",,
13901,ING 201A,ING,LS,Essentials of Res.Paper Writ.,,Aslı Özkara,,Perşembe,13:30/15:29,,27,23,,"BIO, BIOE, BLG, BLGE, CEV, CEVE, CHZ, CHZE, DEN, DENE, ECNE, EHB, EHBE, EHN, ELE, ELH, ELK, ELKE, END, ENDE, ENTE, EUT, EUTE, FIZ, FIZE, GEM, GEME, GEMK, GEO, GEOE, GID, GIDE, ICM, IML, IMLE, INS, INSE, ISL, ISLE, JDF, JEF, JEFE, JEO, JEOE, KIM, KIME, KMM, KMME, KOM, KOME, MAD, MADE, MAK, MAKE, MAT, MATE, MET, METE, MIM, MIME, MTO, MTOE, MUZE, PEM, PEME, PET, PETE, SBP, SBPE, SED, SEH, SGI, TEK, TEKE, TEL, UCK, UCKE, UZB, UZBE, YZVE",,
13902,ING 201A,ING,LS,Essentials of Res.Paper Writ.,,Aslıhan Zengin,,Perşembe,13:30/15:29,,27,26,,"BIO, BIOE, BLG, BLGE, CEV, CEVE, CHZ, CHZE, DEN, DENE, ECNE, EHB, EHBE, EHN, ELE, ELH, ELK, ELKE, END, ENDE, ENTE, EUT, EUTE, FIZ, FIZE, GEM, GEME, GEMK, GEO, GEOE, GID, GIDE, ICM, IML, IMLE, INS, INSE, ISL, ISLE, JDF, JEF, JEFE, JEO, JEOE, KIM, KIME, KMM, KMME, KOM, KOME, MAD, MADE, MAK, MAKE, MAT, MATE, MET, METE, MIM, MIME, MTO, MTOE, MUZE, PEM, PEME, PET, PETE, SBP, SBPE, SED, SEH, SGI, TEK, TEKE, TEL, UCK, UCKE, UZB, UZBE, YZVE",,
13903,ING 201A,ING,LS,Essentials of Res.Paper Writ.,,Aslı Özkara,,Cuma,08:30/10:29,,29,26,,"BIO, BIOE, BLG, BLGE, CEV, CEVE, CHZ, CHZE, DEN, DENE, ECNE, EHB, EHBE, EHN, ELE, ELH, ELK, ELKE, END, ENDE, ENTE, EUT, EUTE, FIZ, FIZE, GEM, GEME, GEMK, GEO, GEOE, GID, GIDE, ICM, IML, IMLE, INS, INSE, ISL, ISLE, JDF, JEF, JEFE, JEO, JEOE, KIM, KIME, KMM, KMME, KOM, KOME, MAD, MADE, MAK, MAKE, MAT, MATE, MET, METE, MIM, MIME, MTO, MTOE, MUZE, PEM, PEME, PET, PETE, SBP, SBPE, SED, SEH, SGI, TEK, TEKE, TEL, UCK, UCKE, UZB, UZBE, YZVE",,
13904,ING 201A,ING,LS,Essentials of Res.Paper Writ.,,Aslı Özkara,,Cuma,10:30/12:29,,26,26,,"BIO, BIOE, BLG, BLGE, CEV, CEVE, CHZ, CHZE, DEN, DENE, ECNE, EHB, EHBE, EHN, ELE, ELH, ELK, ELKE, END, ENDE, ENTE, EUT, EUTE, FIZ, FIZE, GEM, GEME, GEMK, GEO, GEOE, GID, GIDE, ICM, IML, IMLE, INS, INSE, ISL, ISLE, JDF, JEF, JEFE, JEO, JEOE, KIM, KIME, KMM, KMME, KOM, KOME, MAD, MADE, MAK, MAKE, MAT, MATE, MET, METE, MIM, MIME, MTO, MTOE, MUZE, PEM, PEME, PET, PETE, SBP, SBPE, SED, SEH, SGI, TEK, TEKE, TEL, UCK, UCKE, UZB, UZBE, YZVE",,
13905,ING 201A,ING,LS,Essentials of Res.Paper Writ.,,Özlem Ayar Gemalmaz,,Cuma,10:30/12:29,,26,26,,"BIO, BIOE, BLG, BLGE, CEV, CEVE, CHZ, CHZE, DEN, DENE, ECNE, EHB, EHBE, EHN, ELE, ELH, ELK, ELKE, END, ENDE, ENTE, EUT, EUTE, FIZ, FIZE, GEM, GEME, GEMK, GEO, GEOE, GID, GIDE, ICM, IML, IMLE, INS, INSE, ISL, ISLE, JDF, JEF, JEFE, JEO, JEOE, KIM, KIME, KMM, KMME, KOM, KOME, MAD, MADE, MAK, MAKE, MAT, MATE, MET, METE, MIM, MIME, MTO, MTOE, MUZE, PEM, PEME, PET, PETE, SBP, SBPE, SED, SEH, SGI, TEK, TEKE, TEL, UCK, UCKE, UZB, UZBE, YZVE",,
13906,ING 201A,ING,LS,Essentials of Res.Paper Writ.,,Meryem Simge Çengel Avcu,,Pazartesi,13:30/15:29,,26,25,,"BIO, BIOE, BLG, BLGE, CEV, CEVE, CHZ, CHZE, DEN, DENE, ECNE, EHB, EHBE, EHN, ELE, ELH, ELK, ELKE, END, ENDE, ENTE, EUT, EUTE, FIZ, FIZE, GEM, GEME, GEMK, GEO, GEOE, GID, GIDE, ICM, IML, IMLE, INS, INSE, ISL, ISLE, JDF, JEF, JEFE, JEO, JEOE, KIM, KIME, KMM, KMME, KOM, KOME, MAD, MADE, MAK, MAKE, MAT, MATE, MET, METE, MIM, MIME, MTO, MTOE, MUZE, PEM, PEME, PET, PETE, SBP, SBPE, SED, SEH, SGI, TEK, TEKE, TEL, UCK, UCKE, UZB, UZBE, YZVE",,
13907,ING 201A,ING,LS,Essentials of Res.Paper Writ.,,Meryem Simge Çengel Avcu,,Cuma,10:30/12:29,,26,23,,"BIO, BIOE, BLG, BLGE, CEV, CEVE, CHZ, CHZE, DEN, DENE, ECNE, EHB, EHBE, EHN, ELE, ELH, ELK, ELKE, END, ENDE, ENTE, EUT, EUTE, FIZ, FIZE, GEM, GEME, GEMK, GEO, GEOE, GID, GIDE, ICM, IML, IMLE, INS, INSE, ISL, ISLE, JDF, JEF, JEFE, JEO, JEOE, KIM, KIME, KMM, KMME, KOM, KOME, MAD, MADE, MAK, MAKE, MAT, MATE, MET, METE, MIM, MIME, MTO, MTOE, MUZE, PEM, PEME, PET, PETE, SBP, SBPE, SED, SEH, SGI, TEK, TEKE, TEL, UCK, UCKE, UZB, UZBE, YZVE",,
13908,ING 201A,ING,LS,Essentials of Res.Paper Writ.,,--,,Cuma,14:00/15:59,,0,0,,"BIO, BIOE, BLG, BLGE, CEV, CEVE, CHZ, CHZE, DEN, DENE, ECNE, EHB, EHBE, EHN, ELE, ELH, ELK, ELKE, END, ENDE, ENTE, EUT, EUTE, FIZ, FIZE, GEM, GEME, GEMK, GEO, GEOE, GID, GIDE, ICM, IML, IMLE, INS, INSE, ISL, ISLE, JDF, JEF, JEFE, JEO, JEOE, KIM, KIME, KMM, KMME, KOM, KOME, MAD, MADE, MAK, MAKE, MAT, MATE, MET, METE, MIM, MIME, MTO, MTOE, MUZE, PEM, PEME, PET, PETE, SBP, SBPE, SED, SEH, SGI, TEK, TEKE, TEL, UCK, UCKE, UZB, UZBE, YZVE",,
13909,ING 201A,ING,LS,Essentials of Res.Paper Writ.,,Meryem Simge Çengel Avcu,,Cuma,14:00/15:59,,29,26,,"BIO, BIOE, BLG, BLGE, CEV, CEVE, CHZ, CHZE, DEN, DENE, ECNE, EHB, EHBE, EHN, ELE, ELH, ELK, ELKE, END, ENDE, ENTE, EUT, EUTE, FIZ, FIZE, GEM, GEME, GEMK, GEO, GEOE, GID, GIDE, ICM, IML, IMLE, INS, INSE, ISL, ISLE, JDF, JEF, JEFE, JEO, JEOE, KIM, KIME, KMM, KMME, KOM, KOME, MAD, MADE, MAK, MAKE, MAT, MATE, MET, METE, MIM, MIME, MTO, MTOE, MUZE, PEM, PEME, PET, PETE, SBP, SBPE, SED, SEH, SGI, TEK, TEKE, TEL, UCK, UCKE, UZB, UZBE, YZVE",,
13910,GEO 310,GEO,LS,Uzaktan Algılama II,,Nebiye Musaoğlu,INB,Çarşamba,12:30/15:29,A302,40,18,,GEO,,
13911,BLG 101E,BLG,LS,Intr. to Information Systems,,Muhammed Sebul Beratoğlu,"MEDB
FEB | Z01
OBL1",Perşembe | Perşembe,08:30/10:29 | 10:30/11:29,,100,67,,YZVE,,
13914,KON 405E,KON,LS,State Space Meth.in Contr.Syst,,İlker Üstoğlu,EEB,Perşembe,08:30/11:29,5105,15,13,,"KOM, KOME, MKN",,
13915,FIZ 310,FIZ,LS,İstatistik Fizik,,Yaşar Yılmaz,"FEB
FEB
FEB | D103
D103
D304",Salı | Çarşamba | Perşembe,10:30/12:29 | 10:30/11:29 | 10:30/12:29,,60,29,,"FIZ, FIZM",,
13916,PHY 125,PHY,LS,Physics I,,Neşe Özdemir,FEB,Salı,13:30/16:29,---,30,29,,"SGI, SIN",,
13917,PHY 125L,PHY,LS,Physics I Laboratory,,Neşe Özdemir,FEB,Çarşamba,10:30/12:29,---,30,32,,"SGI, SIN",,
13918,IML 492,IML,LS,İmalat Tasarım Projesi,,Adil Yücel,MKB | ---,,/,,100,1,,IML,,
13919,IML 492E,IML,LS,Manufacturing Design Project,,Adil Yücel,MKB | ---,,/,,100,0,,"IML, IMLE",,
13920,IML 4901,IML,LS,İmalat Müh. Tasarımı I,,Adil Yücel,MKB | ---,,/,,100,15,,IML,,
13921,IML 4901E,IML,LS,Manufacturing Eng. Design I,,Adil Yücel,MKB | ---,,/,,100,5,,IML,,
13922,IML 4902,IML,LS,İmalat Müh. Tasarımı II,,Adil Yücel,MKB | ---,,/,,100,2,,IML,,
13923,IML 4902E,IML,LS,Manufacturing Eng. Design II,,Adil Yücel,MKB | ---,,/,,100,2,,IML,,
13924,PAZ 151,PAZ,LS,Intro. to Physical Sciences,,Emre Onur Kahya,FEB,Salı,13:30/16:29,B4_Z05,40,13,,STP,,
13925,MAD 254E,MAD,LS,Strngth of Mat.for Mining Eng.,,Pınar Teymür,MDB,Çarşamba,13:30/15:29,A201,50,13,,"MAD, MADE",,
13926,DAN 101,DAN,LS,Akademik Danışmanlık,,Adil Yücel,MKB,Çarşamba,15:30/17:29,---,100,9,,"IML, IMLE, MAK, MAKE",,
13951,STA 204E,STA,LS,Statics&Strength of Materials,,Sedat Kömürcü,MDB,Pazartesi,08:30/11:29,A201,80,81,,"CEV, CEVE, CHZ, EHB, EHBE, ELE, ELH, ELK, ELKE, EUT, EUTE, GID, GIDE, ISL, ISLE, JEF, KMM, KMME, KOM, KOME, KON, KONE, MET, METE, MTO, PET, PETE, TEL",,
13984,MAK 4040,MAK,LS,Buhar Kazanları,,Yakup Erhan Böke,"MKB
MKB | D368A
D368A",Salı | Salı,08:30/10:29 | 12:30/13:29,,60,56,,MAK,,
14008,HUK 203E,HUK,LS,IT Law,,Çiçek Ersoy Kekevi,MDB,Çarşamba,13:30/15:29,A203,200,70,,"BLG, BLGE",,
14009,TEK 301E,TEK,LS,Nonwoven Technology,,İlkay Özsev Yüksek,MKB,Perşembe,08:30/11:29,D351,65,58,,TEKE,,
14010,TEK 301E,TEK,LS,Nonwoven Technology,,İpek Yalçın Eniş,MKB,Pazartesi,13:30/16:29,D353,65,64,,TEKE,,
14107,FIZ 315,FIZ,LS,Kuantum Mekaniği I,,Neşe Özdemir,"FEB
FEB
FEB | D204
D204
D204",Pazartesi | Çarşamba | Cuma,08:30/10:29 | 08:30/10:29 | 08:30/09:29,,75,69,,"FIZ, FIZM",,
14112,FIZ 316E,FIZ,LS,Quantum Mechanics II,,Cem Özgür Servantie,"FEB
FEB
FEB | D206
D206
D106",Pazartesi | Çarşamba | Cuma,08:30/10:29 | 08:30/10:29 | 08:30/09:29,,60,36,,"FIZ, FIZM",,
14292,EHB 311E,EHB,LS,Intr.to Electronics Laboratory,,İbrahim Çatalkaya,EEB,Pazartesi,14:30/16:29,---,45,45,,"BLG, BLGE, CEN, EEE, KOM, KOME, KON, KONE",,
14293,EHB 311E,EHB,LS,Intr.to Electronics Laboratory,,Bora Döken,EEB,Perşembe,12:30/14:29,---,45,46,,"BLG, BLGE, CEN, EEE, KOM, KOME, KON, KONE",,
14295,EEF 311E,EEF,LS,Numerical Analysis with Python,,İbrahim Çatalkaya,EEB,Cuma,14:00/16:59,2106,103,101,,"EEE, EHB, EHBE, ELK, ELKE, KOM, KOME",,
14297,EEF 281E,EEF,LS,Linear Algebra & Applications,,Cemanur Aydınalp,EEB,Cuma,14:00/16:59,5304,70,72,,"EEE, EHB, EHBE, ELK, ELKE, KOM, KOME",,
14300,GEO 204,GEO,LS,Hata Teo ve Dengeleme,,Orhan Akyılmaz,INB,Cuma,08:30/12:29,A103,50,41,,GEO,,
14347,MIM 312E,MIM,LS,Architectural Design VI,,Funda Uz,"MMB
MMB | CATI 5
CATI 5",Pazartesi | Perşembe,13:30/17:29 | 13:30/17:29,,2,1,,"MIM, MIME",,
14350,MIM 351E,MIM,LS,Architectural Design V,,Funda Uz,"MMB
MMB | CATI 5
CATI 5",Pazartesi | Perşembe,13:30/17:29 | 13:30/17:29,,21,20,,"ARC, MIM, MIME",,
14390,ITB 203,ITB,LS,Sosyoloji,,Özge Atalay Çelik,INB,Pazartesi,11:30/14:29,D203,30,23,,"BIO, BLG, BST, CAB, CEB, CEV, CHZ, DEN, DUI, EHB, ELE, ELH, ELK, END, EUT, FIZ, GEM, GEO, GID, GMI, ICM, INS, ISL, JDF, JEF, JEO, KIM, KMM, KMP, KOM, MAD, MAK, MAT, MET, MIM, MTO, MTR, MUT, MUZ, MZT, PEM, PET, SBP, SES, TEB, TEK, TEL, THO, UCK, UZB",,
14391,ITB 203,ITB,LS,Sosyoloji,,Özge Atalay Çelik,INB,Pazartesi,14:30/17:29,B303,30,30,,"BIO, BLG, BST, CAB, CEB, CEV, CHZ, DEN, DUI, EHB, ELE, ELH, ELK, END, EUT, FIZ, GEM, GEO, GID, GMI, ICM, INS, ISL, JDF, JEF, JEO, KIM, KMM, KMP, KOM, MAD, MAK, MAT, MET, MIM, MTO, MTR, MUT, MUZ, MZT, PEM, PET, SBP, SES, TEB, TEK, TEL, THO, UCK, UZB",,
14392,ITB 222,ITB,LS,Kent ve Toplum,,Özge Atalay Çelik,INB,Perşembe,11:30/14:29,B308,30,21,,"BIO, BLG, BST, CAB, CEB, CEV, CHZ, DEN, EHB, ELE, ELH, ELK, END, EUT, FIZ, GEM, GEO, GID, ICM, INS, ISL, JDF, JEF, JEO, KIM, KMM, KMP, KOM, MAD, MAK, MAT, MET, MIM, MTO, MTR, MUT, MUZ, PEM, PET, SBP, SES, TEB, TEK, TEL, THO, UCK, UZB",,
14393,ITB 222,ITB,LS,Kent ve Toplum,,Özge Atalay Çelik,INB,Perşembe,14:30/17:29,B306,30,25,,"BIO, BLG, BST, CAB, CEB, CEV, CHZ, DEN, EHB, ELE, ELH, ELK, END, EUT, FIZ, GEM, GEO, GID, ICM, INS, ISL, JDF, JEF, JEO, KIM, KMM, KMP, KOM, MAD, MAK, MAT, MET, MIM, MTO, MTR, MUT, MUZ, PEM, PET, SBP, SES, TEB, TEK, TEL, THO, UCK, UZB",,
14598,ENT 211E,ENT,LS,Industrial Design Studio,,Ümit Celbiş,"MMB
MMB | 3400
3400",Salı | Cuma,13:30/17:29 | 14:00/17:59,,25,18,,"ENTE, EUT, EUTE",,
14600,ENT 213E,ENT,LS,Design Models and Prototypes,,Gökhan Garip,MMB,Pazartesi,08:30/11:29,107,35,32,,"ENTE, EUT, EUTE, EUTM",,
14601,ENT 213E,ENT,LS,Design Models and Prototypes,,Gökhan Garip,MMB,Pazartesi,13:30/16:29,107,35,35,,"ENTE, EUT, EUTE, EUTM",,
14602,EUT 319E,EUT,LS,Industrial Design Studio II,,Hatice Armağan,"MMB
MMB | 217C
217C",Salı | Cuma,13:30/17:29 | 14:00/17:59,,30,28,,"ENTE, EUT, EUTE",,
14603,ENT 335E,ENT,LS,Glass Design & Prod.Technology,,Ayten Sinem Cezzar,MMB,Salı,08:30/11:29,---,30,29,,"ENTE, ENTM, EUT, EUTE, EUTM",,
14605,ENT 343E,ENT,LS,Typography,,Christopher Çolak,MMB,Cuma,08:30/11:29,311,35,35,,"ENTE, ENTM, EUT, EUTE, EUTM",,
14606,ENT 462E,ENT,LS,Visual Merchndising&Retail Dsn,,Ayten Sinem Cezzar,MMB,Cuma,08:30/11:29,305,30,27,,"ENTE, ENTM, EUT, EUTE, EUTM",,
14615,DUI 474,DUI,LS,Köprü Üstü Kaynak&Takım Yön.,,Cemil Yurtören,DZB,Perşembe,13:30/16:29,---,35,36,,DUI,,
14616,DAN 301,DAN,LS,Kariyer Danışmanlığı,,Yunus Emre Şenol,DZB,Çarşamba,15:30/17:29,---,150,57,,DUI,,
14617,DUI 232,DUI,LS,Gemi Elektroniği,,Zuhal Er,DZB,Salı,10:30/12:29,---,60,46,,DUI,,
14618,DFH 281,DFH,LS,Denizel Çevre Kimyası,,Emrah Şık,DZB,Salı,14:30/17:29,---,30,15,,DUI,,
14669,BLG 458E,BLG,LS,Functional Programming,,Tolga Ovatman,EEB,Çarşamba,08:30/10:29,2106,80,83,,"BLG, BLGE",,
14670,DAN 101,DAN,LS,Akademik Danışmanlık,,Yusuf Yaslan,EEB,Çarşamba,15:30/17:29,---,100,5,,"BLG, BLGE",,
14671,BEB 105,BEB,LS,Futbol ve Temel Hareket Öğret.,,Yaşar Volkan Arıncı,STD,Salı,13:30/15:29,---,25,10,,"ARC, BIO, BIOE, BLG, BLGE, CAB, CEN, CEV, CEVE, CHZ, CHZE, DEN, DENE, DUI, DUIE, ECNE, EEE, EFN, EHB, EHBE, ELE, ELH, ELK, ELKE, END, ENDE, EUT, EUTE, FIZ, FIZE, GEM, GEME, GEO, GEOE, GID, GIDE, GMI, GMIE, ICM, IML, IMLE, INS, INSE, ISL, ISLE, JDF, JEF, JEFE, JEO, JEOE, KIM, KIME, KMM, KMME, KMP, KOM, KOME, MAD, MADE, MAK, MAKE, MAT, MATE, MET, METE, MIM, MIME, MMD, MTO, MTOE, MUT, MUZ, PEM, PEME, PET, PETE, SBP, SBPE, SES, TEB, TEK, TEKE, TEL, THO, UCK, UCKE, UZB, UZBE, YZVE",,
14672,BEB 105,BEB,LS,Futbol ve Temel Hareket Öğret.,,Yaşar Volkan Arıncı,STD,Cuma,10:30/12:29,---,25,11,,"ARC, BIO, BIOE, BLG, BLGE, CAB, CEN, CEV, CEVE, CHZ, CHZE, DEN, DENE, DUI, DUIE, ECNE, EEE, EFN, EHB, EHBE, ELE, ELH, ELK, ELKE, END, ENDE, EUT, EUTE, FIZ, FIZE, GEM, GEME, GEO, GEOE, GID, GIDE, GMI, GMIE, ICM, IML, IMLE, INS, INSE, ISL, ISLE, JDF, JEF, JEFE, JEO, JEOE, KIM, KIME, KMM, KMME, KMP, KOM, KOME, MAD, MADE, MAK, MAKE, MAT, MATE, MET, METE, MIM, MIME, MMD, MTO, MTOE, MUT, MUZ, PEM, PEME, PET, PETE, SBP, SBPE, SES, TEB, TEK, TEKE, TEL, THO, UCK, UCKE, UZB, UZBE, YZVE",,
14673,BEB 118,BEB,LS,Genel Kond.ve Vücut Geliştirme,,Aylin Öztürk,SYM,Çarşamba,10:30/12:29,---,15,15,,"ARC, BIO, BIOE, BLG, BLGE, CAB, CEN, CEV, CEVE, CHZ, CHZE, DEN, DENE, DUI, DUIE, ECNE, EEE, EFN, EHB, EHBE, ELE, ELH, ELK, ELKE, END, ENDE, ENTE, EUT, EUTE, FIZ, FIZE, GEM, GEME, GEO, GEOE, GID, GIDE, GMI, GMIE, ICM, IML, IMLE, INS, INSE, ISL, ISLE, JDF, JEF, JEFE, JEO, JEOE, KIM, KIME, KMM, KMME, KMP, KOM, KOME, MAD, MADE, MAK, MAKE, MAT, MATE, MET, METE, MIM, MIME, MMD, MTO, MTOE, MUT, MUZ, PEM, PEME, PET, PETE, SBP, SBPE, SES, TEB, TEK, TEKE, TEL, THO, UCK, UCKE, UZB, UZBE, YZVE",,
14674,DAN 101,DAN,LS,Akademik Danışmanlık,,Ahmet Cüneyd Tantuğ,EEB,Çarşamba,15:30/17:29,---,100,0,,YZVE,,
14716,DAN 101,DAN,LS,Akademik Danışmanlık,,Ethem Gürer,MMB,Çarşamba,15:30/17:29,213,100,2,,ICM,,
14717,ICM 366E,ICM,LS,Interior Arch.Desgn Studio III,,Emir Elmaslar,"MMB
MMB | 203C
203C",Pazartesi | Perşembe,13:30/17:29 | 13:30/17:29,,3,2,,ICM,,
14718,ICM 449E,ICM,LS,Interior Arch.Desgn Studio IV,,Emir Elmaslar,"MMB
MMB | 203C
203C",Pazartesi | Perşembe,13:30/17:29 | 13:30/17:29,,20,20,,ICM,,
14719,ICM 351E,ICM,LS,Space And Furniture,,Kemal Can Atalayer,MMB,Salı,13:30/17:29,CATI 1,45,41,,ICM,,
14721,SNT 114E,SNT,LS,Contemporary Art,,Kaan Yeter,MMB,Salı,13:30/16:29,319,25,25,,"ARC, BIO, BIOE, BLG, BLGE, CEN, CEV, CEVE, CHZ, CHZE, DEN, DENE, ECNE, EEE, EFN, EHB, EHBE, EHS, ELE, ELH, ELK, ELKE, END, ENDE, ENTE, EUT, EUTE, FIZ, FIZE, GEM, GEME, GEMK, GEO, GEOE, GID, GIDE, GMI, GMIE, IAD, ICM, ICME, IML, IMLE, INS, INSE, ISL, ISLE, JDF, JEF, JEFE, JEO, JEOE, KIM, KIME, KMM, KMME, KOM, KOME, MAD, MADE, MAK, MAKE, MAT, MATE, MEN, MET, METE, MIM, MIME, MMD, MSS, MTO, MTOE, PEM, PEME, PET, PETE, SBPE, TEK, TEKE, TEL, UCK, UCKE, UZB, UZBE, YZVE",,
14722,SNT 116E,SNT,LS,The Art of Communication,,--,MMB,Salı,13:30/16:29,---,0,0,,"ARC, BIO, BIOE, BLG, BLGE, CEN, CEV, CEVE, CHZ, CHZE, DEN, DENE, ECNE, EEE, EFN, EHB, EHBE, EHS, ELE, ELH, ELK, ELKE, END, ENDE, ENTE, EUT, EUTE, FIZ, FIZE, GEM, GEME, GEMK, GEO, GEOE, GID, GIDE, GMI, GMIE, IAD, ICM, ICME, IML, IMLE, INS, INSE, ISL, ISLE, JDF, JEF, JEFE, JEO, JEOE, KIM, KIME, KMM, KMME, KOM, KOME, MAD, MADE, MAK, MAKE, MAT, MATE, MEN, MET, METE, MIM, MIME, MMD, MSS, MTO, MTOE, PEM, PEME, PET, PETE, SBP, SBPE, TEK, TEKE, TEL, UCK, UCKE, UZB, UZBE, YZVE",,
14739,DUI 492,DUI,LS,Bitirme Çalışması,,Yunus Emre Şenol,DZB | ---,,/,,30,5,,DUI,,
14751,DAN 101,DAN,LS,Akademik Danışmanlık,,Fatma Ebru Fıratlıgil,KMB,Çarşamba,15:30/17:29,---,50,2,,"GID, GIDE",,
14752,ATA 121,ATA,LS,Atatürk İlk & İnkılap Trh I,,Serhat Aslaner,,Pazartesi,10:30/12:29,,60,57,,"ARC, BIO, BIOE, BLG, BLGE, CEN, CEV, CEVE, CHZ, CHZE, DEN, DENE, DUI, DUIE, ECNE, EEE, EFN, EHB, EHBE, ELE, ELH, ELK, ELKE, END, ENDE, ENTE, EUT, EUTE, FIZ, FIZE, GEM, GEME, GEMK, GEO, GEOE, GID, GIDE, GMI, GMIE, ICM, IML, IMLE, IND, INS, INSE, ISL, ISLE, JDF, JEF, JEFE, JEO, JEOE, KIM, KIME, KMM, KMME, KOM, KOME, MAD, MADE, MAK, MAKE, MAT, MATE, MEN, MET, METE, MIM, MIME, MMD, MTM, MTO, MTOE, PEM, PEME, PET, PETE, SAO, SBP, SBPE, TEK, TEKE, TEL, THO, UCK, UCKE, UZB, UZBE, YZVE",,
14753,ATA 121,ATA,LS,Atatürk İlk & İnkılap Trh I,,Serhat Aslaner,,Cuma,08:30/10:29,,60,60,,"ARC, BIO, BIOE, BLG, BLGE, CEN, CEV, CEVE, CHZ, CHZE, DEN, DENE, DUI, DUIE, ECNE, EEE, EFN, EHB, EHBE, ELE, ELH, ELK, ELKE, END, ENDE, ENTE, EUT, EUTE, FIZ, FIZE, GEM, GEME, GEMK, GEO, GEOE, GID, GIDE, GMI, GMIE, ICM, IML, IMLE, IND, INS, INSE, ISL, ISLE, JDF, JEF, JEFE, JEO, JEOE, KIM, KIME, KMM, KMME, KOM, KOME, MAD, MADE, MAK, MAKE, MAT, MATE, MEN, MET, METE, MIM, MIME, MMD, MTM, MTO, MTOE, PEM, PEME, PET, PETE, SAO, SBP, SBPE, TEK, TEKE, TEL, THO, UCK, UCKE, UZB, UZBE, YZVE",,
14754,ATA 121,ATA,LS,Atatürk İlk & İnkılap Trh I,,Serhat Aslaner,,Cuma,10:30/12:29,,60,60,,"ARC, BIO, BIOE, BLG, BLGE, CEN, CEV, CEVE, CHZ, CHZE, DEN, DENE, DUI, DUIE, ECNE, EEE, EFN, EHB, EHBE, ELE, ELH, ELK, ELKE, END, ENDE, ENTE, EUT, EUTE, FIZ, FIZE, GEM, GEME, GEMK, GEO, GEOE, GID, GIDE, GMI, GMIE, ICM, IML, IMLE, IND, INS, INSE, ISL, ISLE, JDF, JEF, JEFE, JEO, JEOE, KIM, KIME, KMM, KMME, KOM, KOME, MAD, MADE, MAK, MAKE, MAT, MATE, MEN, MET, METE, MIM, MIME, MMD, MTM, MTO, MTOE, PEM, PEME, PET, PETE, SAO, SBP, SBPE, TEK, TEKE, TEL, THO, UCK, UCKE, UZB, UZBE, YZVE",,
14755,ATA 121,ATA,LS,Atatürk İlk & İnkılap Trh I,,Serhat Aslaner,,Cuma,14:30/16:29,,60,60,,"ARC, BIO, BIOE, BLG, BLGE, CEN, CEV, CEVE, CHZ, CHZE, DEN, DENE, DUI, DUIE, ECNE, EEE, EFN, EHB, EHBE, ELE, ELH, ELK, ELKE, END, ENDE, ENTE, EUT, EUTE, FIZ, FIZE, GEM, GEME, GEMK, GEO, GEOE, GID, GIDE, GMI, GMIE, ICM, IML, IMLE, IND, INS, INSE, ISL, ISLE, JDF, JEF, JEFE, JEO, JEOE, KIM, KIME, KMM, KMME, KOM, KOME, MAD, MADE, MAK, MAKE, MAT, MATE, MEN, MET, METE, MIM, MIME, MMD, MTM, MTO, MTOE, PEM, PEME, PET, PETE, SAO, SBP, SBPE, TEK, TEKE, TEL, THO, UCK, UCKE, UZB, UZBE, YZVE",,
14756,PAZ 103,PAZ,LS,The Hist.ofTextile Trade&Tech.,,--,MKB,Cuma,09:30/11:29,---,0,0,,STP,,
14757,FIZ 323,FIZ,LS,Fizikte Matematiksel Yönteml I,,Ahmet Levent Subaşı,"FEB
FEB
FEB | D104
D104
D104",Salı | Çarşamba | Perşembe,08:30/10:29 | 11:30/12:29 | 08:30/10:29,,75,62,,FIZ,,
14765,EFN 105E,EFN,LS,Principles of Microeconomics,,Şerife Genç İleri,EEB,Çarşamba,08:30/12:29,5107,60,53,,EFN,,
14796,MIM 484E,MIM,LS,Construction Project,,Ecem Tezel,"MMB
MMB | 3403
3403",Salı | Cuma,13:30/17:29 | 08:30/12:29,,13,11,,"ASS, MIM, MIME, SAS",,
14823,ITA 202,ITA,LS,İtalyanca IV,,--,,Salı,13:00/16:59,,0,0,,Tüm Lisans ve Lisansüstü Programlar,,
14824,ITA 102,ITA,LS,İtalyanca II,,Martina Lucia Leone,,Salı,08:30/12:29,,25,12,,Tüm Lisans ve Lisansüstü Programlar,,
14825,CHZ 314,CHZ,LS,Cevher Haz. Tesis Otomasyonu,,Kudret Tahsin Perek,MDB,Çarşamba,08:30/10:29,B208,50,46,,"CHZ, CHZM",,
14827,JEF 207E,JEF,LS,Physics of the Earth,,Seda Yolsal Çevikbilen,MDB,Pazartesi,08:30/10:29,A205,80,50,,"JEF, JEFM",,
14829,EUT 367E,EUT,LS,Intr. to Mechanical Design,,Cem Avcı,MMB,Pazartesi,08:30/12:29,213,110,101,,"ENTE, EUT, EUTE",,
14830,ECN 4902E,ECN,LS,Graduation Project,,Bülent Güloğlu,MED | ---,,/,,100,28,,"ECNE, EFN, ESS",,
14844,INS 215E,INS,LS,Materials Science,,Oğuz Güneş,INB,Salı,13:30/16:29,D202,50,41,,"INS, INSE",,
14848,ATA 121,ATA,LS,Atatürk İlk & İnkılap Trh I,,Necdet Öz,,Perşembe,13:30/15:29,,60,51,,"DUI, DUIE, GMI, GMIE",,
14878,UZB 218E,UZB,LS,Int.to Partial Diff.Eq. in Eng,,Mehmet Şahin,UUB,Çarşamba,09:30/12:29,D-Z09,40,21,,"UCK, UCKE, UZB, UZBE",,
14879,UCK 427E,UCK,LS,Combustion,,İskender Gökalp,UUB,Pazartesi,09:30/12:29,D110,50,25,,"UCK, UCKE, UZB, UZBE",,
14891,MAK 211E,MAK,LS,Probability and Statistics,,Hakan Öksüzoğlu,MKB,Cuma,14:30/17:29,D380B,60,35,,"IML, MAK",,
14894,JEO 355E,JEO,LS,Sedimentology,,Gülsen Uçarkuş,MDB,Çarşamba,13:30/15:29,A202,13,13,,"JEO, JEOM",,
14895,JEO 256E,JEO,LS,Structural Geology,,Boris Nataline,MDB,Perşembe,11:30/14:29,A302,25,28,,"JEO, JEOM",,
14910,TER 201,TER,LS,Termodinamik,,Emin Fuad Kent,EEB,Cuma,08:30/11:29,5203,40,7,,"CEV, CHZ, DEN, EHB, GEM, ISL, JEO, KMM, KOM, KOME, KON, PET",,
14912,KON 314E,KON,LS,Control System Design,,Emre Dincel,,Pazartesi | Cuma,15:30/17:29 | 14:00/15:59,,40,37,,"KOM, KOME",,
14915,ITA 201,ITA,LS,İtalyanca III,,Martina Lucia Leone,,Cuma,08:30/12:29,,20,8,,Tüm Lisans ve Lisansüstü Programlar,,
14922,DFH 254E,DFH,LS,Maritime Conventions,,Gizem Kayişoğlu,DZB,Perşembe,15:30/17:29,---,30,16,,DUI,,
14943,DUI 461E,DUI,LS,Ship Surveying Procedures,,Gizem Çevik,DZB,Çarşamba,11:30/13:29,---,70,58,,DUI,,
14944,DUI 461E,DUI,LS,Ship Surveying Procedures,,Gizem Çevik,DZB,Çarşamba,13:30/15:29,---,70,16,,DUI,,
14945,PEM 222,PEM,LS,Toprak Bilgisi,,--,MMB,Cuma,14:00/15:59,---,0,0,,PEM,,
14979,CAB 269,CAB,LS,3 Telli Kemençe III,,Neva Özgen Kösoğlu,TMB,Pazartesi,15:30/17:29,---,5,0,,"MTR, MUT, MUZ, MZT",,
14985,YZV 475E,YZV,LS,Data Visualization,,Sefer Baday,EEB,Perşembe,09:30/12:29,5103,30,27,,"BLGE, YZVE",,
14986,YZV 447E,YZV,LS,Cognitive Neuroscience,,Didem Gökçay,,Pazartesi | Cuma,16:30/18:29 | 16:30/18:29,,25,20,,YZVE,,
14987,DAN 101,DAN,LS,Akademik Danışmanlık,,--,,Çarşamba,15:30/17:29,,0,0,,YZVE,,
15032,MST 222,MST,LS,Marine Electronics,,Ali Sinan Çabuk,EEB,Perşembe,13:30/16:29,5106,50,3,,"DUIK, GEMK, GMIK, MEN, MTM, NAE",,
15033,MST 241,MST,LS,Marine Electrotechnics,,Ali Sinan Çabuk,EEB,Çarşamba,12:30/15:29,5204,50,21,,"GEMK, GMIK, MEN, MENM, NAE",,
15034,MEN 201,MEN,LS,Marine Diesel Engines I,,Halil Saraçoğlu,GDB,Cuma,14:00/16:59,R409,50,42,,"GEMK, GMIK, MEN, MENM, NAE, NAEM",,
15035,NAE 201,NAE,LS,Practical Training-I,,Murat Durmaz,GDB | ---,,/,,50,21,,"GEMK, NAE",,
15036,NAE 301,NAE,LS,Practical Training-II,,Murat Durmaz,GDB | ---,,/,,50,23,,"GEMK, NAE",,
15037,NAE 311,NAE,LS,Ship Theory,,Metin Taylan,"GDB
GDB | D311
R409",Salı | Cuma,11:30/13:29 | 10:30/12:29,,50,28,,"GEMK, NAE, NAEM",,
15038,NAE 321,NAE,LS,Ship Hydrodynamics,,Emin Korkut,"GDB
GDB | 410
D303",Salı | Çarşamba,08:30/11:29 | 08:30/10:29,,50,29,,"GEMK, NAE, NAEM",,
15039,ENR 301,ENR,LS,Heat Transfer,,Murat Durmaz,GDB,Çarşamba,15:30/18:29,D308,50,20,,"GEMK, GMIK, MEN, MENM, NAE",,
15040,MST 331,MST,LS,Shipping Finance,,Erdem Üçer,GDB,Cuma,08:30/10:29,R409,50,26,,"DUIK, GEMK, GMIK, MEN, MTM, NAE",,
15041,NAE 341,NAE,LS,Structural Design of Ships,,İbrahim Tuğrul Ardıç,GDB,Perşembe,09:30/12:29,D303,50,9,,"GEMK, NAE",,
15042,NAE 312,NAE,LS,Ship Design,,Cihad Delen,GDB,Salı,13:30/16:29,R402,40,5,,"GEMK, NAE, NAEM",,
15051,HSS 301,HSS,LS,Research Methods & Statistics,,Burcu Erbaş,GDB,Salı,13:30/16:29,D406,50,30,,"DUIK, GEMK, GMIK, MEN, MTM, NAE",,
15052,MST 311,MST,LS,Maritime Law I,,Hasan Murat Demirkıran,GDB,Cuma,10:30/12:29,D407,50,19,,"DUIK, GEMK, GMIK, MEN, MTM, NAE",,
15053,MEN 411,MEN,LS,Marine Auxialiary Machinery II,,Ahmet Ergün Palaz,GDB,Cuma,14:00/16:59,D407,50,14,,"GEMK, GMIK, MEN, MENM, NAE",,
15054,NAE 411,NAE,LS,Ship Design Project I,,Murat Durmaz,GDB,Çarşamba,10:30/12:29,R409,40,7,,"GEMK, NAE",,
15059,NAE 421,NAE,LS,Ship Motions and Maneuvering,,Erdem Üçer,GDB,Perşembe,10:30/14:29,D407,50,19,,"GEMK, NAE, NAEM",,
15060,NAE 431,NAE,LS,Sailing Vessel Design,,Şakir Bal,GDB,Cuma,08:30/10:29,D308,50,10,,"GEMK, MEN, NAE",,
15061,NAE 461,NAE,LS,Mechanics of Marine Structures,,Serdar Turgut İnce,GDB,Çarşamba,14:30/16:29,D407,50,5,,"GEMK, MEN, NAE",,
15062,NAE 402,NAE,LS,Graduation Design Project,,Murat Durmaz,GDB | ---,,/,,50,12,,"GEMK, NAE",,
15063,NAE 401,NAE,LS,Practical Training-III,,Murat Durmaz,GDB | ---,,/,,50,15,,"GEMK, NAE",,
15064,NAE 101,NAE,LS,Int.to Nav.Arch.&Mar.Eng.&Eth.,,Cihad Delen,GDB,Salı,10:30/12:29,R409,65,61,,NAE,,
15065,DFH 494E,DFH,LS,Intercult.Comm.in Marit.Domain,,Seda Çınar Alabay,DZB,Salı,11:30/13:29,---,30,11,,DUI,,
15066,DFH 494E,DFH,LS,Intercult.Comm.in Marit.Domain,,Seda Çınar Alabay,DZB,Çarşamba,13:30/15:29,---,30,26,,DUI,,
15067,MTH 108,MTH,LS,Calculus II,,Gülçin Mihriye Muslu,"INB
INB | B102
B102",Perşembe | Cuma,13:30/16:29 | 08:30/11:29,,20,4,,"SCE, SGI, SIN",,
15068,EEE 101E,EEE,LS,Intr.Elect.&Elec.Eng.&Eng.Eth.,,Tayfun Akgül,EEB,Çarşamba,10:30/12:29,5207,60,51,,EEE,,
15069,MMD 101E,MMD,LS,Intr.to Maritime Bus.Administ.,,Kaya Tokmakçıoğlu,MED,Pazartesi,10:30/12:29,B36,40,25,,MMD,,
15070,MMD 111E,MMD,LS,Intr. to Business Analytics,,Raziye Selim,MED,Çarşamba,13:30/16:29,A34,40,25,,MMD,,
15071,MMD 102E,MMD,LS,Ethics for Maritime Business,,İdil Vedia Evcimen,MED,Perşembe,10:30/12:29,B34,30,25,,MMD,,
15072,MMD 211E,MMD,LS,Accounting&Financial Stat.Anl.,,Kaya Tokmakçıoğlu,MED,Çarşamba,09:30/12:29,B32,29,8,,MMD,,
15075,IAD 204E,IAD,LS,History&Theo.in Inte.Archit.II,,Meltem Çetinel Yeti,MMB,Pazartesi,09:30/12:29,---,50,11,,IAD,,
15076,IAD 233E,IAD,LS,Building Materials,,Mehmet Serkan Yatağan,"MMB
MMB | 307
305",Salı | Çarşamba,14:30/16:29 | 15:30/17:29,,40,13,,IAD,,
15077,EFN 424E,EFN,LS,Financial Management,,Ahmet Göncü,MED,Çarşamba,12:30/15:29,B37,30,1,,"EFN, MMD",,
15078,IML 312,IML,LS,İmal Usülleri II,,Şafak Yılmaz,"MKB
MKB | D381B
D381B",Salı | Perşembe,13:30/15:29 | 13:30/15:29,,40,5,,IML,,
15081,ENT 456E,ENT,LS,Fashion Accessories Design,,Melike Şenel,MMB,Cuma,08:30/11:29,307,35,35,,"ENTE, ENTM, EUT, EUTE, EUTM",,
15082,MMD 203E,MMD,LS,Research Methods,,Fuat Kosanoğlu,EEB,Cuma,09:30/12:29,5206,30,6,,MMD,,
15083,MMD 207E,MMD,LS,Marine Tourism,,Fırat Bolat,MED,Cuma,17:30/19:29,B34,30,7,,MMD,,
15084,MMD 213E,MMD,LS,Maritime Policy,,Muhsin Kadıoğlu,MED,Cuma,14:30/17:29,B34,30,7,,MMD,,
15086,EHB 211E,EHB,LS,Basics of Electrical Circuits,,Nizamettin Aydın,GDB,Çarşamba,12:30/15:29,D311,150,106,,"BLG, BLGE, CEN",,
15087,BLG 337E,BLG,LS,Principles of Computer Comm.,,Abdül Halim Zaim,INB,Pazartesi,14:30/17:29,A205,80,95,,"BLG, BLGE, CEN",,
15088,SBP 311E,SBP,LS,Prj.V:Spatial Plan.&Urb.Dev.,,Numan Kılınç,"MMB
MMB | 203C
203C",Salı | Cuma,13:30/17:29 | 14:00/17:59,,19,19,,"SBP, SBPE, SBPM",,
15090,DEN 341E,DEN,LS,Ship Theory,,Hakan Akyıldız,GDB,Çarşamba,08:30/11:29,409,60,37,,"DEN, DENE",,
15091,RES 107E,RES,LS,Technical Drawing,,İhsan Burak Kulga,MDB,Perşembe,14:30/17:29,B207,75,75,,"PET, PETE, PETM",,
15093,CAB 107,CAB,LS,Bağlama I,,Cihangir Terzi,TMB | ---,,/,,5,1,,"CAB, CEB",,
15094,CAB 107,CAB,LS,Bağlama I,,Adnan Koç,TMB | ---,,/,,5,1,,"CAB, CEB",,
15095,CAB 107,CAB,LS,Bağlama I,,Erdem Şimşek,TMB | ---,,/,,5,1,,"CAB, CEB",,
15096,CAB 123,CAB,LS,Flüt I,,Cem Önertürk,TMB | ---,,/,,5,2,,"CAB, CEB",,
15097,CAB 139,CAB,LS,Kemane I,,Kadir Verim,TMB | ---,,/,,5,1,,"CAB, CEB",,
15098,CAB 115,CAB,LS,Mey I,,Cem Ekmen,TMB | ---,,/,,5,3,,"CAB, CEB",,
15099,CAB 113,CAB,LS,Ney I,,Burak Malçok,TMB | ---,,/,,5,1,,"CAB, CEB",,
15100,CAB 109,CAB,LS,Ud I,,Sarper Eroğlu,TMB | ---,,/,,5,1,,"CAB, CEB",,
15101,CAB 135,CAB,LS,Viyola I,,Barış Kerem Bahar,TMB | ---,,/,,5,1,,"CAB, CEB",,
15102,CAB 133,CAB,LS,Viyolonsel I,,Cenk Öztürk,TMB | ---,,/,,5,3,,"CAB, CEB",,
15103,MTR 406,MTR,LS,Dikte ve Deşifre II,,Göktan Ay,TMB,Salı,10:30/12:29,---,10,4,,MTR,,
15104,MUZ 322,MUZ,LS,Alan Araştırma Metodları,,Süleyman Şenel,TMB,Salı,09:30/12:29,---,10,3,,"CAB, CEB, ETMM, MTR, MUT, MUZ, MZT, SES, THO",,
15105,MTR 222,MTR,LS,Makam Teorisi IV,,Göktan Ay,"TMB
TMB | ---
---",Pazartesi | Çarşamba,13:30/15:29 | 10:30/12:29,,10,2,,THO,,
15106,MUZ 494,MUZ,LS,Müzik Sosyolojisine Giriş,,Yalçın Çetinkaya,TMB,Salı,13:30/15:29,---,10,5,,"BST, CAB, CEB, KMP, MTR, MUT",,
15107,KMP 198,KMP,LS,Konturpuan-Füg II,,Ayhan Gunca,TMB,Salı,08:30/10:29,---,10,5,,"CAB, CEB, MTR",,
15108,MTR 405,MTR,LS,Dikte ve Deşifre I,,Göktan Ay,TMB,Salı,13:30/15:29,---,10,6,,MTR,,
15109,CAB 457,CAB,LS,Bağlama VII,,Engin Şafak Gürler,TMB,Perşembe,08:30/10:29,---,5,0,,"MTR, SES",,
15110,MTR 308,MTR,LS,Teori Uygulama IV,,Gülay Karamahmutoğlu,TMB,Salı,15:30/17:29,---,10,8,,MTR,,
15114,MUK 203E,MUK,LS,Strength of Materials I,,İbrahim Tuğrul Ardıç,GDB,Salı,08:30/11:29,D304,50,17,,NAE,,
15115,MAT 202E,MAT,LS,Numerical Methods,,Serdar Turgut İnce,GDB,Çarşamba,10:30/13:29,D407,50,7,,NAE,,
15116,MTR 202,MTR,LS,Makam Teorisi IV,,Şirin Karadeniz,"TMB
TMB
TMB | ---
---
---",Pazartesi | Salı | Perşembe,15:30/17:29 | 08:30/10:29 | 10:30/12:29,,14,12,,"MTR, MUT, MUZ, MZT, SES",,
15117,MTR 204,MTR,LS,Müzik Teorisi IV,,Ufuk Biçak,"TMB
TMB
TMB | ---
---
---",Pazartesi | Salı | Cuma,13:30/15:29 | 13:30/15:29 | 16:00/17:59,,10,6,,"MTR, MUT, MUZ, MZT, SES",,
15122,BIL 100E,BIL,LS,Intr.to Prog.Language(PYTHON),,Evren Dağlarlı,,Çarşamba,09:30/12:29,,50,44,,IND,,
15123,BIL 100E,BIL,LS,Intr.to Prog.Language(PYTHON),,Erke Arıbaş,,Çarşamba,15:30/18:29,,60,56,,EFN,,
15124,BIL 100E,BIL,LS,Intr.to Prog.Language(PYTHON),,Berfin Kalay,,Cuma,14:00/16:59,,50,41,,ARC,,
15125,MAT 281E,MAT,LS,Linear Algebra and Applicat.,,Vasil Tabatadze,INB,Çarşamba,14:30/17:29,D202,85,92,,CEN,,
15126,CEN 101E,CEN,LS,Intr. to Information Systems,,Nizamettin Aydın,INB,Pazartesi,08:30/11:29,B302,62,60,,CEN,,
15127,CEN 113E,CEN,LS,Intr.toComp.Eng.and Ethics,,Abdül Halim Zaim,GDB,Salı,08:30/10:29,D303,62,60,,CEN,,
15128,CEN 351E,CEN,LS,Microcomputer Lab.,,--,MED,Salı,10:30/12:29,---,0,0,,CEN,,
15129,CEN 231E,CEN,LS,Digital Circuits,,Nizamettin Aydın,INB,Pazartesi,14:30/17:29,B206,65,61,,CEN,,
15152,JEO 307E,JEO,LS,Geochemistry,,Nurgül Çelik Balcı,MDB,Çarşamba,08:30/11:29,B206,70,56,,"JEO, JEOM",,
15154,BEB 121,BEB,LS,Spor ve Teknoloji,,Birgül Arslanoğlu,DZB,Perşembe,09:30/12:29,---,50,12,,DUI,,
15155,DAN 101,DAN,LS,Akademik Danışmanlık,,Kadir Sarıöz,GDB,Çarşamba,15:30/17:29,409,100,1,,DEN,,
15156,JDF 410E,JDF,LS,Deformation Measurements,,Serdar Erol,INB,Salı,10:30/12:29,---,10,1,,"GEO, GEOE, JDF",,
15157,UCK 372E,UCK,LS,Experimental Engineering,,"Halit Süleyman Türkmen, Duygu Erdem, İsmail Bayezit",UUB,Salı,12:30/15:29,---,8,12,,"UCK, UCKE, UZB, UZBE",,
15158,UCK 337E,UCK,LS,Introduction to Optimization,,İsmail Bayezit,UUB,Salı,09:30/12:29,D109,40,16,,"UCK, UCKM, UZBE, UZBM",,
15160,EFN 306E,EFN,LS,Financial Markets&Institutions,,Erhan Çetinkaya,GDB,Cuma,09:30/12:29,D309,30,2,,EFN,,
15161,PAZ 217,PAZ,LS,Public Speaking,,Pelin Gökalp Yılmazer,MKB,Cuma,09:30/12:29,D381A,40,6,,"SMT, STP",,
15162,NAE 211,NAE,LS,Ship Geometry,,Murat Durmaz,GDB,Çarşamba,12:30/15:29,R402,40,9,,"GEMK, MEN, NAE, NAEM",,
15163,ENR 221,ENR,LS,Num.Analysis of Eng.Sys,,Serdar Turgut İnce,GDB,Çarşamba,16:30/18:29,D407,50,15,,"GEMK, GMIK, MEN, NAE",,
15164,CAB 405,CAB,LS,Tar VII,,Ahmet Serhat Turunç,TMB | ---,,/,,5,1,,"CAB, CEB",,
15165,GMI 114E,GMI,LS,Materials Scie.&Manufact.Mth.,,Necip Ünlü,GDB,Pazartesi,10:30/12:29,D406,40,19,,"MEN, NAE",,
15170,SBP 227E,SBP,LS,Physical Environmental Control,,Tarık Serhat Bozkurt,MMB,Pazartesi,09:30/12:29,3407,20,12,,"SBP, SBPE, SBPM",,
15171,MTO 214,MTO,LS,Atmosfer Termodinamiği,,Kasım Koçak,"UUB
UUB | D215
D214",Salı | Çarşamba,12:30/14:29 | 08:30/10:29,,25,26,,MTO,,
15172,MAD 415E,MAD,LS,Cement Technology,,Hasan Ergin,MDB,Salı,08:30/11:29,A203,30,13,,"MAD, MADE",,
15173,DFH 203E,DFH,LS,Basic Swimming Skills,,Hakan Çap,DZB,Salı,13:30/15:29,---,25,12,,MTM,,
15193,ARC 301E,ARC,LS,Int.to Build. Inf. Model.(BIM),,İbrahim Serkan Uysal,MMB,Salı,13:30/17:29,---,30,4,,ARC,,
15200,MAD 213,MAD,LS,Maden Üretim Teknolojisi,,Ataç Başçetin,MDB,Perşembe,11:30/13:29,A205,80,72,,CHZ,,
15204,PET 457E,PET,LS,Individual Study,,--,"MDB
MDB | ---
---",Pazartesi | Salı,11:30/13:29 | 12:30/13:29,,0,0,,"PET, PETE, PETM",,
15205,DAN 101,DAN,LS,Akademik Danışmanlık,,Hüseyin Güven,INB,Çarşamba,15:30/17:29,---,30,7,,"CEV, CEVE",,
15206,DAN 101,DAN,LS,Akademik Danışmanlık,,--,INB,Çarşamba,15:30/17:29,---,0,0,,"CEV, CEVE",,
15207,DUI 461E,DUI,LS,Ship Surveying Procedures,,Fırat Bolat,DZB,Pazartesi,15:30/17:29,---,50,45,,DUI,,
15208,MIM 4085E,MIM,LS,Byzantine Heritage inİstanbul,,Bilge Ar,MMB,Çarşamba,13:30/15:29,313,15,22,,"MIM, MIME",,
15210,DAN 101,DAN,LS,Akademik Danışmanlık,,Mehmet Ufuk Özerman,INB,Çarşamba,15:30/17:29,---,30,3,,"GEO, GEOE",,
15211,EEF 205E,EEF,LS,Introduction to Logic Design,,Mustafa Altun,EEB,Cuma,08:30/11:29,6309,93,93,,"EEE, EHB, EHBE, ELK, ELKE, KOM, KOME",,
15212,EHB 335E,EHB,LS,Analog Electronic Circuits,,--,EEB,Çarşamba,08:30/11:29,---,0,0,,"EHB, EHBE, ELE, ELH, TEL",,
15213,DFH 497E,DFH,LS,Org.Mngt &Behavior in Maritime,,Dilek Mürüvvet Görgüç,DZB,Perşembe,14:30/17:29,---,30,8,,MMD,,
15214,MMD 209E,MMD,LS,Transportation Planning&Mng.,,Pelin Bolat,DZB,Perşembe,10:30/13:29,---,30,7,,MMD,,
15215,STA 201E,STA,LS,Statics,,Sedat Kömürcü,MDB,Cuma,08:30/11:29,A205,80,81,,"DEN, DENE, EEE, EHB, EHBE, ELE, ELH, ELK, ELKE, GEM, GEME, GEMK, JEO, JEOE, KOM, KOME, MAD, MADE, MAK, MAKE, TEK, TEL, UCK, UCKE, UZB, UZBE",,
15216,MIM 4084,MIM,LS,İstanbul'un Tarih.Büyük Prj.,,Nejat Turgut Saner,MMB,Salı,10:30/12:29,3401,20,20,,MIM,,
15226,ENR 211,ENR,LS,Engineering Mechanics,,İsmail Yalçın,GDB,Salı,14:30/17:29,D302,20,5,,NAE,,
15228,MOD 237,MOD,LS,Visual Design Concepts III,,Ezgi Çılgın Çınar,"MKB
MKB | 451
453",Çarşamba | Perşembe,13:30/15:29 | 08:30/10:29,,40,16,,SMT,,
15237,MAT 210,MAT,LS,Mühendislik Matematiği,,"Bahtiyar Efe, Deniz Demirhan",UUB,Salı,08:30/12:29,D210,60,31,,MTO,,
15238,CHZ 310,CHZ,LS,Cevher Haz. Tesis Otomasyonu,,Kudret Tahsin Perek,MDB,Çarşamba,08:30/10:29,A203,40,21,,"CHZ, CHZM",,
15240,ENR 201,ENR,LS,Fluid Mechanics,,Burcu Erbaş,"GDB
GDB | D302
D302",Salı | Perşembe,11:30/13:29 | 12:30/13:29,,10,9,,"NAE, NAEM",,
15241,CHZ 312E,CHZ,LS,Metallurgy I,,Fatma Arslan,MDB,Çarşamba,13:30/15:29,---,50,26,,"CHZ, CHZE",,
15245,CAB 419,CAB,LS,Klarnet VII,,Ünsal Çeliksu,TMB | ---,,/,,5,1,,"CAB, CEB",,
15246,UCK 360E,UCK,LS,Automatic Control I,,Elbrus Caferov,UUB,Perşembe,14:30/17:29,D213,40,3,,"UCK, UCKE, UZBE, UZBM",,
15247,ULP 102,ULP,LS,NewBeg.Fresh.Sem.&Serv toL. II,,Deniz Turgay Altılar,EEB,Pazartesi,08:30/10:29,---,0,0,,"MBI, MCB, SBL, SCE, SDU, SEK, SEN, SGM, SIN, SIS, SMT, STP",,
15248,GEO 314,GEO,LS,Jeodezi-II ve Projeksiyonlar,,--,INB,Salı,14:30/17:29,---,0,0,,GEO,,
15249,GID 419E,GID,LS,Enzymes in Food Production,,Derya Kahveci Karıncaoğlu,KMB,Perşembe,09:30/12:29,---,25,3,,"GID, GIDE",,
15250,JEO 305E,JEO,LS,Geochemistry,,Nurgül Çelik Balcı,MDB,Çarşamba,08:30/11:29,---,70,4,,"JEO, JEOE, JEOM",,
15251,JEO 343,JEO,LS,Sondaj Tekniği,,Erkan Bozkurtoğlu,MDB,Cuma,14:00/16:59,B206,50,44,,"JEO, JEOE, JEOM",,
15252,JEO 317,JEO,LS,Jeoloji Haritalr & Kartografya,,Ufuk Tarı,MDB,Salı,08:30/11:29,---,45,45,,JEO,,
15253,JEO 351,JEO,LS,Jeoistatistik,,"Fuat Yavuz, Demet Yıldırım",MDB,Salı,13:30/15:29,A203,50,24,,"JEO, JEOE, JEOM",,
15255,MTR 404,MTR,LS,İleri Müzik Teorisi IV,,Mehmet Özkan,"TMB
TMB | ---
---",Pazartesi | Salı,13:30/15:29 | 13:30/15:29,,15,4,,MTR,,
15256,SBP 492,SBP,LS,Bitirme Çalışması,,Başak Demireş Özkul,MMB | ---,,/,,500,2,,SBP,,
15257,SBP 492E,SBP,LS,Final Project,,Başak Demireş Özkul,MMB | ---,,/,,500,3,,SBPE,,
15258,MTH 402,MTH,LS,Uçuş Mekaniği & Uygulamaları,,İlker Üstoğlu,,Salı,12:30/15:29,,50,41,,KOM,,
15259,MTH 401E,MTH,LS,RISC-V Architecture &Processor,,"Hasan Erdem Yantır, Ufuk Saim Günay",,Çarşamba,14:00/16:59,,50,50,,"EHB, EHBE",,
15260,KON 306,KON,LS,Bilgisayar Kontrollü Sistemler,,Metin Gökaşan,EEB,Pazartesi,11:30/15:29,---,50,15,,KOM,,
15261,KON 218,KON,LS,Ölçme Tekniği ve Algılayıcılar,,Yücel Aydın,EEB,Salı,13:30/17:29,5105,50,27,,"EHB, ELK, KOM, MKN",,
15262,DAN 101,DAN,LS,Akademik Danışmanlık,,"Ece Olcay Güneş, Suat İlhan, İlker Üstoğlu",,Çarşamba,15:30/17:29,,300,11,,"EHB, EHBE, ELK, ELKE, KOM, KOME",,
15263,MAK 107,MAK,LS,Makina Tasarımına Giriş,,Cevat Erdem İmrak,MKB,Perşembe,08:30/11:29,R354,60,66,,"IML, MAK",,
15264,MAK 107,MAK,LS,Makina Tasarımına Giriş,,Serpil Kurt Habiboğlu,MKB,Perşembe,08:30/11:29,R358,60,43,,"IML, MAK",,
15265,MAK 107,MAK,LS,Makina Tasarımına Giriş,,Yusuf Ziya Kocabal,MKB,Perşembe,08:30/11:29,R362,60,76,,"IML, MAK",,
15266,MAK 107,MAK,LS,Makina Tasarımına Giriş,,Yusuf Ziya Kocabal,MKB,Cuma,08:30/11:29,R358,60,72,,"IML, MAK",,
15267,MAK 198,MAK,LS,Atölye: İşSağ.&Güv. Mak.Elema.,,Serpil Kurt Habiboğlu,MKB,Salı,08:30/10:29,A201,80,39,,"IML, MAK",,
15268,MAK 198,MAK,LS,Atölye: İşSağ.&Güv. Mak.Elema.,,Yusuf Ziya Kocabal,MKB,Salı,08:30/10:29,A101,80,14,,"IML, MAK",,
15269,MAK 198,MAK,LS,Atölye: İşSağ.&Güv. Mak.Elema.,,İsmail Yalçın Uralcan,MKB,Salı,08:30/10:29,R362,80,32,,"IML, MAK",,
15270,MAK 198,MAK,LS,Atölye: İşSağ.&Güv. Mak.Elema.,,"Cevat Erdem İmrak, Adem Candaş",MKB,Çarşamba,08:30/10:29,A101,80,62,,"IML, MAK",,
15271,CEV 301E,CEV,LS,Chemical Processes,,Habibullah Uzun,INB,Perşembe,12:30/15:29,B203,50,50,,"CEV, CEVE",,
15272,DAN 102,DAN,LS,Girişimcilik & Kariyer Danış.,,Numan Kılınç,MMB,Çarşamba,15:30/17:29,---,5,4,,"SBP, SBPE",,
15273,GID 409,GID,LS,Proses Kontrol,,Fatma Ebru Fıratlıgil,KMB,Cuma,10:30/12:29,---,5,1,,GID,,
15274,CAB 418,CAB,LS,Kaval VIII,,Cihan Yurtcu,TMB | ---,,/,,5,1,,"CAB, CEB",,
15275,THO 413,THO,LS,Jest-Mimik,,--,TMB,Cuma,09:30/12:29,---,0,0,,THO,,
15276,THO 445,THO,LS,Köy Seyirlik Oyunları I,,Eyüp Uzunkaya,"TMB
TMB | ---
---",Perşembe | Cuma,13:30/15:29 | 14:00/15:59,,5,2,,THO,,
15277,DAN 101,DAN,LS,Akademik Danışmanlık,,Sinan Çakır,DZB,Çarşamba,15:30/17:29,---,5,4,,GMI,,
15278,DAN 102,DAN,LS,Girişimcilik & Kariyer Danış.,,Gazi Koçak,DZB,Çarşamba,15:30/17:29,---,15,15,,GMI,,
15279,GMI 171E,GMI,LS,Maritime English I,,Müjgan Özenir,DZB,Salı,08:30/10:29,---,10,6,,GMI,,
15280,GMI 384E,GMI,LS,Engine Room Simulator (ERS) I,,Metin Çelik,DZB,Pazartesi,10:30/13:29,---,16,16,,GMI,,
15281,GMI 488E,GMI,LS,Surveying Procedures,,Fırat Bolat,DZB,Salı,11:30/13:29,---,34,34,,GMI,,
15282,ENT 431E,ENT,LS,User-Experience Design,,Gizem Ünaler,MMB,Cuma,08:30/11:29,---,30,32,,"ENTE, ENTM, EUT, EUTE, EUTM",,
15283,MUZ 121,MUZ,LS,Müzik Tarihi I,,Yalçın Çetinkaya,TMB,Salı,15:30/17:29,---,10,10,,"CAB, CEB, MTR, MUT, SES",,
15284,INS 335E,INS,LS,Advanced Strength of Materials,,Hale Ergün,INB,Cuma,14:30/17:29,A101,50,13,,"INS, INSE",,
15285,FIZ 214EL,FIZ,LS,Wave Physics Laboratory,,Seda Aksoy Esinoğlu,FEB,Perşembe,13:30/15:29,---,40,38,,FIZ,,
15286,EHB 211E,EHB,LS,Basics of Electrical Circuits,,Sheida Faraji,EEB,Çarşamba,12:30/15:29,5105,100,104,,"BLG, BLGE, CEN",,
15292,MAK 200,MAK,LS,Atölye,,İsmail Yalçın Uralcan,MKB | ---,,/,,200,0,,"IML, MAK",,
15293,ENT 454E,ENT,LS,Traditional Handcrafts,,Gülname Turan,MMB,Salı,08:30/11:29,---,30,30,,"ENTE, ENTM, EUT, EUTE, EUTM",,
15294,MAT 201E,MAT,LS,Differential Equations,,Oğuzcan İnal,UUB,Perşembe,08:30/12:29,D-Z09,75,80,,"UCK, UZBE",,
15295,INS 433,INS,LS,Betonarme II,,Tülay Aksu Özkul,"INB
INB | A3
B304",Pazartesi | Salı,13:30/15:29 | 10:30/12:29,,20,13,,INS,,
15296,INS 336E,INS,LS,Theory of Structures II,,Pınar Teymür,"INB
INB | A103
A103",Perşembe | Cuma,08:30/10:29 | 14:30/16:29,,50,11,,"AIN, INS, INSE",,
15297,DAN 101,DAN,LS,Akademik Danışmanlık,,Murat Yılmaz,,Çarşamba,15:30/17:29,,500,3,,"AIN, INS, INSE, SCE, SIN",,
15298,THO 2653,THO,LS,Vurmalı Çalgılar II,,Erkan Kanat,TMB,Perşembe,10:30/12:29,---,5,0,,THO,,
15299,CAB 361,CAB,LS,Ney V,,Burak Malçok,TMB,Çarşamba,10:30/12:29,---,5,1,,"CGM6, CGM7, CGM8, MTR",,
15300,CAB 1101,CAB,LS,Keman I,,İbragım Orazov,TMB,Pazartesi,13:30/15:29,---,5,1,,"MTR, MUT, MUZ, MZT",,
15301,JEO 331,JEO,LS,Petrografi,,Şenel Özdamar,MDB,Perşembe,13:30/16:29,---,10,1,,MAD,,
15307,MAD 101E,MAD,LS,Tech.Draw.Appl.in Mining Eng.,,Hakan Tunçdemir,MDB,Cuma,08:30/11:29,---,48,37,,MAD,,
15308,KON 403E,KON,LS,Control Laboratory,,Ali Fuat Ergenç,EEB,Salı,14:30/16:29,---,24,23,,"KOM, KOME",,
15312,JEO 424,JEO,LS,Volkanoloji,,--,MDB,Cuma,09:30/12:29,---,0,0,,JEO,,
15313,DUI 402,DUI,LS,Deniz Hukuku II,,Hakan Muran,DZB,Cuma,14:30/17:29,---,40,21,,DUI,,
15314,MUT 386,MUT,LS,Serbest Proje Çalışması II,,Sair Sinan Kestelli,TMB | ---,,/,,5,1,,"MUT, MZT",,
15315,MUT 486,MUT,LS,Serbest Proje Çalışması IV,,Sair Sinan Kestelli,TMB | ---,,/,,5,1,,"MUT, MZT",,
15319,ATA 121,ATA,LS,Atatürk İlk & İnkılap Trh I,,Burcu Kurt,,Pazartesi,15:30/17:29,,70,70,,"ARC, BIO, BIOE, BLG, BLGE, CEN, CEV, CEVE, CHZ, CHZE, DEN, DENE, DUI, DUIE, ECNE, EEE, EFN, EHB, EHBE, ELE, ELH, ELK, ELKE, END, ENDE, ENTE, ESS, EUT, EUTE, FIZ, FIZE, GEM, GEME, GEMK, GEO, GEOE, GID, GIDE, GMI, GMIE, ICM, IML, IMLE, IND, INS, INSE, ISL, ISLE, JDF, JEF, JEFE, JEO, JEOE, KIM, KIME, KMM, KMME, KOM, KOME, MAD, MADE, MAK, MAKE, MAT, MATE, MEN, MET, METE, MIM, MIME, MMD, MTM, MTO, MTOE, PEM, PEME, PET, PETE, SAO, SBP, SBPE, TEK, TEKE, TEL, THO, UCK, UCKE, UZB, UZBE, YZVE",,
15320,DFH 172E,DFH,LS,Maritime English I,,Seda Çınar Alabay,DZB,Pazartesi,12:30/14:29,---,20,2,,"DUI, MMD, MTM",,
15321,ENR 221,ENR,LS,Num.Analysis of Eng.Sys,,Ata Bilgili,DZB,Salı,10:30/12:29,---,10,6,,"GEMK, GMIK, MEN, NAE",,
15322,ENR 201,ENR,LS,Fluid Mechanics,,Banu Tansel Büyükçelebi,DZB,Çarşamba,17:30/20:29,---,10,15,,"DUIK, GEMK, GMIK, MEN, MTM, NAE, NAEM",,
15323,MST 211,MST,LS,Maritime Conventions,,Tanju Kurtuluş,DZB,Çarşamba,12:30/14:29,---,10,2,,"DUIK, GEMK, GMIK, MEN, MTM, MTTM, NAE",,
15324,MTH 204,MTH,LS,Linear Algebra,,Sabire Cömert,DZB,Çarşamba,17:30/20:29,---,10,3,,"ARC, DUIK, GEMK, GMIK, MEN, MTM, NAE",,
15325,MST 262,MST,LS,Maritime English II,,Müjgan Özenir,DZB,Salı,17:30/19:29,---,20,13,,"GEMK, GMIK, MEN, NAE",,
15326,MST 272,MST,LS,Marit. Human Resources Manag.,,Leyla Tavacıoğlu,DZB,Salı,12:30/14:29,---,20,10,,"DUIK, GEMK, GMIK, MEN, MTM, NAE",,
15327,MST 452,MST,LS,Port Management,,Tanzer Satır,DZB,Pazartesi,12:30/14:29,---,20,18,,"DUIK, GEMK, GMIK, MEN, MTM, NAE",,
15328,MEN 412,MEN,LS,Engine Room Simulator (ERS) II,,Kemal Demirel,DZB,Çarşamba,12:30/15:29,---,5,6,,"GMIK, MEN",,
15329,HSS 202,HSS,LS,General English-II,,Müjgan Özenir,DZB,Salı,10:30/12:29,---,20,4,,"DUIK, GEMK, GMIK, MEN, MTM, NAE",,
15330,MST 402,MST,LS,Mar.Sec. & Quality Manag. Sys,,Yunus Emre Şenol,DZB,Perşembe,09:30/11:29,---,20,9,,"DUIK, GMIK, MEN, MENM, MTM, MTTM",,
15331,MST 412,MST,LS,Ship Surveying Procedures,,Tanju Kurtuluş,DZB,Perşembe,15:30/17:29,---,20,20,,"DUIK, GEMK, GMIK, MEN, MTM, NAE",,
15333,KON 307E,KON,LS,Programming Techniq.in Control,,Emre Dincel,EEB,Perşembe,10:30/12:29,---,12,11,,"KOM, KOME, KON, KONE",,
15334,CAB 457,CAB,LS,Bağlama VII,,Metin Eke,TMB,Perşembe,13:30/15:29,---,5,1,,"CGM1, CGM6, CGM7, CGM8, MTR, SES",,
15335,KON 409,KON,LS,Bitirme Tasarım Prj. Giriş,,Hakan Temeltaş,EEB,Perşembe,10:30/12:29,---,50,1,,KOM,,
15336,KON 409E,KON,LS,Int. to Senior Design Project,,Hakan Temeltaş,EEB,Perşembe,12:30/14:29,---,50,0,,"KOM, KOME",,
15337,ITA 101,ITA,LS,İtalyanca I,,Martina Lucia Leone,,Salı,13:00/16:59,,25,22,,Tüm Lisans ve Lisansüstü Programlar,,
15338,ITA 102,ITA,LS,İtalyanca II,,--,,Cuma,08:30/12:29,,0,1,,Tüm Lisans ve Lisansüstü Programlar,,
15339,DAN 301,DAN,LS,Kariyer Danışmanlığı,,Mustafa Gençoğlu,INB,Çarşamba,15:30/17:29,---,100,9,,"AIN, INS, INSE, SCE, SIN",,
15340,CEV 329E,CEV,LS,Solid Waste Management,,"Osman Atilla Arıkan, Hüseyin Güven",INB,Salı,08:30/12:29,B302,0,8,,"CEV, CEVE",,
15341,ATA 101,ATA,LS,Atatürk İlk & İnkılap Trh I,,İsmail Kandil,,Cuma,08:30/10:29,,15,9,,"SDU, SGM",,
15342,DFH 491E,DFH,LS,Maritime Security,,Pelin Bolat,DZB,Cuma,08:30/10:29,---,10,8,,DUI,,
15343,ITB 301,ITB,LS,Yeni Medya ve İletişim,,Adem Dönmez,FEB,Perşembe,09:30/12:29,L400,30,0,,"BIO, BLG, BST, CAB, CEV, CHZ, DEN, DUI, EHB, ELK, END, EUT, FIZ, GEM, GEO, GID, GMI, ICM, IML, INS, ISL, JEF, JEO, KIM, KMM, KMP, KOM, MAD, MAK, MAT, MET, MIM, MTO, MTR, MUT, MUZ, MZT, PEM, PET, SBP, SES, TEB, UCK, UZB",,
15345,DAN 301,DAN,LS,Kariyer Danışmanlığı,,Alper Gürarslan,MKB,Çarşamba,15:30/17:29,---,50,12,,"TEK, TEKE",,
15346,TUR 101,TUR,LS,Türk Dili I,,Gülsün Nakıboğlu,,Salı,15:30/17:29,,35,8,,SIS,,
15348,GEO 205E,GEO,LS,Engineering Ethics,,Zaide Duran,INB,Perşembe,08:30/10:29,---,10,1,,"GEO, GEOE",,
15349,MST 252,MST,LS,Radio Watchkeeping,,Alaaddin Yıldıray Ertaş,"DZB
DZB | ---
---",Perşembe | Perşembe,11:30/13:29 | 15:30/16:29,,10,1,,"DUIK, GEMK, GMIK, MEN, MTM, NAE",,
15350,DUI 4901E,DUI,LS,MaritimeTrans.Mng.Eng.Design I,,Yunus Emre Şenol,DZB | ---,,/,,10,1,,DUI,,
15351,DUI 4902E,DUI,LS,MaritimeTrans.Mng.Eng.DesignII,,Yunus Emre Şenol,DZB | ---,,/,,10,0,,DUI,,
15352,DAN 301,DAN,LS,Kariyer Danışmanlığı,,Emrecan Söylemez,MKB,Çarşamba,15:30/17:29,---,50,1,,"IML, IMLE, MAK, MAKE",,
