CRN,Ders Kodu,Branş,Seviye,Ders Adı,Öğretim Yöntemi,Öğretim Üyesi,Bina,Gün,Saat,Derslik,Kontenjan,Yazılan,Rezervasyon,Alabilen Programlar,Önşart,Sınıf/Kredi Önşartı
10089,KIM 104,KIM,LS,Organik Kimya,,"İbrahim Ersin Serhatlı, Hacer Ayşen Önen",,Çarşamba,12:30/15:29,,80,75,,"GID, KIMM, KMM",,
10090,KIM 104,KIM,LS,Organik Kimya,,--,,Çarşamba,12:30/15:29,,0,0,,"GID, KIMM, KMM",,
10091,KIM 104L,KIM,LS,Organik Kimya Lab.,,"Hacer Ayşen Önen, İbrahim Ersin Serhatlı",,Perşembe,08:30/10:29,,100,78,,"GID, KMM",,
10092,KIM 111,KIM,LS,Genel Kimya I,,İsmail Yılmaz,,Pazartesi | Salı,10:30/12:29 | 11:30/13:29,,40,40,,"KIM, KIMM",,
10093,KIM 111,KIM,LS,Genel Kimya I,,Makbule Koçak,,Pazartesi | Salı,10:30/12:29 | 11:30/13:29,,40,34,,"KIM, KIMM",,
10094,KIM 111L,KIM,LS,Genel Kimya I Lab,,"İsmail Yılmaz, Makbule Koçak",,Salı,09:30/11:29,,80,70,,KIM,,
10095,KIM 111L,KIM,LS,Genel Kimya I Lab,,--,,Salı,09:30/11:29,,0,0,,KIM,,
10096,KIM 113,KIM,LS,Kimyaya Giriş ve Etik,,Barış Yücel,,Çarşamba,13:30/15:29,,100,82,,KIM,,
10097,KIM 114,KIM,LS,Genel Kimya II,,"Zehra Bayır, Ozan Sanlı Şentürk",,Pazartesi | Çarşamba,11:30/13:29 | 10:30/12:29,,30,19,,"KIM, KIMM",,
10098,KIM 114L,KIM,LS,Genel Kimya II Lab.,,"Zehra Bayır, Ozan Sanlı Şentürk",,Pazartesi,13:30/16:29,,30,17,,KIM,,
10099,KIM 202,KIM,LS,Fiziksel Kimya,,"Esma Sezer, Bahire Filiz Şenkal",,Pazartesi,14:30/17:29,,70,38,,"BIO, CEV, CHZ, DEN, DUI, ELE, ELH, ELK, GEM, GID, GMI, INS, JEO, KIMM, KMM, KMMM, KYD, MAD, MET, PET, TEL",,
10100,KIM 202E,KIM,LS,Physical Chemistry,,Argun Talat Gökçeören,,Pazartesi,14:30/17:29,,45,25,,"BIOE, CEV, CEVE, CHZE, DENE, ELKE, GEME, GEMK, GIDE, INS, INSE, JEOE, KMM, KMME, MADE, METE, PETE",,
10101,KIM 202E,KIM,LS,Physical Chemistry,,Erdem Yavuz,,Pazartesi,14:30/17:29,,45,45,,"BIOE, CEV, CEVE, CHZE, DENE, ELKE, GEME, GEMK, GIDE, INS, INSE, JEOE, KMM, KMME, MADE, METE, PETE",,
10102,KIM 202EL,KIM,LS,Physical Chemistry Lab,,"Esma Sezer, Bahire Filiz Şenkal, Orhan Güney",,Cuma,08:30/10:29,,40,14,,"KMM, KMME, PET",,
10103,KIM 203,KIM,LS,Analitik Kimya,,Gülçin Yılmaz,,Pazartesi,14:30/17:29,,50,35,,"BIO, CHZ, DEN, ELE, ELH, ELK, GEM, JEO, MAD, MET, PET, TEL",,
10104,KIM 203E,KIM,LS,Analytical Chemistry,,Ferah Çalışır,,Pazartesi,14:30/17:29,,50,48,,"BIO, BIOE, CHZ, CHZE, DEN, DENE, ELE, ELH, ELK, ELKE, GEM, GEME, GEMK, JEO, JEOE, MAD, MADE, MET, METE, PET, PETE, TEL",,
10105,KIM 203E,KIM,LS,Analytical Chemistry,,Sevgi Güney,,Pazartesi,14:30/17:29,,50,27,,"BIO, BIOE, CHZ, CHZE, DEN, DENE, ELE, ELH, ELK, ELKE, GEM, GEME, GEMK, JEO, JEOE, MAD, MADE, MET, METE, PET, PETE, TEL",,
10107,KIM 205,KIM,LS,Organik Kimya,,Gönül Yapar,,Çarşamba,08:30/11:29,,50,44,,"BIO, BIOM, CEV, CHZ, DEN, ELE, ELH, ELK, GEM, INS, JEO, KIMM, KYD, MAD, MET, PET, TEL",,
10108,KIM 205E,KIM,LS,Organic Chemistry,,Hakan Durmaz,,Çarşamba,08:30/11:29,,40,40,,"BIOM, CEV, CEVE, CHZE, DENE, ELKE, GEME, GEMK, INS, INSE, JEOE, KIM, KIMM, MADE, MET, METE, PETE, TEKE",,
10109,KIM 205E,KIM,LS,Organic Chemistry,,Nesrin Köken,,Çarşamba,08:30/11:29,,40,17,,"BIOM, CEV, CEVE, CHZE, DENE, ELKE, GEME, GEMK, INS, INSE, JEOE, KIM, KIMM, MADE, MET, METE, PETE, TEKE",,
10110,KIM 205E,KIM,LS,Organic Chemistry,,Abdullah Aydoğan,,Çarşamba,08:30/11:29,,40,39,,"BIOM, CEV, CEVE, CHZE, DENE, ELKE, GEME, GEMK, INS, INSE, JEOE, KIM, KIMM, MADE, MET, METE, PETE, TEKE",,
10111,KIM 206,KIM,LS,Analitik Kimya & Enst Analizi,,Nevin Öztekin,,Salı,14:30/17:29,,50,45,,"GID, KIMM, KMM, KYD",,
10112,KIM 207,KIM,LS,İnorganik Kimya,,Ayfer Kalkan Burat,,Perşembe,14:30/17:29,,50,47,,"CHZ, DEN, ELE, ELH, ELK, FIZ, GEM, JEO, KIMM, KMM, KYD, MAD, PET, TEL",,
10113,KIM 208,KIM,LS,İleri Organik Kimya,,--,,Salı,08:30/11:29,,0,0,,"CHZ, DEN, ELE, ELH, ELK, GEM, JEO, KIMM, KMM, KYD, MAD, PET, TEL",,
10114,KIM 210E,KIM,LS,Intro to Polymer Chemistry,,Barış Kışkan,,Pazartesi,14:30/17:29,,60,50,,"BIO, BIOE, KIM, KIME, KIMM, TEK, TEKE",,
10115,KIM 211E,KIM,LS,Analytical Chemistry,,Ferah Çalışır,,Salı | Cuma,08:30/10:29 | 08:30/10:29,,50,50,,"KIM, KIME, KIMM",,
10116,KIM 211E,KIM,LS,Analytical Chemistry,,İpek Becerik,,Salı | Cuma,08:30/10:29 | 08:30/10:29,,50,36,,"KIM, KIME, KIMM",,
10117,KIM 211L,KIM,LS,Analitik Kimya Lab,,Ferah Çalışır,,Çarşamba,10:30/15:29,,30,0,,KIM,,
10118,KIM 211L,KIM,LS,Analitik Kimya Lab,,"İpek Becerik, Ferah Çalışır",,Çarşamba,10:30/15:29,,80,72,,KIM,,
10119,KIM 219E,KIM,LS,Comp.Applications in Chemistry,,"Abdullah Aydoğan, Cüneyt Hüseyin Ünlü",,Perşembe,13:30/17:29,,80,67,,KIM,,
10120,KIM 223,KIM,LS,Anorganik Kimya I,,Zehra Bayır,,Perşembe,08:30/11:29,,30,32,,"KIM, KIMM",,
10121,KIM 223,KIM,LS,Anorganik Kimya I,,Esin Hamuryudan,,Perşembe,08:30/11:29,,30,30,,"KIM, KIMM",,
10122,KIM 223E,KIM,LS,Inorganic Chemistry I,,Ozan Sanlı Şentürk,,Perşembe,08:30/11:29,,30,21,,"KIM, KIME",,
10123,KIM 224E,KIM,LS,Inorganic Chemistry II,,Altuğ Mert Sevim,,Cuma,08:30/11:29,,30,10,,"KIM, KIME",,
10124,KIM 231,KIM,LS,Organik Kimya I,,Turan Öztürk,,Pazartesi | Salı,12:30/14:29 | 10:30/12:29,,25,24,,"KIM, KIMM",,
10125,KIM 231L,KIM,LS,Organik Kimya Lab. I,,"İbrahim Volkan Kumbaracı, Ufuk Saim Günay",,Perşembe,12:30/17:29,,50,36,,KIM,,
10126,KIM 232,KIM,LS,Organik Kimya II,,Gürkan Hızal,,Pazartesi | Salı,11:30/13:29 | 11:30/13:29,,60,55,,KIM,,
10127,KIM 232,KIM,LS,Organik Kimya II,,Emine Naciye Talınlı,,Salı | Çarşamba,10:30/12:29 | 10:30/12:29,,30,0,,KIM,,
10128,KIM 232L,KIM,LS,Organik Kimya Lab. II,,"Abdullah Aydoğan, Ayşe Özdemir, Nesrin Köken",,Cuma,12:30/17:29,,50,15,,KIM,,
10129,KIM 252,KIM,LS,Kimyasal Termodinamik,,"Nermin Orakdöğen, Oğuz Okay",,Pazartesi,08:30/11:29,,50,35,,"KIM, KIMM",,
10130,BEB 101,BEB,LS,Temel Yüzme Becerisi Öğrenimi,,Kadir Can Çakıcı,,Salı,13:30/15:29,,15,12,,"BIO, BIOE, BLG, BLGE, BST, CAB, CEB, CEV, CEVE, CHZ, CHZE, DEN, DENE, DUI, DUIE, ECNE, EHB, EHBE, ELE, ELH, ELK, ELKE, END, ENDE, ENTE, EUT, EUTE, FIZ, FIZE, GEM, GEME, GEO, GEOE, GID, GIDE, GMI, GMIE, ICM, IML, IMLE, INS, INSE, ISL, ISLE, JDF, JEF, JEFE, JEO, JEOE, KIM, KIME, KMM, KMME, KMP, KOM, KOME, MAD, MADE, MAK, MAKE, MAT, MATE, MET, METE, MIM, MIME, MTO, MTOE, MUT, MUZ, MZT, PEM, PEME, PET, PETE, SBP, SBPE, SES, TEB, TEK, TEKE, TEL, THO, UCK, UCKE, UZB, UZBE",,
10131,KIM 262E,KIM,LS,Int. Quantum Chemistry,,Mine Yurtsever,,Çarşamba,12:30/15:29,,60,52,,"KIM, KIME",,
10132,BIO 301E,BIO,LS,Fundamentals of Biology,,Deniz Şahin,,Çarşamba,08:30/11:29,,70,71,,"BIOM, CHZ, CHZE, DEN, EHB, EHBE, ELE, ELH, ELK, ELKE, FIZ, FIZE, GEM, GID, GIDE, INS, INSE, ISL, ISLE, JEO, JEOE, KIM, KIME, KMM, KMME, KOM, KOME, MAD, MADE, MET, METE, PET, PETE, TEL",,
10133,KIM 303E,KIM,LS,Organic Chemistry I,,"Hacer Ayşen Önen, Okan Sirkecioğlu",,Perşembe,10:30/12:29,,70,63,,"BIO, BIOE, BIOM, KIMM",,
10134,BEB 101,BEB,LS,Temel Yüzme Becerisi Öğrenimi,,Kadir Can Çakıcı,,Çarşamba,10:30/12:29,,17,8,,"BIO, BIOE, BLG, BLGE, BST, CAB, CEB, CEV, CEVE, CHZ, CHZE, DEN, DENE, DUI, DUIE, ECNE, EHB, EHBE, ELE, ELH, ELK, ELKE, END, ENDE, ENTE, EUT, EUTE, FIZ, FIZE, GEM, GEME, GEO, GEOE, GID, GIDE, GMI, GMIE, ICM, IML, IMLE, INS, INSE, ISL, ISLE, JDF, JEF, JEFE, JEO, JEOE, KIM, KIME, KMM, KMME, KMP, KOM, KOME, MAD, MADE, MAK, MAKE, MAT, MATE, MET, METE, MIM, MIME, MTO, MTOE, MUT, MUZ, MZT, PEM, PEME, PET, PETE, SBP, SBPE, SES, TEB, TEK, TEKE, TEL, THO, UCK, UCKE, UZB, UZBE",,
10135,BEB 101,BEB,LS,Temel Yüzme Becerisi Öğrenimi,,Kadir Can Çakıcı,,Çarşamba,13:30/15:29,,17,17,,"BIO, BIOE, BLG, BLGE, BST, CAB, CEB, CEV, CEVE, CHZ, CHZE, DEN, DENE, DUI, DUIE, ECNE, EHB, EHBE, ELE, ELH, ELK, ELKE, END, ENDE, ENTE, EUT, EUTE, FIZ, FIZE, GEM, GEME, GEO, GEOE, GID, GIDE, GMI, GMIE, ICM, IML, IMLE, INS, INSE, ISL, ISLE, JDF, JEF, JEFE, JEO, JEOE, KIM, KIME, KMM, KMME, KMP, KOM, KOME, MAD, MADE, MAK, MAKE, MAT, MATE, MET, METE, MIM, MIME, MTO, MTOE, MUT, MUZ, MZT, PEM, PEME, PET, PETE, SBP, SBPE, SES, TEB, TEK, TEKE, TEL, THO, UCK, UCKE, UZB, UZBE",,
10136,BEB 101,BEB,LS,Temel Yüzme Becerisi Öğrenimi,,Kadir Can Çakıcı,,Cuma,08:30/10:29,,20,17,,"BIO, BIOE, BLG, BLGE, BST, CAB, CEB, CEV, CEVE, CHZ, CHZE, DEN, DENE, DUI, DUIE, ECNE, EHB, EHBE, ELE, ELH, ELK, ELKE, END, ENDE, ENTE, EUT, EUTE, FIZ, FIZE, GEM, GEME, GEO, GEOE, GID, GIDE, GMI, GMIE, ICM, IML, IMLE, INS, INSE, ISL, ISLE, JDF, JEF, JEFE, JEO, JEOE, KIM, KIME, KMM, KMME, KMP, KOM, KOME, MAD, MADE, MAK, MAKE, MAT, MATE, MET, METE, MIM, MIME, MTO, MTOE, MUT, MUZ, MZT, PEM, PEME, PET, PETE, SBP, SBPE, SES, TEB, TEK, TEKE, TEL, THO, UCK, UCKE, UZB, UZBE",,
10137,KIM 303E,KIM,LS,Organic Chemistry I,,--,,Perşembe,10:30/12:29,,0,0,,"BIO, BIOE, BIOM, KIMM",,
10138,BEB 101,BEB,LS,Temel Yüzme Becerisi Öğrenimi,,Kadir Can Çakıcı,,Cuma,14:30/16:29,,20,31,,"BIO, BIOE, BLG, BLGE, BST, CAB, CEB, CEV, CEVE, CHZ, CHZE, DEN, DENE, DUI, DUIE, ECNE, EHB, EHBE, ELE, ELH, ELK, ELKE, END, ENDE, ENTE, EUT, EUTE, FIZ, FIZE, GEM, GEME, GEO, GEOE, GID, GIDE, GMI, GMIE, ICM, IML, IMLE, INS, INSE, ISL, ISLE, JDF, JEF, JEFE, JEO, JEOE, KIM, KIME, KMM, KMME, KMP, KOM, KOME, MAD, MADE, MAK, MAKE, MAT, MATE, MET, METE, MIM, MIME, MTO, MTOE, MUT, MUZ, MZT, PEM, PEME, PET, PETE, SBP, SBPE, SES, TEB, TEK, TEKE, TEL, THO, UCK, UCKE, UZB, UZBE",,
10139,BIO 301E,BIO,LS,Fundamentals of Biology,,Deniz Şahin,,Çarşamba,12:30/15:29,,70,71,,"BIOM, CHZ, CHZE, DEN, EHB, EHBE, ELE, ELH, ELK, ELKE, FIZ, FIZE, GEM, GID, GIDE, INS, INSE, ISL, ISLE, JEO, JEOE, KIM, KIME, KMM, KMME, KOM, KOME, MAD, MADE, MET, METE, PET, PETE, TEL",,
10140,BEB 102,BEB,LS,Yüzme Teknikleri Becerisi Öğr.,,Kadir Can Çakıcı,,Salı,15:30/17:29,,17,15,,"BIO, BIOE, BLG, BLGE, BST, CAB, CEB, CEV, CEVE, CHZ, CHZE, DEN, DENE, DUI, DUIE, ECNE, EHB, EHBE, ELE, ELH, ELK, ELKE, END, ENDE, ENTE, EUT, EUTE, FIZ, FIZE, GEM, GEME, GEO, GEOE, GID, GIDE, GMI, GMIE, ICM, IML, IMLE, INS, INSE, ISL, ISLE, JDF, JEF, JEFE, JEO, JEOE, KIM, KIME, KMM, KMME, KMP, KOM, KOME, MAD, MADE, MAK, MAKE, MAT, MATE, MET, METE, MIM, MIME, MTO, MTOE, MUT, MUZ, MZT, PEM, PEME, PET, PETE, SBP, SBPE, SES, TEB, TEK, TEKE, TEL, THO, UCK, UCKE, UZB, UZBE",,
10142,KIM 311,KIM,LS,Fiziksel Kimya I,,"Candan Erbil, Caner Ünlü",,Pazartesi,08:30/11:29,,70,63,,KIM,,
10143,BEB 102,BEB,LS,Yüzme Teknikleri Becerisi Öğr.,,Damla Ercan,,Salı,08:30/10:29,,14,0,,"BIO, BIOE, BLG, BLGE, BST, CAB, CEB, CEV, CEVE, CHZ, CHZE, DEN, DENE, DUI, DUIE, ECNE, EHB, EHBE, ELE, ELH, ELK, ELKE, END, ENDE, ENTE, EUT, EUTE, FIZ, FIZE, GEM, GEME, GEO, GEOE, GID, GIDE, GMI, GMIE, ICM, IML, IMLE, INS, INSE, ISL, ISLE, JDF, JEF, JEFE, JEO, JEOE, KIM, KIME, KMM, KMME, KMP, KOM, KOME, MAD, MADE, MAK, MAKE, MAT, MATE, MET, METE, MIM, MIME, MTO, MTOE, MUT, MUZ, MZT, PEM, PEME, PET, PETE, SBP, SBPE, SES, TEB, TEK, TEKE, TEL, THO, UCK, UCKE, UZB, UZBE",,
10144,KIM 311,KIM,LS,Fiziksel Kimya I,,Caner Ünlü,,Pazartesi,08:30/11:29,,30,0,,KIM,,
10145,BEB 102,BEB,LS,Yüzme Teknikleri Becerisi Öğr.,,--,,Salı,10:30/12:29,,0,0,,"BIO, BIOE, BLG, BLGE, BST, CAB, CEB, CEV, CEVE, CHZ, CHZE, DEN, DENE, DUI, DUIE, ECNE, EHB, EHBE, ELE, ELH, ELK, ELKE, END, ENDE, ENTE, EUT, EUTE, FIZ, FIZE, GEM, GEME, GEO, GEOE, GID, GIDE, GMI, GMIE, ICM, IML, IMLE, INS, INSE, ISL, ISLE, JDF, JEF, JEFE, JEO, JEOE, KIM, KIME, KMM, KMME, KMP, KOM, KOME, MAD, MADE, MAK, MAKE, MAT, MATE, MET, METE, MIM, MIME, MTO, MTOE, MUT, MUZ, MZT, PEM, PEME, PET, PETE, SBP, SBPE, SES, TEB, TEK, TEKE, TEL, THO, UCK, UCKE, UZB, UZBE",,
10147,BEB 102,BEB,LS,Yüzme Teknikleri Becerisi Öğr.,,Damla Ercan,,Çarşamba,08:30/10:29,,14,0,,"BIO, BIOE, BLG, BLGE, BST, CAB, CEB, CEV, CEVE, CHZ, CHZE, DEN, DENE, DUI, DUIE, ECNE, EHB, EHBE, ELE, ELH, ELK, ELKE, END, ENDE, ENTE, EUT, EUTE, FIZ, FIZE, GEM, GEME, GEO, GEOE, GID, GIDE, GMI, GMIE, ICM, IML, IMLE, INS, INSE, ISL, ISLE, JDF, JEF, JEFE, JEO, JEOE, KIM, KIME, KMM, KMME, KMP, KOM, KOME, MAD, MADE, MAK, MAKE, MAT, MATE, MET, METE, MIM, MIME, MTO, MTOE, MUT, MUZ, MZT, PEM, PEME, PET, PETE, SBP, SBPE, SES, TEB, TEK, TEKE, TEL, THO, UCK, UCKE, UZB, UZBE",,
10148,BEB 103,BEB,LS,Voleybolda Tem.Eğt. ve Bec.Kaz,,Nevzat Sönmez,,Salı,08:30/10:29,,20,16,,"BIO, BIOE, BLG, BLGE, BST, CAB, CEB, CEV, CEVE, CHZ, CHZE, DEN, DENE, DUI, DUIE, ECNE, EHB, EHBE, ELE, ELH, ELK, ELKE, END, ENDE, ENTE, EUT, EUTE, FIZ, FIZE, GEM, GEME, GEO, GEOE, GID, GIDE, GMI, GMIE, ICM, IML, IMLE, INS, INSE, ISL, ISLE, JDF, JEF, JEFE, JEO, JEOE, KIM, KIME, KMM, KMME, KMP, KOM, KOME, MAD, MADE, MAK, MAKE, MAT, MATE, MET, METE, MIM, MIME, MTO, MTOE, MUT, MUZ, MZT, PEM, PEME, PET, PETE, SBP, SBPE, SES, TEB, TEK, TEKE, TEL, THO, UCK, UCKE, UZB, UZBE",,
10149,BEB 103,BEB,LS,Voleybolda Tem.Eğt. ve Bec.Kaz,,Nevzat Sönmez,,Salı,10:30/12:29,,33,32,,"BIO, BIOE, BLG, BLGE, BST, CAB, CEB, CEV, CEVE, CHZ, CHZE, DEN, DENE, DUI, DUIE, ECNE, EHB, EHBE, ELE, ELH, ELK, ELKE, END, ENDE, ENTE, EUT, EUTE, FIZ, FIZE, GEM, GEME, GEO, GEOE, GID, GIDE, GMI, GMIE, ICM, IML, IMLE, INS, INSE, ISL, ISLE, JDF, JEF, JEFE, JEO, JEOE, KIM, KIME, KMM, KMME, KMP, KOM, KOME, MAD, MADE, MAK, MAKE, MAT, MATE, MET, METE, MIM, MIME, MTO, MTOE, MUT, MUZ, MZT, PEM, PEME, PET, PETE, SBP, SBPE, SES, TEB, TEK, TEKE, TEL, THO, UCK, UCKE, UZB, UZBE",,
10150,BIL 100E,BIL,LS,Intr.to Prog.Language(PYTHON),,Halil Bayraktar,,Çarşamba,12:30/15:29,,35,30,,BIOE,,
10151,BEB 103,BEB,LS,Voleybolda Tem.Eğt. ve Bec.Kaz,,Nevzat Sönmez,,Çarşamba,08:30/10:29,,20,20,,"BIO, BIOE, BLG, BLGE, BST, CAB, CEB, CEV, CEVE, CHZ, CHZE, DEN, DENE, DUI, DUIE, ECNE, EHB, EHBE, ELE, ELH, ELK, ELKE, END, ENDE, ENTE, EUT, EUTE, FIZ, FIZE, GEM, GEME, GEO, GEOE, GID, GIDE, GMI, GMIE, ICM, IML, IMLE, INS, INSE, ISL, ISLE, JDF, JEF, JEFE, JEO, JEOE, KIM, KIME, KMM, KMME, KMP, KOM, KOME, MAD, MADE, MAK, MAKE, MAT, MATE, MET, METE, MIM, MIME, MTO, MTOE, MUT, MUZ, MZT, PEM, PEME, PET, PETE, SBP, SBPE, SES, TEB, TEK, TEKE, TEL, THO, UCK, UCKE, UZB, UZBE",,
10152,BEB 103,BEB,LS,Voleybolda Tem.Eğt. ve Bec.Kaz,,Nevzat Sönmez,,Çarşamba,10:30/12:29,,20,19,,"BIO, BIOE, BLG, BLGE, BST, CAB, CEB, CEV, CEVE, CHZ, CHZE, DEN, DENE, DUI, DUIE, ECNE, EHB, EHBE, ELE, ELH, ELK, ELKE, END, ENDE, ENTE, EUT, EUTE, FIZ, FIZE, GEM, GEME, GEO, GEOE, GID, GIDE, GMI, GMIE, ICM, IML, IMLE, INS, INSE, ISL, ISLE, JDF, JEF, JEFE, JEO, JEOE, KIM, KIME, KMM, KMME, KMP, KOM, KOME, MAD, MADE, MAK, MAKE, MAT, MATE, MET, METE, MIM, MIME, MTO, MTOE, MUT, MUZ, MZT, PEM, PEME, PET, PETE, SBP, SBPE, SES, TEB, TEK, TEKE, TEL, THO, UCK, UCKE, UZB, UZBE",,
10153,BEB 103,BEB,LS,Voleybolda Tem.Eğt. ve Bec.Kaz,,Nevzat Sönmez,,Perşembe,08:30/10:29,,21,20,,"BIO, BIOE, BLG, BLGE, BST, CAB, CEB, CEV, CEVE, CHZ, CHZE, DEN, DENE, DUI, DUIE, ECNE, EHB, EHBE, ELE, ELH, ELK, ELKE, END, ENDE, ENTE, EUT, EUTE, FIZ, FIZE, GEM, GEME, GEO, GEOE, GID, GIDE, GMI, GMIE, ICM, IML, IMLE, INS, INSE, ISL, ISLE, JDF, JEF, JEFE, JEO, JEOE, KIM, KIME, KMM, KMME, KMP, KOM, KOME, MAD, MADE, MAK, MAKE, MAT, MATE, MET, METE, MIM, MIME, MTO, MTOE, MUT, MUZ, MZT, PEM, PEME, PET, PETE, SBP, SBPE, SES, TEB, TEK, TEKE, TEL, THO, UCK, UCKE, UZB, UZBE",,
10154,BIL 100E,BIL,LS,Intr.to Prog.Language(PYTHON),,Halil Bayraktar,,Pazartesi,08:30/11:29,,40,42,,BIOE,,
10155,BEB 103,BEB,LS,Voleybolda Tem.Eğt. ve Bec.Kaz,,Nevzat Sönmez,,Perşembe,10:30/12:29,,20,14,,"BIO, BIOE, BLG, BLGE, BST, CAB, CEB, CEV, CEVE, CHZ, CHZE, DEN, DENE, DUI, DUIE, ECNE, EHB, EHBE, ELE, ELH, ELK, ELKE, END, ENDE, ENTE, EUT, EUTE, FIZ, FIZE, GEM, GEME, GEO, GEOE, GID, GIDE, GMI, GMIE, ICM, IML, IMLE, INS, INSE, ISL, ISLE, JDF, JEF, JEFE, JEO, JEOE, KIM, KIME, KMM, KMME, KMP, KOM, KOME, MAD, MADE, MAK, MAKE, MAT, MATE, MET, METE, MIM, MIME, MTO, MTOE, MUT, MUZ, MZT, PEM, PEME, PET, PETE, SBP, SBPE, SES, TEB, TEK, TEKE, TEL, THO, UCK, UCKE, UZB, UZBE",,
10156,KIM 311L,KIM,LS,Fiziksel Kimya Lab. I,,"Candan Erbil, Caner Ünlü",,Perşembe,13:30/17:29,,30,19,,KIM,,
10157,BEB 104,BEB,LS,Tenis Teknik ve Taktik Eğitim,,Pero Duygu Dumangöz,,Salı,13:30/15:29,,15,14,,"BIO, BIOE, BLG, BLGE, BST, CAB, CEB, CEV, CEVE, CHZ, CHZE, DEN, DENE, DUI, DUIE, ECNE, EHB, EHBE, ELE, ELH, ELK, ELKE, END, ENDE, ENTE, EUT, EUTE, FIZ, FIZE, GEM, GEME, GEO, GEOE, GID, GIDE, GMI, GMIE, ICM, IML, IMLE, INS, INSE, ISL, ISLE, JDF, JEF, JEFE, JEO, JEOE, KIM, KIME, KMM, KMME, KMP, KOM, KOME, MAD, MADE, MAK, MAKE, MAT, MATE, MET, METE, MIM, MIME, MTO, MTOE, MUT, MUZ, MZT, PEM, PEME, PET, PETE, SBP, SBPE, SES, TEB, TEK, TEKE, TEL, THO, UCK, UCKE, UZB, UZBE",,
10158,KIM 312E,KIM,LS,Physical Chemistry II,,Orhan Güney,,Pazartesi,14:30/17:29,,40,28,,"KIM, KIME",,
10159,BIO 105E,BIO,LS,General Biology I,,Hakan Bermek,,Çarşamba | Cuma,11:30/12:29 | 08:30/10:29,,50,49,,"BIO, BIOE, BIOM",,
10160,BEB 104,BEB,LS,Tenis Teknik ve Taktik Eğitim,,Pero Duygu Dumangöz,,Salı,15:30/17:29,,20,12,,"BIO, BIOE, BLG, BLGE, BST, CAB, CEB, CEV, CEVE, CHZ, CHZE, DEN, DENE, DUI, DUIE, ECNE, EHB, EHBE, ELE, ELH, ELK, ELKE, END, ENDE, ENTE, EUT, EUTE, FIZ, FIZE, GEM, GEME, GEO, GEOE, GID, GIDE, GMI, GMIE, ICM, IML, IMLE, INS, INSE, ISL, ISLE, JDF, JEF, JEFE, JEO, JEOE, KIM, KIME, KMM, KMME, KMP, KOM, KOME, MAD, MADE, MAK, MAKE, MAT, MATE, MET, METE, MIM, MIME, MTO, MTOE, MUT, MUZ, MZT, PEM, PEME, PET, PETE, SBP, SBPE, SES, TEB, TEK, TEKE, TEL, THO, UCK, UCKE, UZB, UZBE",,
10161,BEB 104,BEB,LS,Tenis Teknik ve Taktik Eğitim,,Pero Duygu Dumangöz,,Çarşamba,08:30/10:29,,12,4,,"BIO, BIOE, BLG, BLGE, BST, CAB, CEB, CEV, CEVE, CHZ, CHZE, DEN, DENE, DUI, DUIE, ECNE, EHB, EHBE, ELE, ELH, ELK, ELKE, END, ENDE, ENTE, EUT, EUTE, FIZ, FIZE, GEM, GEME, GEO, GEOE, GID, GIDE, GMI, GMIE, ICM, IML, IMLE, INS, INSE, ISL, ISLE, JDF, JEF, JEFE, JEO, JEOE, KIM, KIME, KMM, KMME, KMP, KOM, KOME, MAD, MADE, MAK, MAKE, MAT, MATE, MET, METE, MIM, MIME, MTO, MTOE, MUT, MUZ, MZT, PEM, PEME, PET, PETE, SBP, SBPE, SES, TEB, TEK, TEKE, TEL, THO, UCK, UCKE, UZB, UZBE",,
10162,KIM 312L,KIM,LS,Fiziksel Kimya Lab. II,,Orhan Güney,,Salı,13:30/17:29,,30,26,,KIM,,
10163,BEB 104,BEB,LS,Tenis Teknik ve Taktik Eğitim,,Pero Duygu Dumangöz,,Çarşamba,10:30/12:29,,12,8,,"BIO, BIOE, BLG, BLGE, BST, CAB, CEB, CEV, CEVE, CHZ, CHZE, DEN, DENE, DUI, DUIE, ECNE, EHB, EHBE, ELE, ELH, ELK, ELKE, END, ENDE, ENTE, EUT, EUTE, FIZ, FIZE, GEM, GEME, GEO, GEOE, GID, GIDE, GMI, GMIE, ICM, IML, IMLE, INS, INSE, ISL, ISLE, JDF, JEF, JEFE, JEO, JEOE, KIM, KIME, KMM, KMME, KMP, KOM, KOME, MAD, MADE, MAK, MAKE, MAT, MATE, MET, METE, MIM, MIME, MTO, MTOE, MUT, MUZ, MZT, PEM, PEME, PET, PETE, SBP, SBPE, SES, TEB, TEK, TEKE, TEL, THO, UCK, UCKE, UZB, UZBE",,
10164,BEB 104,BEB,LS,Tenis Teknik ve Taktik Eğitim,,Pero Duygu Dumangöz,,Perşembe,10:30/12:29,,20,9,,"BIO, BIOE, BLG, BLGE, BST, CAB, CEB, CEV, CEVE, CHZ, CHZE, DEN, DENE, DUI, DUIE, ECNE, EHB, EHBE, ELE, ELH, ELK, ELKE, END, ENDE, ENTE, EUT, EUTE, FIZ, FIZE, GEM, GEME, GEO, GEOE, GID, GIDE, GMI, GMIE, ICM, IML, IMLE, INS, INSE, ISL, ISLE, JDF, JEF, JEFE, JEO, JEOE, KIM, KIME, KMM, KMME, KMP, KOM, KOME, MAD, MADE, MAK, MAKE, MAT, MATE, MET, METE, MIM, MIME, MTO, MTOE, MUT, MUZ, MZT, PEM, PEME, PET, PETE, SBP, SBPE, SES, TEB, TEK, TEKE, TEL, THO, UCK, UCKE, UZB, UZBE",,
10165,BIO 105E,BIO,LS,General Biology I,,Bülent Balta,,Çarşamba | Cuma,11:30/12:29 | 08:30/10:29,,50,48,,"BIO, BIOE, BIOM",,
10166,KIM 313E,KIM,LS,Structural Organic Chemistry,,Turan Öztürk,,Cuma,08:30/11:29,,20,0,,"BIO, BIOE, KIM, KIME, KMM, KMME",,
10167,BEB 104,BEB,LS,Tenis Teknik ve Taktik Eğitim,,Pero Duygu Dumangöz,,Perşembe,13:30/15:29,,20,15,,"BIO, BIOE, BLG, BLGE, BST, CAB, CEB, CEV, CEVE, CHZ, CHZE, DEN, DENE, DUI, DUIE, ECNE, EHB, EHBE, ELE, ELH, ELK, ELKE, END, ENDE, ENTE, EUT, EUTE, FIZ, FIZE, GEM, GEME, GEO, GEOE, GID, GIDE, GMI, GMIE, ICM, IML, IMLE, INS, INSE, ISL, ISLE, JDF, JEF, JEFE, JEO, JEOE, KIM, KIME, KMM, KMME, KMP, KOM, KOME, MAD, MADE, MAK, MAKE, MAT, MATE, MET, METE, MIM, MIME, MTO, MTOE, MUT, MUZ, MZT, PEM, PEME, PET, PETE, SBP, SBPE, SES, TEB, TEK, TEKE, TEL, THO, UCK, UCKE, UZB, UZBE",,
10168,BEB 104,BEB,LS,Tenis Teknik ve Taktik Eğitim,,Pero Duygu Dumangöz,,Cuma,14:30/16:29,,30,30,,"BIO, BIOE, BLG, BLGE, BST, CAB, CEB, CEV, CEVE, CHZ, CHZE, DEN, DENE, DUI, DUIE, ECNE, EHB, EHBE, ELE, ELH, ELK, ELKE, END, ENDE, ENTE, EUT, EUTE, FIZ, FIZE, GEM, GEME, GEO, GEOE, GID, GIDE, GMI, GMIE, ICM, IML, IMLE, INS, INSE, ISL, ISLE, JDF, JEF, JEFE, JEO, JEOE, KIM, KIME, KMM, KMME, KMP, KOM, KOME, MAD, MADE, MAK, MAKE, MAT, MATE, MET, METE, MIM, MIME, MTO, MTOE, MUT, MUZ, MZT, PEM, PEME, PET, PETE, SBP, SBPE, SES, TEB, TEK, TEKE, TEL, THO, UCK, UCKE, UZB, UZBE",,
10170,KIM 315E,KIM,LS,The Chemistry of Elements,,Özgül Sağlam,,Cuma,14:30/17:29,,25,23,,"KIM, KIME, KIMM",,
10171,BIO 103E,BIO,LS,Int.to Mol.Biol.&Genet.&Ethics,,Ayça Sayı Yazgan,,Çarşamba,13:30/15:29,,100,76,,"BIO, BIOE",,
10175,KIM 318,KIM,LS,Kolloid Kimyası,,Nevin Öztekin,,Çarşamba,12:30/15:29,,20,4,,"KIM, KIMM, KMM",,
10178,KIM 325E,KIM,LS,Intr. to Bioinorganic Chem.,,Behice Şebnem Sesalan,,Pazartesi,08:30/11:29,,20,14,,"KIM, KIME",,
10180,BIO 207E,BIO,LS,Cell Biology,,Aslı Kumbasar,,Salı | Perşembe,13:30/14:29 | 12:30/14:29,,85,89,,"BIO, BIOE, BIOM",,
10181,KIM 326E,KIM,LS,Introduction to Biochemistry,,"Onur Alptürk, Muhammet Übeydullah Kahveci",,Cuma,08:30/11:29,,50,45,,"KIM, KIME, KIMM",,
10183,BEB 111,BEB,LS,Masa Tenisi Tem.Beceri Eğitimi,,Murat Bilgin,,Cuma,10:30/12:29,,8,0,,"BIO, BIOE, BLG, BLGE, BST, CAB, CEB, CEV, CEVE, CHZ, CHZE, DEN, DENE, DUI, DUIE, ECNE, EHB, EHBE, ELE, ELH, ELK, ELKE, END, ENDE, ENTE, EUT, EUTE, FIZ, FIZE, GEM, GEME, GEO, GEOE, GID, GIDE, GMI, GMIE, ICM, IML, IMLE, INS, INSE, ISL, ISLE, JDF, JEF, JEFE, JEO, JEOE, KIM, KIME, KMM, KMME, KMP, KOM, KOME, MAD, MADE, MAK, MAKE, MAT, MATE, MET, METE, MIM, MIME, MTO, MTOE, MUT, MUZ, MZT, PEM, PEME, PET, PETE, SBP, SBPE, SES, TEB, TEK, TEKE, TEL, THO, UCK, UCKE, UZB, UZBE",,
10184,KIM 414,KIM,LS,Gıda Kimyası,,Cüneyt Hüseyin Ünlü,,Çarşamba,08:30/11:29,,25,16,,"BIO, KIM, KIMM",,
10185,BEB 111,BEB,LS,Masa Tenisi Tem.Beceri Eğitimi,,Serra Ayşe Çakar,,Cuma,14:30/16:29,,8,0,,"BIO, BIOE, BLG, BLGE, BST, CAB, CEB, CEV, CEVE, CHZ, CHZE, DEN, DENE, DUI, DUIE, ECNE, EHB, EHBE, ELE, ELH, ELK, ELKE, END, ENDE, ENTE, EUT, EUTE, FIZ, FIZE, GEM, GEME, GEO, GEOE, GID, GIDE, GMI, GMIE, ICM, IML, IMLE, INS, INSE, ISL, ISLE, JDF, JEF, JEFE, JEO, JEOE, KIM, KIME, KMM, KMME, KMP, KOM, KOME, MAD, MADE, MAK, MAKE, MAT, MATE, MET, METE, MIM, MIME, MTO, MTOE, MUT, MUZ, MZT, PEM, PEME, PET, PETE, SBP, SBPE, SES, TEB, TEK, TEKE, TEL, THO, UCK, UCKE, UZB, UZBE",,
10186,BEB 111,BEB,LS,Masa Tenisi Tem.Beceri Eğitimi,,Serra Ayşe Çakar,,Perşembe,10:30/12:29,,12,0,,"BIO, BIOE, BLG, BLGE, BST, CAB, CEB, CEV, CEVE, CHZ, CHZE, DEN, DENE, DUI, DUIE, ECNE, EHB, EHBE, ELE, ELH, ELK, ELKE, END, ENDE, ENTE, EUT, EUTE, FIZ, FIZE, GEM, GEME, GEO, GEOE, GID, GIDE, GMI, GMIE, ICM, IML, IMLE, INS, INSE, ISL, ISLE, JDF, JEF, JEFE, JEO, JEOE, KIM, KIME, KMM, KMME, KMP, KOM, KOME, MAD, MADE, MAK, MAKE, MAT, MATE, MET, METE, MIM, MIME, MTO, MTOE, MUT, MUZ, MZT, PEM, PEME, PET, PETE, SBP, SBPE, SES, TEB, TEK, TEKE, TEL, THO, UCK, UCKE, UZB, UZBE",,
10187,BEB 111,BEB,LS,Masa Tenisi Tem.Beceri Eğitimi,,--,,Perşembe,13:30/15:29,,0,0,,"BIO, BIOE, BLG, BLGE, BST, CAB, CEB, CEV, CEVE, CHZ, CHZE, DEN, DENE, DUI, DUIE, ECNE, EHB, EHBE, ELE, ELH, ELK, ELKE, END, ENDE, ENTE, EUT, EUTE, FIZ, FIZE, GEM, GEME, GEO, GEOE, GID, GIDE, GMI, GMIE, ICM, IML, IMLE, INS, INSE, ISL, ISLE, JDF, JEF, JEFE, JEO, JEOE, KIM, KIME, KMM, KMME, KMP, KOM, KOME, MAD, MADE, MAK, MAKE, MAT, MATE, MET, METE, MIM, MIME, MTO, MTOE, MUT, MUZ, MZT, PEM, PEME, PET, PETE, SBP, SBPE, SES, TEB, TEK, TEKE, TEL, THO, UCK, UCKE, UZB, UZBE",,
10188,BIO 207EL,BIO,LS,Cell Biology Lab.,,Aslı Kumbasar,,Salı,08:30/11:29,,80,60,,"BIO, BIOE, BIOM",,
10189,BEB 111,BEB,LS,Masa Tenisi Tem.Beceri Eğitimi,,Serra Ayşe Çakar,,Perşembe,15:30/17:29,,12,0,,"BIO, BIOE, BLG, BLGE, BST, CAB, CEB, CEV, CEVE, CHZ, CHZE, DEN, DENE, DUI, DUIE, ECNE, EHB, EHBE, ELE, ELH, ELK, ELKE, END, ENDE, ENTE, EUT, EUTE, FIZ, FIZE, GEM, GEME, GEO, GEOE, GID, GIDE, GMI, GMIE, ICM, IML, IMLE, INS, INSE, ISL, ISLE, JDF, JEF, JEFE, JEO, JEOE, KIM, KIME, KMM, KMME, KMP, KOM, KOME, MAD, MADE, MAK, MAKE, MAT, MATE, MET, METE, MIM, MIME, MTO, MTOE, MUT, MUZ, MZT, PEM, PEME, PET, PETE, SBP, SBPE, SES, TEB, TEK, TEKE, TEL, THO, UCK, UCKE, UZB, UZBE",,
10190,BEB 111,BEB,LS,Masa Tenisi Tem.Beceri Eğitimi,,Serra Ayşe Çakar,,Cuma,10:30/12:29,,8,0,,"BIO, BIOE, BLG, BLGE, BST, CAB, CEB, CEV, CEVE, CHZ, CHZE, DEN, DENE, DUI, DUIE, ECNE, EHB, EHBE, ELE, ELH, ELK, ELKE, END, ENDE, ENTE, EUT, EUTE, FIZ, FIZE, GEM, GEME, GEO, GEOE, GID, GIDE, GMI, GMIE, ICM, IML, IMLE, INS, INSE, ISL, ISLE, JDF, JEF, JEFE, JEO, JEOE, KIM, KIME, KMM, KMME, KMP, KOM, KOME, MAD, MADE, MAK, MAKE, MAT, MATE, MET, METE, MIM, MIME, MTO, MTOE, MUT, MUZ, MZT, PEM, PEME, PET, PETE, SBP, SBPE, SES, TEB, TEK, TEKE, TEL, THO, UCK, UCKE, UZB, UZBE",,
10191,KIM 422,KIM,LS,Endüstriyel Kimya,,Bünyamin Karagöz,,Çarşamba,08:30/11:29,,60,46,,"KIM, KIMM",,
10192,BIO 317E,BIO,LS,Molecular Genetics,,"Arzu Karabay Korkmaz, Ceren Çıracı",,Pazartesi,11:30/14:29,,80,75,,"BIO, BIOE, BIOM",,
10193,BEB 114,BEB,LS,Futsal Temel Beceri Eğitim,,Murat Bilgin,,Pazartesi,13:30/15:29,,21,16,,"BIO, BIOE, BLG, BLGE, BST, CAB, CEB, CEV, CEVE, CHZ, CHZE, DEN, DENE, DUI, DUIE, ECNE, EHB, EHBE, ELE, ELH, ELK, ELKE, END, ENDE, ENTE, EUT, EUTE, FIZ, FIZE, GEM, GEME, GEO, GEOE, GID, GIDE, GMI, GMIE, ICM, IML, IMLE, INS, INSE, ISL, ISLE, JDF, JEF, JEFE, JEO, JEOE, KIM, KIME, KMM, KMME, KMP, KOM, KOME, MAD, MADE, MAK, MAKE, MAT, MATE, MET, METE, MIM, MIME, MTO, MTOE, MUT, MUZ, MZT, PEM, PEME, PET, PETE, SBP, SBPE, SES, TEB, TEK, TEKE, TEL, THO, UCK, UCKE, UZB, UZBE",,
10194,BEB 114,BEB,LS,Futsal Temel Beceri Eğitim,,Murat Bilgin,,Pazartesi,15:30/17:29,,20,19,,"BIO, BIOE, BLG, BLGE, BST, CAB, CEB, CEV, CEVE, CHZ, CHZE, DEN, DENE, DUI, DUIE, ECNE, EHB, EHBE, ELE, ELH, ELK, ELKE, END, ENDE, ENTE, EUT, EUTE, FIZ, FIZE, GEM, GEME, GEO, GEOE, GID, GIDE, GMI, GMIE, ICM, IML, IMLE, INS, INSE, ISL, ISLE, JDF, JEF, JEFE, JEO, JEOE, KIM, KIME, KMM, KMME, KMP, KOM, KOME, MAD, MADE, MAK, MAKE, MAT, MATE, MET, METE, MIM, MIME, MTO, MTOE, MUT, MUZ, MZT, PEM, PEME, PET, PETE, SBP, SBPE, SES, TEB, TEK, TEKE, TEL, THO, UCK, UCKE, UZB, UZBE",,
10195,BEB 115,BEB,LS,Atletizm Temel Eğitimi,,Damla Ercan,,Pazartesi,08:30/10:29,,20,20,,"BIO, BIOE, BLG, BLGE, BST, CAB, CEB, CEV, CEVE, CHZ, CHZE, DEN, DENE, DUI, DUIE, ECNE, EHB, EHBE, ELE, ELH, ELK, ELKE, END, ENDE, ENTE, EUT, EUTE, FIZ, FIZE, GEM, GEME, GEO, GEOE, GID, GIDE, GMI, GMIE, ICM, IML, IMLE, INS, INSE, ISL, ISLE, JDF, JEF, JEFE, JEO, JEOE, KIM, KIME, KMM, KMME, KMP, KOM, KOME, MAD, MADE, MAK, MAKE, MAT, MATE, MET, METE, MIM, MIME, MTO, MTOE, MUT, MUZ, MZT, PEM, PEME, PET, PETE, SBP, SBPE, SES, TEB, TEK, TEKE, TEL, THO, UCK, UCKE, UZB, UZBE",,
10196,BEB 115,BEB,LS,Atletizm Temel Eğitimi,,Damla Ercan,,Pazartesi,10:30/12:29,,20,20,,"BIO, BIOE, BLG, BLGE, BST, CAB, CEB, CEV, CEVE, CHZ, CHZE, DEN, DENE, DUI, DUIE, ECNE, EHB, EHBE, ELE, ELH, ELK, ELKE, END, ENDE, ENTE, EUT, EUTE, FIZ, FIZE, GEM, GEME, GEO, GEOE, GID, GIDE, GMI, GMIE, ICM, IML, IMLE, INS, INSE, ISL, ISLE, JDF, JEF, JEFE, JEO, JEOE, KIM, KIME, KMM, KMME, KMP, KOM, KOME, MAD, MADE, MAK, MAKE, MAT, MATE, MET, METE, MIM, MIME, MTO, MTOE, MUT, MUZ, MZT, PEM, PEME, PET, PETE, SBP, SBPE, SES, TEB, TEK, TEKE, TEL, THO, UCK, UCKE, UZB, UZBE",,
10197,KIM 425,KIM,LS,Su Kimyası,,Behice Şebnem Sesalan,,Salı,08:30/11:29,,20,7,,"KIM, KIMM",,
10198,BEB 115,BEB,LS,Atletizm Temel Eğitimi,,Damla Ercan,,Pazartesi,13:30/15:29,,20,20,,"BIO, BIOE, BLG, BLGE, BST, CAB, CEB, CEV, CEVE, CHZ, CHZE, DEN, DENE, DUI, DUIE, ECNE, EHB, EHBE, ELE, ELH, ELK, ELKE, END, ENDE, ENTE, EUT, EUTE, FIZ, FIZE, GEM, GEME, GEO, GEOE, GID, GIDE, GMI, GMIE, ICM, IML, IMLE, INS, INSE, ISL, ISLE, JDF, JEF, JEFE, JEO, JEOE, KIM, KIME, KMM, KMME, KMP, KOM, KOME, MAD, MADE, MAK, MAKE, MAT, MATE, MET, METE, MIM, MIME, MTO, MTOE, MUT, MUZ, MZT, PEM, PEME, PET, PETE, SBP, SBPE, SES, TEB, TEK, TEKE, TEL, THO, UCK, UCKE, UZB, UZBE",,
10199,BEB 115,BEB,LS,Atletizm Temel Eğitimi,,Damla Ercan,,Perşembe,15:30/17:29,,20,16,,"BIO, BIOE, BLG, BLGE, BST, CAB, CEB, CEV, CEVE, CHZ, CHZE, DEN, DENE, DUI, DUIE, ECNE, EHB, EHBE, ELE, ELH, ELK, ELKE, END, ENDE, ENTE, EUT, EUTE, FIZ, FIZE, GEM, GEME, GEO, GEOE, GID, GIDE, GMI, GMIE, ICM, IML, IMLE, INS, INSE, ISL, ISLE, JDF, JEF, JEFE, JEO, JEOE, KIM, KIME, KMM, KMME, KMP, KOM, KOME, MAD, MADE, MAK, MAKE, MAT, MATE, MET, METE, MIM, MIME, MTO, MTOE, MUT, MUZ, MZT, PEM, PEME, PET, PETE, SBP, SBPE, SES, TEB, TEK, TEKE, TEL, THO, UCK, UCKE, UZB, UZBE",,
10200,KIM 427,KIM,LS,Seramik Kimyası,,Gülcemal Yıldız,,Salı,14:30/17:29,,25,22,,"KIM, KIMM, KMM",,
10201,BEB 116,BEB,LS,Badminton Temel Beceri Eğitimi,,Murat Bilgin,,Perşembe,08:30/10:29,,15,14,,"BIO, BIOE, BLG, BLGE, BST, CAB, CEB, CEV, CEVE, CHZ, CHZE, DEN, DENE, DUI, DUIE, ECNE, EHB, EHBE, ELE, ELH, ELK, ELKE, END, ENDE, ENTE, EUT, EUTE, FIZ, FIZE, GEM, GEME, GEO, GEOE, GID, GIDE, GMI, GMIE, ICM, IML, IMLE, INS, INSE, ISL, ISLE, JDF, JEF, JEFE, JEO, JEOE, KIM, KIME, KMM, KMME, KMP, KOM, KOME, MAD, MADE, MAK, MAKE, MAT, MATE, MET, METE, MIM, MIME, MTO, MTOE, MUT, MUZ, MZT, PEM, PEME, PET, PETE, SBP, SBPE, SES, TEB, TEK, TEKE, TEL, THO, UCK, UCKE, UZB, UZBE",,
10202,BEB 116,BEB,LS,Badminton Temel Beceri Eğitimi,,Murat Bilgin,,Perşembe,13:30/15:29,,17,15,,"BIO, BIOE, BLG, BLGE, BST, CAB, CEB, CEV, CEVE, CHZ, CHZE, DEN, DENE, DUI, DUIE, ECNE, EHB, EHBE, ELE, ELH, ELK, ELKE, END, ENDE, ENTE, EUT, EUTE, FIZ, FIZE, GEM, GEME, GEO, GEOE, GID, GIDE, GMI, GMIE, ICM, IML, IMLE, INS, INSE, ISL, ISLE, JDF, JEF, JEFE, JEO, JEOE, KIM, KIME, KMM, KMME, KMP, KOM, KOME, MAD, MADE, MAK, MAKE, MAT, MATE, MET, METE, MIM, MIME, MTO, MTOE, MUT, MUZ, MZT, PEM, PEME, PET, PETE, SBP, SBPE, SES, TEB, TEK, TEKE, TEL, THO, UCK, UCKE, UZB, UZBE",,
10203,KIM 429,KIM,LS,Yeşil Kimya,,Füsün Şeyma Güngör Kışkan,,Cuma,08:30/11:29,,25,18,,"KIM, KIMM",,
10204,BEB 116,BEB,LS,Badminton Temel Beceri Eğitimi,,Murat Bilgin,,Salı,15:30/17:29,,18,13,,"BIO, BIOE, BLG, BLGE, BST, CAB, CEB, CEV, CEVE, CHZ, CHZE, DEN, DENE, DUI, DUIE, ECNE, EHB, EHBE, ELE, ELH, ELK, ELKE, END, ENDE, ENTE, EUT, EUTE, FIZ, FIZE, GEM, GEME, GEO, GEOE, GID, GIDE, GMI, GMIE, ICM, IML, IMLE, INS, INSE, ISL, ISLE, JDF, JEF, JEFE, JEO, JEOE, KIM, KIME, KMM, KMME, KMP, KOM, KOME, MAD, MADE, MAK, MAKE, MAT, MATE, MET, METE, MIM, MIME, MTO, MTOE, MUT, MUZ, MZT, PEM, PEME, PET, PETE, SBP, SBPE, SES, TEB, TEK, TEKE, TEL, THO, UCK, UCKE, UZB, UZBE",,
10205,BEB 116,BEB,LS,Badminton Temel Beceri Eğitimi,,Murat Bilgin,,Cuma,14:30/16:29,,20,20,,"BIO, BIOE, BLG, BLGE, BST, CAB, CEB, CEV, CEVE, CHZ, CHZE, DEN, DENE, DUI, DUIE, ECNE, EHB, EHBE, ELE, ELH, ELK, ELKE, END, ENDE, ENTE, EUT, EUTE, FIZ, FIZE, GEM, GEME, GEO, GEOE, GID, GIDE, GMI, GMIE, ICM, IML, IMLE, INS, INSE, ISL, ISLE, JDF, JEF, JEFE, JEO, JEOE, KIM, KIME, KMM, KMME, KMP, KOM, KOME, MAD, MADE, MAK, MAKE, MAT, MATE, MET, METE, MIM, MIME, MTO, MTOE, MUT, MUZ, MZT, PEM, PEME, PET, PETE, SBP, SBPE, SES, TEB, TEK, TEKE, TEL, THO, UCK, UCKE, UZB, UZBE",,
10206,BEB 118,BEB,LS,Genel Kond.ve Vücut Geliştirme,,Serra Ayşe Çakar,,Pazartesi,08:30/10:29,,25,23,,"BIO, BIOE, BLG, BLGE, BST, CAB, CEB, CEV, CEVE, CHZ, CHZE, DEN, DENE, DUI, DUIE, ECNE, EHB, EHBE, ELE, ELH, ELK, ELKE, END, ENDE, ENTE, EUT, EUTE, FIZ, FIZE, GEM, GEME, GEO, GEOE, GID, GIDE, GMI, GMIE, ICM, IML, IMLE, INS, INSE, ISL, ISLE, JDF, JEF, JEFE, JEO, JEOE, KIM, KIME, KMM, KMME, KMP, KOM, KOME, MAD, MADE, MAK, MAKE, MAT, MATE, MET, METE, MIM, MIME, MTO, MTOE, MUT, MUZ, MZT, PEM, PEME, PET, PETE, SBP, SBPE, SES, TEB, TEK, TEKE, TEL, THO, UCK, UCKE, UZB, UZBE",,
10207,BEB 118,BEB,LS,Genel Kond.ve Vücut Geliştirme,,Serra Ayşe Çakar,,Salı,08:30/10:29,,20,16,,"BIO, BIOE, BLG, BLGE, BST, CAB, CEB, CEV, CEVE, CHZ, CHZE, DEN, DENE, DUI, DUIE, ECNE, EHB, EHBE, ELE, ELH, ELK, ELKE, END, ENDE, ENTE, EUT, EUTE, FIZ, FIZE, GEM, GEME, GEO, GEOE, GID, GIDE, GMI, GMIE, ICM, IML, IMLE, INS, INSE, ISL, ISLE, JDF, JEF, JEFE, JEO, JEOE, KIM, KIME, KMM, KMME, KMP, KOM, KOME, MAD, MADE, MAK, MAKE, MAT, MATE, MET, METE, MIM, MIME, MTO, MTOE, MUT, MUZ, MZT, PEM, PEME, PET, PETE, SBP, SBPE, SES, TEB, TEK, TEKE, TEL, THO, UCK, UCKE, UZB, UZBE",,
10208,BEB 120,BEB,LS,Spor ve Temel Bilimler,,Birgül Arslanoğlu,,Pazartesi,13:30/16:29,,20,13,,"BIO, BLG, BST, CAB, CEB, CEV, CHZ, DEN, DUI, EHB, ELE, ELH, ELK, END, EUT, FIZ, GEM, GEO, GID, GMI, ICM, IML, INS, ISL, JDF, JEF, JEO, KIM, KMM, KMP, KOM, MAD, MAK, MAT, MET, MIM, MTO, MTR, MUT, MUZ, MZT, PEM, PET, SBP, SES, TEB, TEK, TEL, THO, UCK, UZB",,
10209,BEB 121,BEB,LS,Spor ve Teknoloji,,Birgül Arslanoğlu,,Perşembe,09:30/12:29,,20,7,,"BIO, BLG, BST, CAB, CEB, CEV, CHZ, DEN, DUI, EHB, ELE, ELH, ELK, END, EUT, FIZ, GEM, GEO, GID, GMI, ICM, IML, INS, ISL, JDF, JEF, JEO, KIM, KMM, KMP, KOM, MAD, MAK, MAT, MET, MIM, MTO, MTR, MUT, MUZ, MZT, PEM, PET, SBP, SES, TEB, TEK, TEL, THO, UCK, UZB",,
10210,BIL 100E,BIL,LS,Intr.to Prog.Language(PYTHON),,Ömer Özyıldırım,,Pazartesi | Pazartesi,10:30/11:29 | 11:30/13:29,,45,42,,"ECNE, IML, ISL, ISLE, MAK, MET, METE",,
10211,BIL 100E,BIL,LS,Intr.to Prog.Language(PYTHON),,Ömer Özyıldırım,,Pazartesi | Pazartesi,14:30/15:29 | 15:30/17:29,,45,35,,"IML, KIM, KIME, MAK, MAT, MATE, MIM, MIME, SBP, SBPE",,
10212,BIL 100E,BIL,LS,Intr.to Prog.Language(PYTHON),,Evren Dağlarlı,,Pazartesi | Pazartesi,10:30/11:29 | 11:30/13:29,,45,43,,"ECNE, END, ENDE, IML, ISL, ISLE, MAK",,
10213,BIL 100E,BIL,LS,Intr.to Prog.Language(PYTHON),,Evren Dağlarlı,,Pazartesi | Pazartesi,14:30/15:29 | 15:30/17:29,,45,42,,"FIZ, FIZE, IML, KIM, KIME, MAK, MAT, MATE, MIM, MIME, SBP, SBPE",,
10214,BIL 100E,BIL,LS,Intr.to Prog.Language(PYTHON),,Ömer Özyıldırım,,Salı | Salı,10:30/11:29 | 11:30/13:29,,40,60,,"DEN, DENE, IML, MAK, MET, METE, TEK, TEKE",,
10215,BIO 317EL,BIO,LS,Molecular Genetics Lab.,,"Arzu Karabay Korkmaz, Ceren Çıracı",,Çarşamba,12:30/15:29,,80,72,,"BIO, BIOE",,
10216,BIL 100E,BIL,LS,Intr.to Prog.Language(PYTHON),,Ömer Özyıldırım,,Salı | Salı,14:30/15:29 | 15:30/17:29,,45,45,,"ENTE, EUT, EUTE, ICM, IML, MAK, PEM, PEME, TEK, TEKE",,
10217,BIL 100E,BIL,LS,Intr.to Prog.Language(PYTHON),,Evren Dağlarlı,,Salı | Salı,10:30/11:29 | 11:30/13:29,,40,60,,"DEN, DENE, IML, MAK, MET, METE, TEK, TEKE",,
10218,BIL 100E,BIL,LS,Intr.to Prog.Language(PYTHON),,Evren Dağlarlı,,Salı | Salı,14:30/15:29 | 15:30/17:29,,45,42,,"DEN, DENE, ENTE, EUT, EUTE, ICM, IML, MAK, PEM, PEME",,
10219,BIO 341E,BIO,LS,General Biotechnology,,"Zeynep Petek Çakar, Fatma Neşe Kök",,Perşembe,08:30/11:29,,80,80,,"BIO, BIOE",,
10220,BIL 100E,BIL,LS,Intr.to Prog.Language(PYTHON),,Erke Arıbaş,,Çarşamba | Çarşamba,09:30/10:29 | 10:30/12:29,,45,42,,"IML, MAK, MTO, MTOE, UCK, UCKE, UZB, UZBE",,
10221,BIL 100E,BIL,LS,Intr.to Prog.Language(PYTHON),,Erke Arıbaş,,Çarşamba | Çarşamba,12:30/13:29 | 13:30/15:29,,45,41,,"CHZ, CHZE, IML, JEF, JEFE, JEO, JEOE, MAD, MADE, MAK, PET, PETE",,
10222,BIL 100E,BIL,LS,Intr.to Prog.Language(PYTHON),,Berfin Kalay,,Çarşamba | Çarşamba,09:30/10:29 | 10:30/12:29,,45,38,,"IML, MAK, MTO, MTOE, UCK, UCKE, UZB, UZBE",,
10223,BIO 325E,BIO,LS,Ecology,,Deniz Şahin,,Cuma,10:30/12:29,,80,77,,"BIO, BIOE",,
10224,BIL 100E,BIL,LS,Intr.to Prog.Language(PYTHON),,Berfin Kalay,,Çarşamba | Çarşamba,12:30/13:29 | 13:30/15:29,,40,53,,"GEM, GEME, GID, GIDE, IML, MAK, MET, METE, TEK, TEKE",,
10225,BIL 100E,BIL,LS,Intr.to Prog.Language(PYTHON),,Erke Arıbaş,,Perşembe | Perşembe,10:30/11:29 | 11:30/13:29,,45,42,,"IML, MAK, MET, METE, MIM, MIME, SBP, SBPE",,
10226,BIL 100E,BIL,LS,Intr.to Prog.Language(PYTHON),,Erke Arıbaş,,Perşembe | Perşembe,14:30/15:29 | 15:30/17:29,,45,36,,"BIOE, CEV, CEVE, DEN, DUI, ECNE, ENTE, EUTE, FIZ, GEM, GID, GMI, ICM, IML, ISL, ISLE, JEO, KIM, KMM, KMME, MAK, MET, METE, MIM, MIME, MTO, PEME, PETE, SBP, SBPE, SEN, TEKE",,
10228,BIL 100E,BIL,LS,Intr.to Prog.Language(PYTHON),,Berfin Kalay,,Perşembe | Perşembe,10:30/11:29 | 11:30/13:29,,45,40,,"GID, GIDE, IML, MAK, MET, METE",,
10229,BIL 100E,BIL,LS,Intr.to Prog.Language(PYTHON),,Berfin Kalay,,Perşembe | Perşembe,14:30/15:29 | 15:30/17:29,,45,39,,"GID, GIDE, IML, MAK, MET, METE",,
10230,BIL 100E,BIL,LS,Intr.to Prog.Language(PYTHON),,Gülcihan Özdemir,,Cuma | Cuma,10:30/11:29 | 11:30/13:29,,45,19,,"IML, MAK, MET, METE, SBP, SBPE",,
10231,BIL 100E,BIL,LS,Intr.to Prog.Language(PYTHON),,Gülcihan Özdemir,,Cuma | Cuma,14:30/15:29 | 15:30/17:29,,50,52,,"ECNE, IML, ISL, ISLE, MAK, TEK, TEKE",,
10232,BIL 100E,BIL,LS,Intr.to Prog.Language(PYTHON),,Özgür Atalay,,Cuma | Cuma,10:30/11:29 | 11:30/13:29,,45,41,,"IML, ISL, ISLE, MAK",,
10233,BIO 315E,BIO,LS,Biochemistry I,,Nevin Gül-Karagüler,,Salı,14:30/17:29,,80,64,,"BIO, BIOE, BIOM",,
10234,BIL 100E,BIL,LS,Intr.to Prog.Language(PYTHON),,Berfin Kalay,,Cuma | Cuma,14:30/15:29 | 15:30/17:29,,49,50,,"ECNE, END, ENDE, IML, ISL, ISLE, MAK, TEK, TEKE",,
10235,BIO 315EL,BIO,LS,Biochemistry I Lab.,,Nevin Gül-Karagüler,,Cuma,14:30/17:29,,80,71,,"BIO, BIOE",,
10236,BIO 322E,BIO,LS,Physiology,,Ayça Sayı Yazgan,,Perşembe,14:30/17:29,,80,66,,"BIO, BIOE",,
10237,MTH 111,MTH,LS,Linear Algebra,,Seher Melike Aydoğan,,Perşembe,14:30/17:29,,5,5,,SEN,,
10238,ISE 101,ISE,LS,Intro.to Information Sys. and,,Mustafa Ersel Kamaşak,,Perşembe | Cuma,09:30/12:29 | 14:30/16:29,,45,39,,SBL,,
10239,BIO 351E,BIO,LS,Biophysics,,Gizem Dinler Doğanay,,Pazartesi,14:30/17:29,,85,75,,"BIO, BIOE, FIZ, FIZE",,
10240,BIO 412E,BIO,LS,Recombinant DNA Technology,,Ayten Karataş,,Perşembe,14:30/17:29,,45,44,,"BIO, BIOE, BIOM",,
10241,ISE 302,ISE,LS,Operating Systems,,Gökhan Seçinti,,Çarşamba,10:30/13:29,,45,22,,SBL,,
10242,ISE 304,ISE,LS,SW Engineering,,Ahmet Cüneyd Tantuğ,,Cuma,09:30/12:29,,45,25,,SBL,,
10243,BIO 441E,BIO,LS,Modelling in Biological System,,Bülent Balta,,Perşembe,11:30/14:29,,40,15,,"BIO, BIOE",,
10245,BIO 491E,BIO,LS,Molecular Biotechnology,,Fatma Neşe Kök,,Çarşamba,12:30/15:29,,80,68,,"BIO, BIOE",,
10246,BIO 452E,BIO,LS,Virology,,Ceren Çıracı,,Çarşamba,08:30/11:29,,55,56,,"BIO, BIOE, BIOM",,
10247,BIO 492,BIO,LS,Bitirme Çalışması,,Bülent Balta,,,/,,50,4,,BIO,,
10248,BIO 492E,BIO,LS,Graduation Project,,Bülent Balta,,,/,,100,12,,"BIO, BIOE",,
10249,PHY 127,PHY,LS,Physics,,Sevim İşçi Turutoğlu,,Salı,14:30/17:29,,45,27,,SBL,,
10250,BIO 4901E,BIO,LS,Mol Bio & Genetics Design I,,Bülent Balta,,,/,,100,30,,BIOE,,
10251,PHY 127L,PHY,LS,Physics Lab,,Sevim İşçi Turutoğlu,,Çarşamba,13:30/15:29,,45,25,,SBL,,
10252,TUR 101,TUR,LS,Türk Dili I,,***,,Salı,11:30/13:29,,45,0,,"BIO, BIOE, BLG, BLGE, BST, CAB, CEB, CEV, CEVE, CHZ, CHZE, DEN, DENE, DUI, DUIE, ECNE, EHB, EHBE, EHN, ELE, ELH, ELK, ELKE, END, ENDE, ENTE, EUT, EUTE, FIZ, FIZE, GEM, GEME, GEMK, GEO, GEOE, GID, GIDE, GMI, GMIE, ICM, IML, IMLE, INS, INSE, ISL, ISLE, JDF, JEF, JEFE, JEO, JEOE, KIM, KIME, KMM, KMME, KMP, KOM, KOME, MAD, MADE, MAK, MAKE, MAT, MATE, MET, METE, MIM, MIME, MTO, MTOE, MTR, MUT, MUZ, MUZE, MZT, PEM, PEME, PET, PETE, SBP, SBPE, SEH, SES, TEK, TEKE, TEL, THO, UCK, UCKE, UZB, UZBE",,
10253,ATA 101,ATA,LS,Atatürk İlk & İnkılap Trh I,,***,,Çarşamba,08:30/10:29,,0,0,,"BIO, BIOE, BLG, BLGE, CEV, CEVE, CHZ, CHZE, DEN, DENE, DUI, DUIE, ECNE, EHB, EHBE, EHN, ELE, ELH, ELK, ELKE, END, ENDE, ENTE, EUT, EUTE, FIZ, FIZE, GEM, GEME, GEMK, GEO, GEOE, GID, GIDE, GMI, GMIE, ICM, IML, IMLE, INS, INSE, ISL, ISLE, JDF, JEF, JEFE, JEO, JEOE, KIM, KIME, KMM, KMME, KOM, KOME, MAD, MADE, MAK, MAKE, MAT, MATE, MET, METE, MIM, MIME, MTO, MTOE, PEM, PEME, PET, PETE, SBP, SBPE, SEH, TEK, TEKE, TEL, THO, UCK, UCKE, UZB, UZBE",,
10254,ULP 101,ULP,LS,NewBeg.Fresh.Sem.&Serv to L. I,,--,,Pazartesi,18:30/20:29,,0,0,,"MBI, MCB, SBL, SCE, SDU, SEK, SEN, SGM, SIN, SIS, SMT, STP",,
10255,ISE 308,ISE,LS,Artifical Intell. & Expert Sys,,Sanem Sarıel,,Perşembe,14:30/17:29,,45,20,,SBL,,
10256,ISE 315,ISE,LS,Analysis of Algorithms,,Hazım Kemal Ekenel,,Pazartesi | Çarşamba,08:30/11:29 | 08:30/10:29,,45,26,,SBL,,
10257,ISE 333,ISE,LS,Int. to Comp. & Inf. Security,,Şerif Bahtiyar,,Salı,13:30/16:29,,45,21,,SBL,,
10258,ITB 020,ITB,LS,Modernitenin Oluşumu,,Emine Aslı Çalkıvik,,Salı,11:30/14:29,,45,24,,"BIO, BLG, BST, CAB, CEB, CEV, CHZ, DEN, EHB, ELE, ELH, ELK, END, EUT, FIZ, GEM, GEO, GID, ICM, INS, ISL, JDF, JEF, JEO, KIM, KMM, KMP, KOM, MAD, MAK, MAT, MET, MIM, MTO, MTR, MUT, MUZ, MZT, PEM, PET, SBP, SES, TEB, TEK, TEL, THO, UCK, UZB",,
10259,ITB 020,ITB,LS,Modernitenin Oluşumu,,Emin Alper,,Perşembe,11:30/14:29,,35,35,,"BIO, BLG, BST, CAB, CEB, CEV, CHZ, DEN, EHB, ELE, ELH, ELK, END, EUT, FIZ, GEM, GEO, GID, ICM, INS, ISL, JDF, JEF, JEO, KIM, KMM, KMP, KOM, MAD, MAK, MAT, MET, MIM, MTO, MTR, MUT, MUZ, MZT, PEM, PET, SBP, SES, TEB, TEK, TEL, THO, UCK, UZB",,
10261,ITB 037E,ITB,LS,"Knowledge, Language & Logic",,Aydan Turanlı,,Pazartesi,08:30/11:29,,55,27,,"BIO, BIOE, BLG, BLGE, BST, CAB, CEB, CEV, CEVE, CHZ, CHZE, DEN, DENE, ECNE, EHB, EHBE, ELE, ELH, ELK, ELKE, END, ENDE, ENTE, EUT, EUTE, FIZ, FIZE, GEM, GEME, GEMK, GEO, GEOE, GID, GIDE, ICM, IML, IMLE, INS, INSE, ISL, ISLE, JDF, JEF, JEFE, JEO, JEOE, KIM, KIME, KMM, KMME, KMP, KOM, KOME, MAD, MADE, MAK, MAKE, MAT, MATE, MET, METE, MIM, MIME, MTO, MTOE, MTR, MUT, MUZ, MUZE, MZT, PEM, PEME, PET, PETE, SBP, SBPE, SES, TEB, TEK, TEKE, TEL, THO, UCK, UCKE, UZB, UZBE",,
10262,ITB 202,ITB,LS,Dünya Tarihi,,Ebubekir Ceylan,,Pazartesi,08:30/11:29,,60,51,,"BIO, BLG, BST, CAB, CEB, CEV, CHZ, DEN, DUI, EHB, ELE, ELH, ELK, END, EUT, FIZ, GEM, GEO, GID, GMI, ICM, INS, ISL, JDF, JEF, JEO, KIM, KMM, KMP, KOM, MAD, MAK, MAT, MET, MIM, MTO, MTR, MUT, MUZ, MZT, PEM, PET, SBP, SES, TEB, TEK, TEL, THO, UCK, UZB",,
10263,ITB 202,ITB,LS,Dünya Tarihi,,Fatma Sel Turhan,,Salı,11:30/14:29,,55,52,,"BIO, BLG, BST, CAB, CEB, CEV, CHZ, DEN, DUI, EHB, ELE, ELH, ELK, END, EUT, FIZ, GEM, GEO, GID, GMI, ICM, INS, ISL, JDF, JEF, JEO, KIM, KMM, KMP, KOM, MAD, MAK, MAT, MET, MIM, MTO, MTR, MUT, MUZ, MZT, PEM, PET, SBP, SES, TEB, TEK, TEL, THO, UCK, UZB",,
10264,ITB 202,ITB,LS,Dünya Tarihi,,Mustafa İnce,,Çarşamba,08:30/11:29,,55,55,,"BIO, BLG, BST, CAB, CEB, CEV, CHZ, DEN, DUI, EHB, ELE, ELH, ELK, END, EUT, FIZ, GEM, GEO, GID, GMI, ICM, INS, ISL, JDF, JEF, JEO, KIM, KMM, KMP, KOM, MAD, MAK, MAT, MET, MIM, MTO, MTR, MUT, MUZ, MZT, PEM, PET, SBP, SES, TEB, TEK, TEL, THO, UCK, UZB",,
10265,ITB 202,ITB,LS,Dünya Tarihi,,Mustafa İnce,,Çarşamba,11:30/14:29,,55,55,,"BIO, BLG, BST, CAB, CEB, CEV, CHZ, DEN, DUI, EHB, ELE, ELH, ELK, END, EUT, FIZ, GEM, GEO, GID, GMI, ICM, INS, ISL, JDF, JEF, JEO, KIM, KMM, KMP, KOM, MAD, MAK, MAT, MET, MIM, MTO, MTR, MUT, MUZ, MZT, PEM, PET, SBP, SES, TEB, TEK, TEL, THO, UCK, UZB",,
10266,ITB 202E,ITB,LS,World History,,Ebubekir Ceylan,,Salı,08:30/11:29,,60,48,,"BIO, BIOE, BLG, BLGE, BST, CAB, CEB, CEV, CEVE, CHZ, CHZE, DEN, DENE, DUI, ECNE, EHB, EHBE, ELE, ELH, ELK, ELKE, END, ENDE, ENTE, EUT, EUTE, FIZ, FIZE, GEM, GEME, GEMK, GEO, GEOE, GID, GIDE, ICM, IML, IMLE, INS, INSE, ISL, ISLE, JDF, JEF, JEFE, JEO, JEOE, KIM, KIME, KMM, KMME, KMP, KOM, KOME, MAD, MADE, MAK, MAKE, MAT, MATE, MET, METE, MIM, MIME, MTO, MTOE, MTR, MUT, MUZ, MUZE, MZT, PEM, PEME, PET, PETE, SBP, SBPE, SES, TEB, TEK, TEKE, TEL, THO, UCK, UCKE, UZB, UZBE",,
10267,ITB 203,ITB,LS,Sosyoloji,,Ebru Belgin Yetişkin,,Salı,14:30/17:29,,50,44,,"BIO, BLG, BST, CAB, CEB, CEV, CHZ, DEN, DUI, EHB, ELE, ELH, ELK, END, EUT, FIZ, GEM, GEO, GID, GMI, ICM, INS, ISL, JDF, JEF, JEO, KIM, KMM, KMP, KOM, MAD, MAK, MAT, MET, MIM, MTO, MTR, MUT, MUZ, MZT, PEM, PET, SBP, SES, TEB, TEK, TEL, THO, UCK, UZB",,
10271,ITB 203E,ITB,LS,Sociology,,Ayşe Serdar,,Salı,08:30/11:29,,55,38,,"BIO, BIOE, BLG, BLGE, BST, CAB, CEB, CEV, CEVE, CHZ, CHZE, DEN, DENE, DUI, ECNE, EHB, EHBE, ELE, ELH, ELK, ELKE, END, ENDE, ENTE, EUT, EUTE, FIZ, FIZE, GEM, GEME, GEMK, GEO, GEOE, GID, GIDE, GMI, GMIE, ICM, IML, IMLE, INS, INSE, ISL, ISLE, JDF, JEF, JEFE, JEO, JEOE, KIM, KIME, KMM, KMME, KMP, KOM, KOME, MAD, MADE, MAK, MAKE, MAT, MATE, MET, METE, MIM, MIME, MTO, MTOE, MTR, MUT, MUZ, MUZE, MZT, PEM, PEME, PET, PETE, SBP, SBPE, SES, TEB, TEK, TEKE, TEL, THO, UCK, UCKE, UZB, UZBE",,
10272,ITB 203E,ITB,LS,Sociology,,Ayşe Serdar,,Salı,14:30/17:29,,55,40,,"BIO, BIOE, BLG, BLGE, BST, CAB, CEB, CEV, CEVE, CHZ, CHZE, DEN, DENE, DUI, ECNE, EHB, EHBE, ELE, ELH, ELK, ELKE, END, ENDE, ENTE, EUT, EUTE, FIZ, FIZE, GEM, GEME, GEMK, GEO, GEOE, GID, GIDE, GMI, GMIE, ICM, IML, IMLE, INS, INSE, ISL, ISLE, JDF, JEF, JEFE, JEO, JEOE, KIM, KIME, KMM, KMME, KMP, KOM, KOME, MAD, MADE, MAK, MAKE, MAT, MATE, MET, METE, MIM, MIME, MTO, MTOE, MTR, MUT, MUZ, MUZE, MZT, PEM, PEME, PET, PETE, SBP, SBPE, SES, TEB, TEK, TEKE, TEL, THO, UCK, UCKE, UZB, UZBE",,
10273,ITB 203E,ITB,LS,Sociology,,Ayşe Serdar,,Çarşamba,11:30/14:29,,55,47,,"BIO, BIOE, BLG, BLGE, BST, CAB, CEB, CEV, CEVE, CHZ, CHZE, DEN, DENE, DUI, ECNE, EHB, EHBE, ELE, ELH, ELK, ELKE, END, ENDE, ENTE, EUT, EUTE, FIZ, FIZE, GEM, GEME, GEMK, GEO, GEOE, GID, GIDE, GMI, GMIE, ICM, IML, IMLE, INS, INSE, ISL, ISLE, JDF, JEF, JEFE, JEO, JEOE, KIM, KIME, KMM, KMME, KMP, KOM, KOME, MAD, MADE, MAK, MAKE, MAT, MATE, MET, METE, MIM, MIME, MTO, MTOE, MTR, MUT, MUZ, MUZE, MZT, PEM, PEME, PET, PETE, SBP, SBPE, SES, TEB, TEK, TEKE, TEL, THO, UCK, UCKE, UZB, UZBE",,
10274,KIM 435,KIM,LS,Çevre Kimyası I,,Birsen Öztürk,,Salı,14:30/17:29,,25,22,,"KIM, KIMM",,
10275,ITB 205E,ITB,LS,Philosophy,,Geoff Bove,,Salı,14:30/17:29,,55,31,,"BIO, BIOE, BLG, BLGE, BST, CAB, CEB, CEV, CEVE, CHZ, CHZE, DEN, DENE, ECNE, EHB, EHBE, ELE, ELH, ELK, ELKE, END, ENDE, ENTE, EUT, EUTE, FIZ, FIZE, GEM, GEME, GEMK, GEO, GEOE, GID, GIDE, GMI, GMIE, ICM, IML, IMLE, INS, INSE, ISL, ISLE, JDF, JEF, JEFE, JEO, JEOE, KIM, KIME, KMM, KMME, KMP, KOM, KOME, MAD, MADE, MAK, MAKE, MAT, MATE, MET, METE, MIM, MIME, MTO, MTOE, MTR, MUT, MUZ, MUZE, MZT, PEM, PEME, PET, PETE, SBP, SBPE, SES, TEB, TEK, TEKE, TEL, THO, UCK, UCKE, UZB, UZBE",,
10276,KIM 471,KIM,LS,Organik Kimya III,,Ayşe Özdemir,,Perşembe,08:30/11:29,,35,25,,"KIM, KIMM",,
10277,ITB 205E,ITB,LS,Philosophy,,Kerem Eksen,,Perşembe,11:30/14:29,,45,29,,"BIO, BIOE, BLG, BLGE, BST, CAB, CEB, CEV, CEVE, CHZ, CHZE, DEN, DENE, ECNE, EHB, EHBE, ELE, ELH, ELK, ELKE, END, ENDE, ENTE, EUT, EUTE, FIZ, FIZE, GEM, GEME, GEMK, GEO, GEOE, GID, GIDE, GMI, GMIE, ICM, IML, IMLE, INS, INSE, ISL, ISLE, JDF, JEF, JEFE, JEO, JEOE, KIM, KIME, KMM, KMME, KMP, KOM, KOME, MAD, MADE, MAK, MAKE, MAT, MATE, MET, METE, MIM, MIME, MTO, MTOE, MTR, MUT, MUZ, MUZE, MZT, PEM, PEME, PET, PETE, SBP, SBPE, SES, TEB, TEK, TEKE, TEL, THO, UCK, UCKE, UZB, UZBE",,
10278,ITB 205E,ITB,LS,Philosophy,,Kerem Eksen,,Perşembe,14:30/17:29,,55,49,,"BIO, BIOE, BLG, BLGE, BST, CAB, CEB, CEV, CEVE, CHZ, CHZE, DEN, DENE, ECNE, EHB, EHBE, ELE, ELH, ELK, ELKE, END, ENDE, ENTE, EUT, EUTE, FIZ, FIZE, GEM, GEME, GEMK, GEO, GEOE, GID, GIDE, GMI, GMIE, ICM, IML, IMLE, INS, INSE, ISL, ISLE, JDF, JEF, JEFE, JEO, JEOE, KIM, KIME, KMM, KMME, KMP, KOM, KOME, MAD, MADE, MAK, MAKE, MAT, MATE, MET, METE, MIM, MIME, MTO, MTOE, MTR, MUT, MUZ, MUZE, MZT, PEM, PEME, PET, PETE, SBP, SBPE, SES, TEB, TEK, TEKE, TEL, THO, UCK, UCKE, UZB, UZBE",,
10279,ITB 206,ITB,LS,Dünya Politikasında Meseleler,,Emin Alper,,Çarşamba,11:30/14:29,,35,34,,"BIO, BLG, BST, CAB, CEB, CEV, CHZ, DEN, DUI, EHB, ELE, ELH, ELK, END, EUT, FIZ, GEM, GEO, GID, ICM, INS, ISL, JDF, JEF, JEO, KIM, KMM, KMP, KOM, MAD, MAK, MAT, MET, MIM, MTO, MTR, MUT, MUZ, MZT, PEM, PET, SBP, SES, TEB, TEK, TEL, THO, UCK, UZB",,
10280,ITB 206,ITB,LS,Dünya Politikasında Meseleler,,Stefo Benlisoy,,Perşembe,08:30/11:29,,45,39,,"BIO, BLG, BST, CAB, CEB, CEV, CHZ, DEN, DUI, EHB, ELE, ELH, ELK, END, EUT, FIZ, GEM, GEO, GID, ICM, INS, ISL, JDF, JEF, JEO, KIM, KMM, KMP, KOM, MAD, MAK, MAT, MET, MIM, MTO, MTR, MUT, MUZ, MZT, PEM, PET, SBP, SES, TEB, TEK, TEL, THO, UCK, UZB",,
10281,ITB 206,ITB,LS,Dünya Politikasında Meseleler,,Stefo Benlisoy,,Perşembe,14:30/17:29,,45,42,,"BIO, BLG, BST, CAB, CEB, CEV, CHZ, DEN, DUI, EHB, ELE, ELH, ELK, END, EUT, FIZ, GEM, GEO, GID, ICM, INS, ISL, JDF, JEF, JEO, KIM, KMM, KMP, KOM, MAD, MAK, MAT, MET, MIM, MTO, MTR, MUT, MUZ, MZT, PEM, PET, SBP, SES, TEB, TEK, TEL, THO, UCK, UZB",,
10282,ITB 207,ITB,LS,Osmanlı Tarihi,,Fatma Sel Turhan,,Çarşamba,11:30/14:29,,45,45,,"BIO, BLG, BST, CAB, CEB, CEV, CHZ, DEN, DUI, EHB, ELE, ELH, ELK, END, EUT, FIZ, GEM, GEO, GID, ICM, INS, ISL, JDF, JEF, JEO, KIM, KMM, KMP, KOM, MAD, MAK, MAT, MET, MIM, MTO, MTR, MUT, MUZ, MZT, PEM, PET, SBP, SES, TEB, TEK, TEL, THO, UCK, UZB",,
10283,ITB 207,ITB,LS,Osmanlı Tarihi,,Fatma Sel Turhan,,Perşembe,11:30/14:29,,45,39,,"BIO, BLG, BST, CAB, CEB, CEV, CHZ, DEN, DUI, EHB, ELE, ELH, ELK, END, EUT, FIZ, GEM, GEO, GID, ICM, INS, ISL, JDF, JEF, JEO, KIM, KMM, KMP, KOM, MAD, MAK, MAT, MET, MIM, MTO, MTR, MUT, MUZ, MZT, PEM, PET, SBP, SES, TEB, TEK, TEL, THO, UCK, UZB",,
10284,ITB 207,ITB,LS,Osmanlı Tarihi,,Kadir Kon,,Salı,11:30/14:29,,45,23,,"BIO, BLG, BST, CAB, CEB, CEV, CHZ, DEN, DUI, EHB, ELE, ELH, ELK, END, EUT, FIZ, GEM, GEO, GID, ICM, INS, ISL, JDF, JEF, JEO, KIM, KMM, KMP, KOM, MAD, MAK, MAT, MET, MIM, MTO, MTR, MUT, MUZ, MZT, PEM, PET, SBP, SES, TEB, TEK, TEL, THO, UCK, UZB",,
10285,ITB 207,ITB,LS,Osmanlı Tarihi,,Saltuk Duran,,Cuma,08:30/11:29,,50,36,,"BIO, BLG, BST, CAB, CEB, CEV, CHZ, DEN, DUI, EHB, ELE, ELH, ELK, END, EUT, FIZ, GEM, GEO, GID, ICM, INS, ISL, JDF, JEF, JEO, KIM, KMM, KMP, KOM, MAD, MAK, MAT, MET, MIM, MTO, MTR, MUT, MUZ, MZT, PEM, PET, SBP, SES, TEB, TEK, TEL, THO, UCK, UZB",,
10286,ITB 207,ITB,LS,Osmanlı Tarihi,,Saltuk Duran,,Cuma,14:30/17:29,,50,38,,"BIO, BLG, BST, CAB, CEB, CEV, CHZ, DEN, DUI, EHB, ELE, ELH, ELK, END, EUT, FIZ, GEM, GEO, GID, ICM, INS, ISL, JDF, JEF, JEO, KIM, KMM, KMP, KOM, MAD, MAK, MAT, MET, MIM, MTO, MTR, MUT, MUZ, MZT, PEM, PET, SBP, SES, TEB, TEK, TEL, THO, UCK, UZB",,
10287,ITB 207,ITB,LS,Osmanlı Tarihi,,Stefo Benlisoy,,Salı,08:30/11:29,,45,33,,"BIO, BLG, BST, CAB, CEB, CEV, CHZ, DEN, DUI, EHB, ELE, ELH, ELK, END, EUT, FIZ, GEM, GEO, GID, ICM, INS, ISL, JDF, JEF, JEO, KIM, KMM, KMP, KOM, MAD, MAK, MAT, MET, MIM, MTO, MTR, MUT, MUZ, MZT, PEM, PET, SBP, SES, TEB, TEK, TEL, THO, UCK, UZB",,
10288,ITB 207,ITB,LS,Osmanlı Tarihi,,Stefo Benlisoy,,Salı,14:30/17:29,,35,26,,"BIO, BLG, BST, CAB, CEB, CEV, CHZ, DEN, DUI, EHB, ELE, ELH, ELK, END, EUT, FIZ, GEM, GEO, GID, ICM, INS, ISL, JDF, JEF, JEO, KIM, KMM, KMP, KOM, MAD, MAK, MAT, MET, MIM, MTO, MTR, MUT, MUZ, MZT, PEM, PET, SBP, SES, TEB, TEK, TEL, THO, UCK, UZB",,
10289,KIM 472E,KIM,LS,Electrochemistry,,Belkız Ustamehmetoğlu,,Cuma | Cuma,08:30/10:29 | 10:30/12:29,,25,14,,"KIM, KIME, KIMM",,
10290,ITB 208,ITB,LS,Modern Türkiye'nin Oluşumu,,Kadir Kon,,Salı,14:30/17:29,,45,22,,"BIO, BLG, BST, CAB, CEB, CEV, CHZ, DEN, DUI, EHB, ELE, ELH, ELK, END, EUT, FIZ, GEM, GEO, GID, ICM, INS, ISL, JDF, JEF, JEO, KIM, KMM, KMP, KOM, MAD, MAK, MAT, MET, MIM, MTO, MTR, MUT, MUZ, MZT, PEM, PET, SBP, SES, TEB, TEK, TEL, THO, UCK, UZB",,
10291,ITB 208,ITB,LS,Modern Türkiye'nin Oluşumu,,Kadir Kon,,Pazartesi,14:30/17:29,,45,32,,"BIO, BLG, BST, CAB, CEB, CEV, CHZ, DEN, DUI, EHB, ELE, ELH, ELK, END, EUT, FIZ, GEM, GEO, GID, ICM, INS, ISL, JDF, JEF, JEO, KIM, KMM, KMP, KOM, MAD, MAK, MAT, MET, MIM, MTO, MTR, MUT, MUZ, MZT, PEM, PET, SBP, SES, TEB, TEK, TEL, THO, UCK, UZB",,
10292,ITB 208,ITB,LS,Modern Türkiye'nin Oluşumu,,Mehmet Ali Doğan,,Pazartesi,14:30/17:29,,45,45,,"BIO, BLG, BST, CAB, CEB, CEV, CHZ, DEN, DUI, EHB, ELE, ELH, ELK, END, EUT, FIZ, GEM, GEO, GID, ICM, INS, ISL, JDF, JEF, JEO, KIM, KMM, KMP, KOM, MAD, MAK, MAT, MET, MIM, MTO, MTR, MUT, MUZ, MZT, PEM, PET, SBP, SES, TEB, TEK, TEL, THO, UCK, UZB",,
10293,ITB 208E,ITB,LS,Formations of Modern Turkey,,Doğan Gürpınar,,Çarşamba,08:30/11:29,,55,41,,"BIO, BIOE, BLG, BLGE, BST, CAB, CEB, CEV, CEVE, CHZ, CHZE, DEN, DENE, DUI, ECNE, EHB, EHBE, ELE, ELH, ELK, ELKE, END, ENDE, ENTE, EUT, EUTE, FIZ, FIZE, GEM, GEME, GEMK, GEO, GEOE, GID, GIDE, ICM, IML, IMLE, INS, INSE, ISL, ISLE, JDF, JEF, JEFE, JEO, JEOE, KIM, KIME, KMM, KMME, KMP, KOM, KOME, MAD, MADE, MAK, MAKE, MAT, MATE, MET, METE, MIM, MIME, MTO, MTOE, MTR, MUT, MUZ, MUZE, MZT, PEM, PEME, PET, PETE, SBP, SBPE, SES, TEB, TEK, TEKE, TEL, THO, UCK, UCKE, UZB, UZBE",,
10294,ITB 208E,ITB,LS,Formations of Modern Turkey,,Mehmet Ali Doğan,,Pazartesi,08:30/11:29,,60,56,,"BIO, BIOE, BLG, BLGE, BST, CAB, CEB, CEV, CEVE, CHZ, CHZE, DEN, DENE, DUI, ECNE, EHB, EHBE, ELE, ELH, ELK, ELKE, END, ENDE, ENTE, EUT, EUTE, FIZ, FIZE, GEM, GEME, GEMK, GEO, GEOE, GID, GIDE, ICM, IML, IMLE, INS, INSE, ISL, ISLE, JDF, JEF, JEFE, JEO, JEOE, KIM, KIME, KMM, KMME, KMP, KOM, KOME, MAD, MADE, MAK, MAKE, MAT, MATE, MET, METE, MIM, MIME, MTO, MTOE, MTR, MUT, MUZ, MUZE, MZT, PEM, PEME, PET, PETE, SBP, SBPE, SES, TEB, TEK, TEKE, TEL, THO, UCK, UCKE, UZB, UZBE",,
10295,ITB 209,ITB,LS,Türkiye ve Dünya,,***,,Perşembe,11:30/14:29,,35,0,,"BIO, BLG, BST, CAB, CEB, CEV, CHZ, DEN, DUI, EHB, ELE, ELH, ELK, END, EUT, FIZ, GEM, GEO, GID, ICM, INS, ISL, JDF, JEF, JEO, KIM, KMM, KMP, KOM, MAD, MAK, MAT, MET, MIM, MTO, MTR, MUT, MUZ, MZT, PEM, PET, SBP, SES, TEB, TEK, TEL, THO, UCK, UZB",,
10296,ITB 213,ITB,LS,Edebiyat ve Toplum,,Cüneyd Okay,,Perşembe,08:30/11:29,,45,18,,"BIO, BLG, BST, CAB, CEB, CEV, CHZ, DEN, DUI, EHB, ELE, ELH, ELK, END, EUT, FIZ, GEM, GEO, GID, ICM, INS, ISL, JDF, JEF, JEO, KIM, KMM, KMP, KOM, MAD, MAK, MAT, MET, MIM, MTO, MTR, MUT, MUZ, MZT, PEM, PET, SBP, SES, TEB, TEK, TEL, THO, UCK, UZB",,
10297,ITB 213,ITB,LS,Edebiyat ve Toplum,,Cüneyd Okay,,Perşembe,11:30/14:29,,45,23,,"BIO, BLG, BST, CAB, CEB, CEV, CHZ, DEN, DUI, EHB, ELE, ELH, ELK, END, EUT, FIZ, GEM, GEO, GID, ICM, INS, ISL, JDF, JEF, JEO, KIM, KMM, KMP, KOM, MAD, MAK, MAT, MET, MIM, MTO, MTR, MUT, MUZ, MZT, PEM, PET, SBP, SES, TEB, TEK, TEL, THO, UCK, UZB",,
10298,ITB 214,ITB,LS,Modern Ortadoğu,,Mustafa İnce,,Salı,11:30/14:29,,45,1,,"BIO, BLG, BST, CAB, CEB, CEV, CHZ, DEN, ELE, ELH, ELK, END, EUT, FIZ, GEM, GEO, GID, ICM, INS, ISL, JDF, JEF, JEO, KIM, KMM, KMP, KOM, MAD, MAK, MAT, MET, MIM, MTO, MUT, MUZ, MZT, PEM, PET, SBP, SES, TEB, TEK, TEL, THO, UCK, UZB",,
10299,ITB 214E,ITB,LS,The Modern Middle East,,Umut Uzer,,Perşembe,11:30/14:29,,55,54,,"BIO, BIOE, BLG, BLGE, BST, CAB, CEB, CEV, CEVE, CHZ, CHZE, DEN, DENE, ECNE, EHB, EHBE, ELE, ELH, ELK, ELKE, END, ENDE, ENTE, EUT, EUTE, FIZ, FIZE, GEM, GEME, GEMK, GEO, GEOE, GID, GIDE, GMI, GMIE, ICM, IML, IMLE, INS, INSE, ISL, ISLE, JDF, JEF, JEFE, JEO, JEOE, KIM, KIME, KMM, KMME, KMP, KOM, KOME, MAD, MADE, MAK, MAKE, MAT, MATE, MET, METE, MIM, MIME, MTO, MTOE, MTR, MUT, MUZ, MUZE, MZT, PEM, PEME, PET, PETE, SBP, SBPE, SES, TEB, TEK, TEKE, TEL, THO, UCK, UCKE, UZB, UZBE",,
10300,ITB 218,ITB,LS,Bilim ve Teknoloji Tarihi,,Aytekin Çökelez,,Çarşamba,08:30/11:29,,60,59,,"BIO, BLG, BST, CAB, CEB, CEV, CHZ, DEN, DUI, EHB, ELE, ELH, ELK, END, EUT, FIZ, GEM, GEO, GID, GMI, ICM, INS, ISL, JDF, JEF, JEO, KIM, KMM, KMP, KOM, MAD, MAK, MAT, MET, MIM, MTO, MTR, MUT, MUZ, MZT, PEM, PET, SBP, SES, TEB, TEK, TEL, THO, UCK, UZB",,
10301,ITB 218,ITB,LS,Bilim ve Teknoloji Tarihi,,Saltuk Duran,,Perşembe,11:30/14:29,,50,34,,"BIO, BLG, BST, CAB, CEB, CEV, CHZ, DEN, DUI, EHB, ELE, ELH, ELK, END, EUT, FIZ, GEM, GEO, GID, GMI, ICM, INS, ISL, JDF, JEF, JEO, KIM, KMM, KMP, KOM, MAD, MAK, MAT, MET, MIM, MTO, MTR, MUT, MUZ, MZT, PEM, PET, SBP, SES, TEB, TEK, TEL, THO, UCK, UZB",,
10302,ITB 218,ITB,LS,Bilim ve Teknoloji Tarihi,,Saltuk Duran,,Perşembe,14:30/17:29,,50,38,,"BIO, BLG, BST, CAB, CEB, CEV, CHZ, DEN, DUI, EHB, ELE, ELH, ELK, END, EUT, FIZ, GEM, GEO, GID, GMI, ICM, INS, ISL, JDF, JEF, JEO, KIM, KMM, KMP, KOM, MAD, MAK, MAT, MET, MIM, MTO, MTR, MUT, MUZ, MZT, PEM, PET, SBP, SES, TEB, TEK, TEL, THO, UCK, UZB",,
10303,ITB 218,ITB,LS,Bilim ve Teknoloji Tarihi,,Tuncay Zorlu,,Cuma,08:30/11:29,,60,60,,"BIO, BLG, BST, CAB, CEB, CEV, CHZ, DEN, DUI, EHB, ELE, ELH, ELK, END, EUT, FIZ, GEM, GEO, GID, GMI, ICM, INS, ISL, JDF, JEF, JEO, KIM, KMM, KMP, KOM, MAD, MAK, MAT, MET, MIM, MTO, MTR, MUT, MUZ, MZT, PEM, PET, SBP, SES, TEB, TEK, TEL, THO, UCK, UZB",,
10304,ITB 218E,ITB,LS,History of Science&Technology,,Peter Jonathan Starr,,Cuma,14:30/17:29,,60,32,,"BIO, BIOE, BLG, BLGE, BST, CAB, CEB, CEV, CEVE, CHZ, CHZE, DEN, DENE, DUI, ECNE, EHB, EHBE, ELE, ELH, ELK, ELKE, END, ENDE, ENTE, EUT, EUTE, FIZ, FIZE, GEM, GEME, GEMK, GEO, GEOE, GID, GIDE, ICM, IML, IMLE, INS, INSE, ISL, ISLE, JDF, JEF, JEFE, JEO, JEOE, KIM, KIME, KMM, KMME, KMP, KOM, KOME, MAD, MADE, MAK, MAKE, MAT, MATE, MET, METE, MIM, MIME, MTO, MTOE, MTR, MUT, MUZ, MUZE, MZT, PEM, PEME, PET, PETE, SBP, SBPE, SES, TEB, TEK, TEKE, TEL, THO, UCK, UCKE, UZB, UZBE",,
10306,ITB 222,ITB,LS,Kent ve Toplum,,Ümran Kaya,,Salı,11:30/14:29,,35,34,,"BIO, BLG, BST, CAB, CEB, CEV, CHZ, DEN, EHB, ELE, ELH, ELK, END, EUT, FIZ, GEM, GEO, GID, ICM, INS, ISL, JDF, JEF, JEO, KIM, KMM, KMP, KOM, MAD, MAK, MAT, MET, MIM, MTO, MTR, MUT, MUZ, MZT, PEM, PET, SBP, SES, TEB, TEK, TEL, THO, UCK, UZB",,
10307,ITB 222,ITB,LS,Kent ve Toplum,,Ümran Kaya,,Salı,14:30/17:29,,45,44,,"BIO, BLG, BST, CAB, CEB, CEV, CHZ, DEN, EHB, ELE, ELH, ELK, END, EUT, FIZ, GEM, GEO, GID, ICM, INS, ISL, JDF, JEF, JEO, KIM, KMM, KMP, KOM, MAD, MAK, MAT, MET, MIM, MTO, MTR, MUT, MUZ, MZT, PEM, PET, SBP, SES, TEB, TEK, TEL, THO, UCK, UZB",,
10308,ITB 222,ITB,LS,Kent ve Toplum,,Ümran Kaya,,Çarşamba,11:30/14:29,,35,34,,"BIO, BLG, BST, CAB, CEB, CEV, CHZ, DEN, EHB, ELE, ELH, ELK, END, EUT, FIZ, GEM, GEO, GID, ICM, INS, ISL, JDF, JEF, JEO, KIM, KMM, KMP, KOM, MAD, MAK, MAT, MET, MIM, MTO, MTR, MUT, MUZ, MZT, PEM, PET, SBP, SES, TEB, TEK, TEL, THO, UCK, UZB",,
10309,ITB 222,ITB,LS,Kent ve Toplum,,Ümran Kaya,,Perşembe,11:30/14:29,,35,34,,"BIO, BLG, BST, CAB, CEB, CEV, CHZ, DEN, EHB, ELE, ELH, ELK, END, EUT, FIZ, GEM, GEO, GID, ICM, INS, ISL, JDF, JEF, JEO, KIM, KMM, KMP, KOM, MAD, MAK, MAT, MET, MIM, MTO, MTR, MUT, MUZ, MZT, PEM, PET, SBP, SES, TEB, TEK, TEL, THO, UCK, UZB",,
10310,ITB 222E,ITB,LS,City and Society,,Elvan Gülöksüz,,Pazartesi,14:30/17:29,,68,69,,"BIO, BIOE, BLG, BLGE, BST, CAB, CEB, CEV, CEVE, CHZ, CHZE, DEN, DENE, ECNE, EHB, EHBE, ELE, ELH, ELK, ELKE, END, ENDE, ENTE, EUT, EUTE, FIZ, FIZE, GEM, GEME, GEMK, GEO, GEOE, GID, GIDE, ICM, IML, IMLE, INS, INSE, ISL, ISLE, JDF, JEF, JEFE, JEO, JEOE, KIM, KIME, KMM, KMME, KMP, KOM, KOME, MAD, MADE, MAK, MAKE, MAT, MATE, MET, METE, MIM, MIME, MTO, MTOE, MTR, MUT, MUZ, MUZE, MZT, PEM, PEME, PET, PETE, SBP, SBPE, SES, TEB, TEK, TEKE, TEL, THO, UCK, UCKE, UZB, UZBE",,
10311,ITB 222E,ITB,LS,City and Society,,Elvan Gülöksüz,,Perşembe,14:30/17:29,,60,47,,"BIO, BIOE, BLG, BLGE, BST, CAB, CEB, CEV, CEVE, CHZ, CHZE, DEN, DENE, ECNE, EHB, EHBE, ELE, ELH, ELK, ELKE, END, ENDE, ENTE, EUT, EUTE, FIZ, FIZE, GEM, GEME, GEMK, GEO, GEOE, GID, GIDE, ICM, IML, IMLE, INS, INSE, ISL, ISLE, JDF, JEF, JEFE, JEO, JEOE, KIM, KIME, KMM, KMME, KMP, KOM, KOME, MAD, MADE, MAK, MAKE, MAT, MATE, MET, METE, MIM, MIME, MTO, MTOE, MTR, MUT, MUZ, MUZE, MZT, PEM, PEME, PET, PETE, SBP, SBPE, SES, TEB, TEK, TEKE, TEL, THO, UCK, UCKE, UZB, UZBE",,
10312,ITB 222E,ITB,LS,City and Society,,Hasan Karataş,,Cuma,08:30/11:29,,60,57,,"BIO, BIOE, BLG, BLGE, BST, CAB, CEB, CEV, CEVE, CHZ, CHZE, DEN, DENE, ECNE, EHB, EHBE, ELE, ELH, ELK, ELKE, END, ENDE, ENTE, EUT, EUTE, FIZ, FIZE, GEM, GEME, GEMK, GEO, GEOE, GID, GIDE, ICM, IML, IMLE, INS, INSE, ISL, ISLE, JDF, JEF, JEFE, JEO, JEOE, KIM, KIME, KMM, KMME, KMP, KOM, KOME, MAD, MADE, MAK, MAKE, MAT, MATE, MET, METE, MIM, MIME, MTO, MTOE, MTR, MUT, MUZ, MUZE, MZT, PEM, PEME, PET, PETE, SBP, SBPE, SES, TEB, TEK, TEKE, TEL, THO, UCK, UCKE, UZB, UZBE",,
10313,ITB 222E,ITB,LS,City and Society,,Hasan Karataş,,Pazartesi,11:30/14:29,,55,50,,"BIO, BIOE, BLG, BLGE, BST, CAB, CEB, CEV, CEVE, CHZ, CHZE, DEN, DENE, ECNE, EHB, EHBE, ELE, ELH, ELK, ELKE, END, ENDE, ENTE, EUT, EUTE, FIZ, FIZE, GEM, GEME, GEMK, GEO, GEOE, GID, GIDE, ICM, IML, IMLE, INS, INSE, ISL, ISLE, JDF, JEF, JEFE, JEO, JEOE, KIM, KIME, KMM, KMME, KMP, KOM, KOME, MAD, MADE, MAK, MAKE, MAT, MATE, MET, METE, MIM, MIME, MTO, MTOE, MTR, MUT, MUZ, MUZE, MZT, PEM, PEME, PET, PETE, SBP, SBPE, SES, TEB, TEK, TEKE, TEL, THO, UCK, UCKE, UZB, UZBE",,
10314,ITB 224E,ITB,LS,Environment and Society,,Aslı Erbil,,Çarşamba,11:30/14:29,,45,24,,"BIO, BIOE, BLG, BLGE, BST, CAB, CEB, CEV, CEVE, CHZ, CHZE, DEN, DENE, ECNE, EHB, EHBE, ELE, ELH, ELK, ELKE, END, ENDE, ENTE, EUT, EUTE, FIZ, FIZE, GEM, GEME, GEMK, GEO, GEOE, GID, GIDE, GMI, GMIE, ICM, IML, IMLE, INS, INSE, ISL, ISLE, JDF, JEF, JEFE, JEO, JEOE, KIM, KIME, KMM, KMME, KMP, KOM, KOME, MAD, MADE, MAK, MAKE, MAT, MATE, MET, METE, MIM, MIME, MTO, MTOE, MTR, MUT, MUZ, MUZE, MZT, PEM, PEME, PET, PETE, SBP, SBPE, SES, TEB, TEK, TEKE, TEL, THO, UCK, UCKE, UZB, UZBE",,
10315,ITB 227E,ITB,LS,Political Theory,,Barry David Stocker,,Cuma,08:30/11:29,,45,20,,"BIO, BIOE, BLG, BLGE, BST, CAB, CEB, CEV, CEVE, CHZ, CHZE, DEN, DENE, ECNE, EHB, EHBE, ELE, ELH, ELK, ELKE, END, ENDE, ENTE, EUT, EUTE, FIZ, FIZE, GEM, GEME, GEMK, GEO, GEOE, GID, GIDE, ICM, IML, IMLE, INS, INSE, ISL, ISLE, JDF, JEF, JEFE, JEO, JEOE, KIM, KIME, KMM, KMME, KMP, KOM, KOME, MAD, MADE, MAK, MAKE, MAT, MATE, MET, METE, MIM, MIME, MTO, MTOE, MTR, MUT, MUZ, MUZE, MZT, PEM, PEME, PET, PETE, SBP, SBPE, SES, TEB, TEK, TEKE, TEL, THO, UCK, UCKE, UZB, UZBE",,
10316,ITB 228E,ITB,LS,Gender Studies,,Ayşe Zeynep Akalın,,Salı,14:30/17:29,,55,40,,"BIO, BIOE, BLG, BLGE, BST, CAB, CEB, CEV, CEVE, CHZ, CHZE, DEN, DENE, ECNE, EHB, EHBE, ELE, ELH, ELK, ELKE, END, ENDE, ENTE, EUT, EUTE, FIZ, FIZE, GEM, GEME, GEMK, GEO, GEOE, GID, GIDE, ICM, IML, IMLE, INS, INSE, ISL, ISLE, JDF, JEF, JEFE, JEO, JEOE, KIM, KIME, KMM, KMME, KMP, KOM, KOME, MAD, MADE, MAK, MAKE, MAT, MATE, MET, METE, MIM, MIME, MTO, MTOE, MTR, MUT, MUZ, MUZE, MZT, PEM, PEME, PET, PETE, SBP, SBPE, SES, TEB, TEK, TEKE, TEL, THO, UCK, UCKE, UZB, UZBE",,
10317,ITB 228E,ITB,LS,Gender Studies,,Ayşe Zeynep Akalın,,Perşembe,14:30/17:29,,55,37,,"BIO, BIOE, BLG, BLGE, BST, CAB, CEB, CEV, CEVE, CHZ, CHZE, DEN, DENE, ECNE, EHB, EHBE, ELE, ELH, ELK, ELKE, END, ENDE, ENTE, EUT, EUTE, FIZ, FIZE, GEM, GEME, GEMK, GEO, GEOE, GID, GIDE, ICM, IML, IMLE, INS, INSE, ISL, ISLE, JDF, JEF, JEFE, JEO, JEOE, KIM, KIME, KMM, KMME, KMP, KOM, KOME, MAD, MADE, MAK, MAKE, MAT, MATE, MET, METE, MIM, MIME, MTO, MTOE, MTR, MUT, MUZ, MUZE, MZT, PEM, PEME, PET, PETE, SBP, SBPE, SES, TEB, TEK, TEKE, TEL, THO, UCK, UCKE, UZB, UZBE",,
10318,ITB 233E,ITB,LS,Anthropology,,Sevil Hatice Baltalı Tırpan,,Perşembe,08:30/11:29,,55,35,,"BIO, BIOE, BLG, BLGE, BST, CAB, CEB, CEV, CEVE, CHZ, CHZE, DEN, DENE, ECNE, EHB, EHBE, ELE, ELH, ELK, ELKE, END, ENDE, ENTE, EUT, EUTE, FIZ, FIZE, GEM, GEME, GEMK, GEO, GEOE, GID, GIDE, ICM, IML, IMLE, INS, INSE, ISL, ISLE, JDF, JEF, JEFE, JEO, JEOE, KIM, KIME, KMM, KMME, KMP, KOM, KOME, MAD, MADE, MAK, MAKE, MAT, MATE, MET, METE, MIM, MIME, MTO, MTOE, MTR, MUT, MUZ, MUZE, MZT, PEM, PEME, PET, PETE, SBP, SBPE, SES, TEB, TEK, TEKE, TEL, THO, UCK, UCKE, UZB, UZBE",,
10319,ITB 233E,ITB,LS,Anthropology,,Sevil Hatice Baltalı Tırpan,,Perşembe,11:30/14:29,,45,31,,"BIO, BIOE, BLG, BLGE, BST, CAB, CEB, CEV, CEVE, CHZ, CHZE, DEN, DENE, ECNE, EHB, EHBE, ELE, ELH, ELK, ELKE, END, ENDE, ENTE, EUT, EUTE, FIZ, FIZE, GEM, GEME, GEMK, GEO, GEOE, GID, GIDE, ICM, IML, IMLE, INS, INSE, ISL, ISLE, JDF, JEF, JEFE, JEO, JEOE, KIM, KIME, KMM, KMME, KMP, KOM, KOME, MAD, MADE, MAK, MAKE, MAT, MATE, MET, METE, MIM, MIME, MTO, MTOE, MTR, MUT, MUZ, MUZE, MZT, PEM, PEME, PET, PETE, SBP, SBPE, SES, TEB, TEK, TEKE, TEL, THO, UCK, UCKE, UZB, UZBE",,
10320,ITB 325,ITB,LS,Sosyal Zekalı Mühendis,,Şebnem Helvacıoğlu,,Perşembe,13:30/16:29,,25,14,,"BIO, BLG, BST, CAB, CEB, CEV, CHZ, DEN, ELE, ELH, ELK, END, EUT, FIZ, GEM, GEO, GID, ICM, IML, INS, ISL, JDF, JEF, JEO, KIM, KMM, KMP, KOM, MAD, MAK, MAT, MET, MIM, MTO, MUT, MUZ, MZT, PEM, PET, SBP, SES, TEB, TEK, TEL, THO, UCK, UZB",,
10321,KIM 473E,KIM,LS,Organic Structure Analysis,,Turan Öztürk,,Cuma,14:30/17:29,,40,35,,"KIM, KIME",,
10322,KIM 474,KIM,LS,Polimer Kimyası,,Ümit Tunca,,Salı,08:30/11:29,,25,10,,KIM,,
10323,KIM 482E,KIM,LS,Organic Reactions,,Metin Hayri Acar,,Salı,08:30/11:29,,40,34,,"KIM, KIME",,
10324,KIM 492,KIM,LS,Bitirme Çalışması,,Gürkan Hızal,,,/,,500,16,,KIM,,
10325,KIM 492E,KIM,LS,Graduation Project,,Gürkan Hızal,,,/,,500,8,,"KIM, KIME",,
10326,KIM 4901,KIM,LS,Araştırma Projesi I,,Gürkan Hızal,,,/,,500,15,,KIM,,
10327,KIM 4901E,KIM,LS,Research Project I,,Gürkan Hızal,,,/,,500,7,,KIM,,
10328,FIZ 233E,FIZ,LS,Electronics I,,Ali Gelir,,Salı | Çarşamba,13:30/15:29 | 10:30/11:29,,120,113,,"FIZ, FIZE",,
10329,FIZ 233EL,FIZ,LS,Electronics I Lab.,,Ali Gelir,,Çarşamba,13:30/15:29,,25,26,,"FIZ, FIZE",,
10330,FIZ 233EL,FIZ,LS,Electronics I Lab.,,Ali Gelir,,Perşembe,08:30/10:29,,25,23,,"FIZ, FIZE",,
10331,FIZ 233EL,FIZ,LS,Electronics I Lab.,,Ali Gelir,,Perşembe,10:30/12:29,,25,24,,"FIZ, FIZE",,
10335,FIZ 437E,FIZ,LS,Stat.Lear.from Data:App.inPhy.,,Muammer Altan Çakır,,Pazartesi | Çarşamba,14:30/16:29 | 13:30/15:29,,20,0,,"FIZ, FIZE, MAT, MATE",,
10348,FIZ 284,FIZ,LS,Klasik Mekanik I,,Mehmet Cem Güçlü,,Pazartesi | Cuma,10:30/12:29 | 10:30/12:29,,85,86,,"FIZ, FIZM",,
10355,FIZ 415E,FIZ,LS,Quantum Mechanics II,,Cem Özgür Servantie,,Pazartesi | Çarşamba | Cuma,08:30/10:29 | 08:30/10:29 | 08:30/09:29,,75,38,,"FIZ, FIZE, FIZM",,
10361,FIZ 433E,FIZ,LS,Nuclear Physics I,,Cenap Şahabettin Özben,,Pazartesi | Çarşamba,12:30/14:29 | 13:30/15:29,,40,14,,"FIZ, FIZE, FIZM",,
10367,FRA 201,FRA,LS,Fransızca III,,Hilal Küçük,,Pazartesi,08:30/12:29,,20,20,,Tüm Lisans ve Lisansüstü Programlar,,
10368,FRA 201,FRA,LS,Fransızca III,,Hilal Küçük,,Salı,08:30/12:29,,20,14,,Tüm Lisans ve Lisansüstü Programlar,,
10369,FRA 102,FRA,LS,Fransızca II,,Hilal Küçük,,Cuma,08:30/12:29,,25,25,,Tüm Lisans ve Lisansüstü Programlar,,
10371,FRA 102,FRA,LS,Fransızca II,,Hilal Küçük,,Perşembe,13:30/17:29,,25,24,,Tüm Lisans ve Lisansüstü Programlar,,
10373,FRA 102,FRA,LS,Fransızca II,,Ebru Yücetin Er,,Salı,08:30/12:29,,25,24,,Tüm Lisans ve Lisansüstü Programlar,,
10375,FRA 202,FRA,LS,Fransızca IV,,Ebru Yücetin Er,,Cuma,08:30/12:29,,25,24,,Tüm Lisans ve Lisansüstü Programlar,,
10377,FRA 101,FRA,LS,Fransızca I,,Ebru Yücetin Er,,Çarşamba,08:30/12:29,,25,25,,Tüm Lisans ve Lisansüstü Programlar,,
10378,FIZ 413E,FIZ,LS,Solid State Electronics,,Esra Alveroğlu Durucu,,Cuma,14:30/17:29,,40,11,,"FIZ, FIZE, FIZM",,
10379,FRA 101,FRA,LS,Fransızca I,,Ebru Yücetin Er,,Perşembe,08:30/12:29,,25,25,,Tüm Lisans ve Lisansüstü Programlar,,
10380,FRA 301,FRA,LS,Fransızca V,,Yelda Tavukçuoğlu,,Perşembe,13:30/17:29,,20,14,,Tüm Lisans ve Lisansüstü Programlar,,
10383,FRA 302,FRA,LS,Fransızca VI,,Yelda Tavukçuoğlu,,Cuma,13:30/17:29,,20,10,,Tüm Lisans ve Lisansüstü Programlar,,
10385,FRA 101,FRA,LS,Fransızca I,,Yelda Tavukçuoğlu,,Salı,13:30/17:29,,25,25,,Tüm Lisans ve Lisansüstü Programlar,,
10386,FIZ 431E,FIZ,LS,Solid State Physics I,,Ferid Salehli,,Salı | Perşembe,15:30/17:29 | 14:30/17:29,,40,12,,"FIZ, FIZE, FIZM",,
10394,FIZ 115,FIZ,LS,Fizik Müh. Giriş & Etik,,Gönül Eryürek,,Çarşamba,13:30/15:29,,90,85,,FIZ,,
10395,FIZ 457E,FIZ,LS,Optics I,,Gönül Eryürek,,Pazartesi | Salı,15:30/17:29 | 13:30/15:29,,60,23,,"FIZ, FIZE",,
10398,ISP 101,ISP,LS,İspanyolca I,,Maria Victoria Galvez Frutos,,Çarşamba,08:30/12:29,,25,25,,Tüm Lisans ve Lisansüstü Programlar,,
10399,FIZ 473E,FIZ,LS,Spectral Analysis Methods,,Günay Başar,,Salı | Çarşamba,15:30/17:29 | 14:30/15:29,,40,9,,"FIZ, FIZE, FIZM",,
10400,ISP 202,ISP,LS,İspanyolca IV,,Maria Victoria Galvez Frutos,,Cuma,08:30/12:29,,20,18,,Tüm Lisans ve Lisansüstü Programlar,,
10401,ISP 201,ISP,LS,İspanyolca III,,Maria Victoria Galvez Frutos,,Salı,13:30/17:29,,20,8,,Tüm Lisans ve Lisansüstü Programlar,,
10403,ISP 102,ISP,LS,İspanyolca II,,Maria Victoria Galvez Frutos,,Perşembe,13:30/17:29,,27,27,,Tüm Lisans ve Lisansüstü Programlar,,
10404,ISP 101,ISP,LS,İspanyolca I,,Maria Victoria Galvez Frutos,,Cuma,13:30/17:29,,25,25,,Tüm Lisans ve Lisansüstü Programlar,,
10405,ITA 101,ITA,LS,İtalyanca I,,Lina Calogera,,Salı,08:30/12:29,,25,26,,Tüm Lisans ve Lisansüstü Programlar,,
10406,ITA 102,ITA,LS,İtalyanca II,,Lina Calogera,,Perşembe,08:30/12:29,,20,18,,Tüm Lisans ve Lisansüstü Programlar,,
10407,ITA 201,ITA,LS,İtalyanca III,,Lina Calogera,,Cuma,08:30/12:29,,20,7,,Tüm Lisans ve Lisansüstü Programlar,,
10408,ITA 202,ITA,LS,İtalyanca IV,,Lina Calogera,,Pazartesi,13:30/17:29,,20,0,,Tüm Lisans ve Lisansüstü Programlar,,
10409,ITA 101,ITA,LS,İtalyanca I,,Lina Calogera,,Salı,13:30/17:29,,20,0,,Tüm Lisans ve Lisansüstü Programlar,,
10410,ITA 102,ITA,LS,İtalyanca II,,Valentina Elmetti,,Salı,13:30/17:29,,25,19,,Tüm Lisans ve Lisansüstü Programlar,,
10412,ITA 202,ITA,LS,İtalyanca IV,,Valentina Elmetti,,Perşembe,13:30/17:29,,20,12,,Tüm Lisans ve Lisansüstü Programlar,,
10414,ITA 301,ITA,LS,İtalyanca V,,Valentina Elmetti,,Cuma,13:30/17:29,,20,9,,Tüm Lisans ve Lisansüstü Programlar,,
10415,FIZ 476E,FIZ,LS,Solar Energy Physics &Tech. II,,Hakan Karaağaç,,Pazartesi | Çarşamba,12:30/14:29 | 13:30/14:29,,60,3,,"FIZ, FIZE",,
10416,ITA 201,ITA,LS,İtalyanca III,,Valentina Elmetti,,Perşembe,08:30/12:29,,20,12,,Tüm Lisans ve Lisansüstü Programlar,,
10417,ITA 101,ITA,LS,İtalyanca I,,Valentina Elmetti,,Çarşamba,08:30/12:29,,25,25,,Tüm Lisans ve Lisansüstü Programlar,,
10420,JPN 102,JPN,LS,Japonca II,,Salih Kirazoğlu,,Çarşamba,08:30/12:29,,30,25,,Tüm Lisans ve Lisansüstü Programlar,,
10422,JPN 202,JPN,LS,Japonca IV,,Salih Kirazoğlu,,Cuma,08:30/12:29,,20,6,,Tüm Lisans ve Lisansüstü Programlar,,
10423,JPN 101,JPN,LS,Japonca I,,Salih Kirazoğlu,,Salı,13:30/17:29,,40,30,,Tüm Lisans ve Lisansüstü Programlar,,
10424,JPN 201,JPN,LS,Japonca III,,Salih Kirazoğlu,,Perşembe,13:30/17:29,,20,9,,Tüm Lisans ve Lisansüstü Programlar,,
10425,FIZ 321E,FIZ,LS,Mathematical Mthds in Physc I,,Hakkı Tunçay Özer,,Salı | Perşembe | Cuma,08:30/10:29 | 08:30/10:29 | 09:30/10:29,,75,55,,"FIZ, FIZE",,
10428,FIZ 314E,FIZ,LS,Quantum Mechanics I,,Haluk Özbek,,Pazartesi | Çarşamba | Cuma,08:30/10:29 | 08:30/10:29 | 08:30/09:29,,75,38,,"FIZ, FIZE",,
10436,FIZ 424E,FIZ,LS,Digital Electronics,,İbrahim Türhan,,Pazartesi | Pazartesi,12:30/14:29 | 14:30/16:29,,15,7,,"FIZ, FIZE",,
10445,FIZ 463E,FIZ,LS,Astrophysics I,,Kazım Yavuz Ekşi,,Salı | Cuma,15:30/17:29 | 14:30/15:29,,40,20,,"FIZ, FIZE, FIZM",,
10446,ING 201,ING,LS,English III,,Alin Yağcıoğlu,,Pazartesi,08:30/11:29,,28,29,,"BIO, BIOE, BLG, BLGE, CEV, CEVE, CHZ, CHZE, DEN, DENE, ECNE, EHB, EHBE, EHN, ELE, ELH, ELK, ELKE, END, ENDE, ENTE, EUT, EUTE, FIZ, FIZE, GEM, GEME, GEMK, GEO, GEOE, GID, GIDE, ICM, IML, IMLE, INS, INSE, ISL, ISLE, JDF, JEF, JEFE, JEO, JEOE, KIM, KIME, KMM, KMME, KOM, KOME, MAD, MADE, MAK, MAKE, MAT, MATE, MET, METE, MIM, MIME, MTO, MTOE, MUZE, PEM, PEME, PET, PETE, SBP, SBPE, SEH, TEK, TEKE, TEL, UCK, UCKE, UZB, UZBE",,
10447,ING 201,ING,LS,English III,,Alin Yağcıoğlu,,Salı,08:30/11:29,,28,25,,"BIO, BIOE, BLG, BLGE, CEV, CEVE, CHZ, CHZE, DEN, DENE, ECNE, EHB, EHBE, EHN, ELE, ELH, ELK, ELKE, END, ENDE, ENTE, EUT, EUTE, FIZ, FIZE, GEM, GEME, GEMK, GEO, GEOE, GID, GIDE, ICM, IML, IMLE, INS, INSE, ISL, ISLE, JDF, JEF, JEFE, JEO, JEOE, KIM, KIME, KMM, KMME, KOM, KOME, MAD, MADE, MAK, MAKE, MAT, MATE, MET, METE, MIM, MIME, MTO, MTOE, MUZE, PEM, PEME, PET, PETE, SBP, SBPE, SEH, TEK, TEKE, TEL, UCK, UCKE, UZB, UZBE",,
10448,ING 201,ING,LS,English III,,Alin Yağcıoğlu,,Çarşamba,08:30/11:29,,28,28,,"BIO, BIOE, BLG, BLGE, CEV, CEVE, CHZ, CHZE, DEN, DENE, ECNE, EHB, EHBE, EHN, ELE, ELH, ELK, ELKE, END, ENDE, ENTE, EUT, EUTE, FIZ, FIZE, GEM, GEME, GEMK, GEO, GEOE, GID, GIDE, ICM, IML, IMLE, INS, INSE, ISL, ISLE, JDF, JEF, JEFE, JEO, JEOE, KIM, KIME, KMM, KMME, KOM, KOME, MAD, MADE, MAK, MAKE, MAT, MATE, MET, METE, MIM, MIME, MTO, MTOE, MUZE, PEM, PEME, PET, PETE, SBP, SBPE, SEH, TEK, TEKE, TEL, UCK, UCKE, UZB, UZBE",,
10449,ING 201,ING,LS,English III,,Alin Yağcıoğlu,,Perşembe,13:30/16:29,,28,28,,"BIO, BIOE, BLG, BLGE, CEV, CEVE, CHZ, CHZE, DEN, DENE, ECNE, EHB, EHBE, EHN, ELE, ELH, ELK, ELKE, END, ENDE, ENTE, EUT, EUTE, FIZ, FIZE, GEM, GEME, GEMK, GEO, GEOE, GID, GIDE, ICM, IML, IMLE, INS, INSE, ISL, ISLE, JDF, JEF, JEFE, JEO, JEOE, KIM, KIME, KMM, KMME, KOM, KOME, MAD, MADE, MAK, MAKE, MAT, MATE, MET, METE, MIM, MIME, MTO, MTOE, MUZE, PEM, PEME, PET, PETE, SBP, SBPE, SEH, TEK, TEKE, TEL, UCK, UCKE, UZB, UZBE",,
10450,ING 112,ING,LS,English I,,Aslı Özkara,,Salı,08:30/11:29,,28,29,,"BIO, BIOE, BLG, BLGE, CEV, CEVE, CHZ, CHZE, DEN, DENE, DUIE, ECNE, EHB, EHBE, EHN, ELE, ELH, ELK, ELKE, END, ENDE, ENTE, EUT, EUTE, FIZ, FIZE, GEM, GEME, GEMK, GEO, GEOE, GID, GIDE, GMIE, ICM, IML, IMLE, INS, INSE, ISL, ISLE, JDF, JEF, JEFE, JEO, JEOE, KIM, KIME, KMM, KMME, KOM, KOME, MAD, MADE, MAK, MAKE, MAT, MATE, MET, METE, MIM, MIME, MTO, MTOE, MUZE, PEM, PEME, PET, PETE, SBP, SBPE, SEH, TEK, TEKE, TEL, UCK, UCKE, UZB, UZBE",,
10451,ING 112,ING,LS,English I,,Aslı Özkara,,Çarşamba,08:30/11:29,,28,30,,"BIO, BIOE, BLG, BLGE, CEV, CEVE, CHZ, CHZE, DEN, DENE, DUIE, ECNE, EHB, EHBE, EHN, ELE, ELH, ELK, ELKE, END, ENDE, ENTE, EUT, EUTE, FIZ, FIZE, GEM, GEME, GEMK, GEO, GEOE, GID, GIDE, GMIE, ICM, IML, IMLE, INS, INSE, ISL, ISLE, JDF, JEF, JEFE, JEO, JEOE, KIM, KIME, KMM, KMME, KOM, KOME, MAD, MADE, MAK, MAKE, MAT, MATE, MET, METE, MIM, MIME, MTO, MTOE, MUZE, PEM, PEME, PET, PETE, SBP, SBPE, SEH, TEK, TEKE, TEL, UCK, UCKE, UZB, UZBE",,
10452,ING 112,ING,LS,English I,,Aslı Özkara,,Perşembe,08:30/11:29,,28,33,,"BIO, BIOE, BLG, BLGE, CEV, CEVE, CHZ, CHZE, DEN, DENE, DUIE, ECNE, EHB, EHBE, EHN, ELE, ELH, ELK, ELKE, END, ENDE, ENTE, EUT, EUTE, FIZ, FIZE, GEM, GEME, GEMK, GEO, GEOE, GID, GIDE, GMIE, ICM, IML, IMLE, INS, INSE, ISL, ISLE, JDF, JEF, JEFE, JEO, JEOE, KIM, KIME, KMM, KMME, KOM, KOME, MAD, MADE, MAK, MAKE, MAT, MATE, MET, METE, MIM, MIME, MTO, MTOE, MUZE, PEM, PEME, PET, PETE, SBP, SBPE, SEH, TEK, TEKE, TEL, UCK, UCKE, UZB, UZBE",,
10453,ING 112,ING,LS,English I,,Aslı Özkara,,Cuma,08:30/11:29,,28,30,,"BIO, BIOE, BLG, BLGE, CEV, CEVE, CHZ, CHZE, DEN, DENE, DUIE, ECNE, EHB, EHBE, EHN, ELE, ELH, ELK, ELKE, END, ENDE, ENTE, EUT, EUTE, FIZ, FIZE, GEM, GEME, GEMK, GEO, GEOE, GID, GIDE, GMIE, ICM, IML, IMLE, INS, INSE, ISL, ISLE, JDF, JEF, JEFE, JEO, JEOE, KIM, KIME, KMM, KMME, KOM, KOME, MAD, MADE, MAK, MAKE, MAT, MATE, MET, METE, MIM, MIME, MTO, MTOE, MUZE, PEM, PEME, PET, PETE, SBP, SBPE, SEH, TEK, TEKE, TEL, UCK, UCKE, UZB, UZBE",,
10455,ING 112,ING,LS,English I,,Aslıhan Zengin Günay,,Pazartesi,13:30/16:29,,28,30,,"BIO, BIOE, BLG, BLGE, CEV, CEVE, CHZ, CHZE, DEN, DENE, DUIE, ECNE, EHB, EHBE, EHN, ELE, ELH, ELK, ELKE, END, ENDE, ENTE, EUT, EUTE, FIZ, FIZE, GEM, GEME, GEMK, GEO, GEOE, GID, GIDE, GMIE, ICM, IML, IMLE, INS, INSE, ISL, ISLE, JDF, JEF, JEFE, JEO, JEOE, KIM, KIME, KMM, KMME, KOM, KOME, MAD, MADE, MAK, MAKE, MAT, MATE, MET, METE, MIM, MIME, MTO, MTOE, MUZE, PEM, PEME, PET, PETE, SBP, SBPE, SEH, TEK, TEKE, TEL, UCK, UCKE, UZB, UZBE",,
10456,ING 112,ING,LS,English I,,Aslıhan Zengin Günay,,Salı,08:30/11:29,,28,29,,"BIO, BIOE, BLG, BLGE, CEV, CEVE, CHZ, CHZE, DEN, DENE, DUIE, ECNE, EHB, EHBE, EHN, ELE, ELH, ELK, ELKE, END, ENDE, ENTE, EUT, EUTE, FIZ, FIZE, GEM, GEME, GEMK, GEO, GEOE, GID, GIDE, GMIE, ICM, IML, IMLE, INS, INSE, ISL, ISLE, JDF, JEF, JEFE, JEO, JEOE, KIM, KIME, KMM, KMME, KOM, KOME, MAD, MADE, MAK, MAKE, MAT, MATE, MET, METE, MIM, MIME, MTO, MTOE, MUZE, PEM, PEME, PET, PETE, SBP, SBPE, SEH, TEK, TEKE, TEL, UCK, UCKE, UZB, UZBE",,
10457,ING 112,ING,LS,English I,,Aslıhan Zengin Günay,,Çarşamba,08:30/11:29,,28,30,,"BIO, BIOE, BLG, BLGE, CEV, CEVE, CHZ, CHZE, DEN, DENE, DUIE, ECNE, EHB, EHBE, EHN, ELE, ELH, ELK, ELKE, END, ENDE, ENTE, EUT, EUTE, FIZ, FIZE, GEM, GEME, GEMK, GEO, GEOE, GID, GIDE, GMIE, ICM, IML, IMLE, INS, INSE, ISL, ISLE, JDF, JEF, JEFE, JEO, JEOE, KIM, KIME, KMM, KMME, KOM, KOME, MAD, MADE, MAK, MAKE, MAT, MATE, MET, METE, MIM, MIME, MTO, MTOE, MUZE, PEM, PEME, PET, PETE, SBP, SBPE, SEH, TEK, TEKE, TEL, UCK, UCKE, UZB, UZBE",,
10459,ING 112,ING,LS,English I,,Aslıhan Zengin Günay,,Perşembe,08:30/11:29,,28,28,,"BIO, BIOE, BLG, BLGE, CEV, CEVE, CHZ, CHZE, DEN, DENE, DUIE, ECNE, EHB, EHBE, EHN, ELE, ELH, ELK, ELKE, END, ENDE, ENTE, EUT, EUTE, FIZ, FIZE, GEM, GEME, GEMK, GEO, GEOE, GID, GIDE, GMIE, ICM, IML, IMLE, INS, INSE, ISL, ISLE, JDF, JEF, JEFE, JEO, JEOE, KIM, KIME, KMM, KMME, KOM, KOME, MAD, MADE, MAK, MAKE, MAT, MATE, MET, METE, MIM, MIME, MTO, MTOE, MUZE, PEM, PEME, PET, PETE, SBP, SBPE, SEH, TEK, TEKE, TEL, UCK, UCKE, UZB, UZBE",,
10471,ING 112,ING,LS,English I,,Sabiha Bahar Arıcı,,Salı,13:30/16:29,,28,30,,"BIO, BIOE, BLG, BLGE, CEV, CEVE, CHZ, CHZE, DEN, DENE, DUIE, ECNE, EHB, EHBE, EHN, ELE, ELH, ELK, ELKE, END, ENDE, ENTE, EUT, EUTE, FIZ, FIZE, GEM, GEME, GEMK, GEO, GEOE, GID, GIDE, GMIE, ICM, IML, IMLE, INS, INSE, ISL, ISLE, JDF, JEF, JEFE, JEO, JEOE, KIM, KIME, KMM, KMME, KOM, KOME, MAD, MADE, MAK, MAKE, MAT, MATE, MET, METE, MIM, MIME, MTO, MTOE, MUZE, PEM, PEME, PET, PETE, SBP, SBPE, SEH, TEK, TEKE, TEL, UCK, UCKE, UZB, UZBE",,
10475,ING 112,ING,LS,English I,,Sabiha Bahar Arıcı,,Çarşamba,08:30/11:29,,28,31,,"BIO, BIOE, BLG, BLGE, CEV, CEVE, CHZ, CHZE, DEN, DENE, DUIE, ECNE, EHB, EHBE, EHN, ELE, ELH, ELK, ELKE, END, ENDE, ENTE, EUT, EUTE, FIZ, FIZE, GEM, GEME, GEMK, GEO, GEOE, GID, GIDE, GMIE, ICM, IML, IMLE, INS, INSE, ISL, ISLE, JDF, JEF, JEFE, JEO, JEOE, KIM, KIME, KMM, KMME, KOM, KOME, MAD, MADE, MAK, MAKE, MAT, MATE, MET, METE, MIM, MIME, MTO, MTOE, MUZE, PEM, PEME, PET, PETE, SBP, SBPE, SEH, TEK, TEKE, TEL, UCK, UCKE, UZB, UZBE",,
10476,ING 112,ING,LS,English I,,Sabiha Bahar Arıcı,,Perşembe,13:30/16:29,,28,30,,"BIO, BIOE, BLG, BLGE, CEV, CEVE, CHZ, CHZE, DEN, DENE, DUIE, ECNE, EHB, EHBE, EHN, ELE, ELH, ELK, ELKE, END, ENDE, ENTE, EUT, EUTE, FIZ, FIZE, GEM, GEME, GEMK, GEO, GEOE, GID, GIDE, GMIE, ICM, IML, IMLE, INS, INSE, ISL, ISLE, JDF, JEF, JEFE, JEO, JEOE, KIM, KIME, KMM, KMME, KOM, KOME, MAD, MADE, MAK, MAKE, MAT, MATE, MET, METE, MIM, MIME, MTO, MTOE, MUZE, PEM, PEME, PET, PETE, SBP, SBPE, SEH, TEK, TEKE, TEL, UCK, UCKE, UZB, UZBE",,
10477,ING 112,ING,LS,English I,,Sabiha Bahar Arıcı,,Cuma,08:30/11:29,,28,30,,"BIO, BIOE, BLG, BLGE, CEV, CEVE, CHZ, CHZE, DEN, DENE, DUIE, ECNE, EHB, EHBE, EHN, ELE, ELH, ELK, ELKE, END, ENDE, ENTE, EUT, EUTE, FIZ, FIZE, GEM, GEME, GEMK, GEO, GEOE, GID, GIDE, GMIE, ICM, IML, IMLE, INS, INSE, ISL, ISLE, JDF, JEF, JEFE, JEO, JEOE, KIM, KIME, KMM, KMME, KOM, KOME, MAD, MADE, MAK, MAKE, MAT, MATE, MET, METE, MIM, MIME, MTO, MTOE, MUZE, PEM, PEME, PET, PETE, SBP, SBPE, SEH, TEK, TEKE, TEL, UCK, UCKE, UZB, UZBE",,
10478,ING 103CO,ING,LS,Profess.Communic.for Engineers,,Fatma Betül Akpınar,,Pazartesi,08:30/11:29,,25,21,,"BIO, BIOE, BLG, BLGE, BST, CAB, CEB, CEV, CEVE, CHZ, CHZE, DEN, DENE, DUI, ECNE, EHB, EHBE, ELE, ELH, ELK, ELKE, END, ENDE, ENTE, EUT, EUTE, FIZ, FIZE, GEM, GEME, GEMK, GEO, GEOE, GID, GIDE, GMI, GMIE, ICM, IML, IMLE, INS, INSE, ISL, ISLE, JDF, JEF, JEFE, JEO, JEOE, KIM, KIME, KMM, KMME, KMP, KOM, KOME, MAD, MADE, MAK, MAKE, MAT, MATE, MET, METE, MIM, MIME, MTO, MTOE, MTR, MUT, MUZ, MUZE, MZT, PEM, PEME, PET, PETE, SBP, SBPE, SES, TEB, TEK, TEKE, TEL, THO, UCK, UCKE, UZB, UZBE",,
10479,ING 103CO,ING,LS,Profess.Communic.for Engineers,,Fatma Betül Akpınar,,Salı,08:30/11:29,,25,25,,"BIO, BIOE, BLG, BLGE, BST, CAB, CEB, CEV, CEVE, CHZ, CHZE, DEN, DENE, DUI, ECNE, EHB, EHBE, ELE, ELH, ELK, ELKE, END, ENDE, ENTE, EUT, EUTE, FIZ, FIZE, GEM, GEME, GEMK, GEO, GEOE, GID, GIDE, GMI, GMIE, ICM, IML, IMLE, INS, INSE, ISL, ISLE, JDF, JEF, JEFE, JEO, JEOE, KIM, KIME, KMM, KMME, KMP, KOM, KOME, MAD, MADE, MAK, MAKE, MAT, MATE, MET, METE, MIM, MIME, MTO, MTOE, MTR, MUT, MUZ, MUZE, MZT, PEM, PEME, PET, PETE, SBP, SBPE, SES, TEB, TEK, TEKE, TEL, THO, UCK, UCKE, UZB, UZBE",,
10480,ING 112,ING,LS,English I,,Fatma Betül Akpınar,,Perşembe,08:30/11:29,,28,29,,"BIO, BIOE, BLG, BLGE, CEV, CEVE, CHZ, CHZE, DEN, DENE, DUIE, ECNE, EHB, EHBE, EHN, ELE, ELH, ELK, ELKE, END, ENDE, ENTE, EUT, EUTE, FIZ, FIZE, GEM, GEME, GEMK, GEO, GEOE, GID, GIDE, GMIE, ICM, IML, IMLE, INS, INSE, ISL, ISLE, JDF, JEF, JEFE, JEO, JEOE, KIM, KIME, KMM, KMME, KOM, KOME, MAD, MADE, MAK, MAKE, MAT, MATE, MET, METE, MIM, MIME, MTO, MTOE, MUZE, PEM, PEME, PET, PETE, SBP, SBPE, SEH, TEK, TEKE, TEL, UCK, UCKE, UZB, UZBE",,
10481,ING 112,ING,LS,English I,,Fatma Betül Akpınar,,Cuma,08:30/11:29,,28,30,,"BIO, BIOE, BLG, BLGE, CEV, CEVE, CHZ, CHZE, DEN, DENE, DUIE, ECNE, EHB, EHBE, EHN, ELE, ELH, ELK, ELKE, END, ENDE, ENTE, EUT, EUTE, FIZ, FIZE, GEM, GEME, GEMK, GEO, GEOE, GID, GIDE, GMIE, ICM, IML, IMLE, INS, INSE, ISL, ISLE, JDF, JEF, JEFE, JEO, JEOE, KIM, KIME, KMM, KMME, KOM, KOME, MAD, MADE, MAK, MAKE, MAT, MATE, MET, METE, MIM, MIME, MTO, MTOE, MUZE, PEM, PEME, PET, PETE, SBP, SBPE, SEH, TEK, TEKE, TEL, UCK, UCKE, UZB, UZBE",,
10482,ING 112,ING,LS,English I,,Canan Sağbilge,,Salı,08:30/11:29,,28,28,,"BIO, BIOE, BLG, BLGE, CEV, CEVE, CHZ, CHZE, DEN, DENE, DUIE, ECNE, EHB, EHBE, EHN, ELE, ELH, ELK, ELKE, END, ENDE, ENTE, EUT, EUTE, FIZ, FIZE, GEM, GEME, GEMK, GEO, GEOE, GID, GIDE, GMIE, ICM, IML, IMLE, INS, INSE, ISL, ISLE, JDF, JEF, JEFE, JEO, JEOE, KIM, KIME, KMM, KMME, KOM, KOME, MAD, MADE, MAK, MAKE, MAT, MATE, MET, METE, MIM, MIME, MTO, MTOE, MUZE, PEM, PEME, PET, PETE, SBP, SBPE, SEH, TEK, TEKE, TEL, UCK, UCKE, UZB, UZBE",,
10483,ING 112,ING,LS,English I,,Canan Sağbilge,,Çarşamba,08:30/11:29,,29,33,,"BIO, BIOE, BLG, BLGE, CEV, CEVE, CHZ, CHZE, DEN, DENE, DUIE, ECNE, EHB, EHBE, EHN, ELE, ELH, ELK, ELKE, END, ENDE, ENTE, EUT, EUTE, FIZ, FIZE, GEM, GEME, GEMK, GEO, GEOE, GID, GIDE, GMIE, ICM, IML, IMLE, INS, INSE, ISL, ISLE, JDF, JEF, JEFE, JEO, JEOE, KIM, KIME, KMM, KMME, KOM, KOME, MAD, MADE, MAK, MAKE, MAT, MATE, MET, METE, MIM, MIME, MTO, MTOE, MUZE, PEM, PEME, PET, PETE, SBP, SBPE, SEH, TEK, TEKE, TEL, UCK, UCKE, UZB, UZBE",,
10484,ING 201,ING,LS,English III,,Canan Sağbilge,,Perşembe,08:30/11:29,,26,26,,"BIO, BIOE, BLG, BLGE, CEV, CEVE, CHZ, CHZE, DEN, DENE, ECNE, EHB, EHBE, EHN, ELE, ELH, ELK, ELKE, END, ENDE, ENTE, EUT, EUTE, FIZ, FIZE, GEM, GEME, GEMK, GEO, GEOE, GID, GIDE, ICM, IML, IMLE, INS, INSE, ISL, ISLE, JDF, JEF, JEFE, JEO, JEOE, KIM, KIME, KMM, KMME, KOM, KOME, MAD, MADE, MAK, MAKE, MAT, MATE, MET, METE, MIM, MIME, MTO, MTOE, MUZE, PEM, PEME, PET, PETE, SBP, SBPE, SEH, TEK, TEKE, TEL, UCK, UCKE, UZB, UZBE",,
10485,ING 201,ING,LS,English III,,Canan Sağbilge,,Cuma,08:30/11:29,,28,28,,"BIO, BIOE, BLG, BLGE, CEV, CEVE, CHZ, CHZE, DEN, DENE, ECNE, EHB, EHBE, EHN, ELE, ELH, ELK, ELKE, END, ENDE, ENTE, EUT, EUTE, FIZ, FIZE, GEM, GEME, GEMK, GEO, GEOE, GID, GIDE, ICM, IML, IMLE, INS, INSE, ISL, ISLE, JDF, JEF, JEFE, JEO, JEOE, KIM, KIME, KMM, KMME, KOM, KOME, MAD, MADE, MAK, MAKE, MAT, MATE, MET, METE, MIM, MIME, MTO, MTOE, MUZE, PEM, PEME, PET, PETE, SBP, SBPE, SEH, TEK, TEKE, TEL, UCK, UCKE, UZB, UZBE",,
10486,ING 112,ING,LS,English I,,Damla Aslı Altan,,Pazartesi,13:30/16:29,,28,28,,"BIO, BIOE, BLG, BLGE, CEV, CEVE, CHZ, CHZE, DEN, DENE, DUIE, ECNE, EHB, EHBE, EHN, ELE, ELH, ELK, ELKE, END, ENDE, ENTE, EUT, EUTE, FIZ, FIZE, GEM, GEME, GEMK, GEO, GEOE, GID, GIDE, GMIE, ICM, IML, IMLE, INS, INSE, ISL, ISLE, JDF, JEF, JEFE, JEO, JEOE, KIM, KIME, KMM, KMME, KOM, KOME, MAD, MADE, MAK, MAKE, MAT, MATE, MET, METE, MIM, MIME, MTO, MTOE, MUZE, PEM, PEME, PET, PETE, SBP, SBPE, SEH, TEK, TEKE, TEL, UCK, UCKE, UZB, UZBE",,
10487,ING 112,ING,LS,English I,,Damla Aslı Altan,,Salı,08:30/11:29,,28,28,,"BIO, BIOE, BLG, BLGE, CEV, CEVE, CHZ, CHZE, DEN, DENE, DUIE, ECNE, EHB, EHBE, EHN, ELE, ELH, ELK, ELKE, END, ENDE, ENTE, EUT, EUTE, FIZ, FIZE, GEM, GEME, GEMK, GEO, GEOE, GID, GIDE, GMIE, ICM, IML, IMLE, INS, INSE, ISL, ISLE, JDF, JEF, JEFE, JEO, JEOE, KIM, KIME, KMM, KMME, KOM, KOME, MAD, MADE, MAK, MAKE, MAT, MATE, MET, METE, MIM, MIME, MTO, MTOE, MUZE, PEM, PEME, PET, PETE, SBP, SBPE, SEH, TEK, TEKE, TEL, UCK, UCKE, UZB, UZBE",,
10488,ING 101,ING,LS,English I,,Damla Aslı Altan,,Perşembe,13:30/16:29,,30,26,,"BIO, BIOE, BLG, BLGE, CEV, CEVE, CHZ, CHZE, DEN, DENE, DUIE, ECNE, EHB, EHBE, EHN, ELE, ELH, ELK, ELKE, END, ENDE, ENTE, EUT, EUTE, FIZ, FIZE, GEM, GEME, GEMK, GEO, GEOE, GID, GIDE, GMIE, ICM, IML, IMLE, INS, INSE, ISL, ISLE, JDF, JEF, JEFE, JEO, JEOE, KIM, KIME, KMM, KMME, KOM, KOME, MAD, MADE, MAK, MAKE, MAT, MATE, MET, METE, MIM, MIME, MTO, MTOE, MUZE, PEM, PEME, PET, PETE, SBP, SBPE, SEH, TEK, TEKE, TEL, UCK, UCKE, UZB, UZBE",,
10489,ING 101,ING,LS,English I,,Damla Aslı Altan,,Cuma,08:30/11:29,,30,24,,"BIO, BIOE, BLG, BLGE, CEV, CEVE, CHZ, CHZE, DEN, DENE, DUIE, ECNE, EHB, EHBE, EHN, ELE, ELH, ELK, ELKE, END, ENDE, ENTE, EUT, EUTE, FIZ, FIZE, GEM, GEME, GEMK, GEO, GEOE, GID, GIDE, GMIE, ICM, IML, IMLE, INS, INSE, ISL, ISLE, JDF, JEF, JEFE, JEO, JEOE, KIM, KIME, KMM, KMME, KOM, KOME, MAD, MADE, MAK, MAKE, MAT, MATE, MET, METE, MIM, MIME, MTO, MTOE, MUZE, PEM, PEME, PET, PETE, SBP, SBPE, SEH, TEK, TEKE, TEL, UCK, UCKE, UZB, UZBE",,
10490,ING 201,ING,LS,English III,,Duygu Özkan,,Salı,13:30/16:29,,27,27,,"BIO, BIOE, BLG, BLGE, CEV, CEVE, CHZ, CHZE, DEN, DENE, ECNE, EHB, EHBE, EHN, ELE, ELH, ELK, ELKE, END, ENDE, ENTE, EUT, EUTE, FIZ, FIZE, GEM, GEME, GEMK, GEO, GEOE, GID, GIDE, ICM, IML, IMLE, INS, INSE, ISL, ISLE, JDF, JEF, JEFE, JEO, JEOE, KIM, KIME, KMM, KMME, KOM, KOME, MAD, MADE, MAK, MAKE, MAT, MATE, MET, METE, MIM, MIME, MTO, MTOE, MUZE, PEM, PEME, PET, PETE, SBP, SBPE, SEH, TEK, TEKE, TEL, UCK, UCKE, UZB, UZBE",,
10491,ING 201,ING,LS,English III,,Yasemin Yılmaz Yüksek,,Salı,08:30/11:29,,28,28,,"BIO, BIOE, BLG, BLGE, CEV, CEVE, CHZ, CHZE, DEN, DENE, ECNE, EHB, EHBE, EHN, ELE, ELH, ELK, ELKE, END, ENDE, ENTE, EUT, EUTE, FIZ, FIZE, GEM, GEME, GEMK, GEO, GEOE, GID, GIDE, ICM, IML, IMLE, INS, INSE, ISL, ISLE, JDF, JEF, JEFE, JEO, JEOE, KIM, KIME, KMM, KMME, KOM, KOME, MAD, MADE, MAK, MAKE, MAT, MATE, MET, METE, MIM, MIME, MTO, MTOE, MUZE, PEM, PEME, PET, PETE, SBP, SBPE, SEH, TEK, TEKE, TEL, UCK, UCKE, UZB, UZBE",,
10492,ING 201,ING,LS,English III,,Duygu Özkan,,Perşembe,13:30/16:29,,28,28,,"BIO, BIOE, BLG, BLGE, CEV, CEVE, CHZ, CHZE, DEN, DENE, ECNE, EHB, EHBE, EHN, ELE, ELH, ELK, ELKE, END, ENDE, ENTE, EUT, EUTE, FIZ, FIZE, GEM, GEME, GEMK, GEO, GEOE, GID, GIDE, ICM, IML, IMLE, INS, INSE, ISL, ISLE, JDF, JEF, JEFE, JEO, JEOE, KIM, KIME, KMM, KMME, KOM, KOME, MAD, MADE, MAK, MAKE, MAT, MATE, MET, METE, MIM, MIME, MTO, MTOE, MUZE, PEM, PEME, PET, PETE, SBP, SBPE, SEH, TEK, TEKE, TEL, UCK, UCKE, UZB, UZBE",,
10493,ING 201,ING,LS,English III,,Duygu Özkan,,Cuma,13:30/16:29,,28,28,,"BIO, BIOE, BLG, BLGE, CEV, CEVE, CHZ, CHZE, DEN, DENE, ECNE, EHB, EHBE, EHN, ELE, ELH, ELK, ELKE, END, ENDE, ENTE, EUT, EUTE, FIZ, FIZE, GEM, GEME, GEMK, GEO, GEOE, GID, GIDE, ICM, IML, IMLE, INS, INSE, ISL, ISLE, JDF, JEF, JEFE, JEO, JEOE, KIM, KIME, KMM, KMME, KOM, KOME, MAD, MADE, MAK, MAKE, MAT, MATE, MET, METE, MIM, MIME, MTO, MTOE, MUZE, PEM, PEME, PET, PETE, SBP, SBPE, SEH, TEK, TEKE, TEL, UCK, UCKE, UZB, UZBE",,
10494,ING 201,ING,LS,English III,,Ebru Yetiş,,Pazartesi,13:30/16:29,,28,28,,"BIO, BIOE, BLG, BLGE, CEV, CEVE, CHZ, CHZE, DEN, DENE, ECNE, EHB, EHBE, EHN, ELE, ELH, ELK, ELKE, END, ENDE, ENTE, EUT, EUTE, FIZ, FIZE, GEM, GEME, GEMK, GEO, GEOE, GID, GIDE, ICM, IML, IMLE, INS, INSE, ISL, ISLE, JDF, JEF, JEFE, JEO, JEOE, KIM, KIME, KMM, KMME, KOM, KOME, MAD, MADE, MAK, MAKE, MAT, MATE, MET, METE, MIM, MIME, MTO, MTOE, MUZE, PEM, PEME, PET, PETE, SBP, SBPE, SEH, TEK, TEKE, TEL, UCK, UCKE, UZB, UZBE",,
10495,ING 201,ING,LS,English III,,Ebru Yetiş,,Salı,13:30/16:29,,28,28,,"BIO, BIOE, BLG, BLGE, CEV, CEVE, CHZ, CHZE, DEN, DENE, ECNE, EHB, EHBE, EHN, ELE, ELH, ELK, ELKE, END, ENDE, ENTE, EUT, EUTE, FIZ, FIZE, GEM, GEME, GEMK, GEO, GEOE, GID, GIDE, ICM, IML, IMLE, INS, INSE, ISL, ISLE, JDF, JEF, JEFE, JEO, JEOE, KIM, KIME, KMM, KMME, KOM, KOME, MAD, MADE, MAK, MAKE, MAT, MATE, MET, METE, MIM, MIME, MTO, MTOE, MUZE, PEM, PEME, PET, PETE, SBP, SBPE, SEH, TEK, TEKE, TEL, UCK, UCKE, UZB, UZBE",,
10496,ING 201,ING,LS,English III,,Ebru Yetiş,,Çarşamba,08:30/11:29,,28,28,,"BIO, BIOE, BLG, BLGE, CEV, CEVE, CHZ, CHZE, DEN, DENE, ECNE, EHB, EHBE, EHN, ELE, ELH, ELK, ELKE, END, ENDE, ENTE, EUT, EUTE, FIZ, FIZE, GEM, GEME, GEMK, GEO, GEOE, GID, GIDE, ICM, IML, IMLE, INS, INSE, ISL, ISLE, JDF, JEF, JEFE, JEO, JEOE, KIM, KIME, KMM, KMME, KOM, KOME, MAD, MADE, MAK, MAKE, MAT, MATE, MET, METE, MIM, MIME, MTO, MTOE, MUZE, PEM, PEME, PET, PETE, SBP, SBPE, SEH, TEK, TEKE, TEL, UCK, UCKE, UZB, UZBE",,
10497,ING 201,ING,LS,English III,,Ebru Yetiş,,Perşembe,08:30/11:29,,26,25,,"BIO, BIOE, BLG, BLGE, CEV, CEVE, CHZ, CHZE, DEN, DENE, ECNE, EHB, EHBE, EHN, ELE, ELH, ELK, ELKE, END, ENDE, ENTE, EUT, EUTE, FIZ, FIZE, GEM, GEME, GEMK, GEO, GEOE, GID, GIDE, ICM, IML, IMLE, INS, INSE, ISL, ISLE, JDF, JEF, JEFE, JEO, JEOE, KIM, KIME, KMM, KMME, KOM, KOME, MAD, MADE, MAK, MAKE, MAT, MATE, MET, METE, MIM, MIME, MTO, MTOE, MUZE, PEM, PEME, PET, PETE, SBP, SBPE, SEH, TEK, TEKE, TEL, UCK, UCKE, UZB, UZBE",,
10498,ING 201,ING,LS,English III,,***,,Salı,13:30/16:29,,0,0,,"BIO, BIOE, BLG, BLGE, CEV, CEVE, CHZ, CHZE, DEN, DENE, ECNE, EHB, EHBE, EHN, ELE, ELH, ELK, ELKE, END, ENDE, ENTE, EUT, EUTE, FIZ, FIZE, GEM, GEME, GEMK, GEO, GEOE, GID, GIDE, ICM, IML, IMLE, INS, INSE, ISL, ISLE, JDF, JEF, JEFE, JEO, JEOE, KIM, KIME, KMM, KMME, KOM, KOME, MAD, MADE, MAK, MAKE, MAT, MATE, MET, METE, MIM, MIME, MTO, MTOE, MUZE, PEM, PEME, PET, PETE, SBP, SBPE, SEH, TEK, TEKE, TEL, UCK, UCKE, UZB, UZBE",,
10499,ING 201,ING,LS,English III,,***,,Çarşamba,08:30/11:29,,0,0,,"BIO, BIOE, BLG, BLGE, CEV, CEVE, CHZ, CHZE, DEN, DENE, ECNE, EHB, EHBE, EHN, ELE, ELH, ELK, ELKE, END, ENDE, ENTE, EUT, EUTE, FIZ, FIZE, GEM, GEME, GEMK, GEO, GEOE, GID, GIDE, ICM, IML, IMLE, INS, INSE, ISL, ISLE, JDF, JEF, JEFE, JEO, JEOE, KIM, KIME, KMM, KMME, KOM, KOME, MAD, MADE, MAK, MAKE, MAT, MATE, MET, METE, MIM, MIME, MTO, MTOE, MUZE, PEM, PEME, PET, PETE, SBP, SBPE, SEH, TEK, TEKE, TEL, UCK, UCKE, UZB, UZBE",,
10500,ING 201,ING,LS,English III,,***,,Perşembe,13:30/16:29,,0,0,,"BIO, BIOE, BLG, BLGE, CEV, CEVE, CHZ, CHZE, DEN, DENE, ECNE, EHB, EHBE, EHN, ELE, ELH, ELK, ELKE, END, ENDE, ENTE, EUT, EUTE, FIZ, FIZE, GEM, GEME, GEMK, GEO, GEOE, GID, GIDE, ICM, IML, IMLE, INS, INSE, ISL, ISLE, JDF, JEF, JEFE, JEO, JEOE, KIM, KIME, KMM, KMME, KOM, KOME, MAD, MADE, MAK, MAKE, MAT, MATE, MET, METE, MIM, MIME, MTO, MTOE, MUZE, PEM, PEME, PET, PETE, SBP, SBPE, SEH, TEK, TEKE, TEL, UCK, UCKE, UZB, UZBE",,
10501,ING 201,ING,LS,English III,,***,,Cuma,13:30/16:29,,0,0,,"BIO, BIOE, BLG, BLGE, CEV, CEVE, CHZ, CHZE, DEN, DENE, ECNE, EHB, EHBE, EHN, ELE, ELH, ELK, ELKE, END, ENDE, ENTE, EUT, EUTE, FIZ, FIZE, GEM, GEME, GEMK, GEO, GEOE, GID, GIDE, ICM, IML, IMLE, INS, INSE, ISL, ISLE, JDF, JEF, JEFE, JEO, JEOE, KIM, KIME, KMM, KMME, KOM, KOME, MAD, MADE, MAK, MAKE, MAT, MATE, MET, METE, MIM, MIME, MTO, MTOE, MUZE, PEM, PEME, PET, PETE, SBP, SBPE, SEH, TEK, TEKE, TEL, UCK, UCKE, UZB, UZBE",,
10502,ING 112,ING,LS,English I,,Hatice Bilgin,,Perşembe,08:30/11:29,,28,28,,"BIO, BIOE, BLG, BLGE, CEV, CEVE, CHZ, CHZE, DEN, DENE, DUIE, ECNE, EHB, EHBE, EHN, ELE, ELH, ELK, ELKE, END, ENDE, ENTE, EUT, EUTE, FIZ, FIZE, GEM, GEME, GEMK, GEO, GEOE, GID, GIDE, GMIE, ICM, IML, IMLE, INS, INSE, ISL, ISLE, JDF, JEF, JEFE, JEO, JEOE, KIM, KIME, KMM, KMME, KOM, KOME, MAD, MADE, MAK, MAKE, MAT, MATE, MET, METE, MIM, MIME, MTO, MTOE, MUZE, PEM, PEME, PET, PETE, SBP, SBPE, SEH, TEK, TEKE, TEL, UCK, UCKE, UZB, UZBE",,
10505,FIZ 381E,FIZ,LS,Classical Mechanics II,,Meltem Güngörmez,,Salı | Cuma,13:30/15:29 | 14:30/16:29,,40,26,,"FIZ, FIZE",,
10511,FIZ 201E,FIZ,LS,Modern Physics,,Mehmet Murat Sunar,,Pazartesi,14:30/17:29,,60,120,,"CHZ, CHZE, DEN, DENE, FIZM, GEM, GEME, GEMK, GMI, GMIE, JEF, JEO, JEOE, KOM, KOME, MAD, MADE, METE, MTO, MTOE, PET, PETE, UCK, UCKE, UZB, UZBE, UZBM",,
10519,FIZ 201,FIZ,LS,Modern Fizik,,Mehmet Murat Sunar,,Salı,14:30/17:29,,65,110,,"CHZ, DEN, FIZM, GEM, JEF, JEO, KOM, MAD, MET, MTO, PET, UCK, UCKM, UZB",,
10521,ING 112,ING,LS,English I,,Emel Çağlar,,Salı,08:30/11:29,,28,28,,"BIO, BIOE, BLG, BLGE, CEV, CEVE, CHZ, CHZE, DEN, DENE, DUIE, ECNE, EHB, EHBE, EHN, ELE, ELH, ELK, ELKE, END, ENDE, ENTE, EUT, EUTE, FIZ, FIZE, GEM, GEME, GEMK, GEO, GEOE, GID, GIDE, GMIE, ICM, IML, IMLE, INS, INSE, ISL, ISLE, JDF, JEF, JEFE, JEO, JEOE, KIM, KIME, KMM, KMME, KOM, KOME, MAD, MADE, MAK, MAKE, MAT, MATE, MET, METE, MIM, MIME, MTO, MTOE, MUZE, PEM, PEME, PET, PETE, SBP, SBPE, SEH, TEK, TEKE, TEL, UCK, UCKE, UZB, UZBE",,
10522,RES 107E,RES,LS,Technical Drawing,,Serpil Kurt Habiboğlu,,Perşembe,14:30/17:29,,95,85,,"FIZ, FIZE",,
10524,ING 112,ING,LS,English I,,Emel Çağlar,,Perşembe,08:30/11:29,,28,29,,"BIO, BIOE, BLG, BLGE, CEV, CEVE, CHZ, CHZE, DEN, DENE, DUIE, ECNE, EHB, EHBE, EHN, ELE, ELH, ELK, ELKE, END, ENDE, ENTE, EUT, EUTE, FIZ, FIZE, GEM, GEME, GEMK, GEO, GEOE, GID, GIDE, GMIE, ICM, IML, IMLE, INS, INSE, ISL, ISLE, JDF, JEF, JEFE, JEO, JEOE, KIM, KIME, KMM, KMME, KOM, KOME, MAD, MADE, MAK, MAKE, MAT, MATE, MET, METE, MIM, MIME, MTO, MTOE, MUZE, PEM, PEME, PET, PETE, SBP, SBPE, SEH, TEK, TEKE, TEL, UCK, UCKE, UZB, UZBE",,
10526,ING 201,ING,LS,English III,,Ömer Nezih Karaalioğlu,,Cuma,08:30/11:29,,28,27,,"BIO, BIOE, BLG, BLGE, CEV, CEVE, CHZ, CHZE, DEN, DENE, ECNE, EHB, EHBE, EHN, ELE, ELH, ELK, ELKE, END, ENDE, ENTE, EUT, EUTE, FIZ, FIZE, GEM, GEME, GEMK, GEO, GEOE, GID, GIDE, ICM, IML, IMLE, INS, INSE, ISL, ISLE, JDF, JEF, JEFE, JEO, JEOE, KIM, KIME, KMM, KMME, KOM, KOME, MAD, MADE, MAK, MAKE, MAT, MATE, MET, METE, MIM, MIME, MTO, MTOE, MUZE, PEM, PEME, PET, PETE, SBP, SBPE, SEH, TEK, TEKE, TEL, UCK, UCKE, UZB, UZBE",,
10527,ING 201,ING,LS,English III,,Emine Sari Altındağ,,Pazartesi,08:30/11:29,,28,26,,"BIO, BIOE, BLG, BLGE, CEV, CEVE, CHZ, CHZE, DEN, DENE, ECNE, EHB, EHBE, EHN, ELE, ELH, ELK, ELKE, END, ENDE, ENTE, EUT, EUTE, FIZ, FIZE, GEM, GEME, GEMK, GEO, GEOE, GID, GIDE, ICM, IML, IMLE, INS, INSE, ISL, ISLE, JDF, JEF, JEFE, JEO, JEOE, KIM, KIME, KMM, KMME, KOM, KOME, MAD, MADE, MAK, MAKE, MAT, MATE, MET, METE, MIM, MIME, MTO, MTOE, MUZE, PEM, PEME, PET, PETE, SBP, SBPE, SEH, TEK, TEKE, TEL, UCK, UCKE, UZB, UZBE",,
10529,ING 201,ING,LS,English III,,Emine Sari Altındağ,,Salı,13:30/16:29,,28,22,,"BIO, BIOE, BLG, BLGE, CEV, CEVE, CHZ, CHZE, DEN, DENE, ECNE, EHB, EHBE, EHN, ELE, ELH, ELK, ELKE, END, ENDE, ENTE, EUT, EUTE, FIZ, FIZE, GEM, GEME, GEMK, GEO, GEOE, GID, GIDE, ICM, IML, IMLE, INS, INSE, ISL, ISLE, JDF, JEF, JEFE, JEO, JEOE, KIM, KIME, KMM, KMME, KOM, KOME, MAD, MADE, MAK, MAKE, MAT, MATE, MET, METE, MIM, MIME, MTO, MTOE, MUZE, PEM, PEME, PET, PETE, SBP, SBPE, SEH, TEK, TEKE, TEL, UCK, UCKE, UZB, UZBE",,
10530,ING 201,ING,LS,English III,,Emine Sari Altındağ,,Çarşamba,08:30/11:29,,28,28,,"BIO, BIOE, BLG, BLGE, CEV, CEVE, CHZ, CHZE, DEN, DENE, ECNE, EHB, EHBE, EHN, ELE, ELH, ELK, ELKE, END, ENDE, ENTE, EUT, EUTE, FIZ, FIZE, GEM, GEME, GEMK, GEO, GEOE, GID, GIDE, ICM, IML, IMLE, INS, INSE, ISL, ISLE, JDF, JEF, JEFE, JEO, JEOE, KIM, KIME, KMM, KMME, KOM, KOME, MAD, MADE, MAK, MAKE, MAT, MATE, MET, METE, MIM, MIME, MTO, MTOE, MUZE, PEM, PEME, PET, PETE, SBP, SBPE, SEH, TEK, TEKE, TEL, UCK, UCKE, UZB, UZBE",,
10532,ING 201,ING,LS,English III,,Emine Sari Altındağ,,Cuma,08:30/11:29,,28,28,,"BIO, BIOE, BLG, BLGE, CEV, CEVE, CHZ, CHZE, DEN, DENE, ECNE, EHB, EHBE, EHN, ELE, ELH, ELK, ELKE, END, ENDE, ENTE, EUT, EUTE, FIZ, FIZE, GEM, GEME, GEMK, GEO, GEOE, GID, GIDE, ICM, IML, IMLE, INS, INSE, ISL, ISLE, JDF, JEF, JEFE, JEO, JEOE, KIM, KIME, KMM, KMME, KOM, KOME, MAD, MADE, MAK, MAKE, MAT, MATE, MET, METE, MIM, MIME, MTO, MTOE, MUZE, PEM, PEME, PET, PETE, SBP, SBPE, SEH, TEK, TEKE, TEL, UCK, UCKE, UZB, UZBE",,
10534,ING 201,ING,LS,English III,,Dilek Öztürk,,Salı,08:30/11:29,,28,25,,"BIO, BIOE, BLG, BLGE, CEV, CEVE, CHZ, CHZE, DEN, DENE, ECNE, EHB, EHBE, EHN, ELE, ELH, ELK, ELKE, END, ENDE, ENTE, EUT, EUTE, FIZ, FIZE, GEM, GEME, GEMK, GEO, GEOE, GID, GIDE, ICM, IML, IMLE, INS, INSE, ISL, ISLE, JDF, JEF, JEFE, JEO, JEOE, KIM, KIME, KMM, KMME, KOM, KOME, MAD, MADE, MAK, MAKE, MAT, MATE, MET, METE, MIM, MIME, MTO, MTOE, MUZE, PEM, PEME, PET, PETE, SBP, SBPE, SEH, TEK, TEKE, TEL, UCK, UCKE, UZB, UZBE",,
10536,ING 201,ING,LS,English III,,Dilek Öztürk,,Çarşamba,08:30/11:29,,28,27,,"BIO, BIOE, BLG, BLGE, CEV, CEVE, CHZ, CHZE, DEN, DENE, ECNE, EHB, EHBE, EHN, ELE, ELH, ELK, ELKE, END, ENDE, ENTE, EUT, EUTE, FIZ, FIZE, GEM, GEME, GEMK, GEO, GEOE, GID, GIDE, ICM, IML, IMLE, INS, INSE, ISL, ISLE, JDF, JEF, JEFE, JEO, JEOE, KIM, KIME, KMM, KMME, KOM, KOME, MAD, MADE, MAK, MAKE, MAT, MATE, MET, METE, MIM, MIME, MTO, MTOE, MUZE, PEM, PEME, PET, PETE, SBP, SBPE, SEH, TEK, TEKE, TEL, UCK, UCKE, UZB, UZBE",,
10537,ING 201,ING,LS,English III,,Şule Elif Gökçe Enginarlar,,Perşembe,08:30/11:29,,26,25,,"BIO, BIOE, BLG, BLGE, CEV, CEVE, CHZ, CHZE, DEN, DENE, ECNE, EHB, EHBE, EHN, ELE, ELH, ELK, ELKE, END, ENDE, ENTE, EUT, EUTE, FIZ, FIZE, GEM, GEME, GEMK, GEO, GEOE, GID, GIDE, ICM, IML, IMLE, INS, INSE, ISL, ISLE, JDF, JEF, JEFE, JEO, JEOE, KIM, KIME, KMM, KMME, KOM, KOME, MAD, MADE, MAK, MAKE, MAT, MATE, MET, METE, MIM, MIME, MTO, MTOE, MUZE, PEM, PEME, PET, PETE, SBP, SBPE, SEH, TEK, TEKE, TEL, UCK, UCKE, UZB, UZBE",,
10539,ING 201,ING,LS,English III,,Dilek Öztürk,,Perşembe,13:30/16:29,,28,24,,"BIO, BIOE, BLG, BLGE, CEV, CEVE, CHZ, CHZE, DEN, DENE, ECNE, EHB, EHBE, EHN, ELE, ELH, ELK, ELKE, END, ENDE, ENTE, EUT, EUTE, FIZ, FIZE, GEM, GEME, GEMK, GEO, GEOE, GID, GIDE, ICM, IML, IMLE, INS, INSE, ISL, ISLE, JDF, JEF, JEFE, JEO, JEOE, KIM, KIME, KMM, KMME, KOM, KOME, MAD, MADE, MAK, MAKE, MAT, MATE, MET, METE, MIM, MIME, MTO, MTOE, MUZE, PEM, PEME, PET, PETE, SBP, SBPE, SEH, TEK, TEKE, TEL, UCK, UCKE, UZB, UZBE",,
10540,ING 201,ING,LS,English III,,Dilek Öztürk,,Cuma,08:30/11:29,,28,19,,"BIO, BIOE, BLG, BLGE, CEV, CEVE, CHZ, CHZE, DEN, DENE, ECNE, EHB, EHBE, EHN, ELE, ELH, ELK, ELKE, END, ENDE, ENTE, EUT, EUTE, FIZ, FIZE, GEM, GEME, GEMK, GEO, GEOE, GID, GIDE, ICM, IML, IMLE, INS, INSE, ISL, ISLE, JDF, JEF, JEFE, JEO, JEOE, KIM, KIME, KMM, KMME, KOM, KOME, MAD, MADE, MAK, MAKE, MAT, MATE, MET, METE, MIM, MIME, MTO, MTOE, MUZE, PEM, PEME, PET, PETE, SBP, SBPE, SEH, TEK, TEKE, TEL, UCK, UCKE, UZB, UZBE",,
10541,ING 201,ING,LS,English III,,Esra Sancak,,Pazartesi,13:30/16:29,,28,28,,"BIO, BIOE, BLG, BLGE, CEV, CEVE, CHZ, CHZE, DEN, DENE, ECNE, EHB, EHBE, EHN, ELE, ELH, ELK, ELKE, END, ENDE, ENTE, EUT, EUTE, FIZ, FIZE, GEM, GEME, GEMK, GEO, GEOE, GID, GIDE, ICM, IML, IMLE, INS, INSE, ISL, ISLE, JDF, JEF, JEFE, JEO, JEOE, KIM, KIME, KMM, KMME, KOM, KOME, MAD, MADE, MAK, MAKE, MAT, MATE, MET, METE, MIM, MIME, MTO, MTOE, MUZE, PEM, PEME, PET, PETE, SBP, SBPE, SEH, TEK, TEKE, TEL, UCK, UCKE, UZB, UZBE",,
10542,ING 201,ING,LS,English III,,Esra Sancak,,Salı,13:30/16:29,,28,29,,"BIO, BIOE, BLG, BLGE, CEV, CEVE, CHZ, CHZE, DEN, DENE, ECNE, EHB, EHBE, EHN, ELE, ELH, ELK, ELKE, END, ENDE, ENTE, EUT, EUTE, FIZ, FIZE, GEM, GEME, GEMK, GEO, GEOE, GID, GIDE, ICM, IML, IMLE, INS, INSE, ISL, ISLE, JDF, JEF, JEFE, JEO, JEOE, KIM, KIME, KMM, KMME, KOM, KOME, MAD, MADE, MAK, MAKE, MAT, MATE, MET, METE, MIM, MIME, MTO, MTOE, MUZE, PEM, PEME, PET, PETE, SBP, SBPE, SEH, TEK, TEKE, TEL, UCK, UCKE, UZB, UZBE",,
10543,ING 201,ING,LS,English III,,Esra Sancak,,Çarşamba,08:30/11:29,,28,28,,"BIO, BIOE, BLG, BLGE, CEV, CEVE, CHZ, CHZE, DEN, DENE, ECNE, EHB, EHBE, EHN, ELE, ELH, ELK, ELKE, END, ENDE, ENTE, EUT, EUTE, FIZ, FIZE, GEM, GEME, GEMK, GEO, GEOE, GID, GIDE, ICM, IML, IMLE, INS, INSE, ISL, ISLE, JDF, JEF, JEFE, JEO, JEOE, KIM, KIME, KMM, KMME, KOM, KOME, MAD, MADE, MAK, MAKE, MAT, MATE, MET, METE, MIM, MIME, MTO, MTOE, MUZE, PEM, PEME, PET, PETE, SBP, SBPE, SEH, TEK, TEKE, TEL, UCK, UCKE, UZB, UZBE",,
10544,ING 201,ING,LS,English III,,Esra Sancak,,Perşembe,13:30/16:29,,28,28,,"BIO, BIOE, BLG, BLGE, CEV, CEVE, CHZ, CHZE, DEN, DENE, ECNE, EHB, EHBE, EHN, ELE, ELH, ELK, ELKE, END, ENDE, ENTE, EUT, EUTE, FIZ, FIZE, GEM, GEME, GEMK, GEO, GEOE, GID, GIDE, ICM, IML, IMLE, INS, INSE, ISL, ISLE, JDF, JEF, JEFE, JEO, JEOE, KIM, KIME, KMM, KMME, KOM, KOME, MAD, MADE, MAK, MAKE, MAT, MATE, MET, METE, MIM, MIME, MTO, MTOE, MUZE, PEM, PEME, PET, PETE, SBP, SBPE, SEH, TEK, TEKE, TEL, UCK, UCKE, UZB, UZBE",,
10547,ING 201,ING,LS,English III,,Firas Khairi Yhya,,Pazartesi,13:30/16:29,,28,11,,"BIO, BIOE, BLG, BLGE, CEV, CEVE, CHZ, CHZE, DEN, DENE, ECNE, EHB, EHBE, EHN, ELE, ELH, ELK, ELKE, END, ENDE, ENTE, EUT, EUTE, FIZ, FIZE, GEM, GEME, GEMK, GEO, GEOE, GID, GIDE, ICM, IML, IMLE, INS, INSE, ISL, ISLE, JDF, JEF, JEFE, JEO, JEOE, KIM, KIME, KMM, KMME, KOM, KOME, MAD, MADE, MAK, MAKE, MAT, MATE, MET, METE, MIM, MIME, MTO, MTOE, MUZE, PEM, PEME, PET, PETE, SBP, SBPE, SEH, TEK, TEKE, TEL, UCK, UCKE, UZB, UZBE",,
10548,BIL 100E,BIL,LS,Intr.to Prog.Language(PYTHON),,Mehmet Nazmi Postacıoğlu,,Pazartesi,14:30/17:29,,35,35,,"FIZ, FIZE, FIZM",,
10550,ING 201,ING,LS,English III,,Firas Khairi Yhya,,Salı,13:30/16:29,,28,16,,"BIO, BIOE, BLG, BLGE, CEV, CEVE, CHZ, CHZE, DEN, DENE, ECNE, EHB, EHBE, EHN, ELE, ELH, ELK, ELKE, END, ENDE, ENTE, EUT, EUTE, FIZ, FIZE, GEM, GEME, GEMK, GEO, GEOE, GID, GIDE, ICM, IML, IMLE, INS, INSE, ISL, ISLE, JDF, JEF, JEFE, JEO, JEOE, KIM, KIME, KMM, KMME, KOM, KOME, MAD, MADE, MAK, MAKE, MAT, MATE, MET, METE, MIM, MIME, MTO, MTOE, MUZE, PEM, PEME, PET, PETE, SBP, SBPE, SEH, TEK, TEKE, TEL, UCK, UCKE, UZB, UZBE",,
10551,ING 112,ING,LS,English I,,Firas Khairi Yhya,,Perşembe,13:30/16:29,,28,30,,"BIO, BIOE, BLG, BLGE, CEV, CEVE, CHZ, CHZE, DEN, DENE, DUIE, ECNE, EHB, EHBE, EHN, ELE, ELH, ELK, ELKE, END, ENDE, ENTE, EUT, EUTE, FIZ, FIZE, GEM, GEME, GEMK, GEO, GEOE, GID, GIDE, GMIE, ICM, IML, IMLE, INS, INSE, ISL, ISLE, JDF, JEF, JEFE, JEO, JEOE, KIM, KIME, KMM, KMME, KOM, KOME, MAD, MADE, MAK, MAKE, MAT, MATE, MET, METE, MIM, MIME, MTO, MTOE, MUZE, PEM, PEME, PET, PETE, SBP, SBPE, SEH, TEK, TEKE, TEL, UCK, UCKE, UZB, UZBE",,
10552,ING 201,ING,LS,English III,,Firas Khairi Yhya,,Cuma,13:30/16:29,,28,23,,"BIO, BIOE, BLG, BLGE, CEV, CEVE, CHZ, CHZE, DEN, DENE, ECNE, EHB, EHBE, EHN, ELE, ELH, ELK, ELKE, END, ENDE, ENTE, EUT, EUTE, FIZ, FIZE, GEM, GEME, GEMK, GEO, GEOE, GID, GIDE, ICM, IML, IMLE, INS, INSE, ISL, ISLE, JDF, JEF, JEFE, JEO, JEOE, KIM, KIME, KMM, KMME, KOM, KOME, MAD, MADE, MAK, MAKE, MAT, MATE, MET, METE, MIM, MIME, MTO, MTOE, MUZE, PEM, PEME, PET, PETE, SBP, SBPE, SEH, TEK, TEKE, TEL, UCK, UCKE, UZB, UZBE",,
10554,ING 201,ING,LS,English III,,Fulya Kama Özelkan,,Pazartesi,08:30/11:29,,28,28,,"BIO, BIOE, BLG, BLGE, CEV, CEVE, CHZ, CHZE, DEN, DENE, ECNE, EHB, EHBE, EHN, ELE, ELH, ELK, ELKE, END, ENDE, ENTE, EUT, EUTE, FIZ, FIZE, GEM, GEME, GEMK, GEO, GEOE, GID, GIDE, ICM, IML, IMLE, INS, INSE, ISL, ISLE, JDF, JEF, JEFE, JEO, JEOE, KIM, KIME, KMM, KMME, KOM, KOME, MAD, MADE, MAK, MAKE, MAT, MATE, MET, METE, MIM, MIME, MTO, MTOE, MUZE, PEM, PEME, PET, PETE, SBP, SBPE, SEH, TEK, TEKE, TEL, UCK, UCKE, UZB, UZBE",,
10555,BIL 100E,BIL,LS,Intr.to Prog.Language(PYTHON),,Mehmet Nazmi Postacıoğlu,,Salı,08:30/11:29,,35,15,,"FIZ, FIZE, FIZM",,
10557,ING 201,ING,LS,English III,,Fulya Kama Özelkan,,Salı,08:30/11:29,,28,28,,"BIO, BIOE, BLG, BLGE, CEV, CEVE, CHZ, CHZE, DEN, DENE, ECNE, EHB, EHBE, EHN, ELE, ELH, ELK, ELKE, END, ENDE, ENTE, EUT, EUTE, FIZ, FIZE, GEM, GEME, GEMK, GEO, GEOE, GID, GIDE, ICM, IML, IMLE, INS, INSE, ISL, ISLE, JDF, JEF, JEFE, JEO, JEOE, KIM, KIME, KMM, KMME, KOM, KOME, MAD, MADE, MAK, MAKE, MAT, MATE, MET, METE, MIM, MIME, MTO, MTOE, MUZE, PEM, PEME, PET, PETE, SBP, SBPE, SEH, TEK, TEKE, TEL, UCK, UCKE, UZB, UZBE",,
10558,ING 201,ING,LS,English III,,Fulya Kama Özelkan,,Çarşamba,08:30/11:29,,27,27,,"BIO, BIOE, BLG, BLGE, CEV, CEVE, CHZ, CHZE, DEN, DENE, ECNE, EHB, EHBE, EHN, ELE, ELH, ELK, ELKE, END, ENDE, ENTE, EUT, EUTE, FIZ, FIZE, GEM, GEME, GEMK, GEO, GEOE, GID, GIDE, ICM, IML, IMLE, INS, INSE, ISL, ISLE, JDF, JEF, JEFE, JEO, JEOE, KIM, KIME, KMM, KMME, KOM, KOME, MAD, MADE, MAK, MAKE, MAT, MATE, MET, METE, MIM, MIME, MTO, MTOE, MUZE, PEM, PEME, PET, PETE, SBP, SBPE, SEH, TEK, TEKE, TEL, UCK, UCKE, UZB, UZBE",,
10559,FIZ 494E,FIZ,LS,General Relativity,,Neşe Özdemir,,Pazartesi,14:30/17:29,,40,24,,"FIZ, FIZE",,
10562,ING 201,ING,LS,English III,,Fulya Kama Özelkan,,Perşembe,08:30/11:29,,26,26,,"BIO, BIOE, BLG, BLGE, CEV, CEVE, CHZ, CHZE, DEN, DENE, ECNE, EHB, EHBE, EHN, ELE, ELH, ELK, ELKE, END, ENDE, ENTE, EUT, EUTE, FIZ, FIZE, GEM, GEME, GEMK, GEO, GEOE, GID, GIDE, ICM, IML, IMLE, INS, INSE, ISL, ISLE, JDF, JEF, JEFE, JEO, JEOE, KIM, KIME, KMM, KMME, KOM, KOME, MAD, MADE, MAK, MAKE, MAT, MATE, MET, METE, MIM, MIME, MTO, MTOE, MUZE, PEM, PEME, PET, PETE, SBP, SBPE, SEH, TEK, TEKE, TEL, UCK, UCKE, UZB, UZBE",,
10564,ING 112,ING,LS,English I,,Gamze Avcı,,Salı,13:30/16:29,,28,32,,"BIO, BIOE, BLG, BLGE, CEV, CEVE, CHZ, CHZE, DEN, DENE, DUIE, ECNE, EHB, EHBE, EHN, ELE, ELH, ELK, ELKE, END, ENDE, ENTE, EUT, EUTE, FIZ, FIZE, GEM, GEME, GEMK, GEO, GEOE, GID, GIDE, GMIE, ICM, IML, IMLE, INS, INSE, ISL, ISLE, JDF, JEF, JEFE, JEO, JEOE, KIM, KIME, KMM, KMME, KOM, KOME, MAD, MADE, MAK, MAKE, MAT, MATE, MET, METE, MIM, MIME, MTO, MTOE, MUZE, PEM, PEME, PET, PETE, SBP, SBPE, SEH, TEK, TEKE, TEL, UCK, UCKE, UZB, UZBE",,
10567,ING 112,ING,LS,English I,,Gamze Avcı,,Perşembe,08:30/11:29,,28,29,,"BIO, BIOE, BLG, BLGE, CEV, CEVE, CHZ, CHZE, DEN, DENE, DUIE, ECNE, EHB, EHBE, EHN, ELE, ELH, ELK, ELKE, END, ENDE, ENTE, EUT, EUTE, FIZ, FIZE, GEM, GEME, GEMK, GEO, GEOE, GID, GIDE, GMIE, ICM, IML, IMLE, INS, INSE, ISL, ISLE, JDF, JEF, JEFE, JEO, JEOE, KIM, KIME, KMM, KMME, KOM, KOME, MAD, MADE, MAK, MAKE, MAT, MATE, MET, METE, MIM, MIME, MTO, MTOE, MUZE, PEM, PEME, PET, PETE, SBP, SBPE, SEH, TEK, TEKE, TEL, UCK, UCKE, UZB, UZBE",,
10568,FIZ 310,FIZ,LS,İstatistiksel Fizik & Termodnk,,Oğuzhan Gürlü,,Salı | Çarşamba | Perşembe,10:30/12:29 | 11:30/12:29 | 10:30/12:29,,60,37,,"FIZ, FIZM",,
10573,ING 201,ING,LS,English III,,Gamze Moran,,Pazartesi,13:30/16:29,,28,27,,"BIO, BIOE, BLG, BLGE, CEV, CEVE, CHZ, CHZE, DEN, DENE, ECNE, EHB, EHBE, EHN, ELE, ELH, ELK, ELKE, END, ENDE, ENTE, EUT, EUTE, FIZ, FIZE, GEM, GEME, GEMK, GEO, GEOE, GID, GIDE, ICM, IML, IMLE, INS, INSE, ISL, ISLE, JDF, JEF, JEFE, JEO, JEOE, KIM, KIME, KMM, KMME, KOM, KOME, MAD, MADE, MAK, MAKE, MAT, MATE, MET, METE, MIM, MIME, MTO, MTOE, MUZE, PEM, PEME, PET, PETE, SBP, SBPE, SEH, TEK, TEKE, TEL, UCK, UCKE, UZB, UZBE",,
10575,ING 201,ING,LS,English III,,Gamze Moran,,Salı,13:30/16:29,,28,27,,"BIO, BIOE, BLG, BLGE, CEV, CEVE, CHZ, CHZE, DEN, DENE, ECNE, EHB, EHBE, EHN, ELE, ELH, ELK, ELKE, END, ENDE, ENTE, EUT, EUTE, FIZ, FIZE, GEM, GEME, GEMK, GEO, GEOE, GID, GIDE, ICM, IML, IMLE, INS, INSE, ISL, ISLE, JDF, JEF, JEFE, JEO, JEOE, KIM, KIME, KMM, KMME, KOM, KOME, MAD, MADE, MAK, MAKE, MAT, MATE, MET, METE, MIM, MIME, MTO, MTOE, MUZE, PEM, PEME, PET, PETE, SBP, SBPE, SEH, TEK, TEKE, TEL, UCK, UCKE, UZB, UZBE",,
10577,ING 201,ING,LS,English III,,Gamze Moran,,Perşembe,13:30/16:29,,28,28,,"BIO, BIOE, BLG, BLGE, CEV, CEVE, CHZ, CHZE, DEN, DENE, ECNE, EHB, EHBE, EHN, ELE, ELH, ELK, ELKE, END, ENDE, ENTE, EUT, EUTE, FIZ, FIZE, GEM, GEME, GEMK, GEO, GEOE, GID, GIDE, ICM, IML, IMLE, INS, INSE, ISL, ISLE, JDF, JEF, JEFE, JEO, JEOE, KIM, KIME, KMM, KMME, KOM, KOME, MAD, MADE, MAK, MAKE, MAT, MATE, MET, METE, MIM, MIME, MTO, MTOE, MUZE, PEM, PEME, PET, PETE, SBP, SBPE, SEH, TEK, TEKE, TEL, UCK, UCKE, UZB, UZBE",,
10578,ING 201,ING,LS,English III,,Gamze Moran,,Cuma,13:30/16:29,,28,28,,"BIO, BIOE, BLG, BLGE, CEV, CEVE, CHZ, CHZE, DEN, DENE, ECNE, EHB, EHBE, EHN, ELE, ELH, ELK, ELKE, END, ENDE, ENTE, EUT, EUTE, FIZ, FIZE, GEM, GEME, GEMK, GEO, GEOE, GID, GIDE, ICM, IML, IMLE, INS, INSE, ISL, ISLE, JDF, JEF, JEFE, JEO, JEOE, KIM, KIME, KMM, KMME, KOM, KOME, MAD, MADE, MAK, MAKE, MAT, MATE, MET, METE, MIM, MIME, MTO, MTOE, MUZE, PEM, PEME, PET, PETE, SBP, SBPE, SEH, TEK, TEKE, TEL, UCK, UCKE, UZB, UZBE",,
10579,ING 201,ING,LS,English III,,Hatice Gülru Arslan,,Pazartesi,13:30/16:29,,28,28,,"BIO, BIOE, BLG, BLGE, CEV, CEVE, CHZ, CHZE, DEN, DENE, ECNE, EHB, EHBE, EHN, ELE, ELH, ELK, ELKE, END, ENDE, ENTE, EUT, EUTE, FIZ, FIZE, GEM, GEME, GEMK, GEO, GEOE, GID, GIDE, ICM, IML, IMLE, INS, INSE, ISL, ISLE, JDF, JEF, JEFE, JEO, JEOE, KIM, KIME, KMM, KMME, KOM, KOME, MAD, MADE, MAK, MAKE, MAT, MATE, MET, METE, MIM, MIME, MTO, MTOE, MUZE, PEM, PEME, PET, PETE, SBP, SBPE, SEH, TEK, TEKE, TEL, UCK, UCKE, UZB, UZBE",,
10580,ING 201,ING,LS,English III,,Hatice Gülru Arslan,,Salı,08:30/11:29,,28,27,,"BIO, BIOE, BLG, BLGE, CEV, CEVE, CHZ, CHZE, DEN, DENE, ECNE, EHB, EHBE, EHN, ELE, ELH, ELK, ELKE, END, ENDE, ENTE, EUT, EUTE, FIZ, FIZE, GEM, GEME, GEMK, GEO, GEOE, GID, GIDE, ICM, IML, IMLE, INS, INSE, ISL, ISLE, JDF, JEF, JEFE, JEO, JEOE, KIM, KIME, KMM, KMME, KOM, KOME, MAD, MADE, MAK, MAKE, MAT, MATE, MET, METE, MIM, MIME, MTO, MTOE, MUZE, PEM, PEME, PET, PETE, SBP, SBPE, SEH, TEK, TEKE, TEL, UCK, UCKE, UZB, UZBE",,
10581,ING 201,ING,LS,English III,,Hatice Gülru Arslan,,Çarşamba,08:30/11:29,,27,27,,"BIO, BIOE, BLG, BLGE, CEV, CEVE, CHZ, CHZE, DEN, DENE, ECNE, EHB, EHBE, EHN, ELE, ELH, ELK, ELKE, END, ENDE, ENTE, EUT, EUTE, FIZ, FIZE, GEM, GEME, GEMK, GEO, GEOE, GID, GIDE, ICM, IML, IMLE, INS, INSE, ISL, ISLE, JDF, JEF, JEFE, JEO, JEOE, KIM, KIME, KMM, KMME, KOM, KOME, MAD, MADE, MAK, MAKE, MAT, MATE, MET, METE, MIM, MIME, MTO, MTOE, MUZE, PEM, PEME, PET, PETE, SBP, SBPE, SEH, TEK, TEKE, TEL, UCK, UCKE, UZB, UZBE",,
10582,ING 201,ING,LS,English III,,Hatice Gülru Arslan,,Perşembe,08:30/11:29,,26,26,,"BIO, BIOE, BLG, BLGE, CEV, CEVE, CHZ, CHZE, DEN, DENE, ECNE, EHB, EHBE, EHN, ELE, ELH, ELK, ELKE, END, ENDE, ENTE, EUT, EUTE, FIZ, FIZE, GEM, GEME, GEMK, GEO, GEOE, GID, GIDE, ICM, IML, IMLE, INS, INSE, ISL, ISLE, JDF, JEF, JEFE, JEO, JEOE, KIM, KIME, KMM, KMME, KOM, KOME, MAD, MADE, MAK, MAKE, MAT, MATE, MET, METE, MIM, MIME, MTO, MTOE, MUZE, PEM, PEME, PET, PETE, SBP, SBPE, SEH, TEK, TEKE, TEL, UCK, UCKE, UZB, UZBE",,
10583,ING 201,ING,LS,English III,,Gürcan Öztürk,,Pazartesi,13:30/16:29,,28,28,,"BIO, BIOE, BLG, BLGE, CEV, CEVE, CHZ, CHZE, DEN, DENE, ECNE, EHB, EHBE, EHN, ELE, ELH, ELK, ELKE, END, ENDE, ENTE, EUT, EUTE, FIZ, FIZE, GEM, GEME, GEMK, GEO, GEOE, GID, GIDE, ICM, IML, IMLE, INS, INSE, ISL, ISLE, JDF, JEF, JEFE, JEO, JEOE, KIM, KIME, KMM, KMME, KOM, KOME, MAD, MADE, MAK, MAKE, MAT, MATE, MET, METE, MIM, MIME, MTO, MTOE, MUZE, PEM, PEME, PET, PETE, SBP, SBPE, SEH, TEK, TEKE, TEL, UCK, UCKE, UZB, UZBE",,
10584,ING 201,ING,LS,English III,,Gürcan Öztürk,,Salı,08:30/11:29,,28,30,,"BIO, BIOE, BLG, BLGE, CEV, CEVE, CHZ, CHZE, DEN, DENE, ECNE, EHB, EHBE, EHN, ELE, ELH, ELK, ELKE, END, ENDE, ENTE, EUT, EUTE, FIZ, FIZE, GEM, GEME, GEMK, GEO, GEOE, GID, GIDE, ICM, IML, IMLE, INS, INSE, ISL, ISLE, JDF, JEF, JEFE, JEO, JEOE, KIM, KIME, KMM, KMME, KOM, KOME, MAD, MADE, MAK, MAKE, MAT, MATE, MET, METE, MIM, MIME, MTO, MTOE, MUZE, PEM, PEME, PET, PETE, SBP, SBPE, SEH, TEK, TEKE, TEL, UCK, UCKE, UZB, UZBE",,
10586,ING 201,ING,LS,English III,,Gürcan Öztürk,,Cuma,13:30/16:29,,28,28,,"BIO, BIOE, BLG, BLGE, CEV, CEVE, CHZ, CHZE, DEN, DENE, ECNE, EHB, EHBE, EHN, ELE, ELH, ELK, ELKE, END, ENDE, ENTE, EUT, EUTE, FIZ, FIZE, GEM, GEME, GEMK, GEO, GEOE, GID, GIDE, ICM, IML, IMLE, INS, INSE, ISL, ISLE, JDF, JEF, JEFE, JEO, JEOE, KIM, KIME, KMM, KMME, KOM, KOME, MAD, MADE, MAK, MAKE, MAT, MATE, MET, METE, MIM, MIME, MTO, MTOE, MUZE, PEM, PEME, PET, PETE, SBP, SBPE, SEH, TEK, TEKE, TEL, UCK, UCKE, UZB, UZBE",,
10587,ING 201,ING,LS,English III,,Hatice Bahar Mendi Ünver,,Pazartesi,08:30/11:29,,28,23,,"BIO, BIOE, BLG, BLGE, CEV, CEVE, CHZ, CHZE, DEN, DENE, ECNE, EHB, EHBE, EHN, ELE, ELH, ELK, ELKE, END, ENDE, ENTE, EUT, EUTE, FIZ, FIZE, GEM, GEME, GEMK, GEO, GEOE, GID, GIDE, ICM, IML, IMLE, INS, INSE, ISL, ISLE, JDF, JEF, JEFE, JEO, JEOE, KIM, KIME, KMM, KMME, KOM, KOME, MAD, MADE, MAK, MAKE, MAT, MATE, MET, METE, MIM, MIME, MTO, MTOE, MUZE, PEM, PEME, PET, PETE, SBP, SBPE, SEH, TEK, TEKE, TEL, UCK, UCKE, UZB, UZBE",,
10588,ING 201,ING,LS,English III,,Hatice Bahar Mendi Ünver,,Salı,08:30/11:29,,28,25,,"BIO, BIOE, BLG, BLGE, CEV, CEVE, CHZ, CHZE, DEN, DENE, ECNE, EHB, EHBE, EHN, ELE, ELH, ELK, ELKE, END, ENDE, ENTE, EUT, EUTE, FIZ, FIZE, GEM, GEME, GEMK, GEO, GEOE, GID, GIDE, ICM, IML, IMLE, INS, INSE, ISL, ISLE, JDF, JEF, JEFE, JEO, JEOE, KIM, KIME, KMM, KMME, KOM, KOME, MAD, MADE, MAK, MAKE, MAT, MATE, MET, METE, MIM, MIME, MTO, MTOE, MUZE, PEM, PEME, PET, PETE, SBP, SBPE, SEH, TEK, TEKE, TEL, UCK, UCKE, UZB, UZBE",,
10589,ING 201,ING,LS,English III,,Hatice Bahar Mendi Ünver,,Perşembe,08:30/11:29,,27,20,,"BIO, BIOE, BLG, BLGE, CEV, CEVE, CHZ, CHZE, DEN, DENE, ECNE, EHB, EHBE, EHN, ELE, ELH, ELK, ELKE, END, ENDE, ENTE, EUT, EUTE, FIZ, FIZE, GEM, GEME, GEMK, GEO, GEOE, GID, GIDE, ICM, IML, IMLE, INS, INSE, ISL, ISLE, JDF, JEF, JEFE, JEO, JEOE, KIM, KIME, KMM, KMME, KOM, KOME, MAD, MADE, MAK, MAKE, MAT, MATE, MET, METE, MIM, MIME, MTO, MTOE, MUZE, PEM, PEME, PET, PETE, SBP, SBPE, SEH, TEK, TEKE, TEL, UCK, UCKE, UZB, UZBE",,
10590,ING 201,ING,LS,English III,,Hatice Bahar Mendi Ünver,,Cuma,08:30/11:29,,28,23,,"BIO, BIOE, BLG, BLGE, CEV, CEVE, CHZ, CHZE, DEN, DENE, ECNE, EHB, EHBE, EHN, ELE, ELH, ELK, ELKE, END, ENDE, ENTE, EUT, EUTE, FIZ, FIZE, GEM, GEME, GEMK, GEO, GEOE, GID, GIDE, ICM, IML, IMLE, INS, INSE, ISL, ISLE, JDF, JEF, JEFE, JEO, JEOE, KIM, KIME, KMM, KMME, KOM, KOME, MAD, MADE, MAK, MAKE, MAT, MATE, MET, METE, MIM, MIME, MTO, MTOE, MUZE, PEM, PEME, PET, PETE, SBP, SBPE, SEH, TEK, TEKE, TEL, UCK, UCKE, UZB, UZBE",,
10591,ING 112,ING,LS,English I,,Hacer Şivil,,Pazartesi,13:30/16:29,,28,28,,"BIO, BIOE, BLG, BLGE, CEV, CEVE, CHZ, CHZE, DEN, DENE, DUIE, ECNE, EHB, EHBE, EHN, ELE, ELH, ELK, ELKE, END, ENDE, ENTE, EUT, EUTE, FIZ, FIZE, GEM, GEME, GEMK, GEO, GEOE, GID, GIDE, GMIE, ICM, IML, IMLE, INS, INSE, ISL, ISLE, JDF, JEF, JEFE, JEO, JEOE, KIM, KIME, KMM, KMME, KOM, KOME, MAD, MADE, MAK, MAKE, MAT, MATE, MET, METE, MIM, MIME, MTO, MTOE, MUZE, PEM, PEME, PET, PETE, SBP, SBPE, SEH, TEK, TEKE, TEL, UCK, UCKE, UZB, UZBE",,
10592,ING 112,ING,LS,English I,,Hacer Şivil,,Salı,08:30/11:29,,28,28,,"BIO, BIOE, BLG, BLGE, CEV, CEVE, CHZ, CHZE, DEN, DENE, DUIE, ECNE, EHB, EHBE, EHN, ELE, ELH, ELK, ELKE, END, ENDE, ENTE, EUT, EUTE, FIZ, FIZE, GEM, GEME, GEMK, GEO, GEOE, GID, GIDE, GMIE, ICM, IML, IMLE, INS, INSE, ISL, ISLE, JDF, JEF, JEFE, JEO, JEOE, KIM, KIME, KMM, KMME, KOM, KOME, MAD, MADE, MAK, MAKE, MAT, MATE, MET, METE, MIM, MIME, MTO, MTOE, MUZE, PEM, PEME, PET, PETE, SBP, SBPE, SEH, TEK, TEKE, TEL, UCK, UCKE, UZB, UZBE",,
10593,ING 201,ING,LS,English III,,***,,Çarşamba,08:30/11:29,,0,0,,"BIO, BIOE, BLG, BLGE, CEV, CEVE, CHZ, CHZE, DEN, DENE, ECNE, EHB, EHBE, EHN, ELE, ELH, ELK, ELKE, END, ENDE, ENTE, EUT, EUTE, FIZ, FIZE, GEM, GEME, GEMK, GEO, GEOE, GID, GIDE, ICM, IML, IMLE, INS, INSE, ISL, ISLE, JDF, JEF, JEFE, JEO, JEOE, KIM, KIME, KMM, KMME, KOM, KOME, MAD, MADE, MAK, MAKE, MAT, MATE, MET, METE, MIM, MIME, MTO, MTOE, MUZE, PEM, PEME, PET, PETE, SBP, SBPE, SEH, TEK, TEKE, TEL, UCK, UCKE, UZB, UZBE",,
10594,ING 201,ING,LS,English III,,Hacer Şivil,,Perşembe,08:30/11:29,,27,10,,"BIO, BIOE, BLG, BLGE, CEV, CEVE, CHZ, CHZE, DEN, DENE, ECNE, EHB, EHBE, EHN, ELE, ELH, ELK, ELKE, END, ENDE, ENTE, EUT, EUTE, FIZ, FIZE, GEM, GEME, GEMK, GEO, GEOE, GID, GIDE, ICM, IML, IMLE, INS, INSE, ISL, ISLE, JDF, JEF, JEFE, JEO, JEOE, KIM, KIME, KMM, KMME, KOM, KOME, MAD, MADE, MAK, MAKE, MAT, MATE, MET, METE, MIM, MIME, MTO, MTOE, MUZE, PEM, PEME, PET, PETE, SBP, SBPE, SEH, TEK, TEKE, TEL, UCK, UCKE, UZB, UZBE",,
10595,ING 201,ING,LS,English III,,Hande Yalınateş,,Pazartesi,08:30/11:29,,28,30,,"BIO, BIOE, BLG, BLGE, CEV, CEVE, CHZ, CHZE, DEN, DENE, ECNE, EHB, EHBE, EHN, ELE, ELH, ELK, ELKE, END, ENDE, ENTE, EUT, EUTE, FIZ, FIZE, GEM, GEME, GEMK, GEO, GEOE, GID, GIDE, ICM, IML, IMLE, INS, INSE, ISL, ISLE, JDF, JEF, JEFE, JEO, JEOE, KIM, KIME, KMM, KMME, KOM, KOME, MAD, MADE, MAK, MAKE, MAT, MATE, MET, METE, MIM, MIME, MTO, MTOE, MUZE, PEM, PEME, PET, PETE, SBP, SBPE, SEH, TEK, TEKE, TEL, UCK, UCKE, UZB, UZBE",,
10596,ING 201,ING,LS,English III,,Hande Yalınateş,,Salı,08:30/11:29,,28,28,,"BIO, BIOE, BLG, BLGE, CEV, CEVE, CHZ, CHZE, DEN, DENE, ECNE, EHB, EHBE, EHN, ELE, ELH, ELK, ELKE, END, ENDE, ENTE, EUT, EUTE, FIZ, FIZE, GEM, GEME, GEMK, GEO, GEOE, GID, GIDE, ICM, IML, IMLE, INS, INSE, ISL, ISLE, JDF, JEF, JEFE, JEO, JEOE, KIM, KIME, KMM, KMME, KOM, KOME, MAD, MADE, MAK, MAKE, MAT, MATE, MET, METE, MIM, MIME, MTO, MTOE, MUZE, PEM, PEME, PET, PETE, SBP, SBPE, SEH, TEK, TEKE, TEL, UCK, UCKE, UZB, UZBE",,
10597,ING 112,ING,LS,English I,,Hande Yalınateş,,Çarşamba,08:30/11:29,,28,31,,"BIO, BIOE, BLG, BLGE, CEV, CEVE, CHZ, CHZE, DEN, DENE, DUIE, ECNE, EHB, EHBE, EHN, ELE, ELH, ELK, ELKE, END, ENDE, ENTE, EUT, EUTE, FIZ, FIZE, GEM, GEME, GEMK, GEO, GEOE, GID, GIDE, GMIE, ICM, IML, IMLE, INS, INSE, ISL, ISLE, JDF, JEF, JEFE, JEO, JEOE, KIM, KIME, KMM, KMME, KOM, KOME, MAD, MADE, MAK, MAKE, MAT, MATE, MET, METE, MIM, MIME, MTO, MTOE, MUZE, PEM, PEME, PET, PETE, SBP, SBPE, SEH, TEK, TEKE, TEL, UCK, UCKE, UZB, UZBE",,
10598,ING 112,ING,LS,English I,,Hande Yalınateş,,Perşembe,08:30/11:29,,28,29,,"BIO, BIOE, BLG, BLGE, CEV, CEVE, CHZ, CHZE, DEN, DENE, DUIE, ECNE, EHB, EHBE, EHN, ELE, ELH, ELK, ELKE, END, ENDE, ENTE, EUT, EUTE, FIZ, FIZE, GEM, GEME, GEMK, GEO, GEOE, GID, GIDE, GMIE, ICM, IML, IMLE, INS, INSE, ISL, ISLE, JDF, JEF, JEFE, JEO, JEOE, KIM, KIME, KMM, KMME, KOM, KOME, MAD, MADE, MAK, MAKE, MAT, MATE, MET, METE, MIM, MIME, MTO, MTOE, MUZE, PEM, PEME, PET, PETE, SBP, SBPE, SEH, TEK, TEKE, TEL, UCK, UCKE, UZB, UZBE",,
10599,FIZ 113,FIZ,LS,Mekanik,,Ömer Faruk Dayı,,Pazartesi | Çarşamba | Cuma,08:30/10:29 | 08:30/10:29 | 08:30/09:29,,80,77,,"FIZ, FIZM",,
10600,MAT 210,MAT,LS,Mühendislik Matematiği,,--,,Pazartesi | Salı,08:30/10:29 | 11:30/13:29,,0,0,,"BIO, BLG, CEV, CHZ, DUI, EHB, ELE, ELH, ELK, END, FIZ, GEO, GMI, INS, JDF, JEF, JEFM, JEO, KIM, MAD, MATM, MET, MTO, PET, TEK, TEL, UCK, UCKM, UZB, UZBM",,
10601,FIZ 113EL,FIZ,LS,Mechanics Laboratory,,Ömer Faruk Dayı,,Çarşamba,10:30/12:29,,40,40,,FIZ,,
10602,MAT 210,MAT,LS,Mühendislik Matematiği,,Evren Tanrıöver,,Pazartesi | Salı,08:30/10:29 | 11:30/13:29,,112,113,,"BIO, BLG, CEV, CHZ, DUI, EHB, ELE, ELH, ELK, END, FIZ, GEO, GMI, INS, JDF, JEF, JEFM, JEO, KIM, MAD, MATM, MET, MTO, PET, TEK, TEL, UCK, UCKM, UZB, UZBM",,
10603,FIZ 113EL,FIZ,LS,Mechanics Laboratory,,Ömer Faruk Dayı,,Cuma,09:30/11:29,,40,34,,FIZ,,
10604,MAT 210,MAT,LS,Mühendislik Matematiği,,Mehmet Ufuk Özerman,,Pazartesi | Salı,08:30/10:29 | 11:30/13:29,,113,115,,"BIO, BLG, CEV, CHZ, DUI, EHB, ELE, ELH, ELK, END, FIZ, GEO, GMI, INS, JDF, JEF, JEFM, JEO, KIM, MAD, MATM, MET, MTO, PET, TEK, TEL, UCK, UCKM, UZB, UZBM",,
10605,MAT 210,MAT,LS,Mühendislik Matematiği,,Evren Tanrıöver,,Pazartesi | Salı,12:30/14:29 | 15:30/17:29,,98,100,,"BIO, BLG, CEV, CHZ, DUI, EHB, ELE, ELH, ELK, END, FIZ, GEO, GMI, INS, JDF, JEF, JEFM, JEO, KIM, MAD, MATM, MET, MTO, PET, TEK, TEL, UCK, UCKM, UZB, UZBM",,
10608,MAT 210,MAT,LS,Mühendislik Matematiği,,--,,Çarşamba | Perşembe,08:30/10:29 | 12:30/14:29,,0,0,,"BIO, BLG, CEV, CHZ, DUI, EHB, ELE, ELH, ELK, END, FIZ, GEO, GMI, INS, JDF, JEF, JEFM, JEO, KIM, MAD, MATM, MET, MTO, PET, TEK, TEL, UCK, UCKM, UZB, UZBM",,
10609,MAT 210,MAT,LS,Mühendislik Matematiği,,Güler Arsan,,Çarşamba | Perşembe,08:30/10:29 | 12:30/14:29,,99,99,,"BIO, BLG, CEV, CHZ, DUI, EHB, ELE, ELH, ELK, END, FIZ, GEO, GMI, INS, JDF, JEF, JEFM, JEO, KIM, MAD, MATM, MET, MTO, PET, TEK, TEL, UCK, UCKM, UZB, UZBM",,
10610,MAT 210,MAT,LS,Mühendislik Matematiği,,Şenay Pasinlioğlu,,Çarşamba | Perşembe,08:30/10:29 | 12:30/14:29,,100,97,,"BIO, BLG, CEV, CHZ, DUI, EHB, ELE, ELH, ELK, END, FIZ, GEO, GMI, INS, JDF, JEF, JEFM, JEO, KIM, MAD, MATM, MET, MTO, PET, TEK, TEL, UCK, UCKM, UZB, UZBM",,
10611,MAT 210,MAT,LS,Mühendislik Matematiği,,--,,Çarşamba | Perşembe,11:30/13:29 | 08:30/10:29,,0,0,,"BIO, BLG, CEV, CHZ, DUI, EHB, ELE, ELH, ELK, END, FIZ, GEO, GMI, INS, JDF, JEF, JEFM, JEO, KIM, MAD, MATM, MET, MTO, PET, TEK, TEL, UCK, UCKM, UZB, UZBM",,
10612,MAT 210,MAT,LS,Mühendislik Matematiği,,Evren Tanrıöver,,Çarşamba | Perşembe,11:30/13:29 | 08:30/10:29,,104,105,,"BIO, BLG, CEV, CHZ, DUI, EHB, ELE, ELH, ELK, END, FIZ, GEO, GMI, INS, JDF, JEF, JEFM, JEO, KIM, MAD, MATM, MET, MTO, PET, TEK, TEL, UCK, UCKM, UZB, UZBM",,
10613,MAT 210,MAT,LS,Mühendislik Matematiği,,Fuat Ergezen,,Çarşamba | Perşembe,11:30/13:29 | 08:30/10:29,,104,104,,"BIO, BLG, CEV, CHZ, DUI, EHB, ELE, ELH, ELK, END, FIZ, GEO, GMI, INS, JDF, JEF, JEFM, JEO, KIM, MAD, MATM, MET, MTO, PET, TEK, TEL, UCK, UCKM, UZB, UZBM",,
10614,FIZ 313,FIZ,LS,Modern Fizik,,Hakan Özgür Özer,,Pazartesi | Çarşamba | Cuma,08:30/10:29 | 08:30/10:29 | 08:30/09:29,,75,64,,"FIZ, FIZM",,
10615,FIZ 313EL,FIZ,LS,Modern Physics Laboratory,,Hakan Özgür Özer,,Salı,13:30/15:29,,20,16,,"FIZ, FIZE",,
10616,FIZ 313EL,FIZ,LS,Modern Physics Laboratory,,Hakan Özgür Özer,,Salı,15:30/17:29,,20,25,,"FIZ, FIZE",,
10617,FIZ 313EL,FIZ,LS,Modern Physics Laboratory,,Hakan Özgür Özer,,Perşembe,13:30/15:29,,20,12,,"FIZ, FIZE",,
10618,FIZ 411E,FIZ,LS,Electromagnetik Theory I,,Abdurrahman Savaş Arapoğlu,,Salı | Perşembe | Cuma,08:30/10:29 | 08:30/10:29 | 10:30/11:29,,75,65,,"FIZ, FIZE",,
10620,FIZ 214E,FIZ,LS,Physics of Wave,,Seda Aksoy Esinoğlu,,Pazartesi | Çarşamba | Cuma,08:30/10:29 | 08:30/10:29 | 08:30/09:29,,75,68,,"FIZ, FIZE, FIZM",,
10621,FIZ 214EL,FIZ,LS,Wave Physics Laboratory,,Seda Aksoy Esinoğlu,,Cuma,10:30/12:29,,35,29,,FIZ,,
10622,FIZ 214EL,FIZ,LS,Wave Physics Laboratory,,Seda Aksoy Esinoğlu,,Çarşamba,10:30/12:29,,35,34,,FIZ,,
10623,FIZ 214EL,FIZ,LS,Wave Physics Laboratory,,Seda Aksoy Esinoğlu,,Cuma,13:30/15:29,,35,35,,FIZ,,
10624,FIZ 114E,FIZ,LS,Physics of Continuous Media,,Sevim İşçi Turutoğlu,,Pazartesi | Çarşamba,08:30/10:29 | 08:30/10:29,,75,26,,"FIZ, FIZE",,
10627,FIZ 213,FIZ,LS,Elektrik ve Manyetizma,,Sevtap Yıldız Özbek,,Pazartesi | Çarşamba | Cuma,08:30/10:29 | 08:30/10:29 | 08:30/09:29,,75,51,,"FIZ, FIZM",,
10629,MAT 210E,MAT,LS,Engineering Mathematics,,--,,Pazartesi | Salı,08:30/10:29 | 11:30/13:29,,0,0,,"BIO, BIOE, BLG, BLGE, CEV, CEVE, CHZ, CHZE, DEN, DENE, DUI, DUIE, ECNE, EHBE, ELE, ELH, ELK, ELKE, END, ENDE, FIZ, FIZE, GEM, GEME, GEMK, GEO, GEOE, GID, GIDE, GMI, GMIE, INS, INSE, ISL, ISLE, JDF, JEF, JEFE, JEFM, JEO, JEOE, KIM, KIME, KMM, KMME, MAD, MADE, MATM, MET, METE, MTO, MTOE, PET, PETE, TEK, TEKE, TEL, UCK, UCKE, UCKM, UZB, UZBE, UZBM",,
10631,MAT 210E,MAT,LS,Engineering Mathematics,,Ayşegül Tepe,,Pazartesi | Salı,08:30/10:29 | 11:30/13:29,,132,133,,"BIO, BIOE, BLG, BLGE, CEV, CEVE, CHZ, CHZE, DEN, DENE, DUI, DUIE, ECNE, EHBE, ELE, ELH, ELK, ELKE, END, ENDE, FIZ, FIZE, GEM, GEME, GEMK, GEO, GEOE, GID, GIDE, GMI, GMIE, INS, INSE, ISL, ISLE, JDF, JEF, JEFE, JEFM, JEO, JEOE, KIM, KIME, KMM, KMME, MAD, MADE, MATM, MET, METE, MTO, MTOE, PET, PETE, TEK, TEKE, TEL, UCK, UCKE, UCKM, UZB, UZBE, UZBM",,
10632,MAT 210E,MAT,LS,Engineering Mathematics,,İrma Hacınlıyan,,Pazartesi | Salı,08:30/10:29 | 11:30/13:29,,133,133,,"BIO, BIOE, BLG, BLGE, CEV, CEVE, CHZ, CHZE, DEN, DENE, DUI, DUIE, ECNE, EHBE, ELE, ELH, ELK, ELKE, END, ENDE, FIZ, FIZE, GEM, GEME, GEMK, GEO, GEOE, GID, GIDE, GMI, GMIE, INS, INSE, ISL, ISLE, JDF, JEF, JEFE, JEFM, JEO, JEOE, KIM, KIME, KMM, KMME, MAD, MADE, MATM, MET, METE, MTO, MTOE, PET, PETE, TEK, TEKE, TEL, UCK, UCKE, UCKM, UZB, UZBE, UZBM",,
10633,MAT 210E,MAT,LS,Engineering Mathematics,,İbrahim Kırat,,Pazartesi | Salı,08:30/10:29 | 11:30/13:29,,133,134,,"BIO, BIOE, BLG, BLGE, CEV, CEVE, CHZ, CHZE, DEN, DENE, DUI, DUIE, ECNE, EHBE, ELE, ELH, ELK, ELKE, END, ENDE, FIZ, FIZE, GEM, GEME, GEMK, GEO, GEOE, GID, GIDE, GMI, GMIE, INS, INSE, ISL, ISLE, JDF, JEF, JEFE, JEFM, JEO, JEOE, KIM, KIME, KMM, KMME, MAD, MADE, MATM, MET, METE, MTO, MTOE, PET, PETE, TEK, TEKE, TEL, UCK, UCKE, UCKM, UZB, UZBE, UZBM",,
10634,MAT 210E,MAT,LS,Engineering Mathematics,,--,,Pazartesi | Salı,12:30/14:29 | 15:30/17:29,,0,0,,"BIO, BIOE, BLG, BLGE, CEV, CEVE, CHZ, CHZE, DEN, DENE, DUI, DUIE, ECNE, EHBE, ELE, ELH, ELK, ELKE, END, ENDE, FIZ, FIZE, GEM, GEME, GEMK, GEO, GEOE, GID, GIDE, GMI, GMIE, INS, INSE, ISL, ISLE, JDF, JEF, JEFE, JEFM, JEO, JEOE, KIM, KIME, KMM, KMME, MAD, MADE, MATM, MET, METE, MTO, MTOE, PET, PETE, TEK, TEKE, TEL, UCK, UCKE, UCKM, UZB, UZBE, UZBM",,
10635,MAT 210E,MAT,LS,Engineering Mathematics,,Ayşegül Tepe,,Pazartesi | Salı,12:30/14:29 | 15:30/17:29,,102,106,,"BIO, BIOE, BLG, BLGE, CEV, CEVE, CHZ, CHZE, DEN, DENE, DUI, DUIE, ECNE, EHBE, ELE, ELH, ELK, ELKE, END, ENDE, FIZ, FIZE, GEM, GEME, GEMK, GEO, GEOE, GID, GIDE, GMI, GMIE, INS, INSE, ISL, ISLE, JDF, JEF, JEFE, JEFM, JEO, JEOE, KIM, KIME, KMM, KMME, MAD, MADE, MATM, MET, METE, MTO, MTOE, PET, PETE, TEK, TEKE, TEL, UCK, UCKE, UCKM, UZB, UZBE, UZBM",,
10636,ING 112,ING,LS,English I,,Hatice Bilgin,,Pazartesi,08:30/11:29,,28,33,,"BIO, BIOE, BLG, BLGE, CEV, CEVE, CHZ, CHZE, DEN, DENE, DUIE, ECNE, EHB, EHBE, EHN, ELE, ELH, ELK, ELKE, END, ENDE, ENTE, EUT, EUTE, FIZ, FIZE, GEM, GEME, GEMK, GEO, GEOE, GID, GIDE, GMIE, ICM, IML, IMLE, INS, INSE, ISL, ISLE, JDF, JEF, JEFE, JEO, JEOE, KIM, KIME, KMM, KMME, KOM, KOME, MAD, MADE, MAK, MAKE, MAT, MATE, MET, METE, MIM, MIME, MTO, MTOE, MUZE, PEM, PEME, PET, PETE, SBP, SBPE, SEH, TEK, TEKE, TEL, UCK, UCKE, UZB, UZBE",,
10637,MAT 210E,MAT,LS,Engineering Mathematics,,Ali Demirci,,Pazartesi | Salı,12:30/14:29 | 15:30/17:29,,103,105,,"BIO, BIOE, BLG, BLGE, CEV, CEVE, CHZ, CHZE, DEN, DENE, DUI, DUIE, ECNE, EHBE, ELE, ELH, ELK, ELKE, END, ENDE, FIZ, FIZE, GEM, GEME, GEMK, GEO, GEOE, GID, GIDE, GMI, GMIE, INS, INSE, ISL, ISLE, JDF, JEF, JEFE, JEFM, JEO, JEOE, KIM, KIME, KMM, KMME, MAD, MADE, MATM, MET, METE, MTO, MTOE, PET, PETE, TEK, TEKE, TEL, UCK, UCKE, UCKM, UZB, UZBE, UZBM",,
10638,MAT 210E,MAT,LS,Engineering Mathematics,,İrma Hacınlıyan,,Pazartesi | Salı,12:30/14:29 | 15:30/17:29,,103,106,,"BIO, BIOE, BLG, BLGE, CEV, CEVE, CHZ, CHZE, DEN, DENE, DUI, DUIE, ECNE, EHBE, ELE, ELH, ELK, ELKE, END, ENDE, FIZ, FIZE, GEM, GEME, GEMK, GEO, GEOE, GID, GIDE, GMI, GMIE, INS, INSE, ISL, ISLE, JDF, JEF, JEFE, JEFM, JEO, JEOE, KIM, KIME, KMM, KMME, MAD, MADE, MATM, MET, METE, MTO, MTOE, PET, PETE, TEK, TEKE, TEL, UCK, UCKE, UCKM, UZB, UZBE, UZBM",,
10639,MAT 210E,MAT,LS,Engineering Mathematics,,--,,Çarşamba | Perşembe,08:30/10:29 | 12:30/14:29,,0,0,,"BIO, BIOE, BLG, BLGE, CEV, CEVE, CHZ, CHZE, DEN, DENE, DUI, DUIE, ECNE, EHBE, ELE, ELH, ELK, ELKE, END, ENDE, FIZ, FIZE, GEM, GEME, GEMK, GEO, GEOE, GID, GIDE, GMI, GMIE, INS, INSE, ISL, ISLE, JDF, JEF, JEFE, JEFM, JEO, JEOE, KIM, KIME, KMM, KMME, MAD, MADE, MATM, MET, METE, MTO, MTOE, PET, PETE, TEK, TEKE, TEL, UCK, UCKE, UCKM, UZB, UZBE, UZBM",,
10640,MAT 210E,MAT,LS,Engineering Mathematics,,Ali Demirci,,Çarşamba | Perşembe,08:30/10:29 | 12:30/14:29,,130,131,,"BIO, BIOE, BLG, BLGE, CEV, CEVE, CHZ, CHZE, DEN, DENE, DUI, DUIE, ECNE, EHBE, ELE, ELH, ELK, ELKE, END, ENDE, FIZ, FIZE, GEM, GEME, GEMK, GEO, GEOE, GID, GIDE, GMI, GMIE, INS, INSE, ISL, ISLE, JDF, JEF, JEFE, JEFM, JEO, JEOE, KIM, KIME, KMM, KMME, MAD, MADE, MATM, MET, METE, MTO, MTOE, PET, PETE, TEK, TEKE, TEL, UCK, UCKE, UCKM, UZB, UZBE, UZBM",,
10642,MAT 210E,MAT,LS,Engineering Mathematics,,Gülçin Çivi,,Çarşamba | Perşembe,08:30/10:29 | 12:30/14:29,,129,131,,"BIO, BIOE, BLG, BLGE, CEV, CEVE, CHZ, CHZE, DEN, DENE, DUI, DUIE, ECNE, EHBE, ELE, ELH, ELK, ELKE, END, ENDE, FIZ, FIZE, GEM, GEME, GEMK, GEO, GEOE, GID, GIDE, GMI, GMIE, INS, INSE, ISL, ISLE, JDF, JEF, JEFE, JEFM, JEO, JEOE, KIM, KIME, KMM, KMME, MAD, MADE, MATM, MET, METE, MTO, MTOE, PET, PETE, TEK, TEKE, TEL, UCK, UCKE, UCKM, UZB, UZBE, UZBM",,
10644,MAT 210E,MAT,LS,Engineering Mathematics,,Cihangir Özemir,,Çarşamba | Perşembe,08:30/10:29 | 12:30/14:29,,129,130,,"BIO, BIOE, BLG, BLGE, CEV, CEVE, CHZ, CHZE, DEN, DENE, DUI, DUIE, ECNE, EHBE, ELE, ELH, ELK, ELKE, END, ENDE, FIZ, FIZE, GEM, GEME, GEMK, GEO, GEOE, GID, GIDE, GMI, GMIE, INS, INSE, ISL, ISLE, JDF, JEF, JEFE, JEFM, JEO, JEOE, KIM, KIME, KMM, KMME, MAD, MADE, MATM, MET, METE, MTO, MTOE, PET, PETE, TEK, TEKE, TEL, UCK, UCKE, UCKM, UZB, UZBE, UZBM",,
10645,ING 112,ING,LS,English I,,Hatice Bilgin,,Çarşamba,08:30/11:29,,28,29,,"BIO, BIOE, BLG, BLGE, CEV, CEVE, CHZ, CHZE, DEN, DENE, DUIE, ECNE, EHB, EHBE, EHN, ELE, ELH, ELK, ELKE, END, ENDE, ENTE, EUT, EUTE, FIZ, FIZE, GEM, GEME, GEMK, GEO, GEOE, GID, GIDE, GMIE, ICM, IML, IMLE, INS, INSE, ISL, ISLE, JDF, JEF, JEFE, JEO, JEOE, KIM, KIME, KMM, KMME, KOM, KOME, MAD, MADE, MAK, MAKE, MAT, MATE, MET, METE, MIM, MIME, MTO, MTOE, MUZE, PEM, PEME, PET, PETE, SBP, SBPE, SEH, TEK, TEKE, TEL, UCK, UCKE, UZB, UZBE",,
10648,ING 112,ING,LS,English I,,Gamze Avcı,,Cuma,08:30/11:29,,28,30,,"BIO, BIOE, BLG, BLGE, CEV, CEVE, CHZ, CHZE, DEN, DENE, DUIE, ECNE, EHB, EHBE, EHN, ELE, ELH, ELK, ELKE, END, ENDE, ENTE, EUT, EUTE, FIZ, FIZE, GEM, GEME, GEMK, GEO, GEOE, GID, GIDE, GMIE, ICM, IML, IMLE, INS, INSE, ISL, ISLE, JDF, JEF, JEFE, JEO, JEOE, KIM, KIME, KMM, KMME, KOM, KOME, MAD, MADE, MAK, MAKE, MAT, MATE, MET, METE, MIM, MIME, MTO, MTOE, MUZE, PEM, PEME, PET, PETE, SBP, SBPE, SEH, TEK, TEKE, TEL, UCK, UCKE, UZB, UZBE",,
10649,MAT 210E,MAT,LS,Engineering Mathematics,,--,,Çarşamba | Perşembe,11:30/13:29 | 08:30/10:29,,0,0,,"BIO, BIOE, BLG, BLGE, CEV, CEVE, CHZ, CHZE, DEN, DENE, DUI, DUIE, ECNE, EHBE, ELE, ELH, ELK, ELKE, END, ENDE, FIZ, FIZE, GEM, GEME, GEMK, GEO, GEOE, GID, GIDE, GMI, GMIE, INS, INSE, ISL, ISLE, JDF, JEF, JEFE, JEFM, JEO, JEOE, KIM, KIME, KMM, KMME, MAD, MADE, MATM, MET, METE, MTO, MTOE, PET, PETE, TEK, TEKE, TEL, UCK, UCKE, UCKM, UZB, UZBE, UZBM",,
10650,FIZ 241E,FIZ,LS,Symblc & Numrc Tchnqs in Physc,,Tolga Birkandan,,Salı,08:30/11:29,,50,41,,"FIZ, FIZE",,
10652,MAT 210E,MAT,LS,Engineering Mathematics,,Ayşegül Tepe,,Çarşamba | Perşembe,11:30/13:29 | 08:30/10:29,,112,115,,"BIO, BIOE, BLG, BLGE, CEV, CEVE, CHZ, CHZE, DEN, DENE, DUI, DUIE, ECNE, EHBE, ELE, ELH, ELK, ELKE, END, ENDE, FIZ, FIZE, GEM, GEME, GEMK, GEO, GEOE, GID, GIDE, GMI, GMIE, INS, INSE, ISL, ISLE, JDF, JEF, JEFE, JEFM, JEO, JEOE, KIM, KIME, KMM, KMME, MAD, MADE, MATM, MET, METE, MTO, MTOE, PET, PETE, TEK, TEKE, TEL, UCK, UCKE, UCKM, UZB, UZBE, UZBM",,
10653,MAT 210E,MAT,LS,Engineering Mathematics,,Gülçin Çivi,,Çarşamba | Perşembe,11:30/13:29 | 08:30/10:29,,112,115,,"BIO, BIOE, BLG, BLGE, CEV, CEVE, CHZ, CHZE, DEN, DENE, DUI, DUIE, ECNE, EHBE, ELE, ELH, ELK, ELKE, END, ENDE, FIZ, FIZE, GEM, GEME, GEMK, GEO, GEOE, GID, GIDE, GMI, GMIE, INS, INSE, ISL, ISLE, JDF, JEF, JEFE, JEFM, JEO, JEOE, KIM, KIME, KMM, KMME, MAD, MADE, MATM, MET, METE, MTO, MTOE, PET, PETE, TEK, TEKE, TEL, UCK, UCKE, UCKM, UZB, UZBE, UZBM",,
10655,MAT 210E,MAT,LS,Engineering Mathematics,,Şenay Pasinlioğlu,,Çarşamba | Perşembe,11:30/13:29 | 08:30/10:29,,112,112,,"BIO, BIOE, BLG, BLGE, CEV, CEVE, CHZ, CHZE, DEN, DENE, DUI, DUIE, ECNE, EHBE, ELE, ELH, ELK, ELKE, END, ENDE, FIZ, FIZE, GEM, GEME, GEMK, GEO, GEOE, GID, GIDE, GMI, GMIE, INS, INSE, ISL, ISLE, JDF, JEF, JEFE, JEFM, JEO, JEOE, KIM, KIME, KMM, KMME, MAD, MADE, MATM, MET, METE, MTO, MTOE, PET, PETE, TEK, TEKE, TEL, UCK, UCKE, UCKM, UZB, UZBE, UZBM",,
10656,ING 103CO,ING,LS,Profess.Communic.for Engineers,,İmge Şahin Girtten,,Pazartesi,13:30/16:29,,25,19,,"BIO, BIOE, BLG, BLGE, BST, CAB, CEB, CEV, CEVE, CHZ, CHZE, DEN, DENE, DUI, ECNE, EHB, EHBE, ELE, ELH, ELK, ELKE, END, ENDE, ENTE, EUT, EUTE, FIZ, FIZE, GEM, GEME, GEMK, GEO, GEOE, GID, GIDE, GMI, GMIE, ICM, IML, IMLE, INS, INSE, ISL, ISLE, JDF, JEF, JEFE, JEO, JEOE, KIM, KIME, KMM, KMME, KMP, KOM, KOME, MAD, MADE, MAK, MAKE, MAT, MATE, MET, METE, MIM, MIME, MTO, MTOE, MTR, MUT, MUZ, MUZE, MZT, PEM, PEME, PET, PETE, SBP, SBPE, SES, TEB, TEK, TEKE, TEL, THO, UCK, UCKE, UZB, UZBE",,
10657,ING 112,ING,LS,English I,,Mehtap İpek Kurt,,Salı,08:30/11:29,,28,28,,"BIO, BIOE, BLG, BLGE, CEV, CEVE, CHZ, CHZE, DEN, DENE, DUIE, ECNE, EHB, EHBE, EHN, ELE, ELH, ELK, ELKE, END, ENDE, ENTE, EUT, EUTE, FIZ, FIZE, GEM, GEME, GEMK, GEO, GEOE, GID, GIDE, GMIE, ICM, IML, IMLE, INS, INSE, ISL, ISLE, JDF, JEF, JEFE, JEO, JEOE, KIM, KIME, KMM, KMME, KOM, KOME, MAD, MADE, MAK, MAKE, MAT, MATE, MET, METE, MIM, MIME, MTO, MTOE, MUZE, PEM, PEME, PET, PETE, SBP, SBPE, SEH, TEK, TEKE, TEL, UCK, UCKE, UZB, UZBE",,
10658,ING 112,ING,LS,English I,,Özge Seçkin Polat,,Çarşamba,08:30/11:29,,28,29,,"BIO, BIOE, BLG, BLGE, CEV, CEVE, CHZ, CHZE, DEN, DENE, DUIE, ECNE, EHB, EHBE, EHN, ELE, ELH, ELK, ELKE, END, ENDE, ENTE, EUT, EUTE, FIZ, FIZE, GEM, GEME, GEMK, GEO, GEOE, GID, GIDE, GMIE, ICM, IML, IMLE, INS, INSE, ISL, ISLE, JDF, JEF, JEFE, JEO, JEOE, KIM, KIME, KMM, KMME, KOM, KOME, MAD, MADE, MAK, MAKE, MAT, MATE, MET, METE, MIM, MIME, MTO, MTOE, MUZE, PEM, PEME, PET, PETE, SBP, SBPE, SEH, TEK, TEKE, TEL, UCK, UCKE, UZB, UZBE",,
10659,ING 103CO,ING,LS,Profess.Communic.for Engineers,,İmge Şahin Girtten,,Perşembe,08:30/11:29,,25,13,,"BIO, BIOE, BLG, BLGE, BST, CAB, CEB, CEV, CEVE, CHZ, CHZE, DEN, DENE, DUI, ECNE, EHB, EHBE, ELE, ELH, ELK, ELKE, END, ENDE, ENTE, EUT, EUTE, FIZ, FIZE, GEM, GEME, GEMK, GEO, GEOE, GID, GIDE, GMI, GMIE, ICM, IML, IMLE, INS, INSE, ISL, ISLE, JDF, JEF, JEFE, JEO, JEOE, KIM, KIME, KMM, KMME, KMP, KOM, KOME, MAD, MADE, MAK, MAKE, MAT, MATE, MET, METE, MIM, MIME, MTO, MTOE, MTR, MUT, MUZ, MUZE, MZT, PEM, PEME, PET, PETE, SBP, SBPE, SES, TEB, TEK, TEKE, TEL, THO, UCK, UCKE, UZB, UZBE",,
10660,ING 103N,ING,LS,Film Studies,,İrem Bocutoğlu,,Salı,08:30/11:29,,30,30,,"BIO, BIOE, BLG, BLGE, CEV, CEVE, CHZ, CHZE, DEN, DENE, DUI, DUIE, ECNE, EHB, EHBE, EHN, ELE, ELH, ELK, ELKE, END, ENDE, ENTE, EUT, EUTE, FIZ, FIZE, GEM, GEME, GEMK, GEO, GEOE, GID, GIDE, GMIE, ICM, IML, IMLE, INS, INSE, ISL, ISLE, JDF, JEF, JEFE, JEO, JEOE, KIM, KIME, KMM, KMME, KOM, KOME, MAD, MADE, MAK, MAKE, MAT, MATE, MET, METE, MIM, MIME, MTO, MTOE, MUZE, PEM, PEME, PET, PETE, SBP, SBPE, SEH, TEK, TEKE, TEL, UCK, UCKE, UZB, UZBE",,
10661,ING 103N,ING,LS,Film Studies,,İrem Bocutoğlu,,Çarşamba,08:30/11:29,,30,33,,"BIO, BIOE, BLG, BLGE, CEV, CEVE, CHZ, CHZE, DEN, DENE, DUI, DUIE, ECNE, EHB, EHBE, EHN, ELE, ELH, ELK, ELKE, END, ENDE, ENTE, EUT, EUTE, FIZ, FIZE, GEM, GEME, GEMK, GEO, GEOE, GID, GIDE, GMIE, ICM, IML, IMLE, INS, INSE, ISL, ISLE, JDF, JEF, JEFE, JEO, JEOE, KIM, KIME, KMM, KMME, KOM, KOME, MAD, MADE, MAK, MAKE, MAT, MATE, MET, METE, MIM, MIME, MTO, MTOE, MUZE, PEM, PEME, PET, PETE, SBP, SBPE, SEH, TEK, TEKE, TEL, UCK, UCKE, UZB, UZBE",,
10662,ING 103N,ING,LS,Film Studies,,İrem Bocutoğlu,,Perşembe,08:30/11:29,,30,30,,"BIO, BIOE, BLG, BLGE, CEV, CEVE, CHZ, CHZE, DEN, DENE, DUI, DUIE, ECNE, EHB, EHBE, EHN, ELE, ELH, ELK, ELKE, END, ENDE, ENTE, EUT, EUTE, FIZ, FIZE, GEM, GEME, GEMK, GEO, GEOE, GID, GIDE, GMIE, ICM, IML, IMLE, INS, INSE, ISL, ISLE, JDF, JEF, JEFE, JEO, JEOE, KIM, KIME, KMM, KMME, KOM, KOME, MAD, MADE, MAK, MAKE, MAT, MATE, MET, METE, MIM, MIME, MTO, MTOE, MUZE, PEM, PEME, PET, PETE, SBP, SBPE, SEH, TEK, TEKE, TEL, UCK, UCKE, UZB, UZBE",,
10663,ING 112,ING,LS,English I,,İrem Bocutoğlu,,Pazartesi,08:30/11:29,,28,33,,"BIO, BIOE, BLG, BLGE, CEV, CEVE, CHZ, CHZE, DEN, DENE, DUIE, ECNE, EHB, EHBE, EHN, ELE, ELH, ELK, ELKE, END, ENDE, ENTE, EUT, EUTE, FIZ, FIZE, GEM, GEME, GEMK, GEO, GEOE, GID, GIDE, GMIE, ICM, IML, IMLE, INS, INSE, ISL, ISLE, JDF, JEF, JEFE, JEO, JEOE, KIM, KIME, KMM, KMME, KOM, KOME, MAD, MADE, MAK, MAKE, MAT, MATE, MET, METE, MIM, MIME, MTO, MTOE, MUZE, PEM, PEME, PET, PETE, SBP, SBPE, SEH, TEK, TEKE, TEL, UCK, UCKE, UZB, UZBE",,
10664,ING 105,ING,LS,English I,,İsmail Akyıldız,,Pazartesi,08:30/11:29,,30,30,,"BST, CAB, CEB, KMP, MTR, MUT, MUZ, MUZE, MZT, SES, THO",,
10665,ING 105,ING,LS,English I,,İsmail Akyıldız,,Salı,08:30/11:29,,30,42,,"BST, CAB, CEB, KMP, MTR, MUT, MUZ, MUZE, MZT, SES, THO",,
10666,ING 205,ING,LS,English III,,İsmail Akyıldız,,Çarşamba,08:30/11:29,,30,9,,"BST, CAB, CEB, KMP, MTR, MUT, MUZ, MUZE, MZT, SES, THO",,
10667,FIZ 241E,FIZ,LS,Symblc & Numrc Tchnqs in Physc,,Tolga Birkandan,,Pazartesi,14:30/17:29,,50,48,,"FIZ, FIZE",,
10668,ING 205,ING,LS,English III,,İsmail Akyıldız,,Cuma,08:30/11:29,,30,20,,"BST, CAB, CEB, KMP, MTR, MUT, MUZ, MUZE, MZT, SES, THO",,
10669,ING 112,ING,LS,English I,,Mehmet Aydın,,Perşembe,13:30/16:29,,28,30,,"BIO, BIOE, BLG, BLGE, CEV, CEVE, CHZ, CHZE, DEN, DENE, DUIE, ECNE, EHB, EHBE, EHN, ELE, ELH, ELK, ELKE, END, ENDE, ENTE, EUT, EUTE, FIZ, FIZE, GEM, GEME, GEMK, GEO, GEOE, GID, GIDE, GMIE, ICM, IML, IMLE, INS, INSE, ISL, ISLE, JDF, JEF, JEFE, JEO, JEOE, KIM, KIME, KMM, KMME, KOM, KOME, MAD, MADE, MAK, MAKE, MAT, MATE, MET, METE, MIM, MIME, MTO, MTOE, MUZE, PEM, PEME, PET, PETE, SBP, SBPE, SEH, TEK, TEKE, TEL, UCK, UCKE, UZB, UZBE",,
10671,ING 112,ING,LS,English I,,Mehmet Aydın,,Cuma,08:30/11:29,,28,32,,"BIO, BIOE, BLG, BLGE, CEV, CEVE, CHZ, CHZE, DEN, DENE, DUIE, ECNE, EHB, EHBE, EHN, ELE, ELH, ELK, ELKE, END, ENDE, ENTE, EUT, EUTE, FIZ, FIZE, GEM, GEME, GEMK, GEO, GEOE, GID, GIDE, GMIE, ICM, IML, IMLE, INS, INSE, ISL, ISLE, JDF, JEF, JEFE, JEO, JEOE, KIM, KIME, KMM, KMME, KOM, KOME, MAD, MADE, MAK, MAKE, MAT, MATE, MET, METE, MIM, MIME, MTO, MTOE, MUZE, PEM, PEME, PET, PETE, SBP, SBPE, SEH, TEK, TEKE, TEL, UCK, UCKE, UZB, UZBE",,
10672,ING 112,ING,LS,English I,,Mehmet Aydın,,Cuma,13:30/16:29,,28,33,,"BIO, BIOE, BLG, BLGE, CEV, CEVE, CHZ, CHZE, DEN, DENE, DUIE, ECNE, EHB, EHBE, EHN, ELE, ELH, ELK, ELKE, END, ENDE, ENTE, EUT, EUTE, FIZ, FIZE, GEM, GEME, GEMK, GEO, GEOE, GID, GIDE, GMIE, ICM, IML, IMLE, INS, INSE, ISL, ISLE, JDF, JEF, JEFE, JEO, JEOE, KIM, KIME, KMM, KMME, KOM, KOME, MAD, MADE, MAK, MAKE, MAT, MATE, MET, METE, MIM, MIME, MTO, MTOE, MUZE, PEM, PEME, PET, PETE, SBP, SBPE, SEH, TEK, TEKE, TEL, UCK, UCKE, UZB, UZBE",,
10675,ING 112,ING,LS,English I,,Meltem Tokmanoğlu,,Pazartesi,13:30/16:29,,28,28,,"BIO, BIOE, BLG, BLGE, CEV, CEVE, CHZ, CHZE, DEN, DENE, DUIE, ECNE, EHB, EHBE, EHN, ELE, ELH, ELK, ELKE, END, ENDE, ENTE, EUT, EUTE, FIZ, FIZE, GEM, GEME, GEMK, GEO, GEOE, GID, GIDE, GMIE, ICM, IML, IMLE, INS, INSE, ISL, ISLE, JDF, JEF, JEFE, JEO, JEOE, KIM, KIME, KMM, KMME, KOM, KOME, MAD, MADE, MAK, MAKE, MAT, MATE, MET, METE, MIM, MIME, MTO, MTOE, MUZE, PEM, PEME, PET, PETE, SBP, SBPE, SEH, TEK, TEKE, TEL, UCK, UCKE, UZB, UZBE",,
10678,ING 112,ING,LS,English I,,Meltem Tokmanoğlu,,Salı,08:30/11:29,,28,29,,"BIO, BIOE, BLG, BLGE, CEV, CEVE, CHZ, CHZE, DEN, DENE, DUIE, ECNE, EHB, EHBE, EHN, ELE, ELH, ELK, ELKE, END, ENDE, ENTE, EUT, EUTE, FIZ, FIZE, GEM, GEME, GEMK, GEO, GEOE, GID, GIDE, GMIE, ICM, IML, IMLE, INS, INSE, ISL, ISLE, JDF, JEF, JEFE, JEO, JEOE, KIM, KIME, KMM, KMME, KOM, KOME, MAD, MADE, MAK, MAKE, MAT, MATE, MET, METE, MIM, MIME, MTO, MTOE, MUZE, PEM, PEME, PET, PETE, SBP, SBPE, SEH, TEK, TEKE, TEL, UCK, UCKE, UZB, UZBE",,
10680,ING 112,ING,LS,English I,,Meltem Tokmanoğlu,,Çarşamba,08:30/11:29,,28,30,,"BIO, BIOE, BLG, BLGE, CEV, CEVE, CHZ, CHZE, DEN, DENE, DUIE, ECNE, EHB, EHBE, EHN, ELE, ELH, ELK, ELKE, END, ENDE, ENTE, EUT, EUTE, FIZ, FIZE, GEM, GEME, GEMK, GEO, GEOE, GID, GIDE, GMIE, ICM, IML, IMLE, INS, INSE, ISL, ISLE, JDF, JEF, JEFE, JEO, JEOE, KIM, KIME, KMM, KMME, KOM, KOME, MAD, MADE, MAK, MAKE, MAT, MATE, MET, METE, MIM, MIME, MTO, MTOE, MUZE, PEM, PEME, PET, PETE, SBP, SBPE, SEH, TEK, TEKE, TEL, UCK, UCKE, UZB, UZBE",,
10681,ING 112,ING,LS,English I,,Meltem Tokmanoğlu,,Perşembe,08:30/11:29,,28,31,,"BIO, BIOE, BLG, BLGE, CEV, CEVE, CHZ, CHZE, DEN, DENE, DUIE, ECNE, EHB, EHBE, EHN, ELE, ELH, ELK, ELKE, END, ENDE, ENTE, EUT, EUTE, FIZ, FIZE, GEM, GEME, GEMK, GEO, GEOE, GID, GIDE, GMIE, ICM, IML, IMLE, INS, INSE, ISL, ISLE, JDF, JEF, JEFE, JEO, JEOE, KIM, KIME, KMM, KMME, KOM, KOME, MAD, MADE, MAK, MAKE, MAT, MATE, MET, METE, MIM, MIME, MTO, MTOE, MUZE, PEM, PEME, PET, PETE, SBP, SBPE, SEH, TEK, TEKE, TEL, UCK, UCKE, UZB, UZBE",,
10683,ING 105,ING,LS,English I,,Mevlüt Kahraman,,Pazartesi,13:30/16:29,,30,10,,"BST, CAB, CEB, KMP, MTR, MUT, MUZ, MUZE, MZT, SES, THO",,
10684,ING 205,ING,LS,English III,,Mevlüt Kahraman,,Salı,13:30/16:29,,30,12,,"BST, CAB, CEB, KMP, MTR, MUT, MUZ, MUZE, MZT, SES, THO",,
10686,ING 105,ING,LS,English I,,Mevlüt Kahraman,,Çarşamba,08:30/11:29,,30,32,,"BST, CAB, CEB, KMP, MTR, MUT, MUZ, MUZE, MZT, SES, THO",,
10687,ING 205,ING,LS,English III,,Mevlüt Kahraman,,Perşembe,13:30/16:29,,30,32,,"BST, CAB, CEB, KMP, MTR, MUT, MUZ, MUZE, MZT, SES, THO",,
10688,ING 201,ING,LS,English III,,Nilgün Eker,,Pazartesi,08:30/11:29,,28,27,,"BIO, BIOE, BLG, BLGE, CEV, CEVE, CHZ, CHZE, DEN, DENE, ECNE, EHB, EHBE, EHN, ELE, ELH, ELK, ELKE, END, ENDE, ENTE, EUT, EUTE, FIZ, FIZE, GEM, GEME, GEMK, GEO, GEOE, GID, GIDE, ICM, IML, IMLE, INS, INSE, ISL, ISLE, JDF, JEF, JEFE, JEO, JEOE, KIM, KIME, KMM, KMME, KOM, KOME, MAD, MADE, MAK, MAKE, MAT, MATE, MET, METE, MIM, MIME, MTO, MTOE, MUZE, PEM, PEME, PET, PETE, SBP, SBPE, SEH, TEK, TEKE, TEL, UCK, UCKE, UZB, UZBE",,
10689,ING 201,ING,LS,English III,,Nilgün Eker,,Salı,08:30/11:29,,28,28,,"BIO, BIOE, BLG, BLGE, CEV, CEVE, CHZ, CHZE, DEN, DENE, ECNE, EHB, EHBE, EHN, ELE, ELH, ELK, ELKE, END, ENDE, ENTE, EUT, EUTE, FIZ, FIZE, GEM, GEME, GEMK, GEO, GEOE, GID, GIDE, ICM, IML, IMLE, INS, INSE, ISL, ISLE, JDF, JEF, JEFE, JEO, JEOE, KIM, KIME, KMM, KMME, KOM, KOME, MAD, MADE, MAK, MAKE, MAT, MATE, MET, METE, MIM, MIME, MTO, MTOE, MUZE, PEM, PEME, PET, PETE, SBP, SBPE, SEH, TEK, TEKE, TEL, UCK, UCKE, UZB, UZBE",,
10690,ING 112,ING,LS,English I,,Nilgün Eker,,Çarşamba,08:30/11:29,,28,28,,"BIO, BIOE, BLG, BLGE, CEV, CEVE, CHZ, CHZE, DEN, DENE, DUIE, ECNE, EHB, EHBE, EHN, ELE, ELH, ELK, ELKE, END, ENDE, ENTE, EUT, EUTE, FIZ, FIZE, GEM, GEME, GEMK, GEO, GEOE, GID, GIDE, GMIE, ICM, IML, IMLE, INS, INSE, ISL, ISLE, JDF, JEF, JEFE, JEO, JEOE, KIM, KIME, KMM, KMME, KOM, KOME, MAD, MADE, MAK, MAKE, MAT, MATE, MET, METE, MIM, MIME, MTO, MTOE, MUZE, PEM, PEME, PET, PETE, SBP, SBPE, SEH, TEK, TEKE, TEL, UCK, UCKE, UZB, UZBE",,
10691,ING 112,ING,LS,English I,,Nilgün Eker,,Pazartesi,13:30/16:29,,28,28,,"BIO, BIOE, BLG, BLGE, CEV, CEVE, CHZ, CHZE, DEN, DENE, DUIE, ECNE, EHB, EHBE, EHN, ELE, ELH, ELK, ELKE, END, ENDE, ENTE, EUT, EUTE, FIZ, FIZE, GEM, GEME, GEMK, GEO, GEOE, GID, GIDE, GMIE, ICM, IML, IMLE, INS, INSE, ISL, ISLE, JDF, JEF, JEFE, JEO, JEOE, KIM, KIME, KMM, KMME, KOM, KOME, MAD, MADE, MAK, MAKE, MAT, MATE, MET, METE, MIM, MIME, MTO, MTOE, MUZE, PEM, PEME, PET, PETE, SBP, SBPE, SEH, TEK, TEKE, TEL, UCK, UCKE, UZB, UZBE",,
10692,ING 112,ING,LS,English I,,Mehtap İpek Kurt,,Pazartesi,08:30/11:29,,28,32,,"BIO, BIOE, BLG, BLGE, CEV, CEVE, CHZ, CHZE, DEN, DENE, DUIE, ECNE, EHB, EHBE, EHN, ELE, ELH, ELK, ELKE, END, ENDE, ENTE, EUT, EUTE, FIZ, FIZE, GEM, GEME, GEMK, GEO, GEOE, GID, GIDE, GMIE, ICM, IML, IMLE, INS, INSE, ISL, ISLE, JDF, JEF, JEFE, JEO, JEOE, KIM, KIME, KMM, KMME, KOM, KOME, MAD, MADE, MAK, MAKE, MAT, MATE, MET, METE, MIM, MIME, MTO, MTOE, MUZE, PEM, PEME, PET, PETE, SBP, SBPE, SEH, TEK, TEKE, TEL, UCK, UCKE, UZB, UZBE",,
10693,ING 103ES,ING,LS,Intercultural Citizenship,,--,,Salı,13:30/16:29,,0,0,,"BIO, BIOE, BLG, BLGE, BST, CAB, CEB, CEV, CEVE, CHZ, CHZE, DEN, DENE, DUI, DUIE, ECNE, EHB, EHBE, EHN, ELE, ELH, ELK, ELKE, END, ENDE, ENTE, EUT, EUTE, FIZ, FIZE, GEM, GEME, GEMK, GEO, GEOE, GID, GIDE, GMIE, ICM, IML, IMLE, INS, INSE, ISL, ISLE, JDF, JEF, JEFE, JEO, JEOE, KIM, KIME, KMM, KMME, KMP, KOM, KOME, MAD, MADE, MAK, MAKE, MAT, MATE, MET, METE, MIM, MIME, MTO, MTOE, MTR, MUT, MUZ, MUZE, MZT, PEM, PEME, PET, PETE, SBP, SBPE, SEH, SES, TEB, TEK, TEKE, TEL, THO, UCK, UCKE, UZB, UZBE",,
10694,ING 103ES,ING,LS,Intercultural Citizenship,,Nilüfer Ülker,,Çarşamba,08:30/11:29,,25,9,,"BIO, BIOE, BLG, BLGE, BST, CAB, CEB, CEV, CEVE, CHZ, CHZE, DEN, DENE, DUI, DUIE, ECNE, EHB, EHBE, EHN, ELE, ELH, ELK, ELKE, END, ENDE, ENTE, EUT, EUTE, FIZ, FIZE, GEM, GEME, GEMK, GEO, GEOE, GID, GIDE, GMIE, ICM, IML, IMLE, INS, INSE, ISL, ISLE, JDF, JEF, JEFE, JEO, JEOE, KIM, KIME, KMM, KMME, KMP, KOM, KOME, MAD, MADE, MAK, MAKE, MAT, MATE, MET, METE, MIM, MIME, MTO, MTOE, MTR, MUT, MUZ, MUZE, MZT, PEM, PEME, PET, PETE, SBP, SBPE, SEH, SES, TEB, TEK, TEKE, TEL, THO, UCK, UCKE, UZB, UZBE",,
10695,ING 112,ING,LS,English I,,Özge Seçkin Polat,,Perşembe,08:30/11:29,,28,28,,"BIO, BIOE, BLG, BLGE, CEV, CEVE, CHZ, CHZE, DEN, DENE, DUIE, ECNE, EHB, EHBE, EHN, ELE, ELH, ELK, ELKE, END, ENDE, ENTE, EUT, EUTE, FIZ, FIZE, GEM, GEME, GEMK, GEO, GEOE, GID, GIDE, GMIE, ICM, IML, IMLE, INS, INSE, ISL, ISLE, JDF, JEF, JEFE, JEO, JEOE, KIM, KIME, KMM, KMME, KOM, KOME, MAD, MADE, MAK, MAKE, MAT, MATE, MET, METE, MIM, MIME, MTO, MTOE, MUZE, PEM, PEME, PET, PETE, SBP, SBPE, SEH, TEK, TEKE, TEL, UCK, UCKE, UZB, UZBE",,
10696,ING 201,ING,LS,English III,,Ömer Nezih Karaalioğlu,,Pazartesi,13:30/16:29,,28,27,,"BIO, BIOE, BLG, BLGE, CEV, CEVE, CHZ, CHZE, DEN, DENE, ECNE, EHB, EHBE, EHN, ELE, ELH, ELK, ELKE, END, ENDE, ENTE, EUT, EUTE, FIZ, FIZE, GEM, GEME, GEMK, GEO, GEOE, GID, GIDE, ICM, IML, IMLE, INS, INSE, ISL, ISLE, JDF, JEF, JEFE, JEO, JEOE, KIM, KIME, KMM, KMME, KOM, KOME, MAD, MADE, MAK, MAKE, MAT, MATE, MET, METE, MIM, MIME, MTO, MTOE, MUZE, PEM, PEME, PET, PETE, SBP, SBPE, SEH, TEK, TEKE, TEL, UCK, UCKE, UZB, UZBE",,
10697,ING 201,ING,LS,English III,,Ömer Nezih Karaalioğlu,,Salı,13:30/16:29,,28,28,,"BIO, BIOE, BLG, BLGE, CEV, CEVE, CHZ, CHZE, DEN, DENE, ECNE, EHB, EHBE, EHN, ELE, ELH, ELK, ELKE, END, ENDE, ENTE, EUT, EUTE, FIZ, FIZE, GEM, GEME, GEMK, GEO, GEOE, GID, GIDE, ICM, IML, IMLE, INS, INSE, ISL, ISLE, JDF, JEF, JEFE, JEO, JEOE, KIM, KIME, KMM, KMME, KOM, KOME, MAD, MADE, MAK, MAKE, MAT, MATE, MET, METE, MIM, MIME, MTO, MTOE, MUZE, PEM, PEME, PET, PETE, SBP, SBPE, SEH, TEK, TEKE, TEL, UCK, UCKE, UZB, UZBE",,
10698,ING 201,ING,LS,English III,,***,,Çarşamba,08:30/11:29,,0,0,,"BIO, BIOE, BLG, BLGE, CEV, CEVE, CHZ, CHZE, DEN, DENE, ECNE, EHB, EHBE, EHN, ELE, ELH, ELK, ELKE, END, ENDE, ENTE, EUT, EUTE, FIZ, FIZE, GEM, GEME, GEMK, GEO, GEOE, GID, GIDE, ICM, IML, IMLE, INS, INSE, ISL, ISLE, JDF, JEF, JEFE, JEO, JEOE, KIM, KIME, KMM, KMME, KOM, KOME, MAD, MADE, MAK, MAKE, MAT, MATE, MET, METE, MIM, MIME, MTO, MTOE, MUZE, PEM, PEME, PET, PETE, SBP, SBPE, SEH, TEK, TEKE, TEL, UCK, UCKE, UZB, UZBE",,
10699,ING 201,ING,LS,English III,,Ömer Nezih Karaalioğlu,,Perşembe,08:30/11:29,,27,27,,"BIO, BIOE, BLG, BLGE, CEV, CEVE, CHZ, CHZE, DEN, DENE, ECNE, EHB, EHBE, EHN, ELE, ELH, ELK, ELKE, END, ENDE, ENTE, EUT, EUTE, FIZ, FIZE, GEM, GEME, GEMK, GEO, GEOE, GID, GIDE, ICM, IML, IMLE, INS, INSE, ISL, ISLE, JDF, JEF, JEFE, JEO, JEOE, KIM, KIME, KMM, KMME, KOM, KOME, MAD, MADE, MAK, MAKE, MAT, MATE, MET, METE, MIM, MIME, MTO, MTOE, MUZE, PEM, PEME, PET, PETE, SBP, SBPE, SEH, TEK, TEKE, TEL, UCK, UCKE, UZB, UZBE",,
10700,ING 112,ING,LS,English I,,Özlem Ayar Gemalmaz,,Pazartesi,13:30/16:29,,28,28,,"BIO, BIOE, BLG, BLGE, CEV, CEVE, CHZ, CHZE, DEN, DENE, DUIE, ECNE, EHB, EHBE, EHN, ELE, ELH, ELK, ELKE, END, ENDE, ENTE, EUT, EUTE, FIZ, FIZE, GEM, GEME, GEMK, GEO, GEOE, GID, GIDE, GMIE, ICM, IML, IMLE, INS, INSE, ISL, ISLE, JDF, JEF, JEFE, JEO, JEOE, KIM, KIME, KMM, KMME, KOM, KOME, MAD, MADE, MAK, MAKE, MAT, MATE, MET, METE, MIM, MIME, MTO, MTOE, MUZE, PEM, PEME, PET, PETE, SBP, SBPE, SEH, TEK, TEKE, TEL, UCK, UCKE, UZB, UZBE",,
10701,ING 201,ING,LS,English III,,Özlem Ayar Gemalmaz,,Salı,13:30/16:29,,28,28,,"BIO, BIOE, BLG, BLGE, CEV, CEVE, CHZ, CHZE, DEN, DENE, ECNE, EHB, EHBE, EHN, ELE, ELH, ELK, ELKE, END, ENDE, ENTE, EUT, EUTE, FIZ, FIZE, GEM, GEME, GEMK, GEO, GEOE, GID, GIDE, ICM, IML, IMLE, INS, INSE, ISL, ISLE, JDF, JEF, JEFE, JEO, JEOE, KIM, KIME, KMM, KMME, KOM, KOME, MAD, MADE, MAK, MAKE, MAT, MATE, MET, METE, MIM, MIME, MTO, MTOE, MUZE, PEM, PEME, PET, PETE, SBP, SBPE, SEH, TEK, TEKE, TEL, UCK, UCKE, UZB, UZBE",,
10702,ING 201,ING,LS,English III,,Özlem Ayar Gemalmaz,,Çarşamba,08:30/11:29,,27,27,,"BIO, BIOE, BLG, BLGE, CEV, CEVE, CHZ, CHZE, DEN, DENE, ECNE, EHB, EHBE, EHN, ELE, ELH, ELK, ELKE, END, ENDE, ENTE, EUT, EUTE, FIZ, FIZE, GEM, GEME, GEMK, GEO, GEOE, GID, GIDE, ICM, IML, IMLE, INS, INSE, ISL, ISLE, JDF, JEF, JEFE, JEO, JEOE, KIM, KIME, KMM, KMME, KOM, KOME, MAD, MADE, MAK, MAKE, MAT, MATE, MET, METE, MIM, MIME, MTO, MTOE, MUZE, PEM, PEME, PET, PETE, SBP, SBPE, SEH, TEK, TEKE, TEL, UCK, UCKE, UZB, UZBE",,
10703,ING 102,ING,LS,English II,,Özlem Kurnaz,,Pazartesi,13:30/16:29,,30,35,,"BIO, BIOE, BLG, BLGE, CEV, CEVE, CHZ, CHZE, DEN, DENE, DUIE, ECNE, EHB, EHBE, EHN, ELE, ELH, ELK, ELKE, END, ENDE, ENTE, EUT, EUTE, FIZ, FIZE, GEM, GEME, GEMK, GEO, GEOE, GID, GIDE, GMIE, ICM, IML, IMLE, INS, INSE, ISL, ISLE, JDF, JEF, JEFE, JEO, JEOE, KIM, KIME, KMM, KMME, KOM, KOME, MAD, MADE, MAK, MAKE, MAT, MATE, MET, METE, MIM, MIME, MTO, MTOE, MUZE, PEM, PEME, PET, PETE, SBP, SBPE, SEH, TEK, TEKE, TEL, UCK, UCKE, UZB, UZBE",,
10704,ING 102,ING,LS,English II,,Özlem Kurnaz,,Salı,08:30/11:29,,30,36,,"BIO, BIOE, BLG, BLGE, CEV, CEVE, CHZ, CHZE, DEN, DENE, DUIE, ECNE, EHB, EHBE, EHN, ELE, ELH, ELK, ELKE, END, ENDE, ENTE, EUT, EUTE, FIZ, FIZE, GEM, GEME, GEMK, GEO, GEOE, GID, GIDE, GMIE, ICM, IML, IMLE, INS, INSE, ISL, ISLE, JDF, JEF, JEFE, JEO, JEOE, KIM, KIME, KMM, KMME, KOM, KOME, MAD, MADE, MAK, MAKE, MAT, MATE, MET, METE, MIM, MIME, MTO, MTOE, MUZE, PEM, PEME, PET, PETE, SBP, SBPE, SEH, TEK, TEKE, TEL, UCK, UCKE, UZB, UZBE",,
10705,ING 102,ING,LS,English II,,Özlem Kurnaz,,Çarşamba,08:30/11:29,,30,31,,"BIO, BIOE, BLG, BLGE, CEV, CEVE, CHZ, CHZE, DEN, DENE, DUIE, ECNE, EHB, EHBE, EHN, ELE, ELH, ELK, ELKE, END, ENDE, ENTE, EUT, EUTE, FIZ, FIZE, GEM, GEME, GEMK, GEO, GEOE, GID, GIDE, GMIE, ICM, IML, IMLE, INS, INSE, ISL, ISLE, JDF, JEF, JEFE, JEO, JEOE, KIM, KIME, KMM, KMME, KOM, KOME, MAD, MADE, MAK, MAKE, MAT, MATE, MET, METE, MIM, MIME, MTO, MTOE, MUZE, PEM, PEME, PET, PETE, SBP, SBPE, SEH, TEK, TEKE, TEL, UCK, UCKE, UZB, UZBE",,
10707,ING 201,ING,LS,English III,,Özlem Kurnaz,,Perşembe,08:30/11:29,,27,27,,"BIO, BIOE, BLG, BLGE, CEV, CEVE, CHZ, CHZE, DEN, DENE, ECNE, EHB, EHBE, EHN, ELE, ELH, ELK, ELKE, END, ENDE, ENTE, EUT, EUTE, FIZ, FIZE, GEM, GEME, GEMK, GEO, GEOE, GID, GIDE, ICM, IML, IMLE, INS, INSE, ISL, ISLE, JDF, JEF, JEFE, JEO, JEOE, KIM, KIME, KMM, KMME, KOM, KOME, MAD, MADE, MAK, MAKE, MAT, MATE, MET, METE, MIM, MIME, MTO, MTOE, MUZE, PEM, PEME, PET, PETE, SBP, SBPE, SEH, TEK, TEKE, TEL, UCK, UCKE, UZB, UZBE",,
10711,ING 201,ING,LS,English III,,Pelin Gökalp Yılmazer,,Salı,13:30/16:29,,28,28,,"BIO, BIOE, BLG, BLGE, CEV, CEVE, CHZ, CHZE, DEN, DENE, ECNE, EHB, EHBE, EHN, ELE, ELH, ELK, ELKE, END, ENDE, ENTE, EUT, EUTE, FIZ, FIZE, GEM, GEME, GEMK, GEO, GEOE, GID, GIDE, ICM, IML, IMLE, INS, INSE, ISL, ISLE, JDF, JEF, JEFE, JEO, JEOE, KIM, KIME, KMM, KMME, KOM, KOME, MAD, MADE, MAK, MAKE, MAT, MATE, MET, METE, MIM, MIME, MTO, MTOE, MUZE, PEM, PEME, PET, PETE, SBP, SBPE, SEH, TEK, TEKE, TEL, UCK, UCKE, UZB, UZBE",,
10715,ING 201,ING,LS,English III,,Pelin Gökalp Yılmazer,,Çarşamba,08:30/11:29,,27,27,,"BIO, BIOE, BLG, BLGE, CEV, CEVE, CHZ, CHZE, DEN, DENE, ECNE, EHB, EHBE, EHN, ELE, ELH, ELK, ELKE, END, ENDE, ENTE, EUT, EUTE, FIZ, FIZE, GEM, GEME, GEMK, GEO, GEOE, GID, GIDE, ICM, IML, IMLE, INS, INSE, ISL, ISLE, JDF, JEF, JEFE, JEO, JEOE, KIM, KIME, KMM, KMME, KOM, KOME, MAD, MADE, MAK, MAKE, MAT, MATE, MET, METE, MIM, MIME, MTO, MTOE, MUZE, PEM, PEME, PET, PETE, SBP, SBPE, SEH, TEK, TEKE, TEL, UCK, UCKE, UZB, UZBE",,
10718,ING 103H,ING,LS,Public Presentations,,Pelin Gökalp Yılmazer,,Perşembe,13:30/16:29,,28,27,,"BIO, BIOE, BLG, BLGE, CEV, CEVE, CHZ, CHZE, DEN, DENE, DUI, DUIE, ECNE, EHB, EHBE, EHN, ELE, ELH, ELK, ELKE, END, ENDE, ENTE, EUT, EUTE, FIZ, FIZE, GEM, GEME, GEMK, GEO, GEOE, GID, GIDE, GMIE, ICM, IML, IMLE, INS, INSE, ISL, ISLE, JDF, JEF, JEFE, JEO, JEOE, KIM, KIME, KMM, KMME, KOM, KOME, MAD, MADE, MAK, MAKE, MAT, MATE, MET, METE, MIM, MIME, MTO, MTOE, PEM, PEME, PET, PETE, SBP, SBPE, SEH, TEK, TEKE, TEL, UCK, UCKE, UZB, UZBE",,
10720,ING 103H,ING,LS,Public Presentations,,Pelin Gökalp Yılmazer,,Cuma,08:30/11:29,,28,24,,"BIO, BIOE, BLG, BLGE, CEV, CEVE, CHZ, CHZE, DEN, DENE, DUI, DUIE, ECNE, EHB, EHBE, EHN, ELE, ELH, ELK, ELKE, END, ENDE, ENTE, EUT, EUTE, FIZ, FIZE, GEM, GEME, GEMK, GEO, GEOE, GID, GIDE, GMIE, ICM, IML, IMLE, INS, INSE, ISL, ISLE, JDF, JEF, JEFE, JEO, JEOE, KIM, KIME, KMM, KMME, KOM, KOME, MAD, MADE, MAK, MAKE, MAT, MATE, MET, METE, MIM, MIME, MTO, MTOE, PEM, PEME, PET, PETE, SBP, SBPE, SEH, TEK, TEKE, TEL, UCK, UCKE, UZB, UZBE",,
10728,FIZ 443E,FIZ,LS,Solar Energy Physics &Tech. I,,Zuhal Er,,Perşembe,14:30/17:29,,75,25,,"FIZ, FIZE, FIZM",,
10730,ING 201,ING,LS,English III,,Sibel Dursun,,Pazartesi,08:30/11:29,,28,29,,"BIO, BIOE, BLG, BLGE, CEV, CEVE, CHZ, CHZE, DEN, DENE, ECNE, EHB, EHBE, EHN, ELE, ELH, ELK, ELKE, END, ENDE, ENTE, EUT, EUTE, FIZ, FIZE, GEM, GEME, GEMK, GEO, GEOE, GID, GIDE, ICM, IML, IMLE, INS, INSE, ISL, ISLE, JDF, JEF, JEFE, JEO, JEOE, KIM, KIME, KMM, KMME, KOM, KOME, MAD, MADE, MAK, MAKE, MAT, MATE, MET, METE, MIM, MIME, MTO, MTOE, MUZE, PEM, PEME, PET, PETE, SBP, SBPE, SEH, TEK, TEKE, TEL, UCK, UCKE, UZB, UZBE",,
10731,ING 201,ING,LS,English III,,Sibel Dursun,,Salı,13:30/16:29,,28,27,,"BIO, BIOE, BLG, BLGE, CEV, CEVE, CHZ, CHZE, DEN, DENE, ECNE, EHB, EHBE, EHN, ELE, ELH, ELK, ELKE, END, ENDE, ENTE, EUT, EUTE, FIZ, FIZE, GEM, GEME, GEMK, GEO, GEOE, GID, GIDE, ICM, IML, IMLE, INS, INSE, ISL, ISLE, JDF, JEF, JEFE, JEO, JEOE, KIM, KIME, KMM, KMME, KOM, KOME, MAD, MADE, MAK, MAKE, MAT, MATE, MET, METE, MIM, MIME, MTO, MTOE, MUZE, PEM, PEME, PET, PETE, SBP, SBPE, SEH, TEK, TEKE, TEL, UCK, UCKE, UZB, UZBE",,
10733,ING 201,ING,LS,English III,,Mehtap İpek Kurt,,Çarşamba,08:30/11:29,,27,26,,"BIO, BIOE, BLG, BLGE, CEV, CEVE, CHZ, CHZE, DEN, DENE, ECNE, EHB, EHBE, EHN, ELE, ELH, ELK, ELKE, END, ENDE, ENTE, EUT, EUTE, FIZ, FIZE, GEM, GEME, GEMK, GEO, GEOE, GID, GIDE, ICM, IML, IMLE, INS, INSE, ISL, ISLE, JDF, JEF, JEFE, JEO, JEOE, KIM, KIME, KMM, KMME, KOM, KOME, MAD, MADE, MAK, MAKE, MAT, MATE, MET, METE, MIM, MIME, MTO, MTOE, MUZE, PEM, PEME, PET, PETE, SBP, SBPE, SEH, TEK, TEKE, TEL, UCK, UCKE, UZB, UZBE",,
10740,ING 201,ING,LS,English III,,Mehtap İpek Kurt,,Cuma,08:30/11:29,,28,27,,"BIO, BIOE, BLG, BLGE, CEV, CEVE, CHZ, CHZE, DEN, DENE, ECNE, EHB, EHBE, EHN, ELE, ELH, ELK, ELKE, END, ENDE, ENTE, EUT, EUTE, FIZ, FIZE, GEM, GEME, GEMK, GEO, GEOE, GID, GIDE, ICM, IML, IMLE, INS, INSE, ISL, ISLE, JDF, JEF, JEFE, JEO, JEOE, KIM, KIME, KMM, KMME, KOM, KOME, MAD, MADE, MAK, MAKE, MAT, MATE, MET, METE, MIM, MIME, MTO, MTOE, MUZE, PEM, PEME, PET, PETE, SBP, SBPE, SEH, TEK, TEKE, TEL, UCK, UCKE, UZB, UZBE",,
10741,ING 112,ING,LS,English I,,Suzan Arıman,,Pazartesi,13:30/16:29,,28,28,,"BIO, BIOE, BLG, BLGE, CEV, CEVE, CHZ, CHZE, DEN, DENE, DUIE, ECNE, EHB, EHBE, EHN, ELE, ELH, ELK, ELKE, END, ENDE, ENTE, EUT, EUTE, FIZ, FIZE, GEM, GEME, GEMK, GEO, GEOE, GID, GIDE, GMIE, ICM, IML, IMLE, INS, INSE, ISL, ISLE, JDF, JEF, JEFE, JEO, JEOE, KIM, KIME, KMM, KMME, KOM, KOME, MAD, MADE, MAK, MAKE, MAT, MATE, MET, METE, MIM, MIME, MTO, MTOE, MUZE, PEM, PEME, PET, PETE, SBP, SBPE, SEH, TEK, TEKE, TEL, UCK, UCKE, UZB, UZBE",,
10743,FIZ 4901,FIZ,LS,Fizik Mühendisliği Tasarımı I,,--,,,/,,500,0,,FIZ,,
10745,ING 201,ING,LS,English III,,Suzan Arıman,,Perşembe,08:30/11:29,,27,27,,"BIO, BIOE, BLG, BLGE, CEV, CEVE, CHZ, CHZE, DEN, DENE, ECNE, EHB, EHBE, EHN, ELE, ELH, ELK, ELKE, END, ENDE, ENTE, EUT, EUTE, FIZ, FIZE, GEM, GEME, GEMK, GEO, GEOE, GID, GIDE, ICM, IML, IMLE, INS, INSE, ISL, ISLE, JDF, JEF, JEFE, JEO, JEOE, KIM, KIME, KMM, KMME, KOM, KOME, MAD, MADE, MAK, MAKE, MAT, MATE, MET, METE, MIM, MIME, MTO, MTOE, MUZE, PEM, PEME, PET, PETE, SBP, SBPE, SEH, TEK, TEKE, TEL, UCK, UCKE, UZB, UZBE",,
10746,FIZ 4901E,FIZ,LS,Physics Engeering Design I,,Günay Başar,,,/,,500,10,,FIZ,,
10747,FIZ 492,FIZ,LS,Bitirme Çalışması,,Günay Başar,,,/,,500,8,,FIZ,,
10748,ING 201,ING,LS,English III,,Şadiye Saraç,,Pazartesi,13:30/16:29,,28,28,,"BIO, BIOE, BLG, BLGE, CEV, CEVE, CHZ, CHZE, DEN, DENE, ECNE, EHB, EHBE, EHN, ELE, ELH, ELK, ELKE, END, ENDE, ENTE, EUT, EUTE, FIZ, FIZE, GEM, GEME, GEMK, GEO, GEOE, GID, GIDE, ICM, IML, IMLE, INS, INSE, ISL, ISLE, JDF, JEF, JEFE, JEO, JEOE, KIM, KIME, KMM, KMME, KOM, KOME, MAD, MADE, MAK, MAKE, MAT, MATE, MET, METE, MIM, MIME, MTO, MTOE, MUZE, PEM, PEME, PET, PETE, SBP, SBPE, SEH, TEK, TEKE, TEL, UCK, UCKE, UZB, UZBE",,
10749,FIZ 492E,FIZ,LS,Graduation Project,,Günay Başar,,,/,,500,15,,"FIZ, FIZE",,
10751,ING 201,ING,LS,English III,,Şadiye Saraç,,Salı,13:30/16:29,,28,27,,"BIO, BIOE, BLG, BLGE, CEV, CEVE, CHZ, CHZE, DEN, DENE, ECNE, EHB, EHBE, EHN, ELE, ELH, ELK, ELKE, END, ENDE, ENTE, EUT, EUTE, FIZ, FIZE, GEM, GEME, GEMK, GEO, GEOE, GID, GIDE, ICM, IML, IMLE, INS, INSE, ISL, ISLE, JDF, JEF, JEFE, JEO, JEOE, KIM, KIME, KMM, KMME, KOM, KOME, MAD, MADE, MAK, MAKE, MAT, MATE, MET, METE, MIM, MIME, MTO, MTOE, MUZE, PEM, PEME, PET, PETE, SBP, SBPE, SEH, TEK, TEKE, TEL, UCK, UCKE, UZB, UZBE",,
10752,ING 201,ING,LS,English III,,Şadiye Saraç,,Çarşamba,08:30/11:29,,27,27,,"BIO, BIOE, BLG, BLGE, CEV, CEVE, CHZ, CHZE, DEN, DENE, ECNE, EHB, EHBE, EHN, ELE, ELH, ELK, ELKE, END, ENDE, ENTE, EUT, EUTE, FIZ, FIZE, GEM, GEME, GEMK, GEO, GEOE, GID, GIDE, ICM, IML, IMLE, INS, INSE, ISL, ISLE, JDF, JEF, JEFE, JEO, JEOE, KIM, KIME, KMM, KMME, KOM, KOME, MAD, MADE, MAK, MAKE, MAT, MATE, MET, METE, MIM, MIME, MTO, MTOE, MUZE, PEM, PEME, PET, PETE, SBP, SBPE, SEH, TEK, TEKE, TEL, UCK, UCKE, UZB, UZBE",,
10754,ING 201,ING,LS,English III,,Şadiye Saraç,,Perşembe,08:30/11:29,,27,28,,"BIO, BIOE, BLG, BLGE, CEV, CEVE, CHZ, CHZE, DEN, DENE, ECNE, EHB, EHBE, EHN, ELE, ELH, ELK, ELKE, END, ENDE, ENTE, EUT, EUTE, FIZ, FIZE, GEM, GEME, GEMK, GEO, GEOE, GID, GIDE, ICM, IML, IMLE, INS, INSE, ISL, ISLE, JDF, JEF, JEFE, JEO, JEOE, KIM, KIME, KMM, KMME, KOM, KOME, MAD, MADE, MAK, MAKE, MAT, MATE, MET, METE, MIM, MIME, MTO, MTOE, MUZE, PEM, PEME, PET, PETE, SBP, SBPE, SEH, TEK, TEKE, TEL, UCK, UCKE, UZB, UZBE",,
10756,ING 103SC,ING,LS,Science Communication,,F. Şehkar F. Kınık,,Salı,08:30/11:29,,25,10,,"BIO, BIOE, BLG, BLGE, BST, CAB, CEB, CEV, CEVE, CHZ, CHZE, DEN, DENE, DUI, DUIE, ECNE, EHB, EHBE, EHN, ELE, ELH, ELK, ELKE, END, ENDE, ENTE, EUT, EUTE, FIZ, FIZE, GEM, GEME, GEMK, GEO, GEOE, GID, GIDE, GMIE, ICM, IML, IMLE, INS, INSE, ISL, ISLE, JDF, JEF, JEFE, JEO, JEOE, KIM, KIME, KMM, KMME, KMP, KOM, KOME, MAD, MADE, MAK, MAKE, MAT, MATE, MET, METE, MIM, MIME, MTO, MTOE, MTR, MUT, MUZ, MUZE, MZT, PEM, PEME, PET, PETE, SBP, SBPE, SEH, SES, TEB, TEK, TEKE, TEL, THO, UCK, UCKE, UZB, UZBE",,
10758,ING 201,ING,LS,English III,,F. Şehkar F. Kınık,,Perşembe,08:30/11:29,,27,27,,"BIO, BIOE, BLG, BLGE, CEV, CEVE, CHZ, CHZE, DEN, DENE, ECNE, EHB, EHBE, EHN, ELE, ELH, ELK, ELKE, END, ENDE, ENTE, EUT, EUTE, FIZ, FIZE, GEM, GEME, GEMK, GEO, GEOE, GID, GIDE, ICM, IML, IMLE, INS, INSE, ISL, ISLE, JDF, JEF, JEFE, JEO, JEOE, KIM, KIME, KMM, KMME, KOM, KOME, MAD, MADE, MAK, MAKE, MAT, MATE, MET, METE, MIM, MIME, MTO, MTOE, MUZE, PEM, PEME, PET, PETE, SBP, SBPE, SEH, TEK, TEKE, TEL, UCK, UCKE, UZB, UZBE",,
10760,ING 201,ING,LS,English III,,Şule Elif Gökçe Enginarlar,,Pazartesi,08:30/11:29,,28,27,,"BIO, BIOE, BLG, BLGE, CEV, CEVE, CHZ, CHZE, DEN, DENE, ECNE, EHB, EHBE, EHN, ELE, ELH, ELK, ELKE, END, ENDE, ENTE, EUT, EUTE, FIZ, FIZE, GEM, GEME, GEMK, GEO, GEOE, GID, GIDE, ICM, IML, IMLE, INS, INSE, ISL, ISLE, JDF, JEF, JEFE, JEO, JEOE, KIM, KIME, KMM, KMME, KOM, KOME, MAD, MADE, MAK, MAKE, MAT, MATE, MET, METE, MIM, MIME, MTO, MTOE, MUZE, PEM, PEME, PET, PETE, SBP, SBPE, SEH, TEK, TEKE, TEL, UCK, UCKE, UZB, UZBE",,
10769,ING 201,ING,LS,English III,,Şule Elif Gökçe Enginarlar,,Salı,08:30/11:29,,28,28,,"BIO, BIOE, BLG, BLGE, CEV, CEVE, CHZ, CHZE, DEN, DENE, ECNE, EHB, EHBE, EHN, ELE, ELH, ELK, ELKE, END, ENDE, ENTE, EUT, EUTE, FIZ, FIZE, GEM, GEME, GEMK, GEO, GEOE, GID, GIDE, ICM, IML, IMLE, INS, INSE, ISL, ISLE, JDF, JEF, JEFE, JEO, JEOE, KIM, KIME, KMM, KMME, KOM, KOME, MAD, MADE, MAK, MAKE, MAT, MATE, MET, METE, MIM, MIME, MTO, MTOE, MUZE, PEM, PEME, PET, PETE, SBP, SBPE, SEH, TEK, TEKE, TEL, UCK, UCKE, UZB, UZBE",,
10770,ING 201,ING,LS,English III,,Şule Elif Gökçe Enginarlar,,Çarşamba,08:30/11:29,,27,25,,"BIO, BIOE, BLG, BLGE, CEV, CEVE, CHZ, CHZE, DEN, DENE, ECNE, EHB, EHBE, EHN, ELE, ELH, ELK, ELKE, END, ENDE, ENTE, EUT, EUTE, FIZ, FIZE, GEM, GEME, GEMK, GEO, GEOE, GID, GIDE, ICM, IML, IMLE, INS, INSE, ISL, ISLE, JDF, JEF, JEFE, JEO, JEOE, KIM, KIME, KMM, KMME, KOM, KOME, MAD, MADE, MAK, MAKE, MAT, MATE, MET, METE, MIM, MIME, MTO, MTOE, MUZE, PEM, PEME, PET, PETE, SBP, SBPE, SEH, TEK, TEKE, TEL, UCK, UCKE, UZB, UZBE",,
10771,ING 201,ING,LS,English III,,Terry Gardner,,Pazartesi,13:30/16:29,,28,29,,"BIO, BIOE, BLG, BLGE, CEV, CEVE, CHZ, CHZE, DEN, DENE, ECNE, EHB, EHBE, EHN, ELE, ELH, ELK, ELKE, END, ENDE, ENTE, EUT, EUTE, FIZ, FIZE, GEM, GEME, GEMK, GEO, GEOE, GID, GIDE, ICM, IML, IMLE, INS, INSE, ISL, ISLE, JDF, JEF, JEFE, JEO, JEOE, KIM, KIME, KMM, KMME, KOM, KOME, MAD, MADE, MAK, MAKE, MAT, MATE, MET, METE, MIM, MIME, MTO, MTOE, MUZE, PEM, PEME, PET, PETE, SBP, SBPE, SEH, TEK, TEKE, TEL, UCK, UCKE, UZB, UZBE",,
10772,ING 201,ING,LS,English III,,Terry Gardner,,Salı,08:30/11:29,,28,28,,"BIO, BIOE, BLG, BLGE, CEV, CEVE, CHZ, CHZE, DEN, DENE, ECNE, EHB, EHBE, EHN, ELE, ELH, ELK, ELKE, END, ENDE, ENTE, EUT, EUTE, FIZ, FIZE, GEM, GEME, GEMK, GEO, GEOE, GID, GIDE, ICM, IML, IMLE, INS, INSE, ISL, ISLE, JDF, JEF, JEFE, JEO, JEOE, KIM, KIME, KMM, KMME, KOM, KOME, MAD, MADE, MAK, MAKE, MAT, MATE, MET, METE, MIM, MIME, MTO, MTOE, MUZE, PEM, PEME, PET, PETE, SBP, SBPE, SEH, TEK, TEKE, TEL, UCK, UCKE, UZB, UZBE",,
10773,ING 201,ING,LS,English III,,Terry Gardner,,Salı,13:30/16:29,,28,28,,"BIO, BIOE, BLG, BLGE, CEV, CEVE, CHZ, CHZE, DEN, DENE, ECNE, EHB, EHBE, EHN, ELE, ELH, ELK, ELKE, END, ENDE, ENTE, EUT, EUTE, FIZ, FIZE, GEM, GEME, GEMK, GEO, GEOE, GID, GIDE, ICM, IML, IMLE, INS, INSE, ISL, ISLE, JDF, JEF, JEFE, JEO, JEOE, KIM, KIME, KMM, KMME, KOM, KOME, MAD, MADE, MAK, MAKE, MAT, MATE, MET, METE, MIM, MIME, MTO, MTOE, MUZE, PEM, PEME, PET, PETE, SBP, SBPE, SEH, TEK, TEKE, TEL, UCK, UCKE, UZB, UZBE",,
10774,ING 201,ING,LS,English III,,Terry Gardner,,Cuma,13:30/16:29,,28,28,,"BIO, BIOE, BLG, BLGE, CEV, CEVE, CHZ, CHZE, DEN, DENE, ECNE, EHB, EHBE, EHN, ELE, ELH, ELK, ELKE, END, ENDE, ENTE, EUT, EUTE, FIZ, FIZE, GEM, GEME, GEMK, GEO, GEOE, GID, GIDE, ICM, IML, IMLE, INS, INSE, ISL, ISLE, JDF, JEF, JEFE, JEO, JEOE, KIM, KIME, KMM, KMME, KOM, KOME, MAD, MADE, MAK, MAKE, MAT, MATE, MET, METE, MIM, MIME, MTO, MTOE, MUZE, PEM, PEME, PET, PETE, SBP, SBPE, SEH, TEK, TEKE, TEL, UCK, UCKE, UZB, UZBE",,
10775,ING 201,ING,LS,English III,,Terry Gardner,,Perşembe,08:30/11:29,,27,29,,"BIO, BIOE, BLG, BLGE, CEV, CEVE, CHZ, CHZE, DEN, DENE, ECNE, EHB, EHBE, EHN, ELE, ELH, ELK, ELKE, END, ENDE, ENTE, EUT, EUTE, FIZ, FIZE, GEM, GEME, GEMK, GEO, GEOE, GID, GIDE, ICM, IML, IMLE, INS, INSE, ISL, ISLE, JDF, JEF, JEFE, JEO, JEOE, KIM, KIME, KMM, KMME, KOM, KOME, MAD, MADE, MAK, MAKE, MAT, MATE, MET, METE, MIM, MIME, MTO, MTOE, MUZE, PEM, PEME, PET, PETE, SBP, SBPE, SEH, TEK, TEKE, TEL, UCK, UCKE, UZB, UZBE",,
10776,ING 201,ING,LS,English III,,Tim Davis,,Salı,08:30/11:29,,28,27,,"BIO, BIOE, BLG, BLGE, CEV, CEVE, CHZ, CHZE, DEN, DENE, ECNE, EHB, EHBE, EHN, ELE, ELH, ELK, ELKE, END, ENDE, ENTE, EUT, EUTE, FIZ, FIZE, GEM, GEME, GEMK, GEO, GEOE, GID, GIDE, ICM, IML, IMLE, INS, INSE, ISL, ISLE, JDF, JEF, JEFE, JEO, JEOE, KIM, KIME, KMM, KMME, KOM, KOME, MAD, MADE, MAK, MAKE, MAT, MATE, MET, METE, MIM, MIME, MTO, MTOE, MUZE, PEM, PEME, PET, PETE, SBP, SBPE, SEH, TEK, TEKE, TEL, UCK, UCKE, UZB, UZBE",,
10785,TUR 103,TUR,LS,Turkish Language I,,Aslı Kantarcı,,Salı,11:30/13:29,,50,19,,"DUIK, GEMK, GMIK, MEN, MTM, NAE",,
10786,TUR 101,TUR,LS,Türk Dili I,,Aslı Kantarcı,,Salı,13:30/15:29,,80,79,,"BIO, BIOE, BLG, BLGE, BST, CAB, CEB, CEV, CEVE, CHZ, CHZE, DEN, DENE, DUI, DUIE, ECNE, EHB, EHBE, EHN, ELE, ELH, ELK, ELKE, END, ENDE, ENTE, EUT, EUTE, FIZ, FIZE, GEM, GEME, GEMK, GEO, GEOE, GID, GIDE, GMI, GMIE, ICM, IML, IMLE, INS, INSE, ISL, ISLE, JDF, JEF, JEFE, JEO, JEOE, KIM, KIME, KMM, KMME, KMP, KOM, KOME, MAD, MADE, MAK, MAKE, MAT, MATE, MET, METE, MIM, MIME, MTO, MTOE, MTR, MUT, MUZ, MUZE, MZT, PEM, PEME, PET, PETE, SBP, SBPE, SEH, SES, TEK, TEKE, TEL, THO, UCK, UCKE, UZB, UZBE",,
10787,TUR 101,TUR,LS,Türk Dili I,,Aslı Kantarcı,,Perşembe,10:30/12:29,,80,76,,"BIO, BIOE, BLG, BLGE, BST, CAB, CEB, CEV, CEVE, CHZ, CHZE, DEN, DENE, DUI, DUIE, ECNE, EHB, EHBE, EHN, ELE, ELH, ELK, ELKE, END, ENDE, ENTE, EUT, EUTE, FIZ, FIZE, GEM, GEME, GEMK, GEO, GEOE, GID, GIDE, GMI, GMIE, ICM, IML, IMLE, INS, INSE, ISL, ISLE, JDF, JEF, JEFE, JEO, JEOE, KIM, KIME, KMM, KMME, KMP, KOM, KOME, MAD, MADE, MAK, MAKE, MAT, MATE, MET, METE, MIM, MIME, MTO, MTOE, MTR, MUT, MUZ, MUZE, MZT, PEM, PEME, PET, PETE, SBP, SBPE, SEH, SES, TEK, TEKE, TEL, THO, UCK, UCKE, UZB, UZBE",,
10788,ING 201,ING,LS,English III,,Tim Davis,,Çarşamba,08:30/11:29,,27,27,,"BIO, BIOE, BLG, BLGE, CEV, CEVE, CHZ, CHZE, DEN, DENE, ECNE, EHB, EHBE, EHN, ELE, ELH, ELK, ELKE, END, ENDE, ENTE, EUT, EUTE, FIZ, FIZE, GEM, GEME, GEMK, GEO, GEOE, GID, GIDE, ICM, IML, IMLE, INS, INSE, ISL, ISLE, JDF, JEF, JEFE, JEO, JEOE, KIM, KIME, KMM, KMME, KOM, KOME, MAD, MADE, MAK, MAKE, MAT, MATE, MET, METE, MIM, MIME, MTO, MTOE, MUZE, PEM, PEME, PET, PETE, SBP, SBPE, SEH, TEK, TEKE, TEL, UCK, UCKE, UZB, UZBE",,
10789,TUR 101,TUR,LS,Türk Dili I,,Aslı Kantarcı,,Perşembe,13:30/15:29,,13,14,,"BIO, BIOE, BLG, BLGE, BST, CAB, CEB, CEV, CEVE, CHZ, CHZE, DEN, DENE, DUI, DUIE, ECNE, EHB, EHBE, EHN, ELE, ELH, ELK, ELKE, END, ENDE, ENTE, EUT, EUTE, FIZ, FIZE, GEM, GEME, GEMK, GEO, GEOE, GID, GIDE, GMI, GMIE, ICM, IML, IMLE, INS, INSE, ISL, ISLE, JDF, JEF, JEFE, JEO, JEOE, KIM, KIME, KMM, KMME, KMP, KOM, KOME, MAD, MADE, MAK, MAKE, MAT, MATE, MET, METE, MIM, MIME, MTO, MTOE, MTR, MUT, MUZ, MUZE, MZT, PEM, PEME, PET, PETE, SBP, SBPE, SEH, SES, TEK, TEKE, TEL, THO, UCK, UCKE, UZB, UZBE",,
10790,TUR 101,TUR,LS,Türk Dili I,,Aslı Kantarcı,,Perşembe,15:30/17:29,,80,62,,"BIO, BIOE, BLG, BLGE, BST, CAB, CEB, CEV, CEVE, CHZ, CHZE, DEN, DENE, DUI, DUIE, ECNE, EHB, EHBE, EHN, ELE, ELH, ELK, ELKE, END, ENDE, ENTE, EUT, EUTE, FIZ, FIZE, GEM, GEME, GEMK, GEO, GEOE, GID, GIDE, GMI, GMIE, ICM, IML, IMLE, INS, INSE, ISL, ISLE, JDF, JEF, JEFE, JEO, JEOE, KIM, KIME, KMM, KMME, KMP, KOM, KOME, MAD, MADE, MAK, MAKE, MAT, MATE, MET, METE, MIM, MIME, MTO, MTOE, MTR, MUT, MUZ, MUZE, MZT, PEM, PEME, PET, PETE, SBP, SBPE, SEH, SES, TEK, TEKE, TEL, THO, UCK, UCKE, UZB, UZBE",,
10791,ING 201,ING,LS,English III,,Tim Davis,,Perşembe,08:30/11:29,,27,27,,"BIO, BIOE, BLG, BLGE, CEV, CEVE, CHZ, CHZE, DEN, DENE, ECNE, EHB, EHBE, EHN, ELE, ELH, ELK, ELKE, END, ENDE, ENTE, EUT, EUTE, FIZ, FIZE, GEM, GEME, GEMK, GEO, GEOE, GID, GIDE, ICM, IML, IMLE, INS, INSE, ISL, ISLE, JDF, JEF, JEFE, JEO, JEOE, KIM, KIME, KMM, KMME, KOM, KOME, MAD, MADE, MAK, MAKE, MAT, MATE, MET, METE, MIM, MIME, MTO, MTOE, MUZE, PEM, PEME, PET, PETE, SBP, SBPE, SEH, TEK, TEKE, TEL, UCK, UCKE, UZB, UZBE",,
10792,TUR 101,TUR,LS,Türk Dili I,,Aslı Kantarcı,,Cuma,13:30/15:29,,80,80,,"BIO, BIOE, BLG, BLGE, BST, CAB, CEB, CEV, CEVE, CHZ, CHZE, DEN, DENE, DUI, DUIE, ECNE, EHB, EHBE, EHN, ELE, ELH, ELK, ELKE, END, ENDE, ENTE, EUT, EUTE, FIZ, FIZE, GEM, GEME, GEMK, GEO, GEOE, GID, GIDE, GMI, GMIE, ICM, IML, IMLE, INS, INSE, ISL, ISLE, JDF, JEF, JEFE, JEO, JEOE, KIM, KIME, KMM, KMME, KMP, KOM, KOME, MAD, MADE, MAK, MAKE, MAT, MATE, MET, METE, MIM, MIME, MTO, MTOE, MTR, MUT, MUZ, MUZE, MZT, PEM, PEME, PET, PETE, SBP, SBPE, SEH, SES, TEK, TEKE, TEL, THO, UCK, UCKE, UZB, UZBE",,
10793,ING 201,ING,LS,English III,,Tim Davis,,Perşembe,13:30/16:29,,28,27,,"BIO, BIOE, BLG, BLGE, CEV, CEVE, CHZ, CHZE, DEN, DENE, ECNE, EHB, EHBE, EHN, ELE, ELH, ELK, ELKE, END, ENDE, ENTE, EUT, EUTE, FIZ, FIZE, GEM, GEME, GEMK, GEO, GEOE, GID, GIDE, ICM, IML, IMLE, INS, INSE, ISL, ISLE, JDF, JEF, JEFE, JEO, JEOE, KIM, KIME, KMM, KMME, KOM, KOME, MAD, MADE, MAK, MAKE, MAT, MATE, MET, METE, MIM, MIME, MTO, MTOE, MUZE, PEM, PEME, PET, PETE, SBP, SBPE, SEH, TEK, TEKE, TEL, UCK, UCKE, UZB, UZBE",,
10794,ING 201,ING,LS,English III,,Tim Davis,,Cuma,08:30/11:29,,28,26,,"BIO, BIOE, BLG, BLGE, CEV, CEVE, CHZ, CHZE, DEN, DENE, ECNE, EHB, EHBE, EHN, ELE, ELH, ELK, ELKE, END, ENDE, ENTE, EUT, EUTE, FIZ, FIZE, GEM, GEME, GEMK, GEO, GEOE, GID, GIDE, ICM, IML, IMLE, INS, INSE, ISL, ISLE, JDF, JEF, JEFE, JEO, JEOE, KIM, KIME, KMM, KMME, KOM, KOME, MAD, MADE, MAK, MAKE, MAT, MATE, MET, METE, MIM, MIME, MTO, MTOE, MUZE, PEM, PEME, PET, PETE, SBP, SBPE, SEH, TEK, TEKE, TEL, UCK, UCKE, UZB, UZBE",,
10795,TUR 101,TUR,LS,Türk Dili I,,Aslı Kantarcı,,Cuma,15:30/17:29,,80,72,,"BIO, BIOE, BLG, BLGE, BST, CAB, CEB, CEV, CEVE, CHZ, CHZE, DEN, DENE, DUI, DUIE, ECNE, EHB, EHBE, EHN, ELE, ELH, ELK, ELKE, END, ENDE, ENTE, EUT, EUTE, FIZ, FIZE, GEM, GEME, GEMK, GEO, GEOE, GID, GIDE, GMI, GMIE, ICM, IML, IMLE, INS, INSE, ISL, ISLE, JDF, JEF, JEFE, JEO, JEOE, KIM, KIME, KMM, KMME, KMP, KOM, KOME, MAD, MADE, MAK, MAKE, MAT, MATE, MET, METE, MIM, MIME, MTO, MTOE, MTR, MUT, MUZ, MUZE, MZT, PEM, PEME, PET, PETE, SBP, SBPE, SEH, SES, TEK, TEKE, TEL, THO, UCK, UCKE, UZB, UZBE",,
10796,ING 112,ING,LS,English I,,Yurdanur Toktaş,,Pazartesi,08:30/11:29,,28,31,,"BIO, BIOE, BLG, BLGE, CEV, CEVE, CHZ, CHZE, DEN, DENE, DUIE, ECNE, EHB, EHBE, EHN, ELE, ELH, ELK, ELKE, END, ENDE, ENTE, EUT, EUTE, FIZ, FIZE, GEM, GEME, GEMK, GEO, GEOE, GID, GIDE, GMIE, ICM, IML, IMLE, INS, INSE, ISL, ISLE, JDF, JEF, JEFE, JEO, JEOE, KIM, KIME, KMM, KMME, KOM, KOME, MAD, MADE, MAK, MAKE, MAT, MATE, MET, METE, MIM, MIME, MTO, MTOE, MUZE, PEM, PEME, PET, PETE, SBP, SBPE, SEH, TEK, TEKE, TEL, UCK, UCKE, UZB, UZBE",,
10797,ING 112,ING,LS,English I,,Yurdanur Toktaş,,Salı,08:30/11:29,,28,29,,"BIO, BIOE, BLG, BLGE, CEV, CEVE, CHZ, CHZE, DEN, DENE, DUIE, ECNE, EHB, EHBE, EHN, ELE, ELH, ELK, ELKE, END, ENDE, ENTE, EUT, EUTE, FIZ, FIZE, GEM, GEME, GEMK, GEO, GEOE, GID, GIDE, GMIE, ICM, IML, IMLE, INS, INSE, ISL, ISLE, JDF, JEF, JEFE, JEO, JEOE, KIM, KIME, KMM, KMME, KOM, KOME, MAD, MADE, MAK, MAKE, MAT, MATE, MET, METE, MIM, MIME, MTO, MTOE, MUZE, PEM, PEME, PET, PETE, SBP, SBPE, SEH, TEK, TEKE, TEL, UCK, UCKE, UZB, UZBE",,
10798,TUR 101,TUR,LS,Türk Dili I,,Ömer Tacir,,Salı,11:30/13:29,,30,21,,"MBI, SBL, SCE, SDU, SEH, SEK, SEN, SGM, SIN, SIS, SMT, STP",,
10800,ING 112,ING,LS,English I,,Yurdanur Toktaş,,Perşembe,08:30/11:29,,28,31,,"BIO, BIOE, BLG, BLGE, CEV, CEVE, CHZ, CHZE, DEN, DENE, DUIE, ECNE, EHB, EHBE, EHN, ELE, ELH, ELK, ELKE, END, ENDE, ENTE, EUT, EUTE, FIZ, FIZE, GEM, GEME, GEMK, GEO, GEOE, GID, GIDE, GMIE, ICM, IML, IMLE, INS, INSE, ISL, ISLE, JDF, JEF, JEFE, JEO, JEOE, KIM, KIME, KMM, KMME, KOM, KOME, MAD, MADE, MAK, MAKE, MAT, MATE, MET, METE, MIM, MIME, MTO, MTOE, MUZE, PEM, PEME, PET, PETE, SBP, SBPE, SEH, TEK, TEKE, TEL, UCK, UCKE, UZB, UZBE",,
10801,ING 112,ING,LS,English I,,Yurdanur Toktaş,,Cuma,08:30/11:29,,28,31,,"BIO, BIOE, BLG, BLGE, CEV, CEVE, CHZ, CHZE, DEN, DENE, DUIE, ECNE, EHB, EHBE, EHN, ELE, ELH, ELK, ELKE, END, ENDE, ENTE, EUT, EUTE, FIZ, FIZE, GEM, GEME, GEMK, GEO, GEOE, GID, GIDE, GMIE, ICM, IML, IMLE, INS, INSE, ISL, ISLE, JDF, JEF, JEFE, JEO, JEOE, KIM, KIME, KMM, KMME, KOM, KOME, MAD, MADE, MAK, MAKE, MAT, MATE, MET, METE, MIM, MIME, MTO, MTOE, MUZE, PEM, PEME, PET, PETE, SBP, SBPE, SEH, TEK, TEKE, TEL, UCK, UCKE, UZB, UZBE",,
10802,TUR 101,TUR,LS,Türk Dili I,,Ömer Tacir,,Salı,13:30/15:29,,80,77,,"BIO, BIOE, BLG, BLGE, BST, CAB, CEB, CEV, CEVE, CHZ, CHZE, DEN, DENE, DUI, DUIE, ECNE, EHB, EHBE, EHN, ELE, ELH, ELK, ELKE, END, ENDE, ENTE, EUT, EUTE, FIZ, FIZE, GEM, GEME, GEMK, GEO, GEOE, GID, GIDE, GMI, GMIE, ICM, IML, IMLE, INS, INSE, ISL, ISLE, JDF, JEF, JEFE, JEO, JEOE, KIM, KIME, KMM, KMME, KMP, KOM, KOME, MAD, MADE, MAK, MAKE, MAT, MATE, MET, METE, MIM, MIME, MTO, MTOE, MTR, MUT, MUZ, MUZE, MZT, PEM, PEME, PET, PETE, SBP, SBPE, SEH, SES, TEK, TEKE, TEL, THO, UCK, UCKE, UZB, UZBE",,
10804,ING 112,ING,LS,English I,,Zarife Zeliş Çoban,,Pazartesi,13:30/16:29,,28,28,,"BIO, BIOE, BLG, BLGE, CEV, CEVE, CHZ, CHZE, DEN, DENE, DUIE, ECNE, EHB, EHBE, EHN, ELE, ELH, ELK, ELKE, END, ENDE, ENTE, EUT, EUTE, FIZ, FIZE, GEM, GEME, GEMK, GEO, GEOE, GID, GIDE, GMIE, ICM, IML, IMLE, INS, INSE, ISL, ISLE, JDF, JEF, JEFE, JEO, JEOE, KIM, KIME, KMM, KMME, KOM, KOME, MAD, MADE, MAK, MAKE, MAT, MATE, MET, METE, MIM, MIME, MTO, MTOE, MUZE, PEM, PEME, PET, PETE, SBP, SBPE, SEH, TEK, TEKE, TEL, UCK, UCKE, UZB, UZBE",,
10805,ING 112,ING,LS,English I,,Zarife Zeliş Çoban,,Salı,08:30/11:29,,28,29,,"BIO, BIOE, BLG, BLGE, CEV, CEVE, CHZ, CHZE, DEN, DENE, DUIE, ECNE, EHB, EHBE, EHN, ELE, ELH, ELK, ELKE, END, ENDE, ENTE, EUT, EUTE, FIZ, FIZE, GEM, GEME, GEMK, GEO, GEOE, GID, GIDE, GMIE, ICM, IML, IMLE, INS, INSE, ISL, ISLE, JDF, JEF, JEFE, JEO, JEOE, KIM, KIME, KMM, KMME, KOM, KOME, MAD, MADE, MAK, MAKE, MAT, MATE, MET, METE, MIM, MIME, MTO, MTOE, MUZE, PEM, PEME, PET, PETE, SBP, SBPE, SEH, TEK, TEKE, TEL, UCK, UCKE, UZB, UZBE",,
10807,TUR 101,TUR,LS,Türk Dili I,,Ömer Tacir,,Salı,15:30/17:29,,80,81,,"BIO, BIOE, BLG, BLGE, BST, CAB, CEB, CEV, CEVE, CHZ, CHZE, DEN, DENE, DUI, DUIE, ECNE, EHB, EHBE, EHN, ELE, ELH, ELK, ELKE, END, ENDE, ENTE, EUT, EUTE, FIZ, FIZE, GEM, GEME, GEMK, GEO, GEOE, GID, GIDE, GMI, GMIE, ICM, IML, IMLE, INS, INSE, ISL, ISLE, JDF, JEF, JEFE, JEO, JEOE, KIM, KIME, KMM, KMME, KMP, KOM, KOME, MAD, MADE, MAK, MAKE, MAT, MATE, MET, METE, MIM, MIME, MTO, MTOE, MTR, MUT, MUZ, MUZE, MZT, PEM, PEME, PET, PETE, SBP, SBPE, SEH, SES, TEK, TEKE, TEL, THO, UCK, UCKE, UZB, UZBE",,
10808,ING 112,ING,LS,English I,,Zarife Zeliş Çoban,,Çarşamba,08:30/11:29,,28,28,,"BIO, BIOE, BLG, BLGE, CEV, CEVE, CHZ, CHZE, DEN, DENE, DUIE, ECNE, EHB, EHBE, EHN, ELE, ELH, ELK, ELKE, END, ENDE, ENTE, EUT, EUTE, FIZ, FIZE, GEM, GEME, GEMK, GEO, GEOE, GID, GIDE, GMIE, ICM, IML, IMLE, INS, INSE, ISL, ISLE, JDF, JEF, JEFE, JEO, JEOE, KIM, KIME, KMM, KMME, KOM, KOME, MAD, MADE, MAK, MAKE, MAT, MATE, MET, METE, MIM, MIME, MTO, MTOE, MUZE, PEM, PEME, PET, PETE, SBP, SBPE, SEH, TEK, TEKE, TEL, UCK, UCKE, UZB, UZBE",,
10809,TUR 101,TUR,LS,Türk Dili I,,Ömer Tacir,,Çarşamba,10:30/12:29,,80,73,,"BIO, BIOE, BLG, BLGE, BST, CAB, CEB, CEV, CEVE, CHZ, CHZE, DEN, DENE, DUI, DUIE, ECNE, EHB, EHBE, EHN, ELE, ELH, ELK, ELKE, END, ENDE, ENTE, EUT, EUTE, FIZ, FIZE, GEM, GEME, GEMK, GEO, GEOE, GID, GIDE, GMI, GMIE, ICM, IML, IMLE, INS, INSE, ISL, ISLE, JDF, JEF, JEFE, JEO, JEOE, KIM, KIME, KMM, KMME, KMP, KOM, KOME, MAD, MADE, MAK, MAKE, MAT, MATE, MET, METE, MIM, MIME, MTO, MTOE, MTR, MUT, MUZ, MUZE, MZT, PEM, PEME, PET, PETE, SBP, SBPE, SEH, SES, TEK, TEKE, TEL, THO, UCK, UCKE, UZB, UZBE",,
10811,TUR 101,TUR,LS,Türk Dili I,,Ömer Tacir,,Çarşamba,13:30/15:29,,80,75,,"BIO, BIOE, BLG, BLGE, BST, CAB, CEB, CEV, CEVE, CHZ, CHZE, DEN, DENE, DUI, DUIE, ECNE, EHB, EHBE, EHN, ELE, ELH, ELK, ELKE, END, ENDE, ENTE, EUT, EUTE, FIZ, FIZE, GEM, GEME, GEMK, GEO, GEOE, GID, GIDE, GMI, GMIE, ICM, IML, IMLE, INS, INSE, ISL, ISLE, JDF, JEF, JEFE, JEO, JEOE, KIM, KIME, KMM, KMME, KMP, KOM, KOME, MAD, MADE, MAK, MAKE, MAT, MATE, MET, METE, MIM, MIME, MTO, MTOE, MTR, MUT, MUZ, MUZE, MZT, PEM, PEME, PET, PETE, SBP, SBPE, SEH, SES, TEK, TEKE, TEL, THO, UCK, UCKE, UZB, UZBE",,
10816,TUR 101,TUR,LS,Türk Dili I,,Ömer Tacir,,Perşembe,10:30/12:29,,80,74,,"BIO, BIOE, BLG, BLGE, BST, CAB, CEB, CEV, CEVE, CHZ, CHZE, DEN, DENE, DUI, DUIE, ECNE, EHB, EHBE, EHN, ELE, ELH, ELK, ELKE, END, ENDE, ENTE, EUT, EUTE, FIZ, FIZE, GEM, GEME, GEMK, GEO, GEOE, GID, GIDE, GMI, GMIE, ICM, IML, IMLE, INS, INSE, ISL, ISLE, JDF, JEF, JEFE, JEO, JEOE, KIM, KIME, KMM, KMME, KMP, KOM, KOME, MAD, MADE, MAK, MAKE, MAT, MATE, MET, METE, MIM, MIME, MTO, MTOE, MTR, MUT, MUZ, MUZE, MZT, PEM, PEME, PET, PETE, SBP, SBPE, SEH, SES, TEK, TEKE, TEL, THO, UCK, UCKE, UZB, UZBE",,
10818,TUR 101,TUR,LS,Türk Dili I,,Ömer Tacir,,Perşembe,13:30/15:29,,80,78,,"BIO, BIOE, BLG, BLGE, BST, CAB, CEB, CEV, CEVE, CHZ, CHZE, DEN, DENE, DUI, DUIE, ECNE, EHB, EHBE, EHN, ELE, ELH, ELK, ELKE, END, ENDE, ENTE, EUT, EUTE, FIZ, FIZE, GEM, GEME, GEMK, GEO, GEOE, GID, GIDE, GMI, GMIE, ICM, IML, IMLE, INS, INSE, ISL, ISLE, JDF, JEF, JEFE, JEO, JEOE, KIM, KIME, KMM, KMME, KMP, KOM, KOME, MAD, MADE, MAK, MAKE, MAT, MATE, MET, METE, MIM, MIME, MTO, MTOE, MTR, MUT, MUZ, MUZE, MZT, PEM, PEME, PET, PETE, SBP, SBPE, SEH, SES, TEK, TEKE, TEL, THO, UCK, UCKE, UZB, UZBE",,
10821,TUR 101,TUR,LS,Türk Dili I,,Mehmet Naci Turay,,Pazartesi,10:30/12:29,,80,74,,"BIO, BIOE, BLG, BLGE, BST, CAB, CEB, CEV, CEVE, CHZ, CHZE, DEN, DENE, DUI, DUIE, ECNE, EHB, EHBE, EHN, ELE, ELH, ELK, ELKE, END, ENDE, ENTE, EUT, EUTE, FIZ, FIZE, GEM, GEME, GEMK, GEO, GEOE, GID, GIDE, GMI, GMIE, ICM, IML, IMLE, INS, INSE, ISL, ISLE, JDF, JEF, JEFE, JEO, JEOE, KIM, KIME, KMM, KMME, KMP, KOM, KOME, MAD, MADE, MAK, MAKE, MAT, MATE, MET, METE, MIM, MIME, MTO, MTOE, MTR, MUT, MUZ, MUZE, MZT, PEM, PEME, PET, PETE, SBP, SBPE, SEH, SES, TEK, TEKE, TEL, THO, UCK, UCKE, UZB, UZBE",,
10823,TUR 101,TUR,LS,Türk Dili I,,Mehmet Naci Turay,,Pazartesi,13:30/15:29,,80,79,,"BIO, BIOE, BLG, BLGE, BST, CAB, CEB, CEV, CEVE, CHZ, CHZE, DEN, DENE, DUI, DUIE, ECNE, EHB, EHBE, EHN, ELE, ELH, ELK, ELKE, END, ENDE, ENTE, EUT, EUTE, FIZ, FIZE, GEM, GEME, GEMK, GEO, GEOE, GID, GIDE, GMI, GMIE, ICM, IML, IMLE, INS, INSE, ISL, ISLE, JDF, JEF, JEFE, JEO, JEOE, KIM, KIME, KMM, KMME, KMP, KOM, KOME, MAD, MADE, MAK, MAKE, MAT, MATE, MET, METE, MIM, MIME, MTO, MTOE, MTR, MUT, MUZ, MUZE, MZT, PEM, PEME, PET, PETE, SBP, SBPE, SEH, SES, TEK, TEKE, TEL, THO, UCK, UCKE, UZB, UZBE",,
10825,TUR 101,TUR,LS,Türk Dili I,,Mehmet Naci Turay,,Pazartesi,15:30/17:29,,80,59,,"BIO, BIOE, BLG, BLGE, BST, CAB, CEB, CEV, CEVE, CHZ, CHZE, DEN, DENE, DUI, DUIE, ECNE, EHB, EHBE, EHN, ELE, ELH, ELK, ELKE, END, ENDE, ENTE, EUT, EUTE, FIZ, FIZE, GEM, GEME, GEMK, GEO, GEOE, GID, GIDE, GMI, GMIE, ICM, IML, IMLE, INS, INSE, ISL, ISLE, JDF, JEF, JEFE, JEO, JEOE, KIM, KIME, KMM, KMME, KMP, KOM, KOME, MAD, MADE, MAK, MAKE, MAT, MATE, MET, METE, MIM, MIME, MTO, MTOE, MTR, MUT, MUZ, MUZE, MZT, PEM, PEME, PET, PETE, SBP, SBPE, SEH, SES, TEK, TEKE, TEL, THO, UCK, UCKE, UZB, UZBE",,
10829,ING 112,ING,LS,English I,,Zarife Zeliş Çoban,,Perşembe,13:30/16:29,,28,29,,"BIO, BIOE, BLG, BLGE, CEV, CEVE, CHZ, CHZE, DEN, DENE, DUIE, ECNE, EHB, EHBE, EHN, ELE, ELH, ELK, ELKE, END, ENDE, ENTE, EUT, EUTE, FIZ, FIZE, GEM, GEME, GEMK, GEO, GEOE, GID, GIDE, GMIE, ICM, IML, IMLE, INS, INSE, ISL, ISLE, JDF, JEF, JEFE, JEO, JEOE, KIM, KIME, KMM, KMME, KOM, KOME, MAD, MADE, MAK, MAKE, MAT, MATE, MET, METE, MIM, MIME, MTO, MTOE, MUZE, PEM, PEME, PET, PETE, SBP, SBPE, SEH, TEK, TEKE, TEL, UCK, UCKE, UZB, UZBE",,
10833,ING 112,ING,LS,English I,,Zeynep Kurular,,Salı,08:30/11:29,,28,30,,"BIO, BIOE, BLG, BLGE, CEV, CEVE, CHZ, CHZE, DEN, DENE, DUIE, ECNE, EHB, EHBE, EHN, ELE, ELH, ELK, ELKE, END, ENDE, ENTE, EUT, EUTE, FIZ, FIZE, GEM, GEME, GEMK, GEO, GEOE, GID, GIDE, GMIE, ICM, IML, IMLE, INS, INSE, ISL, ISLE, JDF, JEF, JEFE, JEO, JEOE, KIM, KIME, KMM, KMME, KOM, KOME, MAD, MADE, MAK, MAKE, MAT, MATE, MET, METE, MIM, MIME, MTO, MTOE, MUZE, PEM, PEME, PET, PETE, SBP, SBPE, SEH, TEK, TEKE, TEL, UCK, UCKE, UZB, UZBE",,
10835,ING 112,ING,LS,English I,,Zeynep Kurular,,Çarşamba,08:30/11:29,,28,28,,"BIO, BIOE, BLG, BLGE, CEV, CEVE, CHZ, CHZE, DEN, DENE, DUIE, ECNE, EHB, EHBE, EHN, ELE, ELH, ELK, ELKE, END, ENDE, ENTE, EUT, EUTE, FIZ, FIZE, GEM, GEME, GEMK, GEO, GEOE, GID, GIDE, GMIE, ICM, IML, IMLE, INS, INSE, ISL, ISLE, JDF, JEF, JEFE, JEO, JEOE, KIM, KIME, KMM, KMME, KOM, KOME, MAD, MADE, MAK, MAKE, MAT, MATE, MET, METE, MIM, MIME, MTO, MTOE, MUZE, PEM, PEME, PET, PETE, SBP, SBPE, SEH, TEK, TEKE, TEL, UCK, UCKE, UZB, UZBE",,
10838,TUR 101,TUR,LS,Türk Dili I,,Mehmet Naci Turay,,Salı,11:30/13:29,,30,19,,"MBI, SBL, SCE, SDU, SEH, SEK, SEN, SGM, SIN, SIS, SMT, STP",,
10841,ING 112,ING,LS,English I,,Zeynep Kurular,,Perşembe,13:30/16:29,,28,30,,"BIO, BIOE, BLG, BLGE, CEV, CEVE, CHZ, CHZE, DEN, DENE, DUIE, ECNE, EHB, EHBE, EHN, ELE, ELH, ELK, ELKE, END, ENDE, ENTE, EUT, EUTE, FIZ, FIZE, GEM, GEME, GEMK, GEO, GEOE, GID, GIDE, GMIE, ICM, IML, IMLE, INS, INSE, ISL, ISLE, JDF, JEF, JEFE, JEO, JEOE, KIM, KIME, KMM, KMME, KOM, KOME, MAD, MADE, MAK, MAKE, MAT, MATE, MET, METE, MIM, MIME, MTO, MTOE, MUZE, PEM, PEME, PET, PETE, SBP, SBPE, SEH, TEK, TEKE, TEL, UCK, UCKE, UZB, UZBE",,
10843,TUR 101,TUR,LS,Türk Dili I,,Mehmet Naci Turay,,Salı,13:30/15:29,,80,76,,"BIO, BIOE, BLG, BLGE, BST, CAB, CEB, CEV, CEVE, CHZ, CHZE, DEN, DENE, DUI, DUIE, ECNE, EHB, EHBE, EHN, ELE, ELH, ELK, ELKE, END, ENDE, ENTE, EUT, EUTE, FIZ, FIZE, GEM, GEME, GEMK, GEO, GEOE, GID, GIDE, GMI, GMIE, ICM, IML, IMLE, INS, INSE, ISL, ISLE, JDF, JEF, JEFE, JEO, JEOE, KIM, KIME, KMM, KMME, KMP, KOM, KOME, MAD, MADE, MAK, MAKE, MAT, MATE, MET, METE, MIM, MIME, MTO, MTOE, MTR, MUT, MUZ, MUZE, MZT, PEM, PEME, PET, PETE, SBP, SBPE, SEH, SES, TEK, TEKE, TEL, THO, UCK, UCKE, UZB, UZBE",,
10844,ING 112,ING,LS,English I,,Zeynep Kurular,,Cuma,08:30/11:29,,28,30,,"BIO, BIOE, BLG, BLGE, CEV, CEVE, CHZ, CHZE, DEN, DENE, DUIE, ECNE, EHB, EHBE, EHN, ELE, ELH, ELK, ELKE, END, ENDE, ENTE, EUT, EUTE, FIZ, FIZE, GEM, GEME, GEMK, GEO, GEOE, GID, GIDE, GMIE, ICM, IML, IMLE, INS, INSE, ISL, ISLE, JDF, JEF, JEFE, JEO, JEOE, KIM, KIME, KMM, KMME, KOM, KOME, MAD, MADE, MAK, MAKE, MAT, MATE, MET, METE, MIM, MIME, MTO, MTOE, MUZE, PEM, PEME, PET, PETE, SBP, SBPE, SEH, TEK, TEKE, TEL, UCK, UCKE, UZB, UZBE",,
10846,ING 201,ING,LS,English III,,Zeynep Şişman Şen,,Pazartesi,13:30/16:29,,28,28,,"BIO, BIOE, BLG, BLGE, CEV, CEVE, CHZ, CHZE, DEN, DENE, ECNE, EHB, EHBE, EHN, ELE, ELH, ELK, ELKE, END, ENDE, ENTE, EUT, EUTE, FIZ, FIZE, GEM, GEME, GEMK, GEO, GEOE, GID, GIDE, ICM, IML, IMLE, INS, INSE, ISL, ISLE, JDF, JEF, JEFE, JEO, JEOE, KIM, KIME, KMM, KMME, KOM, KOME, MAD, MADE, MAK, MAKE, MAT, MATE, MET, METE, MIM, MIME, MTO, MTOE, MUZE, PEM, PEME, PET, PETE, SBP, SBPE, SEH, TEK, TEKE, TEL, UCK, UCKE, UZB, UZBE",,
10847,ING 201,ING,LS,English III,,Zeynep Şişman Şen,,Salı,13:30/16:29,,28,28,,"BIO, BIOE, BLG, BLGE, CEV, CEVE, CHZ, CHZE, DEN, DENE, ECNE, EHB, EHBE, EHN, ELE, ELH, ELK, ELKE, END, ENDE, ENTE, EUT, EUTE, FIZ, FIZE, GEM, GEME, GEMK, GEO, GEOE, GID, GIDE, ICM, IML, IMLE, INS, INSE, ISL, ISLE, JDF, JEF, JEFE, JEO, JEOE, KIM, KIME, KMM, KMME, KOM, KOME, MAD, MADE, MAK, MAKE, MAT, MATE, MET, METE, MIM, MIME, MTO, MTOE, MUZE, PEM, PEME, PET, PETE, SBP, SBPE, SEH, TEK, TEKE, TEL, UCK, UCKE, UZB, UZBE",,
10849,YTO 102,YTO,LS,Yab.için TürkçeA2(Başlang.Düz),,Özge Seçkin Polat,,Pazartesi,08:30/12:29,,20,4,,Yabancı Uyruklu Tüm Lisans ve Lisansüstü Öğrenciler,,
10853,MAT 261E,MAT,LS,Linear Algebra,,Ergün Yaraneri,,Cuma,08:30/11:29,,100,88,,"BIO, BIOE, DEN, DENE, ELH, END, ENDE, FIZ, FIZE, FIZM, GEM, GEME, GEO, GEOE, INS, INSE, ISL, ISLE, JDF, JEF, JEFE, KMM, KMME, MAD, MADE, MTO, MTOE, TEK, TEKE, UCK, UCKE, UZB, UZBE",,
10854,TUR 101,TUR,LS,Türk Dili I,,Mehmet Naci Turay,,Çarşamba,10:30/12:29,,80,76,,"BIO, BIOE, BLG, BLGE, BST, CAB, CEB, CEV, CEVE, CHZ, CHZE, DEN, DENE, DUI, DUIE, ECNE, EHB, EHBE, EHN, ELE, ELH, ELK, ELKE, END, ENDE, ENTE, EUT, EUTE, FIZ, FIZE, GEM, GEME, GEMK, GEO, GEOE, GID, GIDE, GMI, GMIE, ICM, IML, IMLE, INS, INSE, ISL, ISLE, JDF, JEF, JEFE, JEO, JEOE, KIM, KIME, KMM, KMME, KMP, KOM, KOME, MAD, MADE, MAK, MAKE, MAT, MATE, MET, METE, MIM, MIME, MTO, MTOE, MTR, MUT, MUZ, MUZE, MZT, PEM, PEME, PET, PETE, SBP, SBPE, SEH, SES, TEK, TEKE, TEL, THO, UCK, UCKE, UZB, UZBE",,
10855,MAT 115E,MAT,LS,Intro. to Programming Language,,Muzaffer Altıntaş,,Çarşamba | Çarşamba,08:30/10:29 | 10:30/12:29,,45,51,,"MAT, MATE",,
10856,TUR 101,TUR,LS,Türk Dili I,,Mehmet Naci Turay,,Çarşamba,13:30/15:29,,80,52,,"BIO, BIOE, BLG, BLGE, BST, CAB, CEB, CEV, CEVE, CHZ, CHZE, DEN, DENE, DUI, DUIE, ECNE, EHB, EHBE, EHN, ELE, ELH, ELK, ELKE, END, ENDE, ENTE, EUT, EUTE, FIZ, FIZE, GEM, GEME, GEMK, GEO, GEOE, GID, GIDE, GMI, GMIE, ICM, IML, IMLE, INS, INSE, ISL, ISLE, JDF, JEF, JEFE, JEO, JEOE, KIM, KIME, KMM, KMME, KMP, KOM, KOME, MAD, MADE, MAK, MAKE, MAT, MATE, MET, METE, MIM, MIME, MTO, MTOE, MTR, MUT, MUZ, MUZE, MZT, PEM, PEME, PET, PETE, SBP, SBPE, SEH, SES, TEK, TEKE, TEL, THO, UCK, UCKE, UZB, UZBE",,
10857,TUR 101,TUR,LS,Türk Dili I,,Özlem Kara,,Salı,11:30/13:29,,30,11,,"MBI, SBL, SCE, SDU, SEH, SEK, SEN, SGM, SIN, SIS, SMT, STP",,
10858,TUR 101,TUR,LS,Türk Dili I,,Özlem Kara,,Salı,13:30/15:29,,80,78,,"BIO, BIOE, BLG, BLGE, BST, CAB, CEB, CEV, CEVE, CHZ, CHZE, DEN, DENE, DUI, DUIE, ECNE, EHB, EHBE, EHN, ELE, ELH, ELK, ELKE, END, ENDE, ENTE, EUT, EUTE, FIZ, FIZE, GEM, GEME, GEMK, GEO, GEOE, GID, GIDE, GMI, GMIE, ICM, IML, IMLE, INS, INSE, ISL, ISLE, JDF, JEF, JEFE, JEO, JEOE, KIM, KIME, KMM, KMME, KMP, KOM, KOME, MAD, MADE, MAK, MAKE, MAT, MATE, MET, METE, MIM, MIME, MTO, MTOE, MTR, MUT, MUZ, MUZE, MZT, PEM, PEME, PET, PETE, SBP, SBPE, SEH, SES, TEK, TEKE, TEL, THO, UCK, UCKE, UZB, UZBE",,
10859,MAT 115E,MAT,LS,Intro. to Programming Language,,Muzaffer Altıntaş,,Perşembe | Perşembe,08:30/10:29 | 10:30/12:29,,35,38,,"MAT, MATE",,
10860,TUR 101,TUR,LS,Türk Dili I,,Özlem Kara,,Çarşamba,10:30/12:29,,80,79,,"BIO, BIOE, BLG, BLGE, BST, CAB, CEB, CEV, CEVE, CHZ, CHZE, DEN, DENE, DUI, DUIE, ECNE, EHB, EHBE, EHN, ELE, ELH, ELK, ELKE, END, ENDE, ENTE, EUT, EUTE, FIZ, FIZE, GEM, GEME, GEMK, GEO, GEOE, GID, GIDE, GMI, GMIE, ICM, IML, IMLE, INS, INSE, ISL, ISLE, JDF, JEF, JEFE, JEO, JEOE, KIM, KIME, KMM, KMME, KMP, KOM, KOME, MAD, MADE, MAK, MAKE, MAT, MATE, MET, METE, MIM, MIME, MTO, MTOE, MTR, MUT, MUZ, MUZE, MZT, PEM, PEME, PET, PETE, SBP, SBPE, SEH, SES, TEK, TEKE, TEL, THO, UCK, UCKE, UZB, UZBE",,
10861,TUR 101,TUR,LS,Türk Dili I,,Özlem Kara,,Çarşamba,13:30/15:29,,80,80,,"BIO, BIOE, BLG, BLGE, BST, CAB, CEB, CEV, CEVE, CHZ, CHZE, DEN, DENE, DUI, DUIE, ECNE, EHB, EHBE, EHN, ELE, ELH, ELK, ELKE, END, ENDE, ENTE, EUT, EUTE, FIZ, FIZE, GEM, GEME, GEMK, GEO, GEOE, GID, GIDE, GMI, GMIE, ICM, IML, IMLE, INS, INSE, ISL, ISLE, JDF, JEF, JEFE, JEO, JEOE, KIM, KIME, KMM, KMME, KMP, KOM, KOME, MAD, MADE, MAK, MAKE, MAT, MATE, MET, METE, MIM, MIME, MTO, MTOE, MTR, MUT, MUZ, MUZE, MZT, PEM, PEME, PET, PETE, SBP, SBPE, SEH, SES, TEK, TEKE, TEL, THO, UCK, UCKE, UZB, UZBE",,
10862,TUR 101,TUR,LS,Türk Dili I,,Özlem Kara,,Perşembe,10:30/12:29,,80,78,,"BIO, BIOE, BLG, BLGE, BST, CAB, CEB, CEV, CEVE, CHZ, CHZE, DEN, DENE, DUI, DUIE, ECNE, EHB, EHBE, EHN, ELE, ELH, ELK, ELKE, END, ENDE, ENTE, EUT, EUTE, FIZ, FIZE, GEM, GEME, GEMK, GEO, GEOE, GID, GIDE, GMI, GMIE, ICM, IML, IMLE, INS, INSE, ISL, ISLE, JDF, JEF, JEFE, JEO, JEOE, KIM, KIME, KMM, KMME, KMP, KOM, KOME, MAD, MADE, MAK, MAKE, MAT, MATE, MET, METE, MIM, MIME, MTO, MTOE, MTR, MUT, MUZ, MUZE, MZT, PEM, PEME, PET, PETE, SBP, SBPE, SEH, SES, TEK, TEKE, TEL, THO, UCK, UCKE, UZB, UZBE",,
10863,MAT 117,MAT,LS,Matematik Müh. Giriş ve Etik,,Sevgi Harman,,Çarşamba,13:30/15:29,,80,70,,MAT,,
10864,TUR 101,TUR,LS,Türk Dili I,,Özlem Kara,,Perşembe,13:30/15:29,,80,78,,"BIO, BIOE, BLG, BLGE, BST, CAB, CEB, CEV, CEVE, CHZ, CHZE, DEN, DENE, DUI, DUIE, ECNE, EHB, EHBE, EHN, ELE, ELH, ELK, ELKE, END, ENDE, ENTE, EUT, EUTE, FIZ, FIZE, GEM, GEME, GEMK, GEO, GEOE, GID, GIDE, GMI, GMIE, ICM, IML, IMLE, INS, INSE, ISL, ISLE, JDF, JEF, JEFE, JEO, JEOE, KIM, KIME, KMM, KMME, KMP, KOM, KOME, MAD, MADE, MAK, MAKE, MAT, MATE, MET, METE, MIM, MIME, MTO, MTOE, MTR, MUT, MUZ, MUZE, MZT, PEM, PEME, PET, PETE, SBP, SBPE, SEH, SES, TEK, TEKE, TEL, THO, UCK, UCKE, UZB, UZBE",,
10865,MAT 141,MAT,LS,Lineer Cebir I,,Şeyda Canan Tekin,,Salı,08:30/11:29,,80,0,,MAT,,
10866,TUR 101,TUR,LS,Türk Dili I,,Özlem Kara,,Perşembe,15:30/17:29,,80,78,,"BIO, BIOE, BLG, BLGE, BST, CAB, CEB, CEV, CEVE, CHZ, CHZE, DEN, DENE, DUI, DUIE, ECNE, EHB, EHBE, EHN, ELE, ELH, ELK, ELKE, END, ENDE, ENTE, EUT, EUTE, FIZ, FIZE, GEM, GEME, GEMK, GEO, GEOE, GID, GIDE, GMI, GMIE, ICM, IML, IMLE, INS, INSE, ISL, ISLE, JDF, JEF, JEFE, JEO, JEOE, KIM, KIME, KMM, KMME, KMP, KOM, KOME, MAD, MADE, MAK, MAKE, MAT, MATE, MET, METE, MIM, MIME, MTO, MTOE, MTR, MUT, MUZ, MUZE, MZT, PEM, PEME, PET, PETE, SBP, SBPE, SEH, SES, TEK, TEKE, TEL, THO, UCK, UCKE, UZB, UZBE",,
10867,MAT 175,MAT,LS,Soyut Matematik,,Sultan Erdoğan Demir,,Perşembe,14:30/17:29,,110,107,,"MAT, MATM",,
10868,MAT 187,MAT,LS,Matematik I,,Zerrin Şentürk,,Salı | Cuma,14:30/17:29 | 09:30/12:29,,80,59,,MAT,,
10869,TUR 101,TUR,LS,Türk Dili I,,Gülsün Nakıboğlu,,Pazartesi,08:30/10:29,,80,82,,"BIO, BIOE, BLG, BLGE, BST, CAB, CEB, CEV, CEVE, CHZ, CHZE, DEN, DENE, DUI, DUIE, ECNE, EHB, EHBE, EHN, ELE, ELH, ELK, ELKE, END, ENDE, ENTE, EUT, EUTE, FIZ, FIZE, GEM, GEME, GEMK, GEO, GEOE, GID, GIDE, GMI, GMIE, ICM, IML, IMLE, INS, INSE, ISL, ISLE, JDF, JEF, JEFE, JEO, JEOE, KIM, KIME, KMM, KMME, KMP, KOM, KOME, MAD, MADE, MAK, MAKE, MAT, MATE, MET, METE, MIM, MIME, MTO, MTOE, MTR, MUT, MUZ, MUZE, MZT, PEM, PEME, PET, PETE, SBP, SBPE, SEH, SES, TEK, TEKE, TEL, THO, UCK, UCKE, UZB, UZBE",,
10870,MAT 116E,MAT,LS,Advanced Sci. & Eng. Computing,,Ali Demirci,,Pazartesi,08:30/12:29,,40,42,,"MAT, MATE",,
10871,TUR 101,TUR,LS,Türk Dili I,,Gülsün Nakıboğlu,,Pazartesi,10:30/12:29,,80,79,,"BIO, BIOE, BLG, BLGE, BST, CAB, CEB, CEV, CEVE, CHZ, CHZE, DEN, DENE, DUI, DUIE, ECNE, EHB, EHBE, EHN, ELE, ELH, ELK, ELKE, END, ENDE, ENTE, EUT, EUTE, FIZ, FIZE, GEM, GEME, GEMK, GEO, GEOE, GID, GIDE, GMI, GMIE, ICM, IML, IMLE, INS, INSE, ISL, ISLE, JDF, JEF, JEFE, JEO, JEOE, KIM, KIME, KMM, KMME, KMP, KOM, KOME, MAD, MADE, MAK, MAKE, MAT, MATE, MET, METE, MIM, MIME, MTO, MTOE, MTR, MUT, MUZ, MUZE, MZT, PEM, PEME, PET, PETE, SBP, SBPE, SEH, SES, TEK, TEKE, TEL, THO, UCK, UCKE, UZB, UZBE",,
10872,MAT 116E,MAT,LS,Advanced Sci. & Eng. Computing,,Burcu Tunga,,Cuma,08:30/12:29,,40,28,,"MAT, MATE",,
10873,TUR 101,TUR,LS,Türk Dili I,,Gülsün Nakıboğlu,,Pazartesi,13:30/15:29,,80,80,,"BIO, BIOE, BLG, BLGE, BST, CAB, CEB, CEV, CEVE, CHZ, CHZE, DEN, DENE, DUI, DUIE, ECNE, EHB, EHBE, EHN, ELE, ELH, ELK, ELKE, END, ENDE, ENTE, EUT, EUTE, FIZ, FIZE, GEM, GEME, GEMK, GEO, GEOE, GID, GIDE, GMI, GMIE, ICM, IML, IMLE, INS, INSE, ISL, ISLE, JDF, JEF, JEFE, JEO, JEOE, KIM, KIME, KMM, KMME, KMP, KOM, KOME, MAD, MADE, MAK, MAKE, MAT, MATE, MET, METE, MIM, MIME, MTO, MTOE, MTR, MUT, MUZ, MUZE, MZT, PEM, PEME, PET, PETE, SBP, SBPE, SEH, SES, TEK, TEKE, TEL, THO, UCK, UCKE, UZB, UZBE",,
10874,MAT 142,MAT,LS,Lineer Cebir II,,Nurettin Cenk Turgay,,Salı,08:30/11:29,,100,99,,MAT,,
10875,TUR 101,TUR,LS,Türk Dili I,,Gülsün Nakıboğlu,,Salı,08:30/10:29,,80,81,,"BIO, BIOE, BLG, BLGE, BST, CAB, CEB, CEV, CEVE, CHZ, CHZE, DEN, DENE, DUI, DUIE, ECNE, EHB, EHBE, EHN, ELE, ELH, ELK, ELKE, END, ENDE, ENTE, EUT, EUTE, FIZ, FIZE, GEM, GEME, GEMK, GEO, GEOE, GID, GIDE, GMI, GMIE, ICM, IML, IMLE, INS, INSE, ISL, ISLE, JDF, JEF, JEFE, JEO, JEOE, KIM, KIME, KMM, KMME, KMP, KOM, KOME, MAD, MADE, MAK, MAKE, MAT, MATE, MET, METE, MIM, MIME, MTO, MTOE, MTR, MUT, MUZ, MUZE, MZT, PEM, PEME, PET, PETE, SBP, SBPE, SEH, SES, TEK, TEKE, TEL, THO, UCK, UCKE, UZB, UZBE",,
10876,TUR 101,TUR,LS,Türk Dili I,,Gülsün Nakıboğlu,,Salı,11:30/13:29,,30,31,,"MBI, SBL, SCE, SDU, SEH, SEK, SEN, SGM, SIN, SIS, SMT, STP",,
10877,MAT 188,MAT,LS,Matematik II,,Güler Arsan,,Salı | Çarşamba,14:30/17:29 | 12:30/15:29,,45,39,,MAT,,
10878,TUR 101,TUR,LS,Türk Dili I,,Gülsün Nakıboğlu,,Çarşamba,08:30/10:29,,80,78,,"BIO, BIOE, BLG, BLGE, BST, CAB, CEB, CEV, CEVE, CHZ, CHZE, DEN, DENE, DUI, DUIE, ECNE, EHB, EHBE, EHN, ELE, ELH, ELK, ELKE, END, ENDE, ENTE, EUT, EUTE, FIZ, FIZE, GEM, GEME, GEMK, GEO, GEOE, GID, GIDE, GMI, GMIE, ICM, IML, IMLE, INS, INSE, ISL, ISLE, JDF, JEF, JEFE, JEO, JEOE, KIM, KIME, KMM, KMME, KMP, KOM, KOME, MAD, MADE, MAK, MAKE, MAT, MATE, MET, METE, MIM, MIME, MTO, MTOE, MTR, MUT, MUZ, MUZE, MZT, PEM, PEME, PET, PETE, SBP, SBPE, SEH, SES, TEK, TEKE, TEL, THO, UCK, UCKE, UZB, UZBE",,
10879,TUR 101,TUR,LS,Türk Dili I,,Gülsün Nakıboğlu,,Çarşamba,10:30/12:29,,80,80,,"BIO, BIOE, BLG, BLGE, BST, CAB, CEB, CEV, CEVE, CHZ, CHZE, DEN, DENE, DUI, DUIE, ECNE, EHB, EHBE, EHN, ELE, ELH, ELK, ELKE, END, ENDE, ENTE, EUT, EUTE, FIZ, FIZE, GEM, GEME, GEMK, GEO, GEOE, GID, GIDE, GMI, GMIE, ICM, IML, IMLE, INS, INSE, ISL, ISLE, JDF, JEF, JEFE, JEO, JEOE, KIM, KIME, KMM, KMME, KMP, KOM, KOME, MAD, MADE, MAK, MAKE, MAT, MATE, MET, METE, MIM, MIME, MTO, MTOE, MTR, MUT, MUZ, MUZE, MZT, PEM, PEME, PET, PETE, SBP, SBPE, SEH, SES, TEK, TEKE, TEL, THO, UCK, UCKE, UZB, UZBE",,
10880,MAT 221,MAT,LS,Olasılık Teorisi,,Mustafa Nadar,,Perşembe,11:30/14:29,,93,87,,MAT,,
10881,MAT 232,MAT,LS,Diferansiyel Denklemler,,Kamil Oruçoğlu,,Çarşamba | Cuma,11:30/13:29 | 10:30/12:29,,90,84,,"MAT, MATM",,
10882,TUR 101,TUR,LS,Türk Dili I,,Hamide Aliyazıcıoğlu,,Salı,10:30/12:29,,80,79,,"BIO, BIOE, BLG, BLGE, BST, CAB, CEB, CEV, CEVE, CHZ, CHZE, DEN, DENE, DUI, DUIE, ECNE, EHB, EHBE, EHN, ELE, ELH, ELK, ELKE, END, ENDE, ENTE, EUT, EUTE, FIZ, FIZE, GEM, GEME, GEMK, GEO, GEOE, GID, GIDE, GMI, GMIE, ICM, IML, IMLE, INS, INSE, ISL, ISLE, JDF, JEF, JEFE, JEO, JEOE, KIM, KIME, KMM, KMME, KMP, KOM, KOME, MAD, MADE, MAK, MAKE, MAT, MATE, MET, METE, MIM, MIME, MTO, MTOE, MTR, MUT, MUZ, MUZE, MZT, PEM, PEME, PET, PETE, SBP, SBPE, SEH, SES, TEK, TEKE, TEL, THO, UCK, UCKE, UZB, UZBE",,
10883,TUR 101,TUR,LS,Türk Dili I,,Hamide Aliyazıcıoğlu,,Salı,13:30/15:29,,80,83,,"BIO, BIOE, BLG, BLGE, BST, CAB, CEB, CEV, CEVE, CHZ, CHZE, DEN, DENE, DUI, DUIE, ECNE, EHB, EHBE, EHN, ELE, ELH, ELK, ELKE, END, ENDE, ENTE, EUT, EUTE, FIZ, FIZE, GEM, GEME, GEMK, GEO, GEOE, GID, GIDE, GMI, GMIE, ICM, IML, IMLE, INS, INSE, ISL, ISLE, JDF, JEF, JEFE, JEO, JEOE, KIM, KIME, KMM, KMME, KMP, KOM, KOME, MAD, MADE, MAK, MAKE, MAT, MATE, MET, METE, MIM, MIME, MTO, MTOE, MTR, MUT, MUZ, MUZE, MZT, PEM, PEME, PET, PETE, SBP, SBPE, SEH, SES, TEK, TEKE, TEL, THO, UCK, UCKE, UZB, UZBE",,
10884,MAT 287,MAT,LS,Matematik III,,Kamil Oruçoğlu,,Salı | Cuma,14:30/17:29 | 14:30/16:29,,120,114,,"MAT, MATM",,
10885,TUR 101,TUR,LS,Türk Dili I,,Hamide Aliyazıcıoğlu,,Perşembe,13:30/15:29,,80,80,,"BIO, BIOE, BLG, BLGE, BST, CAB, CEB, CEV, CEVE, CHZ, CHZE, DEN, DENE, DUI, DUIE, ECNE, EHB, EHBE, EHN, ELE, ELH, ELK, ELKE, END, ENDE, ENTE, EUT, EUTE, FIZ, FIZE, GEM, GEME, GEMK, GEO, GEOE, GID, GIDE, GMI, GMIE, ICM, IML, IMLE, INS, INSE, ISL, ISLE, JDF, JEF, JEFE, JEO, JEOE, KIM, KIME, KMM, KMME, KMP, KOM, KOME, MAD, MADE, MAK, MAKE, MAT, MATE, MET, METE, MIM, MIME, MTO, MTOE, MTR, MUT, MUZ, MUZE, MZT, PEM, PEME, PET, PETE, SBP, SBPE, SEH, SES, TEK, TEKE, TEL, THO, UCK, UCKE, UZB, UZBE",,
10886,SNT 101,SNT,LS,Heykel Sanatına Bakış,,Meliha Sözeri,,Pazartesi,08:30/11:29,,22,19,,"BIO, BLG, CEV, CHZ, DEN, DUI, EHB, ELE, ELH, ELK, END, EUT, FIZ, GEM, GEO, GID, GMI, ICM, IML, INS, ISL, JDF, JEF, JEO, KIM, KMM, KOM, MAD, MAK, MAT, MET, MIM, MTO, PEM, PET, SBP, TEK, TEL, UCK, UZB",,
10887,MAT 288E,MAT,LS,Real Analysis I,,Nurettin Cenk Turgay,,Çarşamba | Perşembe,08:30/10:29 | 15:30/17:29,,120,115,,"MAT, MATE, MATM",,
10888,TUR 101,TUR,LS,Türk Dili I,,Hamide Aliyazıcıoğlu,,Perşembe,15:30/17:29,,80,80,,"BIO, BIOE, BLG, BLGE, BST, CAB, CEB, CEV, CEVE, CHZ, CHZE, DEN, DENE, DUI, DUIE, ECNE, EHB, EHBE, EHN, ELE, ELH, ELK, ELKE, END, ENDE, ENTE, EUT, EUTE, FIZ, FIZE, GEM, GEME, GEMK, GEO, GEOE, GID, GIDE, GMI, GMIE, ICM, IML, IMLE, INS, INSE, ISL, ISLE, JDF, JEF, JEFE, JEO, JEOE, KIM, KIME, KMM, KMME, KMP, KOM, KOME, MAD, MADE, MAK, MAKE, MAT, MATE, MET, METE, MIM, MIME, MTO, MTOE, MTR, MUT, MUZ, MUZE, MZT, PEM, PEME, PET, PETE, SBP, SBPE, SEH, SES, TEK, TEKE, TEL, THO, UCK, UCKE, UZB, UZBE",,
10889,SNT 101,SNT,LS,Heykel Sanatına Bakış,,Meliha Sözeri,,Pazartesi,13:30/16:29,,22,22,,"BIO, BLG, CEV, CHZ, DEN, DUI, EHB, ELE, ELH, ELK, END, EUT, FIZ, GEM, GEO, GID, GMI, ICM, IML, INS, ISL, JDF, JEF, JEO, KIM, KMM, KOM, MAD, MAK, MAT, MET, MIM, MTO, PEM, PET, SBP, TEK, TEL, UCK, UZB",,
10890,TUR 101,TUR,LS,Türk Dili I,,Hamide Aliyazıcıoğlu,,Cuma,13:30/15:29,,80,80,,"BIO, BIOE, BLG, BLGE, BST, CAB, CEB, CEV, CEVE, CHZ, CHZE, DEN, DENE, DUI, DUIE, ECNE, EHB, EHBE, EHN, ELE, ELH, ELK, ELKE, END, ENDE, ENTE, EUT, EUTE, FIZ, FIZE, GEM, GEME, GEMK, GEO, GEOE, GID, GIDE, GMI, GMIE, ICM, IML, IMLE, INS, INSE, ISL, ISLE, JDF, JEF, JEFE, JEO, JEOE, KIM, KIME, KMM, KMME, KMP, KOM, KOME, MAD, MADE, MAK, MAKE, MAT, MATE, MET, METE, MIM, MIME, MTO, MTOE, MTR, MUT, MUZ, MUZE, MZT, PEM, PEME, PET, PETE, SBP, SBPE, SEH, SES, TEK, TEKE, TEL, THO, UCK, UCKE, UZB, UZBE",,
10891,SNT 102,SNT,LS,Fotoğraf,,Ahmet Keskin,,Salı,08:30/11:29,,22,22,,"BIO, BLG, CEV, CHZ, DEN, DUI, EHB, ELE, ELH, ELK, END, EUT, FIZ, GEM, GEO, GID, GMI, ICM, IML, INS, ISL, JDF, JEF, JEO, KIM, KMM, KOM, MAD, MAK, MAT, MET, MIM, MTO, PEM, PET, SBP, TEK, TEL, UCK, UZB",,
10892,TUR 101,TUR,LS,Türk Dili I,,Hamide Aliyazıcıoğlu,,Cuma,15:30/17:29,,80,80,,"BIO, BIOE, BLG, BLGE, BST, CAB, CEB, CEV, CEVE, CHZ, CHZE, DEN, DENE, DUI, DUIE, ECNE, EHB, EHBE, EHN, ELE, ELH, ELK, ELKE, END, ENDE, ENTE, EUT, EUTE, FIZ, FIZE, GEM, GEME, GEMK, GEO, GEOE, GID, GIDE, GMI, GMIE, ICM, IML, IMLE, INS, INSE, ISL, ISLE, JDF, JEF, JEFE, JEO, JEOE, KIM, KIME, KMM, KMME, KMP, KOM, KOME, MAD, MADE, MAK, MAKE, MAT, MATE, MET, METE, MIM, MIME, MTO, MTOE, MTR, MUT, MUZ, MUZE, MZT, PEM, PEME, PET, PETE, SBP, SBPE, SEH, SES, TEK, TEKE, TEL, THO, UCK, UCKE, UZB, UZBE",,
10893,MAT 242,MAT,LS,İstatistik,,Bahri Güldoğan,,Çarşamba | Perşembe,13:30/15:29 | 12:30/14:29,,100,41,,MAT,,
10894,TUR 101,TUR,LS,Türk Dili I,,Hasan Ulucutsoy,,Pazartesi,08:30/10:29,,80,79,,"BIO, BIOE, BLG, BLGE, BST, CAB, CEB, CEV, CEVE, CHZ, CHZE, DEN, DENE, DUI, DUIE, ECNE, EHB, EHBE, EHN, ELE, ELH, ELK, ELKE, END, ENDE, ENTE, EUT, EUTE, FIZ, FIZE, GEM, GEME, GEMK, GEO, GEOE, GID, GIDE, GMI, GMIE, ICM, IML, IMLE, INS, INSE, ISL, ISLE, JDF, JEF, JEFE, JEO, JEOE, KIM, KIME, KMM, KMME, KMP, KOM, KOME, MAD, MADE, MAK, MAKE, MAT, MATE, MET, METE, MIM, MIME, MTO, MTOE, MTR, MUT, MUZ, MUZE, MZT, PEM, PEME, PET, PETE, SBP, SBPE, SEH, SES, TEK, TEKE, TEL, THO, UCK, UCKE, UZB, UZBE",,
10895,SNT 102,SNT,LS,Fotoğraf,,Hulki Korkut İlhan,,Perşembe,13:30/16:29,,22,21,,"BIO, BLG, CEV, CHZ, DEN, DUI, EHB, ELE, ELH, ELK, END, EUT, FIZ, GEM, GEO, GID, GMI, ICM, IML, INS, ISL, JDF, JEF, JEO, KIM, KMM, KOM, MAD, MAK, MAT, MET, MIM, MTO, PEM, PET, SBP, TEK, TEL, UCK, UZB",,
10896,TUR 102,TUR,LS,Türk Dili II,,Hasan Ulucutsoy,,Pazartesi,10:30/12:29,,90,89,,"BIO, BIOE, BLG, BLGE, BST, CAB, CEB, CEV, CEVE, CHZ, CHZE, DEN, DENE, DUI, DUIE, ECNE, EHB, EHBE, EHN, ELE, ELH, ELK, ELKE, END, ENDE, ENTE, EUT, EUTE, FIZ, FIZE, GEM, GEME, GEMK, GEO, GEOE, GID, GIDE, GMI, GMIE, ICM, IML, IMLE, INS, INSE, ISL, ISLE, JDF, JEF, JEFE, JEO, JEOE, KIM, KIME, KMM, KMME, KMP, KOM, KOME, MAD, MADE, MAK, MAKE, MAT, MATE, MET, METE, MIM, MIME, MTO, MTOE, MTR, MUT, MUZ, MUZE, MZT, PEM, PEME, PET, PETE, SBP, SBPE, SEH, SES, TEK, TEKE, TEL, THO, UCK, UCKE, UZB, UZBE",,
10897,SNT 102E,SNT,LS,Photography,,Eylül Doğruel,,Salı,13:30/16:29,,22,21,,"BIO, BIOE, BLG, BLGE, CEV, CEVE, CHZ, CHZE, DEN, DENE, ECNE, EHB, EHBE, ELE, ELH, ELK, ELKE, END, ENDE, ENTE, EUT, EUTE, FIZ, FIZE, GEM, GEME, GEMK, GEO, GEOE, GID, GIDE, GMI, GMIE, ICM, ICME, IML, IMLE, INS, INSE, ISL, ISLE, JDF, JEF, JEFE, JEO, JEOE, KIM, KIME, KMM, KMME, KOM, KOME, MAD, MADE, MAK, MAKE, MAT, MATE, MET, METE, MIM, MIME, MTO, MTOE, PEM, PEME, PET, PETE, SBP, SBPE, TEK, TEKE, TEL, UCK, UCKE, UZB, UZBE",,
10898,TUR 101,TUR,LS,Türk Dili I,,Hasan Ulucutsoy,,Pazartesi,13:30/15:29,,80,80,,"BIO, BIOE, BLG, BLGE, BST, CAB, CEB, CEV, CEVE, CHZ, CHZE, DEN, DENE, DUI, DUIE, ECNE, EHB, EHBE, EHN, ELE, ELH, ELK, ELKE, END, ENDE, ENTE, EUT, EUTE, FIZ, FIZE, GEM, GEME, GEMK, GEO, GEOE, GID, GIDE, GMI, GMIE, ICM, IML, IMLE, INS, INSE, ISL, ISLE, JDF, JEF, JEFE, JEO, JEOE, KIM, KIME, KMM, KMME, KMP, KOM, KOME, MAD, MADE, MAK, MAKE, MAT, MATE, MET, METE, MIM, MIME, MTO, MTOE, MTR, MUT, MUZ, MUZE, MZT, PEM, PEME, PET, PETE, SBP, SBPE, SEH, SES, TEK, TEKE, TEL, THO, UCK, UCKE, UZB, UZBE",,
10899,SNT 102E,SNT,LS,Photography,,Hulki Korkut İlhan,,Cuma,13:30/16:29,,22,22,,"BIO, BIOE, BLG, BLGE, CEV, CEVE, CHZ, CHZE, DEN, DENE, ECNE, EHB, EHBE, ELE, ELH, ELK, ELKE, END, ENDE, ENTE, EUT, EUTE, FIZ, FIZE, GEM, GEME, GEMK, GEO, GEOE, GID, GIDE, GMI, GMIE, ICM, ICME, IML, IMLE, INS, INSE, ISL, ISLE, JDF, JEF, JEFE, JEO, JEOE, KIM, KIME, KMM, KMME, KOM, KOME, MAD, MADE, MAK, MAKE, MAT, MATE, MET, METE, MIM, MIME, MTO, MTOE, PEM, PEME, PET, PETE, SBP, SBPE, TEK, TEKE, TEL, UCK, UCKE, UZB, UZBE",,
10900,TUR 101,TUR,LS,Türk Dili I,,Hasan Ulucutsoy,,Pazartesi,15:30/17:29,,80,80,,"BIO, BIOE, BLG, BLGE, BST, CAB, CEB, CEV, CEVE, CHZ, CHZE, DEN, DENE, DUI, DUIE, ECNE, EHB, EHBE, EHN, ELE, ELH, ELK, ELKE, END, ENDE, ENTE, EUT, EUTE, FIZ, FIZE, GEM, GEME, GEMK, GEO, GEOE, GID, GIDE, GMI, GMIE, ICM, IML, IMLE, INS, INSE, ISL, ISLE, JDF, JEF, JEFE, JEO, JEOE, KIM, KIME, KMM, KMME, KMP, KOM, KOME, MAD, MADE, MAK, MAKE, MAT, MATE, MET, METE, MIM, MIME, MTO, MTOE, MTR, MUT, MUZ, MUZE, MZT, PEM, PEME, PET, PETE, SBP, SBPE, SEH, SES, TEK, TEKE, TEL, THO, UCK, UCKE, UZB, UZBE",,
10901,SNT 103,SNT,LS,Desen,,Ferhan Gözgü Çelik,,Pazartesi,08:30/11:29,,13,13,,"BIO, BLG, CEV, CHZ, DEN, DUI, EHB, ELE, ELH, ELK, END, EUT, FIZ, GEM, GEO, GID, GMI, ICM, IML, INS, ISL, JDF, JEF, JEO, KIM, KMM, KOM, MAD, MAK, MAT, MET, MIM, MTO, PEM, PET, SBP, TEK, TEL, UCK, UZB",,
10902,TUR 101,TUR,LS,Türk Dili I,,Hasan Ulucutsoy,,Salı,08:30/10:29,,80,79,,"BIO, BIOE, BLG, BLGE, BST, CAB, CEB, CEV, CEVE, CHZ, CHZE, DEN, DENE, DUI, DUIE, ECNE, EHB, EHBE, EHN, ELE, ELH, ELK, ELKE, END, ENDE, ENTE, EUT, EUTE, FIZ, FIZE, GEM, GEME, GEMK, GEO, GEOE, GID, GIDE, GMI, GMIE, ICM, IML, IMLE, INS, INSE, ISL, ISLE, JDF, JEF, JEFE, JEO, JEOE, KIM, KIME, KMM, KMME, KMP, KOM, KOME, MAD, MADE, MAK, MAKE, MAT, MATE, MET, METE, MIM, MIME, MTO, MTOE, MTR, MUT, MUZ, MUZE, MZT, PEM, PEME, PET, PETE, SBP, SBPE, SEH, SES, TEK, TEKE, TEL, THO, UCK, UCKE, UZB, UZBE",,
10903,MAT 331E,MAT,LS,Partial Differential Equations,,Semra Ahmetolan,,Çarşamba | Cuma,10:30/12:29 | 10:30/12:29,,40,22,,"MAT, MATE, MATM",,
10904,SNT 103,SNT,LS,Desen,,Mehmet Güler,,Salı,08:30/11:29,,22,18,,"BIO, BLG, CEV, CHZ, DEN, DUI, EHB, ELE, ELH, ELK, END, EUT, FIZ, GEM, GEO, GID, GMI, ICM, IML, INS, ISL, JDF, JEF, JEO, KIM, KMM, KOM, MAD, MAK, MAT, MET, MIM, MTO, PEM, PET, SBP, TEK, TEL, UCK, UZB",,
10905,TUR 101,TUR,LS,Türk Dili I,,Hasan Ulucutsoy,,Salı,10:30/12:29,,80,81,,"BIO, BIOE, BLG, BLGE, BST, CAB, CEB, CEV, CEVE, CHZ, CHZE, DEN, DENE, DUI, DUIE, ECNE, EHB, EHBE, EHN, ELE, ELH, ELK, ELKE, END, ENDE, ENTE, EUT, EUTE, FIZ, FIZE, GEM, GEME, GEMK, GEO, GEOE, GID, GIDE, GMI, GMIE, ICM, IML, IMLE, INS, INSE, ISL, ISLE, JDF, JEF, JEFE, JEO, JEOE, KIM, KIME, KMM, KMME, KMP, KOM, KOME, MAD, MADE, MAK, MAKE, MAT, MATE, MET, METE, MIM, MIME, MTO, MTOE, MTR, MUT, MUZ, MUZE, MZT, PEM, PEME, PET, PETE, SBP, SBPE, SEH, SES, TEK, TEKE, TEL, THO, UCK, UCKE, UZB, UZBE",,
10906,SNT 103,SNT,LS,Desen,,Mehmet Güler,,Salı,13:30/16:29,,22,21,,"BIO, BLG, CEV, CHZ, DEN, DUI, EHB, ELE, ELH, ELK, END, EUT, FIZ, GEM, GEO, GID, GMI, ICM, IML, INS, ISL, JDF, JEF, JEO, KIM, KMM, KOM, MAD, MAK, MAT, MET, MIM, MTO, PEM, PET, SBP, TEK, TEL, UCK, UZB",,
10907,TUR 102,TUR,LS,Türk Dili II,,Hasan Ulucutsoy,,Salı,13:30/15:29,,90,93,,"BIO, BIOE, BLG, BLGE, BST, CAB, CEB, CEV, CEVE, CHZ, CHZE, DEN, DENE, DUI, DUIE, ECNE, EHB, EHBE, EHN, ELE, ELH, ELK, ELKE, END, ENDE, ENTE, EUT, EUTE, FIZ, FIZE, GEM, GEME, GEMK, GEO, GEOE, GID, GIDE, GMI, GMIE, ICM, IML, IMLE, INS, INSE, ISL, ISLE, JDF, JEF, JEFE, JEO, JEOE, KIM, KIME, KMM, KMME, KMP, KOM, KOME, MAD, MADE, MAK, MAKE, MAT, MATE, MET, METE, MIM, MIME, MTO, MTOE, MTR, MUT, MUZ, MUZE, MZT, PEM, PEME, PET, PETE, SBP, SBPE, SEH, SES, TEK, TEKE, TEL, THO, UCK, UCKE, UZB, UZBE",,
10908,MUH 201E,MUH,LS,Dynamics,,Ali Ercengiz,,Cuma,14:30/17:29,,40,32,,"MAT, MATE",,
10909,SNT 103,SNT,LS,Desen,,Mehmet Güler,,Perşembe,08:30/11:29,,22,18,,"BIO, BLG, CEV, CHZ, DEN, DUI, EHB, ELE, ELH, ELK, END, EUT, FIZ, GEM, GEO, GID, GMI, ICM, IML, INS, ISL, JDF, JEF, JEO, KIM, KMM, KOM, MAD, MAK, MAT, MET, MIM, MTO, PEM, PET, SBP, TEK, TEL, UCK, UZB",,
10910,TUR 102,TUR,LS,Türk Dili II,,Hasan Ulucutsoy,,Salı,15:30/17:29,,90,90,,"BIO, BIOE, BLG, BLGE, BST, CAB, CEB, CEV, CEVE, CHZ, CHZE, DEN, DENE, DUI, DUIE, ECNE, EHB, EHBE, EHN, ELE, ELH, ELK, ELKE, END, ENDE, ENTE, EUT, EUTE, FIZ, FIZE, GEM, GEME, GEMK, GEO, GEOE, GID, GIDE, GMI, GMIE, ICM, IML, IMLE, INS, INSE, ISL, ISLE, JDF, JEF, JEFE, JEO, JEOE, KIM, KIME, KMM, KMME, KMP, KOM, KOME, MAD, MADE, MAK, MAKE, MAT, MATE, MET, METE, MIM, MIME, MTO, MTOE, MTR, MUT, MUZ, MUZE, MZT, PEM, PEME, PET, PETE, SBP, SBPE, SEH, SES, TEK, TEKE, TEL, THO, UCK, UCKE, UZB, UZBE",,
10911,SNT 103,SNT,LS,Desen,,Mehmet Güler,,Perşembe,13:30/16:29,,22,20,,"BIO, BLG, CEV, CHZ, DEN, DUI, EHB, ELE, ELH, ELK, END, EUT, FIZ, GEM, GEO, GID, GMI, ICM, IML, INS, ISL, JDF, JEF, JEO, KIM, KMM, KOM, MAD, MAK, MAT, MET, MIM, MTO, PEM, PET, SBP, TEK, TEL, UCK, UZB",,
10912,MUH 211,MUH,LS,Ayrık Matematik,,Burak Yıldıran Stodolsky,,Salı,11:30/14:29,,70,56,,"MAT, MATM",,
10913,TUR 102,TUR,LS,Türk Dili II,,Hasan Ulucutsoy,,Perşembe,08:30/10:29,,90,92,,"BIO, BIOE, BLG, BLGE, BST, CAB, CEB, CEV, CEVE, CHZ, CHZE, DEN, DENE, DUI, DUIE, ECNE, EHB, EHBE, EHN, ELE, ELH, ELK, ELKE, END, ENDE, ENTE, EUT, EUTE, FIZ, FIZE, GEM, GEME, GEMK, GEO, GEOE, GID, GIDE, GMI, GMIE, ICM, IML, IMLE, INS, INSE, ISL, ISLE, JDF, JEF, JEFE, JEO, JEOE, KIM, KIME, KMM, KMME, KMP, KOM, KOME, MAD, MADE, MAK, MAKE, MAT, MATE, MET, METE, MIM, MIME, MTO, MTOE, MTR, MUT, MUZ, MUZE, MZT, PEM, PEME, PET, PETE, SBP, SBPE, SEH, SES, TEK, TEKE, TEL, THO, UCK, UCKE, UZB, UZBE",,
10914,TUR 102,TUR,LS,Türk Dili II,,Hasan Ulucutsoy,,Perşembe,10:30/12:29,,90,91,,"BIO, BIOE, BLG, BLGE, BST, CAB, CEB, CEV, CEVE, CHZ, CHZE, DEN, DENE, DUI, DUIE, ECNE, EHB, EHBE, EHN, ELE, ELH, ELK, ELKE, END, ENDE, ENTE, EUT, EUTE, FIZ, FIZE, GEM, GEME, GEMK, GEO, GEOE, GID, GIDE, GMI, GMIE, ICM, IML, IMLE, INS, INSE, ISL, ISLE, JDF, JEF, JEFE, JEO, JEOE, KIM, KIME, KMM, KMME, KMP, KOM, KOME, MAD, MADE, MAK, MAKE, MAT, MATE, MET, METE, MIM, MIME, MTO, MTOE, MTR, MUT, MUZ, MUZE, MZT, PEM, PEME, PET, PETE, SBP, SBPE, SEH, SES, TEK, TEKE, TEL, THO, UCK, UCKE, UZB, UZBE",,
10915,TUR 101,TUR,LS,Türk Dili I,,Hasan Ulucutsoy,,Perşembe,13:30/15:29,,34,37,,"BIO, BIOE, BLG, BLGE, BST, CAB, CEB, CEV, CEVE, CHZ, CHZE, DEN, DENE, DUI, DUIE, ECNE, EHB, EHBE, EHN, ELE, ELH, ELK, ELKE, END, ENDE, ENTE, EUT, EUTE, FIZ, FIZE, GEM, GEME, GEMK, GEO, GEOE, GID, GIDE, GMI, GMIE, ICM, IML, IMLE, INS, INSE, ISL, ISLE, JDF, JEF, JEFE, JEO, JEOE, KIM, KIME, KMM, KMME, KMP, KOM, KOME, MAD, MADE, MAK, MAKE, MAT, MATE, MET, METE, MIM, MIME, MTO, MTOE, MTR, MUT, MUZ, MUZE, MZT, PEM, PEME, PET, PETE, SBP, SBPE, SEH, SES, TEK, TEKE, TEL, THO, UCK, UCKE, UZB, UZBE",,
10916,MUH 212E,MUH,LS,Data Structures,,İzzet Göksel,,Perşembe,08:30/11:29,,50,44,,"MAT, MATE",,
10917,TUR 102,TUR,LS,Türk Dili II,,Hasan Ulucutsoy,,Perşembe,15:30/17:29,,90,90,,"BIO, BIOE, BLG, BLGE, BST, CAB, CEB, CEV, CEVE, CHZ, CHZE, DEN, DENE, DUI, DUIE, ECNE, EHB, EHBE, EHN, ELE, ELH, ELK, ELKE, END, ENDE, ENTE, EUT, EUTE, FIZ, FIZE, GEM, GEME, GEMK, GEO, GEOE, GID, GIDE, GMI, GMIE, ICM, IML, IMLE, INS, INSE, ISL, ISLE, JDF, JEF, JEFE, JEO, JEOE, KIM, KIME, KMM, KMME, KMP, KOM, KOME, MAD, MADE, MAK, MAKE, MAT, MATE, MET, METE, MIM, MIME, MTO, MTOE, MTR, MUT, MUZ, MUZE, MZT, PEM, PEME, PET, PETE, SBP, SBPE, SEH, SES, TEK, TEKE, TEL, THO, UCK, UCKE, UZB, UZBE",,
10918,SNT 103E,SNT,LS,Drawing,,Meliha Sözeri,,Çarşamba,08:30/11:29,,22,19,,"BIO, BIOE, BLG, BLGE, CEV, CEVE, CHZ, CHZE, DEN, DENE, ECNE, EHB, EHBE, ELE, ELH, ELK, ELKE, END, ENDE, ENTE, EUT, EUTE, FIZ, FIZE, GEM, GEME, GEMK, GEO, GEOE, GID, GIDE, GMI, GMIE, ICM, ICME, IML, IMLE, INS, INSE, ISL, ISLE, JDF, JEF, JEFE, JEO, JEOE, KIM, KIME, KMM, KMME, KOM, KOME, MAD, MADE, MAK, MAKE, MAT, MATE, MET, METE, MIM, MIME, MTO, MTOE, PEM, PEME, PET, PETE, SBP, SBPE, TEK, TEKE, TEL, UCK, UCKE, UZB, UZBE",,
10919,TUR 101,TUR,LS,Türk Dili I,,Hasan Ulucutsoy,,Cuma,08:30/10:29,,80,80,,"BIO, BIOE, BLG, BLGE, BST, CAB, CEB, CEV, CEVE, CHZ, CHZE, DEN, DENE, DUI, DUIE, ECNE, EHB, EHBE, EHN, ELE, ELH, ELK, ELKE, END, ENDE, ENTE, EUT, EUTE, FIZ, FIZE, GEM, GEME, GEMK, GEO, GEOE, GID, GIDE, GMI, GMIE, ICM, IML, IMLE, INS, INSE, ISL, ISLE, JDF, JEF, JEFE, JEO, JEOE, KIM, KIME, KMM, KMME, KMP, KOM, KOME, MAD, MADE, MAK, MAKE, MAT, MATE, MET, METE, MIM, MIME, MTO, MTOE, MTR, MUT, MUZ, MUZE, MZT, PEM, PEME, PET, PETE, SBP, SBPE, SEH, SES, TEK, TEKE, TEL, THO, UCK, UCKE, UZB, UZBE",,
10920,SNT 103E,SNT,LS,Drawing,,Nihal Mete,,Çarşamba,08:30/11:29,,25,24,,"BIO, BIOE, BLG, BLGE, CEV, CEVE, CHZ, CHZE, DEN, DENE, ECNE, EHB, EHBE, ELE, ELH, ELK, ELKE, END, ENDE, ENTE, EUT, EUTE, FIZ, FIZE, GEM, GEME, GEMK, GEO, GEOE, GID, GIDE, GMI, GMIE, ICM, ICME, IML, IMLE, INS, INSE, ISL, ISLE, JDF, JEF, JEFE, JEO, JEOE, KIM, KIME, KMM, KMME, KOM, KOME, MAD, MADE, MAK, MAKE, MAT, MATE, MET, METE, MIM, MIME, MTO, MTOE, PEM, PEME, PET, PETE, SBP, SBPE, TEK, TEKE, TEL, UCK, UCKE, UZB, UZBE",,
10921,SNT 103E,SNT,LS,Drawing,,Nihal Mete,,Çarşamba,12:30/15:29,,25,24,,"BIO, BIOE, BLG, BLGE, CEV, CEVE, CHZ, CHZE, DEN, DENE, ECNE, EHB, EHBE, ELE, ELH, ELK, ELKE, END, ENDE, ENTE, EUT, EUTE, FIZ, FIZE, GEM, GEME, GEMK, GEO, GEOE, GID, GIDE, GMI, GMIE, ICM, ICME, IML, IMLE, INS, INSE, ISL, ISLE, JDF, JEF, JEFE, JEO, JEOE, KIM, KIME, KMM, KMME, KOM, KOME, MAD, MADE, MAK, MAKE, MAT, MATE, MET, METE, MIM, MIME, MTO, MTOE, PEM, PEME, PET, PETE, SBP, SBPE, TEK, TEKE, TEL, UCK, UCKE, UZB, UZBE",,
10922,MAT 341E,MAT,LS,Complex Analysis,,Aybike Özer,,Pazartesi | Salı,15:30/17:29 | 10:30/12:29,,80,12,,"MAT, MATE, MATM",,
10923,TUR 101,TUR,LS,Türk Dili I,,Hasan Ulucutsoy,,Cuma,10:30/12:29,,80,79,,"BIO, BIOE, BLG, BLGE, BST, CAB, CEB, CEV, CEVE, CHZ, CHZE, DEN, DENE, DUI, DUIE, ECNE, EHB, EHBE, EHN, ELE, ELH, ELK, ELKE, END, ENDE, ENTE, EUT, EUTE, FIZ, FIZE, GEM, GEME, GEMK, GEO, GEOE, GID, GIDE, GMI, GMIE, ICM, IML, IMLE, INS, INSE, ISL, ISLE, JDF, JEF, JEFE, JEO, JEOE, KIM, KIME, KMM, KMME, KMP, KOM, KOME, MAD, MADE, MAK, MAKE, MAT, MATE, MET, METE, MIM, MIME, MTO, MTOE, MTR, MUT, MUZ, MUZE, MZT, PEM, PEME, PET, PETE, SBP, SBPE, SEH, SES, TEK, TEKE, TEL, THO, UCK, UCKE, UZB, UZBE",,
10924,SNT 104,SNT,LS,Mitoloji ve Sanat,,Yasemin Dora,,Cuma,13:30/16:29,,22,22,,"BIO, BLG, CEV, CHZ, DEN, DUI, EHB, ELE, ELH, ELK, END, EUT, FIZ, GEM, GEO, GID, GMI, ICM, IML, INS, ISL, JDF, JEF, JEO, KIM, KMM, KOM, MAD, MAK, MAT, MET, MIM, MTO, PEM, PET, SBP, TEK, TEL, UCK, UZB",,
10925,SNT 105,SNT,LS,Sinema Sanatı,,Murat Özen,,Cuma,13:30/16:29,,30,30,,"BIO, BLG, CEV, CHZ, DEN, DUI, EHB, ELE, ELH, ELK, END, EUT, FIZ, GEM, GEO, GID, GMI, ICM, IML, INS, ISL, JDF, JEF, JEO, KIM, KMM, KOM, MAD, MAK, MAT, MET, MIM, MTO, PEM, PET, SBP, TEK, TEL, UCK, UZB",,
10926,MUH 321,MUH,LS,Sayısal Yöntemler,,Ahmet Kırış,,Pazartesi | Salı,10:30/12:29 | 15:30/17:29,,80,65,,"MAT, MATM",,
10927,SNT 105,SNT,LS,Sinema Sanatı,,Emin Alper,,Salı,10:30/13:29,,30,31,,"BIO, BLG, CEV, CHZ, DEN, DUI, EHB, ELE, ELH, ELK, END, EUT, FIZ, GEM, GEO, GID, GMI, ICM, IML, INS, ISL, JDF, JEF, JEO, KIM, KMM, KOM, MAD, MAK, MAT, MET, MIM, MTO, PEM, PET, SBP, TEK, TEL, UCK, UZB",,
10928,SNT 105,SNT,LS,Sinema Sanatı,,Emin Alper,,Salı,14:30/17:29,,30,29,,"BIO, BLG, CEV, CHZ, DEN, DUI, EHB, ELE, ELH, ELK, END, EUT, FIZ, GEM, GEO, GID, GMI, ICM, IML, INS, ISL, JDF, JEF, JEO, KIM, KMM, KOM, MAD, MAK, MAT, MET, MIM, MTO, PEM, PET, SBP, TEK, TEL, UCK, UZB",,
10929,SNT 105E,SNT,LS,Film Art,,Kağan Demirdöven,,Perşembe,08:30/11:29,,40,40,,"BIO, BIOE, BLG, BLGE, CEV, CEVE, CHZ, CHZE, DEN, DENE, ECNE, EHB, EHBE, ELE, ELH, ELK, ELKE, END, ENDE, ENTE, EUT, EUTE, FIZ, FIZE, GEM, GEME, GEMK, GEO, GEOE, GID, GIDE, GMI, GMIE, ICM, ICME, IML, IMLE, INS, INSE, ISL, ISLE, JDF, JEF, JEFE, JEO, JEOE, KIM, KIME, KMM, KMME, KOM, KOME, MAD, MADE, MAK, MAKE, MAT, MATE, MET, METE, MIM, MIME, MTO, MTOE, PEM, PEME, PET, PETE, SBPE, TEK, TEKE, TEL, UCK, UCKE, UZB, UZBE",,
10930,SNT 105E,SNT,LS,Film Art,,Kağan Demirdöven,,Perşembe,13:30/16:29,,40,42,,"BIO, BIOE, BLG, BLGE, CEV, CEVE, CHZ, CHZE, DEN, DENE, ECNE, EHB, EHBE, ELE, ELH, ELK, ELKE, END, ENDE, ENTE, EUT, EUTE, FIZ, FIZE, GEM, GEME, GEMK, GEO, GEOE, GID, GIDE, GMI, GMIE, ICM, ICME, IML, IMLE, INS, INSE, ISL, ISLE, JDF, JEF, JEFE, JEO, JEOE, KIM, KIME, KMM, KMME, KOM, KOME, MAD, MADE, MAK, MAKE, MAT, MATE, MET, METE, MIM, MIME, MTO, MTOE, PEM, PEME, PET, PETE, SBPE, TEK, TEKE, TEL, UCK, UCKE, UZB, UZBE",,
10931,SNT 106,SNT,LS,Geleneks. Türk El Sanatları,,Ayşe Yivlik Neftçi,,Pazartesi,08:30/11:29,,22,22,,"BIO, BLG, CEV, CHZ, DEN, DUI, EHB, ELE, ELH, ELK, END, EUT, FIZ, GEM, GEO, GID, GMI, ICM, IML, INS, ISL, JDF, JEF, JEO, KIM, KMM, KOM, MAD, MAK, MAT, MET, MIM, MTO, PEM, PET, SBP, TEK, TEL, UCK, UZB",,
10932,SNT 106E,SNT,LS,Traditional Turkish Art&Crafts,,Aslıhan Erkmen Birkandan,,Salı,11:30/14:29,,25,25,,"BIO, BIOE, BLG, BLGE, CEV, CEVE, CHZ, CHZE, DEN, DENE, ECNE, EHB, EHBE, ELE, ELH, ELK, ELKE, END, ENDE, ENTE, EUT, EUTE, FIZ, FIZE, GEM, GEME, GEMK, GEO, GEOE, GID, GIDE, GMI, GMIE, ICM, ICME, IML, IMLE, INS, INSE, ISL, ISLE, JDF, JEF, JEFE, JEO, JEOE, KIM, KIME, KMM, KMME, KOM, KOME, MAD, MADE, MAK, MAKE, MAT, MATE, MET, METE, MIM, MIME, MTO, MTOE, PEM, PEME, PET, PETE, SBPE, TEK, TEKE, TEL, UCK, UCKE, UZB, UZBE",,
10933,SNT 107,SNT,LS,İlkçağ Anadolu Uygarlıkları,,Ayşe Yivlik Neftçi,,Cuma,08:30/11:29,,22,22,,"BIO, BLG, CEV, CHZ, DEN, DUI, EHB, ELE, ELH, ELK, END, EUT, FIZ, GEM, GEO, GID, GMI, ICM, IML, INS, ISL, JDF, JEF, JEO, KIM, KMM, KOM, MAD, MAK, MAT, MET, MIM, MTO, PEM, PET, SBP, TEK, TEL, UCK, UZB",,
10934,SNT 107,SNT,LS,İlkçağ Anadolu Uygarlıkları,,Ali Hakan Eğilmez,,Perşembe,13:30/16:29,,33,31,,"BIO, BLG, CEV, CHZ, DEN, DUI, EHB, ELE, ELH, ELK, END, EUT, FIZ, GEM, GEO, GID, GMI, ICM, IML, INS, ISL, JDF, JEF, JEO, KIM, KMM, KOM, MAD, MAK, MAT, MET, MIM, MTO, PEM, PET, SBP, TEK, TEL, UCK, UZB",,
10935,SNT 108,SNT,LS,Seramik,,Güngör Güner,,Pazartesi,08:30/11:29,,16,13,,"BIO, BLG, CEV, CHZ, DEN, DUI, EHB, ELE, ELH, ELK, END, EUT, FIZ, GEM, GEO, GID, GMI, ICM, IML, INS, ISL, JDF, JEF, JEO, KIM, KMM, KOM, MAD, MAK, MAT, MET, MIM, MTO, PEM, PET, SBP, TEK, TEL, UCK, UZB",,
10936,SNT 108,SNT,LS,Seramik,,Aynur Karakaş Karaağaç,,Salı,13:30/16:29,,16,17,,"BIO, BLG, CEV, CHZ, DEN, DUI, EHB, ELE, ELH, ELK, END, EUT, FIZ, GEM, GEO, GID, GMI, ICM, IML, INS, ISL, JDF, JEF, JEO, KIM, KMM, KOM, MAD, MAK, MAT, MET, MIM, MTO, PEM, PET, SBP, TEK, TEL, UCK, UZB",,
10937,SNT 108,SNT,LS,Seramik,,Aynur Karakaş Karaağaç,,Çarşamba,12:30/15:29,,16,16,,"BIO, BLG, CEV, CHZ, DEN, DUI, EHB, ELE, ELH, ELK, END, EUT, FIZ, GEM, GEO, GID, GMI, ICM, IML, INS, ISL, JDF, JEF, JEO, KIM, KMM, KOM, MAD, MAK, MAT, MET, MIM, MTO, PEM, PET, SBP, TEK, TEL, UCK, UZB",,
10938,SNT 108,SNT,LS,Seramik,,Aynur Karakaş Karaağaç,,Cuma,08:30/11:29,,16,14,,"BIO, BLG, CEV, CHZ, DEN, DUI, EHB, ELE, ELH, ELK, END, EUT, FIZ, GEM, GEO, GID, GMI, ICM, IML, INS, ISL, JDF, JEF, JEO, KIM, KMM, KOM, MAD, MAK, MAT, MET, MIM, MTO, PEM, PET, SBP, TEK, TEL, UCK, UZB",,
10939,SNT 109,SNT,LS,Kazı Resim (Gravür),,Desen Halıçınarlı,,Salı,13:30/16:29,,13,12,,"BIO, BLG, CEV, CHZ, DEN, DUI, EHB, ELE, ELH, ELK, END, EUT, FIZ, GEM, GEO, GID, GMI, ICM, IML, INS, ISL, JDF, JEF, JEO, KIM, KMM, KOM, MAD, MAK, MAT, MET, MIM, MTO, PEM, PET, SBP, TEK, TEL, UCK, UZB",,
10940,SNT 109,SNT,LS,Kazı Resim (Gravür),,Desen Halıçınarlı,,Perşembe,13:30/16:29,,13,8,,"BIO, BLG, CEV, CHZ, DEN, DUI, EHB, ELE, ELH, ELK, END, EUT, FIZ, GEM, GEO, GID, GMI, ICM, IML, INS, ISL, JDF, JEF, JEO, KIM, KMM, KOM, MAD, MAK, MAT, MET, MIM, MTO, PEM, PET, SBP, TEK, TEL, UCK, UZB",,
10941,SNT 111,SNT,LS,Moda Tasarımı ve Sanat,,Aylin Akarvardar,,Cuma,08:30/11:29,,13,12,,"BIO, BLG, CEV, CHZ, DEN, DUI, EHB, ELE, ELH, ELK, END, EUT, FIZ, GEM, GEO, GID, GMI, ICM, IML, INS, ISL, JDF, JEF, JEO, KIM, KMM, KOM, MAD, MAK, MAT, MET, MIM, MTO, PEM, PET, SBP, TEK, TEL, UCK, UZB",,
10942,SNT 112,SNT,LS,Tiyatro,,Ali Ersan Karadeniz,,Çarşamba,12:30/15:29,,22,21,,"BIO, BLG, CEV, CHZ, DEN, DUI, EHB, ELE, ELH, ELK, END, EUT, FIZ, GEM, GEO, GID, GMI, ICM, IML, INS, ISL, JDF, JEF, JEO, KIM, KMM, KOM, MAD, MAK, MAT, MET, MIM, MTO, PEM, PET, SBP, TEK, TEL, UCK, UZB",,
10943,SNT 112,SNT,LS,Tiyatro,,Ali Ersan Karadeniz,,Perşembe,13:30/16:29,,22,20,,"BIO, BLG, CEV, CHZ, DEN, DUI, EHB, ELE, ELH, ELK, END, EUT, FIZ, GEM, GEO, GID, GMI, ICM, IML, INS, ISL, JDF, JEF, JEO, KIM, KMM, KOM, MAD, MAK, MAT, MET, MIM, MTO, PEM, PET, SBP, TEK, TEL, UCK, UZB",,
10944,MUH 335,MUH,LS,Bilgi İşlem Algoritmaları,,Ali Ercengiz,,Perşembe,08:30/11:29,,80,70,,MAT,,
10945,MAT 322E,MAT,LS,Algebra,,Şeyda Canan Tekin,,Pazartesi | Salı,08:30/10:29 | 12:30/14:29,,40,32,,"MAT, MATE, MATM",,
10946,MAT 342E,MAT,LS,Differential Geometry,,Fatma Özdemir,,Cuma,09:30/12:29,,60,57,,"MAT, MATE, MATM",,
10947,TUR 102,TUR,LS,Türk Dili II,,Hasan Ulucutsoy,,Cuma,13:30/15:29,,90,89,,"BIO, BIOE, BLG, BLGE, BST, CAB, CEB, CEV, CEVE, CHZ, CHZE, DEN, DENE, DUI, DUIE, ECNE, EHB, EHBE, EHN, ELE, ELH, ELK, ELKE, END, ENDE, ENTE, EUT, EUTE, FIZ, FIZE, GEM, GEME, GEMK, GEO, GEOE, GID, GIDE, GMI, GMIE, ICM, IML, IMLE, INS, INSE, ISL, ISLE, JDF, JEF, JEFE, JEO, JEOE, KIM, KIME, KMM, KMME, KMP, KOM, KOME, MAD, MADE, MAK, MAKE, MAT, MATE, MET, METE, MIM, MIME, MTO, MTOE, MTR, MUT, MUZ, MUZE, MZT, PEM, PEME, PET, PETE, SBP, SBPE, SEH, SES, TEK, TEKE, TEL, THO, UCK, UCKE, UZB, UZBE",,
10948,TUR 102,TUR,LS,Türk Dili II,,Hasan Ulucutsoy,,Cuma,15:30/17:29,,90,91,,"BIO, BIOE, BLG, BLGE, BST, CAB, CEB, CEV, CEVE, CHZ, CHZE, DEN, DENE, DUI, DUIE, ECNE, EHB, EHBE, EHN, ELE, ELH, ELK, ELKE, END, ENDE, ENTE, EUT, EUTE, FIZ, FIZE, GEM, GEME, GEMK, GEO, GEOE, GID, GIDE, GMI, GMIE, ICM, IML, IMLE, INS, INSE, ISL, ISLE, JDF, JEF, JEFE, JEO, JEOE, KIM, KIME, KMM, KMME, KMP, KOM, KOME, MAD, MADE, MAK, MAKE, MAT, MATE, MET, METE, MIM, MIME, MTO, MTOE, MTR, MUT, MUZ, MUZE, MZT, PEM, PEME, PET, PETE, SBP, SBPE, SEH, SES, TEK, TEKE, TEL, THO, UCK, UCKE, UZB, UZBE",,
10949,TUR 101,TUR,LS,Türk Dili I,,Timur Aydın,,Salı,11:30/13:29,,30,19,,"MBI, SBL, SCE, SDU, SEH, SEK, SEN, SGM, SIN, SIS, SMT, STP",,
10950,TUR 101,TUR,LS,Türk Dili I,,Timur Aydın,,Salı,13:30/15:29,,80,79,,"BIO, BIOE, BLG, BLGE, BST, CAB, CEB, CEV, CEVE, CHZ, CHZE, DEN, DENE, DUI, DUIE, ECNE, EHB, EHBE, EHN, ELE, ELH, ELK, ELKE, END, ENDE, ENTE, EUT, EUTE, FIZ, FIZE, GEM, GEME, GEMK, GEO, GEOE, GID, GIDE, GMI, GMIE, ICM, IML, IMLE, INS, INSE, ISL, ISLE, JDF, JEF, JEFE, JEO, JEOE, KIM, KIME, KMM, KMME, KMP, KOM, KOME, MAD, MADE, MAK, MAKE, MAT, MATE, MET, METE, MIM, MIME, MTO, MTOE, MTR, MUT, MUZ, MUZE, MZT, PEM, PEME, PET, PETE, SBP, SBPE, SEH, SES, TEK, TEKE, TEL, THO, UCK, UCKE, UZB, UZBE",,
10951,TUR 101,TUR,LS,Türk Dili I,,Timur Aydın,,Perşembe,08:30/10:29,,80,79,,"BIO, BIOE, BLG, BLGE, BST, CAB, CEB, CEV, CEVE, CHZ, CHZE, DEN, DENE, DUI, DUIE, ECNE, EHB, EHBE, EHN, ELE, ELH, ELK, ELKE, END, ENDE, ENTE, EUT, EUTE, FIZ, FIZE, GEM, GEME, GEMK, GEO, GEOE, GID, GIDE, GMI, GMIE, ICM, IML, IMLE, INS, INSE, ISL, ISLE, JDF, JEF, JEFE, JEO, JEOE, KIM, KIME, KMM, KMME, KMP, KOM, KOME, MAD, MADE, MAK, MAKE, MAT, MATE, MET, METE, MIM, MIME, MTO, MTOE, MTR, MUT, MUZ, MUZE, MZT, PEM, PEME, PET, PETE, SBP, SBPE, SEH, SES, TEK, TEKE, TEL, THO, UCK, UCKE, UZB, UZBE",,
10952,TUR 101,TUR,LS,Türk Dili I,,Timur Aydın,,Perşembe,10:30/12:29,,80,80,,"BIO, BIOE, BLG, BLGE, BST, CAB, CEB, CEV, CEVE, CHZ, CHZE, DEN, DENE, DUI, DUIE, ECNE, EHB, EHBE, EHN, ELE, ELH, ELK, ELKE, END, ENDE, ENTE, EUT, EUTE, FIZ, FIZE, GEM, GEME, GEMK, GEO, GEOE, GID, GIDE, GMI, GMIE, ICM, IML, IMLE, INS, INSE, ISL, ISLE, JDF, JEF, JEFE, JEO, JEOE, KIM, KIME, KMM, KMME, KMP, KOM, KOME, MAD, MADE, MAK, MAKE, MAT, MATE, MET, METE, MIM, MIME, MTO, MTOE, MTR, MUT, MUZ, MUZE, MZT, PEM, PEME, PET, PETE, SBP, SBPE, SEH, SES, TEK, TEKE, TEL, THO, UCK, UCKE, UZB, UZBE",,
10953,TUR 101,TUR,LS,Türk Dili I,,Timur Aydın,,Cuma,08:30/10:29,,80,80,,"BIO, BIOE, BLG, BLGE, BST, CAB, CEB, CEV, CEVE, CHZ, CHZE, DEN, DENE, DUI, DUIE, ECNE, EHB, EHBE, EHN, ELE, ELH, ELK, ELKE, END, ENDE, ENTE, EUT, EUTE, FIZ, FIZE, GEM, GEME, GEMK, GEO, GEOE, GID, GIDE, GMI, GMIE, ICM, IML, IMLE, INS, INSE, ISL, ISLE, JDF, JEF, JEFE, JEO, JEOE, KIM, KIME, KMM, KMME, KMP, KOM, KOME, MAD, MADE, MAK, MAKE, MAT, MATE, MET, METE, MIM, MIME, MTO, MTOE, MTR, MUT, MUZ, MUZE, MZT, PEM, PEME, PET, PETE, SBP, SBPE, SEH, SES, TEK, TEKE, TEL, THO, UCK, UCKE, UZB, UZBE",,
10954,TUR 101,TUR,LS,Türk Dili I,,Timur Aydın,,Cuma,10:30/12:29,,80,80,,"BIO, BIOE, BLG, BLGE, BST, CAB, CEB, CEV, CEVE, CHZ, CHZE, DEN, DENE, DUI, DUIE, ECNE, EHB, EHBE, EHN, ELE, ELH, ELK, ELKE, END, ENDE, ENTE, EUT, EUTE, FIZ, FIZE, GEM, GEME, GEMK, GEO, GEOE, GID, GIDE, GMI, GMIE, ICM, IML, IMLE, INS, INSE, ISL, ISLE, JDF, JEF, JEFE, JEO, JEOE, KIM, KIME, KMM, KMME, KMP, KOM, KOME, MAD, MADE, MAK, MAKE, MAT, MATE, MET, METE, MIM, MIME, MTO, MTOE, MTR, MUT, MUZ, MUZE, MZT, PEM, PEME, PET, PETE, SBP, SBPE, SEH, SES, TEK, TEKE, TEL, THO, UCK, UCKE, UZB, UZBE",,
10955,TUR 101,TUR,LS,Türk Dili I,,Timur Aydın,,Cuma,13:30/15:29,,80,79,,"BIO, BIOE, BLG, BLGE, BST, CAB, CEB, CEV, CEVE, CHZ, CHZE, DEN, DENE, DUI, DUIE, ECNE, EHB, EHBE, EHN, ELE, ELH, ELK, ELKE, END, ENDE, ENTE, EUT, EUTE, FIZ, FIZE, GEM, GEME, GEMK, GEO, GEOE, GID, GIDE, GMI, GMIE, ICM, IML, IMLE, INS, INSE, ISL, ISLE, JDF, JEF, JEFE, JEO, JEOE, KIM, KIME, KMM, KMME, KMP, KOM, KOME, MAD, MADE, MAK, MAKE, MAT, MATE, MET, METE, MIM, MIME, MTO, MTOE, MTR, MUT, MUZ, MUZE, MZT, PEM, PEME, PET, PETE, SBP, SBPE, SEH, SES, TEK, TEKE, TEL, THO, UCK, UCKE, UZB, UZBE",,
10956,MAT 355E,MAT,LS,Topology,,Ali Sait Demir,,Cuma,14:30/17:29,,40,38,,"MAT, MATE, MATM",,
10957,MUH 302,MUH,LS,Sürekli Ortamlar Mekaniği,,Ahmet Kırış,,Pazartesi | Salı,12:30/14:29 | 08:30/10:29,,70,63,,"FIZ, MAT",,
10958,MAT 310,MAT,LS,Briç,,İzzet Göksel,,Perşembe,14:30/17:29,,28,28,,MAT,,
10959,SNT 112,SNT,LS,Tiyatro,,Yeliz Şatıroğlu,,Perşembe,13:30/16:29,,30,30,,"BIO, BLG, CEV, CHZ, DEN, DUI, EHB, ELE, ELH, ELK, END, EUT, FIZ, GEM, GEO, GID, GMI, ICM, IML, INS, ISL, JDF, JEF, JEO, KIM, KMM, KOM, MAD, MAK, MAT, MET, MIM, MTO, PEM, PET, SBP, TEK, TEL, UCK, UZB",,
10960,SNT 112,SNT,LS,Tiyatro,,Murat Özen,,Cuma,08:30/11:29,,30,30,,"BIO, BLG, CEV, CHZ, DEN, DUI, EHB, ELE, ELH, ELK, END, EUT, FIZ, GEM, GEO, GID, GMI, ICM, IML, INS, ISL, JDF, JEF, JEO, KIM, KMM, KOM, MAD, MAK, MAT, MET, MIM, MTO, PEM, PET, SBP, TEK, TEL, UCK, UZB",,
10962,MAT 335E,MAT,LS,Programming Algorithms,,Burcu Tunga,,Pazartesi,13:30/17:29,,28,26,,"MAT, MATE",,
10963,EKO 201E,EKO,LS,Economics,,Umut Kuruüzüm,,Pazartesi,08:30/11:29,,300,298,,"BLG, BLGE, CEV, CEVE, CHZ, CHZE, DEN, DENE, DUI, DUIE, EHB, EHBE, ELE, ELH, ELK, ELKE, END, ENDE, ENTE, EUT, EUTE, FIZ, GEM, GEME, GEMK, GEO, GEOE, GID, GIDE, GMI, GMIE, ICM, IML, IMLE, INS, INSE, JDF, JEF, JEO, JEOE, KMM, KMME, KOM, KOME, MAD, MADE, MAK, MAKE, MAT, MATE, MET, METE, MIM, MIME, MTO, MTOE, PEM, PEME, PET, PETE, SBP, SBPE, TEK, TEKE, TEL, UCK, UCKE, UZB, UZBE",,
10965,MAT 337E,MAT,LS,Web Programming,,Muzaffer Altıntaş,,Salı | Salı,13:30/15:29 | 15:30/17:29,,28,12,,"FIZ, FIZE, MAT, MATE",,
10966,EKO 201E,EKO,LS,Economics,,Kerem Yavuz Arslanlı,,Perşembe,08:30/11:29,,300,301,,"BLG, BLGE, CEV, CEVE, CHZ, CHZE, DEN, DENE, DUI, DUIE, EHB, EHBE, ELE, ELH, ELK, ELKE, END, ENDE, ENTE, EUT, EUTE, FIZ, GEM, GEME, GEMK, GEO, GEOE, GID, GIDE, GMI, GMIE, ICM, IML, IMLE, INS, INSE, JDF, JEF, JEO, JEOE, KMM, KMME, KOM, KOME, MAD, MADE, MAK, MAKE, MAT, MATE, MET, METE, MIM, MIME, MTO, MTOE, PEM, PEME, PET, PETE, SBP, SBPE, TEK, TEKE, TEL, UCK, UCKE, UZB, UZBE",,
10967,SNT 112E,SNT,LS,Theater,,Fatih Hacıosmanoğlu,,Salı,13:30/16:29,,22,21,,"BIO, BIOE, BLG, BLGE, CEV, CEVE, CHZ, CHZE, DEN, DENE, ECNE, EHB, EHBE, ELE, ELH, ELK, ELKE, END, ENDE, ENTE, EUT, EUTE, FIZ, FIZE, GEM, GEME, GEMK, GEO, GEOE, GID, GIDE, GMI, GMIE, ICM, ICME, IML, IMLE, INS, INSE, ISL, ISLE, JDF, JEF, JEFE, JEO, JEOE, KIM, KIME, KMM, KMME, KOM, KOME, MAD, MADE, MAK, MAKE, MAT, MATE, MET, METE, MIM, MIME, MTO, MTOE, PEM, PEME, PET, PETE, SBP, SBPE, TEK, TEKE, TEL, UCK, UCKE, UZB, UZBE",,
10968,SNT 113,SNT,LS,Sanat ve Yorum,,Ferhan Gözgü Çelik,,Pazartesi,13:30/16:29,,16,16,,"BIO, BLG, CEV, CHZ, DEN, DUI, EHB, ELE, ELH, ELK, END, EUT, FIZ, GEM, GEO, GID, GMI, ICM, IML, INS, ISL, JDF, JEF, JEO, KIM, KMM, KOM, MAD, MAK, MAT, MET, MIM, MTO, PEM, PET, SBP, TEK, TEL, UCK, UZB",,
10969,EKO 201E,EKO,LS,Economics,,Umut Kuruüzüm,,Salı,08:30/11:29,,300,296,,"BLG, BLGE, CEV, CEVE, CHZ, CHZE, DEN, DENE, DUI, DUIE, EHB, EHBE, ELE, ELH, ELK, ELKE, END, ENDE, ENTE, EUT, EUTE, FIZ, GEM, GEME, GEMK, GEO, GEOE, GID, GIDE, GMI, GMIE, ICM, IML, IMLE, INS, INSE, JDF, JEF, JEO, JEOE, KMM, KMME, KOM, KOME, MAD, MADE, MAK, MAKE, MAT, MATE, MET, METE, MIM, MIME, MTO, MTOE, PEM, PEME, PET, PETE, SBP, SBPE, TEK, TEKE, TEL, UCK, UCKE, UZB, UZBE",,
10970,SNT 113,SNT,LS,Sanat ve Yorum,,Ferhan Gözgü Çelik,,Salı,08:30/11:29,,16,16,,"BIO, BLG, CEV, CHZ, DEN, DUI, EHB, ELE, ELH, ELK, END, EUT, FIZ, GEM, GEO, GID, GMI, ICM, IML, INS, ISL, JDF, JEF, JEO, KIM, KMM, KOM, MAD, MAK, MAT, MET, MIM, MTO, PEM, PET, SBP, TEK, TEL, UCK, UZB",,
10971,SNT 114,SNT,LS,Günümüz Sanatı,,Ebru Belgin Yetişkin,,Salı,10:30/13:29,,30,25,,"BIO, BLG, CEV, CHZ, DEN, DUI, EHB, ELE, ELH, ELK, END, EUT, FIZ, GEM, GEO, GID, GMI, ICM, IML, INS, ISL, JDF, JEF, JEO, KIM, KMM, KOM, MAD, MAK, MAT, MET, MIM, MTO, PEM, PET, SBP, TEK, TEL, UCK, UZB",,
10972,SNT 114,SNT,LS,Günümüz Sanatı,,Ebru Belgin Yetişkin,,Perşembe,10:30/13:29,,30,25,,"BIO, BLG, CEV, CHZ, DEN, DUI, EHB, ELE, ELH, ELK, END, EUT, FIZ, GEM, GEO, GID, GMI, ICM, IML, INS, ISL, JDF, JEF, JEO, KIM, KMM, KOM, MAD, MAK, MAT, MET, MIM, MTO, PEM, PET, SBP, TEK, TEL, UCK, UZB",,
10973,SNT 114,SNT,LS,Günümüz Sanatı,,Hülya Küpçüoğlu,,Perşembe,13:30/16:29,,22,20,,"BIO, BLG, CEV, CHZ, DEN, DUI, EHB, ELE, ELH, ELK, END, EUT, FIZ, GEM, GEO, GID, GMI, ICM, IML, INS, ISL, JDF, JEF, JEO, KIM, KMM, KOM, MAD, MAK, MAT, MET, MIM, MTO, PEM, PET, SBP, TEK, TEL, UCK, UZB",,
10974,EKO 201E,EKO,LS,Economics,,Aysun Aygün,,Çarşamba,08:30/11:29,,300,299,,"BLG, BLGE, CEV, CEVE, CHZ, CHZE, DEN, DENE, DUI, DUIE, EHB, EHBE, ELE, ELH, ELK, ELKE, END, ENDE, ENTE, EUT, EUTE, FIZ, GEM, GEME, GEMK, GEO, GEOE, GID, GIDE, GMI, GMIE, ICM, IML, IMLE, INS, INSE, JDF, JEF, JEO, JEOE, KMM, KMME, KOM, KOME, MAD, MADE, MAK, MAKE, MAT, MATE, MET, METE, MIM, MIME, MTO, MTOE, PEM, PEME, PET, PETE, SBP, SBPE, TEK, TEKE, TEL, UCK, UCKE, UZB, UZBE",,
10975,SNT 114,SNT,LS,Günümüz Sanatı,,Meliha Sözeri,,Salı,13:30/16:29,,22,13,,"BIO, BLG, CEV, CHZ, DEN, DUI, EHB, ELE, ELH, ELK, END, EUT, FIZ, GEM, GEO, GID, GMI, ICM, IML, INS, ISL, JDF, JEF, JEO, KIM, KMM, KOM, MAD, MAK, MAT, MET, MIM, MTO, PEM, PET, SBP, TEK, TEL, UCK, UZB",,
10976,HUK 201,HUK,LS,İş Hukuku,,Ulaş Baysal,,Salı,08:30/11:29,,200,196,,"BIO, BIOE, CEV, CEVE, CHZ, CHZE, DEN, DENE, EHB, EHBE, ELE, ELK, ELKE, END, ENDE, FIZ, FIZE, GEM, GEME, GEMK, GEO, GEOE, GID, GIDE, IML, IMLE, INS, INSE, JDF, JEF, JEFE, KIM, KIME, KOM, KOME, MAD, MADE, MAK, MAKE, TEK, TEKE, UCK, UCKE, UZB, UZBE",,
10977,SNT 114E,SNT,LS,Contemporary Art,,Merve Ertufan,,Pazartesi,13:30/16:29,,22,21,,"BIO, BIOE, BLG, BLGE, CEV, CEVE, CHZ, CHZE, DEN, DENE, ECNE, EHB, EHBE, ELE, ELH, ELK, ELKE, END, ENDE, ENTE, EUT, EUTE, FIZ, FIZE, GEM, GEME, GEMK, GEO, GEOE, GID, GIDE, GMI, GMIE, ICM, ICME, IML, IMLE, INS, INSE, ISL, ISLE, JDF, JEF, JEFE, JEO, JEOE, KIM, KIME, KMM, KMME, KOM, KOME, MAD, MADE, MAK, MAKE, MAT, MATE, MET, METE, MIM, MIME, MTO, MTOE, PEM, PEME, PET, PETE, SBPE, TEK, TEKE, TEL, UCK, UCKE, UZB, UZBE",,
10979,HUK 201,HUK,LS,İş Hukuku,,Gizem Sarıbay Öztürk,,Çarşamba,08:30/11:29,,200,138,,"BIO, BIOE, CEV, CEVE, CHZ, CHZE, DEN, DENE, EHB, EHBE, ELE, ELK, ELKE, END, ENDE, FIZ, FIZE, GEM, GEME, GEMK, GEO, GEOE, GID, GIDE, IML, IMLE, INS, INSE, JDF, JEF, JEFE, KIM, KIME, KOM, KOME, MAD, MADE, MAK, MAKE, TEK, TEKE, UCK, UCKE, UZB, UZBE",,
10980,SNT 211,SNT,LS,"İstanbul:Tarih,Sanat ve Toplum",,Kubilay Önal,,Pazartesi,13:30/16:29,,22,19,,"BIO, BLG, CEV, CHZ, DEN, DUI, EHB, ELE, ELH, ELK, END, EUT, FIZ, GEM, GEO, GID, GMI, ICM, IML, INS, ISL, JDF, JEF, JEO, KIM, KMM, KOM, MAD, MAK, MAT, MET, MIM, MTO, PEM, PET, SBP, TEK, TEL, UCK, UZB",,
10981,SNT 211,SNT,LS,"İstanbul:Tarih,Sanat ve Toplum",,Kubilay Önal,,Çarşamba,08:30/11:29,,22,22,,"BIO, BLG, CEV, CHZ, DEN, DUI, EHB, ELE, ELH, ELK, END, EUT, FIZ, GEM, GEO, GID, GMI, ICM, IML, INS, ISL, JDF, JEF, JEO, KIM, KMM, KOM, MAD, MAK, MAT, MET, MIM, MTO, PEM, PET, SBP, TEK, TEL, UCK, UZB",,
10982,SNT 211,SNT,LS,"İstanbul:Tarih,Sanat ve Toplum",,Kubilay Önal,,Çarşamba,12:30/15:29,,25,23,,"BIO, BLG, CEV, CHZ, DEN, DUI, EHB, ELE, ELH, ELK, END, EUT, FIZ, GEM, GEO, GID, GMI, ICM, IML, INS, ISL, JDF, JEF, JEO, KIM, KMM, KOM, MAD, MAK, MAT, MET, MIM, MTO, PEM, PET, SBP, TEK, TEL, UCK, UZB",,
10983,SNT 211E,SNT,LS,"Istanbul:Hist.,Art and Society",,Çiğdem Özkan Aygün,,Perşembe,08:30/11:29,,22,24,,"BIO, BIOE, BLG, BLGE, CEV, CEVE, CHZ, CHZE, DEN, DENE, ECNE, EHB, EHBE, ELE, ELH, ELK, ELKE, END, ENDE, ENTE, EUT, EUTE, FIZ, FIZE, GEM, GEME, GEMK, GEO, GEOE, GID, GIDE, GMI, GMIE, ICM, ICME, IML, IMLE, INS, INSE, ISL, ISLE, JDF, JEF, JEFE, JEO, JEOE, KIM, KIME, KMM, KMME, KOM, KOME, MAD, MADE, MAK, MAKE, MAT, MATE, MET, METE, MIM, MIME, MTO, MTOE, PEM, PEME, PET, PETE, SBPE, TEK, TEKE, TEL, UCK, UCKE, UZB, UZBE",,
10984,SNT 211E,SNT,LS,"Istanbul:Hist.,Art and Society",,Çiğdem Özkan Aygün,,Perşembe,13:30/16:29,,22,22,,"BIO, BIOE, BLG, BLGE, CEV, CEVE, CHZ, CHZE, DEN, DENE, ECNE, EHB, EHBE, ELE, ELH, ELK, ELKE, END, ENDE, ENTE, EUT, EUTE, FIZ, FIZE, GEM, GEME, GEMK, GEO, GEOE, GID, GIDE, GMI, GMIE, ICM, ICME, IML, IMLE, INS, INSE, ISL, ISLE, JDF, JEF, JEFE, JEO, JEOE, KIM, KIME, KMM, KMME, KOM, KOME, MAD, MADE, MAK, MAKE, MAT, MATE, MET, METE, MIM, MIME, MTO, MTOE, PEM, PEME, PET, PETE, SBPE, TEK, TEKE, TEL, UCK, UCKE, UZB, UZBE",,
10985,SNT 211E,SNT,LS,"Istanbul:Hist.,Art and Society",,Çiğdem Özkan Aygün,,Cuma,08:30/11:29,,22,22,,"BIO, BIOE, BLG, BLGE, CEV, CEVE, CHZ, CHZE, DEN, DENE, ECNE, EHB, EHBE, ELE, ELH, ELK, ELKE, END, ENDE, ENTE, EUT, EUTE, FIZ, FIZE, GEM, GEME, GEMK, GEO, GEOE, GID, GIDE, GMI, GMIE, ICM, ICME, IML, IMLE, INS, INSE, ISL, ISLE, JDF, JEF, JEFE, JEO, JEOE, KIM, KIME, KMM, KMME, KOM, KOME, MAD, MADE, MAK, MAKE, MAT, MATE, MET, METE, MIM, MIME, MTO, MTOE, PEM, PEME, PET, PETE, SBPE, TEK, TEKE, TEL, UCK, UCKE, UZB, UZBE",,
10986,SNT 211E,SNT,LS,"Istanbul:Hist.,Art and Society",,Çiğdem Özkan Aygün,,Cuma,13:30/16:29,,22,21,,"BIO, BIOE, BLG, BLGE, CEV, CEVE, CHZ, CHZE, DEN, DENE, ECNE, EHB, EHBE, ELE, ELH, ELK, ELKE, END, ENDE, ENTE, EUT, EUTE, FIZ, FIZE, GEM, GEME, GEMK, GEO, GEOE, GID, GIDE, GMI, GMIE, ICM, ICME, IML, IMLE, INS, INSE, ISL, ISLE, JDF, JEF, JEFE, JEO, JEOE, KIM, KIME, KMM, KMME, KOM, KOME, MAD, MADE, MAK, MAKE, MAT, MATE, MET, METE, MIM, MIME, MTO, MTOE, PEM, PEME, PET, PETE, SBPE, TEK, TEKE, TEL, UCK, UCKE, UZB, UZBE",,
10987,SNT 211E,SNT,LS,"Istanbul:Hist.,Art and Society",,Pınar Erkan Bursa,,Cuma,08:30/11:29,,25,25,,"BIO, BIOE, BLG, BLGE, CEV, CEVE, CHZ, CHZE, DEN, DENE, ECNE, EHB, EHBE, ELE, ELH, ELK, ELKE, END, ENDE, ENTE, EUT, EUTE, FIZ, FIZE, GEM, GEME, GEMK, GEO, GEOE, GID, GIDE, GMI, GMIE, ICM, ICME, IML, IMLE, INS, INSE, ISL, ISLE, JDF, JEF, JEFE, JEO, JEOE, KIM, KIME, KMM, KMME, KOM, KOME, MAD, MADE, MAK, MAKE, MAT, MATE, MET, METE, MIM, MIME, MTO, MTOE, PEM, PEME, PET, PETE, SBPE, TEK, TEKE, TEL, UCK, UCKE, UZB, UZBE",,
10988,SNT 226,SNT,LS,Sanat Felsefesi,,Ozan Güreli,,Perşembe,13:30/16:29,,22,22,,"BIO, BLG, CEV, CHZ, DEN, DUI, EHB, ELE, ELH, ELK, END, EUT, FIZ, GEM, GEO, GID, GMI, ICM, IML, INS, ISL, JDF, JEF, JEO, KIM, KMM, KOM, MAD, MAK, MAT, MET, MIM, MTO, PEM, PET, SBP, TEK, TEL, UCK, UZB",,
10989,SNT 226E,SNT,LS,Philosophy of Art,,Geoff Bove,,Perşembe,13:30/16:29,,25,25,,"BIO, BIOE, BLG, BLGE, CEV, CEVE, CHZ, CHZE, DEN, DENE, ECNE, EHB, EHBE, ELE, ELH, ELK, ELKE, END, ENDE, ENTE, EUT, EUTE, FIZ, FIZE, GEM, GEME, GEMK, GEO, GEOE, GID, GIDE, GMI, GMIE, ICM, ICME, IML, IMLE, INS, INSE, ISL, ISLE, JDF, JEF, JEFE, JEO, JEOE, KIM, KIME, KMM, KMME, KOM, KOME, MAD, MADE, MAK, MAKE, MAT, MATE, MET, METE, MIM, MIME, MTO, MTOE, PEM, PEME, PET, PETE, SBPE, TEK, TEKE, TEL, UCK, UCKE, UZB, UZBE",,
10990,MAT 368,MAT,LS,Matematiksel Modelleme,,Ali Ercengiz,,Perşembe,14:30/17:29,,28,24,,"MAT, MATM",,
10992,SNT 227E,SNT,LS,Sound and Society,,Emine Şirin Özgün Tanır,,Çarşamba,08:30/11:29,,33,33,,"BIO, BIOE, BLG, BLGE, CEV, CEVE, CHZ, CHZE, DEN, DENE, ECNE, EHB, EHBE, ELE, ELK, ELKE, END, ENDE, ENTE, EUT, EUTE, FIZ, FIZE, GEM, GEME, GEO, GEOE, GID, GIDE, ICM, ICME, IML, IMLE, INS, INSE, ISL, ISLE, JDF, JEF, JEFE, JEO, JEOE, KIM, KIME, KMM, KMME, KOM, KOME, MAD, MADE, MAK, MAKE, MAT, MATE, MET, METE, MIM, MIME, MTO, MTOE, PEM, PEME, PET, PETE, SBP, SBPE, TEK, TEKE, TEL, UCK, UCKE, UZB, UZBE",,
10993,HUK 201,HUK,LS,İş Hukuku,,Gizem Sarıbay Öztürk,,Perşembe,08:30/11:29,,200,138,,"BIO, BIOE, CEV, CEVE, CHZ, CHZE, DEN, DENE, EHB, EHBE, ELE, ELK, ELKE, END, ENDE, FIZ, FIZE, GEM, GEME, GEMK, GEO, GEOE, GID, GIDE, IML, IMLE, INS, INSE, JDF, JEF, JEFE, KIM, KIME, KOM, KOME, MAD, MADE, MAK, MAKE, TEK, TEKE, UCK, UCKE, UZB, UZBE",,
10994,MAT 391E,MAT,LS,Advanced Topics in ODE,,--,,Cuma,14:30/17:29,,1,0,,"MAT, MATE, MATM",,
10996,GSB 323,GSB,LS,Fotoğraf ve Mimarlık,,Ahmet Keskin,,Perşembe,08:30/11:29,,22,23,,"ICM, MIM, PEM, SBP",,
10997,GSB 333,GSB,LS,Doğaçlama Oyun ve Oynanış,,Ali Ersan Karadeniz,,Cuma,13:30/16:29,,22,21,,"ICM, MIM, PEM, SBP",,
10998,GSB 343,GSB,LS,Görsel Analiz,,Ferhan Gözgü Çelik,,Salı,13:30/16:29,,13,12,,"ICM, MIM, PEM, SBP",,
10999,GSB 363,GSB,LS,Mimarlıkta Seramik Uygulamalar,,Aynur Karakaş Karaağaç,,Çarşamba,08:30/11:29,,18,19,,"ICM, MIM, PEM, SBP",,
11000,MAT 417E,MAT,LS,Theory of Surfaces,,Elif Canfes,,Pazartesi,14:30/17:29,,28,27,,"FIZ, FIZE, MAT, MATE",,
11001,MAT 418E,MAT,LS,Optimization,,Ulviye Ilgaz,,Pazartesi,14:30/17:29,,28,26,,"ECNE, FIZ, FIZE, MAT, MATE, MATM",,
11002,HUK 201,HUK,LS,İş Hukuku,,Gizem Sarıbay Öztürk,,Perşembe,13:30/16:29,,200,103,,"BIO, BIOE, CEV, CEVE, CHZ, CHZE, DEN, DENE, EHB, EHBE, ELE, ELK, ELKE, END, ENDE, FIZ, FIZE, GEM, GEME, GEMK, GEO, GEOE, GID, GIDE, IML, IMLE, INS, INSE, JDF, JEF, JEFE, KIM, KIME, KOM, KOME, MAD, MADE, MAK, MAKE, TEK, TEKE, UCK, UCKE, UZB, UZBE",,
11003,HUK 211,HUK,LS,Sosyal Güvenlik Hukuku,,Mahmut Kabakcı,,Cuma,14:30/17:29,,200,83,,"BIO, BIOE, BLG, BLGE, BST, CAB, CEB, CEV, CEVE, CHZ, CHZE, DEN, DENE, ECNE, EHB, EHBE, ELE, ELH, ELK, ELKE, END, ENDE, ENTE, EUT, EUTE, FIZ, FIZE, GEM, GEME, GEMK, GEO, GEOE, GID, GIDE, GMI, GMIE, ICM, IML, IMLE, INS, INSE, ISL, ISLE, JDF, JEF, JEFE, JEO, JEOE, KIM, KIME, KMM, KMME, KMP, KOM, KOME, MAD, MADE, MAK, MAKE, MAT, MATE, MET, METE, MIM, MIME, MTO, MTOE, MTR, MUT, MUZ, MUZE, MZT, PEM, PEME, PET, PETE, SBP, SBPE, SES, TEB, TEK, TEKE, TEL, THO, UCK, UCKE, UZB, UZBE",,
11004,MAT 420E,MAT,LS,Financial Mathematics,,Ahmet Duran,,Salı,14:30/17:29,,40,30,,"END, ENDE, FIZ, FIZE, MAT, MATE, MATM",,
11005,HUK 213,HUK,LS,İş Sağlığı ve Güvenliği Hukuku,,Ulaş Baysal,,Çarşamba,08:30/11:29,,202,105,,"BIO, BIOE, BLG, BLGE, BST, CAB, CEB, CEV, CEVE, CHZ, CHZE, DEN, DENE, DUI, ECNE, EHB, EHBE, ELE, ELH, ELK, ELKE, END, ENDE, ENTE, EUT, EUTE, FIZ, FIZE, GEM, GEME, GEMK, GEO, GEOE, GID, GIDE, GMI, GMIE, ICM, IML, IMLE, INS, INSE, ISL, ISLE, JDF, JEF, JEFE, JEO, JEOE, KIM, KIME, KMM, KMME, KMP, KOM, KOME, MAD, MADE, MAK, MAKE, MAT, MATE, MET, METE, MIM, MIME, MTO, MTOE, MTR, MUT, MUZ, MUZE, MZT, PEM, PEME, PET, PETE, SBP, SBPE, SES, TEB, TEK, TEKE, TEL, THO, UCK, UCKE, UZB, UZBE",,
11006,MAT 425E,MAT,LS,Stochastic ODE,,--,,Perşembe,14:30/17:29,,0,0,,"MAT, MATE, MATM",,
11008,HUK 213,HUK,LS,İş Sağlığı ve Güvenliği Hukuku,,Mahmut Kabakcı,,Cuma,08:30/11:29,,200,112,,"BIO, BIOE, BLG, BLGE, BST, CAB, CEB, CEV, CEVE, CHZ, CHZE, DEN, DENE, DUI, ECNE, EHB, EHBE, ELE, ELH, ELK, ELKE, END, ENDE, ENTE, EUT, EUTE, FIZ, FIZE, GEM, GEME, GEMK, GEO, GEOE, GID, GIDE, GMI, GMIE, ICM, IML, IMLE, INS, INSE, ISL, ISLE, JDF, JEF, JEFE, JEO, JEOE, KIM, KIME, KMM, KMME, KMP, KOM, KOME, MAD, MADE, MAK, MAKE, MAT, MATE, MET, METE, MIM, MIME, MTO, MTOE, MTR, MUT, MUZ, MUZE, MZT, PEM, PEME, PET, PETE, SBP, SBPE, SES, TEB, TEK, TEKE, TEL, THO, UCK, UCKE, UZB, UZBE",,
11009,MAT 497E,MAT,LS,Tensor Analysis,,Fatma Özdemir,,Salı,14:30/17:29,,28,25,,"MAT, MATE",,
11010,HUK 214,HUK,LS,Teknolojik Yeniliklerin Korun.,,Özgür Öztürk,,Pazartesi,08:30/11:29,,200,56,,"BIO, BIOE, BLG, BLGE, BST, CAB, CEB, CEV, CEVE, CHZ, CHZE, DEN, DENE, DUI, ECNE, EHB, EHBE, ELE, ELH, ELK, ELKE, END, ENDE, ENTE, EUT, EUTE, FIZ, FIZE, GEM, GEME, GEMK, GEO, GEOE, GID, GIDE, ICM, IML, IMLE, INS, INSE, ISL, ISLE, JDF, JEF, JEFE, JEO, JEOE, KIM, KIME, KMM, KMME, KMP, KOM, KOME, MAD, MADE, MAK, MAKE, MAT, MATE, MET, METE, MIM, MIME, MTO, MTOE, MTR, MUT, MUZ, MUZE, MZT, PEM, PEME, PET, PETE, SBP, SBPE, SES, TEB, TEK, TEKE, TEL, THO, UCK, UCKE, UZB, UZBE",,
11011,HUK 215,HUK,LS,Sözleşmeler Hukuku,,Hüseyin Altaş,,Perşembe,08:30/11:29,,100,4,,"BIO, BIOE, BLG, BLGE, BST, CAB, CEB, CEV, CEVE, CHZ, CHZE, DEN, DENE, DUI, ECNE, EHB, EHBE, ELE, ELH, ELK, ELKE, END, ENDE, ENTE, EUT, EUTE, FIZ, FIZE, GEM, GEME, GEMK, GEO, GEOE, GID, GIDE, GMI, GMIE, ICM, IML, IMLE, INS, INSE, ISL, ISLE, JDF, JEF, JEFE, JEO, JEOE, KIM, KIME, KMM, KMME, KMP, KOM, KOME, MAD, MADE, MAK, MAKE, MAT, MATE, MET, METE, MIM, MIME, MTO, MTOE, MTR, MUT, MUZ, MUZE, MZT, PEM, PEME, PET, PETE, SBP, SBPE, SES, TEB, TEK, TEKE, TEL, THO, UCK, UCKE, UZB, UZBE",,
11012,MUH 453,MUH,LS,Optimal Kontrol Teorisi,,Elimhan Mahmudov,,Cuma,14:30/17:29,,24,5,,"FIZ, MAT, MATM",,
11013,HUK 216,HUK,LS,Telekomünikasyon Hukuku,,--,,Çarşamba,08:30/11:29,,0,0,,"BIO, BIOE, BLG, BLGE, BST, CAB, CEB, CEV, CEVE, CHZ, CHZE, DEN, DENE, DUI, ECNE, EHB, EHBE, ELE, ELH, ELK, ELKE, END, ENDE, ENTE, EUT, EUTE, FIZ, FIZE, GEM, GEME, GEMK, GEO, GEOE, GID, GIDE, GMI, GMIE, ICM, IML, IMLE, INS, INSE, ISL, ISLE, JDF, JEF, JEFE, JEO, JEOE, KIM, KIME, KMM, KMME, KMP, KOM, KOME, MAD, MADE, MAK, MAKE, MAT, MATE, MET, METE, MIM, MIME, MTO, MTOE, MTR, MUT, MUZ, MUZE, MZT, PEM, PEME, PET, PETE, SBP, SBPE, SES, TEB, TEK, TEKE, TEL, THO, UCK, UCKE, UZB, UZBE",,
11014,MAT 4901,MAT,LS,Matematik Müh. Tasarımı I,,Fuat Ergezen,,,/,,500,26,,MAT,,
11015,MAT 4901E,MAT,LS,Math. Engineering Design I,,Fuat Ergezen,,,/,,500,11,,MAT,,
11016,MAT 4902E,MAT,LS,Math. Engineering Design II,,Fuat Ergezen,,,/,,500,1,,MAT,,
11017,MAT 492,MAT,LS,Bitirme Çalışması,,Fuat Ergezen,,,/,,500,29,,MAT,,
11018,MAT 492E,MAT,LS,Graduation Project,,Fuat Ergezen,,,/,,500,5,,"MAT, MATE",,
11019,MTH 101,MTH,LS,Calculus I,,Samet Yücel Kadıoğlu,,Pazartesi | Salı,15:30/17:29 | 08:30/11:29,,30,29,,"MBI, SBL",,
11021,MTH 102,MTH,LS,Calculus II,,--,,Pazartesi | Salı,15:30/17:29 | 08:30/11:29,,0,0,,"MBI, SBL",,
11022,MTH 103,MTH,LS,Calculus I,,--,,Pazartesi | Salı,15:30/17:29 | 08:30/11:29,,0,0,,"MBI, MCB, SEN",,
11023,MTH 104,MTH,LS,Calculus II,,--,,Pazartesi | Salı,15:30/17:29 | 08:30/11:29,,0,0,,"MCB, SEN",,
11025,MTH 105,MTH,LS,Calculus I,,Cihangir Özemir,,Salı,08:30/11:29,,35,33,,"SEK, SIS",,
11026,MTH 106,MTH,LS,Calculus II,,Kamil Oruçoğlu,,Salı,08:30/11:29,,20,2,,"SEK, SIS",,
11027,MTH 107,MTH,LS,Calculus I,,Nalan Antar,,Pazartesi | Salı,14:30/17:29 | 08:30/11:29,,30,27,,"SCE, SIN",,
11028,MTH 108,MTH,LS,Calculus II,,--,,Pazartesi | Salı,14:30/17:29 | 08:30/11:29,,0,0,,"SCE, SIN",,
11029,MTH 111,MTH,LS,Linear Algebra,,--,,Perşembe,14:30/17:29,,0,0,,"SEK, SEN",,
11030,MTH 123,MTH,LS,Calculus,,Bahri Güldoğan,,Salı,08:30/11:29,,25,3,,STP,,
11031,MTH 131,MTH,LS,Mathematics I,,Güler Arsan,,Pazartesi | Salı,15:30/17:29 | 08:30/11:29,,25,3,,"EHN, SEH",,
11032,MTH 132,MTH,LS,Mathematics II,,--,,Pazartesi | Salı,15:30/17:29 | 08:30/11:29,,0,0,,"EHN, SEH",,
11033,ELK 107E,ELK,LS,Int to Sci.&Eng.Comp. (Python),,Suat İlhan,,Çarşamba | Cuma,08:30/10:29 | 14:00/15:59,,40,0,,"ELK, ELKE",,
11034,MAT 202,MAT,LS,Sayısal Yöntemler,,Özcan Kalenderli,,Cuma,14:00/16:59,,80,90,,"CEV, CHZ, DEN, EHB, ELE, ELH, ELK, GEM, GEO, GID, IML, INS, ISL, JEF, JEO, KOM, KON, MAD, MAK, MET, PET, TEK, TEL",,
11035,ELK 107E,ELK,LS,Int to Sci.&Eng.Comp. (Python),,Tahir Çetin Akıncı,,Çarşamba | Çarşamba,08:30/10:29 | 12:30/14:29,,40,0,,"ELK, ELKE",,
11036,MAT 202E,MAT,LS,Numerical Methods,,Emine Ayaz,,Pazartesi,12:30/15:29,,70,81,,"BLG, BLGE, CEV, CEVE, CHZ, CHZE, DEN, DENE, EHB, EHBE, ELE, ELH, ELK, ELKE, GEM, GEME, GEMK, GEO, GEOE, GID, GIDE, IML, IMLE, INS, INSE, ISL, ISLE, JEF, JEFE, JEO, JEOE, KMM, KMME, KOM, KOME, KON, KONE, MAD, MADE, MAK, MAKE, MET, METE, MTO, MTOE, PET, PETE, TEK, TEKE, TEL, UCK, UCKE, UZB, UZBE",,
11037,MAT 271E,MAT,LS,Probability and Statistics,,Ramazan Çağlar,,Cuma,09:30/12:29,,60,62,,"BIO, BIOE, BLG, BLGE, CEV, CEVE, CHZ, CHZE, DEN, DENE, DUI, EHB, EHBE, EHN, ELE, ELH, ELK, ELKE, ENTE, EUT, EUTE, FIZ, FIZE, GEM, GEME, GEMK, GEO, GEOE, GID, GIDE, GMI, GMIE, GMIK, IML, IMLE, INS, INSE, JEF, JEFE, JEO, JEOE, KMM, KMME, KOM, KOME, KON, KONE, MAD, MADE, MAK, MAKE, MET, METE, MTO, MTOE, PET, PETE, SBP, SBPE, SEH, TEK, TEKE, TEL, UCK, UCKE, UZB, UZBE",,
11038,MAT 271E,MAT,LS,Probability and Statistics,,Zehra Elif Batman,,Cuma,09:30/12:29,,60,63,,"BIO, BIOE, BLG, BLGE, CEV, CEVE, CHZ, CHZE, DEN, DENE, DUI, EHB, EHBE, EHN, ELE, ELH, ELK, ELKE, ENTE, EUT, EUTE, FIZ, FIZE, GEM, GEME, GEMK, GEO, GEOE, GID, GIDE, GMI, GMIE, GMIK, IML, IMLE, INS, INSE, JEF, JEFE, JEO, JEOE, KMM, KMME, KOM, KOME, KON, KONE, MAD, MADE, MAK, MAKE, MET, METE, MTO, MTOE, PET, PETE, SBP, SBPE, SEH, TEK, TEKE, TEL, UCK, UCKE, UZB, UZBE",,
11039,MAT 271E,MAT,LS,Probability and Statistics,,Deniz Türkpençe,,Cuma,09:30/12:29,,60,60,,"BIO, BIOE, BLG, BLGE, CEV, CEVE, CHZ, CHZE, DEN, DENE, DUI, EHB, EHBE, EHN, ELE, ELH, ELK, ELKE, ENTE, EUT, EUTE, FIZ, FIZE, GEM, GEME, GEMK, GEO, GEOE, GID, GIDE, GMI, GMIE, GMIK, IML, IMLE, INS, INSE, JEF, JEFE, JEO, JEOE, KMM, KMME, KOM, KOME, KON, KONE, MAD, MADE, MAK, MAKE, MET, METE, MTO, MTOE, PET, PETE, SBP, SBPE, SEH, TEK, TEKE, TEL, UCK, UCKE, UZB, UZBE",,
11040,ELK 107E,ELK,LS,Int to Sci.&Eng.Comp. (Python),,Ali Sinan Çabuk,,Çarşamba | Çarşamba,08:30/10:29 | 10:30/12:29,,40,0,,"ELK, ELKE",,
11041,EHB 101,EHB,LS,EHM Giriş ve Müh. Etiği,,Tayfun Akgül,,Çarşamba,13:30/15:29,,90,77,,EHB,,
11042,ELK 107E,ELK,LS,Int to Sci.&Eng.Comp. (Python),,"Tahir Çetin Akıncı, Ali Sinan Çabuk, Deniz Türkpençe",,Çarşamba | Çarşamba,08:30/10:29 | 10:30/12:29,,200,193,,"ELK, ELKE",,
11043,MAT 271E,MAT,LS,Probability and Statistics,,Mustafa Doğan,,Cuma,09:30/12:29,,60,60,,"BIO, BIOE, BLG, BLGE, CEV, CEVE, CHZ, CHZE, DEN, DENE, DUI, EHB, EHBE, EHN, ELE, ELH, ELK, ELKE, ENTE, EUT, EUTE, FIZ, FIZE, GEM, GEME, GEMK, GEO, GEOE, GID, GIDE, GMI, GMIE, GMIK, IML, IMLE, INS, INSE, JEF, JEFE, JEO, JEOE, KMM, KMME, KOM, KOME, KON, KONE, MAD, MADE, MAK, MAKE, MET, METE, MTO, MTOE, PET, PETE, SBP, SBPE, SEH, TEK, TEKE, TEL, UCK, UCKE, UZB, UZBE",,
11044,MAT 281,MAT,LS,Lineer Cebir ve Uygulamaları,,Fatma Gül Bağrıyanık,,Perşembe,13:30/16:29,,70,73,,"EHB, ELE, ELK, KOM, TEL",,
11045,EHB 101,EHB,LS,EHM Giriş ve Müh. Etiği,,Funda Akleman Yapar,,Çarşamba,13:30/15:29,,90,89,,EHB,,
11046,ELK 111,ELK,LS,Elektrik Mühendisliği ve Etik,,Fatma Gül Bağrıyanık,,Çarşamba,13:30/15:29,,130,122,,ELK,,
11047,MAT 281,MAT,LS,Lineer Cebir ve Uygulamaları,,Fatma Gül Bağrıyanık,,Cuma,14:00/16:59,,70,75,,"EHB, ELE, ELK, KOM, TEL",,
11048,MAT 281,MAT,LS,Lineer Cebir ve Uygulamaları,,Fikret Çalışkan,,Perşembe,13:30/16:29,,70,74,,"EHB, ELE, ELK, KOM, TEL",,
11049,EHB 101E,EHB,LS,Int.toElctr.&Comm.Eng.&Eng.Eth,,Mustafa Ergen,,Çarşamba,13:30/15:29,,90,88,,EHBE,,
11050,MAT 281,MAT,LS,Lineer Cebir ve Uygulamaları,,Sedef Kent Pınar,,Perşembe,13:30/16:29,,75,78,,"EHB, ELE, ELK, KOM, TEL",,
11051,MAT 281E,MAT,LS,Linear Algebra and Applicat.,,--,,Perşembe,13:30/16:29,,0,0,,"EHB, EHBE, ELE, ELK, ELKE, KOM, KOME, TEL",,
11052,MAT 281E,MAT,LS,Linear Algebra and Applicat.,,Özgür Özdemir,,Perşembe,13:30/16:29,,80,85,,"EHB, EHBE, ELE, ELK, ELKE, KOM, KOME, TEL",,
11053,EHB 110E,EHB,LS,Intr to Sci&Eng Comp (C),,Ali Bahadır,,Pazartesi | Pazartesi,12:30/14:29 | 14:30/16:29,,60,60,,"EHB, EHBE, ELE, TEL",,
11054,MAT 281E,MAT,LS,Linear Algebra and Applicat.,,Ahmet Hamdi Kayran,,Perşembe,13:30/16:29,,75,83,,"EHB, EHBE, ELE, ELK, ELKE, KOM, KOME, TEL",,
11055,MAT 281E,MAT,LS,Linear Algebra and Applicat.,,Veysel Murat İstemihan Genç,,Perşembe,13:30/16:29,,70,72,,"EHB, EHBE, ELE, ELK, ELKE, KOM, KOME, TEL",,
11056,BLG 212,BLG,LS,Mikroişlemci Sistemleri,,Tamer Ölmez,,Perşembe,13:30/16:29,,50,26,,"EHB, ELE, TEL",,
11057,EHB 110E,EHB,LS,Intr to Sci&Eng Comp (C),,İbrahim Çatalkaya,,Pazartesi | Pazartesi,12:30/14:29 | 14:30/16:29,,60,50,,"EHB, EHBE, ELE, TEL",,
11058,BLG 212E,BLG,LS,Microprocessor Systems,,Yaşar Erenler,,Salı,13:30/16:29,,70,65,,"EHB, EHBE, ELE, ELK, ELKE",,
11059,BLG 231,BLG,LS,Sayısal Devreler,,Serhat İkizoğlu,,Salı,13:30/16:29,,80,48,,"ELE, ELH, KOM, MKN, TEL",,
11060,BLG 231E,BLG,LS,Digital Circuits,,Osman Kaan Erol,,Salı,13:30/16:29,,80,81,,"EHB, EHBE, ELE, ELH, KOM, KOME, MKN, TEL",,
11061,BLG 252E,BLG,LS,Object Oriented Programming,,Serkan Türkeli,,Salı,09:30/12:29,,40,45,,"EHB, EHBE, ELE, KOM, KOME, TEL",,
11062,BLG 368E,BLG,LS,Operations Research,,Serkan Türkeli,,Pazartesi,08:30/11:29,,40,86,,"EHB, EHBE, ELE, KOM, KOME, TEL",,
11063,FIZ 201E,FIZ,LS,Modern Physics,,Metin Hüner,,Çarşamba,12:30/15:29,,65,61,,"EHB, EHBE, ELE, ELH, ELK, ELKE, TEL, UCK, UCKE, UZB, UZBE",,
11064,TEL 492,TEL,LS,Bitirme Çalışması,,İsmail Serdar Özoğuz,,,/,,500,2,,TEL,,
11065,TEL 492E,TEL,LS,Graduation Project,,--,,,/,,500,0,,TEL,,
11067,ELE 492,ELE,LS,Bitirme Çalışması,,İsmail Serdar Özoğuz,,,/,,500,2,,ELE,,
11068,ELE 492E,ELE,LS,Graduation Project,,İsmail Serdar Özoğuz,,,/,,500,1,,ELE,,
11069,MAL 201,MAL,LS,Malzeme Bilimi,,Duygu Ağaoğulları,,Perşembe,09:30/12:29,,50,55,,"BLG, ELK, KOM",,
11070,MAL 201,MAL,LS,Malzeme Bilimi,,Derya Dışpınar,,Perşembe,13:30/16:29,,50,51,,"BLG, ELK, KOM",,
11071,MAL 201,MAL,LS,Malzeme Bilimi,,Ömer Serdar Özgen,,Cuma,09:30/12:29,,50,50,,"BLG, ELK, KOM",,
11072,MAL 201E,MAL,LS,Materials Science,,Hakan Nuri Atahan,,Pazartesi,13:30/16:29,,50,50,,"ELK, ELKE, KOM, KOME",,
11073,MAL 201E,MAL,LS,Materials Science,,Hakan Nuri Atahan,,Salı,09:30/12:29,,50,53,,"ELK, ELKE, KOM, KOME",,
11074,DNK 201,DNK,LS,Dinamik,,Abdullah Gedikli,,Cuma,14:00/16:59,,50,50,,"DUI, EHB, ELE, ELH, ELK, FIZ, INS, JEO, KOM, KON, MKN, MTO, TEK, TEL, UCK, UZB",,
11075,DNK 201E,DNK,LS,Dynamics,,Akif Kutlu,,Pazartesi,09:30/12:29,,50,50,,"DEN, DENE, DUI, DUIE, DUIK, EHB, EHBE, ELE, ELH, ELK, ELKE, FIZ, FIZE, GEM, GEME, GEMK, GMI, GMIE, INS, INSE, JEO, JEOE, KOM, KOME, KON, KONE, MAD, MAT, MATE, MTO, PETE, TEK, TEL, UCK, UCKE, UZB, UZBE",,
11076,STA 204,STA,LS,Statik ve Mukavemet,,Bahattin Kimençe,,Cuma,08:30/11:29,,80,62,,"CEV, EHB, ELE, ELH, ELK, EUT, GID, ISL, KMM, KOM, KON, MET, MTO, PET, TEL",,
11077,STA 204E,STA,LS,Statics&Strength of Materials,,Pınar Özdemir Çağlayan,,Çarşamba,08:30/11:29,,55,54,,"CEV, CEVE, EHB, EHBE, ELE, ELH, ELK, ELKE, ENTE, EUT, EUTE, GID, GIDE, ISL, ISLE, JEF, KMM, KMME, KOM, KOME, KON, KONE, MET, METE, MTO, PET, PETE, PETM, TEL, UCKM",,
11078,MAD 471E,MAD,LS,Electro-Techniques in Mines,,"Murat İmeryüz, Türker Hüdaverdi",,Çarşamba,11:30/13:29,,50,41,,"MAD, MADE",,
11079,EHN 111,EHN,LS,Intr.to Electronics& Comm.Eng.,,İsmail Serdar Özoğuz,,Çarşamba,14:30/15:29,,30,3,,EHN,,
11080,EHN 212,EHN,LS,Intr.to Electromagnetic Fields,,Serkan Şimşek,,Pazartesi,08:30/11:29,,30,12,,EHN,,
11081,EHN 252,EHN,LS,Signals and Systems,,Şahin Serhat Şeker,,Salı,08:30/11:29,,30,12,,EHN,,
11082,EHN 262,EHN,LS,Electronics II,,Tufan Coşkun Karalar,,Çarşamba,08:30/11:29,,30,12,,EHN,,
11083,EHN 311,EHN,LS,Intr.to Electronics Laboratory,,Onur Ferhanoğlu,,Pazartesi,12:30/14:29,,30,12,,EHN,,
11084,EHN 317,EHN,LS,Control Systems,,Hakan Temeltaş,,Cuma,14:00/16:59,,30,12,,EHN,,
11085,ELK 111E,ELK,LS,Electrical Engineering&Ethics,,Lale Erdem Atılgan,,Çarşamba,13:30/15:29,,70,58,,"ELK, ELKE",,
11086,EHB 110E,EHB,LS,Intr to Sci&Eng Comp (C),,Bora Döken,,Pazartesi | Pazartesi,12:30/14:29 | 14:30/16:29,,60,60,,"EHB, EHBE, ELE, TEL",,
11087,ELK 214,ELK,LS,Elektromek. Enerji Dönüş.Tem.,,Ali Sinan Çabuk,,Perşembe,13:30/16:29,,50,49,,"EHB, ELE, ELH, KOM, MKN, TEL",,
11088,ELK 214,ELK,LS,Elektromek. Enerji Dönüş.Tem.,,Ali Saffet Altay,,Perşembe,13:30/16:29,,45,47,,"EHB, ELE, ELH, KOM, MKN, TEL",,
11089,EHB 110E,EHB,LS,Intr to Sci&Eng Comp (C),,Tankut Akgül,,Pazartesi | Pazartesi,12:30/14:29 | 14:30/16:29,,60,61,,"EHB, EHBE, ELE, TEL",,
11090,ELK 214E,ELK,LS,Fund.of Electr. Energy Conver.,,Duygu Bayram,,Perşembe,13:30/16:29,,50,52,,"EHB, EHBE, KOM, KOME",,
11091,EHB 110E,EHB,LS,Intr to Sci&Eng Comp (C),,Yaşar Erenler,,Pazartesi | Pazartesi,13:30/15:29 | 15:30/17:29,,60,19,,"EHB, EHBE, ELE, TEL",,
11092,EHB 205,EHB,LS,Lojik Tasarıma Giriş,,Yüksel Çakır,,Cuma,08:30/11:29,,75,77,,EHB,,
11093,EHB 205E,EHB,LS,Introduction to Logic Design,,Mustafa Altun,,Cuma,08:30/11:29,,85,87,,"EHB, EHBE, ELE, TEL",,
11094,EHB 205E,EHB,LS,Introduction to Logic Design,,Sıddıka Berna Örs Yalçın,,Cuma,08:30/11:29,,85,91,,"EHB, EHBE, ELE, TEL",,
11095,EHB 205E,EHB,LS,Introduction to Logic Design,,Ahmet Can Erten,,Cuma,08:30/11:29,,85,87,,"EHB, EHBE, ELE, TEL",,
11096,EHB 211,EHB,LS,Elektrik Devre Temelleri,,Neslihan Serap Şengör,,Pazartesi,08:30/11:29,,75,75,,"BLG, EHB, ELE, ELK, KOM, TEL",,
11099,MTH 281,MTH,LS,Linear Algebra and Applicat.,,İbrahim Akduman,,Cuma,08:30/11:29,,30,3,,EHN,,
11100,PHY 123,PHY,LS,Physics I,,Abdurrahman Savaş Arapoğlu,,Salı,14:30/17:29,,30,3,,EHN,,
11101,PHY 123L,PHY,LS,Physics I Lab,,Abdurrahman Savaş Arapoğlu,,Çarşamba,11:30/13:29,,30,3,,EHN,,
11102,CHE 123,CHE,LS,General Chemistry I,,Metin Hayri Acar,,Pazartesi,08:30/11:29,,30,3,,EHN,,
11103,ELK 221,ELK,LS,Elektrik Mühen. Temelleri,,Fatma Gül Bağrıyanık,,Pazartesi,12:30/15:29,,60,60,,"CHZ, GID, ISL, KMM, MET, TEK",,
11104,EHB 211,EHB,LS,Elektrik Devre Temelleri,,Yüksel Çakır,,Pazartesi,08:30/11:29,,75,74,,"BLG, EHB, ELE, ELK, KOM, TEL",,
11105,ELK 221,ELK,LS,Elektrik Mühen. Temelleri,,Ali Saffet Altay,,Salı,08:30/11:29,,60,50,,"CHZ, GID, ISL, KMM, MET, TEK",,
11106,EHB 211,EHB,LS,Elektrik Devre Temelleri,,Mürvet Kırcı,,Pazartesi,08:30/11:29,,75,51,,"BLG, EHB, ELE, ELK, KOM, TEL",,
11107,EHB 211,EHB,LS,Elektrik Devre Temelleri,,Selçuk Paker,,Pazartesi,08:30/11:29,,75,75,,"BLG, EHB, ELE, ELK, KOM, TEL",,
11108,EHB 211E,EHB,LS,Basics of Electrical Circuits,,Müştak Erhan Yalçın,,Pazartesi,08:30/11:29,,75,75,,"BLG, BLGE, EHB, EHBE, ELE, ELK, ELKE, KOM, KOME, TEL",,
11109,EHB 211E,EHB,LS,Basics of Electrical Circuits,,Ahmet Can Erten,,Pazartesi,08:30/11:29,,75,75,,"BLG, BLGE, EHB, EHBE, ELE, ELK, ELKE, KOM, KOME, TEL",,
11110,ELK 221,ELK,LS,Elektrik Mühen. Temelleri,,Murat İmeryüz,,Pazartesi,08:30/11:29,,60,59,,"CHZ, GID, ISL, KMM, MET, TEK",,
11111,EHB 211E,EHB,LS,Basics of Electrical Circuits,,İsmail Serdar Özoğuz,,Pazartesi,08:30/11:29,,75,61,,"BLG, BLGE, EHB, EHBE, ELE, ELK, ELKE, KOM, KOME, TEL",,
11112,ELK 221E,ELK,LS,Fundamentals of Electric. Eng.,,Zehra Elif Batman,,Pazartesi,12:30/15:29,,60,60,,"CHZE, GIDE, ISLE, KMME, METE, PETE, TEKE",,
11113,ATA 101,ATA,LS,Atatürk İlk & İnkılap Trh I,,Emin Alp Malkoç,,Çarşamba,08:30/10:29,,80,46,,"BIO, BIOE, BLG, BLGE, CEV, CEVE, CHZ, CHZE, DEN, DENE, DUI, DUIE, ECNE, EHB, EHBE, EHN, ELE, ELH, ELK, ELKE, END, ENDE, ENTE, EUT, EUTE, FIZ, FIZE, GEM, GEME, GEMK, GEO, GEOE, GID, GIDE, GMI, GMIE, ICM, IML, IMLE, INS, INSE, ISL, ISLE, JDF, JEF, JEFE, JEO, JEOE, KIM, KIME, KMM, KMME, KOM, KOME, MAD, MADE, MAK, MAKE, MAT, MATE, MET, METE, MIM, MIME, MTO, MTOE, PEM, PEME, PET, PETE, SBP, SBPE, SEH, TEK, TEKE, TEL, THO, UCK, UCKE, UZB, UZBE, YZVE",,
11115,ATA 102,ATA,LS,Atatürk İlk & İnkılap Trh II,,Emin Alp Malkoç,,Çarşamba,13:30/15:29,,80,76,,"BIO, BIOE, BLG, BLGE, CEV, CEVE, CHZ, CHZE, DEN, DENE, DUI, DUIE, ECNE, EHB, EHBE, EHN, ELE, ELH, ELK, ELKE, END, ENDE, ENTE, EUT, EUTE, FIZ, FIZE, GEM, GEME, GEMK, GEO, GEOE, GID, GIDE, GMI, GMIE, ICM, IML, IMLE, INS, INSE, ISL, ISLE, JDF, JEF, JEFE, JEO, JEOE, KIM, KIME, KMM, KMME, KOM, KOME, MAD, MADE, MAK, MAKE, MAT, MATE, MET, METE, MIM, MIME, MTO, MTOE, PEM, PEME, PET, PETE, SBP, SBPE, SEH, TEK, TEKE, TEL, THO, UCK, UCKE, UZB, UZBE, YZVE",,
11116,ATA 101,ATA,LS,Atatürk İlk & İnkılap Trh I,,Emin Alp Malkoç,,Perşembe,10:30/12:29,,80,58,,"BIO, BIOE, BLG, BLGE, CEV, CEVE, CHZ, CHZE, DEN, DENE, DUI, DUIE, ECNE, EHB, EHBE, EHN, ELE, ELH, ELK, ELKE, END, ENDE, ENTE, EUT, EUTE, FIZ, FIZE, GEM, GEME, GEMK, GEO, GEOE, GID, GIDE, GMI, GMIE, ICM, IML, IMLE, INS, INSE, ISL, ISLE, JDF, JEF, JEFE, JEO, JEOE, KIM, KIME, KMM, KMME, KOM, KOME, MAD, MADE, MAK, MAKE, MAT, MATE, MET, METE, MIM, MIME, MTO, MTOE, PEM, PEME, PET, PETE, SBP, SBPE, SEH, TEK, TEKE, TEL, THO, UCK, UCKE, UZB, UZBE, YZVE",,
11117,ATA 102,ATA,LS,Atatürk İlk & İnkılap Trh II,,***,,Perşembe,13:30/15:29,,80,0,,"BIO, BIOE, BLG, BLGE, CEV, CEVE, CHZ, CHZE, DEN, DENE, DUI, DUIE, ECNE, EHB, EHBE, EHN, ELE, ELH, ELK, ELKE, END, ENDE, ENTE, EUT, EUTE, FIZ, FIZE, GEM, GEME, GEMK, GEO, GEOE, GID, GIDE, GMI, GMIE, ICM, IML, IMLE, INS, INSE, ISL, ISLE, JDF, JEF, JEFE, JEO, JEOE, KIM, KIME, KMM, KMME, KOM, KOME, MAD, MADE, MAK, MAKE, MAT, MATE, MET, METE, MIM, MIME, MTO, MTOE, PEM, PEME, PET, PETE, SBP, SBPE, SEH, TEK, TEKE, TEL, THO, UCK, UCKE, UZB, UZBE, YZVE",,
11118,ATA 102,ATA,LS,Atatürk İlk & İnkılap Trh II,,Emin Alp Malkoç,,Cuma,10:30/12:29,,80,61,,"BIO, BIOE, BLG, BLGE, CEV, CEVE, CHZ, CHZE, DEN, DENE, DUI, DUIE, ECNE, EHB, EHBE, EHN, ELE, ELH, ELK, ELKE, END, ENDE, ENTE, EUT, EUTE, FIZ, FIZE, GEM, GEME, GEMK, GEO, GEOE, GID, GIDE, GMI, GMIE, ICM, IML, IMLE, INS, INSE, ISL, ISLE, JDF, JEF, JEFE, JEO, JEOE, KIM, KIME, KMM, KMME, KOM, KOME, MAD, MADE, MAK, MAKE, MAT, MATE, MET, METE, MIM, MIME, MTO, MTOE, PEM, PEME, PET, PETE, SBP, SBPE, SEH, TEK, TEKE, TEL, THO, UCK, UCKE, UZB, UZBE, YZVE",,
11119,ATA 101,ATA,LS,Atatürk İlk & İnkılap Trh I,,Emin Alp Malkoç,,Cuma,14:30/16:29,,80,61,,"BIO, BIOE, BLG, BLGE, CEV, CEVE, CHZ, CHZE, DEN, DENE, DUI, DUIE, ECNE, EHB, EHBE, EHN, ELE, ELH, ELK, ELKE, END, ENDE, ENTE, EUT, EUTE, FIZ, FIZE, GEM, GEME, GEMK, GEO, GEOE, GID, GIDE, GMI, GMIE, ICM, IML, IMLE, INS, INSE, ISL, ISLE, JDF, JEF, JEFE, JEO, JEOE, KIM, KIME, KMM, KMME, KOM, KOME, MAD, MADE, MAK, MAKE, MAT, MATE, MET, METE, MIM, MIME, MTO, MTOE, PEM, PEME, PET, PETE, SBP, SBPE, SEH, TEK, TEKE, TEL, THO, UCK, UCKE, UZB, UZBE, YZVE",,
11120,ATA 101,ATA,LS,Atatürk İlk & İnkılap Trh I,,Serap Sarıhan,,Pazartesi,08:30/10:29,,80,79,,"BIO, BIOE, BLG, BLGE, CEV, CEVE, CHZ, CHZE, DEN, DENE, DUI, DUIE, ECNE, EHB, EHBE, EHN, ELE, ELH, ELK, ELKE, END, ENDE, ENTE, EUT, EUTE, FIZ, FIZE, GEM, GEME, GEMK, GEO, GEOE, GID, GIDE, GMI, GMIE, ICM, IML, IMLE, INS, INSE, ISL, ISLE, JDF, JEF, JEFE, JEO, JEOE, KIM, KIME, KMM, KMME, KOM, KOME, MAD, MADE, MAK, MAKE, MAT, MATE, MET, METE, MIM, MIME, MTO, MTOE, PEM, PEME, PET, PETE, SBP, SBPE, SEH, TEK, TEKE, TEL, THO, UCK, UCKE, UZB, UZBE, YZVE",,
11121,ATA 101,ATA,LS,Atatürk İlk & İnkılap Trh I,,Serap Sarıhan,,Pazartesi,10:30/12:29,,80,79,,"BIO, BIOE, BLG, BLGE, CEV, CEVE, CHZ, CHZE, DEN, DENE, DUI, DUIE, ECNE, EHB, EHBE, EHN, ELE, ELH, ELK, ELKE, END, ENDE, ENTE, EUT, EUTE, FIZ, FIZE, GEM, GEME, GEMK, GEO, GEOE, GID, GIDE, GMI, GMIE, ICM, IML, IMLE, INS, INSE, ISL, ISLE, JDF, JEF, JEFE, JEO, JEOE, KIM, KIME, KMM, KMME, KOM, KOME, MAD, MADE, MAK, MAKE, MAT, MATE, MET, METE, MIM, MIME, MTO, MTOE, PEM, PEME, PET, PETE, SBP, SBPE, SEH, TEK, TEKE, TEL, THO, UCK, UCKE, UZB, UZBE, YZVE",,
11122,EHB 211E,EHB,LS,Basics of Electrical Circuits,,Metin Hüner,,Pazartesi,08:30/11:29,,75,75,,"BLG, BLGE, EHB, EHBE, ELE, ELK, ELKE, KOM, KOME, TEL",,
11123,EHB 211E,EHB,LS,Basics of Electrical Circuits,,Hasan Bülent Yağcı,,Pazartesi,08:30/11:29,,75,74,,"BLG, BLGE, EHB, EHBE, ELE, ELK, ELKE, KOM, KOME, TEL",,
11124,EHB 211E,EHB,LS,Basics of Electrical Circuits,,Onur Kurt,,Pazartesi,08:30/11:29,,75,75,,"BLG, BLGE, EHB, EHBE, ELE, ELK, ELKE, KOM, KOME, TEL",,
11125,EHB 221E,EHB,LS,Basics of Elec. Circuits Lab.,,Yüksel Çakır,,Çarşamba,10:30/12:29,,45,41,,"BLG, BLGE, EHB, EHBE, ELE, TEL",,
11126,ATA 101,ATA,LS,Atatürk İlk & İnkılap Trh I,,Serap Sarıhan,,Salı,08:30/10:29,,80,80,,"BIO, BIOE, BLG, BLGE, CEV, CEVE, CHZ, CHZE, DEN, DENE, DUI, DUIE, ECNE, EHB, EHBE, EHN, ELE, ELH, ELK, ELKE, END, ENDE, ENTE, EUT, EUTE, FIZ, FIZE, GEM, GEME, GEMK, GEO, GEOE, GID, GIDE, GMI, GMIE, ICM, IML, IMLE, INS, INSE, ISL, ISLE, JDF, JEF, JEFE, JEO, JEOE, KIM, KIME, KMM, KMME, KOM, KOME, MAD, MADE, MAK, MAKE, MAT, MATE, MET, METE, MIM, MIME, MTO, MTOE, PEM, PEME, PET, PETE, SBP, SBPE, SEH, TEK, TEKE, TEL, THO, UCK, UCKE, UZB, UZBE, YZVE",,
11127,EHB 222,EHB,LS,Elektroniğe Giriş,,--,,Salı,12:30/15:29,,0,0,,"BLG, ELE, ELH, ELK, KOM, MKN, TEL",,
11128,EHB 222,EHB,LS,Elektroniğe Giriş,,İbrahim Çatalkaya,,Salı,12:30/15:29,,80,56,,"BLG, ELE, ELH, ELK, KOM, MKN, TEL",,
11129,EHB 222E,EHB,LS,Introduction to Electronics,,Fatma İnci Çilesiz,,Salı,12:30/15:29,,90,81,,"BLG, BLGE, ELE, ELH, ELK, ELKE, KOM, KOME, MKN, PETE, TEL",,
11131,EHB 222E,EHB,LS,Introduction to Electronics,,Bora Döken,,Salı,12:30/15:29,,90,91,,"BLG, BLGE, ELE, ELH, ELK, ELKE, KOM, KOME, MKN, PETE, TEL",,
11132,EHB 227E,EHB,LS,Introduction to Optics,,Onur Ferhanoğlu,,Çarşamba,12:30/15:29,,75,71,,"EHB, EHBE",,
11133,ELK 221E,ELK,LS,Fundamentals of Electric. Eng.,,Zehra Elif Batman,,Çarşamba,12:30/15:29,,60,60,,"CHZE, GIDE, ISLE, KMME, METE, PET, PETE, TEKE",,
11134,ATA 101,ATA,LS,Atatürk İlk & İnkılap Trh I,,Serap Sarıhan,,Salı,10:30/12:29,,80,80,,"BIO, BIOE, BLG, BLGE, CEV, CEVE, CHZ, CHZE, DEN, DENE, DUI, DUIE, ECNE, EHB, EHBE, EHN, ELE, ELH, ELK, ELKE, END, ENDE, ENTE, EUT, EUTE, FIZ, FIZE, GEM, GEME, GEMK, GEO, GEOE, GID, GIDE, GMI, GMIE, ICM, IML, IMLE, INS, INSE, ISL, ISLE, JDF, JEF, JEFE, JEO, JEOE, KIM, KIME, KMM, KMME, KOM, KOME, MAD, MADE, MAK, MAKE, MAT, MATE, MET, METE, MIM, MIME, MTO, MTOE, PEM, PEME, PET, PETE, SBP, SBPE, SEH, TEK, TEKE, TEL, THO, UCK, UCKE, UZB, UZBE, YZVE",,
11135,EHB 231,EHB,LS,Elektronik I,,Metin Yazgı,,Salı,12:30/15:29,,70,70,,"EHB, ELE",,
11136,ELK 221E,ELK,LS,Fundamentals of Electric. Eng.,,Ahmet Cansız,,Salı,12:30/15:29,,60,58,,"CHZE, GIDE, ISLE, KMME, METE, PETE, TEKE",,
11137,EHB 231E,EHB,LS,Electronics I,,Onur Ferhanoğlu,,Salı,12:30/15:29,,70,70,,"EHB, EHBE, ELE",,
11138,ELK 313,ELK,LS,Enerji İletim Hatları,,Hatice Lale Zeynelgil,,Perşembe,12:30/15:29,,50,52,,ELK,,
11139,EHB 231E,EHB,LS,Electronics I,,Onur Kurt,,Salı,12:30/15:29,,70,70,,"EHB, EHBE, ELE",,
11140,ELK 313E,ELK,LS,Power Transmission Lines,,Zehra Elif Batman,,Salı,08:30/11:29,,50,54,,"ELK, ELKE",,
11141,EHB 231E,EHB,LS,Electronics I,,Nil Banu Tarım,,Salı,12:30/15:29,,70,45,,"EHB, EHBE, ELE",,
11142,ELK 331,ELK,LS,Güç Elektroniği Devreleri,,Derya Ahmet Kocabaş,,Pazartesi,08:30/11:29,,60,62,,"EHB, ELE, ELK, KOM",,
11143,ATA 101,ATA,LS,Atatürk İlk & İnkılap Trh I,,Serap Sarıhan,,Çarşamba,08:30/10:29,,80,80,,"BIO, BIOE, BLG, BLGE, CEV, CEVE, CHZ, CHZE, DEN, DENE, DUI, DUIE, ECNE, EHB, EHBE, EHN, ELE, ELH, ELK, ELKE, END, ENDE, ENTE, EUT, EUTE, FIZ, FIZE, GEM, GEME, GEMK, GEO, GEOE, GID, GIDE, GMI, GMIE, ICM, IML, IMLE, INS, INSE, ISL, ISLE, JDF, JEF, JEFE, JEO, JEOE, KIM, KIME, KMM, KMME, KOM, KOME, MAD, MADE, MAK, MAKE, MAT, MATE, MET, METE, MIM, MIME, MTO, MTOE, PEM, PEME, PET, PETE, SBP, SBPE, SEH, TEK, TEKE, TEL, THO, UCK, UCKE, UZB, UZBE, YZVE",,
11144,ATA 101,ATA,LS,Atatürk İlk & İnkılap Trh I,,Serap Sarıhan,,Çarşamba,10:30/12:29,,80,79,,"BIO, BIOE, BLG, BLGE, CEV, CEVE, CHZ, CHZE, DEN, DENE, DUI, DUIE, ECNE, EHB, EHBE, EHN, ELE, ELH, ELK, ELKE, END, ENDE, ENTE, EUT, EUTE, FIZ, FIZE, GEM, GEME, GEMK, GEO, GEOE, GID, GIDE, GMI, GMIE, ICM, IML, IMLE, INS, INSE, ISL, ISLE, JDF, JEF, JEFE, JEO, JEOE, KIM, KIME, KMM, KMME, KOM, KOME, MAD, MADE, MAK, MAKE, MAT, MATE, MET, METE, MIM, MIME, MTO, MTOE, PEM, PEME, PET, PETE, SBP, SBPE, SEH, TEK, TEKE, TEL, THO, UCK, UCKE, UZB, UZBE, YZVE",,
11145,ATA 102,ATA,LS,Atatürk İlk & İnkılap Trh II,,***,,Perşembe,08:30/10:29,,70,0,,"BIO, BIOE, BLG, BLGE, CEV, CEVE, CHZ, CHZE, DEN, DENE, DUI, DUIE, ECNE, EHB, EHBE, EHN, ELE, ELH, ELK, ELKE, END, ENDE, ENTE, EUT, EUTE, FIZ, FIZE, GEM, GEME, GEMK, GEO, GEOE, GID, GIDE, GMI, GMIE, ICM, IML, IMLE, INS, INSE, ISL, ISLE, JDF, JEF, JEFE, JEO, JEOE, KIM, KIME, KMM, KMME, KOM, KOME, MAD, MADE, MAK, MAKE, MAT, MATE, MET, METE, MIM, MIME, MTO, MTOE, PEM, PEME, PET, PETE, SBP, SBPE, SEH, TEK, TEKE, TEL, THO, UCK, UCKE, UZB, UZBE, YZVE",,
11146,ELK 331,ELK,LS,Güç Elektroniği Devreleri,,Ali Saffet Altay,,Çarşamba,12:30/15:29,,60,60,,"EHB, ELE, ELK, KOM",,
11147,ATA 102,ATA,LS,Atatürk İlk & İnkılap Trh II,,Serap Sarıhan,,Perşembe,10:30/12:29,,80,80,,"BIO, BIOE, BLG, BLGE, CEV, CEVE, CHZ, CHZE, DEN, DENE, DUI, DUIE, ECNE, EHB, EHBE, EHN, ELE, ELH, ELK, ELKE, END, ENDE, ENTE, EUT, EUTE, FIZ, FIZE, GEM, GEME, GEMK, GEO, GEOE, GID, GIDE, GMI, GMIE, ICM, IML, IMLE, INS, INSE, ISL, ISLE, JDF, JEF, JEFE, JEO, JEOE, KIM, KIME, KMM, KMME, KOM, KOME, MAD, MADE, MAK, MAKE, MAT, MATE, MET, METE, MIM, MIME, MTO, MTOE, PEM, PEME, PET, PETE, SBP, SBPE, SEH, TEK, TEKE, TEL, THO, UCK, UCKE, UZB, UZBE, YZVE",,
11148,ELK 331,ELK,LS,Güç Elektroniği Devreleri,,Murat Yılmaz,,Çarşamba,12:30/15:29,,60,62,,"EHB, ELE, ELK, KOM",,
11149,ATA 101,ATA,LS,Atatürk İlk & İnkılap Trh I,,Seda Bayındır Uluskan,,Cuma,14:30/16:29,,75,75,,"BIO, BIOE, BLG, BLGE, CEV, CEVE, CHZ, CHZE, DEN, DENE, DUI, DUIE, ECNE, EHB, EHBE, EHN, ELE, ELH, ELK, ELKE, END, ENDE, ENTE, EUT, EUTE, FIZ, FIZE, GEM, GEME, GEMK, GEO, GEOE, GID, GIDE, GMI, GMIE, ICM, IML, IMLE, INS, INSE, ISL, ISLE, JDF, JEF, JEFE, JEO, JEOE, KIM, KIME, KMM, KMME, KOM, KOME, MAD, MADE, MAK, MAKE, MAT, MATE, MET, METE, MIM, MIME, MTO, MTOE, PEM, PEME, PET, PETE, SBP, SBPE, SEH, TEK, TEKE, TEL, THO, UCK, UCKE, UZB, UZBE, YZVE",,
11150,ATA 101,ATA,LS,Atatürk İlk & İnkılap Trh I,,Seda Bayındır Uluskan,,Pazartesi,14:30/16:29,,75,78,,"BIO, BIOE, BLG, BLGE, CEV, CEVE, CHZ, CHZE, DEN, DENE, DUI, DUIE, ECNE, EHB, EHBE, EHN, ELE, ELH, ELK, ELKE, END, ENDE, ENTE, EUT, EUTE, FIZ, FIZE, GEM, GEME, GEMK, GEO, GEOE, GID, GIDE, GMI, GMIE, ICM, IML, IMLE, INS, INSE, ISL, ISLE, JDF, JEF, JEFE, JEO, JEOE, KIM, KIME, KMM, KMME, KOM, KOME, MAD, MADE, MAK, MAKE, MAT, MATE, MET, METE, MIM, MIME, MTO, MTOE, PEM, PEME, PET, PETE, SBP, SBPE, SEH, TEK, TEKE, TEL, THO, UCK, UCKE, UZB, UZBE, YZVE",,
11151,ATA 101,ATA,LS,Atatürk İlk & İnkılap Trh I,,Seda Bayındır Uluskan,,Perşembe,08:30/10:29,,75,75,,"BIO, BIOE, BLG, BLGE, CEV, CEVE, CHZ, CHZE, DEN, DENE, DUI, DUIE, ECNE, EHB, EHBE, EHN, ELE, ELH, ELK, ELKE, END, ENDE, ENTE, EUT, EUTE, FIZ, FIZE, GEM, GEME, GEMK, GEO, GEOE, GID, GIDE, GMI, GMIE, ICM, IML, IMLE, INS, INSE, ISL, ISLE, JDF, JEF, JEFE, JEO, JEOE, KIM, KIME, KMM, KMME, KOM, KOME, MAD, MADE, MAK, MAKE, MAT, MATE, MET, METE, MIM, MIME, MTO, MTOE, PEM, PEME, PET, PETE, SBP, SBPE, SEH, TEK, TEKE, TEL, THO, UCK, UCKE, UZB, UZBE, YZVE",,
11152,ATA 102,ATA,LS,Atatürk İlk & İnkılap Trh II,,Seda Bayındır Uluskan,,Perşembe,10:30/12:29,,75,76,,"BIO, BIOE, BLG, BLGE, CEV, CEVE, CHZ, CHZE, DEN, DENE, DUI, DUIE, ECNE, EHB, EHBE, EHN, ELE, ELH, ELK, ELKE, END, ENDE, ENTE, EUT, EUTE, FIZ, FIZE, GEM, GEME, GEMK, GEO, GEOE, GID, GIDE, GMI, GMIE, ICM, IML, IMLE, INS, INSE, ISL, ISLE, JDF, JEF, JEFE, JEO, JEOE, KIM, KIME, KMM, KMME, KOM, KOME, MAD, MADE, MAK, MAKE, MAT, MATE, MET, METE, MIM, MIME, MTO, MTOE, PEM, PEME, PET, PETE, SBP, SBPE, SEH, TEK, TEKE, TEL, THO, UCK, UCKE, UZB, UZBE, YZVE",,
11153,ATA 102,ATA,LS,Atatürk İlk & İnkılap Trh II,,Seda Bayındır Uluskan,,Perşembe,14:30/16:29,,75,77,,"BIO, BIOE, BLG, BLGE, CEV, CEVE, CHZ, CHZE, DEN, DENE, DUI, DUIE, ECNE, EHB, EHBE, EHN, ELE, ELH, ELK, ELKE, END, ENDE, ENTE, EUT, EUTE, FIZ, FIZE, GEM, GEME, GEMK, GEO, GEOE, GID, GIDE, GMI, GMIE, ICM, IML, IMLE, INS, INSE, ISL, ISLE, JDF, JEF, JEFE, JEO, JEOE, KIM, KIME, KMM, KMME, KOM, KOME, MAD, MADE, MAK, MAKE, MAT, MATE, MET, METE, MIM, MIME, MTO, MTOE, PEM, PEME, PET, PETE, SBP, SBPE, SEH, TEK, TEKE, TEL, THO, UCK, UCKE, UZB, UZBE, YZVE",,
11154,ATA 101,ATA,LS,Atatürk İlk & İnkılap Trh I,,Seda Bayındır Uluskan,,Cuma,08:30/10:29,,75,75,,"BIO, BIOE, BLG, BLGE, CEV, CEVE, CHZ, CHZE, DEN, DENE, DUI, DUIE, ECNE, EHB, EHBE, EHN, ELE, ELH, ELK, ELKE, END, ENDE, ENTE, EUT, EUTE, FIZ, FIZE, GEM, GEME, GEMK, GEO, GEOE, GID, GIDE, GMI, GMIE, ICM, IML, IMLE, INS, INSE, ISL, ISLE, JDF, JEF, JEFE, JEO, JEOE, KIM, KIME, KMM, KMME, KOM, KOME, MAD, MADE, MAK, MAKE, MAT, MATE, MET, METE, MIM, MIME, MTO, MTOE, PEM, PEME, PET, PETE, SBP, SBPE, SEH, TEK, TEKE, TEL, THO, UCK, UCKE, UZB, UZBE, YZVE",,
11155,ATA 102,ATA,LS,Atatürk İlk & İnkılap Trh II,,Seda Bayındır Uluskan,,Cuma,10:30/12:29,,75,75,,"BIO, BIOE, BLG, BLGE, CEV, CEVE, CHZ, CHZE, DEN, DENE, DUI, DUIE, ECNE, EHB, EHBE, EHN, ELE, ELH, ELK, ELKE, END, ENDE, ENTE, EUT, EUTE, FIZ, FIZE, GEM, GEME, GEMK, GEO, GEOE, GID, GIDE, GMI, GMIE, ICM, IML, IMLE, INS, INSE, ISL, ISLE, JDF, JEF, JEFE, JEO, JEOE, KIM, KIME, KMM, KMME, KOM, KOME, MAD, MADE, MAK, MAKE, MAT, MATE, MET, METE, MIM, MIME, MTO, MTOE, PEM, PEME, PET, PETE, SBP, SBPE, SEH, TEK, TEKE, TEL, THO, UCK, UCKE, UZB, UZBE, YZVE",,
11156,ATA 101,ATA,LS,Atatürk İlk & İnkılap Trh I,,Pelin Helvacı,,Salı,10:30/12:29,,75,75,,"BIO, BIOE, BLG, BLGE, CEV, CEVE, CHZ, CHZE, DEN, DENE, DUI, DUIE, ECNE, EHB, EHBE, EHN, ELE, ELH, ELK, ELKE, END, ENDE, ENTE, EUT, EUTE, FIZ, FIZE, GEM, GEME, GEMK, GEO, GEOE, GID, GIDE, GMI, GMIE, ICM, IML, IMLE, INS, INSE, ISL, ISLE, JDF, JEF, JEFE, JEO, JEOE, KIM, KIME, KMM, KMME, KOM, KOME, MAD, MADE, MAK, MAKE, MAT, MATE, MET, METE, MIM, MIME, MTO, MTOE, PEM, PEME, PET, PETE, SBP, SBPE, SEH, TEK, TEKE, TEL, THO, UCK, UCKE, UZB, UZBE, YZVE",,
11157,ATA 102,ATA,LS,Atatürk İlk & İnkılap Trh II,,Pelin Helvacı,,Salı,13:30/15:29,,75,75,,"BIO, BIOE, BLG, BLGE, CEV, CEVE, CHZ, CHZE, DEN, DENE, DUI, DUIE, ECNE, EHB, EHBE, EHN, ELE, ELH, ELK, ELKE, END, ENDE, ENTE, EUT, EUTE, FIZ, FIZE, GEM, GEME, GEMK, GEO, GEOE, GID, GIDE, GMI, GMIE, ICM, IML, IMLE, INS, INSE, ISL, ISLE, JDF, JEF, JEFE, JEO, JEOE, KIM, KIME, KMM, KMME, KOM, KOME, MAD, MADE, MAK, MAKE, MAT, MATE, MET, METE, MIM, MIME, MTO, MTOE, PEM, PEME, PET, PETE, SBP, SBPE, SEH, TEK, TEKE, TEL, THO, UCK, UCKE, UZB, UZBE, YZVE",,
11158,ELK 331E,ELK,LS,Power Electronic Circuits,,Deniz Yıldırım,,Çarşamba,12:30/15:29,,50,39,,"EHB, EHBE, ELE, ELK, ELKE, KOM",,
11159,EHB 235,EHB,LS,Kompleks Fonk Teorisi,,Ali Yapar,,Çarşamba,12:30/15:29,,70,74,,EHB,,
11160,ELK 331E,ELK,LS,Power Electronic Circuits,,Özgür Üstün,,Pazartesi,08:30/11:29,,60,59,,"EHB, EHBE, ELE, ELK, ELKE, KOM, KOME",,
11161,EHB 235E,EHB,LS,Theory of Complex Functions,,Mehmet Nuri Akıncı,,Çarşamba,12:30/15:29,,70,73,,"EHB, EHBE",,
11162,EHB 311,EHB,LS,Elektroniğe Giriş Lab.,,İbrahim Çatalkaya,,Cuma,14:00/15:59,,45,41,,"BLG, EHB, ELE, KOM, TEL",,
11163,ELK 331E,ELK,LS,Power Electronic Circuits,,Salih Barış Öztürk,,Pazartesi,08:30/11:29,,60,59,,"EHB, EHBE, ELE, ELK, ELKE, KOM, KOME",,
11164,EHB 311,EHB,LS,Elektroniğe Giriş Lab.,,İbrahim Çatalkaya,,Çarşamba,12:30/14:29,,55,55,,"BLG, EHB, ELE, KOM, TEL",,
11165,EHB 311,EHB,LS,Elektroniğe Giriş Lab.,,İbrahim Çatalkaya,,Perşembe,12:30/14:29,,55,48,,"BLG, EHB, ELE, KOM, TEL",,
11166,EHB 311E,EHB,LS,Intr.to Electronics Laboratory,,Hasan Bülent Yağcı,,Perşembe,08:30/10:29,,40,4,,"BLG, BLGE, EHB, EHBE, KOM, KOME, SEH",,
11167,EHB 311E,EHB,LS,Intr.to Electronics Laboratory,,Bora Döken,,Cuma,08:30/10:29,,40,22,,"BLG, BLGE, EHB, EHBE, KOM, KOME, SEH",,
11168,EHB 311E,EHB,LS,Intr.to Electronics Laboratory,,Bora Döken,,Çarşamba,12:30/14:29,,55,54,,"BLGE, EHBE, KOME, SEH",,
11169,EHB 311E,EHB,LS,Intr.to Electronics Laboratory,,Bora Döken,,Perşembe,08:30/10:29,,40,30,,"BLG, BLGE, EHB, EHBE, KOM, KOME, SEH",,
11170,ELK 333E,ELK,LS,Intr. to Nuclear Engineering,,Ahmet Cansız,,Pazartesi,12:30/15:29,,60,58,,"ELK, ELKE",,
11171,ELK 334,ELK,LS,Güç Elektroniği Devre Tasarımı,,Azmi Demirel,,Salı,12:30/15:29,,40,0,,ELK,,
11172,ELK 334E,ELK,LS,Dsgn of Power Electr Circuits,,Özgür Üstün,,Salı,12:30/15:29,,45,34,,"ELK, ELKE, KOM, KOME",,
11173,ELK 343,ELK,LS,Elektromekanik Enerji Dönüşümü,,Derya Ahmet Kocabaş,,Çarşamba,08:30/11:29,,40,41,,ELK,,
11174,ELK 343,ELK,LS,Elektromekanik Enerji Dönüşümü,,Güven Kömürgöz Kırış,,Çarşamba,08:30/11:29,,40,39,,ELK,,
11175,ATA 102,ATA,LS,Atatürk İlk & İnkılap Trh II,,Pelin Helvacı,,Salı,15:30/17:29,,75,75,,"BIO, BIOE, BLG, BLGE, CEV, CEVE, CHZ, CHZE, DEN, DENE, DUI, DUIE, ECNE, EHB, EHBE, EHN, ELE, ELH, ELK, ELKE, END, ENDE, ENTE, EUT, EUTE, FIZ, FIZE, GEM, GEME, GEMK, GEO, GEOE, GID, GIDE, GMI, GMIE, ICM, IML, IMLE, INS, INSE, ISL, ISLE, JDF, JEF, JEFE, JEO, JEOE, KIM, KIME, KMM, KMME, KOM, KOME, MAD, MADE, MAK, MAKE, MAT, MATE, MET, METE, MIM, MIME, MTO, MTOE, PEM, PEME, PET, PETE, SBP, SBPE, SEH, TEK, TEKE, TEL, THO, UCK, UCKE, UZB, UZBE, YZVE",,
11176,ATA 101,ATA,LS,Atatürk İlk & İnkılap Trh I,,***,,Çarşamba,10:30/12:29,,70,0,,"DUI, DUIE, GMI, GMIE",,
11177,ATA 101,ATA,LS,Atatürk İlk & İnkılap Trh I,,***,,Çarşamba,13:30/15:29,,70,0,,"DUI, DUIE, GMI, GMIE",,
11178,ATA 101,ATA,LS,Atatürk İlk & İnkılap Trh I,,Pelin Helvacı,,Cuma,10:30/12:29,,27,26,,"BIO, BIOE, BLG, BLGE, CEV, CEVE, CHZ, CHZE, DEN, DENE, DUI, DUIE, ECNE, EHB, EHBE, EHN, ELE, ELH, ELK, ELKE, END, ENDE, ENTE, EUT, EUTE, FIZ, FIZE, GEM, GEME, GEMK, GEO, GEOE, GID, GIDE, GMI, GMIE, ICM, IML, IMLE, INS, INSE, ISL, ISLE, JDF, JEF, JEFE, JEO, JEOE, KIM, KIME, KMM, KMME, KOM, KOME, MAD, MADE, MAK, MAKE, MAT, MATE, MET, METE, MIM, MIME, MTO, MTOE, PEM, PEME, PET, PETE, SBP, SBPE, SEH, TEK, TEKE, TEL, THO, UCK, UCKE, UZB, UZBE, YZVE",,
11179,ATA 101,ATA,LS,Atatürk İlk & İnkılap Trh I,,Pelin Helvacı,,Cuma,14:30/16:29,,50,55,,"BIO, BIOE, BLG, BLGE, CEV, CEVE, CHZ, CHZE, DEN, DENE, DUI, DUIE, ECNE, EHB, EHBE, EHN, ELE, ELH, ELK, ELKE, END, ENDE, ENTE, EUT, EUTE, FIZ, FIZE, GEM, GEME, GEMK, GEO, GEOE, GID, GIDE, GMI, GMIE, ICM, IML, IMLE, INS, INSE, ISL, ISLE, JDF, JEF, JEFE, JEO, JEOE, KIM, KIME, KMM, KMME, KOM, KOME, MAD, MADE, MAK, MAKE, MAT, MATE, MET, METE, MIM, MIME, MTO, MTOE, PEM, PEME, PET, PETE, SBP, SBPE, SEH, TEK, TEKE, TEL, THO, UCK, UCKE, UZB, UZBE, YZVE",,
11180,ATA 102,ATA,LS,Atatürk İlk & İnkılap Trh II,,Barış Ertem,,Pazartesi,10:30/12:29,,75,75,,"BIO, BIOE, BLG, BLGE, CEV, CEVE, CHZ, CHZE, DEN, DENE, DUI, DUIE, ECNE, EHB, EHBE, EHN, ELE, ELH, ELK, ELKE, END, ENDE, ENTE, EUT, EUTE, FIZ, FIZE, GEM, GEME, GEMK, GEO, GEOE, GID, GIDE, GMI, GMIE, ICM, IML, IMLE, INS, INSE, ISL, ISLE, JDF, JEF, JEFE, JEO, JEOE, KIM, KIME, KMM, KMME, KOM, KOME, MAD, MADE, MAK, MAKE, MAT, MATE, MET, METE, MIM, MIME, MTO, MTOE, PEM, PEME, PET, PETE, SBP, SBPE, SEH, TEK, TEKE, TEL, THO, UCK, UCKE, UZB, UZBE, YZVE",,
11181,ATA 102,ATA,LS,Atatürk İlk & İnkılap Trh II,,Barış Ertem,,Pazartesi,13:30/15:29,,75,75,,"BIO, BIOE, BLG, BLGE, CEV, CEVE, CHZ, CHZE, DEN, DENE, DUI, DUIE, ECNE, EHB, EHBE, EHN, ELE, ELH, ELK, ELKE, END, ENDE, ENTE, EUT, EUTE, FIZ, FIZE, GEM, GEME, GEMK, GEO, GEOE, GID, GIDE, GMI, GMIE, ICM, IML, IMLE, INS, INSE, ISL, ISLE, JDF, JEF, JEFE, JEO, JEOE, KIM, KIME, KMM, KMME, KOM, KOME, MAD, MADE, MAK, MAKE, MAT, MATE, MET, METE, MIM, MIME, MTO, MTOE, PEM, PEME, PET, PETE, SBP, SBPE, SEH, TEK, TEKE, TEL, THO, UCK, UCKE, UZB, UZBE, YZVE",,
11182,ATA 101,ATA,LS,Atatürk İlk & İnkılap Trh I,,Barış Ertem,,Salı,10:30/12:29,,75,75,,"BIO, BIOE, BLG, BLGE, CEV, CEVE, CHZ, CHZE, DEN, DENE, DUI, DUIE, ECNE, EHB, EHBE, EHN, ELE, ELH, ELK, ELKE, END, ENDE, ENTE, EUT, EUTE, FIZ, FIZE, GEM, GEME, GEMK, GEO, GEOE, GID, GIDE, GMI, GMIE, ICM, IML, IMLE, INS, INSE, ISL, ISLE, JDF, JEF, JEFE, JEO, JEOE, KIM, KIME, KMM, KMME, KOM, KOME, MAD, MADE, MAK, MAKE, MAT, MATE, MET, METE, MIM, MIME, MTO, MTOE, PEM, PEME, PET, PETE, SBP, SBPE, SEH, TEK, TEKE, TEL, THO, UCK, UCKE, UZB, UZBE, YZVE",,
11183,ATA 101,ATA,LS,Atatürk İlk & İnkılap Trh I,,Barış Ertem,,Salı,13:30/15:29,,75,76,,"BIO, BIOE, BLG, BLGE, CEV, CEVE, CHZ, CHZE, DEN, DENE, DUI, DUIE, ECNE, EHB, EHBE, EHN, ELE, ELH, ELK, ELKE, END, ENDE, ENTE, EUT, EUTE, FIZ, FIZE, GEM, GEME, GEMK, GEO, GEOE, GID, GIDE, GMI, GMIE, ICM, IML, IMLE, INS, INSE, ISL, ISLE, JDF, JEF, JEFE, JEO, JEOE, KIM, KIME, KMM, KMME, KOM, KOME, MAD, MADE, MAK, MAKE, MAT, MATE, MET, METE, MIM, MIME, MTO, MTOE, PEM, PEME, PET, PETE, SBP, SBPE, SEH, TEK, TEKE, TEL, THO, UCK, UCKE, UZB, UZBE, YZVE",,
11184,ATA 102,ATA,LS,Atatürk İlk & İnkılap Trh II,,Barış Ertem,,Salı,15:30/17:29,,75,75,,"BIO, BIOE, BLG, BLGE, CEV, CEVE, CHZ, CHZE, DEN, DENE, DUI, DUIE, ECNE, EHB, EHBE, EHN, ELE, ELH, ELK, ELKE, END, ENDE, ENTE, EUT, EUTE, FIZ, FIZE, GEM, GEME, GEMK, GEO, GEOE, GID, GIDE, GMI, GMIE, ICM, IML, IMLE, INS, INSE, ISL, ISLE, JDF, JEF, JEFE, JEO, JEOE, KIM, KIME, KMM, KMME, KOM, KOME, MAD, MADE, MAK, MAKE, MAT, MATE, MET, METE, MIM, MIME, MTO, MTOE, PEM, PEME, PET, PETE, SBP, SBPE, SEH, TEK, TEKE, TEL, THO, UCK, UCKE, UZB, UZBE, YZVE",,
11185,ATA 101,ATA,LS,Atatürk İlk & İnkılap Trh I,,Barış Ertem,,Çarşamba,10:30/12:29,,75,77,,"BIO, BIOE, BLG, BLGE, CEV, CEVE, CHZ, CHZE, DEN, DENE, DUI, DUIE, ECNE, EHB, EHBE, EHN, ELE, ELH, ELK, ELKE, END, ENDE, ENTE, EUT, EUTE, FIZ, FIZE, GEM, GEME, GEMK, GEO, GEOE, GID, GIDE, GMI, GMIE, ICM, IML, IMLE, INS, INSE, ISL, ISLE, JDF, JEF, JEFE, JEO, JEOE, KIM, KIME, KMM, KMME, KOM, KOME, MAD, MADE, MAK, MAKE, MAT, MATE, MET, METE, MIM, MIME, MTO, MTOE, PEM, PEME, PET, PETE, SBP, SBPE, SEH, TEK, TEKE, TEL, THO, UCK, UCKE, UZB, UZBE, YZVE",,
11186,ELK 343E,ELK,LS,Electromech. Energy Conversion,,Lale Ergene,,Çarşamba,08:30/11:29,,40,34,,"ELK, ELKE",,
11187,EHB 311E,EHB,LS,Intr.to Electronics Laboratory,,Ali Bahadır,,Cuma,14:00/15:59,,45,45,,"BLG, BLGE, EHB, EHBE, KOM, KOME, SEH",,
11188,ELK 344,ELK,LS,Elektrik Tesislerinde Güvenlik,,Belgin Türkay,,Pazartesi,12:30/15:29,,60,60,,"ELK, KOM",,
11189,EHB 311E,EHB,LS,Intr.to Electronics Laboratory,,Ali Bahadır,,Cuma,08:30/10:29,,40,35,,"BLG, BLGE, EHB, EHBE, KOM, KOME, SEH",,
11190,EHB 311E,EHB,LS,Intr.to Electronics Laboratory,,Ali Bahadır,,Perşembe,12:30/14:29,,55,54,,"BLG, BLGE, EHB, EHBE, KOM, KOME, SEH",,
11191,ELK 361,ELK,LS,Mühendislikte Çizim ve Tasarım,,Ali Sinan Çabuk,,Cuma,10:30/12:29,,40,40,,ELK,,
11192,EHB 313,EHB,LS,Elektromagnetik Dalgalar,,Funda Akleman Yapar,,Salı,08:30/11:29,,65,65,,"EHB, ELE, TEL",,
11193,ELK 361,ELK,LS,Mühendislikte Çizim ve Tasarım,,Ali Sinan Çabuk,,Perşembe,08:30/10:29,,40,38,,ELK,,
11194,ELK 361E,ELK,LS,Engineering Drawing and Design,,Ali Sinan Çabuk,,Perşembe,10:30/12:29,,40,39,,"ELK, ELKE",,
11195,EHB 313,EHB,LS,Elektromagnetik Dalgalar,,Özgür Özdemir,,Salı,08:30/11:29,,60,56,,"EHB, ELE, TEL",,
11196,ELK 361E,ELK,LS,Engineering Drawing and Design,,Ali Sinan Çabuk,,Cuma,08:30/10:29,,35,22,,"ELK, ELKE",,
11197,EHB 313E,EHB,LS,Electromagnetic Waves,,Tuba Yılmaz Abdolsaheb,,Salı,08:30/11:29,,75,73,,"EHB, EHBE, ELE, SEH, TEL",,
11198,ELK 371,ELK,LS,Aydınlatma Tekniği,,Canan Karatekin,,Salı,12:30/15:29,,45,51,,ELK,,
11199,EHB 313E,EHB,LS,Electromagnetic Waves,,Mehmet Çayören,,Salı,08:30/11:29,,75,75,,"EHB, EHBE, ELE, SEH, TEL",,
11200,EHB 315,EHB,LS,Sayısal İşaret İşleme,,Işın Erer,,Pazartesi,12:30/15:29,,65,63,,"EHB, TEL",,
11201,ELK 371,ELK,LS,Aydınlatma Tekniği,,Önder Güler,,Salı,12:30/15:29,,45,51,,ELK,,
11202,ELK 371E,ELK,LS,Illumination Techniques,,Lale Erdem Atılgan,,Salı,12:30/15:29,,45,46,,"ELK, ELKE",,
11203,ELK 411,ELK,LS,Yüksek Gerilim Laboratuvarı,,Özcan Kalenderli,,Perşembe,12:30/15:29,,35,35,,ELK,,
11204,ELK 411,ELK,LS,Yüksek Gerilim Laboratuvarı,,Şükran Emel Önal,,Salı,12:30/15:29,,30,29,,ELK,,
11205,ELK 411E,ELK,LS,High Voltage Lab.,,Aydoğan Özdemir,,Cuma,08:30/11:29,,30,18,,"ELK, ELKE",,
11206,ELK 411E,ELK,LS,High Voltage Lab.,,Suat İlhan,,Çarşamba,12:30/15:29,,40,53,,"ELK, ELKE",,
11207,EHB 315,EHB,LS,Sayısal İşaret İşleme,,Bilge Günsel Kalyoncu,,Pazartesi,12:30/15:29,,65,32,,"EHB, TEL",,
11208,EHB 315E,EHB,LS,Digital Signal Processing,,Tayfun Akgül,,Pazartesi,12:30/15:29,,80,81,,"EHB, EHBE, TEL",,
11209,EHB 315E,EHB,LS,Digital Signal Processing,,Ahmet Hamdi Kayran,,Pazartesi,12:30/15:29,,80,81,,"EHB, EHBE, TEL",,
11210,EHB 326E,EHB,LS,Intr.to Embedded Systems,,Müştak Erhan Yalçın,,Perşembe,12:30/15:29,,65,64,,"EHB, EHBE",,
11211,EHB 328E,EHB,LS,Machine Learning for Sig.Proc.,,Ender Mete Ekşioğlu,,Cuma,08:30/11:29,,65,62,,"EHB, EHBE",,
11212,ELK 415E,ELK,LS,Digital Protection &Signalling,,Ömer Usta,,Çarşamba,08:30/11:29,,50,48,,"ELK, ELKE",,
11213,ELK 421,ELK,LS,Elektrik Enerjisi Üretimi,,Belgin Türkay,,Salı,08:30/11:29,,40,40,,ELK,,
11214,ELK 421,ELK,LS,Elektrik Enerjisi Üretimi,,Ayşen Demirören,,Salı,08:30/11:29,,35,36,,ELK,,
11215,ELK 421,ELK,LS,Elektrik Enerjisi Üretimi,,Hatice Lale Zeynelgil,,Salı,08:30/11:29,,35,36,,ELK,,
11216,ELK 421E,ELK,LS,Generat. of Electrical Energy,,Ömer Usta,,Salı,08:30/11:29,,35,34,,"ELK, ELKE",,
11217,EHB 335,EHB,LS,Analog Elektronik Devreleri,,Metin Yazgı,,Çarşamba,08:30/11:29,,70,74,,"EHB, ELE, ELH, TEL",,
11218,ELK 423,ELK,LS,Özel Elektrik Makinaları,,Murat İmeryüz,,Cuma,08:30/11:29,,40,26,,ELK,,
11219,EHB 335E,EHB,LS,Analog Electronic Circuits,,Mustafa Berke Yelten,,Çarşamba,08:30/11:29,,70,70,,"EHB, EHBE, ELE, ELH, TEL",,
11220,EHB 335E,EHB,LS,Analog Electronic Circuits,,Nil Banu Tarım,,Çarşamba,08:30/11:29,,70,36,,"EHB, EHBE, ELE, ELH, TEL",,
11221,ELK 423E,ELK,LS,Special Electrical Machines,,--,,Cuma,08:30/11:29,,0,0,,"ELK, ELKE",,
11222,EHB 351,EHB,LS,Analog Haberleşme,,İbrahim Altunbaş,,Perşembe,08:30/11:29,,70,73,,"EHB, ELE, TEL",,
11223,EHB 351,EHB,LS,Analog Haberleşme,,Hakan Ali Çırpan,,Perşembe,08:30/11:29,,70,62,,"EHB, ELE, TEL",,
11224,ELK 431,ELK,LS,Elektrik Makinaları Lab I,,Murat İmeryüz,,Salı,12:30/14:29,,40,28,,ELK,,
11225,EHB 351E,EHB,LS,Analog Communications,,Güneş Zeynep Karabulut Kurt,,Perşembe,08:30/11:29,,70,71,,"EHB, EHBE, ELE, SEH, TEL",,
11226,EHB 351E,EHB,LS,Analog Communications,,Semiha Tedik Başaran,,Perşembe,08:30/11:29,,75,76,,"EHB, EHBE, ELE, SEH, TEL",,
11227,ELK 431,ELK,LS,Elektrik Makinaları Lab I,,Güven Kömürgöz Kırış,,Perşembe,12:30/14:29,,40,35,,ELK,,
11228,EHB 413E,EHB,LS,VLSI Circuit Design I,,Tufan Coşkun Karalar,,Cuma,08:30/11:29,,30,27,,"EHB, EHBE",,
11229,ELK 431,ELK,LS,Elektrik Makinaları Lab I,,Derya Ahmet Kocabaş,,Cuma,08:30/10:29,,40,45,,ELK,,
11230,EHB 415E,EHB,LS,Data Communications,,Semiha Tedik Başaran,,Pazartesi,08:30/11:29,,65,66,,"EHB, EHBE, TEL",,
11231,ELK 431E,ELK,LS,Electrical Machines Lab. I,,Lale Ergene,,Pazartesi,12:30/14:29,,30,12,,"ELK, ELKE",,
11232,EHB 417E,EHB,LS,RF Microelectronics,,Tufan Coşkun Karalar,,Pazartesi,08:30/11:29,,50,31,,"EHB, EHBE, ELE",,
11233,ELK 443E,ELK,LS,Basics of Dynmcs.of Elec.Mach.,,Duygu Bayram,,Cuma,14:00/16:59,,40,17,,"ELK, ELKE, KOM, KOME",,
11234,EHB 418E,EHB,LS,RF Electronics Applications,,Hasan Bülent Yağcı,,Perşembe,12:30/16:29,,20,4,,"EHB, EHBE, ELE",,
11235,ELK 455E,ELK,LS,Comp.Networks for Pwr Syst.,,"Ömer Usta, Salih Barış Öztürk, Tahir Çetin Akıncı",,Perşembe,08:30/11:29,,200,153,,"ELK, ELKE",,
11236,EHB 419,EHB,LS,Sayısal Sistem Tasarımı,,Ece Olcay Güneş,,Çarşamba,08:30/11:29,,50,34,,"EHB, ELE, ELH",,
11237,ELK 455E,ELK,LS,Comp.Networks for Pwr Syst.,,***,,Perşembe,08:30/11:29,,40,0,,"ELK, ELKE",,
11238,ELK 455E,ELK,LS,Comp.Networks for Pwr Syst.,,***,,Perşembe,08:30/11:29,,40,0,,"ELK, ELKE",,
11239,EHB 420,EHB,LS,Yapay Sinir Ağları,,Neslihan Serap Şengör,,Cuma,14:00/16:59,,75,74,,"EHB, ELE, TEL",,
11240,EHB 421,EHB,LS,Tıp Elektroniğine Giriş,,Zümray Ölmez,,Salı,12:30/15:29,,50,33,,"EHB, ELE, ELH",,
11241,ELK 458,ELK,LS,Elektrik Mühendisliği Projesi,,Mustafa Bağrıyanık,,Pazartesi,08:30/11:29,,20,13,,ELK,,
11242,ELK 458,ELK,LS,Elektrik Mühendisliği Projesi,,Güven Kömürgöz Kırış,,Pazartesi,08:30/11:29,,20,20,,ELK,,
11243,EHB 422,EHB,LS,Biyolojik İşar.Ol.&Alg.Yöntem.,,"Zümray Ölmez, Tamer Ölmez",,Çarşamba,12:30/15:29,,50,37,,"EHB, ELE, ELH",,
11244,ELK 458,ELK,LS,Elektrik Mühendisliği Projesi,,Canan Karatekin,,Pazartesi,08:30/11:29,,15,12,,ELK,,
11245,EHB 436E,EHB,LS,Digital System Design Applic.,,Ece Olcay Güneş,,Perşembe,12:30/16:29,,20,16,,"EHB, EHBE",,
11246,EHB 436E,EHB,LS,Digital System Design Applic.,,Sıddıka Berna Örs Yalçın,,Salı,12:30/16:29,,25,25,,"EHB, EHBE",,
11247,EHB 442E,EHB,LS,Semiconductor Devices,,Mustafa Berke Yelten,,Perşembe,08:30/11:29,,50,28,,"EHB, EHBE",,
11248,EHB 451E,EHB,LS,Active Microwave Circuits,,Mesut Kartal,,Pazartesi,12:30/15:29,,65,64,,"EHB, EHBE, TEL",,
11249,EHB 453E,EHB,LS,Intr.to Mobile Communications,,Mustafa Ergen,,Salı,08:30/11:29,,65,60,,"EHB, EHBE, ELH, TEL",,
11250,EHB 454,EHB,LS,Haberleşme Teorisi,,Hasan Ümit Aygölü,,Salı,12:30/15:29,,55,43,,"EHB, ELH, TEL",,
11251,EHB 456E,EHB,LS,Antennas,,Selçuk Paker,,Cuma,14:00/16:59,,55,36,,"EHB, EHBE, TEL",,
11252,EHB 458,EHB,LS,Mikrodalga Ölçme Yöntem ve Uyg,,Serkan Şimşek,,Salı,12:30/16:29,,50,18,,"EHB, TEL",,
11253,EHB 473,EHB,LS,Mikrodalga&RF Haberleşmesi,,Mesut Kartal,,Cuma,08:30/11:29,,60,50,,"EHB, ELH, TEL",,
11254,EHB 474E,EHB,LS,Introduction to Optimization,,Mehmet Ertuğrul Çelebi,,Perşembe,12:30/15:29,,65,62,,"EHB, EHBE, ELE, TEL",,
11255,EHB 481,EHB,LS,Temel Hab.Sis. Tas&Uy,,İbrahim Altunbaş,,Pazartesi | Pazartesi,12:30/14:29 | 14:30/16:29,,25,18,,"EHB, TEL",,
11256,ELK 463E,ELK,LS,Overvolt. & Insulation Coord.,,--,,Salı,12:30/15:29,,0,0,,"ELK, ELKE",,
11257,ELK 471,ELK,LS,Mühendislik ve Proje Yönetimi,,Ömer Gül,,Salı,12:30/15:29,,40,18,,ELK,,
11258,ELK 471E,ELK,LS,Engineer. & Project Management,,Özgür Üstün,,Cuma,14:00/16:59,,50,49,,"ELK, ELKE",,
11259,ELK 472,ELK,LS,Yenilenebilir Enerji Sist.,,Ayşen Demirören,,Perşembe,12:30/15:29,,40,31,,ELK,,
11260,EHB 481E,EHB,LS,Des.&Applic.of Basic Comm.Sys.,,Hakan Ali Çırpan,,Perşembe | Perşembe,12:30/14:29 | 14:30/16:29,,20,10,,"EHB, EHBE, TEL",,
11261,ELK 473,ELK,LS,Yksk Ger Tek Boşalma Olayları,,Suat İlhan,,Perşembe,12:30/15:29,,40,35,,ELK,,
11262,EHB 481E,EHB,LS,Des.&Applic.of Basic Comm.Sys.,,Semiha Tedik Başaran,,Salı | Salı,13:30/15:29 | 15:30/17:29,,20,5,,"EHB, EHBE, TEL",,
11263,ELK 483,ELK,LS,Yüksek Gerilim Güç Kesicileri,,Özcan Kalenderli,,Cuma,08:30/11:29,,40,41,,ELK,,
11264,ELK 4901,ELK,LS,Elektrik Müh. Tasarımı I,,Şahin Serhat Şeker,,,/,,500,42,,ELK,,
11265,ELK 4901E,ELK,LS,Electrical Eng. Design I,,Şahin Serhat Şeker,,,/,,500,5,,"ELK, ELKE",,
11266,ELK 4902,ELK,LS,Elektrik Müh. Tasarımı II,,--,,,/,,500,0,,ELK,,
11267,ELK 4902E,ELK,LS,Electrical Eng. Design II,,Şahin Serhat Şeker,,,/,,500,3,,"ELK, ELKE",,
11268,ELK 492,ELK,LS,Bitirme Tasarım Projesi,,Şahin Serhat Şeker,,,/,,500,32,,ELK,,
11269,ELK 492E,ELK,LS,Graduation Design Project,,Şahin Serhat Şeker,,,/,,500,13,,"ELK, ELKE",,
11270,EHB 4901,EHB,LS,Elektronik & Hab. Müh. Tas .I,,İsmail Serdar Özoğuz,,,/,,500,31,,EHB,,
11271,ELK 493E,ELK,LS,Illumination&Indoor Inst.Lab,,Lale Erdem Atılgan,,Pazartesi,12:30/15:29,,30,0,,"ELK, ELKE",,
11272,EHB 4901E,EHB,LS,Elect.&Comm. Eng. Design I,,İsmail Serdar Özoğuz,,,/,,500,61,,"EHB, EHBE",,
11273,EHB 4902,EHB,LS,Elektronik & Hab. Müh. Tas .II,,İsmail Serdar Özoğuz,,,/,,500,1,,EHB,,
11274,ELK 495,ELK,LS,Elek. Enrj Kalit. ve Harmnkler,,Ömer Gül,,Pazartesi,08:30/11:29,,40,26,,ELK,,
11275,EHB 4902E,EHB,LS,Elect.&Comm. Eng. Design II,,--,,,/,,500,0,,"EHB, EHBE",,
11276,ELK 497,ELK,LS,Fırçasız Elektrik Motorları,,Murat Yılmaz,,Cuma,14:00/16:59,,40,31,,ELK,,
11277,EHB 492,EHB,LS,Bitirme Projesi,,İsmail Serdar Özoğuz,,,/,,500,16,,EHB,,
11278,EHB 492E,EHB,LS,Graduation Project,,İsmail Serdar Özoğuz,,,/,,500,27,,"EHB, EHBE",,
11279,KON 101,KON,LS,Kontrol ve Otomasyon Müh. Etik,,Mustafa Doğan,,Çarşamba,13:30/14:29,,75,77,,"KOM, KON",,
11280,KON 101E,KON,LS,Cont.& Automation Eng. Ethics,,Mustafa Doğan,,Çarşamba,14:30/15:29,,60,63,,"KOM, KOME",,
11281,KON 110E,KON,LS,Intr. to Prog. Language (C),,Serkan Türkeli,,Pazartesi | Pazartesi,12:30/14:29 | 14:30/15:29,,80,82,,"KOM, KOME",,
11282,KON 111,KON,LS,Kontrol Müh. Grş.,,Volkan Sezer,,Çarşamba,14:30/15:29,,80,81,,KOM,,
11283,KON 111E,KON,LS,Intr. to Control Eng.,,Volkan Sezer,,Çarşamba,13:30/14:29,,60,60,,"KOM, KOME",,
11284,KON 201E,KON,LS,Differential Equations,,Gülay Öke Günel,,Perşembe,12:30/16:29,,90,147,,"KOM, KOME",,
11285,BIO 302E,BIO,LS,Fundamentals of Biotechnology,,Yetkin Öztürk,,Cuma,08:30/11:29,,70,57,,"CHZ, CHZE, DEN, ELE, ELH, ELK, ELKE, FIZ, FIZE, GEM, JEO, JEOE, KMM, KMME, KOM, KOME, MAD, MADE, PET, PETE, TEL",,
11287,KON 224,KON,LS,Ölçme ve Enstrümantasyon,,Yücel Aydın,,Çarşamba,12:30/15:29,,60,45,,"EHB, ELE, ELH, ELK, TEL",,
11288,KON 305E,KON,LS,Programming Techniq.in Control,,Emre Dincel,,Salı,12:30/16:29,,80,64,,"KOM, KOME",,
11289,KON 309E,KON,LS,Microcontroller Systems,,Osman Kaan Erol,,Salı,08:30/12:29,,80,71,,"KOM, KOME, MKN",,
11290,KON 309E,KON,LS,Microcontroller Systems,,Emre Dincel,,Salı,08:30/12:29,,60,60,,"KOM, KOME, MKN",,
11291,KON 313,KON,LS,Geribeslemeli Kontrol Sist.,,Müjde Güzelkaya,,Pazartesi,12:30/15:29,,80,73,,KOM,,
11292,KON 313E,KON,LS,Feedback Control Systems,,İbrahim Eksin,,Pazartesi,12:30/15:29,,40,23,,"KOM, KOME",,
11293,KON 314E,KON,LS,Control System Design,,Emre Dincel,,Pazartesi | Cuma,08:30/10:29 | 14:30/16:29,,40,38,,"KOM, KOME",,
11294,KON 315,KON,LS,Elektronik Enstrümantasyon,,Serhat İkizoğlu,,Çarşamba,08:30/12:29,,60,55,,KOM,,
11295,KON 315,KON,LS,Elektronik Enstrümantasyon,,Yücel Aydın,,Çarşamba,08:30/12:29,,60,41,,KOM,,
11296,KON 315E,KON,LS,Electronic Instrumentation,,Serhat İkizoğlu,,Perşembe,08:30/12:29,,50,27,,"KOM, KOME",,
11297,KON 317,KON,LS,Otomatik Kontrol Sistemleri,,İlker Üstoğlu,,Pazartesi,12:30/15:29,,90,89,,"BLG, EHB, ELE, ELH, ELK, TEL",,
11298,KON 317,KON,LS,Otomatik Kontrol Sistemleri,,Sıddık Murat Yeşiloğlu,,Pazartesi,12:30/15:29,,90,90,,"BLG, EHB, ELE, ELH, ELK, TEL",,
11299,KON 317E,KON,LS,Control Systems,,Gülay Öke Günel,,Pazartesi,12:30/15:29,,90,71,,"BLG, BLGE, EHB, EHBE, ELK, ELKE, SEH",,
11300,KON 318E,KON,LS,Introduction to Robotics,,Hakan Temeltaş,,Salı,12:30/15:29,,90,90,,"KOM, KOME",,
11301,KON 405E,KON,LS,State Space Meth.in Contr.Syst,,Fikret Çalışkan,,Pazartesi,08:30/11:29,,90,54,,"KOM, KOME",,
11302,KON 409,KON,LS,Bitirme Tasarım Prj. Giriş,,Hakan Temeltaş,,Perşembe,10:30/12:29,,40,27,,KOM,,
11303,KON 409E,KON,LS,Int. to Senior Design Project,,Hakan Temeltaş,,Perşembe,12:30/14:29,,40,7,,"KOM, KOME",,
11304,KON 411,KON,LS,Kontrol Lab.,,Yaprak Yalçın,,Çarşamba,08:30/10:29,,24,15,,KOM,,
11305,KON 411,KON,LS,Kontrol Lab.,,Yaprak Yalçın,,Pazartesi,08:30/10:29,,24,11,,KOM,,
11306,KON 411,KON,LS,Kontrol Lab.,,Yaprak Yalçın,,Perşembe,08:30/10:29,,30,29,,KOM,,
11307,KON 411E,KON,LS,Control Laboratory,,Ali Fuat Ergenç,,Cuma,08:30/10:29,,30,28,,"KOM, KOME",,
11308,KON 411E,KON,LS,Control Laboratory,,Ali Fuat Ergenç,,Çarşamba,12:30/14:29,,24,11,,"KOM, KOME",,
11309,KON 413,KON,LS,Endüstriyel Otomasyon,,Salman Kurtulan,,Perşembe,12:30/16:29,,32,15,,KOM,,
11310,KON 413E,KON,LS,Industrial Automation,,--,,Perşembe,12:30/16:29,,32,0,,"KOM, KOME",,
11313,KON 419E,KON,LS,Control Sys. Dsgn. Project,,Ali Fuat Ergenç,,Pazartesi | Cuma,11:30/12:29 | 10:30/11:29,,90,42,,"KOM, KOME",,
11314,KON 422,KON,LS,Elektrikli Ulaşım Sistemleri,,Salman Kurtulan,,Çarşamba,12:30/15:29,,50,34,,KOM,,
11315,KON 422E,KON,LS,Electrical Transportation Sys.,,İlker Üstoğlu,,Cuma,14:00/16:59,,50,0,,"KOM, KOME",,
11316,KON 425E,KON,LS,Process Control,,Tufan Kumbasar,,Çarşamba,08:30/11:29,,50,46,,"KOM, KOME",,
11317,KON 435E,KON,LS,Industrial Data Communications,,Ali Fuat Ergenç,,Pazartesi,12:30/16:29,,70,62,,"END, ENDE, KOM, KOME",,
11318,KON 437E,KON,LS,Motion Control Systems,,Ali Fuat Ergenç,,Salı | Salı,08:30/10:29 | 10:30/12:29,,50,13,,"KOM, KOME",,
11319,KON 4901,KON,LS,Kontrol&Otom. Müh.Tasarımı I,,Hakan Temeltaş,,,/,,500,24,,KOM,,
11320,KON 4901E,KON,LS,Contr.&Automation Eng.Design I,,Hakan Temeltaş,,,/,,500,1,,"KOM, KOME",,
11321,KON 4902,KON,LS,Kontrol&Otom. Müh.Tasarımı II,,--,,,/,,500,0,,KOM,,
11322,KON 4902E,KON,LS,Contr.&Automation Eng.DesignII,,--,,,/,,500,0,,"KOM, KOME",,
11323,KON 492,KON,LS,Bitirme Tasarım Projesi,,Hakan Temeltaş,,,/,,500,20,,KOM,,
11324,KON 492E,KON,LS,Senior Design Project,,Hakan Temeltaş,,,/,,500,3,,"KOM, KOME",,
11325,CAB 492,CAB,LS,Bitirme Çalışması,,Serkan Mesut Halili,,,/,,500,4,,"CAB, CEB",,
11326,CAB 177,CAB,LS,Piyano I,,Alper Rumelioğlu,,Çarşamba,08:30/10:29,,17,21,,"DUI, MTR, MUT, MUZ, MZT, SES",,
11327,CAB 177,CAB,LS,Piyano I,,Sıtkı Kandemir Basmacıoğlu,,Cuma,08:30/10:29,,17,18,,"DUI, MTR, MUT, MUZ, MZT, SES",,
11328,CAB 177,CAB,LS,Piyano I,,Mehru Ensari,,Çarşamba,13:30/15:29,,17,18,,"DUI, MTR, MUT, MUZ, MZT, SES",,
11329,CAB 277,CAB,LS,Piyano III,,Devlet Devrim Öztaş,,Cuma,13:30/15:29,,17,18,,"MTR, MUT, MZT, SES",,
11330,CAB 277,CAB,LS,Piyano III,,Alper Rumelioğlu,,Cuma,15:30/17:29,,17,18,,"MTR, MUT, MZT, SES",,
11331,CAB 277,CAB,LS,Piyano III,,Mehru Ensari,,Pazartesi,10:30/12:29,,17,21,,"MTR, MUT, MZT, SES",,
11332,CAB 177,CAB,LS,Piyano I,,Devlet Devrim Öztaş,,Cuma,10:30/12:29,,17,18,,"DUI, MTR, MUT, MUZ, MZT, SES",,
11333,CAB 731,CAB,LS,Toplu Uygulama I (Orkestra),,Cenk Öztürk,,Çarşamba | Cuma,13:30/15:29 | 13:30/15:29,,25,5,,"CAB, CEB, CGM1, CGM2, CGM3, CGM4, CGM5, CGM8",,
11334,CAB 733,CAB,LS,Toplu Uygulama I (THM),,Haydar Tanrıverdi,,Çarşamba | Cuma,13:30/15:29 | 13:30/15:29,,25,2,,"CAB, CEB, CGM1, CGM2, CGM3, CGM4, CGM5, CGM8",,
11335,CAB 735,CAB,LS,Toplu Uygulama I (TSM),,Hatice Doğan Sevinç,,Çarşamba | Cuma,13:30/15:29 | 13:30/15:29,,25,5,,"CAB, CEB, CGM1, CGM2, CGM3, CGM4, CGM5, CGM8",,
11336,CAB 741,CAB,LS,Toplu Uygulama III (Orkestra),,Cenk Öztürk,,Çarşamba | Cuma,13:30/15:29 | 13:30/15:29,,25,2,,"CAB, CEB, CGM1, CGM2, CGM3, CGM4, CGM5, CGM8",,
11337,CAB 743,CAB,LS,Toplu Uygulama III (THM),,Haydar Tanrıverdi,,Çarşamba | Cuma,13:30/15:29 | 13:30/15:29,,25,1,,"CAB, CEB, CGM1, CGM2, CGM3, CGM4, CGM5, CGM8",,
11338,CAB 745,CAB,LS,Toplu Uygulama III (TSM),,Hatice Doğan Sevinç,,Çarşamba | Cuma,13:30/15:29 | 13:30/15:29,,25,1,,"CAB, CEB, CGM1, CGM2, CGM3, CGM4, CGM5, CGM8",,
11339,CAB 751,CAB,LS,Toplu Uygulama V (Orkestra),,Cenk Öztürk,,Çarşamba | Cuma,13:30/15:29 | 13:30/15:29,,25,8,,"CAB, CEB, CGM1, CGM2, CGM3, CGM4, CGM5, CGM8",,
11340,CAB 753,CAB,LS,Toplu Uygulama V (THM),,Haydar Tanrıverdi,,Çarşamba | Cuma,13:30/15:29 | 13:30/15:29,,25,9,,"CAB, CEB, CGM1, CGM2, CGM3, CGM4, CGM5, CGM8",,
11341,CAB 755,CAB,LS,Toplu Uygulama V (TSM),,Hatice Doğan Sevinç,,Çarşamba | Cuma,13:30/15:29 | 13:30/15:29,,25,2,,"CAB, CEB, CGM1, CGM2, CGM3, CGM4, CGM5, CGM8",,
11342,CAB 761,CAB,LS,Toplu Uygulama VII (Orkestra)K,,Cenk Öztürk,,Çarşamba | Cuma,13:30/15:29 | 13:30/15:29,,25,2,,"CAB, CEB, CGM1, CGM2, CGM3, CGM4, CGM5, CGM8",,
11343,CAB 763,CAB,LS,Toplu Uygulama VII (THM),,Haydar Tanrıverdi,,Çarşamba | Cuma,13:30/15:29 | 13:30/15:29,,25,3,,"CAB, CEB, CGM1, CGM2, CGM3, CGM4, CGM5, CGM8",,
11344,CAB 765,CAB,LS,Toplu Uygulama VII (TSM),,Hatice Doğan Sevinç,,Çarşamba | Cuma,13:30/15:29 | 13:30/15:29,,25,1,,"CAB, CEB, CGM1, CGM2, CGM3, CGM4, CGM5, CGM8",,
11345,CAB 143,CAB,LS,Yrd.Çalgı Piyano I,,Alper Rumelioğlu,,Cuma,10:30/12:29,,17,17,,"BST, CAB, CEB, KMP",,
11346,CAB 243,CAB,LS,Yrd.Çalgı Piyano III,,Devlet Devrim Öztaş,,Pazartesi,15:30/17:29,,17,14,,"BST, CAB, CEB, KMP",,
11347,CAB 343,CAB,LS,Yrd.Çalgı Piyano V,,Sıtkı Kandemir Basmacıoğlu,,Cuma,10:30/12:29,,17,17,,"BST, CAB, CEB, KMP, SES",,
11348,CAB 443,CAB,LS,Yrd.Çalgı Piyano VII,,Devlet Devrim Öztaş,,Pazartesi,13:30/15:29,,17,16,,"BST, CAB, CEB, KMP, SES",,
11349,CAB 189,CAB,LS,Çalgılama I,,"Gülyar Say, Ferhan Yeprem, Neva Özgen Kösoğlu",,Cuma,13:30/15:29,,15,3,,"BST, KMP",,
11350,CAB 289,CAB,LS,Çalgılama III,,"Özlem Kolat Çakmaksoy, Burak Malçok, Cihan Yurtcu, Jülide Gündüz",,Cuma,13:30/15:29,,15,3,,"BST, KMP",,
11351,CAB 777,CAB,LS,Oyun Havaları Repertuarı I,,Metin Eke,,Çarşamba,09:30/12:29,,15,13,,"CAB, CEB",,
11352,CAB 775,CAB,LS,17.yy Saz Eserleri Repertuarı,,--,,Çarşamba,09:30/12:29,,15,0,,"CAB, CEB",,
11353,CAB 781,CAB,LS,Uslup Tavır ve Yorum I,,Metin Eke,,Salı | Perşembe,10:30/12:29 | 13:30/15:29,,15,10,,"CAB, CEB",,
11354,CAB 785,CAB,LS,Oda Müziği I,,Ahmet Hakan Şensoy,,Pazartesi | Cuma,13:30/15:29 | 15:30/17:29,,15,2,,"CAB, CEB",,
11355,CAB 781,CAB,LS,Uslup Tavır ve Yorum I,,Nermin Kaygusuz,,Pazartesi | Cuma,15:30/17:29 | 15:30/17:29,,15,1,,"CAB, CEB",,
11356,CAB 793,CAB,LS,Doğaçlama Yöntemleri I,,Erdoğan Eskimez,,Pazartesi | Çarşamba,10:30/12:29 | 08:30/10:29,,15,3,,"CAB, CEB",,
11357,CAB 723,CAB,LS,Oda Müziği III,,Jülide Gündüz,,Çarşamba | Cuma,10:30/12:29 | 10:30/12:29,,15,1,,"CAB, CEB",,
11358,CAB 793,CAB,LS,Doğaçlama Yöntemleri I,,Lale Akay,,Pazartesi | Salı,15:30/17:29 | 15:30/17:29,,15,3,,"CAB, CEB",,
11359,CAB 791,CAB,LS,Bağlmda Çalp Söylme Gelneği I,,Erdoğan Eskimez,,Pazartesi,08:30/10:29,,15,8,,"CAB, CEB",,
11360,CAB 241,CAB,LS,Piyano III,,Alper Rumelioğlu,,,/,,5,1,,"CAB, CEB",,
11361,KMP 361,KMP,LS,Türk MzğndeFrmBilg.ve Çzmlme I,,Adil Feridun Öney,,Salı,09:30/12:29,,25,14,,MUZ,,
11362,CAB 231,CAB,LS,Keman III,,Ali Cihat Aşkın,,,/,,5,1,,"CAB, CEB",,
11363,KMP 193,KMP,LS,Armoni I,,Recep Gül,,Perşembe,09:30/12:29,,25,24,,"MUT, MUZ, MZT, SES",,
11364,CAB 217,CAB,LS,Kaval III,,Cihan Yurtcu,,,/,,5,2,,"CAB, CEB",,
11365,KMP 101,KMP,LS,Kompozisyon I,,Eray Altınbüken,,Perşembe,13:30/15:29,,15,4,,"BST, KMP",,
11366,KMP 113,KMP,LS,Klasik Armoni I,,Nail Yavuzoğlu,,Perşembe,08:30/10:29,,15,7,,"BST, KMP",,
11367,KMP 115,KMP,LS,Müzik Formları I,,Ayhan Gunca,,Pazartesi,13:30/15:29,,15,5,,"BST, KMP",,
11368,CAB 209,CAB,LS,Ud III,,Sarper Eroğlu,,,/,,5,1,,"CAB, CEB",,
11369,CAB 235,CAB,LS,Viyola III,,Zeynep Barut,,,/,,5,1,,"CAB, CEB",,
11370,CAB 219,CAB,LS,Klarnet III,,Özlem Kolat Çakmaksoy,,,/,,5,1,,"CAB, CEB",,
11371,KMP 201,KMP,LS,Kompozisyon III,,Eray Altınbüken,,Pazartesi | Perşembe,13:30/15:29 | 10:30/12:29,,15,3,,"BST, KMP",,
11372,KMP 203,KMP,LS,Türk Müziği Literatürü I,,Şirin Karadeniz Güney,,Çarşamba,13:30/15:29,,15,3,,"BST, KMP",,
11373,CAB 223,CAB,LS,Flüt III,,Jülide Gündüz,,,/,,5,1,,"CAB, CEB, CGM5",,
11374,KMP 205,KMP,LS,Kontrpuan- Füg I,,Mehmet Özkan,,Salı,08:30/10:29,,15,3,,"BST, KMP",,
11375,CAB 325,CAB,LS,Def,,Serhat Tansu Altuğ,,,/,,5,2,,"CAB, CEB",,
11376,KMP 321,KMP,LS,Batı Müziği Literatürü I,,--,,Perşembe,13:30/15:29,,15,0,,"BST, KMP",,
11377,CAB 307,CAB,LS,Bağlama V,,Adnan Koç,,,/,,5,1,,"CAB, CEB",,
11378,CAB 307,CAB,LS,Bağlama V,,Erdoğan Eskimez,,,/,,5,1,,"CAB, CEB",,
11379,CAB 345,CAB,LS,Kanun V,,Safinaz Rizeli,,,/,,5,1,,"CAB, CEB",,
11380,CAB 300,CAB,LS,Zurna V,,Ünal Yürük,,,/,,5,1,,"CAB, CEB",,
11381,CAB 319,CAB,LS,Klarnet V,,Özlem Kolat Çakmaksoy,,,/,,5,1,,"CAB, CEB",,
11382,CAB 321,CAB,LS,Obua V,,Şeymanur Kandaz,,,/,,5,1,,"CAB, CEB",,
11383,CAB 329,CAB,LS,4 Telli Kemençe V,,Lale Akay,,,/,,5,1,,"CAB, CEB",,
11384,CAB 333,CAB,LS,Viyolonsel V,,Gülyar Say,,,/,,5,1,,"CAB, CEB",,
11385,CAB 335,CAB,LS,Viyola V,,Zeynep Barut,,,/,,5,1,,"CAB, CEB",,
11386,CAB 337,CAB,LS,Kontrbas V,,Hüseyin Sami Menekşe,,,/,,5,1,,"CAB, CEB",,
11387,CAB 339,CAB,LS,Kemane V,,Ferhan Yeprem,,,/,,5,1,,"CAB, CEB",,
11388,KMP 301,KMP,LS,Kompozisyon V,,Oğuzhan Balcı,,Pazartesi | Çarşamba,13:30/15:29 | 10:30/12:29,,15,3,,"BST, KMP",,
11389,KMP 305,KMP,LS,Koro Şefliği I,,Oğuzhan Balcı,,Pazartesi,10:30/12:29,,15,2,,"BST, KMP",,
11390,KMP 303,KMP,LS,Kompozisyon Çözümleme I,,Ayhan Gunca,,Salı,13:30/15:29,,15,7,,"BST, KMP",,
11391,KMP 401,KMP,LS,Kompozisyon VII,,Oğuzhan Balcı,,Pazartesi | Çarşamba,15:30/17:29 | 08:30/10:29,,15,7,,"BST, KMP",,
11392,KMP 307,KMP,LS,Prozodi,,Neşe Yeşim Altınel Çoban,,Çarşamba,13:30/15:29,,15,3,,"BST, KMP",,
11393,ATA 101,ATA,LS,Atatürk İlk & İnkılap Trh I,,Barış Ertem,,Çarşamba,13:30/15:29,,75,75,,"BIO, BIOE, BLG, BLGE, CEV, CEVE, CHZ, CHZE, DEN, DENE, DUI, DUIE, ECNE, EHB, EHBE, EHN, ELE, ELH, ELK, ELKE, END, ENDE, ENTE, EUT, EUTE, FIZ, FIZE, GEM, GEME, GEMK, GEO, GEOE, GID, GIDE, GMI, GMIE, ICM, IML, IMLE, INS, INSE, ISL, ISLE, JDF, JEF, JEFE, JEO, JEOE, KIM, KIME, KMM, KMME, KOM, KOME, MAD, MADE, MAK, MAKE, MAT, MATE, MET, METE, MIM, MIME, MTO, MTOE, PEM, PEME, PET, PETE, SBP, SBPE, SEH, TEK, TEKE, TEL, THO, UCK, UCKE, UZB, UZBE, YZVE",,
11394,ATA 101,ATA,LS,Atatürk İlk & İnkılap Trh I,,Sait Kofoğlu,,Pazartesi,13:30/15:29,,75,71,,"BIO, BIOE, BLG, BLGE, CEV, CEVE, CHZ, CHZE, DEN, DENE, DUI, DUIE, ECNE, EHB, EHBE, EHN, ELE, ELH, ELK, ELKE, END, ENDE, ENTE, EUT, EUTE, FIZ, FIZE, GEM, GEME, GEMK, GEO, GEOE, GID, GIDE, GMI, GMIE, ICM, IML, IMLE, INS, INSE, ISL, ISLE, JDF, JEF, JEFE, JEO, JEOE, KIM, KIME, KMM, KMME, KOM, KOME, MAD, MADE, MAK, MAKE, MAT, MATE, MET, METE, MIM, MIME, MTO, MTOE, PEM, PEME, PET, PETE, SBP, SBPE, SEH, TEK, TEKE, TEL, THO, UCK, UCKE, UZB, UZBE, YZVE",,
11395,ATA 102,ATA,LS,Atatürk İlk & İnkılap Trh II,,Sait Kofoğlu,,Pazartesi,15:30/17:29,,75,75,,"BIO, BIOE, BLG, BLGE, CEV, CEVE, CHZ, CHZE, DEN, DENE, DUI, DUIE, ECNE, EHB, EHBE, EHN, ELE, ELH, ELK, ELKE, END, ENDE, ENTE, EUT, EUTE, FIZ, FIZE, GEM, GEME, GEMK, GEO, GEOE, GID, GIDE, GMI, GMIE, ICM, IML, IMLE, INS, INSE, ISL, ISLE, JDF, JEF, JEFE, JEO, JEOE, KIM, KIME, KMM, KMME, KOM, KOME, MAD, MADE, MAK, MAKE, MAT, MATE, MET, METE, MIM, MIME, MTO, MTOE, PEM, PEME, PET, PETE, SBP, SBPE, SEH, TEK, TEKE, TEL, THO, UCK, UCKE, UZB, UZBE, YZVE",,
11396,CAB 341,CAB,LS,Piyano V,,Devlet Devrim Öztaş,,,/,,5,1,,"CAB, CEB",,
11397,CAB 441,CAB,LS,Piyano VII,,Sıtkı Kandemir Basmacıoğlu,,,/,,5,1,,"CAB, CEB",,
11398,CAB 425,CAB,LS,Bendir,,Serhat Tansu Altuğ,,,/,,5,2,,"CAB, CEB",,
11399,CAB 407,CAB,LS,Bağlama VII,,Cihangir Terzi,,,/,,5,2,,"CAB, CEB",,
11400,CAB 433,CAB,LS,Viyolonsel VII,,Gülyar Say,,,/,,5,1,,"CAB, CEB",,
11401,KMP 323,KMP,LS,Türk Müziğinde Polifoni I,,Nail Yavuzoğlu,,Perşembe,10:30/12:29,,15,2,,"BST, KMP",,
11402,CAB 409,CAB,LS,Ud VII,,Mehmet Bitmez,,,/,,5,1,,"CAB, CEB",,
11403,KMP 405,KMP,LS,Modern Armoni,,Nail Yavuzoğlu,,Pazartesi,08:30/10:29,,15,9,,"BST, KMP",,
11404,CAB 441,CAB,LS,Piyano VII,,Devlet Devrim Öztaş,,,/,,5,1,,"CAB, CEB",,
11405,KMP 423,KMP,LS,Türk Müziğinde Polifoni III,,Nail Yavuzoğlu,,Pazartesi,10:30/12:29,,15,4,,"BST, KMP",,
11406,CAB 181,CAB,LS,Kudüm I,,--,,Pazartesi,13:30/15:29,,5,0,,"CGM6, CGM7, CGM8, MTR, MUZ",,
11407,CAB 163,CAB,LS,Mey I,,--,,Pazartesi,13:30/15:29,,5,0,,"CGM6, CGM7, CGM8, MTR, MUZ, THO",,
11408,KMP 331,KMP,LS,Ölçü ve Vuruş Tekniği I,,Ayhan Gunca,,Cuma,13:30/15:29,,15,3,,"BST, KMP",,
11409,KMP 403,KMP,LS,Kompozisyon Çözümleme III,,Ayhan Gunca,,Salı,10:30/12:29,,15,4,,"BST, KMP",,
11410,KMP 411,KMP,LS,Orkestrasyon II,,Ayhan Gunca,,Cuma,15:30/17:29,,15,4,,"BST, KMP",,
11411,KMP 433,KMP,LS,Partisyon Okuma I,,Recep Gül,,Cuma,10:30/12:29,,15,3,,"BST, KMP",,
11412,TEB 492,TEB,LS,Bitirme Çalışması,,Eren Özek,,,/,,500,3,,TEB,,
11413,TEB 1111,TEB,LS,Türk Müz.Solfeji ve Teor. I,,Adil Feridun Öney,,Çarşamba | Cuma,08:30/10:29 | 10:30/12:29,,15,2,,"MUT, MUZ, MZT, SES, TEB, THO",,
11414,TEB 2111,TEB,LS,Türk Müz.Solfeji ve Teor. III,,Göknil Bişak Özdemir,,Çarşamba | Cuma,10:30/12:29 | 10:30/12:29,,15,9,,"MUT, MUZ, MZT, SES, TEB, THO",,
11415,CAB 153,CAB,LS,Tanbur I,,Göknil Bişak Özdemir,,Pazartesi,13:30/15:29,,5,5,,"CGM6, CGM7, CGM8, MTR, MUT, MUZ, MZT, SES",,
11416,TEB 1113,TEB,LS,Tem.Müzik Solf.ve Teorisi I,,Ayşecan Olgun,,Salı | Perşembe,15:30/17:29 | 10:30/12:29,,15,3,,"MUT, MUZ, MZT, SES, TEB, THO",,
11417,CAB 151,CAB,LS,Kanun I,,Ayşe Serap Çağlayan,,Pazartesi,13:30/15:29,,5,5,,"CGM3, CGM6, CGM7, CGM8, MTR, MUT, MUZ, MZT, SES",,
11418,CAB 151,CAB,LS,Kanun I,,--,,Pazartesi,13:30/15:29,,0,0,,"CGM3, CGM6, CGM7, CGM8, MTR, MUT, MUZ, MZT, SES",,
11419,CAB 157,CAB,LS,Bağlama I,,Şendoğan Karadeli,,Pazartesi,13:30/15:29,,7,6,,"CGM1, CGM6, CGM7, CGM8, DUI, MTR, MUT, MUZ, MZT, SES, THO",,
11420,CAB 157,CAB,LS,Bağlama I,,Metin Eke,,Pazartesi,13:30/15:29,,7,7,,"CGM1, CGM6, CGM7, CGM8, DUI, MTR, MUT, MUZ, MZT, SES, THO",,
11421,CAB 157,CAB,LS,Bağlama I,,Engin Şafak Gürler,,Pazartesi,13:30/15:29,,7,6,,"CGM1, CGM6, CGM7, CGM8, DUI, MTR, MUT, MUZ, MZT, SES, THO",,
11422,CAB 157,CAB,LS,Bağlama I,,Erdoğan Eskimez,,Pazartesi,13:30/15:29,,7,5,,"CGM1, CGM6, CGM7, CGM8, DUI, MTR, MUT, MUZ, MZT, SES, THO",,
11423,CAB 1101,CAB,LS,Keman I,,İbragım Orazov,,Pazartesi,13:30/15:29,,5,3,,"MTR, MUT, MUZ, MZT",,
11424,CAB 165,CAB,LS,Kaval I,,--,,Pazartesi,13:30/15:29,,5,0,,"CGM6, CGM7, CGM8, MTR, MUZ, THO",,
11425,CAB 159,CAB,LS,Ud I,,Mehmet Bitmez,,Pazartesi,13:30/15:29,,5,5,,"CGM4, CGM6, CGM7, CGM8, MTR, MUT, MUZ, MZT, SES",,
11426,CAB 159,CAB,LS,Ud I,,Osman Kırklıkçı,,Pazartesi,13:30/15:29,,5,5,,"CGM4, CGM6, CGM7, CGM8, MTR, MUT, MUZ, MZT, SES",,
11427,CAB 159,CAB,LS,Ud I,,Sarper Eroğlu,,Pazartesi,13:30/15:29,,5,5,,"CGM4, CGM6, CGM7, CGM8, MTR, MUT, MUZ, MZT, SES",,
11428,CAB 187,CAB,LS,Gitar I,,Tufan Kurdoğlu,,Pazartesi,13:30/15:29,,6,7,,"CGM2, CGM6, CGM7, CGM8, DUI, MTR, MUT, MUZ, MZT",,
11429,CAB 155,CAB,LS,Tar I,,Ahmet Serhat Turunç,,Pazartesi,13:30/15:29,,5,1,,"CGM6, CGM7, CGM8, MTR, MUZ, SES, THO",,
11430,CAB 169,CAB,LS,3 Telli Kemençe I,,--,,Pazartesi,13:30/15:29,,0,0,,"CGM6, CGM7, CGM8, MTR, MUT, MUZ, MZT",,
11431,CAB 175,CAB,LS,Kemane I,,Ferhan Yeprem,,Pazartesi,13:30/15:29,,5,3,,"CGM6, CGM7, CGM8, MTR, MUT, MUZ, MZT, THO",,
11432,CAB 1013,CAB,LS,Viyola I,,Zeynep Barut,,Pazartesi,13:30/15:29,,5,2,,"MTR, MUT, MUZ, MZT",,
11433,CAB 161,CAB,LS,Ney I,,Burak Malçok,,Pazartesi,13:30/15:29,,5,4,,"CGM6, CGM7, CGM8, DUI, MTR, MUZ",,
11434,CAB 167,CAB,LS,Klarnet I,,Özlem Kolat Çakmaksoy,,Pazartesi,13:30/15:29,,5,4,,"MTR, MUZ, THO",,
11435,CAB 171,CAB,LS,4 Telli Kemençe I,,--,,Pazartesi,13:30/15:29,,5,0,,"CGM6, CGM7, CGM8, MTR, MUT, MUZ, MZT",,
11436,CAB 195,CAB,LS,Viyolonsel I,,Gülyar Say,,Pazartesi,13:30/15:29,,5,5,,"MTR, MUT, MUZ, MZT",,
11437,CAB 173,CAB,LS,Karadeniz Kemençesi I,,--,,Pazartesi,13:30/15:29,,5,0,,"MUZ, THO",,
11438,CAB 193,CAB,LS,Zurna I,,--,,Pazartesi,13:30/15:29,,5,0,,"MUZ, THO",,
11439,CAB 179,CAB,LS,Asmalı Davul I,,Eyüp Uzunkaya,,Pazartesi,13:30/15:29,,7,8,,THO,,
11440,CAB 169,CAB,LS,3 Telli Kemençe I,,Neva Özgen Kösoğlu,,Pazartesi,13:30/15:29,,5,4,,"CGM6, CGM7, CGM8, MTR, MUT, MUZ, MZT",,
11441,CAB 281,CAB,LS,Def,,Serhat Tansu Altuğ,,Pazartesi,15:30/17:29,,5,4,,"CGM6, CGM7, CGM8, MTR, MUZ",,
11442,CAB 253,CAB,LS,Tanbur III,,Göknil Bişak Özdemir,,Pazartesi,15:30/17:29,,5,1,,"CGM6, CGM7, CGM8, MTR, MUT, MUZ, MZT, SES",,
11443,CAB 251,CAB,LS,Kanun III,,Ayşe Serap Çağlayan,,Pazartesi,15:30/17:29,,5,4,,"CGM3, CGM6, CGM7, CGM8, MTR, MUT, MUZ, MZT, SES",,
11444,CAB 251,CAB,LS,Kanun III,,Safinaz Rizeli,,Pazartesi,15:30/17:29,,5,3,,"CGM3, CGM6, CGM7, CGM8, MTR, MUT, MUZ, MZT, SES",,
11445,CAB 257,CAB,LS,Bağlama III,,Şendoğan Karadeli,,Pazartesi,15:30/17:29,,5,5,,"CGM1, CGM6, CGM7, CGM8, MTR, MUT, MUZ, MZT, SES, THO",,
11446,CAB 257,CAB,LS,Bağlama III,,Metin Eke,,Pazartesi,15:30/17:29,,5,6,,"CGM1, CGM6, CGM7, CGM8, MTR, MUT, MUZ, MZT, SES, THO",,
11447,TEB 2113,TEB,LS,Tem.Müzik Solf.ve Teorisi III,,Emel Şenocak,,Pazartesi | Çarşamba,10:30/12:29 | 13:30/15:29,,15,5,,"MUT, MUZ, MZT, SES, TEB, THO",,
11448,TEB 4113,TEB,LS,Ses Sistemleri I,,Ufuk Biçak,,Çarşamba | Perşembe,08:30/10:29 | 13:30/15:29,,15,5,,TEB,,
11449,TEB 4111,TEB,LS,İleri Solfej III,,Şerife Güvençoğlu,,Pazartesi | Salı,15:30/17:29 | 13:30/15:29,,15,1,,TEB,,
11450,TEB 3113,TEB,LS,Eser Analizi I,,Neşe Yeşim Altınel Çoban,,Perşembe,10:30/12:29,,15,5,,TEB,,
11451,TEB 2115,TEB,LS,Müzik Formları I,,Recep Gül,,Pazartesi,10:30/12:29,,10,4,,"CAB, CEB, SES, TEB",,
11452,TEB 3121,TEB,LS,Repertuvar Bilgisi I,,Ferda Cengiz Ünal,,Pazartesi | Çarşamba,13:30/15:29 | 13:30/15:29,,10,3,,TEB,,
11453,TEB 3111,TEB,LS,İleri Solfej I,,Metin Eke,,Salı | Perşembe,13:30/15:29 | 15:30/17:29,,15,3,,TEB,,
11454,TEB 4711,TEB,LS,Atatürk İlkeleri ve Ink.Tarihi,,Ali Yayla,,Salı | Çarşamba,08:30/10:29 | 13:30/15:29,,15,3,,"BST, CAB, CEB, KMP, MUT, MUZ, MZT, SES, TEB, THO",,
11455,CAB 257,CAB,LS,Bağlama III,,Engin Şafak Gürler,,Pazartesi,15:30/17:29,,5,5,,"CGM1, CGM6, CGM7, CGM8, MTR, MUT, MUZ, MZT, SES, THO",,
11456,TEB 2123,TEB,LS,Piyano II,,Mehru Ensari,,Pazartesi,15:30/17:29,,10,1,,TEB,,
11457,CAB 257,CAB,LS,Bağlama III,,Erdoğan Eskimez,,Pazartesi,15:30/17:29,,5,5,,"CGM1, CGM6, CGM7, CGM8, MTR, MUT, MUZ, MZT, SES, THO",,
11458,TEB 1311,TEB,LS,Türk Halk Müz. Solf. ve Teo I,,Göktan Ay,,Salı,08:30/10:29,,10,4,,TEB,,
11459,CAB 263,CAB,LS,Mey III,,Cem Ekmen,,Pazartesi,15:30/17:29,,5,1,,"CGM6, CGM7, CGM8, MTR, MUZ, THO",,
11460,TEB 4115,TEB,LS,Bibliyografya,,Gülay Karamahmutoğlu,,Cuma,13:30/16:29,,10,4,,TEB,,
11461,ATA 101,ATA,LS,Atatürk İlk & İnkılap Trh I,,Sait Kofoğlu,,Salı,10:30/12:29,,75,73,,"BIO, BIOE, BLG, BLGE, CEV, CEVE, CHZ, CHZE, DEN, DENE, DUI, DUIE, ECNE, EHB, EHBE, EHN, ELE, ELH, ELK, ELKE, END, ENDE, ENTE, EUT, EUTE, FIZ, FIZE, GEM, GEME, GEMK, GEO, GEOE, GID, GIDE, GMI, GMIE, ICM, IML, IMLE, INS, INSE, ISL, ISLE, JDF, JEF, JEFE, JEO, JEOE, KIM, KIME, KMM, KMME, KOM, KOME, MAD, MADE, MAK, MAKE, MAT, MATE, MET, METE, MIM, MIME, MTO, MTOE, PEM, PEME, PET, PETE, SBP, SBPE, SEH, TEK, TEKE, TEL, THO, UCK, UCKE, UZB, UZBE, YZVE",,
11462,CAB 2101,CAB,LS,Keman III,,İbragım Orazov,,Pazartesi,15:30/17:29,,5,4,,"MTR, MUT, MUZ, MZT",,
11463,ATA 103,ATA,LS,Atatürk İlke ve Ink.Tarihi,,Ali Yayla,,Salı | Perşembe,13:30/15:29 | 15:30/17:29,,65,64,,"BST, CAB, CEB, KMP, MTR, MUT, MUZ, MUZE, MZT, SES",,
11464,ATA 102,ATA,LS,Atatürk İlk & İnkılap Trh II,,Sait Kofoğlu,,Salı,13:30/15:29,,75,75,,"BIO, BIOE, BLG, BLGE, CEV, CEVE, CHZ, CHZE, DEN, DENE, DUI, DUIE, ECNE, EHB, EHBE, EHN, ELE, ELH, ELK, ELKE, END, ENDE, ENTE, EUT, EUTE, FIZ, FIZE, GEM, GEME, GEMK, GEO, GEOE, GID, GIDE, GMI, GMIE, ICM, IML, IMLE, INS, INSE, ISL, ISLE, JDF, JEF, JEFE, JEO, JEOE, KIM, KIME, KMM, KMME, KOM, KOME, MAD, MADE, MAK, MAKE, MAT, MATE, MET, METE, MIM, MIME, MTO, MTOE, PEM, PEME, PET, PETE, SBP, SBPE, SEH, TEK, TEKE, TEL, THO, UCK, UCKE, UZB, UZBE, YZVE",,
11465,CAB 2101,CAB,LS,Keman III,,Ahmet Hakan Şensoy,,Pazartesi,15:30/17:29,,5,3,,"MTR, MUT, MUZ, MZT",,
11466,CAB 265,CAB,LS,Kaval III,,Haydar Tanrıverdi,,Pazartesi,15:30/17:29,,5,1,,"CGM6, CGM7, CGM8, MTR, MUZ, THO",,
11467,ATA 101,ATA,LS,Atatürk İlk & İnkılap Trh I,,Sait Kofoğlu,,Salı,15:30/17:29,,75,75,,"BIO, BIOE, BLG, BLGE, CEV, CEVE, CHZ, CHZE, DEN, DENE, DUI, DUIE, ECNE, EHB, EHBE, EHN, ELE, ELH, ELK, ELKE, END, ENDE, ENTE, EUT, EUTE, FIZ, FIZE, GEM, GEME, GEMK, GEO, GEOE, GID, GIDE, GMI, GMIE, ICM, IML, IMLE, INS, INSE, ISL, ISLE, JDF, JEF, JEFE, JEO, JEOE, KIM, KIME, KMM, KMME, KOM, KOME, MAD, MADE, MAK, MAKE, MAT, MATE, MET, METE, MIM, MIME, MTO, MTOE, PEM, PEME, PET, PETE, SBP, SBPE, SEH, TEK, TEKE, TEL, THO, UCK, UCKE, UZB, UZBE, YZVE",,
11468,CAB 259,CAB,LS,Ud III,,Osman Kırklıkçı,,Pazartesi,15:30/17:29,,5,4,,"CGM4, CGM6, CGM7, CGM8, MTR, MUT, MUZ, MZT, SES",,
11469,BIL 109,BIL,LS,Bilgisayar,,Ali Yayla,,Salı,15:30/17:29,,65,62,,"BST, CAB, CEB, KMP, MTR, MUT, MUZ, MZT, SES, THO",,
11470,ATA 101,ATA,LS,Atatürk İlk & İnkılap Trh I,,Sait Kofoğlu,,Çarşamba,10:30/12:29,,75,74,,"BIO, BIOE, BLG, BLGE, CEV, CEVE, CHZ, CHZE, DEN, DENE, DUI, DUIE, ECNE, EHB, EHBE, EHN, ELE, ELH, ELK, ELKE, END, ENDE, ENTE, EUT, EUTE, FIZ, FIZE, GEM, GEME, GEMK, GEO, GEOE, GID, GIDE, GMI, GMIE, ICM, IML, IMLE, INS, INSE, ISL, ISLE, JDF, JEF, JEFE, JEO, JEOE, KIM, KIME, KMM, KMME, KOM, KOME, MAD, MADE, MAK, MAKE, MAT, MATE, MET, METE, MIM, MIME, MTO, MTOE, PEM, PEME, PET, PETE, SBP, SBPE, SEH, TEK, TEKE, TEL, THO, UCK, UCKE, UZB, UZBE, YZVE",,
11471,BIL 109,BIL,LS,Bilgisayar,,Ali Yayla,,Çarşamba,10:30/12:29,,35,36,,"BST, CAB, CEB, KMP, MTR, MUT, MUZ, MZT, SES, THO",,
11472,CAB 259,CAB,LS,Ud III,,Sarper Eroğlu,,Pazartesi,15:30/17:29,,5,3,,"CGM4, CGM6, CGM7, CGM8, MTR, MUT, MUZ, MZT, SES",,
11473,ATA 102,ATA,LS,Atatürk İlk & İnkılap Trh II,,Sait Kofoğlu,,Çarşamba,13:30/15:29,,75,74,,"BIO, BIOE, BLG, BLGE, CEV, CEVE, CHZ, CHZE, DEN, DENE, DUI, DUIE, ECNE, EHB, EHBE, EHN, ELE, ELH, ELK, ELKE, END, ENDE, ENTE, EUT, EUTE, FIZ, FIZE, GEM, GEME, GEMK, GEO, GEOE, GID, GIDE, GMI, GMIE, ICM, IML, IMLE, INS, INSE, ISL, ISLE, JDF, JEF, JEFE, JEO, JEOE, KIM, KIME, KMM, KMME, KOM, KOME, MAD, MADE, MAK, MAKE, MAT, MATE, MET, METE, MIM, MIME, MTO, MTOE, PEM, PEME, PET, PETE, SBP, SBPE, SEH, TEK, TEKE, TEL, THO, UCK, UCKE, UZB, UZBE, YZVE",,
11474,CAB 259,CAB,LS,Ud III,,Mehmet Bitmez,,Pazartesi,15:30/17:29,,5,3,,"CGM4, CGM6, CGM7, CGM8, MTR, MUT, MUZ, MZT, SES",,
11475,ATA 101,ATA,LS,Atatürk İlk & İnkılap Trh I,,Sait Kofoğlu,,Perşembe,10:30/12:29,,75,75,,"BIO, BIOE, BLG, BLGE, CEV, CEVE, CHZ, CHZE, DEN, DENE, DUI, DUIE, ECNE, EHB, EHBE, EHN, ELE, ELH, ELK, ELKE, END, ENDE, ENTE, EUT, EUTE, FIZ, FIZE, GEM, GEME, GEMK, GEO, GEOE, GID, GIDE, GMI, GMIE, ICM, IML, IMLE, INS, INSE, ISL, ISLE, JDF, JEF, JEFE, JEO, JEOE, KIM, KIME, KMM, KMME, KOM, KOME, MAD, MADE, MAK, MAKE, MAT, MATE, MET, METE, MIM, MIME, MTO, MTOE, PEM, PEME, PET, PETE, SBP, SBPE, SEH, TEK, TEKE, TEL, THO, UCK, UCKE, UZB, UZBE, YZVE",,
11476,BIL 109,BIL,LS,Bilgisayar,,Ali Yayla,,Perşembe,08:30/10:29,,30,22,,"BST, CAB, CEB, KMP, MTR, MUT, MUZ, MZT, SES, THO",,
11477,CAB 275,CAB,LS,Kemane III,,Ferhan Yeprem,,Pazartesi,15:30/17:29,,5,1,,"CGM6, CGM7, CGM8, MTR, MUT, MUZ, MZT, THO",,
11478,BIL 109,BIL,LS,Bilgisayar,,Ali Yayla,,Perşembe,10:30/12:29,,30,29,,"BST, CAB, CEB, KMP, MTR, MUT, MUZ, MZT, SES, THO",,
11479,ATA 102,ATA,LS,Atatürk İlk & İnkılap Trh II,,Sait Kofoğlu,,Perşembe,13:30/15:29,,75,74,,"BIO, BIOE, BLG, BLGE, CEV, CEVE, CHZ, CHZE, DEN, DENE, DUI, DUIE, ECNE, EHB, EHBE, EHN, ELE, ELH, ELK, ELKE, END, ENDE, ENTE, EUT, EUTE, FIZ, FIZE, GEM, GEME, GEMK, GEO, GEOE, GID, GIDE, GMI, GMIE, ICM, IML, IMLE, INS, INSE, ISL, ISLE, JDF, JEF, JEFE, JEO, JEOE, KIM, KIME, KMM, KMME, KOM, KOME, MAD, MADE, MAK, MAKE, MAT, MATE, MET, METE, MIM, MIME, MTO, MTOE, PEM, PEME, PET, PETE, SBP, SBPE, SEH, TEK, TEKE, TEL, THO, UCK, UCKE, UZB, UZBE, YZVE",,
11480,CAB 287,CAB,LS,Gitar III,,Tufan Kurdoğlu,,Pazartesi,15:30/17:29,,5,5,,"CGM2, CGM6, CGM7, CGM8, MTR, MUT, MUZ, MZT",,
11481,BIL 109,BIL,LS,Bilgisayar,,Ali Yayla,,Perşembe,13:30/15:29,,40,38,,"BST, CAB, CEB, KMP, MTR, MUT, MUZ, MZT, SES, THO",,
11482,ATA 101,ATA,LS,Atatürk İlk & İnkılap Trh I,,Sait Kofoğlu,,Perşembe,15:30/17:29,,75,74,,"BIO, BIOE, BLG, BLGE, CEV, CEVE, CHZ, CHZE, DEN, DENE, DUI, DUIE, ECNE, EHB, EHBE, EHN, ELE, ELH, ELK, ELKE, END, ENDE, ENTE, EUT, EUTE, FIZ, FIZE, GEM, GEME, GEMK, GEO, GEOE, GID, GIDE, GMI, GMIE, ICM, IML, IMLE, INS, INSE, ISL, ISLE, JDF, JEF, JEFE, JEO, JEOE, KIM, KIME, KMM, KMME, KOM, KOME, MAD, MADE, MAK, MAKE, MAT, MATE, MET, METE, MIM, MIME, MTO, MTOE, PEM, PEME, PET, PETE, SBP, SBPE, SEH, TEK, TEKE, TEL, THO, UCK, UCKE, UZB, UZBE, YZVE",,
11483,CAB 269,CAB,LS,3 Telli Kemençe III,,Hatice Doğan Sevinç,,Pazartesi,15:30/17:29,,5,3,,"CGM6, CGM7, CGM8, MTR, MUT, MUZ, MZT",,
11484,ATA 101,ATA,LS,Atatürk İlk & İnkılap Trh I,,İsmail Kandil,,Pazartesi,08:30/10:29,,75,74,,"BIO, BIOE, BLG, BLGE, CEV, CEVE, CHZ, CHZE, DEN, DENE, DUI, DUIE, ECNE, EHB, EHBE, EHN, ELE, ELH, ELK, ELKE, END, ENDE, ENTE, EUT, EUTE, FIZ, FIZE, GEM, GEME, GEMK, GEO, GEOE, GID, GIDE, GMI, GMIE, ICM, IML, IMLE, INS, INSE, ISL, ISLE, JDF, JEF, JEFE, JEO, JEOE, KIM, KIME, KMM, KMME, KOM, KOME, MAD, MADE, MAK, MAKE, MAT, MATE, MET, METE, MIM, MIME, MTO, MTOE, PEM, PEME, PET, PETE, SBP, SBPE, SEH, TEK, TEKE, TEL, THO, UCK, UCKE, UZB, UZBE, YZVE",,
11485,SES 131,SES,LS,THM Repertuvarı I,,Deniz Güneş,,Pazartesi | Çarşamba,10:30/12:29 | 13:30/15:29,,10,9,,SES,,
11486,ATA 101,ATA,LS,Atatürk İlk & İnkılap Trh I,,İsmail Kandil,,Pazartesi,10:30/12:29,,75,75,,"BIO, BIOE, BLG, BLGE, CEV, CEVE, CHZ, CHZE, DEN, DENE, DUI, DUIE, ECNE, EHB, EHBE, EHN, ELE, ELH, ELK, ELKE, END, ENDE, ENTE, EUT, EUTE, FIZ, FIZE, GEM, GEME, GEMK, GEO, GEOE, GID, GIDE, GMI, GMIE, ICM, IML, IMLE, INS, INSE, ISL, ISLE, JDF, JEF, JEFE, JEO, JEOE, KIM, KIME, KMM, KMME, KOM, KOME, MAD, MADE, MAK, MAKE, MAT, MATE, MET, METE, MIM, MIME, MTO, MTOE, PEM, PEME, PET, PETE, SBP, SBPE, SEH, TEK, TEKE, TEL, THO, UCK, UCKE, UZB, UZBE, YZVE",,
11487,ATA 101,ATA,LS,Atatürk İlk & İnkılap Trh I,,İsmail Kandil,,Salı,08:30/10:29,,75,75,,"BIO, BIOE, BLG, BLGE, CEV, CEVE, CHZ, CHZE, DEN, DENE, DUI, DUIE, ECNE, EHB, EHBE, EHN, ELE, ELH, ELK, ELKE, END, ENDE, ENTE, EUT, EUTE, FIZ, FIZE, GEM, GEME, GEMK, GEO, GEOE, GID, GIDE, GMI, GMIE, ICM, IML, IMLE, INS, INSE, ISL, ISLE, JDF, JEF, JEFE, JEO, JEOE, KIM, KIME, KMM, KMME, KOM, KOME, MAD, MADE, MAK, MAKE, MAT, MATE, MET, METE, MIM, MIME, MTO, MTOE, PEM, PEME, PET, PETE, SBP, SBPE, SEH, TEK, TEKE, TEL, THO, UCK, UCKE, UZB, UZBE, YZVE",,
11488,ATA 101,ATA,LS,Atatürk İlk & İnkılap Trh I,,İsmail Kandil,,Salı,10:30/12:29,,75,74,,"BIO, BIOE, BLG, BLGE, CEV, CEVE, CHZ, CHZE, DEN, DENE, DUI, DUIE, ECNE, EHB, EHBE, EHN, ELE, ELH, ELK, ELKE, END, ENDE, ENTE, EUT, EUTE, FIZ, FIZE, GEM, GEME, GEMK, GEO, GEOE, GID, GIDE, GMI, GMIE, ICM, IML, IMLE, INS, INSE, ISL, ISLE, JDF, JEF, JEFE, JEO, JEOE, KIM, KIME, KMM, KMME, KOM, KOME, MAD, MADE, MAK, MAKE, MAT, MATE, MET, METE, MIM, MIME, MTO, MTOE, PEM, PEME, PET, PETE, SBP, SBPE, SEH, TEK, TEKE, TEL, THO, UCK, UCKE, UZB, UZBE, YZVE",,
11489,ATA 102,ATA,LS,Atatürk İlk & İnkılap Trh II,,İsmail Kandil,,Perşembe,08:30/10:29,,75,73,,"BIO, BIOE, BLG, BLGE, CEV, CEVE, CHZ, CHZE, DEN, DENE, DUI, DUIE, ECNE, EHB, EHBE, EHN, ELE, ELH, ELK, ELKE, END, ENDE, ENTE, EUT, EUTE, FIZ, FIZE, GEM, GEME, GEMK, GEO, GEOE, GID, GIDE, GMI, GMIE, ICM, IML, IMLE, INS, INSE, ISL, ISLE, JDF, JEF, JEFE, JEO, JEOE, KIM, KIME, KMM, KMME, KOM, KOME, MAD, MADE, MAK, MAKE, MAT, MATE, MET, METE, MIM, MIME, MTO, MTOE, PEM, PEME, PET, PETE, SBP, SBPE, SEH, TEK, TEKE, TEL, THO, UCK, UCKE, UZB, UZBE, YZVE",,
11490,ATA 102,ATA,LS,Atatürk İlk & İnkılap Trh II,,İsmail Kandil,,Perşembe,10:30/12:29,,75,74,,"BIO, BIOE, BLG, BLGE, CEV, CEVE, CHZ, CHZE, DEN, DENE, DUI, DUIE, ECNE, EHB, EHBE, EHN, ELE, ELH, ELK, ELKE, END, ENDE, ENTE, EUT, EUTE, FIZ, FIZE, GEM, GEME, GEMK, GEO, GEOE, GID, GIDE, GMI, GMIE, ICM, IML, IMLE, INS, INSE, ISL, ISLE, JDF, JEF, JEFE, JEO, JEOE, KIM, KIME, KMM, KMME, KOM, KOME, MAD, MADE, MAK, MAKE, MAT, MATE, MET, METE, MIM, MIME, MTO, MTOE, PEM, PEME, PET, PETE, SBP, SBPE, SEH, TEK, TEKE, TEL, THO, UCK, UCKE, UZB, UZBE, YZVE",,
11491,ATA 102,ATA,LS,Atatürk İlk & İnkılap Trh II,,İsmail Kandil,,Cuma,10:30/12:29,,75,75,,"BIO, BIOE, BLG, BLGE, CEV, CEVE, CHZ, CHZE, DEN, DENE, DUI, DUIE, ECNE, EHB, EHBE, EHN, ELE, ELH, ELK, ELKE, END, ENDE, ENTE, EUT, EUTE, FIZ, FIZE, GEM, GEME, GEMK, GEO, GEOE, GID, GIDE, GMI, GMIE, ICM, IML, IMLE, INS, INSE, ISL, ISLE, JDF, JEF, JEFE, JEO, JEOE, KIM, KIME, KMM, KMME, KOM, KOME, MAD, MADE, MAK, MAKE, MAT, MATE, MET, METE, MIM, MIME, MTO, MTOE, PEM, PEME, PET, PETE, SBP, SBPE, SEH, TEK, TEKE, TEL, THO, UCK, UCKE, UZB, UZBE, YZVE",,
11492,ATA 101,ATA,LS,Atatürk İlk & İnkılap Trh I,,Burcu Kurt,,Salı,08:30/10:29,,75,75,,"BIO, BIOE, BLG, BLGE, CEV, CEVE, CHZ, CHZE, DEN, DENE, DUI, DUIE, ECNE, EHB, EHBE, EHN, ELE, ELH, ELK, ELKE, END, ENDE, ENTE, EUT, EUTE, FIZ, FIZE, GEM, GEME, GEMK, GEO, GEOE, GID, GIDE, GMI, GMIE, ICM, IML, IMLE, INS, INSE, ISL, ISLE, JDF, JEF, JEFE, JEO, JEOE, KIM, KIME, KMM, KMME, KOM, KOME, MAD, MADE, MAK, MAKE, MAT, MATE, MET, METE, MIM, MIME, MTO, MTOE, PEM, PEME, PET, PETE, SBP, SBPE, SEH, TEK, TEKE, TEL, THO, UCK, UCKE, UZB, UZBE, YZVE",,
11493,ATA 101,ATA,LS,Atatürk İlk & İnkılap Trh I,,Burcu Kurt,,Salı,10:30/12:29,,75,74,,"BIO, BIOE, BLG, BLGE, CEV, CEVE, CHZ, CHZE, DEN, DENE, DUI, DUIE, ECNE, EHB, EHBE, EHN, ELE, ELH, ELK, ELKE, END, ENDE, ENTE, EUT, EUTE, FIZ, FIZE, GEM, GEME, GEMK, GEO, GEOE, GID, GIDE, GMI, GMIE, ICM, IML, IMLE, INS, INSE, ISL, ISLE, JDF, JEF, JEFE, JEO, JEOE, KIM, KIME, KMM, KMME, KOM, KOME, MAD, MADE, MAK, MAKE, MAT, MATE, MET, METE, MIM, MIME, MTO, MTOE, PEM, PEME, PET, PETE, SBP, SBPE, SEH, TEK, TEKE, TEL, THO, UCK, UCKE, UZB, UZBE, YZVE",,
11494,ATA 101,ATA,LS,Atatürk İlk & İnkılap Trh I,,Burcu Kurt,,Salı,12:30/14:29,,75,74,,"BIO, BIOE, BLG, BLGE, CEV, CEVE, CHZ, CHZE, DEN, DENE, DUI, DUIE, ECNE, EHB, EHBE, EHN, ELE, ELH, ELK, ELKE, END, ENDE, ENTE, EUT, EUTE, FIZ, FIZE, GEM, GEME, GEMK, GEO, GEOE, GID, GIDE, GMI, GMIE, ICM, IML, IMLE, INS, INSE, ISL, ISLE, JDF, JEF, JEFE, JEO, JEOE, KIM, KIME, KMM, KMME, KOM, KOME, MAD, MADE, MAK, MAKE, MAT, MATE, MET, METE, MIM, MIME, MTO, MTOE, PEM, PEME, PET, PETE, SBP, SBPE, SEH, TEK, TEKE, TEL, THO, UCK, UCKE, UZB, UZBE, YZVE",,
11495,CAB 261,CAB,LS,Ney III,,Burak Malçok,,Pazartesi,15:30/17:29,,5,2,,"CGM6, CGM7, CGM8, MTR, MUZ",,
11496,ATA 102,ATA,LS,Atatürk İlk & İnkılap Trh II,,Burcu Kurt,,Salı,14:30/16:29,,75,75,,"BIO, BIOE, BLG, BLGE, CEV, CEVE, CHZ, CHZE, DEN, DENE, DUI, DUIE, ECNE, EHB, EHBE, EHN, ELE, ELH, ELK, ELKE, END, ENDE, ENTE, EUT, EUTE, FIZ, FIZE, GEM, GEME, GEMK, GEO, GEOE, GID, GIDE, GMI, GMIE, ICM, IML, IMLE, INS, INSE, ISL, ISLE, JDF, JEF, JEFE, JEO, JEOE, KIM, KIME, KMM, KMME, KOM, KOME, MAD, MADE, MAK, MAKE, MAT, MATE, MET, METE, MIM, MIME, MTO, MTOE, PEM, PEME, PET, PETE, SBP, SBPE, SEH, TEK, TEKE, TEL, THO, UCK, UCKE, UZB, UZBE, YZVE",,
11497,CAB 267,CAB,LS,Klarnet III,,Sezgin Unan,,Pazartesi,15:30/17:29,,5,3,,"MTR, MUZ, THO",,
11498,CAB 295,CAB,LS,Viyolonsel III,,Gülyar Say,,Pazartesi,15:30/17:29,,5,1,,"MTR, MUT, MUZ, MZT",,
11499,ATA 101,ATA,LS,Atatürk İlk & İnkılap Trh I,,Burcu Kurt,,Cuma,08:30/10:29,,75,75,,"BIO, BIOE, BLG, BLGE, CEV, CEVE, CHZ, CHZE, DEN, DENE, DUI, DUIE, ECNE, EHB, EHBE, EHN, ELE, ELH, ELK, ELKE, END, ENDE, ENTE, EUT, EUTE, FIZ, FIZE, GEM, GEME, GEMK, GEO, GEOE, GID, GIDE, GMI, GMIE, ICM, IML, IMLE, INS, INSE, ISL, ISLE, JDF, JEF, JEFE, JEO, JEOE, KIM, KIME, KMM, KMME, KOM, KOME, MAD, MADE, MAK, MAKE, MAT, MATE, MET, METE, MIM, MIME, MTO, MTOE, PEM, PEME, PET, PETE, SBP, SBPE, SEH, TEK, TEKE, TEL, THO, UCK, UCKE, UZB, UZBE, YZVE",,
11500,CAB 293,CAB,LS,Zurna III,,--,,Pazartesi,15:30/17:29,,5,0,,"MUZ, THO",,
11501,CAB 273,CAB,LS,Karadeniz Kemençesi III,,--,,Pazartesi,15:30/17:29,,5,0,,"MUZ, THO",,
11502,CAB 279,CAB,LS,Koltuk Davul I,,Salim Sınar,,Pazartesi,15:30/17:29,,5,4,,THO,,
11503,CAB 269,CAB,LS,3 Telli Kemençe III,,Neva Özgen Kösoğlu,,Pazartesi,15:30/17:29,,5,2,,"CGM6, CGM7, CGM8, MTR, MUT, MUZ, MZT",,
11504,CAB 379,CAB,LS,Asmalı Davul I,,Serhat Tansu Altuğ,,Cuma,15:30/17:29,,5,1,,"CGM6, CGM7, CGM8, MTR",,
11505,CAB 351,CAB,LS,Kanun V,,Safinaz Rizeli,,Cuma,15:30/17:29,,5,1,,"CGM3, CGM6, CGM7, CGM8, MTR, MUT, MZT, SES",,
11506,CAB 351,CAB,LS,Kanun V,,Ayşegül Kostak Toksoy,,Cuma,15:30/17:29,,5,1,,"CGM3, CGM6, CGM7, CGM8, MTR, MUT, MZT, SES",,
11507,CAB 353,CAB,LS,Tanbur V,,Birol Yayla,,Cuma,15:30/17:29,,5,3,,"CGM6, CGM7, CGM8, MTR, MUT, MZT, SES",,
11508,CAB 353,CAB,LS,Tanbur V,,--,,Cuma,15:30/17:29,,5,0,,"CGM6, CGM7, CGM8, MTR, MUT, MZT, SES",,
11509,CAB 361,CAB,LS,Ney V,,Burak Malçok,,Cuma,15:30/17:29,,5,1,,"CGM6, CGM7, CGM8, MTR",,
11510,CAB 357,CAB,LS,Bağlama V,,--,,Cuma,15:30/17:29,,5,0,,"CGM1, CGM6, CGM7, CGM8, MTR, MUT, MZT, SES",,
11511,CAB 357,CAB,LS,Bağlama V,,--,,Cuma,15:30/17:29,,5,0,,"CGM1, CGM6, CGM7, CGM8, MTR, MUT, MZT, SES",,
11512,THO 317,THO,LS,Sahne Projesi I (Kredisiz),,--,,Perşembe,13:30/17:29,,5,0,,THO,,
11513,CAB 357,CAB,LS,Bağlama V,,Engin Şafak Gürler,,Cuma,15:30/17:29,,5,3,,"CGM1, CGM6, CGM7, CGM8, MTR, MUT, MZT, SES",,
11514,CAB 457,CAB,LS,Bağlama VII,,Engin Şafak Gürler,,Çarşamba,10:30/12:29,,5,2,,"CGM1, CGM6, CGM7, CGM8, MTR, SES",,
11515,THO 113,THO,LS,Oyun Tekniği I,,Salim Sınar,,Salı | Cuma,13:30/15:29 | 13:30/15:29,,30,30,,"THMA, THMH, THMK, THMN, THMR, THMT, THMZ, THO",,
11516,CAB 357,CAB,LS,Bağlama V,,--,,Cuma,15:30/17:29,,5,0,,"CGM1, CGM6, CGM7, CGM8, MTR, MUT, MZT, SES",,
11517,CAB 457,CAB,LS,Bağlama VII,,--,,Çarşamba,10:30/12:29,,5,0,,"CGM1, CGM6, CGM7, CGM8, MTR, SES",,
11518,CAB 363,CAB,LS,Mey V,,Cem Ekmen,,Cuma,15:30/17:29,,5,1,,"CGM6, CGM7, CGM8, MTR",,
11519,CAB 463,CAB,LS,Mey VII,,Cem Ekmen,,Çarşamba,10:30/12:29,,5,1,,"CGM6, CGM7, CGM8, MTR",,
11520,CAB 3101,CAB,LS,Keman V,,İbragım Orazov,,Cuma,15:30/17:29,,5,4,,MTR,,
11521,ATA 101,ATA,LS,Atatürk İlk & İnkılap Trh I,,Burcu Kurt,,Cuma,10:30/12:29,,75,75,,"BIO, BIOE, BLG, BLGE, CEV, CEVE, CHZ, CHZE, DEN, DENE, DUI, DUIE, ECNE, EHB, EHBE, EHN, ELE, ELH, ELK, ELKE, END, ENDE, ENTE, EUT, EUTE, FIZ, FIZE, GEM, GEME, GEMK, GEO, GEOE, GID, GIDE, GMI, GMIE, ICM, IML, IMLE, INS, INSE, ISL, ISLE, JDF, JEF, JEFE, JEO, JEOE, KIM, KIME, KMM, KMME, KOM, KOME, MAD, MADE, MAK, MAKE, MAT, MATE, MET, METE, MIM, MIME, MTO, MTOE, PEM, PEME, PET, PETE, SBP, SBPE, SEH, TEK, TEKE, TEL, THO, UCK, UCKE, UZB, UZBE, YZVE",,
11522,ATA 102,ATA,LS,Atatürk İlk & İnkılap Trh II,,Burcu Kurt,,Cuma,14:30/16:29,,75,75,,"BIO, BIOE, BLG, BLGE, CEV, CEVE, CHZ, CHZE, DEN, DENE, DUI, DUIE, ECNE, EHB, EHBE, EHN, ELE, ELH, ELK, ELKE, END, ENDE, ENTE, EUT, EUTE, FIZ, FIZE, GEM, GEME, GEMK, GEO, GEOE, GID, GIDE, GMI, GMIE, ICM, IML, IMLE, INS, INSE, ISL, ISLE, JDF, JEF, JEFE, JEO, JEOE, KIM, KIME, KMM, KMME, KOM, KOME, MAD, MADE, MAK, MAKE, MAT, MATE, MET, METE, MIM, MIME, MTO, MTOE, PEM, PEME, PET, PETE, SBP, SBPE, SEH, TEK, TEKE, TEL, THO, UCK, UCKE, UZB, UZBE, YZVE",,
11523,ATA 101,ATA,LS,Atatürk İlk & İnkılap Trh I,,Necdet Öz,,Çarşamba,08:30/10:29,,75,73,,"BIO, BIOE, BLG, BLGE, CEV, CEVE, CHZ, CHZE, DEN, DENE, DUI, DUIE, ECNE, EHB, EHBE, EHN, ELE, ELH, ELK, ELKE, END, ENDE, ENTE, EUT, EUTE, FIZ, FIZE, GEM, GEME, GEMK, GEO, GEOE, GID, GIDE, GMI, GMIE, ICM, IML, IMLE, INS, INSE, ISL, ISLE, JDF, JEF, JEFE, JEO, JEOE, KIM, KIME, KMM, KMME, KOM, KOME, MAD, MADE, MAK, MAKE, MAT, MATE, MET, METE, MIM, MIME, MTO, MTOE, PEM, PEME, PET, PETE, SBP, SBPE, SEH, TEK, TEKE, TEL, THO, UCK, UCKE, UZB, UZBE, YZVE",,
11524,ATA 101,ATA,LS,Atatürk İlk & İnkılap Trh I,,Necdet Öz,,Çarşamba,10:30/12:29,,75,75,,"BIO, BIOE, BLG, BLGE, CEV, CEVE, CHZ, CHZE, DEN, DENE, DUI, DUIE, ECNE, EHB, EHBE, EHN, ELE, ELH, ELK, ELKE, END, ENDE, ENTE, EUT, EUTE, FIZ, FIZE, GEM, GEME, GEMK, GEO, GEOE, GID, GIDE, GMI, GMIE, ICM, IML, IMLE, INS, INSE, ISL, ISLE, JDF, JEF, JEFE, JEO, JEOE, KIM, KIME, KMM, KMME, KOM, KOME, MAD, MADE, MAK, MAKE, MAT, MATE, MET, METE, MIM, MIME, MTO, MTOE, PEM, PEME, PET, PETE, SBP, SBPE, SEH, TEK, TEKE, TEL, THO, UCK, UCKE, UZB, UZBE, YZVE",,
11525,ATA 101,ATA,LS,Atatürk İlk & İnkılap Trh I,,Necdet Öz,,Çarşamba,13:30/15:29,,75,75,,"BIO, BIOE, BLG, BLGE, CEV, CEVE, CHZ, CHZE, DEN, DENE, DUI, DUIE, ECNE, EHB, EHBE, EHN, ELE, ELH, ELK, ELKE, END, ENDE, ENTE, EUT, EUTE, FIZ, FIZE, GEM, GEME, GEMK, GEO, GEOE, GID, GIDE, GMI, GMIE, ICM, IML, IMLE, INS, INSE, ISL, ISLE, JDF, JEF, JEFE, JEO, JEOE, KIM, KIME, KMM, KMME, KOM, KOME, MAD, MADE, MAK, MAKE, MAT, MATE, MET, METE, MIM, MIME, MTO, MTOE, PEM, PEME, PET, PETE, SBP, SBPE, SEH, TEK, TEKE, TEL, THO, UCK, UCKE, UZB, UZBE, YZVE",,
11526,ATA 102,ATA,LS,Atatürk İlk & İnkılap Trh II,,Necdet Öz,,Perşembe,08:30/10:29,,75,74,,"BIO, BIOE, BLG, BLGE, CEV, CEVE, CHZ, CHZE, DEN, DENE, DUI, DUIE, ECNE, EHB, EHBE, EHN, ELE, ELH, ELK, ELKE, END, ENDE, ENTE, EUT, EUTE, FIZ, FIZE, GEM, GEME, GEMK, GEO, GEOE, GID, GIDE, GMI, GMIE, ICM, IML, IMLE, INS, INSE, ISL, ISLE, JDF, JEF, JEFE, JEO, JEOE, KIM, KIME, KMM, KMME, KOM, KOME, MAD, MADE, MAK, MAKE, MAT, MATE, MET, METE, MIM, MIME, MTO, MTOE, PEM, PEME, PET, PETE, SBP, SBPE, SEH, TEK, TEKE, TEL, THO, UCK, UCKE, UZB, UZBE, YZVE",,
11527,ATA 102,ATA,LS,Atatürk İlk & İnkılap Trh II,,Necdet Öz,,Perşembe,10:30/12:29,,75,74,,"BIO, BIOE, BLG, BLGE, CEV, CEVE, CHZ, CHZE, DEN, DENE, DUI, DUIE, ECNE, EHB, EHBE, EHN, ELE, ELH, ELK, ELKE, END, ENDE, ENTE, EUT, EUTE, FIZ, FIZE, GEM, GEME, GEMK, GEO, GEOE, GID, GIDE, GMI, GMIE, ICM, IML, IMLE, INS, INSE, ISL, ISLE, JDF, JEF, JEFE, JEO, JEOE, KIM, KIME, KMM, KMME, KOM, KOME, MAD, MADE, MAK, MAKE, MAT, MATE, MET, METE, MIM, MIME, MTO, MTOE, PEM, PEME, PET, PETE, SBP, SBPE, SEH, TEK, TEKE, TEL, THO, UCK, UCKE, UZB, UZBE, YZVE",,
11528,ATA 102,ATA,LS,Atatürk İlk & İnkılap Trh II,,Necdet Öz,,Perşembe,13:30/15:29,,75,75,,"BIO, BIOE, BLG, BLGE, CEV, CEVE, CHZ, CHZE, DEN, DENE, DUI, DUIE, ECNE, EHB, EHBE, EHN, ELE, ELH, ELK, ELKE, END, ENDE, ENTE, EUT, EUTE, FIZ, FIZE, GEM, GEME, GEMK, GEO, GEOE, GID, GIDE, GMI, GMIE, ICM, IML, IMLE, INS, INSE, ISL, ISLE, JDF, JEF, JEFE, JEO, JEOE, KIM, KIME, KMM, KMME, KOM, KOME, MAD, MADE, MAK, MAKE, MAT, MATE, MET, METE, MIM, MIME, MTO, MTOE, PEM, PEME, PET, PETE, SBP, SBPE, SEH, TEK, TEKE, TEL, THO, UCK, UCKE, UZB, UZBE, YZVE",,
11529,ATA 101,ATA,LS,Atatürk İlk & İnkılap Trh I,,Necdet Öz,,Pazartesi,14:30/16:29,,75,74,,"BIO, BIOE, BLG, BLGE, CEV, CEVE, CHZ, CHZE, DEN, DENE, DUI, DUIE, ECNE, EHB, EHBE, EHN, ELE, ELH, ELK, ELKE, END, ENDE, ENTE, EUT, EUTE, FIZ, FIZE, GEM, GEME, GEMK, GEO, GEOE, GID, GIDE, GMI, GMIE, ICM, IML, IMLE, INS, INSE, ISL, ISLE, JDF, JEF, JEFE, JEO, JEOE, KIM, KIME, KMM, KMME, KOM, KOME, MAD, MADE, MAK, MAKE, MAT, MATE, MET, METE, MIM, MIME, MTO, MTOE, PEM, PEME, PET, PETE, SBP, SBPE, SEH, TEK, TEKE, TEL, THO, UCK, UCKE, UZB, UZBE, YZVE",,
11530,ATA 101,ATA,LS,Atatürk İlk & İnkılap Trh I,,Yusuf Ziya Altıntaş,,Pazartesi,08:30/10:29,,75,73,,"BIO, BIOE, BLG, BLGE, CEV, CEVE, CHZ, CHZE, DEN, DENE, DUI, DUIE, ECNE, EHB, EHBE, EHN, ELE, ELH, ELK, ELKE, END, ENDE, ENTE, EUT, EUTE, FIZ, FIZE, GEM, GEME, GEMK, GEO, GEOE, GID, GIDE, GMI, GMIE, ICM, IML, IMLE, INS, INSE, ISL, ISLE, JDF, JEF, JEFE, JEO, JEOE, KIM, KIME, KMM, KMME, KOM, KOME, MAD, MADE, MAK, MAKE, MAT, MATE, MET, METE, MIM, MIME, MTO, MTOE, PEM, PEME, PET, PETE, SBP, SBPE, SEH, TEK, TEKE, TEL, THO, UCK, UCKE, UZB, UZBE, YZVE",,
11531,ATA 101,ATA,LS,Atatürk İlk & İnkılap Trh I,,Yusuf Ziya Altıntaş,,Salı,13:30/15:29,,75,75,,"BIO, BIOE, BLG, BLGE, CEV, CEVE, CHZ, CHZE, DEN, DENE, DUI, DUIE, ECNE, EHB, EHBE, EHN, ELE, ELH, ELK, ELKE, END, ENDE, ENTE, EUT, EUTE, FIZ, FIZE, GEM, GEME, GEMK, GEO, GEOE, GID, GIDE, GMI, GMIE, ICM, IML, IMLE, INS, INSE, ISL, ISLE, JDF, JEF, JEFE, JEO, JEOE, KIM, KIME, KMM, KMME, KOM, KOME, MAD, MADE, MAK, MAKE, MAT, MATE, MET, METE, MIM, MIME, MTO, MTOE, PEM, PEME, PET, PETE, SBP, SBPE, SEH, TEK, TEKE, TEL, THO, UCK, UCKE, UZB, UZBE, YZVE",,
11532,ATA 101,ATA,LS,Atatürk İlk & İnkılap Trh I,,Yusuf Ziya Altıntaş,,Pazartesi,14:30/16:29,,75,75,,"BIO, BIOE, BLG, BLGE, CEV, CEVE, CHZ, CHZE, DEN, DENE, DUI, DUIE, ECNE, EHB, EHBE, EHN, ELE, ELH, ELK, ELKE, END, ENDE, ENTE, EUT, EUTE, FIZ, FIZE, GEM, GEME, GEMK, GEO, GEOE, GID, GIDE, GMI, GMIE, ICM, IML, IMLE, INS, INSE, ISL, ISLE, JDF, JEF, JEFE, JEO, JEOE, KIM, KIME, KMM, KMME, KOM, KOME, MAD, MADE, MAK, MAKE, MAT, MATE, MET, METE, MIM, MIME, MTO, MTOE, PEM, PEME, PET, PETE, SBP, SBPE, SEH, TEK, TEKE, TEL, THO, UCK, UCKE, UZB, UZBE, YZVE",,
11533,ATA 102,ATA,LS,Atatürk İlk & İnkılap Trh II,,Yusuf Ziya Altıntaş,,Salı,08:30/10:29,,75,74,,"BIO, BIOE, BLG, BLGE, CEV, CEVE, CHZ, CHZE, DEN, DENE, DUI, DUIE, ECNE, EHB, EHBE, EHN, ELE, ELH, ELK, ELKE, END, ENDE, ENTE, EUT, EUTE, FIZ, FIZE, GEM, GEME, GEMK, GEO, GEOE, GID, GIDE, GMI, GMIE, ICM, IML, IMLE, INS, INSE, ISL, ISLE, JDF, JEF, JEFE, JEO, JEOE, KIM, KIME, KMM, KMME, KOM, KOME, MAD, MADE, MAK, MAKE, MAT, MATE, MET, METE, MIM, MIME, MTO, MTOE, PEM, PEME, PET, PETE, SBP, SBPE, SEH, TEK, TEKE, TEL, THO, UCK, UCKE, UZB, UZBE, YZVE",,
11534,ATA 102,ATA,LS,Atatürk İlk & İnkılap Trh II,,Yusuf Ziya Altıntaş,,Salı,10:30/12:29,,75,74,,"BIO, BIOE, BLG, BLGE, CEV, CEVE, CHZ, CHZE, DEN, DENE, DUI, DUIE, ECNE, EHB, EHBE, EHN, ELE, ELH, ELK, ELKE, END, ENDE, ENTE, EUT, EUTE, FIZ, FIZE, GEM, GEME, GEMK, GEO, GEOE, GID, GIDE, GMI, GMIE, ICM, IML, IMLE, INS, INSE, ISL, ISLE, JDF, JEF, JEFE, JEO, JEOE, KIM, KIME, KMM, KMME, KOM, KOME, MAD, MADE, MAK, MAKE, MAT, MATE, MET, METE, MIM, MIME, MTO, MTOE, PEM, PEME, PET, PETE, SBP, SBPE, SEH, TEK, TEKE, TEL, THO, UCK, UCKE, UZB, UZBE, YZVE",,
11535,CAB 4101,CAB,LS,Keman VII,,İbragım Orazov,,Çarşamba,10:30/12:29,,5,5,,MTR,,
11536,ATA 102,ATA,LS,Atatürk İlk & İnkılap Trh II,,***,,Çarşamba,08:30/10:29,,70,0,,"BIO, BIOE, BLG, BLGE, CEV, CEVE, CHZ, CHZE, DEN, DENE, DUI, DUIE, ECNE, EHB, EHBE, EHN, ELE, ELH, ELK, ELKE, END, ENDE, ENTE, EUT, EUTE, FIZ, FIZE, GEM, GEME, GEMK, GEO, GEOE, GID, GIDE, GMI, GMIE, ICM, IML, IMLE, INS, INSE, ISL, ISLE, JDF, JEF, JEFE, JEO, JEOE, KIM, KIME, KMM, KMME, KOM, KOME, MAD, MADE, MAK, MAKE, MAT, MATE, MET, METE, MIM, MIME, MTO, MTOE, PEM, PEME, PET, PETE, SBP, SBPE, SEH, TEK, TEKE, TEL, THO, UCK, UCKE, UZB, UZBE, YZVE",,
11537,ATA 102,ATA,LS,Atatürk İlk & İnkılap Trh II,,Yusuf Ziya Altıntaş,,Çarşamba,10:30/12:29,,75,73,,"BIO, BIOE, BLG, BLGE, CEV, CEVE, CHZ, CHZE, DEN, DENE, DUI, DUIE, ECNE, EHB, EHBE, EHN, ELE, ELH, ELK, ELKE, END, ENDE, ENTE, EUT, EUTE, FIZ, FIZE, GEM, GEME, GEMK, GEO, GEOE, GID, GIDE, GMI, GMIE, ICM, IML, IMLE, INS, INSE, ISL, ISLE, JDF, JEF, JEFE, JEO, JEOE, KIM, KIME, KMM, KMME, KOM, KOME, MAD, MADE, MAK, MAKE, MAT, MATE, MET, METE, MIM, MIME, MTO, MTOE, PEM, PEME, PET, PETE, SBP, SBPE, SEH, TEK, TEKE, TEL, THO, UCK, UCKE, UZB, UZBE, YZVE",,
11538,CAB 389,CAB,LS,Gitar V,,Tufan Kurdoğlu,,Cuma,15:30/17:29,,5,1,,"CGM2, CGM6, CGM7, CGM8, MTR, THO",,
11539,ATA 101,ATA,LS,Atatürk İlk & İnkılap Trh I,,Kadir Kon,,Pazartesi,11:30/13:29,,30,22,,"MBI, MCB, SBL, SCE, SDU, SEK, SEN, SGM, SIN, SIS, SMT, STP",,
11540,CAB 485,CAB,LS,Gitar VII,,Tufan Kurdoğlu,,Çarşamba,10:30/12:29,,5,3,,"CGM2, CGM6, CGM7, CGM8, MTR",,
11541,ATA 101,ATA,LS,Atatürk İlk & İnkılap Trh I,,Mehmet Ali Doğan,,Pazartesi,11:30/13:29,,30,30,,"MBI, MCB, SBL, SCE, SDU, SEK, SEN, SGM, SIN, SIS, SMT, STP",,
11542,ATA 101,ATA,LS,Atatürk İlk & İnkılap Trh I,,Yusuf Ziya Altıntaş,,Pazartesi,11:30/13:29,,30,21,,"MBI, MCB, SBL, SCE, SDU, SEK, SEN, SGM, SIN, SIS, SMT, STP",,
11543,CAB 359,CAB,LS,Ud V,,--,,Cuma,15:30/17:29,,5,0,,"CGM4, CGM6, CGM7, CGM8, MTR, MUT, MZT, SES",,
11544,ATA 101,ATA,LS,Atatürk İlk & İnkılap Trh I,,Seda Bayındır Uluskan,,Pazartesi,11:30/13:29,,30,15,,"MBI, MCB, SBL, SCE, SDU, SEK, SEN, SGM, SIN, SIS, SMT, STP",,
11545,CAB 359,CAB,LS,Ud V,,Osman Kırklıkçı,,Cuma,15:30/17:29,,5,2,,"CGM4, CGM6, CGM7, CGM8, MTR, MUT, MZT, SES",,
11546,CAB 359,CAB,LS,Ud V,,Sarper Eroğlu,,Cuma,15:30/17:29,,5,1,,"CGM4, CGM6, CGM7, CGM8, MTR, MUT, MZT, SES",,
11548,CAB 459,CAB,LS,Ud VII,,Sarper Eroğlu,,Çarşamba,10:30/12:29,,5,2,,"CGM4, CGM6, CGM7, CGM8, MTR, SES",,
11549,CAB 367,CAB,LS,Klarnet V,,--,,Cuma,15:30/17:29,,5,0,,MTR,,
11550,CAB 367,CAB,LS,Klarnet V,,--,,Cuma,15:30/17:29,,5,0,,MTR,,
11551,CAB 467,CAB,LS,Klarnet VII,,Sezgin Unan,,Çarşamba,13:30/15:29,,5,1,,MTR,,
11552,CAB 395,CAB,LS,Viyolonsel V,,Cenk Öztürk,,Cuma,15:30/17:29,,5,3,,MTR,,
11553,CAB 479,CAB,LS,Koltuk Davulu,,--,,Çarşamba,10:30/12:29,,5,0,,"CGM6, CGM7, CGM8, MTR",,
11554,CAB 457,CAB,LS,Bağlama VII,,--,,Çarşamba,10:30/12:29,,5,0,,"CGM1, CGM6, CGM7, CGM8, MTR, SES",,
11555,CAB 457,CAB,LS,Bağlama VII,,Şendoğan Karadeli,,Çarşamba,10:30/12:29,,5,3,,"CGM1, CGM6, CGM7, CGM8, MTR, SES",,
11556,CAB 451,CAB,LS,Kanun VII,,Safinaz Rizeli,,Çarşamba,10:30/12:29,,5,1,,"CGM3, CGM6, CGM7, CGM8, MTR, SES",,
11557,CAB 453,CAB,LS,Tanbur VII,,Birol Yayla,,Çarşamba,10:30/12:29,,5,1,,"CGM6, CGM7, CGM8, MTR, SES",,
11558,CAB 495,CAB,LS,Viyolonsel VII,,Cenk Öztürk,,Çarşamba,10:30/12:29,,5,1,,MTR,,
11559,CAB 144,CAB,LS,Yrd.Çalgı Piyano II,,Alper Rumelioğlu,,Çarşamba,10:30/12:29,,15,1,,"BST, CAB, CEB, KMP",,
11560,CAB 444,CAB,LS,Yrd.Çalgı Piyano VIII,,Alper Rumelioğlu,,Çarşamba,13:30/15:29,,15,10,,"BST, CAB, CEB, KMP, SES",,
11561,CAB 244,CAB,LS,Yrd.Çalgı Piyano IV,,Devlet Devrim Öztaş,,Pazartesi,10:30/12:29,,15,7,,"BST, CAB, CEB, KMP",,
11562,CAB 344,CAB,LS,Yrd.Çalgı Piyano VI,,Mehru Ensari,,Pazartesi,13:30/15:29,,15,11,,"BST, CAB, CEB, KMP, SES",,
11563,KMP 492,KMP,LS,Bitirme Çalışması,,Oğuzhan Balcı,,,/,,500,1,,"BST, KMP",,
11564,KMP 293,KMP,LS,Armoni I,,Recep Gül,,Salı,08:30/10:29,,31,31,,"CAB, CEB, MTR, MTRM",,
11565,KMP 195,KMP,LS,Form Bilgisi I,,Recep Gül,,Pazartesi,10:30/12:29,,48,45,,"CAB, CEB, MTR, MUT, MZT, SES",,
11566,KMP 293,KMP,LS,Armoni I,,Recep Gül,,Pazartesi,13:30/15:29,,35,32,,"CAB, CEB, MTR, MTRM",,
11567,KMP 457,KMP,LS,Partisyon Çözümleme I,,Recep Gül,,Cuma,08:30/10:29,,25,3,,"MTR, MUT, MZT",,
11568,KMP 197,KMP,LS,Konturpuan-Füg I,,Ayhan Gunca,,Pazartesi,10:30/12:29,,27,26,,"CAB, CEB, MTR",,
11569,KMP 197,KMP,LS,Konturpuan-Füg I,,Ayhan Gunca,,Cuma,10:30/12:29,,27,19,,"CAB, CEB, MTR",,
11570,SES 492,SES,LS,Bitirme Çalışması,,Sinem Özdemir,,,/,,500,7,,SES,,
11571,SES 497,SES,LS,III Selim Dönemi Repertuvarı,,Suat Güney,,Pazartesi,08:30/10:29,,10,4,,SES,,
11572,THO 203,THO,LS,Türk Halk Oyunları I,,Salim Sınar,,Salı | Perşembe,15:30/17:29 | 10:30/12:29,,15,14,,THO,,
11573,SES 491,SES,LS,TSM Repertuarı VII,,Güzün Değişmez,,Pazartesi | Çarşamba,15:30/17:29 | 13:30/15:29,,15,10,,SES,,
11574,SES 281,SES,LS,15.-17.Yüzyıl Türk Müziği Rep.,,Suat Güney,,Pazartesi | Perşembe,10:30/12:29 | 08:30/10:29,,20,17,,SES,,
11575,THO 201,THO,LS,Oyun Ritim Bilgisi III,,Salim Sınar,,Perşembe,08:30/10:29,,18,19,,THO,,
11576,SES 122,SES,LS,Diksiyon,,Ebru Aracı,,Pazartesi,08:30/10:29,,30,24,,SES,,
11577,THO 421,THO,LS,Azeri Oyun Repertuvarı I,,--,,Pazartesi | Cuma,13:30/15:29 | 10:30/12:29,,10,0,,"THMA, THMT, THO",,
11578,SES 465,SES,LS,Sahne Psikolojisi,,Ebru Aracı,,Pazartesi,10:30/12:29,,25,9,,SES,,
11579,THO 117,THO,LS,Kondisyon Ve Esneme I (Krdsz),,"Funda Bozkurt, Yurıy Mezokh",,Salı | Perşembe,08:30/10:29 | 08:30/10:29,,30,29,,"THMB, THMD, THO",,
11580,THO 115,THO,LS,Bale I,,Yurıy Mezokh,,Salı | Perşembe,10:30/12:29 | 10:30/12:29,,30,29,,"THMB, THO",,
11581,SES 131,SES,LS,THM Repertuvarı I,,Erhan Uslu,,Pazartesi | Perşembe,15:30/17:29 | 13:30/15:29,,10,10,,SES,,
11582,SES 133,SES,LS,TSM Repertuvarı I,,Sinem Özdemir,,Pazartesi | Perşembe,15:30/17:29 | 10:30/12:29,,12,11,,SES,,
11583,SES 221,SES,LS,Koro I (Kredisiz),,Fidan Kurt Kasapbaşı,,Çarşamba | Cuma,08:30/10:29 | 13:30/15:29,,40,27,,SES,,
11584,SES 321,SES,LS,Koro III (Kredisiz),,Fidan Kurt Kasapbaşı,,Çarşamba | Cuma,08:30/10:29 | 13:30/15:29,,40,27,,SES,,
11585,SES 421,SES,LS,Koro V (Kredisiz),,Fidan Kurt Kasapbaşı,,Çarşamba | Cuma,08:30/10:29 | 13:30/15:29,,40,15,,SES,,
11586,SES 113,SES,LS,Ses Eğitimi I,,Laçin Modiri,,,/,,7,7,,"SEMH, SEMS, SES",,
11587,SES 113,SES,LS,Ses Eğitimi I,,Fidan Kurt Kasapbaşı,,,/,,8,8,,"SEMH, SEMS, SES",,
11588,SES 113,SES,LS,Ses Eğitimi I,,Gülaram Baltayeva,,,/,,10,10,,"SEMH, SEMS, SES",,
11589,SES 105,SES,LS,Korrepetisyon I,,"Sinem Özdemir, Laçin Modiri",,,/,,5,5,,"SEMH, SEMS, SES",,
11590,SES 105,SES,LS,Korrepetisyon I,,"Sinem Özdemir, Fidan Kurt Kasapbaşı",,,/,,5,2,,"SEMH, SEMS, SES",,
11591,THO 413,THO,LS,Jest-Mimik,,Serpil Murtezaoğlu,,Pazartesi,09:30/12:29,,20,20,,THO,,
11592,SES 105,SES,LS,Korrepetisyon I,,"Sinem Özdemir, Gülaram Baltayeva",,,/,,5,4,,"SEMH, SEMS, SES",,
11593,THO 447,THO,LS,Modern Dans I,,Yurıy Mezokh,,Pazartesi | Cuma,15:30/17:29 | 15:30/17:29,,10,2,,"THMD, THO",,
11594,THO 461,THO,LS,Koreografi I,,Yurıy Mezokh,,Cuma,13:30/15:29,,10,1,,"THMA, THMB, THMD, THMH, THMK, THMN, THMR, THMZ, THO",,
11595,THO 431,THO,LS,Kaşıklı Oyunlar I,,Funda Bozkurt,,Salı | Çarşamba,13:30/15:29 | 13:30/15:29,,10,1,,THO,,
11596,THO 109,THO,LS,Oyun Ritim Bilgisi I,,Eyüp Uzunkaya,,Çarşamba,13:30/15:29,,16,11,,"THMT, THO",,
11597,SES 105,SES,LS,Korrepetisyon I,,"Deniz Güneş, Laçin Modiri",,,/,,5,3,,"SEMH, SEMS, SES",,
11598,SES 105,SES,LS,Korrepetisyon I,,"Deniz Güneş, Fidan Kurt Kasapbaşı",,,/,,5,3,,"SEMH, SEMS, SES",,
11599,THO 417,THO,LS,Sahne Projesi III (Kredisiz),,Eyüp Uzunkaya,,Perşembe,13:30/17:29,,6,5,,THO,,
11600,SES 105,SES,LS,Korrepetisyon I,,"Deniz Güneş, Gülaram Baltayeva",,,/,,5,2,,"SEMH, SEMS, SES",,
11601,SES 105,SES,LS,Korrepetisyon I,,"Erhan Uslu, Laçin Modiri",,,/,,5,1,,"SEMH, SEMS, SES",,
11602,SES 105,SES,LS,Korrepetisyon I,,"Erhan Uslu, Fidan Kurt Kasapbaşı",,,/,,5,2,,"SEMH, SEMS, SES",,
11603,SES 105,SES,LS,Korrepetisyon I,,"Erhan Uslu, Gülaram Baltayeva",,,/,,6,5,,"SEMH, SEMS, SES",,
11604,SES 231,SES,LS,Ağız ve Hançere Teknikleri I,,Deniz Güneş,,Salı | Perşembe,10:30/12:29 | 13:30/15:29,,20,10,,SES,,
11605,BLG 101E,BLG,LS,Intr. to Information Systems,,"Mehmet Tahir Sandıkkaya, Ali Çakmak",,Pazartesi | Pazartesi,09:30/10:29 | 10:30/12:29,,200,198,,"BLG, BLGE, YZVE",,
11606,THO 445,THO,LS,Köy Seyirlik Oyunları I,,Eyüp Uzunkaya,,Pazartesi | Salı,15:30/17:29 | 10:30/12:29,,10,6,,THO,,
11608,THO 111,THO,LS,Hareket Anatomisi I,,Nihal Cömert,,Pazartesi,13:30/15:29,,30,30,,"THMT, THO",,
11609,THO 313,THO,LS,Koreoloji I,,Nihal Cömert,,Pazartesi | Çarşamba,10:30/12:29 | 13:30/15:29,,20,13,,THO,,
11610,BLG 113E,BLG,LS,Intr.toComp.Eng.and Ethics,,"Gökhan Seçinti, Sema Fatma Oktuğ",,Çarşamba,13:30/15:29,,200,184,,"BLG, BLGE",,
11611,THO 409,THO,LS,20.yy'da Dans,,Nihal Cömert,,Çarşamba,09:30/12:29,,20,7,,THO,,
11612,THO 207,THO,LS,Oyun Repertuvarı I,,Cumhur Sevinç,,Pazartesi | Çarşamba,15:30/17:29 | 13:30/15:29,,15,7,,THO,,
11614,THO 435,THO,LS,Zeybek Oyun Repertuvarı I,,--,,Pazartesi | Salı,13:30/15:29 | 13:30/15:29,,10,0,,"THMT, THMZ, THO",,
11616,THO 443,THO,LS,Denge Performans I,,Cumhur Sevinç,,Salı | Cuma,10:30/12:29 | 15:30/17:29,,10,3,,"THMB, THMD, THO",,
11617,BLG 212E,BLG,LS,Microprocessor Systems,,"Gökhan İnce, Burak Berk Üstündağ",,Pazartesi,08:30/11:29,,230,234,,"BLG, BLGE",,
11618,THO 205,THO,LS,Oyunda Yöresel Tavırlar I,,Ahmet Turan Demirbağ,,Salı | Cuma,10:30/12:29 | 13:30/15:29,,15,14,,THO,,
11620,THO 311,THO,LS,Oyun Analizi I,,--,,Çarşamba,09:30/12:29,,0,0,,"THMT, THO",,
11622,THO 423,THO,LS,Bar Oyun Repertuvarı I,,--,,Çarşamba | Perşembe,13:30/15:29 | 10:30/12:29,,0,0,,"THMR, THMT, THO",,
11623,BLG 231E,BLG,LS,Digital Circuits,,"Feza Buzluca, Sanem Kabadayı",,Cuma,08:30/11:29,,255,256,,"BLG, BLGE",,
11624,BLG 223E,BLG,LS,Data Structures,,"Gülşen Eryiğit, Tolga Ovatman",,Salı | Çarşamba,08:30/11:29 | 11:30/12:29,,100,100,,"BLG, BLGE",,
11625,THO 305,THO,LS,Oyunda Yöresel Tavırlar III,,Aydın Balcı,,Salı | Perşembe,10:30/12:29 | 08:30/10:29,,15,4,,THO,,
11627,THO 427,THO,LS,Horon Oyun Repertuvarı I,,--,,Salı | Perşembe,13:30/15:29 | 10:30/12:29,,10,0,,"THMN, THMT, THO",,
11628,THO 307,THO,LS,Oyun Repertuvarı III,,Serdar Bombacı,,Salı | Cuma,13:30/15:29 | 10:30/12:29,,15,6,,THO,,
11629,THO 309,THO,LS,Halk Oyunları Sahne Bilgisi,,İlknur Demirbağ,,Cuma,13:30/16:29,,20,13,,"THMA, THMH, THMK, THMN, THMR, THMT, THMZ, THO",,
11630,THO 303,THO,LS,Türk Halk Oyunları III,,Cenap Güngör,,Pazartesi | Perşembe,13:30/15:29 | 10:30/12:29,,15,6,,THO,,
11631,THO 425,THO,LS,Halay Oyun Repertuvarı I,,--,,Çarşamba | Cuma,13:30/15:29 | 10:30/12:29,,10,0,,"THMH, THMT, THO",,
11632,BLG 335E,BLG,LS,Analysis of Algorithms I,,--,,Salı,08:30/11:29,,0,0,,"BLG, BLGE",,
11633,THO 471,THO,LS,Türk Halk Oyunları I,,Cenap Güngör,,Çarşamba,10:30/12:29,,15,7,,SES,,
11635,BLG 337E,BLG,LS,Principles of Computer Comm.,,Berk Canberk,,Salı,13:30/16:29,,100,103,,"BLG, BLGE",,
11636,THO 429,THO,LS,Karşılama- Hora Oyun Rep. I,,Serdar Bombacı,,Salı | Cuma,08:30/10:29 | 08:30/10:29,,10,8,,"THMK, THMT, THO",,
11637,BLG 351E,BLG,LS,Microcomputer Lab.,,İlkay Öksüz,,Cuma,15:30/17:29,,60,42,,"BLG, BLGE",,
11638,THO 417,THO,LS,Sahne Projesi III (Kredisiz),,İlknur Demirbağ,,Perşembe,13:30/17:29,,5,5,,THO,,
11639,BLG 351E,BLG,LS,Microcomputer Lab.,,İlkay Öksüz,,Çarşamba,13:30/15:29,,60,59,,"BLG, BLGE",,
11640,THO 411,THO,LS,Geleneksel Giyim Kuşam I,,İlknur Demirbağ,,Perşembe,08:30/10:29,,20,14,,"THMA, THMH, THMK, THMN, THMR, THMT, THMZ, THO",,
11641,BLG 351E,BLG,LS,Microcomputer Lab.,,İlkay Öksüz,,Pazartesi,13:30/15:29,,60,60,,"BLG, BLGE",,
11642,BLG 317E,BLG,LS,Database Systems,,"Hayri Turgut Uyar, Şule Öğüdücü",,Çarşamba,08:30/11:29,,115,115,,"BLG, BLGE",,
11643,THO 433,THO,LS,Semah I,,--,,Salı | Perşembe,13:30/15:29 | 10:30/12:29,,10,0,,THO,,
11645,BLG 411E,BLG,LS,Software Engineering,,"Ahmet Cüneyd Tantuğ, Ayşe Tosun",,Salı,13:30/16:29,,200,152,,"BLG, BLGE",,
11647,THO 453,THO,LS,Dans Antropolojisine Giriş,,--,,Cuma,13:30/15:29,,0,0,,THO,,
11649,BLG 413E,BLG,LS,System Programming,,"Gökhan Seçinti, Hayri Turgut Uyar",,Salı,08:30/11:29,,110,130,,"BLG, BLGE",,
11650,BLG 433E,BLG,LS,Computer Communications,,"Sema Fatma Oktuğ, Gökhan Seçinti",,Çarşamba,08:30/10:29,,100,90,,"BLG, BLGE",,
11651,THO 455,THO,LS,Dans Felsefesine Giriş,,Fatma Belma Kurtişoğlu,,Salı,15:30/17:29,,10,0,,THO,,
11652,BLG 435E,BLG,LS,Artificial Intelligence,,Sanem Sarıel,,Çarşamba,13:30/15:29,,100,104,,"BLG, BLGE",,
11653,BLG 439E,BLG,LS,Computer Project I,,"Deniz Turgay Altılar, Mehmet Baysan",,Pazartesi,13:30/16:29,,80,38,,"BLG, BLGE",,
11654,BLG 447E,BLG,LS,Compiler Design,,Takuhi Nadia Erdoğan,,Çarşamba,08:30/10:29,,60,0,,"BLG, BLGE",,
11655,BLG 450E,BLG,LS,Real-Time Systems Software,,Deniz Turgay Altılar,,Pazartesi,10:30/12:29,,60,18,,"BLG, BLGE",,
11656,BLG 453E,BLG,LS,Computer Vision,,Gözde Ünal,,Pazartesi,08:30/10:29,,100,91,,"BLG, BLGE",,
11657,BLG 454E,BLG,LS,Learning From Data,,Islem Rekik,,Perşembe,13:30/16:29,,100,94,,"BLG, BLGE",,
11658,BLG 456E,BLG,LS,Robotics,,Hatice Köse,,Cuma,08:30/10:29,,90,94,,"BLG, BLGE",,
11659,BLG 459E,BLG,LS,Computer Security,,Şerif Bahtiyar,,Çarşamba,10:30/12:29,,90,87,,"BLG, BLGE",,
11660,BLG 492,BLG,LS,Bitirme Çalışması,,Gökhan Seçinti,,,/,,500,31,,BLG,,
11661,BLG 492E,BLG,LS,Graduation Project,,Gökhan Seçinti,,,/,,500,47,,"BLG, BLGE",,
11662,MAT 281E,MAT,LS,Linear Algebra and Applicat.,,"Uluğ Bayazıt, Yusuf Yaslan",,Salı,13:30/16:29,,190,172,,"BLG, BLGE, YZVE",,
11663,SES 233,SES,LS,Türk Halk Müziği Repert. III,,Seval Eroğlu,,Pazartesi | Perşembe,10:30/12:29 | 08:30/10:29,,15,11,,SES,,
11665,MAT 271E,MAT,LS,Probability and Statistics,,Sanem Kabadayı,,Salı,13:30/16:29,,50,49,,"BIO, BIOE, BLG, BLGE, CEV, CEVE, CHZ, CHZE, DEN, DENE, DUI, EHB, EHBE, EHN, ELE, ELH, ELK, ELKE, ENTE, EUT, EUTE, FIZ, FIZE, GEM, GEME, GEMK, GEO, GEOE, GID, GIDE, GMI, GMIE, GMIK, IML, IMLE, INS, INSE, JEF, JEFE, JEO, JEOE, KMM, KMME, KOM, KOME, KON, KONE, MAD, MADE, MAK, MAKE, MET, METE, MTO, MTOE, PET, PETE, SBP, SBPE, SEH, TEK, TEKE, TEL, UCK, UCKE, UZB, UZBE",,
11666,SES 283,SES,LS,Türk Sanat Müziği Repert. III,,Gülşah Sönmez,,Salı | Perşembe,10:30/12:29 | 10:30/12:29,,15,12,,SES,,
11667,HUK 203E,HUK,LS,IT Law,,Çiçek Ersoy Kekevi,,Cuma,13:30/15:29,,190,190,,"BLG, BLGE",,
11668,BLG 4901E,BLG,LS,Computer Engineering Design I,,Gökhan Seçinti,,,/,,500,60,,"BLG, BLGE",,
11669,BLG 4901,BLG,LS,Bilgisayar Müh. Tasarımı I,,Gökhan Seçinti,,,/,,500,11,,BLG,,
11670,MUT 492,MUT,LS,Bitirme Çalışması,,Can Karadoğan,,,/,,100,7,,"MUT, MZT",,
11671,SES 213,SES,LS,Ses Eğitimi III,,Laçin Modiri,,,/,,6,6,,"SEMH, SEMS, SES",,
11672,MUT 241,MUT,LS,İleri Kayıt Teknikleri,,Can Karadoğan,,Pazartesi | Çarşamba,13:30/15:29 | 10:30/12:29,,20,8,,"MUT, MZT",,
11673,SES 213,SES,LS,Ses Eğitimi III,,Tuğçem Kar,,,/,,10,10,,"SEMH, SEMS, SES",,
11674,MUT 463,MUT,LS,Serbest Proje Çalışması III,,Can Karadoğan,,,/,,5,0,,MUT,,
11675,SES 213,SES,LS,Ses Eğitimi III,,Gülaram Baltayeva,,,/,,7,6,,"SEMH, SEMS, SES",,
11676,SES 209,SES,LS,Korrepetisyon III,,"Gülşah Sönmez, Laçin Modiri",,,/,,5,4,,"SEMH, SEMS, SES",,
11677,MUT 131,MUT,LS,Akustik I,,Murat Tıraş,,Perşembe,13:30/15:29,,45,45,,"BST, KMP, MTR, MUT, MUZ, MZT",,
11678,MUT 267,MUT,LS,Stüdyo Akustiği,,Murat Tıraş,,Pazartesi,13:30/15:29,,20,15,,"MUT, MZT",,
11679,MUT 101,MUT,LS,Kemençe Yapımı I,,İbrahim Coşkun,,,/,,5,4,,"MUT, MZT",,
11680,SES 209,SES,LS,Korrepetisyon III,,"Gülşah Sönmez, Tuğçem Kar",,,/,,5,5,,"SEMH, SEMS, SES",,
11681,MUT 161,MUT,LS,Ağaç Teknolojisi,,İbrahim Coşkun,,Salı,10:30/12:29,,20,6,,"MUT, MZT",,
11682,MUT 211,MUT,LS,Ud Yapımı,,İbrahim Coşkun,,,/,,7,6,,"MTMM, MUT, MZT",,
11683,SES 209,SES,LS,Korrepetisyon III,,"Gülşah Sönmez, Gülaram Baltayeva",,,/,,5,2,,"SEMH, SEMS, SES",,
11684,MUT 313,MUT,LS,Çalgı Süsleme Sanatı,,--,,Çarşamba,13:30/15:29,,20,0,,"MUT, MZT",,
11685,SES 209,SES,LS,Korrepetisyon III,,"Seval Eroğlu, Laçin Modiri",,,/,,5,3,,"SEMH, SEMS, SES",,
11686,MUT 403,MUT,LS,Bendir Yapımı,,İbrahim Coşkun,,Çarşamba,10:30/12:29,,20,10,,"MUT, MZT",,
11687,MUT 111,MUT,LS,Tanbur Yapımı,,Hasan Coşkun,,,/,,5,1,,"MTMM, MUT, MZT",,
11688,SES 209,SES,LS,Korrepetisyon III,,"Seval Eroğlu, Tuğçem Kar",,,/,,6,6,,"SEMH, SEMS, SES",,
11689,SES 209,SES,LS,Korrepetisyon III,,"Seval Eroğlu, Gülaram Baltayeva",,,/,,5,3,,"SEMH, SEMS, SES",,
11690,SES 301,SES,LS,Türk Halk Müziği Repertuarı V,,Serap Baltutan,,Salı | Perşembe,13:30/15:29 | 10:30/12:29,,10,5,,SES,,
11691,SES 307,SES,LS,Yöre Ağızları I,,Erhan Uslu,,Salı | Cuma,08:30/10:29 | 10:30/12:29,,22,21,,SES,,
11692,SES 301,SES,LS,Türk Halk Müziği Repertuarı V,,Ayşe Esin Şentürk,,Pazartesi | Çarşamba,10:30/12:29 | 13:30/15:29,,10,5,,SES,,
11693,SES 355,SES,LS,Zeybek Repertuvarı,,--,,Pazartesi,13:30/16:29,,15,0,,SES,,
11694,SES 359,SES,LS,Deyiş Repertuvarı,,Seval Eroğlu,,Pazartesi,13:30/16:29,,10,3,,SES,,
11695,SES 365,SES,LS,Ses Fizyolojisine Giriş,,Laçin Modiri,,Perşembe,08:30/10:29,,30,26,,SES,,
11696,SES 381,SES,LS,19.YY Türk Müziği Repertuarı,,Gülşah Sönmez,,Salı | Cuma,13:30/15:29 | 10:30/12:29,,20,15,,SES,,
11697,SES 391,SES,LS,Türk Sanat Müziği Repertuarı V,,Sinem Özdemir,,Pazartesi | Çarşamba,13:30/15:29 | 13:30/15:29,,17,17,,SES,,
11698,SES 373,SES,LS,Köçekçe Repertuarı,,Gülşah Sönmez,,Cuma,08:30/10:29,,15,14,,SES,,
11699,SES 423,SES,LS,Yrd. Repertuvar I (TSM),,Gülşah Sönmez,,Çarşamba,10:30/12:29,,23,21,,SES,,
11700,SES 425,SES,LS,Yrd. Repertuvar I (THM),,Ayşe Esin Şentürk,,Perşembe,10:30/12:29,,20,13,,SES,,
11701,SES 313,SES,LS,Dünya Vokal Teknikleri I,,Laçin Modiri,,,/,,7,7,,SES,,
11702,SES 313,SES,LS,Dünya Vokal Teknikleri I,,Tuğçem Kar,,,/,,7,7,,SES,,
11703,SES 313,SES,LS,Dünya Vokal Teknikleri I,,Osman Serkan Bodur,,,/,,5,4,,SES,,
11704,SES 313,SES,LS,Dünya Vokal Teknikleri I,,Fidan Kurt Kasapbaşı,,,/,,9,9,,SES,,
11705,SES 309,SES,LS,Korrepetisyon V,,"Sinem Özdemir, Tuğçem Kar",,,/,,5,4,,SES,,
11706,SES 309,SES,LS,Korrepetisyon V,,"Sinem Özdemir, Laçin Modiri",,,/,,7,6,,SES,,
11707,SES 309,SES,LS,Korrepetisyon V,,"Sinem Özdemir, Fidan Kurt Kasapbaşı",,,/,,7,7,,SES,,
11708,SES 309,SES,LS,Korrepetisyon V,,"Sinem Özdemir, Osman Serkan Bodur",,,/,,5,1,,SES,,
11709,SES 309,SES,LS,Korrepetisyon V,,"Ayşe Esin Şentürk, Tuğçem Kar",,,/,,5,3,,SES,,
11710,SES 309,SES,LS,Korrepetisyon V,,"Ayşe Esin Şentürk, Osman Serkan Bodur",,,/,,5,2,,SES,,
11711,SES 309,SES,LS,Korrepetisyon V,,"Ayşe Esin Şentürk, Fidan Kurt Kasapbaşı",,,/,,5,1,,SES,,
11712,SES 309,SES,LS,Korrepetisyon V,,"Ayşe Esin Şentürk, Laçin Modiri",,,/,,5,2,,SES,,
11713,SES 309,SES,LS,Korrepetisyon V,,"Serap Baltutan, Tuğçem Kar",,,/,,5,3,,SES,,
11714,SES 309,SES,LS,Korrepetisyon V,,"Serap Baltutan, Osman Serkan Bodur",,,/,,5,1,,SES,,
11715,SES 309,SES,LS,Korrepetisyon V,,"Serap Baltutan, Fidan Kurt Kasapbaşı",,,/,,5,2,,SES,,
11716,SES 309,SES,LS,Korrepetisyon V,,--,,,/,,5,0,,SES,,
11717,SES 401,SES,LS,THM Repertuarı VII,,Serap Baltutan,,Pazartesi | Perşembe,13:30/15:29 | 13:30/15:29,,10,6,,SES,,
11718,SES 407,SES,LS,Yöre Ağızları III,,Serap Baltutan,,Salı | Çarşamba,15:30/17:29 | 13:30/15:29,,10,5,,SES,,
11719,MUT 141,MUT,LS,Kayıt Teknikleri,,Sertaç Kakı,,Salı | Perşembe,13:30/15:29 | 15:30/17:29,,20,16,,"MTMS, MUT, MZT",,
11720,MUT 153,MUT,LS,Sayısal Ses Çalışma Ortamları,,Sair Sinan Kestelli,,Pazartesi,15:30/17:29,,20,17,,"MUT, MZT",,
11721,MUT 361,MUT,LS,Çalgı Bilgisi I,,Sair Sinan Kestelli,,Çarşamba,08:30/10:29,,20,20,,"MUT, MZT",,
11722,MUT 363,MUT,LS,Serbest Proje Çalışması I,,Sair Sinan Kestelli,,,/,,5,6,,"MUT, MZT",,
11723,MUT 384,MUT,LS,Elektro Akustik Kompozisyon,,Sair Sinan Kestelli,,Çarşamba,10:30/12:29,,20,13,,"MUT, MZT",,
11724,MUT 463,MUT,LS,Serbest Proje Çalışması III,,Sair Sinan Kestelli,,,/,,5,5,,"MUT, MZT",,
11725,MUT 201,MUT,LS,Kemane Yapımı,,Ahmet Tunç Buyruklar,,,/,,5,1,,"MTMY, MUT, MZT",,
11726,MUT 253,MUT,LS,Prodüksiyon Analizi,,Mehmet Cevdet Erek,,Salı,10:30/12:29,,20,13,,"MUT, MZT",,
11727,MUT 363,MUT,LS,Serbest Proje Çalışması I,,Mehmet Cevdet Erek,,,/,,5,5,,"MUT, MZT",,
11728,MUT 263,MUT,LS,Ölçme ve Kontrol Bilgisi,,Mehmet Haşim Açanal,,Perşembe,10:30/12:29,,20,5,,"MUT, MZT",,
11729,MUT 363,MUT,LS,Serbest Proje Çalışması I,,Mehmet Haşim Açanal,,,/,,5,6,,"MUT, MZT",,
11730,MUT 463,MUT,LS,Serbest Proje Çalışması III,,Mehmet Haşim Açanal,,,/,,5,5,,"MUT, MZT",,
11731,MUT 382,MUT,LS,Elektrik-Elektronik,,Mehmet Haşim Açanal,,Salı,13:30/15:29,,20,7,,"MUT, MZT",,
11732,MUT 301,MUT,LS,Keman Yapımı II,,Ahmet Kaya,,,/,,5,5,,"MUT, MZT",,
11733,MUT 311,MUT,LS,Gitar Yapımı,,Şafak Köksal,,,/,,5,4,,"MUT, MZT",,
11734,MUT 269,MUT,LS,Çalgı Teknik Resmi I,,Şafak Köksal,,Perşembe,13:30/15:29,,20,7,,"MUT, MZT",,
11735,MUT 463,MUT,LS,Serbest Proje Çalışması III,,Şafak Köksal,,,/,,5,5,,"MUT, MZT",,
11736,MUT 371,MUT,LS,Çok Kanallı Miks,,Taylan Özdemir,,Çarşamba | Cuma,13:30/15:29 | 10:30/12:29,,20,17,,"MTMS, MUT, MZT",,
11737,MUT 463,MUT,LS,Serbest Proje Çalışması III,,Taylan Özdemir,,,/,,5,5,,"MUT, MZT",,
11738,MUT 361,MUT,LS,Çalgı Bilgisi I,,Mustafa Aydın Öksüz,,Pazartesi,10:30/12:29,,20,7,,"MUT, MZT",,
11739,MUT 363,MUT,LS,Serbest Proje Çalışması I,,Mustafa Aydın Öksüz,,,/,,5,5,,"MUT, MZT",,
11740,MUT 411,MUT,LS,Kanun Yapımı I,,--,,,/,,5,0,,"MTMM, MUT, MZT",,
11741,MUT 304,MUT,LS,Ney Yapımı,,Mustafa Aydın Öksüz,,Perşembe,08:30/10:29,,20,3,,"MUT, MZT",,
11742,MUT 401,MUT,LS,Viyolonsel Yapımı I,,Mehmet Tangör,,,/,,6,7,,"MTMY, MUT, MZT",,
11743,MUT 465,MUT,LS,Çalgı Restorasyonu,,Mehmet Tangör,,Cuma,10:30/12:29,,20,4,,"MUT, MZT",,
11744,MUT 441,MUT,LS,Mastering,,Sertaç Kakı,,Salı | Perşembe,15:30/17:29 | 10:30/12:29,,20,13,,"MTMS, MUT, MZT",,
11745,MUT 461,MUT,LS,Canlı Ses Donatımı,,Gökhan Deneç,,Çarşamba,13:30/15:29,,20,3,,"MUT, MZT",,
11746,MUT 451,MUT,LS,Sahne Kayıt Teknikleri,,Gökhan Deneç,,Pazartesi,10:30/12:29,,20,9,,"MUT, MZT",,
11747,SES 407,SES,LS,Yöre Ağızları III,,Erhan Uslu,,Salı | Cuma,10:30/12:29 | 08:30/10:29,,10,5,,SES,,
11748,SES 417,SES,LS,Fasıl I,,Gülşah Sönmez,,Salı | Perşembe,08:30/10:29 | 13:30/15:29,,20,15,,"CAB, CEB, SES",,
11749,SES 455,SES,LS,Barak Ağzı Repertuvarı,,Deniz Güneş,,Perşembe,09:30/12:29,,10,1,,SES,,
11750,SES 459,SES,LS,Harput Ağzı Repertuvarı,,--,,Perşembe,09:30/12:29,,0,0,,SES,,
11751,SES 435,SES,LS,Yrd. Repertuvar III (TSM),,Gülşah Sönmez,,Cuma,15:30/17:29,,20,12,,SES,,
11752,SES 433,SES,LS,Yrd. Repertuvar III (THM),,Seval Eroğlu,,Cuma,10:30/12:29,,20,13,,SES,,
11753,SES 409,SES,LS,Korrepetisyon VII,,"Serap Baltutan, Gülaram Baltayeva",,,/,,5,2,,SES,,
11754,SES 409,SES,LS,Korrepetisyon VII,,"Serap Baltutan, Fidan Kurt Kasapbaşı",,,/,,5,2,,SES,,
11755,SES 409,SES,LS,Korrepetisyon VII,,"Serap Baltutan, Alper Göçeri",,,/,,5,1,,SES,,
11756,SES 409,SES,LS,Korrepetisyon VII,,--,,,/,,5,0,,SES,,
11757,SES 409,SES,LS,Korrepetisyon VII,,"Serap Baltutan, Tuğçem Kar",,,/,,5,1,,SES,,
11758,SES 409,SES,LS,Korrepetisyon VII,,"Güzün Değişmez, Gülaram Baltayeva",,,/,,5,5,,SES,,
11759,SES 409,SES,LS,Korrepetisyon VII,,--,,,/,,5,0,,SES,,
11760,SES 409,SES,LS,Korrepetisyon VII,,"Güzün Değişmez, Alper Göçeri",,,/,,5,3,,SES,,
11761,SES 409,SES,LS,Korrepetisyon VII,,"Güzün Değişmez, Laçin Modiri",,,/,,5,2,,SES,,
11762,SES 409,SES,LS,Korrepetisyon VII,,"Güzün Değişmez, Tuğçem Kar",,,/,,5,3,,SES,,
11763,SES 413,SES,LS,Dünya Vokal Teknikleri III,,Alper Göçeri,,,/,,5,4,,SES,,
11764,SES 413,SES,LS,Dünya Vokal Teknikleri III,,Gülaram Baltayeva,,,/,,6,6,,SES,,
11765,SES 413,SES,LS,Dünya Vokal Teknikleri III,,Laçin Modiri,,,/,,5,3,,SES,,
11766,SES 413,SES,LS,Dünya Vokal Teknikleri III,,Fidan Kurt Kasapbaşı,,,/,,5,4,,SES,,
11767,SES 413,SES,LS,Dünya Vokal Teknikleri III,,Tuğçem Kar,,,/,,5,4,,SES,,
11768,SES 371,SES,LS,Repertuar I,,Gülşah Sönmez,,Çarşamba,08:30/10:29,,10,4,,"BST, KMP",,
11769,SES 411,SES,LS,THM Repertuvarı VII,,Deniz Güneş,,Pazartesi | Salı | Perşembe,13:30/15:29 | 15:30/17:29 | 15:30/17:29,,5,1,,SES,,
11770,SES 405,SES,LS,Resital III,,"Deniz Güneş, Gülaram Baltayeva",,,/,,5,2,,SES,,
11771,SES 3113,SES,LS,Dikte Deşifre I,,Ferda Cengiz Ünal,,Salı | Perşembe,13:30/15:29 | 13:30/15:29,,5,4,,SES,,
11772,SES 305,SES,LS,Resital I,,"Deniz Güneş, Gülaram Baltayeva",,,/,,5,1,,SES,,
11773,SES 351,SES,LS,Ses Tekniği I,,Gülaram Baltayeva,,,/,,5,2,,SES,,
11774,SES 311,SES,LS,THM Repertuvarı V,,Serap Baltutan,,Pazartesi | Salı | Perşembe,15:30/17:29 | 13:30/15:29 | 10:30/12:29,,5,1,,SES,,
11775,SES 305,SES,LS,Resital I,,"Serap Baltutan, Gülaram Baltayeva",,,/,,5,1,,SES,,
11776,SES 451,SES,LS,Ses Tekniği III,,Gülaram Baltayeva,,,/,,5,1,,SES,,
11777,SES 203,SES,LS,Ağız ve Hançere Teknikleri I,,Deniz Güneş,,Salı | Perşembe,10:30/12:29 | 13:30/15:29,,5,1,,SES,,
11778,SES 473,SES,LS,Sözlü Oyun Ezgileri Rep.,,Cenap Güngör,,Pazartesi | Salı,15:30/17:29 | 08:30/10:30,,20,2,,THO,,
11779,SES 427,SES,LS,Sahne Bilgisi ve Jest Mimik,,Ebru Aracı,,Pazartesi,13:30/15:29,,25,8,,"CAB, CEB, SES",,
11780,MTR 492,MTR,LS,Bitirme Çalışması,,Eren Özek,,,/,,500,4,,MTR,,
11781,MTR 101,MTR,LS,Makam Teorisi I,,Nurullah Kanık,,Pazartesi | Perşembe | Cuma,08:30/10:29 | 15:30/17:29 | 10:30/12:29,,55,53,,"MTR, MUT, MUZ, MZT, SES",,
11782,MTR 433,MTR,LS,Eser Çözümleme I,,Neşe Yeşim Altınel Çoban,,Perşembe,10:30/12:29,,25,15,,"CAB, CEB, SES",,
11783,MTR 103,MTR,LS,Müzik Teorisi I,,Ufuk Biçak,,Salı | Perşembe | Cuma,13:30/15:29 | 08:30/10:29 | 13:30/15:29,,35,25,,"MTR, MUT, MUZ, MZT, SES",,
11784,MTR 203,MTR,LS,Müzik Teorisi III,,Ayşecan Olgun,,Salı | Çarşamba | Cuma,08:30/10:29 | 13:30/15:29 | 10:30/12:29,,40,40,,"MTR, MUT, MUZ, MZT, SES",,
11785,MTR 103,MTR,LS,Müzik Teorisi I,,Ayşecan Olgun,,Salı | Çarşamba | Cuma,13:30/15:29 | 10:30/12:29 | 08:30/10:29,,56,55,,"MTR, MUT, MUZ, MZT, SES",,
11786,MTR 133,MTR,LS,Müzik Teorisi I,,Ayşecan Olgun,,Salı | Perşembe,15:30/17:29 | 10:30/12:29,,15,1,,"CGM6, MUT, MZT, SES, THO",,
11787,MTR 201,MTR,LS,Makam Teorisi III,,Nurullah Kanık,,Pazartesi | Çarşamba | Cuma,13:30/15:29 | 10:30/12:29 | 08:30/10:29,,35,15,,"MTR, MUT, MUZ, MZT, SES",,
11788,MTR 317,MTR,LS,Müzik Metin Çözümlemeleri I,,Kemal Hasan Karnal,,Perşembe,13:30/15:29,,30,28,,"MUT, MZT, SES",,
11789,MTR 131,MTR,LS,Makam Teorisi I,,Adil Feridun Öney,,Çarşamba | Cuma,08:30/10:29 | 10:30/12:29,,30,1,,"CGM6, MUT, MZT, SES, THO",,
11790,MTR 321,MTR,LS,Müzikte Metin Çözümlemeleri I,,Kemal Hasan Karnal,,Perşembe,15:30/17:29,,20,18,,MTR,,
11791,MTR 231,MTR,LS,Makam Teorisi III,,--,,Çarşamba | Cuma,10:30/12:29 | 10:30/12:29,,15,0,,"CGM6, MUT, MZT, SES, THO",,
11792,MTR 201,MTR,LS,Makam Teorisi III,,Şerife Güvençoğlu,,Pazartesi | Salı | Çarşamba,13:30/15:29 | 10:30/12:29 | 13:30/15:29,,30,17,,"MTR, MUT, MUZ, MZT, SES",,
11793,MTR 401,MTR,LS,İleri Makam Teorisi III,,Şerife Güvençoğlu,,Pazartesi | Salı,15:30/17:29 | 13:30/15:29,,30,26,,MTR,,
11794,MTR 441,MTR,LS,Dikte Deşifre I,,Göktan Ay,,Salı | Perşembe,10:30/12:29 | 15:30/17:29,,20,14,,SES,,
11795,MUZ 492,MUZ,LS,Bitirme Çalışması,,Gözde Çolakoğlu Sarı,,,/,,100,11,,MUZ,,
11796,MTR 443,MTR,LS,Eser Çözümleme I,,Neşe Yeşim Altınel Çoban,,Pazartesi | Salı,15:30/17:29 | 10:30/12:29,,25,12,,SES,,
11797,MUZ 475,MUZ,LS,Türk Halk Müziği Bilgileri I,,Süleyman Şenel,,Salı,15:30/17:29,,45,44,,"BST, CAB, CEB, ETMM, KMP, MTR, MUT, MUZ, MZT, SES, THO",,
11798,MTR 101,MTR,LS,Makam Teorisi I,,Eren Özek,,Pazartesi | Salı | Perşembe,15:30/17:29 | 10:30/12:29 | 08:30/10:29,,40,40,,"MTR, MUT, MUZ, MZT, SES",,
11799,MUZ 311,MUZ,LS,Folklor ve Etnografya,,Eray Cömert,,Cuma,09:30/12:29,,25,18,,"ETMM, MUZ",,
11800,MUZ 431,MUZ,LS,Gelnksl Drama Snatı ve Müzik,,Süleyman Şenel,,Cuma,13:30/16:29,,10,8,,MUZ,,
11801,MUZ 121,MUZ,LS,Müzik Tarihi I,,Atilla Coşkun Toksoy,,Perşembe,15:30/17:29,,40,38,,"CAB, CEB, MTR, MUT, MZT, SES",,
11802,MTR 105,MTR,LS,Ritim Uygulama I,,Adil Feridun Öney,,Perşembe,10:30/12:29,,25,27,,MTR,,
11803,MUZ 401,MUZ,LS,Müzik Tarihi VII,,Atilla Coşkun Toksoy,,Cuma,10:30/12:29,,25,13,,MUZ,,
11804,MTR 201,MTR,LS,Makam Teorisi III,,Nurullah Kanık,,Pazartesi | Çarşamba | Perşembe,15:30/17:29 | 13:30/15:29 | 13:30/15:29,,30,16,,"MTR, MUT, MUZ, MZT, SES",,
11805,MUZ 487,MUZ,LS,Müzik Felsefesine Giriş,,Atilla Coşkun Toksoy,,Perşembe,09:30/12:29,,25,0,,MUZ,,
11806,MUZ 121,MUZ,LS,Müzik Tarihi I,,Yalçın Çetinkaya,,Cuma,15:30/17:29,,50,45,,"CAB, CEB, MTR, MUT, MZT, SES",,
11807,MTR 203,MTR,LS,Müzik Teorisi III,,Ufuk Biçak,,Salı | Perşembe | Cuma,15:30/17:29 | 10:30/12:29 | 15:30/17:29,,35,27,,"MTR, MUT, MUZ, MZT, SES",,
11808,MUZ 497,MUZ,LS,Müzik Felsefesine Giriş,,Yalçın Çetinkaya,,Pazartesi,15:30/17:29,,25,19,,"BST, CAB, CEB, KMP, MTR, MUT, MZT",,
11809,MUZ 379,MUZ,LS,Dini Müzik I,,Yalçın Çetinkaya,,Salı,15:30/17:29,,50,36,,"BST, KMP, MTR, MUZ, SES",,
11810,MTR 303,MTR,LS,İleri Müzik Teorisi I,,Ufuk Biçak,,Çarşamba | Cuma,10:30/12:29 | 10:30/12:29,,35,31,,MTR,,
11811,MUZ 447,MUZ,LS,19. Yüzyıl Osmanlı Müziği,,Yalçın Çetinkaya,,Perşembe,13:30/16:29,,10,6,,MUZ,,
11812,MTR 309,MTR,LS,Ses Sistemleri I,,Ufuk Biçak,,Perşembe,13:30/15:29,,40,24,,"MTR, MTRM",,
11813,MTR 205,MTR,LS,Müzik Teorileri Tarihi I,,Gülay Karamahmutoğlu,,Salı,13:30/15:29,,30,30,,"MTR, MTRM",,
11814,MTR 207,MTR,LS,Teori Uygulama I,,Gülay Karamahmutoğlu,,Çarşamba,10:30/12:29,,25,26,,"MTR, MTRM",,
11815,MTR 305,MTR,LS,Müzik Teorileri Tarihi III,,Gülay Karamahmutoğlu,,Salı,10:30/12:29,,30,24,,"MTR, MTRM",,
11816,MTR 307,MTR,LS,Teori Uygulama III,,Gülay Karamahmutoğlu,,Çarşamba,13:30/15:29,,25,23,,"MTR, MTRM",,
11817,MTR 301,MTR,LS,İleri Makam Teorisi I,,Ferda Cengiz Ünal,,Salı | Perşembe,15:30/17:29 | 10:30/12:29,,30,28,,MTR,,
11818,MTR 403,MTR,LS,İleri Müzik Teorisi III,,Ayşecan Olgun,,Salı | Perşembe,10:30/12:29 | 08:30/10:29,,25,24,,MTR,,
11819,MUZ 111,MUZ,LS,Müzikte Araştırma Yönt. Giriş,,Serhan Dilhan Konan,,Perşembe,13:30/16:29,,25,19,,"ETMM, MTR, MUZ",,
11820,MTR 233,MTR,LS,Müzik Teorisi III,,Emel Şenocak,,Pazartesi | Çarşamba,10:30/12:29 | 13:30/15:29,,20,1,,"MUT, MZT, SES, THO",,
11821,MUZ 377,MUZ,LS,17. YY. Osmanlı Müziği,,Serhan Dilhan Konan,,Cuma,15:30/17:29,,25,8,,MUZ,,
11822,MUZ 111,MUZ,LS,Müzikte Araştırma Yönt. Giriş,,Eray Cömert,,Cuma,13:30/16:29,,45,41,,"ETMM, MTR, MUZ",,
11823,MTR 103,MTR,LS,Müzik Teorisi I,,Emel Şenocak,,Pazartesi | Salı | Perşembe,13:30/15:29 | 15:30/17:29 | 08:30/10:29,,35,26,,"MTR, MUT, MUZ, MZT, SES",,
11824,MUZ 475,MUZ,LS,Türk Halk Müziği Bilgileri I,,Süleyman Şenel,,Cuma,10:30/12:29,,30,27,,"BST, CAB, CEB, ETMM, KMP, MTR, MUT, MUZ, MZT, SES, THO",,
11825,MUZ 321,MUZ,LS,Organolojiye Giriş,,Eray Cömert,,Salı,13:30/15:29,,35,24,,"CAB, CEB, ETMM, MTR, MUT, MUZ, MZT",,
11826,MTR 101,MTR,LS,Makam Teorisi I,,Eren Özek,,Salı | Çarşamba | Perşembe,13:30/15:29 | 13:30/15:29 | 10:30/12:29,,35,12,,"MTR, MUT, MUZ, MZT, SES",,
11827,MUZ 321,MUZ,LS,Organolojiye Giriş,,Serkan Şener,,Cuma,13:30/15:29,,35,25,,"CAB, CEB, ETMM, MTR, MUT, MUZ, MZT",,
11828,MTR 431,MTR,LS,Dikte Deşifre I,,Metin Eke,,Salı,15:30/17:29,,30,19,,"CAB, CEB, SES, THO",,
11829,MUZ 429,MUZ,LS,Türk Müziklojisnn Tmllrine Grş,,Serkan Şener,,Çarşamba,09:30/12:29,,10,0,,MUZ,,
11830,MTR 405,MTR,LS,Dikte ve Deşifre I,,Göktan Ay,,Çarşamba,13:30/15:29,,25,23,,MTR,,
11831,MUZ 477,MUZ,LS,Etnomüzikljnin Temellr. Giriş,,Serkan Şener,,Çarşamba,13:30/15:29,,20,3,,"ETMM, MUZ",,
11832,MTR 407,MTR,LS,Eser Çözümleme I,,Neşe Yeşim Altınel Çoban,,Perşembe,10:30/12:29,,25,17,,MTR,,
11833,MUZ 441,MUZ,LS,Seminer III,,Serkan Şener,,Pazartesi,10:30/12:29,,25,11,,MUZ,,
11834,MUZ 101,MUZ,LS,Müzik Tarihi I,,Ozan Baysal,,Pazartesi,10:30/12:29,,25,21,,MUZ,,
11835,MUZ 301,MUZ,LS,Müzik Tarihi V,,Ozan Baysal,,Çarşamba,09:30/12:29,,25,20,,MUZ,,
11836,MUZ 201,MUZ,LS,Müzik Tarihi III,,Serhan Dilhan Konan,,Salı,13:30/16:29,,25,9,,MUZ,,
11837,MUZ 211,MUZ,LS,Osmanlıca I,,Ali Yayla,,Pazartesi,09:30/12:29,,25,15,,MUZ,,
11838,MUZ 357,MUZ,LS,İleri Osmanlıca I,,Ali Yayla,,Pazartesi,13:30/15:29,,25,7,,"MUZ, MUZE",,
11839,MUZ 457,MUZ,LS,İleri Osmanlıca III,,Ali Yayla,,Salı,10:30/12:29,,25,4,,"MUZ, MUZE",,
11840,MUZ 221,MUZ,LS,Etnomüzikolojiye Giriş,,Serkan Şener,,Çarşamba,10:30/12:29,,25,12,,"ETMM, MUZ",,
11841,MUZ 491,MUZ,LS,Eleştirel Okumak ve Yazmak,,Zeynep Gonca Girgin,,Pazartesi,13:30/16:29,,25,10,,MUZ,,
11842,MUZ 483,MUZ,LS,Müzik-Dans-Kültürel Teori I,,Zeynep Gonca Girgin,,Salı,13:30/15:29,,20,3,,"ETMM, MUZ",,
11843,MUZ 341,MUZ,LS,Seminer I,,Burcu Yıldız Ataş,,Pazartesi,10:30/12:29,,25,12,,MUZ,,
11844,MUZ 411,MUZ,LS,Türkiye Müzik Kültrlerne Giriş,,Burcu Yıldız Ataş,,Salı,08:30/10:29,,25,17,,"ETMM, MUZ",,
11845,MUZ 487,MUZ,LS,Müzik Felsefesine Giriş,,Yalçın Çetinkaya,,Perşembe,09:30/12:29,,25,8,,MUZ,,
11846,MUZ 463,MUZ,LS,Fransızca III,,Yelda Tavukçuoğlu,,Salı,10:30/12:29,,25,11,,"MUZ, MUZE",,
11847,MUZ 479,MUZ,LS,Popüler Müziğe Giriş,,Burcu Yıldız Ataş,,Çarşamba,13:30/15:29,,20,10,,"ETMM, MUT, MUZ, MZT",,
11848,THO 492,THO,LS,Bitirme Çalışması,,Eyüp Uzunkaya,,,/,,100,11,,THO,,
11849,THO 317,THO,LS,Sahne Projesi I (Kredisiz),,--,,Perşembe,13:30/17:29,,0,0,,THO,,
11850,THO 317,THO,LS,Sahne Projesi I (Kredisiz),,Cenap Güngör,,Perşembe,13:30/17:29,,5,2,,THO,,
11851,THO 317,THO,LS,Sahne Projesi I (Kredisiz),,Cumhur Sevinç,,Perşembe,13:30/17:29,,5,5,,THO,,
11852,THO 317,THO,LS,Sahne Projesi I (Kredisiz),,Yurıy Mezokh,,Perşembe,13:30/17:29,,5,2,,THO,,
11853,THO 317,THO,LS,Sahne Projesi I (Kredisiz),,--,,Perşembe,13:30/17:29,,5,0,,THO,,
11854,MTR 203,MTR,LS,Müzik Teorisi III,,Mehmet Özkan,,Salı | Perşembe | Cuma,10:30/12:29 | 08:30/10:29 | 13:30/15:29,,35,6,,"MTR, MUT, MUZ, MZT, SES",,
11855,MTR 103,MTR,LS,Müzik Teorisi I,,Mehmet Özkan,,Salı | Çarşamba | Cuma,15:30/17:29 | 13:30/15:29 | 10:30/12:29,,35,30,,"MTR, MUT, MUZ, MZT, SES",,
11856,MTR 143,MTR,LS,Müzik Teorisi I,,Mehmet Özkan,,Salı | Perşembe,13:30/15:29 | 10:30/12:29,,25,16,,"BST, CAB, CEB, CGM7, KMP",,
11857,MTR 101,MTR,LS,Makam Teorisi I,,Nurullah Kanık,,Pazartesi | Perşembe | Cuma,10:30/12:29 | 10:30/12:29 | 13:30/15:29,,40,42,,"MTR, MUT, MUZ, MZT, SES",,
11858,MTR 201,MTR,LS,Makam Teorisi III,,Şirin Karadeniz Güney,,Çarşamba | Perşembe | Cuma,08:30/10:29 | 08:30/10:29 | 15:30/17:29,,30,29,,"MTR, MUT, MUZ, MZT, SES",,
11859,MTR 123,MTR,LS,Müzik Teorisi I,,Emel Şenocak,,Pazartesi | Çarşamba,15:30/17:29 | 10:30/12:29,,40,39,,THO,,
11860,MTR 223,MTR,LS,Müzik Teorisi III,,Emel Şenocak,,Salı | Çarşamba,13:30/15:29 | 08:30/10:29,,25,15,,THO,,
11861,MTR 121,MTR,LS,Makam Teorisi I,,Adil Feridun Öney,,Çarşamba | Cuma,08:30/10:29 | 10:30/12:29,,46,46,,THO,,
11862,MTR 221,MTR,LS,Makam Teorisi III,,Göktan Ay,,Pazartesi | Perşembe,10:30/12:29 | 13:30/15:29,,25,10,,THO,,
11863,MTR 141,MTR,LS,Makam Teorisi I,,Ferda Cengiz Ünal,,Pazartesi | Perşembe,15:30/17:29 | 15:30/17:29,,25,19,,"BST, CAB, CEB, CGM7, KMP",,
11864,MTR 241,MTR,LS,Makam Teorisi III,,Ferda Cengiz Ünal,,Çarşamba | Perşembe,10:30/12:29 | 08:30/10:29,,25,19,,"BST, CAB, CEB, CGM7, KMP",,
11865,MTR 243,MTR,LS,Müzik Teorisi III,,Ufuk Biçak,,Salı | Cuma,10:30/12:29 | 08:30/10:29,,25,19,,"BST, CAB, CEB, KMP",,
11866,SES 4122,SES,LS,Repertuar Hazırlama Teknikleri,,Sinem Özdemir,,Cuma,13:30/16:29,,5,1,,SES,,
11867,SES 1121,SES,LS,Piyano I,,Sıtkı Kandemir Basmacıoğlu,,Pazartesi,15:30/17:29,,7,4,,SES,,
11868,SES 3915,SES,LS,Ud V,,Mehmet Bitmez,,Çarşamba,08:30/10:29,,5,1,,SES,,
11869,CAB 1115,CAB,LS,Piyano I,,Mehru Ensari,,Çarşamba,10:30/12:29,,7,2,,"CAB, CEB",,
11870,HUK 217,HUK,LS,AR-GE Hukuku,,Hasan Karslıoğlu,,Perşembe,11:30/14:29,,60,14,,"BIO, BIOE, BLG, BLGE, BST, CAB, CEB, CEV, CEVE, CHZ, CHZE, DEN, DENE, DUI, ECNE, EHB, EHBE, ELE, ELH, ELK, ELKE, END, ENDE, ENTE, EUT, EUTE, FIZ, FIZE, GEM, GEME, GEMK, GEO, GEOE, GID, GIDE, GMI, GMIE, ICM, IML, IMLE, INS, INSE, ISL, ISLE, JDF, JEF, JEFE, JEO, JEOE, KIM, KIME, KMM, KMME, KMP, KOM, KOME, MAD, MADE, MAK, MAKE, MAT, MATE, MET, METE, MIM, MIME, MTO, MTOE, MTR, MUT, MUZ, MUZE, MZT, PEM, PEME, PET, PETE, SBP, SBPE, SES, TEB, TEK, TEKE, TEL, THO, UCK, UCKE, UZB, UZBE, YZVE",,
11871,HUK 218,HUK,LS,Ticaret Hukuku,,Hasan Karslıoğlu,,Perşembe,14:30/17:29,,60,27,,"BIO, BIOE, BLG, BLGE, BST, CAB, CEB, CEV, CEVE, CHZ, CHZE, DEN, DENE, DUI, ECNE, EHB, EHBE, ELE, ELH, ELK, ELKE, END, ENDE, ENTE, EUT, EUTE, FIZ, FIZE, GEM, GEME, GEMK, GEO, GEOE, GID, GIDE, GMI, GMIE, ICM, IML, IMLE, INS, INSE, ISL, ISLE, JDF, JEF, JEFE, JEO, JEOE, KIM, KIME, KMM, KMME, KMP, KOM, KOME, MAD, MADE, MAK, MAKE, MAT, MATE, MET, METE, MIM, MIME, MTO, MTOE, MTR, MUT, MUZ, MUZE, MZT, PEM, PEME, PET, PETE, SBP, SBPE, SES, TEB, TEK, TEKE, TEL, THO, UCK, UCKE, UZB, UZBE, YZVE",,
11873,MAD 111,MAD,LS,Maden Müh Giriş,,Hanifi Çopur,,Çarşamba,14:30/15:29,,80,78,,MAD,,
11875,MAD 101E,MAD,LS,Tech.Draw.Appl.in Mining Eng.,,Hakan Tunçdemir,,Perşembe,08:30/11:29,,80,76,,MAD,,
11876,BIL 110E,BIL,LS,Intr. to Prog. Language (C),,Ömür Acaroğlu Ergün,,Çarşamba,11:30/14:29,,70,74,,"MAD, MADE",,
11878,MAD 232,MAD,LS,Açık İşletmeler,,Selamet Gürbüz Erçelebi,,Pazartesi,14:30/17:29,,80,73,,"MAD, MADM",,
11879,MAD 232E,MAD,LS,Surface Mining,,Türker Hüdaverdi,,Pazartesi,14:30/17:29,,20,1,,MADE,,
11880,MAD 205,MAD,LS,Mineraloji ve Petrografi,,Şenel Özdamar,,Cuma,08:30/12:29,,45,44,,MAD,,
11881,MAD 211E,MAD,LS,Mineralogy,,--,,Çarşamba,08:30/11:29,,30,0,,MADE,,
11883,MAD 241E,MAD,LS,Blasting Tech&its Applications,,Türker Hüdaverdi,,Salı,11:30/13:29,,60,60,,"MAD, MADE, MADM",,
11884,MAD 307,MAD,LS,Cevher Hazırlama I,,Murat Olgaç Kangal,,Perşembe,10:30/13:29,,60,52,,MAD,,
11885,MAD 307E,MAD,LS,Mineral Processing I,,Fırat Burat,,Perşembe,10:30/13:29,,40,1,,MADE,,
11886,MAD 311E,MAD,LS,Geophysics,,Seda Yolsal Çevikbilen,,Perşembe,08:30/10:29,,60,60,,"MAD, MADE",,
11887,MAD 361,MAD,LS,Maden Yatakları,,Mustafa Kumral,,Pazartesi,11:30/13:29,,60,54,,MAD,,
11888,MAD 361E,MAD,LS,Mineral Deposits,,--,,Pazartesi,11:30/13:29,,40,0,,MADE,,
11889,MAD 362,MAD,LS,Mühendislik Jeolojisi,,Kayhan Develi,,Salı,15:30/17:29,,50,48,,MAD,,
11890,MAD 351E,MAD,LS,Rock Mechanics,,Hakan Tunçdemir,,Çarşamba,08:30/11:29,,70,63,,"MAD, MADE, MADM",,
11891,MAD 327E,MAD,LS,Haulage and Drainage in Mines,,"Hanifi Çopur, Deniz Tumaç",,Pazartesi,08:30/10:29,,40,25,,"MAD, MADE, MADM",,
11892,MAD 327,MAD,LS,Madenlerde Ulaşım ve Su Atımı,,Cemal Balcı,,Çarşamba,13:30/15:29,,50,45,,"MAD, MADM",,
11893,MAD 461E,MAD,LS,Mine Ventilation,,Abdullah Fişne,,Pazartesi,14:30/17:29,,65,55,,"MAD, MADE, MADM",,
11894,MAD 451E,MAD,LS,Mining Machinery,,"Hanifi Çopur, Deniz Tumaç",,Cuma,14:30/17:29,,75,63,,"MAD, MADE, MADM",,
11895,MAD 441E,MAD,LS,Mine System Analysis,,Selamet Gürbüz Erçelebi,,Cuma,08:30/11:29,,70,64,,"MAD, MADE",,
11897,MAD 319,MAD,LS,Doğal Taş Üretim Teknolojisi,,Deniz Tumaç,,Salı,13:30/15:29,,35,29,,"MAD, MADM",,
11898,CEV 101,CEV,LS,Çevre Müh. Giriş ve Etik,,"İsmail Toröz, Fatma Gülen İskender",,Çarşamba,13:30/15:29,,105,103,,CEV,,
11899,MAD 425E,MAD,LS,Applied Rock Mechanics,,Cüneyt Atilla Öztürk,,Perşembe,08:30/10:29,,30,8,,"MAD, MADE",,
11900,CEV 101E,CEV,LS,Intr.to Environm. Eng.&Ethics,,"Elif Pehlivanoğlu Mantaş, Gülsüm Emel Zengin Balcı",,Çarşamba,13:30/15:29,,80,94,,"CEV, CEVE",,
11901,CEV 201,CEV,LS,Çevre Kimyası I,,"Nuray Işık Kabdaşlı, Serdar Doğruel",,Pazartesi,13:30/16:29,,65,64,,CEV,,
11902,MAD 413E,MAD,LS,Tunneling,,"Hanifi Çopur, Deniz Tumaç",,Salı,08:30/11:29,,50,49,,"MAD, MADE, MADM",,
11903,CEV 201E,CEV,LS,Enviromental Chemistry I,,"İdil Arslan Alaton, Elif Pehlivanoğlu Mantaş",,Salı,08:30/11:29,,60,64,,"CEV, CEVE",,
11904,MAD 415E,MAD,LS,Cement Technology,,Hasan Ergin,,Salı,08:30/11:29,,40,10,,"MAD, MADE",,
11905,MAD 492,MAD,LS,Bitirme Çalışması,,Hanifi Çopur,,,/,,500,18,,MAD,,
11906,CEV 201EL,CEV,LS,Enviromental Chemistry I Lab.,,"İdil Arslan Alaton, Elif Pehlivanoğlu Mantaş",,Perşembe,10:30/12:29,,65,61,,"CEV, CEVE",,
11907,MAD 492E,MAD,LS,Graduation Project,,Hanifi Çopur,,,/,,500,5,,"MAD, MADE",,
11908,CEV 201EL,CEV,LS,Enviromental Chemistry I Lab.,,"İdil Arslan Alaton, Elif Pehlivanoğlu Mantaş",,Çarşamba,09:30/11:29,,25,0,,CEVE,,
11909,MAD 4901,MAD,LS,Maden Müh.Tasarım Projesi I,,Hanifi Çopur,,,/,,500,24,,MAD,,
11911,MAD 431E,MAD,LS,Coal Preparation &Technology,,Fırat Burat,,Salı,13:30/15:29,,26,30,,"MAD, MADE",,
11912,MAT 271E,MAT,LS,Probability and Statistics,,Ömür Acaroğlu Ergün,,Salı,08:30/11:29,,80,94,,"BIO, BIOE, BLG, BLGE, CEV, CEVE, CHZ, CHZE, DEN, DENE, DUI, EHB, EHBE, EHN, ELE, ELH, ELK, ELKE, ENTE, EUT, EUTE, FIZ, FIZE, GEM, GEME, GEMK, GEO, GEOE, GID, GIDE, GMI, GMIE, GMIK, IML, IMLE, INS, INSE, JEF, JEFE, JEO, JEOE, KMM, KMME, KOM, KOME, KON, KONE, MAD, MADE, MAK, MAKE, MET, METE, MTO, MTOE, PET, PETE, SBP, SBPE, SEH, TEK, TEKE, TEL, UCK, UCKE, UZB, UZBE",,
11913,MEK 205,MEK,LS,Mühendislik Mekaniği,,Hale Ergün,,Perşembe,13:30/16:29,,50,55,,"CHZ, END, GID, IML, ISL, JEF, JEO, MAD, PET",,
11914,MEK 205E,MEK,LS,Engineering Mechanics,,Akif Kutlu,,Salı,13:30/16:29,,50,50,,"CHZ, CHZE, END, ENDE, GID, GIDE, GMI, GMIE, GMIK, IML, IMLE, ISL, ISLE, JEF, JEFE, JEO, JEOE, MAD, MADE, PET, PETE, TEKE",,
11917,DNK 201E,DNK,LS,Dynamics,,***,,Salı,08:30/11:29,,40,0,,"ELK, MAD",,
11918,MAL 201E,MAL,LS,Materials Science,,Emin Çiftçi,,Perşembe,14:30/17:29,,40,41,,"CHZE, JEO, JEOE, MAD, PET, PETE",,
11919,STA 201E,STA,LS,Statics,,Pelin Gündeş Bakır,,Cuma,08:30/11:29,,70,76,,"DEN, DENE, EHB, EHBE, ELE, ELH, GEM, GEME, GEMK, JEO, JEOE, MAD, MAK, MAKE, TEK, TEL, UCK, UCKE, UZB, UZBE",,
11921,BIL 113E,BIL,LS,Intr.to Sci& Eng.Comp.(MATLAB),,Ahmet Murat Akoğlu,,Pazartesi,11:30/14:29,,50,50,,"JEO, JEOE",,
11922,CHZ 323,CHZ,LS,Maden Yatakları,,Demet Yıldırım,,Pazartesi,08:30/11:29,,40,34,,CHZ,,
11923,CHZ 323E,CHZ,LS,Ore Deposits,,Emin Çiftçi,,Salı,13:30/16:29,,10,1,,CHZE,,
11924,ETK 101,ETK,LS,Mühendislik Etiği,,Yüksel Örgün Tutay,,Pazartesi,12:30/13:29,,70,73,,"CHZ, EHB, IML, JEF, JEO, KOM, KON, MAD, MAK, MTO, PET, TEK",,
11925,JEO 111,JEO,LS,Kristalografi,,Recep Fahri Esenli,,Pazartesi,08:30/11:29,,85,87,,"JEO, JEOM",,
11926,JEO 112E,JEO,LS,General Geology,,Gürsel Sunal,,Pazartesi,14:30/17:29,,50,50,,"JEF, JEFE, PET, PETE",,
11927,JEO 112E,JEO,LS,General Geology,,Ziyadin Çakır,,Cuma,14:30/17:29,,55,38,,"JEF, JEFE, PET, PETE",,
11928,CEV 201L,CEV,LS,Çevre Kimyası I Lab.,,"Nuray Işık Kabdaşlı, Onur Yılmaz Özcan, Serdar Doğruel, Tuğba Ölmez Hancı",,Salı,09:30/11:29,,60,58,,CEV,,
11929,CEV 201L,CEV,LS,Çevre Kimyası I Lab.,,"Serdar Doğruel, Onur Yılmaz Özcan",,Cuma,14:30/16:29,,25,0,,CEV,,
11930,CEV 203,CEV,LS,Çevre Mikrobiyolojisi,,Gülsüm Emel Zengin Balcı,,Salı | Çarşamba,13:30/16:29 | 11:30/13:29,,38,36,,CEV,,
11931,CEV 203,CEV,LS,Çevre Mikrobiyolojisi,,Süleyman Övez,,Çarşamba | Perşembe,08:30/11:29 | 08:30/10:29,,30,27,,CEV,,
11932,CEV 203E,CEV,LS,Environmental Microbiology,,Didem Okutman Taş,,Pazartesi | Salı,13:30/16:29 | 14:30/16:29,,35,34,,"CEV, CEVE",,
11933,JEO 112E,JEO,LS,General Geology,,Nilgün Okay,,Cuma,14:30/17:29,,40,39,,"JEF, JEFE, PET, PETE",,
11934,JEO 115,JEO,LS,Genel Jeoloji,,Cenk Yaltırak,,Çarşamba,12:30/15:29,,55,49,,"JEO, JEOM",,
11935,JEO 115,JEO,LS,Genel Jeoloji,,Cengiz Zabcı,,Çarşamba,12:30/15:29,,55,51,,"JEO, JEOM",,
11936,CEV 203E,CEV,LS,Environmental Microbiology,,Ebru Dülekgürgen,,Pazartesi | Salı,08:30/11:29 | 12:30/14:29,,30,32,,"CEV, CEVE",,
11937,JEO 121,JEO,LS,Yer Bilimlerinde Tasarım,,Şaziye Özge Dinç Göğüş,,Cuma,14:30/17:29,,85,87,,JEO,,
11938,CEV 205,CEV,LS,Çevre Ekolojisi,,"Naciye Esra Genceli, Fatma Gülen İskender",,Pazartesi,11:30/13:29,,55,47,,CEV,,
11939,CEV 205E,CEV,LS,Environmental Ecology,,"Ebru Dülekgürgen, Özlem Karahan Özgün",,Çarşamba,13:30/15:29,,65,62,,"CEV, CEVE",,
11940,JEO 131,JEO,LS,Jeoloji Mühendisliğine Giriş,,Emin Çiftçi,,Cuma,11:30/12:29,,85,87,,JEO,,
11941,JEO 222,JEO,LS,Jeomekanik,,Yılmaz Mahmutoğlu,,Pazartesi,08:30/12:29,,80,86,,"JEF, JEO, JEOM",,
11942,CEV 211E,CEV,LS,Enviromental Chemistry I,,--,,Cuma | Cuma,08:30/10:29 | 10:30/12:29,,0,0,,"BIOE, CEVE",,
11943,JEO 223E,JEO,LS,Paleontology,,Ercan Özcan,,Perşembe,11:30/14:29,,60,61,,"JEO, JEOE",,
11944,JEO 242,JEO,LS,Optik Mineraloji,,Şengül Can Genç,,Pazartesi,14:30/17:29,,30,34,,"JEO, JEOM",,
11945,JEO 242,JEO,LS,Optik Mineraloji,,Zekiye Karacık,,Perşembe,14:30/17:29,,30,29,,"JEO, JEOM",,
11946,CEV 242,CEV,LS,Çevre Müh. İçin Hidroloji,,Alpaslan Ekdal,,Cuma,08:30/11:29,,60,52,,CEV,,
11947,JEO 262E,JEO,LS,Stratigraphy,,Boris Nataline,,Salı,15:30/17:29,,85,84,,"JEO, JEOE, JEOM",,
11948,CEV 242E,CEV,LS,Hydrlgy.for Environmental Eng.,,Çiğdem Gömeç,,Cuma,08:30/11:29,,60,61,,"CEV, CEVE",,
11949,JEO 305E,JEO,LS,Geochemistry,,Nurgül Çelik Balcı,,Çarşamba,09:30/12:29,,50,54,,"JEO, JEOM",,
11950,CEV 301,CEV,LS,Kimyasal Prosesler,,Nuray Işık Kabdaşlı,,Perşembe,14:30/17:29,,60,35,,CEV,,
11951,JEO 311,JEO,LS,Şev Stabilitesi Analizleri,,Erkan Bozkurtoğlu,,Pazartesi,13:30/16:29,,30,7,,JEO,,
11952,JEO 314,JEO,LS,Kayaç Yapıcı Mineraller,,--,,Pazartesi,13:30/16:29,,30,0,,JEO,,
11953,CEV 301E,CEV,LS,Chemical Processes,,"İdil Arslan Alaton, Ayşe Erbil",,Perşembe,14:30/17:29,,80,85,,"CEV, CEVE",,
11954,CEV 303,CEV,LS,Teknik Resim (CAD),,Turan Erden,,Cuma,14:30/17:29,,45,45,,CEV,,
11955,JEO 316,JEO,LS,Kıymetli Mineral ve Kayaçlar,,--,,Perşembe,08:30/11:29,,30,0,,JEO,,
11956,JEO 317,JEO,LS,Jeoloji Haritalr & Kartografya,,"Hüsnü Serdar Akyüz, Ufuk Tarı",,Perşembe,08:30/11:29,,50,47,,JEO,,
11957,CEV 303E,CEV,LS,Technical Drawing (CAD),,Özlem Karahan Özgün,,Cuma,13:30/16:29,,75,69,,"CEV, CEVE",,
11958,JEO 319E,JEO,LS,Mining for Geologists,,--,,Pazartesi,13:30/16:29,,30,0,,"JEO, JEOE",,
11959,JEO 325,JEO,LS,Jeolojide Bilgisayar Uygul,,Fuat Yavuz,,Pazartesi,13:30/16:29,,25,18,,JEO,,
11960,JEO 326,JEO,LS,Yapı Gereçleri Jeolojisi,,--,,Perşembe,08:30/11:29,,0,0,,JEO,,
11961,JEO 335,JEO,LS,Uygulamalı Zemin Mekaniği,,Erkan Bozkurtoğlu,,Cuma,08:30/11:29,,30,8,,JEO,,
11962,JEO 338,JEO,LS,Maden Aramaları,,Emin Çiftçi,,Perşembe,08:30/11:29,,30,23,,JEO,,
11963,JEO 340E,JEO,LS,Geomorphology,,"Cengiz Yıldırım, Tolga Görüm",,Perşembe,14:30/17:29,,30,10,,JEO,,
11964,JEO 342,JEO,LS,Metamorfik Petroloji,,--,,Pazartesi,08:30/11:29,,0,0,,JEO,,
11965,JEO 343,JEO,LS,Sondaj Tekniği,,Erkan Bozkurtoğlu,,Cuma,14:30/17:29,,50,42,,JEO,,
11966,JEO 350,JEO,LS,Müh.Tas.Temel İlke.&Yönt.,,--,,Çarşamba,09:30/12:29,,0,0,,JEO,,
11967,JEO 351,JEO,LS,Jeoistatistik,,Fuat Yavuz,,Salı,13:30/15:29,,50,57,,JEO,,
11968,JEO 355E,JEO,LS,Sedimentology,,Gülsen Uçarkuş,,Çarşamba,13:30/15:29,,60,58,,JEO,,
11969,JEO 409,JEO,LS,Türkiye Jeolojisi,,Aral Okay,,Perşembe,13:30/15:29,,50,39,,"JEF, JEO",,
11970,JEO 413,JEO,LS,Jeologlar için Autocad,,Erkan Bozkurtoğlu,,Çarşamba,09:30/12:29,,30,0,,JEO,,
11971,JEO 416,JEO,LS,Kömür Yatakları,,--,,Pazartesi,13:30/16:29,,30,0,,JEO,,
11972,JEO 419,JEO,LS,Uygulamalı Mineraloji,,Recep Fahri Esenli,,Çarşamba,09:30/12:29,,30,5,,JEO,,
11973,JEO 423,JEO,LS,Maden Yataklarının Değerl,,--,,Çarşamba,09:30/12:29,,0,0,,JEO,,
11974,JEO 424,JEO,LS,Volkanoloji,,--,,Perşembe,14:30/17:29,,0,0,,JEO,,
11975,JEO 425,JEO,LS,Magmatik Petroloji,,--,,Çarşamba,09:30/12:29,,30,0,,JEO,,
11976,JEO 431,JEO,LS,Mühendislik Jeolojisi,,"Remzi Karagüzel, Yılmaz Mahmutoğlu",,Salı,08:30/12:29,,50,58,,"JEO, JEOM",,
11977,JEO 437,JEO,LS,Tıbbi Jeoloji,,Yüksel Örgün Tutay,,Pazartesi,13:30/16:29,,30,5,,JEO,,
11978,JEO 438,JEO,LS,Çevre Jeolojisi,,Remzi Karagüzel,,Cuma,08:30/11:29,,40,41,,"JEF, JEO",,
11979,JEO 445E,JEO,LS,Petroleum and Natural Gas Geo.,,"Sedat İnan, Yıldıray Palabıyık",,Çarşamba,12:30/15:29,,60,37,,"JEF, JEFE, PET, PETE",,
11980,JEO 449,JEO,LS,Süreksiz Ort.Karak.-Hid.&Mek.Ö,,--,,Pazartesi,13:30/16:29,,30,0,,JEO,,
11981,JEO 450,JEO,LS,Biojeokimya,,--,,Perşembe,08:30/11:29,,30,0,,JEO,,
11982,JEO 451,JEO,LS,Doğal Suların İzotop Jeokim,,--,,Cuma,08:30/11:29,,30,0,,JEO,,
11983,JEO 452,JEO,LS,Yerbilimler. Jeokim.Veri Kull.,,--,,Pazartesi,13:30/16:29,,30,0,,JEO,,
11984,JEO 4901,JEO,LS,Jeoloji Müh. Tasarımı I,,Yılmaz Mahmutoğlu,,,/,,500,18,,JEO,,
11985,JEO 4901E,JEO,LS,Geological Engin. Design I,,Yılmaz Mahmutoğlu,,,/,,500,5,,JEO,,
11986,JEO 492,JEO,LS,Bitirme Tasarım Projesi,,Emin Çiftçi,,,/,,500,20,,JEO,,
11987,JEO 492E,JEO,LS,Graduation Design Project,,Emin Çiftçi,,,/,,500,10,,"JEO, JEOE",,
11988,CEV 305,CEV,LS,Su Kalitesi Yönetimi,,"Melike Gürel, Elif Pehlivanoğlu Mantaş",,Salı,13:30/16:29,,45,50,,CEV,,
11989,CEV 305E,CEV,LS,Water Quality Management,,"Melike Gürel, Elif Pehlivanoğlu Mantaş",,Pazartesi,08:30/11:29,,60,66,,"CEV, CEVE",,
11990,CEV 305E,CEV,LS,Water Quality Management,,Ayşe Bilsen Baykal,,Salı,14:30/17:29,,40,23,,"CEV, CEVE",,
11991,CEV 315,CEV,LS,Kentsel Planlama,,Özhan Ertekin,,Perşembe,10:30/12:29,,30,25,,CEV,,
11992,CEV 315E,CEV,LS,Urban Planning,,Hüseyin Murat Çelik,,Perşembe,10:30/12:29,,25,11,,"CEV, CEVE",,
11993,CEV 317E,CEV,LS,Urban Drainage,,Mahmut Ekrem Karpuzcu,,Çarşamba,11:30/13:29,,30,22,,"CEV, CEVE",,
11994,CEV 329,CEV,LS,Katı Atık Yönetimi,,"İbrahim Demir, Hüseyin Güven",,Çarşamba,08:30/12:29,,60,40,,CEV,,
11995,CEV 329E,CEV,LS,Solid Waste Management,,"Osman Atilla Arıkan, Bülent İnanç",,Salı,08:30/12:29,,80,80,,"CEV, CEVE",,
11996,CEV 347,CEV,LS,Temel İşlemler,,"Nazik Artan, Hüseyin Erdem Görgün",,Pazartesi,13:30/16:29,,60,38,,CEV,,
11997,CEV 347E,CEV,LS,Unit Operations,,"Seval Sözen, Rüya Taşlı",,Pazartesi,13:30/16:29,,75,81,,"CEV, CEVE",,
11998,CEV 427,CEV,LS,Çevre Modellemesi Esasları,,"Burçak Kaynak Tezel, Alpaslan Ekdal",,Salı,14:30/17:29,,60,58,,CEV,,
11999,CEV 427E,CEV,LS,Environmental Model.Principles,,"Burçak Kaynak Tezel, Alpaslan Ekdal",,Çarşamba,08:30/11:29,,65,63,,"CEV, CEVE",,
12000,CEV 429,CEV,LS,Endüstriyel Kirlenme Kontrolü,,"Fatma Fatoş Babuna, Kadir Alp",,Cuma,14:30/17:29,,60,61,,CEV,,
12001,CEV 429E,CEV,LS,Industrial Pollution Control,,"Emine Çokgör, Tuğba Ölmez Hancı",,Cuma,14:30/17:29,,55,54,,"CEV, CEVE",,
12002,CEV 433,CEV,LS,Tehlikeli Atık Yönetimi,,"İsmail Toröz, Özlem Karahan Özgün",,Cuma,09:30/11:29,,50,17,,CEV,,
12003,MAD 205,MAD,LS,Mineraloji ve Petrografi,,Şenel Özdamar,,Çarşamba,08:30/12:29,,30,24,,MAD,,
12006,CEV 433E,CEV,LS,Hazardous Waste Management,,"Fatma Fatoş Babuna, Özlem Karahan Özgün",,Cuma,11:30/13:29,,60,59,,"CEV, CEVE",,
12007,MAD 467,MAD,LS,Jeoloji Haritaları,,Ufuk Tarı,,Pazartesi,08:30/11:29,,50,10,,MAD,,
12008,MAL 201,MAL,LS,Malzeme Bilimi,,"Mehmet Sezai Kırıkoğlu, Demet Yıldırım",,Pazartesi,13:30/16:29,,50,28,,"CHZ, JEO",,
12009,CEV 401,CEV,LS,Atıksu Arıtma Tesisi Tas.,,"İzzet Öztürk, Hale Özgün, Nevin Yağcı, İsmail Koyuncu",,Pazartesi | Perşembe,13:30/16:29 | 08:30/10:29,,70,69,,CEV,,
12010,STA 201E,STA,LS,Statics,,***,,Pazartesi,11:30/14:29,,60,0,,"JEO, JEOE",,
12011,RES 107E,RES,LS,Technical Drawing,,Sevan Karabetoğlu,,Cuma,08:30/11:29,,82,85,,"END, ENDE, FIZ, GID, GIDE, ISL, ISLE, KMM, KMME, MET, METE, PET, PETE",,
12012,STA 204E,STA,LS,Statics&Strength of Materials,,***,,Cuma,08:30/11:29,,50,0,,"JEF, PET, PETE",,
12013,MAT 271E,MAT,LS,Probability and Statistics,,***,,Salı,08:30/11:29,,40,0,,"CHZ, CHZE, JEF, JEFE, JEO, JEOE, MAD, MADE, PET, PETE",,
12014,TER 201E,TER,LS,Thermodynamics,,Hamza Salih Erden,,Çarşamba,08:30/11:29,,60,60,,"CEV, CEVE, CHZ, CHZE, DEN, DENE, GEM, GEME, GEMK, ISL, ISLE, JEF, JEO, JEOE, KMM, KMME, KOM, KOME, KON, KONE, MAD, PET, PETE, TEKE",,
12015,CEV 401E,CEV,LS,Wastewater Treat. Plant Design,,"Hayrettin Güçlü İnsel, Derya Yüksel İmer, Mustafa Evren Erşahin",,Pazartesi | Perşembe,13:30/16:29 | 10:30/12:29,,60,55,,"CEV, CEVE",,
12016,CEV 439E,CEV,LS,Landfill Design and Operation,,Osman Atilla Arıkan,,Perşembe,13:30/15:29,,25,25,,"CEV, CEVE",,
12017,CEV 443,CEV,LS,Hava Kirlenmesi Kont.Sist.Tas.,,--,,Çarşamba,13:30/15:29,,0,0,,CEV,,
12018,CEV 443E,CEV,LS,Dsgn.of Air Polluti.Cont.Syst.,,--,,Salı,10:30/12:29,,0,0,,"CEV, CEVE",,
12019,CEV 445E,CEV,LS,Dsgn&Operat.Anaero.Treat.Syst.,,Orhan İnce,,Pazartesi,10:30/12:29,,25,6,,"CEV, CEVE",,
12020,CEV 447,CEV,LS,Arazide Arıtma Sistemleri,,Mustafa Sait Yazgan,,Pazartesi,10:30/12:29,,50,47,,CEV,,
12021,CEV 447E,CEV,LS,Land Treatment Systems,,Mahmut Ekrem Karpuzcu,,Salı,08:30/10:29,,25,23,,"CEV, CEVE",,
12022,CEV 471,CEV,LS,Çevre Mühendisliğinde Etik,,Fatma Gülen İskender,,Salı,13:30/14:29,,60,60,,CEV,,
12023,CEV 471E,CEV,LS,Ethics in Environmental Eng.,,İdil Arslan Alaton,,Salı,12:30/13:29,,55,54,,"CEV, CEVE",,
12024,CEV 314E,CEV,LS,Treatment Plant Hydraulics,,"Mustafa Evren Erşahin, Hale Özgün",,Pazartesi,08:30/10:29,,25,4,,"CEV, CEVE",,
12026,CEV 438,CEV,LS,Çevre Etkilerinin Değerlendiri,,Mustafa Sait Yazgan,,Salı,08:30/10:29,,55,50,,CEV,,
12027,CEV 449E,CEV,LS,Control&Autom. in Env. Facil.,,"Hayrettin Güçlü İnsel, Mustafa Evren Erşahin",,Perşembe,15:30/17:29,,25,0,,"CEV, CEVE",,
12028,CEV 453E,CEV,LS,Mng. & Disp. of Treat. Sludges,,Çiğdem Gömeç,,Perşembe,15:30/17:29,,25,4,,"CEV, CEVE",,
12029,CEV 492,CEV,LS,Bitirme Tasarım Projesi,,İsmail Toröz,,,/,,500,10,,CEV,,
12030,CEV 492E,CEV,LS,Graduation Design Project,,İsmail Toröz,,,/,,500,10,,"CEV, CEVE",,
12031,PET 113E,PET,LS,Intr.to Petr.&Nat Gas.Eng.,,Ömer İnanç Türeyen,,Çarşamba,14:30/15:29,,80,80,,"PET, PETE",,
12032,CEV 4901,CEV,LS,Çevre Müh. Tasarımı I,,İsmail Toröz,,,/,,500,32,,CEV,,
12033,CEV 4901E,CEV,LS,Environmental Eng. Design I,,İsmail Toröz,,,/,,500,14,,"CEV, CEVE",,
12034,PET 211E,PET,LS,Petroleum Fluid Properties,,Şenol Yamanlar,,Perşembe,08:30/11:29,,85,81,,"PET, PETE, PETM",,
12037,PET 309E,PET,LS,Fluid and Rock Properties Lab.,,Yıldıray Palabıyık,,Salı,11:30/13:29,,60,36,,"PET, PETE",,
12040,PET 333E,PET,LS,Drilling Engineering,,Mustafa Hakan Özyurtkan,,Pazartesi,08:30/11:29,,80,36,,"PET, PETE",,
12041,PET 335E,PET,LS,Well Logging I,,Emine Didem Korkmaz Başel,,Salı,13:30/16:29,,80,57,,"PET, PETE",,
12042,PET 342E,PET,LS,Reservoir Engineering,,Ömer İnanç Türeyen,,Perşembe,13:30/16:29,,80,31,,"PET, PETE, PETM",,
12044,PET 409E,PET,LS,Well Design and Completions,,"Gürşat Altun, İbrahim Metin Mıhçakan",,Salı,08:30/11:29,,80,26,,"PET, PETE",,
12045,PET 412E,PET,LS,Petroluem& Natural Gas Eco.,,Fazıl Emre Artun,,Pazartesi,13:30/16:29,,80,65,,"PET, PETE",,
12046,PET 416E,PET,LS,Well Logging II,,Emine Didem Korkmaz Başel,,Perşembe,13:30/16:29,,20,15,,"PET, PETE, PETM",,
12047,PET 428E,PET,LS,Simulation of Geosystems,,İhsan Burak Kulga,,Çarşamba,12:30/15:29,,40,36,,"PET, PETE",,
12048,PET 436E,PET,LS,Well Stimulation,,İbrahim Metin Mıhçakan,,Perşembe,08:30/11:29,,60,39,,"PET, PETE",,
12049,PET 441E,PET,LS,Enhanced Oil Recovery,,Murat Çınar,,Pazartesi,08:30/11:29,,40,24,,"PET, PETE, PETM",,
12050,PET 4901E,PET,LS,Petr. & Nat. Gas Eng. Design I,,Ömer İnanç Türeyen,,,/,,500,32,,"PET, PETE",,
12051,PET 492E,PET,LS,Graduation Project,,Ömer İnanç Türeyen,,,/,,500,11,,"PET, PETE",,
12053,JEF 111,JEF,LS,Jeofizik Mühendisliğine Giriş,,Mustafa Emin Demirbağ,,Çarşamba,13:30/15:29,,80,59,,JEF,,
12054,JEF 311E,JEF,LS,Seismology,,Gonca Örgülü,,Salı | Perşembe,13:30/16:29 | 15:30/17:29,,80,39,,"JEF, JEFE, JEFM",,
12055,JEF 321,JEF,LS,Elektrik Prospeksiyon,,Ümit Avşar,,Perşembe,08:30/12:29,,80,45,,"JEF, JEFM",,
12056,JEF 425,JEF,LS,Mühendislik Jeofiziği,,Mustafa Emin Demirbağ,,Çarşamba | Cuma,10:30/12:29 | 14:30/16:29,,80,30,,JEF,,
12057,JEF 428E,JEF,LS,Readings in Geophysics,,Tuncay Taymaz,,Pazartesi,08:30/11:29,,10,5,,"JEF, JEFE, JEFM",,
12058,JEF 205E,JEF,LS,Physics of the Earth,,Emine Aysun Güney,,Pazartesi,08:30/11:29,,80,53,,"JEF, JEFM",,
12059,JEF 326E,JEF,LS,Geothermal Exploration,,Doğa Doğan,,Cuma,08:30/11:29,,15,16,,"JEF, JEFE, JEFM",,
12060,JEF 451,JEF,LS,Gravite&Manyetik Prospeksiyon,,Turgay İşseven,,Çarşamba | Perşembe,08:30/10:29 | 13:30/15:29,,80,45,,"JEF, JEFM",,
12061,JEF 325,JEF,LS,Jeofizikte Modelleme,,Hüseyin Argun Kocaoğlu,,Pazartesi,13:30/17:29,,80,31,,JEF,,
12062,JEF 310E,JEF,LS,Geodynamics,,Tuna Eken,,Çarşamba,12:30/15:29,,15,15,,"JEF, JEFE, JEFM",,
12063,JEF 442,JEF,LS,Arkeo-Jeofizik,,Caner İmren,,Pazartesi,14:30/17:29,,15,15,,"JEF, JEFM",,
12064,BIL 112E,BIL,LS,Intr.to Prog.Language(FORTRAN),,Neslihan Ocakoğlu Gökaşan,,Cuma,14:30/17:29,,40,33,,"JEF, JEFE",,
12065,JEF 492,JEF,LS,Bitirme Çalışması,,Mustafa Emin Demirbağ,,,/,,500,11,,JEF,,
12066,JEF 492E,JEF,LS,Graduation Project,,Mustafa Emin Demirbağ,,,/,,500,1,,"JEF, JEFE",,
12067,JEF 4901,JEF,LS,Jeofizik Müh.Tasarım Projesi I,,Mustafa Emin Demirbağ,,,/,,500,13,,JEF,,
12068,JEF 341,JEF,LS,Jeofizik,,Caner İmren,,Çarşamba,09:30/12:29,,50,10,,"JEO, PET",,
12069,JEF 341E,JEF,LS,Geophysics,,Seda Yolsal Çevikbilen,,Çarşamba,12:30/15:29,,50,11,,"JEO, JEOE, PETE",,
12071,CHZ 103,CHZ,LS,Cevher Haz. Müh. Giriş ve Etik,,Ali Güney,,Çarşamba,13:30/15:29,,70,70,,CHZ,,
12072,BIL 110E,BIL,LS,Intr. to Prog. Language (C),,Ayhan Ali Sirkeci,,Perşembe,13:30/16:29,,90,94,,"CHZ, CHZE",,
12073,BIL 113E,BIL,LS,Intr.to Sci& Eng.Comp.(MATLAB),,Selim Ertürk,,Salı,09:30/12:29,,40,34,,CHZ,,
12074,TER 201,TER,LS,Termodinamik,,Birgül Benli,,Pazartesi,08:30/11:29,,50,22,,"CEV, CHZ, DEN, GEM, ISL, JEO, KMM, KOM, KON, PET",,
12076,CHZ 224E,CHZ,LS,Surface and Colloid Chemistry,,Ayhan Ali Sirkeci,,Çarşamba,10:30/13:29,,50,32,,"CHZ, CHZE, CHZM",,
12077,CHZ 232,CHZ,LS,Zenginlstirme Önc.Haz. İşlml.,,Ali Güney,,Pazartesi | Perşembe,13:30/15:29 | 10:30/12:29,,50,45,,"CHZ, CHZM",,
12078,CHZ 310,CHZ,LS,Cevher Haz. Tesis Otomasyonu,,Kudret Tahsin Perek,,Çarşamba,08:30/10:29,,40,34,,"CHZ, CHZM",,
12079,CHZ 311,CHZ,LS,Fiziksel Zeng. Yöntemleri,,Alim Gül,,Pazartesi | Salı,13:30/15:29 | 10:30/12:29,,50,13,,CHZ,,
12080,CHZ 312E,CHZ,LS,Metallurgy I,,Fatma Arslan,,Salı,13:30/15:29,,50,38,,"CHZ, CHZE",,
12081,CHZ 325,CHZ,LS,Kömür Hazırlama,,Feridun Boylu,,Perşembe,13:30/16:29,,50,23,,"CHZ, CHZM, MAD",,
12082,MTO 101,MTO,LS,Meteoroloji Müh. Giriş ve Etik,,Ahmet Duran Şahin,,Perşembe,14:30/15:29,,75,83,,MTO,,
12084,MAD 213E,MAD,LS,Mine Production Technology,,Cüneyt Atilla Öztürk,,Perşembe,11:30/13:29,,50,32,,"CHZ, CHZE",,
12085,CHZ 452E,CHZ,LS,Mineral Process. & Environment,,Fırat Burat,,Pazartesi,10:30/12:29,,50,36,,"CHZ, CHZE",,
12086,CHZ 411E,CHZ,LS,Metallurgy II,,Fatma Arslan,,Pazartesi,13:30/15:29,,50,12,,"CHZ, CHZE",,
12087,CHZ 421,CHZ,LS,Cevher Haz. Proses Tasarımı,,Abdullah Ekrem Yüce,,Cuma,08:30/11:29,,50,28,,"CHZ, CHZM",,
12088,CHZ 421E,CHZ,LS,Process Dsg.in Min.Beneficiat.,,Feridun Boylu,,Cuma,08:30/11:29,,50,1,,"CHZE, CHZM",,
12089,MTO 111E,MTO,LS,Intr. to Atmospheric Sciences,,Emine Ceren Eyigüler,,Perşembe,08:30/11:29,,65,68,,"MTO, MTOE",,
12090,CHZ 348E,CHZ,LS,Bulk Materials Handling,,Ayhan Ali Sirkeci,,Salı,13:30/15:29,,50,37,,"CHZ, CHZE",,
12091,CHZ 432E,CHZ,LS,Mineral Processing Plant Dsgn,,Feridun Boylu,,Perşembe,08:30/12:29,,20,10,,"CHZ, CHZE",,
12092,CHZ 437,CHZ,LS,Kömür Hazırlamada Model.&Sim.,,Feridun Boylu,,Salı,08:30/10:29,,20,16,,CHZ,,
12093,MAT 271,MAT,LS,Olasılık ve İstatistik,,Emine Ceren Eyigüler,,Cuma,09:30/12:29,,60,61,,"BIO, BLG, EHB, ELE, ELH, EUT, FIZ, GEM, GEO, GID, IML, INS, JEO, KMM, MET, MTO, PET, TEL, UCK, UZB",,
12094,CHZ 439,CHZ,LS,Çimento Hammad. ve Tekn.,,Şükriye Beste Aydın,,Salı,08:30/10:29,,30,28,,CHZ,,
12095,MAT 271,MAT,LS,Olasılık ve İstatistik,,Filiz Türk Katırcıoğlu,,Perşembe,11:30/14:29,,50,54,,"BIO, BLG, EHB, ELE, ELH, EUT, FIZ, GEM, GEO, GID, IML, INS, JEO, KMM, MET, MTO, PET, TEL, UCK, UZB",,
12096,MTO 313,MTO,LS,Meteo.Uzaktan Algılamanın Tem.,,Ahmet Öztopal,,Cuma,09:30/12:29,,60,53,,MTO,,
12097,MTO 323,MTO,LS,Atmosfer Kimyası,,Ceyhan Kahya,,Perşembe,11:30/14:29,,25,26,,MTO,,
12098,MTO 353,MTO,LS,Tarım ve Orman Meteorolojisi I,,Levent Şaylan,,Pazartesi,08:30/11:29,,18,20,,MTO,,
12099,MTO 344E,MTO,LS,Wheather Analy. &Prediction I,,Mikdat Kadıoğlu,,Pazartesi | Salı,11:30/13:29 | 08:30/11:29,,40,38,,"MTO, MTOE",,
12100,MTO 445,MTO,LS,Hava Analizi ve Öngörü II,,Şükran Sibel Menteş,,Pazartesi | Salı,11:30/13:29 | 08:30/11:29,,40,22,,"MTO, MTOM",,
12101,MTO 350E,MTO,LS,Air Pollution Fundamentals,,Ceyhan Kahya,,Pazartesi,11:30/14:29,,18,19,,"MTO, MTOE",,
12102,MTO 337,MTO,LS,Atmosfer Dinamiği I,,Ali Deniz,,Salı | Perşembe,11:30/13:29 | 12:30/14:29,,35,37,,"MTO, MTOM",,
12103,CHZ 454,CHZ,LS,Susuzlandırma ve Kurutma,,Murat Olgaç Kangal,,Çarşamba,12:30/15:29,,50,14,,CHZ,,
12104,CHZ 454E,CHZ,LS,Dewatering and Drying,,--,,Çarşamba,12:30/15:29,,50,0,,CHZE,,
12105,CHZ 443E,CHZ,LS,Boron Processing and Applic.,,Gülay Bulut,,Pazartesi,15:30/17:29,,50,40,,"CHZ, CHZE",,
12106,CHZ 4901,CHZ,LS,Cevher Hazırl. Müh. Tasarımı I,,Gülay Bulut,,,/,,500,19,,CHZ,,
12107,CHZ 492,CHZ,LS,Bitirme Çalışması,,Gülay Bulut,,,/,,500,14,,CHZ,,
12108,CHZ 492E,CHZ,LS,Graduation Thesis,,Gülay Bulut,,,/,,500,2,,"CHZ, CHZE",,
12109,MTO 337E,MTO,LS,Atmospheric Dynamics I,,Yurdanur Ünal,,Salı | Perşembe,11:30/13:29 | 12:30/14:29,,35,22,,"MTO, MTOE",,
12110,MTO 311E,MTO,LS,Data Analysis,,Kasım Koçak,,Çarşamba | Perşembe,13:30/15:29 | 08:30/11:29,,60,53,,"MTO, MTOE",,
12111,MTO 225,MTO,LS,Güneş ve Yer Radyasyonu,,Hatice Sema Topçu,,Perşembe,14:30/17:29,,40,38,,"FIZ, MTO",,
12112,MTO 225E,MTO,LS,Solar & Terrestrial Radiation,,"Deniz Demirhan Barı, Filiz Türk Katırcıoğlu",,Perşembe,14:30/17:29,,35,35,,"FIZ, FIZE, MTO, MTOE",,
12113,MTO 357E,MTO,LS,Physics of Upper Atmosphere,,Zerefşan Kaymaz,,Perşembe,14:30/17:29,,18,15,,"FIZ, FIZE, MTO, MTOE",,
12114,MTO 360E,MTO,LS,Medical Meteorology,,--,,Cuma,14:30/17:29,,10,0,,,,
12115,MTO 464E,MTO,LS,Climate Change,,Yurdanur Ünal,,Pazartesi,14:30/17:29,,18,20,,"MTO, MTOE",,
12116,MTO 455,MTO,LS,Hidrometri,,--,,Salı,08:30/11:29,,0,0,,MTO,,
12117,MTO 223,MTO,LS,Bilgisayar Grafiğine Giriş,,Barış Önol,,Salı,14:30/17:29,,80,84,,MTO,,
12118,MTO 465,MTO,LS,Çevre Biyofiziği,,Levent Şaylan,,Salı,08:30/11:29,,13,14,,MTO,,
12119,MTO 460,MTO,LS,Enerji Meteorolojisine Giriş,,"Hatice Sema Topçu, Ahmet Duran Şahin",,Pazartesi,14:30/17:29,,14,17,,MTO,,
12120,MTO 451E,MTO,LS,Oceanography,,Elçin Tan,,Cuma,14:30/17:29,,35,45,,"MTO, MTOE",,
12121,UZB 411E,UZB,LS,Space Environment,,Zerefşan Kaymaz,,Perşembe,08:30/11:29,,135,144,,"MTO, MTOE, UZB, UZBE, UZBM",,
12122,ETK 101,ETK,LS,Mühendislik Etiği,,***,,Perşembe,15:30/16:29,,60,0,,MTO,,
12123,MTO 388E,MTO,LS,Geographic Information Science,,Filiz Türk Katırcıoğlu,,Pazartesi,14:30/17:29,,60,16,,MTO,,
12124,MTO 317E,MTO,LS,Comput.Fluid Dyn.in Meteo.Eng.,,Elçin Tan,,Çarşamba,08:30/11:29,,60,30,,MTO,,
12125,MTO 229E,MTO,LS,Physics of Clouds&Precipitatio,,Sevinç Asilhan,,Salı,14:30/17:29,,60,31,,"MTO, MTOE, MTOM",,
12126,MTO 359,MTO,LS,Biyometeoroloji,,Barış Çaldağ,,Çarşamba,08:30/11:29,,15,12,,MTO,,
12127,MTO 227,MTO,LS,Ekosistem Ekolojisi,,Barış Çaldağ,,Pazartesi,14:30/17:29,,25,24,,MTO,,
12128,MTO 463E,MTO,LS,Numerical Weather Prediction,,Sevinç Asilhan,,Perşembe,08:30/11:29,,18,27,,"MTO, MTOE",,
12129,MTO 466E,MTO,LS,Atmospheric Optics & Acoustics,,Deniz Demirhan Barı,,Cuma,09:30/12:29,,18,21,,"FIZ, FIZE, MTO, MTOE",,
12130,MTO 411E,MTO,LS,Micrometeorology,,Ceyhan Kahya,,Çarşamba,08:30/11:29,,50,50,,"MTO, MTOE, MTOM",,
12131,BIL 112E,BIL,LS,Intr.to Prog.Language(FORTRAN),,Ahmet Öztopal,,Pazartesi,14:30/17:29,,70,75,,"MTO, MTOE, UCK",,
12132,MTO 492,MTO,LS,Bitirme Çalışması,,Ahmet Duran Şahin,,,/,,500,20,,MTO,,
12133,MTO 492E,MTO,LS,Graduation Project,,Ahmet Duran Şahin,,,/,,500,5,,"MTO, MTOE",,
12134,BIL 113E,BIL,LS,Intr.to Sci& Eng.Comp.(MATLAB),,Egnar Özdikililer,,Pazartesi,11:30/14:29,,65,68,,"UCK, UZBE",,
12135,UZB 101E,UZB,LS,Int.to Astronaut.Eng. & Ethics,,"Alim Rüstem Aslan, Nuriye Leman Okşan Çetiner Yıldırım",,Cuma,11:30/12:29,,60,37,,UZBE,,
12136,UZB 101E,UZB,LS,Int.to Astronaut.Eng. & Ethics,,"Alim Rüstem Aslan, Nuriye Leman Okşan Çetiner Yıldırım",,Çarşamba,14:30/15:29,,60,65,,UZBE,,
12137,UCK 101,UCK,LS,Uçak Müh. Giriş ve Etik,,"Metin Orhan Kaya, Cemil Kurtcebe",,Cuma,11:30/12:29,,85,87,,UCK,,
12138,UZB 112E,UZB,LS,Computer Aided Drafting,,Hüsnü Barbaros Soyer,,Perşembe,08:30/11:29,,90,99,,"UCK, UCKE, UZB, UZBE",,
12139,UZB 112E,UZB,LS,Computer Aided Drafting,,Hüsnü Barbaros Soyer,,Cuma,08:30/11:29,,90,91,,"UCK, UCKE, UZB, UZBE",,
12140,UCK 203E,UCK,LS,"Circuits, Signals and Systems",,Ramazan Yeniçeri,,Çarşamba,11:30/14:29,,100,114,,"UCK, UCKM, UZB, UZBE, UZBM",,
12141,UCK 203E,UCK,LS,"Circuits, Signals and Systems",,Ramazan Yeniçeri,,Cuma,14:30/17:29,,100,107,,"UCK, UCKM, UZB, UZBE, UZBM",,
12142,UCK 205,UCK,LS,Termodinamik I,,Onur Tunçer,,Çarşamba,09:30/11:29,,90,96,,"UCK, UCKM, UZB, UZBM",,
12143,UCK 205E,UCK,LS,Thermodynamics I,,Ali Kodal,,Çarşamba,09:30/11:29,,90,101,,"UZB, UZBE",,
12144,DNK 201E,DNK,LS,Dynamics,,Cemil Kurtcebe,,Pazartesi,14:30/17:29,,65,69,,"DEN, DENE, DUI, DUIE, DUIK, EHB, EHBE, ELE, ELH, ELK, ELKE, FIZ, FIZE, GEM, GEME, GEMK, GMI, GMIE, INS, INSE, JEO, JEOE, KOM, KOME, KON, KONE, MAD, MAT, MATE, MTO, PETE, TEK, TEL, UCK, UCKE, UCKM, UZB, UZBE, UZBM",,
12145,DNK 201E,DNK,LS,Dynamics,,Cuma Yarım,,Salı,14:30/17:29,,65,63,,"DEN, DENE, DUI, DUIE, DUIK, EHB, EHBE, ELE, ELH, ELK, ELKE, FIZ, FIZE, GEM, GEME, GEMK, GMI, GMIE, INS, INSE, JEO, JEOE, KOM, KOME, KON, KONE, MAD, MAT, MATE, MTO, PETE, TEK, TEL, UCK, UCKE, UCKM, UZB, UZBE, UZBM",,
12146,DNK 201,DNK,LS,Dinamik,,Demet Balkan,,Perşembe,14:30/17:29,,65,65,,"DUI, EHB, ELE, ELH, ELK, FIZ, INS, JEO, KOM, KON, MTO, TEK, TEL, UCK, UCKM, UZB, UZBM",,
12147,MUK 203,MUK,LS,Mukavemet I,,Zahit Mecitoğlu,,Cuma,14:30/17:29,,70,72,,"DEN, ELE, ELH, GEM, JEO, TEL, UCK, UCKM, UZB, UZBM",,
12148,MUK 203E,MUK,LS,Strength of Materials I,,Özge Özdemir,,Pazartesi,14:30/17:29,,70,74,,"DEN, DENE, ELE, ELH, GEM, GEME, GEMK, JEO, JEOE, TEL, UCK, UCKE, UCKM, UZB, UZBE",,
12149,MUK 203E,MUK,LS,Strength of Materials I,,Aytaç Arıkoğlu,,Perşembe,08:30/11:29,,70,71,,"DEN, DENE, ELE, ELH, GEM, GEME, GEMK, JEO, JEOE, TEL, UCK, UCKE, UCKM, UZB, UZBE",,
12150,UZB 232,UZB,LS,Isı Geçişi,,Ahmet Cihat Baytaş,,Çarşamba,11:30/14:29,,50,15,,"UCK, UZB",,
12151,UZB 232E,UZB,LS,Heat Transfer,,Bülent Tutkun,,Çarşamba,11:30/14:29,,50,41,,"UCK, UCKE, UZB, UZBE",,
12152,UZB 318E,UZB,LS,Finite Element Method,,Vedat Ziya Doğan,,Perşembe,14:30/17:29,,55,54,,"UCK, UCKE, UCKM, UZB, UZBE, UZBM",,
12153,UCK 328E,UCK,LS,Structural Analysis and Design,,Halit Süleyman Türkmen,,Pazartesi,08:30/11:29,,50,22,,"UCK, UCKE, UCKM, UZB, UZBE, UZBM",,
12154,UZB 331,UZB,LS,Hava Uzay Yapıları,,Metin Orhan Kaya,,Cuma,08:30/11:29,,65,65,,"UCK, UCKM, UZB, UZBM",,
12155,UZB 331E,UZB,LS,Aerospace Structures,,İbrahim Özkol,,Cuma,08:30/11:29,,65,67,,"UCK, UCKE, UZB, UZBE",,
12156,UZB 331E,UZB,LS,Aerospace Structures,,Aytaç Arıkoğlu,,Cuma,14:30/17:29,,65,65,,"UCK, UCKE, UZB, UZBE",,
12157,UZB 341,UZB,LS,Ölçme Tekniği,,Duygu Erdem,,Perşembe,08:30/11:29,,42,43,,"UCK, UZB",,
12158,UZB 341,UZB,LS,Ölçme Tekniği,,Duygu Erdem,,Cuma,14:30/17:29,,42,34,,"UCK, UZB",,
12159,UZB 341E,UZB,LS,Measurement Techniques,,Nuriye Leman Okşan Çetiner Yıldırım,,Salı,14:30/17:29,,42,44,,"UCK, UCKE, UZB, UZBE",,
12160,UZB 341E,UZB,LS,Measurement Techniques,,Nuriye Leman Okşan Çetiner Yıldırım,,Pazartesi,14:30/17:29,,42,42,,"UCK, UCKE, UZB, UZBE",,
12161,UCK 351,UCK,LS,Aerodinamik,,Baha Zafer,,Pazartesi | Salı,09:30/11:29 | 12:30/14:29,,50,34,,"UCK, UCKM, UZB, UZBM",,
12162,UCK 351,UCK,LS,Aerodinamik,,Ayşe Gül Güngör,,Pazartesi | Salı,09:30/11:29 | 12:30/14:29,,50,52,,"UCK, UCKM, UZB, UZBM",,
12163,UCK 351E,UCK,LS,Aerodynamics,,Melike Nikbay,,Pazartesi | Salı,09:30/11:29 | 12:30/14:29,,55,58,,"UCK, UCKE, UZB, UZBE",,
12164,UCK 351E,UCK,LS,Aerodynamics,,Bayram Çelik,,Pazartesi | Salı,09:30/11:29 | 12:30/14:29,,50,55,,"INS, UCK, UCKE, UZB, UZBE",,
12165,UCK 353E,UCK,LS,Aerospace Materials,,Hülya Cebeci,,Salı,14:30/17:29,,50,13,,"UCK, UCKE, UCKM, UZBE, UZBM",,
12166,UCK 354E,UCK,LS,Intro to Digital Design,,Ramazan Yeniçeri,,Cuma,08:30/11:29,,60,48,,"UCK, UCKM, UZBE, UZBM",,
12167,UCK 215E,UCK,LS,Aerospace Materials,,"Hülya Cebeci, Nuri Solak",,Salı,08:30/12:29,,210,223,,"UCK, UZB, UZBE, UZBM",,
12168,UCK 361E,UCK,LS,Design of Machine Elements,,Halit Süleyman Türkmen,,Salı,08:30/11:29,,65,64,,"UCK, UCKE, UCKM, UZB, UZBE, UZBM",,
12170,END 113,END,LS,Endüstri Müh. Giriş ve Etik,,Seçkin Polat,,Çarşamba,13:30/15:29,,75,72,,END,,
12171,UCK 421,UCK,LS,Tepki ile Tahrik,,Ali Kodal,,Pazartesi,14:30/17:29,,50,49,,"UCK, UCKM",,
12172,END 113,END,LS,Endüstri Müh. Giriş ve Etik,,Seçkin Polat,,Çarşamba,10:30/12:29,,70,43,,END,,
12173,UCK 421E,UCK,LS,Jet Propulsion Principles,,Onur Tunçer,,Perşembe,11:30/14:29,,50,25,,"UCK, UCKE",,
12174,UZB 421E,UZB,LS,Attitude Determination & Ctrl.,,Cengiz Hacızade,,Perşembe,11:30/14:29,,50,44,,"KOM, KOME, UZB, UZBE, UZBM",,
12175,END 211,END,LS,Sistem Düşüncesi ve Analizi,,Cafer Erhan Bozdağ,,Salı,08:30/11:29,,75,72,,END,,
12176,UCK 441E,UCK,LS,Flight Stability and Control,,Elbrus Caferov,,Pazartesi,14:30/17:29,,30,30,,"UCK, UCKE, UCKM",,
12177,UZB 441E,UZB,LS,Rocket Propulsion,,Fırat Oğuz Edis,,Cuma,08:30/11:29,,65,57,,"UZB, UZBE, UZBM",,
12178,END 211,END,LS,Sistem Düşüncesi ve Analizi,,Cafer Erhan Bozdağ,,Salı,14:30/17:29,,75,76,,END,,
12179,UZB 441E,UZB,LS,Rocket Propulsion,,Bülent Tutkun,,Perşembe,14:30/17:29,,50,15,,"UZB, UZBE, UZBM",,
12180,END 213E,END,LS,Data Manag.in Industrial Syst.,,Gülşah Hançerlioğulları,,Cuma,14:00/16:59,,130,98,,"END, ENDE, ISL, ISLE",,
12181,UCK 423E,UCK,LS,Princip. of Aircraft Design I,,Hayri Acar,,Salı,14:30/17:29,,120,109,,"UCK, UCKE, UCKM",,
12183,UCK 459E,UCK,LS,Helicopter Theory,,Özge Özdemir,,Çarşamba,11:30/14:29,,65,66,,"UCK, UCKE, UZB, UZBE, UZBM",,
12184,UCK 468E,UCK,LS,"Guidance, Control & Navigation",,İsmail Bayezit,,Perşembe,08:30/11:29,,50,45,,"UCK, UCKE, UZB, UZBE, UZBM",,
12185,END 213E,END,LS,Data Manag.in Industrial Syst.,,Başar Öztayşi,,Salı,11:30/14:29,,150,151,,"END, ENDE, ISL, ISLE",,
12186,UZB 487E,UZB,LS,CAD/CAM,,Hüsnü Barbaros Soyer,,Cuma,14:30/17:29,,55,55,,"UCK, UCKE, UCKM, UZB, UZBE",,
12187,BIL 110E,BIL,LS,Intr. to Prog. Language (C),,Nazım Kemal Üre,,Salı,08:30/11:29,,106,114,,"UCK, UCKE, UZB, UZBE",,
12188,BIL 110E,BIL,LS,Intr. to Prog. Language (C),,Nazım Kemal Üre,,Perşembe,14:30/17:29,,100,111,,"UCK, UCKE, UZB, UZBE",,
12189,UZB 352E,UZB,LS,Orbital Mechanics,,Cuma Yarım,,Perşembe,14:30/17:29,,75,78,,"UZB, UZBE, UZBM",,
12190,UCK 322E,UCK,LS,Flight Mechanics,,Hayri Acar,,Pazartesi,11:30/14:29,,50,52,,"UCK, UCKE, UCKM",,
12191,UCK 322E,UCK,LS,Flight Mechanics,,Hayri Acar,,Çarşamba,08:30/11:29,,50,40,,"UCK, UCKE, UCKM",,
12192,END 252E,END,LS,Theory of Probability,,Kutay Tinç,,Perşembe,08:30/11:29,,130,47,,"END, ENDE",,
12193,AKM 215,AKM,LS,Akışkanlar Mekaniği II,,Nuriye Leman Okşan Çetiner Yıldırım,,Salı,09:30/11:29,,50,32,,"UCK, UZB",,
12194,END 252E,END,LS,Theory of Probability,,Kutay Tinç,,Perşembe,11:30/14:29,,130,126,,"END, ENDE",,
12195,AKM 215E,AKM,LS,Fluid Mechanics II,,Ayşe Gül Güngör,,Pazartesi,12:30/14:29,,60,63,,"UCK, UCKE, UZB, UZBE",,
12196,END 305E,END,LS,Data Analytics for Business,,Mehmet Yasin Ulukuş,,Perşembe,08:30/11:29,,80,42,,"END, ENDE",,
12197,AKM 215E,AKM,LS,Fluid Mechanics II,,Fırat Oğuz Edis,,Çarşamba,09:30/11:29,,60,55,,"UCK, UCKE, UZB, UZBE",,
12198,UCK 363E,UCK,LS,Automatic Control II,,İsmail Bayezit,,Perşembe,12:30/14:29,,75,74,,"UCK, UCKM, UZBE",,
12199,UCK 363E,UCK,LS,Automatic Control II,,Emre Koyuncu,,Salı,09:30/11:29,,70,63,,"UCK, UCKM, UZBE",,
12200,END 305E,END,LS,Data Analytics for Business,,Mehmet Ali Ergün,,Perşembe,11:30/14:29,,125,125,,"END, ENDE",,
12201,UZB 386E,UZB,LS,Boundary Layer Theory,,Ayşe Gül Güngör,,Salı,14:30/17:29,,50,24,,"UCK, UCKE, UCKM, UZB, UZBE, UZBM",,
12204,UZB 415E,UZB,LS,Spacecraft Systems Design I,,Alim Rüstem Aslan,,Salı,08:30/11:29,,50,35,,"UZBE, UZBM",,
12205,UCK 474E,UCK,LS,Aircraft Engine Design,,Fırat Oğuz Edis,,Cuma,14:30/17:29,,80,67,,"UCK, UCKE, UZB, UZBE, UZBM",,
12206,END 332E,END,LS,Operations Research II,,Yusuf İlker Topcu,,Pazartesi,14:30/17:29,,150,130,,"END, ENDE",,
12208,END 411,END,LS,Bütünleşik Üretim Sistemleri,,Mehmet Bülent Durmuşoğlu,,Çarşamba,13:30/15:29,,130,118,,END,,
12210,UCK 4901,UCK,LS,Uçak Müh. Tasarımı I,,Cengiz Hacızade,,,/,,500,62,,UCK,,
12211,END 421,END,LS,Üretim Planlama ve Kontrol,,Murat Baskak,,Perşembe,08:30/11:29,,120,111,,END,,
12212,UCK 492,UCK,LS,Bitirme Çalışması,,Cengiz Hacızade,,,/,,500,15,,UCK,,
12213,END 421E,END,LS,Production Planning&Control,,Şule Itır Satoğlu,,Salı,11:30/14:29,,75,71,,"END, ENDE, KOM, KOME",,
12214,UCK 492E,UCK,LS,Graduation Project,,Cengiz Hacızade,,,/,,500,4,,"UCK, UCKE",,
12215,UZB 4901E,UZB,LS,Astronautical Eng. Design I,,Zahit Mecitoğlu,,,/,,500,27,,UZBE,,
12216,END 431,END,LS,Yönetim ve Organizasyon,,Cahit Ali Bayraktar,,Çarşamba,09:30/12:29,,80,77,,END,,
12217,UZB 492,UZB,LS,Bitirme Çalışması,,Zahit Mecitoğlu,,,/,,500,1,,UZB,,
12218,UZB 492E,UZB,LS,Graduation Project,,Zahit Mecitoğlu,,,/,,500,24,,"UZB, UZBE",,
12219,END 431,END,LS,Yönetim ve Organizasyon,,Seçkin Polat,,Salı,14:30/17:29,,65,59,,END,,
12220,END 319E,END,LS,Cost Management,,Vehbi Tufan Koç,,Perşembe,11:30/14:29,,56,50,,"END, ENDE",,
12221,END 327E,END,LS,Decision Theory,,Ramazan Evren,,Salı,11:30/14:29,,45,13,,"END, ENDE",,
12222,END 329E,END,LS,Quality Management Tools&Tech.,,Şeyda Serdar Asan,,Salı,14:30/17:29,,40,30,,"END, ENDE, FIZ, FIZE",,
12223,GEM 101,GEM,LS,Gemi İnş.&Gem.Mak.Müh.Gir.&Etk,,Şebnem Helvacıoğlu,,Salı,10:30/12:29,,40,22,,GEM,,
12224,BIL 100E,BIL,LS,Intr.to Prog.Language(PYTHON),,Murat Emre Demir,,Perşembe,08:30/11:29,,50,30,,GEM,,
12225,DNK 201E,DNK,LS,Dynamics,,"Mustafa Erden Yıldızdağ, Ahmet Ergin",,Çarşamba,09:30/12:29,,75,77,,"DEN, DENE, DUI, DUIE, DUIK, EHB, EHBE, ELE, ELH, ELK, ELKE, FIZ, FIZE, GEM, GEME, GEMK, GMI, GMIE, INS, INSE, JEO, JEOE, KOM, KOME, KON, KONE, MAD, MAT, MATE, MTO, PETE, TEK, TEL, UCK, UCKE, UZB, UZBE",,
12226,GEM 211,GEM,LS,Gemi Geometrisi,,Devrim Bülent Danışman,,Cuma,13:30/16:29,,34,33,,GEM,,
12227,GEM 211,GEM,LS,Gemi Geometrisi,,"Fuzuli Ağrı Akçay, Barış Barlas",,Cuma,13:30/16:29,,38,37,,GEM,,
12228,MAL 201,MAL,LS,Malzeme Bilimi,,Necip Ünlü,,Pazartesi,10:30/13:29,,70,68,,GEM,,
12229,MAT 202,MAT,LS,Sayısal Yöntemler,,İsmail Yalçın,,Perşembe,14:30/17:29,,75,76,,"CEV, CHZ, DEN, EHB, ELE, ELH, ELK, GEM, GEO, GID, IML, INS, ISL, JEF, JEO, KOM, KON, MAD, MAK, MET, PET, TEK, TEL",,
12230,MUK 209,MUK,LS,Mukavemet I,,Ahmet Ergin,,Salı,13:30/17:29,,78,78,,"GEM, GEMM",,
12231,BIL 113E,BIL,LS,Intr.to Sci& Eng.Comp.(MATLAB),,Erdem Üçer,,Perşembe,08:30/11:29,,75,75,,GEM,,
12232,GEM 313,GEM,LS,Gemi Makinaları,,"Murat Emre Demir, Halil Saraçoğlu",,Perşembe,13:30/17:29,,70,59,,"GEM, GEMM",,
12233,GEM 321E,GEM,LS,Ship Theory,,Metin Taylan,,Pazartesi | Cuma,13:30/15:29 | 13:30/15:29,,70,62,,"GEM, GEME, GEMK",,
12234,GEM 322,GEM,LS,Gemi Mukavemeti,,Ertekin Bayraktarkatal,,Salı | Çarşamba,10:30/12:29 | 13:30/15:29,,60,28,,"GEM, GEMM",,
12235,GEM 331,GEM,LS,Gemi Işletmeciliği,,Erdem Üçer,,Cuma,08:30/10:29,,70,50,,"GEM, GEMM",,
12236,GEM 329,GEM,LS,Deniz ve İş Hukuku,,H Murat Demirkıran,,Perşembe,08:30/10:29,,70,56,,GEM,,
12238,GEM 325,GEM,LS,Gemi Yapı Elemanları,,Yalçın Ünsan,,Pazartesi | Cuma,10:30/12:29 | 10:30/12:29,,70,49,,"GEM, GEMM",,
12239,END 337E,END,LS,Intr. to Operations Research,,İrem Uçal Sarı,,Çarşamba,09:30/12:29,,60,36,,"IMLE, MAT, MATE, PET",,
12240,END 345,END,LS,Yönetim Düşüncesinin Evrimi,,Cahit Ali Bayraktar,,Salı,14:30/17:29,,40,15,,END,,
12241,END 357E,END,LS,Managment Information Systems,,Ufuk Cebeci,,Pazartesi,11:30/14:29,,75,61,,"END, ENDE",,
12242,END 367E,END,LS,Automation in Production Syst.,,Esra Baş,,Cuma,08:30/11:29,,135,130,,"END, ENDE",,
12243,END 369E,END,LS,Game Theory,,Kutay Tinç,,Cuma,14:00/16:59,,105,94,,"END, ENDE",,
12244,END 429,END,LS,Süreç Yönetimi,,Cemil Ceylan,,Perşembe,11:30/14:29,,45,39,,END,,
12245,END 445E,END,LS,Lean Production Systems,,Şule Itır Satoğlu,,Perşembe,14:30/17:29,,40,0,,"END, ENDE, IML, IMLE, KOM, KOME",,
12246,END 448E,END,LS,Intr. to Stochastic Modell.,,Emine Yaylalı,,Çarşamba,09:30/12:29,,65,29,,"ECNE, END, ENDE, ISL, ISLE",,
12247,END 453E,END,LS,Indus.4.0 & Digital Transform.,,"Alp Üstündağ, Ali Fuat Ergenç",,Çarşamba,09:30/12:29,,70,67,,"END, ENDE, ISL, ISLE, KOM, KOME",,
12248,END 457E,END,LS,Heuristic Optimization,,Seda Yanık,,Çarşamba,12:30/15:29,,40,8,,"END, ENDE",,
12249,END 471E,END,LS,Marketing & CRM Analytics,,Umut Asan,,Cuma,09:30/12:29,,50,51,,"END, ENDE",,
12250,END 493E,END,LS,Applied Statistics,,Erkan Işıklı,,Salı,14:30/17:29,,40,11,,"END, ENDE",,
12251,END 449,END,LS,End. Müh. Uyg. Seminer Dersi,,Ayberk Soyer,,Pazartesi,14:30/17:29,,200,153,,"END, ENDE",,
12253,END 475E,END,LS,Feasibility Studies,,İrem Uçal Sarı,,Çarşamba,12:30/15:29,,70,56,,"END, ENDE",,
12254,END 441,END,LS,Endüstri Mühendisliği Projesi,,"Mehmet Bülent Durmuşoğlu, Ayberk Soyer, Başar Öztayşi, Burhaneddin Sandıkçı, Cahit Ali Bayraktar, Cemil Ceylan, Emre Çevikcan, Erkan Işıklı, Hüsnü Bülent Cerit, Kutay Tinç, Mehmet Yasin Ulukuş, Nizamettin Bayyurt, Ramazan Evren, Seçkin Polat, Çiğdem Altın Gümüşsoy, Çiğdem Kadaifçi, İrem Uçal Sarı, Şule Itır Satoğlu",,Pazartesi,17:30/19:29,,500,46,,END,,
12255,END 492,END,LS,Bitirme Çalışması,,Alp Üstündağ,,,/,,500,40,,END,,
12256,GEM 411E,GEM,LS,Ship Design Project I,,Emin Korkut,,Çarşamba,10:30/12:29,,40,33,,"GEM, GEME, GEMK",,
12257,END 4901,END,LS,Endüstri Müh. Tasarımı I,,Alp Üstündağ,,,/,,500,38,,END,,
12258,GEM 413,GEM,LS,Gemilerin Yapısal Dizaynı,,Gökhan Tansel Tayyar,,Cuma,13:30/16:29,,20,10,,GEM,,
12259,END 4902,END,LS,Endüstri Müh. Tasarımı II,,--,,,/,,500,0,,END,,
12260,GEM 320,GEM,LS,Hesap. Akışkanlar Dinam.Gir.,,Uğur Oral Ünal,,Cuma,13:30/16:29,,32,29,,GEM,,
12261,BIL 110E,BIL,LS,Intr. to Prog. Language (C),,Ayşe Elvan Bayraktaroğlu,,Pazartesi,08:30/11:29,,95,94,,"END, ENDE",,
12262,GEM 415E,GEM,LS,Computer Aided Ship Dsgn&Cons.,,Devrim Bülent Danışman,,Salı,13:30/16:29,,20,1,,"GEM, GEME, GEMK",,
12263,GEM 453E,GEM,LS,Automatic Control of Ships,,Ahmet Ergün Palaz,,Salı,13:30/16:29,,27,27,,"GEM, GEME, GEMK",,
12264,BIL 110E,BIL,LS,Intr. to Prog. Language (C),,Ayşe Elvan Bayraktaroğlu,,Pazartesi,11:30/14:29,,95,97,,"END, ENDE",,
12265,GEM 445,GEM,LS,Gemi Boru Donanımları,,Osman Azmi Özsoysal,,Salı,13:30/15:29,,20,20,,GEM,,
12266,BIL 110E,BIL,LS,Intr. to Prog. Language (C),,Ayşe Elvan Bayraktaroğlu,,Salı,11:30/14:29,,95,94,,"END, ENDE",,
12267,GEM 423E,GEM,LS,Advanced Propulsion Systems,,Ali Can Takinacı,,Salı,13:30/15:29,,20,18,,"GEM, GEME, GEMK",,
12268,END 311E,END,LS,Statistics,,Çiğdem Kadaifçi,,Pazartesi,08:30/11:29,,70,71,,"END, ENDE",,
12269,RES 107E,RES,LS,Technical Drawing,,Murat Durucu,,Cuma,09:30/12:29,,120,106,,"END, ENDE, FIZ, GID, GIDE, ISL, ISLE, KMM, KMME, MET, METE, PETE",,
12270,GEM 447E,GEM,LS,Vent & Air Cond Sys For Ships,,Selma Ergin,,Pazartesi,08:30/10:29,,25,17,,"DEN, DENE, GEM, GEME, GEMK",,
12271,RES 107E,RES,LS,Technical Drawing,,Murat Durucu,,Cuma,14:00/16:59,,120,116,,"END, ENDE, FIZ, GID, GIDE, ISL, ISLE, KMM, KMME, MET, METE, PETE",,
12272,GEM 421,GEM,LS,Gemi Hareket ve Manevraları,,Ömer Gören,,Pazartesi | Çarşamba,10:30/12:29 | 08:30/10:29,,70,65,,"GEM, GEMM",,
12273,GEM 421E,GEM,LS,Ship Motions and Maneuvering,,Şakir Bal,,Pazartesi | Çarşamba,10:30/12:29 | 08:30/10:29,,40,2,,"GEME, GEMK",,
12274,SEN 321,SEN,LS,Business Law,,--,,Perşembe,09:30/11:29,,0,0,,SEN,,
12275,GEM 427,GEM,LS,Makina Dairesi Dizayn Prensipl,,Osman Azmi Özsoysal,,Cuma,10:30/12:29,,35,27,,GEM,,
12276,GMI 311,GMI,LS,Gemi Makineleri Operasyonu I,,Ahmet Ergün Palaz,,Cuma,10:30/13:29,,25,9,,"GEM, GMI",,
12277,GEM 407E,GEM,LS,Methods of Ship Production,,Gökhan Tansel Tayyar,,Pazartesi,13:30/16:29,,70,41,,"DEN, DENE, GEM, GEME, GEMK",,
12278,GEM 409,GEM,LS,Gemi Titreşimleri,,Bahadır Uğurlu,,Perşembe,13:30/16:29,,70,23,,GEM,,
12279,GEM 492,GEM,LS,Bitirme Tasarım Projesi,,Barış Barlas,,,/,,50,11,,GEM,,
12280,GEM 492E,GEM,LS,Graduation Design Project,,Barış Barlas,,,/,,50,4,,GEME,,
12281,DEN 101,DEN,LS,Gemi&Deniz Tek.Müh.Giriş&Etik,,Ayhan Menteş,,Çarşamba,13:30/15:29,,85,87,,DEN,,
12283,DEN 211,DEN,LS,Mühendislik Tasarımına Giriş,,"Kadir Sarıöz, Ebru Sarıöz",,Pazartesi,10:30/12:29,,70,65,,DEN,,
12284,MUK 203,MUK,LS,Mukavemet I,,Serdar Aytekin Köroğlu,,Salı,08:30/11:29,,56,56,,"DEN, ELE, ELH, GEM, JEO, TEL, UCK, UZB",,
12285,MAT 202,MAT,LS,Sayısal Yöntemler,,Deniz Bayraktar Bural,,Salı,12:30/15:29,,62,63,,"CEV, CHZ, DEN, EHB, ELE, ELH, ELK, GEM, GEO, GID, IML, INS, ISL, JEF, JEO, KOM, KON, MAD, MAK, MET, PET, TEK, TEL",,
12286,GEM 211,GEM,LS,Gemi Geometrisi,,Burak Karacık,,Perşembe,10:30/13:29,,65,65,,DEN,,
12287,DNK 201E,DNK,LS,Dynamics,,Ceren Bilgin Güney,,Perşembe,13:30/16:29,,60,63,,"DEN, DENE, DUI, DUIE, DUIK, EHB, EHBE, ELE, ELH, ELK, ELKE, FIZ, FIZE, GEM, GEME, GEMK, GMI, GMIE, INS, INSE, JEO, JEOE, KOM, KOME, KON, KONE, MAD, MAT, MATE, MTO, PETE, TEK, TEL, UCK, UCKE, UZB, UZBE",,
12288,MAL 201E,MAL,LS,Materials Science,,Duygu Ağaoğulları,,Cuma,09:30/12:29,,89,90,,"BLGE, DEN, DENE",,
12289,DEN 345E,DEN,LS,Dynamics of Marine Ecosystems,,Sevil Deniz Yakan Dündar,,Pazartesi,08:30/11:29,,22,10,,"DEN, DENE",,
12290,DEN 339,DEN,LS,Deniz Kirliliği,,Fatma Yonsel,,Pazartesi,09:30/11:29,,22,22,,DEN,,
12291,DEN 337E,DEN,LS,Intr. to Marine Ecolo. Process,,Burak Karacık,,Pazartesi,09:30/11:29,,22,23,,"DEN, DENE",,
12292,DEN 327E,DEN,LS,Safety Mang.&Risk Analy.,,Ayhan Menteş,,Pazartesi,14:30/16:29,,60,45,,"DEN, DENE",,
12293,DEN 341E,DEN,LS,Ship Theory,,Hakan Akyıldız,,Çarşamba,08:30/11:29,,70,65,,"DEN, DENE",,
12294,DEN 431E,DEN,LS,Stgth of Shps & Offshr Strctrs,,Özgür Özgüç,,Çarşamba,12:30/15:29,,50,44,,"DEN, DENE",,
12295,DEN 349E,DEN,LS,Prdct.Princip.ofOffshore Units,,Özgür Özgüç,,Perşembe,13:30/16:29,,60,39,,"DEN, DENE",,
12296,DEN 323E,DEN,LS,Wave Mechanics,,Şafak Nur Ertürk Bozkurtoğlu,,Perşembe,10:30/13:29,,50,47,,"DEN, DENE",,
12297,DEN 325E,DEN,LS,Adv. Manufacturing Process,,Necip Ünlü,,Cuma,13:30/16:29,,60,53,,"DEN, DENE",,
12298,DEN 326,DEN,LS,Bilg.Dest.Açık Deniz Yap.Hes.,,Hakan Akyıldız,,Pazartesi,08:30/11:29,,25,18,,DEN,,
12299,MTH 113,MTH,LS,Probability,,Kutay Tinç,,Perşembe,14:30/17:29,,40,24,,SEN,,
12300,SEN 301,SEN,LS,Operations Research I,,Yusuf İlker Topcu,,Salı,09:30/12:29,,40,24,,SEN,,
12301,SEN 303,SEN,LS,Ergonomics,,Fethi Çalışır,,Çarşamba,09:30/12:29,,40,23,,SEN,,
12302,DEN 412E,DEN,LS,Underwater Acoustics,,Ayşe Nazan Akman Pek,,Pazartesi,11:30/13:29,,70,55,,"DEN, DENE",,
12303,SEN 305,SEN,LS,Engineering Economy,,Cengiz Kahraman,,Pazartesi,13:30/16:29,,40,24,,SEN,,
12304,DEN 447E,DEN,LS,Engineering Optimisation,,Kadir Sarıöz,,Salı,09:30/11:29,,16,16,,"DEN, DENE",,
12305,SEN 317,SEN,LS,Intr.to Inform.Processimg Syst,,Başar Öztayşi,,Perşembe,09:30/11:29,,25,23,,SEN,,
12306,DEN 443,DEN,LS,Dnz Ort. Krzyn&Korozyon Kntr.,,Fatma Yonsel,,Salı,09:30/11:29,,16,16,,DEN,,
12307,SEN 325,SEN,LS,Supply Chain Management,,Şeyda Serdar Asan,,Perşembe,12:30/14:29,,25,26,,SEN,,
12308,SEN 315,SEN,LS,Manufacturing Processes,,Emre Çevikcan,,Çarşamba,12:30/15:29,,40,23,,SEN,,
12309,DEN 449E,DEN,LS,Inr. to the Analysis of Oce.Da,,Bilge Tutak,,Salı,09:30/11:29,,16,15,,"DEN, DENE",,
12310,SEN 342,SEN,LS,Knowledge and Innovation Syst.,,--,,Cuma,14:00/16:59,,0,0,,SEN,,
12311,DEN 436E,DEN,LS,Ecotoxicology in the Marine En,,Sevil Deniz Yakan Dündar,,Salı,09:30/11:29,,16,6,,"DEN, DENE",,
12312,DEN 405E,DEN,LS,Coastal Engineering,,Bilge Tutak,,Salı,13:30/16:29,,70,59,,"DEN, DENE",,
12313,SEN 339,SEN,LS,Project Management Systems,,Ayşe Elvan Bayraktaroğlu,,Cuma,09:30/12:29,,25,23,,SEN,,
12314,DEN 450E,DEN,LS,Ballast Water Management,,Ceren Bilgin Güney,,Çarşamba,09:30/11:29,,10,7,,"DEN, DENE",,
12315,DEN 479E,DEN,LS,Underwater Vehicle Technology,,Bilge Tutak,,Çarşamba,09:30/11:29,,10,10,,"DEN, DENE",,
12316,END 4901E,END,LS,Industrial Engin. Design I,,Alp Üstündağ,,,/,,500,61,,"END, ENDE",,
12317,DEN 411,DEN,LS,Gm & Dnz Yapıları Hidrodinamiğ,,İsmail Hakkı Helvacıoğlu,,Perşembe | Perşembe,08:30/10:29 | 16:30/17:29,,60,54,,DEN,,
12318,END 4902E,END,LS,Industrial Engin. Design II,,Alp Üstündağ,,,/,,500,4,,"END, ENDE",,
12319,END 441E,END,LS,Industrial Engineering Project,,"Cengiz Kahraman, Ayşe Elvan Bayraktaroğlu, Başar Öztayşi, Cafer Erhan Bozdağ, Cahit Ali Bayraktar, Cemil Ceylan, Erkan Işıklı, Esra Baş, Gaye Karaçay Aydın, Gülşah Hançerlioğulları, Kutay Tinç, Mehmet Ali Ergün, Murat Baskak, Seda Yanık, Sezi Çevik Onar, Ufuk Cebeci, Umut Asan, Çiğdem Kadaifçi, İrem Uçal Sarı, Şeyda Serdar Asan, Şule Itır Satoğlu",,Salı,17:30/19:29,,500,37,,"END, ENDE",,
12320,DEN 421,DEN,LS,Gemi Sevki,,Ömer Kemal Kınacı,,Perşembe,13:30/15:29,,50,0,,DEN,,
12321,END 492E,END,LS,Graduation Thesis,,Alp Üstündağ,,,/,,500,24,,"END, ENDE",,
12322,DEN 4901E,DEN,LS,Shipbuilding&Ocean Eng.Desig.I,,"Hakan Akyıldız, Ayhan Menteş, Burak Karacık, Kadir Sarıöz, Serdar Aytekin Köroğlu, Özgür Özgüç, İsmail Hakkı Helvacıoğlu",,Cuma | Cuma,09:30/12:29 | 16:30/19:29,,500,48,,"DEN, DENE",,
12324,END 211E,END,LS,System Thinking & Analysis,,Çiğdem Kadaifçi,,Pazartesi,11:30/14:29,,110,95,,"ENDE, PETE",,
12326,END 305E,END,LS,Data Analytics for Business,,Nizamettin Bayyurt,,Cuma,09:30/12:29,,80,53,,"END, ENDE",,
12327,END 411E,END,LS,Integrated Manufacturing Syst,,Emre Çevikcan,,Pazartesi,09:30/11:29,,121,119,,"END, ENDE, KOM, KOME",,
12328,END 431E,END,LS,Management and Organization,,Gaye Karaçay Aydın,,Perşembe,08:30/11:29,,110,97,,"END, ENDE",,
12329,END 421E,END,LS,Production Planning&Control,,Emine Yaylalı,,Salı,14:30/17:29,,81,48,,"ENDE, KOM, KOME",,
12330,DEN 482,DEN,LS,Bireysel Proje,,"İsmail Hakkı Helvacıoğlu, Hakan Akyıldız, Özgür Özgüç",,Perşembe,10:30/13:29,,500,3,,DEN,,
12331,DEN 492E,DEN,LS,Graduation Project,,İsmail Hakkı Helvacıoğlu,,,/,,500,22,,"DEN, DENE",,
12332,BUS 110,BUS,LS,Principles of Microeconomics,,Mehmet Özgür Kayalıca,,Pazartesi,08:30/11:29,,35,30,,"SEK, SIS",,
12333,BUS 103,BUS,LS,Principles of Management,,Deniz Tunçalp,,Perşembe,13:30/16:29,,35,28,,SIS,,
12334,ESL 101,ESL,LS,English I,,Nilgün Eker,,Perşembe,09:30/12:29,,35,32,,"SEK, SIS",,
12335,BUS 201,BUS,LS,Financial Accounting,,Cumhur Enis Ekinci,,Çarşamba,12:30/15:29,,35,20,,SIS,,
12336,BUS 203,BUS,LS,Management Science,,Ferhan Çebi,,Salı,13:30/16:29,,35,20,,SIS,,
12337,BUS 210,BUS,LS,Principles of Marketing,,Huriye Şebnem Burnaz,,Cuma,09:00/11:59,,35,19,,SIS,,
12338,STI 101,STI,LS,Statistics I,,Raziye Selim,,Perşembe,13:30/16:29,,35,18,,"SEK, SIS",,
12339,ISL 111E,ISL,LS,Intr. to Management Engin.,,Nihan Yıldırım,,Çarşamba,13:30/15:29,,180,153,,"ISL, ISLE",,
12340,BUS 101,BUS,LS,Organizational Behavior,,İdil Vedia Evcimen,,Pazartesi,13:30/16:29,,35,21,,SIS,,
12341,BUS 302,BUS,LS,P. of Business Forecasting,,Kemal Burç Ülengin,,Perşembe,09:30/12:29,,35,23,,SIS,,
12342,ISL 213E,ISL,LS,Statistics I,,Raziye Selim,,Salı,11:30/14:29,,210,220,,"ISL, ISLE",,
12343,BUS 305,BUS,LS,Project Management,,Nihan Yıldırım,,Pazartesi,09:30/12:29,,35,20,,SIS,,
12344,ISL 223E,ISL,LS,Fundm.of Production Management,,Tuncay Özcan,,Salı,14:30/17:29,,200,217,,"GID, GIDE, ISL, ISLE",,
12345,ISL 233E,ISL,LS,Microeconomics,,Ayşe Aylin Bayar,,Pazartesi,08:30/11:29,,90,84,,"ISL, ISLE",,
12346,BUS 306,BUS,LS,Management Information Sys.,,Dilay Çelebi,,Çarşamba,09:30/12:29,,35,21,,SIS,,
12347,ISL 233E,ISL,LS,Microeconomics,,Mehmet Özgür Kayalıca,,Salı,08:30/11:29,,90,80,,"ISL, ISLE",,
12348,BUS 304,BUS,LS,Financial Markets & Inst.,,Cumhur Enis Ekinci,,Pazartesi,13:30/16:29,,10,5,,SIS,,
12350,ISL 234E,ISL,LS,Management and Organization,,Zeynep Erden Bayazıt,,Pazartesi,14:30/17:29,,90,109,,"GID, GIDE, ISL, ISLE",,
12351,BUS 308,BUS,LS,Financial Statement Analysis,,Oktay Taş,,Cuma,09:00/11:59,,10,10,,SIS,,
12352,ISL 244E,ISL,LS,Macroeconomics,,İpek İlkkaracan Ajas,,Salı,11:30/14:29,,60,38,,"ISL, ISLE",,
12353,ISL 323E,ISL,LS,Operations Research,,Dilay Çelebi,,Perşembe,08:30/11:29,,180,177,,"ISL, ISLE",,
12354,ECN 101E,ECN,LS,Principles of Microeconomics,,Christopher Michael Hannum,,Cuma,08:30/12:29,,100,88,,"ECNE, ECNM",,
12355,ISL 333E,ISL,LS,Finance,,"Oktay Taş, Kaya Tokmakçıoğlu",,Perşembe,11:30/14:29,,110,133,,"ISL, ISLE",,
12356,ISL 333E,ISL,LS,Finance,,"Oktay Taş, Cumhur Enis Ekinci",,Perşembe,14:30/17:29,,110,117,,"ISL, ISLE",,
12357,ECN 104E,ECN,LS,Markets and Ethics,,Umut Kuruüzüm,,Çarşamba,08:30/10:29,,100,94,,ECNE,,
12359,ECN 209E,ECN,LS,Statistics I,,Serdar Altay,,Perşembe,08:30/12:29,,100,86,,ECNE,,
12360,ISL 334E,ISL,LS,Quality for Engineers,,Hatice Camgöz Akdağ,,Çarşamba,08:30/11:29,,110,103,,"ISL, ISLE",,
12361,ISL 344E,ISL,LS,Strategic Manage. for Engin.,,Mehmet Erçek,,Salı,14:30/17:29,,190,186,,"ISL, ISLE",,
12362,ISL 353E,ISL,LS,Marketing,,Elif Karaosmanoğlu,,Çarşamba,12:30/15:29,,200,196,,"ENTE, EUT, EUTE, ISL, ISLE",,
12363,ISL 354E,ISL,LS,Managerial Decision Making,,Dilay Çelebi,,Perşembe,14:30/17:29,,60,0,,"ISL, ISLE",,
12364,ISL 355E,ISL,LS,Econometrics,,Kemal Burç Ülengin,,Cuma,14:30/17:29,,65,44,,"END, ENDE, ISL, ISLE",,
12365,ECN 201E,ECN,LS,Intermediate Microeconomics,,Shourjo Chakravorty,,Cuma,08:30/12:29,,100,96,,"ECNE, ECNM",,
12366,ECN 207E,ECN,LS,Mathematical Economics,,Resul Aydemir,,Salı,08:30/12:29,,110,107,,ECNE,,
12367,ISL 363E,ISL,LS,Human Resources Management,,İdil Vedia Evcimen,,Pazartesi,08:30/11:29,,180,163,,"ISL, ISLE",,
12368,ECN 203E,ECN,LS,Introduction to Law,,Çiçek Ersoy Kekevi,,Çarşamba,08:30/11:29,,100,73,,ECNE,,
12369,ISL 364,ISL,LS,İşletme Hukuku,,Çiçek Ersoy Kekevi,,Cuma,08:30/11:29,,105,102,,"ISL, ISLE",,
12370,ECN 301E,ECN,LS,Econometrics I,,Ayşegül Kayaoğlu Yılmaz,,Perşembe,08:30/12:29,,100,100,,"ECNE, ECNM",,
12371,ISL 421E,ISL,LS,Organizational Behaviour,,İdil Vedia Evcimen,,Salı,08:30/11:29,,60,48,,"ISL, ISLE",,
12372,ECN 303E,ECN,LS,Development Economics,,Quentin Xavier Marin Stoeffler,,Pazartesi,08:30/11:29,,110,103,,"ECNE, ECNM",,
12373,ISL 433,ISL,LS,İş Hukuku,,Ulaş Baysal,,Çarşamba,13:30/15:29,,120,78,,"ISL, ISLE",,
12374,ECN 307E,ECN,LS,Game Theory,,Sinan Ertemel,,Pazartesi,14:30/17:29,,126,118,,"ECNE, ECNM, MAT, MATE",,
12375,ISL 439E,ISL,LS,Int.to Mach.Learn.with Bus.App,,Tolga Kaya,,Salı,11:30/14:29,,40,39,,"ISL, ISLE",,
12376,ECN 305E,ECN,LS,Industrial Organisation,,Tolga Yuret,,Salı,14:30/17:29,,100,89,,"ECNE, ECNM",,
12377,ISL 443E,ISL,LS,Project Design and Manag.,,Nihan Yıldırım,,Perşembe,14:30/18:29,,180,180,,"ISL, ISLE",,
12378,ECN 311E,ECN,LS,International Trade,,Christopher Michael Hannum,,Çarşamba,08:30/11:29,,100,86,,"ECNE, ECNM",,
12379,ECN 309E,ECN,LS,"Money, Banking&Financial Mark.",,Resul Aydemir,,Perşembe,14:30/17:29,,100,102,,"ECNE, ECNM",,
12380,ECN 401E,ECN,LS,Turkish Economy,,Mete Han Yağmur,,Çarşamba,11:30/14:29,,100,62,,ECNE,,
12381,ISL 453,ISL,LS,İşletme Müh. Tasarımı II,,"Ferhan Çebi, Tuncay Özcan",,Cuma,14:30/17:29,,100,98,,ISL,,
12382,ISL 453E,ISL,LS,Management Eng. Design II,,"Ferhan Çebi, Tuncay Özcan",,Cuma,08:30/11:29,,110,106,,"ISL, ISLE",,
12383,ISL 458E,ISL,LS,Intellectual Property Law,,Özgür Öztürk,,Pazartesi,14:30/17:29,,60,9,,"ENTE, EUT, EUTE, ISL, ISLE",,
12384,ISL 462E,ISL,LS,Turkish Economy,,İbrahim Öner Günçavdı,,Pazartesi,11:30/14:29,,75,73,,"ISL, ISLE",,
12385,ISL 4901,ISL,LS,İşletme Müh. Tasarım Projesi I,,Hatice Camgöz Akdağ,,,/,,500,37,,ISL,,
12386,ISL 4901E,ISL,LS,Manage. Engin. Design Proj. I,,Hatice Camgöz Akdağ,,,/,,500,40,,"ISL, ISLE",,
12387,ISL 4902,ISL,LS,İşletme Müh.Tasarım Projesi II,,--,,,/,,500,0,,ISL,,
12388,ISL 4902E,ISL,LS,Manage. Engin. Design Proj.II,,--,,,/,,500,0,,"ISL, ISLE",,
12389,ISL 492,ISL,LS,İşletme Müh. Tasarım Prj.,,Hatice Camgöz Akdağ,,,/,,500,24,,ISL,,
12390,ISL 492E,ISL,LS,Management Eng. Design Project,,Hatice Camgöz Akdağ,,,/,,500,40,,"ISL, ISLE",,
12391,ECN 432E,ECN,LS,Labor Economics,,Aysun Aygün,,Cuma,14:30/17:29,,100,44,,ECNE,,
12392,ECN 413E,ECN,LS,Health Economics,,Aysun Aygün,,Perşembe,14:30/17:29,,100,28,,ECNE,,
12393,ECN 433E,ECN,LS,Regulatory Econ.& Reg. Markets,,Matthias Peter Finger,,Salı,11:30/14:29,,100,40,,ECNE,,
12394,ECN 431E,ECN,LS,Europ.Economics & Institutions,,Serdar Altay,,Salı,08:30/11:29,,100,27,,ECNE,,
12395,ECN 407E,ECN,LS,Time Series Econometrics,,Bülent Güloğlu,,Cuma,08:30/11:29,,100,28,,ECNE,,
12396,ECN 420E,ECN,LS,Behavioural Economics,,Tolga Yuret,,Pazartesi,11:30/14:29,,100,27,,ECNE,,
12397,ECN 492E,ECN,LS,Graduation Project,,Bülent Güloğlu,,,/,,500,14,,ECNE,,
12398,BIO 102E,BIO,LS,Engineering Biology,,Süreyya Ergün Bozdağ,,Pazartesi,09:30/12:29,,60,50,,"IML, IMLE, MAK, MAKE",,
12400,CHE 101,CHE,LS,Chemistry I,,--,,Pazartesi | Perşembe,08:30/11:29 | 08:30/10:29,,0,0,,"MBI, MCB, SCE, SEN, SIN, SIS",,
12401,IML 110,IML,LS,İmalat Müh. Giriş ve Etik,,Ramazan Murat Tabanlı,,Çarşamba,13:30/15:29,,60,9,,IML,,
12402,IML 111,IML,LS,İmalat Mühendisliğine Giriş,,--,,Çarşamba,12:30/13:29,,60,0,,IML,,
12403,IML 337,IML,LS,İmalat Planlama ve Kontrol,,Ramazan Murat Tabanlı,,Pazartesi | Çarşamba,10:30/12:29 | 09:30/10:29,,100,84,,IML,,
12405,GID 111E,GID,LS,Int.to Food Eng.and Ethics,,Aslı Can Karaça,,Çarşamba,12:30/15:29,,90,84,,GID,,
12406,IML 205,IML,LS,Termodinamik,,Yakup Erhan Böke,,Çarşamba,10:30/13:29,,120,82,,IML,,
12408,IML 305,IML,LS,Isı Geçişi,,Ersin Sayar,,Pazartesi | Çarşamba,09:30/10:29 | 13:30/15:29,,80,59,,IML,,
12409,KMM 111,KMM,LS,Kimya Müh. Giriş ve Etik,,Mehmet Ferhat Yardım,,Çarşamba,14:30/15:29,,115,115,,KMM,,
12410,IML 311,IML,LS,İmal Usülleri I,,Şafak Yılmaz,,Salı | Perşembe,13:30/15:29 | 10:30/12:29,,80,77,,IML,,
12411,KMM 211,KMM,LS,Kütle ve Enerji Denklikleri,,Fatoş Yüksel Güvenilir,,Salı,13:30/16:29,,60,59,,"KMM, KMMM",,
12412,IML 320,IML,LS,Makina Elemanları,,Ali İmre Aydeniz,,Pazartesi | Perşembe,13:30/15:29 | 14:30/17:29,,80,77,,"IML, IMLM",,
12413,KMM 211,KMM,LS,Kütle ve Enerji Denklikleri,,Fatma Elif Genceli Güner,,Salı,13:30/16:29,,60,59,,"KMM, KMMM",,
12414,KMM 211E,KMM,LS,Mass and Energy Balances,,Melek Mümine Erol Taygun,,Salı,13:30/16:29,,20,1,,KMME,,
12415,IML 325E,IML,LS,Measurements & Instrumentation,,Bülent Bölat,,Çarşamba | Cuma,12:30/13:29 | 14:30/16:29,,60,0,,"IML, IMLE",,
12417,MAK 104E,MAK,LS,Intr to Comp in Mech. Eng (C),,Bülent Bölat,,Pazartesi,09:30/12:29,,80,57,,"IML, MAK",,
12418,KMM 305E,KMM,LS,Heat and Mass Transfer,,"Şerife Birgül Ersolmaz, Hüsnü Atakül",,Pazartesi | Salı,13:30/15:29 | 10:30/12:29,,70,73,,"KMM, KMMM",,
12419,IML 405,IML,LS,Uygulamalı İmalat Projesi,,Mustafa Bakkal,,,/,,60,43,,IML,,
12420,IML 425E,IML,LS,Comp.Integra.Manufact. (CIM),,Erkan Günpınar,,Çarşamba,09:30/12:29,,60,3,,"IML, IMLE, IMLM",,
12421,KMM 311E,KMM,LS,Thermodynamics II,,Ramazan Kızıl,,Perşembe,09:30/12:29,,40,13,,"KMM, KMME, KMMM",,
12422,KMM 315E,KMM,LS,Physical Che.for Chemical Eng.,,Fethiye Aylin Sungur,,Salı | Perşembe,13:30/15:29 | 15:30/16:29,,70,68,,"KMM, KMMM",,
12423,KMM 321E,KMM,LS,Heat Transfer,,Fatma Elif Genceli Güner,,Pazartesi,13:30/16:29,,30,5,,"KMM, KMME, KMMM",,
12424,KMM 331,KMM,LS,Kütle Aktarımı,,Gülhayat Saygılı,,Pazartesi,09:30/12:29,,40,26,,"KMM, KMMM",,
12425,KMM 331E,KMM,LS,Mass Transfer,,--,,Pazartesi,09:30/12:29,,0,0,,KMME,,
12427,IML 431,IML,LS,Kalite Mühendisliği,,Ali Gökşenli,,Salı,08:30/11:29,,60,3,,IML,,
12428,KMM 411E,KMM,LS,Process Control,,Serdar Yaman,,Pazartesi,13:30/16:29,,50,50,,"KMM, KMME, KMMM",,
12429,IML 451,IML,LS,İmalat Makineleri,,--,,Çarşamba,08:30/11:29,,60,0,,IML,,
12431,KMM 411E,KMM,LS,Process Control,,Devrim Barış Kaymak,,Pazartesi,13:30/16:29,,50,38,,"KMM, KMME, KMMM",,
12432,MAK 105,MAK,LS,Makine Tasarımına Giriş,,--,,Çarşamba | Cuma,08:30/10:29 | 08:30/11:29,,0,0,,"IML, MAK",,
12433,KMM 412,KMM,LS,Kimyasal Teknolojiler,,"Melek Tüter, Filiz Karaosmanoğlu",,Cuma,13:30/16:29,,90,92,,"KMM, KMMM",,
12434,KMM 412E,KMM,LS,Chemical Technologies,,--,,Cuma,13:30/16:29,,0,0,,KMME,,
12435,MAK 101,MAK,LS,Makine Müh. Giriş ve Etik,,İsmail Yalçın Uralcan,,Çarşamba,13:30/15:29,,250,221,,MAK,,
12436,KMM 413,KMM,LS,Biyokatalizörler ve Karakter,,Fatoş Yüksel Güvenilir,,Çarşamba,09:30/12:29,,25,25,,KMM,,
12437,MAK 111,MAK,LS,Makina Mühendisliğine Giriş,,İsmail Yalçın Uralcan,,Çarşamba,13:30/14:29,,250,21,,"MAK, MAKM",,
12438,KMM 413E,KMM,LS,Biocatatlysts &Their Character,,Ramazan Kızıl,,Çarşamba,09:30/12:29,,25,5,,"KMM, KMME",,
12439,ETK 101,ETK,LS,Mühendislik Etiği,,Murat Çakan,,Çarşamba,14:30/15:29,,250,81,,"CHZ, EHB, IML, JEF, JEO, KOM, KON, MAD, MAK, MTO, PET, TEK",,
12440,KMM 421E,KMM,LS,Chemical Reaction Eng II,,"Ahmet Sirkecioğlu, Ayşe Erdem",,Perşembe,13:30/16:29,,80,55,,"KMM, KMME, KMMM",,
12441,MAK 104E,MAK,LS,Intr to Comp in Mech. Eng (C),,Kubilay Yay,,Salı,09:30/12:29,,80,13,,"IML, MAK",,
12442,KMM 429,KMM,LS,Kimya End Korozyon & Malz Seçi,,Hanzade Açma,,Salı,09:30/12:29,,25,25,,KMM,,
12443,MAK 104E,MAK,LS,Intr to Comp in Mech. Eng (C),,Kubilay Yay,,Perşembe,09:30/12:29,,80,43,,"IML, MAK",,
12444,MAK 104E,MAK,LS,Intr to Comp in Mech. Eng (C),,Hülya Yalçın,,Çarşamba,09:30/12:29,,80,19,,"IML, MAK",,
12445,KMM 4901,KMM,LS,Kimya Mühendisliği Tasarımı I,,"Ayşe Özge Kürkçüoğlu Levitas, Ahmet Sirkecioğlu, Alper Sarıoğlan, Devrim Barış Kaymak",,Çarşamba | Perşembe,12:30/15:29 | 10:30/12:29,,90,86,,"KMM, KMMM",,
12446,KMM 431E,KMM,LS,Chemical Engineering Design I,,Hale Gürbüz,,Çarşamba | Perşembe,12:30/15:29 | 10:30/12:29,,20,1,,KMME,,
12451,MAK 104E,MAK,LS,Intr to Comp in Mech. Eng (C),,Atakan Altınkaynak,,Cuma,09:30/12:29,,80,18,,"IML, MAK",,
12452,MAK 105,MAK,LS,Makine Tasarımına Giriş,,Cevat Erdem İmrak,,Salı | Perşembe,08:30/10:29 | 08:30/11:29,,75,64,,"IML, MAK",,
12453,MAK 105,MAK,LS,Makine Tasarımına Giriş,,Serpil Kurt Habiboğlu,,Salı | Perşembe,08:30/10:29 | 08:30/11:29,,75,54,,"IML, MAK",,
12455,MAK 105,MAK,LS,Makine Tasarımına Giriş,,Yusuf Ziya Kocabal,,Salı | Perşembe,08:30/10:29 | 08:30/11:29,,75,61,,"IML, MAK",,
12456,MAK 105,MAK,LS,Makine Tasarımına Giriş,,Yusuf Ziya Kocabal,,Çarşamba | Cuma,08:30/10:29 | 08:30/11:29,,75,41,,"IML, MAK",,
12457,MAK 200,MAK,LS,Atölye,,Yusuf Ziya Kocabal,,,/,,60,59,,"IML, MAK",,
12458,MAK 200,MAK,LS,Atölye,,Adil Yücel,,,/,,60,19,,"IML, MAK",,
12459,MAK 200,MAK,LS,Atölye,,Serpil Kurt Habiboğlu,,,/,,60,6,,"IML, MAK",,
12460,MAK 110E,MAK,LS,Comput.Aided Technical Drawing,,Ali İmre Aydeniz,,Çarşamba,08:30/12:29,,60,31,,"IML, MAK",,
12461,MAK 110E,MAK,LS,Comput.Aided Technical Drawing,,Ali İmre Aydeniz,,Perşembe,08:30/12:29,,60,56,,"IML, MAK",,
12462,MAK 110E,MAK,LS,Comput.Aided Technical Drawing,,Erkan Günpınar,,Cuma,08:30/12:29,,60,37,,"IML, MAK",,
12463,MAK 114,MAK,LS,Lineer Cebir ve Uygulamaları,,Merve Acer,,Salı,09:30/12:29,,80,79,,"IML, MAK",,
12464,MAK 114,MAK,LS,Lineer Cebir ve Uygulamaları,,Sinem Öztürk,,Salı,09:30/12:29,,80,31,,"IML, MAK",,
12465,MAK 118,MAK,LS,Statik,,Emrecan Söylemez,,Salı,13:30/16:29,,60,49,,"MAK, MKNM",,
12466,MAK 118,MAK,LS,Statik,,Sevinç Ayşe Zaloğlu,,Salı,13:30/16:29,,60,37,,"MAK, MKNM",,
12468,MAK 215,MAK,LS,Termodinamik I,,Yakup Erhan Böke,,Salı | Cuma,15:30/17:29 | 14:30/15:29,,120,97,,"MAK, MKNM",,
12469,MAK 214E,MAK,LS,Engineering Materials,,Celaletdin Ergun,,Çarşamba | Perşembe,11:30/13:29 | 08:30/09:29,,60,28,,"IML, IMLE, MAK, MAKE, MAKM",,
12470,MAK 213,MAK,LS,Malzeme Bilimi,,Celaletdin Ergun,,Pazartesi | Cuma,15:30/17:29 | 15:30/17:29,,80,28,,"IML, MAK",,
12471,MAK 202E,MAK,LS,Numerical Meth.for Mech. Eng.,,Alper Tolga Çalık,,Pazartesi,08:30/11:29,,80,73,,"IML, MAK",,
12472,KMM 451,KMM,LS,Kimya Mühendisliği Lab. I,,"Çiğdem Oral, Ayşe Arifoğlu, Cemile Yerlikaya, Nalan Erdöl Aydın",,Salı,08:30/12:29,,35,20,,KMM,,
12473,MAK 202E,MAK,LS,Numerical Meth.for Mech. Eng.,,Sertaç Çadırcı,,Pazartesi,08:30/11:29,,80,16,,"IML, MAK",,
12475,KMM 451,KMM,LS,Kimya Mühendisliği Lab. I,,"Çiğdem Oral, Ayşe Arifoğlu, Cemile Yerlikaya, Nalan Erdöl Aydın",,Salı,13:30/17:29,,40,42,,KMM,,
12476,KMM 451E,KMM,LS,Chemical Engineering Lab. I,,--,,Pazartesi,08:30/12:29,,0,0,,KMME,,
12477,KMM 465,KMM,LS,Çevre Kimyası ve Teknolojisi,,Ahmet Alper Aydın,,Çarşamba,09:30/12:29,,25,13,,KMM,,
12479,KMM 465E,KMM,LS,Environmental Chemistry&Techn.,,Ahmet Alper Aydın,,Salı,09:30/12:29,,25,5,,"KMM, KMME",,
12481,KMM 485,KMM,LS,Polimer Kimyası ve Teknolojisi,,Fatma Seniha Güner,,Çarşamba,09:30/12:29,,25,24,,"FIZ, KMM",,
12482,KMM 468E,KMM,LS,Energy Conservation in Indstry,,Serdar Yaman,,Perşembe,09:30/12:29,,25,25,,"KMM, KMME",,
12483,MAK 210E,MAK,LS,Engineering Mathematics,,Hakan Öksüzoğlu,,Çarşamba | Perşembe,13:30/15:29 | 13:30/15:29,,100,101,,"IML, IMLE, MAK, MAKE",,
12484,KMM 466E,KMM,LS,Boron Technology,,--,,Salı,09:30/12:29,,0,0,,KMME,,
12485,MAK 210E,MAK,LS,Engineering Mathematics,,Abdussamet Subaşı,,Çarşamba | Perşembe,13:30/15:29 | 13:30/15:29,,100,70,,"IML, IMLE, MAK, MAKE",,
12486,MAK 210E,MAK,LS,Engineering Mathematics,,Merve Acer,,Çarşamba | Perşembe,13:30/15:29 | 13:30/15:29,,100,100,,"IML, IMLE, MAK, MAKE",,
12487,KMM 492,KMM,LS,Bitirme Çalışması,,Gülhayat Saygılı,,,/,,500,10,,KMM,,
12488,MAK 211E,MAK,LS,Probability and Statistics,,Hakan Öksüzoğlu,,Salı,08:30/11:29,,100,100,,"IML, MAK",,
12489,KMM 492E,KMM,LS,Graduation Project,,Gülhayat Saygılı,,,/,,500,0,,"KMM, KMME",,
12490,MAK 211E,MAK,LS,Probability and Statistics,,Hacı Abdullah Taşdemir,,Salı,08:30/11:29,,100,100,,"IML, MAK",,
12492,MAK 211E,MAK,LS,Probability and Statistics,,Abdussamet Subaşı,,Salı,08:30/11:29,,100,36,,"IML, MAK",,
12493,MAK 213,MAK,LS,Malzeme Bilimi,,Adnan Dikicioğlu,,Pazartesi | Cuma,15:30/17:29 | 15:30/17:29,,80,80,,"IML, MAK",,
12494,BIO 303,BIO,LS,Biyomalzemeler,,Fatma Seniha Güner,,Pazartesi,09:30/12:29,,30,30,,KMM,,
12495,MAK 213,MAK,LS,Malzeme Bilimi,,Alaeddin Burak İrez,,Pazartesi | Cuma,15:30/17:29 | 15:30/17:29,,80,61,,"IML, MAK",,
12496,BIO 215,BIO,LS,Biyokimya,,Ramazan Kızıl,,Pazartesi,09:30/12:29,,30,29,,"FIZ, GID, KMM",,
12497,MAT 271,MAT,LS,Olasılık ve İstatistik,,Cemile Yerlikaya,,Perşembe,13:30/16:29,,65,68,,"BIO, BLG, EHB, ELE, ELH, EUT, FIZ, GEM, GEO, GID, IML, INS, JEO, KMM, MET, MTO, PET, TEL, UCK, UZB",,
12498,MAK 213,MAK,LS,Malzeme Bilimi,,Levent Trabzon,,Pazartesi | Cuma,15:30/17:29 | 15:30/17:29,,80,79,,"IML, MAK",,
12499,MAT 271,MAT,LS,Olasılık ve İstatistik,,Ayşe Arifoğlu,,Cuma,09:30/12:29,,45,45,,"BIO, BLG, EHB, ELE, ELH, EUT, FIZ, GEM, GEO, GID, IML, INS, JEO, KMM, MET, MTO, PET, TEL, UCK, UZB",,
12500,MAL 201,MAL,LS,Malzeme Bilimi,,Cengiz Tahir Bodur,,Pazartesi | Cuma,15:30/17:29 | 15:30/16:29,,60,29,,"IML, IMLM, MAK, MAKM, MKN",,
12501,MAT 271E,MAT,LS,Probability and Statistics,,Çiğdem Oral,,Perşembe,13:30/16:29,,90,89,,"BIO, BIOE, BLG, BLGE, CEV, CEVE, CHZ, CHZE, DEN, DENE, DUI, EHB, EHBE, EHN, ELE, ELH, ELK, ELKE, ENTE, EUT, EUTE, FIZ, FIZE, GEM, GEME, GEMK, GEO, GEOE, GID, GIDE, GMI, GMIE, GMIK, IML, IMLE, INS, INSE, JEF, JEFE, JEO, JEOE, KMM, KMME, KOM, KOME, KON, KONE, MAD, MADE, MAK, MAKE, MET, METE, MTO, MTOE, PET, PETE, SBP, SBPE, SEH, TEK, TEKE, TEL, UCK, UCKE, UZB, UZBE",,
12502,TER 201,TER,LS,Termodinamik,,Hanzade Açma,,Cuma,09:30/12:29,,75,73,,"CEV, CHZ, DEN, GEM, ISL, JEO, KMM, KMMM, KOM, KON, PET, TEK",,
12504,MAK 215,MAK,LS,Termodinamik I,,Lütfullah Kuddusi,,Salı | Cuma,15:30/17:29 | 14:30/15:29,,120,120,,"MAK, MKNM",,
12505,MAK 313,MAK,LS,Isı Geçişi,,Lütfullah Kuddusi,,Pazartesi | Çarşamba,08:30/10:29 | 08:30/10:29,,120,94,,"MAK, MAKM",,
12506,MAK 313,MAK,LS,Isı Geçişi,,Mustafa Özdemir,,Pazartesi | Çarşamba,08:30/10:29 | 08:30/10:29,,120,62,,"MAK, MAKM",,
12507,MAK 313,MAK,LS,Isı Geçişi,,***,,Pazartesi | Çarşamba,08:30/10:29 | 08:30/10:29,,80,0,,"MAK, MAKM",,
12508,MAK 312,MAK,LS,Ölçme Değerlendirme,,Mustafa Resa Becan,,Salı | Çarşamba,15:30/17:29 | 10:30/12:29,,120,119,,"IML, MAK, MAKM, MKN",,
12509,MAK 230E,MAK,LS,Alg.Dev.& Comp.App.with Python,,Mustafa Resa Becan,,Salı,08:30/11:29,,90,87,,"IML, MAK",,
12510,MAK 230E,MAK,LS,Alg.Dev.& Comp.App.with Python,,Emrecan Söylemez,,Çarşamba,08:30/11:29,,90,66,,"IML, MAK",,
12511,MAK 312,MAK,LS,Ölçme Değerlendirme,,***,,Salı | Çarşamba,15:30/17:29 | 10:30/12:29,,80,0,,"IML, MAK, MAKM, MKN",,
12512,MAK 217,MAK,LS,Dinamik,,Ata Muğan,,Pazartesi | Cuma,13:30/15:29 | 10:30/12:29,,80,77,,"MAK, MAKM, MKNM",,
12513,MAK 217,MAK,LS,Dinamik,,Mehmet Salih Dokuz,,Pazartesi | Cuma,13:30/15:29 | 10:30/12:29,,80,80,,"MAK, MAKM, MKNM",,
12514,MAK 217,MAK,LS,Dinamik,,Mesut Kırca,,Pazartesi | Cuma,13:30/15:29 | 10:30/12:29,,80,50,,"MAK, MAKM, MKNM",,
12516,MAK 219,MAK,LS,Mukavemet I,,Emin Sünbüloğlu,,Salı | Perşembe,13:30/15:29 | 15:30/17:29,,80,80,,"MAK, MKNM",,
12517,MAK 219,MAK,LS,Mukavemet I,,Oğuz Altay,,Salı | Perşembe,13:30/15:29 | 15:30/17:29,,80,59,,"MAK, MKNM",,
12519,MAK 219,MAK,LS,Mukavemet I,,Süreyya Ergün Bozdağ,,Salı | Perşembe,13:30/15:29 | 15:30/17:29,,80,54,,"MAK, MKNM",,
12520,MAK 220,MAK,LS,Mukavemet II,,Adil Yücel,,Salı | Perşembe,13:30/15:29 | 15:30/17:29,,250,188,,"MAK, MKNM",,
12521,MUK 205,MUK,LS,Mukavemet,,Oğuz Altay,,Perşembe | Cuma,09:30/12:29 | 10:30/12:29,,60,16,,"IML, MAK, MAKM, MKN",,
12526,MAK 224E,MAK,LS,Engineering Materials,,Alaeddin Burak İrez,,Cuma,12:30/14:29,,60,43,,"IML, MAK",,
12529,MAK 224E,MAK,LS,Engineering Materials,,Ersan Üstündağ,,Cuma,12:30/14:29,,60,24,,"IML, MAK",,
12532,MAK 226,MAK,LS,Termodinamik II,,Ayşegül Abuşoğlu,,Perşembe | Cuma,12:30/13:29 | 10:30/12:29,,80,80,,"MAK, MKNM",,
12534,MAK 226,MAK,LS,Termodinamik II,,Seyhan Onbaşıoğlu,,Perşembe | Cuma,12:30/13:29 | 10:30/12:29,,80,58,,"MAK, MKNM",,
12536,MAK 228,MAK,LS,Akışkanlar Mekaniği I,,Murat Çakan,,Pazartesi,11:30/14:29,,60,60,,"MAK, MAKM, MKNM",,
12538,MAK 228,MAK,LS,Akışkanlar Mekaniği I,,Sertaç Çadırcı,,Pazartesi,11:30/14:29,,60,42,,"MAK, MAKM, MKNM",,
12539,MAK 228,MAK,LS,Akışkanlar Mekaniği I,,Hasan Güneş,,Pazartesi,11:30/14:29,,60,23,,"MAK, MAKM",,
12540,MAK 229,MAK,LS,Akışkanlar Mekaniği II,,Erkan Ayder,,Pazartesi,10:30/13:29,,60,60,,"MAK, MKNM",,
12541,MAK 229,MAK,LS,Akışkanlar Mekaniği II,,Kadir Kırkköprü,,Pazartesi,10:30/13:29,,60,60,,"MAK, MKNM",,
12542,MAK 229,MAK,LS,Akışkanlar Mekaniği II,,Levent Ali Kavurmacıoğlu,,Pazartesi,10:30/13:29,,60,40,,"MAK, MKNM",,
12543,INS 101,INS,LS,Teknik Resim,,Sabahat Topuz Kiremitçi,,Salı,13:30/16:29,,78,80,,INS,,
12544,INS 101,INS,LS,Teknik Resim,,Sabahat Topuz Kiremitçi,,Çarşamba,08:30/11:29,,78,75,,INS,,
12545,INS 101,INS,LS,Teknik Resim,,Sibel Gürel,,Perşembe,08:30/11:29,,55,43,,INS,,
12546,INS 101,INS,LS,Teknik Resim,,Sibel Gürel,,Cuma,08:30/11:29,,55,45,,INS,,
12547,MAK 4005E,MAK,LS,Mech.Model. in Nanoscale Sys.,,Mesut Kırca,,Cuma,14:30/17:29,,80,43,,"MAK, MAKE",,
12548,MAK 4032,MAK,LS,Metallerin Plastik Şekillendrl,,Canan Gamze Güleryüz Parasız,,Cuma,14:30/17:29,,100,80,,"IML, MAK",,
12549,MAK 4053E,MAK,LS,Vehicle Technology,,Özgen Akalın,,Perşembe,08:30/11:29,,80,43,,"MAK, MAKE, MKNM",,
12550,MAK 4033E,MAK,LS,Gas Dynamics,,İlyas Bedii Özdemir,,Perşembe,08:30/11:29,,50,28,,"MAK, MAKE",,
12551,MAK 4004,MAK,LS,Komp. Malz. Mekaniğine Giriş,,Süreyya Ergün Bozdağ,,Perşembe,08:30/11:29,,80,56,,"MAK, MKNM",,
12552,MAK 4067E,MAK,LS,Renewable Energy Systems,,Seyhan Onbaşıoğlu,,Perşembe,08:30/11:29,,50,17,,"MAK, MAKE, MKNM",,
12553,MAK 4055E,MAK,LS,Fuel Economy in Road Vehicles,,"Osman Akın Kutlar, Hikmet Arslan",,Cuma,08:30/11:29,,80,51,,"MAK, MAKE",,
12554,MAK 4027E,MAK,LS,Turbomachinery,,Murat Çakan,,Cuma,08:30/11:29,,120,90,,"MAK, MAKE",,
12555,INS 101E,INS,LS,Technical Drawing,,Çağlar Akkaya,,Perşembe,13:30/16:29,,60,27,,"INS, INSE",,
12556,INS 101E,INS,LS,Technical Drawing,,Çağlar Akkaya,,Salı,08:30/11:29,,70,68,,"INS, INSE",,
12557,INS 111,INS,LS,İnşaat Müh. Giriş ve Etik,,Senem Bilir Mahçiçek,,Çarşamba,14:30/15:29,,250,220,,INS,,
12558,INS 111E,INS,LS,Int. to Civil Eng. & Ethics,,Mehmet Emre Bayraktar,,Çarşamba,14:30/15:29,,200,62,,INSE,,
12559,INS 107E,INS,LS,Int. to Prog. Lang. (Python),,Erol Lale,,Pazartesi,13:30/16:29,,67,67,,"INS, INSE",,
12560,INS 107E,INS,LS,Int. to Prog. Lang. (Python),,Nilay Çelik Muhtaroğlu,,Çarşamba,09:30/12:29,,89,93,,"INS, INSE",,
12561,INS 107E,INS,LS,Int. to Prog. Lang. (Python),,Gökhan Çevikbilen,,Pazartesi,09:30/12:29,,90,91,,"INS, INSE",,
12562,INS 107E,INS,LS,Int. to Prog. Lang. (Python),,Cem Demir,,Perşembe,08:30/11:29,,65,59,,"INS, INSE",,
12563,INS 107E,INS,LS,Int. to Prog. Lang. (Python),,Tolga Yılmaz Özüdoğru,,Perşembe,13:30/16:29,,65,51,,"INS, INSE",,
12565,INS 106,INS,LS,İnşaat Müh. İçin Yerbilimi,,Yılmaz Mahmutoğlu,,Perşembe,10:30/12:29,,60,45,,INS,,
12566,INS 106E,INS,LS,Earth Science for Civil Engin.,,Kayhan Develi,,Salı,08:30/10:29,,60,53,,"INS, INSE",,
12567,MAK 4007E,MAK,LS,Microsystem-MEMS Design,,Levent Trabzon,,Cuma,08:30/11:29,,50,16,,"IML, IMLE, MAK, MAKE, MKNM",,
12568,MAK 4023,MAK,LS,Transport Tekniği,,Cevat Erdem İmrak,,Cuma,08:30/11:29,,50,5,,MAK,,
12569,MEK 205,MEK,LS,Mühendislik Mekaniği,,Hacı Abdullah Taşdemir,,Pazartesi,09:30/12:29,,50,28,,"CHZ, END, GID, IML, ISL, JEF, JEO, MAD, MAKM, PET",,
12570,MEK 205E,MEK,LS,Engineering Mechanics,,Sevinç Ayşe Zaloğlu,,Perşembe,09:30/12:29,,50,9,,"CHZ, CHZE, END, ENDE, GID, GIDE, GMI, GMIE, GMIK, IML, IMLE, ISL, ISLE, JEF, JEFE, JEO, JEOE, MAD, MADE, PET, PETE, TEKE",,
12571,MEK 207,MEK,LS,Mühendislik Mekaniği,,Merve Acer,,Pazartesi | Salı,13:30/15:29 | 14:30/17:29,,100,54,,"IML, MAKM",,
12572,TER 201E,TER,LS,Thermodynamics,,Turgut Yılmaz,,Çarşamba,09:30/12:29,,120,120,,"CEV, CEVE, CHZ, CHZE, DEN, DENE, GEM, GEME, GEMK, ISL, ISLE, JEF, JEO, JEOE, KMM, KMME, KOM, KOME, KON, KONE, MAD, PET, PETE, TEK, TEKE",,
12573,INS 201,INS,LS,Malzeme Bilimi,,"Hasan Yıldırım, Özkan Şengül",,Çarşamba,09:30/12:29,,60,59,,INS,,
12574,INS 201,INS,LS,Malzeme Bilimi,,--,,Çarşamba,09:30/12:29,,0,0,,INS,,
12575,INS 201,INS,LS,Malzeme Bilimi,,Yılmaz Akkaya,,Pazartesi,09:30/12:29,,56,56,,INS,,
12576,INS 201,INS,LS,Malzeme Bilimi,,Ünal Anıl Doğan,,Pazartesi,09:30/12:29,,55,55,,INS,,
12577,INS 201E,INS,LS,Materials Science,,Özgür Ekincioğlu,,Çarşamba,09:30/12:29,,45,36,,"INS, INSE",,
12578,INS 201E,INS,LS,Materials Science,,Oğuz Güneş,,Çarşamba,09:30/12:29,,45,38,,"INS, INSE",,
12579,DNK 201,DNK,LS,Dinamik,,Ali Nuri Doğruoğlu,,Cuma,14:30/17:29,,60,53,,"DUI, EHB, ELE, ELH, ELK, FIZ, INS, JEO, KOM, KON, MTO, TEK, TEL, UCK, UZB",,
12580,DNK 201,DNK,LS,Dinamik,,Fethi Kadıoğlu,,Salı,09:30/12:29,,50,53,,"DUI, EHB, ELE, ELH, ELK, FIZ, INS, JEO, KOM, KON, MTO, TEK, TEL, UCK, UZB",,
12581,DNK 201,DNK,LS,Dinamik,,Abdullah Gedikli,,Perşembe,13:30/16:29,,50,40,,"DUI, EHB, ELE, ELH, ELK, FIZ, INS, JEO, KOM, KON, MTO, TEK, TEL, UCK, UZB",,
12582,DNK 201E,DNK,LS,Dynamics,,Teoman Özer,,Pazartesi,09:30/12:29,,50,50,,"DEN, DENE, DUI, DUIE, DUIK, EHB, EHBE, ELE, ELH, ELK, ELKE, FIZ, FIZE, GEM, GEME, GEMK, GMI, GMIE, INS, INSE, JEO, JEOE, KOM, KOME, KON, KONE, MAD, MAT, MATE, MTO, PETE, TEK, TEL, UCK, UCKE, UZB, UZBE",,
12583,DNK 201E,DNK,LS,Dynamics,,Abdul Hayır,,Cuma,09:30/12:29,,60,61,,"DEN, DENE, DUI, DUIE, DUIK, EHB, EHBE, ELE, ELH, ELK, ELKE, FIZ, FIZE, GEM, GEME, GEMK, GMI, GMIE, INS, INSE, JEO, JEOE, KOM, KOME, KON, KONE, MAD, MAT, MATE, MTO, PETE, TEK, TEL, UCK, UCKE, UZB, UZBE",,
12584,STA 202,STA,LS,Statik,,Reha Artan,,Salı | Çarşamba,13:30/15:29 | 13:30/15:29,,55,40,,"FIZ, INS, UCKM",,
12585,STA 202E,STA,LS,Statics,,Pelin Gündeş Bakır,,Salı | Çarşamba,13:30/15:29 | 13:30/15:29,,55,52,,"FIZ, FIZE, INS, INSE, UCKM",,
12586,MUK 201,MUK,LS,Mukavemet I,,Nihal Eratlı,,Salı | Perşembe,09:30/12:29 | 13:30/15:29,,40,40,,"FIZ, INS, UCKM",,
12587,MUK 201,MUK,LS,Mukavemet I,,Abdul Hayır,,Salı | Perşembe,09:30/12:29 | 13:30/15:29,,40,10,,"FIZ, INS, UCKM",,
12588,MAK 315,MAK,LS,Mekanik Titreşimler,,Erdinç Altuğ,,Pazartesi,14:30/17:29,,60,28,,"IML, MAK, MAKM, MKNM",,
12589,MAK 315,MAK,LS,Mekanik Titreşimler,,Haluk Erol,,Pazartesi,14:30/17:29,,60,31,,"IML, MAK, MAKM, MKNM",,
12590,MAK 315,MAK,LS,Mekanik Titreşimler,,Özgür Turhan,,Pazartesi,14:30/17:29,,60,60,,"IML, MAK, MAKM, MKNM",,
12591,MUK 201,MUK,LS,Mukavemet I,,Osman Bulut,,Pazartesi | Perşembe,13:30/16:29 | 09:30/11:29,,40,40,,"FIZ, INS, UCKM",,
12592,MUK 201,MUK,LS,Mukavemet I,,Şenol Ataoğlu,,Pazartesi | Perşembe,13:30/16:29 | 09:30/11:29,,40,38,,"FIZ, INS, UCKM",,
12593,MAK 315,MAK,LS,Mekanik Titreşimler,,Vahit Mermertaş,,Pazartesi,14:30/17:29,,60,59,,"IML, MAK, MAKM, MKNM",,
12594,MAK 315E,MAK,LS,Mechanical Vibrations,,Kenan Yüce Şanlıtürk,,Pazartesi,14:30/17:29,,60,61,,"IML, IMLE, MAK, MAKE, MKNM",,
12595,MUK 201E,MUK,LS,Strength of Materials I,,Semih Küçükarslan,,Salı | Perşembe,11:30/13:29 | 08:30/11:29,,70,72,,"FIZ, FIZE, INS, INSE, MAT, UCKM",,
12596,MAK 333,MAK,LS,Sistem Dinamiği ve Kontrol,,Hülya Yalçın,,Salı | Cuma,11:30/13:29 | 08:30/10:29,,90,48,,"IML, MAK, MAKM",,
12597,MUK 202,MUK,LS,Mukavemet II,,Fethi Kadıoğlu,,Salı | Cuma,13:30/16:29 | 08:30/10:29,,55,55,,"FIZ, INS",,
12598,MAK 333,MAK,LS,Sistem Dinamiği ve Kontrol,,Kenan Refah Kutlu,,Salı | Cuma,11:30/13:29 | 08:30/10:29,,90,88,,"IML, MAK, MAKM",,
12599,MAK 333,MAK,LS,Sistem Dinamiği ve Kontrol,,Senem Kurşun Bahadır,,Salı | Cuma,11:30/13:29 | 08:30/10:29,,90,90,,"IML, MAK, MAKM",,
12600,MUK 202E,MUK,LS,Strength of Materials II,,Pınar Özdemir Çağlayan,,Pazartesi | Perşembe,13:30/15:29 | 13:30/16:29,,50,22,,"FIZ, FIZE, INS, INSE",,
12602,INS 252E,INS,LS,Surveying,,Serdar Bilgi,,Pazartesi,13:30/17:29,,55,55,,"INS, INSE",,
12603,MAK 333E,MAK,LS,System Dynamics and Control,,Erdinç Altuğ,,Salı | Cuma,11:30/13:29 | 08:30/10:29,,60,49,,"IML, IMLE, MAK, MAKE, MAKM, TEK, TEKE",,
12604,MAK 339,MAK,LS,Makina Elemanları I,,"İbrahim Mehmet Palabıyık, Atakan Altınkaynak",,Salı | Perşembe,08:30/11:29 | 10:30/12:29,,60,57,,"MAK, MAKM, MKNM",,
12605,MAT 202,MAT,LS,Sayısal Yöntemler,,Mehmet Günhan Aksoylu,,Çarşamba,12:30/15:29,,80,80,,"CEV, CHZ, DEN, EHB, ELE, ELH, ELK, GEM, GEO, GID, IML, INS, ISL, JDF, JEF, JEO, KOM, KON, MAD, MAK, MET, PET, TEK, TEL",,
12606,MAT 202,MAT,LS,Sayısal Yöntemler,,Yavuz Durgun,,Çarşamba,12:30/15:29,,80,80,,"CEV, CHZ, DEN, EHB, ELE, ELH, ELK, GEM, GEO, GID, IML, INS, ISL, JDF, JEF, JEO, KOM, KON, MAD, MAK, MET, PET, TEK, TEL",,
12607,MAT 202E,MAT,LS,Numerical Methods,,Tuba Gürbüz Büyükkayıkcı,,Çarşamba,12:30/15:29,,90,90,,"BLG, BLGE, CEV, CEVE, CHZ, CHZE, DEN, DENE, EHB, EHBE, ELE, ELH, ELK, ELKE, GEM, GEME, GEMK, GEO, GEOE, GID, GIDE, IML, IMLE, INS, INSE, ISL, ISLE, JDF, JEF, JEFE, JEO, JEOE, KMM, KMME, KOM, KOME, KON, KONE, MAD, MADE, MAK, MAKE, MET, METE, MTO, MTOE, PET, PETE, TEK, TEKE, TEL, UCK, UCKE, UZB, UZBE",,
12608,MAT 202E,MAT,LS,Numerical Methods,,Atila Sezen,,Çarşamba,12:30/15:29,,90,90,,"BLG, BLGE, CEV, CEVE, CHZ, CHZE, DEN, DENE, EHB, EHBE, ELE, ELH, ELK, ELKE, GEM, GEME, GEMK, GEO, GEOE, GID, GIDE, IML, IMLE, INS, INSE, ISL, ISLE, JDF, JEF, JEFE, JEO, JEOE, KMM, KMME, KOM, KOME, KON, KONE, MAD, MADE, MAK, MAKE, MET, METE, MTO, MTOE, PET, PETE, TEK, TEKE, TEL, UCK, UCKE, UZB, UZBE",,
12610,AKM 204E,AKM,LS,Fluid Mechanics,,Cihan Bayındır,,Cuma,10:30/13:29,,89,91,,"CEV, CEVE, FIZ, FIZE, GID, GIDE, IML, IMLE, INS, INSE, KMM, KMME, MTO, MTOE, TEK, TEKE, UCK, UZB",,
12613,INS 360,INS,LS,Hidrolik,,Necati Erdem Ünal,,Pazartesi | Perşembe,15:30/17:29 | 15:30/17:29,,60,59,,"CEV, INS",,
12614,INS 360,INS,LS,Hidrolik,,Bihrat Önöz,,Pazartesi | Perşembe,08:30/10:29 | 10:30/12:29,,60,37,,"CEV, INS",,
12615,INS 360,INS,LS,Hidrolik,,Necati Erdem Ünal,,Perşembe | Cuma,12:30/14:29 | 10:30/12:29,,50,50,,"CEV, INS",,
12616,INS 360,INS,LS,Hidrolik,,Hafzüllah Aksoy,,Perşembe | Cuma,12:30/14:29 | 10:30/12:29,,50,10,,"CEV, INS",,
12617,INS 360E,INS,LS,Hydraulics,,İsmail Duranyıldız,,Pazartesi | Perşembe,15:30/17:29 | 15:30/17:29,,50,38,,"CEV, CEVE, INS, INSE",,
12618,MAK 339,MAK,LS,Makina Elemanları I,,"Vedat Temiz, Zeynep Parlar",,Salı | Perşembe,08:30/11:29 | 10:30/12:29,,80,80,,"MAK, MAKM, MKNM",,
12619,MAK 339,MAK,LS,Makina Elemanları I,,--,,Salı | Perşembe,08:30/11:29 | 10:30/12:29,,0,0,,"MAK, MAKM, MKNM",,
12620,MAK 339,MAK,LS,Makina Elemanları I,,--,,Salı | Perşembe,08:30/11:29 | 10:30/12:29,,0,0,,"MAK, MAKM, MKNM",,
12621,MAK 342,MAK,LS,Makina Elemanları II,,Cemal Baykara,,Salı | Perşembe,08:30/10:29 | 10:30/12:29,,100,100,,"MAK, MAKM, MKN",,
12622,MAK 342,MAK,LS,Makina Elemanları II,,Hikmet Kocabaş,,Salı | Perşembe,10:30/12:29 | 10:30/12:29,,80,40,,"MAK, MAKM, MKN",,
12623,MAK 353,MAK,LS,İmal Usulleri,,"Murat Vural, Turgut Gülmez",,Perşembe | Cuma,08:30/10:29 | 10:30/12:29,,80,59,,"MAK, MAKM",,
12624,MAK 353,MAK,LS,İmal Usulleri,,"Şafak Yılmaz, Adnan Dikicioğlu",,Perşembe | Cuma,08:30/10:29 | 10:30/12:29,,80,75,,"MAK, MAKM",,
12625,MAK 360,MAK,LS,Uygulamalı Termodinamik,,Ersin Sayar,,Pazartesi,10:30/13:29,,90,74,,MAK,,
12626,MAK 370,MAK,LS,Uygulamalı Isı Geçişi,,Mustafa Özdemir,,Pazartesi,10:30/13:29,,60,0,,MAK,,
12627,MAK 401,MAK,LS,Makina Mühendisliği Lab. I,,Adil Yücel,,,/,,200,150,,MAK,,
12628,MAK 401E,MAK,LS,Mechanical Engineering Lab. I,,--,,,/,,200,0,,MAKE,,
12629,IML 401,IML,LS,İmalat Lab I,,Canan Gamze Güleryüz Parasız,,,/,,80,69,,"IML, IMLM",,
12630,IML 401E,IML,LS,Manufacturing Lab I,,--,,,/,,60,0,,IMLE,,
12631,MAK 403,MAK,LS,Uygulamalı Makina Projesi,,İlker Murat Koç,,,/,,60,36,,MAK,,
12632,MAK 403,MAK,LS,Uygulamalı Makina Projesi,,Vedat Temiz,,,/,,60,59,,MAK,,
12633,MAK 403,MAK,LS,Uygulamalı Makina Projesi,,Zeynep Parlar,,,/,,60,5,,MAK,,
12634,MAK 403E,MAK,LS,Applied Machine Design,,--,,,/,,60,0,,MAKE,,
12635,MAK 404E,MAK,LS,Mechanical Engineering Lab.,,Adil Yücel,,,/,,200,74,,MAK,,
12636,MAK 405,MAK,LS,Mak. Müh. Yenilikçi Tas. Yönt.,,"Vedat Temiz, Zeynep Parlar, İbrahim Mehmet Palabıyık",,Pazartesi,14:30/17:29,,100,91,,"IML, MAK",,
12637,MAK 492,MAK,LS,Bitirme Tasarım Projesi,,Adil Yücel,,,/,,500,96,,MAK,,
12638,MAK 492E,MAK,LS,Senior Design Project,,Adil Yücel,,,/,,500,10,,"MAK, MAKE",,
12639,IML 492,IML,LS,İmalat Tasarım Projesi,,Adil Yücel,,,/,,500,10,,IML,,
12640,IML 492E,IML,LS,Manufacturing Design Project,,--,,,/,,500,0,,"IML, IMLE",,
12641,MAK 4901,MAK,LS,Makina Müh. Tasarımı I,,Adil Yücel,,,/,,500,87,,MAK,,
12642,MAK 4901E,MAK,LS,Mechanical Eng. Design I,,Adil Yücel,,,/,,500,3,,MAK,,
12643,IML 4901,IML,LS,İmalat Müh. Tasarımı I,,Adil Yücel,,,/,,500,22,,IML,,
12644,IML 4901E,IML,LS,Manufacturing Eng. Design I,,Adil Yücel,,,/,,500,2,,IML,,
12645,MAK 4006E,MAK,LS,Alternative Fuels for IC Eng.,,"Osman Akın Kutlar, Alper Tolga Çalık",,Çarşamba,08:30/11:29,,80,39,,"MAK, MAKE",,
12646,MAK 4058,MAK,LS,Taşıtlarda Aktarma Organları,,Osman Taha Şen,,Çarşamba,08:30/11:29,,50,0,,MAK,,
12647,MAK 4056,MAK,LS,Kontrol Sistemleri Tasarımı,,Zeki Yağız Bayraktaroğlu,,Çarşamba,08:30/11:29,,50,21,,"IML, MAK, MAKM, MKN",,
12648,MAK 4038E,MAK,LS,Power Plants,,Ayşegül Abuşoğlu,,Çarşamba,08:30/11:29,,50,13,,"MAK, MAKE",,
12650,MAK 4018,MAK,LS,İmalatta Kalite Kontrol,,Ali Gökşenli,,Çarşamba,08:30/11:29,,80,76,,"IML, MAK",,
12651,RES 107,RES,LS,Teknik Resim,,Selim Ertürk,,Cuma,08:30/11:29,,98,93,,"END, GID, ISL, KMM",,
12653,RES 107,RES,LS,Teknik Resim,,Selim Ertürk,,Cuma,14:00/16:59,,98,99,,"END, GID, ISL, KMM",,
12655,MAL 201,MAL,LS,Malzeme Bilimi,,Cevat Fahir Arısoy,,Cuma,09:30/12:29,,65,65,,"GID, KMM",,
12656,MAL 201,MAL,LS,Malzeme Bilimi,,Mehmet Şeref Sönmez,,Çarşamba,12:30/15:29,,65,64,,"BLG, GID, KMM",,
12658,INS 360E,INS,LS,Hydraulics,,Cihan Bayındır,,Pazartesi | Perşembe,11:30/13:29 | 08:30/10:29,,70,70,,"CEV, CEVE",,
12659,INS 360E,INS,LS,Hydraulics,,Şevket Çokgör,,Perşembe | Cuma,12:30/14:29 | 10:30/12:29,,50,47,,"CEV, CEVE, INS, INSE",,
12660,INS 323,INS,LS,Yapı Statiği I,,Mehmet Günhan Aksoylu,,Pazartesi | Salı,11:30/13:29 | 08:30/10:29,,50,41,,INS,,
12661,INS 323,INS,LS,Yapı Statiği I,,Konuralp Girgin,,Pazartesi | Salı,11:30/13:29 | 08:30/10:29,,50,50,,INS,,
12662,INS 323,INS,LS,Yapı Statiği I,,--,,Pazartesi | Salı,08:30/10:29 | 11:30/13:29,,0,0,,INS,,
12663,INS 323,INS,LS,Yapı Statiği I,,Yavuz Durgun,,Pazartesi | Salı,08:30/10:29 | 11:30/13:29,,56,56,,INS,,
12664,INS 323E,INS,LS,Theory of Structures I,,Ülkü Hülya Çalık Karaköse,,Çarşamba | Perşembe,08:30/10:29 | 14:30/16:29,,54,54,,"INS, INSE",,
12665,INS 323E,INS,LS,Theory of Structures I,,--,,Çarşamba | Perşembe,08:30/10:29 | 14:30/16:29,,0,0,,"INS, INSE",,
12666,INS 336,INS,LS,Yapı Statiği II,,Mecit Çelik,,Pazartesi | Salı,10:30/12:29 | 08:30/10:29,,67,67,,INS,,
12667,INS 336E,INS,LS,Theory of Structures II,,Nilay Çelik Muhtaroğlu,,Pazartesi | Salı,10:30/12:29 | 08:30/10:29,,50,45,,"INS, INSE",,
12668,INS 325,INS,LS,Demiryolu Müh.,,Zübeyde Öztürk,,Pazartesi,13:30/15:29,,65,67,,INS,,
12669,INS 325,INS,LS,Demiryolu Müh.,,Hüseyin Onur Tezcan,,Perşembe,08:30/10:29,,55,55,,INS,,
12670,INS 325E,INS,LS,Railway Engineering,,Kemal Selçuk Öğüt,,Pazartesi,13:30/15:29,,45,17,,"INS, INSE",,
12671,INS 325E,INS,LS,Railway Engineering,,Hilmi Berk Çelikoğlu,,Pazartesi,13:30/15:29,,45,46,,"INS, INSE",,
12672,INS 342,INS,LS,Karayolu Mühendisliği,,"Abdullah Hilmi Lav, Hilmi Berk Çelikoğlu",,Cuma,08:30/11:29,,60,49,,INS,,
12673,INS 342E,INS,LS,Highway Engineering,,Murat Ergün,,Pazartesi,09:30/12:29,,50,25,,"INS, INSE",,
12674,MAK 4009E,MAK,LS,Elect.& Hybrid Elect. Vehicles,,Osman Taha Şen,,Perşembe,14:30/17:29,,80,62,,"MAK, MAKE, MAKM, MKNM",,
12675,MAK 4051,MAK,LS,Taşıtlarda Titreşim ve Gürültü,,Osman Taha Şen,,Cuma,14:30/17:29,,50,15,,"MAK, MAKM",,
12676,MAK 4071E,MAK,LS,Introduction to Robotics,,Zeki Yağız Bayraktaroğlu,,Perşembe,14:30/17:29,,50,33,,"IML, IMLE, MAK, MAKE, MKN",,
12677,MAK 4043,MAK,LS,Yangın Dinamiği ve Güvenliği,,"Mesut Gür, Nurdil Eskin",,Perşembe,14:30/17:29,,80,56,,MAK,,
12678,MAK 4029,MAK,LS,İleri Akışkanlar Mekaniği,,Levent Ali Kavurmacıoğlu,,Perşembe,14:30/17:29,,50,18,,MAK,,
12679,MAK 4078,MAK,LS,Makina Konstrüksiyonları Esas.,,Zeynep Parlar,,Perşembe,14:30/17:29,,50,23,,MAK,,
12680,MAK 4021,MAK,LS,Talaşlı İmalat,,"Mustafa Bakkal, Şükrü Doruk Merdol",,Perşembe,14:30/17:29,,50,28,,"IML, MAK, MAKM",,
12681,MAK 4047E,MAK,LS,Dynamic Systms Modelling & Sim,,İlker Murat Koç,,Cuma,14:30/17:29,,80,54,,"MAK, MAKE",,
12683,MAK 4019,MAK,LS,Plastik Mlz Konstr. ve İmalat,,İbrahim Mehmet Palabıyık,,Cuma,14:30/17:29,,50,19,,"IML, MAK",,
12684,INS 331,INS,LS,Zemin Mekaniği I,,Musaffa Ayşen Lav,,Çarşamba | Cuma,09:30/12:29 | 09:30/11:29,,55,36,,INS,,
12685,INS 331,INS,LS,Zemin Mekaniği I,,--,,Çarşamba | Cuma,09:30/12:29 | 09:30/11:29,,0,0,,INS,,
12686,INS 331,INS,LS,Zemin Mekaniği I,,Recep İyisan,,Salı | Perşembe,13:30/16:29 | 10:30/12:29,,55,55,,INS,,
12687,INS 331,INS,LS,Zemin Mekaniği I,,Mustafa Hatipoğlu,,Salı | Perşembe,13:30/16:29 | 10:30/12:29,,55,51,,INS,,
12688,INS 331E,INS,LS,Soil Mechanics I,,Berrak Teymür,,Salı | Perşembe,10:30/13:29 | 08:30/10:29,,46,45,,"INS, INSE",,
12689,INS 331E,INS,LS,Soil Mechanics I,,Esra Ece Bayat,,Salı | Perşembe,08:30/11:29 | 08:30/10:29,,45,43,,"INS, INSE",,
12690,INS 332E,INS,LS,Foundation Engineering I,,Müge Balkaya,,Çarşamba,08:30/11:29,,75,74,,"INS, INSE",,
12691,MAT 271E,MAT,LS,Probability and Statistics,,Ayda Şafak Ağar Özbek,,Cuma,08:30/11:29,,90,93,,"BIO, BIOE, BLG, BLGE, CEV, CEVE, CHZ, CHZE, DEN, DENE, DUI, EHB, EHBE, EHN, ELE, ELH, ELK, ELKE, ENTE, EUT, EUTE, FIZ, FIZE, GEM, GEME, GEMK, GEO, GEOE, GID, GIDE, GMI, GMIE, GMIK, IML, IMLE, INS, INSE, JDF, JEF, JEFE, JEO, JEOE, KMM, KMME, KOM, KOME, KON, KONE, MAD, MADE, MAK, MAKE, MET, METE, MTO, MTOE, PET, PETE, SBP, SBPE, SEH, TEK, TEKE, TEL, UCK, UCKE, UZB, UZBE",,
12695,MAT 271E,MAT,LS,Probability and Statistics,,Ahmet Abdullah Dönmez,,Cuma,08:30/11:29,,60,60,,"BIO, BIOE, BLG, BLGE, CEV, CEVE, CHZ, CHZE, DEN, DENE, DUI, EHB, EHBE, EHN, ELE, ELH, ELK, ELKE, ENTE, EUT, EUTE, FIZ, FIZE, GEM, GEME, GEMK, GEO, GEOE, GID, GIDE, GMI, GMIE, GMIK, IML, IMLE, INS, INSE, JDF, JEF, JEFE, JEO, JEOE, KMM, KMME, KOM, KOME, KON, KONE, MAD, MADE, MAK, MAKE, MET, METE, MTO, MTOE, PET, PETE, SBP, SBPE, SEH, TEK, TEKE, TEL, UCK, UCKE, UZB, UZBE",,
12696,MAT 271E,MAT,LS,Probability and Statistics,,Ayda Şafak Ağar Özbek,,Pazartesi,08:30/11:29,,85,85,,"BIO, BIOE, BLG, BLGE, CEV, CEVE, CHZ, CHZE, DEN, DENE, DUI, EHB, EHBE, EHN, ELE, ELH, ELK, ELKE, ENTE, EUT, EUTE, FIZ, FIZE, GEM, GEME, GEMK, GEO, GEOE, GID, GIDE, GMI, GMIE, GMIK, IML, IMLE, INS, INSE, JDF, JEF, JEFE, JEO, JEOE, KMM, KMME, KOM, KOME, KON, KONE, MAD, MADE, MAK, MAKE, MET, METE, MTO, MTOE, PET, PETE, SBP, SBPE, SEH, TEK, TEKE, TEL, UCK, UCKE, UZB, UZBE",,
12697,MAT 271E,MAT,LS,Probability and Statistics,,Ahmet Abdullah Dönmez,,Pazartesi,08:30/11:29,,85,86,,"BIO, BIOE, BLG, BLGE, CEV, CEVE, CHZ, CHZE, DEN, DENE, DUI, EHB, EHBE, EHN, ELE, ELH, ELK, ELKE, ENTE, EUT, EUTE, FIZ, FIZE, GEM, GEME, GEMK, GEO, GEOE, GID, GIDE, GMI, GMIE, GMIK, IML, IMLE, INS, INSE, JDF, JEF, JEFE, JEO, JEOE, KMM, KMME, KOM, KOME, KON, KONE, MAD, MADE, MAK, MAKE, MET, METE, MTO, MTOE, PET, PETE, SBP, SBPE, SEH, TEK, TEKE, TEL, UCK, UCKE, UZB, UZBE",,
12698,INS 301,INS,LS,Mühendislik Ekonomisi,,Murat Kuruoğlu,,Salı,13:30/15:29,,50,50,,INS,,
12699,INS 301,INS,LS,Mühendislik Ekonomisi,,Feyzi Haznedaroğlu,,Salı,13:30/15:29,,50,19,,INS,,
12700,INS 301,INS,LS,Mühendislik Ekonomisi,,Atilla Damcı,,Cuma,14:30/16:29,,65,65,,INS,,
12701,INS 301,INS,LS,Mühendislik Ekonomisi,,Gül Polat Tatar,,Cuma,14:30/16:29,,55,52,,INS,,
12702,INS 301E,INS,LS,Engineering Economics,,Esin Ergen Pehlevan,,Salı,13:30/15:29,,50,51,,INSE,,
12703,INS 341E,INS,LS,Construction Management,,Mehmet Emre Bayraktar,,Perşembe,08:30/11:29,,70,60,,"INS, INSE",,
12704,INS 313E,INS,LS,Advanced Strength of Materials,,Hale Ergün,,Çarşamba,12:30/15:29,,55,23,,"INS, INSE",,
12705,INS 315E,INS,LS,Mechanics of Inelastic Materia,,Bahar Ayhan Tezer,,Cuma,14:30/17:29,,55,31,,"INS, INSE",,
12706,INS 317E,INS,LS,Fracture Mechanics of Concrete,,Oğuz Güneş,,Cuma,14:30/17:29,,76,76,,"INS, INSE",,
12707,INS 317E,INS,LS,Fracture Mechanics of Concrete,,Oğuz Güneş,,Çarşamba,12:30/15:29,,70,68,,"INS, INSE",,
12708,INS 319E,INS,LS,Durability of Concrete,,Özkan Şengül,,Çarşamba,12:30/15:29,,55,28,,"INS, INSE",,
12709,INS 319E,INS,LS,Durability of Concrete,,--,,Çarşamba,12:30/15:29,,0,0,,"INS, INSE",,
12710,INS 319E,INS,LS,Durability of Concrete,,Özgür Ekincioğlu,,Cuma,14:30/17:29,,55,27,,"INS, INSE",,
12712,INS 338,INS,LS,Betonarme I,,Tuba Gürbüz Büyükkayıkcı,,Salı | Perşembe,15:30/17:29 | 15:30/17:29,,40,40,,INS,,
12713,INS 338E,INS,LS,Reinforced Concrete I,,Yasin Fahjan,,Salı | Çarşamba,15:30/17:29 | 11:30/13:29,,80,26,,"INS, INSE",,
12717,INS 433,INS,LS,Betonarme II,,Turgut Öztürk,,Çarşamba | Perşembe,10:30/12:29 | 10:30/12:29,,20,16,,INS,,
12718,INS 433,INS,LS,Betonarme II,,Mustafa Gençoğlu,,Çarşamba | Perşembe,10:30/12:29 | 10:30/12:29,,20,10,,INS,,
12719,INS 433,INS,LS,Betonarme II,,Beyza Taşkın Akgül,,Salı | Çarşamba,10:30/12:29 | 08:30/10:29,,26,26,,INS,,
12720,INS 433,INS,LS,Betonarme II,,Tülay Aksu Özkul,,Salı | Çarşamba,10:30/12:29 | 08:30/10:29,,26,24,,INS,,
12721,INS 433,INS,LS,Betonarme II,,Yıldır Akkaya,,Salı | Çarşamba,08:30/10:29 | 10:30/12:29,,27,25,,INS,,
12722,INS 433,INS,LS,Betonarme II,,Kadir Güler,,Salı | Çarşamba,08:30/10:29 | 10:30/12:29,,30,30,,INS,,
12723,INS 433,INS,LS,Betonarme II,,Kutlu Darılmaz,,Çarşamba | Perşembe,13:30/15:29 | 13:30/15:29,,20,20,,INS,,
12724,INS 433,INS,LS,Betonarme II,,Alper İlki,,Çarşamba | Perşembe,13:30/15:29 | 13:30/15:29,,20,20,,INS,,
12729,INS 433E,INS,LS,Reinforced Concrete II,,Ali Sarı,,Salı | Çarşamba,15:30/17:29 | 11:30/13:29,,32,33,,"INS, INSE",,
12734,INS 433E,INS,LS,Reinforced Concrete II,,Fatih Sütcü,,Salı | Çarşamba,15:30/17:29 | 11:30/13:29,,32,32,,"INS, INSE",,
12736,INS 441,INS,LS,Su Kaynakları,,Şevket Çokgör,,Pazartesi,13:30/16:29,,75,42,,INS,,
12739,INS 441,INS,LS,Su Kaynakları,,Mehmet Sedat Kabdaşlı,,Pazartesi,13:30/16:29,,75,75,,INS,,
12742,INS 441E,INS,LS,Water Resources,,--,,Pazartesi,13:30/16:29,,0,0,,"INS, INSE",,
12745,INS 441E,INS,LS,Water Resources,,Mehmet Özger,,Pazartesi,13:30/16:29,,75,75,,"INS, INSE",,
12748,INS 441E,INS,LS,Water Resources,,Abdüsselam Altunkaynak,,Pazartesi,13:30/16:29,,75,46,,"INS, INSE",,
12752,INS 403,INS,LS,Toprak İşleri,,Hüseyin Onur Tezcan,,Perşembe,13:30/15:29,,45,20,,INS,,
12757,INS 403,INS,LS,Toprak İşleri,,Adem Faik İyinam,,Perşembe,13:30/15:29,,45,46,,INS,,
12760,INS 403,INS,LS,Toprak İşleri,,Şükrüye İyinam,,Cuma,08:30/10:29,,45,45,,INS,,
12763,INS 403,INS,LS,Toprak İşleri,,Kemal Selçuk Öğüt,,Cuma,08:30/10:29,,45,21,,INS,,
12765,INS 403E,INS,LS,Earthworks,,Kemal Selçuk Öğüt,,Perşembe,14:30/16:29,,60,26,,"INS, INSE",,
12769,INS 403E,INS,LS,Earthworks,,***,,Perşembe,13:30/15:29,,45,0,,"INS, INSE",,
12770,INS 409,INS,LS,İnş.İşçi Sağlığı ve İş Güven.,,Gürkan Emre Gürcanlı,,Salı,10:30/12:29,,62,62,,INS,,
12771,INS 409,INS,LS,İnş.İşçi Sağlığı ve İş Güven.,,Murat Kuruoğlu,,Salı,10:30/12:29,,60,33,,INS,,
12772,INS 409,INS,LS,İnş.İşçi Sağlığı ve İş Güven.,,Feyzi Haznedaroğlu,,Perşembe,10:30/12:29,,60,28,,INS,,
12773,INS 409E,INS,LS,Health&Safety in Construction,,Deniz Artan,,Perşembe,10:30/12:29,,40,16,,"INS, INSE",,
12774,INS 409E,INS,LS,Health&Safety in Construction,,Senem Bilir Mahçiçek,,Salı,13:30/15:29,,42,38,,"INS, INSE",,
12775,INS 354,INS,LS,Hidroloji,,Bihrat Önöz,,Perşembe,12:30/15:29,,70,64,,"INS, MTO",,
12776,INS 354E,INS,LS,Hydrology,,Mehmet Cüneyd Demirel,,Perşembe,09:30/12:29,,75,17,,"INS, INSE",,
12777,INS 354E,INS,LS,Hydrology,,İsmail Duranyıldız,,Cuma,14:30/17:29,,50,30,,"INS, INSE",,
12778,INS 407,INS,LS,Su Getirme&Kanaliz. Sist.Tas.,,***,,Perşembe,13:30/16:29,,55,0,,INS,,
12781,INS 407,INS,LS,Su Getirme&Kanaliz. Sist.Tas.,,"Oral Yağcı, Naciye Esra Genceli",,Perşembe,10:30/13:29,,80,75,,INS,,
12799,INS 407,INS,LS,Su Getirme&Kanaliz. Sist.Tas.,,"Oral Yağcı, Ali Fuat Aydın",,Cuma,14:30/17:29,,90,90,,INS,,
12800,INS 407E,INS,LS,Dsgn.of Water Supp.&Sewer Sys.,,"Veysel Şadan Özgür Kırca, Mahmut Ekrem Karpuzcu",,Cuma,09:30/12:29,,80,80,,"INS, INSE",,
12805,INS 344,INS,LS,Çelik Yapılar I,,Kadir Özakgül,,Çarşamba | Perşembe,08:30/10:29 | 10:30/12:29,,55,53,,INS,,
12810,INS 344,INS,LS,Çelik Yapılar I,,Cavidan Yorgun,,Çarşamba | Perşembe,13:30/15:29 | 13:30/15:29,,55,35,,INS,,
12812,INS 344E,INS,LS,Steel Structures I,,Cüneyt Vatansever,,Çarşamba | Perşembe,13:30/15:29 | 13:30/15:29,,55,48,,"INS, INSE",,
12814,INS 344E,INS,LS,Steel Structures I,,Ömer Tuğrul Turan,,Salı | Perşembe,11:30/13:29 | 10:30/12:29,,55,23,,"INS, INSE",,
12816,INS 492,INS,LS,Mühendislik Tasarım Projesi,,Mehmet Emre Bayraktar,,,/,,500,94,,INS,,
12817,INS 492E,INS,LS,Engineering Design Project,,Mehmet Emre Bayraktar,,,/,,500,25,,"INS, INSE",,
12818,INS 4901,INS,LS,İnşaat Müh. Tasarımı I,,Mehmet Emre Bayraktar,,,/,,500,136,,INS,,
12821,INS 4901E,INS,LS,Civil Eng. Design I,,Mehmet Emre Bayraktar,,,/,,500,41,,"INS, INSE",,
12823,INS 320,INS,LS,Ahşap Yapılar,,"Güliz Bayramoğlu, Sibel Gürel",,Salı,13:30/16:29,,60,58,,INS,,
12825,INS 413E,INS,LS,Hydrologic Analysis and Design,,İsmail Duranyıldız,,Çarşamba,12:30/15:29,,40,1,,"INS, INSE",,
12835,INS 419E,INS,LS,Soil Mechanics II,,Aslı Yalçın Dayıoğlu,,Salı,08:30/11:29,,60,35,,"INS, INSE",,
12836,INS 425E,INS,LS,Finite Element Methods,,Murat Yılmaz,,Çarşamba,12:30/15:29,,70,67,,"INS, INSE",,
12837,INS 427,INS,LS,Yapı Statiği III,,Ercan Yüksel,,Perşembe,13:30/16:29,,40,8,,INS,,
12838,INS 437E,INS,LS,Traffic Engineering,,Kemal Selçuk Öğüt,,Cuma,14:30/17:29,,40,13,,"INS, INSE",,
12841,INS 445,INS,LS,Esnek Yol Üstyapıları,,Adem Faik İyinam,,Salı,13:30/16:29,,85,84,,INS,,
12845,INS 459,INS,LS,Çubuk Sonlu Elemanlar,,"Akif Kutlu, Nihal Eratlı",,Perşembe,09:30/12:29,,40,13,,INS,,
12847,INS 464,INS,LS,Ulaştırmada Altyapı Tesisleri,,--,,Çarşamba,12:30/15:29,,0,0,,INS,,
12849,INS 478E,INS,LS,Fatigue of Metal Strc.Elements,,"Barlas Özden Çağlayan, Ömer Tuğrul Turan",,Cuma,14:30/17:29,,55,47,,"INS, INSE",,
12851,INS 490E,INS,LS,Coastal and Harbor Structures,,Veysel Şadan Özgür Kırca,,Salı,13:30/16:29,,40,40,,"INS, INSE",,
12866,BUS 314,BUS,LS,Total Quality Management,,Hatice Camgöz Akdağ,,Çarşamba,12:30/15:29,,15,12,,SIS,,
12867,BUS 323,BUS,LS,Managment of Technology,,--,,Salı,09:30/12:29,,0,0,,SIS,,
12869,BUS 324,BUS,LS,Turkish Economy,,Derya Karakaş,,Perşembe,13:30/16:29,,10,6,,"SEK, SIS",,
12885,CHE 101,CHE,LS,Chemistry I,,Muhammet Übeydullah Kahveci,,Pazartesi | Perşembe,08:30/11:29 | 08:30/10:29,,25,25,,"MBI, MCB, SCE, SEN, SIN, SIS",,
12886,PAZ 151,PAZ,LS,Intro. to Physical Sciences,,Neşe Özdemir,,Salı,14:30/17:29,,25,9,,STP,,
12887,PHY 125,PHY,LS,Physics I,,Seda Aksoy Esinoğlu,,Salı,14:30/17:29,,25,16,,"MBI, SBL, SDU, SEN, SGM, SIN",,
12888,PHY 125L,PHY,LS,Physics I Laboratory,,Seda Aksoy Esinoğlu,,Çarşamba,13:30/15:29,,25,17,,"MBI, SBL, SDU, SEN, SGM, SIN",,
12889,PHY 125,PHY,LS,Physics I,,Özgür Akarsu,,Salı,14:30/17:29,,25,11,,"MBI, SBL, SDU, SEN, SGM, SIN",,
12893,PHY 125L,PHY,LS,Physics I Laboratory,,Özgür Akarsu,,Çarşamba,09:30/11:29,,25,9,,"MBI, SBL, SDU, SEN, SGM, SIN",,
13018,KIM 4902,KIM,LS,Araştırma Projesi II,,Gürkan Hızal,,,/,,500,1,,KIM,,
13019,KIM 4902E,KIM,LS,Research Project II,,--,,,/,,0,0,,KIM,,
13039,ING 201,ING,LS,English III,,***,,Çarşamba,08:30/11:29,,0,0,,"BIO, BIOE, BLG, BLGE, CEV, CEVE, CHZ, CHZE, DEN, DENE, ECNE, EHB, EHBE, EHN, ELE, ELH, ELK, ELKE, END, ENDE, ENTE, EUT, EUTE, FIZ, FIZE, GEM, GEME, GEMK, GEO, GEOE, GID, GIDE, ICM, IML, IMLE, INS, INSE, ISL, ISLE, JDF, JEF, JEFE, JEO, JEOE, KIM, KIME, KMM, KMME, KOM, KOME, MAD, MADE, MAK, MAKE, MAT, MATE, MET, METE, MIM, MIME, MTO, MTOE, MUZE, PEM, PEME, PET, PETE, SBP, SBPE, SEH, TEK, TEKE, TEL, UCK, UCKE, UZB, UZBE, YZVE",,
13042,ING 112,ING,LS,English I,,Hatice Bilgin,,Cuma,08:30/11:29,,28,30,,"BIO, BIOE, BLG, BLGE, CEV, CEVE, CHZ, CHZE, DEN, DENE, DUIE, ECNE, EHB, EHBE, EHN, ELE, ELH, ELK, ELKE, END, ENDE, ENTE, EUT, EUTE, FIZ, FIZE, GEM, GEME, GEMK, GEO, GEOE, GID, GIDE, GMIE, ICM, IML, IMLE, INS, INSE, ISL, ISLE, JDF, JEF, JEFE, JEO, JEOE, KIM, KIME, KMM, KMME, KOM, KOME, MAD, MADE, MAK, MAKE, MAT, MATE, MET, METE, MIM, MIME, MTO, MTOE, MUZE, PEM, PEME, PET, PETE, SBP, SBPE, SEH, TEK, TEKE, TEL, UCK, UCKE, UZB, UZBE, YZVE",,
13070,INS 314E,INS,LS,Dynamics of Structures,,Yasin Fahjan,,Pazartesi,09:30/12:29,,50,20,,"INS, INSE",,
13071,CIE 305,CIE,LS,Fundamentals of Geomatics,,Himmet Karaman,,Pazartesi | Salı,08:30/11:29 | 08:30/10:29,,70,53,,SIN,,
13072,MET 101E,MET,LS,Int.toMet.&Mat.Engn.&Eng.Ethic,,Duygu Ağaoğulları,,Çarşamba,13:30/15:29,,185,187,,"MET, METE",,
13073,CIE 307,CIE,LS,Structural Analysis,,Burcu Güneş,,Salı | Çarşamba,10:30/12:29 | 12:30/15:29,,50,29,,SIN,,
13074,MET 213,MET,LS,Malzeme Biliminin Temelleri,,"Gültekin Göller, İpek Akın Karadayı",,Pazartesi,13:30/16:29,,102,103,,MET,,
13075,CIE 329,CIE,LS,Civil Engineering Materials,,Yılmaz Akkaya,,Salı | Perşembe,13:30/16:29 | 15:30/17:29,,70,54,,SIN,,
13076,MET 213E,MET,LS,Fund.of Materials Science,,"Gültekin Göller, İpek Akın Karadayı",,Çarşamba,09:30/12:29,,90,88,,METE,,
13077,MET 215,MET,LS,Metalurji Termodinamiğ. Tem.,,Nuri Solak,,Çarşamba,09:30/12:29,,105,102,,MET,,
13078,MET 215E,MET,LS,Fund.of Metall.Thermodynamics,,Nuri Solak,,Perşembe,10:30/13:29,,95,90,,"MET, METE",,
13079,CIE 354,CIE,LS,Fluid Mechanics,,İsmail Duranyıldız,,Pazartesi,11:30/14:29,,50,29,,"SCE, SIN",,
13080,MET 313,MET,LS,Kimyasal Metalurji I,,"Servet İbrahim Timur, Mahmut Ercan Açma",,Pazartesi,15:30/17:29,,70,68,,MET,,
13081,CIE 308,CIE,LS,Engineering Statistics,,Kemal Selçuk Öğüt,,Perşembe,08:30/11:29,,70,52,,SIN,,
13082,MET 313E,MET,LS,Chemical Metallugry I,,"Onuralp Yücel, Cevat Bora Derin, Mehmet Şeref Sönmez",,Pazartesi,15:30/17:29,,75,71,,METE,,
13083,MET 315E,MET,LS,Fund. of Physical Metallurgy,,Mustafa Lutfi Öveçoğlu,,Pazartesi,12:30/15:29,,90,86,,"MET, METE",,
13084,MET 315E,MET,LS,Fund. of Physical Metallurgy,,Burak Özkal,,Pazartesi,08:30/11:29,,92,91,,"MET, METE",,
13085,MET 317E,MET,LS,Fund. of Transport Phenomena,,Güldem Kartal Şireli,,Salı,10:30/13:29,,155,148,,"MET, METE",,
13086,MET 335,MET,LS,Mlz.Elekt. Many.&Optk Özellik.,,Hüseyin Kızıl,,Perşembe,08:30/11:29,,70,68,,MET,,
13087,MET 335E,MET,LS,"Elect.,Magn.,Optic.Prop.ofMat.",,Muhammet Kürşat Kazmanlı,,Cuma,13:30/16:29,,90,103,,METE,,
13088,MET 337,MET,LS,Malzeme Karakterizasyon Met.,,"Gültekin Göller, Özgül Keleş",,Perşembe,13:30/16:29,,95,101,,MET,,
13089,MET 337E,MET,LS,Materials Characteriz. Meth.,,"Ömer Serdar Özgen, Cevat Bora Derin, Murat Baydoğan",,Çarşamba,08:30/11:29,,80,80,,METE,,
13090,JDF 232E,JDF,LS,Theory of Errorrs&Paramt Estim,,Mustafa Tevfik Özlüdemir,,Cuma,08:30/11:29,,20,1,,"GEO, GEOE, JDF",,
13091,MET 339,MET,LS,Malzeme Karakterizasyon Lab.,,"Muhammet Kürşat Kazmanlı, Cevat Fahir Arısoy, Derya Dışpınar, Filiz Şahin, Gültekin Göller, Mahmut Ercan Açma, Mohammadreza Nofar, Sebahattin Gürmen, Servet İbrahim Timur, İpek Akın Karadayı",,Salı,08:30/10:29,,85,85,,MET,,
13092,JDF 492,JDF,LS,Tasarım Projesi,,Mehmet Ufuk Özerman,,,/,,500,11,,"GEO, JDF",,
13093,JDF 492E,JDF,LS,Design Project,,Mehmet Ufuk Özerman,,,/,,500,6,,"GEO, GEOE, JDF",,
13094,MET 353,MET,LS,Müh.Uyg.Tasar.Pren&Malz.Seç.,,Derya Dışpınar,,Cuma,08:30/10:29,,85,85,,MET,,
13097,GEO 101E,GEO,LS,Intro. to Info. Technologies,,Ergin Tarı,,Cuma,08:30/10:29,,190,188,,"GEO, GEOE",,
13098,GEO 101E,GEO,LS,Intro. to Info. Technologies,,Ergin Tarı,,Cuma,14:30/16:29,,75,0,,"GEO, GEOE",,
13099,GEO 103,GEO,LS,Temel Ölçme Bilgisi,,Turan Erden,,Çarşamba,08:30/12:29,,92,90,,GEO,,
13100,GEO 103E,GEO,LS,Fundamentals of Surveying,,Himmet Karaman,,Pazartesi,13:30/17:29,,110,91,,"GEO, GEOE",,
13101,GEO 103E,GEO,LS,Fundamentals of Surveying,,Himmet Karaman,,Pazartesi,13:30/17:29,,50,0,,"GEO, GEOE",,
13102,GEO 105,GEO,LS,Geomatik Müh. Giriş,,Çiğdem Göksel,,Çarşamba,13:30/15:29,,90,88,,GEO,,
13103,GEO 105E,GEO,LS,Intro. to Geomat. Engineering,,Filiz Bektaş Balçık,,Çarşamba,13:30/15:29,,80,79,,"GEO, GEOE",,
13104,GEO 107,GEO,LS,Analitik Geometri&Vektör Hesab,,Mehmet Ufuk Özerman,,Perşembe,13:30/16:29,,95,92,,GEO,,
13105,GEO 107E,GEO,LS,Analy. Geom. and Vect. Algeb.,,Caner Güney,,Salı,08:30/11:29,,95,93,,"GEO, GEOE",,
13106,GEO 201,GEO,LS,Kartografya I,,Nesibe Necla Uluğtekin,,Çarşamba,10:30/12:29,,60,53,,GEO,,
13107,GEO 201E,GEO,LS,Cartography I,,Ahmet Özgür Doğru,,Cuma,14:30/16:29,,70,65,,"GEO, GEOE",,
13108,GEO 203,GEO,LS,Koord. Sist. Ve Jeodezi I,,"Serdar Erol, Hayri Hakan Denli",,Pazartesi,13:30/17:29,,60,59,,GEO,,
13109,GEO 203E,GEO,LS,Coordinate Sys. and Geodesy I,,Bihter Erol,,Cuma,08:30/12:29,,60,53,,"GEO, GEOE",,
13110,GEO 204E,GEO,LS,Th.of Err. And Ad. C.,,Mustafa Tevfik Özlüdemir,,Salı,13:30/17:29,,60,30,,"GEO, GEOE",,
13111,GEO 205,GEO,LS,Mühendislik Etiği,,Çiğdem Göksel,,Salı,11:30/13:29,,55,52,,GEO,,
13112,MET 339E,MET,LS,Materials Characterization Lab,,"Özgül Keleş, Cevat Bora Derin, Cevat Fahir Arısoy, Cüneyt Arslan, Güldem Kartal Şireli, Hüseyin Kızıl, Hüseyin Çimenoğlu, Mohammadreza Nofar, Mustafa Kamil Ürgen, Nuri Solak, Onuralp Yücel, Ömer Serdar Özgen",,Salı,13:30/15:29,,75,75,,METE,,
13113,MET 353E,MET,LS,Dsn.Prnc.&Mat.Sel for Eng.App.,,Özgül Keleş,,Salı,15:30/17:29,,86,76,,"MET, METE",,
13114,MET 435,MET,LS,PÇT ve Prje. Yön. ve İnovasyon,,Derya Dışpınar,,Çarşamba,11:30/13:29,,70,15,,MET,,
13115,MET 435E,MET,LS,PST Desg.&Prj.Mng. and Innov.,,Özgül Keleş,,Perşembe,11:30/13:29,,70,38,,METE,,
13116,MET 437E,MET,LS,Princip.of Corros.&Corros.Prot,,Mustafa Kamil Ürgen,,Pazartesi,11:30/13:29,,95,95,,"MET, METE",,
13117,MET 437E,MET,LS,Princip.of Corros.&Corros.Prot,,Cem Örnek,,Pazartesi,10:30/12:29,,80,56,,"MET, METE",,
13119,GEO 205E,GEO,LS,Engineering Ethics,,Ahmet Özgür Doğru,,Pazartesi,08:30/10:29,,75,69,,"GEO, GEOE",,
13120,GEO 207,GEO,LS,"İş Hukuku,İşçi Sağl.&İş Güv.",,"Mahmut Oğuz Selbesoğlu, Hasan Hakan Yavaşoğlu",,Cuma,10:30/12:29,,70,0,,GEO,,
13121,GEO 207E,GEO,LS,"Labor Law,Occupati.Health&Saf.",,"Mahmut Oğuz Selbesoğlu, Hasan Hakan Yavaşoğlu",,Salı,08:30/10:29,,140,110,,"GEO, GEOE",,
13122,GEO 208,GEO,LS,Uzaktan Algılama I,,Şinasi Kaya,,Cuma,14:30/16:29,,40,13,,GEO,,
13123,GEO 208E,GEO,LS,Remote Sensing I,,Ayşe Filiz Sunar,,Çarşamba,08:30/10:29,,40,11,,"GEO, GEOE",,
13124,GEO 209,GEO,LS,Taşınmaz Hukuku,,Mustafa Yanalak,,Çarşamba,13:30/15:29,,60,42,,GEO,,
13125,GEO 209E,GEO,LS,Real Estate's Law,,Turan Erden,,Salı,11:30/13:29,,60,60,,"GEO, GEOE",,
13126,GEO 211E,GEO,LS,Num. Meth. for Geomatics Eng.,,Uğur Algancı,,Salı,13:30/17:29,,130,128,,"GEO, GEOE",,
13127,GEO 213,GEO,LS,Konum Bel. Yönt. ve Sist.,,Mahmut Oğuz Selbesoğlu,,Perşembe,08:30/11:29,,60,53,,GEO,,
13128,GEO 213E,GEO,LS,Positioning Method and Systems,,Rahmi Nurhan Çelik,,Çarşamba,10:30/13:29,,75,74,,"GEO, GEOE",,
13129,GEO 215E,GEO,LS,Prob.and Stat. for Geom. Eng.,,Esra Erten,,Pazartesi,10:30/13:29,,125,122,,"GEO, GEOE",,
13130,GEO 301,GEO,LS,Özel Ölçme Uygulamaları,,Reha Metin Alkan,,Pazartesi,08:30/11:29,,50,40,,GEO,,
13131,GEO 301E,GEO,LS,Special Surveying Applications,,Turan Erden,,Pazartesi,08:30/11:29,,55,38,,"GEO, GEOE",,
13132,GEO 303,GEO,LS,Kadastro Bilgisi,,Mustafa Yanalak,,Salı,14:30/16:29,,50,33,,GEO,,
13133,MET 439E,MET,LS,Engineering Polymers,,Mohammadreza Nofar,,Cuma,08:30/10:29,,148,138,,"MET, METE",,
13134,GEO 303E,GEO,LS,Cadastre,,Turan Erden,,Pazartesi,11:30/13:29,,65,63,,"GEO, GEOE",,
13135,MET 453E,MET,LS,Fund. of Ceramics Materials,,İpek Akın Karadayı,,Perşembe,09:30/11:29,,85,68,,"MET, METE",,
13136,MET 453E,MET,LS,Fund. of Ceramics Materials,,Filiz Şahin,,Perşembe,09:30/11:29,,83,83,,"MET, METE",,
13137,GEO 307,GEO,LS,Kartografya II,,Nesibe Necla Uluğtekin,,Perşembe,08:30/10:29,,50,50,,"GEO, JDF",,
13138,GEO 307E,GEO,LS,Cartography II,,Ahmet Özgür Doğru,,Perşembe,10:30/12:29,,67,66,,"GEO, GEOE, JDF",,
13139,GEO 309,GEO,LS,Fotogrametri I,,Zaide Duran,,Salı,08:30/10:29,,55,55,,GEO,,
13140,MET 455,MET,LS,Malzeme Proses Lab.,,"Burak Özkal, Filiz Şahin, Gültekin Göller, Mahmut Ercan Açma, Muhammet Kürşat Kazmanlı, Murat Baydoğan, Sebahattin Gürmen, Servet İbrahim Timur, İpek Akın Karadayı",,Salı,13:30/15:29,,70,57,,MET,,
13141,GEO 309E,GEO,LS,Photogrammetry I,,Dursun Zafer Şeker,,Perşembe,08:30/10:29,,60,59,,"GEO, GEOE",,
13142,GEO 311,GEO,LS,Jeodezik Altyapı ve Ağlar,,"Serdar Erol, Bihter Erol",,Cuma,14:30/16:29,,55,55,,GEO,,
13143,GEO 311E,GEO,LS,Geodetic Infrast. and Network,,Mustafa Tevfik Özlüdemir,,Cuma,14:30/16:29,,50,50,,"GEO, GEOE",,
13144,GEO 311E,GEO,LS,Geodetic Infrast. and Network,,Rahmi Nurhan Çelik,,Çarşamba,08:30/10:29,,50,13,,"GEO, GEOE",,
13145,GEO 313E,GEO,LS,Digital Image Processing,,Esra Erten,,Çarşamba,10:30/13:29,,55,51,,"GEO, GEOE",,
13146,GEO 313E,GEO,LS,Digital Image Processing,,Ayşe Filiz Sunar,,Salı,13:30/16:29,,50,48,,"GEO, GEOE",,
13147,GEO 315E,GEO,LS,Fund. of Geographic Inf. Sys.,,Dursun Zafer Şeker,,Çarşamba,08:30/10:29,,97,96,,"GEO, GEOE",,
13148,GEO 315E,GEO,LS,Fund. of Geographic Inf. Sys.,,Nesibe Necla Uluğtekin,,Salı,08:30/10:29,,50,15,,"GEO, GEOE",,
13149,GEO 401,GEO,LS,Fiziksel Jeodezi,,Bihter Erol,,Pazartesi,08:30/10:29,,65,63,,GEO,,
13150,GEO 401E,GEO,LS,Physical Geodesy,,Bihter Erol,,Pazartesi,13:30/15:29,,60,58,,"GEO, GEOE",,
13151,GEO 403,GEO,LS,CBS Projeleri,,"Zaide Duran, Uğur Algancı",,Perşembe,12:30/15:29,,15,15,,GEO,,
13152,GEO 403,GEO,LS,CBS Projeleri,,"Nesibe Necla Uluğtekin, Filiz Bektaş Balçık",,Perşembe,12:30/15:29,,15,15,,GEO,,
13153,GEO 403,GEO,LS,CBS Projeleri,,Hande Demirel,,Perşembe,12:30/15:29,,20,17,,GEO,,
13154,GEO 403,GEO,LS,CBS Projeleri,,Caner Güney,,Perşembe,12:30/15:29,,15,15,,GEO,,
13155,GEO 403E,GEO,LS,GIS Projects,,Ahmet Özgür Doğru,,Perşembe,12:30/15:29,,15,15,,"GEO, GEOE",,
13156,GEO 403E,GEO,LS,GIS Projects,,--,,Perşembe,12:30/15:29,,0,0,,"GEO, GEOE",,
13159,GEO 403E,GEO,LS,GIS Projects,,--,,Perşembe,12:30/15:29,,0,0,,"GEO, GEOE",,
13162,GEO 403E,GEO,LS,GIS Projects,,Himmet Karaman,,Perşembe,12:30/15:29,,15,15,,"GEO, GEOE",,
13164,GEO 417,GEO,LS,Jeodezik Astronomi,,Serdar Erol,,Cuma,08:30/10:29,,40,17,,GEO,,
13167,GEO 417E,GEO,LS,Geodetic Astronomy,,Caner Güney,,Pazartesi,11:30/13:29,,40,26,,"GEO, GEOE",,
13171,GEO 425E,GEO,LS,Digital Image Processing II,,--,,Salı,10:30/12:29,,40,0,,"GEO, GEOE",,
13172,GEO 429E,GEO,LS,Close Range Photogrammetry,,Dursun Zafer Şeker,,Salı,11:30/13:29,,55,52,,"GEO, GEOE",,
13173,GEO 452,GEO,LS,UA Verileri ile 3B Model.,,--,,Salı,08:30/10:29,,0,0,,GEO,,
13174,GEO 454E,GEO,LS,Rem.Sens. for Nat. Res. Man.,,Filiz Bektaş Balçık,,Salı,08:30/10:29,,40,16,,"GEO, GEOE",,
13175,GEO 458E,GEO,LS,City Planning,,Hüseyin Murat Çelik,,Perşembe,15:30/17:29,,80,72,,"GEO, GEOE",,
13177,GEO 460E,GEO,LS,Road Design and Construction,,--,,Salı,15:30/17:29,,40,0,,"GEO, GEOE",,
13178,GEO 464E,GEO,LS,Eng. Spatial Sys. Design,,Hande Demirel,,Cuma,11:30/13:29,,40,22,,"GEO, GEOE",,
13179,GEO 468,GEO,LS,UA'da Özel Konular,,Şinasi Kaya,,Perşembe,10:30/12:29,,40,8,,GEO,,
13180,GEO 468E,GEO,LS,Spec. Topics in Remote Sens.,,Elif Sertel,,Pazartesi,15:30/17:29,,40,33,,"GEO, GEOE",,
13181,GEO 476,GEO,LS,Geo. Müh. Proje Planlama Yön.,,Reha Metin Alkan,,Çarşamba,13:30/15:29,,45,42,,GEO,,
13182,GEO 478,GEO,LS,Kamulaştırma Tekniği,,Reha Metin Alkan,,Çarşamba,10:30/12:29,,40,22,,GEO,,
13183,GEO 4901,GEO,LS,Geomatik Müh. Tasarımı I,,Mustafa Yanalak,,,/,,500,49,,GEO,,
13184,GEO 4901E,GEO,LS,Geomatics Eng. Design I,,Mustafa Yanalak,,,/,,500,28,,"GEO, GEOE",,
13185,GEO 4902,GEO,LS,Geomatik Müh. Tasarımı II,,Mustafa Yanalak,,,/,,500,7,,GEO,,
13186,GEO 4902E,GEO,LS,Geomatics Eng. Design II,,Mustafa Yanalak,,,/,,500,9,,"GEO, GEOE",,
13188,MET 455E,MET,LS,Materials Processing Lab.,,"Murat Baydoğan, Burak Özkal, Cevat Bora Derin, Cüneyt Arslan, Hüseyin Kızıl, Hüseyin Çimenoğlu, Mehmet Şeref Sönmez, Necip Ünlü, Onuralp Yücel, Ömer Serdar Özgen",,Salı,09:30/11:29,,70,57,,METE,,
13189,MET 457E,MET,LS,Semiconductor Materials,,Hüseyin Kızıl,,Çarşamba,08:30/10:29,,60,19,,"MET, METE",,
13190,MET 459E,MET,LS,Metal Casting and Technologies,,Necip Ünlü,,Salı,13:30/15:29,,70,50,,"MET, METE",,
13191,MET 474,MET,LS,Demir Dışı Metal.Ekstrk.Mtlrj.,,"Mahmut Ercan Açma, Onuralp Yücel",,Cuma,14:30/16:29,,30,24,,MET,,
13192,MET 474E,MET,LS,Extrac.Metall.of Non-Ferr.Met.,,"Cevat Bora Derin, Mehmet Şeref Sönmez",,Cuma,08:30/10:29,,30,1,,METE,,
13193,MET 475E,MET,LS,Powder Metallurgy,,Burak Özkal,,Perşembe,13:30/15:29,,60,22,,"MET, METE",,
13194,MET 477E,MET,LS,Intro. to Electrometallurgy,,"Cüneyt Arslan, Sebahattin Gürmen",,Çarşamba,09:00/10:59,,60,22,,"MET, METE",,
13195,MTO 4901,MTO,LS,Meteoroloji Müh. Tasarımı I,,Ahmet Duran Şahin,,,/,,500,46,,MTO,,
13196,MET 479,MET,LS,Demir ve Çelik Üretimi,,--,,Çarşamba,08:30/10:29,,0,0,,MET,,
13197,MET 479E,MET,LS,Iron and Steel Making,,Cevat Fahir Arısoy,,Çarşamba,13:30/15:29,,60,39,,"MET, METE",,
13198,MET 483,MET,LS,Hasarsız Malz. Muayenesi. Gir.,,Ayşe Kılıç,,Çarşamba,08:30/10:29,,60,39,,MET,,
13199,MET 485E,MET,LS,Ceramic Manufacturing,,Ömer Serdar Özgen,,Salı,11:30/13:29,,60,32,,"MET, METE",,
13200,MET 487E,MET,LS,Deform. Proces.of Materials,,"Hüseyin Çimenoğlu, Murat Baydoğan",,Pazartesi,13:30/15:29,,70,48,,"MET, METE",,
13201,MET 492,MET,LS,Tasarım Projesi,,Hüseyin Kızıl,,,/,,500,14,,MET,,
13202,MET 492E,MET,LS,Design Project,,Hüseyin Kızıl,,,/,,500,19,,"MET, METE",,
13203,MET 4901,MET,LS,Met. Malz. Müh. Tasarımı I,,Hüseyin Kızıl,,,/,,500,34,,MET,,
13204,MET 4901E,MET,LS,Met. & Mat. Engn. Design I,,Hüseyin Kızıl,,,/,,500,41,,"MET, METE",,
13205,BIL 113E,BIL,LS,Intr.to Sci& Eng.Comp.(MATLAB),,Selim Ertürk,,Salı,13:30/16:29,,65,56,,"MET, METE",,
13207,GID 211E,GID,LS,Mass and Energy Balances,,"Meral Kılıç Akyılmaz, Celale Kırkın",,Salı,09:30/12:29,,95,92,,"GID, GIDE",,
13208,GID 221E,GID,LS,Food Chemistry,,"Esra Çapanoğlu Güven, Aslı Can Karaça, Neşe Şahin Yeşilçubuk",,Cuma,09:30/12:29,,90,88,,"GID, GIDE, GIDM",,
13213,TES 111E,TES,LS,Project I,,Hatice Ayataç,,Pazartesi | Perşembe,08:30/12:29 | 08:30/12:29,,24,24,,"ENTE, EUT, EUTE, EUTM, ICM, MIM, MIME, PEM, PEME, SBP, SBPE",,
13214,TES 111E,TES,LS,Project I,,Zeynep Günay,,Pazartesi | Perşembe,08:30/12:29 | 08:30/12:29,,26,26,,"ENTE, EUT, EUTE, EUTM, ICM, MIM, MIME, PEM, PEME, SBP, SBPE",,
13215,TES 111E,TES,LS,Project I,,Hasan Serdar Kaya,,Pazartesi | Perşembe,08:30/12:29 | 08:30/12:29,,24,24,,"ENTE, EUT, EUTE, EUTM, ICM, MIM, MIME, PEM, PEME, SBP, SBPE",,
13216,TES 111E,TES,LS,Project I,,Başak Demireş Özkul,,Pazartesi | Perşembe,08:30/12:29 | 08:30/12:29,,24,24,,"ENTE, EUT, EUTE, EUTM, ICM, MIM, MIME, PEM, PEME, SBP, SBPE",,
13217,TES 111E,TES,LS,Project I,,İmge Akçakaya Waite,,Pazartesi | Perşembe,08:30/12:29 | 08:30/12:29,,26,27,,"ENTE, EUT, EUTE, EUTM, ICM, MIM, MIME, PEM, PEME, SBP, SBPE",,
13218,TES 112E,TES,LS,Vis.Comm.I:Visualiz.&Tch.Drw.,,Hasan Serdar Kaya,,Cuma,13:30/17:29,,33,33,,"ENTE, EUT, EUTE, ICM, MIM, MIME, PEM, PEME, SBP, SBPE",,
13219,TES 112E,TES,LS,Vis.Comm.I:Visualiz.&Tch.Drw.,,Başak Demireş Özkul,,Cuma,13:30/17:29,,31,31,,"ENTE, EUT, EUTE, ICM, MIM, MIME, PEM, PEME, SBP, SBPE",,
13220,TES 112E,TES,LS,Vis.Comm.I:Visualiz.&Tch.Drw.,,Eren Kürkçüoğlu,,Cuma,13:30/17:29,,31,31,,"ENTE, EUT, EUTE, ICM, MIM, MIME, PEM, PEME, SBP, SBPE",,
13221,TES 113E,TES,LS,Basic Design and Visual Arts,,Eren Kürkçüoğlu,,Çarşamba,08:30/12:29,,46,46,,"ENTE, EUT, EUTE, ICM, MIM, MIME, PEM, PEME, SBP, SBPE",,
13222,SBP 119,SBP,LS,Şehir &Bölge Plan. Giriş &Etik,,Ayşe Lale Berköz,,Çarşamba,13:30/15:29,,90,88,,"SBP, SBPM",,
13223,SBP 119E,SBP,LS,Int.to Urb.&Regio.Plann.&Ethic,,Aliye Ahu Akgün,,Çarşamba,13:30/15:29,,75,67,,"SBPE, SBPM",,
13224,SBP 103E,SBP,LS,Role of Prof.in Sustainability,,"Azime Tezer, Dilek Yıldız, Elif Küçüksayraç, Elif Kısar Koramaz",,Cuma,09:30/12:29,,55,42,,"ENTE, EUTE, ICM, MIM, MIME, PEME, SBP, SBPE",,
13225,GID 311,GID,LS,Gıda Mikrobiyolojisi,,Pervin Başaran Akocak,,Perşembe,09:30/12:29,,80,80,,"GID, GIDM",,
13226,SBP 105E,SBP,LS,Other Worlds,,Kerem Yavuz Arslanlı,,Cuma,09:30/12:29,,75,66,,"ENTE, EUTE, ICM, MIM, MIME, PEME, SBP, SBPE",,
13227,GID 311E,GID,LS,Food Microbiology,,--,,Perşembe,09:30/12:29,,0,0,,GIDE,,
13228,GID 321E,GID,LS,Food Microbiology I Lab.,,--,,Salı,08:30/11:29,,0,0,,GIDE,,
13229,GID 323,GID,LS,Gıda Mikrobiyolojisi Lab,,Hatice Funda Karbancıoğlu Güler,,Salı,08:30/12:29,,33,35,,GID,,
13233,GID 323,GID,LS,Gıda Mikrobiyolojisi Lab,,Hatice Funda Karbancıoğlu Güler,,Salı,13:30/17:29,,34,34,,GID,,
13237,GID 331E,GID,LS,Food Eng Unit Operations I,,Fatma Ebru Fıratlıgil,,Cuma,13:30/16:29,,85,84,,"GID, GIDE",,
13240,GID 341,GID,LS,Isı Aktarımı,,Fatma Ebru Fıratlıgil,,Perşembe,13:30/16:29,,80,74,,GID,,
13242,GID 341E,GID,LS,Heat Transfer,,--,,Perşembe,13:30/16:29,,0,0,,GIDE,,
13245,GID 351,GID,LS,Kütle Aktarımı,,Filiz Altay,,Pazartesi,14:30/17:29,,80,73,,GID,,
13249,GID 351E,GID,LS,Mass Transfer,,Aslı Can Karaça,,Pazartesi,14:30/17:29,,3,1,,GIDE,,
13250,TES 211E,TES,LS,Project III,,Tüzin Baycan,,Pazartesi | Perşembe,13:30/17:29 | 13:30/17:29,,23,11,,"SBP, SBPE",,
13252,GID 413E,GID,LS,Biotechnology,,Neşe Şahin Yeşilçubuk,,Perşembe,13:30/16:29,,30,10,,"GID, GIDE, GIDM",,
13255,TES 211E,TES,LS,Project III,,Funda Yirmibeşoğlu,,Pazartesi | Perşembe,13:30/17:29 | 13:30/17:29,,23,17,,"SBP, SBPE",,
13256,GID 415E,GID,LS,Cold Storage Technology,,Filiz Altay,,Salı,09:30/12:29,,30,30,,"GID, GIDE",,
13257,TES 211E,TES,LS,Project III,,Özlem Özçevik,,Pazartesi | Perşembe,13:30/17:29 | 13:30/17:29,,23,23,,"SBP, SBPE",,
13258,GID 419E,GID,LS,Enzymes in Food Production,,Derya Kahveci Karıncaoğlu,,Perşembe,09:30/12:29,,30,16,,"GID, GIDE",,
13259,GID 421E,GID,LS,Food Technology,,"Meral Kılıç Akyılmaz, Beraat Özçelik, Esra Çapanoğlu Güven, Gürbüz Güneş, Neşe Şahin Yeşilçubuk",,Cuma,13:30/16:29,,80,15,,"GID, GIDE, GIDM",,
13260,TES 211E,TES,LS,Project III,,Fatih Terzi,,Pazartesi | Perşembe,13:30/17:29 | 13:30/17:29,,23,23,,"SBP, SBPE",,
13261,TES 211E,TES,LS,Project III,,Aliye Ahu Akgün,,Pazartesi | Perşembe,13:30/17:29 | 13:30/17:29,,0,0,,"EUT, EUTE, ICM, MIM, MIME, PEM, PEME, SBP, SBPE",,
13262,GID 424,GID,LS,Gıda Kalite Kontrol,,"Beraat Özçelik, Esra Çapanoğlu Güven, Neşe Şahin Yeşilçubuk",,Salı,14:30/17:29,,80,60,,"GID, GIDM",,
13263,TES 211E,TES,LS,Project III,,Turgay Kerem Koramaz,,Pazartesi | Perşembe,13:30/17:29 | 13:30/17:29,,23,23,,"SBP, SBPE",,
13264,TES 211E,TES,LS,Project III,,Kerem Yavuz Arslanlı,,Pazartesi | Perşembe,13:30/17:29 | 13:30/17:29,,23,23,,"SBP, SBPE",,
13265,SBP 205E,SBP,LS,Statistics,,Hüseyin Murat Çelik,,Salı,09:30/12:29,,75,26,,"SBP, SBPE",,
13266,SBP 205E,SBP,LS,Statistics,,Kerem Yavuz Arslanlı,,Salı,09:30/12:29,,75,73,,"SBP, SBPE",,
13267,SBP 223E,SBP,LS,Land Use Planning,,Azime Tezer,,Çarşamba,08:30/11:29,,75,78,,"SBPE, SBPM",,
13268,SBP 223,SBP,LS,Arazi Kullanım Planlaması,,Özlem Özçevik,,Salı,13:30/16:29,,70,71,,"SBP, SBPM",,
13269,SBP 245,SBP,LS,Şehirsel Ulaşım,,Hüseyin Murat Çelik,,Çarşamba,12:30/15:29,,65,65,,SBP,,
13270,GID 424E,GID,LS,Food Quality Control,,--,,Salı,14:30/17:29,,0,0,,GIDE,,
13271,SBP 245E,SBP,LS,Urban Tranportation,,Eda Beyazıt,,Çarşamba,12:30/15:29,,70,72,,"SBPE, SBPM",,
13272,GID 432E,GID,LS,Food Quality Control Lab.,,--,,Pazartesi,08:30/11:29,,0,0,,GIDE,,
13273,SBP 252,SBP,LS,Konut ve Yöre Planlaması,,Funda Yirmibeşoğlu,,Perşembe,09:30/12:29,,70,68,,SBP,,
13274,GID 433,GID,LS,Gıda Kalite Kontrol Lab,,"Neşe Şahin Yeşilçubuk, Derya Kahveci Karıncaoğlu, Esra Çapanoğlu Güven",,Pazartesi,08:30/12:29,,32,33,,GID,,
13275,SBP 252E,SBP,LS,Housing and Site Planning,,Fatih Terzi,,Perşembe,09:30/12:29,,70,71,,"SBPE, SBPM",,
13289,SBP 262,SBP,LS,Peyzaj Planlaması ve Tasarım,,Gülşen Aytaç,,Cuma,08:30/12:29,,80,77,,SBP,,
13290,SBP 262E,SBP,LS,Landscape Planning and Design,,Fatma Ayçim Türer Başkaya,,Cuma,08:30/12:29,,75,72,,SBPE,,
13291,SBP 227E,SBP,LS,Physical Environmental Control,,--,,Pazartesi,09:30/12:29,,135,0,,"SBP, SBPE",,
13294,SBP 227E,SBP,LS,Physical Environmental Control,,Şule Filiz Akşit,,Pazartesi,09:30/12:29,,45,0,,"SBP, SBPE",,
13297,SBP 218E,SBP,LS,Project IV,,Ayşe Lale Berköz,,Salı | Cuma,13:30/17:29 | 13:30/17:29,,5,4,,SBPE,,
13298,SBP 218,SBP,LS,Proje IV,,--,,Salı | Cuma,13:30/17:29 | 13:30/17:29,,5,0,,SBP,,
13299,SBP 311E,SBP,LS,Project V,,Azime Tezer,,Salı | Cuma,13:30/17:29 | 13:30/17:29,,13,13,,"SBPE, SBPM",,
13300,SBP 311E,SBP,LS,Project V,,Elif Alkay,,Salı | Cuma,13:30/17:29 | 13:30/17:29,,13,12,,"SBPE, SBPM",,
13312,SBP 311E,SBP,LS,Project V,,Aliye Ahu Akgün,,Salı | Cuma,13:30/17:29 | 13:30/17:29,,10,10,,"SBPE, SBPM",,
13313,SBP 311,SBP,LS,Proje V,,Emine Ferhan Gezici Korten,,Salı | Cuma,13:30/17:29 | 13:30/17:29,,16,17,,SBP,,
13314,GID 433,GID,LS,Gıda Kalite Kontrol Lab,,"Neşe Şahin Yeşilçubuk, Derya Kahveci Karıncaoğlu, Esra Çapanoğlu Güven",,Pazartesi,13:30/17:29,,30,19,,GID,,
13315,GID 441,GID,LS,Proses Kontrol,,Filiz Altay,,Cuma,09:30/12:29,,80,50,,"FIZ, GID",,
13316,GID 441E,GID,LS,Process Control,,--,,Cuma,08:30/11:29,,0,0,,"FIZE, GIDE",,
13318,GID 492,GID,LS,Bitirme Çalışması,,Beraat Özçelik,,,/,,500,10,,GID,,
13319,GID 492E,GID,LS,Graduation Project,,Beraat Özçelik,,,/,,500,5,,"GID, GIDE",,
13320,GID 4901E,GID,LS,Food Engineering Design I,,Gürbüz Güneş,,Çarşamba,08:30/13:29,,500,48,,GID,,
13321,BIL 113E,BIL,LS,Intr.to Sci& Eng.Comp.(MATLAB),,Aslı Can Karaça,,Pazartesi | Pazartesi,09:30/10:29 | 10:30/12:29,,75,73,,"GID, GIDE",,
13322,RES 107,RES,LS,Teknik Resim,,Sevan Karabetoğlu,,Perşembe,09:30/12:29,,98,98,,"END, GID, ISL, KMM",,
13324,BEN 102,BEN,LS,Microbiology,,Hatice Funda Karbancıoğlu Güler,,Çarşamba | Çarşamba,10:30/12:29 | 13:30/15:29,,40,8,,MBI,,
13325,BEN 107,BEN,LS,Art of Engineering,,--,,Cuma,13:30/16:29,,0,0,,MBI,,
13327,BEN 111,BEN,LS,Intr. to Bioengineering,,--,,Cuma,10:30/12:29,,0,0,,MBI,,
13328,BEN 352,BEN,LS,Transp. Process in Bioengin.,,Melek Mümine Erol Taygun,,Cuma,13:30/16:29,,40,11,,MBI,,
13329,SBP 311,SBP,LS,Proje V,,Seda Kundak,,Salı | Cuma,13:30/17:29 | 13:30/17:29,,16,16,,SBP,,
13330,CMP 103,CMP,LS,Intr. to Comp. & Info. Sys.,,--,,Pazartesi,12:30/14:29,,40,0,,MBI,,
13331,SBP 311,SBP,LS,Proje V,,Mehmet Ali Yüzer,,Salı | Cuma,13:30/17:29 | 13:30/17:29,,16,16,,SBP,,
13332,BEN 321,BEN,LS,Reac. Kin&Reac. Design in Bio.,,Ahmet Sirkecioğlu,,Salı,09:30/12:29,,40,9,,MBI,,
13333,SBP 312,SBP,LS,Proje VI,,Özhan Ertekin,,Salı | Cuma,13:30/17:29 | 13:30/17:29,,10,9,,SBP,,
13334,BEN 323,BEN,LS,Material Science,,İpek Akın Karadayı,,Perşembe,13:30/16:29,,40,8,,MBI,,
13335,BEN 335,BEN,LS,Biosensors,,--,,Pazartesi,08:30/11:29,,0,0,,MBI,,
13336,SBP 312E,SBP,LS,Project VI,,Özhan Ertekin,,Salı | Cuma,13:30/17:29 | 13:30/17:29,,10,10,,"SBPE, SBPM",,
13337,BEN 337,BEN,LS,Biofuels and Bioenergy,,Serdar Yaman,,Cuma,09:30/12:29,,40,7,,MBI,,
13338,SBP 323,SBP,LS,Şehirsel Tasarım,,Hatice Ayataç,,Pazartesi,13:30/16:29,,65,53,,"SBP, SBPM",,
13339,SBP 323E,SBP,LS,Urban Design,,Gülden Demet Oruç,,Cuma,09:30/12:29,,65,41,,"SBPE, SBPM",,
13340,SBP 331,SBP,LS,Sit Koruma,,Engin Eyüp Eyuboğlu,,Çarşamba,10:30/13:29,,65,52,,"SBP, SBPM",,
13341,SBP 331E,SBP,LS,Site Conservation,,Turgay Kerem Koramaz,,Çarşamba,10:30/13:29,,65,41,,"SBPE, SBPM",,
13342,SBP 343,SBP,LS,Şehir Hukuku ve Şehir Yönetimi,,Şevkiye Şence Türk,,Pazartesi,13:30/16:29,,65,0,,SBP,,
13343,SBP 343E,SBP,LS,Urban Law and Management,,Şevkiye Şence Türk,,Cuma,13:30/16:29,,65,0,,SBPE,,
13398,BIO 214E,BIO,LS,Microbiology,,--,,Çarşamba,09:30/12:29,,15,0,,KMME,,
13411,ING 201,ING,LS,English III,,Yasemin Yılmaz Yüksek,,Çarşamba,08:30/11:29,,27,27,,"BIO, BIOE, BLG, BLGE, CEV, CEVE, CHZ, CHZE, DEN, DENE, ECNE, EHB, EHBE, EHN, ELE, ELH, ELK, ELKE, END, ENDE, ENTE, EUT, EUTE, FIZ, FIZE, GEM, GEME, GEMK, GEO, GEOE, GID, GIDE, ICM, IML, IMLE, INS, INSE, ISL, ISLE, JDF, JEF, JEFE, JEO, JEOE, KIM, KIME, KMM, KMME, KOM, KOME, MAD, MADE, MAK, MAKE, MAT, MATE, MET, METE, MIM, MIME, MTO, MTOE, MUZE, PEM, PEME, PET, PETE, SBP, SBPE, SEH, TEK, TEKE, TEL, UCK, UCKE, UZB, UZBE, YZVE",,
13412,ING 201,ING,LS,English III,,Yasemin Yılmaz Yüksek,,Perşembe,08:30/11:29,,27,27,,"BIO, BIOE, BLG, BLGE, CEV, CEVE, CHZ, CHZE, DEN, DENE, ECNE, EHB, EHBE, EHN, ELE, ELH, ELK, ELKE, END, ENDE, ENTE, EUT, EUTE, FIZ, FIZE, GEM, GEME, GEMK, GEO, GEOE, GID, GIDE, ICM, IML, IMLE, INS, INSE, ISL, ISLE, JDF, JEF, JEFE, JEO, JEOE, KIM, KIME, KMM, KMME, KOM, KOME, MAD, MADE, MAK, MAKE, MAT, MATE, MET, METE, MIM, MIME, MTO, MTOE, MUZE, PEM, PEME, PET, PETE, SBP, SBPE, SEH, TEK, TEKE, TEL, UCK, UCKE, UZB, UZBE, YZVE",,
13413,ING 103I,ING,LS,Short Stories,,Yasemin Yılmaz Yüksek,,Cuma,08:30/11:29,,30,28,,"BIO, BIOE, BLG, BLGE, CEV, CEVE, CHZ, CHZE, DEN, DENE, DUI, DUIE, ECNE, EHB, EHBE, EHN, ELE, ELH, ELK, ELKE, END, ENDE, ENTE, EUT, EUTE, FIZ, FIZE, GEM, GEME, GEMK, GEO, GEOE, GID, GIDE, GMIE, ICM, IML, IMLE, INS, INSE, ISL, ISLE, JDF, JEF, JEFE, JEO, JEOE, KIM, KIME, KMM, KMME, KOM, KOME, MAD, MADE, MAK, MAKE, MAT, MATE, MET, METE, MIM, MIME, MTO, MTOE, MUZE, PEM, PEME, PET, PETE, SBP, SBPE, SEH, TEK, TEKE, TEL, UCK, UCKE, UZB, UZBE, YZVE",,
13448,SBP 349E,SBP,LS,Urban Economic Geography,,Elif Alkay,,Perşembe,09:30/12:29,,30,17,,"SBP, SBPE, SBPM",,
13453,SBP 411,SBP,LS,Proje VII,,Engin Eyüp Eyuboğlu,,Salı | Cuma,13:30/17:29 | 13:30/17:29,,13,13,,SBP,,
13479,SBP 411,SBP,LS,Proje VII,,Gülden Demet Oruç,,Salı | Cuma,13:30/17:29 | 13:30/17:29,,13,13,,SBP,,
13495,DFH 111,DFH,LS,Denizde Güvenlik I,,Yusuf Nejat Koçar,,Salı,08:30/12:29,,120,80,,"DUI, GMI",,
13497,DFH 111,DFH,LS,Denizde Güvenlik I,,Yusuf Nejat Koçar,,Salı,13:30/17:29,,120,120,,"DUI, GMI",,
13498,SBP 411E,SBP,LS,Project VII,,"Ayşe Sema Kubat, Handan Türkoğlu",,Salı | Cuma,13:30/17:29 | 13:30/17:29,,13,13,,SBPE,,
13499,DFH 111,DFH,LS,Denizde Güvenlik I,,"Yusuf Nejat Koçar, Sinan Çakır",,Cuma,08:30/12:29,,120,10,,"DUI, GMI",,
13501,SBP 411E,SBP,LS,Project VII,,Mehmet Ocakçı,,Salı | Cuma,13:30/17:29 | 13:30/17:29,,13,13,,"SBP, SBPE",,
13502,DFH 112,DFH,LS,Denizde Güvenlik II,,"Yusuf Nejat Koçar, Sinan Çakır",,Cuma,14:30/17:29,,120,18,,"DUI, GMI",,
13504,SBP 411E,SBP,LS,Project VII,,Eda Beyazıt,,Salı | Cuma,13:30/17:29 | 13:30/17:29,,13,13,,SBPE,,
13506,DFH 201,DFH,LS,Temel Yüzme Becerisi,,Yusuf Nejat Koçar,,Perşembe,13:30/15:29,,65,58,,"DUI, GMI",,
13507,SBP 421,SBP,LS,Bölge Bilimi ve Planlama,,--,,Salı,10:30/12:29,,0,0,,"SBP, SBPM",,
13508,DFH 201,DFH,LS,Temel Yüzme Becerisi,,Yusuf Nejat Koçar,,Perşembe,15:30/17:29,,70,66,,"DUI, GMI",,
13509,SBP 421E,SBP,LS,Regional Science/Theory&Technq,,--,,Salı,10:30/12:29,,0,0,,"SBPE, SBPM",,
13510,SBP 424E,SBP,LS,Creative Cities,,Ebru Kerimoğlu,,Pazartesi,09:30/12:29,,45,43,,"SBP, SBPE, SBPM",,
13511,DUI 4901,DUI,LS,Deniz Ulaş.&İşlet.Müh. Tas. I,,Özcan Arslan,,,/,,500,88,,DUI,,
13512,SBP 427E,SBP,LS,Comp Studies of Urban Planning,,Zeynep Günay,,Pazartesi,13:30/16:29,,35,30,,"SBP, SBPE, SBPM",,
13514,SBP 431,SBP,LS,Metropolitan Planlama,,--,,Çarşamba,13:30/15:29,,0,0,,"SBP, SBPM",,
13516,SBP 431E,SBP,LS,Metropolitan Planning,,--,,Çarşamba,13:30/15:29,,0,0,,"SBPE, SBPM",,
13517,DUI 113E,DUI,LS,Int.toMarit.Trnsp.Mng.Eng.&Eth,,Özkan Poyraz,,Perşembe,11:30/13:29,,125,129,,DUI,,
13521,DUI 361E,DUI,LS,Technical Ship Management,,Özcan Arslan,,Pazartesi,13:30/15:29,,60,25,,"DUI, DUIE",,
13523,DUI 361E,DUI,LS,Technical Ship Management,,Özcan Arslan,,Pazartesi,15:30/17:29,,60,45,,"DUI, DUIE",,
13524,DUI 392E,DUI,LS,Long Term SeaTraining(6Months),,Özcan Arslan,,,/,,200,5,,DUI,,
13528,DUI 461E,DUI,LS,Ship Surveying Procedures,,Fırat Bolat,,Çarşamba,08:30/10:29,,110,110,,"DUI, DUIE",,
13531,DUI 405,DUI,LS,Gemi Makinaları,,Fırat Bolat,,Çarşamba,10:30/12:29,,110,108,,DUI,,
13535,TUR 101,TUR,LS,Türk Dili I,,Muhsin Kadıoğlu,,Çarşamba,10:30/12:29,,40,11,,DUI,,
13542,TUR 101,TUR,LS,Türk Dili I,,Muhsin Kadıoğlu,,Çarşamba,13:30/15:29,,40,9,,"DUI, DUIE",,
13546,DFH 224,DFH,LS,Ekonomik Coğrafya,,Muhsin Kadıoğlu,,Salı,15:30/17:29,,40,14,,DUI,,
13584,SBP 433E,SBP,LS,Healthy Cities,,"Handan Türkoğlu, Seda Kundak",,Perşembe,09:30/12:29,,45,45,,"MIM, MIME, SBP, SBPE, SBPM",,
13587,SBP 443,SBP,LS,Taşınmaz Mal (Gyrm)Değerlemesi,,"Reha Metin Alkan, Mustafa Yanalak",,Salı,09:30/12:29,,35,33,,SBP,,
13589,SBP 457,SBP,LS,Sosyal Politika ve Planlama,,Aliye Ahu Akgün,,Çarşamba,09:30/12:29,,30,14,,"MIM, SBP",,
13591,SBP 4902,SBP,LS,Diploma Projesi,,Aliye Ahu Akgün,,,/,,500,10,,SBP,,
13593,SBP 4902E,SBP,LS,Graduation Project,,Aliye Ahu Akgün,,,/,,500,10,,"SBP, SBPE",,
13596,EUT 119E,EUT,LS,Int.to Indus.Prod.Dsgn.&Ethics,,"Elif Küçüksayraç, Deniz Leblebici Başar, Gülname Turan, Koray Gelmez, Layıka Ney Ece Arıburun Kırca, Miray Boğa, Özge Çelikoğlu",,Çarşamba,13:30/15:29,,120,107,,"ENTE, EUT, EUTE, EUTM",,
13604,EUT 204E,EUT,LS,Manufacturing Methods,,Miray Boğa,,Çarşamba,08:30/12:29,,103,103,,"ENTE, EUT, EUTE, EUTM",,
13638,MAT 210,MAT,LS,Mühendislik Matematiği,,Sabire Cömert,,Salı | Perşembe,08:30/10:29 | 08:30/10:29,,100,94,,"DUI, GMI",,
13639,MAT 210,MAT,LS,Mühendislik Matematiği,,Sabire Cömert,,Salı | Perşembe,10:30/12:29 | 10:30/12:29,,100,40,,"DUI, GMI",,
13641,DUI 385,DUI,LS,Gemi Operas. Çevresel Yönetim,,Tanzer Satır,,Salı,11:30/13:29,,70,62,,DUI,,
13642,DUI 407E,DUI,LS,Cargo Handl and Stowage,,Tanzer Satır,,Çarşamba,08:30/11:29,,50,12,,DUI,,
13643,DUI 407E,DUI,LS,Cargo Handl and Stowage,,Tanzer Satır,,Perşembe,08:30/11:29,,70,65,,DUI,,
13656,DFH 212,DFH,LS,Denizcilikte İnsan Kaynak.Yön.,,Serdar Kum,,Salı,13:30/15:29,,50,18,,DUI,,
13691,DFH 497E,DFH,LS,Org.Mngt &Behavior in Maritime,,Leyla Tavacıoğlu,,Salı,08:30/11:29,,50,22,,DUI,,
13694,DUI 311E,DUI,LS,Celestial Navigation,,Orhan Gönel,,Pazartesi,08:30/11:29,,50,12,,"DUI, DUIE",,
13695,DUI 311E,DUI,LS,Celestial Navigation,,Orhan Gönel,,Çarşamba,08:30/11:29,,50,0,,"DUI, DUIE",,
13696,DUI 311E,DUI,LS,Celestial Navigation,,Orhan Gönel,,Perşembe,08:30/11:29,,50,28,,"DUI, DUIE",,
13698,DUI 103E,DUI,LS,Seamanship,,Orhan Gönel,,Pazartesi,13:30/17:29,,110,107,,DUI,,
13701,DUI 103E,DUI,LS,Seamanship,,Orhan Gönel,,Perşembe,13:30/17:29,,80,29,,DUI,,
13706,DUI 215E,DUI,LS,Terrestrial Navigation,,Tuba Keçeci,,Çarşamba,08:30/11:29,,80,9,,DUI,,
13709,DUI 215E,DUI,LS,Terrestrial Navigation,,Tuba Keçeci,,Pazartesi,08:30/11:29,,110,100,,DUI,,
13711,DFH 422,DFH,LS,Deniz Kazaları&Emniyet Kültürü,,Tuba Keçeci,,Pazartesi,12:30/14:29,,50,19,,DUI,,
13713,DFH 495,DFH,LS,Gemiadamı Sağlığı&İş Emniyeti,,Tuba Keçeci,,Pazartesi,14:30/17:29,,50,36,,DUI,,
13714,DUI 401E,DUI,LS,Ship Handling and Manouevring,,Emre Akyüz,,Pazartesi,08:30/11:29,,60,0,,"DUI, DUIE",,
13715,DUI 401E,DUI,LS,Ship Handling and Manouevring,,Emre Akyüz,,Pazartesi,14:30/17:29,,60,0,,"DUI, DUIE",,
13717,DUI 341E,DUI,LS,Maritime Practical Studies,,"Özkan Poyraz, Elif Bal Beşikçi, Emre Akyüz",,Perşembe,13:30/17:29,,75,69,,"DUI, DUIE",,
13718,DUI 341E,DUI,LS,Maritime Practical Studies,,"Elif Bal Beşikçi, Emre Akyüz, Yunus Emre Şenol",,Çarşamba,08:30/12:29,,60,8,,"DUI, DUIE",,
13720,DFH 232E,DFH,LS,Business Logistics,,Sinan Çakır,,Salı,10:30/12:29,,60,6,,"DUI, DUIE",,
13721,DFH 361,DFH,LS,Gemi Tedarik Zinciri Yönetimi,,Pelin Bolat,,Cuma,10:30/12:29,,60,48,,DUI,,
13723,DFH 491E,DFH,LS,Maritime Security,,Pelin Bolat,,Cuma,14:30/16:29,,60,43,,DUI,,
13724,DFH 351E,DFH,LS,Shipping Finance,,Levent Kırval,,Pazartesi,08:30/10:29,,60,21,,"DUI, DUIE",,
13731,DUI 251,DUI,LS,Meteoroloji,,Ayşe Nak,,Salı,11:30/14:29,,50,38,,DUI,,
13733,DUI 251,DUI,LS,Meteoroloji,,Ayşe Nak,,Pazartesi,10:30/13:29,,50,7,,DUI,,
13735,DUI 251,DUI,LS,Meteoroloji,,Ayşe Nak,,Salı,14:30/17:29,,50,49,,DUI,,
13736,DUI 231E,DUI,LS,Marine Communication,,Alaaddin Yıldıray Ertaş,,Çarşamba,08:30/10:29,,50,50,,"DUI, DUIE",,
13746,DUI 231E,DUI,LS,Marine Communication,,Alaaddin Yıldıray Ertaş,,Çarşamba,13:30/15:29,,65,64,,"DUI, DUIE",,
13761,JEO 357E,JEO,LS,Experimental Rock Mechanics,,Kayhan Develi,,Perşembe,14:30/17:29,,30,15,,"JEO, JEOE",,
13762,BIL 113E,BIL,LS,Intr.to Sci& Eng.Comp.(MATLAB),,Aydın Mert,,Salı,08:30/11:29,,60,49,,"DUI, DUIE",,
13763,BIL 113E,BIL,LS,Intr.to Sci& Eng.Comp.(MATLAB),,Aydın Mert,,Salı,13:30/16:29,,60,59,,"DUI, DUIE",,
13764,BIL 100E,BIL,LS,Intr.to Prog.Language(PYTHON),,Melek Ertogan,,Perşembe,08:30/11:29,,50,35,,"DUI, DUIE",,
13765,BIL 100E,BIL,LS,Intr.to Prog.Language(PYTHON),,Melek Ertogan,,Perşembe,14:30/17:29,,65,63,,"DUI, DUIE",,
13766,DFH 222E,DFH,LS,Maritime English II,,Halime Ceren Göktaş,,Pazartesi,12:30/14:29,,60,56,,"DUI, DUIE",,
13767,DFH 222E,DFH,LS,Maritime English II,,Halime Ceren Göktaş,,Salı,10:30/12:29,,50,20,,"DUI, DUIE",,
13768,DFH 222E,DFH,LS,Maritime English II,,--,,Salı,13:30/15:29,,50,0,,"DUI, DUIE",,
13770,DUI 321,DUI,LS,Deniz Hukuku I,,Hakan Muran,,Pazartesi,15:30/17:29,,60,34,,DUI,,
13771,DUI 321,DUI,LS,Deniz Hukuku I,,Hakan Muran,,Pazartesi,13:30/15:29,,60,51,,DUI,,
13772,DUI 321,DUI,LS,Deniz Hukuku I,,Hakan Muran,,Pazartesi,08:30/10:29,,60,19,,DUI,,
13774,DUI 331E,DUI,LS,Watchkeeping II,,--,,Salı,10:30/12:29,,0,0,,"DUI, DUIE",,
13775,DUI 331E,DUI,LS,Watchkeeping II,,--,,Çarşamba,10:30/12:29,,0,0,,"DUI, DUIE",,
13776,DUI 331E,DUI,LS,Watchkeeping II,,--,,Perşembe,10:30/12:29,,0,0,,"DUI, DUIE",,
13778,CMP 113,CMP,LS,Intr.to Business Computing,,--,,Salı,08:30/12:29,,0,0,,SDU,,
13780,TUR 101,TUR,LS,Türk Dili I,,--,,Çarşamba,08:30/10:29,,0,0,,SDU,,
13782,TUR 102,TUR,LS,Türk Dili II,,--,,Salı,13:30/15:29,,0,0,,SDU,,
13791,ING 112,ING,LS,English I,,Suzan Arıman,,Salı,13:30/16:29,,28,31,,"BIO, BIOE, BLG, BLGE, CEV, CEVE, CHZ, CHZE, DEN, DENE, DUIE, ECNE, EHB, EHBE, EHN, ELE, ELH, ELK, ELKE, END, ENDE, ENTE, EUT, EUTE, FIZ, FIZE, GEM, GEME, GEMK, GEO, GEOE, GID, GIDE, GMIE, ICM, IML, IMLE, INS, INSE, ISL, ISLE, JDF, JEF, JEFE, JEO, JEOE, KIM, KIME, KMM, KMME, KOM, KOME, MAD, MADE, MAK, MAKE, MAT, MATE, MET, METE, MIM, MIME, MTO, MTOE, MUZE, PEM, PEME, PET, PETE, SBP, SBPE, SEH, TEK, TEKE, TEL, UCK, UCKE, UZB, UZBE, YZVE",,
13794,MRT 101,MRT,LS,Maritime English,,--,,Salı,15:30/17:29,,0,0,,SDU,,
13809,MRT 105,MRT,LS,Professional Studies I,,--,,Salı,13:30/17:29,,0,0,,SDU,,
13810,EAS 111,EAS,LS,Technical Drawing,,--,,Cuma,08:30/11:29,,10,0,,SDU,,
13811,ULP 101,ULP,LS,NewBeg.Fresh.Sem.&Serv to L. I,,--,,Çarşamba,08:30/10:29,,10,0,,"MBI, MCB, SBL, SCE, SDU, SEK, SEN, SGM, SIN, SIS, SMT, STP",,
13813,MRT 321,MRT,LS,Intr.to Cargo Opr.&Ship Stblty,,Tanzer Satır,,Çarşamba | Perşembe,13:30/15:29 | 13:30/14:29,,10,1,,SDU,,
13815,MRT 407,MRT,LS,Cargo Operations,,Tanzer Satır,,Salı,08:30/12:29,,10,0,,"SDU, SGM",,
13816,MRT 409,MRT,LS,Advance Navigation,,--,,Salı,14:30/17:29,,0,0,,SDU,,
13818,MRT 311,MRT,LS,Ship Handling & Maneuvering,,Emre Akyüz,,Perşembe,10:30/12:29,,10,1,,SDU,,
13820,MRT 315,MRT,LS,Transportation Systems,,Pelin Bolat,,Salı,14:30/17:29,,10,1,,SDU,,
13822,MRT 307,MRT,LS,Nautical Operations-Legal,,Orhan Gönel,,Cuma,08:30/10:29,,10,1,,SDU,,
13823,MRT 309,MRT,LS,Nautical Operations-Safety,,Özcan Arslan,,Çarşamba,10:30/12:29,,10,1,,SDU,,
13824,MRT 325,MRT,LS,Maritime Communications,,Alaaddin Yıldıray Ertaş,,Pazartesi,13:30/17:29,,10,1,,"SDU, SGM",,
13825,MRT 327,MRT,LS,Watchkeeping,,Oğuzhan Gürel,,Pazartesi,08:30/13:29,,10,1,,SDU,,
13826,MRT 313,MRT,LS,Electronic Navigation,,Elif Bal Beşikçi,,Salı,09:30/14:29,,10,1,,SDU,,
13827,MRT 401,MRT,LS,Analysis of the Markt. Process,,--,,Pazartesi,10:30/13:29,,0,0,,"SDU, SGM",,
13828,MRT 431,MRT,LS,Oceanography,,--,,Pazartesi,15:30/17:29,,0,0,,"SDU, SGM",,
13829,MRT 405,MRT,LS,Admiralty Law,,--,,Cuma,08:30/11:29,,0,0,,SDU,,
13830,ISH 202E,ISH,LS,Introduction to Heat Transfer,,Nalan Erdöl Aydın,,Cuma,08:30/11:29,,60,45,,"ISL, ISLE",,
13831,ISH 301,ISH,LS,Çevre Bilimleri ve Müh. Esas.,,"Ayşe Gül Tanık, Nevin Yağcı, Serdar Doğruel",,Çarşamba,12:30/15:29,,60,59,,ISL,,
13832,MRT 415,MRT,LS,Physical Education I,,--,,Çarşamba,08:30/10:29,,0,0,,SDU,,
13833,ISH 301E,ISH,LS,Fundamentals of Env.Sci & Eng.,,"Ayşe Gül Tanık, Nevin Yağcı, Serdar Doğruel",,Çarşamba,08:30/11:29,,70,71,,"ISL, ISLE",,
13834,ISH 303E,ISH,LS,Food Processing Techniques,,Derya Kahveci Karıncaoğlu,,Cuma,14:30/17:29,,65,60,,"ISL, ISLE",,
13835,STA 204,STA,LS,Statik ve Mukavemet,,Bahattin Kimençe,,Pazartesi,14:30/17:29,,60,32,,"CEV, EHB, ELE, ELH, ELK, EUT, GID, ISL, KMM, KOM, KON, MET, MTO, PET, TEL",,
13836,STA 204E,STA,LS,Statics&Strength of Materials,,Arcan Yanık,,Pazartesi,14:30/17:29,,70,71,,"CEV, CEVE, EHB, EHBE, ELE, ELH, ELK, ELKE, EUT, EUTE, GID, GIDE, ISL, ISLE, JEF, KMM, KMME, KOM, KOME, KON, KONE, MET, METE, MTO, PET, PETE, TEL",,
13838,EUT 241E,EUT,LS,Computer Aided Design,,Koray Gelmez,,Cuma,08:30/11:29,,55,55,,"ENTE, EUT, EUTE",,
13839,EUT 241E,EUT,LS,Computer Aided Design,,Koray Gelmez,,Pazartesi,08:30/11:29,,55,54,,"ENTE, EUT, EUTE",,
13840,EUT 239E,EUT,LS,Model Making I,,Mehmet Erkök,,Salı,08:30/11:29,,49,48,,"ENTE, EUT, EUTE, EUTM",,
13841,EUT 239E,EUT,LS,Model Making I,,Mehmet Erkök,,Salı,13:30/16:29,,49,49,,"ENTE, EUT, EUTE, EUTM",,
13842,EUT 271E,EUT,LS,Research for Product Design,,Özge Çelikoğlu,,Perşembe,08:30/11:29,,96,101,,"ENTE, EUT, EUTE",,
13843,EUT 220E,EUT,LS,Industrial Design Studio I,,Layıka Ney Ece Arıburun Kırca,,Salı | Cuma,13:30/17:29 | 13:30/17:29,,20,16,,"ENTE, EUT, EUTE, EUTM",,
13844,GMI 225,GMI,LS,Gemi Dizel Makineleri I,,Fırat Bolat,,Pazartesi,08:30/11:29,,50,26,,GMI,,
13845,BIL 113E,BIL,LS,Intr.to Sci& Eng.Comp.(MATLAB),,Ata Bilgili,,Pazartesi,08:30/11:29,,50,52,,"GMI, GMIE",,
13846,EUT 319E,EUT,LS,Industrial Design Studio II,,Elif Küçüksayraç,,Salı | Cuma,13:30/17:29 | 13:30/17:29,,30,30,,"ENTE, EUT, EUTE",,
13847,MRE 387,MRE,LS,Hydraulic & Pneumatic Syst,,Vural Ateş,,Pazartesi,08:30/11:29,,10,2,,SGM,,
13848,EKO 201E,EKO,LS,Economics,,Sinan Çakır,,Pazartesi,08:30/11:29,,95,48,,"GMI, GMIE",,
13849,EUT 319E,EUT,LS,Industrial Design Studio II,,Şebnem Timur,,Salı | Cuma,13:30/17:29 | 13:30/17:29,,30,29,,"ENTE, EUT, EUTE",,
13850,EUT 320E,EUT,LS,Industrial Design Studio III,,Miray Boğa,,Salı | Cuma,13:30/17:29 | 13:30/17:29,,15,11,,"ENTE, EUT, EUTE",,
13852,EUT 419E,EUT,LS,Industrial Design Studio IV,,Koray Gelmez,,Salı | Cuma,13:30/17:29 | 13:30/17:29,,28,29,,"ENTE, EUT, EUTE",,
13853,EUT 419E,EUT,LS,Industrial Design Studio IV,,Gülname Turan,,Salı | Cuma,13:30/17:29 | 13:30/17:29,,28,28,,"ENTE, EUT, EUTE",,
13854,EUT 324E,EUT,LS,Semiology&Semantics in Design,,Özge Çelikoğlu,,Salı,08:30/11:29,,35,36,,"ENTE, EUT, EUTE, EUTM, ICM",,
13855,EUT 343E,EUT,LS,Typography,,Koray Gelmez,,Pazartesi,13:30/17:29,,35,41,,"ENTE, EUT, EUTE, EUTM, ICM",,
13857,EUT 365E,EUT,LS,Fund. of Design Thinking,,Miray Boğa,,Perşembe,08:30/11:29,,35,36,,"ENTE, EUT, EUTE, EUTM, ICM, MIM, MIME, PEME, SBP, SBPE",,
13859,EUT 339E,EUT,LS,Bsc.Dsgn.Prc.of Lighting Lumn.,,Sermin Onaygil,,Perşembe,13:30/16:29,,35,33,,"ENTE, EUT, EUTE, EUTM, PEM, PEME",,
13862,EUT 367E,EUT,LS,Intr. to Mechanical Design,,Elif Küçüksayraç,,Pazartesi,08:30/12:29,,88,84,,"ENTE, EUT, EUTE",,
13864,EUT 325E,EUT,LS,History of Design II,,Gülname Turan,,Perşembe,08:30/11:29,,79,80,,"ENTE, EUT, EUTE",,
13866,EUT 423E,EUT,LS,Cult.and Com.in Product Design,,Şebnem Timur,,Çarşamba,13:30/15:29,,84,84,,"ENTE, EUT, EUTE",,
13867,EUT 441E,EUT,LS,New Product Development,,Çiğdem Kaya Pazarbaşı,,Cuma,10:30/12:29,,75,72,,"ENTE, EUT, EUTE, EUTM",,
13868,EUT 492,EUT,LS,Bitirme Çalışması,,Ekrem Cem Alppay,,,/,,500,4,,"ENTE, EUT",,
13869,EUT 4902E,EUT,LS,Graduation Project,,Ekrem Cem Alppay,,,/,,500,21,,"ENTE, EUT, EUTE",,
13870,TES 111E,TES,LS,Project I,,Demet Günal Ertaş,,Pazartesi | Perşembe,08:30/12:29 | 08:30/12:29,,24,24,,"ENTE, EUT, EUTE, EUTM, ICM, MIM, MIME, PEM, PEME, SBP, SBPE",,
13871,TES 111E,TES,LS,Project I,,Fatma Pınar Özemir,,Pazartesi | Perşembe,08:30/12:29 | 08:30/12:29,,23,22,,"ENTE, EUT, EUTE, EUTM, ICM, MIM, MIME, PEM, PEME, SBP, SBPE",,
13872,TES 111E,TES,LS,Project I,,Deniz Leblebici Başar,,Pazartesi | Perşembe,08:30/12:29 | 08:30/12:29,,23,23,,"ENTE, EUT, EUTE, EUTM, ICM, MIM, MIME, PEM, PEME, SBP, SBPE",,
13873,TES 113E,TES,LS,Basic Design and Visual Arts,,Fatma Pınar Özemir,,Çarşamba,08:30/12:29,,44,43,,"ENTE, EUT, EUTE, ICM, MIM, MIME, PEM, PEME, SBP, SBPE",,
13874,MRE 101,MRE,LS,Maritime Eng. Drawing and Des,,--,,Salı,13:30/17:29,,0,0,,SGM,,
13875,MRE 311,MRE,LS,Marine Electronics,,--,,Pazartesi,08:30/12:29,,0,0,,SGM,,
13876,GMI 171E,GMI,LS,Maritime English I,,Müjgan Özenir,,Pazartesi,11:30/13:29,,75,69,,"GMI, GMIE",,
13877,GMI 491E,GMI,LS,Maritime English III,,Müjgan Özenir,,Perşembe,10:30/12:29,,20,5,,"GMI, GMIE",,
13878,GMI 422E,GMI,LS,Surveying Procedures,,Fırat Bolat,,Salı,08:30/10:29,,60,61,,"GMI, GMIE",,
13879,MRE 443,MRE,LS,Ship Sys.IV:Mar. Disl Eng.II,,Cengiz Deniz,,Salı,08:30/12:29,,10,2,,SGM,,
13880,GMI 225,GMI,LS,Gemi Dizel Makineleri I,,Cengiz Deniz,,Salı,13:30/16:29,,50,49,,GMI,,
13881,MRE 371,MRE,LS,Engine Room Simulator I,,--,,Çarşamba,08:30/13:29,,0,0,,SGM,,
13882,MRE 463,MRE,LS,Marine Engineering Materials,,Yasin Arslanoğlu,,Salı,13:30/16:29,,10,2,,SGM,,
13883,TES 112E,TES,LS,Vis.Comm.I:Visualiz.&Tch.Drw.,,Fatma Pınar Özemir,,Cuma,13:30/17:29,,30,29,,"ENTE, EUT, EUTE, ICM, MIM, MIME, PEM, PEME, SBP, SBPE",,
13884,GMI 313,GMI,LS,Gemi Buhar Kazanları & Operas.,,Fırat Bolat,,Pazartesi,11:30/13:29,,85,0,,GMI,,
13886,MRE 105,MRE,LS,Professional Studies,,--,,Pazartesi,08:30/12:29,,0,0,,SGM,,
13887,GMI 454,GMI,LS,Gemi Yardımcı Makineleri II,,Vural Ateş,,Pazartesi,14:30/17:29,,95,92,,GMI,,
13888,TES 112E,TES,LS,Vis.Comm.I:Visualiz.&Tch.Drw.,,Mehmet Erkök,,Cuma,13:30/17:29,,30,31,,"ENTE, EUT, EUTE, ICM, MIM, MIME, PEM, PEME, SBP, SBPE",,
13889,GMI 473,GMI,LS,Gemi Dizel Makineleri III,,Yalçın Durmuşoğlu,,Çarşamba,08:30/10:29,,95,95,,GMI,,
13890,TES 211E,TES,LS,Project III,,Çiğdem Kaya Pazarbaşı,,Pazartesi | Perşembe,13:30/17:29 | 13:30/17:29,,41,41,,"ENTE, EUT, EUTE",,
13891,GMI 315,GMI,LS,Deniz Ekolojisi,,Ata Bilgili,,Pazartesi,13:30/16:29,,60,57,,GMI,,
13892,GMI 352,GMI,LS,Isı Geçişi,,Yalçın Durmuşoğlu,,Çarşamba,12:30/15:29,,90,0,,GMI,,
13893,CMP 111,CMP,LS,Intr.to Engineering and Comput,,--,,Pazartesi,13:30/17:29,,0,0,,SGM,,
13894,TES 211E,TES,LS,Project III,,Ekrem Cem Alppay,,Pazartesi | Perşembe,13:30/17:29 | 13:30/17:29,,40,40,,"ENTE, EUT, EUTE",,
13895,MRE 313,MRE,LS,Numerical Analysis&Comp.Prog.,,--,,Salı,08:30/12:29,,0,0,,SGM,,
13896,GMI 384E,GMI,LS,Engine Room Simulator (ERS) I,,İsmail Çiçek,,Pazartesi,14:30/17:29,,53,53,,GMI,,
13897,BIL 113E,BIL,LS,Intr.to Sci& Eng.Comp.(MATLAB),,Ata Bilgili,,Salı,13:30/16:29,,50,32,,GMI,,
13898,GMI 261E,GMI,LS,Fluid Mechanics,,Ata Bilgili,,Perşembe,12:30/15:29,,105,103,,"GMI, GMIE",,
13899,MRE 321,MRE,LS,Fluid Mechanics,,--,,Perşembe,08:30/11:29,,0,0,,SGM,,
13900,MRE 330,MRE,LS,Long Term Sea Training,,--,,,/,,0,0,,SGM,,
13901,RES 102,RES,LS,Bilg. Destekli Teknik Resim,,Burak Zincir,,Salı,08:30/12:29,,65,65,,GMI,,
13902,RES 102,RES,LS,Bilg. Destekli Teknik Resim,,Burak Zincir,,Perşembe,13:30/17:29,,45,41,,GMI,,
13903,FIZ 449,FIZ,LS,Günlük Yaşamımızda Fizik,,Burak Zincir,,Cuma,08:30/11:29,,50,50,,"DUI, GMI",,
13904,MEK 205E,MEK,LS,Engineering Mechanics,,Burak Zincir,,Cuma,14:30/17:29,,105,101,,"CHZ, CHZE, END, ENDE, GID, GIDE, GMI, GMIE, GMIK, IML, IMLE, ISL, ISLE, JEF, JEFE, JEO, JEOE, MAD, MADE, PET, PETE, TEKE",,
13905,DFH 201,DFH,LS,Temel Yüzme Becerisi,,Hakan Çap,,Salı,10:30/12:29,,25,0,,GMI,,
13906,MRE 107,MRE,LS,English for Eng. Officers,,--,,Salı,10:30/12:29,,0,0,,SGM,,
13907,GMI 171E,GMI,LS,Maritime English I,,Müjgan Özenir,,Salı,13:30/15:29,,45,27,,"GMI, GMIE",,
13908,GMI 342E,GMI,LS,Maritime Rules & Regulations,,Fırat Bolat,,Salı,11:30/13:29,,85,63,,"GMI, GMIE",,
13909,MRE 343,MRE,LS,Ship Sys.III:Mar. Disl Eng.I,,--,,Salı,13:30/17:29,,0,0,,SGM,,
13910,GMI 456E,GMI,LS,Ship Electrical Systems,,İsmail Çiçek,,Salı,14:30/16:29,,45,34,,"GMI, GMIE",,
13911,MRE 342,MRE,LS,Maritime Conventions,,--,,Pazartesi,14:30/17:29,,0,0,,SGM,,
13912,ULP 101,ULP,LS,NewBeg.Fresh.Sem.&Serv to L. I,,Ata Bilgili,,Pazartesi,18:30/20:29,,10,0,,"SDU, SGM",,
13913,GMI 461E,GMI,LS,Oper. of Steam & Gas Turbines,,Yalçın Durmuşoğlu,,Salı,10:30/14:29,,45,59,,"GMI, GMIE",,
13914,MRE 471,MRE,LS,Automatic Control Systems,,İsmail Çiçek,,Cuma,14:30/17:29,,10,2,,SGM,,
13915,DFH 201,DFH,LS,Temel Yüzme Becerisi,,Hakan Çap,,Salı,08:30/10:29,,25,0,,"DUI, GMI",,
13916,GMI 434E,GMI,LS,Refrigeration and HVAC Systems,,Gazi Koçak,,Salı,08:30/10:29,,45,28,,GMI,,
13921,GMI 341E,GMI,LS,Automatic Control Systems,,İsmail Çiçek,,Cuma,08:30/11:29,,85,69,,"GMI, GMIE",,
13922,GMI 392E,GMI,LS,Long Term Sea Training,,İsmail Çiçek,,,/,,500,10,,"GMI, GMIE",,
13923,GMI 436E,GMI,LS,Quality and Safety Manag.Sys.,,Metin Çelik,,Salı,14:30/16:29,,50,39,,"GMI, GMIE",,
13925,GMI 384E,GMI,LS,Engine Room Simulator (ERS) I,,Kadir Çiçek,,Çarşamba,08:30/11:29,,50,24,,"GMI, GMIE",,
13926,GMI 117,GMI,LS,Gemi Mak. İşl.Müh.Gir.veEtik,,Kadir Çiçek,,Çarşamba,13:30/15:29,,110,109,,GMI,,
13927,MRE 381,MRE,LS,Engineering Economics,,--,,Cuma,08:30/12:29,,0,0,,SGM,,
13928,TUR 101,TUR,LS,Türk Dili I,,--,,Salı,08:30/10:29,,0,0,,SGM,,
13929,TUR 102,TUR,LS,Türk Dili II,,Sinan Çakır,,Çarşamba,13:30/15:29,,80,42,,"GMI, GMIE",,
13930,TES 111E,TES,LS,Project I,,Muhammed Ali Örnek,,Pazartesi | Perşembe,08:30/12:29 | 08:30/12:29,,24,24,,"ENTE, EUT, EUTE, EUTM, ICM, MIM, MIME, PEM, PEME, SBP, SBPE",,
13931,TES 112E,TES,LS,Vis.Comm.I:Visualiz.&Tch.Drw.,,Muhammed Ali Örnek,,Cuma,13:30/17:29,,33,33,,"ENTE, EUT, EUTE, ICM, MIM, MIME, PEM, PEME, SBP, SBPE",,
13932,TES 211E,TES,LS,Project III,,Melih Bozkurt,,Pazartesi | Perşembe,13:30/17:29 | 13:30/17:29,,20,18,,"PEM, PEME",,
13933,TES 211E,TES,LS,Project III,,Meliz Akyol,,Pazartesi | Perşembe,13:30/17:29 | 13:30/17:29,,20,20,,"PEM, PEME",,
13934,TES 211E,TES,LS,Project III,,Ikhwan Kim,,Pazartesi | Perşembe,13:30/17:29 | 13:30/17:29,,20,15,,"PEM, PEME",,
13935,PEM 119E,PEM,LS,Int.Landscape Architec.&Ethics,,Melih Bozkurt,,Çarşamba,13:30/15:29,,70,69,,"PEM, PEME, PEMM",,
13936,PEM 212E,PEM,LS,Landscape Design I,,Fatma Ayçim Türer Başkaya,,Pazartesi | Perşembe,13:30/17:29 | 13:30/17:29,,5,4,,"PEM, PEME",,
13937,TUR 101,TUR,LS,Türk Dili I,,Sinan Çakır,,Çarşamba,08:30/10:29,,10,10,,"GMI, GMIE",,
13938,MTH 121,MTH,LS,Calculus I,,--,,Çarşamba,08:30/12:29,,0,0,,"SDU, SGM",,
13939,ATA 102,ATA,LS,Atatürk İlk & İnkılap Trh II,,Emin Alp Malkoç,,Çarşamba,11:30/13:29,,90,88,,"BIO, BIOE, BLG, BLGE, CEV, CEVE, CHZ, CHZE, DEN, DENE, DUI, DUIE, ECNE, EHB, EHBE, EHN, ELE, ELH, ELK, ELKE, END, ENDE, ENTE, EUT, EUTE, FIZ, FIZE, GEM, GEME, GEMK, GEO, GEOE, GID, GIDE, GMI, GMIE, ICM, IML, IMLE, INS, INSE, ISL, ISLE, JDF, JEF, JEFE, JEO, JEOE, KIM, KIME, KMM, KMME, KOM, KOME, MAD, MADE, MAK, MAKE, MAT, MATE, MET, METE, MIM, MIME, MTO, MTOE, PEM, PEME, PET, PETE, SBP, SBPE, SEH, TEK, TEKE, TEL, THO, UCK, UCKE, UZB, UZBE, YZVE",,
13940,ATA 102,ATA,LS,Atatürk İlk & İnkılap Trh II,,--,,Perşembe,08:30/10:29,,0,0,,"SDU, SGM",,
13941,ATA 101,ATA,LS,Atatürk İlk & İnkılap Trh I,,--,,Çarşamba,13:30/15:29,,0,0,,"SDU, SGM",,
13942,ATA 101,ATA,LS,Atatürk İlk & İnkılap Trh I,,Pelin Helvacı,,Perşembe,10:30/12:29,,75,75,,"BIO, BIOE, BLG, BLGE, CEV, CEVE, CHZ, CHZE, DEN, DENE, DUI, DUIE, ECNE, EHB, EHBE, EHN, ELE, ELH, ELK, ELKE, END, ENDE, ENTE, EUT, EUTE, FIZ, FIZE, GEM, GEME, GEMK, GEO, GEOE, GID, GIDE, GMI, GMIE, ICM, IML, IMLE, INS, INSE, ISL, ISLE, JDF, JEF, JEFE, JEO, JEOE, KIM, KIME, KMM, KMME, KOM, KOME, MAD, MADE, MAK, MAKE, MAT, MATE, MET, METE, MIM, MIME, MTO, MTOE, PEM, PEME, PET, PETE, SBP, SBPE, SEH, TEK, TEKE, TEL, THO, UCK, UCKE, UZB, UZBE, YZVE",,
13943,ATA 101,ATA,LS,Atatürk İlk & İnkılap Trh I,,Pelin Helvacı,,Perşembe,08:30/10:29,,75,74,,"BIO, BIOE, BLG, BLGE, CEV, CEVE, CHZ, CHZE, DEN, DENE, DUI, DUIE, ECNE, EHB, EHBE, EHN, ELE, ELH, ELK, ELKE, END, ENDE, ENTE, EUT, EUTE, FIZ, FIZE, GEM, GEME, GEMK, GEO, GEOE, GID, GIDE, GMI, GMIE, ICM, IML, IMLE, INS, INSE, ISL, ISLE, JDF, JEF, JEFE, JEO, JEOE, KIM, KIME, KMM, KMME, KOM, KOME, MAD, MADE, MAK, MAKE, MAT, MATE, MET, METE, MIM, MIME, MTO, MTOE, PEM, PEME, PET, PETE, SBP, SBPE, SEH, TEK, TEKE, TEL, THO, UCK, UCKE, UZB, UZBE, YZVE",,
13944,DFH 201,DFH,LS,Temel Yüzme Becerisi,,Yusuf Nejat Koçar,,Çarşamba,10:30/12:29,,45,45,,"DUI, GMI",,
13945,DFH 201,DFH,LS,Temel Yüzme Becerisi,,Yusuf Nejat Koçar,,Çarşamba,13:30/15:29,,55,53,,"DUI, GMI",,
13946,MRE 453,MRE,LS,Ship Sys.V:Mar.Auxl. Mach. III,,Vural Ateş,,Çarşamba,08:30/12:29,,10,2,,SGM,,
13947,GMI 324,GMI,LS,Gemi Mak. Operasyon&Bakımı,,--,,Perşembe,13:30/15:29,,0,0,,GMI,,
13948,GMI 324,GMI,LS,Gemi Mak. Operasyon&Bakımı,,Vural Ateş,,Perşembe,15:30/17:29,,90,65,,GMI,,
13949,GMI 492E,GMI,LS,Design Project,,Vural Ateş,,,/,,500,6,,"GMI, GMIE",,
13950,GMI 492,GMI,LS,Tasarım Projesi,,Vural Ateş,,,/,,500,21,,GMI,,
13951,GMI 4901,GMI,LS,Gemi Mak. İşl. Müh. Tasarımı I,,Vural Ateş,,,/,,500,74,,GMI,,
13952,GMI 455,GMI,LS,Gemi Elektrotekniği II,,Gazi Koçak,,Çarşamba,12:30/14:29,,95,71,,GMI,,
13953,PHY 125,PHY,LS,Physics I,,--,,Perşembe,12:30/15:29,,0,0,,"SDU, SGM",,
13954,PHY 125L,PHY,LS,Physics I Laboratory,,--,,Perşembe,15:30/17:29,,0,0,,"SDU, SGM",,
13955,GMI 301,GMI,LS,Deniz Hukuku,,Hakan Muran,,Perşembe,13:30/15:29,,45,37,,GMI,,
13956,GMI 301,GMI,LS,Deniz Hukuku,,Hakan Muran,,Perşembe,15:30/17:29,,65,62,,GMI,,
13960,MRE 361,MRE,LS,Naval Arch.&Ship Construction,,--,,Cuma,14:30/17:29,,0,0,,SGM,,
13962,GMI 320,GMI,LS,Gemi İnşaatı ve Stabilite,,Melek Ertogan,,Pazartesi,08:30/10:29,,85,62,,GMI,,
13976,BLG 463E,BLG,LS,Innov. Leadership in Comp.Eng.,,Alper Almelek,,Cuma,13:00/15:59,,25,17,,"BLG, BLGE",,
13983,PEM 223E,PEM,LS,His.of Landscape Architec. II,,Ebru Erbaş Gürler,,Cuma,10:30/12:29,,5,4,,"PEM, PEME",,
13988,PEM 225E,PEM,LS,Hist.Theo.&Crtc.inLndsc.Arc.II,,Ebru Erbaş Gürler,,Pazartesi,08:30/11:29,,70,68,,"PEME, PEMM",,
13989,PEM 231E,PEM,LS,Plant Material II,,Hayriye Eşbah Tunçay,,Perşembe,08:30/12:29,,66,73,,"PEM, PEME, PEMM",,
13994,PEM 242E,PEM,LS,Landscape Eco.&Its Ref.onDsg.,,"Meltem Erdem Kaya, Meliz Akyol",,Salı,10:30/12:29,,65,72,,"PEM, PEME, PEMM",,
13995,PEM 253E,PEM,LS,Landscape Construction I,,Muhammed Ali Örnek,,Salı,13:30/17:29,,63,65,,"PEM, PEME",,
13996,PEM 311E,PEM,LS,Landscape Design II,,Ebru Erbaş Gürler,,Pazartesi | Perşembe,13:30/17:29 | 13:30/17:29,,17,17,,"PEM, PEME",,
14007,PEM 311E,PEM,LS,Landscape Design II,,Fatma Ayçim Türer Başkaya,,Pazartesi | Perşembe,13:30/17:29 | 13:30/17:29,,12,11,,"PEM, PEME",,
14008,PEM 312E,PEM,LS,Landscape Design III,,Hayriye Eşbah Tunçay,,Pazartesi | Perşembe,13:30/17:29 | 13:30/17:29,,10,12,,"PEM, PEME",,
14009,PEM 315E,PEM,LS,Urbanism & Planning Law,,"Eren Kürkçüoğlu, Gülden Demet Oruç, Hasan Serdar Kaya, Turgay Kerem Koramaz, Zeynep Günay, İmge Akçakaya Waite",,Salı,08:30/12:29,,40,31,,"PEM, PEME",,
14010,PEM 317E,PEM,LS,Urban Furniture and Space,,Gülşen Aytaç,,Perşembe,08:30/11:29,,42,41,,"ENTE, EUTE, ICM, MIM, MIME, PEM, PEME, SBP, SBPE",,
14011,PEM 320E,PEM,LS,Comp.Aided Landscape Architec.,,Muhammed Ali Örnek,,Cuma,09:30/12:29,,53,53,,"PEM, PEME",,
14012,PEM 343E,PEM,LS,Landscape Construction III,,Emrullah Çelik,,Çarşamba,08:30/12:29,,25,6,,"PEM, PEME",,
14013,PEM 347E,PEM,LS,Social Asspect of Landsc.Arch.,,Melih Bozkurt,,Çarşamba,09:30/12:29,,35,32,,"ENTE, EUTE, ICM, MIM, MIME, PEM, PEME, SBP, SBPE",,
14014,PEM 327E,PEM,LS,Adv.Rendering Tech.inLandscape,,Ikhwan Kim,,Cuma,13:30/16:29,,30,29,,"PEM, PEME",,
14015,PEM 353E,PEM,LS,Int.to Geographical Inf.Sys.,,Elif Kısar Koramaz,,Salı,13:30/17:29,,55,29,,"PEM, PEME",,
14016,PEM 405E,PEM,LS,Const.Drawi.Tch.in Landsc.Dsgn,,Hayriye Eşbah Tunçay,,Pazartesi,08:30/12:29,,35,22,,"PEM, PEME",,
14017,PEM 411E,PEM,LS,Landscape Design IV,,Hayriye Eşbah Tunçay,,Pazartesi | Perşembe,13:30/17:29 | 13:30/17:29,,12,12,,"PEM, PEME",,
14018,PEM 492E,PEM,LS,Graduation Project,,"Hayriye Eşbah Tunçay, Gülşen Aytaç, Melih Bozkurt",,,/,,500,10,,"PEM, PEME",,
14019,PEM 492,PEM,LS,Bitirme Çalışması,,"Hayriye Eşbah Tunçay, Gülşen Aytaç, Melih Bozkurt",,,/,,500,1,,PEM,,
14020,PEM 411E,PEM,LS,Landscape Design IV,,Gülşen Aytaç,,Pazartesi | Perşembe,13:30/17:29 | 13:30/17:29,,21,21,,"PEM, PEME",,
14022,BIL 100E,BIL,LS,Intr.to Prog.Language(PYTHON),,--,,Cuma | Cuma,14:30/15:29 | 15:30/17:29,,0,0,,"IML, MAK, TEK, TEKE",,
14023,RES 103E,RES,LS,Technical Drawing,,Sena Duru,,Perşembe,13:30/17:29,,61,62,,"CHZ, CHZE, DUI, DUIE, DUIK, EUT, EUTE, GID, GIDE, GMI, GMIE, JEO, JEOE, KMM, KMME, MAD, MADE, MET, METE, PET, PETE, TEK, TEKE",,
14024,RES 103E,RES,LS,Technical Drawing,,Sena Duru,,Cuma,13:30/17:29,,40,33,,"CHZ, CHZE, DUI, DUIE, DUIK, EUT, EUTE, GID, GIDE, GMI, GMIE, JEO, JEOE, KMM, KMME, MAD, MADE, MET, METE, PET, PETE, TEK, TEKE",,
14025,DFH 414E,DFH,LS,Port Management,,Tanzer Satır,,Perşembe,11:30/13:29,,60,58,,"DUI, DUIE",,
14026,BIL 113E,BIL,LS,Intr.to Sci& Eng.Comp.(MATLAB),,İlkay Özsev Yüksek,,Salı,08:30/11:29,,40,40,,"MET, METE, TEK, TEKE",,
14027,TEK 111E,TEK,LS,Intr.to Textile Engineering,,"Cevza Candan, Fatma Banu Nergis",,Cuma,11:30/12:29,,110,111,,"CEVE, TEK, TEKE",,
14028,ETK 101E,ETK,LS,Engineering Ethics,,Yeşim Beceren,,Çarşamba,13:30/14:29,,85,65,,"CHZ, CHZE, EHB, EHBE, EHN, IML, IMLE, JEF, JEFE, JEO, JEOE, KOM, KOME, KON, KONE, MAD, MADE, MAK, MAKE, MTO, MTOE, PET, PETE, SEH, TEK, TEKE",,
14029,TEK 114E,TEK,LS,Fiber Science,,İkilem Göcek,,Pazartesi,13:30/17:29,,35,42,,"TEK, TEKE, TEKM",,
14030,TEK 213E,TEK,LS,Textile Chemistry,,Berdan Kalav,,Salı,08:30/11:29,,40,33,,"TEK, TEKE, TEKM",,
14031,TEK 213E,TEK,LS,Textile Chemistry,,Umut Kıvanç Şahin,,Perşembe,13:30/16:29,,50,47,,"TEK, TEKE, TEKM",,
14032,TEK 233E,TEK,LS,Yarn Technology I,,"Fatma Banu Nergis, Yeşim Beceren",,Çarşamba,08:30/11:29,,35,26,,"TEK, TEKE, TEKM",,
14033,TEK 233E,TEK,LS,Yarn Technology I,,Nazan Okur,,Pazartesi,08:30/11:29,,50,51,,"TEK, TEKE, TEKM",,
14034,TEK 234E,TEK,LS,Weaving Technology I,,Hande Sezgin,,Çarşamba,12:30/15:29,,30,10,,"TEKE, TEKM",,
14035,TEK 254E,TEK,LS,Knitting Technology,,Nuray Uçar,,Salı,08:30/11:29,,30,19,,"TEKE, TEKM",,
14036,MEK 205E,MEK,LS,Engineering Mechanics,,Ali Kılıç,,Salı,13:30/16:29,,50,31,,"CHZ, CHZE, END, ENDE, GID, GIDE, GMI, GMIE, GMIK, IML, IMLE, ISL, ISLE, JEF, JEFE, JEO, JEOE, MAD, MADE, PET, PETE, TEKE",,
14037,MEK 205E,MEK,LS,Engineering Mechanics,,Özgür Atalay,,Pazartesi,13:30/16:29,,60,61,,"CHZ, CHZE, END, ENDE, GID, GIDE, GMI, GMIE, GMIK, IML, IMLE, ISL, ISLE, JEF, JEFE, JEO, JEOE, MAD, MADE, PET, PETE, TEKE",,
14038,MAL 201E,MAL,LS,Materials Science,,Sena Duru,,Perşembe,08:30/11:29,,50,47,,"TEK, TEKE",,
14039,MAL 201E,MAL,LS,Materials Science,,Meltem Yanılmaz,,Cuma,08:30/11:29,,55,53,,"TEK, TEKE",,
14040,MAT 271E,MAT,LS,Probability and Statistics,,Nazan Okur,,Pazartesi,13:30/16:29,,65,65,,"BIO, BIOE, BLG, BLGE, CEV, CEVE, CHZ, CHZE, DEN, DENE, DUI, EHB, EHBE, EHN, ELE, ELH, ELK, ELKE, ENTE, EUT, EUTE, FIZ, FIZE, GEM, GEME, GEMK, GEO, GEOE, GID, GIDE, GMI, GMIE, GMIK, IML, IMLE, INS, INSE, JEF, JEFE, JEO, JEOE, KMM, KMME, KOM, KOME, KON, KONE, MAD, MADE, MAK, MAKE, MET, METE, MTO, MTOE, PET, PETE, SBP, SBPE, SEH, TEK, TEKE, TEL, UCK, UCKE, UZB, UZBE",,
14041,MAT 271E,MAT,LS,Probability and Statistics,,Canan Sarıçam,,Salı,08:30/11:29,,65,66,,"BIO, BIOE, BLG, BLGE, CEV, CEVE, CHZ, CHZE, DEN, DENE, DUI, EHB, EHBE, EHN, ELE, ELH, ELK, ELKE, ENTE, EUT, EUTE, FIZ, FIZE, GEM, GEME, GEMK, GEO, GEOE, GID, GIDE, GMI, GMIE, GMIK, IML, IMLE, INS, INSE, JEF, JEFE, JEO, JEOE, KMM, KMME, KOM, KOME, KON, KONE, MAD, MADE, MAK, MAKE, MET, METE, MTO, MTOE, PET, PETE, SBP, SBPE, SEH, TEK, TEKE, TEL, UCK, UCKE, UZB, UZBE",,
14042,MUK 207E,MUK,LS,Strength of Materials,,Şule Selçuk,,Pazartesi,13:30/16:29,,40,30,,"CHZ, CHZE, IML, IMLE, TEK, TEKE",,
14043,INS 316E,INS,LS,Site Layout,,Gürkan Emre Gürcanlı,,Pazartesi,09:30/12:29,,70,70,,"INS, INSE",,
14045,TEK 305E,TEK,LS,Textile Testing,,"Osman Bülent Özipek, Nevin Çiğdem Gürsoy",,Salı | Perşembe,11:30/13:29 | 10:30/12:29,,35,25,,TEKE,,
14046,TEK 305E,TEK,LS,Textile Testing,,"Hale Karakaş, Nevin Çiğdem Gürsoy",,Çarşamba | Perşembe,13:30/15:29 | 08:30/10:29,,35,31,,TEKE,,
14047,TEK 361E,TEK,LS,Mechanisms,,Şule Selçuk,,Cuma,08:30/11:29,,50,39,,"IML, IMLE, TEK, TEKE",,
14048,TEK 361E,TEK,LS,Mechanisms,,Meltem Yanılmaz,,Pazartesi,08:30/11:29,,60,57,,"IML, IMLE, TEK, TEKE",,
14049,TEK 327E,TEK,LS,Machine Elements,,İkilem Göcek,,Salı,10:30/12:29,,35,24,,"TEK, TEKE",,
14050,TEK 327E,TEK,LS,Machine Elements,,İpek Yalçın Eniş,,Perşembe,14:30/16:29,,35,35,,"TEK, TEKE",,
14051,TEK 345E,TEK,LS,Clothing Technology,,Fatma Kalaoğlu,,Cuma,13:30/16:29,,35,30,,"TEK, TEKE, TEKM",,
14052,ICM 227,ICM,LS,"Iç Mim.Tarih,Kuram &Eleştri II",,Deniz Çalışır Pençe,,Pazartesi,08:30/10:29,,85,80,,ICM,,
14053,TEK 492E,TEK,LS,Senior Design Project,,Ömer Berk Berkalp,,,/,,500,21,,"TEK, TEKE",,
14054,ICM 325,ICM,LS,"Iç Mim.Tarih,Kuram &Elştri IV",,Deniz Çalışır Pençe,,Pazartesi,10:30/12:29,,80,74,,ICM,,
14055,TEK 4901E,TEK,LS,Textile Engineering Design I,,Ömer Berk Berkalp,,,/,,500,29,,TEKE,,
14056,TEK 413E,TEK,LS,Fabric Design,,Ömer Berk Berkalp,,Pazartesi,13:30/16:29,,35,17,,"TEK, TEKE, TEKM",,
14057,ICM 233,ICM,LS,Yapı Malzemesi,,Mehmet Serkan Yatağan,,Çarşamba | Cuma,08:30/10:29 | 13:30/15:29,,80,70,,ICM,,
14058,TEK 345E,TEK,LS,Clothing Technology,,Selin Hanife Eryürük,,Salı,13:30/16:29,,35,33,,"TEK, TEKE, TEKM",,
14059,ICM 215,ICM,LS,Taşıyıcı Sistem İlkeleri,,"Gülseren Erol Soyöz, Haluk Sesigür",,Cuma,10:30/13:29,,40,9,,ICM,,
14060,TEK 413E,TEK,LS,Fabric Design,,Burçak Karagüzel Kayaoğlu,,Cuma,08:30/11:29,,50,48,,"TEK, TEKE, TEKM",,
14061,ICM 242E,ICM,LS,Advanced Representation Tech.,,Zeynep Birgönül,,Salı,08:30/12:29,,40,16,,ICM,,
14062,ICM 351E,ICM,LS,Space And Furniture,,--,,Salı,13:30/17:29,,135,0,,"ICM, ICMM",,
14063,ICM 351E,ICM,LS,Space And Furniture,,Çiğdem Eren,,Salı,13:30/17:29,,40,40,,"ICM, ICMM",,
14064,TEK 455E,TEK,LS,Non-Woven Fabrics,,İpek Yalçın Eniş,,Çarşamba,08:30/11:29,,35,34,,"TEK, TEKE",,
14065,TEK 455E,TEK,LS,Non-Woven Fabrics,,İlkay Özsev Yüksek,,Perşembe,13:30/16:29,,35,27,,"TEK, TEKE",,
14066,ICM 351E,ICM,LS,Space And Furniture,,Kemal Can Atalayer,,Salı,13:30/17:29,,40,39,,"ICM, ICMM",,
14067,ICM 355E,ICM,LS,Invstg.Colr&Light in Int.Arch,,Ethem Gürer,,Çarşamba,08:30/11:29,,80,58,,"ICM, ICMM",,
14068,TEK 417E,TEK,LS,Technical Yarns,,Fatma Banu Nergis,,Salı,08:30/11:29,,30,16,,"TEK, TEKE",,
14069,ICM 305E,ICM,LS,Statistics,,Ahmet Gün,,Salı,09:30/12:29,,80,66,,ICM,,
14070,TEK 452E,TEK,LS,Knitting Technology II,,Sena Duru,,Pazartesi | Cuma,12:30/13:29 | 11:30/13:29,,30,5,,"TEK, TEKE",,
14071,ICM 447E,ICM,LS,Prdgms&Cse Std in Adpt.Re-Use,,Özge Cordan,,Perşembe,08:30/11:29,,80,70,,"ICM, ICMM",,
14072,ICM 119E,ICM,LS,Int.to Interior Archit.&Ethics,,"Akın Tolga İlter, Demet Arslan Dinçay",,Çarşamba,13:30/15:29,,85,87,,ICM,,
14073,ICM 217E,ICM,LS,Intr.to Interior Architecture,,"Akın Tolga İlter, Demet Arslan Dinçay",,Çarşamba,12:30/15:29,,40,15,,"ICM, ICME",,
14074,TEK 453E,TEK,LS,Synthetic &Textured Yarn Prod.,,Ali Demir,,Perşembe,08:30/11:29,,30,24,,"TEK, TEKE",,
14075,TEK 457E,TEK,LS,Pre-treatment Processes,,Berdan Kalav,,Cuma,13:30/16:29,,30,14,,"TEK, TEKE",,
14076,TEK 441E,TEK,LS,Yarn Production Calculations,,--,,Pazartesi,08:30/11:29,,0,0,,"TEK, TEKE",,
14077,ICM 333E,ICM,LS,Design Culture,,Emine Görgül,,Pazartesi,08:30/11:29,,100,78,,"ENTE, EUTE, ICM, PEME",,
14078,ICM 246E,ICM,LS,Interior Arch. Design Studio I,,Ebru Ersöz,,Pazartesi | Perşembe,13:30/17:29 | 13:30/17:29,,5,5,,"ICM, ICMM",,
14079,ICM 246E,ICM,LS,Interior Arch. Design Studio I,,Akın Tolga İlter,,Pazartesi | Perşembe,13:30/17:29 | 13:30/17:29,,6,4,,"ICM, ICMM",,
14080,ICM 349E,ICM,LS,Interior Arch.Design Studio II,,Ebru Ersöz,,Pazartesi | Perşembe,13:30/17:29 | 13:30/17:29,,27,27,,"ICM, ICMM",,
14081,ICM 349E,ICM,LS,Interior Arch.Design Studio II,,Akın Tolga İlter,,Pazartesi | Perşembe,13:30/17:29 | 13:30/17:29,,26,25,,"ICM, ICMM",,
14082,ICM 366E,ICM,LS,Interior Arch.Desgn Studio III,,Zeynep Birgönül,,Pazartesi | Perşembe,13:30/17:29 | 13:30/17:29,,5,4,,ICM,,
14083,ICM 366E,ICM,LS,Interior Arch.Desgn Studio III,,Emine Görgül,,Pazartesi | Perşembe,13:30/17:29 | 13:30/17:29,,5,2,,ICM,,
14084,ICM 449E,ICM,LS,Interior Arch.Desgn Studio IV,,Zeynep Birgönül,,Pazartesi | Perşembe,13:30/17:29 | 13:30/17:29,,31,28,,ICM,,
14085,ICM 449E,ICM,LS,Interior Arch.Desgn Studio IV,,Emine Görgül,,Pazartesi | Perşembe,13:30/17:29 | 13:30/17:29,,28,28,,ICM,,
14086,ICM 4902,ICM,LS,Diploma Projesi,,"Emine Görgül, Deniz Çalışır Pençe, Ethem Gürer",,,/,,500,13,,ICM,,
14087,ICM 4902E,ICM,LS,Graduation Project,,"Emine Görgül, Deniz Çalışır Pençe, Ethem Gürer",,,/,,500,2,,ICM,,
14088,TES 111E,TES,LS,Project I,,Ethem Gürer,,Pazartesi | Perşembe,08:30/12:29 | 08:30/12:29,,23,24,,"ENTE, EUT, EUTE, EUTM, ICM, MIM, MIME, PEM, PEME, SBP, SBPE",,
14089,TES 111E,TES,LS,Project I,,Ahmet Gün,,Pazartesi | Perşembe,08:30/12:29 | 08:30/12:29,,23,24,,"ENTE, EUT, EUTE, EUTM, ICM, MIM, MIME, PEM, PEME, SBP, SBPE",,
14090,TES 111E,TES,LS,Project I,,Demet Arslan Dinçay,,Pazartesi | Perşembe,08:30/12:29 | 08:30/12:29,,24,24,,"ENTE, EUT, EUTE, EUTM, ICM, MIM, MIME, PEM, PEME, SBP, SBPE",,
14091,TES 211E,TES,LS,Project III,,Ervin Garip,,Pazartesi | Perşembe,13:30/17:29 | 13:30/17:29,,33,33,,ICM,,
14092,TES 211E,TES,LS,Project III,,Özge Cordan,,Pazartesi | Perşembe,13:30/17:29 | 13:30/17:29,,33,33,,ICM,,
14093,TES 112E,TES,LS,Vis.Comm.I:Visualiz.&Tch.Drw.,,Ethem Gürer,,Cuma,13:30/17:29,,30,31,,"ENTE, EUT, EUTE, ICM, MIM, MIME, PEM, PEME, SBP, SBPE",,
14094,TES 112E,TES,LS,Vis.Comm.I:Visualiz.&Tch.Drw.,,Ahmet Gün,,Cuma,13:30/17:29,,30,31,,"ENTE, EUT, EUTE, ICM, MIM, MIME, PEM, PEME, SBP, SBPE",,
14095,MTM 401,MTM,LS,Cargo Handling Simulator,,Yunus Emre Şenol,,Pazartesi,12:30/14:29,,50,25,,"DUIK, MTM",,
14096,ENR 311,ENR,LS,Machinery Elements,,Kemal Demirel,,Cuma,13:30/16:29,,50,41,,"GEMK, GMIK, MEN, MENM, NAE",,
14097,ENR 321,ENR,LS,Otomatic Control Systems,,İsmail Çiçek,,Pazartesi,08:30/11:29,,50,45,,"GEMK, GMIK, MEN, MENM, NAE",,
14098,TEK 447E,TEK,LS,Ecological Textiles,,Berdan Kalav,,Salı,13:30/16:29,,30,20,,"TEK, TEKE",,
14099,MCH 100,MCH,LS,Maritime Chemistry,,Yasin Arslanoğlu,,Salı,08:30/11:29,,70,65,,"DUIK, GEMK, GMIK, MEN, MTM, NAE",,
14100,HSS 331,HSS,LS,Disaster Awareness,,Pelin Bolat,,Pazartesi,08:30/10:29,,60,54,,"DUIK, GEMK, GMIK, MEN, MTM, NAE",,
14101,TEK 451E,TEK,LS,Textile Prod.Management &Cntrl,,Canan Sarıçam,,Salı,13:30/16:29,,30,11,,"CEVE, TEK, TEKE",,
14102,TEK 456E,TEK,LS,Textile Finishing Auxiliaries,,Umut Kıvanç Şahin,,Çarşamba,12:30/15:29,,30,24,,"TEK, TEKE",,
14103,TEK 459E,TEK,LS,Garment Pattern Making inAppar,,Belgin Görgün,,Pazartesi,08:30/11:29,,30,7,,"TEK, TEKE",,
14104,TEK 483E,TEK,LS,Motion and Time Study,,Hande Sezgin,,Cuma,13:30/16:29,,30,4,,"TEK, TEKE",,
14105,TEK 485E,TEK,LS,Cost Accounting,,--,,Pazartesi,08:30/11:29,,0,0,,TEKE,,
14106,PAZ 101,PAZ,LS,Fundamentals of Textiles,,Osman Bülent Özipek,,Pazartesi,13:30/17:29,,40,9,,STP,,
14107,MTH 117,MTH,LS,Mathematics I,,Bayram Barış Kızılsaç,,Pazartesi | Pazartesi,08:30/12:29 | 13:30/14:29,,70,60,,"DUIK, GEMK, GMIK, MEN, MTM, NAE",,
14108,PAZ 121,PAZ,LS,Intr. to Fashion Industry,,Belgin Görgün,,Salı,08:30/11:29,,40,9,,STP,,
14109,LAT 161,LAT,LS,English Composition,,Gürcan Öztürk,,Çarşamba,09:30/12:29,,40,23,,"SMT, STP",,
14110,TUR 101,TUR,LS,Türk Dili I,,***,,Salı,11:30/13:29,,40,0,,STP,,
14111,MEN 201,MEN,LS,Marine Diesel Engines I,,Cumali Seçkin Mengeçin,,Salı,14:30/17:29,,50,29,,"GEMK, GMIK, MEN, MENM, NAE, NAEM",,
14112,MST 461,MST,LS,Terminal & Tanker Operations,,Tanzer Satır,,Pazartesi,10:30/12:29,,60,57,,"DUIK, GEMK, GMIK, MEN, MTM, NAE",,
14113,MEN 411,MEN,LS,Marine Auxialiary Machinery II,,Kemal Demirel,,Çarşamba,08:30/11:29,,50,38,,"GEMK, GMIK, MEN, MENM, NAE",,
14114,MCH 100L,MCH,LS,Maritime Chemistry Laboratory,,Yasin Arslanoğlu,,Salı,16:30/18:29,,60,52,,"DUIK, GEMK, GMIK, MEN, MTM, NAE",,
14115,MTM 201,MTM,LS,Terrestrial Navigation,,Orhan Gönel,,Salı,08:30/12:29,,50,31,,"DUIK, MTM, MTTM",,
14116,TUR 101,TUR,LS,Türk Dili I,,***,,Salı,11:30/13:29,,30,0,,SMT,,
14117,MEN 431,MEN,LS,Engine Room Mangm.& Leadership,,Cumali Seçkin Mengeçin,,Salı,11:30/13:29,,50,45,,"GMIK, MEN, MENM",,
14118,PAZ 103,PAZ,LS,The Hist.ofTextile Trade&Tech.,,Şükriye Yüksel Filiz,,Perşembe,10:30/12:29,,40,9,,STP,,
14119,PAZ 213,PAZ,LS,CAD&Design Fun.for Prn.Textil.,,"Şükriye Yüksel Filiz, Dilek Alpan",,Cuma,13:30/16:29,,40,9,,STP,,
14121,PAZ 207,PAZ,LS,Fabrics for Interiors,,"Canan Sarıçam, Belgin Görgün",,Çarşamba,13:30/15:29,,40,3,,STP,,
14122,PAZ 209,PAZ,LS,Fab. for Private Label Apparel,,"Fatma Kalaoğlu, Cevza Candan",,Perşembe,13:30/17:29,,40,4,,STP,,
14123,PAZ 302,PAZ,LS,Hi Tech Textiles,,"Ömer Berk Berkalp, Burçak Karagüzel Kayaoğlu",,Cuma,13:30/16:29,,40,3,,STP,,
14124,ATA 101,ATA,LS,Atatürk İlk & İnkılap Trh I,,***,,Pazartesi,11:30/13:29,,0,0,,STP,,
14125,INS 462E,INS,LS,Engineering Ethics,,Hüseyin Onur Tezcan,,Pazartesi,08:30/09:29,,140,135,,"INS, INSE",,
14128,ENR 201,ENR,LS,Fluid Mechanics,,Münir Süner,,Pazartesi,12:30/15:29,,70,62,,"DUIK, GEMK, GMIK, MEN, MTM, NAE, NAEM",,
14130,MEN 421,MEN,LS,Marine Diesel Engines III,,Fahrettin Küçükşahin,,Perşembe,08:30/11:29,,50,36,,"GMIK, MEN, MENM",,
14132,SBP 227E,SBP,LS,Physical Environmental Control,,Tarık Serhat Bozkurt,,Pazartesi,09:30/12:29,,45,0,,"SBP, SBPE",,
14133,MST 221,MST,LS,Maritime English I,,Halime Ceren Göktaş,,Çarşamba,08:30/11:29,,50,20,,"DUIK, MTM, MTTM",,
14134,MST 241,MST,LS,Marine Electrotechnics,,Melek Ertogan,,Salı,08:30/11:29,,50,31,,"GEMK, GMIK, MEN, MENM, NAE",,
14135,MST 311,MST,LS,Maritime Law I,,Nuri Koray Kurun,,Çarşamba,13:30/15:29,,80,80,,"DUIK, GEMK, GMIK, MEN, MTM, NAE",,
14136,MTM 331,MTM,LS,Maritime Practical Studies,,Serdar Kum,,Çarşamba,08:30/12:29,,50,34,,"DUIK, MTM",,
14138,MTM 321,MTM,LS,Celestial Navigation,,Orhan Gönel,,Cuma,14:30/17:29,,50,13,,"DUIK, MTM",,
14139,PAZ 217,PAZ,LS,Public Speaking,,Zeynep Şişman Şen,,Cuma,09:30/12:29,,30,3,,"SMT, STP",,
14140,MTH 203,MTH,LS,Differential Equations,,Sabire Cömert,,Cuma,08:30/12:29,,50,42,,"DUIK, GEMK, GMIK, MEN, MTM, NAE",,
14141,MEN 321,MEN,LS,Operation&Maint.of Marine Eng.,,Cumali Seçkin Mengeçin,,Çarşamba,08:30/12:29,,50,19,,"GMIK, MEN, MENM",,
14143,PAZ 381,PAZ,LS,Principles of Accounting,,Kaya Tokmakçıoğlu,,Salı,13:30/16:29,,40,4,,STP,,
14145,MST 242,MST,LS,Marine Communication,,Alaaddin Yıldıray Ertaş,,Perşembe,08:30/10:29,,50,48,,"DUIK, GEMK, GMIK, MEN, MTM, MTTM, NAE",,
14146,MST 101,MST,LS,Int.to Mar. Sciences & Ethics,,Selim Aksoy,,Çarşamba,13:30/15:29,,70,63,,"DUIK, GEMK, GMIK, MEN, MENM, MTM, MTTM, NAE, NAEM",,
14147,ULP 101,ULP,LS,NewBeg.Fresh.Sem.&Serv to L. I,,Cevza Candan,,Pazartesi | Çarşamba,16:30/17:29 | 08:30/09:29,,30,0,,SMT,,
14148,MOD 133,MOD,LS,Materials & Construction I,,Merve Gizem Ogan Yazgan,,Salı,13:30/17:29,,30,12,,SMT,,
14149,MOD 113,MOD,LS,Visual Design Concepts I,,"Elif Taşel, Nihan Topaloğlu",,Perşembe,08:30/12:29,,30,16,,SMT,,
14150,MOD 143,MOD,LS,Digital Design Studio,,Rüveyde Oder,,Salı | Cuma,09:30/12:29 | 09:30/12:29,,30,12,,SMT,,
14151,MOD 152,MOD,LS,Fundam. of Textiles for FD,,Osman Bülent Özipek,,Pazartesi,08:30/12:29,,30,12,,SMT,,
14152,LAT 161,LAT,LS,English Composition,,--,,Çarşamba,09:30/12:29,,0,0,,"SMT, STP",,
14153,LAT 173,LAT,LS,Hist.of Art&Civ.:Renais.to Md,,Şükriye Yüksel Filiz,,Pazartesi,13:30/16:29,,30,12,,SMT,,
14154,MOD 117,MOD,LS,Design Studio I - Int.Draping,,Şükriye Yüksel Filiz,,Perşembe,13:30/17:29,,30,12,,SMT,,
14155,MOD 243,MOD,LS,Appr.Desg.Studio-Patternmaking,,Belgin Görgün,,Pazartesi | Çarşamba,13:30/16:29 | 09:30/12:29,,30,10,,SMT,,
14156,MOD 217,MOD,LS,Desg.StudioIII-Struct. Draping,,Şükriye Yüksel Filiz,,Pazartesi | Salı,09:30/12:29 | 09:30/12:29,,30,11,,SMT,,
14157,MST 331,MST,LS,Shipping Finance,,Selim Aksoy,,Salı,18:30/20:29,,80,79,,"DUIK, GEMK, GMIK, MEN, MTM, NAE",,
14158,PHY 107L,PHY,LS,Physics I Lab.,,Banu Tansel Büyükçelebi,,Cuma,08:30/10:29,,70,64,,"DUIK, GEMK, GMIK, MEN, MTM, NAE",,
14159,COM 101,COM,LS,Compt.& Eng. Programming,,Ata Bilgili,,Perşembe,16:30/20:29,,70,60,,"GEMK, GMIK, MEN, MTM, NAE",,
14160,TUR 103,TUR,LS,Turkish Language I,,Sinan Çakır,,Salı,13:30/15:29,,50,44,,"DUIK, GEMK, GMIK, MEN, MTM, NAE",,
14161,MST 411,MST,LS,Marine Engines,,Muhammet Sandıkçı,,Salı,11:30/13:29,,50,38,,"DUIK, MTM",,
14162,ENR 211,ENR,LS,Engineering Mechanics,,Münir Süner,,Cuma,13:30/16:29,,70,56,,"DUIK, GEMK, GMIK, MEN, MTM, NAE",,
14163,MEN 301,MEN,LS,Engine Room Simulator (ERS) I,,Kemal Demirel,,Perşembe,08:30/12:29,,50,23,,"GMIK, MEN, MENM",,
14165,ENR 221,ENR,LS,Num.Analysis of Eng.Sys,,Ata Bilgili,,Çarşamba,10:30/12:29,,50,37,,"GEMK, GMIK, MEN, NAE",,
14171,END 113E,END,LS,Int.to Industrial Eng.& Ethics,,"Ramazan Evren, Şeyda Serdar Asan",,Çarşamba,13:30/15:29,,85,87,,ENDE,,
14172,END 341E,END,LS,Work Study,,Fethi Çalışır,,Salı,08:30/11:29,,120,118,,"END, ENDE",,
14174,MOD 237,MOD,LS,Visual Design Concepts III,,"Türkü Şahin, Ezgi Çılgın Çınar",,Çarşamba,13:30/17:29,,30,9,,SMT,,
14177,MOD 242,MOD,LS,Digital Design:Flats & Floats,,Belgin Görgün,,Cuma,13:30/16:29,,30,11,,SMT,,
14179,LAT 215,LAT,LS,History of Menswear,,Rüveyde Oder,,Salı,13:30/16:29,,30,12,,SMT,,
14180,LAT 147,LAT,LS,The Forensics of Fiber Analys.,,Hale Karakaş,,Cuma,09:30/12:29,,30,14,,SMT,,
14181,SPA 101,SPA,LS,Spanish I,,Oğuzhan Coşkunlu,,Pazartesi,13:30/16:29,,30,12,,"SMT, STP",,
14183,ATA 101,ATA,LS,Atatürk İlk & İnkılap Trh I,,***,,Pazartesi,11:30/13:29,,0,0,,SMT,,
14185,MOD 357,MOD,LS,Intr. to Knitwear Design,,"Belgin Görgün, Cevza Candan",,Perşembe | Cuma,08:30/11:29 | 08:30/11:29,,30,10,,SMT,,
14188,MOD 359,MOD,LS,Lifestyle Collection Design,,"Şükriye Yüksel Filiz, Nihan Topaloğlu",,Salı,13:30/17:29,,30,10,,SMT,,
14191,MOD 308,MOD,LS,Internship,,"Belgin Görgün, Şükriye Yüksel Filiz",,Pazartesi | Çarşamba | Cuma | Cuma,16:30/17:29 | 08:30/09:29 | 11:30/12:29 | 16:30/17:29,,30,10,,SMT,,
14193,MOD 304,MOD,LS,Computerized Pattern Design,,Belgin Görgün,,Perşembe,13:30/16:29,,30,11,,SMT,,
14207,PHE 101,PHE,LS,Physical Educaion,,Hakan Çap,,Perşembe,08:30/10:29,,70,64,,"DUIK, GEMK, GMIK, MEN, MTM, NAE",,
14208,MEN 311,MEN,LS,Marine Boilers and Operation,,Fahrettin Küçükşahin,,Perşembe,13:30/16:29,,50,41,,"GMIK, MEN, MENM",,
14209,MTM 411,MTM,LS,Cargo Handling and Stowage II,,Tanzer Satır,,Perşembe,14:30/17:29,,50,43,,"DUIK, MTM",,
14210,NTH 103,NTH,LS,National History I,,Pelin Helvacı,,Pazartesi,14:30/16:29,,50,42,,"DUIK, GEMK, GMIK, MEN, MTM, NAE",,
14211,MTM 311,MTM,LS,Watchkeeping II,,Selim Aksoy,,Salı,08:30/11:29,,50,29,,"DUIK, MTM, MTTM",,
14212,MST 232,MST,LS,Meteorology,,Ayşe Nak,,Cuma,08:30/11:29,,50,16,,"DUIK, MTM",,
14213,ENR 301,ENR,LS,Heat Transfer,,Seyfettin Bayraktar,,Cuma,08:30/11:29,,50,30,,"GEMK, GMIK, MEN, MENM, NAE",,
14214,MEN 401,MEN,LS,Oper.of Steam & Gas Turbines,,Cumali Seçkin Mengeçin,,Cuma,16:30/20:29,,50,36,,"GMIK, MEN, MENM",,
14215,MTM 421,MTM,LS,Ship Handling and Maneuvering,,Arife Tuğsan İşiaçık Çolak,,Salı,13:30/16:29,,50,33,,"DUIK, MTM",,
14216,MST 321,MST,LS,Org.Mang.&Behavior in Maritime,,Serdar Kum,,Cuma,11:30/13:29,,50,43,,"DUIK, GEMK, GMIK, MEN, MTM, NAE",,
14217,MIM 411,MIM,LS,Mimari Proje VII,,Nurbin Paker Kahvecioğlu,,Pazartesi | Perşembe,13:30/17:29 | 13:30/17:29,,20,22,,MIM,,
14218,MIM 411,MIM,LS,Mimari Proje VII,,Yüksel Demir,,Pazartesi | Perşembe,13:30/17:29 | 13:30/17:29,,20,20,,MIM,,
14219,MIM 411,MIM,LS,Mimari Proje VII,,Tan Kamil Gürer,,Pazartesi | Perşembe,13:30/17:29 | 13:30/17:29,,20,20,,MIM,,
14220,MIM 101E,MIM,LS,History of Art and Culture,,Oğuz Haşlakoğlu,,Salı,13:30/16:29,,30,29,,"ENTE, EUTE, ICM, MIM, MIME, PEME, SBP, SBPE",,
14221,MST 401,MST,LS,Maritime Safety,,"Hakan Çap, Levent Beden",,Cuma,08:30/11:29,,80,58,,"DUIK, GMIK, MEN, MTM",,
14222,MST 201,MST,LS,Ship Construction & Stability,,Melek Ertogan,,Salı,17:30/21:29,,80,66,,"DUIK, GMIK, MEN, MTM",,
14223,MTM 301,MTM,LS,E-Navigation Systems,,Serdar Kum,,Perşembe,08:30/11:29,,50,19,,"DUIK, MTM, MTTM",,
14224,MIM 113,MIM,LS,Statik,,"Halet Almıla Büyüktaşkın, Cenk Üstündağ, Haluk Sesigür",,Salı,10:30/12:29,,30,2,,"ICM, MIM",,
14225,ENR 212,ENR,LS,Strength of Materials I,,Erdem Üçer,,Salı,14:30/17:29,,50,34,,"GEMK, GMIK, MEN, NAE, NAEM",,
14226,MST 231,MST,LS,Maritime English I,,Müjgan Özenir,,Çarşamba,12:30/15:29,,50,15,,"GEMK, GMIK, MEN, NAE",,
14227,MIM 113E,MIM,LS,Statics,,"Cenk Üstündağ, Gülseren Erol Soyöz",,Salı,08:30/10:29,,30,5,,"ENTE, EUTE, ICM, MIM, MIME",,
14228,HSS 301,HSS,LS,Research Methods & Statistics,,Sabire Cömert,,Pazartesi,17:30/20:29,,85,86,,"DUIK, GEMK, GMIK, MEN, MTM, NAE",,
14229,MIM 125E,MIM,LS,Statics,,"Cenk Üstündağ, Gülseren Erol Soyöz",,Salı,08:30/10:29,,165,168,,"ENTE, EUTE, MIM, MIME",,
14230,MST 261,MST,LS,Rowing and Canoe-Kayak Sports,,İsmail Kandemir,,Pazartesi,15:30/18:29,,50,33,,"DUIK, GEMK, GMIK, MEN, MTM, NAE",,
14231,MST 421,MST,LS,Meteorology and Oceanography,,Ayşe Nak,,Çarşamba,08:30/10:29,,50,15,,"DUIK, MTM, MTTM",,
14232,PHY 107,PHY,LS,Physics I,,Banu Tansel Büyükçelebi,,Cuma,10:30/13:29,,70,65,,"DUIK, GEMK, GMIK, MEN, MTM, NAE",,
14233,MEN 211,MEN,LS,Workshop Training-I,,Cumali Seçkin Mengeçin,,,/,,50,35,,"GMIK, MEN",,
14234,MIM 125,MIM,LS,Statik,,"Halet Almıla Büyüktaşkın, Cenk Üstündağ, Haluk Sesigür",,Salı,10:30/12:29,,165,175,,"ICM, MIM",,
14235,MEN 331,MEN,LS,Workshop Training-II,,Cumali Seçkin Mengeçin,,,/,,50,26,,"GMIK, MEN",,
14236,MIM 119,MIM,LS,Mimarlığa Giriş ve Etik,,"Hakan Yaman, Hakan Tong, Meltem Aksoy",,Çarşamba,12:30/15:29,,80,82,,MIM,,
14237,MEN 302,MEN,LS,Onboard Training,,--,,,/,,50,0,,"GMIK, MEN, MENM",,
14238,MIM 119E,MIM,LS,Int.to Architecture and Ethics,,"Hüsnü Murat Günaydın, Seden Acun Özgünler, Yüksel Demir",,Çarşamba,12:30/15:29,,80,83,,"MIM, MIME",,
14239,MIM 122E,MIM,LS,Ancient&Byzantine Architecture,,Bilge Ar,,Çarşamba,08:30/10:29,,70,47,,"MIM, MIME",,
14240,MEN 402,MEN,LS,Graduation Design Project,,Cumali Seçkin Mengeçin,,,/,,50,7,,"GMIK, MEN",,
14241,MIM 126E,MIM,LS,Strength of Materials,,Gülseren Erol Soyöz,,Çarşamba,08:30/10:29,,70,56,,"ENTE, EUTE, ICM, MIM, MIME",,
14242,MTM 211,MTM,LS,Onboard Training-I,,Selim Aksoy,,,/,,60,48,,"DUIK, MTM",,
14243,MIM 162E,MIM,LS,Intr.to Building Construction,,Fatih Yazıcıoğlu,,Çarşamba,08:30/10:29,,60,9,,"MIM, MIME",,
14244,MIM 203,MIM,LS,Mimarlıkta Yapı ve Yapım,,"Caner Göçer, Hülya Kuş",,Çarşamba | Çarşamba,10:30/12:29 | 13:30/15:29,,155,151,,"ICM, MIM",,
14245,MTM 341,MTM,LS,Onboard Training-II,,Selim Aksoy,,,/,,50,28,,"DUIK, MTM",,
14246,MTM 302,MTM,LS,Onboard Training-III,,Selim Aksoy,,,/,,50,6,,"DUIK, MTM, MTTM",,
14247,MTM 402,MTM,LS,Graduation Design Project,,Selim Aksoy,,,/,,50,15,,"DUIK, MTM",,
14248,MIM 203E,MIM,LS,Building and Const inArch.,,"Ayşe Nil Türkeri, Fatih Yazıcıoğlu, Fethiye Ecem Edis",,Çarşamba | Çarşamba,10:30/12:29 | 13:30/15:29,,160,154,,"ICM, MIME",,
14249,MIM 212,MIM,LS,Mimari Proje IV,,Hakan Tong,,Pazartesi | Perşembe,13:30/17:29 | 13:30/17:29,,16,16,,MIM,,
14250,MIM 212E,MIM,LS,Architectural Design IV,,Sevil Yazıcı,,Pazartesi | Perşembe,13:30/17:29 | 13:30/17:29,,16,10,,"MIM, MIME",,
14251,MIM 411,MIM,LS,Mimari Proje VII,,Bünyamin Derman,,Pazartesi | Perşembe,13:30/17:29 | 13:30/17:29,,20,19,,MIM,,
14252,MIM 411E,MIM,LS,Architectural Design VII,,Ayşe Şentürer,,Pazartesi | Perşembe,13:30/17:29 | 13:30/17:29,,19,20,,"MIM, MIME",,
14253,MIM 411E,MIM,LS,Architectural Design VII,,Belkıs Uluoğlu,,Pazartesi | Perşembe,13:30/17:29 | 13:30/17:29,,19,15,,"MIM, MIME",,
14254,MIM 411E,MIM,LS,Architectural Design VII,,Ozan Önder Özener,,Pazartesi | Perşembe,13:30/17:29 | 13:30/17:29,,19,19,,"MIM, MIME",,
14255,MIM 411E,MIM,LS,Architectural Design VII,,Sinan Mert Şener,,Pazartesi | Perşembe,13:30/17:29 | 13:30/17:29,,19,19,,"MIM, MIME",,
14256,MIM 411E,MIM,LS,Architectural Design VII,,Mehmet Emin Şalgamcıoğlu,,Pazartesi | Perşembe,13:30/17:29 | 13:30/17:29,,19,19,,"MIM, MIME",,
14257,MIM 413E,MIM,LS,Art of the 20th Century,,Arzu İrem Mollaahmetoğlu,,Salı,09:30/12:29,,30,30,,"ENTE, EUT, EUTE, MIM, MIME, PEME, SBPE",,
14258,MIM 420E,MIM,LS,Logic and Theory of Design,,Michael Stefan Bitterman,,Salı,09:30/12:29,,25,10,,"ICM, MIM, MIME, PEM, PEME",,
14259,MIM 427E,MIM,LS,Restoration of Cultural Prop.,,Deniz Mazlum,,Perşembe,13:30/16:29,,30,25,,"ICM, MIM, MIME",,
14260,MIM 429E,MIM,LS,Topographical Practices,,Sıdıka Aslıhan Şenel,,Cuma,13:30/16:29,,30,23,,"MIM, MIME",,
14261,MIM 435E,MIM,LS,Mdrn Cncpts of Archtctrl Consv,,Sakine Yıldız Salman,,Salı,09:30/12:29,,25,21,,"ENTE, EUTE, ICM, MIM, MIME, PEM, PEME",,
14262,MIM 436,MIM,LS,Koruma Bilimine Giriş,,Işıl Polat Pekmezci,,Çarşamba,09:30/12:29,,25,24,,"ICM, MIM",,
14263,MIM 440E,MIM,LS,Generating Livable Environment,,Cemile Tiftik,,Salı,14:30/17:29,,30,27,,"ICM, MIM, MIME",,
14264,MIM 451,MIM,LS,Mimarlıkta Temsil ve Sunum,,"İffet Hülya Arı, Hakan Tong",,Çarşamba,09:30/12:29,,25,26,,"ICM, MIM",,
14265,MIM 455,MIM,LS,Bina Yapımında IK Yönetimi,,Gülfer Oraz,,Salı,09:30/12:29,,25,20,,MIM,,
14266,MIM 457,MIM,LS,Konut Planlaması & Tasrm Sorn,,Suat Apak,,Perşembe,09:30/12:29,,30,30,,"ICM, MIM, PEM, SBP",,
14267,MIM 461,MIM,LS,Özürlüler ve Yaş.İçin Çev.Tas,,Göksenin İnalhan,,Salı,13:30/16:29,,25,20,,"EUT, ICM, MIM, PEM, SBP",,
14268,MIM 461E,MIM,LS,Envir.Dsg.for the Dis.&Elderly,,Göksenin İnalhan,,Salı,09:30/12:29,,25,15,,"ENTE, EUT, EUTE, MIM, MIME, PEM, PEME, SBP, SBPE",,
14269,MIM 465E,MIM,LS,Buildng Sub-Structure & Ground,,Fatih Yazıcıoğlu,,Salı,09:30/12:29,,30,32,,"MIM, MIME",,
14270,MIM 467,MIM,LS,Pascal ile Programlama,,--,,Çarşamba,09:30/12:29,,0,0,,MIM,,
14271,MIM 471E,MIM,LS,Earthquake Resist.Building Dsg,,Oğuz Cem Çelik,,Çarşamba,09:30/12:29,,30,20,,"MIM, MIME",,
14272,MIM 482E,MIM,LS,"Architecture,Cities and Cinema",,--,,Çarşamba,09:30/12:29,,25,0,,"ICM, MIM, MIME, SBP, SBPE",,
14273,MIM 484,MIM,LS,Uygulama Projesi,,Hülya Kuş,,Salı | Cuma,13:30/17:29 | 08:30/12:29,,13,11,,MIM,,
14274,MIM 484,MIM,LS,Uygulama Projesi,,Leyla Tanaçan,,Salı | Cuma,13:30/17:29 | 08:30/12:29,,13,13,,MIM,,
14275,MIM 484,MIM,LS,Uygulama Projesi,,Alpin Köknel Yener,,Salı | Cuma,13:30/17:29 | 08:30/12:29,,12,12,,MIM,,
14276,MIM 484,MIM,LS,Uygulama Projesi,,Elçin Filiz Taş,,Salı | Cuma,13:30/17:29 | 08:30/12:29,,13,13,,MIM,,
14277,MIM 484,MIM,LS,Uygulama Projesi,,Hakan Yaman,,Salı | Cuma,13:30/17:29 | 08:30/12:29,,12,12,,MIM,,
14278,MIM 484,MIM,LS,Uygulama Projesi,,Şule Filiz Akşit,,Salı | Cuma,13:30/17:29 | 08:30/12:29,,10,13,,MIM,,
14279,MIM 484,MIM,LS,Uygulama Projesi,,Gülfer Oraz,,Salı | Cuma,13:30/17:29 | 08:30/12:29,,10,12,,MIM,,
14280,MIM 484,MIM,LS,Uygulama Projesi,,Gülten Manioğlu,,Salı | Cuma,13:30/17:29 | 08:30/12:29,,13,13,,MIM,,
14281,MIM 484,MIM,LS,Uygulama Projesi,,İkbal Çetiner,,Salı | Cuma,13:30/17:29 | 08:30/12:29,,10,0,,MIM,,
14282,MIM 484,MIM,LS,Uygulama Projesi,,Gül Koçlar Oral,,Salı | Cuma,13:30/17:29 | 08:30/12:29,,13,12,,MIM,,
14283,MIM 484,MIM,LS,Uygulama Projesi,,Nuri Serteser,,Salı | Cuma,13:30/17:29 | 08:30/12:29,,13,12,,MIM,,
14284,MIM 484E,MIM,LS,Construction Project,,Ayşe Nil Türkeri,,Salı | Cuma,13:30/17:29 | 08:30/12:29,,12,12,,"MIM, MIME",,
14285,MIM 484E,MIM,LS,Construction Project,,Fatih Yazıcıoğlu,,Salı | Cuma,13:30/17:29 | 08:30/12:29,,12,16,,"MIM, MIME",,
14286,MIM 484E,MIM,LS,Construction Project,,Mehmet Cem Altun,,Salı | Cuma,13:30/17:29 | 08:30/12:29,,14,14,,"MIM, MIME",,
14287,MIM 484E,MIM,LS,Construction Project,,Fethiye Ecem Edis,,Salı | Cuma,13:30/17:29 | 08:30/12:29,,12,12,,"MIM, MIME",,
14288,MIM 484E,MIM,LS,Construction Project,,Emrah Acar,,Salı | Cuma,13:30/17:29 | 08:30/12:29,,13,12,,"MIM, MIME",,
14289,MIM 491,MIM,LS,Mimarlıkta Morfoloji,,Pelin Dursun Çebi,,Perşembe,09:30/12:29,,25,13,,"ICM, MIM",,
14290,MIM 4902,MIM,LS,Diploma Projesi,,Yüksel Demir,,,/,,500,42,,MIM,,
14291,MIM 4902E,MIM,LS,Diploma Project,,Yüksel Demir,,,/,,500,78,,"MIM, MIME",,
14292,TES 111E,TES,LS,Project I,,Çiğdem Eren,,Pazartesi | Perşembe,08:30/12:29 | 08:30/12:29,,23,24,,"ENTE, EUT, EUTE, EUTM, ICM, MIM, MIME, PEM, PEME, SBP, SBPE",,
14293,MIM 221,MIM,LS,Türk Mimarlık Tarihi,,Aras Neftçi,,Cuma,15:30/17:29,,120,118,,MIM,,
14294,MIM 221E,MIM,LS,Hstry of Turkish Architecture,,Bilge Ar,,Cuma,13:30/15:29,,110,111,,"MIM, MIME",,
14295,MIM 222E,MIM,LS,Histry of Europn Architecture,,"Zeynep Kuban Tokgöz, Miyuki Aoki Girardelli",,Perşembe,10:30/12:29,,70,56,,"MIM, MIME",,
14296,MIM 223E,MIM,LS,Social Psychology,,Cemile Tiftik,,Perşembe,09:30/12:29,,30,25,,"EUT, ICM, MIM, MIME, PEM, PEME, SBP, SBPE",,
14297,MIM 231,MIM,LS,Yapı Malzemesi,,"Seden Acun Özgünler, Seda Erdem",,Salı | Perşembe,10:30/12:29 | 10:30/12:29,,120,108,,MIM,,
14298,MIM 231E,MIM,LS,Building Materials,,Mehmet Serkan Yatağan,,Salı | Perşembe,10:30/12:29 | 10:30/12:29,,120,116,,"MIM, MIME",,
14299,MIM 234E,MIM,LS,Reinforced Concrete Structures,,Haluk Sesigür,,Çarşamba,08:30/12:29,,70,36,,"MIM, MIME",,
14300,TES 111E,TES,LS,Project I,,Sevgi Türkkan,,Pazartesi | Perşembe,08:30/12:29 | 08:30/12:29,,23,24,,"ENTE, EUT, EUTE, EUTM, ICM, MIM, MIME, PEM, PEME, SBP, SBPE",,
14301,MIM 246E,MIM,LS,Environmental Control Studio,,Tarık Serhat Bozkurt,,Salı | Perşembe,13:30/17:29 | 08:30/12:29,,60,42,,"ICM, MIM, MIME",,
14302,TES 111E,TES,LS,Project I,,Mine Özkar Kabakçıoğlu,,Pazartesi | Perşembe,08:30/12:29 | 08:30/12:29,,23,23,,"ENTE, EUT, EUTE, EUTM, ICM, MIM, MIME, PEM, PEME, SBP, SBPE",,
14303,MIM 252E,MIM,LS,Theories of Architectural Dsgn,,Yüksel Demir,,Perşembe,09:30/12:29,,30,26,,"ENTE, EUT, EUTE, ICM, MIM, MIME, PEM, PEME, SBP, SBPE",,
14304,TES 111E,TES,LS,Project I,,Bahriye İlhan,,Pazartesi | Perşembe,08:30/12:29 | 08:30/12:29,,23,24,,"ENTE, EUT, EUTE, EUTM, ICM, MIM, MIME, PEM, PEME, SBP, SBPE",,
14305,TES 111E,TES,LS,Project I,,Nesip Ömer Erem,,Pazartesi | Perşembe,08:30/12:29 | 08:30/12:29,,24,24,,"ENTE, EUT, EUTE, EUTM, ICM, MIM, MIME, PEM, PEME, SBP, SBPE",,
14306,MIM 253,MIM,LS,Çelik Yapılar,,"Necdet Torunbalcı, Haluk Sesigür",,Cuma,08:30/10:29,,120,118,,MIM,,
14307,MIM 253E,MIM,LS,Steel Structures,,Oğuz Cem Çelik,,Cuma,10:30/12:29,,120,110,,"MIM, MIME",,
14308,MIM 271,MIM,LS,Yapı Statiği,,"Gülseren Erol Soyöz, Haluk Sesigür",,Salı,13:30/15:29,,120,119,,MIM,,
14309,TES 111E,TES,LS,Project I,,Ayşe Meltem Baslo,,Pazartesi | Perşembe,08:30/12:29 | 08:30/12:29,,23,23,,"ENTE, EUT, EUTE, EUTM, ICM, MIM, MIME, PEM, PEME, SBP, SBPE",,
14310,TES 111E,TES,LS,Project I,,Sema Alaçam,,Pazartesi | Perşembe,08:30/12:29 | 08:30/12:29,,27,27,,"ENTE, EUT, EUTE, EUTM, ICM, MIM, MIME, PEM, PEME, SBP, SBPE",,
14311,TES 111E,TES,LS,Project I,,--,,Pazartesi | Perşembe,08:30/12:29 | 08:30/12:29,,0,0,,"ENTE, EUT, EUTE, EUTM, ICM, MIM, MIME, PEM, PEME, SBP, SBPE",,
14312,TES 111E,TES,LS,Project I,,Göksenin İnalhan,,Pazartesi | Perşembe,08:30/12:29 | 08:30/12:29,,23,24,,"ENTE, EUT, EUTE, EUTM, ICM, MIM, MIME, PEM, PEME, SBP, SBPE",,
14313,TES 111E,TES,LS,Project I,,Aslı Çekmiş,,Pazartesi | Perşembe,08:30/12:29 | 08:30/12:29,,0,0,,"ENTE, EUT, EUTE, EUTM, ICM, MIM, MIME, PEM, PEME, SBP, SBPE",,
14314,TES 111E,TES,LS,Project I,,Derya Güleç Özer,,Pazartesi | Perşembe,08:30/12:29 | 08:30/12:29,,24,24,,"ENTE, EUT, EUTE, EUTM, ICM, MIM, MIME, PEM, PEME, SBP, SBPE",,
14315,MIM 271E,MIM,LS,Theory of Structures,,"Cenk Üstündağ, Gülseren Erol Soyöz",,Salı,15:30/17:29,,120,96,,"MIM, MIME",,
14317,MIM 305E,MIM,LS,Statistics,,Michael Stefan Bitterman,,Cuma,09:30/12:29,,170,171,,"ICM, MIM, MIME",,
14318,MIM 312,MIM,LS,Mimari Proje VI,,Gökhan Ülken,,Pazartesi | Perşembe,13:30/17:29 | 13:30/17:29,,20,19,,MIM,,
14319,TES 112E,TES,LS,Vis.Comm.I:Visualiz.&Tch.Drw.,,Bahriye İlhan,,Cuma,13:30/17:29,,30,31,,"ENTE, EUT, EUTE, ICM, MIM, MIME, PEM, PEME, SBP, SBPE",,
14320,MIM 312,MIM,LS,Mimari Proje VI,,Suat Apak,,Pazartesi | Perşembe,13:30/17:29 | 13:30/17:29,,20,20,,MIM,,
14321,MIM 312E,MIM,LS,Architectural Design VI,,Zuhal Kol,,Pazartesi | Perşembe,13:30/17:29 | 13:30/17:29,,20,19,,"MIM, MIME",,
14322,MIM 312E,MIM,LS,Architectural Design VI,,--,,Pazartesi | Perşembe,13:30/17:29 | 13:30/17:29,,15,0,,"MIM, MIME",,
14323,MIM 318,MIM,LS,Bilg ile Yapma Çevrede Perf Dğ,,Şule Filiz Akşit,,Salı,09:30/12:29,,25,18,,MIM,,
14324,MIM 321,MIM,LS,Çağdaş Mimarlık,,Vesile Gül Cephanecigil,,Pazartesi,10:30/12:29,,110,100,,MIM,,
14325,MIM 321E,MIM,LS,Contemporary Architecture,,Miyuki Aoki Girardelli,,Pazartesi,10:30/12:29,,115,114,,"MIM, MIME",,
14326,MIM 322,MIM,LS,Tarihi Çevre Koruma & Restr,,"Yegan Kahya Sayar, Gülsüm Tanyeli, Sakine Yıldız Salman, Zeynep Eres Özdoğan",,Çarşamba,13:30/15:29,,150,88,,MIM,,
14327,MIM 322E,MIM,LS,Conserv.of Hist. Build.&Sites,,"Deniz Mazlum, Işıl Polat Pekmezci",,Çarşamba,13:30/15:29,,100,52,,"MIM, MIME",,
14328,MIM 333,MIM,LS,Yapım Sistemleri,,Hakan Yaman,,Cuma,13:30/15:29,,100,100,,MIM,,
14329,MIM 333E,MIM,LS,Building Production Systems,,Fatma Pınar Çakmak,,Cuma,13:30/15:29,,100,93,,"MIM, MIME",,
14330,MIM 335E,MIM,LS,Energy Efficient Housing,,"Gül Koçlar Oral, Alpin Köknel Yener",,Salı,09:30/12:29,,30,26,,"ICM, MIM, MIME",,
14331,MIM 342,MIM,LS,Peyzaj Tasarımı & Uyg.İlkeleri,,Yasin Çağatay Seçkin,,Perşembe,08:30/12:29,,25,26,,MIM,,
14332,TES 112E,TES,LS,Vis.Comm.I:Visualiz.&Tch.Drw.,,Ayşe Meltem Baslo,,Cuma,13:30/17:29,,31,30,,"ENTE, EUT, EUTE, ICM, MIM, MIME, PEM, PEME, SBP, SBPE",,
14333,TES 112E,TES,LS,Vis.Comm.I:Visualiz.&Tch.Drw.,,Sema Alaçam,,Cuma,13:30/17:29,,36,36,,"ENTE, EUT, EUTE, ICM, MIM, MIME, PEM, PEME, SBP, SBPE",,
14334,MIM 343,MIM,LS,Şehircilik ve İmar Hukuku,,--,,Salı,08:30/12:29,,170,0,,MIM,,
14335,TES 112E,TES,LS,Vis.Comm.I:Visualiz.&Tch.Drw.,,Michael Stefan Bitterman,,Cuma,13:30/17:29,,22,22,,"ENTE, EUT, EUTE, ICM, MIM, MIME, PEM, PEME, SBP, SBPE",,
14336,MIM 343,MIM,LS,Şehircilik ve İmar Hukuku,,Ayşe Lale Berköz,,Salı,08:30/12:29,,17,17,,MIM,,
14337,TES 112E,TES,LS,Vis.Comm.I:Visualiz.&Tch.Drw.,,Demet Günal Ertaş,,Cuma,13:30/17:29,,22,22,,"ENTE, EUT, EUTE, ICM, MIM, MIME, PEM, PEME, SBP, SBPE",,
14338,MIM 343,MIM,LS,Şehircilik ve İmar Hukuku,,Fatih Terzi,,Salı,08:30/12:29,,18,18,,MIM,,
14339,TES 112E,TES,LS,Vis.Comm.I:Visualiz.&Tch.Drw.,,Derya Güleç Özer,,Cuma,13:30/17:29,,23,23,,"ENTE, EUT, EUTE, ICM, MIM, MIME, PEM, PEME, SBP, SBPE",,
14340,TES 112E,TES,LS,Vis.Comm.I:Visualiz.&Tch.Drw.,,--,,Cuma,13:30/17:29,,600,0,,"ENTE, EUT, EUTE, ICM, MIM, MIME, PEM, PEME, SBP, SBPE",,
14341,MIM 343,MIM,LS,Şehircilik ve İmar Hukuku,,Funda Yirmibeşoğlu,,Salı,08:30/12:29,,17,17,,MIM,,
14342,TES 113E,TES,LS,Basic Design and Visual Arts,,Oğuz Haşlakoğlu,,Çarşamba,08:30/12:29,,52,53,,"ENTE, EUT, EUTE, ICM, MIM, MIME, PEM, PEME, SBP, SBPE",,
14343,MIM 343,MIM,LS,Şehircilik ve İmar Hukuku,,Özlem Özçevik,,Salı,08:30/12:29,,18,18,,MIM,,
14344,TES 113E,TES,LS,Basic Design and Visual Arts,,Michael Stefan Bitterman,,Çarşamba,08:30/12:29,,37,37,,"ENTE, EUT, EUTE, ICM, MIM, MIME, PEM, PEME, SBP, SBPE",,
14345,TES 113E,TES,LS,Basic Design and Visual Arts,,Özlem Berber Özkendirci,,Çarşamba,08:30/12:29,,37,37,,"ENTE, EUT, EUTE, ICM, MIM, MIME, PEM, PEME, SBP, SBPE",,
14346,MIM 343,MIM,LS,Şehircilik ve İmar Hukuku,,Şevkiye Şence Türk,,Salı,08:30/12:29,,8,8,,MIM,,
14347,TES 113E,TES,LS,Basic Design and Visual Arts,,Ayşe Meltem Baslo,,Çarşamba,08:30/12:29,,47,46,,"ENTE, EUT, EUTE, ICM, MIM, MIME, PEM, PEME, SBP, SBPE",,
14348,TES 113E,TES,LS,Basic Design and Visual Arts,,Ahmet Gün,,Çarşamba,08:30/12:29,,45,46,,"ENTE, EUT, EUTE, ICM, MIM, MIME, PEM, PEME, SBP, SBPE",,
14349,MIM 343,MIM,LS,Şehircilik ve İmar Hukuku,,Özhan Ertekin,,Salı,08:30/12:29,,17,17,,MIM,,
14350,TES 113E,TES,LS,Basic Design and Visual Arts,,--,,Çarşamba,08:30/12:29,,600,0,,"ENTE, EUT, EUTE, ICM, MIM, MIME, PEM, PEME, SBP, SBPE",,
14352,TES 211E,TES,LS,Project III,,Özlem Berber Özkendirci,,Pazartesi | Perşembe,13:30/17:29 | 13:30/17:29,,25,25,,"MIM, MIME",,
14353,MIM 343,MIM,LS,Şehircilik ve İmar Hukuku,,Engin Eyüp Eyuboğlu,,Salı,08:30/12:29,,17,17,,MIM,,
14354,TES 211E,TES,LS,Project III,,Cemile Tiftik,,Pazartesi | Perşembe,13:30/17:29 | 13:30/17:29,,25,18,,"MIM, MIME",,
14355,MIM 343,MIM,LS,Şehircilik ve İmar Hukuku,,Hatice Ayataç,,Salı,08:30/12:29,,17,17,,MIM,,
14356,TES 211E,TES,LS,Project III,,Deniz Çiler Erkan,,Pazartesi | Perşembe,13:30/17:29 | 13:30/17:29,,25,24,,"MIM, MIME",,
14357,TES 211E,TES,LS,Project III,,Elif Sezen Yağmur Kilimci,,Pazartesi | Perşembe,13:30/17:29 | 13:30/17:29,,25,25,,"MIM, MIME",,
14359,TES 211E,TES,LS,Project III,,Hakan Tüzün Şengün,,Pazartesi | Perşembe,13:30/17:29 | 13:30/17:29,,25,25,,"MIM, MIME",,
14360,TES 211E,TES,LS,Project III,,Fatma Erkök,,Pazartesi | Perşembe,13:30/17:29 | 13:30/17:29,,25,25,,"MIM, MIME",,
14361,TES 211E,TES,LS,Project III,,Sıdıka Aslıhan Şenel,,Pazartesi | Perşembe,13:30/17:29 | 13:30/17:29,,25,25,,"MIM, MIME",,
14362,TES 211E,TES,LS,Project III,,Burçin Kürtüncü,,Pazartesi | Perşembe,13:30/17:29 | 13:30/17:29,,25,25,,"MIM, MIME",,
14363,TES 211E,TES,LS,Project III,,Arzu İrem Mollaahmetoğlu,,Pazartesi | Perşembe,13:30/17:29 | 13:30/17:29,,25,25,,"MIM, MIME",,
14364,MIM 343E,MIM,LS,Urbanism and Planning Law,,--,,Salı,08:30/12:29,,102,0,,"MIM, MIME",,
14365,MIM 343E,MIM,LS,Urbanism and Planning Law,,Turgay Kerem Koramaz,,Salı,08:30/12:29,,14,15,,"MIM, MIME",,
14366,MIM 343E,MIM,LS,Urbanism and Planning Law,,Handan Türkoğlu,,Salı,08:30/12:29,,0,0,,"MIM, MIME",,
14367,MIM 343E,MIM,LS,Urbanism and Planning Law,,Gülden Demet Oruç,,Salı,08:30/12:29,,15,15,,"MIM, MIME",,
14368,MIM 343E,MIM,LS,Urbanism and Planning Law,,Zeynep Günay,,Salı,08:30/12:29,,14,14,,"MIM, MIME",,
14369,MIM 343E,MIM,LS,Urbanism and Planning Law,,Hasan Serdar Kaya,,Salı,08:30/12:29,,15,15,,"MIM, MIME",,
14370,MIM 343E,MIM,LS,Urbanism and Planning Law,,Eren Kürkçüoğlu,,Salı,08:30/12:29,,14,14,,"MIM, MIME",,
14371,MIM 348,MIM,LS,Yapıda Malzeme Seçimi,,Seda Erdem,,Çarşamba,09:30/12:29,,25,24,,"ICM, MIM",,
14372,MIM 351,MIM,LS,Mimari Proje V,,Gülçin Pulat Gökmen,,Pazartesi | Perşembe,13:30/17:29 | 13:30/17:29,,20,20,,MIM,,
14373,MIM 351,MIM,LS,Mimari Proje V,,İffet Hülya Arı,,Pazartesi | Perşembe,13:30/17:29 | 13:30/17:29,,20,20,,MIM,,
14374,MIM 351,MIM,LS,Mimari Proje V,,Dilek Yıldız,,Pazartesi | Perşembe,13:30/17:29 | 13:30/17:29,,20,20,,MIM,,
14375,MIM 351,MIM,LS,Mimari Proje V,,Nizam Onur Sönmez,,Pazartesi | Perşembe,13:30/17:29 | 13:30/17:29,,20,20,,MIM,,
14376,MIM 351,MIM,LS,Mimari Proje V,,Pelin Dursun Çebi,,Pazartesi | Perşembe,13:30/17:29 | 13:30/17:29,,20,20,,MIM,,
14377,MIM 351E,MIM,LS,Architectural Design V,,Elmira Ayşe Gür,,Pazartesi | Perşembe,13:30/17:29 | 13:30/17:29,,20,20,,"MIM, MIME",,
14378,INS 433,INS,LS,Betonarme II,,Cem Demir,,Çarşamba | Perşembe,13:30/15:29 | 13:30/15:29,,20,14,,INS,,
14379,MIM 351E,MIM,LS,Architectural Design V,,Funda Uz,,Pazartesi | Perşembe,13:30/17:29 | 13:30/17:29,,20,20,,"MIM, MIME",,
14380,MIM 351E,MIM,LS,Architectural Design V,,Meltem Aksoy,,Pazartesi | Perşembe,13:30/17:29 | 13:30/17:29,,20,20,,"MIM, MIME",,
14381,MIM 351E,MIM,LS,Architectural Design V,,Leman Figen Gül,,Pazartesi | Perşembe,13:30/17:29 | 13:30/17:29,,20,21,,"MIM, MIME",,
14382,MIM 356,MIM,LS,Fotograf,,Aras Neftçi,,Salı,09:30/12:29,,25,0,,"ICM, MIM, PEM, SBP",,
14383,MIM 359E,MIM,LS,Construction Mngmnt & Economy,,"Fatma Pınar Çakmak, Bahriye İlhan",,Çarşamba | Çarşamba,09:30/12:29 | 13:30/15:29,,70,54,,"MIM, MIME",,
14384,MIM 361E,MIM,LS,Archtctrl Survey & Restrtn Std,,Umut Almaç,,Perşembe,08:30/12:29,,30,32,,"MIM, MIME",,
14385,MIM 364E,MIM,LS,Design with Natural Aspects,,Burçin Kürtüncü,,Çarşamba,12:30/15:29,,30,25,,"MIM, MIME",,
14386,MIM 372E,MIM,LS,Utl.ofConcrete Tech.in Arch,,Mehmet Serkan Yatağan,,Cuma,09:30/12:29,,30,22,,"ENTE, EUTE, ICM, MIM, MIME, PEME, SBP, SBPE",,
14387,MIM 375,MIM,LS,Eskiçağ Anad.Kent.Yerl.ve Mim.,,Nejat Turgut Saner,,Salı,10:30/13:29,,25,25,,"ICM, MIM, SBP",,
14388,MIM 377E,MIM,LS,Cities and Architecture,,Fatma Erkök,,Perşembe,09:30/12:29,,30,30,,"ICM, MIM, MIME, PEM, PEME, SBP, SBPE",,
14389,MIM 378E,MIM,LS,Tall Building Structures,,Halet Almıla Büyüktaşkın,,Çarşamba,12:30/15:29,,30,36,,"MIM, MIME",,
14390,ENR 211,ENR,LS,Engineering Mechanics,,Mustafa Erden Yıldızdağ,,Salı,08:30/11:29,,50,40,,"DUIK, GEMK, GMIK, MEN, MTM, NAE",,
14391,ENR 361,ENR,LS,Statics,,İsmail Yalçın,,Cuma,13:30/16:29,,50,5,,"GEMK, NAE",,
14392,ILT 101E,ILT,LS,Technical Writing&Presentation,,İbrahim Metin Mıhçakan,,Cuma,09:30/11:29,,80,6,,"PET, PETE",,
14393,MST 311,MST,LS,Maritime Law I,,Nuri Koray Kurun,,Cuma,14:30/16:29,,50,42,,"DUIK, GEMK, GMIK, MEN, MTM, NAE",,
14394,NAE 211,NAE,LS,Ship Geometry,,Devrim Bülent Danışman,,Cuma,08:30/11:29,,50,23,,"GEMK, MEN, NAE, NAEM",,
14395,GEM 4901,GEM,LS,Gemi İnş.&Gemi Mak. Müh.Tas.I,,Barış Barlas,,,/,,500,0,,GEM,,
14397,DUI 213E,DUI,LS,Ship Constrct.and Stability,,Melek Ertogan,,Çarşamba,08:30/11:29,,50,51,,DUI,,
14398,DUI 213E,DUI,LS,Ship Constrct.and Stability,,Melek Ertogan,,Çarşamba,12:30/15:29,,60,57,,DUI,,
14399,MRE 383,MRE,LS,Ship Management,,Metin Çelik,,Perşembe,14:30/17:29,,10,2,,SGM,,
14400,MRE 432,MRE,LS,Maritime Law,,Hakan Muran,,Perşembe,08:30/11:29,,10,2,,SGM,,
14401,PHE 101,PHE,LS,Physical Educaion,,Kadir Can Çakıcı,,Cuma,11:30/13:29,,50,39,,"DUIK, GEMK, GMIK, MEN, MTM, NAE",,
14402,PHY 107,PHY,LS,Physics I,,Aytekin Tüblek,,Cuma,14:30/17:29,,50,40,,"DUIK, GEMK, GMIK, MEN, MTM, NAE",,
14403,HSS 301,HSS,LS,Research Methods & Statistics,,Burcu Erbaş,,Cuma,10:30/13:29,,50,15,,"DUIK, GEMK, GMIK, MEN, MTM, NAE",,
14404,NAE 331,NAE,LS,Methods of Ship Production,,İsmail Hakkı Helvacıoğlu,,Pazartesi,13:30/16:29,,50,28,,"GEMK, NAE",,
14405,MTH 117,MTH,LS,Mathematics I,,Burhaneddin İzgi,,Çarşamba,08:30/13:29,,70,52,,"DUIK, GEMK, GMIK, MEN, MTM, NAE",,
14406,NAE 311,NAE,LS,Ship Theory,,Metin Taylan,,Pazartesi | Perşembe,08:30/10:29 | 12:30/14:29,,50,22,,"GEMK, NAE, NAEM",,
14407,NAE 411,NAE,LS,Ship Design Project I,,--,,Çarşamba,08:30/10:29,,0,0,,"GEMK, NAE",,
14408,PHY 107L,PHY,LS,Physics I Lab.,,Aytekin Tüblek,,Çarşamba,13:30/15:29,,60,40,,"DUIK, GEMK, GMIK, MEN, MTM, NAE",,
14409,ENR 201,ENR,LS,Fluid Mechanics,,Burcu Erbaş,,Pazartesi,14:30/17:29,,60,55,,"DUIK, GEMK, GMIK, MEN, MTM, NAE, NAEM",,
14410,MCH 100,MCH,LS,Maritime Chemistry,,Abdullah Aydoğan,,Pazartesi,12:30/15:29,,50,33,,"DUIK, GEMK, GMIK, MEN, MTM, NAE",,
14411,MCH 100L,MCH,LS,Maritime Chemistry Laboratory,,Abdullah Aydoğan,,Perşembe,11:30/13:29,,50,40,,"DUIK, GEMK, GMIK, MEN, MTM, NAE",,
14413,MST 101,MST,LS,Int.to Mar. Sciences & Ethics,,Şebnem Helvacıoğlu,,Pazartesi,15:30/17:29,,50,39,,"DUIK, GEMK, GMIK, MEN, MENM, MTM, MTTM, NAE, NAEM",,
14414,MST 231,MST,LS,Maritime English I,,Halime Ceren Göktaş,,Pazartesi,17:30/20:29,,50,36,,"GEMK, GMIK, MEN, NAE",,
14415,MST 331,MST,LS,Shipping Finance,,Erdem Üçer,,Pazartesi,10:30/12:29,,70,52,,"DUIK, GEMK, GMIK, MEN, MTM, NAE",,
14416,ENR 221,ENR,LS,Num.Analysis of Eng.Sys,,Şebnem Helvacıoğlu,,Salı,12:30/14:29,,50,46,,"GEMK, GMIK, MEN, NAE",,
14417,ENR 301,ENR,LS,Heat Transfer,,Selma Ergin,,Pazartesi,16:30/19:29,,50,35,,"GEMK, GMIK, MEN, MENM, NAE",,
14418,ENR 212,ENR,LS,Strength of Materials I,,Özgür Özgüç,,Çarşamba,08:30/11:29,,50,12,,"GEMK, GMIK, MEN, NAE, NAEM",,
14419,NAE 431,NAE,LS,Sailing Vessel Design,,Şakir Bal,,Perşembe,08:30/10:29,,50,12,,"GEMK, MEN, NAE",,
14420,MEN 201,MEN,LS,Marine Diesel Engines I,,Ahmet Ergün Palaz,,Perşembe,14:30/17:29,,50,28,,"GEMK, GMIK, MEN, MENM, NAE, NAEM",,
14421,MTH 203,MTH,LS,Differential Equations,,Mehmet Ali Karaca,,Perşembe,08:30/12:29,,50,46,,"DUIK, GEMK, GMIK, MEN, MTM, NAE",,
14422,NAE 321,NAE,LS,Ship Hydrodynamics,,Emin Korkut,,Salı | Çarşamba,08:30/11:29 | 08:30/10:29,,50,33,,"GEMK, NAE, NAEM",,
14423,NAE 421,NAE,LS,Ship Motions and Maneuvering,,Erdem Üçer,,Perşembe,13:30/17:29,,50,14,,"GEMK, NAE, NAEM",,
14424,NTH 103,NTH,LS,National History I,,Kadir Kon,,Perşembe,08:30/10:29,,50,27,,"DUIK, GEMK, GMIK, MEN, MTM, NAE",,
14425,COM 101,COM,LS,Compt.& Eng. Programming,,Ali Sinan Çabuk,,Salı,14:30/18:29,,50,31,,"GEMK, GMIK, MEN, MTM, NAE",,
14426,MEN 411,MEN,LS,Marine Auxialiary Machinery II,,Ahmet Ergün Palaz,,Salı,09:30/12:29,,50,12,,"GEMK, GMIK, MEN, MENM, NAE",,
14427,MST 241,MST,LS,Marine Electrotechnics,,Ali Sinan Çabuk,,Salı,11:30/14:29,,50,28,,"GEMK, GMIK, MEN, MENM, NAE",,
14428,NAE 201,NAE,LS,Practical Training-I,,Ömer Kemal Kınacı,,,/,,50,4,,"GEMK, NAE",,
14429,NAE 301,NAE,LS,Practical Training-II,,Ömer Kemal Kınacı,,,/,,50,4,,"GEMK, NAE",,
14430,NAE 401,NAE,LS,Practical Training-III,,Ömer Kemal Kınacı,,,/,,50,7,,"GEMK, NAE",,
14431,NAE 402,NAE,LS,Graduation Design Project,,Ömer Kemal Kınacı,,,/,,50,6,,"GEMK, NAE",,
14432,MST 222,MST,LS,Marine Electronics,,Ali Sinan Çabuk,,Salı,08:30/11:29,,50,16,,"DUIK, GEMK, GMIK, MEN, MTM, NAE",,
14433,DUI 402,DUI,LS,Deniz Hukuku II,,Hakan Muran,,Pazartesi,10:30/13:29,,50,40,,DUI,,
14436,GEM 101,GEM,LS,Gemi İnş.&Gem.Mak.Müh.Gir.&Etk,,Şebnem Helvacıoğlu,,Pazartesi,10:30/12:29,,40,53,,GEM,,
14438,GEM 327E,GEM,LS,Ship Hydrodynamics(Resistance),,Ömer Gören,,Salı,08:30/10:29,,70,63,,"GEM, GEMM",,
14439,GEO 460,GEO,LS,Yol Planlaması ve İnşaatı,,Adem Faik İyinam,,Perşembe,08:30/10:29,,40,30,,GEO,,
14440,ING 201,ING,LS,English III,,Gürcan Öztürk,,Cuma,08:30/11:29,,28,27,,"BIO, BIOE, BLG, BLGE, CEV, CEVE, CHZ, CHZE, DEN, DENE, ECNE, EHB, EHBE, EHN, ELE, ELH, ELK, ELKE, END, ENDE, ENTE, EUT, EUTE, FIZ, FIZE, GEM, GEME, GEMK, GEO, GEOE, GID, GIDE, ICM, IML, IMLE, INS, INSE, ISL, ISLE, JDF, JEF, JEFE, JEO, JEOE, KIM, KIME, KMM, KMME, KOM, KOME, MAD, MADE, MAK, MAKE, MAT, MATE, MET, METE, MIM, MIME, MTO, MTOE, MUZE, PEM, PEME, PET, PETE, SBP, SBPE, SEH, TEK, TEKE, TEL, UCK, UCKE, UZB, UZBE, YZVE",,
14441,ING 201,ING,LS,English III,,Zeynep Şişman Şen,,Çarşamba,08:30/11:29,,27,26,,"BIO, BIOE, BLG, BLGE, CEV, CEVE, CHZ, CHZE, DEN, DENE, ECNE, EHB, EHBE, EHN, ELE, ELH, ELK, ELKE, END, ENDE, ENTE, EUT, EUTE, FIZ, FIZE, GEM, GEME, GEMK, GEO, GEOE, GID, GIDE, ICM, IML, IMLE, INS, INSE, ISL, ISLE, JDF, JEF, JEFE, JEO, JEOE, KIM, KIME, KMM, KMME, KOM, KOME, MAD, MADE, MAK, MAKE, MAT, MATE, MET, METE, MIM, MIME, MTO, MTOE, MUZE, PEM, PEME, PET, PETE, SBP, SBPE, SEH, TEK, TEKE, TEL, UCK, UCKE, UZB, UZBE, YZVE",,
14442,MAT 202E,MAT,LS,Numerical Methods,,Hikmet Arslan,,Pazartesi,08:30/11:29,,220,216,,"BLG, BLGE, CEV, CEVE, CHZ, CHZE, DEN, DENE, EHB, EHBE, ELE, ELH, ELK, ELKE, GEM, GEME, GEMK, GEO, GEOE, GID, GIDE, IML, IMLE, INS, INSE, ISL, ISLE, JEF, JEFE, JEO, JEOE, KMM, KMME, KOM, KOME, KON, KONE, MAD, MADE, MAK, MAKE, MET, METE, MTO, MTOE, PET, PETE, TEK, TEKE, TEL, UCK, UCKE, UZB, UZBE",,
14443,ING 112,ING,LS,English I,,--,,Pazartesi,08:30/11:29,,0,0,,"BIO, BIOE, BLG, BLGE, CEV, CEVE, CHZ, CHZE, DEN, DENE, DUIE, ECNE, EHB, EHBE, EHN, ELE, ELH, ELK, ELKE, END, ENDE, ENTE, EUT, EUTE, FIZ, FIZE, GEM, GEME, GEMK, GEO, GEOE, GID, GIDE, GMIE, ICM, IML, IMLE, INS, INSE, ISL, ISLE, JDF, JEF, JEFE, JEO, JEOE, KIM, KIME, KMM, KMME, KOM, KOME, MAD, MADE, MAK, MAKE, MAT, MATE, MET, METE, MIM, MIME, MTO, MTOE, MUZE, PEM, PEME, PET, PETE, SBP, SBPE, SEH, TEK, TEKE, TEL, UCK, UCKE, UZB, UZBE, YZVE",,
14444,ING 112,ING,LS,English I,,--,,Pazartesi,13:30/16:29,,0,0,,"BIO, BIOE, BLG, BLGE, CEV, CEVE, CHZ, CHZE, DEN, DENE, DUIE, ECNE, EHB, EHBE, EHN, ELE, ELH, ELK, ELKE, END, ENDE, ENTE, EUT, EUTE, FIZ, FIZE, GEM, GEME, GEMK, GEO, GEOE, GID, GIDE, GMIE, ICM, IML, IMLE, INS, INSE, ISL, ISLE, JDF, JEF, JEFE, JEO, JEOE, KIM, KIME, KMM, KMME, KOM, KOME, MAD, MADE, MAK, MAKE, MAT, MATE, MET, METE, MIM, MIME, MTO, MTOE, MUZE, PEM, PEME, PET, PETE, SBP, SBPE, SEH, TEK, TEKE, TEL, UCK, UCKE, UZB, UZBE, YZVE",,
14445,ING 112,ING,LS,English I,,--,,Salı,08:30/11:29,,0,0,,"BIO, BIOE, BLG, BLGE, CEV, CEVE, CHZ, CHZE, DEN, DENE, DUIE, ECNE, EHB, EHBE, EHN, ELE, ELH, ELK, ELKE, END, ENDE, ENTE, EUT, EUTE, FIZ, FIZE, GEM, GEME, GEMK, GEO, GEOE, GID, GIDE, GMIE, ICM, IML, IMLE, INS, INSE, ISL, ISLE, JDF, JEF, JEFE, JEO, JEOE, KIM, KIME, KMM, KMME, KOM, KOME, MAD, MADE, MAK, MAKE, MAT, MATE, MET, METE, MIM, MIME, MTO, MTOE, MUZE, PEM, PEME, PET, PETE, SBP, SBPE, SEH, TEK, TEKE, TEL, UCK, UCKE, UZB, UZBE, YZVE",,
14446,ING 112,ING,LS,English I,,--,,Salı,13:30/16:29,,0,1,,"BIO, BIOE, BLG, BLGE, CEV, CEVE, CHZ, CHZE, DEN, DENE, DUIE, ECNE, EHB, EHBE, EHN, ELE, ELH, ELK, ELKE, END, ENDE, ENTE, EUT, EUTE, FIZ, FIZE, GEM, GEME, GEMK, GEO, GEOE, GID, GIDE, GMIE, ICM, IML, IMLE, INS, INSE, ISL, ISLE, JDF, JEF, JEFE, JEO, JEOE, KIM, KIME, KMM, KMME, KOM, KOME, MAD, MADE, MAK, MAKE, MAT, MATE, MET, METE, MIM, MIME, MTO, MTOE, MUZE, PEM, PEME, PET, PETE, SBP, SBPE, SEH, TEK, TEKE, TEL, UCK, UCKE, UZB, UZBE, YZVE",,
14447,ING 112,ING,LS,English I,,--,,Çarşamba,08:30/11:29,,0,0,,"BIO, BIOE, BLG, BLGE, CEV, CEVE, CHZ, CHZE, DEN, DENE, DUIE, ECNE, EHB, EHBE, EHN, ELE, ELH, ELK, ELKE, END, ENDE, ENTE, EUT, EUTE, FIZ, FIZE, GEM, GEME, GEMK, GEO, GEOE, GID, GIDE, GMIE, ICM, IML, IMLE, INS, INSE, ISL, ISLE, JDF, JEF, JEFE, JEO, JEOE, KIM, KIME, KMM, KMME, KOM, KOME, MAD, MADE, MAK, MAKE, MAT, MATE, MET, METE, MIM, MIME, MTO, MTOE, MUZE, PEM, PEME, PET, PETE, SBP, SBPE, SEH, TEK, TEKE, TEL, UCK, UCKE, UZB, UZBE, YZVE",,
14448,ING 112,ING,LS,English I,,--,,Perşembe,08:30/11:29,,0,0,,"BIO, BIOE, BLG, BLGE, CEV, CEVE, CHZ, CHZE, DEN, DENE, DUIE, ECNE, EHB, EHBE, EHN, ELE, ELH, ELK, ELKE, END, ENDE, ENTE, EUT, EUTE, FIZ, FIZE, GEM, GEME, GEMK, GEO, GEOE, GID, GIDE, GMIE, ICM, IML, IMLE, INS, INSE, ISL, ISLE, JDF, JEF, JEFE, JEO, JEOE, KIM, KIME, KMM, KMME, KOM, KOME, MAD, MADE, MAK, MAKE, MAT, MATE, MET, METE, MIM, MIME, MTO, MTOE, MUZE, PEM, PEME, PET, PETE, SBP, SBPE, SEH, TEK, TEKE, TEL, UCK, UCKE, UZB, UZBE, YZVE",,
14449,ING 112,ING,LS,English I,,--,,Perşembe,13:30/16:29,,0,0,,"BIO, BIOE, BLG, BLGE, CEV, CEVE, CHZ, CHZE, DEN, DENE, DUIE, ECNE, EHB, EHBE, EHN, ELE, ELH, ELK, ELKE, END, ENDE, ENTE, EUT, EUTE, FIZ, FIZE, GEM, GEME, GEMK, GEO, GEOE, GID, GIDE, GMIE, ICM, IML, IMLE, INS, INSE, ISL, ISLE, JDF, JEF, JEFE, JEO, JEOE, KIM, KIME, KMM, KMME, KOM, KOME, MAD, MADE, MAK, MAKE, MAT, MATE, MET, METE, MIM, MIME, MTO, MTOE, MUZE, PEM, PEME, PET, PETE, SBP, SBPE, SEH, TEK, TEKE, TEL, UCK, UCKE, UZB, UZBE, YZVE",,
14450,ING 112,ING,LS,English I,,--,,Cuma,08:30/11:29,,0,0,,"BIO, BIOE, BLG, BLGE, CEV, CEVE, CHZ, CHZE, DEN, DENE, DUIE, ECNE, EHB, EHBE, EHN, ELE, ELH, ELK, ELKE, END, ENDE, ENTE, EUT, EUTE, FIZ, FIZE, GEM, GEME, GEMK, GEO, GEOE, GID, GIDE, GMIE, ICM, IML, IMLE, INS, INSE, ISL, ISLE, JDF, JEF, JEFE, JEO, JEOE, KIM, KIME, KMM, KMME, KOM, KOME, MAD, MADE, MAK, MAKE, MAT, MATE, MET, METE, MIM, MIME, MTO, MTOE, MUZE, PEM, PEME, PET, PETE, SBP, SBPE, SEH, TEK, TEKE, TEL, UCK, UCKE, UZB, UZBE, YZVE",,
14452,ITB 203E,ITB,LS,Sociology,,Nurullah Ardıç,,Pazartesi,14:30/17:29,,60,60,,"BIO, BIOE, BLG, BLGE, BST, CAB, CEB, CEV, CEVE, CHZ, CHZE, DEN, DENE, DUI, ECNE, EHB, EHBE, ELE, ELH, ELK, ELKE, END, ENDE, ENTE, EUT, EUTE, FIZ, FIZE, GEM, GEME, GEMK, GEO, GEOE, GID, GIDE, GMI, GMIE, ICM, IML, IMLE, INS, INSE, ISL, ISLE, JDF, JEF, JEFE, JEO, JEOE, KIM, KIME, KMM, KMME, KMP, KOM, KOME, MAD, MADE, MAK, MAKE, MAT, MATE, MET, METE, MIM, MIME, MTO, MTOE, MTR, MUT, MUZ, MUZE, MZT, PEM, PEME, PET, PETE, SBP, SBPE, SES, TEB, TEK, TEKE, TEL, THO, UCK, UCKE, UZB, UZBE, YZVE",,
14453,ITB 203E,ITB,LS,Sociology,,Nurullah Ardıç,,Perşembe,11:30/14:29,,55,23,,"BIO, BIOE, BLG, BLGE, BST, CAB, CEB, CEV, CEVE, CHZ, CHZE, DEN, DENE, DUI, ECNE, EHB, EHBE, ELE, ELH, ELK, ELKE, END, ENDE, ENTE, EUT, EUTE, FIZ, FIZE, GEM, GEME, GEMK, GEO, GEOE, GID, GIDE, GMI, GMIE, ICM, IML, IMLE, INS, INSE, ISL, ISLE, JDF, JEF, JEFE, JEO, JEOE, KIM, KIME, KMM, KMME, KMP, KOM, KOME, MAD, MADE, MAK, MAKE, MAT, MATE, MET, METE, MIM, MIME, MTO, MTOE, MTR, MUT, MUZ, MUZE, MZT, PEM, PEME, PET, PETE, SBP, SBPE, SES, TEB, TEK, TEKE, TEL, THO, UCK, UCKE, UZB, UZBE, YZVE",,
14454,BIL 100E,BIL,LS,Intr.to Prog.Language(PYTHON),,Onur Yılmaz Özcan,,Çarşamba,08:30/11:29,,50,30,,"CEV, CEVE",,
14455,BIL 100E,BIL,LS,Intr.to Prog.Language(PYTHON),,Onur Yılmaz Özcan,,Perşembe,14:30/17:29,,65,63,,"CEV, CEVE",,
14456,STA 204E,STA,LS,Statics&Strength of Materials,,Murat Yılmaz,,Cuma,08:30/11:29,,120,121,,"CEV, CEVE, EHB, EHBE, ELE, ELH, ELK, ELKE, EUT, EUTE, GID, GIDE, ISL, ISLE, JEF, KMM, KMME, KOM, KOME, KON, KONE, MET, METE, MTO, PET, PETE, TEL",,
14463,INS 228,INS,LS,Yapı Malzemesi,,Hasan Yıldırım,,Salı | Perşembe,09:30/11:29 | 14:30/16:29,,65,56,,INS,,
14465,INS 228E,INS,LS,Building Materials,,Bekir Yılmaz Pekmezci,,Salı | Çarşamba,09:30/11:29 | 10:30/12:29,,55,18,,"INS, INSE",,
14482,ING 201,ING,LS,English III,,--,,Pazartesi,08:30/11:29,,0,0,,"BIO, BIOE, BLG, BLGE, CEV, CEVE, CHZ, CHZE, DEN, DENE, ECNE, EHB, EHBE, EHN, ELE, ELH, ELK, ELKE, END, ENDE, ENTE, EUT, EUTE, FIZ, FIZE, GEM, GEME, GEMK, GEO, GEOE, GID, GIDE, ICM, IML, IMLE, INS, INSE, ISL, ISLE, JDF, JEF, JEFE, JEO, JEOE, KIM, KIME, KMM, KMME, KOM, KOME, MAD, MADE, MAK, MAKE, MAT, MATE, MET, METE, MIM, MIME, MTO, MTOE, MUZE, PEM, PEME, PET, PETE, SBP, SBPE, SEH, TEK, TEKE, TEL, UCK, UCKE, UZB, UZBE, YZVE",,
14484,ING 201,ING,LS,English III,,--,,Pazartesi,13:30/16:29,,0,0,,"BIO, BIOE, BLG, BLGE, CEV, CEVE, CHZ, CHZE, DEN, DENE, ECNE, EHB, EHBE, EHN, ELE, ELH, ELK, ELKE, END, ENDE, ENTE, EUT, EUTE, FIZ, FIZE, GEM, GEME, GEMK, GEO, GEOE, GID, GIDE, ICM, IML, IMLE, INS, INSE, ISL, ISLE, JDF, JEF, JEFE, JEO, JEOE, KIM, KIME, KMM, KMME, KOM, KOME, MAD, MADE, MAK, MAKE, MAT, MATE, MET, METE, MIM, MIME, MTO, MTOE, MUZE, PEM, PEME, PET, PETE, SBP, SBPE, SEH, TEK, TEKE, TEL, UCK, UCKE, UZB, UZBE, YZVE",,
14485,ING 201,ING,LS,English III,,--,,Salı,08:30/11:29,,0,0,,"BIO, BIOE, BLG, BLGE, CEV, CEVE, CHZ, CHZE, DEN, DENE, ECNE, EHB, EHBE, EHN, ELE, ELH, ELK, ELKE, END, ENDE, ENTE, EUT, EUTE, FIZ, FIZE, GEM, GEME, GEMK, GEO, GEOE, GID, GIDE, ICM, IML, IMLE, INS, INSE, ISL, ISLE, JDF, JEF, JEFE, JEO, JEOE, KIM, KIME, KMM, KMME, KOM, KOME, MAD, MADE, MAK, MAKE, MAT, MATE, MET, METE, MIM, MIME, MTO, MTOE, MUZE, PEM, PEME, PET, PETE, SBP, SBPE, SEH, TEK, TEKE, TEL, UCK, UCKE, UZB, UZBE, YZVE",,
14488,ING 201,ING,LS,English III,,--,,Salı,13:30/16:29,,0,0,,"BIO, BIOE, BLG, BLGE, CEV, CEVE, CHZ, CHZE, DEN, DENE, ECNE, EHB, EHBE, EHN, ELE, ELH, ELK, ELKE, END, ENDE, ENTE, EUT, EUTE, FIZ, FIZE, GEM, GEME, GEMK, GEO, GEOE, GID, GIDE, ICM, IML, IMLE, INS, INSE, ISL, ISLE, JDF, JEF, JEFE, JEO, JEOE, KIM, KIME, KMM, KMME, KOM, KOME, MAD, MADE, MAK, MAKE, MAT, MATE, MET, METE, MIM, MIME, MTO, MTOE, MUZE, PEM, PEME, PET, PETE, SBP, SBPE, SEH, TEK, TEKE, TEL, UCK, UCKE, UZB, UZBE, YZVE",,
14489,ING 201,ING,LS,English III,,--,,Çarşamba,08:30/11:29,,0,0,,"BIO, BIOE, BLG, BLGE, CEV, CEVE, CHZ, CHZE, DEN, DENE, ECNE, EHB, EHBE, EHN, ELE, ELH, ELK, ELKE, END, ENDE, ENTE, EUT, EUTE, FIZ, FIZE, GEM, GEME, GEMK, GEO, GEOE, GID, GIDE, ICM, IML, IMLE, INS, INSE, ISL, ISLE, JDF, JEF, JEFE, JEO, JEOE, KIM, KIME, KMM, KMME, KOM, KOME, MAD, MADE, MAK, MAKE, MAT, MATE, MET, METE, MIM, MIME, MTO, MTOE, MUZE, PEM, PEME, PET, PETE, SBP, SBPE, SEH, TEK, TEKE, TEL, UCK, UCKE, UZB, UZBE, YZVE",,
14490,ING 201,ING,LS,English III,,--,,Perşembe,08:30/11:29,,0,0,,"BIO, BIOE, BLG, BLGE, CEV, CEVE, CHZ, CHZE, DEN, DENE, ECNE, EHB, EHBE, EHN, ELE, ELH, ELK, ELKE, END, ENDE, ENTE, EUT, EUTE, FIZ, FIZE, GEM, GEME, GEMK, GEO, GEOE, GID, GIDE, ICM, IML, IMLE, INS, INSE, ISL, ISLE, JDF, JEF, JEFE, JEO, JEOE, KIM, KIME, KMM, KMME, KOM, KOME, MAD, MADE, MAK, MAKE, MAT, MATE, MET, METE, MIM, MIME, MTO, MTOE, MUZE, PEM, PEME, PET, PETE, SBP, SBPE, SEH, TEK, TEKE, TEL, UCK, UCKE, UZB, UZBE, YZVE",,
14492,ING 201,ING,LS,English III,,--,,Perşembe,13:30/16:29,,0,0,,"BIO, BIOE, BLG, BLGE, CEV, CEVE, CHZ, CHZE, DEN, DENE, ECNE, EHB, EHBE, EHN, ELE, ELH, ELK, ELKE, END, ENDE, ENTE, EUT, EUTE, FIZ, FIZE, GEM, GEME, GEMK, GEO, GEOE, GID, GIDE, ICM, IML, IMLE, INS, INSE, ISL, ISLE, JDF, JEF, JEFE, JEO, JEOE, KIM, KIME, KMM, KMME, KOM, KOME, MAD, MADE, MAK, MAKE, MAT, MATE, MET, METE, MIM, MIME, MTO, MTOE, MUZE, PEM, PEME, PET, PETE, SBP, SBPE, SEH, TEK, TEKE, TEL, UCK, UCKE, UZB, UZBE, YZVE",,
14493,ING 201,ING,LS,English III,,--,,Cuma,08:30/11:29,,0,0,,"BIO, BIOE, BLG, BLGE, CEV, CEVE, CHZ, CHZE, DEN, DENE, ECNE, EHB, EHBE, EHN, ELE, ELH, ELK, ELKE, END, ENDE, ENTE, EUT, EUTE, FIZ, FIZE, GEM, GEME, GEMK, GEO, GEOE, GID, GIDE, ICM, IML, IMLE, INS, INSE, ISL, ISLE, JDF, JEF, JEFE, JEO, JEOE, KIM, KIME, KMM, KMME, KOM, KOME, MAD, MADE, MAK, MAKE, MAT, MATE, MET, METE, MIM, MIME, MTO, MTOE, MUZE, PEM, PEME, PET, PETE, SBP, SBPE, SEH, TEK, TEKE, TEL, UCK, UCKE, UZB, UZBE, YZVE",,
14495,ING 201,ING,LS,English III,,--,,Cuma,13:30/16:29,,0,0,,"BIO, BIOE, BLG, BLGE, CEV, CEVE, CHZ, CHZE, DEN, DENE, ECNE, EHB, EHBE, EHN, ELE, ELH, ELK, ELKE, END, ENDE, ENTE, EUT, EUTE, FIZ, FIZE, GEM, GEME, GEMK, GEO, GEOE, GID, GIDE, ICM, IML, IMLE, INS, INSE, ISL, ISLE, JDF, JEF, JEFE, JEO, JEOE, KIM, KIME, KMM, KMME, KOM, KOME, MAD, MADE, MAK, MAKE, MAT, MATE, MET, METE, MIM, MIME, MTO, MTOE, MUZE, PEM, PEME, PET, PETE, SBP, SBPE, SEH, TEK, TEKE, TEL, UCK, UCKE, UZB, UZBE, YZVE",,
14502,TES 111E,TES,LS,Project I,,--,,Pazartesi | Perşembe,08:30/12:29 | 08:30/12:29,,600,0,,"ENTE, EUT, EUTE, EUTM, ICM, MIM, MIME, PEM, PEME, SBP, SBPE",,
14503,MAT 202,MAT,LS,Sayısal Yöntemler,,Birgül Benli,,Çarşamba,12:30/15:29,,60,51,,"CEV, CHZ, CHZE, DEN, EHB, ELE, ELH, ELK, GEM, GEO, GID, IML, INS, ISL, JEF, JEO, KOM, KON, MAD, MADE, MAK, MET, PET, TEK, TEL",,
14504,TES 113E,TES,LS,Basic Design and Visual Arts,,Hakan Tüzün Şengün,,Çarşamba,08:30/12:29,,48,48,,"ENTE, EUT, EUTE, ICM, MIM, MIME, PEM, PEME, SBP, SBPE",,
14505,TES 113E,TES,LS,Basic Design and Visual Arts,,Mehmet Güler,,Çarşamba,08:30/12:29,,53,53,,"ENTE, EUT, EUTE, ICM, MIM, MIME, PEM, PEME, SBP, SBPE",,
14506,TES 113E,TES,LS,Basic Design and Visual Arts,,Deniz Çiler Erkan,,Çarşamba,08:30/12:29,,44,46,,"ENTE, EUT, EUTE, ICM, MIM, MIME, PEM, PEME, SBP, SBPE",,
14507,TES 113E,TES,LS,Basic Design and Visual Arts,,Desen Halıçınarlı,,Çarşamba,08:30/12:29,,43,45,,"ENTE, EUT, EUTE, ICM, MIM, MIME, PEM, PEME, SBP, SBPE",,
14509,RUS 101,RUS,LS,Rusça I,,Ekaterina Bal,,Salı,08:30/12:29,,25,25,,Tüm Lisans ve Lisansüstü Programlar,,
14510,GSB 313,GSB,LS,Mimarlıkta Desen,,Şebnem Kayhan,,Salı,08:30/11:29,,22,21,,"ICM, MIM, PEM, SBP",,
14511,RUS 101,RUS,LS,Rusça I,,Ekaterina Bal,,Perşembe,08:30/12:29,,25,25,,Tüm Lisans ve Lisansüstü Programlar,,
14512,SNT 102E,SNT,LS,Photography,,Eylül Doğruel,,Pazartesi,13:30/16:29,,22,20,,"BIO, BIOE, BLG, BLGE, CEV, CEVE, CHZ, CHZE, DEN, DENE, ECNE, EHB, EHBE, ELE, ELH, ELK, ELKE, END, ENDE, ENTE, EUT, EUTE, FIZ, FIZE, GEM, GEME, GEMK, GEO, GEOE, GID, GIDE, GMI, GMIE, ICM, ICME, IML, IMLE, INS, INSE, ISL, ISLE, JDF, JEF, JEFE, JEO, JEOE, KIM, KIME, KMM, KMME, KOM, KOME, MAD, MADE, MAK, MAKE, MAT, MATE, MET, METE, MIM, MIME, MTO, MTOE, PEM, PEME, PET, PETE, SBP, SBPE, TEK, TEKE, TEL, UCK, UCKE, UZB, UZBE, YZVE",,
14513,SNT 102E,SNT,LS,Photography,,Hulki Korkut İlhan,,Perşembe,08:30/11:29,,22,22,,"BIO, BIOE, BLG, BLGE, CEV, CEVE, CHZ, CHZE, DEN, DENE, ECNE, EHB, EHBE, ELE, ELH, ELK, ELKE, END, ENDE, ENTE, EUT, EUTE, FIZ, FIZE, GEM, GEME, GEMK, GEO, GEOE, GID, GIDE, GMI, GMIE, ICM, ICME, IML, IMLE, INS, INSE, ISL, ISLE, JDF, JEF, JEFE, JEO, JEOE, KIM, KIME, KMM, KMME, KOM, KOME, MAD, MADE, MAK, MAKE, MAT, MATE, MET, METE, MIM, MIME, MTO, MTOE, PEM, PEME, PET, PETE, SBP, SBPE, TEK, TEKE, TEL, UCK, UCKE, UZB, UZBE, YZVE",,
14514,SNT 102E,SNT,LS,Photography,,Hulki Korkut İlhan,,Cuma,08:30/11:29,,22,21,,"BIO, BIOE, BLG, BLGE, CEV, CEVE, CHZ, CHZE, DEN, DENE, ECNE, EHB, EHBE, ELE, ELH, ELK, ELKE, END, ENDE, ENTE, EUT, EUTE, FIZ, FIZE, GEM, GEME, GEMK, GEO, GEOE, GID, GIDE, GMI, GMIE, ICM, ICME, IML, IMLE, INS, INSE, ISL, ISLE, JDF, JEF, JEFE, JEO, JEOE, KIM, KIME, KMM, KMME, KOM, KOME, MAD, MADE, MAK, MAKE, MAT, MATE, MET, METE, MIM, MIME, MTO, MTOE, PEM, PEME, PET, PETE, SBP, SBPE, TEK, TEKE, TEL, UCK, UCKE, UZB, UZBE, YZVE",,
14516,SNT 123E,SNT,LS,Film Production,,Gamze Konca,,Cuma,08:30/11:29,,35,34,,"BIO, BIOE, BLG, BLGE, CEV, CEVE, CHZ, CHZE, DEN, DENE, ECNE, EHB, EHBE, ELE, ELH, ELK, ELKE, END, ENDE, ENTE, EUT, EUTE, FIZ, FIZE, GEM, GEME, GEMK, GEO, GEOE, GID, GIDE, GMI, GMIE, ICM, ICME, IML, IMLE, INS, INSE, ISL, ISLE, JDF, JEF, JEFE, JEO, JEOE, KIM, KIME, KMM, KMME, KOM, KOME, MAD, MADE, MAK, MAKE, MAT, MATE, MET, METE, MIM, MIME, MTO, MTOE, PEM, PEME, PET, PETE, SBP, SBPE, TEK, TEKE, TEL, UCK, UCKE, UZB, UZBE, YZVE",,
14517,END 341,END,LS,İş Etüdü,,Çiğdem Altın Gümüşsoy,,Salı,11:30/14:29,,75,52,,END,,
14518,SNT 105E,SNT,LS,Film Art,,Gamze Konca,,Perşembe,08:30/11:29,,35,34,,"BIO, BIOE, BLG, BLGE, CEV, CEVE, CHZ, CHZE, DEN, DENE, ECNE, EHB, EHBE, ELE, ELH, ELK, ELKE, END, ENDE, ENTE, EUT, EUTE, FIZ, FIZE, GEM, GEME, GEMK, GEO, GEOE, GID, GIDE, GMI, GMIE, ICM, ICME, IML, IMLE, INS, INSE, ISL, ISLE, JDF, JEF, JEFE, JEO, JEOE, KIM, KIME, KMM, KMME, KOM, KOME, MAD, MADE, MAK, MAKE, MAT, MATE, MET, METE, MIM, MIME, MTO, MTOE, PEM, PEME, PET, PETE, SBPE, TEK, TEKE, TEL, UCK, UCKE, UZB, UZBE, YZVE",,
14519,END 341,END,LS,İş Etüdü,,Çiğdem Altın Gümüşsoy,,Salı,08:30/11:29,,85,80,,END,,
14520,AKM 204E,AKM,LS,Fluid Mechanics,,Oral Yağcı,,Cuma,10:30/13:29,,90,105,,"CEV, CEVE, CHZ, CHZE, FIZ, FIZE, GID, GIDE, IML, IMLE, INS, INSE, JEF, KMM, KMME, MAD, MADE, MTO, MTOE, PET, PETE, TEK, TEKE, UCK, UZB",,
14521,SES 113,SES,LS,Ses Eğitimi I,,Tuğçem Kar,,,/,,5,4,,"SEMH, SEMS, SES",,
14522,SES 105,SES,LS,Korrepetisyon I,,"Sinem Özdemir, Tuğçem Kar",,,/,,5,2,,"SEMH, SEMS, SES",,
14523,SES 105,SES,LS,Korrepetisyon I,,"Erhan Uslu, Tuğçem Kar",,,/,,5,2,,"SEMH, SEMS, SES",,
14524,SES 105,SES,LS,Korrepetisyon I,,--,,,/,,5,0,,"SEMH, SEMS, SES",,
14525,SES 210,SES,LS,Korrepetisyon IV,,"Gülşah Sönmez, Laçin Modiri",,,/,,5,2,,"SEMH, SEMS, SES",,
14526,THO 109,THO,LS,Oyun Ritim Bilgisi I,,Eyüp Uzunkaya,,Cuma,08:30/10:29,,16,16,,"THMT, THO",,
14527,THO 1119,THO,LS,Hareket ve Antreman Teknikleri,,Eyüp Uzunkaya,,Salı,08:30/10:29,,10,2,,THO,,
14528,THO 1121,THO,LS,Bale,,Yurıy Mezokh,,Pazartesi | Salı,13:30/15:29 | 13:30/15:29,,10,1,,THO,,
14529,TEB 1713,TEB,LS,Türkçe,,Kemal Hasan Karnal,,Çarşamba | Cuma,13:30/15:29 | 13:30/15:29,,15,4,,"BST, CAB, CEB, KMP, MUT, MUZ, MZT, SES, TEB, THO",,
14530,SES 3912,SES,LS,Kanun VI,,Safinaz Rizeli,,Çarşamba,13:30/15:29,,5,1,,SES,,
14531,EKO 201E,EKO,LS,Economics,,Serdar Altay,,Cuma,08:30/11:29,,300,301,,"BLG, BLGE, CEV, CEVE, CHZ, CHZE, DEN, DENE, DUI, DUIE, EHB, EHBE, ELE, ELH, ELK, ELKE, END, ENDE, ENTE, EUT, EUTE, FIZ, GEM, GEME, GEMK, GEO, GEOE, GID, GIDE, GMI, GMIE, ICM, IML, IMLE, INS, INSE, JDF, JEF, JEO, JEOE, KMM, KMME, KOM, KOME, MAD, MADE, MAK, MAKE, MAT, MATE, MET, METE, MIM, MIME, MTO, MTOE, PEM, PEME, PET, PETE, SBP, SBPE, TEK, TEKE, TEL, UCK, UCKE, UZB, UZBE, YZVE",,
14532,TES 111E,TES,LS,Project I,,Ayşegül Akçay Kavakoğlu,,Pazartesi | Perşembe,08:30/12:29 | 08:30/12:29,,27,27,,"ENTE, EUT, EUTE, EUTM, ICM, MIM, MIME, PEM, PEME, SBP, SBPE",,
14533,TES 111E,TES,LS,Project I,,Elif Kısar Koramaz,,Pazartesi | Perşembe,08:30/12:29 | 08:30/12:29,,24,24,,"ENTE, EUT, EUTE, EUTM, ICM, MIM, MIME, PEM, PEME, SBP, SBPE",,
14534,TES 112E,TES,LS,Vis.Comm.I:Visualiz.&Tch.Drw.,,Hakan Tüzün Şengün,,Cuma,13:30/17:29,,32,33,,"ENTE, EUT, EUTE, ICM, MIM, MIME, PEM, PEME, SBP, SBPE",,
14535,TES 112E,TES,LS,Vis.Comm.I:Visualiz.&Tch.Drw.,,Sevgi Türkkan,,Cuma,13:30/17:29,,29,30,,"ENTE, EUT, EUTE, ICM, MIM, MIME, PEM, PEME, SBP, SBPE",,
14536,TES 112E,TES,LS,Vis.Comm.I:Visualiz.&Tch.Drw.,,Burçin Kürtüncü,,Cuma,13:30/17:29,,36,36,,"ENTE, EUT, EUTE, ICM, MIM, MIME, PEM, PEME, SBP, SBPE",,
14537,TES 112E,TES,LS,Vis.Comm.I:Visualiz.&Tch.Drw.,,Ayşegül Akçay Kavakoğlu,,Cuma,13:30/17:29,,36,36,,"ENTE, EUT, EUTE, ICM, MIM, MIME, PEM, PEME, SBP, SBPE",,
14538,TES 113E,TES,LS,Basic Design and Visual Arts,,Elif Kısar Koramaz,,Çarşamba,08:30/12:29,,47,48,,"ENTE, EUT, EUTE, ICM, MIM, MIME, PEM, PEME, SBP, SBPE",,
14539,MIM 343E,MIM,LS,Urbanism and Planning Law,,İmge Akçakaya Waite,,Salı,08:30/12:29,,15,15,,"MIM, MIME",,
14700,SNT 103,SNT,LS,Desen,,Pınar Genç,,Salı,13:30/16:29,,22,16,,"BIO, BLG, CEV, CHZ, DEN, DUI, EHB, ELE, ELH, ELK, END, EUT, FIZ, GEM, GEO, GID, GMI, ICM, IML, INS, ISL, JDF, JEF, JEO, KIM, KMM, KOM, MAD, MAK, MAT, MET, MIM, MTO, PEM, PET, SBP, TEK, TEL, UCK, UZB",,
14807,BLG 223E,BLG,LS,Data Structures,,Mehmet Baysan,,Salı | Çarşamba,08:30/11:29 | 11:30/12:29,,100,102,,"BLG, BLGE",,
14808,BLG 317E,BLG,LS,Database Systems,,Ali Çakmak,,Çarşamba,08:30/11:29,,115,112,,"BLG, BLGE, YZVE",,
14816,BIO 468E,BIO,LS,Current Topics in Ecology,,Emrah Çoraman,,Perşembe,11:30/14:29,,30,29,,"BIO, BIOE, BIOM",,
14886,END 322E,END,LS,System Simulation,,Mehmet Ali Ergün,,Perşembe,14:30/17:29,,105,105,,"END, ENDE",,
14895,END 308E,END,LS,Quality Engineering,,Mehmet Yasin Ulukuş,,Cuma,14:00/15:59,,105,105,,"END, ENDE",,
14896,END 443E,END,LS,Business Planning & Innovation,,Sinan Küfeoğlu,,Pazartesi,11:30/14:29,,95,79,,"END, ENDE",,
14897,END 476E,END,LS,Machine Learning for Ind. Sys.,,Ömer Faruk Beyca,,Perşembe,14:30/17:29,,60,53,,"END, ENDE",,
14898,END 423,END,LS,Yatırım Planlama,,--,,Perşembe,11:30/14:29,,50,0,,END,,
14931,SBP 227E,SBP,LS,Physical Environmental Control,,Nuri Serteser,,Pazartesi,09:30/12:29,,48,48,,"SBP, SBPE",,
14932,SBP 227E,SBP,LS,Physical Environmental Control,,Şule Filiz Akşit,,Pazartesi,09:30/12:29,,43,43,,"SBP, SBPE",,
14933,SBP 227E,SBP,LS,Physical Environmental Control,,Tarık Serhat Bozkurt,,Pazartesi,09:30/12:29,,44,44,,"SBP, SBPE",,
14934,MAD 254E,MAD,LS,Strngth of Mat.for Mining Eng.,,Bahar Ayhan Tezer,,Perşembe,13:30/15:29,,50,39,,"MAD, MADE",,
14935,SBP 327,SBP,LS,Şehir Hukuku ve Şehir Yönetimi,,Şevkiye Şence Türk,,Cuma,09:30/12:29,,65,48,,SBP,,
14940,SBP 327E,SBP,LS,Urban Law and Management,,Şevkiye Şence Türk,,Pazartesi,13:30/16:29,,65,39,,"SBPE, SBPM",,
14945,DEN 421E,DEN,LS,Ship Propulsion,,Ömer Kemal Kınacı,,Perşembe,13:30/15:29,,52,52,,"DEN, DENE",,
14950,PEM 4902E,PEM,LS,Graduation Project,,--,,,/,,0,0,,PEME,,
15048,INS 338,INS,LS,Betonarme I,,Erol Lale,,Salı | Çarşamba,08:30/10:29 | 10:30/12:29,,40,21,,INS,,
15049,SNT 123E,SNT,LS,Film Production,,Emre Aslay,,Çarşamba,12:30/15:29,,35,34,,"BIO, BIOE, BLG, BLGE, CEV, CEVE, CHZ, CHZE, DEN, DENE, ECNE, EHB, EHBE, ELE, ELH, ELK, ELKE, END, ENDE, ENTE, EUT, EUTE, FIZ, FIZE, GEM, GEME, GEMK, GEO, GEOE, GID, GIDE, GMI, GMIE, ICM, ICME, IML, IMLE, INS, INSE, ISL, ISLE, JDF, JEF, JEFE, JEO, JEOE, KIM, KIME, KMM, KMME, KOM, KOME, MAD, MADE, MAK, MAKE, MAT, MATE, MET, METE, MIM, MIME, MTO, MTOE, PEM, PEME, PET, PETE, SBP, SBPE, TEK, TEKE, TEL, UCK, UCKE, UZB, UZBE, YZVE",,
15058,ING 112,ING,LS,English I,,F. Şehkar F. Kınık,,,/,,1000,544,,"BIO, BIOE, BLG, BLGE, CEV, CEVE, CHZ, CHZE, DEN, DENE, DUIE, ECNE, EHB, EHBE, EHN, ELE, ELH, ELK, ELKE, END, ENDE, ENTE, EUT, EUTE, FIZ, FIZE, GEM, GEME, GEMK, GEO, GEOE, GID, GIDE, GMIE, ICM, IML, IMLE, INS, INSE, ISL, ISLE, JDF, JEF, JEFE, JEO, JEOE, KIM, KIME, KMM, KMME, KOM, KOME, MAD, MADE, MAK, MAKE, MAT, MATE, MET, METE, MIM, MIME, MTO, MTOE, MUZE, PEM, PEME, PET, PETE, SBP, SBPE, SEH, TEK, TEKE, TEL, UCK, UCKE, UZB, UZBE, YZVE",,
15059,INS 351E,INS,LS,Earthwork and Railway Eng,,Ali Osman Atahan,,Perşembe | Cuma,10:30/12:29 | 08:30/10:29,,45,33,,"INS, INSE",,
15060,INS 407E,INS,LS,Dsgn.of Water Supp.&Sewer Sys.,,"Mehmet Cüneyd Demirel, Hüseyin Güven",,Perşembe,13:30/16:29,,55,25,,"INS, INSE",,
15065,CHZ 310E,CHZ,LS,Mineral Processing Plant Auto.,,Ayhan Ali Sirkeci,,Çarşamba,08:30/10:29,,15,1,,"CHZE, CHZM",,
15066,CHZ 311E,CHZ,LS,Physical Beneficiation Methods,,Ayhan Ali Sirkeci,,Salı | Çarşamba,10:30/12:29 | 13:30/15:29,,15,2,,"CHZE, CHZM",,
15067,THO 451,THO,LS,Beden Ve Kültür,,Serpil Murtezaoğlu,,Salı,15:30/17:29,,10,3,,THO,,
15068,THO 418,THO,LS,Sahne Projesi IV (Kredisiz),,Serpil Murtezaoğlu,,Perşembe,13:30/17:29,,5,2,,THO,,
15069,THO 4315,THO,LS,Dans Estetik,,Serpil Murtezaoğlu,,Perşembe,09:30/12:29,,10,2,,THO,,
15070,THO 3111,THO,LS,Dikte Deşifre I,,Cenap Güngör,,Pazartesi | Salı,10:30/12:29 | 13:30/15:29,,10,2,,THO,,
15071,THO 2653,THO,LS,Vurmalı Çalgılar II,,Serhat Tansu Altuğ,,Salı,15:30/17:29,,5,1,,THO,,
15072,THO 4115,THO,LS,Oyun Analizi I,,--,,Pazartesi | Cuma,13:30/15:29 | 15:30/17:29,,0,0,,THO,,
15073,THO 4653,THO,LS,Vurmalı Çalgılar VI,,--,,Çarşamba,13:30/15:29,,5,0,,THO,,
15074,THO 4316,THO,LS,Koreografi,,--,,Çarşamba,09:30/12:29,,10,0,,THO,,
15075,CAB 2109,CAB,LS,Akordiyon III,,Serhat Tansu Altuğ,,Pazartesi,10:30/12:29,,5,1,,THO,,
15076,CAB 433,CAB,LS,Viyolonsel VII,,Yelda Özgen Öztürk,,,/,,5,1,,"CAB, CEB",,
15077,CAB 435,CAB,LS,Viyola VII,,Zeynep Barut,,,/,,5,1,,"CAB, CEB",,
15078,SES 4111,SES,LS,Türk Halk Müziği Repertuarı I,,Seval Eroğlu,,Salı,15:30/17:29,,5,1,,SES,,
15079,SES 4311,SES,LS,Toplu İcra,,Gülşah Sönmez,,Cuma,10:30/12:29,,5,1,,SES,,
15080,THO 306,THO,LS,Oyunda Yöresel Tavırlar IV,,Aydın Balcı,,Salı | Perşembe,15:30/17:29 | 13:30/15:29,,15,3,,THO,,
15081,THO 460,THO,LS,Geleneksel Takı ve Aksesuarlar,,İlknur Demirbağ,,Pazartesi,13:30/15:29,,10,5,,THO,,
15082,THO 444,THO,LS,Denge Performans II,,Cumhur Sevinç,,Salı | Perşembe,15:30/17:29 | 10:30/12:29,,10,8,,"THMB, THMD, THO",,
15083,MUZ 486,MUZ,LS,Müzik Pedagojisine Giriş,,Atilla Coşkun Toksoy,,Perşembe,09:30/12:29,,25,16,,"CAB, CEB, MUZ",,
15084,SES 408,SES,LS,Yöre Ağızları IV,,Ayşe Esin Şentürk,,Çarşamba | Perşembe,10:30/12:29 | 13:30/15:29,,5,1,,SES,,
15085,MTR 204,MTR,LS,Müzik Teorisi IV,,Recep Gül,,Pazartesi | Salı | Perşembe,15:30/17:29 | 10:30/12:29 | 15:30/17:29,,25,23,,"MTR, MUT, MUZ, MZT, SES",,
15086,SES 1915,SES,LS,Ud I,,--,,Pazartesi,08:30/10:29,,5,0,,SES,,
15087,CAB 109,CAB,LS,Ud I,,Mehmet Bitmez,,,/,,5,1,,"CAB, CEB",,
15088,SES 1115,SES,LS,Ses Tekniği I,,Fidan Kurt Kasapbaşı,,,/,,5,1,,SES,,
15089,MTR 202,MTR,LS,Makam Teorisi IV,,Göknil Bişak Özdemir,,Pazartesi | Çarşamba | Cuma,10:30/12:29 | 13:30/15:29 | 13:30/15:29,,25,25,,"MTR, MUT, MUZ, MZT, SES",,
15090,MUZ 222,MUZ,LS,Müzik Paleografyası,,Serhan Dilhan Konan,,Cuma,09:30/12:29,,15,3,,MUZ,,
15091,MUZ 302,MUZ,LS,Müzik Tarihi VI,,Serhan Dilhan Konan,,Salı,09:30/12:29,,15,7,,MUZ,,
15092,KMP 362,KMP,LS,Türk MzğndeFrmBlg.ve Çzmlme II,,Serkan Şener,,Pazartesi,13:30/16:29,,15,2,,MUZ,,
15093,KMP 364,KMP,LS,Batı Mzğnde Frm Bilg.ve Çzmlme,,Ayhan Gunca,,Çarşamba,09:30/12:29,,15,6,,MUZ,,
15094,MUT 388,MUT,LS,Müzik Tek.Tasarım & Geliştirme,,Mustafa Aydın Öksüz,,Pazartesi | Perşembe,13:30/15:29 | 10:30/12:29,,10,1,,"MUT, MZT",,
15095,MUT 441,MUT,LS,Mastering,,Sertaç Kakı,,Pazartesi | Cuma,13:30/15:29 | 13:30/15:29,,10,1,,"MTMS, MUT, MZT",,
15096,MUT 323,MUT,LS,Yay Yapımı,,Ahmet Tunç Buyruklar,,Çarşamba,13:30/15:29,,5,4,,"MUT, MZT",,
15097,MUT 402,MUT,LS,Viyolonsel Yapımı II,,Mehmet Tangör,,,/,,5,2,,"MTMY, MUT, MZT",,
15098,MUT 2137,MUT,LS,Elektroniğe Giriş,,Mehmet Haşim Açanal,,Salı,10:30/12:29,,5,2,,"MUT, MZT",,
15099,MUT 1135,MUT,LS,Piyano I,,Mehru Ensari,,Cuma,15:30/16:29,,5,3,,"MUT, MZT",,
15100,MUT 2135,MUT,LS,Piyano III,,Mehru Ensari,,Cuma,13:30/14:29,,5,4,,"MUT, MZT",,
15101,KMP 2117,KMP,LS,Piyano III,,Sıtkı Kandemir Basmacıoğlu,,Çarşamba,13:30/15:29,,5,1,,"BST, KMP",,
15102,KMP 4117,KMP,LS,Modern Armoni,,Nail Yavuzoğlu,,Pazartesi,13:30/15:29,,5,1,,"BST, KMP",,
15103,CAB 145,CAB,LS,Kanun I,,Ayşegül Kostak Toksoy,,,/,,5,1,,"CAB, CEB",,
15104,CAB 105,CAB,LS,Tar I,,Ahmet Serhat Turunç,,,/,,5,1,,"CAB, CEB",,
15105,CAB 109,CAB,LS,Ud I,,Sarper Eroğlu,,,/,,5,1,,"CAB, CEB",,
15106,CAB 107,CAB,LS,Bağlama I,,Cihangir Terzi,,,/,,5,1,,"CAB, CEB",,
15107,CAB 113,CAB,LS,Ney I,,--,,,/,,5,0,,"CAB, CEB",,
15108,CAB 135,CAB,LS,Viyola I,,--,,,/,,5,0,,"CAB, CEB",,
15109,CAB 119,CAB,LS,Klarnet I,,Özlem Kolat Çakmaksoy,,,/,,5,1,,"CAB, CEB",,
15110,CAB 107,CAB,LS,Bağlama I,,Adnan Koç,,,/,,5,1,,"CAB, CEB",,
15111,CAB 131,CAB,LS,Keman I,,Ali Cihat Aşkın,,,/,,5,1,,"CAB, CEB",,
15112,BIL 113E,BIL,LS,Intr.to Sci& Eng.Comp.(MATLAB),,Mustafa Hatipoğlu,,Çarşamba,08:30/11:29,,90,87,,"INS, INSE",,
15116,MAT 271E,MAT,LS,Probability and Statistics,,Mine Özgüven,,Perşembe,13:30/16:29,,65,66,,"BIO, BIOE, BLG, BLGE, CEV, CEVE, CHZ, CHZE, DEN, DENE, DUI, EHB, EHBE, EHN, ELE, ELH, ELK, ELKE, ENTE, EUT, EUTE, FIZ, FIZE, GEM, GEME, GEMK, GEO, GEOE, GID, GIDE, GMI, GMIE, GMIK, IML, IMLE, INS, INSE, JEF, JEFE, JEO, JEOE, KMM, KMME, KOM, KOME, KON, KONE, MAD, MADE, MAK, MAKE, MET, METE, MTO, MTOE, PET, PETE, SBP, SBPE, SEH, TEK, TEKE, TEL, UCK, UCKE, UZB, UZBE",,
15117,END 331E,END,LS,Operations Research I,,Özgür Kabak,,Pazartesi,14:30/17:29,,100,99,,"END, ENDE",,
15118,END 445E,END,LS,Lean Production Systems,,Ufuk Cebeci,,Perşembe,08:30/11:29,,90,80,,"END, ENDE, IML, IMLE, KOM, KOME",,
15119,GEO 106E,GEO,LS,Fundamentals of Programming,,Ergin Tarı,,Perşembe,13:30/17:29,,30,22,,"GEO, GEOE",,
15121,MAK 4058E,MAK,LS,Power Transmission in Vehicles,,Osman Taha Şen,,Çarşamba,08:30/11:29,,50,13,,"MAK, MAKE",,
15122,MAK 390,MAK,LS,Uygulamalı Isı Geçişi,,Mustafa Özdemir,,Pazartesi,10:30/13:29,,120,97,,MAK,,
15123,MAK 324,MAK,LS,Makina Teorisi,,Sinem Öztürk,,Perşembe,13:30/16:29,,120,100,,"MAK, MAKM, MKNM",,
15124,MAK 4034,MAK,LS,Kaynaklı Tasarım ve İmalat,,"Adnan Dikicioğlu, Murat Vural",,Çarşamba,12:30/15:29,,80,49,,"IML, MAK",,
15134,MUT 4133,MUT,LS,Partisyon Analizi,,Ayhan Gunca,,Perşembe,13:30/16:29,,5,1,,"MUT, MZT",,
15135,MUT 3131,MUT,LS,Ses Kayıt Tekniği V,,Taylan Özdemir,,Çarşamba,09:30/12:29,,5,1,,"MUT, MZT",,
15136,TEB 2711,TEB,LS,English III,,İsmail Akyıldız,,Perşembe,08:30/11:29,,15,3,,"BST, CAB, CEB, KMP, MUT, MUZ, MZT, SES, TEB, THO",,
15137,GEO 440E,GEO,LS,Robotic App. in Geom. Eng.,,Caner Güney,,Çarşamba,08:30/10:29,,40,34,,"GEO, GEOE",,
15138,KMP 2211,KMP,LS,Türk Müz.Solfeji ve Teor. III,,--,,Salı | Perşembe,15:30/17:29 | 15:30/17:29,,10,0,,"BST, CAB, CEB, KMP",,
15139,JDF 352,JDF,LS,Kamu Ölçmeleri,,Reha Metin Alkan,,Çarşamba,08:30/10:29,,20,3,,"GEO, GEOE, JDF",,
15140,IML 322,IML,LS,İmalatta Otomasyon,,Mustafa Resa Becan,,Çarşamba,12:30/15:29,,80,25,,"IML, IMLM",,
15141,CAB 2121,CAB,LS,Türk Halk Müz. Sol.ve Teo. I,,--,,Pazartesi,13:30/15:29,,10,0,,"CAB, CEB",,
15142,KMP 2213,KMP,LS,Tem.Müzik Solf.ve Teorisi III,,--,,Salı | Cuma,10:30/12:29 | 08:30/10:29,,10,0,,"BST, CAB, CEB, KMP",,
15143,MTR 304,MTR,LS,İleri Müzik Teorisi II,,Eray Altınbüken,,Salı | Çarşamba,13:30/15:29 | 08:30/10:29,,5,1,,MTR,,
15144,THO 3115,THO,LS,Türk Halk Oyunları V,,Ahmet Turan Demirbağ,,Pazartesi | Salı,15:30/17:29 | 15:30/17:29,,10,2,,THO,,
15145,THO 3217,THO,LS,Zeybek I,,Cumhur Sevinç,,Pazartesi | Çarşamba,10:30/12:29 | 10:30/12:29,,10,1,,THO,,
15146,MUT 3117,MUT,LS,Atölye V,,Ahmet Tunç Buyruklar,,,/,,5,1,,"MUT, MZT",,
15147,TEB 3313,TEB,LS,Bilgisayar,,Ali Yayla,,Pazartesi,15:30/17:29,,5,2,,"CAB, CEB, MUT, MZT, SES, TEB",,
15148,TEB 1711,TEB,LS,English I,,Mevlüt Kahraman,,Salı,08:30/11:29,,15,1,,"BST, CAB, CEB, KMP, MUT, MUZ, MZT, SES, TEB, THO",,
15149,GEM 4901,GEM,LS,Gemi İnş.&Gemi Mak. Müh.Tas.I,,"Yalçın Ünsan, Devrim Bülent Danışman, Ertekin Bayraktarkatal, Metin Taylan, Selma Ergin, Uğur Oral Ünal, Ömer Gören, İsmail Yalçın, Şebnem Helvacıoğlu",,Çarşamba | Çarşamba,10:30/13:29 | 17:30/20:29,,500,49,,GEM,,
15150,MAK 4031E,MAK,LS,Mass Transfer,,İsmail Yalçın Uralcan,,Perşembe,08:30/11:29,,50,7,,"MAK, MAKE",,
15151,GEO 474,GEO,LS,Hidrografik Ölçmeler,,Reha Metin Alkan,,Cuma,13:30/15:29,,35,36,,"GEO, JDF",,
15152,MAK 4039E,MAK,LS,HVAC Fundamentals,,--,,Cuma,08:30/11:29,,50,0,,"MAK, MAKE, MAKM",,
15153,MAK 402,MAK,LS,Makina Mühendisliği Lab. II,,Adil Yücel,,,/,,200,51,,MAK,,
15154,MAK 402E,MAK,LS,Mechanical Engineering Lab. II,,--,,,/,,200,0,,MAKE,,
15155,MAT 143,MAT,LS,Lineer Cebir,,Şeyda Canan Tekin,,Pazartesi | Salı,12:30/14:29 | 08:30/10:29,,80,78,,MAT,,
15158,ITA 101,ITA,LS,İtalyanca I,,Lina Calogera,,Pazartesi,13:30/17:29,,25,22,,Tüm Lisans ve Lisansüstü Programlar,,
15159,ITA 202,ITA,LS,İtalyanca IV,,Lina Calogera,,Salı,13:30/17:29,,21,17,,Tüm Lisans ve Lisansüstü Programlar,,
15160,DFH 482E,DFH,LS,Cargo Handling Simulator,,Yunus Emre Şenol,,Cuma,10:30/12:29,,20,2,,DUI,,
15161,DFH 490E,DFH,LS,E-Navigation Systems,,Elif Bal Beşikçi,,Cuma,10:30/12:29,,35,24,,DUI,,
15170,DUI 305E,DUI,LS,Ship Hndl.and Manouvering,,Emre Akyüz,,Pazartesi,08:30/11:29,,60,42,,DUI,,
15171,DUI 305E,DUI,LS,Ship Hndl.and Manouvering,,Emre Akyüz,,Pazartesi,14:30/17:29,,60,23,,DUI,,
15172,FIZ 449,FIZ,LS,Günlük Yaşamımızda Fizik,,Zuhal Er,,Cuma,08:30/11:29,,75,50,,"BIO, DEN, DUI, FIZ, FIZM, GEM, GMI, JEO, KIM, MAT, MET, MTO, PET",,
15173,DUI 472,DUI,LS,Oşinografi,,Ayşe Nak,,Pazartesi,08:30/10:29,,50,33,,DUI,,
15174,BLG 447,BLG,LS,Derleyici Tasarımı,,Takuhi Nadia Erdoğan,,Çarşamba,08:30/10:29,,60,27,,BLG,,
15175,BLG 335E,BLG,LS,Analysis of Algorithms I,,"Hazım Kemal Ekenel, İlkay Öksüz",,Perşembe,08:30/11:29,,220,193,,"BLG, BLGE, YZVE",,
15176,DUI 232,DUI,LS,Gemi Elektroniği,,Zuhal Er,,Cuma,14:30/16:29,,55,62,,DUI,,
15178,DFH 472E,DFH,LS,Commercial Ship Management,,Özcan Arslan,,Salı,13:30/16:29,,40,28,,DUI,,
15179,DUI 241,DUI,LS,Deniz Eğitimi I,,Özcan Arslan,,,/,,40,8,,DUI,,
15181,DUI 351,DUI,LS,Deniz Eğitimi II,,Özcan Arslan,,,/,,40,11,,DUI,,
15182,DUI 302E,DUI,LS,Onboard Training III,,Özcan Arslan,,,/,,40,3,,"DUI, DUIE",,
15184,DUI 492,DUI,LS,Bitirme Çalışması,,Özcan Arslan,,,/,,500,38,,DUI,,
15185,DFH 499,DFH,LS,Liderlik ve Kriz Yönetimi,,Cemil Yurtören,,Salı,10:30/13:29,,40,11,,DUI,,
15186,DFH 251E,DFH,LS,General English I,,Halime Ceren Göktaş,,Pazartesi,10:30/12:29,,30,5,,"DUI, DUIE",,
15187,DFH 225,DFH,LS,Türk Denizcilik Tarihi&Kültürü,,Muhsin Kadıoğlu,,Pazartesi,10:30/12:29,,50,1,,DUI,,
15207,CAB 2115,CAB,LS,Piyano III,,Mehru Ensari,,Cuma,10:30/12:29,,7,1,,CAB,,
15209,KMP 1213,KMP,LS,Tem.Müzik Solf.ve Teorisi I,,--,,Salı | Cuma,13:30/15:29 | 08:30/10:29,,5,0,,"CAB, KMP",,
15217,DEN 441E,DEN,LS,Marine Structures Project I,,--,,Cuma,09:30/11:29,,0,0,,"DEN, DENE",,
15244,EHB 420E,EHB,LS,Artificial Neural Networks,,İsa Yıldırım,,Cuma,14:00/16:59,,75,76,,"EHB, EHBE, ELE, ELH, END, ENDE, TEL",,
15247,TER 201,TER,LS,Termodinamik,,Emin Fuad Kent,,Cuma,08:30/11:29,,50,47,,"CEV, CHZ, DEN, GEM, ISL, JEO, KMM, KMMM, KOM, KON, PET, TEK",,
15273,GMI 405E,GMI,LS,Shipping Finance,,Sinan Çakır,,Perşembe,13:30/15:29,,60,61,,"GMI, GMIE",,
15274,GMI 352E,GMI,LS,Heat Transfer,,Yalçın Durmuşoğlu,,Perşembe,08:30/11:29,,105,103,,"GMI, GMIE",,
15276,TUR 102,TUR,LS,Türk Dili II,,Sinan Çakır,,Pazartesi,13:30/15:29,,10,1,,SGM,,
15277,KIM 304E,KIM,LS,Organic Chemistry II,,Demet Çolak,,Salı,11:30/13:29,,50,19,,"BIO, BIOE",,
15278,KIM 212,KIM,LS,Enstrumental Analitik Yönteml,,"Birsen Öztürk, Gülcemal Yıldız, Gülçin Yılmaz",,Pazartesi | Salı,11:30/13:29 | 11:30/13:29,,30,18,,"KIM, KIMM",,
15295,ULP 101,ULP,LS,NewBeg.Fresh.Sem.&Serv to L. I,,Yılmaz Akkaya,,Pazartesi,18:30/20:29,,8,8,,"MBI, MCB, SBL, SCE, SDU, SEK, SEN, SGM, SIN, SIS, SMT, STP",,
15296,ULP 101,ULP,LS,NewBeg.Fresh.Sem.&Serv to L. I,,Esra Özkan Zayim,,Pazartesi,18:30/20:29,,8,8,,"MBI, MCB, SBL, SCE, SDU, SEK, SEN, SGM, SIN, SIS, SMT, STP",,
15297,ULP 101,ULP,LS,NewBeg.Fresh.Sem.&Serv to L. I,,Hatice Camgöz Akdağ,,Pazartesi,18:30/20:29,,8,9,,"MBI, MCB, SBL, SCE, SDU, SEK, SEN, SGM, SIN, SIS, SMT, STP",,
15299,ULP 101,ULP,LS,NewBeg.Fresh.Sem.&Serv to L. I,,Cevza Candan,,Pazartesi,18:30/20:29,,8,8,,"MBI, MCB, SBL, SCE, SDU, SEK, SEN, SGM, SIN, SIS, SMT, STP",,
15300,ULP 101,ULP,LS,NewBeg.Fresh.Sem.&Serv to L. I,,Şerif Bahtiyar,,Pazartesi,18:30/20:29,,8,8,,"MBI, MCB, SBL, SCE, SDU, SEK, SEN, SGM, SIN, SIS, SMT, STP",,
15301,ULP 101,ULP,LS,NewBeg.Fresh.Sem.&Serv to L. I,,Tanzer Satır,,Pazartesi,18:30/20:29,,8,9,,"MBI, MCB, SBL, SCE, SDU, SEK, SEN, SGM, SIN, SIS, SMT, STP",,
15302,ULP 101,ULP,LS,NewBeg.Fresh.Sem.&Serv to L. I,,Esra Ece Bayat,,Pazartesi,18:30/20:29,,8,8,,"MBI, MCB, SBL, SCE, SDU, SEK, SEN, SGM, SIN, SIS, SMT, STP",,
15303,ULP 101,ULP,LS,NewBeg.Fresh.Sem.&Serv to L. I,,Ata Bilgili,,Pazartesi,18:30/20:29,,8,8,,"MBI, MCB, SBL, SCE, SDU, SEK, SEN, SGM, SIN, SIS, SMT, STP",,
15304,ULP 101,ULP,LS,NewBeg.Fresh.Sem.&Serv to L. I,,"Osman Bülent Özipek, Canan Sarıçam",,Pazartesi,18:30/20:29,,8,8,,"MBI, MCB, SBL, SCE, SDU, SEK, SEN, SGM, SIN, SIS, SMT, STP",,
15305,ULP 101,ULP,LS,NewBeg.Fresh.Sem.&Serv to L. I,,Melek Mümine Erol Taygun,,Pazartesi,18:30/20:29,,7,7,,"MBI, MCB, SBL, SCE, SDU, SEK, SEN, SGM, SIN, SIS, SMT, STP",,
15306,ULP 101,ULP,LS,NewBeg.Fresh.Sem.&Serv to L. I,,Gaye Karaçay Aydın,,Pazartesi,18:30/20:29,,8,8,,"MBI, MCB, SBL, SCE, SDU, SEK, SEN, SGM, SIN, SIS, SMT, STP",,
15307,ULP 101,ULP,LS,NewBeg.Fresh.Sem.&Serv to L. I,,"İbrahim Akduman, Serkan Şimşek",,Pazartesi,18:30/20:29,,8,7,,"MBI, MCB, SBL, SCE, SDU, SEK, SEN, SGM, SIN, SIS, SMT, STP",,
15309,GMI 313E,GMI,LS,Marine Boilers and Operation,,Fırat Bolat,,Pazartesi,11:30/13:29,,85,82,,"GMI, GMIE",,
15310,GMI 255E,GMI,LS,Marine Electrotechnics I,,Gazi Koçak,,Cuma,08:30/11:29,,65,64,,"GMI, GMIE",,
15314,ISE 111,ISE,LS,Linear Algebra,,Yusuf Yaslan,,Perşembe,14:30/17:29,,25,24,,SBL,,
15315,ATA 102,ATA,LS,Atatürk İlk & İnkılap Trh II,,Necdet Öz,,Pazartesi,11:30/13:29,,30,9,,"MBI, MCB, SBL, SCE, SDU, SEK, SEN, SGM, SIN, SIS, SMT, STP",,
15316,ATA 101,ATA,LS,Atatürk İlk & İnkılap Trh I,,Emin Alp Malkoç,,Perşembe,13:30/15:29,,80,48,,"BIO, BIOE, BLG, BLGE, CEV, CEVE, CHZ, CHZE, DEN, DENE, DUI, DUIE, ECNE, EHB, EHBE, EHN, ELE, ELH, ELK, ELKE, END, ENDE, ENTE, EUT, EUTE, FIZ, FIZE, GEM, GEME, GEMK, GEO, GEOE, GID, GIDE, GMI, GMIE, ICM, IML, IMLE, INS, INSE, ISL, ISLE, JDF, JEF, JEFE, JEO, JEOE, KIM, KIME, KMM, KMME, KOM, KOME, MAD, MADE, MAK, MAKE, MAT, MATE, MET, METE, MIM, MIME, MTO, MTOE, PEM, PEME, PET, PETE, SBP, SBPE, SEH, TEK, TEKE, TEL, THO, UCK, UCKE, UZB, UZBE, YZVE",,
15317,ATA 101,ATA,LS,Atatürk İlk & İnkılap Trh I,,Yusuf Ziya Altıntaş,,Çarşamba,08:30/10:29,,75,73,,"BIO, BIOE, BLG, BLGE, CEV, CEVE, CHZ, CHZE, DEN, DENE, DUI, DUIE, ECNE, EHB, EHBE, EHN, ELE, ELH, ELK, ELKE, END, ENDE, ENTE, EUT, EUTE, FIZ, FIZE, GEM, GEME, GEMK, GEO, GEOE, GID, GIDE, GMI, GMIE, ICM, IML, IMLE, INS, INSE, ISL, ISLE, JDF, JEF, JEFE, JEO, JEOE, KIM, KIME, KMM, KMME, KOM, KOME, MAD, MADE, MAK, MAKE, MAT, MATE, MET, METE, MIM, MIME, MTO, MTOE, PEM, PEME, PET, PETE, SBP, SBPE, SEH, TEK, TEKE, TEL, THO, UCK, UCKE, UZB, UZBE, YZVE",,
15318,TEB 1811,TEB,LS,Müzik Teorilerine Giriş,,Gülay Karamahmutoğlu,,Cuma,10:30/12:29,,10,3,,TEB,,
15319,TEB 2112,TEB,LS,Türk Müz.Solfeji ve Teor. IV,,Adil Feridun Öney,,Çarşamba | Cuma,13:30/15:29 | 13:30/15:29,,15,4,,"MUT, MUZ, SES, TEB, THO",,
15320,SES 381,SES,LS,19.YY Türk Müziği Repertuarı,,Gülşah Sönmez,,Pazartesi | Salı,13:30/15:29 | 15:30/17:29,,5,4,,SES,,
15321,CAB 444,CAB,LS,Yrd.Çalgı Piyano VIII,,Alper Rumelioğlu,,Salı,08:30/10:29,,10,10,,"BST, CAB, CEB, KMP, SES",,
15322,FIZ 437E,FIZ,LS,Stat.Lear.from Data:App.inPhy.,,Muammer Altan Çakır,,Çarşamba | Perşembe,12:30/14:29 | 12:30/14:29,,25,23,,"FIZ, FIZE, MAT, MATE",,
15323,FIZ 272E,FIZ,LS,Computatnl Methods in Physics,,Mehmet Kerim Ramazanoğlu,,Pazartesi | Perşembe,12:30/14:29 | 12:30/14:29,,25,25,,"FIZ, FIZE, FIZM",,
15325,STA 201E,STA,LS,Statics,,Emrecan Söylemez,,Perşembe,08:30/11:29,,10,9,,MAKE,,
15326,MAL 201E,MAL,LS,Materials Science,,Mustafa Bakkal,,Pazartesi,08:30/11:29,,10,2,,MAKE,,
15327,CEV 449E,CEV,LS,Control&Autom. in Env. Facil.,,"Hayrettin Güçlü İnsel, Mustafa Evren Erşahin",,Çarşamba,13:30/15:29,,50,32,,"CEV, CEVE",,
15328,BEB 122,BEB,LS,Fiziksel Aktivite ve Egzersiz,,Serra Ayşe Çakar,,Perşembe,10:30/12:29,,15,4,,"BIO, BIOE, BLG, BLGE, CAB, CEV, CEVE, CHZ, CHZE, DEN, DENE, DUI, DUIE, ECNE, EHB, EHBE, ELE, ELH, ELK, ELKE, EUT, EUTE, FIZ, FIZE, GEM, GEME, GID, GIDE, GMI, GMIE, ICM, IML, IMLE, INS, INSE, ISL, ISLE, JDF, JEF, JEFE, JEO, JEOE, KIM, KIME, KMM, KMME, KMP, KOM, KOME, MAD, MADE, MAK, MAKE, MAT, MATE, MET, METE, MIM, MIME, MTO, MTOE, MUT, MUZ, PEM, PEME, PET, PETE, SBP, SBPE, SES, TEB, TEK, TEKE, TEL, THO, UCK, UCKE, UZB, UZBE, YZVE",,
15331,DFH 201,DFH,LS,Temel Yüzme Becerisi,,Yusuf Nejat Koçar,,Perşembe,08:30/10:29,,45,27,,"DUI, GMI",,
15332,BEB 122,BEB,LS,Fiziksel Aktivite ve Egzersiz,,Serra Ayşe Çakar,,Perşembe,13:30/15:29,,15,10,,"BIO, BIOE, BLG, BLGE, CAB, CEV, CEVE, CHZ, CHZE, DEN, DENE, DUI, DUIE, ECNE, EHB, EHBE, ELE, ELH, ELK, ELKE, EUT, EUTE, FIZ, FIZE, GEM, GEME, GID, GIDE, GMI, GMIE, ICM, IML, IMLE, INS, INSE, ISL, ISLE, JDF, JEF, JEFE, JEO, JEOE, KIM, KIME, KMM, KMME, KMP, KOM, KOME, MAD, MADE, MAK, MAKE, MAT, MATE, MET, METE, MIM, MIME, MTO, MTOE, MUT, MUZ, PEM, PEME, PET, PETE, SBP, SBPE, SES, TEB, TEK, TEKE, TEL, THO, UCK, UCKE, UZB, UZBE, YZVE",,
15333,BEB 122,BEB,LS,Fiziksel Aktivite ve Egzersiz,,--,,Perşembe,15:30/17:29,,0,0,,"BIO, BIOE, BLG, BLGE, CAB, CEV, CEVE, CHZ, CHZE, DEN, DENE, DUI, DUIE, ECNE, EHB, EHBE, ELE, ELH, ELK, ELKE, EUT, EUTE, FIZ, FIZE, GEM, GEME, GID, GIDE, GMI, GMIE, ICM, IML, IMLE, INS, INSE, ISL, ISLE, JDF, JEF, JEFE, JEO, JEOE, KIM, KIME, KMM, KMME, KMP, KOM, KOME, MAD, MADE, MAK, MAKE, MAT, MATE, MET, METE, MIM, MIME, MTO, MTOE, MUT, MUZ, PEM, PEME, PET, PETE, SBP, SBPE, SES, TEB, TEK, TEKE, TEL, THO, UCK, UCKE, UZB, UZBE, YZVE",,
15334,BEB 114,BEB,LS,Futsal Temel Beceri Eğitim,,Murat Bilgin,,Cuma,10:30/12:29,,15,14,,"BIO, BIOE, BLG, BLGE, CAB, CEV, CEVE, CHZ, CHZE, DEN, DENE, DUI, DUIE, ECNE, EHB, EHBE, ELE, ELH, ELK, ELKE, END, ENDE, EUT, EUTE, FIZ, FIZE, GEM, GEME, GEO, GEOE, GID, GIDE, GMI, GMIE, ICM, IML, IMLE, INS, INSE, ISL, ISLE, JDF, JEF, JEFE, JEO, JEOE, KIM, KIME, KMM, KMME, KMP, KOM, KOME, MAD, MADE, MAK, MAKE, MAT, MATE, MET, METE, MIM, MIME, MTO, MTOE, MUT, MUZ, PEM, PEME, PET, PETE, SBP, SBPE, SES, TEB, TEK, TEKE, TEL, THO, UCK, UCKE, UZB, UZBE",,
15335,BEB 122,BEB,LS,Fiziksel Aktivite ve Egzersiz,,Serra Ayşe Çakar,,Cuma,10:30/12:29,,15,8,,"BIO, BIOE, BLG, BLGE, CAB, CEV, CEVE, CHZ, CHZE, DEN, DENE, DUI, DUIE, ECNE, EHB, EHBE, ELE, ELH, ELK, ELKE, EUT, EUTE, FIZ, FIZE, GEM, GEME, GID, GIDE, GMI, GMIE, ICM, IML, IMLE, INS, INSE, ISL, ISLE, JDF, JEF, JEFE, JEO, JEOE, KIM, KIME, KMM, KMME, KMP, KOM, KOME, MAD, MADE, MAK, MAKE, MAT, MATE, MET, METE, MIM, MIME, MTO, MTOE, MUT, MUZ, PEM, PEME, PET, PETE, SBP, SBPE, SES, TEB, TEK, TEKE, TEL, THO, UCK, UCKE, UZB, UZBE, YZVE",,
15336,BEB 122,BEB,LS,Fiziksel Aktivite ve Egzersiz,,Serra Ayşe Çakar,,Cuma,14:30/16:29,,15,13,,"BIO, BIOE, BLG, BLGE, CAB, CEV, CEVE, CHZ, CHZE, DEN, DENE, DUI, DUIE, ECNE, EHB, EHBE, ELE, ELH, ELK, ELKE, EUT, EUTE, FIZ, FIZE, GEM, GEME, GID, GIDE, GMI, GMIE, ICM, IML, IMLE, INS, INSE, ISL, ISLE, JDF, JEF, JEFE, JEO, JEOE, KIM, KIME, KMM, KMME, KMP, KOM, KOME, MAD, MADE, MAK, MAKE, MAT, MATE, MET, METE, MIM, MIME, MTO, MTOE, MUT, MUZ, PEM, PEME, PET, PETE, SBP, SBPE, SES, TEB, TEK, TEKE, TEL, THO, UCK, UCKE, UZB, UZBE, YZVE",,
15337,BEB 122,BEB,LS,Fiziksel Aktivite ve Egzersiz,,--,,Salı,08:30/10:29,,0,0,,"BIO, BIOE, BLG, BLGE, CAB, CEV, CEVE, CHZ, CHZE, DEN, DENE, DUI, DUIE, ECNE, EHB, EHBE, ELE, ELH, ELK, ELKE, EUT, EUTE, FIZ, FIZE, GEM, GEME, GID, GIDE, GMI, GMIE, ICM, IML, IMLE, INS, INSE, ISL, ISLE, JDF, JEF, JEFE, JEO, JEOE, KIM, KIME, KMM, KMME, KMP, KOM, KOME, MAD, MADE, MAK, MAKE, MAT, MATE, MET, METE, MIM, MIME, MTO, MTOE, MUT, MUZ, PEM, PEME, PET, PETE, SBP, SBPE, SES, TEB, TEK, TEKE, TEL, THO, UCK, UCKE, UZB, UZBE, YZVE",,
15338,BEB 122,BEB,LS,Fiziksel Aktivite ve Egzersiz,,Damla Ercan,,Salı,10:30/12:29,,22,22,,"BIO, BIOE, BLG, BLGE, CAB, CEV, CEVE, CHZ, CHZE, DEN, DENE, DUI, DUIE, ECNE, EHB, EHBE, ELE, ELH, ELK, ELKE, EUT, EUTE, FIZ, FIZE, GEM, GEME, GID, GIDE, GMI, GMIE, ICM, IML, IMLE, INS, INSE, ISL, ISLE, JDF, JEF, JEFE, JEO, JEOE, KIM, KIME, KMM, KMME, KMP, KOM, KOME, MAD, MADE, MAK, MAKE, MAT, MATE, MET, METE, MIM, MIME, MTO, MTOE, MUT, MUZ, PEM, PEME, PET, PETE, SBP, SBPE, SES, TEB, TEK, TEKE, TEL, THO, UCK, UCKE, UZB, UZBE, YZVE",,
15339,BEB 122,BEB,LS,Fiziksel Aktivite ve Egzersiz,,Damla Ercan,,Çarşamba,08:30/10:29,,15,10,,"BIO, BIOE, BLG, BLGE, CAB, CEV, CEVE, CHZ, CHZE, DEN, DENE, DUI, DUIE, ECNE, EHB, EHBE, ELE, ELH, ELK, ELKE, EUT, EUTE, FIZ, FIZE, GEM, GEME, GID, GIDE, GMI, GMIE, ICM, IML, IMLE, INS, INSE, ISL, ISLE, JDF, JEF, JEFE, JEO, JEOE, KIM, KIME, KMM, KMME, KMP, KOM, KOME, MAD, MADE, MAK, MAKE, MAT, MATE, MET, METE, MIM, MIME, MTO, MTOE, MUT, MUZ, PEM, PEME, PET, PETE, SBP, SBPE, SES, TEB, TEK, TEKE, TEL, THO, UCK, UCKE, UZB, UZBE, YZVE",,
15340,ETK 101E,ETK,LS,Engineering Ethics,,Ali Bahadır,,Salı,12:30/13:29,,30,36,,"CHZ, CHZE, EHB, EHBE, EHN, IML, IMLE, JEF, JEFE, JEO, JEOE, KOM, KOME, KON, KONE, MAD, MADE, MAK, MAKE, MTO, MTOE, PET, PETE, SEH, TEK, TEKE",,
15341,EHB 221E,EHB,LS,Basics of Elec. Circuits Lab.,,Ali Bahadır,,Pazartesi,09:30/11:29,,50,44,,"BLG, BLGE, EHB, EHBE, ELE, TEL",,
15342,ITB 209,ITB,LS,Türkiye ve Dünya,,Alper Yurttaş,,Perşembe,14:30/17:29,,35,22,,"BIO, BLG, BST, CAB, CEB, CEV, CHZ, DEN, DUI, EHB, ELE, ELH, ELK, END, EUT, FIZ, GEM, GEO, GID, ICM, INS, ISL, JDF, JEF, JEO, KIM, KMM, KMP, KOM, MAD, MAK, MAT, MET, MIM, MTO, MTR, MUT, MUZ, MZT, PEM, PET, SBP, SES, TEB, TEK, TEL, THO, UCK, UZB",,
15343,EHB 465,EHB,LS,Fiber Optik Haberleşme Sist.,,Cafer Özkul,,Perşembe,08:30/11:29,,30,7,,"EHB, ELH, TEL",,
15344,EHB 212,EHB,LS,Elektromagnetik Alanlara Giriş,,--,,,,,0,0,,"BLG, EHB, ELE, ELH, ELK, KOM, TEL, UZB",,
15345,EAS 207,EAS,LS,Statics,,Arcan Yanık,,Pazartesi | Salı,12:30/14:29 | 11:30/13:29,,50,24,,SIN,,
15346,EAS 230,EAS,LS,Engineering Computing (MATLAB),,"Ömer Tuğrul Turan, Tolga Yılmaz Özüdoğru",,Cuma,08:30/12:29,,50,24,,SIN,,
15347,KIM 484E,KIM,LS,Inorganic Chemistry III,,Ozan Sanlı Şentürk,,Perşembe,14:30/17:29,,40,33,,"KIM, KIME",,
15348,GEO 413E,GEO,LS,Navigation Sys. and Methods,,Mahmut Oğuz Selbesoğlu,,Salı,13:30/15:29,,55,54,,"GEO, GEOE",,
15349,MUZ 446,MUZ,LS,Dünya Vokal Kültürleri,,Burcu Yıldız Ataş,,Pazartesi,13:30/15:29,,10,4,,SES,,
15350,MUZ 476,MUZ,LS,Türk Halk Müziği Bilgileri II,,Süleyman Şenel,,Pazartesi,10:30/12:29,,15,2,,"CAB, CEB, ETMM, MTR, MUT, MUZ, MZT, SES, THO",,
15351,MUT 448,MUT,LS,Prodüksiyon Teknikleri,,Sertaç Kakı,,Pazartesi | Cuma,15:30/17:29 | 15:30/17:29,,10,4,,"MUT, MZT",,
15352,IML 325E,IML,LS,Measurements & Instrumentation,,Hülya Yalçın,,Çarşamba | Cuma,12:30/13:29 | 14:30/16:29,,60,6,,"IML, IMLE, MAK, MAKE",,
15353,DFH 482E,DFH,LS,Cargo Handling Simulator,,Yunus Emre Şenol,,Cuma,14:30/16:29,,20,20,,DUI,,
15354,DFH 231E,DFH,LS,Transportation Systems,,Pelin Bolat,,Salı,11:30/13:29,,50,18,,"DUI, DUIE",,
15355,MAL 203,MAL,LS,Malzeme Bilgisi,,Yasin Arslanoğlu,,Pazartesi,08:30/10:29,,5,2,,GMI,,
15356,SES 315,SES,LS,TSM Repertuvarı V,,Sinem Özdemir,,Pazartesi | Pazartesi | Çarşamba,08:30/10:29 | 13:30/15:29 | 13:30/15:29,,5,1,,SES,,
15357,SES 317,SES,LS,19.yy Türk Müziği Repertuvarı,,Gülşah Sönmez,,Salı | Cuma,13:30/15:29 | 10:30/12:29,,5,1,,SES,,
15358,SES 361,SES,LS,Ses Fizyolojisine Giriş,,Laçin Modiri,,Perşembe,08:30/10:29,,5,1,,SES,,
15359,SES 305,SES,LS,Resital I,,"Sinem Özdemir, Gülaram Baltayeva",,,/,,5,1,,SES,,
15362,EHB 328E,EHB,LS,Machine Learning for Sig.Proc.,,Behçet Uğur Töreyin,,Cuma,08:30/11:29,,65,62,,"EHB, EHBE",,
15363,SBP 423,SBP,LS,Bölge Bilimi ve Planlama,,Gülden Erkut,,Salı,10:30/12:29,,65,54,,SBP,,
15364,SBP 423E,SBP,LS,Regional Science and Planning,,Tüzin Baycan,,Salı,10:30/12:29,,65,45,,"SBPE, SBPM",,
15365,SBP 439,SBP,LS,Metropoliten Planlama,,Mehmet Ocakçı,,Çarşamba,13:30/15:29,,65,48,,SBP,,
15366,SBP 439E,SBP,LS,Metropolitan Planning,,Eren Kürkçüoğlu,,Çarşamba,13:30/15:29,,65,44,,"SBPE, SBPM",,
15367,INS 464E,INS,LS,Substr.in Transportation Eng.,,Ali Osman Atahan,,Çarşamba,12:30/15:29,,50,50,,"INS, INSE",,
15368,ITB 219E,ITB,LS,Ethics,,Gürcan Koçan,,Pazartesi,08:30/11:29,,45,9,,"BIO, BIOE, BLG, BLGE, BST, CAB, CEB, CEV, CEVE, CHZ, CHZE, DEN, DENE, DUI, ECNE, EHB, EHBE, ELE, ELH, ELK, ELKE, END, ENDE, ENTE, EUT, EUTE, FIZ, FIZE, GEM, GEME, GEMK, GEO, GEOE, GID, GIDE, ICM, IML, IMLE, INS, INSE, ISL, ISLE, JDF, JEF, JEFE, JEO, JEOE, KIM, KIME, KMM, KMME, KMP, KOM, KOME, MAD, MADE, MAK, MAKE, MAT, MATE, MET, METE, MIM, MIME, MTO, MTOE, MTR, MUT, MUZ, MUZE, MZT, PEM, PEME, PET, PETE, SBP, SBPE, SES, TEB, TEK, TEKE, TEL, THO, UCK, UCKE, UZB, UZBE, YZVE",,
15379,ENR 371,ENR,LS,Dynamics,,"Bahadır Uğurlu, Mustafa Erden Yıldızdağ",,Cuma,16:30/19:29,,50,6,,"GEMK, NAE",,
15383,TEB 2113E,TEB,LS,The Th.& Solf. of Bas. Mus.III,,Eray Altınbüken,,Salı | Çarşamba,15:30/17:29 | 10:30/12:29,,5,1,,"MUT, MUZ, SES, TEB, THO",,
15384,THO 4653,THO,LS,Vurmalı Çalgılar VI,,Salim Sınar,,Salı,10:30/12:29,,5,1,,THO,,
15385,THO 4316,THO,LS,Koreografi,,Yurıy Mezokh,,Pazartesi | Çarşamba,08:30/10:29 | 08:30/09:29,,5,1,,THO,,
15386,DUI 371E,DUI,LS,Watchkeeping II,,Oğuzhan Gürel,,Salı,10:30/13:29,,50,23,,"DUI, DUIE",,
15387,DUI 371E,DUI,LS,Watchkeeping II,,Oğuzhan Gürel,,Çarşamba,10:30/13:29,,50,18,,"DUI, DUIE",,
15388,DUI 371E,DUI,LS,Watchkeeping II,,Oğuzhan Gürel,,Perşembe,10:30/13:29,,50,26,,"DUI, DUIE",,
15392,TER 205E,TER,LS,Thermodynamics I,,Ersin Sayar,,Perşembe,13:30/16:29,,10,4,,MAKE,,
15394,EHB 212,EHB,LS,Elektromagnetik Alanlara Giriş,,Murat Tayfun Günel,,Çarşamba,08:30/11:29,,30,58,,"BLG, EHB, ELE, ELH, ELK, KOM, TEL, UZB",,
15395,ELK 342,ELK,LS,Güç Elektroniği Laboratuvarı,,Özgür Üstün,,Çarşamba,12:30/14:29,,20,21,,"ELK, KOM",,
15396,CAB 3183,CAB,LS,Kontrbas V,,Hüseyin Sami Menekşe,,Pazartesi,13:30/15:29,,5,1,,MTR,,
15397,THO 3653,THO,LS,Vurmalı Çalgılar IV,,--,,Cuma,13:30/15:29,,5,0,,THO,,
15398,SES 2117,SES,LS,Repertuar I,,--,,Pazartesi | Perşembe,15:30/17:29 | 10:30/12:29,,5,0,,SES,,
15399,SES 2123,SES,LS,Ses Eğitimi I,,Tuğçem Kar,,,/,,5,1,,SES,,
15400,SES 3119,SES,LS,Mimik Diksiyon,,Ebru Aracı,,Pazartesi,08:30/10:29,,5,2,,SES,,
15401,CAB 249,CAB,LS,Gitar III,,Tolgahan Çoğulu,,,/,,5,1,,"CAB, CEB",,
15402,CAB 179,CAB,LS,Asmalı Davul I,,Eyüp Uzunkaya,,Cuma,15:30/17:29,,7,8,,THO,,
15403,SES 1915,SES,LS,Ud I,,Mehmet Bitmez,,Cuma,13:30/15:29,,5,1,,SES,,
15406,KMM 451E,KMM,LS,Chemical Engineering Lab. I,,"Çiğdem Oral, Ayşe Arifoğlu, Cemile Yerlikaya, Nalan Erdöl Aydın",,Salı,08:30/12:29,,5,1,,KMME,,
15407,KIM 202,KIM,LS,Fiziksel Kimya,,--,,Pazartesi,14:30/17:29,,0,0,,"BIO, CEV, CHZ, DEN, DUI, ELE, ELH, ELK, GEM, GID, GMI, INS, JEO, KIMM, KMM, KMMM, KYD, MAD, MET, PET, TEL",,
15408,CAB 157,CAB,LS,Bağlama I,,Adnan Koç,,Pazartesi,13:30/15:29,,5,5,,"CGM1, CGM6, CGM7, CGM8, DUI, MTR, MUT, MUZ, MZT, SES, THO",,
15409,CAB 159,CAB,LS,Ud I,,Sarper Eroğlu,,Pazartesi,10:30/12:29,,5,5,,"CGM4, CGM6, CGM7, CGM8, MTR, MUT, MUZ, MZT, SES",,
15410,CAB 159,CAB,LS,Ud I,,Mehmet Bitmez,,Pazartesi,10:30/12:29,,5,5,,"CGM4, CGM6, CGM7, CGM8, MTR, MUT, MUZ, MZT, SES",,
15411,CAB 153,CAB,LS,Tanbur I,,--,,Pazartesi,13:30/15:29,,5,0,,"CGM6, CGM7, CGM8, MTR, MUT, MUZ, MZT, SES",,
15412,CAB 187,CAB,LS,Gitar I,,Tolgahan Çoğulu,,Pazartesi,13:30/15:29,,7,7,,"CGM2, CGM6, CGM7, CGM8, DUI, MTR, MUT, MUZ, MZT",,
15413,CAB 1101,CAB,LS,Keman I,,Ali Cihat Aşkın,,Pazartesi,13:30/15:29,,5,5,,"MTR, MUT, MUZ, MZT",,
15414,CAB 177,CAB,LS,Piyano I,,Mehru Ensari,,Çarşamba,08:30/10:29,,15,17,,"DUI, MTR, MUT, MUZ, MZT, SES",,
15415,CAB 177,CAB,LS,Piyano I,,Alper Rumelioğlu,,Cuma,08:30/10:29,,15,18,,"DUI, MTR, MUT, MUZ, MZT, SES",,
15416,CAB 177,CAB,LS,Piyano I,,Devlet Devrim Öztaş,,Çarşamba,13:30/15:29,,15,16,,"DUI, MTR, MUT, MUZ, MZT, SES",,
15417,CAB 277,CAB,LS,Piyano III,,--,,Pazartesi,10:30/12:29,,0,0,,"MTR, MUT, MZT, SES",,
15418,CAB 277,CAB,LS,Piyano III,,Sıtkı Kandemir Basmacıoğlu,,Cuma,15:30/17:29,,15,18,,"MTR, MUT, MZT, SES",,
15419,CAB 277,CAB,LS,Piyano III,,Alper Rumelioğlu,,Cuma,13:30/15:29,,15,18,,"MTR, MUT, MZT, SES",,
15421,MAK 312,MAK,LS,Ölçme Değerlendirme,,Ayhan Kural,,Salı | Çarşamba,15:30/17:29 | 10:30/12:29,,120,72,,"IML, MAK, MAKM, MKN",,
15422,ING 112,ING,LS,English I,,Emel Çağlar,,Cuma,13:30/16:29,,28,32,,"BIO, BIOE, BLG, BLGE, CEV, CEVE, CHZ, CHZE, DEN, DENE, DUIE, ECNE, EHB, EHBE, EHN, ELE, ELH, ELK, ELKE, END, ENDE, ENTE, EUT, EUTE, FIZ, FIZE, GEM, GEME, GEMK, GEO, GEOE, GID, GIDE, GMIE, ICM, IML, IMLE, INS, INSE, ISL, ISLE, JDF, JEF, JEFE, JEO, JEOE, KIM, KIME, KMM, KMME, KOM, KOME, MAD, MADE, MAK, MAKE, MAT, MATE, MET, METE, MIM, MIME, MTO, MTOE, MUZE, PEM, PEME, PET, PETE, SBP, SBPE, SEH, TEK, TEKE, TEL, UCK, UCKE, UZB, UZBE, YZVE",,
15423,THO 2115,THO,LS,Türk Halk Oyunları III,,Cumhur Sevinç,,Çarşamba | Cuma,08:30/10:29 | 13:30/15:29,,10,1,,THO,,
15424,THO 2647,THO,LS,Dilsiz Kaval II,,Haydar Tanrıverdi,,Cuma,15:30/17:29,,5,1,,THO,,
15425,ING 112,ING,LS,English I,,Emel Çağlar,,Çarşamba,08:30/11:29,,28,30,,"BIO, BIOE, BLG, BLGE, CEV, CEVE, CHZ, CHZE, DEN, DENE, DUIE, ECNE, EHB, EHBE, EHN, ELE, ELH, ELK, ELKE, END, ENDE, ENTE, EUT, EUTE, FIZ, FIZE, GEM, GEME, GEMK, GEO, GEOE, GID, GIDE, GMIE, ICM, IML, IMLE, INS, INSE, ISL, ISLE, JDF, JEF, JEFE, JEO, JEOE, KIM, KIME, KMM, KMME, KOM, KOME, MAD, MADE, MAK, MAKE, MAT, MATE, MET, METE, MIM, MIME, MTO, MTOE, MUZE, PEM, PEME, PET, PETE, SBP, SBPE, SEH, TEK, TEKE, TEL, UCK, UCKE, UZB, UZBE, YZVE",,
15426,EUT 456E,EUT,LS,Fashion Accessories Design,,Deniz Leblebici Başar,,Çarşamba,08:30/12:29,,35,31,,"ENTE, EUT, EUTE, EUTM",,
15427,EUT 450E,EUT,LS,Inter. Btwn.20th Cen.Art & Des,,Çiğdem Kaya Pazarbaşı,,Perşembe,09:30/12:29,,35,14,,"ENTE, EUT, EUTE, EUTM, ICM, PEME, SBPE",,
15428,EUT 361E,EUT,LS,Contemporary Issues in Design,,Çiğdem Kaya Pazarbaşı,,Salı,09:30/12:29,,35,32,,"ENTE, EUT, EUTE, EUTM, ICM",,
15429,MIM 484,MIM,LS,Uygulama Projesi,,Caner Göçer,,Salı | Cuma,13:30/17:29 | 08:30/12:29,,13,13,,MIM,,
15430,MIM 343,MIM,LS,Şehircilik ve İmar Hukuku,,Handan Türkoğlu,,Salı,08:30/12:29,,17,15,,MIM,,
15432,NAE 411,NAE,LS,Ship Design Project I,,Barış Barlas,,Çarşamba,10:30/12:29,,50,25,,"GEMK, NAE",,
15436,EHB 222E,EHB,LS,Introduction to Electronics,,Hasan Bülent Yağcı,,Salı,12:30/15:29,,90,90,,"BLG, BLGE, ELE, ELH, ELK, ELKE, KOM, KOME, MKN, PETE, TEL",,
15437,ING 112,ING,LS,English I,,Hacer Şivil,,Çarşamba,08:30/11:29,,28,29,,"BIO, BIOE, BLG, BLGE, CEV, CEVE, CHZ, CHZE, DEN, DENE, DUIE, ECNE, EHB, EHBE, EHN, ELE, ELH, ELK, ELKE, END, ENDE, ENTE, EUT, EUTE, FIZ, FIZE, GEM, GEME, GEMK, GEO, GEOE, GID, GIDE, GMIE, ICM, IML, IMLE, INS, INSE, ISL, ISLE, JDF, JEF, JEFE, JEO, JEOE, KIM, KIME, KMM, KMME, KOM, KOME, MAD, MADE, MAK, MAKE, MAT, MATE, MET, METE, MIM, MIME, MTO, MTOE, MUZE, PEM, PEME, PET, PETE, SBP, SBPE, SEH, TEK, TEKE, TEL, UCK, UCKE, UZB, UZBE, YZVE",,
15439,MAT 261,MAT,LS,Lineer Cebir,,--,,Cuma,08:30/11:29,,0,0,,INS,,
15440,MAT 210,MAT,LS,Mühendislik Matematiği,,Şenay Pasinlioğlu,,Pazartesi | Salı,12:30/14:29 | 15:30/17:29,,98,98,,"BIO, BLG, CEV, CHZ, DUI, EHB, ELE, ELH, ELK, END, FIZ, GEO, GMI, INS, JDF, JEF, JEFM, JEO, KIM, MAD, MATM, MET, MKNM, MTO, PET, TEK, TEL, UCK, UCKM, UZB, UZBM",,
15441,CAB 349,CAB,LS,Gitar V,,Tolgahan Çoğulu,,,/,,5,1,,"CAB, CEB",,
15444,MAL 201E,MAL,LS,Materials Science,,Ömer Serdar Özgen,,Perşembe,14:30/17:29,,10,11,,"UCK, UCKE, UZB, UZBE",,
15445,BLG 231,BLG,LS,Sayısal Devreler,,Ali Saffet Altay,,Salı,13:30/16:29,,40,49,,"BLG, EHB, ELE, ELH, ELK, KOM, MKN, TEL, UZB",,
15446,MUT 363,MUT,LS,Serbest Proje Çalışması I,,Gökhan Deneç,,,/,,5,5,,"MUT, MZT",,
15447,THO 453,THO,LS,Dans Antropolojisine Giriş,,Serpil Murtezaoğlu,,Salı,08:30/10:29,,10,7,,THO,,
15448,TEB 4319,TEB,LS,Akustik,,Murat Tıraş,,Pazartesi,15:30/17:29,,5,1,,"CAB, SES, TEB",,
15449,MUZ 4344,MUZ,LS,Dini Müzik,,Yalçın Çetinkaya,,Pazartesi,10:30/12:29,,5,1,,"CAB, MUZ, TEB",,
15450,TEB 3116,TEB,LS,Armoni II,,Ayhan Gunca,,Perşembe,10:30/12:29,,5,1,,TEB,,
15451,TEB 2117,TEB,LS,Türk Müziği Tarihi,,Yalçın Çetinkaya,,Pazartesi,13:30/15:29,,5,1,,TEB,,
15452,MUZ 495,MUZ,LS,Müzkte Elştri ve Elştrl Yazı,,Eray Cömert,,Perşembe,08:30/10:29,,10,1,,"MUT, MZT, SES",,
15453,MAT 210E,MAT,LS,Engineering Mathematics,,İbrahim Kırat,,Pazartesi | Salı,12:30/14:29 | 15:30/17:29,,103,103,,"BIO, BIOE, BLG, BLGE, CEV, CEVE, CHZ, CHZE, DEN, DENE, DUI, DUIE, ECNE, EHBE, ELE, ELH, ELK, ELKE, END, ENDE, FIZ, FIZE, GEM, GEME, GEMK, GEO, GEOE, GID, GIDE, GMI, GMIE, INS, INSE, ISL, ISLE, JDF, JEF, JEFE, JEFM, JEO, JEOE, KIM, KIME, KMM, KMME, MAD, MADE, MATM, MET, METE, MKNM, MTO, MTOE, PET, PETE, TEK, TEKE, TEL, UCK, UCKE, UCKM, UZB, UZBE, UZBM, YZVE",,
15454,ING 112,ING,LS,English I,,Özge Seçkin Polat,,Salı,08:30/11:29,,28,30,,"BIO, BIOE, BLG, BLGE, CEV, CEVE, CHZ, CHZE, DEN, DENE, DUIE, ECNE, EHB, EHBE, EHN, ELE, ELH, ELK, ELKE, END, ENDE, ENTE, EUT, EUTE, FIZ, FIZE, GEM, GEME, GEMK, GEO, GEOE, GID, GIDE, GMIE, ICM, IML, IMLE, INS, INSE, ISL, ISLE, JDF, JEF, JEFE, JEO, JEOE, KIM, KIME, KMM, KMME, KOM, KOME, MAD, MADE, MAK, MAKE, MAT, MATE, MET, METE, MIM, MIME, MTO, MTOE, MUZE, PEM, PEME, PET, PETE, SBP, SBPE, SEH, TEK, TEKE, TEL, UCK, UCKE, UZB, UZBE, YZVE",,
15456,FIZ 201E,FIZ,LS,Modern Physics,,Metin Hüner,,Pazartesi,12:30/15:29,,60,5,,"EHB, EHBE, ELE, ELH, ELK, ELKE, TEL",,
15458,FIZ 421E,FIZ,LS,Advanced Physics Project Lab.,,Kazım Yavuz Ekşi,,Pazartesi | Salı,10:30/13:29 | 11:30/12:29,,1,1,,"FIZ, FIZE",,
15459,FIZ 421E,FIZ,LS,Advanced Physics Project Lab.,,Emre Onur Kahya,,Perşembe,13:00/16:59,,1,1,,"FIZ, FIZE",,
15460,FIZ 421E,FIZ,LS,Advanced Physics Project Lab.,,Sevim İşçi Turutoğlu,,Cuma,10:00/13:59,,1,1,,"FIZ, FIZE",,
15461,FIZ 421E,FIZ,LS,Advanced Physics Project Lab.,,Yaşar Yılmaz,,Salı | Perşembe,08:30/10:29 | 08:30/10:29,,1,1,,"FIZ, FIZE",,
15462,FIZ 421E,FIZ,LS,Advanced Physics Project Lab.,,Kerem Cankoçak,,Perşembe | Cuma,12:30/14:29 | 12:30/14:29,,1,1,,"FIZ, FIZE",,
15463,FIZ 421E,FIZ,LS,Advanced Physics Project Lab.,,Yaşar Yılmaz,,Salı,10:30/14:29,,1,1,,"FIZ, FIZE",,
15464,FIZ 421E,FIZ,LS,Advanced Physics Project Lab.,,Kerem Cankoçak,,Pazartesi | Salı,10:30/12:29 | 11:30/13:29,,1,1,,"FIZ, FIZE",,
15465,FIZ 421E,FIZ,LS,Advanced Physics Project Lab.,,Mehmet Özkan,,Salı | Çarşamba,13:30/15:29 | 13:30/15:29,,1,1,,"FIZ, FIZE",,
15466,FIZ 421E,FIZ,LS,Advanced Physics Project Lab.,,Cenap Şahabettin Özben,,Cuma | Cuma,11:30/13:29 | 15:30/17:29,,1,1,,"FIZ, FIZE",,
15467,FIZ 421E,FIZ,LS,Advanced Physics Project Lab.,,Hakan Özgür Özer,,Cuma,13:30/17:29,,1,1,,"FIZ, FIZE",,
15468,FIZ 421E,FIZ,LS,Advanced Physics Project Lab.,,--,,Salı,09:30/13:29,,0,0,,"FIZ, FIZE",,
15469,FIZ 421E,FIZ,LS,Advanced Physics Project Lab.,,Mehmet Kerim Ramazanoğlu,,Pazartesi | Pazartesi,11:30/12:29 | 14:30/17:29,,1,1,,"FIZ, FIZE",,
15470,FIZ 421E,FIZ,LS,Advanced Physics Project Lab.,,Zuhal Er,,Pazartesi | Cuma,10:30/11:29 | 11:30/14:29,,1,1,,"FIZ, FIZE",,
15471,FIZ 421E,FIZ,LS,Advanced Physics Project Lab.,,--,,Salı | Çarşamba | Çarşamba,12:30/13:29 | 08:30/10:29 | 10:30/11:29,,0,0,,"FIZ, FIZE",,
15472,FIZ 421E,FIZ,LS,Advanced Physics Project Lab.,,Zuhal Er,,Pazartesi,11:30/15:29,,1,1,,"FIZ, FIZE",,
15473,FIZ 421E,FIZ,LS,Advanced Physics Project Lab.,,Zuhal Er,,Çarşamba | Perşembe,10:30/11:29 | 11:30/14:29,,1,1,,"FIZ, FIZE",,
15474,FIZ 421E,FIZ,LS,Advanced Physics Project Lab.,,Zuhal Er,,Çarşamba | Cuma,12:30/15:29 | 16:30/17:29,,1,1,,"FIZ, FIZE",,
15475,FIZ 421E,FIZ,LS,Advanced Physics Project Lab.,,Mehmet Kerim Ramazanoğlu,,Pazartesi | Salı | Salı | Cuma,08:30/09:29 | 12:30/13:29 | 16:30/17:29 | 08:30/09:29,,2,2,,"FIZ, FIZE",,
15476,FIZ 421E,FIZ,LS,Advanced Physics Project Lab.,,Zuhal Er,,Salı | Çarşamba,12:30/15:29 | 11:30/12:29,,1,1,,"FIZ, FIZE",,
15477,FIZ 421E,FIZ,LS,Advanced Physics Project Lab.,,Oğuzhan Gürlü,,Pazartesi | Perşembe,12:30/14:29 | 12:30/14:29,,1,1,,"FIZ, FIZE",,
15478,FIZ 421E,FIZ,LS,Advanced Physics Project Lab.,,Gönül Eryürek,,Perşembe,08:30/12:29,,1,1,,"FIZ, FIZE",,
15480,FIZ 421E,FIZ,LS,Advanced Physics Project Lab.,,--,,Perşembe,12:30/16:29,,0,0,,"FIZ, FIZE",,
15481,FIZ 421E,FIZ,LS,Advanced Physics Project Lab.,,Muammer Altan Çakır,,Pazartesi,13:30/17:29,,1,1,,"FIZ, FIZE",,
15482,FIZ 421E,FIZ,LS,Advanced Physics Project Lab.,,Muammer Altan Çakır,,Salı,13:30/17:29,,1,1,,"FIZ, FIZE",,
15483,FIZ 421E,FIZ,LS,Advanced Physics Project Lab.,,Ali Gelir,,Salı | Perşembe,08:30/10:29 | 12:30/14:29,,2,2,,"FIZ, FIZE",,
15484,FIZ 421E,FIZ,LS,Advanced Physics Project Lab.,,Ferid Salehli,,Salı | Çarşamba,10:30/12:29 | 10:30/12:29,,1,1,,"FIZ, FIZE",,
15485,FIZ 421E,FIZ,LS,Advanced Physics Project Lab.,,Tolga Birkandan,,Cuma,13:30/17:29,,2,2,,"FIZ, FIZE",,
15486,FIZ 421E,FIZ,LS,Advanced Physics Project Lab.,,Ferid Salehli,,Pazartesi | Perşembe,10:30/12:29 | 12:30/14:29,,1,1,,"FIZ, FIZE",,
15487,FIZ 421E,FIZ,LS,Advanced Physics Project Lab.,,Neşe Özdemir,,Perşembe,08:30/12:29,,1,1,,"FIZ, FIZE",,
15488,FIZ 421E,FIZ,LS,Advanced Physics Project Lab.,,Mehmet Cem Güçlü,,Salı | Perşembe,10:30/12:29 | 12:30/14:29,,1,1,,"FIZ, FIZE",,
15489,FIZ 421E,FIZ,LS,Advanced Physics Project Lab.,,--,,Salı | Perşembe,13:30/15:29 | 08:30/10:29,,0,0,,"FIZ, FIZE",,
15490,FIZ 421E,FIZ,LS,Advanced Physics Project Lab.,,Mehmet Cem Güçlü,,Cuma,12:30/16:29,,1,1,,"FIZ, FIZE",,
15491,FIZ 421E,FIZ,LS,Advanced Physics Project Lab.,,Mehmet Cem Güçlü,,Çarşamba,11:30/15:29,,2,2,,"FIZ, FIZE",,
15492,FIZ 421,FIZ,LS,İleri Fizik Proje Laboratuarı,,İbrahim Türhan,,Pazartesi | Cuma,10:30/12:29 | 11:30/13:29,,1,1,,FIZ,,
15493,FIZ 421,FIZ,LS,İleri Fizik Proje Laboratuarı,,İbrahim Türhan,,Cuma,13:30/17:29,,1,1,,FIZ,,
15546,EHB 362,EHB,LS,Mikrodalga Mühendisliği,,--,,,/,,1,1,,"EHB, ELE, ELH, TEL",,
15547,ELK 331,ELK,LS,Güç Elektroniği Devreleri,,--,,,/,,0,0,,"EHB, ELE, ELK, KOM",,
15548,ITB 203,ITB,LS,Sosyoloji,,--,,Pazartesi,11:30/14:29,,0,0,,"BIO, BLG, BST, CAB, CEB, CEV, CHZ, DEN, DUI, EHB, ELE, ELH, ELK, END, EUT, FIZ, GEM, GEO, GID, GMI, ICM, INS, ISL, JDF, JEF, JEO, KIM, KMM, KMP, KOM, MAD, MAK, MAT, MET, MIM, MTO, MTR, MUT, MUZ, MZT, PEM, PET, SBP, SES, TEB, TEK, TEL, THO, UCK, UZB",,
15549,ITB 203,ITB,LS,Sosyoloji,,--,,Pazartesi,14:30/17:29,,0,0,,"BIO, BLG, BST, CAB, CEB, CEV, CHZ, DEN, DUI, EHB, ELE, ELH, ELK, END, EUT, FIZ, GEM, GEO, GID, GMI, ICM, INS, ISL, JDF, JEF, JEO, KIM, KMM, KMP, KOM, MAD, MAK, MAT, MET, MIM, MTO, MTR, MUT, MUZ, MZT, PEM, PET, SBP, SES, TEB, TEK, TEL, THO, UCK, UZB",,
15550,ITB 222,ITB,LS,Kent ve Toplum,,--,,Salı,11:30/14:29,,45,0,,"BIO, BLG, BST, CAB, CEB, CEV, CHZ, DEN, EHB, ELE, ELH, ELK, END, EUT, FIZ, GEM, GEO, GID, ICM, INS, ISL, JDF, JEF, JEO, KIM, KMM, KMP, KOM, MAD, MAK, MAT, MET, MIM, MTO, MTR, MUT, MUZ, PEM, PET, SBP, SES, TEB, TEK, TEL, THO, UCK, UZB",,
15551,ITB 222,ITB,LS,Kent ve Toplum,,--,,Salı,14:30/17:29,,0,0,,"BIO, BLG, BST, CAB, CEB, CEV, CHZ, DEN, EHB, ELE, ELH, ELK, END, EUT, FIZ, GEM, GEO, GID, ICM, INS, ISL, JDF, JEF, JEO, KIM, KMM, KMP, KOM, MAD, MAK, MAT, MET, MIM, MTO, MTR, MUT, MUZ, PEM, PET, SBP, SES, TEB, TEK, TEL, THO, UCK, UZB",,
15552,MST 292,MST,LS,Environmental Mng.in Ship Opr.,,Tanzer Satır,,Çarşamba,17:30/19:29,,50,10,,"DUIK, GEMK, GMIK, MEN, MTM, NAE",,
15553,MTM 412,MTM,LS,Ship Management and Leadership,,Cemil Yurtören,,Perşembe,08:30/14:29,,50,12,,"DUIK, MTM, MTTM",,
15556,FIZ 421E,FIZ,LS,Advanced Physics Project Lab.,,Yaşar Yılmaz,,Pazartesi | Çarşamba,10:30/12:29 | 10:30/12:29,,1,1,,"FIZ, FIZE",,
15557,THO 4115,THO,LS,Oyun Analizi I,,"Eyüp Uzunkaya, Ahmet Turan Demirbağ",,Pazartesi | Çarşamba,08:30/10:29 | 08:30/10:29,,5,1,,THO,,
15558,IML 212,IML,LS,İmal Usülleri I,,Canan Gamze Güleryüz Parasız,,Salı | Perşembe,13:30/15:29 | 10:30/12:29,,10,1,,"IML, IMLE",,
15559,ING 105,ING,LS,English I,,Mevlüt Kahraman,,Pazartesi,08:30/11:29,,30,23,,"BST, CAB, CEB, KMP, MTR, MUT, MUZ, MUZE, MZT, SES, THO",,
15562,FIZ 421,FIZ,LS,İleri Fizik Proje Laboratuarı,,Seda Aksoy Esinoğlu,,Salı,09:30/13:29,,1,1,,FIZ,,
15563,CAB 417,CAB,LS,Kaval VII,,Cihan Yurtcu,,,/,,5,1,,"CAB, CEB",,
15564,DUI 492E,DUI,LS,Graduation Project,,Özcan Arslan,,,/,,5,1,,"DUI, DUIE",,
15565,EHB 222E,EHB,LS,Introduction to Electronics,,--,,Salı,12:30/15:29,,0,0,,"BLG, BLGE, ELE, ELH, ELK, ELKE, KOM, KOME, MKN, PETE, TEL",,
15566,MAK 411E,MAK,LS,Experimtl Mth.in Mechanicl Eng,,Adil Yücel,,Pazartesi,13:30/16:29,,10,1,,"MAK, MAKE",,
15567,MAK 481,MAK,LS,Proje Tasarım Esasları,,Hacı Abdullah Taşdemir,,Pazartesi,16:30/17:29,,10,1,,MAK,,
15568,MAT 271E,MAT,LS,Probability and Statistics,,Ayşe Saygün,,Perşembe,13:30/16:29,,56,57,,"BIO, BIOE, BLG, BLGE, CEV, CEVE, CHZ, CHZE, DEN, DENE, DUI, EHB, EHBE, ELE, ELH, ELK, ELKE, ENTE, EUT, EUTE, FIZ, FIZE, GEM, GEME, GEMK, GEO, GEOE, GID, GIDE, GMI, GMIE, IML, IMLE, IMLM, INS, INSE, JDF, JEF, JEFE, JEO, JEOE, KMM, KMME, KOM, KOME, MAD, MADE, MAK, MAKE, MET, METE, MTO, MTOE, PET, PETE, SBP, SBPE, SEH, TEK, TEKE, TEL, UCK, UCKE, UZB, UZBE",,
15569,FIZ 421E,FIZ,LS,Advanced Physics Project Lab.,,Hakan Karaağaç,,Pazartesi | Perşembe,10:30/12:29 | 12:30/14:29,,1,1,,"FIZ, FIZE",,
15570,MIM 343,MIM,LS,Şehircilik ve İmar Hukuku,,Mehmet Ali Yüzer,,Salı,08:30/12:29,,9,9,,MIM,,
