CRN,Ders Kodu,Branş,Seviye,Ders Adı,Öğretim Yöntemi,Öğretim Üyesi,Bina,Gün,Saat,Derslik,Kontenjan,Yazılan,Rezervasyon,Alabilen Programlar,Önşart,Sınıf/Kredi Önşartı
10111,RUS 102,RUS,LS,Rusça II,,Victoria Nikolaevna Leonova,MEDB,Cuma,08:30/12:29,,20,0,,Tüm Lisans ve Lisansüstü Programlar,,
10112,RUS 101,RUS,LS,Rusça I,,Victoria Nikolaevna Leonova,MEDB,Pazartesi,13:30/17:29,,20,0,,Tüm Lisans ve Lisansüstü Programlar,,
10113,RUS 101,RUS,LS,Rusça I,,Victoria Nikolaevna Leonova,MEDB,Salı,13:30/17:29,,20,0,,Tüm Lisans ve Lisansüstü Programlar,,
10114,RUS 101,RUS,LS,Rusça I,,Victoria Nikolaevna Leonova,MEDB,Perşembe,13:30/17:29,,20,0,,Tüm Lisans ve Lisansüstü Programlar,,
10115,RUS 201,RUS,LS,Rusça III,,Victoria Nikolaevna Leonova,MEDB,Cuma,13:30/17:29,,20,0,,Tüm Lisans ve Lisansüstü Programlar,,
10116,RUS 102,RUS,LS,Rusça II,,Ekaterina Bal,DIB,Perşembe,13:30/17:29,,20,0,,Tüm Lisans ve Lisansüstü Programlar,,
10793,MUH 321,MUH,LS,Sayısal Yöntemler,,Ahmet Kırış,FEB | FEB,Çarşamba | Perşembe,08:30/10:29 | 08:30/10:29,,50,47,,MAT,,
10794,MUH 321E,MUH,LS,Numerical Methods,,Burcu Tunga,FEB | FEB,Çarşamba | Perşembe,08:30/10:29 | 08:30/10:29,,50,19,,"MAT, MATE, MATM",,
10795,MUH 335,MUH,LS,Bilgi İşlem Algoritmaları,,Ali Ercengiz,FEB,Salı,08:30/11:29,,90,22,,MAT,,
10806,MUH 201E,MUH,LS,Dynamics,,Rahmiye Ergün,FEB,Pazartesi,08:30/11:29,,50,23,,"MAT, MATE",,
10807,MUH 211E,MUH,LS,Discreet Mathematics,,Burak Yıldıran Stodolsky,FEB,Salı,08:30/11:29,,50,8,,"MAT, MATE, MATM",,
10810,MUH 302E,MUH,LS,Continuum Mechanics,,Ahmet Kırış,FEB | FEB,Perşembe | Cuma,13:30/15:29 | 13:30/15:29,,100,49,,"MAT, MATE",,
10888,MUH 453,MUH,LS,Optimal Kontrol Teorisi,,Elimhan Mahmudov,FEB,Salı,14:30/17:29,,32,4,,"FIZ, MAT, MATM",,
11053,MUZ 121,MUZ,LS,Müzik Tarihi I,,Atilla Coşkun Toksoy,TMB,Cuma,15:30/17:29,,35,12,,"CAB, MTR, MUT, SES",,
11060,MUZ 475,MUZ,LS,Türk Halk Müziği Bilgileri I,,Süleyman Şenel,TMB,Çarşamba,08:30/10:29,,50,42,,"CAB, ETMM, KMP, MTR, MUT, MUZ, SES, THO",,
11063,MUZ 111,MUZ,LS,Müzikte Araştırma Yönt. Giriş,,Miltiadis Pappas,TMB,Cuma,09:30/12:29,,30,9,,"ETMM, MTR, MUZ",,
11065,MUZ 121,MUZ,LS,Müzik Tarihi I,,Atilla Coşkun Toksoy,TMB,Çarşamba,10:30/12:29,,35,28,,"CAB, MTR, MUT, SES",,
11067,MUZ 497,MUZ,LS,Müzik Felsefesine Giriş,,Yalçın Çetinkaya,TMB,Cuma,10:30/12:29,,25,25,,"CAB, KMP, MTR, MUT",,
11069,MUZ 101,MUZ,LS,Müzik Tarihi I,,Ozan Baysal,TMB,Pazartesi,10:30/12:29,,20,2,,MUZ,,
11071,MUZ 211,MUZ,LS,Osmanlıca I,,Ali Yayla,TMB,Pazartesi,13:30/16:29,,20,19,,MUZ,,
11074,MUZ 201,MUZ,LS,Müzik Tarihi III,,"Gözde Çolakoğlu Sarı, Serhan Dilhan Konan",TMB,Salı,13:30/16:29,,20,14,,MUZ,,
11075,MUZ 321,MUZ,LS,Organolojiye Giriş,,Günay Koçhan Flower,TMB,Perşembe,08:30/10:29,,25,25,,"CAB, ETMM, MTR, MUT, MUZ",,
11081,MUZ 486,MUZ,LS,Müzik Pedagojisine Giriş,,Atilla Coşkun Toksoy,TMB,Salı,09:30/12:29,,25,14,,"CAB, MUZ",,
11085,MUZ 357,MUZ,LS,İleri Osmanlıca I,,Ali Yayla,TMB,Cuma,13:30/15:29,,20,5,,"MUZ, MUZE",,
11088,MUZ 379,MUZ,LS,Dini Müzik I,,Yalçın Çetinkaya,TMB,Cuma,15:30/17:29,,20,20,,"KMP, MTR, MUZ, SES",,
11090,MUZ 451,MUZ,LS,Arapça III,,Erdal Kılıç,TMB,Perşembe,08:30/10:29,,20,1,,"MUZ, MUZE",,
11093,MUZ 453,MUZ,LS,Farsça III,,Erdal Kılıç,TMB,Perşembe,13:30/15:29,,20,0,,"MUZ, MUZE",,
11097,MUZ 487,MUZ,LS,Müzik Felsefesine Giriş,,Yalçın Çetinkaya,TMB,Salı,13:30/16:29,,20,5,,MUZ,,
11100,MUZ 491,MUZ,LS,Eleştirel Okumak ve Yazmak,,Eray Cömert,TMB,Salı,13:30/16:29,,20,0,,MUZ,,
11116,MUZ 431,MUZ,LS,Gelnksl Drama Snatı ve Müzik,,Süleyman Şenel,TMB,Salı,09:30/12:29,,20,3,,MUZ,,
11119,MUZ 447,MUZ,LS,19. Yüzyıl Osmanlı Müziği,,Yalçın Çetinkaya,TMB,Pazartesi,09:30/12:29,,20,6,,MUZ,,
11122,MUZ 411,MUZ,LS,Türkiye Müzik Kültrlerne Giriş,,Serkan Şener,TMB,Çarşamba,10:30/12:29,,20,9,,"ETMM, MUZ",,
11133,MUZ 401,MUZ,LS,Müzik Tarihi VII,,Atilla Coşkun Toksoy,TMB,Cuma,13:30/15:29,,20,13,,MUZ,,
11160,MUZ 441,MUZ,LS,Seminer III,,Yalçın Çetinkaya,TMB,Çarşamba,13:30/15:29,,20,13,,MUZ,,
11169,MUZ 457,MUZ,LS,İleri Osmanlıca III,,Ali Yayla,TMB,Cuma,10:30/12:29,,20,3,,"MUZ, MUZE",,
11170,MUZ 479,MUZ,LS,Popüler Müziğe Giriş,,Günay Koçhan Flower,TMB,Perşembe,10:30/12:29,,20,2,,"ETMM, MUT, MUZ",,
11176,MUZ 483,MUZ,LS,Müzik-Dans-Kültürel Teori I,,Zeynep Gonca Girgin,TMB,Perşembe,10:30/12:29,,20,2,,"ETMM, MUZ",,
11194,MUZ 492,MUZ,LS,Bitirme Çalışması,,Songül Karahasanoğlu,TMB,,/,,100,3,,MUZ,,
11197,MUZ 111E,MUZ,LS,Int.to Research Meth.in Music,,Serkan Şener,TMB,Salı,09:30/12:29,,20,2,,"MTR, MUZ, MUZE",,
11202,MUZ 101E,MUZ,LS,Music History I,,Ozan Baysal,TMB,Pazartesi,08:30/10:29,,20,2,,"MUZ, MUZE",,
11204,MUZ 201E,MUZ,LS,Music History III,,Serhan Dilhan Konan,TMB,Pazartesi,09:30/12:29,,20,4,,MUZE,,
11213,MUZ 211E,MUZ,LS,Ottoman Language I,,Ali Yayla,TMB,Salı,09:30/12:29,,15,5,,MUZE,,
11214,MUZ 221E,MUZ,LS,Intr. to Ethnomusicology,,Serkan Şener,TMB,Perşembe,10:30/12:29,,20,5,,MUZE,,
11215,MUZ 301E,MUZ,LS,Music History V,,Atilla Coşkun Toksoy,TMB,Cuma,09:30/12:29,,20,2,,MUZE,,
11216,MUZ 311E,MUZ,LS,Folklore and Ethnography,,Eray Cömert,TMB,Salı,09:30/12:29,,20,2,,MUZE,,
11217,MUZ 321E,MUZ,LS,Introduction to Organology,,Günay Koçhan Flower,TMB,Pazartesi,10:30/12:29,,20,2,,MUZE,,
11218,MUZ 341E,MUZ,LS,Seminar I,,Günay Koçhan Flower,TMB,Çarşamba,13:30/15:29,,20,2,,MUZE,,
11219,MUZ 375E,MUZ,LS,Historical Music Notation Syst,,Miltiadis Pappas,TMB,Çarşamba,10:30/12:29,,20,1,,MUZE,,
11220,MUZ 411E,MUZ,LS,Intr.to Music.Cultur.of Turkey,,Serkan Şener,TMB,Çarşamba,08:30/10:29,,20,1,,MUZE,,
11221,MUZ 479E,MUZ,LS,Introduction to Popular Music,,Songül Karahasanoğlu,TMB,Çarşamba,13:30/15:29,,20,0,,MUZE,,
11222,MUZ 491E,MUZ,LS,Critical Reading and Writing,,Günay Koçhan Flower,TMB,Pazartesi,13:30/16:29,,20,1,,MUZE,,
11223,MUZ 483E,MUZ,LS,Music-Dance & Cultural TheoryI,,Zeynep Gonca Girgin,TMB,Perşembe,15:30/17:29,,20,2,,MUZE,,
11224,MUZ 441E,MUZ,LS,Seminar III,,Miltiadis Pappas,TMB,Perşembe,10:30/12:29,,20,0,,MUZE,,
11225,MUZ 401E,MUZ,LS,Music History VII,,Atilla Coşkun Toksoy,TMB,Salı,13:30/15:29,,20,1,,MUZE,,
11226,MUZ 449E,MUZ,LS,20th Century Turkish Music,,Serhan Dilhan Konan,TMB,Salı,09:30/12:29,,20,0,,MUZE,,
11271,TEL 492,TEL,LS,Bitirme Çalışması,,İbrahim Akduman,EEB,,/,,500,7,,TEL,,
11273,TEL 492E,TEL,LS,Graduation Project,,İbrahim Akduman,EEB,,/,,500,0,,TEL,,
11291,MTH 281,MTH,LS,Linear Algebra and Applicat.,,Ali Yapar,EEB,Cuma,14:00/16:59,,30,3,,"EHN, SEH",,
11292,PHY 123,PHY,LS,Physics I,,Esra Özkan Zayim,EEB,Perşembe,09:30/12:29,,30,4,,EHN,,
11293,PHY 123L,PHY,LS,Physics I Lab,,Esra Özkan Zayim,EEB,Çarşamba,08:30/10:29,,30,2,,EHN,,
11376,MUZ 221,MUZ,LS,Etnomüzikolojiye Giriş,,Serkan Şener,TMB,Çarşamba,13:30/15:29,,20,17,,"ETMM, MUZ",,
11377,MUZ 311,MUZ,LS,Folklor ve Etnografya,,Süleyman Şenel,TMB,Pazartesi,09:30/12:29,,20,1,,"ETMM, MUZ",,
11378,MUZ 301,MUZ,LS,Müzik Tarihi V,,Ozan Baysal,TMB,Çarşamba,09:30/12:29,,20,9,,MUZ,,
11379,MUZ 341,MUZ,LS,Seminer I,,Serhan Dilhan Konan,TMB,Perşembe,13:30/15:29,,20,12,,MUZ,,
11381,MUZ 353,MUZ,LS,Farsça I,,Erdal Kılıç,TMB,Perşembe,10:30/12:29,,20,6,,"MUZ, MUZE",,
11382,MUZ 377,MUZ,LS,17. YY. Osmanlı Müziği,,Yalçın Çetinkaya,TMB,Pazartesi,15:30/17:29,,20,5,,MUZ,,
11383,MUZ 3329E,MUZ,LS,Intr. to World Music Culture,,Günay Koçhan Flower,TMB,Çarşamba,09:30/12:29,,10,0,,"MUZ, THO",,
11385,MUZ 3313,MUZ,LS,Farsça I,,Erdal Kılıç,TMB,Perşembe,15:30/17:29,,10,0,,MUZ,,
11386,MUZ 4349E,MUZ,LS,West. Infulunces on Ottmn Mus.,,Eray Cömert,TMB,Perşembe,09:30/12:29,,10,0,,MUZ,,
11388,MUZ 3511,MUZ,LS,Kanun III,,Serkan Mesut Halili,TMB,Çarşamba,08:30/09:29,,5,0,,MUZ,,
11391,MUT 131,MUT,LS,Akustik I,,Murat Tıraş,TMB,Çarşamba,13:30/15:29,,40,21,,"KMP, MTR, MUT, MUZ",,
11392,MUT 101,MUT,LS,Kemençe Yapımı I,,İbrahim Coşkun,TMB,,/,,5,1,,MUT,,
11396,MUT 101,MUT,LS,Kemençe Yapımı I,,Şafak Köksal,TMB,,/,,5,0,,MUT,,
11398,MUT 101,MUT,LS,Kemençe Yapımı I,,Mustafa Aydın Öksüz,TMB,,/,,5,0,,MUT,,
11402,MUT 101,MUT,LS,Kemençe Yapımı I,,Hasan Coşkun,TMB,,/,,5,0,,MUT,,
11403,MUT 111,MUT,LS,Tanbur Yapımı,,İbrahim Coşkun,TMB,,/,,5,0,,"MTMM, MUT",,
11404,MUT 111,MUT,LS,Tanbur Yapımı,,Şafak Köksal,TMB,,/,,5,0,,"MTMM, MUT",,
11405,MUT 111,MUT,LS,Tanbur Yapımı,,Mustafa Aydın Öksüz,TMB,,/,,5,0,,"MTMM, MUT",,
11406,MUT 111,MUT,LS,Tanbur Yapımı,,Hasan Coşkun,TMB,,/,,5,0,,"MTMM, MUT",,
11407,MUT 201,MUT,LS,Kemane Yapımı,,Ahmet Tunç Buyruklar,TMB,,/,,5,1,,"MTMY, MUT",,
11408,MUT 201,MUT,LS,Kemane Yapımı,,Mehmet Tangör,TMB,,/,,5,1,,"MTMY, MUT",,
11409,MUT 211,MUT,LS,Ud Yapımı,,İbrahim Coşkun,TMB,,/,,5,1,,"MTMM, MUT",,
11410,MUT 211,MUT,LS,Ud Yapımı,,Şafak Köksal,TMB,,/,,5,2,,"MTMM, MUT",,
11411,MUT 211,MUT,LS,Ud Yapımı,,Mustafa Aydın Öksüz,TMB,,/,,5,2,,"MTMM, MUT",,
11412,MUT 211,MUT,LS,Ud Yapımı,,Hasan Coşkun,TMB,,/,,5,1,,"MTMM, MUT",,
11413,MUT 301,MUT,LS,Keman Yapımı II,,Ahmet Tunç Buyruklar,TMB,,/,,5,3,,MUT,,
11414,MUT 301,MUT,LS,Keman Yapımı II,,Mehmet Tangör,TMB,,/,,5,1,,MUT,,
11415,MUT 311,MUT,LS,Gitar Yapımı,,İbrahim Coşkun,TMB,,/,,5,1,,MUT,,
11416,MUT 311,MUT,LS,Gitar Yapımı,,Şafak Köksal,TMB,,/,,5,0,,MUT,,
11417,MUT 311,MUT,LS,Gitar Yapımı,,Mustafa Aydın Öksüz,TMB,,/,,5,0,,MUT,,
11418,MUT 311,MUT,LS,Gitar Yapımı,,Hasan Coşkun,TMB,,/,,5,0,,MUT,,
11419,MUT 401,MUT,LS,Viyolonsel Yapımı I,,Ahmet Tunç Buyruklar,TMB,,/,,5,1,,"MTMY, MUT",,
11420,MUT 401,MUT,LS,Viyolonsel Yapımı I,,Mehmet Tangör,TMB,,/,,5,2,,"MTMY, MUT",,
11421,MUT 411,MUT,LS,Kanun Yapımı I,,İbrahim Coşkun,TMB,,/,,5,1,,"MTMM, MUT",,
11422,MUT 411,MUT,LS,Kanun Yapımı I,,Şafak Köksal,TMB,,/,,5,1,,"MTMM, MUT",,
11423,MUT 411,MUT,LS,Kanun Yapımı I,,Mustafa Aydın Öksüz,TMB,,/,,5,1,,"MTMM, MUT",,
11425,MUT 411,MUT,LS,Kanun Yapımı I,,Hasan Coşkun,TMB,,/,,5,0,,"MTMM, MUT",,
11427,MUT 363,MUT,LS,Serbest Proje Çalışması I,,Mehmet Cevdet Erek,TMB,,/,,5,5,,MUT,,
11444,MUT 363,MUT,LS,Serbest Proje Çalışması I,,Gökhan Deneç,TMB,,/,,5,3,,MUT,,
11446,MUT 363,MUT,LS,Serbest Proje Çalışması I,,Sair Sinan Kestelli,TMB,,/,,5,1,,MUT,,
11448,MUT 363,MUT,LS,Serbest Proje Çalışması I,,İbrahim Coşkun,TMB,,/,,5,1,,MUT,,
11450,MUT 363,MUT,LS,Serbest Proje Çalışması I,,Şafak Köksal,TMB,,/,,5,3,,MUT,,
11455,MUT 363,MUT,LS,Serbest Proje Çalışması I,,Mustafa Aydın Öksüz,TMB,,/,,5,0,,MUT,,
11460,MUT 463,MUT,LS,Serbest Proje Çalışması III,,Mehmet Cevdet Erek,TMB,,/,,5,3,,MUT,,
11461,MUT 463,MUT,LS,Serbest Proje Çalışması III,,Gökhan Deneç,TMB,,/,,5,3,,MUT,,
11462,MUT 463,MUT,LS,Serbest Proje Çalışması III,,Sair Sinan Kestelli,TMB,,/,,5,4,,MUT,,
11463,MUT 463,MUT,LS,Serbest Proje Çalışması III,,İbrahim Coşkun,TMB,,/,,5,0,,MUT,,
11464,MUT 463,MUT,LS,Serbest Proje Çalışması III,,Şafak Köksal,TMB,,/,,5,3,,MUT,,
11465,MUT 463,MUT,LS,Serbest Proje Çalışması III,,Mustafa Aydın Öksüz,TMB,,/,,5,1,,MUT,,
11487,MUT 141,MUT,LS,Kayıt Teknikleri,,Sertaç Kakı,TMB | TMB,Salı | Cuma,13:30/15:29 | 10:30/12:29,,20,0,,"MTMS, MUT",,
11488,MUT 153,MUT,LS,Sayısal Ses Çalışma Ortamları,,Sair Sinan Kestelli,TMB,Cuma,08:30/10:29,,20,1,,MUT,,
11489,MUT 161,MUT,LS,Ağaç Teknolojisi,,İbrahim Coşkun,TMB,Salı,13:30/15:29,,20,1,,MUT,,
11490,MUT 241,MUT,LS,İleri Kayıt Teknikleri,,Can Karadoğan,TMB | TMB,Çarşamba | Perşembe,10:30/12:29 | 13:30/15:29,,20,12,,MUT,,
11501,MUT 253,MUT,LS,Prodüksiyon Analizi,,Mehmet Cevdet Erek,TMB,Cuma,13:30/15:29,,20,11,,MUT,,
11502,MUT 263,MUT,LS,Ölçme ve Kontrol Bilgisi,,Ahmet Tunç Buyruklar,TMB,Cuma,08:30/10:29,,20,5,,MUT,,
11503,MUT 371,MUT,LS,Çok Kanallı Miks,,Sertaç Kakı,TMB | TMB,Salı | Cuma,10:30/12:29 | 13:30/15:29,,20,8,,"MTMS, MUT",,
11505,MUT 267,MUT,LS,Stüdyo Akustiği,,Murat Tıraş,TMB,Çarşamba,10:30/12:29,,20,5,,MUT,,
11506,MUT 269,MUT,LS,Çalgı Teknik Resmi I,,Şafak Köksal,TMB,Pazartesi,13:30/15:29,,20,4,,MUT,,
11508,MUT 313,MUT,LS,Çalgı Süsleme Sanatı,,İbrahim Coşkun,TMB,Pazartesi,10:30/12:29,,20,2,,MUT,,
11514,MUT 384,MUT,LS,Elektro Akustik Kompozisyon,,Sair Sinan Kestelli,TMB,Perşembe,10:30/12:29,,20,5,,MUT,,
11523,MUT 441,MUT,LS,Mastering,,Sertaç Kakı,TMB | TMB,Pazartesi | Perşembe,10:30/12:29 | 13:30/15:29,,20,3,,"MTMS, MUT",,
11525,MUT 382,MUT,LS,Elektrik-Elektronik,,Taylan Özdemir,TMB,Çarşamba,13:30/15:29,,20,16,,MUT,,
11526,MUT 465,MUT,LS,Çalgı Restorasyonu,,İbrahim Coşkun,TMB,Salı,10:30/12:29,,20,7,,MUT,,
11527,MUT 403,MUT,LS,Bendir Yapımı,,İbrahim Coşkun,TMB,Perşembe,10:30/12:29,,20,4,,MUT,,
11528,MUT 461,MUT,LS,Canlı Ses Donatımı,,Gökhan Deneç,TMB,Çarşamba,10:30/12:29,,20,8,,MUT,,
11529,MUT 492,MUT,LS,Bitirme Çalışması,,Can Karadoğan,TMB,,/,,100,5,,MUT,,
11530,MUT 2135,MUT,LS,Piyano III,,Mehru Ensari,TMB,Salı,15:30/16:29,,7,1,,MUT,,
11544,MTR 103,MTR,LS,Müzik Teorisi I,,Recep Gül,TMB | TMB | TMB,Pazartesi | Çarşamba | Perşembe,13:30/15:29 | 10:30/12:29 | 08:30/10:29,,30,3,,"MTR, MUT, MUZ, SES",,
11545,MTR 103,MTR,LS,Müzik Teorisi I,,Fatma Esra Tuğ,TMB | TMB | TMB,Pazartesi | Salı | Perşembe,08:30/10:29 | 10:30/12:29 | 10:30/12:29,,30,9,,"MTR, MUT, MUZ, SES",,
11553,MTR 101,MTR,LS,Makam Teorisi I,,Nurullah Kanık,TMB | TMB | TMB,Pazartesi | Çarşamba | Perşembe,13:30/15:29 | 10:30/12:29 | 08:30/10:29,,30,19,,"MTR, MUT, MUZ, SES",,
11556,MTR 103,MTR,LS,Müzik Teorisi I,,Emel Şenocak,TMB | TMB | TMB,Pazartesi | Salı | Perşembe,08:30/10:29 | 10:30/12:29 | 10:30/12:29,,30,19,,"MTR, MUT, MUZ, SES",,
11558,MTR 201,MTR,LS,Makam Teorisi III,,Elif Ahıs,TMB | TMB | TMB,Pazartesi | Çarşamba | Cuma,08:30/10:29 | 08:30/10:29 | 10:30/12:29,,30,30,,"MTR, MUT, MUZ, SES",,
11592,MTR 203,MTR,LS,Müzik Teorisi III,,Recep Gül,TMB | TMB | TMB,Salı | Perşembe | Cuma,08:30/10:29 | 10:30/12:29 | 08:30/10:29,,25,25,,"MTR, MUT, MUZ, SES",,
11593,MTR 103,MTR,LS,Müzik Teorisi I,,Ayşecan Olgun,TMB | TMB | TMB,Salı | Perşembe | Cuma,08:30/10:29 | 13:30/15:29 | 10:30/12:29,,30,10,,"MTR, MUT, MUZ, SES",,
11594,MTR 101,MTR,LS,Makam Teorisi I,,Elif Ahıs,TMB | TMB | TMB,Pazartesi | Çarşamba | Perşembe,15:30/17:29 | 13:30/15:29 | 08:30/10:29,,30,13,,"MTR, MUT, MUZ, SES",,
11598,MTR 441,MTR,LS,Dikte Deşifre I,,Göktan Ay,TMB | TMB,Salı | Perşembe,13:30/15:29 | 13:30/15:29,,20,4,,SES,,
11599,MTR 443,MTR,LS,Eser Çözümleme I,,Neşe Yeşim Altınel Çoban,TMB | TMB,Pazartesi | Çarşamba,10:30/12:29 | 08:30/10:29,,25,12,,SES,,
11601,MTR 317,MTR,LS,Müzik Metin Çözümlemeleri I,,Kemal Hasan Karnal,TMB,Cuma,15:30/17:29,,25,25,,"MUT, SES",,
11602,MTR 105,MTR,LS,Ritim Uygulama I,,Erkan Kanat,TMB,Çarşamba,13:30/15:29,,12,1,,MTR,,
11604,MTR 101,MTR,LS,Makam Teorisi I,,Eren Özek,TMB | TMB | TMB,Pazartesi | Salı | Çarşamba,15:30/17:29 | 13:30/15:29 | 08:30/10:29,,30,14,,"MTR, MUT, MUZ, SES",,
11605,MTR 105,MTR,LS,Ritim Uygulama I,,Erkan Kanat,TMB,Cuma,13:30/15:29,,12,5,,MTR,,
11606,MTR 201,MTR,LS,Makam Teorisi III,,Elif Ahıs,TMB | TMB | TMB,Pazartesi | Perşembe | Cuma,10:30/12:29 | 13:30/15:29 | 13:30/15:29,,30,30,,"MTR, MUT, MUZ, SES",,
11608,MTR 203,MTR,LS,Müzik Teorisi III,,Ayşecan Olgun,TMB | TMB | TMB,Salı | Çarşamba | Perşembe,15:30/17:29 | 13:30/15:29 | 10:30/12:29,,25,25,,"MTR, MUT, MUZ, SES",,
11616,MTR 205,MTR,LS,Müzik Teorileri Tarihi I,,Ozan Baysal,TMB,Cuma,15:30/17:29,,30,27,,"MTR, MTRM",,
11636,MTR 207,MTR,LS,Teori Uygulama I,,Gülay Karamahmutoğlu,TMB,Cuma,10:30/12:29,,25,11,,"MTR, MTRM",,
11637,MTR 309,MTR,LS,Ses Sistemleri I,,Mustafa Kemal Karaosmanoğlu,TMB,Pazartesi,13:30/15:29,,30,18,,"MTR, MTRM",,
11638,MTR 305,MTR,LS,Müzik Teorileri Tarihi III,,Gülay Karamahmutoğlu,TMB,Salı,13:30/15:29,,30,22,,"MTR, MTRM",,
11639,MTR 307,MTR,LS,Teori Uygulama III,,Gülay Karamahmutoğlu,TMB,Salı,10:30/12:29,,20,16,,"MTR, MTRM",,
11653,MTR 301,MTR,LS,İleri Makam Teorisi I,,Şerife Güvençoğlu,TMB | TMB,Çarşamba | Cuma,10:30/12:29 | 13:30/15:29,,30,16,,MTR,,
11654,MTR 303,MTR,LS,İleri Müzik Teorisi I,,Recep Gül,TMB | TMB,Pazartesi | Çarşamba,08:30/10:29 | 13:30/15:29,,25,24,,MTR,,
11655,MTR 401,MTR,LS,İleri Makam Teorisi III,,Ferda Cengiz Ünal,TMB | TMB,Pazartesi | Çarşamba,10:30/12:29 | 08:30/10:29,,30,17,,MTR,,
11656,MTR 403,MTR,LS,İleri Müzik Teorisi III,,Recep Gül,TMB | TMB,Salı | Cuma,10:30/12:29 | 10:30/12:29,,25,22,,MTR,,
11657,MTR 405,MTR,LS,Dikte ve Deşifre I,,Göktan Ay,TMB,Perşembe,10:30/12:29,,25,23,,MTR,,
11658,MTR 407,MTR,LS,Eser Çözümleme I,,Neşe Yeşim Altınel Çoban,TMB,Pazartesi,13:30/15:29,,25,16,,MTR,,
11659,MTR 101,MTR,LS,Makam Teorisi I,,Eren Özek,TMB | TMB | TMB,Salı | Çarşamba | Perşembe,08:30/10:29 | 13:30/15:29 | 13:30/15:29,,30,2,,"MTR, MUT, MUZ, SES",,
11660,MTR 201,MTR,LS,Makam Teorisi III,,Nurullah Kanık,TMB | TMB | TMB,Pazartesi | Çarşamba | Perşembe,10:30/12:29 | 13:30/15:29 | 10:30/12:29,,30,8,,"MTR, MUT, MUZ, SES",,
11675,MTR 203,MTR,LS,Müzik Teorisi III,,Emel Şenocak,TMB | TMB | TMB,Salı | Perşembe | Cuma,13:30/15:29 | 08:30/10:29 | 10:30/12:29,,25,20,,"MTR, MUT, MUZ, SES",,
11676,MTR 143,MTR,LS,Müzik Teorisi I,,Ayşecan Olgun,TMB | TMB,Salı | Cuma,10:30/12:29 | 08:30/10:29,,25,10,,"CAB, CGM7, KMP",,
11677,MTR 141,MTR,LS,Makam Teorisi I,,Ferda Cengiz Ünal,TMB | TMB,Pazartesi | Perşembe,13:30/15:29 | 13:30/15:29,,25,8,,"CAB, CGM7, KMP",,
11678,MTR 241,MTR,LS,Makam Teorisi III,,Neşe Yeşim Altınel Çoban,TMB | TMB,Çarşamba | Perşembe,10:30/12:29 | 08:30/10:29,,25,14,,"CAB, CGM7, KMP",,
11679,MTR 243,MTR,LS,Müzik Teorisi III,,Recep Gül,TMB | TMB,Pazartesi | Perşembe,10:30/12:29 | 13:30/15:29,,25,17,,"CAB, KMP",,
11680,MTR 431,MTR,LS,Dikte Deşifre I,,Göktan Ay,TMB,Pazartesi,08:30/10:29,,20,19,,"CAB, SES, THO",,
11681,MTR 431,MTR,LS,Dikte Deşifre I,,Metin Eke,TMB,Çarşamba,13:30/15:29,,20,4,,"CAB, SES, THO",,
11682,MTR 433,MTR,LS,Eser Çözümleme I,,Neşe Yeşim Altınel Çoban,TMB,Perşembe,13:30/15:29,,20,9,,"CAB, SES",,
11683,MTR 333,MTR,LS,Ses Sistemleri I,,Mustafa Kemal Karaosmanoğlu,TMB,Pazartesi,15:30/17:29,,20,1,,"KMP, MUZ",,
11684,MTR 103E,MTR,LS,Music Theory I,,Eray Altınbüken,TMB | TMB | TMB,Çarşamba | Perşembe | Cuma,13:30/15:29 | 08:30/10:29 | 13:30/15:29,,20,3,,"MTR, MUZ, MUZE",,
11685,MTR 101E,MTR,LS,Makam Theory I,,Şirin Karadeniz Güney,TMB | TMB | TMB,Pazartesi | Salı | Perşembe,10:30/12:29 | 13:30/15:29 | 13:30/15:29,,20,3,,"MTR, MUZ, MUZE",,
11686,MTR 203E,MTR,LS,Music Theory III,,Eray Altınbüken,TMB | TMB | TMB,Salı | Çarşamba | Perşembe,15:30/17:29 | 10:30/12:29 | 13:30/15:29,,20,4,,MUZE,,
11687,MTR 201E,MTR,LS,Makam Theory III,,Şirin Karadeniz Güney,TMB | TMB | TMB,Pazartesi | Çarşamba | Perşembe,13:30/15:29 | 13:30/15:29 | 08:30/10:29,,20,4,,MUZE,,
11688,MTR 435E,MTR,LS,Musical Manuscripts,,Miltiadis Pappas,TMB,Cuma,13:30/16:29,,15,0,,MUZE,,
11689,MTR 131,MTR,LS,Makam Teorisi I,,Şerife Güvençoğlu,TMB | TMB,Pazartesi | Salı,15:30/17:29 | 10:30/12:29,,20,1,,"CGM6, MUT, SES, THO",,
11690,MTR 133,MTR,LS,Müzik Teorisi I,,Mustafa İlke Şen,TMB | TMB,Salı | Perşembe,15:30/17:29 | 15:30/17:29,,20,0,,"CGM6, MUT, SES, THO",,
11691,MTR 233,MTR,LS,Müzik Teorisi III,,Ayşecan Olgun,TMB | TMB,Pazartesi | Çarşamba,08:30/10:29 | 08:30/10:29,,20,3,,"MUT, SES, THO",,
11692,MTR 231,MTR,LS,Makam Teorisi III,,Ferda Cengiz Ünal,TMB | TMB,Pazartesi | Perşembe,15:30/17:29 | 10:30/12:29,,20,0,,"CGM6, MUT, SES, THO",,
11693,MTR 121,MTR,LS,Makam Teorisi I,,Nurullah Kanık,TMB | TMB,Çarşamba | Cuma,08:30/10:29 | 10:30/12:29,,25,13,,THO,,
11694,MTR 123,MTR,LS,Müzik Teorisi I,,Emel Şenocak,TMB | TMB,Pazartesi | Cuma,10:30/12:29 | 08:30/10:29,,25,12,,THO,,
11695,MTR 221,MTR,LS,Makam Teorisi III,,Göktan Ay,TMB | TMB,Pazartesi | Perşembe,13:30/15:29 | 08:30/10:29,,25,5,,THO,,
11696,MTR 223,MTR,LS,Müzik Teorisi III,,Fatma Esra Tuğ,TMB | TMB,Pazartesi | Salı,15:30/17:29 | 08:30/10:29,,25,5,,THO,,
11832,MTH 111,MTH,LS,Linear Algebra,,İzzet Göksel,FEB,Perşembe,13:30/16:29,,45,6,,SEN,,
11836,MTH 101,MTH,LS,Calculus I,,Mustafa Nadar,EEB | EEB,Perşembe | Cuma,13:30/15:29 | 14:30/17:29,,60,3,,SBL,,
11837,PHY 127,PHY,LS,Physics,,Sevim İşçi Turutoğlu,EEB,Pazartesi,14:30/17:29,,45,1,,SBL,,
11838,PHY 127L,PHY,LS,Physics Lab,,Sevim İşçi Turutoğlu,FEB,Çarşamba,10:30/12:29,,45,1,,SBL,,
11849,MTH 301,MTH,LS,Numerical Methods,,Yusuf Yaslan,EEB,Perşembe,09:30/12:29,,45,23,,SBL,,
11924,MTH 105,MTH,LS,Calculus I,,Füsun Zengin,ISB,Perşembe,09:30/12:29,,25,6,,SIS,,
11925,MTH 106,MTH,LS,Calculus II,,Sevgi Harman,ISB,Perşembe,09:30/12:29,,20,1,,SIS,,
11929,STI 101,STI,LS,Statistics I,,Raziye Selim,ISB,Perşembe,13:30/16:29,,35,24,,"SEK, SIS",,
11994,MET 101E,MET,LS,Int.toMet.&Mat.Engn...,,Onuralp Yücel,KMB,Salı,11:30/13:29,,140,44,,"MET, METE",,
11995,MET 213,MET,LS,Malzeme Biliminin Temelleri,,Gültekin Göller,KMB,Pazartesi,13:30/16:29,,100,86,,MET,,
11996,MET 213E,MET,LS,Fund.of Materials Science,,Gültekin Göller,KMB,Çarşamba,10:30/13:29,,65,65,,METE,,
11997,MET 215,MET,LS,Metalurji Termodinamiğ. Tem.,,Süheyla Aydın,KMB,Çarşamba,08:30/11:29,,80,80,,MET,,
11998,MET 215E,MET,LS,Fund.of Metall.Thermodynamics,,Nuri Solak,KMB,Perşembe,10:30/13:29,,80,70,,METE,,
11999,MET 313,MET,LS,Kimyasal Metalurji I,,"Mahmut Ercan Açma, Servet İbrahim Timur",KMB,Pazartesi,09:30/11:29,,70,57,,MET,,
12000,MET 313E,MET,LS,Chemical Metallugry I,,"Onuralp Yücel, Cevat Bora Derin, Mehmet Şeref Sönmez",KMB,Pazartesi,09:30/11:29,,60,60,,METE,,
12001,MET 315E,MET,LS,Fund. of Physical Metallurgy,,"Mustafa Lutfi Öveçoğlu, Burak Özkal",KMB,Pazartesi,13:30/16:29,,100,100,,"MET, METE",,
12002,MET 317E,MET,LS,Fund. of Transport Phenomena,,"Cüneyt Arslan, Güldem Kartal Şireli",KMB,Çarşamba,12:30/15:29,,90,90,,"MET, METE",,
12003,MET 335,MET,LS,Mlz.Elekt. Many.&Opt..,,Hüseyin Kızıl,KMB,Perşembe,08:30/11:29,,50,50,,MET,,
12004,MET 335E,MET,LS,"Elect.,Magn.,Optic.Prop.ofMat.",,Muhammet Kürşat Kazmanlı,KMB,Cuma,13:30/16:29,,40,40,,METE,,
12005,MET 337,MET,LS,Malzeme Karakterizasyon Met.,,"Gültekin Göller, Özgül Keleş",KMB,Perşembe,13:30/16:29,,60,60,,MET,,
12006,MET 337E,MET,LS,Materials Characteriz. Meth.,,"Ömer Serdar Özgen, Cevat Bora Derin, Murat Baydoğan",KMB,Çarşamba,08:30/11:29,,60,59,,METE,,
12007,MET 339,MET,LS,Malzeme Karakterizasyon Lab.,,"Muhammet Kürşat Kazmanlı, Filiz Şahin, Gültekin Göller, Mahmut Ercan Açma, Mohammadreza Nofar, Mustafa Kelami Şeşen, Sebahattin Gürmen, Servet İbrahim Timur, Süheyla Aydın, İsmail Yılmaz Taptık",KMB,Salı,08:30/10:29,,50,50,,MET,,
12008,MET 339E,MET,LS,Materials Characterization Lab,,"Özgül Keleş, Cevat Bora Derin, Cevat Fahir Arısoy, Cüneyt Arslan, Hüseyin Kızıl, Hüseyin Çimenoğlu, Mohammadreza Nofar, Mustafa Kamil Ürgen, Mustafa Lutfi Öveçoğlu, Nuri Solak, Onuralp Yücel, Ömer Serdar Özgen",KMB,Salı,13:30/15:29,,50,50,,METE,,
12009,MET 353,MET,LS,Müh.Uyg.Tasar.Pren&Malz.Se;ç.,,İsmail Yılmaz Taptık,KMB,Cuma,08:30/10:29,,60,60,,MET,,
12010,MET 353E,MET,LS,Dsn.Prnc.&Mat.Sel; f..,,Özgül Keleş,KMB,Pazartesi,11:30/13:29,,60,60,,METE,,
12011,MET 435,MET,LS,PÇT ve Prje. Yön. ve İnovasyon,,İsmail Yılmaz Taptık,KMB,Çarşamba,10:30/12:29,,47,47,,MET,,
12012,MET 435E,MET,LS,PST Desg.&Prj.Mng.; and Innov.,,Özgül Keleş,KMB,Çarşamba,10:30/12:29,,40,40,,METE,,
12013,MET 437E,MET,LS,Princip.of Corros.&C..,,Mustafa Kamil Ürgen,KMB,Pazartesi,08:30/10:29,,60,60,,"MET, METE",,
12014,MET 439E,MET,LS,Engineering Polymers,,Mohammadreza Nofar,KMB,Cuma,08:30/10:29,,40,40,,"MET, METE",,
12015,MET 453E,MET,LS,Fund. of Ceramics Materials,,Filiz Şahin,KMB,Perşembe,09:30/11:29,,80,80,,"MET, METE",,
12016,MET 455,MET,LS,Malzeme Proses Lab.,,"Burak Özkal, Filiz Şahin, Gültekin Göller, Mahmut Ercan Açma, Muhammet Kürşat Kazmanlı, Murat Baydoğan, Mustafa Kelami Şeşen, Sebahattin Gürmen, Servet İbrahim Timur, Süheyla Aydın, İsmail Yılmaz Taptık",KMB,Salı,13:30/15:29,,50,50,,MET,,
12017,MET 455E,MET,LS,Materials Processing Lab.,,"Murat Baydoğan, Burak Özkal, Cevat Bora Derin, Cüneyt Arslan, Hüseyin Kızıl, Hüseyin Çimenoğlu, Mehmet Şeref Sönmez, Mustafa Kamil Ürgen, Mustafa Lutfi Öveçoğlu, Necip Ünlü, Nuri Solak, Onuralp Yücel, Ömer Serdar Özgen",KMB,Salı,09:30/11:29,,50,39,,METE,,
12018,MET 457E,MET,LS,Semiconductor Materials,,Hüseyin Kızıl,KMB,Çarşamba,08:30/10:29,,40,40,,"MET, METE",,
12019,MET 459E,MET,LS,Metal Casting and Technologies,,Necip Ünlü,KMB,Salı,13:30/15:29,,30,30,,"MET, METE",,
12020,MET 475E,MET,LS,Powder Metallurgy,,"Burak Özkal, Mustafa Lutfi Öveçoğlu",KMB,Perşembe,13:30/15:29,,50,37,,"MET, METE",,
12021,MET 477E,MET,LS,Intro. to Electrometallurgy,,"Cüneyt Arslan, Sebahattin Gürmen",KMB,Çarşamba,08:30/10:29,,50,35,,"MET, METE",,
12022,MET 479,MET,LS,Demir ve Çelik Üretimi,,"Mustafa Kelami Şeşen, Cevat Fahir Arısoy",KMB,Çarşamba,08:30/10:29,,40,19,,MET,,
12023,MET 479E,MET,LS,Iron and Steel Making,,Cevat Fahir Arısoy,KMB,Çarşamba,13:30/15:29,,40,21,,METE,,
12024,MET 483,MET,LS,Hasarsız Malz. Muayenesi. Gir.,,İsmail Yılmaz Taptık,KMB,Çarşamba,13:30/15:29,,40,40,,MET,,
12025,MET 485E,MET,LS,Ceramic Manufacturing,,Ömer Serdar Özgen,KMB,Salı,11:30/13:29,,60,60,,"MET, METE",,
12026,MET 487E,MET,LS,Deform. Proces.of Materials,,"Hüseyin Çimenoğlu, Murat Baydoğan",KMB,Pazartesi,13:30/15:29,,40,40,,"MET, METE",,
12027,MET 492,MET,LS,Tasarım Projesi,,Onuralp Yücel,---,,/,,500,6,,MET,,
12028,MET 492E,MET,LS,Design Project,,Onuralp Yücel,---,,/,,500,14,,"MET, METE",,
12091,TER 203,TER,LS,Termodinamik I,,***,KMB,Pazartesi,13:30/16:29,,40,40,,"KMM, KMMM",,
12097,TER 201,TER,LS,Termodinamik,,***,KMB,Cuma,09:30/12:29,,40,0,,"KMM, KMMM",,
12572,MEK 205,MEK,LS,Mühendislik Mekaniği,,***,MDB,Perşembe,13:30/16:29,,50,50,,"JEF, MAD, PET",,
12575,MEK 205E,MEK,LS,Engineering Mechanics,,***,MDB,Salı,13:30/16:29,,50,8,,"JEFE, MADE",,
12609,TER 201,TER,LS,Termodinamik,,***,MDB,Salı,09:30/12:29,,50,45,,"CHZ, PET",,
12646,TER 201E,TER,LS,Thermodynamics,,***,MDB,Perşembe,13:30/16:29,,50,50,,"CHZE, PETE",,
12657,RES 107E,RES,LS,Technical Drawing,,***,MDB,Salı,08:30/11:29,,0,0,,PETE,,
12768,TES 111E,TES,LS,Project I,,Muhammed Ali Örnek,MMB | MMB,Pazartesi | Perşembe,08:30/12:29 | 08:30/12:29,,0,0,,"EUT, EUTE, EUTM, ICM, MIM, MIME, PEM, PEME, SBP, SBPE",,
12769,TES 111E,TES,LS,Project I,,--,MMB | MMB,Pazartesi | Perşembe,08:30/12:29 | 08:30/12:29,,520,160,,"EUT, EUTE, EUTM, ICM, MIM, MIME, PEM, PEME, SBP, SBPE",,
12770,TES 112E,TES,LS,Vis.Comm.I:Visualiz.&Tch.Drw.;,,Muhammed Ali Örnek,MMB,Cuma,13:30/17:29,,0,0,,"EUT, EUTE, ICM, MIM, MIME, PEM, PEME, SBP, SBPE",,
12771,TES 113E,TES,LS,Basic Design and Visual Arts,,--,MMB,Çarşamba,08:30/12:29,,520,163,,"EUT, EUTE, ICM, MIM, MIME, PEM, PEME, SBP, SBPE",,
12772,TES 211E,TES,LS,Project III,,Hayriye Eşbah Tunçay,MMB | MMB,Pazartesi | Perşembe,13:30/17:29 | 13:30/17:29,,22,22,,"PEM, PEME",,
12773,TES 211E,TES,LS,Project III,,Meltem Erdem Kaya,MMB | MMB,Pazartesi | Perşembe,13:30/17:29 | 13:30/17:29,,22,22,,"PEM, PEME",,
12795,TES 111E,TES,LS,Project I,,Hatice Ayataç,MMB | MMB,Pazartesi | Perşembe,08:30/12:29 | 08:30/12:29,,0,0,,"EUT, EUTE, EUTM, ICM, MIM, MIME, PEM, PEME, SBP, SBPE",,
12797,TES 111E,TES,LS,Project I,,Eda Beyazıt,MMB | MMB,Pazartesi | Perşembe,08:30/12:29 | 08:30/12:29,,0,0,,"EUT, EUTE, EUTM, ICM, MIM, MIME, PEM, PEME, SBP, SBPE",,
12799,TES 111E,TES,LS,Project I,,Hasan Serdar Kaya,MMB | MMB,Pazartesi | Perşembe,08:30/12:29 | 08:30/12:29,,0,0,,"EUT, EUTE, EUTM, ICM, MIM, MIME, PEM, PEME, SBP, SBPE",,
12801,TES 111E,TES,LS,Project I,,Başak Demireş Özkul,MMB | MMB,Pazartesi | Perşembe,08:30/12:29 | 08:30/12:29,,0,0,,"EUT, EUTE, EUTM, ICM, MIM, MIME, PEM, PEME, SBP, SBPE",,
12804,TES 111E,TES,LS,Project I,,İmge Akçakaya Waite,MMB | MMB,Pazartesi | Perşembe,08:30/12:29 | 08:30/12:29,,0,0,,"EUT, EUTE, EUTM, ICM, MIM, MIME, PEM, PEME, SBP, SBPE",,
12805,TES 112E,TES,LS,Vis.Comm.I:Visualiz.&Tch.Drw.;,,Eren Kürkçüoğlu,MMB,Cuma,13:30/17:29,,0,0,,"EUT, EUTE, ICM, MIM, MIME, PEM, PEME, SBP, SBPE",,
12807,TES 112E,TES,LS,Vis.Comm.I:Visualiz.&Tch.Drw.;,,Hasan Serdar Kaya,MMB,Cuma,13:30/17:29,,0,0,,"EUT, EUTE, ICM, MIM, MIME, PEM, PEME, SBP, SBPE",,
12809,TES 113E,TES,LS,Basic Design and Visual Arts,,Eren Kürkçüoğlu,MMB,Çarşamba,08:30/12:29,,0,0,,"EUT, EUTE, ICM, MIM, MIME, PEM, PEME, SBP, SBPE",,
12817,TES 211E,TES,LS,Project III,,Funda Yirmibeşoğlu,MMB | MMB,Pazartesi | Perşembe,13:30/17:29 | 13:30/17:29,,17,17,,"SBP, SBPE",,
12820,TES 211E,TES,LS,Project III,,Özlem Özçevik,MMB | MMB,Pazartesi | Perşembe,13:30/17:29 | 13:30/17:29,,17,17,,"SBP, SBPE",,
12822,TES 211E,TES,LS,Project III,,Engin Eyüp Eyuboğlu,MMB | MMB,Pazartesi | Perşembe,13:30/17:29 | 13:30/17:29,,17,17,,"SBP, SBPE",,
12823,TES 112E,TES,LS,Vis.Comm.I:Visualiz.&Tch.Drw.;,,Mehmet Erkök,MMB,Cuma,13:30/17:29,,0,0,,"EUT, EUTE, ICM, MIM, MIME, PEM, PEME, SBP, SBPE",,
12826,TES 211E,TES,LS,Project III,,Gülname Turan,MMB | MMB,Pazartesi | Perşembe,13:30/17:29 | 13:30/17:29,,30,30,,"EUT, EUTE",,
12831,TES 211E,TES,LS,Project III,,Turgay Kerem Koramaz,MMB | MMB,Pazartesi | Perşembe,13:30/17:29 | 13:30/17:29,,17,17,,"SBP, SBPE",,
12832,TES 111E,TES,LS,Project I,,Demet Günal Ertaş,MMB | MMB,Pazartesi | Perşembe,08:30/12:29 | 08:30/12:29,,0,0,,"EUT, EUTE, EUTM, ICM, MIM, MIME, PEM, PEME, SBP, SBPE",,
12833,TES 211E,TES,LS,Project III,,Aliye Ahu Akgün,MMB | MMB,Pazartesi | Perşembe,13:30/17:29 | 13:30/17:29,,17,17,,"SBP, SBPE",,
12834,TES 111E,TES,LS,Project I,,Fatma Pınar Özemir,MMB | MMB,Pazartesi | Perşembe,08:30/12:29 | 08:30/12:29,,0,0,,"EUT, EUTE, EUTM, ICM, MIM, MIME, PEM, PEME, SBP, SBPE",,
12835,TES 211E,TES,LS,Project III,,Fatih Terzi,MMB | MMB,Pazartesi | Perşembe,13:30/17:29 | 13:30/17:29,,17,17,,"SBP, SBPE",,
12836,TES 113E,TES,LS,Basic Design and Visual Arts,,Fatma Pınar Özemir,MMB,Çarşamba,08:30/12:29,,0,0,,"EUT, EUTE, ICM, MIM, MIME, PEM, PEME, SBP, SBPE",,
12837,TES 112E,TES,LS,Vis.Comm.I:Visualiz.&Tch.Drw.;,,Fatma Pınar Özemir,MMB,Cuma,13:30/17:29,,0,0,,"EUT, EUTE, ICM, MIM, MIME, PEM, PEME, SBP, SBPE",,
12839,TES 211E,TES,LS,Project III,,Çağrı Gizem Varlı,MMB | MMB,Pazartesi | Perşembe,13:30/17:29 | 13:30/17:29,,30,27,,"EUT, EUTE",,
12846,TES 111E,TES,LS,Project I,,Hakan Tüzün Şengün,MMB | MMB,Pazartesi | Perşembe,08:30/12:29 | 08:30/12:29,,0,0,,"EUT, EUTE, EUTM, ICM, MIM, MIME, PEM, PEME, SBP, SBPE",,
12847,TES 111E,TES,LS,Project I,,Ethem Gürer,MMB | MMB,Pazartesi | Perşembe,08:30/12:29 | 08:30/12:29,,0,0,,"EUT, EUTE, EUTM, ICM, MIM, MIME, PEM, PEME, SBP, SBPE",,
12848,TES 111E,TES,LS,Project I,,Bahadır Numan,MMB | MMB,Pazartesi | Perşembe,08:30/12:29 | 08:30/12:29,,0,0,,"EUT, EUTE, EUTM, ICM, MIM, MIME, PEM, PEME, SBP, SBPE",,
12849,TES 112E,TES,LS,Vis.Comm.I:Visualiz.&Tch.Drw.;,,--,MMB,Cuma,13:30/17:29,,520,170,,"EUT, EUTE, ICM, MIM, MIME, PEM, PEME, SBP, SBPE",,
12850,TES 112E,TES,LS,Vis.Comm.I:Visualiz.&Tch.Drw.;,,Ethem Gürer,MMB,Cuma,13:30/17:29,,0,0,,"EUT, EUTE, ICM, MIM, MIME, PEM, PEME, SBP, SBPE",,
12851,TES 112E,TES,LS,Vis.Comm.I:Visualiz.&Tch.Drw.;,,Bahadır Numan,MMB,Cuma,13:30/17:29,,0,0,,"EUT, EUTE, ICM, MIM, MIME, PEM, PEME, SBP, SBPE",,
12852,TES 112E,TES,LS,Vis.Comm.I:Visualiz.&Tch.Drw.;,,Sonya Türkman,MMB,Cuma,13:30/17:29,,0,0,,"EUT, EUTE, ICM, MIM, MIME, PEM, PEME, SBP, SBPE",,
12853,TES 113E,TES,LS,Basic Design and Visual Arts,,Başak Avcı,MMB,Çarşamba,08:30/12:29,,0,0,,"EUT, EUTE, ICM, MIM, MIME, PEM, PEME, SBP, SBPE",,
12854,TES 113E,TES,LS,Basic Design and Visual Arts,,Bahadır Numan,MMB,Çarşamba,08:30/12:29,,0,0,,"EUT, EUTE, ICM, MIM, MIME, PEM, PEME, SBP, SBPE",,
12855,TES 113E,TES,LS,Basic Design and Visual Arts,,Sonya Türkman,MMB,Çarşamba,08:30/12:29,,0,0,,"EUT, EUTE, ICM, MIM, MIME, PEM, PEME, SBP, SBPE",,
12857,TES 211E,TES,LS,Project III,,Özge Cordan,MMB | MMB,Pazartesi | Perşembe,13:30/17:29 | 13:30/17:29,,35,31,,ICM,,
12858,TES 211E,TES,LS,Project III,,Nilüfer Sağlar Onay,MMB | MMB,Pazartesi | Perşembe,13:30/17:29 | 13:30/17:29,,35,35,,ICM,,
12919,MIM 271E,MIM,LS,Theory of Structures,,Gülseren Erol Soyöz,MMB,Cuma,10:30/12:29,,80,80,,"MIM, MIME",,
12922,MIM 305E,MIM,LS,Statistics,,Michael Stefan Bittermann,MMB,Perşembe,09:30/12:29,,15,1,,"ICM, MIM, MIME",,
12925,MIM 312,MIM,LS,Mimari Proje VI,,Hüseyin Lütfü Kahvecioğlu,MMB | MMB,Pazartesi | Perşembe,13:30/17:29 | 13:30/17:29,,4,4,,MIM,,
12927,MIM 312,MIM,LS,Mimari Proje VI,,Bünyamin Derman,MMB | MMB,Pazartesi | Perşembe,13:30/17:29 | 13:30/17:29,,4,4,,MIM,,
12937,MIM 312,MIM,LS,Mimari Proje VI,,Umut İyigün,MMB | MMB,Pazartesi | Perşembe,13:30/17:29 | 13:30/17:29,,4,4,,MIM,,
12939,MIM 312,MIM,LS,Mimari Proje VI,,Suat Apak,MMB | MMB,Pazartesi | Perşembe,13:30/17:29 | 13:30/17:29,,4,4,,MIM,,
12940,MIM 312,MIM,LS,Mimari Proje VI,,--,MMB | MMB,Pazartesi | Perşembe,13:30/17:29 | 13:30/17:29,,0,0,,MIM,,
12941,MIM 312E,MIM,LS,Architectural Design VI,,Belkıs Uluoğlu,MMB | MMB,Pazartesi | Perşembe,13:30/17:29 | 13:30/17:29,,6,3,,"MIM, MIME",,
12942,MIM 312E,MIM,LS,Architectural Design VI,,Ayşe Şentürer,MMB | MMB,Pazartesi | Perşembe,13:30/17:29 | 13:30/17:29,,3,2,,"MIM, MIME",,
12943,MIM 312E,MIM,LS,Architectural Design VI,,Nurbin Paker Kahvecioğlu,MMB | MMB,Pazartesi | Perşembe,13:30/17:29 | 13:30/17:29,,3,3,,"MIM, MIME",,
12944,MIM 312E,MIM,LS,Architectural Design VI,,Aleksis Anne Şanal,MMB | MMB,Pazartesi | Perşembe,13:30/17:29 | 13:30/17:29,,6,3,,"MIM, MIME",,
12945,MIM 312E,MIM,LS,Architectural Design VI,,Meltem Aksoy,MMB | MMB,Pazartesi | Perşembe,13:30/17:29 | 13:30/17:29,,6,1,,"MIM, MIME",,
12946,MIM 312E,MIM,LS,Architectural Design VI,,Ozan Önder Özener,MMB | MMB,Pazartesi | Perşembe,13:30/17:29 | 13:30/17:29,,3,2,,"MIM, MIME",,
12947,MIM 312E,MIM,LS,Architectural Design VI,,Mehmet Emin Şalgamcıoğlu,MMB | MMB,Pazartesi | Perşembe,13:30/17:29 | 13:30/17:29,,3,3,,"MIM, MIME",,
12948,MIM 312E,MIM,LS,Architectural Design VI,,Sinan Mert Şener,MMB | MMB,Pazartesi | Perşembe,13:30/17:29 | 13:30/17:29,,3,3,,"MIM, MIME",,
12949,MIM 316,MIM,LS,Konutta Mekan Kullanımı & Değ,,Gülçin Pulat Gökmen,MMB,Pazartesi,09:30/12:29,,25,25,,MIM,,
12950,MIM 318,MIM,LS,Bilg ile Yapma Çevrede Perf Dğ,,"Şule Filiz Akşit, Nuri Serteser",MMB,Çarşamba,09:30/12:29,,20,4,,MIM,,
12951,MIM 321,MIM,LS,Çağdaş Mimarlık,,--,MMB,Salı,13:30/15:29,,120,94,,MIM,,
12952,MIM 321,MIM,LS,Çağdaş Mimarlık,,Vesile Gül Cephanecigil,MMB,Salı,13:30/15:29,,0,0,,MIM,,
12953,MIM 321,MIM,LS,Çağdaş Mimarlık,,Mehmet Murat Gül,MMB,Salı,13:30/15:29,,0,0,,MIM,,
12954,MIM 321E,MIM,LS,Contemporary Architecture,,Luca Orlandi,MMB,Salı,15:30/17:29,,75,31,,"MIM, MIME",,
12955,MIM 322,MIM,LS,Tarihi Çevre Koruma & Restr,,--,MMB,Salı,10:30/12:29,,180,163,,MIM,,
12956,MIM 322,MIM,LS,Tarihi Çevre Koruma & Restr,,Umut Almaç,MMB,Salı,10:30/12:29,,0,0,,MIM,,
12957,MIM 322,MIM,LS,Tarihi Çevre Koruma & Restr,,Yegan Kahya Sayar,MMB,Salı,10:30/12:29,,0,0,,MIM,,
12958,MIM 322,MIM,LS,Tarihi Çevre Koruma & Restr,,Gülsüm Tanyeli,MMB,Salı,10:30/12:29,,0,0,,MIM,,
12959,MIM 322,MIM,LS,Tarihi Çevre Koruma & Restr,,Sakine Yıldız Salman,MMB,Salı,10:30/12:29,,0,0,,MIM,,
12960,MIM 322E,MIM,LS,Conserv.of Hist. Build.&Sites;,,--,MMB,Salı,10:30/12:29,,90,74,,"MIM, MIME",,
12961,MIM 322E,MIM,LS,Conserv.of Hist. Build.&Sites;,,Deniz Mazlum,MMB,Salı,10:30/12:29,,0,0,,"MIM, MIME",,
12962,MIM 322E,MIM,LS,Conserv.of Hist. Build.&Sites;,,Zeynep Eres Özdoğan,MMB,Salı,10:30/12:29,,0,0,,"MIM, MIME",,
12969,MIM 325E,MIM,LS,Acoustical Design of Halls,,Nurgün Bayazıt,MMB,Çarşamba,09:30/12:29,,25,25,,"ICM, MIM, MIME",,
12970,MIM 331,MIM,LS,Yapım Sistemleri,,--,MMB,Cuma,13:30/15:29,,126,125,,MIM,,
12971,MIM 331,MIM,LS,Yapım Sistemleri,,Elçin Filiz Taş,MMB,Cuma,13:30/15:29,,0,0,,MIM,,
12973,MIM 331,MIM,LS,Yapım Sistemleri,,Hakan Yaman,MMB,Cuma,13:30/15:29,,0,0,,MIM,,
12974,MIM 331E,MIM,LS,Building Production Systems,,--,MMB,Cuma,13:30/15:29,,153,57,,"MIM, MIME",,
12975,MIM 331E,MIM,LS,Building Production Systems,,Alaattin Kanoğlu,MMB,Cuma,13:30/15:29,,0,0,,"MIM, MIME",,
12976,MIM 331E,MIM,LS,Building Production Systems,,Fatma Pınar Çakmak,MMB,Cuma,13:30/15:29,,0,0,,"MIM, MIME",,
12977,MIM 331E,MIM,LS,Building Production Systems,,Begüm Sertyeşilışık,MMB,Cuma,13:30/15:29,,0,0,,"MIM, MIME",,
12978,MIM 332E,MIM,LS,Construction Mngmnt & Economy,,Fatma Pınar Çakmak,MMB | MMB,Çarşamba | Çarşamba,09:30/12:29 | 13:30/15:29,,40,40,,"MIM, MIME",,
12980,MIM 338,MIM,LS,Detay Tasrm & Temel İlkeleri,,Mehmet Serkan Yatağan,MMB,Cuma,09:30/12:29,,25,25,,MIM,,
12981,MIM 341,MIM,LS,Şehircilik ve İmar Hukuku,,--,MMB,Pazartesi,08:30/12:29,,200,150,,MIM,,
12982,MIM 341,MIM,LS,Şehircilik ve İmar Hukuku,,Mehmet Ocakçı,MMB,Pazartesi,08:30/12:29,,0,0,,MIM,,
12983,MIM 341,MIM,LS,Şehircilik ve İmar Hukuku,,Handan Türkoğlu,MMB,Pazartesi,08:30/12:29,,0,0,,MIM,,
12984,MIM 341,MIM,LS,Şehircilik ve İmar Hukuku,,Ayşe Lale Berköz,MMB,Pazartesi,08:30/12:29,,0,0,,MIM,,
12985,MIM 341,MIM,LS,Şehircilik ve İmar Hukuku,,Funda Yirmibeşoğlu,MMB,Pazartesi,08:30/12:29,,0,0,,MIM,,
12986,MIM 341,MIM,LS,Şehircilik ve İmar Hukuku,,Özlem Özçevik,MMB,Pazartesi,08:30/12:29,,0,0,,MIM,,
12987,MIM 341,MIM,LS,Şehircilik ve İmar Hukuku,,Şevkiye Şence Türk,MMB,Pazartesi,08:30/12:29,,0,0,,MIM,,
12988,MIM 341,MIM,LS,Şehircilik ve İmar Hukuku,,Özhan Ertekin,MMB,Pazartesi,08:30/12:29,,0,0,,MIM,,
12989,MIM 341,MIM,LS,Şehircilik ve İmar Hukuku,,Mehmet Ali Yüzer,MMB,Pazartesi,08:30/12:29,,0,0,,MIM,,
12990,MIM 341E,MIM,LS,Urbanism and Planning Law,,--,MMB,Pazartesi,08:30/12:29,,90,84,,"MIM, MIME",,
12991,MIM 341E,MIM,LS,Urbanism and Planning Law,,Turgay Kerem Koramaz,MMB,Pazartesi,08:30/12:29,,0,0,,"MIM, MIME",,
12992,MIM 341E,MIM,LS,Urbanism and Planning Law,,Cem Beygo,MMB,Pazartesi,08:30/12:29,,0,0,,"MIM, MIME",,
12993,MIM 341E,MIM,LS,Urbanism and Planning Law,,Gülden Demet Oruç,MMB,Pazartesi,08:30/12:29,,0,0,,"MIM, MIME",,
12994,MIM 342,MIM,LS,Peyzaj Tasarımı & Uyg.İlkeleri,,Yasin Çağatay Seçkin,MMB,Perşembe,08:30/12:29,,25,25,,MIM,,
12995,MIM 348,MIM,LS,Yapıda Malzeme Seçimi,,Seda Erdem,MMB,Çarşamba,09:30/12:29,,25,17,,"ICM, MIM",,
12996,MIM 351,MIM,LS,Mimari Proje V,,İffet Hülya Arı,MMB | MMB,Pazartesi | Perşembe,13:30/17:29 | 13:30/17:29,,19,19,,MIM,,
12997,MIM 351,MIM,LS,Mimari Proje V,,Hakan Tong,MMB | MMB,Pazartesi | Perşembe,13:30/17:29 | 13:30/17:29,,19,19,,MIM,,
12998,MIM 351,MIM,LS,Mimari Proje V,,Fatma Ahsen Özsoy,MMB | MMB,Pazartesi | Perşembe,13:30/17:29 | 13:30/17:29,,24,13,,MIM,,
12999,MIM 351,MIM,LS,Mimari Proje V,,Gülçin Pulat Gökmen,MMB | MMB,Pazartesi | Perşembe,13:30/17:29 | 13:30/17:29,,24,24,,MIM,,
13000,MIM 351,MIM,LS,Mimari Proje V,,Yüksel Demir,MMB | MMB,Pazartesi | Perşembe,13:30/17:29 | 13:30/17:29,,19,19,,MIM,,
13003,MIM 351E,MIM,LS,Architectural Design V,,Meltem Aksoy,MMB | MMB,Pazartesi | Perşembe,13:30/17:29 | 13:30/17:29,,15,15,,"MIM, MIME",,
13005,MIM 351E,MIM,LS,Architectural Design V,,Fatma Erkök,MMB | MMB,Pazartesi | Perşembe,13:30/17:29 | 13:30/17:29,,23,10,,"MIM, MIME",,
13007,MIM 351E,MIM,LS,Architectural Design V,,Belkıs Uluoğlu,MMB | MMB,Pazartesi | Perşembe,13:30/17:29 | 13:30/17:29,,15,15,,"MIM, MIME",,
13008,MIM 351E,MIM,LS,Architectural Design V,,Pelin Dursun Çebi,MMB | MMB,Pazartesi | Perşembe,13:30/17:29 | 13:30/17:29,,23,6,,"MIM, MIME",,
13009,MIM 351E,MIM,LS,Architectural Design V,,Aleksis Anne Şanal,MMB | MMB,Pazartesi | Perşembe,13:30/17:29 | 13:30/17:29,,15,15,,"MIM, MIME",,
13010,MIM 356,MIM,LS,Fotograf,,Aras Neftçi,MMB,Salı,13:30/16:29,,30,17,,"ICM, MIM, PEM, SBP",,
13011,MIM 356,MIM,LS,Fotograf,,Aras Neftçi,MMB,Çarşamba,09:30/12:29,,30,25,,"ICM, MIM, PEM, SBP",,
13013,MIM 372E,MIM,LS,Utl.ofConcrete Tech.in Arch,,Cenk Üstündağ,MMB,Salı,13:30/16:29,,25,5,,"EUTE, ICM, MIM, MIME, PEME, SBP, SBPE",,
13014,MIM 375,MIM,LS,Eskiçağ Anad.Kent.Yerl.ve Mim.,,Nejat Turgut Saner,MMB,Salı,09:30/12:29,,25,25,,"ICM, MIM, SBP",,
13015,MIM 377E,MIM,LS,Cities and Architecture,,Fatma Erkök,MMB,Perşembe,09:30/12:29,,25,25,,"MIM, MIME",,
13016,MIM 378E,MIM,LS,Tall Building Structures,,Halet Almıla Büyüktaşkın,MMB,Çarşamba,10:30/13:29,,25,25,,"MIM, MIME",,
13017,MIM 379E,MIM,LS,Wood in Arch. Design..,,"Hülya Kuş, Gülfer Oraz",MMB,Cuma,13:30/16:29,,25,22,,"EUTE, ICM, MIM, MIME, PEME, SBP, SBPE",,
13018,MIM 390,MIM,LS,Mimarlıkta Çevre Analizi Tekn,,Hüseyin Lütfü Kahvecioğlu,MMB,Perşembe,09:30/12:29,,25,25,,"ICM, MIM, SBP",,
13019,MIM 390E,MIM,LS,Methods of Env Analys in Arch,,İpek Akpınar Aksugür,MMB,Perşembe,09:30/12:29,,25,25,,"ICM, MIM, MIME, SBP, SBPE",,
13021,MIM 411,MIM,LS,Mimari Proje VII,,Suat Apak,MMB | MMB,Pazartesi | Perşembe,13:30/17:29 | 13:30/17:29,,17,17,,MIM,,
13023,MIM 411,MIM,LS,Mimari Proje VII,,Hüseyin Lütfü Kahvecioğlu,MMB | MMB,Pazartesi | Perşembe,13:30/17:29 | 13:30/17:29,,17,17,,MIM,,
13024,MIM 411,MIM,LS,Mimari Proje VII,,--,MMB | MMB,Pazartesi | Perşembe,13:30/17:29 | 13:30/17:29,,0,0,,MIM,,
13026,MIM 101E,MIM,LS,History of Art and Culture,,Oğuz Haşlakoğlu,MMB,Cuma,09:30/12:29,,25,15,,"EUTE, ICM, MIM, MIME, PEME, SBP, SBPE",,
13027,MIM 126E,MIM,LS,Strength of Materials,,Halet Almıla Büyüktaşkın,MMB,Çarşamba,08:30/10:29,,60,40,,"EUTE, MIM, MIME",,
13028,MIM 105E,MIM,LS,Int Politic Econ&Sus..,,Begüm Sertyeşilışık,MMB,Cuma,09:30/12:29,,25,11,,"EUTE, ICM, MIM, MIME, PEME, SBP, SBPE",,
13029,MIM 113,MIM,LS,Statik,,--,MMB,Salı,10:30/12:29,,100,10,,"ICM, MIM",,
13030,MIM 113,MIM,LS,Statik,,Haluk Sesigür,MMB,Salı,10:30/12:29,,0,0,,"ICM, MIM",,
13031,MIM 113,MIM,LS,Statik,,Halet Almıla Büyüktaşkın,MMB,Salı,10:30/12:29,,0,0,,"ICM, MIM",,
13032,MIM 113,MIM,LS,Statik,,Cenk Üstündağ,MMB,Salı,10:30/12:29,,0,0,,"ICM, MIM",,
13033,MIM 113E,MIM,LS,Statics,,--,MMB,Salı,08:30/10:29,,100,19,,"EUTE, ICM, MIM, MIME",,
13035,MIM 113E,MIM,LS,Statics,,Gülseren Erol Soyöz,MMB,Salı,08:30/10:29,,0,0,,"EUTE, ICM, MIM, MIME",,
13036,MIM 113E,MIM,LS,Statics,,Cenk Üstündağ,MMB,Salı,08:30/10:29,,0,0,,"EUTE, ICM, MIM, MIME",,
13037,MIM 411,MIM,LS,Mimari Proje VII,,Bünyamin Derman,MMB | MMB,Pazartesi | Perşembe,13:30/17:29 | 13:30/17:29,,17,17,,MIM,,
13038,MIM 411,MIM,LS,Mimari Proje VII,,Umut İyigün,MMB | MMB,Pazartesi | Perşembe,13:30/17:29 | 13:30/17:29,,17,17,,MIM,,
13039,MIM 119,MIM,LS,Mimarlığa Giriş ve Etik,,"Fatma Ahsen Özsoy, Vesile Gül Cephanecigil, Yegan Kahya Sayar",MMB,Cuma,09:30/12:29,,80,9,,MIM,,
13040,MIM 411E,MIM,LS,Architectural Design VII,,Mehmet Emin Şalgamcıoğlu,MMB | MMB,Pazartesi | Perşembe,13:30/17:29 | 13:30/17:29,,20,16,,"MIM, MIME",,
13041,MIM 411E,MIM,LS,Architectural Design VII,,Ayşe Şentürer,MMB | MMB,Pazartesi | Perşembe,13:30/17:29 | 13:30/17:29,,20,6,,"MIM, MIME",,
13042,MIM 411E,MIM,LS,Architectural Design VII,,Nurbin Paker Kahvecioğlu,MMB | MMB,Pazartesi | Perşembe,13:30/17:29 | 13:30/17:29,,20,20,,"MIM, MIME",,
13043,MIM 411E,MIM,LS,Architectural Design VII,,Ozan Önder Özener,MMB | MMB,Pazartesi | Perşembe,13:30/17:29 | 13:30/17:29,,20,10,,"MIM, MIME",,
13044,MIM 411E,MIM,LS,Architectural Design VII,,Sinan Mert Şener,MMB | MMB,Pazartesi | Perşembe,13:30/17:29 | 13:30/17:29,,20,3,,"MIM, MIME",,
13045,MIM 119E,MIM,LS,Int.to Architecture and Ethics,,"Ozan Önder Özener, Deniz Mazlum, Zeynep Kuban Tokgöz",MMB,Cuma,09:30/12:29,,80,11,,"MIM, MIME",,
13046,MIM 420E,MIM,LS,Logic and Theory of Design,,Nizam Onur Sönmez,MMB,Çarşamba,09:30/12:29,,25,24,,"ICM, MIM, MIME, PEM, PEME",,
13048,MIM 122,MIM,LS,İlkçağ & Bizans Mimarl Tarihi,,Nejat Turgut Saner,MMB,Çarşamba,10:30/12:29,,30,27,,MIM,,
13049,MIM 122E,MIM,LS,Ancient&Byzantine; A..,,Bilge Ar,MMB,Çarşamba,10:30/12:29,,30,12,,"MIM, MIME",,
13050,MIM 425E,MIM,LS,Architecture Today,,Mehmet Emin Şalgamcıoğlu,MMB,Pazartesi,09:30/12:29,,25,23,,"EUT, EUTE, ICM, MIM, MIME, PEM, PEME",,
13051,MIM 125,MIM,LS,Statik,,--,MMB,Salı,10:30/12:29,,125,54,,"ICM, MIM",,
13052,MIM 125,MIM,LS,Statik,,Haluk Sesigür,MMB,Salı,10:30/12:29,,0,0,,"ICM, MIM",,
13053,MIM 125,MIM,LS,Statik,,Halet Almıla Büyüktaşkın,MMB,Salı,10:30/12:29,,0,0,,"ICM, MIM",,
13054,MIM 427E,MIM,LS,Restoration of Cultural Prop.,,Deniz Mazlum,MMB,Perşembe,13:30/16:29,,25,23,,"ICM, MIM, MIME",,
13055,MIM 429E,MIM,LS,Topographical Practices,,Sıdıka Aslıhan Şenel,MMB,Cuma,13:30/16:29,,25,25,,"MIM, MIME",,
13056,MIM 125,MIM,LS,Statik,,Cenk Üstündağ,MMB,Salı,10:30/12:29,,0,0,,"ICM, MIM",,
13057,MIM 428E,MIM,LS,Desg.Draw.:Pract.&Co..,,Hakan Tüzün Şengün,MMB,Salı,13:30/16:29,,25,21,,"EUT, EUTE, ICM, MIM, MIME, PEM, PEME",,
13058,MIM 431,MIM,LS,Uygulama Projesi,,Leyla Tanaçan,MMB | MMB,Salı | Cuma,13:30/17:29 | 08:30/12:29,,8,8,,MIM,,
13059,MIM 125E,MIM,LS,Statics,,--,MMB,Salı,08:30/10:29,,125,63,,"EUTE, MIM, MIME",,
13060,MIM 431,MIM,LS,Uygulama Projesi,,Alpin Köknel Yener,MMB | MMB,Salı | Cuma,13:30/17:29 | 08:30/12:29,,8,8,,MIM,,
13061,MIM 431,MIM,LS,Uygulama Projesi,,Elçin Filiz Taş,MMB | MMB,Salı | Cuma,13:30/17:29 | 08:30/12:29,,8,8,,MIM,,
13062,MIM 431,MIM,LS,Uygulama Projesi,,Hakan Yaman,MMB | MMB,Salı | Cuma,13:30/17:29 | 08:30/12:29,,8,8,,MIM,,
13063,MIM 431,MIM,LS,Uygulama Projesi,,Nurgün Bayazıt,MMB | MMB,Salı | Cuma,13:30/17:29 | 08:30/12:29,,8,8,,MIM,,
13064,MIM 431,MIM,LS,Uygulama Projesi,,Şule Filiz Akşit,MMB | MMB,Salı | Cuma,13:30/17:29 | 08:30/12:29,,8,8,,MIM,,
13065,MIM 431,MIM,LS,Uygulama Projesi,,Gülfer Oraz,MMB | MMB,Salı | Cuma,13:30/17:29 | 08:30/12:29,,8,8,,MIM,,
13066,MIM 431,MIM,LS,Uygulama Projesi,,Caner Göçer,MMB | MMB,Salı | Cuma,13:30/17:29 | 08:30/12:29,,8,8,,MIM,,
13068,MIM 125E,MIM,LS,Statics,,Gülseren Erol Soyöz,MMB,Salı,08:30/10:29,,0,0,,"EUTE, MIM, MIME",,
13069,MIM 125E,MIM,LS,Statics,,Cenk Üstündağ,MMB,Salı,08:30/10:29,,0,0,,"EUTE, MIM, MIME",,
13070,MIM 211E,MIM,LS,Architectural Design III,,Arzu İrem Mollaahmetoğlu,MMB | MMB,Pazartesi | Perşembe,13:30/17:29 | 13:30/17:29,,4,4,,"MIM, MIME, PEME",,
13071,MIM 212,MIM,LS,Mimari Proje IV,,İffet Hülya Arı,MMB | MMB,Pazartesi | Perşembe,13:30/17:29 | 13:30/17:29,,5,4,,MIM,,
13072,MIM 212,MIM,LS,Mimari Proje IV,,Hakan Tong,MMB | MMB,Pazartesi | Perşembe,13:30/17:29 | 13:30/17:29,,5,5,,MIM,,
13073,MIM 212,MIM,LS,Mimari Proje IV,,Yüksel Demir,MMB | MMB,Pazartesi | Perşembe,13:30/17:29 | 13:30/17:29,,5,5,,MIM,,
13074,MIM 212E,MIM,LS,Architectural Design IV,,Arzu İrem Mollaahmetoğlu,MMB | MMB,Pazartesi | Perşembe,13:30/17:29 | 13:30/17:29,,16,9,,"MIM, MIME",,
13075,MIM 221,MIM,LS,Türk Mimarlık Tarihi,,--,MMB,Pazartesi,08:30/10:29,,130,123,,MIM,,
13076,MIM 221,MIM,LS,Türk Mimarlık Tarihi,,Aras Neftçi,MMB,Pazartesi,08:30/10:29,,0,0,,MIM,,
13077,MIM 221,MIM,LS,Türk Mimarlık Tarihi,,Bilge Ar,MMB,Pazartesi,08:30/10:29,,0,0,,MIM,,
13078,MIM 221E,MIM,LS,Hstry of Turkish Architecture,,Fatma İlknur Kolay,MMB,Pazartesi,10:30/12:29,,90,83,,"MIM, MIME, SBP, SBPE",,
13079,MIM 222,MIM,LS,Avrupa Mimarlık Tarihi,,Nejat Turgut Saner,MMB,Salı,13:30/15:29,,60,61,,MIM,,
13080,MIM 222E,MIM,LS,Histry of Europn Architecture,,Luca Orlandi,MMB,Pazartesi,10:30/12:29,,60,30,,"MIM, MIME",,
13081,MIM 223E,MIM,LS,Social Psychology,,Cemile Tiftik,MMB,Cuma,09:30/12:29,,25,10,,"EUTE, ICM, MIM, MIME, PEM, PEME, SBP, SBPE",,
13083,MIM 431,MIM,LS,Uygulama Projesi,,Nuri Serteser,MMB | MMB,Salı | Cuma,13:30/17:29 | 08:30/12:29,,8,8,,MIM,,
13084,MIM 431,MIM,LS,Uygulama Projesi,,İkbal Çetiner,MMB | MMB,Salı | Cuma,13:30/17:29 | 08:30/12:29,,8,8,,MIM,,
13086,MIM 431E,MIM,LS,Construction Project,,Fatih Yazıcıoğlu,MMB | MMB,Salı | Cuma,13:30/17:29 | 08:30/12:29,,8,8,,"MIM, MIME",,
13088,MIM 431E,MIM,LS,Construction Project,,Mehmet Cem Altun,MMB | MMB,Salı | Cuma,13:30/17:29 | 08:30/12:29,,8,8,,"MIM, MIME",,
13089,MIM 231,MIM,LS,Yapı Malzemesi,,--,MMB | MMB,Salı | Perşembe,08:30/10:29 | 08:30/10:29,,120,92,,MIM,,
13090,MIM 431E,MIM,LS,Construction Project,,Fethiye Ecem Edis,MMB | MMB,Salı | Cuma,13:30/17:29 | 08:30/12:29,,8,8,,"MIM, MIME",,
13092,MIM 231,MIM,LS,Yapı Malzemesi,,Seden Acun Özgünler,MMB | MMB,Salı | Perşembe,08:30/10:29 | 08:30/10:29,,0,0,,MIM,,
13093,MIM 431E,MIM,LS,Construction Project,,Emrah Acar,MMB | MMB,Salı | Cuma,13:30/17:29 | 08:30/12:29,,8,8,,"MIM, MIME",,
13095,MIM 231,MIM,LS,Yapı Malzemesi,,Mustafa Erkan Karagüler,MMB | MMB,Salı | Perşembe,08:30/10:29 | 08:30/10:29,,0,0,,MIM,,
13097,MIM 431E,MIM,LS,Construction Project,,Gülten Aslıhan Tavil,MMB | MMB,Salı | Cuma,13:30/17:29 | 08:30/12:29,,8,8,,"MIM, MIME",,
13100,MIM 231,MIM,LS,Yapı Malzemesi,,Seda Erdem,MMB | MMB,Salı | Perşembe,08:30/10:29 | 08:30/10:29,,0,0,,MIM,,
13101,MIM 435E,MIM,LS,Mdrn Cncpts of Archtctrl Consv,,Sakine Yıldız Salman,MMB,Çarşamba,12:30/15:29,,25,22,,"EUT, EUTE, ICM, MIM, MIME, PEM, PEME",,
13104,MIM 436,MIM,LS,Koruma Bilimine Giriş,,Işıl Polat Pekmezci,MMB,Çarşamba,09:30/12:29,,25,1,,"ICM, MIM",,
13105,MIM 231E,MIM,LS,Building Materials,,--,MMB | MMB,Salı | Perşembe,10:30/12:29 | 10:30/12:29,,80,80,,"MIM, MIME",,
13109,MIM 231E,MIM,LS,Building Materials,,Leyla Tanaçan,MMB | MMB,Salı | Perşembe,10:30/12:29 | 10:30/12:29,,0,0,,"MIM, MIME",,
13112,MIM 231E,MIM,LS,Building Materials,,Mehmet Serkan Yatağan,MMB | MMB,Salı | Perşembe,10:30/12:29 | 10:30/12:29,,0,0,,"MIM, MIME",,
13113,MIM 440E,MIM,LS,Generating Livable Environment,,Cemile Tiftik,MMB,Salı,13:30/16:29,,25,9,,"ICM, MIM, MIME",,
13115,MIM 441,MIM,LS,Arkeolojik Sit. Koruma Uyg.,,"Zeynep Eres Özdoğan, Umut Almaç",MMB,Çarşamba,09:30/12:29,,25,9,,MIM,,
13117,MIM 232E,MIM,LS,Reinforced Concrete Structures,,Cenk Üstündağ,MMB,Çarşamba,08:30/12:29,,70,43,,"MIM, MIME",,
13119,MIM 449,MIM,LS,Konut Olgusunun Değişimi,,"Fatma Ahsen Özsoy, Dilek Yıldız",MMB,Çarşamba,09:30/12:29,,25,3,,"ICM, MIM",,
13120,MIM 242E,MIM,LS,Environmental Control Studio,,Gülten Manioğlu,MMB | MMB,Salı | Perşembe,13:30/17:29 | 08:30/12:29,,50,46,,"ICM, MIM, MIME",,
13121,MIM 451,MIM,LS,Mimarlıkta Temsil ve Sunum,,"İffet Hülya Arı, Hakan Tong",MMB,Çarşamba,09:30/12:29,,25,24,,MIM,,
13123,MIM 252E,MIM,LS,Theories of Architectural Dsgn,,Yüksel Demir,MMB,Perşembe,09:30/12:29,,30,28,,"EUTE, ICM, MIM, MIME, PEM, PEME, SBP, SBPE",,
13125,MIM 253,MIM,LS,Çelik Yapılar,,--,MMB,Salı,15:30/17:29,,130,130,,MIM,,
13126,MIM 455,MIM,LS,Bina Yapımında IK Yönetimi,,Gülfer Oraz,MMB,Salı,09:30/12:29,,25,25,,MIM,,
13129,MIM 457,MIM,LS,Konut Planlaması & Tasrm Sorn,,Suat Apak,MMB,Pazartesi,09:30/12:29,,25,25,,"ICM, MIM, PEM, SBP",,
13130,MIM 461,MIM,LS,Özürlüler ve Yaş.İçin Çev.Tas,,Göksenin İnalhan,MMB,Salı,09:30/12:29,,25,25,,"EUT, ICM, MIM, PEM, SBP",,
13131,MIM 461E,MIM,LS,Envir.Dsg.for the Di..,,Göksenin İnalhan,MMB,Salı,13:30/16:29,,25,22,,"EUTE, ICM, MIM, MIME, PEM, PEME, SBP, SBPE",,
13132,MIM 465E,MIM,LS,Buildng Sub-Structure & Ground,,Fatih Yazıcıoğlu,MMB,Salı,09:30/12:29,,25,25,,"MIM, MIME",,
13135,MIM 253,MIM,LS,Çelik Yapılar,,Halet Almıla Büyüktaşkın,MMB,Salı,15:30/17:29,,0,0,,MIM,,
13136,MIM 467,MIM,LS,Pascal ile Programlama,,Atilla Aydoğdu,MMB,Çarşamba,09:30/12:29,,25,1,,MIM,,
13137,MIM 253E,MIM,LS,Steel Structures,,Oğuz Cem Çelik,MMB,Salı,13:30/15:29,,80,80,,"MIM, MIME",,
13139,MIM 471E,MIM,LS,Earthquake Resist.Building Dsg,,Oğuz Cem Çelik,MMB,Çarşamba,09:30/12:29,,25,8,,"MIM, MIME",,
13141,MIM 491,MIM,LS,Mimarlıkta Morfoloji,,Pelin Dursun Çebi,MMB,Çarşamba,09:30/12:29,,25,3,,"ICM, MIM",,
13145,MIM 492,MIM,LS,Bitirme Çalışması,,Hüseyin Lütfü Kahvecioğlu,MMB,,/,,500,84,,MIM,,
13148,MIM 492E,MIM,LS,Graduation Project,,Hüseyin Lütfü Kahvecioğlu,MMB,,/,,500,40,,"MIM, MIME",,
13154,MIM 494E,MIM,LS,Special Top.of Const.Prj.Manag,,Begüm Sertyeşilışık,MMB,Perşembe,09:30/12:29,,25,25,,"MIM, MIME",,
13156,MIM 497E,MIM,LS,Time Mng.in Building Prod.,,Alaattin Kanoğlu,MMB,Çarşamba,09:30/12:29,,25,10,,"MIM, MIME, PEM, PEME",,
13157,MIM 271,MIM,LS,Yapı Statiği,,Haluk Sesigür,MMB,Cuma,08:30/10:29,,0,0,,MIM,,
13158,MIM 271,MIM,LS,Yapı Statiği,,Gülseren Erol Soyöz,MMB,Cuma,08:30/10:29,,0,0,,MIM,,
13159,TES 112E,TES,LS,Vis.Comm.I:Visualiz.&Tch.Drw.;,,Çiğdem Eren,MMB,Cuma,13:30/17:29,,0,0,,"EUT, EUTE, ICM, MIM, MIME, PEM, PEME, SBP, SBPE",,
13162,TES 112E,TES,LS,Vis.Comm.I:Visualiz.&Tch.Drw.;,,Hakan Tüzün Şengün,MMB,Cuma,13:30/17:29,,0,0,,"EUT, EUTE, ICM, MIM, MIME, PEM, PEME, SBP, SBPE",,
13163,TES 112E,TES,LS,Vis.Comm.I:Visualiz.&Tch.Drw.;,,Ayşe Meltem Baslo,MMB,Cuma,13:30/17:29,,0,0,,"EUT, EUTE, ICM, MIM, MIME, PEM, PEME, SBP, SBPE",,
13164,TES 112E,TES,LS,Vis.Comm.I:Visualiz.&Tch.Drw.;,,Tan Kamil Gürer,MMB,Cuma,13:30/17:29,,0,0,,"EUT, EUTE, ICM, MIM, MIME, PEM, PEME, SBP, SBPE",,
13165,TES 112E,TES,LS,Vis.Comm.I:Visualiz.&Tch.Drw.;,,Elif Sezen Yağmur Kilimci,MMB,Cuma,13:30/17:29,,0,0,,"EUT, EUTE, ICM, MIM, MIME, PEM, PEME, SBP, SBPE",,
13166,TES 112E,TES,LS,Vis.Comm.I:Visualiz.&Tch.Drw.;,,Nizam Onur Sönmez,MMB,Cuma,13:30/17:29,,0,0,,"EUT, EUTE, ICM, MIM, MIME, PEM, PEME, SBP, SBPE",,
13167,TES 112E,TES,LS,Vis.Comm.I:Visualiz.&Tch.Drw.;,,Sema Alaçam,MMB,Cuma,13:30/17:29,,0,0,,"EUT, EUTE, ICM, MIM, MIME, PEM, PEME, SBP, SBPE",,
13168,TES 211E,TES,LS,Project III,,Özlem Berber Özkendirci,MMB | MMB,Pazartesi | Perşembe,13:30/17:29 | 13:30/17:29,,22,22,,"MIM, MIME",,
13181,TES 111E,TES,LS,Project I,,Nesip Ömer Erem,MMB | MMB,Pazartesi | Perşembe,08:30/12:29 | 08:30/12:29,,0,0,,"EUT, EUTE, EUTM, ICM, MIM, MIME, PEM, PEME, SBP, SBPE",,
13184,TES 111E,TES,LS,Project I,,Çiğdem Eren,MMB | MMB,Pazartesi | Perşembe,08:30/12:29 | 08:30/12:29,,0,0,,"EUT, EUTE, EUTM, ICM, MIM, MIME, PEM, PEME, SBP, SBPE",,
13186,TES 111E,TES,LS,Project I,,Elif Sezen Yağmur Kilimci,MMB | MMB,Pazartesi | Perşembe,08:30/12:29 | 08:30/12:29,,0,0,,"EUT, EUTE, EUTM, ICM, MIM, MIME, PEM, PEME, SBP, SBPE",,
13188,TES 111E,TES,LS,Project I,,Ayşe Meltem Baslo,MMB | MMB,Pazartesi | Perşembe,08:30/12:29 | 08:30/12:29,,0,0,,"EUT, EUTE, EUTM, ICM, MIM, MIME, PEM, PEME, SBP, SBPE",,
13189,TES 111E,TES,LS,Project I,,Tan Kamil Gürer,MMB | MMB,Pazartesi | Perşembe,08:30/12:29 | 08:30/12:29,,0,0,,"EUT, EUTE, EUTM, ICM, MIM, MIME, PEM, PEME, SBP, SBPE",,
13190,TES 111E,TES,LS,Project I,,Melih Bozkurt,MMB | MMB,Pazartesi | Perşembe,08:30/12:29 | 08:30/12:29,,0,0,,"EUT, EUTE, EUTM, ICM, MIM, MIME, PEM, PEME, SBP, SBPE",,
13192,TES 111E,TES,LS,Project I,,Nizam Onur Sönmez,MMB | MMB,Pazartesi | Perşembe,08:30/12:29 | 08:30/12:29,,0,0,,"EUT, EUTE, EUTM, ICM, MIM, MIME, PEM, PEME, SBP, SBPE",,
13194,TES 111E,TES,LS,Project I,,Sema Alaçam,MMB | MMB,Pazartesi | Perşembe,08:30/12:29 | 08:30/12:29,,0,0,,"EUT, EUTE, EUTM, ICM, MIM, MIME, PEM, PEME, SBP, SBPE",,
13196,TES 112E,TES,LS,Vis.Comm.I:Visualiz.&Tch.Drw.;,,Nesip Ömer Erem,MMB,Cuma,13:30/17:29,,0,0,,"EUT, EUTE, ICM, MIM, MIME, PEM, PEME, SBP, SBPE",,
13200,TES 211E,TES,LS,Project III,,Sıdıka Aslıhan Şenel,MMB | MMB,Pazartesi | Perşembe,13:30/17:29 | 13:30/17:29,,22,22,,"MIM, MIME",,
13201,TES 211E,TES,LS,Project III,,Göksenin İnalhan,MMB | MMB,Pazartesi | Perşembe,13:30/17:29 | 13:30/17:29,,22,22,,"MIM, MIME",,
13202,TES 211E,TES,LS,Project III,,Funda Uz,MMB | MMB,Pazartesi | Perşembe,13:30/17:29 | 13:30/17:29,,22,22,,"MIM, MIME",,
13203,TES 211E,TES,LS,Project III,,Yasemin Alkışer Bregger,MMB | MMB,Pazartesi | Perşembe,13:30/17:29 | 13:30/17:29,,22,22,,"MIM, MIME",,
13208,TES 211E,TES,LS,Project III,,Burçin Kürtüncü,MMB | MMB,Pazartesi | Perşembe,13:30/17:29 | 13:30/17:29,,22,22,,"MIM, MIME",,
13210,TES 211E,TES,LS,Project III,,Cemile Tiftik,MMB | MMB,Pazartesi | Perşembe,13:30/17:29 | 13:30/17:29,,22,17,,"MIM, MIME",,
13212,TES 211E,TES,LS,Project III,,Gökhan Ülken,MMB | MMB,Pazartesi | Perşembe,13:30/17:29 | 13:30/17:29,,22,22,,"MIM, MIME",,
13213,TES 211E,TES,LS,Project III,,İpek Akpınar Aksugür,MMB | MMB,Pazartesi | Perşembe,13:30/17:29 | 13:30/17:29,,22,22,,"MIM, MIME",,
13214,TES 113E,TES,LS,Basic Design and Visual Arts,,Ayşe Meltem Baslo,MMB,Çarşamba,08:30/12:29,,0,0,,"EUT, EUTE, ICM, MIM, MIME, PEM, PEME, SBP, SBPE",,
13217,TES 113E,TES,LS,Basic Design and Visual Arts,,Melih Bozkurt,MMB,Çarşamba,08:30/12:29,,0,0,,"EUT, EUTE, ICM, MIM, MIME, PEM, PEME, SBP, SBPE",,
13218,TES 113E,TES,LS,Basic Design and Visual Arts,,Oğuz Haşlakoğlu,MMB,Çarşamba,08:30/12:29,,0,0,,"EUT, EUTE, ICM, MIM, MIME, PEM, PEME, SBP, SBPE",,
13219,TES 113E,TES,LS,Basic Design and Visual Arts,,Michael Stefan Bittermann,MMB,Çarşamba,08:30/12:29,,0,0,,"EUT, EUTE, ICM, MIM, MIME, PEM, PEME, SBP, SBPE",,
13220,TES 113E,TES,LS,Basic Design and Visual Arts,,Hakan Tüzün Şengün,MMB,Çarşamba,08:30/12:29,,0,0,,"EUT, EUTE, ICM, MIM, MIME, PEM, PEME, SBP, SBPE",,
13256,RES 102,RES,LS,Bilg. Destekli Teknik Resim,,***,DZB,Pazartesi,08:30/12:29,,45,18,,"DEN, DUI, GMI",,
13258,RES 102,RES,LS,Bilg. Destekli Teknik Resim,,***,DZB,Pazartesi,13:30/17:29,,45,21,,"DEN, DUI, GMI",,
13300,MRE 311,MRE,LS,Marine Electronics,,Gazi Koçak,DZB,Pazartesi,13:30/17:29,,10,1,,SGM,,
13314,MRE 105,MRE,LS,Professional Studies,,Yalçın Durmuşoğlu,DZB,Salı,13:30/17:29,,10,0,,SGM,,
13316,MRE 463,MRE,LS,Marine Engineering Materials,,Yasin Arslanoğlu,DZB,Pazartesi,14:30/17:29,,10,2,,SGM,,
13321,MRE 471,MRE,LS,Automatic Control Systems,,İsmail Çiçek,DZB,Salı,08:30/11:29,,10,2,,SGM,,
13323,MRE 343,MRE,LS,Ship Sys.III:Mar. Disl Eng.I,,Cengiz Deniz,DZB,Salı,13:30/17:29,,10,1,,SGM,,
13329,MRE 321,MRE,LS,Fluid Mechanics,,Ata Bilgili,DZB,Pazartesi,08:30/11:29,,10,1,,SGM,,
13352,MRE 381,MRE,LS,Engineering Economics,,Kadir Çiçek,DZB,Çarşamba,08:30/12:29,,10,1,,SGM,,
13353,MRE 361,MRE,LS,Naval Arch.&Ship; Construction,,Sevilay Can,DZB,Çarşamba,12:30/15:29,,10,1,,SGM,,
13355,MRT 321,MRT,LS,Intr.to Cargo Opr.&S..,,Sevilay Can,DZB,Pazartesi,13:30/16:29,,10,1,,SDU,,
13356,MRE 383,MRE,LS,Ship Management,,Metin Çelik,DZB,Salı,14:30/17:29,,10,2,,SGM,,
13358,MRE 443,MRE,LS,Ship Sys.IV:Mar. Disl Eng.II,,Cengiz Deniz,DZB,Çarşamba,08:30/12:29,,10,2,,SGM,,
13359,MRE 371,MRE,LS,Engine Room Simulator I,,Cengiz Deniz,DZB,Cuma,08:30/13:29,,10,1,,SGM,,
13360,MRT 311,MRT,LS,Ship Handling & Maneuvering,,Emre Akyüz,DZB,Salı,08:30/10:29,,10,1,,SDU,,
13361,MRT 315,MRT,LS,Transportation Systems,,Pelin Bolat,DZB,Çarşamba,08:30/11:29,,10,1,,SDU,,
13362,MEK 205E,MEK,LS,Engineering Mechanics,,***,DZB,Cuma,14:30/17:29,,75,75,,"GMI, GMIE",,
13363,MRE 342,MRE,LS,Maritime Conventions,,Fırat Bolat,DZB,Perşembe,08:30/11:29,,10,1,,SGM,,
13365,PHY 125L,PHY,LS,Physics I Laboratory,,Banu Tansel,DZB,Perşembe,15:30/17:29,,10,0,,"MBI, SDU, SEN, SGM, SIN",,
13369,PHY 125,PHY,LS,Physics I,,Banu Tansel,DZB,Perşembe,12:30/15:29,,10,0,,"MBI, SDU, SEN, SGM, SIN",,
13370,MTH 121,MTH,LS,Calculus I,,Sabire Cömert,DZB,Çarşamba,08:30/12:29,,15,1,,"SDU, SGM",,
13371,MRE 453,MRE,LS,Ship Sys.V:Mar.Auxl. Mach. III,,Vural Ateş,DZB,Perşembe,08:30/12:29,,10,2,,SGM,,
13372,MRE 387,MRE,LS,Hydraulic & Pneumatic Syst,,Vural Ateş,DZB,Cuma,13:30/16:29,,10,2,,SGM,,
13373,MRE 432,MRE,LS,Maritime Law,,Hakan Muran,DZB,Çarşamba,12:30/15:29,,10,2,,SGM,,
13374,MRE 313,MRE,LS,Numerical Analysis&Comp.Prog.;,,Ata Bilgili,DZB,Perşembe,13:30/17:29,,10,0,,SGM,,
13375,MRE 101,MRE,LS,Maritime Eng. Drawing and Des,,Melek Ertogan,DZB,Cuma,13:30/17:29,,10,0,,SGM,,
13376,MRE 107,MRE,LS,English for Eng. Officers,,Müjgan Özenir,DZB,Perşembe,10:30/12:29,,10,0,,SGM,,
13382,MRT 101,MRT,LS,Maritime English,,Halime Ceren Göktaş,DZB,Salı,08:30/10:29,,10,1,,SDU,,
13383,MRT 105,MRT,LS,Professional Studies I,,"Pelin Bolat, Tuba Keçeci",DZB,Pazartesi,13:30/17:29,,10,1,,SDU,,
13390,MRT 307,MRT,LS,Nautical Operations-Legal,,Münip Baş,DZB,Çarşamba,13:30/15:29,,10,1,,SDU,,
13392,MRT 415,MRT,LS,Physical Education I,,Yusuf Nejat Koçar,DZB,Salı,15:30/17:29,,10,2,,SDU,,
13396,MRT 309,MRT,LS,Nautical Operations-Safety,,Özcan Arslan,DZB,Perşembe,15:30/17:29,,10,1,,SDU,,
13397,MRT 325,MRT,LS,Maritime Communications,,Oğuzhan Gürel,DZB,Perşembe,08:30/12:29,,10,1,,"SDU, SGM",,
13399,MRT 327,MRT,LS,Watchkeeping,,Oğuzhan Gürel,DZB,Pazartesi,08:30/13:29,,10,1,,SDU,,
13401,MRT 313,MRT,LS,Electronic Navigation,,Taylan Güler,DZB,Cuma,12:30/17:29,,10,1,,SDU,,
13403,MRT 401,MRT,LS,Analysis of the Markt. Process,,Levent Kırval,DZB,Pazartesi,14:30/17:29,,10,3,,"SDU, SGM",,
13404,MRT 431,MRT,LS,Oceanography,,Ayşe Yılmaz,DZB,Pazartesi,08:30/10:29,,10,3,,"SDU, SGM",,
13405,MRT 405,MRT,LS,Admiralty Law,,Hakan Muran,DZB,Cuma,08:30/11:29,,10,0,,SDU,,
13407,MRT 407,MRT,LS,Cargo Operations,,Tanzer Satır,DZB,Perşembe,13:30/17:29,,10,3,,"SDU, SGM",,
13409,MRT 409,MRT,LS,Advance Navigation,,"Tuba Keçeci, Orhan Gönel",DZB,Çarşamba,12:30/15:29,,10,3,,SDU,,
13451,MRE 330,MRE,LS,Long Term Sea Training,,Ata Bilgili,---,,/,,90,0,,SGM,,
13456,PHY 125,PHY,LS,Physics I,,Hilmi Ünlü,INB,Pazartesi,13:30/16:29,,30,0,,"MBI, SDU, SEN, SGM, SIN",,
13457,PHY 125L,PHY,LS,Physics I Laboratory,,Hilmi Ünlü,FEB,Çarşamba,10:30/12:29,,30,0,,"MBI, SDU, SEN, SGM, SIN",,
13458,MTH 107,MTH,LS,Calculus I,,Fatma Özdemir,INB | INB,Çarşamba | Cuma,12:30/15:29 | 08:30/11:29,,30,0,,"SCE, SIN",,
13461,MTR 232,MTR,LS,Makam Teorisi IV,,Adil Feridun Öney,TMB | TMB,Salı | Cuma,10:30/12:29 | 10:30/12:29,,15,1,,"MUT, SES, THO",,
13465,MUT 412,MUT,LS,Kanun Yapımı II,,Mustafa Aydın Öksüz,---,,/,,5,2,,"MTMM, MUT",,
13466,MUT 390,MUT,LS,Bilg. Dest. Mesleki.Res. I,,Şafak Köksal,TMB,Pazartesi,10:30/12:29,,10,3,,MUT,,
13467,MTR 492,MTR,LS,Bitirme Çalışması,,Eren Özek,---,,/,,500,7,,MTR,,
13469,MTR 202,MTR,LS,Makam Teorisi IV,,Nurullah Kanık,TMB | TMB | TMB,Pazartesi | Perşembe | Cuma,08:30/10:29 | 13:30/15:29 | 13:30/15:29,,15,12,,"MTR, MUT, MUZ, SES",,
13470,MUT 448,MUT,LS,Prodüksiyon Teknikleri,,Sertaç Kakı,TMB | TMB,Perşembe | Cuma,10:30/12:29 | 08:30/10:29,,10,3,,MUT,,
13471,MUT 374,MUT,LS,Elektronik Çalgı Bilgisi,,Sair Sinan Kestelli,TMB,Perşembe,08:30/10:29,,10,4,,MUT,,
13474,MIM 162E,MIM,LS,Intr.to Building Construction,,Fatih Yazıcıoğlu,MMB,Çarşamba,08:30/10:29,,200,54,,"ICM, MIM, MIME",,
13476,MST 331,MST,LS,Shipping Finance,,Ahmet Yaşar Canca,DZB,Cuma,17:30/19:29,,50,26,,"DUIK, GEMK, GMIK, MEN, MTM, NAE",,
13477,MST 461,MST,LS,Terminal & Tanker Operations,,Selim Aksoy,DZB,Salı,11:30/13:29,,50,9,,"DUIK, GEMK, GMIK, MEN, MTM, NAE",,
13478,MTM 421,MTM,LS,Ship Handling and Maneuvering,,"Arife Tuğsan İşiaçık Çolak, Hüseyin Türkel",DZB,Perşembe,08:30/11:29,,50,0,,"DUIK, MTM",,
13481,MST 421,MST,LS,Meteorology and Oceanography,,Ayşe Yılmaz,DZB,Çarşamba,08:30/10:29,,50,19,,"DUIK, MTM",,
13482,MIM 253,MIM,LS,Çelik Yapılar,,Haluk Sesigür,MMB,Salı,15:30/17:29,,0,0,,MIM,,
13483,MIM 431,MIM,LS,Uygulama Projesi,,Gül Koçlar Oral,MMB | MMB,Salı | Cuma,13:30/17:29 | 08:30/12:29,,8,8,,MIM,,
13484,PHY 107,PHY,LS,Physics I,,Banu Tansel,DZB | DZB,Pazartesi | Pazartesi,12:30/14:29 | 17:30/18:29,,50,12,,"DUIK, GEMK, GMIK, MEN, MTM, NAE",,
13486,PHY 107L,PHY,LS,Physics I Lab.,,Banu Tansel,DZB,Çarşamba,08:30/10:29,,50,3,,"DUIK, GEMK, GMIK, MEN, MTM, NAE",,
13487,MTM 301,MTM,LS,E-Navigation Systems,,Burkay Alan,DZB,Pazartesi,13:30/16:29,,50,22,,"DUIK, MTM",,
13488,MST 101,MST,LS,Int.to Mar. Sciences & Ethics,,Arife Tuğsan İşiaçık Çolak,DZB,Salı,13:30/15:29,,50,5,,"DUIK, GEMK, GMIK, MEN, MTM, NAE",,
13491,MIM 431E,MIM,LS,Construction Project,,Fatma Pınar Çakmak,MMB | MMB,Salı | Cuma,13:30/17:29 | 08:30/12:29,,8,6,,"MIM, MIME",,
13515,TES 113E,TES,LS,Basic Design and Visual Arts,,Desen Halıçınarlı,MMB,Çarşamba,08:30/12:29,,0,0,,"EUT, EUTE, ICM, MIM, MIME, PEM, PEME, SBP, SBPE",,
13554,TEK 111E,TEK,LS,Intr.to Textile Engineering,,"Cevza Candan, Fatma Banu Nergis",MKB,Cuma,11:30/12:29,,100,26,,TEKE,,
13558,TEK 114E,TEK,LS,Fiber Science,,İkilem Göcek,MKB,Pazartesi,13:30/17:29,,40,26,,"TEK, TEKE, TEKM",,
13560,TEK 213E,TEK,LS,Textile Chemistry,,Berdan Kalav,MKB,Salı,09:30/12:29,,35,31,,"TEK, TEKE, TEKM",,
13563,TEK 213E,TEK,LS,Textile Chemistry,,Umut Kıvanç Şahin,MKB,Perşembe,13:30/16:29,,35,35,,"TEK, TEKE, TEKM",,
13565,TEK 233E,TEK,LS,Yarn Technology I,,"Fatma Banu Nergis, Yeşim Beceren",MKB,Çarşamba,09:30/12:29,,35,31,,"TEK, TEKE, TEKM",,
13568,TEK 233E,TEK,LS,Yarn Technology I,,Nazan Okur,MKB,Pazartesi,09:30/12:29,,35,35,,"TEK, TEKE, TEKM",,
13578,RES 103E,RES,LS,Technical Drawing,,***,MKB,Perşembe,13:30/17:29,,40,15,,"TEK, TEKE",,
13580,MTH 123,MTH,LS,Calculus,,Bahri Güldoğan,MKB,Perşembe,09:30/12:29,,40,4,,STP,,
13582,MOD 133,MOD,LS,Materials & Construction I,,Canan Kankırı,MKB,Salı,13:30/17:29,,40,0,,SMT,,
13584,MOD 113,MOD,LS,Visual Design Concepts I,,"Türkü Şahin, Elif Taşel",MKB,Cuma,08:30/12:29,,40,0,,SMT,,
13585,MOD 143,MOD,LS,Digital Design Studio,,Rüveyde Oder,MKB | MKB,Salı | Perşembe,09:30/12:29 | 09:30/12:29,,40,0,,SMT,,
13588,RES 103E,RES,LS,Technical Drawing,,***,MKB,Cuma,13:30/17:29,,40,26,,TEKE,,
13589,MOD 152,MOD,LS,Fundam. of Textiles for FD,,Osman Bülent Özipek,MKB,Pazartesi,08:30/12:29,,40,0,,SMT,,
13594,MOD 117,MOD,LS,Design Studio I - Int.Draping,,"Gözde Göncü Berk, Şükriye Yüksel Filiz",MKB,Perşembe,13:30/17:29,,40,0,,SMT,,
13596,MEK 205E,MEK,LS,Engineering Mechanics,,***,MKB | MKB,Pazartesi | Çarşamba,13:30/15:29 | 14:30/15:29,,35,12,,"IMLE, TEKE",,
13600,MEK 205E,MEK,LS,Engineering Mechanics,,***,MKB | MKB,Salı | Cuma,13:30/15:29 | 11:30/12:29,,35,15,,"IMLE, TEKE",,
13618,TEK 345E,TEK,LS,Clothing Technology,,"Fatma Kalaoğlu, Selin Hanife Eryürük",MKB,Salı,13:30/16:29,,35,26,,"TEK, TEKE, TEKM",,
13619,TEK 305E,TEK,LS,Textile Testing,,"Osman Bülent Özipek, Nevin Çiğdem Gürsoy",MKB | MKB,Salı | Perşembe,08:30/10:29 | 13:30/15:29,,35,28,,"TEK, TEKE, TEKM",,
13620,TEK 305E,TEK,LS,Textile Testing,,"Hale Karakaş, Nevin Çiğdem Gürsoy",MKB | MKB,Çarşamba | Perşembe,13:30/15:29 | 10:30/12:29,,35,35,,"TEK, TEKE, TEKM",,
13621,TEK 361E,TEK,LS,Mechanisms,,Şule Selçuk,MKB,Pazartesi,09:30/12:29,,40,40,,"IMLE, TEK, TEKE",,
13622,TEK 361E,TEK,LS,Mechanisms,,Şule Selçuk,MKB,Cuma,09:30/12:29,,40,40,,"IMLE, TEK, TEKE",,
13623,TEK 327E,TEK,LS,Machine Elements,,İkilem Göcek,MKB,Perşembe,15:30/17:29,,40,15,,"TEK, TEKE",,
13624,TEK 327E,TEK,LS,Machine Elements,,İpek Yalçın Eniş,MKB,Pazartesi,13:30/15:29,,40,39,,"TEK, TEKE",,
13625,TEK 455E,TEK,LS,Non-Woven Fabrics,,"Ümmühan Telem Gök Sadıkoğlu, İpek Yalçın Eniş",MKB,Çarşamba,08:30/11:29,,35,30,,"TEK, TEKE",,
13626,TEK 345E,TEK,LS,Clothing Technology,,Senem Kurşun Bahadır,MKB,Cuma,13:30/16:29,,35,35,,"TEK, TEKE, TEKM",,
13627,TEK 413E,TEK,LS,Fabric Design,,Burçak Karagüzel Kayaoğlu,MKB,Cuma,09:30/12:29,,35,25,,"TEK, TEKE, TEKM",,
13628,TEK 413E,TEK,LS,Fabric Design,,Ömer Berk Berkalp,MKB,Pazartesi,13:30/16:29,,35,35,,"TEK, TEKE, TEKM",,
13629,TEK 492E,TEK,LS,Senior Design Project,,Ömer Berk Berkalp,---,,/,,500,18,,"TEK, TEKE",,
13630,TEK 455E,TEK,LS,Non-Woven Fabrics,,İlkay Özsev Yüksek,MKB,Perşembe,13:30/16:29,,35,29,,"TEK, TEKE",,
13631,TEK 452E,TEK,LS,Knitting Technology II,,"Nuray Uçar, Cevza Candan",MKB,Salı,09:30/12:29,,35,3,,"TEK, TEKE",,
13632,TEK 453E,TEK,LS,Synthetic &Textured;..,,Ali Demir,MKB,Perşembe,09:30/12:29,,35,18,,"TEK, TEKE",,
13633,TEK 457E,TEK,LS,Pre-treatment Processes,,Berdan Kalav,MKB,Perşembe,09:30/12:29,,35,20,,"TEK, TEKE",,
13634,TEK 447E,TEK,LS,Ecological Textiles,,Berdan Kalav,MKB,Salı,13:30/16:29,,35,30,,"TEK, TEKE",,
13635,TEK 451E,TEK,LS,Textile Prod.Managem..,,Canan Sarıçam,MKB,Salı,13:30/16:29,,35,14,,"TEK, TEKE",,
13636,TEK 456E,TEK,LS,Textile Finishing Auxiliaries,,Umut Kıvanç Şahin,MKB,Pazartesi,09:30/12:29,,35,8,,"TEK, TEKE",,
13637,MOD 243,MOD,LS,Appr.Desg.Studio-Patternmaking,,Belgin Görgün,MKB | MKB,Pazartesi | Çarşamba,13:30/16:29 | 09:30/12:29,,40,7,,SMT,,
13638,MOD 217,MOD,LS,Desg.StudioIII-Struct. Draping,,Şükriye Yüksel Filiz,MKB | MKB,Pazartesi | Salı,09:30/12:29 | 09:30/12:29,,40,7,,SMT,,
13639,TEK 417E,TEK,LS,Technical Yarns,,Fatma Banu Nergis,MKB,Salı,09:30/12:29,,35,18,,"TEK, TEKE",,
13640,TEK 441E,TEK,LS,Yarn Production Calculations,,"Yeşim Beceren, Fatma Banu Nergis",MKB,Cuma,13:30/16:29,,35,4,,"TEK, TEKE",,
13641,MOD 237,MOD,LS,Visual Design Concepts III,,"Türkü Şahin, Ezgi Çılgın Çınar",MKB,Perşembe,13:30/17:29,,40,7,,SMT,,
13642,TEK 459E,TEK,LS,Garment Pattern Making inAppar,,Belgin Görgün,MKB,Pazartesi,09:30/12:29,,35,10,,"TEK, TEKE",,
13643,TEK 483E,TEK,LS,Motion and Time Study,,"Canan Sarıçam, Nazan Okur",MKB,Cuma,13:30/16:29,,35,0,,"TEK, TEKE",,
13644,MOD 242,MOD,LS,Digital Design:Flats & Floats,,"Belgin Görgün, Deniz Ayaş",MKB,Cuma,13:30/16:29,,40,7,,SMT,,
13645,TEK 485E,TEK,LS,Cost Accounting,,Emel Önder Karaoğlu,MKB,Pazartesi,09:30/12:29,,35,0,,"TEK, TEKE",,
13649,MOD 357,MOD,LS,Intr. to Knitwear Design,,"Cevza Candan, Belgin Görgün",MKB | MKB,Perşembe | Cuma,08:30/11:29 | 08:30/11:29,,40,8,,SMT,,
13650,MOD 359,MOD,LS,Lifestyle Collection Design,,"Şükriye Yüksel Filiz, Nihan Topaloğlu",MKB,Salı,13:30/17:29,,40,8,,SMT,,
13651,MOD 308,MOD,LS,Internship,,"Belgin Görgün, Şükriye Yüksel Filiz",MKB | MKB | MKB | MKB,Pazartesi | Pazartesi | Salı | Çarşamba,08:30/09:29 | 16:30/17:29 | 08:30/09:29 | 08:30/09:29,,40,8,,SMT,,
13652,MOD 304,MOD,LS,Computerized Pattern Design,,Belgin Görgün,MKB,Perşembe,13:30/16:29,,40,8,,SMT,,
13656,MTM 401,MTM,LS,Cargo Handling Simulator,,Selim Aksoy,DZB,Pazartesi,08:30/10:29,,50,16,,"DUIK, MTM",,
13659,PHE 101,PHE,LS,Physical Educaion,,Hakan Çap,DZB,Pazartesi,15:30/17:29,,50,9,,"DUIK, GEMK, GMIK, MEN, MTM, NAE",,
13660,MST 261,MST,LS,Rowing and Canoe-Kayak Sports,,İsmail Kandemir,DZB,Salı,13:30/16:29,,50,27,,"DUIK, GEMK, GMIK, MEN, MTM, NAE",,
13662,MST 401,MST,LS,Maritime Safety,,Levent Beden,DZB,Cuma,08:30/11:29,,50,5,,"DUIK, GMIK, MEN, MTM",,
13663,MST 401,MST,LS,Maritime Safety,,Hakan Çap,DZB,Cuma,08:30/11:29,,50,2,,"DUIK, GMIK, MEN, MTM",,
13664,MST 231,MST,LS,Maritime English I,,Müjgan Özenir,DZB,Perşembe,13:30/16:29,,50,24,,"GEMK, GMIK, MEN, NAE",,
13672,MST 411,MST,LS,Marine Engines,,Cumali Seçkin Mengeçin,DZB,Salı,08:30/10:29,,50,9,,"DUIK, MTM",,
13674,NTH 103,NTH,LS,National History I,,Mustafa Yılmaz,DZB,Perşembe,17:30/19:29,,50,12,,"DUIK, GEMK, GMIK, MEN, MTM, NAE",,
13675,NTH 104,NTH,LS,National History II,,Mustafa Yılmaz,DZB,Çarşamba,17:30/19:29,,50,5,,"DUIK, GEMK, GMIK, MEN, MTM, NAE",,
13676,MST 221,MST,LS,Maritime English I,,Halime Ceren Göktaş,DZB,Perşembe,16:30/19:29,,50,23,,"DUIK, MTM",,
13677,MST 232,MST,LS,Meteorology,,Ayşe Yılmaz,DZB,Cuma,08:30/11:29,,50,27,,"DUIK, MTM",,
13683,MST 292,MST,LS,Environmental Mng.in Ship Opr.,,Tanzer Satır,DZB,Cuma,10:30/12:29,,50,7,,"DUIK, GEMK, GMIK, MEN, MTM, NAE",,
13687,MTM 311,MTM,LS,Watchkeeping II,,Selim Aksoy,DZB,Salı,08:30/11:29,,50,22,,"DUIK, MTM",,
13688,MTM 321,MTM,LS,Celestial Navigation,,"Mehmet Suha Baytura, Orhan Gönel",DZB,Salı,13:30/16:29,,50,22,,"DUIK, MTM",,
13689,MTM 331,MTM,LS,Maritime Practical Studies,,Hüseyin Türkel,DZB,Çarşamba,08:30/12:29,,25,16,,"DUIK, MTM",,
13690,MST 431,MST,LS,Transportation Systems,,Pelin Bolat,DZB,Pazartesi,10:30/12:29,,50,23,,"DUIK, GEMK, GMIK, MEN, MTM, NAE",,
13691,MST 201,MST,LS,Ship Construction & Stability,,Sevilay Can,DZB,Çarşamba,08:30/12:29,,50,44,,"DUIK, GMIK, MEN, MTM",,
13693,MST 311,MST,LS,Maritime Law I,,Nuri Koray Kurun,DZB,Perşembe,08:30/10:29,,50,40,,"DUIK, GEMK, GMIK, MEN, MTM, NAE",,
13694,MTH 117,MTH,LS,Mathematics I,,Cem Güzel,DZB,Salı,08:30/13:29,,50,5,,"DUIK, GEMK, GMIK, MEN, MTM, NAE",,
13695,MTH 203,MTH,LS,Differential Equations,,Süleyman Karadeniz,DZB,Pazartesi,08:30/12:29,,50,34,,"DUIK, GEMK, GMIK, MEN, MTM, NAE",,
13696,MTH 203,MTH,LS,Differential Equations,,Sabire Cömert,DZB,Pazartesi,13:30/17:29,,50,13,,"DUIK, GEMK, GMIK, MEN, MTM, NAE",,
13697,MST 242,MST,LS,Marine Communication,,Tayyip Ekinalan,DZB,Çarşamba,13:30/15:29,,50,32,,"DUIK, GEMK, GMIK, MEN, MTM, NAE",,
13698,MTM 411,MTM,LS,Cargo Handling and Stowage II,,Tanzer Satır,DZB,Salı,17:30/20:29,,50,21,,"DUIK, MTM",,
13699,MTM 201,MTM,LS,Terrestrial Navigation,,Tuba Keçeci,DZB,Salı,08:30/12:29,,50,29,,"DUIK, MTM",,
13700,MST 241,MST,LS,Marine Electrotechnics,,Gazi Koçak,DZB,Perşembe,08:30/11:29,,50,31,,"GEMK, GMIK, MEN, NAE",,
13702,MCH 100,MCH,LS,Maritime Chemistry,,Yasin Arslanoğlu,DZB,Cuma,08:30/11:29,,50,12,,"DUIK, GEMK, GMIK, MEN, MTM, NAE",,
13703,MCH 100L,MCH,LS,Maritime Chemistry Laboratory,,Yasin Arslanoğlu,DZB,Cuma,13:30/15:29,,50,12,,"DUIK, GEMK, GMIK, MEN, MTM, NAE",,
13705,MTM 211,MTM,LS,Onboard Training-I,,Cumali Seçkin Mengeçin,DZB,,/,,50,30,,"DUIK, MTM",,
13706,MTM 341,MTM,LS,Onboard Training-II,,Cumali Seçkin Mengeçin,DZB,,/,,50,19,,"DUIK, MTM",,
13707,MTM 302,MTM,LS,Onboard Training-III,,Cumali Seçkin Mengeçin,DZB,,/,,50,2,,"DUIK, MTM",,
13708,MTM 402,MTM,LS,Graduation Design Project,,Cumali Seçkin Mengeçin,DZB,,/,,50,8,,"DUIK, MTM",,
13716,MST 201,MST,LS,Ship Construction & Stability,,Sevilay Can,DZB,Perşembe,08:30/12:29,,50,3,,"DUIK, GMIK, MEN, MTM",,
13741,PHY 107,PHY,LS,Physics I,,Banu Tansel,DZB,Çarşamba,12:30/15:29,,50,7,,"DUIK, GEMK, GMIK, MEN, MTM, NAE",,
13742,PHY 107L,PHY,LS,Physics I Lab.,,Banu Tansel,DZB,Salı,17:30/19:29,,50,7,,"DUIK, GEMK, GMIK, MEN, MTM, NAE",,
13743,MIM 421E,MIM,LS,Archtctrl Survey & Restrtn Std,,Işıl Polat Pekmezci,MMB,Cuma,08:30/12:29,,20,17,,"MIM, MIME",,
13750,MST 311,MST,LS,Maritime Law I,,Nuri Koray Kurun,GDB,Cuma,17:30/19:29,,40,14,,"DUIK, GEMK, GMIK, MEN, MTM, NAE",,
13751,MST 441,MST,LS,Deck Machinery,,Cumali Seçkin Mengeçin,GDB,Cuma,10:30/12:29,,40,17,,"DUIK, GEMK, GMIK, MEN, MTM, NAE",,
13752,NAE 211,NAE,LS,Ship Geometry,,Devrim Bülent Danışman,GDB,Salı,08:30/11:29,,40,24,,"GEMK, MEN, NAE",,
13753,NAE 331,NAE,LS,Methods of Ship Production,,Şebnem Helvacıoğlu,GDB,Salı,13:30/16:29,,40,10,,"GEMK, NAE",,
13754,PHE 101,PHE,LS,Physical Educaion,,Mustafa Özcan,GDB,Cuma,10:30/12:29,,40,3,,"DUIK, GEMK, GMIK, MEN, MTM, NAE",,
13755,PHY 107,PHY,LS,Physics I,,Mehmet Murat Sunar,GDB,Cuma,14:30/17:29,,40,4,,"DUIK, GEMK, GMIK, MEN, MTM, NAE",,
13769,MTH 117,MTH,LS,Mathematics I,,Bayram Barış Kızılsaç,MDB,Çarşamba,08:30/13:29,,40,6,,"DUIK, GEMK, GMIK, MEN, MTM, NAE",,
13770,NAE 311,NAE,LS,Ship Theory,,Metin Taylan,GDB | GDB,Pazartesi | Çarşamba,08:30/10:29 | 08:30/10:29,,40,20,,"GEMK, NAE",,
13771,NAE 341,NAE,LS,Structural Design of Ships,,Gökhan Tansel Tayyar,GDB,Çarşamba,12:30/15:29,,40,2,,"GEMK, NAE",,
13772,NAE 411,NAE,LS,Ship Design Project I,,Barış Barlas,GDB,Çarşamba,10:30/12:29,,40,6,,"GEMK, NAE",,
13773,PHY 107L,PHY,LS,Physics I Lab.,,Mehmet Murat Sunar,GDB,Çarşamba,13:30/15:29,,40,5,,"DUIK, GEMK, GMIK, MEN, MTM, NAE",,
13776,MCH 100,MCH,LS,Maritime Chemistry,,Abdullah Aydoğan,GDB,Salı,10:30/13:29,,40,4,,"DUIK, GEMK, GMIK, MEN, MTM, NAE",,
13777,MCH 100L,MCH,LS,Maritime Chemistry Laboratory,,Abdullah Aydoğan,GDB,Salı,08:30/10:29,,40,4,,"DUIK, GEMK, GMIK, MEN, MTM, NAE",,
13778,MST 101,MST,LS,Int.to Mar. Sciences & Ethics,,Şebnem Helvacıoğlu,GDB,Pazartesi,15:30/17:29,,40,3,,"DUIK, GEMK, GMIK, MEN, MTM, NAE",,
13779,MST 231,MST,LS,Maritime English I,,Halime Ceren Göktaş,GDB,Pazartesi,16:30/19:29,,40,24,,"GEMK, GMIK, MEN, NAE",,
13780,MST 331,MST,LS,Shipping Finance,,Barış Barlas,GDB,Pazartesi,10:30/12:29,,40,24,,"DUIK, GEMK, GMIK, MEN, MTM, NAE",,
13812,MTH 203,MTH,LS,Differential Equations,,Mehmet Ali Karaca,FEB,Salı,11:30/15:29,,40,39,,"DUIK, GEMK, GMIK, MEN, MTM, NAE",,
13819,MEK 205,MEK,LS,Mühendislik Mekaniği,,***,MKB,Pazartesi,09:30/12:29,,70,1,,IML,,
13820,MEK 207,MEK,LS,Mühendislik Mekaniği,,***,MKB | MKB,Pazartesi | Salı,13:30/15:29 | 14:30/17:29,,90,90,,"IML, MAKM",,
13821,MEK 205E,MEK,LS,Engineering Mechanics,,***,MKB,Cuma,14:30/17:29,,0,0,,"IMLE, TEKE",,
13824,MEK 205E,MEK,LS,Engineering Mechanics,,***,MKB,Perşembe,09:30/12:29,,50,18,,"IMLE, TEKE",,
13825,TER 201E,TER,LS,Thermodynamics,,***,MKB,Çarşamba,09:30/12:29,,58,58,,"PET, PETE, TEK, TEKE",,
13826,NAE 321,NAE,LS,Ship Hydrodynamics,,Ömer Gören,GDB | GDB,Salı | Perşembe,08:30/10:29 | 09:30/12:29,,40,19,,"GEMK, NAE",,
13827,NAE 421,NAE,LS,Ship Motions and Maneuvering,,Erdem Üçer,GDB,Perşembe,13:30/17:29,,40,9,,"GEMK, NAE",,
13828,NTH 103,NTH,LS,National History I,,Sait Kofoğlu,GDB,Perşembe,08:30/10:29,,50,8,,"DUIK, GEMK, GMIK, MEN, MTM, NAE",,
13829,NTH 104,NTH,LS,National History II,,Kadir Kon,GDB,Perşembe,15:30/17:29,,50,2,,"DUIK, GEMK, GMIK, MEN, MTM, NAE",,
13832,MST 241,MST,LS,Marine Electrotechnics,,Ali Sinan Çabuk,EEB,Salı,10:30/13:29,,23,16,,"GEMK, GMIK, MEN, NAE",,
13833,NAE 201,NAE,LS,Practical Training-I,,Cemil Yurtören,GDB,,/,,40,14,,"GEMK, NAE",,
13834,NAE 301,NAE,LS,Practical Training-II,,Cemil Yurtören,GDB,,/,,40,4,,"GEMK, NAE",,
13835,NAE 401,NAE,LS,Practical Training-III,,Cemil Yurtören,GDB,,/,,40,2,,"GEMK, NAE",,
13836,NAE 402,NAE,LS,Graduation Design Project,,Cemil Yurtören,GDB,,/,,40,2,,"GEMK, NAE",,
13843,MUZ 442,MUZ,LS,Seminer IV,,Serhan Dilhan Konan,TMB,Çarşamba,10:30/12:29,,15,6,,MUZ,,
13848,MUZ 494,MUZ,LS,Müzik Sosyolojisine Giriş,,Fatma Belma Kurtişoğlu,TMB,Çarşamba,13:30/15:29,,15,13,,"CAB, KMP, MTR, MUT",,
13853,MIM 203,MIM,LS,Mimarlıkta Yapı ve Yapım,,Hülya Kuş,MMB | MMB,Çarşamba | Çarşamba,10:30/12:29 | 13:30/15:29,,0,0,,MIM,,
13854,MIM 203,MIM,LS,Mimarlıkta Yapı ve Yapım,,Caner Göçer,MMB | MMB,Çarşamba | Çarşamba,10:30/12:29 | 13:30/15:29,,0,0,,MIM,,
13855,MIM 203,MIM,LS,Mimarlıkta Yapı ve Yapım,,Mehmet Cem Altun,MMB | MMB,Çarşamba | Çarşamba,10:30/12:29 | 13:30/15:29,,0,0,,MIM,,
13856,MIM 203,MIM,LS,Mimarlıkta Yapı ve Yapım,,İkbal Çetiner,MMB | MMB,Çarşamba | Çarşamba,10:30/12:29 | 13:30/15:29,,0,0,,MIM,,
13857,MIM 203E,MIM,LS,Building and Const inArch.,,--,MMB | MMB,Çarşamba | Çarşamba,10:30/12:29 | 13:30/15:29,,140,140,,"ICM, MIM, MIME",,
13858,MIM 203E,MIM,LS,Building and Const inArch.,,Ayşe Nil Türkeri,MMB | MMB,Çarşamba | Çarşamba,10:30/12:29 | 13:30/15:29,,0,0,,"ICM, MIM, MIME",,
13859,MIM 203E,MIM,LS,Building and Const inArch.,,Gülten Aslıhan Tavil,MMB | MMB,Çarşamba | Çarşamba,10:30/12:29 | 13:30/15:29,,0,0,,"ICM, MIM, MIME",,
13860,MIM 203E,MIM,LS,Building and Const inArch.,,Fatih Yazıcıoğlu,MMB | MMB,Çarşamba | Çarşamba,10:30/12:29 | 13:30/15:29,,0,0,,"ICM, MIM, MIME",,
13861,MIM 203E,MIM,LS,Building and Const inArch.,,Fethiye Ecem Edis,MMB | MMB,Çarşamba | Çarşamba,10:30/12:29 | 13:30/15:29,,0,0,,"ICM, MIM, MIME",,
13865,RES 107,RES,LS,Teknik Resim,,***,KMB,Cuma,09:30/12:29,,55,27,,"END, GID, ISL, KMM",,
13866,RES 107,RES,LS,Teknik Resim,,***,KMB,Cuma,13:30/16:29,,55,37,,"END, GID, ISL, KMM",,
13867,RES 107,RES,LS,Teknik Resim,,***,KMB,Perşembe,09:30/12:29,,55,54,,"END, GID, ISL, KMM",,
13868,MIM 203,MIM,LS,Mimarlıkta Yapı ve Yapım,,--,MMB | MMB,Çarşamba | Çarşamba,10:30/12:29 | 13:30/15:29,,105,105,,MIM,,
13878,ULP 101,ULP,LS,NewBeg.Fresh.Sem.&Se..,,Tanzer Satır,DZB,Cuma,08:30/10:29,,10,1,,"MBI, MCB, SBL, SCE, SDU, SEK, SEN, SGM, SIN, SIS, SMT, STP",,
13884,RES 107,RES,LS,Teknik Resim,,***,ISB,Perşembe,09:30/12:29,,0,0,,END,,
13886,RES 107,RES,LS,Teknik Resim,,***,ISB,Perşembe,14:30/17:29,,0,0,,END,,
13895,MTH 113,MTH,LS,Probability,,Kutay Tinç,ISB,Perşembe,14:30/17:29,,40,13,,SEN,,
13897,SEN 301,SEN,LS,Operations Research I,,Özgür Kabak,ISB,Salı,09:30/12:29,,40,15,,SEN,,
13898,SEN 303,SEN,LS,Ergonomics,,Fethi Çalışır,ISB,Çarşamba,09:30/12:29,,40,15,,SEN,,
13899,SEN 305,SEN,LS,Engineering Economy,,Cengiz Kahraman,ISB,Pazartesi,13:30/16:29,,40,15,,SEN,,
13900,SEN 317,SEN,LS,Intr.to Inform.Processimg Syst,,Başar Öztayşi,ISB,Perşembe,09:30/11:29,,15,4,,SEN,,
13902,SEN 319,SEN,LS,Management and Organization,,Sezi Çevik Onar,ISB,Salı,13:30/15:29,,15,9,,SEN,,
13904,SEN 325,SEN,LS,Supply Chain Management,,Şeyda Serdar Asan,ISB,Perşembe,12:30/14:29,,15,15,,SEN,,
13905,SEN 101,SEN,LS,Intr.to Industrial Engineering,,İrem Uçal Sarı,ISB,Salı,12:30/15:29,,40,6,,SEN,,
13907,SEN 315,SEN,LS,Manufacturing Processes,,Emre Çevikcan,ISB,Çarşamba,12:30/15:29,,40,15,,SEN,,
13909,SEN 342,SEN,LS,Knowledge and Innovation Syst.,,Seda Yanık,ISB,Cuma,14:30/17:29,,40,0,,SEN,,
13911,SEN 339,SEN,LS,Project Management Systems,,Şule Itır Satoğlu,ISB,Cuma,09:30/12:29,,40,16,,SEN,,
13914,SEN 321,SEN,LS,Business Law,,Çiçek Ersoy Kekevi,ISB,Perşembe,09:30/11:29,,15,2,,SEN,,
13915,RES 107E,RES,LS,Technical Drawing,,***,ISB,Cuma,09:30/12:29,,0,0,,"END, ENDE",,
13958,MTR 432,MTR,LS,Dikte Deşifre II,,Göktan Ay,TMB,Salı,10:30/12:29,,20,10,,"CAB, SES, THO",,
13961,MUT 302,MUT,LS,Viyola Yapımı,,Ahmet Tunç Buyruklar,---,,/,,5,4,,MUT,,
13962,MTR 406,MTR,LS,Dikte ve Deşifre II,,Metin Eke,TMB,Cuma,13:30/15:29,,20,16,,MTR,,
13964,MTR 404,MTR,LS,İleri Müzik Teorisi IV,,Fatma Esra Tuğ,TMB | TMB,Pazartesi | Perşembe,10:30/12:29 | 13:30/15:29,,20,6,,MTR,,
13976,MTM 331,MTM,LS,Maritime Practical Studies,,--,DZB,Çarşamba,08:30/12:29,,0,0,,"DUIK, MTM",,
13983,MTH 103,MTH,LS,Calculus I,,Aybike Özer,MED | MED,Çarşamba | Cuma,13:30/15:29 | 08:30/11:29,,25,6,,SEN,,
13987,MTH 103,MTH,LS,Calculus I,,Burhaneddin İzgi,FEB | EEB,Perşembe | Cuma,14:30/16:29 | 08:30/11:29,,25,2,,MBI,,
14153,TER 201,TER,LS,Termodinamik,,***,EEB,Cuma,09:30/12:29,,40,7,,KOM,,
14231,MIM 271,MIM,LS,Yapı Statiği,,--,MMB,Cuma,08:30/10:29,,130,130,,MIM,,
14361,MTH 131,MTH,LS,Mathematics I,,Şeyda Canan Tekin,EEB | EEB,Pazartesi | Salı,09:30/11:29 | 09:30/12:29,,30,4,,"EHN, SEH",,
14511,ULP 101,ULP,LS,NewBeg.Fresh.Sem.&Se..,,--,MED,Pazartesi,18:30/20:29,,150,19,,"MBI, MCB, SBL, SCE, SDU, SEK, SEN, SGM, SIN, SIS, SMT, STP",,
14559,MTH 111,MTH,LS,Linear Algebra,,Gökhan İnce,EEB,Salı,13:30/16:29,,45,5,,SBL,,
14980,MUT 363,MUT,LS,Serbest Proje Çalışması I,,Taylan Özdemir,TMB,,/,,5,0,,MUT,,
14992,MUT 463,MUT,LS,Serbest Proje Çalışması III,,Taylan Özdemir,TMB,,/,,5,0,,MUT,,
14996,MUT 486,MUT,LS,Serbest Proje Çalışması IV,,Taylan Özdemir,TMB,,/,,5,0,,MUT,,
30108,ATA 102,ATA,LS,Atatürk İlk & İnkılap Trh II,,Cüneyd Okay,MMB | MMB,Pazartesi | Salı,11:30/13:29 | 11:30/13:29,,40,37,,"BIO, BIOE, BLG, BLGE, CEV, CEVE, CHZ, CHZE, DEN, DENE, DUI, DUIE, ECNE, EHB, EHBE, EHN, ELE, ELH, ELK, ELKE, END, ENDE, EUT, EUTE, FIZ, FIZE, GEM, GEME, GEMK, GEO, GEOE, GID, GIDE, GMI, GMIE, ICM, IML, IMLE, INS, INSE, ISL, ISLE, JDF, JEF, JEFE, JEO, JEOE, KIM, KIME, KMM, KMME, KOM, KOME, MAD, MADE, MAK, MAKE, MAT, MATE, MET, METE, MIM, MIME, MTO, MTOE, PEM, PEME, PET, PETE, SBP, SBPE, SEH, TEK, TEKE, TEL, THO, UCK, UCKE, UZB, UZBE",,
30109,ATA 102,ATA,LS,Atatürk İlk & İnkılap Trh II,,Cüneyd Okay,MKB | MKB,Çarşamba | Çarşamba,08:30/10:29 | 10:30/12:29,,40,45,,"BIO, BIOE, BLG, BLGE, CEV, CEVE, CHZ, CHZE, DEN, DENE, DUI, DUIE, ECNE, EHB, EHBE, EHN, ELE, ELH, ELK, ELKE, END, ENDE, EUT, EUTE, FIZ, FIZE, GEM, GEME, GEMK, GEO, GEOE, GID, GIDE, GMI, GMIE, ICM, IML, IMLE, INS, INSE, ISL, ISLE, JDF, JEF, JEFE, JEO, JEOE, KIM, KIME, KMM, KMME, KOM, KOME, MAD, MADE, MAK, MAKE, MAT, MATE, MET, METE, MIM, MIME, MTO, MTOE, PEM, PEME, PET, PETE, SBP, SBPE, SEH, TEK, TEKE, TEL, THO, UCK, UCKE, UZB, UZBE",,
30110,ATA 102,ATA,LS,Atatürk İlk & İnkılap Trh II,,Cüneyd Okay,MKB | MKB,Çarşamba | Çarşamba,13:30/15:29 | 15:30/17:29,,40,48,,"BIO, BIOE, BLG, BLGE, CEV, CEVE, CHZ, CHZE, DEN, DENE, DUI, DUIE, ECNE, EHB, EHBE, EHN, ELE, ELH, ELK, ELKE, END, ENDE, EUT, EUTE, FIZ, FIZE, GEM, GEME, GEMK, GEO, GEOE, GID, GIDE, GMI, GMIE, ICM, IML, IMLE, INS, INSE, ISL, ISLE, JDF, JEF, JEFE, JEO, JEOE, KIM, KIME, KMM, KMME, KOM, KOME, MAD, MADE, MAK, MAKE, MAT, MATE, MET, METE, MIM, MIME, MTO, MTOE, PEM, PEME, PET, PETE, SBP, SBPE, SEH, TEK, TEKE, TEL, THO, UCK, UCKE, UZB, UZBE",,
30111,ATA 102,ATA,LS,Atatürk İlk & İnkılap Trh II,,Pelin Helvacı,INB | INB,Çarşamba | Perşembe,10:30/12:29 | 10:30/12:29,,40,43,,"BIO, BIOE, BLG, BLGE, CEV, CEVE, CHZ, CHZE, DEN, DENE, DUI, DUIE, ECNE, EHB, EHBE, EHN, ELE, ELH, ELK, ELKE, END, ENDE, EUT, EUTE, FIZ, FIZE, GEM, GEME, GEMK, GEO, GEOE, GID, GIDE, GMI, GMIE, ICM, IML, IMLE, INS, INSE, ISL, ISLE, JDF, JEF, JEFE, JEO, JEOE, KIM, KIME, KMM, KMME, KOM, KOME, MAD, MADE, MAK, MAKE, MAT, MATE, MET, METE, MIM, MIME, MTO, MTOE, PEM, PEME, PET, PETE, SBP, SBPE, SEH, TEK, TEKE, TEL, THO, UCK, UCKE, UZB, UZBE",,
30115,ATA 101,ATA,LS,Atatürk İlk & İnkılap Trh I,,Seda Bayındır Uluskan,MDB | MDB,Salı | Perşembe,08:30/10:29 | 08:30/10:29,,40,41,,"BIO, BIOE, BLG, BLGE, CEV, CEVE, CHZ, CHZE, DEN, DENE, DUI, DUIE, ECNE, EHB, EHBE, EHN, ELE, ELH, ELK, ELKE, END, ENDE, EUT, EUTE, FIZ, FIZE, GEM, GEME, GEMK, GEO, GEOE, GID, GIDE, GMI, GMIE, ICM, IML, IMLE, INS, INSE, ISL, ISLE, JDF, JEF, JEFE, JEO, JEOE, KIM, KIME, KMM, KMME, KOM, KOME, MAD, MADE, MAK, MAKE, MAT, MATE, MET, METE, MIM, MIME, MTO, MTOE, PEM, PEME, PET, PETE, SBP, SBPE, SEH, TEK, TEKE, TEL, THO, UCK, UCKE, UZB, UZBE",,
30117,ATA 102,ATA,LS,Atatürk İlk & İnkılap Trh II,,--,ISB | ISB,Pazartesi | Pazartesi,10:30/12:29 | 13:30/15:29,,0,0,,"BIO, BIOE, BLG, BLGE, CEV, CEVE, CHZ, CHZE, DEN, DENE, DUI, DUIE, ECNE, EHB, EHBE, EHN, ELE, ELH, ELK, ELKE, END, ENDE, EUT, EUTE, FIZ, FIZE, GEM, GEME, GEMK, GEO, GEOE, GID, GIDE, GMI, GMIE, ICM, IML, IMLE, INS, INSE, ISL, ISLE, JDF, JEF, JEFE, JEO, JEOE, KIM, KIME, KMM, KMME, KOM, KOME, MAD, MADE, MAK, MAKE, MAT, MATE, MET, METE, MIM, MIME, MTO, MTOE, PEM, PEME, PET, PETE, SBP, SBPE, SEH, TEK, TEKE, TEL, THO, UCK, UCKE, UZB, UZBE",,
30118,ATA 102,ATA,LS,Atatürk İlk & İnkılap Trh II,,--,ISB | ISB,Salı | Salı,10:30/12:29 | 13:30/15:29,,0,0,,"BIO, BIOE, BLG, BLGE, CEV, CEVE, CHZ, CHZE, DEN, DENE, DUI, DUIE, ECNE, EHB, EHBE, EHN, ELE, ELH, ELK, ELKE, END, ENDE, EUT, EUTE, FIZ, FIZE, GEM, GEME, GEMK, GEO, GEOE, GID, GIDE, GMI, GMIE, ICM, IML, IMLE, INS, INSE, ISL, ISLE, JDF, JEF, JEFE, JEO, JEOE, KIM, KIME, KMM, KMME, KOM, KOME, MAD, MADE, MAK, MAKE, MAT, MATE, MET, METE, MIM, MIME, MTO, MTOE, PEM, PEME, PET, PETE, SBP, SBPE, SEH, TEK, TEKE, TEL, THO, UCK, UCKE, UZB, UZBE",,
30119,ATA 101,ATA,LS,Atatürk İlk & İnkılap Trh I,,--,ISB | ISB,Çarşamba | Çarşamba,10:30/12:29 | 13:30/15:29,,0,0,,"BIO, BIOE, BLG, BLGE, CEV, CEVE, CHZ, CHZE, DEN, DENE, DUI, DUIE, ECNE, EHB, EHBE, EHN, ELE, ELH, ELK, ELKE, END, ENDE, EUT, EUTE, FIZ, FIZE, GEM, GEME, GEMK, GEO, GEOE, GID, GIDE, GMI, GMIE, ICM, IML, IMLE, INS, INSE, ISL, ISLE, JDF, JEF, JEFE, JEO, JEOE, KIM, KIME, KMM, KMME, KOM, KOME, MAD, MADE, MAK, MAKE, MAT, MATE, MET, METE, MIM, MIME, MTO, MTOE, PEM, PEME, PET, PETE, SBP, SBPE, SEH, TEK, TEKE, TEL, THO, UCK, UCKE, UZB, UZBE",,
30120,TUR 101,TUR,LS,Türk Dili I,,Özlem Kara,MKB | MKB,Çarşamba | Cuma,08:30/10:29 | 08:30/10:29,,40,39,,"BIO, BIOE, BLG, BLGE, CAB, CEV, CEVE, CHZ, CHZE, DEN, DENE, DUI, DUIE, ECNE, EHB, EHBE, EHN, ELE, ELH, ELK, ELKE, END, ENDE, EUT, EUTE, FIZ, FIZE, GEM, GEME, GEMK, GEO, GEOE, GID, GIDE, GMI, GMIE, ICM, IML, IMLE, INS, INSE, ISL, ISLE, JDF, JEF, JEFE, JEO, JEOE, KIM, KIME, KMM, KMME, KMP, KOM, KOME, MAD, MADE, MAK, MAKE, MAT, MATE, MET, METE, MIM, MIME, MTO, MTOE, MTR, MUT, MUZ, MUZE, PEM, PEME, PET, PETE, SBP, SBPE, SEH, SES, TEK, TEKE, TEL, THO, UCK, UCKE, UZB, UZBE",,
30121,TUR 101,TUR,LS,Türk Dili I,,Özlem Kara,MKB | MKB,Çarşamba | Cuma,10:30/12:29 | 10:30/12:29,,40,38,,"BIO, BIOE, BLG, BLGE, CAB, CEV, CEVE, CHZ, CHZE, DEN, DENE, DUI, DUIE, ECNE, EHB, EHBE, EHN, ELE, ELH, ELK, ELKE, END, ENDE, EUT, EUTE, FIZ, FIZE, GEM, GEME, GEMK, GEO, GEOE, GID, GIDE, GMI, GMIE, ICM, IML, IMLE, INS, INSE, ISL, ISLE, JDF, JEF, JEFE, JEO, JEOE, KIM, KIME, KMM, KMME, KMP, KOM, KOME, MAD, MADE, MAK, MAKE, MAT, MATE, MET, METE, MIM, MIME, MTO, MTOE, MTR, MUT, MUZ, MUZE, PEM, PEME, PET, PETE, SBP, SBPE, SEH, SES, TEK, TEKE, TEL, THO, UCK, UCKE, UZB, UZBE",,
30122,TUR 101,TUR,LS,Türk Dili I,,Özlem Kara,MKB | MKB,Çarşamba | Cuma,13:30/15:29 | 13:30/15:29,,40,38,,"BIO, BIOE, BLG, BLGE, CAB, CEV, CEVE, CHZ, CHZE, DEN, DENE, DUI, DUIE, ECNE, EHB, EHBE, EHN, ELE, ELH, ELK, ELKE, END, ENDE, EUT, EUTE, FIZ, FIZE, GEM, GEME, GEMK, GEO, GEOE, GID, GIDE, GMI, GMIE, ICM, IML, IMLE, INS, INSE, ISL, ISLE, JDF, JEF, JEFE, JEO, JEOE, KIM, KIME, KMM, KMME, KMP, KOM, KOME, MAD, MADE, MAK, MAKE, MAT, MATE, MET, METE, MIM, MIME, MTO, MTOE, MTR, MUT, MUZ, MUZE, PEM, PEME, PET, PETE, SBP, SBPE, SEH, SES, TEK, TEKE, TEL, THO, UCK, UCKE, UZB, UZBE",,
30123,TUR 101,TUR,LS,Türk Dili I,,Özlem Kara,MKB | MKB,Çarşamba | Cuma,15:30/17:29 | 15:30/17:29,,40,33,,"BIO, BIOE, BLG, BLGE, CAB, CEV, CEVE, CHZ, CHZE, DEN, DENE, DUI, DUIE, ECNE, EHB, EHBE, EHN, ELE, ELH, ELK, ELKE, END, ENDE, EUT, EUTE, FIZ, FIZE, GEM, GEME, GEMK, GEO, GEOE, GID, GIDE, GMI, GMIE, ICM, IML, IMLE, INS, INSE, ISL, ISLE, JDF, JEF, JEFE, JEO, JEOE, KIM, KIME, KMM, KMME, KMP, KOM, KOME, MAD, MADE, MAK, MAKE, MAT, MATE, MET, METE, MIM, MIME, MTO, MTOE, MTR, MUT, MUZ, MUZE, PEM, PEME, PET, PETE, SBP, SBPE, SEH, SES, TEK, TEKE, TEL, THO, UCK, UCKE, UZB, UZBE",,
30124,TUR 102,TUR,LS,Türk Dili II,,Ömer Tacir,MED | MED,Salı | Perşembe,10:30/12:29 | 10:30/12:29,,40,36,,"BIO, BIOE, BLG, BLGE, CAB, CEV, CEVE, CHZ, CHZE, DEN, DENE, DUI, DUIE, ECNE, EHB, EHBE, EHN, ELE, ELH, ELK, ELKE, END, ENDE, EUT, EUTE, FIZ, FIZE, GEM, GEME, GEMK, GEO, GEOE, GID, GIDE, GMI, GMIE, ICM, IML, IMLE, INS, INSE, ISL, ISLE, JDF, JEF, JEFE, JEO, JEOE, KIM, KIME, KMM, KMME, KMP, KOM, KOME, MAD, MADE, MAK, MAKE, MAT, MATE, MET, METE, MIM, MIME, MTO, MTOE, MTR, MUT, MUZ, MUZE, PEM, PEME, PET, PETE, SBP, SBPE, SEH, SES, TEK, TEKE, TEL, THO, UCK, UCKE, UZB, UZBE",,
30125,TUR 101,TUR,LS,Türk Dili I,,Ömer Tacir,ISB | ISB,Pazartesi | Çarşamba,13:30/15:29 | 13:30/15:29,,40,38,,"BIO, BIOE, BLG, BLGE, CAB, CEV, CEVE, CHZ, CHZE, DEN, DENE, DUI, DUIE, ECNE, EHB, EHBE, EHN, ELE, ELH, ELK, ELKE, END, ENDE, EUT, EUTE, FIZ, FIZE, GEM, GEME, GEMK, GEO, GEOE, GID, GIDE, GMI, GMIE, ICM, IML, IMLE, INS, INSE, ISL, ISLE, JDF, JEF, JEFE, JEO, JEOE, KIM, KIME, KMM, KMME, KMP, KOM, KOME, MAD, MADE, MAK, MAKE, MAT, MATE, MET, METE, MIM, MIME, MTO, MTOE, MTR, MUT, MUZ, MUZE, PEM, PEME, PET, PETE, SBP, SBPE, SEH, SES, TEK, TEKE, TEL, THO, UCK, UCKE, UZB, UZBE",,
30128,TUR 101,TUR,LS,Türk Dili I,,Ömer Tacir,MED | MED,Salı | Perşembe,13:30/15:29 | 13:30/15:29,,40,38,,"BIO, BIOE, BLG, BLGE, CAB, CEV, CEVE, CHZ, CHZE, DEN, DENE, DUI, DUIE, ECNE, EHB, EHBE, EHN, ELE, ELH, ELK, ELKE, END, ENDE, EUT, EUTE, FIZ, FIZE, GEM, GEME, GEMK, GEO, GEOE, GID, GIDE, GMI, GMIE, ICM, IML, IMLE, INS, INSE, ISL, ISLE, JDF, JEF, JEFE, JEO, JEOE, KIM, KIME, KMM, KMME, KMP, KOM, KOME, MAD, MADE, MAK, MAKE, MAT, MATE, MET, METE, MIM, MIME, MTO, MTOE, MTR, MUT, MUZ, MUZE, PEM, PEME, PET, PETE, SBP, SBPE, SEH, SES, TEK, TEKE, TEL, THO, UCK, UCKE, UZB, UZBE",,
30130,TUR 102,TUR,LS,Türk Dili II,,Ömer Tacir,ISB | ISB,Pazartesi | Çarşamba,15:30/17:29 | 15:30/17:29,,40,37,,"BIO, BIOE, BLG, BLGE, CAB, CEV, CEVE, CHZ, CHZE, DEN, DENE, DUI, DUIE, ECNE, EHB, EHBE, EHN, ELE, ELH, ELK, ELKE, END, ENDE, EUT, EUTE, FIZ, FIZE, GEM, GEME, GEMK, GEO, GEOE, GID, GIDE, GMI, GMIE, ICM, IML, IMLE, INS, INSE, ISL, ISLE, JDF, JEF, JEFE, JEO, JEOE, KIM, KIME, KMM, KMME, KMP, KOM, KOME, MAD, MADE, MAK, MAKE, MAT, MATE, MET, METE, MIM, MIME, MTO, MTOE, MTR, MUT, MUZ, MUZE, PEM, PEME, PET, PETE, SBP, SBPE, SEH, SES, TEK, TEKE, TEL, THO, UCK, UCKE, UZB, UZBE",,
30131,TUR 102,TUR,LS,Türk Dili II,,Ömer Tacir,MED | MED,Salı | Perşembe,15:30/17:29 | 15:30/17:29,,40,37,,"BIO, BIOE, BLG, BLGE, CAB, CEV, CEVE, CHZ, CHZE, DEN, DENE, DUI, DUIE, ECNE, EHB, EHBE, EHN, ELE, ELH, ELK, ELKE, END, ENDE, EUT, EUTE, FIZ, FIZE, GEM, GEME, GEMK, GEO, GEOE, GID, GIDE, GMI, GMIE, ICM, IML, IMLE, INS, INSE, ISL, ISLE, JDF, JEF, JEFE, JEO, JEOE, KIM, KIME, KMM, KMME, KMP, KOM, KOME, MAD, MADE, MAK, MAKE, MAT, MATE, MET, METE, MIM, MIME, MTO, MTOE, MTR, MUT, MUZ, MUZE, PEM, PEME, PET, PETE, SBP, SBPE, SEH, SES, TEK, TEKE, TEL, THO, UCK, UCKE, UZB, UZBE",,
30133,TUR 102,TUR,LS,Türk Dili II,,Hasan Ulucutsoy,MED | MED,Pazartesi | Salı,08:30/10:29 | 08:30/10:29,,40,38,,"BIO, BIOE, BLG, BLGE, CAB, CEV, CEVE, CHZ, CHZE, DEN, DENE, DUI, DUIE, ECNE, EHB, EHBE, EHN, ELE, ELH, ELK, ELKE, END, ENDE, EUT, EUTE, FIZ, FIZE, GEM, GEME, GEMK, GEO, GEOE, GID, GIDE, GMI, GMIE, ICM, IML, IMLE, INS, INSE, ISL, ISLE, JDF, JEF, JEFE, JEO, JEOE, KIM, KIME, KMM, KMME, KMP, KOM, KOME, MAD, MADE, MAK, MAKE, MAT, MATE, MET, METE, MIM, MIME, MTO, MTOE, MTR, MUT, MUZ, MUZE, PEM, PEME, PET, PETE, SBP, SBPE, SEH, SES, TEK, TEKE, TEL, THO, UCK, UCKE, UZB, UZBE",,
30135,TUR 102,TUR,LS,Türk Dili II,,Hasan Ulucutsoy,MED | MED,Pazartesi | Salı,10:30/12:29 | 10:30/12:29,,40,39,,"BIO, BIOE, BLG, BLGE, CAB, CEV, CEVE, CHZ, CHZE, DEN, DENE, DUI, DUIE, ECNE, EHB, EHBE, EHN, ELE, ELH, ELK, ELKE, END, ENDE, EUT, EUTE, FIZ, FIZE, GEM, GEME, GEMK, GEO, GEOE, GID, GIDE, GMI, GMIE, ICM, IML, IMLE, INS, INSE, ISL, ISLE, JDF, JEF, JEFE, JEO, JEOE, KIM, KIME, KMM, KMME, KMP, KOM, KOME, MAD, MADE, MAK, MAKE, MAT, MATE, MET, METE, MIM, MIME, MTO, MTOE, MTR, MUT, MUZ, MUZE, PEM, PEME, PET, PETE, SBP, SBPE, SEH, SES, TEK, TEKE, TEL, THO, UCK, UCKE, UZB, UZBE",,
30137,TUR 102,TUR,LS,Türk Dili II,,Hasan Ulucutsoy,MED | MED,Pazartesi | Salı,13:30/15:29 | 13:30/15:29,,40,39,,"BIO, BIOE, BLG, BLGE, CAB, CEV, CEVE, CHZ, CHZE, DEN, DENE, DUI, DUIE, ECNE, EHB, EHBE, EHN, ELE, ELH, ELK, ELKE, END, ENDE, EUT, EUTE, FIZ, FIZE, GEM, GEME, GEMK, GEO, GEOE, GID, GIDE, GMI, GMIE, ICM, IML, IMLE, INS, INSE, ISL, ISLE, JDF, JEF, JEFE, JEO, JEOE, KIM, KIME, KMM, KMME, KMP, KOM, KOME, MAD, MADE, MAK, MAKE, MAT, MATE, MET, METE, MIM, MIME, MTO, MTOE, MTR, MUT, MUZ, MUZE, PEM, PEME, PET, PETE, SBP, SBPE, SEH, SES, TEK, TEKE, TEL, THO, UCK, UCKE, UZB, UZBE",,
30139,TUR 101,TUR,LS,Türk Dili I,,Hasan Ulucutsoy,MED | MED,Pazartesi | Salı,15:30/17:29 | 15:30/17:29,,40,41,,"BIO, BIOE, BLG, BLGE, CAB, CEV, CEVE, CHZ, CHZE, DEN, DENE, DUI, DUIE, ECNE, EHB, EHBE, EHN, ELE, ELH, ELK, ELKE, END, ENDE, EUT, EUTE, FIZ, FIZE, GEM, GEME, GEMK, GEO, GEOE, GID, GIDE, GMI, GMIE, ICM, IML, IMLE, INS, INSE, ISL, ISLE, JDF, JEF, JEFE, JEO, JEOE, KIM, KIME, KMM, KMME, KMP, KOM, KOME, MAD, MADE, MAK, MAKE, MAT, MATE, MET, METE, MIM, MIME, MTO, MTOE, MTR, MUT, MUZ, MUZE, PEM, PEME, PET, PETE, SBP, SBPE, SEH, SES, TEK, TEKE, TEL, THO, UCK, UCKE, UZB, UZBE",,
30153,SNT 103,SNT,LS,Desen,,Ferhan Gözgü Çelik,MMB | MMB,Salı | Salı,09:30/12:29 | 13:30/16:29,,20,20,,"BIO, BLG, CEV, CHZ, DEN, EHB, ELE, ELH, ELK, END, EUT, FIZ, GEM, GEO, GID, GMI, ICM, IML, INS, ISL, JDF, JEF, JEO, KIM, KMM, KOM, MAD, MAK, MAT, MET, MIM, MTO, PEM, PET, SBP, TEK, TEL, UCK, UZB",,
30157,SNT 113,SNT,LS,Sanat ve Yorum,,Ferhan Gözgü Çelik,MMB | MMB,Pazartesi | Pazartesi,09:30/12:29 | 13:30/16:29,,20,20,,"BIO, BLG, CEV, CHZ, DEN, EHB, ELE, ELH, ELK, END, EUT, FIZ, GEM, GEO, GID, GMI, ICM, IML, INS, ISL, JDF, JEF, JEO, KIM, KMM, KOM, MAD, MAK, MAT, MET, MIM, MTO, PEM, PET, SBP, TEK, TEL, UCK, UZB",,
30158,SNT 103E,SNT,LS,Drawing,,Oğuz Haşlakoğlu,MMB | MMB,Perşembe | Perşembe,09:30/12:29 | 13:30/16:29,,20,19,,"BIO, BIOE, BLG, BLGE, CEV, CEVE, CHZ, CHZE, DEN, DENE, ECNE, EHB, EHBE, ELE, ELH, ELK, ELKE, END, ENDE, EUT, EUTE, FIZ, FIZE, GEM, GEME, GEMK, GEO, GEOE, GID, GIDE, GMI, GMIE, ICM, ICME, IML, IMLE, INS, INSE, ISL, ISLE, JDF, JEF, JEFE, JEO, JEOE, KIM, KIME, KMM, KMME, KOM, KOME, MAD, MADE, MAK, MAKE, MAT, MATE, MET, METE, MIM, MIME, MTO, MTOE, PEM, PEME, PET, PETE, SBP, SBPE, TEK, TEKE, TEL, UCK, UCKE, UZB, UZBE",,
30160,SNT 103E,SNT,LS,Drawing,,Sercan Apaydın,MMB | MMB,Cuma | Cuma,09:30/12:29 | 13:30/16:29,,20,20,,"BIO, BIOE, BLG, BLGE, CEV, CEVE, CHZ, CHZE, DEN, DENE, ECNE, EHB, EHBE, ELE, ELH, ELK, ELKE, END, ENDE, EUT, EUTE, FIZ, FIZE, GEM, GEME, GEMK, GEO, GEOE, GID, GIDE, GMI, GMIE, ICM, ICME, IML, IMLE, INS, INSE, ISL, ISLE, JDF, JEF, JEFE, JEO, JEOE, KIM, KIME, KMM, KMME, KOM, KOME, MAD, MADE, MAK, MAKE, MAT, MATE, MET, METE, MIM, MIME, MTO, MTOE, PEM, PEME, PET, PETE, SBP, SBPE, TEK, TEKE, TEL, UCK, UCKE, UZB, UZBE",,
30161,SNT 103E,SNT,LS,Drawing,,Başak Avcı,MMB | MMB,Çarşamba | Çarşamba,09:30/12:29 | 13:30/16:29,,20,19,,"BIO, BIOE, BLG, BLGE, CEV, CEVE, CHZ, CHZE, DEN, DENE, ECNE, EHB, EHBE, ELE, ELH, ELK, ELKE, END, ENDE, EUT, EUTE, FIZ, FIZE, GEM, GEME, GEMK, GEO, GEOE, GID, GIDE, GMI, GMIE, ICM, ICME, IML, IMLE, INS, INSE, ISL, ISLE, JDF, JEF, JEFE, JEO, JEOE, KIM, KIME, KMM, KMME, KOM, KOME, MAD, MADE, MAK, MAKE, MAT, MATE, MET, METE, MIM, MIME, MTO, MTOE, PEM, PEME, PET, PETE, SBP, SBPE, TEK, TEKE, TEL, UCK, UCKE, UZB, UZBE",,
30163,SNT 105E,SNT,LS,Film Art,,Kağan Demirdöven,MED | MED,Perşembe | Perşembe,09:30/12:29 | 13:30/16:29,,25,24,,"BIO, BIOE, BLG, BLGE, CEV, CEVE, CHZ, CHZE, DEN, DENE, ECNE, EHB, EHBE, ELE, ELH, ELK, ELKE, END, ENDE, EUT, EUTE, FIZ, FIZE, GEM, GEME, GEMK, GEO, GEOE, GID, GIDE, GMI, GMIE, ICM, ICME, IML, IMLE, INS, INSE, ISL, ISLE, JDF, JEF, JEFE, JEO, JEOE, KIM, KIME, KMM, KMME, KOM, KOME, MAD, MADE, MAK, MAKE, MAT, MATE, MET, METE, MIM, MIME, MTO, MTOE, PEM, PEME, PET, PETE, SBPE, TEK, TEKE, TEL, UCK, UCKE, UZB, UZBE",,
30166,SNT 106E,SNT,LS,Traditional Turkish ..,,Aslıhan Erkmen Birkandan,MED | MED,Cuma | Cuma,09:30/12:29 | 13:30/16:29,,20,20,,"BIO, BIOE, BLG, BLGE, CEV, CEVE, CHZ, CHZE, DEN, DENE, ECNE, EHB, EHBE, ELE, ELH, ELK, ELKE, END, ENDE, EUT, EUTE, FIZ, FIZE, GEM, GEME, GEMK, GEO, GEOE, GID, GIDE, GMI, GMIE, ICM, ICME, IML, IMLE, INS, INSE, ISL, ISLE, JDF, JEF, JEFE, JEO, JEOE, KIM, KIME, KMM, KMME, KOM, KOME, MAD, MADE, MAK, MAKE, MAT, MATE, MET, METE, MIM, MIME, MTO, MTOE, PEM, PEME, PET, PETE, SBPE, TEK, TEKE, TEL, UCK, UCKE, UZB, UZBE",,
30170,SNT 107E,SNT,LS,Ancient Civilizat.in Anatolia,,Aslıhan Erkmen Birkandan,MED | MED,Perşembe | Perşembe,09:30/12:29 | 13:30/16:29,,20,19,,"BIO, BIOE, BLG, BLGE, CEV, CEVE, CHZ, CHZE, DEN, DENE, ECNE, EHB, EHBE, ELE, ELH, ELK, ELKE, END, ENDE, EUT, EUTE, FIZ, FIZE, GEM, GEME, GEMK, GEO, GEOE, GID, GIDE, GMI, GMIE, ICM, ICME, IML, IMLE, INS, INSE, ISL, ISLE, JDF, JEF, JEFE, JEO, JEOE, KIM, KIME, KMM, KMME, KOM, KOME, MAD, MADE, MAK, MAKE, MAT, MATE, MET, METE, MIM, MIME, MTO, MTOE, PEM, PEME, PET, PETE, SBPE, TEK, TEKE, TEL, UCK, UCKE, UZB, UZBE",,
30172,CAB 177,CAB,LS,Piyano I,,Alper Rumelioğlu,TMB | TMB,Salı | Çarşamba,08:30/10:29 | 13:30/15:29,,15,5,,"MTR, MUT, MUZ, SES",,
30173,CAB 178,CAB,LS,Piyano II,,Cenk Öztürk,TMB | TMB,Perşembe | Cuma,10:30/12:29 | 13:30/15:29,,15,10,,"MTR, MUT, MUZ, SES",,
30174,CAB 277,CAB,LS,Piyano III,,Cenk Öztürk,TMB | TMB,Perşembe | Cuma,13:30/15:29 | 10:30/12:29,,15,6,,"MTR, MUT, SES",,
30175,CAB 278,CAB,LS,Piyano IV,,Cenk Öztürk,TMB | TMB,Pazartesi | Salı,08:30/10:29 | 08:30/10:29,,15,6,,"MTR, MUT, SES",,
30176,CAB 143,CAB,LS,Yrd.Çalgı Piyano I,,--,TMB | TMB,Pazartesi | Perşembe,10:30/12:29 | 08:30/10:29,,0,0,,"CAB, KMP",,
30177,CAB 243,CAB,LS,Yrd.Çalgı Piyano III,,--,TMB | TMB,Salı | Cuma,10:30/12:29 | 10:30/12:29,,0,0,,"CAB, KMP",,
30178,CAB 244,CAB,LS,Yrd.Çalgı Piyano IV,,--,TMB | TMB,Salı | Perşembe,13:30/15:29 | 13:30/15:29,,0,0,,"CAB, KMP",,
30181,ITB 207,ITB,LS,Osmanlı Tarihi,,Tuncay Zorlu,FEB | FEB,Pazartesi | Çarşamba,09:30/12:29 | 09:30/12:29,,30,28,,"BIO, BLG, CAB, CEV, CHZ, DEN, DUI, EHB, ELE, ELH, ELK, END, EUT, FIZ, GEM, GEO, GID, ICM, INS, ISL, JDF, JEF, JEO, KIM, KMM, KMP, KOM, MAD, MAK, MAT, MET, MIM, MTO, MTR, MUT, MUZ, PEM, PET, SBP, SES, TEB, TEK, TEL, THO, UCK, UZB",,
30184,ITB 207,ITB,LS,Osmanlı Tarihi,,Tuncay Zorlu,MED | MED,Pazartesi | Çarşamba,13:30/16:29 | 13:30/16:29,,30,29,,"BIO, BLG, CAB, CEV, CHZ, DEN, DUI, EHB, ELE, ELH, ELK, END, EUT, FIZ, GEM, GEO, GID, ICM, INS, ISL, JDF, JEF, JEO, KIM, KMM, KMP, KOM, MAD, MAK, MAT, MET, MIM, MTO, MTR, MUT, MUZ, PEM, PET, SBP, SES, TEB, TEK, TEL, THO, UCK, UZB",,
30185,SNT 115,SNT,LS,Modernite ve Görsel Kültür,,Aslıhan Erkmen Birkandan,MED | MED,Salı | Salı,09:30/12:29 | 13:30/16:29,,20,19,,"BIO, BLG, CEV, CHZ, DEN, EHB, ELE, ELH, ELK, END, EUT, FIZ, GEM, GEO, GID, GMI, ICM, IML, INS, ISL, JDF, JEF, JEO, KIM, KMM, KOM, MAD, MAK, MAT, MET, MIM, MTO, PEM, PET, SBP, TEK, TEL, UCK, UZB",,
30187,ITB 218,ITB,LS,Bilim ve Teknoloji Tarihi,,Tuncay Zorlu,MED | MED,Salı | Perşembe,09:30/12:29 | 09:30/12:29,,30,27,,"BIO, BLG, CAB, CEV, CHZ, DEN, DUI, EHB, ELE, ELH, ELK, END, EUT, FIZ, GEM, GEO, GID, ICM, INS, ISL, JDF, JEF, JEO, KIM, KMM, KMP, KOM, MAD, MAK, MAT, MET, MIM, MTO, MTR, MUT, MUZ, PEM, PET, SBP, SES, TEB, TEK, TEL, THO, UCK, UZB",,
30190,SNT 108,SNT,LS,Seramik,,Güngör Güner,MMB | MMB,Pazartesi | Pazartesi,09:30/12:29 | 13:30/16:29,,20,19,,"BIO, BLG, CEV, CHZ, DEN, EHB, ELE, ELH, ELK, END, EUT, FIZ, GEM, GEO, GID, GMI, ICM, IML, INS, ISL, JDF, JEF, JEO, KIM, KMM, KOM, MAD, MAK, MAT, MET, MIM, MTO, PEM, PET, SBP, TEK, TEL, UCK, UZB",,
30192,ITB 218,ITB,LS,Bilim ve Teknoloji Tarihi,,Tuncay Zorlu,MED | MED,Salı | Perşembe,13:30/16:29 | 13:30/16:29,,30,29,,"BIO, BLG, CAB, CEV, CHZ, DEN, DUI, EHB, ELE, ELH, ELK, END, EUT, FIZ, GEM, GEO, GID, ICM, INS, ISL, JDF, JEF, JEO, KIM, KMM, KMP, KOM, MAD, MAK, MAT, MET, MIM, MTO, MTR, MUT, MUZ, PEM, PET, SBP, SES, TEB, TEK, TEL, THO, UCK, UZB",,
30194,SNT 108,SNT,LS,Seramik,,Aynur Karakaş Karaağaç,MMB | MMB,Perşembe | Perşembe,09:30/12:29 | 13:30/16:29,,20,20,,"BIO, BLG, CEV, CHZ, DEN, EHB, ELE, ELH, ELK, END, EUT, FIZ, GEM, GEO, GID, GMI, ICM, IML, INS, ISL, JDF, JEF, JEO, KIM, KMM, KOM, MAD, MAK, MAT, MET, MIM, MTO, PEM, PET, SBP, TEK, TEL, UCK, UZB",,
30197,SNT 108,SNT,LS,Seramik,,Aynur Karakaş Karaağaç,MMB | MMB,Çarşamba | Çarşamba,09:30/12:29 | 13:30/16:29,,20,18,,"BIO, BLG, CEV, CHZ, DEN, EHB, ELE, ELH, ELK, END, EUT, FIZ, GEM, GEO, GID, GMI, ICM, IML, INS, ISL, JDF, JEF, JEO, KIM, KMM, KOM, MAD, MAK, MAT, MET, MIM, MTO, PEM, PET, SBP, TEK, TEL, UCK, UZB",,
30198,SNT 111,SNT,LS,Moda Tasarımı ve Sanat,,Aylin Akarvardar,MMB | MMB,Cuma | Cuma,09:30/12:29 | 13:30/16:29,,20,20,,"BIO, BLG, CEV, CHZ, DEN, EHB, ELE, ELH, ELK, END, EUT, FIZ, GEM, GEO, GID, GMI, ICM, IML, INS, ISL, JDF, JEF, JEO, KIM, KMM, KOM, MAD, MAK, MAT, MET, MIM, MTO, PEM, PET, SBP, TEK, TEL, UCK, UZB",,
30199,ITB 205E,ITB,LS,Philosophy,,Geoff Bove,MMB | MMB,Salı | Perşembe,13:30/16:29 | 13:30/16:29,,18,16,,"BIO, BIOE, BLG, BLGE, CAB, CEV, CEVE, CHZ, CHZE, DEN, DENE, ECNE, EHB, EHBE, ELE, ELH, ELK, ELKE, END, ENDE, EUT, EUTE, FIZ, FIZE, GEM, GEME, GEMK, GEO, GEOE, GID, GIDE, GMI, GMIE, ICM, IML, IMLE, INS, INSE, ISL, ISLE, JDF, JEF, JEFE, JEO, JEOE, KIM, KIME, KMM, KMME, KMP, KOM, KOME, MAD, MADE, MAK, MAKE, MAT, MATE, MET, METE, MIM, MIME, MTO, MTOE, MTR, MUT, MUZ, MUZE, PEM, PEME, PET, PETE, SBP, SBPE, SES, TEB, TEK, TEKE, TEL, THO, UCK, UCKE, UZB, UZBE",,
30200,SNT 112,SNT,LS,Tiyatro,,Yeliz Şatıroğlu,MED | MED,Çarşamba | Çarşamba,09:30/12:29 | 13:30/16:29,,35,34,,"BIO, BLG, CEV, CHZ, DEN, EHB, ELE, ELH, ELK, END, EUT, FIZ, GEM, GEO, GID, GMI, ICM, IML, INS, ISL, JDF, JEF, JEO, KIM, KMM, KOM, MAD, MAK, MAT, MET, MIM, MTO, PEM, PET, SBP, TEK, TEL, UCK, UZB",,
30201,ITB 205E,ITB,LS,Philosophy,,Geoff Bove,MMB | MMB,Çarşamba | Cuma,13:30/16:29 | 13:30/16:29,,18,12,,"BIO, BIOE, BLG, BLGE, CAB, CEV, CEVE, CHZ, CHZE, DEN, DENE, ECNE, EHB, EHBE, ELE, ELH, ELK, ELKE, END, ENDE, EUT, EUTE, FIZ, FIZE, GEM, GEME, GEMK, GEO, GEOE, GID, GIDE, GMI, GMIE, ICM, IML, IMLE, INS, INSE, ISL, ISLE, JDF, JEF, JEFE, JEO, JEOE, KIM, KIME, KMM, KMME, KMP, KOM, KOME, MAD, MADE, MAK, MAKE, MAT, MATE, MET, METE, MIM, MIME, MTO, MTOE, MTR, MUT, MUZ, MUZE, PEM, PEME, PET, PETE, SBP, SBPE, SES, TEB, TEK, TEKE, TEL, THO, UCK, UCKE, UZB, UZBE",,
30202,SNT 112,SNT,LS,Tiyatro,,--,MED | MED,Salı | Salı,09:30/12:29 | 13:30/16:29,,0,0,,"BIO, BLG, CEV, CHZ, DEN, EHB, ELE, ELH, ELK, END, EUT, FIZ, GEM, GEO, GID, GMI, ICM, IML, INS, ISL, JDF, JEF, JEO, KIM, KMM, KOM, MAD, MAK, MAT, MET, MIM, MTO, PEM, PET, SBP, TEK, TEL, UCK, UZB",,
30203,ITB 207,ITB,LS,Osmanlı Tarihi,,Cüneyd Okay,MMB | MMB,Pazartesi | Pazartesi,08:30/11:29 | 14:30/17:29,,30,29,,"BIO, BLG, CAB, CEV, CHZ, DEN, DUI, EHB, ELE, ELH, ELK, END, EUT, FIZ, GEM, GEO, GID, ICM, INS, ISL, JDF, JEF, JEO, KIM, KMM, KMP, KOM, MAD, MAK, MAT, MET, MIM, MTO, MTR, MUT, MUZ, PEM, PET, SBP, SES, TEB, TEK, TEL, THO, UCK, UZB",,
30204,ITB 207,ITB,LS,Osmanlı Tarihi,,Cüneyd Okay,MMB | MMB,Salı | Salı,08:30/11:29 | 14:30/17:29,,30,22,,"BIO, BLG, CAB, CEV, CHZ, DEN, DUI, EHB, ELE, ELH, ELK, END, EUT, FIZ, GEM, GEO, GID, ICM, INS, ISL, JDF, JEF, JEO, KIM, KMM, KMP, KOM, MAD, MAK, MAT, MET, MIM, MTO, MTR, MUT, MUZ, PEM, PET, SBP, SES, TEB, TEK, TEL, THO, UCK, UZB",,
30205,CAB 343,CAB,LS,Yrd.Çalgı Piyano V,,Alper Rumelioğlu,TMB | TMB,Salı | Perşembe,10:30/12:29 | 10:30/12:29,,15,5,,"CAB, KMP, SES",,
30206,CAB 344,CAB,LS,Yrd.Çalgı Piyano VI,,--,TMB | TMB,Çarşamba | Cuma,10:30/12:29 | 13:30/15:29,,0,0,,"CAB, KMP, SES",,
30207,CAB 443,CAB,LS,Yrd.Çalgı Piyano VII,,Alper Rumelioğlu,TMB | TMB,Salı | Cuma,13:30/15:29 | 08:30/10:29,,15,6,,"CAB, KMP, SES",,
30208,SES 407,SES,LS,Yöre Ağızları III,,Salih Gündoğdu,TMB | TMB | TMB | TMB,Pazartesi | Salı | Çarşamba | Perşembe,13:30/15:29 | 10:30/12:29 | 13:30/15:29 | 08:30/10:29,,12,5,,SES,,
30209,SES 408,SES,LS,Yöre Ağızları IV,,Salih Gündoğdu,TMB | TMB | TMB | TMB,Pazartesi | Salı | Çarşamba | Perşembe,10:30/12:29 | 13:30/15:29 | 10:30/12:29 | 10:30/12:29,,12,10,,SES,,
30210,SES 231,SES,LS,Ağız ve Hançere Teknikleri I,,Salih Gündoğdu,TMB | TMB | TMB | TMB,Pazartesi | Salı | Çarşamba | Perşembe,08:30/10:29 | 15:30/17:29 | 08:30/10:29 | 15:30/17:29,,12,7,,SES,,
30211,KMP 198,KMP,LS,Konturpuan-Füg II,,Mustafa İlke Şen,TMB | TMB,Salı | Cuma,08:30/10:29 | 10:30/12:29,,25,20,,"CAB, MTR",,
30212,KMP 294,KMP,LS,Armoni II,,Mustafa İlke Şen,TMB | TMB,Pazartesi | Çarşamba,08:30/10:29 | 08:30/10:29,,25,12,,"CAB, MTR, MTRM",,
30225,ITB 207,ITB,LS,Osmanlı Tarihi,,Cüneyd Okay,MKB | MKB,Perşembe | Perşembe,09:30/12:29 | 13:30/16:29,,30,28,,"BIO, BLG, CAB, CEV, CHZ, DEN, DUI, EHB, ELE, ELH, ELK, END, EUT, FIZ, GEM, GEO, GID, ICM, INS, ISL, JDF, JEF, JEO, KIM, KMM, KMP, KOM, MAD, MAK, MAT, MET, MIM, MTO, MTR, MUT, MUZ, PEM, PET, SBP, SES, TEB, TEK, TEL, THO, UCK, UZB",,
30226,ITB 207E,ITB,LS,Ottoman History,,Hasan Karataş,FEB | FEB,Pazartesi | Çarşamba,09:30/12:29 | 09:30/12:29,,40,34,,"BIO, BIOE, BLG, BLGE, CAB, CEV, CEVE, CHZ, CHZE, DEN, DENE, DUI, ECNE, EHB, EHBE, ELE, ELH, ELK, ELKE, END, ENDE, EUT, EUTE, FIZ, FIZE, GEM, GEME, GEMK, GEO, GEOE, GID, GIDE, ICM, IML, IMLE, INS, INSE, ISL, ISLE, JDF, JEF, JEFE, JEO, JEOE, KIM, KIME, KMM, KMME, KMP, KOM, KOME, MAD, MADE, MAK, MAKE, MAT, MATE, MET, METE, MIM, MIME, MTO, MTOE, MTR, MUT, MUZ, MUZE, PEM, PEME, PET, PETE, SBP, SBPE, SES, TEB, TEK, TEKE, TEL, THO, UCK, UCKE, UZB, UZBE",,
30227,ITB 207E,ITB,LS,Ottoman History,,Hasan Karataş,FEB | FEB,Pazartesi | Çarşamba,14:30/17:29 | 14:30/17:29,,40,36,,"BIO, BIOE, BLG, BLGE, CAB, CEV, CEVE, CHZ, CHZE, DEN, DENE, DUI, ECNE, EHB, EHBE, ELE, ELH, ELK, ELKE, END, ENDE, EUT, EUTE, FIZ, FIZE, GEM, GEME, GEMK, GEO, GEOE, GID, GIDE, ICM, IML, IMLE, INS, INSE, ISL, ISLE, JDF, JEF, JEFE, JEO, JEOE, KIM, KIME, KMM, KMME, KMP, KOM, KOME, MAD, MADE, MAK, MAKE, MAT, MATE, MET, METE, MIM, MIME, MTO, MTOE, MTR, MUT, MUZ, MUZE, PEM, PEME, PET, PETE, SBP, SBPE, SES, TEB, TEK, TEKE, TEL, THO, UCK, UCKE, UZB, UZBE",,
30231,ITB 218,ITB,LS,Bilim ve Teknoloji Tarihi,,Aytekin Çökelez,MED | FEB,Pazartesi | Çarşamba,09:30/12:29 | 12:30/15:29,,30,29,,"BIO, BLG, CAB, CEV, CHZ, DEN, DUI, EHB, ELE, ELH, ELK, END, EUT, FIZ, GEM, GEO, GID, ICM, INS, ISL, JDF, JEF, JEO, KIM, KMM, KMP, KOM, MAD, MAK, MAT, MET, MIM, MTO, MTR, MUT, MUZ, PEM, PET, SBP, SES, TEB, TEK, TEL, THO, UCK, UZB",,
30233,ITB 218,ITB,LS,Bilim ve Teknoloji Tarihi,,Aytekin Çökelez,MED | MED,Pazartesi | Perşembe,12:30/15:29 | 09:30/12:29,,30,30,,"BIO, BLG, CAB, CEV, CHZ, DEN, DUI, EHB, ELE, ELH, ELK, END, EUT, FIZ, GEM, GEO, GID, ICM, INS, ISL, JDF, JEF, JEO, KIM, KMM, KMP, KOM, MAD, MAK, MAT, MET, MIM, MTO, MTR, MUT, MUZ, PEM, PET, SBP, SES, TEB, TEK, TEL, THO, UCK, UZB",,
30238,ITB 218,ITB,LS,Bilim ve Teknoloji Tarihi,,Aytekin Çökelez,MED | MED,Salı | Perşembe,09:30/12:29 | 12:30/15:29,,30,28,,"BIO, BLG, CAB, CEV, CHZ, DEN, DUI, EHB, ELE, ELH, ELK, END, EUT, FIZ, GEM, GEO, GID, ICM, INS, ISL, JDF, JEF, JEO, KIM, KMM, KMP, KOM, MAD, MAK, MAT, MET, MIM, MTO, MTR, MUT, MUZ, PEM, PET, SBP, SES, TEB, TEK, TEL, THO, UCK, UZB",,
30239,ING 101,ING,LS,English I,,Mehmet Aydın,ISB | ISB,Salı | Perşembe,09:30/12:29 | 09:30/12:29,,30,28,,"BIO, BIOE, BLG, BLGE, CEV, CEVE, CHZ, CHZE, DEN, DENE, DUIE, ECNE, EHB, EHBE, EHN, ELE, ELH, ELK, ELKE, END, ENDE, EUT, EUTE, FIZ, FIZE, GEM, GEME, GEMK, GEO, GEOE, GID, GIDE, GMIE, ICM, IML, IMLE, INS, INSE, ISL, ISLE, JDF, JEF, JEFE, JEO, JEOE, KIM, KIME, KMM, KMME, KOM, KOME, MAD, MADE, MAK, MAKE, MAT, MATE, MET, METE, MIM, MIME, MTO, MTOE, MUZE, PEM, PEME, PET, PETE, SBP, SBPE, SEH, TEK, TEKE, TEL, UCK, UCKE, UZB, UZBE",,
30241,ING 101,ING,LS,English I,,Mehmet Aydın,ISB | ISB,Pazartesi | Çarşamba,09:30/12:29 | 09:30/12:29,,30,30,,"BIO, BIOE, BLG, BLGE, CEV, CEVE, CHZ, CHZE, DEN, DENE, DUIE, ECNE, EHB, EHBE, EHN, ELE, ELH, ELK, ELKE, END, ENDE, EUT, EUTE, FIZ, FIZE, GEM, GEME, GEMK, GEO, GEOE, GID, GIDE, GMIE, ICM, IML, IMLE, INS, INSE, ISL, ISLE, JDF, JEF, JEFE, JEO, JEOE, KIM, KIME, KMM, KMME, KOM, KOME, MAD, MADE, MAK, MAKE, MAT, MATE, MET, METE, MIM, MIME, MTO, MTOE, MUZE, PEM, PEME, PET, PETE, SBP, SBPE, SEH, TEK, TEKE, TEL, UCK, UCKE, UZB, UZBE",,
30242,ING 101,ING,LS,English I,,Mehmet Aydın,ISB | ISB,Pazartesi | Çarşamba,13:30/16:29 | 13:30/16:29,,30,29,,"BIO, BIOE, BLG, BLGE, CEV, CEVE, CHZ, CHZE, DEN, DENE, DUIE, ECNE, EHB, EHBE, EHN, ELE, ELH, ELK, ELKE, END, ENDE, EUT, EUTE, FIZ, FIZE, GEM, GEME, GEMK, GEO, GEOE, GID, GIDE, GMIE, ICM, IML, IMLE, INS, INSE, ISL, ISLE, JDF, JEF, JEFE, JEO, JEOE, KIM, KIME, KMM, KMME, KOM, KOME, MAD, MADE, MAK, MAKE, MAT, MATE, MET, METE, MIM, MIME, MTO, MTOE, MUZE, PEM, PEME, PET, PETE, SBP, SBPE, SEH, TEK, TEKE, TEL, UCK, UCKE, UZB, UZBE",,
30243,ING 101,ING,LS,English I,,Seniye Rüyam Artan,INB | INB,Salı | Salı,09:30/12:29 | 13:30/16:29,,30,29,,"BIO, BIOE, BLG, BLGE, CEV, CEVE, CHZ, CHZE, DEN, DENE, DUIE, ECNE, EHB, EHBE, EHN, ELE, ELH, ELK, ELKE, END, ENDE, EUT, EUTE, FIZ, FIZE, GEM, GEME, GEMK, GEO, GEOE, GID, GIDE, GMIE, ICM, IML, IMLE, INS, INSE, ISL, ISLE, JDF, JEF, JEFE, JEO, JEOE, KIM, KIME, KMM, KMME, KOM, KOME, MAD, MADE, MAK, MAKE, MAT, MATE, MET, METE, MIM, MIME, MTO, MTOE, MUZE, PEM, PEME, PET, PETE, SBP, SBPE, SEH, TEK, TEKE, TEL, UCK, UCKE, UZB, UZBE",,
30244,ING 101,ING,LS,English I,,Seniye Rüyam Artan,INB | INB,Perşembe | Perşembe,09:30/12:29 | 13:30/16:29,,30,30,,"BIO, BIOE, BLG, BLGE, CEV, CEVE, CHZ, CHZE, DEN, DENE, DUIE, ECNE, EHB, EHBE, EHN, ELE, ELH, ELK, ELKE, END, ENDE, EUT, EUTE, FIZ, FIZE, GEM, GEME, GEMK, GEO, GEOE, GID, GIDE, GMIE, ICM, IML, IMLE, INS, INSE, ISL, ISLE, JDF, JEF, JEFE, JEO, JEOE, KIM, KIME, KMM, KMME, KOM, KOME, MAD, MADE, MAK, MAKE, MAT, MATE, MET, METE, MIM, MIME, MTO, MTOE, MUZE, PEM, PEME, PET, PETE, SBP, SBPE, SEH, TEK, TEKE, TEL, UCK, UCKE, UZB, UZBE",,
30245,ITB 218,ITB,LS,Bilim ve Teknoloji Tarihi,,Aytekin Çökelez,FEB | MED,Salı | Cuma,12:30/15:29 | 09:30/12:29,,30,28,,"BIO, BLG, CAB, CEV, CHZ, DEN, DUI, EHB, ELE, ELH, ELK, END, EUT, FIZ, GEM, GEO, GID, ICM, INS, ISL, JDF, JEF, JEO, KIM, KMM, KMP, KOM, MAD, MAK, MAT, MET, MIM, MTO, MTR, MUT, MUZ, PEM, PET, SBP, SES, TEB, TEK, TEL, THO, UCK, UZB",,
30246,ING 102,ING,LS,English II,,Nilgün Eker,INB | INB,Pazartesi | Çarşamba,09:30/12:29 | 09:30/12:29,,22,21,,"BIO, BIOE, BLG, BLGE, CEV, CEVE, CHZ, CHZE, DEN, DENE, DUIE, ECNE, EHB, EHBE, EHN, ELE, ELH, ELK, ELKE, END, ENDE, EUT, EUTE, FIZ, FIZE, GEM, GEME, GEMK, GEO, GEOE, GID, GIDE, GMIE, ICM, IML, IMLE, INS, INSE, ISL, ISLE, JDF, JEF, JEFE, JEO, JEOE, KIM, KIME, KMM, KMME, KOM, KOME, MAD, MADE, MAK, MAKE, MAT, MATE, MET, METE, MIM, MIME, MTO, MTOE, MUZE, PEM, PEME, PET, PETE, SBP, SBPE, SEH, TEK, TEKE, TEL, UCK, UCKE, UZB, UZBE",,
30247,ING 102,ING,LS,English II,,Nilgün Eker,INB | INB,Pazartesi | Çarşamba,13:30/16:29 | 13:30/16:29,,22,21,,"BIO, BIOE, BLG, BLGE, CEV, CEVE, CHZ, CHZE, DEN, DENE, DUIE, ECNE, EHB, EHBE, EHN, ELE, ELH, ELK, ELKE, END, ENDE, EUT, EUTE, FIZ, FIZE, GEM, GEME, GEMK, GEO, GEOE, GID, GIDE, GMIE, ICM, IML, IMLE, INS, INSE, ISL, ISLE, JDF, JEF, JEFE, JEO, JEOE, KIM, KIME, KMM, KMME, KOM, KOME, MAD, MADE, MAK, MAKE, MAT, MATE, MET, METE, MIM, MIME, MTO, MTOE, MUZE, PEM, PEME, PET, PETE, SBP, SBPE, SEH, TEK, TEKE, TEL, UCK, UCKE, UZB, UZBE",,
30248,ING 102,ING,LS,English II,,Nilgün Eker,INB | INB,Salı | Perşembe,09:30/12:29 | 09:30/12:29,,22,21,,"BIO, BIOE, BLG, BLGE, CEV, CEVE, CHZ, CHZE, DEN, DENE, DUIE, ECNE, EHB, EHBE, EHN, ELE, ELH, ELK, ELKE, END, ENDE, EUT, EUTE, FIZ, FIZE, GEM, GEME, GEMK, GEO, GEOE, GID, GIDE, GMIE, ICM, IML, IMLE, INS, INSE, ISL, ISLE, JDF, JEF, JEFE, JEO, JEOE, KIM, KIME, KMM, KMME, KOM, KOME, MAD, MADE, MAK, MAKE, MAT, MATE, MET, METE, MIM, MIME, MTO, MTOE, MUZE, PEM, PEME, PET, PETE, SBP, SBPE, SEH, TEK, TEKE, TEL, UCK, UCKE, UZB, UZBE",,
30249,ING 102,ING,LS,English II,,Nilgün Eker,INB | INB,Salı | Perşembe,13:30/16:29 | 13:30/16:29,,22,20,,"BIO, BIOE, BLG, BLGE, CEV, CEVE, CHZ, CHZE, DEN, DENE, DUIE, ECNE, EHB, EHBE, EHN, ELE, ELH, ELK, ELKE, END, ENDE, EUT, EUTE, FIZ, FIZE, GEM, GEME, GEMK, GEO, GEOE, GID, GIDE, GMIE, ICM, IML, IMLE, INS, INSE, ISL, ISLE, JDF, JEF, JEFE, JEO, JEOE, KIM, KIME, KMM, KMME, KOM, KOME, MAD, MADE, MAK, MAKE, MAT, MATE, MET, METE, MIM, MIME, MTO, MTOE, MUZE, PEM, PEME, PET, PETE, SBP, SBPE, SEH, TEK, TEKE, TEL, UCK, UCKE, UZB, UZBE",,
30250,ING 102,ING,LS,English II,,Gürcan Öztürk,ISB | ISB,Pazartesi | Perşembe,09:30/12:29 | 09:30/12:29,,22,20,,"BIO, BIOE, BLG, BLGE, CEV, CEVE, CHZ, CHZE, DEN, DENE, DUIE, ECNE, EHB, EHBE, EHN, ELE, ELH, ELK, ELKE, END, ENDE, EUT, EUTE, FIZ, FIZE, GEM, GEME, GEMK, GEO, GEOE, GID, GIDE, GMIE, ICM, IML, IMLE, INS, INSE, ISL, ISLE, JDF, JEF, JEFE, JEO, JEOE, KIM, KIME, KMM, KMME, KOM, KOME, MAD, MADE, MAK, MAKE, MAT, MATE, MET, METE, MIM, MIME, MTO, MTOE, MUZE, PEM, PEME, PET, PETE, SBP, SBPE, SEH, TEK, TEKE, TEL, UCK, UCKE, UZB, UZBE",,
30251,ING 102,ING,LS,English II,,Gürcan Öztürk,ISB | ISB,Pazartesi | Perşembe,13:30/16:29 | 13:30/16:29,,22,21,,"BIO, BIOE, BLG, BLGE, CEV, CEVE, CHZ, CHZE, DEN, DENE, DUIE, ECNE, EHB, EHBE, EHN, ELE, ELH, ELK, ELKE, END, ENDE, EUT, EUTE, FIZ, FIZE, GEM, GEME, GEMK, GEO, GEOE, GID, GIDE, GMIE, ICM, IML, IMLE, INS, INSE, ISL, ISLE, JDF, JEF, JEFE, JEO, JEOE, KIM, KIME, KMM, KMME, KOM, KOME, MAD, MADE, MAK, MAKE, MAT, MATE, MET, METE, MIM, MIME, MTO, MTOE, MUZE, PEM, PEME, PET, PETE, SBP, SBPE, SEH, TEK, TEKE, TEL, UCK, UCKE, UZB, UZBE",,
30252,ITB 218,ITB,LS,Bilim ve Teknoloji Tarihi,,Aytekin Çökelez,MED | MED,Çarşamba | Cuma,09:30/12:29 | 14:00/16:59,,30,29,,"BIO, BLG, CAB, CEV, CHZ, DEN, DUI, EHB, ELE, ELH, ELK, END, EUT, FIZ, GEM, GEO, GID, ICM, INS, ISL, JDF, JEF, JEO, KIM, KMM, KMP, KOM, MAD, MAK, MAT, MET, MIM, MTO, MTR, MUT, MUZ, PEM, PET, SBP, SES, TEB, TEK, TEL, THO, UCK, UZB",,
30253,SNT 113E,SNT,LS,Art and Interpretation,,Çiğdem Özkan Aygün,MED | MED,Çarşamba | Çarşamba,09:30/12:29 | 13:30/16:29,,20,19,,"BIO, BIOE, BLG, BLGE, CEV, CEVE, CHZ, CHZE, DEN, DENE, ECNE, EHB, EHBE, ELE, ELH, ELK, ELKE, END, ENDE, EUT, EUTE, FIZ, FIZE, GEM, GEME, GEMK, GEO, GEOE, GID, GIDE, GMI, GMIE, ICM, ICME, IML, IMLE, INS, INSE, ISL, ISLE, JDF, JEF, JEFE, JEO, JEOE, KIM, KIME, KMM, KMME, KOM, KOME, MAD, MADE, MAK, MAKE, MAT, MATE, MET, METE, MIM, MIME, MTO, MTOE, PEM, PEME, PET, PETE, SBPE, TEK, TEKE, TEL, UCK, UCKE, UZB, UZBE",,
30254,ING 102,ING,LS,English II,,Gürcan Öztürk,MED | MED,Salı | Cuma,09:30/12:29 | 09:30/12:29,,22,20,,"BIO, BIOE, BLG, BLGE, CEV, CEVE, CHZ, CHZE, DEN, DENE, DUIE, ECNE, EHB, EHBE, EHN, ELE, ELH, ELK, ELKE, END, ENDE, EUT, EUTE, FIZ, FIZE, GEM, GEME, GEMK, GEO, GEOE, GID, GIDE, GMIE, ICM, IML, IMLE, INS, INSE, ISL, ISLE, JDF, JEF, JEFE, JEO, JEOE, KIM, KIME, KMM, KMME, KOM, KOME, MAD, MADE, MAK, MAKE, MAT, MATE, MET, METE, MIM, MIME, MTO, MTOE, MUZE, PEM, PEME, PET, PETE, SBP, SBPE, SEH, TEK, TEKE, TEL, UCK, UCKE, UZB, UZBE",,
30256,SNT 211E,SNT,LS,"Istanbul:Hist.,Art and Society",,Çiğdem Özkan Aygün,MED | MED,Salı | Salı,09:30/12:29 | 13:30/16:29,,20,19,,"BIO, BIOE, BLG, BLGE, CEV, CEVE, CHZ, CHZE, DEN, DENE, ECNE, EHB, EHBE, ELE, ELH, ELK, ELKE, END, ENDE, EUT, EUTE, FIZ, FIZE, GEM, GEME, GEMK, GEO, GEOE, GID, GIDE, GMI, GMIE, ICM, ICME, IML, IMLE, INS, INSE, ISL, ISLE, JDF, JEF, JEFE, JEO, JEOE, KIM, KIME, KMM, KMME, KOM, KOME, MAD, MADE, MAK, MAKE, MAT, MATE, MET, METE, MIM, MIME, MTO, MTOE, PEM, PEME, PET, PETE, SBPE, TEK, TEKE, TEL, UCK, UCKE, UZB, UZBE",,
30257,ING 102,ING,LS,English II,,Gürcan Öztürk,MED | MED,Salı | Cuma,13:30/16:29 | 13:30/16:29,,22,20,,"BIO, BIOE, BLG, BLGE, CEV, CEVE, CHZ, CHZE, DEN, DENE, DUIE, ECNE, EHB, EHBE, EHN, ELE, ELH, ELK, ELKE, END, ENDE, EUT, EUTE, FIZ, FIZE, GEM, GEME, GEMK, GEO, GEOE, GID, GIDE, GMIE, ICM, IML, IMLE, INS, INSE, ISL, ISLE, JDF, JEF, JEFE, JEO, JEOE, KIM, KIME, KMM, KMME, KOM, KOME, MAD, MADE, MAK, MAKE, MAT, MATE, MET, METE, MIM, MIME, MTO, MTOE, MUZE, PEM, PEME, PET, PETE, SBP, SBPE, SEH, TEK, TEKE, TEL, UCK, UCKE, UZB, UZBE",,
30258,ING 102,ING,LS,English II,,Ömer Nezih Karaalioğlu,UUB | UUB,Pazartesi | Pazartesi,09:30/12:29 | 13:30/16:29,,22,19,,"BIO, BIOE, BLG, BLGE, CEV, CEVE, CHZ, CHZE, DEN, DENE, DUIE, ECNE, EHB, EHBE, EHN, ELE, ELH, ELK, ELKE, END, ENDE, EUT, EUTE, FIZ, FIZE, GEM, GEME, GEMK, GEO, GEOE, GID, GIDE, GMIE, ICM, IML, IMLE, INS, INSE, ISL, ISLE, JDF, JEF, JEFE, JEO, JEOE, KIM, KIME, KMM, KMME, KOM, KOME, MAD, MADE, MAK, MAKE, MAT, MATE, MET, METE, MIM, MIME, MTO, MTOE, MUZE, PEM, PEME, PET, PETE, SBP, SBPE, SEH, TEK, TEKE, TEL, UCK, UCKE, UZB, UZBE",,
30259,ING 102,ING,LS,English II,,--,UUB | UUB,Salı | Salı,09:30/12:29 | 13:30/16:29,,0,0,,"BIO, BIOE, BLG, BLGE, CEV, CEVE, CHZ, CHZE, DEN, DENE, DUIE, ECNE, EHB, EHBE, EHN, ELE, ELH, ELK, ELKE, END, ENDE, EUT, EUTE, FIZ, FIZE, GEM, GEME, GEMK, GEO, GEOE, GID, GIDE, GMIE, ICM, IML, IMLE, INS, INSE, ISL, ISLE, JDF, JEF, JEFE, JEO, JEOE, KIM, KIME, KMM, KMME, KOM, KOME, MAD, MADE, MAK, MAKE, MAT, MATE, MET, METE, MIM, MIME, MTO, MTOE, MUZE, PEM, PEME, PET, PETE, SBP, SBPE, SEH, TEK, TEKE, TEL, UCK, UCKE, UZB, UZBE",,
30260,ING 102,ING,LS,English II,,Ömer Nezih Karaalioğlu,UUB | UUB,Çarşamba | Çarşamba,09:30/12:29 | 13:30/16:29,,22,11,,"BIO, BIOE, BLG, BLGE, CEV, CEVE, CHZ, CHZE, DEN, DENE, DUIE, ECNE, EHB, EHBE, EHN, ELE, ELH, ELK, ELKE, END, ENDE, EUT, EUTE, FIZ, FIZE, GEM, GEME, GEMK, GEO, GEOE, GID, GIDE, GMIE, ICM, IML, IMLE, INS, INSE, ISL, ISLE, JDF, JEF, JEFE, JEO, JEOE, KIM, KIME, KMM, KMME, KOM, KOME, MAD, MADE, MAK, MAKE, MAT, MATE, MET, METE, MIM, MIME, MTO, MTOE, MUZE, PEM, PEME, PET, PETE, SBP, SBPE, SEH, TEK, TEKE, TEL, UCK, UCKE, UZB, UZBE",,
30261,SNT 211E,SNT,LS,"Istanbul:Hist.,Art and Society",,Çiğdem Özkan Aygün,MED | MED,Perşembe | Perşembe,09:30/12:29 | 13:30/16:29,,20,21,,"BIO, BIOE, BLG, BLGE, CEV, CEVE, CHZ, CHZE, DEN, DENE, ECNE, EHB, EHBE, ELE, ELH, ELK, ELKE, END, ENDE, EUT, EUTE, FIZ, FIZE, GEM, GEME, GEMK, GEO, GEOE, GID, GIDE, GMI, GMIE, ICM, ICME, IML, IMLE, INS, INSE, ISL, ISLE, JDF, JEF, JEFE, JEO, JEOE, KIM, KIME, KMM, KMME, KOM, KOME, MAD, MADE, MAK, MAKE, MAT, MATE, MET, METE, MIM, MIME, MTO, MTOE, PEM, PEME, PET, PETE, SBPE, TEK, TEKE, TEL, UCK, UCKE, UZB, UZBE",,
30262,ING 102,ING,LS,English II,,Ömer Nezih Karaalioğlu,UUB | UUB,Perşembe | Perşembe,09:30/12:29 | 13:30/16:29,,22,16,,"BIO, BIOE, BLG, BLGE, CEV, CEVE, CHZ, CHZE, DEN, DENE, DUIE, ECNE, EHB, EHBE, EHN, ELE, ELH, ELK, ELKE, END, ENDE, EUT, EUTE, FIZ, FIZE, GEM, GEME, GEMK, GEO, GEOE, GID, GIDE, GMIE, ICM, IML, IMLE, INS, INSE, ISL, ISLE, JDF, JEF, JEFE, JEO, JEOE, KIM, KIME, KMM, KMME, KOM, KOME, MAD, MADE, MAK, MAKE, MAT, MATE, MET, METE, MIM, MIME, MTO, MTOE, MUZE, PEM, PEME, PET, PETE, SBP, SBPE, SEH, TEK, TEKE, TEL, UCK, UCKE, UZB, UZBE",,
30263,ING 102,ING,LS,English II,,Ömer Nezih Karaalioğlu,UUB | UUB,Cuma | Cuma,09:30/12:29 | 13:30/16:29,,22,20,,"BIO, BIOE, BLG, BLGE, CEV, CEVE, CHZ, CHZE, DEN, DENE, DUIE, ECNE, EHB, EHBE, EHN, ELE, ELH, ELK, ELKE, END, ENDE, EUT, EUTE, FIZ, FIZE, GEM, GEME, GEMK, GEO, GEOE, GID, GIDE, GMIE, ICM, IML, IMLE, INS, INSE, ISL, ISLE, JDF, JEF, JEFE, JEO, JEOE, KIM, KIME, KMM, KMME, KOM, KOME, MAD, MADE, MAK, MAKE, MAT, MATE, MET, METE, MIM, MIME, MTO, MTOE, MUZE, PEM, PEME, PET, PETE, SBP, SBPE, SEH, TEK, TEKE, TEL, UCK, UCKE, UZB, UZBE",,
30264,ING 102,ING,LS,English II,,Meltem Tokmanoğlu,UUB | UUB,Salı | Salı,09:30/12:29 | 13:30/16:29,,22,19,,"BIO, BIOE, BLG, BLGE, CEV, CEVE, CHZ, CHZE, DEN, DENE, DUIE, ECNE, EHB, EHBE, EHN, ELE, ELH, ELK, ELKE, END, ENDE, EUT, EUTE, FIZ, FIZE, GEM, GEME, GEMK, GEO, GEOE, GID, GIDE, GMIE, ICM, IML, IMLE, INS, INSE, ISL, ISLE, JDF, JEF, JEFE, JEO, JEOE, KIM, KIME, KMM, KMME, KOM, KOME, MAD, MADE, MAK, MAKE, MAT, MATE, MET, METE, MIM, MIME, MTO, MTOE, MUZE, PEM, PEME, PET, PETE, SBP, SBPE, SEH, TEK, TEKE, TEL, UCK, UCKE, UZB, UZBE",,
30265,ING 102,ING,LS,English II,,Meltem Tokmanoğlu,UUB | UUB,Çarşamba | Çarşamba,09:30/12:29 | 13:30/16:29,,22,22,,"BIO, BIOE, BLG, BLGE, CEV, CEVE, CHZ, CHZE, DEN, DENE, DUIE, ECNE, EHB, EHBE, EHN, ELE, ELH, ELK, ELKE, END, ENDE, EUT, EUTE, FIZ, FIZE, GEM, GEME, GEMK, GEO, GEOE, GID, GIDE, GMIE, ICM, IML, IMLE, INS, INSE, ISL, ISLE, JDF, JEF, JEFE, JEO, JEOE, KIM, KIME, KMM, KMME, KOM, KOME, MAD, MADE, MAK, MAKE, MAT, MATE, MET, METE, MIM, MIME, MTO, MTOE, MUZE, PEM, PEME, PET, PETE, SBP, SBPE, SEH, TEK, TEKE, TEL, UCK, UCKE, UZB, UZBE",,
30266,ING 102,ING,LS,English II,,Meltem Tokmanoğlu,UUB | UUB,Perşembe | Perşembe,09:30/12:29 | 13:30/16:29,,22,22,,"BIO, BIOE, BLG, BLGE, CEV, CEVE, CHZ, CHZE, DEN, DENE, DUIE, ECNE, EHB, EHBE, EHN, ELE, ELH, ELK, ELKE, END, ENDE, EUT, EUTE, FIZ, FIZE, GEM, GEME, GEMK, GEO, GEOE, GID, GIDE, GMIE, ICM, IML, IMLE, INS, INSE, ISL, ISLE, JDF, JEF, JEFE, JEO, JEOE, KIM, KIME, KMM, KMME, KOM, KOME, MAD, MADE, MAK, MAKE, MAT, MATE, MET, METE, MIM, MIME, MTO, MTOE, MUZE, PEM, PEME, PET, PETE, SBP, SBPE, SEH, TEK, TEKE, TEL, UCK, UCKE, UZB, UZBE",,
30267,ING 102,ING,LS,English II,,Meltem Tokmanoğlu,UUB | UUB,Cuma | Cuma,09:30/12:29 | 13:30/16:29,,22,23,,"BIO, BIOE, BLG, BLGE, CEV, CEVE, CHZ, CHZE, DEN, DENE, DUIE, ECNE, EHB, EHBE, EHN, ELE, ELH, ELK, ELKE, END, ENDE, EUT, EUTE, FIZ, FIZE, GEM, GEME, GEMK, GEO, GEOE, GID, GIDE, GMIE, ICM, IML, IMLE, INS, INSE, ISL, ISLE, JDF, JEF, JEFE, JEO, JEOE, KIM, KIME, KMM, KMME, KOM, KOME, MAD, MADE, MAK, MAKE, MAT, MATE, MET, METE, MIM, MIME, MTO, MTOE, MUZE, PEM, PEME, PET, PETE, SBP, SBPE, SEH, TEK, TEKE, TEL, UCK, UCKE, UZB, UZBE",,
30268,SNT 114,SNT,LS,Günümüz Sanatı,,Nilgün Yüksel,MED | MED,Çarşamba | Çarşamba,09:30/12:29 | 13:30/16:29,,20,18,,"BIO, BLG, CEV, CHZ, DEN, EHB, ELE, ELH, ELK, END, EUT, FIZ, GEM, GEO, GID, GMI, ICM, IML, INS, ISL, JDF, JEF, JEO, KIM, KMM, KOM, MAD, MAK, MAT, MET, MIM, MTO, PEM, PET, SBP, TEK, TEL, UCK, UZB",,
30269,SNT 115,SNT,LS,Modernite ve Görsel Kültür,,Yasemin Dora,MED | MED,Çarşamba | Çarşamba,09:30/12:29 | 13:30/16:29,,20,18,,"BIO, BLG, CEV, CHZ, DEN, EHB, ELE, ELH, ELK, END, EUT, FIZ, GEM, GEO, GID, GMI, ICM, IML, INS, ISL, JDF, JEF, JEO, KIM, KMM, KOM, MAD, MAK, MAT, MET, MIM, MTO, PEM, PET, SBP, TEK, TEL, UCK, UZB",,
30270,ING 101,ING,LS,English I,,Mehmet Aydın,ISB | ISB,Salı | Perşembe,13:30/16:29 | 13:30/16:29,,30,30,,"BIO, BIOE, BLG, BLGE, CEV, CEVE, CHZ, CHZE, DEN, DENE, DUIE, ECNE, EHB, EHBE, EHN, ELE, ELH, ELK, ELKE, END, ENDE, EUT, EUTE, FIZ, FIZE, GEM, GEME, GEMK, GEO, GEOE, GID, GIDE, GMIE, ICM, IML, IMLE, INS, INSE, ISL, ISLE, JDF, JEF, JEFE, JEO, JEOE, KIM, KIME, KMM, KMME, KOM, KOME, MAD, MADE, MAK, MAKE, MAT, MATE, MET, METE, MIM, MIME, MTO, MTOE, MUZE, PEM, PEME, PET, PETE, SBP, SBPE, SEH, TEK, TEKE, TEL, UCK, UCKE, UZB, UZBE",,
30272,SNT 211E,SNT,LS,"Istanbul:Hist.,Art and Society",,Pınar Erkan Bursa,MKB | MKB,Cuma | Cuma,09:30/12:29 | 13:30/16:29,,25,25,,"BIO, BIOE, BLG, BLGE, CEV, CEVE, CHZ, CHZE, DEN, DENE, ECNE, EHB, EHBE, ELE, ELH, ELK, ELKE, END, ENDE, EUT, EUTE, FIZ, FIZE, GEM, GEME, GEMK, GEO, GEOE, GID, GIDE, GMI, GMIE, ICM, ICME, IML, IMLE, INS, INSE, ISL, ISLE, JDF, JEF, JEFE, JEO, JEOE, KIM, KIME, KMM, KMME, KOM, KOME, MAD, MADE, MAK, MAKE, MAT, MATE, MET, METE, MIM, MIME, MTO, MTOE, PEM, PEME, PET, PETE, SBPE, TEK, TEKE, TEL, UCK, UCKE, UZB, UZBE",,
30275,ITB 202E,ITB,LS,World History,,Ebubekir Ceylan,FEB | FEB,Salı | Perşembe,09:30/12:29 | 09:30/12:29,,40,39,,"BIO, BIOE, BLG, BLGE, CAB, CEV, CEVE, CHZ, CHZE, DEN, DENE, DUI, ECNE, EHB, EHBE, ELE, ELH, ELK, ELKE, END, ENDE, EUT, EUTE, FIZ, FIZE, GEM, GEME, GEMK, GEO, GEOE, GID, GIDE, ICM, IML, IMLE, INS, INSE, ISL, ISLE, JDF, JEF, JEFE, JEO, JEOE, KIM, KIME, KMM, KMME, KMP, KOM, KOME, MAD, MADE, MAK, MAKE, MAT, MATE, MET, METE, MIM, MIME, MTO, MTOE, MTR, MUT, MUZ, MUZE, PEM, PEME, PET, PETE, SBP, SBPE, SES, TEB, TEK, TEKE, TEL, THO, UCK, UCKE, UZB, UZBE",,
30277,ITB 202,ITB,LS,Dünya Tarihi,,Ebubekir Ceylan,FEB | FEB,Salı | Perşembe,13:30/16:29 | 13:30/16:29,,40,38,,"BIO, BLG, CAB, CEV, CHZ, DEN, DUI, EHB, ELE, ELH, ELK, END, EUT, FIZ, GEM, GEO, GID, ICM, INS, ISL, JDF, JEF, JEO, KIM, KMM, KMP, KOM, MAD, MAK, MAT, MET, MIM, MTO, MTR, MUT, MUZ, PEM, PET, SBP, SES, TEB, TEK, TEL, THO, UCK, UZB",,
30279,ITB 203E,ITB,LS,Sociology,,Ayşe Serdar,MEDB | MEDB,Salı | Çarşamba,10:30/13:29 | 10:30/13:29,,35,31,,"BIO, BIOE, BLG, BLGE, CAB, CEV, CEVE, CHZ, CHZE, DEN, DENE, DUI, ECNE, EHB, EHBE, ELE, ELH, ELK, ELKE, END, ENDE, EUT, EUTE, FIZ, FIZE, GEM, GEME, GEMK, GEO, GEOE, GID, GIDE, GMI, GMIE, ICM, IML, IMLE, INS, INSE, ISL, ISLE, JDF, JEF, JEFE, JEO, JEOE, KIM, KIME, KMM, KMME, KMP, KOM, KOME, MAD, MADE, MAK, MAKE, MAT, MATE, MET, METE, MIM, MIME, MTO, MTOE, MTR, MUT, MUZ, MUZE, PEM, PEME, PET, PETE, SBP, SBPE, SES, TEB, TEK, TEKE, TEL, THO, UCK, UCKE, UZB, UZBE",,
30280,ITB 203E,ITB,LS,Sociology,,Ayşe Serdar,MEDB | MEDB,Salı | Çarşamba,14:30/17:29 | 14:30/17:29,,35,32,,"BIO, BIOE, BLG, BLGE, CAB, CEV, CEVE, CHZ, CHZE, DEN, DENE, DUI, ECNE, EHB, EHBE, ELE, ELH, ELK, ELKE, END, ENDE, EUT, EUTE, FIZ, FIZE, GEM, GEME, GEMK, GEO, GEOE, GID, GIDE, GMI, GMIE, ICM, IML, IMLE, INS, INSE, ISL, ISLE, JDF, JEF, JEFE, JEO, JEOE, KIM, KIME, KMM, KMME, KMP, KOM, KOME, MAD, MADE, MAK, MAKE, MAT, MATE, MET, METE, MIM, MIME, MTO, MTOE, MTR, MUT, MUZ, MUZE, PEM, PEME, PET, PETE, SBP, SBPE, SES, TEB, TEK, TEKE, TEL, THO, UCK, UCKE, UZB, UZBE",,
30284,FIZ 201,FIZ,LS,Modern Fizik,,Mehmet Murat Sunar,FEB | FEB,Pazartesi | Salı,13:30/16:29 | 13:30/16:29,,50,37,,"CHZ, DEN, EHB, ELE, ELH, ELK, FIZM, GEM, JEO, KOM, MAD, MET, MTO, PET, TEL, UCK, UZB",,
30285,FIZ 201E,FIZ,LS,Modern Physics,,Mehmet Murat Sunar,FEB | FEB,Çarşamba | Perşembe,13:30/16:29 | 13:30/16:29,,50,47,,"CHZ, CHZE, DEN, DENE, EHB, EHBE, ELE, ELH, ELK, FIZM, GEM, GEME, GEMK, GMI, GMIE, JEO, JEOE, KOM, KOME, MAD, MADE, METE, MTO, MTOE, PET, PETE, TEL, UCK, UCKE, UZB, UZBE",,
30287,FIZ 241E,FIZ,LS,Symblc & Numrc Tchnqs in Physc,,Tolga Birkandan,FEB | FEB,Perşembe | Cuma,08:30/11:29 | 08:30/11:29,,30,32,,"FIZ, FIZE",,
30288,FIZ 272E,FIZ,LS,Computatnl Methods in Physics,,Tolga Birkandan,FEB | FEB,Perşembe | Cuma,13:30/17:29 | 13:30/17:29,,30,32,,"FIZ, FIZE, FIZM",,
30289,FIZ 233E,FIZ,LS,Electronics I,,Ali Gelir,FEB | FEB,Pazartesi | Salı,14:30/17:29 | 14:30/17:29,,25,33,,"FIZ, FIZE",,
30292,INS 252,INS,LS,Ölçme Bilgisi,,Mustafa Yanalak,INB | INB,Cuma | Cuma,08:30/12:29 | 13:30/17:29,,30,29,,INS,,
30294,FIZ 374E,FIZ,LS,Methods of Experim.Physics I,,Ali Gelir,FEB | FEB | FEB,Pazartesi | Salı | Çarşamba,09:30/12:29 | 09:30/12:29 | 09:30/11:29,,25,30,,"FIZ, FIZE",,
30296,INS 342,INS,LS,Karayolu Mühendisliği,,Ali Osman Atahan,INB | INB,Pazartesi | Pazartesi,09:30/12:29 | 13:30/16:29,,60,54,,INS,,
30301,INS 342E,INS,LS,Highway Engineering,,Ali Osman Atahan,INB | INB,Çarşamba | Çarşamba,09:30/12:29 | 13:30/16:29,,60,54,,"INS, INSE",,
30304,INS 464E,INS,LS,Substr.in Transportation Eng.,,Ali Osman Atahan,INB | INB,Salı | Salı,09:30/12:29 | 13:30/16:29,,80,67,,"INS, INSE",,
30307,MUK 201,MUK,LS,Mukavemet I,,Abdul Hayır,INB | INB | INB,Salı | Salı | Perşembe,08:30/12:29 | 13:30/17:29 | 08:30/10:29,,85,83,,"FIZ, INS, UCKM",,
30310,MUK 202,MUK,LS,Mukavemet II,,Abdul Hayır,INB | INB | INB,Çarşamba | Çarşamba | Perşembe,08:30/12:29 | 13:30/17:29 | 11:30/13:29,,25,26,,"FIZ, INS",,
30313,KIM 111,KIM,LS,Genel Kimya I,,"Ozan Sanlı Şentürk, Zehra Bayır",FEB | FEB,Pazartesi | Çarşamba,09:30/13:29 | 09:30/13:29,,40,36,,"KIM, KIMM",,
30314,KIM 114,KIM,LS,Genel Kimya II,,"Ozan Sanlı Şentürk, Zehra Bayır",FEB | FEB,Pazartesi | Çarşamba,13:30/17:29 | 13:30/17:29,,30,12,,"KIM, KIME, KIMM",,
30318,KIM 211,KIM,LS,Analitik Kimya,,İpek Becerik,MED | FEB,Salı | Perşembe,13:30/17:29 | 13:30/17:29,,30,27,,"KIM, KIMM",,
30320,KIM 231,KIM,LS,Organik Kimya I,,Turan Öztürk,FEB | FEB | FEB | FEB,Salı | Salı | Cuma | Cuma,10:30/12:29 | 14:30/16:29 | 10:30/12:29 | 14:30/16:29,,25,22,,"KIM, KIMM",,
30323,MAL 201,MAL,LS,Malzeme Bilimi,,Burak Özkal,KMB | KMB,Pazartesi | Çarşamba,13:30/16:29 | 13:30/16:29,,70,67,,"BLG, CEV, CHZ, DEN, EHB, ELE, ELH, ELK, FIZ, GEM, GID, IML, INS, JEO, KMM, KOM, KON, MAK, PET, TEK, TEL, UCK, UZB",,
30324,KIM 232,KIM,LS,Organik Kimya II,,Emine Naciye Talınlı,FEB | FEB,Çarşamba | Perşembe,09:30/13:29 | 09:30/13:29,,30,29,,KIM,,
30325,MAT 271E,MAT,LS,Probability and Statistics,,Moiz Elnekave,KMB | KMB,Perşembe | Perşembe,09:30/12:29 | 13:30/16:29,,50,52,,"BIO, BIOE, BLG, BLGE, CEV, CEVE, CHZ, CHZE, DEN, DENE, DUI, EHB, EHBE, EHN, ELE, ELH, ELK, ELKE, EUT, EUTE, FIZ, FIZE, GEM, GEME, GEMK, GEO, GEOE, GID, GIDE, GMI, GMIE, GMIK, IML, IMLE, INS, INSE, JEF, JEFE, JEO, JEOE, KMM, KMME, KOM, KOME, KON, KONE, MAD, MADE, MAK, MAKE, MET, METE, MTO, MTOE, PET, PETE, SBP, SBPE, SEH, TEK, TEKE, TEL, UCK, UCKE, UZB, UZBE",,
30326,MAT 271E,MAT,LS,Probability and Statistics,,Moiz Elnekave,KMB | KMB,Salı | Salı,09:30/12:29 | 13:30/16:29,,50,48,,"BIO, BIOE, BLG, BLGE, CEV, CEVE, CHZ, CHZE, DEN, DENE, DUI, EHB, EHBE, EHN, ELE, ELH, ELK, ELKE, EUT, EUTE, FIZ, FIZE, GEM, GEME, GEMK, GEO, GEOE, GID, GIDE, GMI, GMIE, GMIK, IML, IMLE, INS, INSE, JEF, JEFE, JEO, JEOE, KMM, KMME, KOM, KOME, KON, KONE, MAD, MADE, MAK, MAKE, MET, METE, MTO, MTOE, PET, PETE, SBP, SBPE, SEH, TEK, TEKE, TEL, UCK, UCKE, UZB, UZBE",,
30327,KIM 304E,KIM,LS,Organic Chemistry II,,Olcay Anaç,FEB | FEB,Pazartesi | Salı,08:30/10:29 | 08:30/10:29,,30,14,,BIOE,,
30328,ISH 202E,ISH,LS,Introduction to Heat Transfer,,Moiz Elnekave,KMB | KMB,Çarşamba | Çarşamba,09:30/12:29 | 13:30/16:29,,30,19,,"ISL, ISLE",,
30329,BIL 112E,BIL,LS,Intr.to Prog.Language(FORTRAN),,Moiz Elnekave,KMB | KMB,Cuma | Cuma,09:30/12:29 | 13:30/16:29,,50,42,,"CEV, CEVE, DUIK, ELH, FIZ, FIZE, JEF, JEFE, MTO, MTOE, PET, PETE, UCK, UCKE",,
30330,KIM 331,KIM,LS,Organik Kimya III,,Olcay Anaç,KMB | FEB,Pazartesi | Salı,11:30/15:29 | 11:30/15:29,,25,7,,KIM,,
30331,KIM 352E,KIM,LS,Inorganic Chemistry II,,Altuğ Mert Sevim,MED | INB,Pazartesi | Salı,10:30/12:29 | 10:30/12:29,,25,9,,"KIM, KIME",,
30332,KIM 431,KIM,LS,Organik Reaksiyonlar,,Olcay Anaç,FEB,Çarşamba,08:30/12:29,,25,19,,KIM,,
30333,BIL 113E,BIL,LS,Intr.to Sci& Eng.Comp.(MATLAB),,Cüneyt Hüseyin Ünlü,FEB | FEB,Çarşamba | Çarşamba,09:30/12:29 | 13:30/16:29,,20,20,,"BIOE, CHZ, DEN, ECNE, GEM, GID, GIDE, INS, INSE, ISL, ISLE, JEO, KIM, KIME, MET, METE, TEK, TEKE, UCK, UZBE",,
30334,BIL 113E,BIL,LS,Intr.to Sci& Eng.Comp.(MATLAB),,Cüneyt Hüseyin Ünlü,FEB | FEB,Perşembe | Perşembe,09:30/12:29 | 13:30/16:29,,20,21,,"BIOE, CHZ, DEN, ECNE, GEM, GID, GIDE, INS, INSE, ISL, ISLE, JEO, KIM, KIME, MET, METE, TEKE, UCK, UZBE",,
30336,MUK 202,MUK,LS,Mukavemet II,,Teoman Özer,INB | INB | INB,Salı | Salı | Çarşamba,09:30/12:29 | 13:30/17:29 | 09:30/12:29,,30,30,,"FIZ, INS",,
30337,STA 202,STA,LS,Statik,,Teoman Özer,INB | INB,Çarşamba | Perşembe,13:30/17:29 | 09:30/13:29,,40,40,,"FIZ, INS, UCKM",,
30338,MAT 271E,MAT,LS,Probability and Statistics,,Mustafa Sait Yazgan,INB | INB,Salı | Perşembe,09:30/12:29 | 13:30/16:29,,40,55,,"BIO, BIOE, BLG, BLGE, CEV, CEVE, CHZ, CHZE, DEN, DENE, DUI, EHB, EHBE, EHN, ELE, ELH, ELK, ELKE, EUT, EUTE, FIZ, FIZE, GEM, GEME, GEMK, GEO, GEOE, GID, GIDE, GMI, GMIE, GMIK, IML, IMLE, INS, INSE, JDF, JEF, JEFE, JEO, JEOE, KMM, KMME, KOM, KOME, KON, KONE, MAD, MADE, MAK, MAKE, MET, METE, MTO, MTOE, PET, PETE, SBP, SBPE, SEH, TEK, TEKE, TEL, UCK, UCKE, UZB, UZBE",,
30339,MAT 271E,MAT,LS,Probability and Statistics,,Mustafa Sait Yazgan,INB | INB,Salı | Perşembe,13:30/16:29 | 09:30/12:29,,40,54,,"BIO, BIOE, BLG, BLGE, CEV, CEVE, CHZ, CHZE, DEN, DENE, DUI, EHB, EHBE, EHN, ELE, ELH, ELK, ELKE, EUT, EUTE, FIZ, FIZE, GEM, GEME, GEMK, GEO, GEOE, GID, GIDE, GMI, GMIE, GMIK, IML, IMLE, INS, INSE, JDF, JEF, JEFE, JEO, JEOE, KMM, KMME, KOM, KOME, KON, KONE, MAD, MADE, MAK, MAKE, MET, METE, MTO, MTOE, PET, PETE, SBP, SBPE, SEH, TEK, TEKE, TEL, UCK, UCKE, UZB, UZBE",,
30341,MAT 271E,MAT,LS,Probability and Statistics,,Mustafa Sait Yazgan,INB | INB,Çarşamba | Cuma,09:30/12:29 | 09:30/12:29,,40,63,,"BIO, BIOE, BLG, BLGE, CEV, CEVE, CHZ, CHZE, DEN, DENE, DUI, EHB, EHBE, EHN, ELE, ELH, ELK, ELKE, EUT, EUTE, FIZ, FIZE, GEM, GEME, GEMK, GEO, GEOE, GID, GIDE, GMI, GMIE, GMIK, IML, IMLE, INS, INSE, JDF, JEF, JEFE, JEO, JEOE, KMM, KMME, KOM, KOME, KON, KONE, MAD, MADE, MAK, MAKE, MET, METE, MTO, MTOE, PET, PETE, SBP, SBPE, SEH, TEK, TEKE, TEL, UCK, UCKE, UZB, UZBE",,
30343,DNK 205,DNK,LS,Dinamik,,Necmi Aydın Ünverdi,MKB | MKB,Salı | Perşembe,13:30/17:29 | 13:30/17:29,,50,51,,"MAK, MAKM",,
30344,STA 201,STA,LS,Statik,,Necmi Aydın Ünverdi,MKB | MKB,Salı | Çarşamba,08:30/11:29 | 14:30/17:29,,50,48,,"DEN, EHB, ELE, ELH, GEM, JEO, MAK, MAKM, MKN, TEK, TEL, UCK, UZB",,
30346,MAK 341,MAK,LS,Makina Elemanları I,,Hacı Abdullah Taşdemir,MKB | MKB | MKB,Çarşamba | Perşembe | Cuma,13:30/17:29 | 14:30/17:29 | 14:30/17:29,,65,67,,"MAK, MAKM, MKN, PET",,
30347,MAK 214E,MAK,LS,Engineering Materials,,Celaletdin Ergun,MKB | MKB,Çarşamba | Perşembe,10:30/12:29 | 08:30/12:29,,60,65,,"IML, IMLE, MAK, MAKE, MAKM",,
30348,MAL 201,MAL,LS,Malzeme Bilimi,,Celaletdin Ergun,MKB | MKB,Salı | Çarşamba,08:30/12:29 | 08:30/10:29,,60,59,,"IML, IMLM, MAK, MAKM, MKN",,
30349,MAK 313,MAK,LS,Isı Geçişi,,Ersin Sayar,MKB | MKB,Perşembe | Cuma,08:30/12:29 | 08:30/12:29,,65,74,,"MAK, MAKM",,
30350,JDF 232E,JDF,LS,Theory of Errorrs&Pa..,,Mustafa Tevfik Özlüdemir,INB | INB,Perşembe | Perşembe,09:30/12:29 | 13:30/16:29,,30,18,,"GEO, GEOE, JDF",,
30352,GEO 202E,GEO,LS,Engineering Surveying,,Mustafa Yanalak,INB | INB,Pazartesi | Pazartesi,08:30/12:29 | 13:30/17:29,,30,19,,"GEO, GEOE, JDF",,
30353,MAK 353,MAK,LS,İmal Usulleri,,Ali Gökşenli,MKB | MKB,Pazartesi | Salı,13:30/17:29 | 13:30/17:29,,60,69,,"MAK, MAKM",,
30354,MAK 4018E,MAK,LS,Quality Control in Manufacturi,,Ali Gökşenli,MKB | MKB,Pazartesi | Salı,09:30/12:29 | 09:30/12:29,,55,54,,"IML, IMLE, MAK, MAKE",,
30355,MAT 202E,MAT,LS,Numerical Methods,,"Abdussamet Subaşı, Sertaç Çadırcı",MKB | MKB,Pazartesi | Pazartesi,08:30/11:29 | 12:30/15:29,,50,55,,"BLG, BLGE, CEV, CEVE, CHZ, CHZE, DEN, DENE, EHB, EHBE, ELE, ELH, ELK, ELKE, GEM, GEME, GEMK, GEO, GEOE, GID, GIDE, IML, IMLE, INS, INSE, ISL, ISLE, JEF, JEFE, JEO, JEOE, KMM, KMME, KOM, KOME, KON, KONE, MAD, MADE, MAK, MAKE, MET, METE, MTO, MTOE, PET, PETE, TEK, TEKE, TEL, UCK, UCKE, UZB, UZBE",,
30356,MAT 202E,MAT,LS,Numerical Methods,,"Abdussamet Subaşı, Sertaç Çadırcı",MKB | MKB,Salı | Salı,08:30/11:29 | 12:30/15:29,,50,48,,"BLG, BLGE, CEV, CEVE, CHZ, CHZE, DEN, DENE, EHB, EHBE, ELE, ELH, ELK, ELKE, GEM, GEME, GEMK, GEO, GEOE, GID, GIDE, IML, IMLE, INS, INSE, ISL, ISLE, JEF, JEFE, JEO, JEOE, KMM, KMME, KOM, KOME, KON, KONE, MAD, MADE, MAK, MAKE, MET, METE, MTO, MTOE, PET, PETE, TEK, TEKE, TEL, UCK, UCKE, UZB, UZBE",,
30357,MAK 105,MAK,LS,Makine Tasarımına Giriş,,Yusuf Ziya Kocabal,MKB | MKB | MKB,Pazartesi | Salı | Çarşamba,09:30/12:29 | 13:30/17:29 | 09:30/12:29,,50,36,,"IML, MAK",,
30358,MAK 110E,MAK,LS,Comput.Aided Technical Drawing,,Hacı Mustafa Özkırım,MKB | MKB,Pazartesi | Salı,13:30/17:29 | 13:30/17:29,,45,42,,"IML, MAK",,
30359,EHB 211,EHB,LS,Elektrik Devre Temelleri,,İsmail Serdar Özoğuz,EEB | EEB,Pazartesi | Pazartesi,09:30/12:29 | 13:30/16:29,,35,46,,"BLG, EHB, ELE, ELK, KOM, TEL",,
30360,EHB 211E,EHB,LS,Basics of Electrical Circuits,,Müştak Erhan Yalçın,EEB | EEB,Perşembe | Perşembe,08:30/12:29 | 13:30/15:29,,35,34,,"BLG, BLGE, EHB, EHBE, ELE, ELK, ELKE, KOM, KOME, TEL",,
30361,JDF 342E,JDF,LS,Geodesy II,,"Serdar Erol, Bihter Erol",INB,Cuma,13:30/17:29,,40,34,,"GEO, GEOE, JDF",,
30362,EHB 232E,EHB,LS,Circuit and System Analysis,,Müştak Erhan Yalçın,EEB | EEB,Cuma | Cuma,08:30/12:29 | 14:00/15:59,,35,39,,"EHB, EHBE, ELE, ELH, ELK, ELKE, TEL",,
30363,EHB 211E,EHB,LS,Basics of Electrical Circuits,,Mustafa Berke Yelten,EEB | EEB,Çarşamba | Çarşamba,09:30/12:29 | 13:30/16:29,,35,37,,"BLG, BLGE, EHB, EHBE, ELE, ELK, ELKE, KOM, KOME, TEL",,
30364,EHB 262E,EHB,LS,Electronics II,,Mustafa Berke Yelten,EEB | EEB,Cuma | Cuma,09:30/12:29 | 14:00/16:59,,50,36,,"EHB, EHBE, ELE, SEH",,
30365,JDF 421E,JDF,LS,Physical Geodesy,,Bihter Erol,INB,Cuma,09:30/13:29,,30,24,,"GEO, GEOE, JDF",,
30366,EHB 222E,EHB,LS,Introduction to Electronics,,Bora Döken,EEB | EEB,Çarşamba | Çarşamba,09:30/12:29 | 13:30/16:29,,35,46,,"ELE, ELH, ELK, ELKE, KOM, KOME, MKN, TEL",,
30367,BLG 221E,BLG,LS,Data Structures,,Bora Döken,EEB | EEB,Perşembe | Perşembe,09:30/12:29 | 13:30/16:29,,35,29,,"EHB, EHBE",,
30368,EHB 231E,EHB,LS,Electronics I,,İsmail Çevik,EEB | EEB,Salı | Salı,09:30/12:29 | 13:30/16:29,,35,33,,"EHB, EHBE, ELE",,
30369,EHB 232E,EHB,LS,Circuit and System Analysis,,İsmail Çevik,EEB | EEB,Çarşamba | Çarşamba,09:30/12:29 | 13:30/16:29,,50,46,,"EHB, EHBE, ELE, ELH, ELK, ELKE, TEL",,
30370,GEO 204,GEO,LS,Hata Teo ve Dengeleme,,--,INB | INB,Salı | Salı,08:30/12:29 | 13:30/17:29,,0,0,,"GEO, JDF",,
30371,EHB 252E,EHB,LS,Signals and Systems,,Hakan Ali Çırpan,EEB | EEB,Pazartesi | Pazartesi,09:30/12:29 | 13:30/16:29,,35,41,,"EHB, EHBE, ELE, ELH, ELK, ELKE, KOM, KOME, MKN, SEH, TEL",,
30372,GEO 204E,GEO,LS,Th.of Err. And Ad. C.,,Mustafa Tevfik Özlüdemir,INB | INB,Salı | Salı,08:30/12:29 | 13:30/17:29,,30,21,,"GEO, GEOE, JDF",,
30373,EHB 252E,EHB,LS,Signals and Systems,,Şahin Serhat Şeker,EEB | EEB,Pazartesi | Salı,09:30/12:29 | 09:30/12:29,,25,35,,"EHB, EHBE, ELE, ELH, ELK, ELKE, KOM, KOME, MKN, SEH, TEL",,
30374,GEO 215E,GEO,LS,Prob.and Stat. for Geom. Eng.,,Dursun Zafer Şeker,INB | INB,Salı | Çarşamba,08:30/11:29 | 13:30/16:29,,25,18,,"GEO, GEOE, JDF",,
30375,GEO 215E,GEO,LS,Prob.and Stat. for Geom. Eng.,,Dursun Zafer Şeker,INB | INB,Salı | Çarşamba,13:30/16:29 | 08:30/11:29,,30,35,,"GEO, GEOE, JDF",,
30376,MAT 271E,MAT,LS,Probability and Statistics,,Şahin Serhat Şeker,EEB | EEB,Pazartesi | Salı,13:30/16:29 | 13:30/16:29,,25,41,,"BIO, BIOE, BLG, BLGE, CEV, CEVE, CHZ, CHZE, DEN, DENE, DUI, EHB, EHBE, EHN, ELE, ELH, ELK, ELKE, EUT, EUTE, FIZ, FIZE, GEM, GEME, GEMK, GEO, GEOE, GID, GIDE, GMI, GMIE, GMIK, IML, IMLE, INS, INSE, JEF, JEFE, JEO, JEOE, KMM, KMME, KOM, KOME, KON, KONE, MAD, MADE, MAK, MAKE, MET, METE, MTO, MTOE, PET, PETE, SBP, SBPE, SEH, TEK, TEKE, TEL, UCK, UCKE, UZB, UZBE",,
30377,MAT 210,MAT,LS,Mühendislik Matematiği,,Mehmet Ufuk Özerman,INB | INB,Çarşamba | Perşembe,13:30/17:29 | 13:30/17:29,,50,49,,"BIO, BLG, CEV, CHZ, DUI, EHB, ELE, ELH, ELK, FIZ, GEO, GMI, INS, JDF, JEF, JEO, KIM, KOM, MAD, MATM, MET, MTO, PET, TEK, TEL, UCK, UCKM, UZB, UZBM",,
30378,EHB 262,EHB,LS,Elektronik II,,Metin Yazgı,EEB | EEB,Salı | Salı,09:30/12:29 | 13:30/16:29,,50,50,,"EHB, ELE",,
30379,MAT 210,MAT,LS,Mühendislik Matematiği,,Mehmet Ufuk Özerman,INB | INB,Çarşamba | Perşembe,08:30/12:29 | 08:30/12:29,,50,50,,"BIO, BLG, CEV, CHZ, DUI, EHB, ELE, ELH, ELK, FIZ, GEO, GMI, INS, JDF, JEF, JEO, KIM, KOM, MAD, MATM, MET, MTO, PET, TEK, TEL, UCK, UCKM, UZB, UZBM",,
30380,EHB 335E,EHB,LS,Analog Electronic Circuits,,Metin Yazgı,EEB | EEB,Perşembe | Perşembe,08:30/12:29 | 13:30/15:29,,35,35,,"EHB, EHBE, ELE, ELH, TEL",,
30382,ELK 356E,ELK,LS,Electrical Machines,,Derya Ahmet Kocabaş,EEB | EEB,Pazartesi | Salı,09:30/12:29 | 09:30/12:29,,30,24,,"ELK, ELKE",,
30385,MAT 281E,MAT,LS,Linear Algebra and Applicat.,,Murat Tayfun Günel,EEB | EEB,Salı | Çarşamba,13:30/16:29 | 09:30/12:29,,35,34,,"EHB, EHBE, ELE, ELK, ELKE, KOM, KOME, MKN, SEH, TEL",,
30386,JDF 352,JDF,LS,Kamu Ölçmeleri,,Tahsin Yomralıoğlu,INB,Salı,13:30/17:29,,30,10,,"GEO, GEOE, JDF",,
30387,BLG 212,BLG,LS,Mikroişlemci Sistemleri,,Tamer Ölmez,EEB | EEB,Çarşamba | Çarşamba,09:30/12:29 | 13:30/16:29,,35,33,,"EHB, ELE, ELK, TEL",,
30388,BLG 231,BLG,LS,Sayısal Devreler,,Ali Sinan Çabuk,EEB | EEB,Salı | Salı,09:30/12:29 | 13:30/16:29,,30,47,,"EHB, ELE, ELH, ELK, KOM, MKN, TEL",,
30389,ELK 214,ELK,LS,Elektromekanik Enerji Dönüşümü,,Ali Sinan Çabuk,EEB | EEB,Pazartesi | Pazartesi,09:30/12:29 | 13:30/16:29,,30,29,,"EHB, ELE, ELH, KOM, MKN, TEL",,
30390,ELK 226,ELK,LS,Elektrik-Elektronik Müh. Tem.,,Ali Sinan Çabuk,EEB | EEB,Çarşamba | Çarşamba,09:30/12:29 | 13:30/16:29,,30,32,,"IML, MAK",,
30392,EHB 362E,EHB,LS,Microwave Engineering,,Mesut Kartal,EEB | EEB,Pazartesi | Salı,13:30/16:29 | 13:30/16:29,,35,22,,"EHB, EHBE, ELE, ELH, TEL",,
30393,ELK 221,ELK,LS,Elektrik Mühen. Temelleri,,Ahmet Cansız,EEB | EEB,Salı | Salı,09:30/12:29 | 13:30/16:29,,40,38,,"CHZ, GID, IML, ISL, KMM, MAK, MET, TEK, UCK, UCKM, UZB",,
30394,ELK 221E,ELK,LS,Fundamentals of Electric. Eng.,,Ahmet Cansız,EEB | EEB,Pazartesi | Pazartesi,09:30/12:29 | 13:30/16:29,,40,41,,"CHZE, GIDE, IMLE, ISLE, KMME, MAKE, METE, PETE, TEKE, UCK, UCKE, UCKM, UZB, UZBE",,
30395,ELK 331E,ELK,LS,Power Electronic Circuits,,Özgür Üstün,EEB | EEB,Salı | Çarşamba,09:30/12:29 | 09:30/12:29,,40,43,,"EHB, EHBE, ELE, ELK, ELKE, KOM, KOME",,
30396,JDF 411E,JDF,LS,Geographical Informatn Systms,,Tahsin Yomralıoğlu,INB | INB,Pazartesi | Pazartesi,08:30/11:29 | 14:30/17:29,,30,15,,"GEO, GEOE, JDF",,
30397,GEO 211E,GEO,LS,Num. Meth. for Geomatics Eng.,,Uğur Algancı,INB | INB,Perşembe | Perşembe,08:30/12:29 | 13:30/17:29,,35,38,,"GEO, GEOE, JDF",,
30398,SNT 212,SNT,LS,"Sanat,Kültür ve Toplum",,Ozan Eren,MMB | MMB,Çarşamba | Çarşamba,09:30/12:29 | 13:30/16:29,,30,5,,"BIO, BLG, CEV, CHZ, DEN, EHB, ELE, ELH, ELK, END, EUT, FIZ, GEM, GEO, GID, GMI, ICM, IML, INS, ISL, JDF, JEF, JEO, KIM, KMM, KOM, MAD, MAK, MAT, MET, MIM, MTO, PEM, PET, SBP, TEK, TEL, UCK, UZB",,
30401,AKM 204E,AKM,LS,Fluid Mechanics,,Birgül Benli,MDB | MDB,Çarşamba | Çarşamba,08:30/11:29 | 13:30/16:29,,65,64,,"CEV, CEVE, CHZ, CHZE, FIZ, FIZE, GID, GIDE, IML, IMLE, INS, INSE, JEF, KMM, KMME, MAD, MTO, MTOE, PET, PETE, PETM, TEK, TEKE, UCK, UZB",,
30402,AKM 204,AKM,LS,Akışkanlar Mekaniği,,Birgül Benli,MDB | MDB,Salı | Salı,08:30/11:29 | 13:30/16:29,,65,51,,"CEV, CHZ, IML, INS, KMM, PET, PETM, UCK",,
30403,MAD 318,MAD,LS,Endüstriyel Hammaddeler,,--,MDB | MDB,Pazartesi | Pazartesi,09:30/12:29 | 13:30/16:29,,0,0,,"CHZ, MAD, MADM",,
30404,MAD 318E,MAD,LS,Industrial Minerals,,Murat Olgaç Kangal,MDB | MDB,Pazartesi | Pazartesi,09:30/12:29 | 13:30/16:29,,30,7,,"CHZ, CHZE, MAD, MADE, MADM",,
30405,CHZ 318,CHZ,LS,Endüstriyel Hammaddeler,,Murat Olgaç Kangal,MDB | MDB,Çarşamba | Çarşamba,09:30/12:29 | 13:30/16:29,,30,8,,CHZ,,
30406,CHZ 318E,CHZ,LS,Industrial Raw Materials,,--,MDB | MDB,Cuma | Cuma,09:30/12:29 | 13:30/16:29,,0,0,,CHZE,,
30407,JEO 412,JEO,LS,Endüstriyel Hammaddeler,,"Mehmet Sezai Kırıkoğlu, Demet Yıldırım",MDB | MDB,Pazartesi | Pazartesi,09:30/12:29 | 14:30/17:29,,15,8,,"JEO, JEOM",,
30408,MAL 201,MAL,LS,Malzeme Bilimi,,Mehmet Sezai Kırıkoğlu,MDB | MDB,Salı | Salı,09:30/12:29 | 14:30/17:29,,15,12,,"BLG, CEV, CHZ, DEN, EHB, ELE, ELH, ELK, FIZ, GEM, GID, IML, INS, JEO, KMM, KOM, KON, MAK, PET, TEK, TEL, UCK, UZB",,
30412,ETK 101E,ETK,LS,Engineering Ethics,,Macid Fikret Suner,MDB,Çarşamba,12:30/14:29,,70,48,,"CHZ, CHZE, EHB, EHBE, EHN, IML, IMLE, JEF, JEFE, JEO, JEOE, KOM, KOME, KON, KONE, MAD, MADE, MAK, MAKE, MTO, MTOE, PET, PETE, SEH, TEK, TEKE",,
30414,ETK 101,ETK,LS,Mühendislik Etiği,,Macid Fikret Suner,MDB,Çarşamba,14:30/16:29,,70,15,,"CHZ, EHB, IML, JEF, JEO, KOM, KON, MAD, MAK, MTO, PET, TEK",,
30416,BIL 112E,BIL,LS,Intr.to Prog.Language(FORTRAN),,Doğa Doğan,MDB | MDB,Perşembe | Perşembe,09:30/12:29 | 13:30/16:29,,30,30,,"DUIK, ELH, FIZ, FIZE, JEF, JEFE, MTO, MTOE, PET, UCKE",,
30418,JEF 417E,JEF,LS,Seismotectonics,,--,MDB | MDB,Salı | Salı,10:30/12:29 | 14:30/16:29,,0,0,,"JEF, JEFE, JEFM",,
30420,JEO 111,JEO,LS,Kristalografi,,--,MDB | MDB,Çarşamba | Çarşamba,09:30/12:29 | 13:30/16:29,,0,0,,JEO,,
30421,JEO 211,JEO,LS,Mineraloji,,Recep Fahri Esenli,MDB | MDB,Perşembe | Perşembe,09:30/12:29 | 13:30/16:29,,35,27,,"JEO, JEOM",,
30422,JEO 112,JEO,LS,Genel Jeoloji,,Kürşad Kadir Eriş,MDB | MDB,Çarşamba | Çarşamba,09:30/12:29 | 13:30/16:29,,15,9,,"JEO, JEOM, MAD, MADM",,
30423,JEO 341,JEO,LS,Sedimentoloji,,Kürşad Kadir Eriş,MDB | MDB,Cuma | Cuma,09:30/12:29 | 13:30/16:29,,15,12,,JEO,,
30429,MAT 210E,MAT,LS,Engineering Mathematics,,Metin Taylan,GDB | GDB,Salı | Çarşamba,13:30/17:29 | 08:30/12:29,,50,46,,"BIOE, BLG, BLGE, CEV, CEVE, CHZ, CHZE, DEN, DENE, ECNE, EHB, EHBE, ELK, ELKE, END, ENDE, FIZ, FIZE, GEM, GEME, GEMK, GEO, GEOE, GID, GIDE, INS, INSE, ISL, ISLE, JEF, JEFE, JEO, JEOE, KIM, KIME, KMM, KMME, KOME, MAD, MADE, MATM, MET, METE, MTO, MTOE, PETE, TEKE, UCK, UCKE, UCKM, UZBE, UZBM",,
30431,MAT 210E,MAT,LS,Engineering Mathematics,,Metin Taylan,GDB | GDB,Salı | Çarşamba,08:30/12:29 | 13:30/17:29,,50,51,,"BIOE, BLG, BLGE, CEV, CEVE, CHZ, CHZE, DEN, DENE, ECNE, EHB, EHBE, ELK, ELKE, END, ENDE, FIZ, FIZE, GEM, GEME, GEMK, GEO, GEOE, GID, GIDE, INS, INSE, ISL, ISLE, JEF, JEFE, JEO, JEOE, KIM, KIME, KMM, KMME, KOME, MAD, MADE, MATM, MET, METE, MTO, MTOE, PETE, TEKE, UCK, UCKE, UCKM, UZBE, UZBM",,
30432,GEM 211E,GEM,LS,Ship Geometry,,Metin Taylan,GDB | GDB,Perşembe | Perşembe,09:30/12:29 | 13:30/16:29,,25,26,,"DEN, DENE, GEM, GEME, GEMK",,
30434,GEM 321E,GEM,LS,Ship Theory,,Metin Taylan,GDB | GDB,Pazartesi | Pazartesi,08:30/12:29 | 13:30/17:29,,40,33,,"GEM, GEME, GEMK",,
30439,AKM 205E,AKM,LS,Fluid Mechanics,,Şakir Bal,GDB | GDB | GDB | GDB,Salı | Salı | Çarşamba | Çarşamba,09:30/12:29 | 13:30/15:29 | 09:30/12:29 | 13:30/15:29,,27,30,,"DEN, DENE, GEM, GEME, GEMK, MAK, MAKE, UCK, UCKE, UZB, UZBE",,
30440,DEN 421E,DEN,LS,Ship Propulsion,,Şakir Bal,GDB | GDB,Perşembe | Perşembe,09:30/12:29 | 13:30/14:29,,30,30,,"DEN, DENE",,
30441,BIL 113E,BIL,LS,Intr.to Sci& Eng.Comp.(MATLAB),,Erdem Üçer,GDB,Çarşamba,10:30/16:29,,40,41,,"BIOE, CHZ, DEN, ECNE, GEM, GID, GIDE, INS, INSE, ISL, ISLE, JEO, KIM, KIME, MET, METE, TEKE, UCK, UZBE",,
30442,GEM 412E,GEM,LS,Shipyard Organization,,Erdem Üçer,GDB,Perşembe,13:30/17:29,,40,34,,"DEN, DENE, GEM, GEME, GEMK",,
30445,GEM 214E,GEM,LS,Engineering Measurements,,Emin Korkut,GDB | GDB,Pazartesi | Pazartesi,09:30/12:29 | 13:30/16:29,,30,15,,"GEM, GEME, GEMK",,
30446,MAT 202E,MAT,LS,Numerical Methods,,Ayhan Menteş,GDB | GDB,Çarşamba | Perşembe,14:30/17:29 | 14:30/17:29,,25,29,,"BLG, BLGE, CEV, CEVE, CHZ, CHZE, DEN, DENE, EHB, EHBE, ELE, ELH, ELK, ELKE, GEM, GEME, GEMK, GEO, GEOE, GID, GIDE, IML, IMLE, INS, INSE, ISL, ISLE, JEF, JEFE, JEO, JEOE, KMM, KMME, KOM, KOME, KON, KONE, MAD, MADE, MAK, MAKE, MET, METE, MTO, MTOE, PET, PETE, TEK, TEKE, TEL, UCK, UCKE, UZB, UZBE",,
30447,MAT 202E,MAT,LS,Numerical Methods,,Ayhan Menteş,GDB | GDB,Perşembe | Perşembe,08:30/11:29 | 11:30/14:29,,25,42,,"BLG, BLGE, CEV, CEVE, CHZ, CHZE, DEN, DENE, EHB, EHBE, ELE, ELH, ELK, ELKE, GEM, GEME, GEMK, GEO, GEOE, GID, GIDE, IML, IMLE, INS, INSE, ISL, ISLE, JEF, JEFE, JEO, JEOE, KMM, KMME, KOM, KOME, KON, KONE, MAD, MADE, MAK, MAKE, MET, METE, MTO, MTOE, PET, PETE, TEK, TEKE, TEL, UCK, UCKE, UZB, UZBE",,
30450,DEN 341E,DEN,LS,Ship Theory,,Hakan Akyıldız,GDB | GDB,Salı | Salı,09:30/12:29 | 13:30/16:29,,20,20,,"DEN, DENE",,
30452,MAT 213E,MAT,LS,Mathematics III,,İzzet Göksel,FEB | FEB | FEB,Salı | Salı | Perşembe,10:30/12:29 | 13:30/17:29 | 08:30/12:29,,20,16,,"MAT, MATE, MATM",,
30453,MAT 271E,MAT,LS,Probability and Statistics,,İsmail Hakkı Helvacıoğlu,GDB | GDB,Salı | Salı,09:30/12:29 | 13:30/16:29,,30,28,,"BIO, BIOE, BLG, BLGE, CEV, CEVE, CHZ, CHZE, DEN, DENE, DUI, EHB, EHBE, EHN, ELE, ELH, ELK, ELKE, EUT, EUTE, FIZ, FIZE, GEM, GEME, GEMK, GEO, GEOE, GID, GIDE, GMI, GMIE, GMIK, IML, IMLE, INS, INSE, JEF, JEFE, JEO, JEOE, KMM, KMME, KOM, KOME, KON, KONE, MAD, MADE, MAK, MAKE, MET, METE, MTO, MTOE, PET, PETE, SBP, SBPE, SEH, TEK, TEKE, TEL, UCK, UCKE, UZB, UZBE",,
30454,MAT 331E,MAT,LS,Partial Differential Equations,,Kamil Oruçoğlu,FEB | FEB,Pazartesi | Perşembe,13:30/17:29 | 08:30/12:29,,40,40,,"MAT, MATE",,
30455,DEN 411E,DEN,LS,Hydrod.of Ships&Offs..,,İsmail Hakkı Helvacıoğlu,GDB | GDB,Çarşamba | Çarşamba,09:30/12:29 | 13:30/16:29,,25,25,,"DEN, DENE",,
30457,DEN 431E,DEN,LS,Stgth of Shps & Offshr Strctrs,,Özgür Özgüç,GDB | GDB,Cuma | Cuma,09:30/12:29 | 13:30/16:29,,40,21,,"DEN, DENE",,
30458,DEN 331E,DEN,LS,Cons.of Ship & Offshore Struc.,,Özgür Özgüç,GDB | GDB,Perşembe | Perşembe,08:30/12:29 | 13:30/17:29,,40,16,,"DEN, DENE",,
30459,MUK 203E,MUK,LS,Strength of Materials I,,Özgür Özgüç,GDB | GDB,Çarşamba | Çarşamba,09:30/12:29 | 13:30/16:29,,40,41,,"DEN, DENE, ELE, ELH, GEM, GEME, GEMK, JEO, JEOE, TEKE, TEL, UCK, UCKE, UZB, UZBE",,
30460,MAT 342E,MAT,LS,Differential Geometry,,Fatma Özdemir,FEB | FEB,Salı | Perşembe,13:30/16:29 | 13:30/16:29,,25,15,,"MAT, MATE, MATM",,
30461,MUK 204E,MUK,LS,Strength of Materials II,,Özgür Özgüç,GDB | GDB,Salı | Salı,09:30/12:29 | 13:30/16:29,,40,51,,"DEN, DENE, GEM, GEME, GEMK, UCK, UCKE, UZB, UZBE",,
30462,MAT 458E,MAT,LS,Riemannian Geometry,,Fatma Özdemir,FEB | FEB,Salı | Perşembe,09:30/12:29 | 09:30/12:29,,40,33,,"MAT, MATE",,
30469,GMI 483E,GMI,LS,Engine Room Simulator (ERS) II,,--,DZB | DZB,Pazartesi | Pazartesi,09:30/12:29 | 13:30/16:29,,0,0,,"GMI, GMIE",,
30470,GMI 341E,GMI,LS,Automatic Control Systems,,Melek Ertogan,DZB | DZB,Pazartesi | Pazartesi,08:30/11:29 | 13:30/16:29,,50,11,,"GMI, GMIE",,
30471,GMI 213E,GMI,LS,Thermodynamics,,Yasin Arslanoğlu,DZB | DZB,Salı | Salı,08:30/11:29 | 13:30/16:29,,40,35,,"GMI, GMIE",,
30472,GMI 352E,GMI,LS,Heat Transfer,,Münir Süner,DZB | DZB,Pazartesi | Pazartesi,08:30/11:29 | 13:30/16:29,,30,22,,"GMI, GMIE",,
30474,GMI 383E,GMI,LS,Engine Room Simulator (ERS) I,,Metin Çelik,DZB | DZB,Perşembe | Perşembe,08:30/12:29 | 13:30/17:29,,20,14,,"GMI, GMIE",,
30476,GMI 461E,GMI,LS,Oper. of Steam & Gas Turbines,,Yalçın Durmuşoğlu,DZB | DZB,Çarşamba | Çarşamba,08:30/12:29 | 13:30/17:29,,25,16,,"GMI, GMIE",,
30478,GMI 322E,GMI,LS,Operation&Maint.of; ..,,Vural Ateş,DZB | DZB,Pazartesi | Pazartesi,08:30/12:29 | 13:30/17:29,,30,27,,"GMI, GMIE",,
30479,GMI 117,GMI,LS,Gemi Mak. İşl.Müh.Gir.veEtik,,Kadir Çiçek,DZB,Salı,08:30/12:29,,50,14,,GMI,,
30483,GMI 261E,GMI,LS,Fluid Mechanics,,Münir Süner,DZB | DZB,Çarşamba | Çarşamba,08:30/11:29 | 13:30/16:29,,50,41,,"GMI, GMIE",,
30484,MAT 115E,MAT,LS,Intro. to Programming Language,,Burcu Tunga,FEB | INB,Çarşamba | Perşembe,13:30/17:29 | 13:30/17:29,,20,18,,"MAT, MATE",,
30485,GMI 342E,GMI,LS,Maritime Rules & Regulations,,Metin Çelik,DZB,Çarşamba,08:30/12:29,,40,27,,"GMI, GMIE",,
30487,KIM 204E,KIM,LS,General Chemistry II,,Yasin Arslanoğlu,DZB | DZB,Cuma | Cuma,08:30/11:29 | 13:30/16:29,,30,15,,"CHZE, DENE, GEME, GEMK, GMI, GMIE, JEOE, MADE, METE, PETE",,
30489,MAT 210,MAT,LS,Mühendislik Matematiği,,Mehmet Ali Karaca,MED | MED,Perşembe | Perşembe,08:30/12:29 | 13:30/17:29,,50,50,,"BIO, BLG, CEV, CHZ, DUI, EHB, ELE, ELH, ELK, FIZ, GEO, GMI, INS, JDF, JEF, JEO, KIM, KOM, MAD, MATM, MET, MTO, PET, TEK, TEL, UCK, UCKM, UZB, UZBM",,
30490,MAT 210,MAT,LS,Mühendislik Matematiği,,Nurhan Çolakoğlu,MED | MED,Çarşamba | Perşembe,13:30/17:29 | 13:30/17:29,,50,51,,"BIO, BLG, CEV, CHZ, DUI, EHB, ELE, ELH, ELK, FIZ, GEO, GMI, INS, JDF, JEF, JEO, KIM, KOM, MAD, MATM, MET, MTO, PET, TEK, TEL, UCK, UCKM, UZB, UZBM",,
30493,MAT 210E,MAT,LS,Engineering Mathematics,,Figen Özen,FEB | FEB,Perşembe | Cuma,08:30/12:29 | 08:30/12:29,,50,47,,"BIOE, BLG, BLGE, CEV, CEVE, CHZ, CHZE, DEN, DENE, ECNE, EHB, EHBE, ELK, ELKE, END, ENDE, FIZ, FIZE, GEM, GEME, GEMK, GEO, GEOE, GID, GIDE, INS, INSE, ISL, ISLE, JEF, JEFE, JEO, JEOE, KIM, KIME, KMM, KMME, KOME, MAD, MADE, MATM, MET, METE, MTO, MTOE, PETE, TEKE, UCK, UCKE, UCKM, UZBE, UZBM",,
30494,MAT 210E,MAT,LS,Engineering Mathematics,,Figen Özen,FEB | FEB,Perşembe | Cuma,13:30/17:29 | 13:30/17:29,,50,50,,"BIOE, BLG, BLGE, CEV, CEVE, CHZ, CHZE, DEN, DENE, ECNE, EHB, EHBE, ELK, ELKE, END, ENDE, FIZ, FIZE, GEM, GEME, GEMK, GEO, GEOE, GID, GIDE, INS, INSE, ISL, ISLE, JEF, JEFE, JEO, JEOE, KIM, KIME, KMM, KMME, KOME, MAD, MADE, MATM, MET, METE, MTO, MTOE, PETE, TEKE, UCK, UCKE, UCKM, UZBE, UZBM",,
30495,MAT 214,MAT,LS,Matematik IV,,Emanullah Hızel,FEB | FEB,Pazartesi | Salı,08:30/12:29 | 08:30/12:29,,25,24,,"MAT, MATM",,
30496,MAT 232,MAT,LS,Diferansiyel Denklemler,,Emanullah Hızel,FEB | FEB,Pazartesi | Perşembe,13:30/17:29 | 08:30/12:29,,25,24,,"MAT, MATM",,
30497,MAT 261,MAT,LS,Lineer Cebir,,Güler Arsan,MED | MED,Salı | Çarşamba,09:30/12:29 | 09:30/12:29,,50,34,,"BIO, DEN, ELH, END, FIZ, GEM, GEO, ISL, JDF, JEF, KMM, MAD, MTO, TEK, UCK, UZB, UZBM",,
30498,MAT 261,MAT,LS,Lineer Cebir,,Güler Arsan,MED | MED,Salı | Çarşamba,13:30/16:29 | 13:30/16:29,,50,39,,"BIO, DEN, ELH, END, FIZ, GEM, GEO, ISL, JDF, JEF, KMM, MAD, MTO, TEK, UCK, UZB, UZBM",,
30500,MUK 203E,MUK,LS,Strength of Materials I,,Vedat Ziya Doğan,UUB | UUB,Çarşamba | Perşembe,14:30/17:29 | 14:30/17:29,,30,33,,"DEN, DENE, ELE, ELH, GEM, GEME, GEMK, JEO, JEOE, TEL, UCK, UCKE, UCKM, UZB, UZBE",,
30501,MAT 261E,MAT,LS,Linear Algebra,,Ayşegül Tepe,MED | MED,Perşembe | Cuma,09:30/12:29 | 09:30/12:29,,55,59,,"BIO, BIOE, DEN, DENE, END, ENDE, FIZ, FIZE, FIZM, GEM, GEME, GEO, GEOE, ISL, ISLE, JEF, JEFE, KMM, KMME, MAD, MADE, MTO, MTOE, TEKE, UCK, UCKE, UZB, UZBE",,
30502,MAT 261E,MAT,LS,Linear Algebra,,Ayşegül Tepe,MED | MED,Perşembe | Cuma,13:30/16:29 | 14:30/17:29,,55,58,,"BIO, BIOE, DEN, DENE, END, ENDE, FIZ, FIZE, FIZM, GEM, GEME, GEO, GEOE, ISL, ISLE, JEF, JEFE, KMM, KMME, MAD, MADE, MTO, MTOE, TEKE, UCK, UCKE, UZB, UZBE",,
30503,UZB 318E,UZB,LS,Finite Element Method,,Vedat Ziya Doğan,UUB | UUB,Çarşamba | Perşembe,09:30/12:29 | 09:30/12:29,,30,9,,"UCK, UCKE, UZB, UZBE",,
30504,MAT 332,MAT,LS,Reel Analiz I,,Fuat Ergezen,FEB | MED,Salı | Salı,08:30/12:29 | 13:30/17:29,,40,21,,MAT,,
30505,MAT 341E,MAT,LS,Complex Analysis,,Emanullah Hızel,FEB | FEB,Salı | Perşembe,13:30/17:29 | 13:30/17:29,,25,18,,"MAT, MATE, MATM",,
30508,UCK 212E,UCK,LS,Thermodynamics,,Ali Kodal,UUB | UUB,Salı | Çarşamba,13:30/17:29 | 13:30/17:29,,40,39,,"UCK, UCKE, UCKM, UZB, UZBE, UZBM",,
30509,UCK 212E,UCK,LS,Thermodynamics,,Ali Kodal,UUB | UUB,Pazartesi | Çarşamba,13:30/17:29 | 08:30/12:29,,40,40,,"UCK, UCKE, UCKM, UZB, UZBE, UZBM",,
30511,UCK 421E,UCK,LS,Jet Propulsion Principles,,Ali Kodal,UUB | UUB,Pazartesi | Salı,08:30/11:29 | 08:30/11:29,,30,21,,"UCK, UCKE",,
30512,MUK 203,MUK,LS,Mukavemet I,,Halit Süleyman Türkmen,UUB | UUB,Çarşamba | Cuma,09:30/12:29 | 09:30/12:29,,30,15,,"DEN, ELE, ELH, GEM, JEO, TEL, UCK, UCKM, UZB, UZBM",,
30513,MUK 204,MUK,LS,Mukavemet II,,Halit Süleyman Türkmen,UUB | UUB,Çarşamba | Perşembe,13:30/16:29 | 13:30/16:29,,30,23,,"DEN, GEM, UCK, UCKM, UZB, UZBM",,
30514,UCK 361E,UCK,LS,Design of Machine Elements,,Halit Süleyman Türkmen,UUB | UUB,Perşembe | Cuma,09:30/12:29 | 14:30/17:29,,50,40,,"UCK, UCKE, UZB, UZBE",,
30515,UZB 362E,UZB,LS,Compressible Aerodynamics,,Bayram Çelik,UUB | UUB,Çarşamba | Perşembe,09:30/13:29 | 09:30/13:29,,60,63,,"UCK, UCKE, UCKM, UZB, UZBE, UZBM",,
30516,UZB 331E,UZB,LS,Aerospace Structures,,İbrahim Özkol,UUB | UUB,Pazartesi | Cuma,11:30/14:29 | 09:30/12:29,,30,32,,"UCK, UCKE, UZB, UZBE",,
30517,MAT 271,MAT,LS,Olasılık ve İstatistik,,Cengiz Hacızade,UUB | UUB,Perşembe | Cuma,09:30/12:29 | 14:30/17:29,,20,19,,"BIO, BLG, EHB, ELE, ELH, EUT, FIZ, GEM, GEO, GID, IML, INS, JEO, KMM, MET, MTO, PET, TEL, UCK, UZB",,
30518,UZB 421E,UZB,LS,Attitude Determination & Ctrl.,,Cengiz Hacızade,UUB | UUB,Pazartesi | Salı,08:30/11:29 | 08:30/11:29,,30,40,,"UZB, UZBE, UZBM",,
30519,MTO 212,MTO,LS,Atmosfer Termodinamiği,,Kasım Koçak,UUB | UUB,Pazartesi | Salı,12:30/16:29 | 12:30/16:29,,30,7,,MTO,,
30520,MTO 241E,MTO,LS,Data Analysis,,Kasım Koçak,UUB | UUB | UUB | UUB,Çarşamba | Çarşamba | Perşembe | Perşembe,08:30/10:29 | 13:30/16:29 | 10:30/12:29 | 13:30/16:29,,30,13,,"MTO, MTOE",,
30521,BIL 112E,BIL,LS,Intr.to Prog.Language(FORTRAN),,Ahmet Öztopal,UUB | UUB,Perşembe | Cuma,09:30/12:29 | 13:30/16:29,,20,17,,"MTO, MTOE",,
30522,MAT 271,MAT,LS,Olasılık ve İstatistik,,Ahmet Öztopal,UUB | UUB,Perşembe | Cuma,13:30/16:29 | 09:30/12:29,,20,22,,"BIO, BLG, EHB, ELE, ELH, EUT, FIZ, GEM, GEO, GID, IML, INS, JEO, KMM, MET, MTO, PET, TEL, UCK, UZB",,
30523,MTO 418E,MTO,LS,Remote Sensing in Meteorology,,Ahmet Öztopal,UUB | UUB,Çarşamba | Çarşamba,09:30/12:29 | 14:30/17:29,,20,9,,"MTO, MTOE",,
30527,HUK 201,HUK,LS,İş Hukuku,,Özgür Öztürk,ISB | ISB,Salı | Çarşamba,09:30/12:29 | 09:30/12:29,,120,80,,"BIO, BIOE, CEV, CEVE, CHZ, CHZE, DEN, DENE, EHB, EHBE, ELE, ELK, ELKE, END, ENDE, FIZ, FIZE, GEM, GEME, GEMK, GEO, GEOE, GID, GIDE, IML, IMLE, INS, INSE, JDF, JEF, JEFE, KIM, KIME, KOM, KOME, MAD, MADE, MAK, MAKE, TEK, TEKE, UCK, UCKE, UZB, UZBE",,
30535,SBP 411E,SBP,LS,Project VII,,Cem Beygo,MMB | MMB | MMB | MMB,Pazartesi | Pazartesi | Çarşamba | Çarşamba,08:30/12:29 | 13:30/17:29 | 08:30/12:29 | 13:30/17:29,,12,14,,SBPE,,
30536,SBP 411,SBP,LS,Proje VII,,Cem Beygo,MMB | MMB | MMB | MMB,Pazartesi | Pazartesi | Çarşamba | Çarşamba,08:30/12:29 | 13:30/17:29 | 08:30/12:29 | 13:30/17:29,,12,8,,"SBP, SBPM",,
30537,EUT 220E,EUT,LS,Industrial Design Studio I,,Deniz Leblebici Başar,MMB | MMB | MMB | MMB,Salı | Salı | Perşembe | Perşembe,08:30/12:29 | 13:30/17:29 | 08:30/12:29 | 13:30/17:29,,10,14,,EUTE,,
30538,EUT 319E,EUT,LS,Industrial Design Studio II,,Deniz Leblebici Başar,MMB | MMB | MMB | MMB,Salı | Salı | Perşembe | Perşembe,08:30/12:29 | 13:30/17:29 | 08:30/12:29 | 13:30/17:29,,10,10,,EUTE,,
30539,EUT 320E,EUT,LS,Industrial Design Studio III,,Gülname Turan,MMB | MMB | MMB | MMB,Salı | Salı | Perşembe | Perşembe,08:30/12:29 | 13:30/17:29 | 08:30/12:29 | 13:30/17:29,,10,9,,EUTE,,
30540,EUT 419E,EUT,LS,Industrial Design Studio IV,,Gülname Turan,MMB | MMB | MMB | MMB,Salı | Salı | Perşembe | Perşembe,08:30/12:29 | 13:30/17:29 | 08:30/12:29 | 13:30/17:29,,10,9,,EUTE,,
30541,PEM 311E,PEM,LS,Landscape Design II,,Fatma Ayçim Türer Başkaya,MMB | MMB | MMB | MMB,Pazartesi | Pazartesi | Çarşamba | Çarşamba,08:30/12:29 | 13:30/17:29 | 08:30/12:29 | 13:30/17:29,,10,2,,"PEM, PEME",,
30542,PEM 312E,PEM,LS,Landscape Design III,,Fatma Ayçim Türer Başkaya,MMB | MMB | MMB | MMB,Pazartesi | Pazartesi | Çarşamba | Çarşamba,08:30/12:29 | 13:30/17:29 | 08:30/12:29 | 13:30/17:29,,10,7,,"PEM, PEME",,
30543,ICM 343,ICM,LS,Iç Mimarlık Projesi II,,Ervin Garip,MMB | MMB | MMB | MMB,Pazartesi | Pazartesi | Perşembe | Perşembe,08:30/12:29 | 13:30/17:29 | 08:30/12:29 | 13:30/17:29,,10,3,,ICM,,
30544,ICM 343E,ICM,LS,Interior Arch.Design Studio II,,Ervin Garip,MMB | MMB | MMB | MMB,Pazartesi | Pazartesi | Perşembe | Perşembe,08:30/12:29 | 13:30/17:29 | 08:30/12:29 | 13:30/17:29,,10,10,,"ICM, ICME",,
30545,ICM 443,ICM,LS,İç Mimarlık Projesi IV,,Ervin Garip,MMB | MMB | MMB | MMB,Salı | Salı | Cuma | Cuma,08:30/12:29 | 13:30/17:29 | 08:30/12:29 | 13:30/17:29,,10,1,,ICM,,
30546,ICM 443E,ICM,LS,Interior Arch.Desgn Studio IV,,Ervin Garip,MMB | MMB | MMB | MMB,Salı | Salı | Cuma | Cuma,08:30/12:29 | 13:30/17:29 | 08:30/12:29 | 13:30/17:29,,10,6,,"ICM, ICME",,
30548,BIO 311E,BIO,LS,Biochemistry I,,Nevin Gül-Karagüler,FEB | FEB | FEB | FEB,Salı | Çarşamba | Çarşamba | Perşembe,12:30/15:29 | 09:30/12:29 | 12:30/15:29 | 12:30/15:29,,20,15,,"BIO, BIOE",,
30549,BIO 312E,BIO,LS,Biochemistry II,,--,FEB | FEB | FEB | FEB,Pazartesi | Pazartesi | Cuma | Cuma,09:30/12:29 | 12:30/15:29 | 09:30/12:29 | 14:30/17:29,,0,0,,"BIO, BIOE",,
30550,BIO 341E,BIO,LS,General Biotechnology,,"Zeynep Petek Çakar, Fatma Neşe Kök",MOBGAM | MOBGAM,Salı | Perşembe,09:30/12:29 | 09:30/12:29,,30,29,,"BIO, BIOE",,
30571,KIM 205E,KIM,LS,Organic Chemistry,,Ayşe Özdemir,FEB | FEB,Salı | Çarşamba,09:30/12:29 | 09:30/12:29,,27,23,,"CEVE, CHZE, DENE, GEME, GEMK, JEOE, KIM, KIMM, MADE, MET, METE, PETE, TEKE",,
30574,KIM 202,KIM,LS,Fiziksel Kimya,,Erdem Yavuz,FEB | FEB,Çarşamba | Perşembe,09:30/12:29 | 09:30/12:29,,25,25,,"BIO, CEV, CHZ, DEN, ELE, ELH, ELK, GEM, GID, GMI, JEO, KIMM, KMM, KMMM, KYD, MAD, MET, PET, TEL",,
30578,DFH 172E,DFH,LS,Maritime English I,,Halime Ceren Göktaş,DZB,Cuma,08:30/12:29,,65,42,,"DUI, DUIE",,
30579,DFH 222E,DFH,LS,Maritime English II,,Halime Ceren Göktaş,DZB,Cuma,13:30/17:29,,65,50,,"DUI, DUIE",,
30580,DUI 251,DUI,LS,Meteoroloji,,Ayşe Yılmaz,DZB | DZB,Perşembe | Perşembe,09:30/12:29 | 13:30/16:29,,30,24,,DUI,,
30581,DUI 212E,DUI,LS,Cargo Handling and Stowage I,,Emre Akyüz,DZB,Pazartesi,08:30/12:29,,30,9,,"DUI, DUIE",,
30582,DUI 341E,DUI,LS,Maritime Practical Studies,,Orhan Gönel,DZB | DZB,Çarşamba | Çarşamba,08:30/12:29 | 13:30/17:29,,30,14,,"DUI, DUIE",,
30585,DUI 401E,DUI,LS,Ship Handling and Manouevring,,Emre Akyüz,DZB | DZB,Pazartesi | Cuma,13:30/17:29 | 13:30/15:29,,30,21,,"DUI, DUIE",,
30586,DUI 361E,DUI,LS,Technical Ship Management,,Emre Akyüz,DZB,Cuma,08:30/12:29,,45,33,,"DUI, DUIE",,
30592,GEO 213E,GEO,LS,Positioning Method and Systems,,Hasan Hakan Yavaşoğlu,INB | INB,Çarşamba | Cuma,13:30/16:29 | 14:30/17:29,,40,35,,"GEO, GEOE, JDF",,
30594,DUI 442,DUI,LS,Meteoroloji ve Oşinografi,,Ayşe Yılmaz,DZB,Çarşamba,09:30/13:29,,30,5,,DUI,,
30595,GMI 433E,GMI,LS,Refrigeration and HVAC Systems,,Yasin Arslanoğlu,DZB,Perşembe,13:30/17:29,,50,24,,"GMI, GMIE",,
30596,GMI 453E,GMI,LS,Marine Auxiliary MachineryII,,Vural Ateş,DZB | DZB,Cuma | Cuma,08:30/11:29 | 13:30/16:29,,50,6,,"GMI, GMIE",,
30597,GEM 222E,GEM,LS,Ship Construction,,Özgür Özgüç,GDB | GDB,Pazartesi | Pazartesi,08:30/12:29 | 13:30/17:29,,80,32,,"GEM, GEME, GEMK",,
30598,BIL 113E,BIL,LS,Intr.to Sci& Eng.Comp.(MATLAB),,Bilge Tutak,EEB | EEB,Pazartesi | Pazartesi,09:30/12:29 | 13:30/16:29,,40,43,,"BIOE, CHZ, DEN, ECNE, GEM, GID, GIDE, INS, INSE, ISL, ISLE, JEO, KIM, KIME, MET, METE, TEKE, UCK, UZBE",,
30600,SBP 312,SBP,LS,Proje VI,,Turgay Kerem Koramaz,MMB | MMB | MMB | MMB,Pazartesi | Pazartesi | Çarşamba | Çarşamba,08:30/12:29 | 13:30/17:29 | 08:30/12:29 | 13:30/17:29,,10,5,,"SBP, SBPM",,
30601,SBP 312E,SBP,LS,Project VI,,Turgay Kerem Koramaz,MMB | MMB | MMB | MMB,Pazartesi | Pazartesi | Çarşamba | Çarşamba,08:30/12:29 | 13:30/17:29 | 08:30/12:29 | 13:30/17:29,,10,6,,"SBPE, SBPM",,
30602,BIL 113E,BIL,LS,Intr.to Sci& Eng.Comp.(MATLAB),,Bilge Tutak,EEB | EEB,Salı | Salı,09:30/12:29 | 13:30/16:29,,40,39,,"BIOE, CHZ, DEN, ECNE, GEM, GID, GIDE, INS, INSE, ISL, ISLE, JEO, KIM, KIME, MET, METE, TEKE, UCK, UZBE",,
30603,END 242E,END,LS,Machine Tools,,Hüsnü Bülent Cerit,ISB | ISB,Cuma | Cuma,09:30/12:29 | 12:30/15:29,,60,44,,"END, ENDE",,
30605,END 252E,END,LS,Theory of Probability,,Ömer Faruk Beyca,ISB | ISB,Pazartesi | Pazartesi,09:30/12:29 | 13:30/16:29,,72,75,,"END, ENDE",,
30606,END 331E,END,LS,Operations Research I,,Hüsnü Bülent Cerit,ISB | ISB,Çarşamba | Çarşamba,09:30/12:29 | 13:30/16:29,,70,69,,"END, ENDE",,
30607,GMI 443E,GMI,LS,Marine Diesel Engines III,,Yalçın Durmuşoğlu,DZB | DZB,Salı | Salı,08:30/11:29 | 13:30/16:29,,30,8,,"GMI, GMIE",,
30611,INS 341,INS,LS,Yapı İşletmesi,,Gürkan Emre Gürcanlı,INB | INB,Salı | Salı,09:30/12:29 | 13:30/16:29,,50,50,,INS,,
30612,INS 334E,INS,LS,Health&Safety; in Construction,,Gürkan Emre Gürcanlı,INB | INB,Çarşamba | Çarşamba,09:30/11:29 | 13:30/15:29,,50,33,,"INS, INSE",,
30613,MUK 203,MUK,LS,Mukavemet I,,Adnan Kefal,GDB | GDB,Pazartesi | Pazartesi,09:30/12:29 | 13:30/16:29,,20,20,,"DEN, EHB, ELE, ELH, GEM, GEMM, JEO, TEL, UCK, UCKM, UZB, UZBM",,
30614,MUK 204,MUK,LS,Mukavemet II,,Adnan Kefal,GDB | GDB,Cuma | Cuma,09:30/12:29 | 13:30/16:29,,20,21,,"DEN, GEM, GEMM, UCK, UCKM, UZB, UZBM",,
30615,GEM 421E,GEM,LS,Ship Motions and Maneuvering,,Emin Korkut,GDB | GDB,Salı | Çarşamba,08:30/12:29 | 08:30/12:29,,25,23,,"GEM, GEME",,
30616,MAT 355E,MAT,LS,Topology,,Fuat Ergezen,FEB | FEB,Çarşamba | Çarşamba,08:30/11:29 | 13:30/16:29,,40,38,,"MAT, MATE, MATM",,
30617,SBP 449E,SBP,LS,Planning Commercial Areas,,Cem Beygo,MMB | MMB,Salı | Salı,09:30/12:29 | 13:30/16:29,,20,14,,"SBP, SBPE, SBPM",,
30619,UCK 351E,UCK,LS,Aerodynamics,,Hayri Acar,UUB | UUB,Salı | Perşembe,13:30/17:29 | 13:30/17:29,,30,34,,"UCK, UCKE, UZB, UZBE",,
30620,EKO 201E,EKO,LS,Economics,,Mete Han Yağmur,FEB | FEB,Salı | Salı,09:30/12:29 | 13:30/16:29,,150,169,,"BLG, BLGE, CEV, CEVE, CHZ, CHZE, DEN, DENE, EHBE, ELE, ELH, ELK, ELKE, END, ENDE, EUT, EUTE, FIZ, GEM, GEME, GEMK, GEO, GEOE, GID, GIDE, ICM, IML, IMLE, INS, INSE, JDF, JEO, JEOE, KMM, KMME, KOM, KOME, MAD, MADE, MAK, MAKE, MAT, MATE, MET, METE, MIM, MIME, MTO, MTOE, PEM, PEME, PET, PETE, SBP, SBPE, TEK, TEKE, TEL, UCK, UCKE, UZB, UZBE",,
30621,ING 201,ING,LS,English III,,Şadiye Saraç,INB | INB,Salı | Perşembe,09:30/12:29 | 09:30/12:29,,25,35,,"BIO, BIOE, BLG, BLGE, CEV, CEVE, CHZ, CHZE, DEN, DENE, ECNE, EHB, EHBE, ELE, ELH, ELK, ELKE, END, ENDE, EUT, EUTE, FIZ, FIZE, GEM, GEME, GEMK, GEO, GEOE, GID, GIDE, ICM, IML, IMLE, INS, INSE, ISL, ISLE, JDF, JEF, JEFE, JEO, JEOE, KIM, KIME, KMM, KMME, KOM, KOME, MAD, MADE, MAK, MAKE, MAT, MATE, MET, METE, MIM, MIME, MTO, MTOE, MUZE, PEM, PEME, PET, PETE, SBP, SBPE, TEK, TEKE, TEL, UCK, UCKE, UZB, UZBE",,
30622,ING 201,ING,LS,English III,,Şadiye Saraç,INB | INB,Salı | Perşembe,13:30/16:29 | 13:30/16:29,,25,35,,"BIO, BIOE, BLG, BLGE, CEV, CEVE, CHZ, CHZE, DEN, DENE, ECNE, EHB, EHBE, ELE, ELH, ELK, ELKE, END, ENDE, EUT, EUTE, FIZ, FIZE, GEM, GEME, GEMK, GEO, GEOE, GID, GIDE, ICM, IML, IMLE, INS, INSE, ISL, ISLE, JDF, JEF, JEFE, JEO, JEOE, KIM, KIME, KMM, KMME, KOM, KOME, MAD, MADE, MAK, MAKE, MAT, MATE, MET, METE, MIM, MIME, MTO, MTOE, MUZE, PEM, PEME, PET, PETE, SBP, SBPE, TEK, TEKE, TEL, UCK, UCKE, UZB, UZBE",,
30623,ING 201,ING,LS,English III,,Şadiye Saraç,MED | MED,Çarşamba | Çarşamba,09:30/12:29 | 13:30/16:29,,25,46,,"BIO, BIOE, BLG, BLGE, CEV, CEVE, CHZ, CHZE, DEN, DENE, ECNE, EHB, EHBE, ELE, ELH, ELK, ELKE, END, ENDE, EUT, EUTE, FIZ, FIZE, GEM, GEME, GEMK, GEO, GEOE, GID, GIDE, ICM, IML, IMLE, INS, INSE, ISL, ISLE, JDF, JEF, JEFE, JEO, JEOE, KIM, KIME, KMM, KMME, KOM, KOME, MAD, MADE, MAK, MAKE, MAT, MATE, MET, METE, MIM, MIME, MTO, MTOE, MUZE, PEM, PEME, PET, PETE, SBP, SBPE, TEK, TEKE, TEL, UCK, UCKE, UZB, UZBE",,
30626,MAT 202,MAT,LS,Sayısal Yöntemler,,Turgut Öztürk,INB | INB,Perşembe | Perşembe,09:30/12:29 | 13:30/16:29,,65,60,,"CEV, CHZ, DEN, EHB, ELE, ELH, ELK, GEM, GEO, GID, IML, INS, ISL, JEF, JEO, KOM, KON, MAD, MAK, MET, PET, TEK, TEL",,
30627,SNT 106,SNT,LS,Geleneks. Türk El Sanatları,,Ayşe Yivlik Neftçi,MED | MED,Çarşamba | Çarşamba,09:30/12:29 | 13:30/16:29,,20,20,,"BIO, BLG, CEV, CHZ, DEN, EHB, ELE, ELH, ELK, END, EUT, FIZ, GEM, GEO, GID, GMI, ICM, IML, INS, ISL, JDF, JEF, JEO, KIM, KMM, KOM, MAD, MAK, MAT, MET, MIM, MTO, PEM, PET, SBP, TEK, TEL, UCK, UZB",,
30628,ATA 101,ATA,LS,Atatürk İlk & İnkılap Trh I,,Yusuf Ziya Altıntaş,MED | MED,Çarşamba | Perşembe,10:30/12:29 | 10:30/12:29,,40,43,,"BIO, BIOE, BLG, BLGE, CEV, CEVE, CHZ, CHZE, DEN, DENE, DUI, DUIE, ECNE, EHB, EHBE, EHN, ELE, ELH, ELK, ELKE, END, ENDE, EUT, EUTE, FIZ, FIZE, GEM, GEME, GEMK, GEO, GEOE, GID, GIDE, GMI, GMIE, ICM, IML, IMLE, INS, INSE, ISL, ISLE, JDF, JEF, JEFE, JEO, JEOE, KIM, KIME, KMM, KMME, KOM, KOME, MAD, MADE, MAK, MAKE, MAT, MATE, MET, METE, MIM, MIME, MTO, MTOE, PEM, PEME, PET, PETE, SBP, SBPE, SEH, TEK, TEKE, TEL, THO, UCK, UCKE, UZB, UZBE",,
30629,ATA 101,ATA,LS,Atatürk İlk & İnkılap Trh I,,Yusuf Ziya Altıntaş,MED | MED,Çarşamba | Perşembe,13:30/15:29 | 13:30/15:29,,40,39,,"BIO, BIOE, BLG, BLGE, CEV, CEVE, CHZ, CHZE, DEN, DENE, DUI, DUIE, ECNE, EHB, EHBE, EHN, ELE, ELH, ELK, ELKE, END, ENDE, EUT, EUTE, FIZ, FIZE, GEM, GEME, GEMK, GEO, GEOE, GID, GIDE, GMI, GMIE, ICM, IML, IMLE, INS, INSE, ISL, ISLE, JDF, JEF, JEFE, JEO, JEOE, KIM, KIME, KMM, KMME, KOM, KOME, MAD, MADE, MAK, MAKE, MAT, MATE, MET, METE, MIM, MIME, MTO, MTOE, PEM, PEME, PET, PETE, SBP, SBPE, SEH, TEK, TEKE, TEL, THO, UCK, UCKE, UZB, UZBE",,
30630,ATA 101,ATA,LS,Atatürk İlk & İnkılap Trh I,,Necdet Öz,MED | MED,Salı | Çarşamba,10:30/12:29 | 10:30/12:29,,40,40,,"BIO, BIOE, BLG, BLGE, CEV, CEVE, CHZ, CHZE, DEN, DENE, DUI, DUIE, ECNE, EHB, EHBE, EHN, ELE, ELH, ELK, ELKE, END, ENDE, EUT, EUTE, FIZ, FIZE, GEM, GEME, GEMK, GEO, GEOE, GID, GIDE, GMI, GMIE, ICM, IML, IMLE, INS, INSE, ISL, ISLE, JDF, JEF, JEFE, JEO, JEOE, KIM, KIME, KMM, KMME, KOM, KOME, MAD, MADE, MAK, MAKE, MAT, MATE, MET, METE, MIM, MIME, MTO, MTOE, PEM, PEME, PET, PETE, SBP, SBPE, SEH, TEK, TEKE, TEL, THO, UCK, UCKE, UZB, UZBE",,
30631,ATA 101,ATA,LS,Atatürk İlk & İnkılap Trh I,,Necdet Öz,MED | MED,Salı | Çarşamba,13:30/15:29 | 13:30/15:29,,40,41,,"BIO, BIOE, BLG, BLGE, CEV, CEVE, CHZ, CHZE, DEN, DENE, DUI, DUIE, ECNE, EHB, EHBE, EHN, ELE, ELH, ELK, ELKE, END, ENDE, EUT, EUTE, FIZ, FIZE, GEM, GEME, GEMK, GEO, GEOE, GID, GIDE, GMI, GMIE, ICM, IML, IMLE, INS, INSE, ISL, ISLE, JDF, JEF, JEFE, JEO, JEOE, KIM, KIME, KMM, KMME, KOM, KOME, MAD, MADE, MAK, MAKE, MAT, MATE, MET, METE, MIM, MIME, MTO, MTOE, PEM, PEME, PET, PETE, SBP, SBPE, SEH, TEK, TEKE, TEL, THO, UCK, UCKE, UZB, UZBE",,
30632,MUK 201E,MUK,LS,Strength of Materials I,,Semih Küçükarslan,INB | INB,Salı | Perşembe,08:30/13:29 | 08:30/13:29,,55,51,,"FIZ, FIZE, INS, INSE, MAT, UCKM",,
30633,GEO 303,GEO,LS,Kadastro Bilgisi,,Tahsin Yomralıoğlu,INB,Salı,08:30/12:29,,30,28,,"GEO, JDF",,
30634,JDF 321,JDF,LS,Uzaktan Algılama I,,Nebiye Musaoğlu,INB | INB,Cuma | Cuma,09:30/12:29 | 14:30/17:29,,25,24,,"GEO, MTO",,
30635,ATA 102,ATA,LS,Atatürk İlk & İnkılap Trh II,,Sait Kofoğlu,INB | INB,Perşembe | Cuma,10:30/12:29 | 10:30/12:29,,40,45,,"BIO, BIOE, BLG, BLGE, CEV, CEVE, CHZ, CHZE, DEN, DENE, DUI, DUIE, ECNE, EHB, EHBE, EHN, ELE, ELH, ELK, ELKE, END, ENDE, EUT, EUTE, FIZ, FIZE, GEM, GEME, GEMK, GEO, GEOE, GID, GIDE, GMI, GMIE, ICM, IML, IMLE, INS, INSE, ISL, ISLE, JDF, JEF, JEFE, JEO, JEOE, KIM, KIME, KMM, KMME, KOM, KOME, MAD, MADE, MAK, MAKE, MAT, MATE, MET, METE, MIM, MIME, MTO, MTOE, PEM, PEME, PET, PETE, SBP, SBPE, SEH, TEK, TEKE, TEL, THO, UCK, UCKE, UZB, UZBE",,
30636,ATA 101,ATA,LS,Atatürk İlk & İnkılap Trh I,,Sait Kofoğlu,INB | INB,Perşembe | Cuma,08:30/10:29 | 08:30/10:29,,40,43,,"BIO, BIOE, BLG, BLGE, CEV, CEVE, CHZ, CHZE, DEN, DENE, DUI, DUIE, ECNE, EHB, EHBE, EHN, ELE, ELH, ELK, ELKE, END, ENDE, EUT, EUTE, FIZ, FIZE, GEM, GEME, GEMK, GEO, GEOE, GID, GIDE, GMI, GMIE, ICM, IML, IMLE, INS, INSE, ISL, ISLE, JDF, JEF, JEFE, JEO, JEOE, KIM, KIME, KMM, KMME, KOM, KOME, MAD, MADE, MAK, MAKE, MAT, MATE, MET, METE, MIM, MIME, MTO, MTOE, PEM, PEME, PET, PETE, SBP, SBPE, SEH, TEK, TEKE, TEL, THO, UCK, UCKE, UZB, UZBE",,
30637,ATA 101,ATA,LS,Atatürk İlk & İnkılap Trh I,,Sait Kofoğlu,INB | INB,Perşembe | Cuma,15:30/17:29 | 15:30/17:29,,40,44,,"BIO, BIOE, BLG, BLGE, CEV, CEVE, CHZ, CHZE, DEN, DENE, DUI, DUIE, ECNE, EHB, EHBE, EHN, ELE, ELH, ELK, ELKE, END, ENDE, EUT, EUTE, FIZ, FIZE, GEM, GEME, GEMK, GEO, GEOE, GID, GIDE, GMI, GMIE, ICM, IML, IMLE, INS, INSE, ISL, ISLE, JDF, JEF, JEFE, JEO, JEOE, KIM, KIME, KMM, KMME, KOM, KOME, MAD, MADE, MAK, MAKE, MAT, MATE, MET, METE, MIM, MIME, MTO, MTOE, PEM, PEME, PET, PETE, SBP, SBPE, SEH, TEK, TEKE, TEL, THO, UCK, UCKE, UZB, UZBE",,
30638,ATA 102,ATA,LS,Atatürk İlk & İnkılap Trh II,,Seda Bayındır Uluskan,MDB | MDB,Salı | Perşembe,10:30/12:29 | 10:30/12:29,,40,43,,"BIO, BIOE, BLG, BLGE, CEV, CEVE, CHZ, CHZE, DEN, DENE, DUI, DUIE, ECNE, EHB, EHBE, EHN, ELE, ELH, ELK, ELKE, END, ENDE, EUT, EUTE, FIZ, FIZE, GEM, GEME, GEMK, GEO, GEOE, GID, GIDE, GMI, GMIE, ICM, IML, IMLE, INS, INSE, ISL, ISLE, JDF, JEF, JEFE, JEO, JEOE, KIM, KIME, KMM, KMME, KOM, KOME, MAD, MADE, MAK, MAKE, MAT, MATE, MET, METE, MIM, MIME, MTO, MTOE, PEM, PEME, PET, PETE, SBP, SBPE, SEH, TEK, TEKE, TEL, THO, UCK, UCKE, UZB, UZBE",,
30640,BIL 100E,BIL,LS,Intr.to Prog.Language(PYTHON),,Ömer Özyıldırım,MED | MED,Pazartesi | Pazartesi,09:30/12:29 | 13:30/16:29,,30,26,,"BIO, BIOE, CEV, CEVE, CHZ, CHZE, DEN, DENE, DUI, DUIE, ECNE, EHB, EHBE, ELE, ELH, END, ENDE, EUT, EUTE, FIZ, FIZE, FIZM, GEM, GEME, GEMK, GID, GIDE, GMI, GMIE, ICM, IML, IMLE, INS, INSE, ISL, ISLE, JEF, JEFE, JEO, JEOE, KIM, KIME, KOM, KOME, MAD, MADE, MAK, MAKE, MAT, MATE, MET, METE, MIM, MIME, MTO, MTOE, PEM, PEME, PET, PETE, SBP, SBPE, SEN, TEK, TEKE, TEL, UCK, UCKE, UZB, UZBE",,
30641,BIL 100E,BIL,LS,Intr.to Prog.Language(PYTHON),,Ömer Özyıldırım,MED | MED,Salı | Salı,09:30/12:29 | 13:30/16:29,,30,22,,"BIO, BIOE, CEV, CEVE, CHZ, CHZE, DEN, DENE, DUI, DUIE, ECNE, EHB, EHBE, ELE, ELH, END, ENDE, EUT, EUTE, FIZ, FIZE, FIZM, GEM, GEME, GEMK, GID, GIDE, GMI, GMIE, ICM, IML, IMLE, INS, INSE, ISL, ISLE, JEF, JEFE, JEO, JEOE, KIM, KIME, KOM, KOME, MAD, MADE, MAK, MAKE, MAT, MATE, MET, METE, MIM, MIME, MTO, MTOE, PEM, PEME, PET, PETE, SBP, SBPE, SEN, TEK, TEKE, TEL, UCK, UCKE, UZB, UZBE",,
30642,BIL 100E,BIL,LS,Intr.to Prog.Language(PYTHON),,Ömer Özyıldırım,MED | MED,Çarşamba | Çarşamba,09:30/12:29 | 13:30/16:29,,30,29,,"BIO, BIOE, CEV, CEVE, CHZ, CHZE, DEN, DENE, DUI, DUIE, ECNE, EHB, EHBE, ELE, ELH, END, ENDE, EUT, EUTE, FIZ, FIZE, FIZM, GEM, GEME, GEMK, GID, GIDE, GMI, GMIE, ICM, IML, IMLE, INS, INSE, ISL, ISLE, JEF, JEFE, JEO, JEOE, KIM, KIME, KOM, KOME, MAD, MADE, MAK, MAKE, MAT, MATE, MET, METE, MIM, MIME, MTO, MTOE, PEM, PEME, PET, PETE, SBP, SBPE, SEN, TEK, TEKE, TEL, UCK, UCKE, UZB, UZBE",,
30644,BIL 100E,BIL,LS,Intr.to Prog.Language(PYTHON),,Evren Dağlarlı,MED | MED,Pazartesi | Pazartesi,09:30/12:29 | 13:30/16:29,,30,29,,"BIO, BIOE, CEV, CEVE, CHZ, CHZE, DEN, DENE, DUI, DUIE, ECNE, EHB, EHBE, ELE, ELH, END, ENDE, EUT, EUTE, FIZ, FIZE, FIZM, GEM, GEME, GEMK, GID, GIDE, GMI, GMIE, ICM, IML, IMLE, INS, INSE, ISL, ISLE, JEF, JEFE, JEO, JEOE, KIM, KIME, KOM, KOME, MAD, MADE, MAK, MAKE, MAT, MATE, MET, METE, MIM, MIME, MTO, MTOE, PEM, PEME, PET, PETE, SBP, SBPE, SEN, TEK, TEKE, TEL, UCK, UCKE, UZB, UZBE",,
30645,BIL 100E,BIL,LS,Intr.to Prog.Language(PYTHON),,Evren Dağlarlı,MED | MED,Salı | Salı,09:30/12:29 | 13:30/16:29,,30,16,,"BIO, BIOE, CEV, CEVE, CHZ, CHZE, DEN, DENE, DUI, DUIE, ECNE, EHB, EHBE, ELE, ELH, END, ENDE, EUT, EUTE, FIZ, FIZE, FIZM, GEM, GEME, GEMK, GID, GIDE, GMI, GMIE, ICM, IML, IMLE, INS, INSE, ISL, ISLE, JEF, JEFE, JEO, JEOE, KIM, KIME, KOM, KOME, MAD, MADE, MAK, MAKE, MAT, MATE, MET, METE, MIM, MIME, MTO, MTOE, PEM, PEME, PET, PETE, SBP, SBPE, SEN, TEK, TEKE, TEL, UCK, UCKE, UZB, UZBE",,
30646,BIL 100E,BIL,LS,Intr.to Prog.Language(PYTHON),,Evren Dağlarlı,MED | MED,Çarşamba | Çarşamba,09:30/12:29 | 13:30/16:29,,30,18,,"BIO, BIOE, CEV, CEVE, CHZ, CHZE, DEN, DENE, DUI, DUIE, ECNE, EHB, EHBE, ELE, ELH, END, ENDE, EUT, EUTE, FIZ, FIZE, FIZM, GEM, GEME, GEMK, GID, GIDE, GMI, GMIE, ICM, IML, IMLE, INS, INSE, ISL, ISLE, JEF, JEFE, JEO, JEOE, KIM, KIME, KOM, KOME, MAD, MADE, MAK, MAKE, MAT, MATE, MET, METE, MIM, MIME, MTO, MTOE, PEM, PEME, PET, PETE, SBP, SBPE, SEN, TEK, TEKE, TEL, UCK, UCKE, UZB, UZBE",,
30647,BIL 100E,BIL,LS,Intr.to Prog.Language(PYTHON),,Berfin Kalay,MED | MED,Perşembe | Perşembe,09:30/12:29 | 13:30/16:29,,35,35,,"BIO, BIOE, CEV, CEVE, CHZ, CHZE, DEN, DENE, DUI, DUIE, ECNE, EHB, EHBE, ELE, ELH, END, ENDE, EUT, EUTE, FIZ, FIZE, FIZM, GEM, GEME, GEMK, GID, GIDE, GMI, GMIE, ICM, IML, IMLE, INS, INSE, ISL, ISLE, JEF, JEFE, JEO, JEOE, KIM, KIME, KOM, KOME, MAD, MADE, MAK, MAKE, MAT, MATE, MET, METE, MIM, MIME, MTO, MTOE, PEM, PEME, PET, PETE, SBP, SBPE, SEN, TEK, TEKE, TEL, UCK, UCKE, UZB, UZBE",,
30648,BIL 100E,BIL,LS,Intr.to Prog.Language(PYTHON),,Berfin Kalay,MED | MED,Cuma | Cuma,09:30/12:29 | 13:30/16:29,,35,36,,"BIO, BIOE, CEV, CEVE, CHZ, CHZE, DEN, DENE, DUI, DUIE, ECNE, EHB, EHBE, ELE, ELH, END, ENDE, EUT, EUTE, FIZ, FIZE, FIZM, GEM, GEME, GEMK, GID, GIDE, GMI, GMIE, ICM, IML, IMLE, INS, INSE, ISL, ISLE, JEF, JEFE, JEO, JEOE, KIM, KIME, KOM, KOME, MAD, MADE, MAK, MAKE, MAT, MATE, MET, METE, MIM, MIME, MTO, MTOE, PEM, PEME, PET, PETE, SBP, SBPE, SEN, TEK, TEKE, TEL, UCK, UCKE, UZB, UZBE",,
30650,SBP 449E,SBP,LS,Planning Commercial Areas,,--,MMB | MMB,Salı | Salı,09:30/12:29 | 13:30/16:29,,0,0,,"SBP, SBPE, SBPM",,
30651,END 422E,END,LS,Quality Control,,"Esra Baş, Ömer Faruk Beyca",ISB | ISB,Çarşamba | Çarşamba,09:30/12:29 | 12:30/15:29,,70,59,,"END, ENDE",,
30652,END 322E,END,LS,System Simulation,,Ömer Faruk Beyca,ISB | ISB,Perşembe | Perşembe,09:30/12:29 | 12:30/15:29,,75,62,,"END, ENDE",,
30653,END 311E,END,LS,Statistics,,Nizamettin Bayyurt,ISB | ISB,Salı | Salı,09:30/12:29 | 12:30/15:29,,55,59,,"END, ENDE, ISL, ISLE",,
30654,END 312E,END,LS,Engineering Economics,,İrem Uçal Sarı,ISB | ISB,Cuma | Cuma,10:30/13:29 | 13:30/16:29,,60,57,,"END, ENDE",,
30655,END 421E,END,LS,Production Planning&Control;,,Esra Baş,ISB | ISB,Salı | Salı,09:30/12:29 | 12:30/15:29,,70,46,,"END, ENDE",,
30661,MAT 210E,MAT,LS,Engineering Mathematics,,Ali Demirci,MED | MED,Pazartesi | Salı,08:30/12:29 | 08:30/12:29,,50,49,,"BIOE, BLG, BLGE, CEV, CEVE, CHZ, CHZE, DEN, DENE, ECNE, EHB, EHBE, ELK, ELKE, END, ENDE, FIZ, FIZE, GEM, GEME, GEMK, GEO, GEOE, GID, GIDE, INS, INSE, ISL, ISLE, JEF, JEFE, JEO, JEOE, KIM, KIME, KMM, KMME, KOME, MAD, MADE, MATM, MET, METE, MTO, MTOE, PETE, TEKE, UCK, UCKE, UCKM, UZBE, UZBM",,
30662,MAT 210E,MAT,LS,Engineering Mathematics,,Ali Demirci,MED | MED,Pazartesi | Salı,13:30/17:29 | 13:30/17:29,,50,50,,"BIOE, BLG, BLGE, CEV, CEVE, CHZ, CHZE, DEN, DENE, ECNE, EHB, EHBE, ELK, ELKE, END, ENDE, FIZ, FIZE, GEM, GEME, GEMK, GEO, GEOE, GID, GIDE, INS, INSE, ISL, ISLE, JEF, JEFE, JEO, JEOE, KIM, KIME, KMM, KMME, KOME, MAD, MADE, MATM, MET, METE, MTO, MTOE, PETE, TEKE, UCK, UCKE, UCKM, UZBE, UZBM",,
30664,IML 318,IML,LS,Makina Elemanları,,Hacı Abdullah Taşdemir,MKB | MKB,Çarşamba | Perşembe,08:30/12:29 | 08:30/12:29,,40,27,,"IML, IMLM",,
30667,DFH 202E,DFH,LS,Ship Emergency Response,,--,DZB,Cuma,08:30/12:29,,0,0,,"DUI, DUIE",,
30668,DUI 451E,DUI,LS,Cargo Handling Simulator,,Orhan Gönel,DZB,Perşembe,13:30/17:29,,25,20,,"DUI, DUIE",,
30669,DUI 461E,DUI,LS,Ship Surveying Procedures,,Fırat Bolat,DZB,Salı,13:30/17:29,,25,20,,"DUI, DUIE",,
30671,DFH 411E,DFH,LS,Commercial Ship Management,,Pelin Bolat,DZB,Çarşamba,08:30/12:29,,25,16,,"DUI, DUIE",,
30672,DFH 402E,DFH,LS,Maritime Sec.&Qual.;..,,Pelin Bolat,DZB,Çarşamba,13:30/17:29,,25,11,,"DUI, DUIE",,
30674,GMI 270E,GMI,LS,Maritime English II,,Halime Ceren Göktaş,DZB | DZB,Perşembe | Perşembe,08:30/10:29 | 10:30/12:29,,55,46,,"GMI, GMIE",,
30675,DUI 211E,DUI,LS,Ship Construction & Stability,,Erdem Üçer,DZB | DZB,Pazartesi | Pazartesi,08:30/12:29 | 13:30/17:29,,50,38,,"DUI, DUIE",,
30678,BIL 113E,BIL,LS,Intr.to Sci& Eng.Comp.(MATLAB),,Ata Bilgili,DZB | DZB,Perşembe | Perşembe,08:30/11:29 | 13:30/16:29,,35,28,,"DUI, GMI",,
30679,GEO 209,GEO,LS,Taşınmaz Hukuku,,Mustafa Yanalak,INB,Salı,13:30/17:29,,30,21,,"GEO, JDF",,
30680,IML 312,IML,LS,İmal Usülleri II,,Ali Gökşenli,MKB | MKB,Cuma | Cuma,08:30/12:29 | 13:30/17:29,,40,24,,IML,,
30681,MAK 217,MAK,LS,Dinamik,,Necmi Aydın Ünverdi,MKB | MKB,Salı | Perşembe,13:30/17:29 | 13:30/17:29,,30,20,,MAK,,
30682,MAK 118,MAK,LS,Statik,,Necmi Aydın Ünverdi,MKB | MKB,Salı | Çarşamba,08:30/11:29 | 14:30/17:29,,30,29,,MAK,,
30683,GEM 342E,GEM,LS,Ship Design,,Şebnem Helvacıoğlu,GDB | GDB,Perşembe | Perşembe,09:30/12:29 | 13:30/16:29,,15,5,,"GEM, GEME, GEMK, GEMM",,
30684,MAT 187,MAT,LS,Matematik I,,Kamil Oruçoğlu,FEB | FEB | FEB,Salı | Cuma | Cuma,08:30/13:29 | 08:30/12:29 | 14:30/17:29,,20,15,,MAT,,
30686,MAT 261,MAT,LS,Lineer Cebir,,Şenay Pasinlioğlu,MED | MED,Perşembe | Cuma,09:30/12:29 | 09:30/12:29,,50,36,,"BIO, DEN, ELH, END, FIZ, GEM, GEO, ISL, JDF, JEF, KMM, MAD, MTO, TEK, UCK, UZB, UZBM",,
30687,MAT 242E,MAT,LS,Statistics,,Gül İnan,INB | MED,Salı | Perşembe,13:30/17:29 | 13:30/17:29,,50,42,,"MAT, MATE",,
30690,MAT 261E,MAT,LS,Linear Algebra,,Sevgi Harman,MED | MED,Çarşamba | Perşembe,13:30/16:29 | 08:30/11:29,,55,47,,"BIO, BIOE, DEN, DENE, END, ENDE, FIZ, FIZE, FIZM, GEM, GEME, GEO, GEOE, ISL, ISLE, JEF, JEFE, KMM, KMME, MAD, MADE, MTO, MTOE, TEKE, UCK, UCKE, UZB, UZBE",,
30691,UCK 441E,UCK,LS,Flight Stability and Control,,Hayri Acar,UUB | UUB,Salı | Perşembe,09:30/12:29 | 09:30/12:29,,40,20,,"UCK, UCKE",,
30692,KIM 203,KIM,LS,Analitik Kimya,,Gülçin Yılmaz,FEB | FEB,Cuma | Cuma,10:30/13:29 | 14:30/17:29,,28,27,,"BIO, CHZ, DEN, ELE, ELH, ELK, GEM, JEO, MAD, MET, PET, TEL",,
30693,KIM 432E,KIM,LS,Organic Structure Analysis,,Turan Öztürk,FEB | FEB | FEB,Pazartesi | Salı | Cuma,13:30/17:29 | 08:30/10:29 | 08:30/10:29,,25,21,,"KIM, KIME",,
30695,MAT 202,MAT,LS,Sayısal Yöntemler,,Mehmet Karaca,MDB | MDB,Salı | Çarşamba,09:30/12:29 | 09:30/12:29,,30,30,,"CEV, CHZ, DEN, EHB, ELE, ELH, ELK, GEM, GEO, GID, IML, INS, ISL, JEF, JEO, KOM, KON, MAD, MAK, MET, PET, TEK, TEL",,
30697,MTO 334E,MTO,LS,Atmospheric Dynamics II,,Elçin Tan,UUB | UUB,Perşembe | Perşembe,08:30/12:29 | 13:30/17:29,,30,15,,"MTO, MTOE",,
30698,UZB 232E,UZB,LS,Heat Transfer,,Cemil Kurtcebe,UUB | UUB,Pazartesi | Salı,08:30/11:29 | 08:30/11:29,,50,38,,"UCK, UCKE, UZB, UZBE",,
30699,UZB 232E,UZB,LS,Heat Transfer,,Cemil Kurtcebe,UUB | UUB,Pazartesi | Salı,14:30/17:29 | 14:30/17:29,,50,48,,"UCK, UCKE, UZB, UZBE",,
30700,STA 201E,STA,LS,Statics,,Cemil Kurtcebe,UUB | UUB,Cuma | Cuma,09:30/12:29 | 14:30/17:29,,40,47,,"DEN, DENE, EHB, EHBE, ELE, ELH, GEM, GEME, GEMK, JEO, JEOE, MAD, MAK, MAKE, TEK, TEL, UCK, UCKE, UCKM, UZB, UZBE",,
30701,KON 315,KON,LS,Elektronik Enstrümantasyon,,Serhat İkizoğlu,EEB | EEB,Perşembe | Perşembe,08:30/12:29 | 13:30/17:29,,15,21,,KOM,,
30702,INS 361,INS,LS,Hidrolik,,"Veysel Şadan Özgür Kırca, Necati Erdem Ünal",INB | INB,Pazartesi | Perşembe,09:30/12:29 | 09:30/12:29,,40,30,,"CEV, INS",,
30703,MAT 210E,MAT,LS,Engineering Mathematics,,Cem Güzel,DZB | DZB,Pazartesi | Perşembe,08:30/12:29 | 08:30/12:29,,25,15,,"DUI, DUIE, GMI, GMIE",,
30704,INS 332E,INS,LS,Foundation Engineering I,,Mustafa Hatipoğlu,INB | INB,Salı | Çarşamba,09:30/12:29 | 09:30/12:29,,30,19,,"INS, INSE",,
30705,DUI 232E,DUI,LS,Marine Electronics,,Melek Ertogan,DZB,Salı,08:30/12:29,,30,35,,"DUI, DUIE, DUIK",,
30706,DUI 311E,DUI,LS,Celestial Navigation,,Orhan Gönel,DZB | DZB,Salı | Salı,09:30/12:29 | 13:30/16:29,,30,28,,"DUI, DUIE",,
30707,FIZ 374EL,FIZ,LS,Methods of Exp. Physics Lab.,,Ali Gelir,FEB | FEB,Pazartesi | Salı,12:30/14:29 | 12:30/14:29,,10,13,,"FIZ, FIZE",,
30708,DUI 331E,DUI,LS,Watchkeeping II,,Oğuzhan Gürel,DZB,Çarşamba,08:30/12:29,,25,14,,"DUI, DUIE, DUIK",,
30710,DUI 431E,DUI,LS,Marine Engines,,Fırat Bolat,DZB,Salı,08:30/12:29,,25,20,,"DUI, DUIE, DUIK",,
30712,ELK 458E,ELK,LS,Electrical Engineering Project,,Derya Ahmet Kocabaş,EEB | EEB,Pazartesi | Salı,13:30/16:29 | 13:30/16:29,,10,10,,"ELK, ELKE",,
30713,EHB 332E,EHB,LS,Network Synthesis,,İsmail Serdar Özoğuz,EEB | EEB,Cuma | Cuma,09:30/12:29 | 14:00/16:59,,30,21,,"EHB, EHBE, ELE, ELH",,
30714,DFH 111E,DFH,LS,Maritime Safety I,,Yusuf Nejat Koçar,DZB | DZB,Pazartesi | Pazartesi,08:30/12:29 | 13:30/17:29,,30,9,,"DUI, DUIE, DUIK, GMI, GMIE, GMIK",,
30715,DFH 112E,DFH,LS,Maritime Safety II,,Yusuf Nejat Koçar,DZB,Salı,08:30/12:29 | 13:30/15:29,DZB,30,11,,"DUI, DUIE, DUIK, GMI, GMIE, GMIK",,
30716,JEO 339E,JEO,LS,Ore Deposits,,Emin Çiftçi,MDB | MDB,Perşembe | Perşembe,09:30/12:29 | 13:30/16:29,,40,10,,"JEO, JEOE",,
30717,JEO 323E,JEO,LS,Geochemistry,,Emin Çiftçi,MDB | MDB,Cuma | Cuma,09:30/12:29 | 13:30/16:29,,40,8,,"JEO, JEOE",,
30718,SES 402,SES,LS,THM Repertuarı VIII,,Salih Gündoğdu,TMB | TMB | TMB | TMB,Pazartesi | Salı | Çarşamba | Perşembe,15:30/17:29 | 08:30/10:29 | 15:30/17:29 | 13:30/15:29,,10,6,,SES,,
30719,DEN 412E,DEN,LS,Underwater Acoustics,,Elçin Tan,UUB,Salı,09:30/13:29,,25,16,,"DEN, DENE",,
30720,GMI 171E,GMI,LS,Maritime English I,,Halime Ceren Göktaş,DZB,Salı,13:30/17:29,,45,34,,"GMI, GMIE, GMIK",,
30721,ING 201,ING,LS,English III,,Şadiye Saraç,ISB | ISB,Cuma | Cuma,09:30/12:29 | 13:30/16:29,,25,47,,"BIO, BIOE, BLG, BLGE, CEV, CEVE, CHZ, CHZE, DEN, DENE, ECNE, EHB, EHBE, ELE, ELH, ELK, ELKE, END, ENDE, EUT, EUTE, FIZ, FIZE, GEM, GEME, GEMK, GEO, GEOE, GID, GIDE, ICM, IML, IMLE, INS, INSE, ISL, ISLE, JDF, JEF, JEFE, JEO, JEOE, KIM, KIME, KMM, KMME, KOM, KOME, MAD, MADE, MAK, MAKE, MAT, MATE, MET, METE, MIM, MIME, MTO, MTOE, MUZE, PEM, PEME, PET, PETE, SBP, SBPE, TEK, TEKE, TEL, UCK, UCKE, UZB, UZBE",,
30722,INS 361,INS,LS,Hidrolik,,"Veysel Şadan Özgür Kırca, Necati Erdem Ünal",INB | INB,Pazartesi | Perşembe,13:30/16:29 | 13:30/16:29,,30,28,,"CEV, INS",,
30723,GMI 383E,GMI,LS,Engine Room Simulator (ERS) I,,Kadir Çiçek,DZB | DZB,Pazartesi | Pazartesi,08:30/12:29 | 13:30/17:29,,20,20,,"GMI, GMIE",,
30724,MAD 254E,MAD,LS,Strngth of Mat.for Mining Eng.,,Reşat Atalay Oyguç,MDB | MDB,Çarşamba | Çarşamba,10:30/12:29 | 13:30/15:29,,40,10,,"MAD, MADE",,
30725,ELK 221E,ELK,LS,Fundamentals of Electric. Eng.,,Ahmet Cansız,EEB | EEB,Çarşamba | Çarşamba,09:30/12:29 | 13:30/16:29,,40,20,,"CHZE, GIDE, IMLE, ISLE, KMME, MAKE, METE, PETE, TEKE, UCK, UCKE, UCKM, UZB, UZBE",,
30726,ELK 356,ELK,LS,Elektrik Makinaları,,Derya Ahmet Kocabaş,EEB | EEB,Çarşamba | Perşembe,09:30/12:29 | 09:30/12:29,,30,30,,ELK,,
30727,TUR 102,TUR,LS,Türk Dili II,,Ömer Tacir,ISB | ISB,Pazartesi | Çarşamba,10:30/12:29 | 10:30/12:29,,40,30,,"BIO, BIOE, BLG, BLGE, CAB, CEV, CEVE, CHZ, CHZE, DEN, DENE, DUI, DUIE, ECNE, EHB, EHBE, EHN, ELE, ELH, ELK, ELKE, END, ENDE, EUT, EUTE, FIZ, FIZE, GEM, GEME, GEMK, GEO, GEOE, GID, GIDE, GMI, GMIE, ICM, IML, IMLE, INS, INSE, ISL, ISLE, JDF, JEF, JEFE, JEO, JEOE, KIM, KIME, KMM, KMME, KMP, KOM, KOME, MAD, MADE, MAK, MAKE, MAT, MATE, MBI, MCB, MET, METE, MIM, MIME, MTO, MTOE, MTR, MUT, MUZ, MUZE, PEM, PEME, PET, PETE, SBL, SBP, SBPE, SCE, SDU, SEH, SEK, SEN, SES, SGM, SIN, SIS, SMT, STP, TEK, TEKE, TEL, THO, UCK, UCKE, UZB, UZBE",,
30728,GMI 322E,GMI,LS,Operation&Maint.of; ..,,Vural Ateş,DZB | DZB,Perşembe | Perşembe,08:30/12:29 | 13:30/17:29,,30,21,,"GMI, GMIE",,
30730,BLG 102E,BLG,LS,Intr to Sci&Eng; Comp (C),,Yaşar Erenler,INB | INB | INB | INB,Pazartesi | Pazartesi | Salı | Salı,12:30/15:29 | 15:30/17:29 | 12:30/15:29 | 15:30/17:29,,50,49,,"BLG, BLGE",,
30731,KIM 303E,KIM,LS,Organic Chemistry I,,Demet Çolak,MED | MED,Pazartesi | Pazartesi,09:30/11:29 | 13:30/15:29,,20,19,,"BIO, BIOE, KIMM",,
30732,CEV 320E,CEV,LS,Biological Processes,,"Rüya Taşlı, Ebru Dülekgürgen, Özlem Karahan Özgün",INB | INB,Pazartesi | Perşembe,13:30/16:29 | 13:30/16:29,,40,11,,"CEV, CEVE",,
30733,DFH 202E,DFH,LS,Ship Emergency Response,,Orhan Gönel,DZB,Pazartesi,08:30/12:29,,30,11,,"DUI, DUIE, DUIK, MTM",,
30734,TUR 101,TUR,LS,Türk Dili I,,Hasan Ulucutsoy,INB | INB,Perşembe | Perşembe,08:30/10:29 | 10:30/12:29,,40,40,,"BIO, BIOE, BLG, BLGE, CAB, CEV, CEVE, CHZ, CHZE, DEN, DENE, DUI, DUIE, ECNE, EHB, EHBE, EHN, ELE, ELH, ELK, ELKE, END, ENDE, EUT, EUTE, FIZ, FIZE, GEM, GEME, GEMK, GEO, GEOE, GID, GIDE, GMI, GMIE, ICM, IML, IMLE, INS, INSE, ISL, ISLE, JDF, JEF, JEFE, JEO, JEOE, KIM, KIME, KMM, KMME, KMP, KOM, KOME, MAD, MADE, MAK, MAKE, MAT, MATE, MBI, MCB, MET, METE, MIM, MIME, MTO, MTOE, MTR, MUT, MUZ, MUZE, PEM, PEME, PET, PETE, SBL, SBP, SBPE, SCE, SDU, SEH, SEK, SEN, SES, SGM, SIN, SIS, SMT, STP, TEK, TEKE, TEL, THO, UCK, UCKE, UZB, UZBE",,
30735,TUR 101,TUR,LS,Türk Dili I,,Hasan Ulucutsoy,INB | INB,Perşembe | Perşembe,13:30/15:29 | 15:30/17:29,,40,36,,"BIO, BIOE, BLG, BLGE, CAB, CEV, CEVE, CHZ, CHZE, DEN, DENE, DUI, DUIE, ECNE, EHB, EHBE, EHN, ELE, ELH, ELK, ELKE, END, ENDE, EUT, EUTE, FIZ, FIZE, GEM, GEME, GEMK, GEO, GEOE, GID, GIDE, GMI, GMIE, ICM, IML, IMLE, INS, INSE, ISL, ISLE, JDF, JEF, JEFE, JEO, JEOE, KIM, KIME, KMM, KMME, KMP, KOM, KOME, MAD, MADE, MAK, MAKE, MAT, MATE, MBI, MCB, MET, METE, MIM, MIME, MTO, MTOE, MTR, MUT, MUZ, MUZE, PEM, PEME, PET, PETE, SBL, SBP, SBPE, SCE, SDU, SEH, SEK, SEN, SES, SGM, SIN, SIS, SMT, STP, TEK, TEKE, TEL, THO, UCK, UCKE, UZB, UZBE",,
30736,TUR 102,TUR,LS,Türk Dili II,,Özlem Kara,MKB | MKB,Salı | Salı,08:30/10:29 | 10:30/12:29,,40,37,,"BIO, BIOE, BLG, BLGE, CAB, CEV, CEVE, CHZ, CHZE, DEN, DENE, DUI, DUIE, ECNE, EHB, EHBE, EHN, ELE, ELH, ELK, ELKE, END, ENDE, EUT, EUTE, FIZ, FIZE, GEM, GEME, GEMK, GEO, GEOE, GID, GIDE, GMI, GMIE, ICM, IML, IMLE, INS, INSE, ISL, ISLE, JDF, JEF, JEFE, JEO, JEOE, KIM, KIME, KMM, KMME, KMP, KOM, KOME, MAD, MADE, MAK, MAKE, MAT, MATE, MBI, MCB, MET, METE, MIM, MIME, MTO, MTOE, MTR, MUT, MUZ, MUZE, PEM, PEME, PET, PETE, SBL, SBP, SBPE, SCE, SDU, SEH, SEK, SEN, SES, SGM, SIN, SIS, SMT, STP, TEK, TEKE, TEL, THO, UCK, UCKE, UZB, UZBE",,
30737,TUR 102,TUR,LS,Türk Dili II,,Özlem Kara,MKB | MKB,Salı | Salı,13:30/15:29 | 15:30/17:29,,40,34,,"BIO, BIOE, BLG, BLGE, CAB, CEV, CEVE, CHZ, CHZE, DEN, DENE, DUI, DUIE, ECNE, EHB, EHBE, EHN, ELE, ELH, ELK, ELKE, END, ENDE, EUT, EUTE, FIZ, FIZE, GEM, GEME, GEMK, GEO, GEOE, GID, GIDE, GMI, GMIE, ICM, IML, IMLE, INS, INSE, ISL, ISLE, JDF, JEF, JEFE, JEO, JEOE, KIM, KIME, KMM, KMME, KMP, KOM, KOME, MAD, MADE, MAK, MAKE, MAT, MATE, MBI, MCB, MET, METE, MIM, MIME, MTO, MTOE, MTR, MUT, MUZ, MUZE, PEM, PEME, PET, PETE, SBL, SBP, SBPE, SCE, SDU, SEH, SEK, SEN, SES, SGM, SIN, SIS, SMT, STP, TEK, TEKE, TEL, THO, UCK, UCKE, UZB, UZBE",,
30738,DNK 201,DNK,LS,Dinamik,,Arcan Yanık,INB | INB,Pazartesi | Salı,09:30/12:29 | 09:30/12:29,,40,25,,"DUI, EHB, ELE, ELH, ELK, FIZ, INS, JEO, KOM, MKN, MTO, TEK, TEL, UCK, UCKM, UZB, UZBM",,
30739,EHB 211E,EHB,LS,Basics of Electrical Circuits,,Müştak Erhan Yalçın,EEB | EEB,Çarşamba | Çarşamba,08:30/12:29 | 13:30/15:29,,23,23,,"BLG, BLGE, EHB, EHBE, ELE, ELK, ELKE, KOM, KOME, TEL",,
30740,TEB 2122,TEB,LS,Piyano III,,--,TMB | TMB,Salı | Perşembe,15:30/17:29 | 15:30/17:29,,0,0,,TEB,,
30741,ISE 102,ISE,LS,Programming I,,"Tolga Ovatman, Hayri Turgut Uyar",EEB | EEB | EEB | EEB,Çarşamba | Çarşamba | Perşembe | Perşembe,12:30/15:29 | 15:30/17:29 | 08:30/11:29 | 11:30/13:29,,25,13,,SBL,,
30742,JEO 349,JEO,LS,Magm.&Metamorfik; Ka..,,Recep Fahri Esenli,MDB | MDB,Salı | Salı,09:30/12:29 | 13:30/16:29,,20,5,,JEO,,
30743,CHZ 311,CHZ,LS,Fiziksel Zeng. Yöntemleri,,--,MDB | MDB | MDB | MDB,Çarşamba | Çarşamba | Perşembe | Perşembe,10:30/12:29 | 14:30/16:29 | 10:30/12:29 | 14:30/16:29,,0,0,,"CHZ, CHZM",,
30746,DFH 201,DFH,LS,Temel Yüzme Becerisi,,Yusuf Nejat Koçar,DZB | DZB,Salı | Çarşamba,15:30/17:29 | 08:30/10:29,,15,6,,DUI,,
30748,DUI 341E,DUI,LS,Maritime Practical Studies,,Taylan Güler,DZB | DZB,Çarşamba | Çarşamba,08:30/12:29 | 13:30/17:29,,20,14,,"DUI, DUIE",,
