CRN,Ders Kodu,Branş,Seviye,Ders Adı,Öğretim Yöntemi,Öğretim Üyesi,Bina,Gün,Saat,Derslik,Kontenjan,Yazılan,Rezervasyon,Alabilen Programlar,Önşart,Sınıf/Kredi Önşartı
10001,FIZ 284,FIZ,LS,Klasik Mekanik I,,Mehmet Cem Güçlü,FEB | FEB,Pazartesi | Cuma,10:30/12:29 | 10:30/12:29,,70,76,,"FIZ, FIZM",,
10002,FIZ 415E,FIZ,LS,Quantum Mechanics II,,Cem Özgür Servantie,FEB | FEB | FEB,Pazartesi | Çarşamba | Cuma,08:30/10:29 | 08:30/10:29 | 08:30/09:29,,75,23,,"FIZ, FIZE",,
10003,FIZ 213,FIZ,LS,Elektrik ve Manyetizma,,Cenap Şahabettin Özben,FEB | FEB | FEB,Pazartesi | Çarşamba | Cuma,08:30/10:29 | 08:30/10:29 | 08:30/09:29,,85,87,,"FIZ, FIZM",,
10004,FIZ 114E,FIZ,LS,Physics of Continuous Media,,Esra Alveroğlu Durucu,FEB | FEB,Pazartesi | Çarşamba,08:30/10:29 | 08:30/10:29,,75,36,,"FIZ, FIZE, FIZM",,
10006,ING 101,ING,LS,English I,,Aslı Özkara,MED,Salı,08:30/11:29,,25,24,,"BIO, BIOE, BLG, BLGE, CEV, CEVE, CHZ, CHZE, DEN, DENE, DUIE, ECNE, EHB, EHBE, EHN, ELE, ELH, ELK, ELKE, END, ENDE, EUT, EUTE, FIZ, FIZE, GEM, GEME, GEMK, GEO, GEOE, GID, GIDE, GMIE, ICM, IML, IMLE, INS, INSE, ISL, ISLE, JDF, JEF, JEFE, JEO, JEOE, KIM, KIME, KMM, KMME, KOM, KOME, MAD, MADE, MAK, MAKE, MAT, MATE, MET, METE, MIM, MIME, MTO, MTOE, MUZE, PEM, PEME, PET, PETE, SBP, SBPE, SEH, TEK, TEKE, TEL, UCK, UCKE, UZB, UZBE",,
10007,ING 101,ING,LS,English I,,Aslı Özkara,MED,Çarşamba,11:30/14:29,,25,25,,"BIO, BIOE, BLG, BLGE, CEV, CEVE, CHZ, CHZE, DEN, DENE, DUIE, ECNE, EHB, EHBE, EHN, ELE, ELH, ELK, ELKE, END, ENDE, EUT, EUTE, FIZ, FIZE, GEM, GEME, GEMK, GEO, GEOE, GID, GIDE, GMIE, ICM, IML, IMLE, INS, INSE, ISL, ISLE, JDF, JEF, JEFE, JEO, JEOE, KIM, KIME, KMM, KMME, KOM, KOME, MAD, MADE, MAK, MAKE, MAT, MATE, MET, METE, MIM, MIME, MTO, MTOE, MUZE, PEM, PEME, PET, PETE, SBP, SBPE, SEH, TEK, TEKE, TEL, UCK, UCKE, UZB, UZBE",,
10008,ING 101,ING,LS,English I,,Aslı Özkara,MED,Perşembe,13:30/16:29,,25,25,,"BIO, BIOE, BLG, BLGE, CEV, CEVE, CHZ, CHZE, DEN, DENE, DUIE, ECNE, EHB, EHBE, EHN, ELE, ELH, ELK, ELKE, END, ENDE, EUT, EUTE, FIZ, FIZE, GEM, GEME, GEMK, GEO, GEOE, GID, GIDE, GMIE, ICM, IML, IMLE, INS, INSE, ISL, ISLE, JDF, JEF, JEFE, JEO, JEOE, KIM, KIME, KMM, KMME, KOM, KOME, MAD, MADE, MAK, MAKE, MAT, MATE, MET, METE, MIM, MIME, MTO, MTOE, MUZE, PEM, PEME, PET, PETE, SBP, SBPE, SEH, TEK, TEKE, TEL, UCK, UCKE, UZB, UZBE",,
10009,ING 101,ING,LS,English I,,Aslı Özkara,MED,Cuma,08:30/11:29,,25,23,,"BIO, BIOE, BLG, BLGE, CEV, CEVE, CHZ, CHZE, DEN, DENE, DUIE, ECNE, EHB, EHBE, EHN, ELE, ELH, ELK, ELKE, END, ENDE, EUT, EUTE, FIZ, FIZE, GEM, GEME, GEMK, GEO, GEOE, GID, GIDE, GMIE, ICM, IML, IMLE, INS, INSE, ISL, ISLE, JDF, JEF, JEFE, JEO, JEOE, KIM, KIME, KMM, KMME, KOM, KOME, MAD, MADE, MAK, MAKE, MAT, MATE, MET, METE, MIM, MIME, MTO, MTOE, MUZE, PEM, PEME, PET, PETE, SBP, SBPE, SEH, TEK, TEKE, TEL, UCK, UCKE, UZB, UZBE",,
10010,ING 102,ING,LS,English II,,İmge Şahin Girtten,MEDB,Salı,13:30/16:29,,25,26,,"BIO, BIOE, BLG, BLGE, CEV, CEVE, CHZ, CHZE, DEN, DENE, DUIE, ECNE, EHB, EHBE, EHN, ELE, ELH, ELK, ELKE, END, ENDE, EUT, EUTE, FIZ, FIZE, GEM, GEME, GEMK, GEO, GEOE, GID, GIDE, GMIE, ICM, IML, IMLE, INS, INSE, ISL, ISLE, JDF, JEF, JEFE, JEO, JEOE, KIM, KIME, KMM, KMME, KOM, KOME, MAD, MADE, MAK, MAKE, MAT, MATE, MET, METE, MIM, MIME, MTO, MTOE, MUZE, PEM, PEME, PET, PETE, SBP, SBPE, SEH, TEK, TEKE, TEL, UCK, UCKE, UZB, UZBE",,
10011,ING 112,ING,LS,English I,,İmge Şahin Girtten,MEDB,Çarşamba,11:30/14:29,,22,24,,"BIO, BIOE, BLG, BLGE, CEV, CEVE, CHZ, CHZE, DEN, DENE, DUIE, ECNE, EHB, EHBE, EHN, ELE, ELH, ELK, ELKE, END, ENDE, EUT, EUTE, FIZ, FIZE, GEM, GEME, GEMK, GEO, GEOE, GID, GIDE, GMIE, ICM, IML, IMLE, INS, INSE, ISL, ISLE, JDF, JEF, JEFE, JEO, JEOE, KIM, KIME, KMM, KMME, KOM, KOME, MAD, MADE, MAK, MAKE, MAT, MATE, MET, METE, MIM, MIME, MTO, MTOE, MUZE, PEM, PEME, PET, PETE, SBP, SBPE, SEH, TEK, TEKE, TEL, UCK, UCKE, UZB, UZBE",,
10012,ING 102,ING,LS,English II,,İmge Şahin Girtten,MEDB,Perşembe,08:30/11:29,,25,29,,"BIO, BIOE, BLG, BLGE, CEV, CEVE, CHZ, CHZE, DEN, DENE, DUIE, ECNE, EHB, EHBE, EHN, ELE, ELH, ELK, ELKE, END, ENDE, EUT, EUTE, FIZ, FIZE, GEM, GEME, GEMK, GEO, GEOE, GID, GIDE, GMIE, ICM, IML, IMLE, INS, INSE, ISL, ISLE, JDF, JEF, JEFE, JEO, JEOE, KIM, KIME, KMM, KMME, KOM, KOME, MAD, MADE, MAK, MAKE, MAT, MATE, MET, METE, MIM, MIME, MTO, MTOE, MUZE, PEM, PEME, PET, PETE, SBP, SBPE, SEH, TEK, TEKE, TEL, UCK, UCKE, UZB, UZBE",,
10013,ING 112,ING,LS,English I,,İmge Şahin Girtten,MEDB,Cuma,08:30/11:29,,20,21,,"BIO, BIOE, BLG, BLGE, CEV, CEVE, CHZ, CHZE, DEN, DENE, DUIE, ECNE, EHB, EHBE, EHN, ELE, ELH, ELK, ELKE, END, ENDE, EUT, EUTE, FIZ, FIZE, GEM, GEME, GEMK, GEO, GEOE, GID, GIDE, GMIE, ICM, IML, IMLE, INS, INSE, ISL, ISLE, JDF, JEF, JEFE, JEO, JEOE, KIM, KIME, KMM, KMME, KOM, KOME, MAD, MADE, MAK, MAKE, MAT, MATE, MET, METE, MIM, MIME, MTO, MTOE, MUZE, PEM, PEME, PET, PETE, SBP, SBPE, SEH, TEK, TEKE, TEL, UCK, UCKE, UZB, UZBE",,
10014,ING 102,ING,LS,English II,,Sabiha Bahar Arıcı,MEDB,Pazartesi,13:30/16:29,,25,35,,"BIO, BIOE, BLG, BLGE, CEV, CEVE, CHZ, CHZE, DEN, DENE, DUIE, ECNE, EHB, EHBE, EHN, ELE, ELH, ELK, ELKE, END, ENDE, EUT, EUTE, FIZ, FIZE, GEM, GEME, GEMK, GEO, GEOE, GID, GIDE, GMIE, ICM, IML, IMLE, INS, INSE, ISL, ISLE, JDF, JEF, JEFE, JEO, JEOE, KIM, KIME, KMM, KMME, KOM, KOME, MAD, MADE, MAK, MAKE, MAT, MATE, MET, METE, MIM, MIME, MTO, MTOE, MUZE, PEM, PEME, PET, PETE, SBP, SBPE, SEH, TEK, TEKE, TEL, UCK, UCKE, UZB, UZBE",,
10015,ING 112,ING,LS,English I,,Sabiha Bahar Arıcı,MEDB,Salı,13:30/16:29,,23,26,,"BIO, BIOE, BLG, BLGE, CEV, CEVE, CHZ, CHZE, DEN, DENE, DUIE, ECNE, EHB, EHBE, EHN, ELE, ELH, ELK, ELKE, END, ENDE, EUT, EUTE, FIZ, FIZE, GEM, GEME, GEMK, GEO, GEOE, GID, GIDE, GMIE, ICM, IML, IMLE, INS, INSE, ISL, ISLE, JDF, JEF, JEFE, JEO, JEOE, KIM, KIME, KMM, KMME, KOM, KOME, MAD, MADE, MAK, MAKE, MAT, MATE, MET, METE, MIM, MIME, MTO, MTOE, MUZE, PEM, PEME, PET, PETE, SBP, SBPE, SEH, TEK, TEKE, TEL, UCK, UCKE, UZB, UZBE",,
10016,ING 102,ING,LS,English II,,Sabiha Bahar Arıcı,MEDB,Çarşamba,11:30/14:29,,25,27,,"BIO, BIOE, BLG, BLGE, CEV, CEVE, CHZ, CHZE, DEN, DENE, DUIE, ECNE, EHB, EHBE, EHN, ELE, ELH, ELK, ELKE, END, ENDE, EUT, EUTE, FIZ, FIZE, GEM, GEME, GEMK, GEO, GEOE, GID, GIDE, GMIE, ICM, IML, IMLE, INS, INSE, ISL, ISLE, JDF, JEF, JEFE, JEO, JEOE, KIM, KIME, KMM, KMME, KOM, KOME, MAD, MADE, MAK, MAKE, MAT, MATE, MET, METE, MIM, MIME, MTO, MTOE, MUZE, PEM, PEME, PET, PETE, SBP, SBPE, SEH, TEK, TEKE, TEL, UCK, UCKE, UZB, UZBE",,
10017,ING 112,ING,LS,English I,,Sabiha Bahar Arıcı,MED,Cuma,08:30/11:29,,21,24,,"BIO, BIOE, BLG, BLGE, CEV, CEVE, CHZ, CHZE, DEN, DENE, DUIE, ECNE, EHB, EHBE, EHN, ELE, ELH, ELK, ELKE, END, ENDE, EUT, EUTE, FIZ, FIZE, GEM, GEME, GEMK, GEO, GEOE, GID, GIDE, GMIE, ICM, IML, IMLE, INS, INSE, ISL, ISLE, JDF, JEF, JEFE, JEO, JEOE, KIM, KIME, KMM, KMME, KOM, KOME, MAD, MADE, MAK, MAKE, MAT, MATE, MET, METE, MIM, MIME, MTO, MTOE, MUZE, PEM, PEME, PET, PETE, SBP, SBPE, SEH, TEK, TEKE, TEL, UCK, UCKE, UZB, UZBE",,
10018,ING 112,ING,LS,English I,,Damla Aslı Altan,MEDB,Pazartesi,13:30/16:29,,25,28,,"BIO, BIOE, BLG, BLGE, CEV, CEVE, CHZ, CHZE, DEN, DENE, DUIE, ECNE, EHB, EHBE, EHN, ELE, ELH, ELK, ELKE, END, ENDE, EUT, EUTE, FIZ, FIZE, GEM, GEME, GEMK, GEO, GEOE, GID, GIDE, GMIE, ICM, IML, IMLE, INS, INSE, ISL, ISLE, JDF, JEF, JEFE, JEO, JEOE, KIM, KIME, KMM, KMME, KOM, KOME, MAD, MADE, MAK, MAKE, MAT, MATE, MET, METE, MIM, MIME, MTO, MTOE, MUZE, PEM, PEME, PET, PETE, SBP, SBPE, SEH, TEK, TEKE, TEL, UCK, UCKE, UZB, UZBE",,
10019,ING 112,ING,LS,English I,,Damla Aslı Altan,MMB,Salı,08:30/11:29,,25,24,,"BIO, BIOE, BLG, BLGE, CEV, CEVE, CHZ, CHZE, DEN, DENE, DUIE, ECNE, EHB, EHBE, EHN, ELE, ELH, ELK, ELKE, END, ENDE, EUT, EUTE, FIZ, FIZE, GEM, GEME, GEMK, GEO, GEOE, GID, GIDE, GMIE, ICM, IML, IMLE, INS, INSE, ISL, ISLE, JDF, JEF, JEFE, JEO, JEOE, KIM, KIME, KMM, KMME, KOM, KOME, MAD, MADE, MAK, MAKE, MAT, MATE, MET, METE, MIM, MIME, MTO, MTOE, MUZE, PEM, PEME, PET, PETE, SBP, SBPE, SEH, TEK, TEKE, TEL, UCK, UCKE, UZB, UZBE",,
10020,ING 112,ING,LS,English I,,Damla Aslı Altan,MEDB,Perşembe,13:30/16:29,,21,25,,"BIO, BIOE, BLG, BLGE, CEV, CEVE, CHZ, CHZE, DEN, DENE, DUIE, ECNE, EHB, EHBE, EHN, ELE, ELH, ELK, ELKE, END, ENDE, EUT, EUTE, FIZ, FIZE, GEM, GEME, GEMK, GEO, GEOE, GID, GIDE, GMIE, ICM, IML, IMLE, INS, INSE, ISL, ISLE, JDF, JEF, JEFE, JEO, JEOE, KIM, KIME, KMM, KMME, KOM, KOME, MAD, MADE, MAK, MAKE, MAT, MATE, MET, METE, MIM, MIME, MTO, MTOE, MUZE, PEM, PEME, PET, PETE, SBP, SBPE, SEH, TEK, TEKE, TEL, UCK, UCKE, UZB, UZBE",,
10021,ING 112,ING,LS,English I,,Damla Aslı Altan,MEDB,Cuma,08:30/11:29,,21,21,,"BIO, BIOE, BLG, BLGE, CEV, CEVE, CHZ, CHZE, DEN, DENE, DUIE, ECNE, EHB, EHBE, EHN, ELE, ELH, ELK, ELKE, END, ENDE, EUT, EUTE, FIZ, FIZE, GEM, GEME, GEMK, GEO, GEOE, GID, GIDE, GMIE, ICM, IML, IMLE, INS, INSE, ISL, ISLE, JDF, JEF, JEFE, JEO, JEOE, KIM, KIME, KMM, KMME, KOM, KOME, MAD, MADE, MAK, MAKE, MAT, MATE, MET, METE, MIM, MIME, MTO, MTOE, MUZE, PEM, PEME, PET, PETE, SBP, SBPE, SEH, TEK, TEKE, TEL, UCK, UCKE, UZB, UZBE",,
10022,ING 112,ING,LS,English I,,Yurdanur Toktaş,MEDB,Pazartesi,13:30/16:29,,25,26,,"BIO, BIOE, BLG, BLGE, CEV, CEVE, CHZ, CHZE, DEN, DENE, DUIE, ECNE, EHB, EHBE, EHN, ELE, ELH, ELK, ELKE, END, ENDE, EUT, EUTE, FIZ, FIZE, GEM, GEME, GEMK, GEO, GEOE, GID, GIDE, GMIE, ICM, IML, IMLE, INS, INSE, ISL, ISLE, JDF, JEF, JEFE, JEO, JEOE, KIM, KIME, KMM, KMME, KOM, KOME, MAD, MADE, MAK, MAKE, MAT, MATE, MET, METE, MIM, MIME, MTO, MTOE, MUZE, PEM, PEME, PET, PETE, SBP, SBPE, SEH, TEK, TEKE, TEL, UCK, UCKE, UZB, UZBE",,
10023,ING 112,ING,LS,English I,,Yurdanur Toktaş,MEDB,Salı,08:30/11:29,,23,24,,"BIO, BIOE, BLG, BLGE, CEV, CEVE, CHZ, CHZE, DEN, DENE, DUIE, ECNE, EHB, EHBE, EHN, ELE, ELH, ELK, ELKE, END, ENDE, EUT, EUTE, FIZ, FIZE, GEM, GEME, GEMK, GEO, GEOE, GID, GIDE, GMIE, ICM, IML, IMLE, INS, INSE, ISL, ISLE, JDF, JEF, JEFE, JEO, JEOE, KIM, KIME, KMM, KMME, KOM, KOME, MAD, MADE, MAK, MAKE, MAT, MATE, MET, METE, MIM, MIME, MTO, MTOE, MUZE, PEM, PEME, PET, PETE, SBP, SBPE, SEH, TEK, TEKE, TEL, UCK, UCKE, UZB, UZBE",,
10024,ING 112,ING,LS,English I,,Yurdanur Toktaş,MEDB,Çarşamba,11:30/14:29,,21,22,,"BIO, BIOE, BLG, BLGE, CEV, CEVE, CHZ, CHZE, DEN, DENE, DUIE, ECNE, EHB, EHBE, EHN, ELE, ELH, ELK, ELKE, END, ENDE, EUT, EUTE, FIZ, FIZE, GEM, GEME, GEMK, GEO, GEOE, GID, GIDE, GMIE, ICM, IML, IMLE, INS, INSE, ISL, ISLE, JDF, JEF, JEFE, JEO, JEOE, KIM, KIME, KMM, KMME, KOM, KOME, MAD, MADE, MAK, MAKE, MAT, MATE, MET, METE, MIM, MIME, MTO, MTOE, MUZE, PEM, PEME, PET, PETE, SBP, SBPE, SEH, TEK, TEKE, TEL, UCK, UCKE, UZB, UZBE",,
10025,ING 112,ING,LS,English I,,Yurdanur Toktaş,MEDB,Cuma,08:30/11:29,,21,22,,"BIO, BIOE, BLG, BLGE, CEV, CEVE, CHZ, CHZE, DEN, DENE, DUIE, ECNE, EHB, EHBE, EHN, ELE, ELH, ELK, ELKE, END, ENDE, EUT, EUTE, FIZ, FIZE, GEM, GEME, GEMK, GEO, GEOE, GID, GIDE, GMIE, ICM, IML, IMLE, INS, INSE, ISL, ISLE, JDF, JEF, JEFE, JEO, JEOE, KIM, KIME, KMM, KMME, KOM, KOME, MAD, MADE, MAK, MAKE, MAT, MATE, MET, METE, MIM, MIME, MTO, MTOE, MUZE, PEM, PEME, PET, PETE, SBP, SBPE, SEH, TEK, TEKE, TEL, UCK, UCKE, UZB, UZBE",,
10026,ING 112,ING,LS,English I,,Zeynep Kurular,MEDB,Salı,08:30/11:29,,24,25,,"BIO, BIOE, BLG, BLGE, CEV, CEVE, CHZ, CHZE, DEN, DENE, DUIE, ECNE, EHB, EHBE, EHN, ELE, ELH, ELK, ELKE, END, ENDE, EUT, EUTE, FIZ, FIZE, GEM, GEME, GEMK, GEO, GEOE, GID, GIDE, GMIE, ICM, IML, IMLE, INS, INSE, ISL, ISLE, JDF, JEF, JEFE, JEO, JEOE, KIM, KIME, KMM, KMME, KOM, KOME, MAD, MADE, MAK, MAKE, MAT, MATE, MET, METE, MIM, MIME, MTO, MTOE, MUZE, PEM, PEME, PET, PETE, SBP, SBPE, SEH, TEK, TEKE, TEL, UCK, UCKE, UZB, UZBE",,
10027,ING 112,ING,LS,English I,,Zeynep Kurular,MEDB,Çarşamba,11:30/14:29,,21,22,,"BIO, BIOE, BLG, BLGE, CEV, CEVE, CHZ, CHZE, DEN, DENE, DUIE, ECNE, EHB, EHBE, EHN, ELE, ELH, ELK, ELKE, END, ENDE, EUT, EUTE, FIZ, FIZE, GEM, GEME, GEMK, GEO, GEOE, GID, GIDE, GMIE, ICM, IML, IMLE, INS, INSE, ISL, ISLE, JDF, JEF, JEFE, JEO, JEOE, KIM, KIME, KMM, KMME, KOM, KOME, MAD, MADE, MAK, MAKE, MAT, MATE, MET, METE, MIM, MIME, MTO, MTOE, MUZE, PEM, PEME, PET, PETE, SBP, SBPE, SEH, TEK, TEKE, TEL, UCK, UCKE, UZB, UZBE",,
10028,ING 112,ING,LS,English I,,Zeynep Kurular,MEDB,Perşembe,13:30/16:29,,22,27,,"BIO, BIOE, BLG, BLGE, CEV, CEVE, CHZ, CHZE, DEN, DENE, DUIE, ECNE, EHB, EHBE, EHN, ELE, ELH, ELK, ELKE, END, ENDE, EUT, EUTE, FIZ, FIZE, GEM, GEME, GEMK, GEO, GEOE, GID, GIDE, GMIE, ICM, IML, IMLE, INS, INSE, ISL, ISLE, JDF, JEF, JEFE, JEO, JEOE, KIM, KIME, KMM, KMME, KOM, KOME, MAD, MADE, MAK, MAKE, MAT, MATE, MET, METE, MIM, MIME, MTO, MTOE, MUZE, PEM, PEME, PET, PETE, SBP, SBPE, SEH, TEK, TEKE, TEL, UCK, UCKE, UZB, UZBE",,
10029,ING 112,ING,LS,English I,,Zeynep Kurular,MEDB,Cuma,08:30/11:29,,21,22,,"BIO, BIOE, BLG, BLGE, CEV, CEVE, CHZ, CHZE, DEN, DENE, DUIE, ECNE, EHB, EHBE, EHN, ELE, ELH, ELK, ELKE, END, ENDE, EUT, EUTE, FIZ, FIZE, GEM, GEME, GEMK, GEO, GEOE, GID, GIDE, GMIE, ICM, IML, IMLE, INS, INSE, ISL, ISLE, JDF, JEF, JEFE, JEO, JEOE, KIM, KIME, KMM, KMME, KOM, KOME, MAD, MADE, MAK, MAKE, MAT, MATE, MET, METE, MIM, MIME, MTO, MTOE, MUZE, PEM, PEME, PET, PETE, SBP, SBPE, SEH, TEK, TEKE, TEL, UCK, UCKE, UZB, UZBE",,
10030,ING 112,ING,LS,English I,,Ömer Nezih Karaalioğlu,INB,Pazartesi,13:30/16:29,,25,26,,"BIO, BIOE, BLG, BLGE, CEV, CEVE, CHZ, CHZE, DEN, DENE, DUIE, ECNE, EHB, EHBE, EHN, ELE, ELH, ELK, ELKE, END, ENDE, EUT, EUTE, FIZ, FIZE, GEM, GEME, GEMK, GEO, GEOE, GID, GIDE, GMIE, ICM, IML, IMLE, INS, INSE, ISL, ISLE, JDF, JEF, JEFE, JEO, JEOE, KIM, KIME, KMM, KMME, KOM, KOME, MAD, MADE, MAK, MAKE, MAT, MATE, MET, METE, MIM, MIME, MTO, MTOE, MUZE, PEM, PEME, PET, PETE, SBP, SBPE, SEH, TEK, TEKE, TEL, UCK, UCKE, UZB, UZBE",,
10031,ING 112,ING,LS,English I,,Ömer Nezih Karaalioğlu,INB,Salı,13:30/16:29,,23,25,,"BIO, BIOE, BLG, BLGE, CEV, CEVE, CHZ, CHZE, DEN, DENE, DUIE, ECNE, EHB, EHBE, EHN, ELE, ELH, ELK, ELKE, END, ENDE, EUT, EUTE, FIZ, FIZE, GEM, GEME, GEMK, GEO, GEOE, GID, GIDE, GMIE, ICM, IML, IMLE, INS, INSE, ISL, ISLE, JDF, JEF, JEFE, JEO, JEOE, KIM, KIME, KMM, KMME, KOM, KOME, MAD, MADE, MAK, MAKE, MAT, MATE, MET, METE, MIM, MIME, MTO, MTOE, MUZE, PEM, PEME, PET, PETE, SBP, SBPE, SEH, TEK, TEKE, TEL, UCK, UCKE, UZB, UZBE",,
10032,ING 112,ING,LS,English I,,Ömer Nezih Karaalioğlu,INB,Çarşamba,11:30/14:29,,21,22,,"BIO, BIOE, BLG, BLGE, CEV, CEVE, CHZ, CHZE, DEN, DENE, DUIE, ECNE, EHB, EHBE, EHN, ELE, ELH, ELK, ELKE, END, ENDE, EUT, EUTE, FIZ, FIZE, GEM, GEME, GEMK, GEO, GEOE, GID, GIDE, GMIE, ICM, IML, IMLE, INS, INSE, ISL, ISLE, JDF, JEF, JEFE, JEO, JEOE, KIM, KIME, KMM, KMME, KOM, KOME, MAD, MADE, MAK, MAKE, MAT, MATE, MET, METE, MIM, MIME, MTO, MTOE, MUZE, PEM, PEME, PET, PETE, SBP, SBPE, SEH, TEK, TEKE, TEL, UCK, UCKE, UZB, UZBE",,
10033,ING 112,ING,LS,English I,,Ömer Nezih Karaalioğlu,INB,Perşembe,08:30/11:29,,21,23,,"BIO, BIOE, BLG, BLGE, CEV, CEVE, CHZ, CHZE, DEN, DENE, DUIE, ECNE, EHB, EHBE, EHN, ELE, ELH, ELK, ELKE, END, ENDE, EUT, EUTE, FIZ, FIZE, GEM, GEME, GEMK, GEO, GEOE, GID, GIDE, GMIE, ICM, IML, IMLE, INS, INSE, ISL, ISLE, JDF, JEF, JEFE, JEO, JEOE, KIM, KIME, KMM, KMME, KOM, KOME, MAD, MADE, MAK, MAKE, MAT, MATE, MET, METE, MIM, MIME, MTO, MTOE, MUZE, PEM, PEME, PET, PETE, SBP, SBPE, SEH, TEK, TEKE, TEL, UCK, UCKE, UZB, UZBE",,
10034,ING 112,ING,LS,English I,,Zarife Zeliş Çoban,MED,Salı,08:30/11:29,,24,27,,"BIO, BIOE, BLG, BLGE, CEV, CEVE, CHZ, CHZE, DEN, DENE, DUIE, ECNE, EHB, EHBE, EHN, ELE, ELH, ELK, ELKE, END, ENDE, EUT, EUTE, FIZ, FIZE, GEM, GEME, GEMK, GEO, GEOE, GID, GIDE, GMIE, ICM, IML, IMLE, INS, INSE, ISL, ISLE, JDF, JEF, JEFE, JEO, JEOE, KIM, KIME, KMM, KMME, KOM, KOME, MAD, MADE, MAK, MAKE, MAT, MATE, MET, METE, MIM, MIME, MTO, MTOE, MUZE, PEM, PEME, PET, PETE, SBP, SBPE, SEH, TEK, TEKE, TEL, UCK, UCKE, UZB, UZBE",,
10035,ING 112,ING,LS,English I,,Zarife Zeliş Çoban,MED,Çarşamba,11:30/14:29,,21,25,,"BIO, BIOE, BLG, BLGE, CEV, CEVE, CHZ, CHZE, DEN, DENE, DUIE, ECNE, EHB, EHBE, EHN, ELE, ELH, ELK, ELKE, END, ENDE, EUT, EUTE, FIZ, FIZE, GEM, GEME, GEMK, GEO, GEOE, GID, GIDE, GMIE, ICM, IML, IMLE, INS, INSE, ISL, ISLE, JDF, JEF, JEFE, JEO, JEOE, KIM, KIME, KMM, KMME, KOM, KOME, MAD, MADE, MAK, MAKE, MAT, MATE, MET, METE, MIM, MIME, MTO, MTOE, MUZE, PEM, PEME, PET, PETE, SBP, SBPE, SEH, TEK, TEKE, TEL, UCK, UCKE, UZB, UZBE",,
10036,ING 112,ING,LS,English I,,Zarife Zeliş Çoban,MED,Perşembe,13:30/16:29,,22,28,,"BIO, BIOE, BLG, BLGE, CEV, CEVE, CHZ, CHZE, DEN, DENE, DUIE, ECNE, EHB, EHBE, EHN, ELE, ELH, ELK, ELKE, END, ENDE, EUT, EUTE, FIZ, FIZE, GEM, GEME, GEMK, GEO, GEOE, GID, GIDE, GMIE, ICM, IML, IMLE, INS, INSE, ISL, ISLE, JDF, JEF, JEFE, JEO, JEOE, KIM, KIME, KMM, KMME, KOM, KOME, MAD, MADE, MAK, MAKE, MAT, MATE, MET, METE, MIM, MIME, MTO, MTOE, MUZE, PEM, PEME, PET, PETE, SBP, SBPE, SEH, TEK, TEKE, TEL, UCK, UCKE, UZB, UZBE",,
10037,ING 112,ING,LS,English I,,--,MED,Pazartesi,13:30/16:29,,0,0,,"BIO, BIOE, BLG, BLGE, CEV, CEVE, CHZ, CHZE, DEN, DENE, DUIE, ECNE, EHB, EHBE, EHN, ELE, ELH, ELK, ELKE, END, ENDE, EUT, EUTE, FIZ, FIZE, GEM, GEME, GEMK, GEO, GEOE, GID, GIDE, GMIE, ICM, IML, IMLE, INS, INSE, ISL, ISLE, JDF, JEF, JEFE, JEO, JEOE, KIM, KIME, KMM, KMME, KOM, KOME, MAD, MADE, MAK, MAKE, MAT, MATE, MET, METE, MIM, MIME, MTO, MTOE, MUZE, PEM, PEME, PET, PETE, SBP, SBPE, SEH, TEK, TEKE, TEL, UCK, UCKE, UZB, UZBE",,
10038,ING 112,ING,LS,English I,,İlknur Karhan,MED,Salı,13:30/16:29,,23,24,,"BIO, BIOE, BLG, BLGE, CEV, CEVE, CHZ, CHZE, DEN, DENE, DUIE, ECNE, EHB, EHBE, EHN, ELE, ELH, ELK, ELKE, END, ENDE, EUT, EUTE, FIZ, FIZE, GEM, GEME, GEMK, GEO, GEOE, GID, GIDE, GMIE, ICM, IML, IMLE, INS, INSE, ISL, ISLE, JDF, JEF, JEFE, JEO, JEOE, KIM, KIME, KMM, KMME, KOM, KOME, MAD, MADE, MAK, MAKE, MAT, MATE, MET, METE, MIM, MIME, MTO, MTOE, MUZE, PEM, PEME, PET, PETE, SBP, SBPE, SEH, TEK, TEKE, TEL, UCK, UCKE, UZB, UZBE",,
10039,ING 112,ING,LS,English I,,İlknur Karhan,MED,Çarşamba,08:30/11:29,,19,21,,"BIO, BIOE, BLG, BLGE, CEV, CEVE, CHZ, CHZE, DEN, DENE, DUIE, ECNE, EHB, EHBE, EHN, ELE, ELH, ELK, ELKE, END, ENDE, EUT, EUTE, FIZ, FIZE, GEM, GEME, GEMK, GEO, GEOE, GID, GIDE, GMIE, ICM, IML, IMLE, INS, INSE, ISL, ISLE, JDF, JEF, JEFE, JEO, JEOE, KIM, KIME, KMM, KMME, KOM, KOME, MAD, MADE, MAK, MAKE, MAT, MATE, MET, METE, MIM, MIME, MTO, MTOE, MUZE, PEM, PEME, PET, PETE, SBP, SBPE, SEH, TEK, TEKE, TEL, UCK, UCKE, UZB, UZBE",,
10040,ING 112,ING,LS,English I,,İlknur Karhan,MED,Perşembe,08:30/11:29,,21,27,,"BIO, BIOE, BLG, BLGE, CEV, CEVE, CHZ, CHZE, DEN, DENE, DUIE, ECNE, EHB, EHBE, EHN, ELE, ELH, ELK, ELKE, END, ENDE, EUT, EUTE, FIZ, FIZE, GEM, GEME, GEMK, GEO, GEOE, GID, GIDE, GMIE, ICM, IML, IMLE, INS, INSE, ISL, ISLE, JDF, JEF, JEFE, JEO, JEOE, KIM, KIME, KMM, KMME, KOM, KOME, MAD, MADE, MAK, MAKE, MAT, MATE, MET, METE, MIM, MIME, MTO, MTOE, MUZE, PEM, PEME, PET, PETE, SBP, SBPE, SEH, TEK, TEKE, TEL, UCK, UCKE, UZB, UZBE",,
10041,ING 112,ING,LS,English I,,Meltem Tokmanoğlu,MEDB,Pazartesi,13:30/16:29,,26,30,,"BIO, BIOE, BLG, BLGE, CEV, CEVE, CHZ, CHZE, DEN, DENE, DUIE, ECNE, EHB, EHBE, EHN, ELE, ELH, ELK, ELKE, END, ENDE, EUT, EUTE, FIZ, FIZE, GEM, GEME, GEMK, GEO, GEOE, GID, GIDE, GMIE, ICM, IML, IMLE, INS, INSE, ISL, ISLE, JDF, JEF, JEFE, JEO, JEOE, KIM, KIME, KMM, KMME, KOM, KOME, MAD, MADE, MAK, MAKE, MAT, MATE, MET, METE, MIM, MIME, MTO, MTOE, MUZE, PEM, PEME, PET, PETE, SBP, SBPE, SEH, TEK, TEKE, TEL, UCK, UCKE, UZB, UZBE",,
10042,ING 112,ING,LS,English I,,Meltem Tokmanoğlu,MEDB,Salı,13:30/16:29,,23,23,,"BIO, BIOE, BLG, BLGE, CEV, CEVE, CHZ, CHZE, DEN, DENE, DUIE, ECNE, EHB, EHBE, EHN, ELE, ELH, ELK, ELKE, END, ENDE, EUT, EUTE, FIZ, FIZE, GEM, GEME, GEMK, GEO, GEOE, GID, GIDE, GMIE, ICM, IML, IMLE, INS, INSE, ISL, ISLE, JDF, JEF, JEFE, JEO, JEOE, KIM, KIME, KMM, KMME, KOM, KOME, MAD, MADE, MAK, MAKE, MAT, MATE, MET, METE, MIM, MIME, MTO, MTOE, MUZE, PEM, PEME, PET, PETE, SBP, SBPE, SEH, TEK, TEKE, TEL, UCK, UCKE, UZB, UZBE",,
10043,FIZ 321E,FIZ,LS,Mathematical Mthds in Physc I,,Hakkı Tunçay Özer,FEB | FEB | FEB,Salı | Perşembe | Cuma,08:30/10:29 | 08:30/10:29 | 09:30/10:29,,75,62,,"FIZ, FIZE",,
10044,ING 112,ING,LS,English I,,Meltem Tokmanoğlu,MEDB,Çarşamba,08:30/11:29,,19,26,,"BIO, BIOE, BLG, BLGE, CEV, CEVE, CHZ, CHZE, DEN, DENE, DUIE, ECNE, EHB, EHBE, EHN, ELE, ELH, ELK, ELKE, END, ENDE, EUT, EUTE, FIZ, FIZE, GEM, GEME, GEMK, GEO, GEOE, GID, GIDE, GMIE, ICM, IML, IMLE, INS, INSE, ISL, ISLE, JDF, JEF, JEFE, JEO, JEOE, KIM, KIME, KMM, KMME, KOM, KOME, MAD, MADE, MAK, MAKE, MAT, MATE, MET, METE, MIM, MIME, MTO, MTOE, MUZE, PEM, PEME, PET, PETE, SBP, SBPE, SEH, TEK, TEKE, TEL, UCK, UCKE, UZB, UZBE",,
10045,ING 112,ING,LS,English I,,Meltem Tokmanoğlu,MEDB,Perşembe,08:30/11:29,,21,26,,"BIO, BIOE, BLG, BLGE, CEV, CEVE, CHZ, CHZE, DEN, DENE, DUIE, ECNE, EHB, EHBE, EHN, ELE, ELH, ELK, ELKE, END, ENDE, EUT, EUTE, FIZ, FIZE, GEM, GEME, GEMK, GEO, GEOE, GID, GIDE, GMIE, ICM, IML, IMLE, INS, INSE, ISL, ISLE, JDF, JEF, JEFE, JEO, JEOE, KIM, KIME, KMM, KMME, KOM, KOME, MAD, MADE, MAK, MAKE, MAT, MATE, MET, METE, MIM, MIME, MTO, MTOE, MUZE, PEM, PEME, PET, PETE, SBP, SBPE, SEH, TEK, TEKE, TEL, UCK, UCKE, UZB, UZBE",,
10046,ING 112,ING,LS,English I,,Aslıhan Zengin Günay,MEDB,Pazartesi,08:30/11:29,,21,21,,"BIO, BIOE, BLG, BLGE, CEV, CEVE, CHZ, CHZE, DEN, DENE, DUIE, ECNE, EHB, EHBE, EHN, ELE, ELH, ELK, ELKE, END, ENDE, EUT, EUTE, FIZ, FIZE, GEM, GEME, GEMK, GEO, GEOE, GID, GIDE, GMIE, ICM, IML, IMLE, INS, INSE, ISL, ISLE, JDF, JEF, JEFE, JEO, JEOE, KIM, KIME, KMM, KMME, KOM, KOME, MAD, MADE, MAK, MAKE, MAT, MATE, MET, METE, MIM, MIME, MTO, MTOE, MUZE, PEM, PEME, PET, PETE, SBP, SBPE, SEH, TEK, TEKE, TEL, UCK, UCKE, UZB, UZBE",,
10047,ING 112,ING,LS,English I,,Aslıhan Zengin Günay,MEDB,Salı,08:30/11:29,,24,24,,"BIO, BIOE, BLG, BLGE, CEV, CEVE, CHZ, CHZE, DEN, DENE, DUIE, ECNE, EHB, EHBE, EHN, ELE, ELH, ELK, ELKE, END, ENDE, EUT, EUTE, FIZ, FIZE, GEM, GEME, GEMK, GEO, GEOE, GID, GIDE, GMIE, ICM, IML, IMLE, INS, INSE, ISL, ISLE, JDF, JEF, JEFE, JEO, JEOE, KIM, KIME, KMM, KMME, KOM, KOME, MAD, MADE, MAK, MAKE, MAT, MATE, MET, METE, MIM, MIME, MTO, MTOE, MUZE, PEM, PEME, PET, PETE, SBP, SBPE, SEH, TEK, TEKE, TEL, UCK, UCKE, UZB, UZBE",,
10048,ING 112,ING,LS,English I,,Aslıhan Zengin Günay,MEDB,Çarşamba,11:30/14:29,,21,21,,"BIO, BIOE, BLG, BLGE, CEV, CEVE, CHZ, CHZE, DEN, DENE, DUIE, ECNE, EHB, EHBE, EHN, ELE, ELH, ELK, ELKE, END, ENDE, EUT, EUTE, FIZ, FIZE, GEM, GEME, GEMK, GEO, GEOE, GID, GIDE, GMIE, ICM, IML, IMLE, INS, INSE, ISL, ISLE, JDF, JEF, JEFE, JEO, JEOE, KIM, KIME, KMM, KMME, KOM, KOME, MAD, MADE, MAK, MAKE, MAT, MATE, MET, METE, MIM, MIME, MTO, MTOE, MUZE, PEM, PEME, PET, PETE, SBP, SBPE, SEH, TEK, TEKE, TEL, UCK, UCKE, UZB, UZBE",,
10049,ING 112,ING,LS,English I,,Aslıhan Zengin Günay,MEDB,Perşembe,08:30/11:29,,21,25,,"BIO, BIOE, BLG, BLGE, CEV, CEVE, CHZ, CHZE, DEN, DENE, DUIE, ECNE, EHB, EHBE, EHN, ELE, ELH, ELK, ELKE, END, ENDE, EUT, EUTE, FIZ, FIZE, GEM, GEME, GEMK, GEO, GEOE, GID, GIDE, GMIE, ICM, IML, IMLE, INS, INSE, ISL, ISLE, JDF, JEF, JEFE, JEO, JEOE, KIM, KIME, KMM, KMME, KOM, KOME, MAD, MADE, MAK, MAKE, MAT, MATE, MET, METE, MIM, MIME, MTO, MTOE, MUZE, PEM, PEME, PET, PETE, SBP, SBPE, SEH, TEK, TEKE, TEL, UCK, UCKE, UZB, UZBE",,
10050,ING 112,ING,LS,English I,,Duygu Özkan,MEDB,Salı,13:30/16:29,,23,26,,"BIO, BIOE, BLG, BLGE, CEV, CEVE, CHZ, CHZE, DEN, DENE, DUIE, ECNE, EHB, EHBE, EHN, ELE, ELH, ELK, ELKE, END, ENDE, EUT, EUTE, FIZ, FIZE, GEM, GEME, GEMK, GEO, GEOE, GID, GIDE, GMIE, ICM, IML, IMLE, INS, INSE, ISL, ISLE, JDF, JEF, JEFE, JEO, JEOE, KIM, KIME, KMM, KMME, KOM, KOME, MAD, MADE, MAK, MAKE, MAT, MATE, MET, METE, MIM, MIME, MTO, MTOE, MUZE, PEM, PEME, PET, PETE, SBP, SBPE, SEH, TEK, TEKE, TEL, UCK, UCKE, UZB, UZBE",,
10051,ING 112,ING,LS,English I,,Duygu Özkan,MEDB,Çarşamba,08:30/11:29,,19,23,,"BIO, BIOE, BLG, BLGE, CEV, CEVE, CHZ, CHZE, DEN, DENE, DUIE, ECNE, EHB, EHBE, EHN, ELE, ELH, ELK, ELKE, END, ENDE, EUT, EUTE, FIZ, FIZE, GEM, GEME, GEMK, GEO, GEOE, GID, GIDE, GMIE, ICM, IML, IMLE, INS, INSE, ISL, ISLE, JDF, JEF, JEFE, JEO, JEOE, KIM, KIME, KMM, KMME, KOM, KOME, MAD, MADE, MAK, MAKE, MAT, MATE, MET, METE, MIM, MIME, MTO, MTOE, MUZE, PEM, PEME, PET, PETE, SBP, SBPE, SEH, TEK, TEKE, TEL, UCK, UCKE, UZB, UZBE",,
10052,ING 112,ING,LS,English I,,--,MEDB,Perşembe,13:30/16:29,,0,0,,"BIO, BIOE, BLG, BLGE, CEV, CEVE, CHZ, CHZE, DEN, DENE, DUIE, ECNE, EHB, EHBE, EHN, ELE, ELH, ELK, ELKE, END, ENDE, EUT, EUTE, FIZ, FIZE, GEM, GEME, GEMK, GEO, GEOE, GID, GIDE, GMIE, ICM, IML, IMLE, INS, INSE, ISL, ISLE, JDF, JEF, JEFE, JEO, JEOE, KIM, KIME, KMM, KMME, KOM, KOME, MAD, MADE, MAK, MAKE, MAT, MATE, MET, METE, MIM, MIME, MTO, MTOE, MUZE, PEM, PEME, PET, PETE, SBP, SBPE, SEH, TEK, TEKE, TEL, UCK, UCKE, UZB, UZBE",,
10053,ING 112,ING,LS,English I,,Duygu Özkan,MEDB,Cuma,08:30/11:29,,21,22,,"BIO, BIOE, BLG, BLGE, CEV, CEVE, CHZ, CHZE, DEN, DENE, DUIE, ECNE, EHB, EHBE, EHN, ELE, ELH, ELK, ELKE, END, ENDE, EUT, EUTE, FIZ, FIZE, GEM, GEME, GEMK, GEO, GEOE, GID, GIDE, GMIE, ICM, IML, IMLE, INS, INSE, ISL, ISLE, JDF, JEF, JEFE, JEO, JEOE, KIM, KIME, KMM, KMME, KOM, KOME, MAD, MADE, MAK, MAKE, MAT, MATE, MET, METE, MIM, MIME, MTO, MTOE, MUZE, PEM, PEME, PET, PETE, SBP, SBPE, SEH, TEK, TEKE, TEL, UCK, UCKE, UZB, UZBE",,
10054,ING 112,ING,LS,English I,,Fatma Betül Akpınar,MEDB,Salı,13:30/16:29,,23,25,,"BIO, BIOE, BLG, BLGE, CEV, CEVE, CHZ, CHZE, DEN, DENE, DUIE, ECNE, EHB, EHBE, EHN, ELE, ELH, ELK, ELKE, END, ENDE, EUT, EUTE, FIZ, FIZE, GEM, GEME, GEMK, GEO, GEOE, GID, GIDE, GMIE, ICM, IML, IMLE, INS, INSE, ISL, ISLE, JDF, JEF, JEFE, JEO, JEOE, KIM, KIME, KMM, KMME, KOM, KOME, MAD, MADE, MAK, MAKE, MAT, MATE, MET, METE, MIM, MIME, MTO, MTOE, MUZE, PEM, PEME, PET, PETE, SBP, SBPE, SEH, TEK, TEKE, TEL, UCK, UCKE, UZB, UZBE",,
10055,ING 112,ING,LS,English I,,Fatma Betül Akpınar,MEDB,Çarşamba,08:30/11:29,,20,22,,"BIO, BIOE, BLG, BLGE, CEV, CEVE, CHZ, CHZE, DEN, DENE, DUIE, ECNE, EHB, EHBE, EHN, ELE, ELH, ELK, ELKE, END, ENDE, EUT, EUTE, FIZ, FIZE, GEM, GEME, GEMK, GEO, GEOE, GID, GIDE, GMIE, ICM, IML, IMLE, INS, INSE, ISL, ISLE, JDF, JEF, JEFE, JEO, JEOE, KIM, KIME, KMM, KMME, KOM, KOME, MAD, MADE, MAK, MAKE, MAT, MATE, MET, METE, MIM, MIME, MTO, MTOE, MUZE, PEM, PEME, PET, PETE, SBP, SBPE, SEH, TEK, TEKE, TEL, UCK, UCKE, UZB, UZBE",,
10056,ING 112,ING,LS,English I,,Fatma Betül Akpınar,MEDB,Perşembe,13:30/16:29,,22,24,,"BIO, BIOE, BLG, BLGE, CEV, CEVE, CHZ, CHZE, DEN, DENE, DUIE, ECNE, EHB, EHBE, EHN, ELE, ELH, ELK, ELKE, END, ENDE, EUT, EUTE, FIZ, FIZE, GEM, GEME, GEMK, GEO, GEOE, GID, GIDE, GMIE, ICM, IML, IMLE, INS, INSE, ISL, ISLE, JDF, JEF, JEFE, JEO, JEOE, KIM, KIME, KMM, KMME, KOM, KOME, MAD, MADE, MAK, MAKE, MAT, MATE, MET, METE, MIM, MIME, MTO, MTOE, MUZE, PEM, PEME, PET, PETE, SBP, SBPE, SEH, TEK, TEKE, TEL, UCK, UCKE, UZB, UZBE",,
10057,FIZ 314E,FIZ,LS,Quantum Mechanics I,,Haluk Özbek,FEB | FEB | FEB,Pazartesi | Çarşamba | Cuma,08:30/10:29 | 08:30/10:29 | 08:30/09:29,,75,40,,"FIZ, FIZE, FIZM",,
10058,ING 112,ING,LS,English I,,Fatma Betül Akpınar,MEDB,Cuma,08:30/11:29,,21,22,,"BIO, BIOE, BLG, BLGE, CEV, CEVE, CHZ, CHZE, DEN, DENE, DUIE, ECNE, EHB, EHBE, EHN, ELE, ELH, ELK, ELKE, END, ENDE, EUT, EUTE, FIZ, FIZE, GEM, GEME, GEMK, GEO, GEOE, GID, GIDE, GMIE, ICM, IML, IMLE, INS, INSE, ISL, ISLE, JDF, JEF, JEFE, JEO, JEOE, KIM, KIME, KMM, KMME, KOM, KOME, MAD, MADE, MAK, MAKE, MAT, MATE, MET, METE, MIM, MIME, MTO, MTOE, MUZE, PEM, PEME, PET, PETE, SBP, SBPE, SEH, TEK, TEKE, TEL, UCK, UCKE, UZB, UZBE",,
10059,FIZ 201E,FIZ,LS,Modern Physics,,Mehmet Murat Sunar,FEB,Pazartesi,13:30/16:29,,45,71,,"CHZ, CHZE, DEN, DENE, FIZM, GEM, GEME, GEMK, JEF, JEO, JEOE, KOM, KOME, MAD, MADE, METE, MTO, MTOE, PET, PETE, UCK, UCKE, UZB, UZBE, UZBM",,
10060,FIZ 201,FIZ,LS,Modern Fizik,,Mehmet Murat Sunar,FEB,Salı,13:30/16:29,,45,72,,"CHZ, DEN, FIZM, GEM, JEF, JEO, KOM, MAD, MET, MTO, PET, UCK, UCKM, UZB",,
10061,ING 112,ING,LS,English I,,Hande Yalınateş,MEDB,Salı,08:30/11:29,,24,26,,"BIO, BIOE, BLG, BLGE, CEV, CEVE, CHZ, CHZE, DEN, DENE, DUIE, ECNE, EHB, EHBE, EHN, ELE, ELH, ELK, ELKE, END, ENDE, EUT, EUTE, FIZ, FIZE, GEM, GEME, GEMK, GEO, GEOE, GID, GIDE, GMIE, ICM, IML, IMLE, INS, INSE, ISL, ISLE, JDF, JEF, JEFE, JEO, JEOE, KIM, KIME, KMM, KMME, KOM, KOME, MAD, MADE, MAK, MAKE, MAT, MATE, MET, METE, MIM, MIME, MTO, MTOE, MUZE, PEM, PEME, PET, PETE, SBP, SBPE, SEH, TEK, TEKE, TEL, UCK, UCKE, UZB, UZBE",,
10062,ING 112,ING,LS,English I,,Hande Yalınateş,MEDB,Çarşamba,11:30/14:29,,21,22,,"BIO, BIOE, BLG, BLGE, CEV, CEVE, CHZ, CHZE, DEN, DENE, DUIE, ECNE, EHB, EHBE, EHN, ELE, ELH, ELK, ELKE, END, ENDE, EUT, EUTE, FIZ, FIZE, GEM, GEME, GEMK, GEO, GEOE, GID, GIDE, GMIE, ICM, IML, IMLE, INS, INSE, ISL, ISLE, JDF, JEF, JEFE, JEO, JEOE, KIM, KIME, KMM, KMME, KOM, KOME, MAD, MADE, MAK, MAKE, MAT, MATE, MET, METE, MIM, MIME, MTO, MTOE, MUZE, PEM, PEME, PET, PETE, SBP, SBPE, SEH, TEK, TEKE, TEL, UCK, UCKE, UZB, UZBE",,
10063,ING 201,ING,LS,English III,,Hande Yalınateş,MEDB,Perşembe,13:30/16:29,,21,20,,"BIO, BIOE, BLG, BLGE, CEV, CEVE, CHZ, CHZE, DEN, DENE, ECNE, EHB, EHBE, EHN, ELE, ELH, ELK, ELKE, END, ENDE, EUT, EUTE, FIZ, FIZE, GEM, GEME, GEMK, GEO, GEOE, GID, GIDE, ICM, IML, IMLE, INS, INSE, ISL, ISLE, JDF, JEF, JEFE, JEO, JEOE, KIM, KIME, KMM, KMME, KOM, KOME, MAD, MADE, MAK, MAKE, MAT, MATE, MET, METE, MIM, MIME, MTO, MTOE, MUZE, PEM, PEME, PET, PETE, SBP, SBPE, SEH, TEK, TEKE, TEL, UCK, UCKE, UZB, UZBE",,
10064,ING 201,ING,LS,English III,,--,MEDB,Cuma,08:30/11:29,,0,0,,"BIO, BIOE, BLG, BLGE, CEV, CEVE, CHZ, CHZE, DEN, DENE, ECNE, EHB, EHBE, EHN, ELE, ELH, ELK, ELKE, END, ENDE, EUT, EUTE, FIZ, FIZE, GEM, GEME, GEMK, GEO, GEOE, GID, GIDE, ICM, IML, IMLE, INS, INSE, ISL, ISLE, JDF, JEF, JEFE, JEO, JEOE, KIM, KIME, KMM, KMME, KOM, KOME, MAD, MADE, MAK, MAKE, MAT, MATE, MET, METE, MIM, MIME, MTO, MTOE, MUZE, PEM, PEME, PET, PETE, SBP, SBPE, SEH, TEK, TEKE, TEL, UCK, UCKE, UZB, UZBE",,
10065,FIZ 494E,FIZ,LS,General Relativity,,Neşe Özdemir,FEB,Pazartesi,14:30/17:29,,40,27,,"FIZ, FIZE, FIZM",,
10066,ING 112,ING,LS,English I,,--,MEDB,Salı,13:30/16:29,,0,0,,"BIO, BIOE, BLG, BLGE, CEV, CEVE, CHZ, CHZE, DEN, DENE, DUIE, ECNE, EHB, EHBE, EHN, ELE, ELH, ELK, ELKE, END, ENDE, EUT, EUTE, FIZ, FIZE, GEM, GEME, GEMK, GEO, GEOE, GID, GIDE, GMIE, ICM, IML, IMLE, INS, INSE, ISL, ISLE, JDF, JEF, JEFE, JEO, JEOE, KIM, KIME, KMM, KMME, KOM, KOME, MAD, MADE, MAK, MAKE, MAT, MATE, MET, METE, MIM, MIME, MTO, MTOE, MUZE, PEM, PEME, PET, PETE, SBP, SBPE, SEH, TEK, TEKE, TEL, UCK, UCKE, UZB, UZBE",,
10067,ING 112,ING,LS,English I,,Hatice Bilgin,MEDB,Çarşamba,11:30/14:29,,21,21,,"BIO, BIOE, BLG, BLGE, CEV, CEVE, CHZ, CHZE, DEN, DENE, DUIE, ECNE, EHB, EHBE, EHN, ELE, ELH, ELK, ELKE, END, ENDE, EUT, EUTE, FIZ, FIZE, GEM, GEME, GEMK, GEO, GEOE, GID, GIDE, GMIE, ICM, IML, IMLE, INS, INSE, ISL, ISLE, JDF, JEF, JEFE, JEO, JEOE, KIM, KIME, KMM, KMME, KOM, KOME, MAD, MADE, MAK, MAKE, MAT, MATE, MET, METE, MIM, MIME, MTO, MTOE, MUZE, PEM, PEME, PET, PETE, SBP, SBPE, SEH, TEK, TEKE, TEL, UCK, UCKE, UZB, UZBE",,
10069,ING 201,ING,LS,English III,,--,MEDB,Perşembe,08:30/11:29,,0,0,,"BIO, BIOE, BLG, BLGE, CEV, CEVE, CHZ, CHZE, DEN, DENE, ECNE, EHB, EHBE, EHN, ELE, ELH, ELK, ELKE, END, ENDE, EUT, EUTE, FIZ, FIZE, GEM, GEME, GEMK, GEO, GEOE, GID, GIDE, ICM, IML, IMLE, INS, INSE, ISL, ISLE, JDF, JEF, JEFE, JEO, JEOE, KIM, KIME, KMM, KMME, KOM, KOME, MAD, MADE, MAK, MAKE, MAT, MATE, MET, METE, MIM, MIME, MTO, MTOE, MUZE, PEM, PEME, PET, PETE, SBP, SBPE, SEH, TEK, TEKE, TEL, UCK, UCKE, UZB, UZBE",,
10070,ING 112,ING,LS,English I,,Özlem Kurnaz,MEDB,Pazartesi,13:30/16:29,,26,28,,"BIO, BIOE, BLG, BLGE, CEV, CEVE, CHZ, CHZE, DEN, DENE, DUIE, ECNE, EHB, EHBE, EHN, ELE, ELH, ELK, ELKE, END, ENDE, EUT, EUTE, FIZ, FIZE, GEM, GEME, GEMK, GEO, GEOE, GID, GIDE, GMIE, ICM, IML, IMLE, INS, INSE, ISL, ISLE, JDF, JEF, JEFE, JEO, JEOE, KIM, KIME, KMM, KMME, KOM, KOME, MAD, MADE, MAK, MAKE, MAT, MATE, MET, METE, MIM, MIME, MTO, MTOE, MUZE, PEM, PEME, PET, PETE, SBP, SBPE, SEH, TEK, TEKE, TEL, UCK, UCKE, UZB, UZBE",,
10072,ING 112,ING,LS,English I,,Özlem Kurnaz,MEDB,Salı,13:30/16:29,,24,26,,"BIO, BIOE, BLG, BLGE, CEV, CEVE, CHZ, CHZE, DEN, DENE, DUIE, ECNE, EHB, EHBE, EHN, ELE, ELH, ELK, ELKE, END, ENDE, EUT, EUTE, FIZ, FIZE, GEM, GEME, GEMK, GEO, GEOE, GID, GIDE, GMIE, ICM, IML, IMLE, INS, INSE, ISL, ISLE, JDF, JEF, JEFE, JEO, JEOE, KIM, KIME, KMM, KMME, KOM, KOME, MAD, MADE, MAK, MAKE, MAT, MATE, MET, METE, MIM, MIME, MTO, MTOE, MUZE, PEM, PEME, PET, PETE, SBP, SBPE, SEH, TEK, TEKE, TEL, UCK, UCKE, UZB, UZBE",,
10073,ING 201,ING,LS,English III,,--,MEDB,Çarşamba,08:30/11:29,,0,0,,"BIO, BIOE, BLG, BLGE, CEV, CEVE, CHZ, CHZE, DEN, DENE, ECNE, EHB, EHBE, EHN, ELE, ELH, ELK, ELKE, END, ENDE, EUT, EUTE, FIZ, FIZE, GEM, GEME, GEMK, GEO, GEOE, GID, GIDE, ICM, IML, IMLE, INS, INSE, ISL, ISLE, JDF, JEF, JEFE, JEO, JEOE, KIM, KIME, KMM, KMME, KOM, KOME, MAD, MADE, MAK, MAKE, MAT, MATE, MET, METE, MIM, MIME, MTO, MTOE, MUZE, PEM, PEME, PET, PETE, SBP, SBPE, SEH, TEK, TEKE, TEL, UCK, UCKE, UZB, UZBE",,
10074,ING 201,ING,LS,English III,,Özlem Kurnaz,MEDB,Perşembe,08:30/11:29,,22,21,,"BIO, BIOE, BLG, BLGE, CEV, CEVE, CHZ, CHZE, DEN, DENE, ECNE, EHB, EHBE, EHN, ELE, ELH, ELK, ELKE, END, ENDE, EUT, EUTE, FIZ, FIZE, GEM, GEME, GEMK, GEO, GEOE, GID, GIDE, ICM, IML, IMLE, INS, INSE, ISL, ISLE, JDF, JEF, JEFE, JEO, JEOE, KIM, KIME, KMM, KMME, KOM, KOME, MAD, MADE, MAK, MAKE, MAT, MATE, MET, METE, MIM, MIME, MTO, MTOE, MUZE, PEM, PEME, PET, PETE, SBP, SBPE, SEH, TEK, TEKE, TEL, UCK, UCKE, UZB, UZBE",,
10075,ING 112,ING,LS,English I,,--,MEDB,Pazartesi,13:30/16:29,,0,0,,"BIO, BIOE, BLG, BLGE, CEV, CEVE, CHZ, CHZE, DEN, DENE, DUIE, ECNE, EHB, EHBE, EHN, ELE, ELH, ELK, ELKE, END, ENDE, EUT, EUTE, FIZ, FIZE, GEM, GEME, GEMK, GEO, GEOE, GID, GIDE, GMIE, ICM, IML, IMLE, INS, INSE, ISL, ISLE, JDF, JEF, JEFE, JEO, JEOE, KIM, KIME, KMM, KMME, KOM, KOME, MAD, MADE, MAK, MAKE, MAT, MATE, MET, METE, MIM, MIME, MTO, MTOE, MUZE, PEM, PEME, PET, PETE, SBP, SBPE, SEH, TEK, TEKE, TEL, UCK, UCKE, UZB, UZBE",,
10076,FIZ 214E,FIZ,LS,Physics of Wave,,Seda Aksoy Esinoğlu,FEB | FEB | FEB,Pazartesi | Çarşamba | Cuma,08:30/10:29 | 08:30/10:29 | 08:30/09:29,,75,36,,"FIZ, FIZE, FIZM",,
10077,ING 112,ING,LS,English I,,Emel Çağlar,MEDB,Salı,13:30/16:29,,24,26,,"BIO, BIOE, BLG, BLGE, CEV, CEVE, CHZ, CHZE, DEN, DENE, DUIE, ECNE, EHB, EHBE, EHN, ELE, ELH, ELK, ELKE, END, ENDE, EUT, EUTE, FIZ, FIZE, GEM, GEME, GEMK, GEO, GEOE, GID, GIDE, GMIE, ICM, IML, IMLE, INS, INSE, ISL, ISLE, JDF, JEF, JEFE, JEO, JEOE, KIM, KIME, KMM, KMME, KOM, KOME, MAD, MADE, MAK, MAKE, MAT, MATE, MET, METE, MIM, MIME, MTO, MTOE, MUZE, PEM, PEME, PET, PETE, SBP, SBPE, SEH, TEK, TEKE, TEL, UCK, UCKE, UZB, UZBE",,
10078,ING 201,ING,LS,English III,,Emel Çağlar,MEDB,Perşembe,08:30/11:29,,23,23,,"BIO, BIOE, BLG, BLGE, CEV, CEVE, CHZ, CHZE, DEN, DENE, ECNE, EHB, EHBE, EHN, ELE, ELH, ELK, ELKE, END, ENDE, EUT, EUTE, FIZ, FIZE, GEM, GEME, GEMK, GEO, GEOE, GID, GIDE, ICM, IML, IMLE, INS, INSE, ISL, ISLE, JDF, JEF, JEFE, JEO, JEOE, KIM, KIME, KMM, KMME, KOM, KOME, MAD, MADE, MAK, MAKE, MAT, MATE, MET, METE, MIM, MIME, MTO, MTOE, MUZE, PEM, PEME, PET, PETE, SBP, SBPE, SEH, TEK, TEKE, TEL, UCK, UCKE, UZB, UZBE",,
10079,ING 201,ING,LS,English III,,--,MEDB,Cuma,08:30/11:29,,0,0,,"BIO, BIOE, BLG, BLGE, CEV, CEVE, CHZ, CHZE, DEN, DENE, ECNE, EHB, EHBE, EHN, ELE, ELH, ELK, ELKE, END, ENDE, EUT, EUTE, FIZ, FIZE, GEM, GEME, GEMK, GEO, GEOE, GID, GIDE, ICM, IML, IMLE, INS, INSE, ISL, ISLE, JDF, JEF, JEFE, JEO, JEOE, KIM, KIME, KMM, KMME, KOM, KOME, MAD, MADE, MAK, MAKE, MAT, MATE, MET, METE, MIM, MIME, MTO, MTOE, MUZE, PEM, PEME, PET, PETE, SBP, SBPE, SEH, TEK, TEKE, TEL, UCK, UCKE, UZB, UZBE",,
10080,FIZ 113,FIZ,LS,Mekanik,,Sevtap Yıldız Özbek,FEB | FEB | FEB,Pazartesi | Çarşamba | Cuma,08:30/10:29 | 08:30/10:29 | 08:30/09:29,,75,65,,"FIZ, FIZM",,
10081,FIZ 233E,FIZ,LS,Electronics I,,Ali Gelir,FEB | FEB,Salı | Çarşamba,13:30/15:29 | 10:30/11:29,,40,84,,"FIZ, FIZE",,
10082,FIZ 233EL,FIZ,LS,Electronics I Lab.,,Ömer Faruk Dayı,FEB,Çarşamba,13:30/15:29,,25,26,,"FIZ, FIZE",,
10083,FIZ 233EL,FIZ,LS,Electronics I Lab.,,Ahmet Levent Subaşı,FEB,Perşembe,08:30/10:29,,25,12,,"FIZ, FIZE",,
10084,FIZ 233EL,FIZ,LS,Electronics I Lab.,,Ahmet Levent Subaşı,FEB,Perşembe,10:30/12:29,,25,25,,"FIZ, FIZE",,
10085,FIZ 431E,FIZ,LS,Solid State Physics I,,Ali Gelir,FEB | FEB,Salı | Perşembe,15:30/17:29 | 13:30/16:29,,40,8,,"FIZ, FIZE, FIZM",,
10086,FIZ 437E,FIZ,LS,Stat.Lear.from Data:App.inPhy.,,Muammer Altan Çakır,FEB | FEB,Pazartesi | Çarşamba,13:30/15:29 | 13:30/15:29,,16,16,,"FIZ, FIZE, MAT",,
10087,FIZ 115,FIZ,LS,Fizik Müh. Giriş & Etik,,Gönül Eryürek,FEB,Çarşamba,13:30/15:29,,85,75,,FIZ,,
10088,FIZ 457E,FIZ,LS,Optics I,,Gönül Eryürek,FEB | FEB,Pazartesi | Cuma,15:30/17:29 | 12:30/14:29,,60,26,,"FIZ, FIZE",,
10089,FIZ 476E,FIZ,LS,Solar Energy Physics..,,Hakan Karaağaç,FEB | FEB,Pazartesi | Çarşamba,12:30/14:29 | 13:30/14:29,,60,3,,"FIZ, FIZE",,
10090,FIZ 424E,FIZ,LS,Digital Electronics,,--,FEB | FEB,Pazartesi | Çarşamba,12:30/14:29 | 11:30/13:29,,0,0,,"FIZ, FIZE",,
10091,ING 112,ING,LS,English I,,Canan Sağbilge,MEDB,Salı,13:30/16:29,,24,29,,"BIO, BIOE, BLG, BLGE, CEV, CEVE, CHZ, CHZE, DEN, DENE, DUIE, ECNE, EHB, EHBE, EHN, ELE, ELH, ELK, ELKE, END, ENDE, EUT, EUTE, FIZ, FIZE, GEM, GEME, GEMK, GEO, GEOE, GID, GIDE, GMIE, ICM, IML, IMLE, INS, INSE, ISL, ISLE, JDF, JEF, JEFE, JEO, JEOE, KIM, KIME, KMM, KMME, KOM, KOME, MAD, MADE, MAK, MAKE, MAT, MATE, MET, METE, MIM, MIME, MTO, MTOE, MUZE, PEM, PEME, PET, PETE, SBP, SBPE, SEH, TEK, TEKE, TEL, UCK, UCKE, UZB, UZBE",,
10092,ING 112,ING,LS,English I,,Canan Sağbilge,MEDB,Perşembe,08:30/11:29,,22,29,,"BIO, BIOE, BLG, BLGE, CEV, CEVE, CHZ, CHZE, DEN, DENE, DUIE, ECNE, EHB, EHBE, EHN, ELE, ELH, ELK, ELKE, END, ENDE, EUT, EUTE, FIZ, FIZE, GEM, GEME, GEMK, GEO, GEOE, GID, GIDE, GMIE, ICM, IML, IMLE, INS, INSE, ISL, ISLE, JDF, JEF, JEFE, JEO, JEOE, KIM, KIME, KMM, KMME, KOM, KOME, MAD, MADE, MAK, MAKE, MAT, MATE, MET, METE, MIM, MIME, MTO, MTOE, MUZE, PEM, PEME, PET, PETE, SBP, SBPE, SEH, TEK, TEKE, TEL, UCK, UCKE, UZB, UZBE",,
10093,ING 112,ING,LS,English I,,Canan Sağbilge,MEDB,Cuma,08:30/11:29,,21,21,,"BIO, BIOE, BLG, BLGE, CEV, CEVE, CHZ, CHZE, DEN, DENE, DUIE, ECNE, EHB, EHBE, EHN, ELE, ELH, ELK, ELKE, END, ENDE, EUT, EUTE, FIZ, FIZE, GEM, GEME, GEMK, GEO, GEOE, GID, GIDE, GMIE, ICM, IML, IMLE, INS, INSE, ISL, ISLE, JDF, JEF, JEFE, JEO, JEOE, KIM, KIME, KMM, KMME, KOM, KOME, MAD, MADE, MAK, MAKE, MAT, MATE, MET, METE, MIM, MIME, MTO, MTOE, MUZE, PEM, PEME, PET, PETE, SBP, SBPE, SEH, TEK, TEKE, TEL, UCK, UCKE, UZB, UZBE",,
10094,ING 112,ING,LS,English I,,Nilgün Eker,INB,Pazartesi,13:30/16:29,,26,28,,"BIO, BIOE, BLG, BLGE, CEV, CEVE, CHZ, CHZE, DEN, DENE, DUIE, ECNE, EHB, EHBE, EHN, ELE, ELH, ELK, ELKE, END, ENDE, EUT, EUTE, FIZ, FIZE, GEM, GEME, GEMK, GEO, GEOE, GID, GIDE, GMIE, ICM, IML, IMLE, INS, INSE, ISL, ISLE, JDF, JEF, JEFE, JEO, JEOE, KIM, KIME, KMM, KMME, KOM, KOME, MAD, MADE, MAK, MAKE, MAT, MATE, MET, METE, MIM, MIME, MTO, MTOE, MUZE, PEM, PEME, PET, PETE, SBP, SBPE, SEH, TEK, TEKE, TEL, UCK, UCKE, UZB, UZBE",,
10095,ING 112,ING,LS,English I,,Nilgün Eker,INB,Salı,13:30/16:29,,24,25,,"BIO, BIOE, BLG, BLGE, CEV, CEVE, CHZ, CHZE, DEN, DENE, DUIE, ECNE, EHB, EHBE, EHN, ELE, ELH, ELK, ELKE, END, ENDE, EUT, EUTE, FIZ, FIZE, GEM, GEME, GEMK, GEO, GEOE, GID, GIDE, GMIE, ICM, IML, IMLE, INS, INSE, ISL, ISLE, JDF, JEF, JEFE, JEO, JEOE, KIM, KIME, KMM, KMME, KOM, KOME, MAD, MADE, MAK, MAKE, MAT, MATE, MET, METE, MIM, MIME, MTO, MTOE, MUZE, PEM, PEME, PET, PETE, SBP, SBPE, SEH, TEK, TEKE, TEL, UCK, UCKE, UZB, UZBE",,
10096,ING 201,ING,LS,English III,,--,INB,Çarşamba,08:30/11:29,,0,0,,"BIO, BIOE, BLG, BLGE, CEV, CEVE, CHZ, CHZE, DEN, DENE, ECNE, EHB, EHBE, EHN, ELE, ELH, ELK, ELKE, END, ENDE, EUT, EUTE, FIZ, FIZE, GEM, GEME, GEMK, GEO, GEOE, GID, GIDE, ICM, IML, IMLE, INS, INSE, ISL, ISLE, JDF, JEF, JEFE, JEO, JEOE, KIM, KIME, KMM, KMME, KOM, KOME, MAD, MADE, MAK, MAKE, MAT, MATE, MET, METE, MIM, MIME, MTO, MTOE, MUZE, PEM, PEME, PET, PETE, SBP, SBPE, SEH, TEK, TEKE, TEL, UCK, UCKE, UZB, UZBE",,
10097,FIZ 463E,FIZ,LS,Astrophysics I,,Kazım Yavuz Ekşi,FEB | FEB,Salı | Cuma,15:30/17:29 | 13:30/14:29,,40,13,,"FIZ, FIZE, FIZM",,
10098,ING 201,ING,LS,English III,,Nilgün Eker,INB,Perşembe,08:30/11:29,,23,23,,"BIO, BIOE, BLG, BLGE, CEV, CEVE, CHZ, CHZE, DEN, DENE, ECNE, EHB, EHBE, EHN, ELE, ELH, ELK, ELKE, END, ENDE, EUT, EUTE, FIZ, FIZE, GEM, GEME, GEMK, GEO, GEOE, GID, GIDE, ICM, IML, IMLE, INS, INSE, ISL, ISLE, JDF, JEF, JEFE, JEO, JEOE, KIM, KIME, KMM, KMME, KOM, KOME, MAD, MADE, MAK, MAKE, MAT, MATE, MET, METE, MIM, MIME, MTO, MTOE, MUZE, PEM, PEME, PET, PETE, SBP, SBPE, SEH, TEK, TEKE, TEL, UCK, UCKE, UZB, UZBE",,
10099,ING 112,ING,LS,English I,,İrem Bocutoğlu,MEDB,Pazartesi,08:30/11:29,,21,23,,"BIO, BIOE, BLG, BLGE, CEV, CEVE, CHZ, CHZE, DEN, DENE, DUIE, ECNE, EHB, EHBE, EHN, ELE, ELH, ELK, ELKE, END, ENDE, EUT, EUTE, FIZ, FIZE, GEM, GEME, GEMK, GEO, GEOE, GID, GIDE, GMIE, ICM, IML, IMLE, INS, INSE, ISL, ISLE, JDF, JEF, JEFE, JEO, JEOE, KIM, KIME, KMM, KMME, KOM, KOME, MAD, MADE, MAK, MAKE, MAT, MATE, MET, METE, MIM, MIME, MTO, MTOE, MUZE, PEM, PEME, PET, PETE, SBP, SBPE, SEH, TEK, TEKE, TEL, UCK, UCKE, UZB, UZBE",,
10100,ING 103N,ING,LS,Film Studies,,İrem Bocutoğlu,GDB,Salı,08:30/11:29,,25,27,,"BIO, BIOE, BLG, BLGE, CEV, CEVE, CHZ, CHZE, DEN, DENE, DUIE, ECNE, EHB, EHBE, EHN, ELE, ELH, ELK, ELKE, END, ENDE, EUT, EUTE, FIZ, FIZE, GEM, GEME, GEMK, GEO, GEOE, GID, GIDE, GMIE, ICM, IML, IMLE, INS, INSE, ISL, ISLE, JDF, JEF, JEFE, JEO, JEOE, KIM, KIME, KMM, KMME, KOM, KOME, MAD, MADE, MAK, MAKE, MAT, MATE, MET, METE, MIM, MIME, MTO, MTOE, MUZE, PEM, PEME, PET, PETE, SBP, SBPE, SEH, TEK, TEKE, TEL, UCK, UCKE, UZB, UZBE",,
10101,FIZ 381E,FIZ,LS,Classical Mechanics II,,Meltem Güngörmez,FEB | FEB,Salı | Cuma,13:30/15:29 | 14:30/16:29,,40,39,,"FIZ, FIZE",,
10102,ING 103N,ING,LS,Film Studies,,İrem Bocutoğlu,GDB,Çarşamba,08:30/11:29,,25,25,,"BIO, BIOE, BLG, BLGE, CEV, CEVE, CHZ, CHZE, DEN, DENE, DUIE, ECNE, EHB, EHBE, EHN, ELE, ELH, ELK, ELKE, END, ENDE, EUT, EUTE, FIZ, FIZE, GEM, GEME, GEMK, GEO, GEOE, GID, GIDE, GMIE, ICM, IML, IMLE, INS, INSE, ISL, ISLE, JDF, JEF, JEFE, JEO, JEOE, KIM, KIME, KMM, KMME, KOM, KOME, MAD, MADE, MAK, MAKE, MAT, MATE, MET, METE, MIM, MIME, MTO, MTOE, MUZE, PEM, PEME, PET, PETE, SBP, SBPE, SEH, TEK, TEKE, TEL, UCK, UCKE, UZB, UZBE",,
10103,ING 103N,ING,LS,Film Studies,,İrem Bocutoğlu,GDB,Perşembe,13:30/16:29,,25,25,,"BIO, BIOE, BLG, BLGE, CEV, CEVE, CHZ, CHZE, DEN, DENE, DUIE, ECNE, EHB, EHBE, EHN, ELE, ELH, ELK, ELKE, END, ENDE, EUT, EUTE, FIZ, FIZE, GEM, GEME, GEMK, GEO, GEOE, GID, GIDE, GMIE, ICM, IML, IMLE, INS, INSE, ISL, ISLE, JDF, JEF, JEFE, JEO, JEOE, KIM, KIME, KMM, KMME, KOM, KOME, MAD, MADE, MAK, MAKE, MAT, MATE, MET, METE, MIM, MIME, MTO, MTOE, MUZE, PEM, PEME, PET, PETE, SBP, SBPE, SEH, TEK, TEKE, TEL, UCK, UCKE, UZB, UZBE",,
10104,ING 112,ING,LS,English I,,Dilek Öztürk,MEDB,Salı,08:30/11:29,,24,25,,"BIO, BIOE, BLG, BLGE, CEV, CEVE, CHZ, CHZE, DEN, DENE, DUIE, ECNE, EHB, EHBE, EHN, ELE, ELH, ELK, ELKE, END, ENDE, EUT, EUTE, FIZ, FIZE, GEM, GEME, GEMK, GEO, GEOE, GID, GIDE, GMIE, ICM, IML, IMLE, INS, INSE, ISL, ISLE, JDF, JEF, JEFE, JEO, JEOE, KIM, KIME, KMM, KMME, KOM, KOME, MAD, MADE, MAK, MAKE, MAT, MATE, MET, METE, MIM, MIME, MTO, MTOE, MUZE, PEM, PEME, PET, PETE, SBP, SBPE, SEH, TEK, TEKE, TEL, UCK, UCKE, UZB, UZBE",,
10105,RES 107E,RES,LS,Technical Drawing,,Mehmet Murat Sunar,FEB,Perşembe,13:30/16:29,,20,79,,"FIZ, FIZE",,
10106,ING 103I,ING,LS,Short Stories,,Dilek Öztürk,MEDB,Çarşamba,11:30/14:29,,25,25,,"BIO, BIOE, BLG, BLGE, CEV, CEVE, CHZ, CHZE, DEN, DENE, DUIE, ECNE, EHB, EHBE, EHN, ELE, ELH, ELK, ELKE, END, ENDE, EUT, EUTE, FIZ, FIZE, GEM, GEME, GEMK, GEO, GEOE, GID, GIDE, GMIE, ICM, IML, IMLE, INS, INSE, ISL, ISLE, JDF, JEF, JEFE, JEO, JEOE, KIM, KIME, KMM, KMME, KOM, KOME, MAD, MADE, MAK, MAKE, MAT, MATE, MET, METE, MIM, MIME, MTO, MTOE, MUZE, PEM, PEME, PET, PETE, SBP, SBPE, SEH, TEK, TEKE, TEL, UCK, UCKE, UZB, UZBE",,
10107,ING 112,ING,LS,English I,,Dilek Öztürk,MEDB,Perşembe,08:30/11:29,,22,25,,"BIO, BIOE, BLG, BLGE, CEV, CEVE, CHZ, CHZE, DEN, DENE, DUIE, ECNE, EHB, EHBE, EHN, ELE, ELH, ELK, ELKE, END, ENDE, EUT, EUTE, FIZ, FIZE, GEM, GEME, GEMK, GEO, GEOE, GID, GIDE, GMIE, ICM, IML, IMLE, INS, INSE, ISL, ISLE, JDF, JEF, JEFE, JEO, JEOE, KIM, KIME, KMM, KMME, KOM, KOME, MAD, MADE, MAK, MAKE, MAT, MATE, MET, METE, MIM, MIME, MTO, MTOE, MUZE, PEM, PEME, PET, PETE, SBP, SBPE, SEH, TEK, TEKE, TEL, UCK, UCKE, UZB, UZBE",,
10108,ING 201,ING,LS,English III,,F. Şehkar F. Kınık,MED,Salı,08:30/11:29,,24,25,,"BIO, BIOE, BLG, BLGE, CEV, CEVE, CHZ, CHZE, DEN, DENE, ECNE, EHB, EHBE, EHN, ELE, ELH, ELK, ELKE, END, ENDE, EUT, EUTE, FIZ, FIZE, GEM, GEME, GEMK, GEO, GEOE, GID, GIDE, ICM, IML, IMLE, INS, INSE, ISL, ISLE, JDF, JEF, JEFE, JEO, JEOE, KIM, KIME, KMM, KMME, KOM, KOME, MAD, MADE, MAK, MAKE, MAT, MATE, MET, METE, MIM, MIME, MTO, MTOE, MUZE, PEM, PEME, PET, PETE, SBP, SBPE, SEH, TEK, TEKE, TEL, UCK, UCKE, UZB, UZBE",,
10109,ING 103SC,ING,LS,Science Communication,,F. Şehkar F. Kınık,MED,Perşembe,08:30/11:29,,25,12,,"BIO, BIOE, BLG, BLGE, CEV, CEVE, CHZ, CHZE, DEN, DENE, DUIE, ECNE, EHB, EHBE, EHN, ELE, ELH, ELK, ELKE, END, ENDE, EUT, EUTE, FIZ, FIZE, GEM, GEME, GEMK, GEO, GEOE, GID, GIDE, GMIE, ICM, IML, IMLE, INS, INSE, ISL, ISLE, JDF, JEF, JEFE, JEO, JEOE, KIM, KIME, KMM, KMME, KOM, KOME, MAD, MADE, MAK, MAKE, MAT, MATE, MET, METE, MIM, MIME, MTO, MTOE, PEM, PEME, PET, PETE, SBP, SBPE, SEH, TEK, TEKE, TEL, UCK, UCKE, UZB, UZBE",,
10110,FIZ 313EL,FIZ,LS,Modern Physics Laboratory,,Hakan Özgür Özer,FEB,Salı,13:30/15:29,,21,15,,"FIZ, FIZE, FIZM",,
10111,FIZ 313EL,FIZ,LS,Modern Physics Laboratory,,Hakan Özgür Özer,FEB,Salı,15:30/17:29,,23,23,,"FIZ, FIZE, FIZM",,
10112,FIZ 313EL,FIZ,LS,Modern Physics Laboratory,,Hakan Özgür Özer,FEB,Perşembe,13:30/15:29,,20,10,,"FIZ, FIZE, FIZM",,
10113,ING 112,ING,LS,English I,,Nilüfer Ülker,MEDB,Pazartesi,08:30/11:29,,21,23,,"BIO, BIOE, BLG, BLGE, CEV, CEVE, CHZ, CHZE, DEN, DENE, DUIE, ECNE, EHB, EHBE, EHN, ELE, ELH, ELK, ELKE, END, ENDE, EUT, EUTE, FIZ, FIZE, GEM, GEME, GEMK, GEO, GEOE, GID, GIDE, GMIE, ICM, IML, IMLE, INS, INSE, ISL, ISLE, JDF, JEF, JEFE, JEO, JEOE, KIM, KIME, KMM, KMME, KOM, KOME, MAD, MADE, MAK, MAKE, MAT, MATE, MET, METE, MIM, MIME, MTO, MTOE, MUZE, PEM, PEME, PET, PETE, SBP, SBPE, SEH, TEK, TEKE, TEL, UCK, UCKE, UZB, UZBE",,
10114,FIZ 214EL,FIZ,LS,Wave Physics Laboratory,,Seda Aksoy Esinoğlu,FEB,Cuma,10:30/12:29,,20,30,,"FIZ, FIZE, FIZM",,
10115,ING 103ES,ING,LS,Intercultural Citizenship,,Nilüfer Ülker,INB,Çarşamba,11:30/14:29,,25,22,,"BIO, BIOE, BLG, BLGE, CEV, CEVE, CHZ, CHZE, DEN, DENE, DUIE, ECNE, EHB, EHBE, EHN, ELE, ELH, ELK, ELKE, END, ENDE, EUT, EUTE, FIZ, FIZE, GEM, GEME, GEMK, GEO, GEOE, GID, GIDE, GMIE, ICM, IML, IMLE, INS, INSE, ISL, ISLE, JDF, JEF, JEFE, JEO, JEOE, KIM, KIME, KMM, KMME, KOM, KOME, MAD, MADE, MAK, MAKE, MAT, MATE, MET, METE, MIM, MIME, MTO, MTOE, PEM, PEME, PET, PETE, SBP, SBPE, SEH, TEK, TEKE, TEL, UCK, UCKE, UZB, UZBE",,
10116,ING 103ES,ING,LS,Intercultural Citizenship,,Nilüfer Ülker,MED,Salı,13:30/16:29,,25,13,,"BIO, BIOE, BLG, BLGE, CEV, CEVE, CHZ, CHZE, DEN, DENE, DUIE, ECNE, EHB, EHBE, EHN, ELE, ELH, ELK, ELKE, END, ENDE, EUT, EUTE, FIZ, FIZE, GEM, GEME, GEMK, GEO, GEOE, GID, GIDE, GMIE, ICM, IML, IMLE, INS, INSE, ISL, ISLE, JDF, JEF, JEFE, JEO, JEOE, KIM, KIME, KMM, KMME, KOM, KOME, MAD, MADE, MAK, MAKE, MAT, MATE, MET, METE, MIM, MIME, MTO, MTOE, PEM, PEME, PET, PETE, SBP, SBPE, SEH, TEK, TEKE, TEL, UCK, UCKE, UZB, UZBE",,
10117,FIZ 214EL,FIZ,LS,Wave Physics Laboratory,,Seda Aksoy Esinoğlu,FEB,Cuma,13:30/15:29,,20,26,,"FIZ, FIZE, FIZM",,
10118,ING 112,ING,LS,English I,,Nilüfer Ülker,MEDB,Perşembe,08:30/11:29,,22,24,,"BIO, BIOE, BLG, BLGE, CEV, CEVE, CHZ, CHZE, DEN, DENE, DUIE, ECNE, EHB, EHBE, EHN, ELE, ELH, ELK, ELKE, END, ENDE, EUT, EUTE, FIZ, FIZE, GEM, GEME, GEMK, GEO, GEOE, GID, GIDE, GMIE, ICM, IML, IMLE, INS, INSE, ISL, ISLE, JDF, JEF, JEFE, JEO, JEOE, KIM, KIME, KMM, KMME, KOM, KOME, MAD, MADE, MAK, MAKE, MAT, MATE, MET, METE, MIM, MIME, MTO, MTOE, MUZE, PEM, PEME, PET, PETE, SBP, SBPE, SEH, TEK, TEKE, TEL, UCK, UCKE, UZB, UZBE",,
10119,ING 201,ING,LS,English III,,Özlem Ayar Gemalmaz,MEDB,Pazartesi,13:30/16:29,,27,27,,"BIO, BIOE, BLG, BLGE, CEV, CEVE, CHZ, CHZE, DEN, DENE, ECNE, EHB, EHBE, EHN, ELE, ELH, ELK, ELKE, END, ENDE, EUT, EUTE, FIZ, FIZE, GEM, GEME, GEMK, GEO, GEOE, GID, GIDE, ICM, IML, IMLE, INS, INSE, ISL, ISLE, JDF, JEF, JEFE, JEO, JEOE, KIM, KIME, KMM, KMME, KOM, KOME, MAD, MADE, MAK, MAKE, MAT, MATE, MET, METE, MIM, MIME, MTO, MTOE, MUZE, PEM, PEME, PET, PETE, SBP, SBPE, SEH, TEK, TEKE, TEL, UCK, UCKE, UZB, UZBE",,
10120,ING 201,ING,LS,English III,,Özlem Ayar Gemalmaz,INB,Salı,13:30/16:29,,25,25,,"BIO, BIOE, BLG, BLGE, CEV, CEVE, CHZ, CHZE, DEN, DENE, ECNE, EHB, EHBE, EHN, ELE, ELH, ELK, ELKE, END, ENDE, EUT, EUTE, FIZ, FIZE, GEM, GEME, GEMK, GEO, GEOE, GID, GIDE, ICM, IML, IMLE, INS, INSE, ISL, ISLE, JDF, JEF, JEFE, JEO, JEOE, KIM, KIME, KMM, KMME, KOM, KOME, MAD, MADE, MAK, MAKE, MAT, MATE, MET, METE, MIM, MIME, MTO, MTOE, MUZE, PEM, PEME, PET, PETE, SBP, SBPE, SEH, TEK, TEKE, TEL, UCK, UCKE, UZB, UZBE",,
10121,ING 112,ING,LS,English I,,Özlem Ayar Gemalmaz,MEDB,Çarşamba,08:30/11:29,,20,22,,"BIO, BIOE, BLG, BLGE, CEV, CEVE, CHZ, CHZE, DEN, DENE, DUIE, ECNE, EHB, EHBE, EHN, ELE, ELH, ELK, ELKE, END, ENDE, EUT, EUTE, FIZ, FIZE, GEM, GEME, GEMK, GEO, GEOE, GID, GIDE, GMIE, ICM, IML, IMLE, INS, INSE, ISL, ISLE, JDF, JEF, JEFE, JEO, JEOE, KIM, KIME, KMM, KMME, KOM, KOME, MAD, MADE, MAK, MAKE, MAT, MATE, MET, METE, MIM, MIME, MTO, MTOE, MUZE, PEM, PEME, PET, PETE, SBP, SBPE, SEH, TEK, TEKE, TEL, UCK, UCKE, UZB, UZBE",,
10122,FIZ 113EL,FIZ,LS,Mechanics Laboratory,,Tolga Birkandan,FEB,Çarşamba,10:30/12:29,,23,35,,"FIZ, FIZM",,
10123,ING 112,ING,LS,English I,,Seniye Rüyam Artan,MEDB,Salı,13:30/16:29,,24,26,,"BIO, BIOE, BLG, BLGE, CEV, CEVE, CHZ, CHZE, DEN, DENE, DUIE, ECNE, EHB, EHBE, EHN, ELE, ELH, ELK, ELKE, END, ENDE, EUT, EUTE, FIZ, FIZE, GEM, GEME, GEMK, GEO, GEOE, GID, GIDE, GMIE, ICM, IML, IMLE, INS, INSE, ISL, ISLE, JDF, JEF, JEFE, JEO, JEOE, KIM, KIME, KMM, KMME, KOM, KOME, MAD, MADE, MAK, MAKE, MAT, MATE, MET, METE, MIM, MIME, MTO, MTOE, MUZE, PEM, PEME, PET, PETE, SBP, SBPE, SEH, TEK, TEKE, TEL, UCK, UCKE, UZB, UZBE",,
10124,ING 112,ING,LS,English I,,Seniye Rüyam Artan,MEDB,Çarşamba,08:30/11:29,,20,22,,"BIO, BIOE, BLG, BLGE, CEV, CEVE, CHZ, CHZE, DEN, DENE, DUIE, ECNE, EHB, EHBE, EHN, ELE, ELH, ELK, ELKE, END, ENDE, EUT, EUTE, FIZ, FIZE, GEM, GEME, GEMK, GEO, GEOE, GID, GIDE, GMIE, ICM, IML, IMLE, INS, INSE, ISL, ISLE, JDF, JEF, JEFE, JEO, JEOE, KIM, KIME, KMM, KMME, KOM, KOME, MAD, MADE, MAK, MAKE, MAT, MATE, MET, METE, MIM, MIME, MTO, MTOE, MUZE, PEM, PEME, PET, PETE, SBP, SBPE, SEH, TEK, TEKE, TEL, UCK, UCKE, UZB, UZBE",,
10125,FIZ 113EL,FIZ,LS,Mechanics Laboratory,,Abdurrahman Savaş Arapoğlu,FEB,Çarşamba,10:30/12:29,,20,36,,"FIZ, FIZM",,
10126,ING 201,ING,LS,English III,,Seniye Rüyam Artan,MEDB,Perşembe,13:30/16:29,,20,19,,"BIO, BIOE, BLG, BLGE, CEV, CEVE, CHZ, CHZE, DEN, DENE, ECNE, EHB, EHBE, EHN, ELE, ELH, ELK, ELKE, END, ENDE, EUT, EUTE, FIZ, FIZE, GEM, GEME, GEMK, GEO, GEOE, GID, GIDE, ICM, IML, IMLE, INS, INSE, ISL, ISLE, JDF, JEF, JEFE, JEO, JEOE, KIM, KIME, KMM, KMME, KOM, KOME, MAD, MADE, MAK, MAKE, MAT, MATE, MET, METE, MIM, MIME, MTO, MTOE, MUZE, PEM, PEME, PET, PETE, SBP, SBPE, SEH, TEK, TEKE, TEL, UCK, UCKE, UZB, UZBE",,
10127,ING 201,ING,LS,English III,,--,MEDB,Cuma,08:30/11:29,,0,0,,"BIO, BIOE, BLG, BLGE, CEV, CEVE, CHZ, CHZE, DEN, DENE, ECNE, EHB, EHBE, EHN, ELE, ELH, ELK, ELKE, END, ENDE, EUT, EUTE, FIZ, FIZE, GEM, GEME, GEMK, GEO, GEOE, GID, GIDE, ICM, IML, IMLE, INS, INSE, ISL, ISLE, JDF, JEF, JEFE, JEO, JEOE, KIM, KIME, KMM, KMME, KOM, KOME, MAD, MADE, MAK, MAKE, MAT, MATE, MET, METE, MIM, MIME, MTO, MTOE, MUZE, PEM, PEME, PET, PETE, SBP, SBPE, SEH, TEK, TEKE, TEL, UCK, UCKE, UZB, UZBE",,
10128,ING 201,ING,LS,English III,,Hatice Bahar Mendi Ünver,MEDB,Pazartesi,13:30/16:29,,27,26,,"BIO, BIOE, BLG, BLGE, CEV, CEVE, CHZ, CHZE, DEN, DENE, ECNE, EHB, EHBE, EHN, ELE, ELH, ELK, ELKE, END, ENDE, EUT, EUTE, FIZ, FIZE, GEM, GEME, GEMK, GEO, GEOE, GID, GIDE, ICM, IML, IMLE, INS, INSE, ISL, ISLE, JDF, JEF, JEFE, JEO, JEOE, KIM, KIME, KMM, KMME, KOM, KOME, MAD, MADE, MAK, MAKE, MAT, MATE, MET, METE, MIM, MIME, MTO, MTOE, MUZE, PEM, PEME, PET, PETE, SBP, SBPE, SEH, TEK, TEKE, TEL, UCK, UCKE, UZB, UZBE",,
10129,FIZ 241E,FIZ,LS,Symblc & Numrc Tchnqs in Physc,,Tolga Birkandan,FEB,Salı,08:30/11:29,,30,34,,"FIZ, FIZE",,
10130,ING 201,ING,LS,English III,,Hatice Bahar Mendi Ünver,INB,Salı,13:30/16:29,,25,23,,"BIO, BIOE, BLG, BLGE, CEV, CEVE, CHZ, CHZE, DEN, DENE, ECNE, EHB, EHBE, EHN, ELE, ELH, ELK, ELKE, END, ENDE, EUT, EUTE, FIZ, FIZE, GEM, GEME, GEMK, GEO, GEOE, GID, GIDE, ICM, IML, IMLE, INS, INSE, ISL, ISLE, JDF, JEF, JEFE, JEO, JEOE, KIM, KIME, KMM, KMME, KOM, KOME, MAD, MADE, MAK, MAKE, MAT, MATE, MET, METE, MIM, MIME, MTO, MTOE, MUZE, PEM, PEME, PET, PETE, SBP, SBPE, SEH, TEK, TEKE, TEL, UCK, UCKE, UZB, UZBE",,
10131,ING 201,ING,LS,English III,,Hatice Bahar Mendi Ünver,MEDB,Çarşamba,08:30/11:29,,22,19,,"BIO, BIOE, BLG, BLGE, CEV, CEVE, CHZ, CHZE, DEN, DENE, ECNE, EHB, EHBE, EHN, ELE, ELH, ELK, ELKE, END, ENDE, EUT, EUTE, FIZ, FIZE, GEM, GEME, GEMK, GEO, GEOE, GID, GIDE, ICM, IML, IMLE, INS, INSE, ISL, ISLE, JDF, JEF, JEFE, JEO, JEOE, KIM, KIME, KMM, KMME, KOM, KOME, MAD, MADE, MAK, MAKE, MAT, MATE, MET, METE, MIM, MIME, MTO, MTOE, MUZE, PEM, PEME, PET, PETE, SBP, SBPE, SEH, TEK, TEKE, TEL, UCK, UCKE, UZB, UZBE",,
10132,ING 201,ING,LS,English III,,--,MEDB,Cuma,08:30/11:29,,0,0,,"BIO, BIOE, BLG, BLGE, CEV, CEVE, CHZ, CHZE, DEN, DENE, ECNE, EHB, EHBE, EHN, ELE, ELH, ELK, ELKE, END, ENDE, EUT, EUTE, FIZ, FIZE, GEM, GEME, GEMK, GEO, GEOE, GID, GIDE, ICM, IML, IMLE, INS, INSE, ISL, ISLE, JDF, JEF, JEFE, JEO, JEOE, KIM, KIME, KMM, KMME, KOM, KOME, MAD, MADE, MAK, MAKE, MAT, MATE, MET, METE, MIM, MIME, MTO, MTOE, MUZE, PEM, PEME, PET, PETE, SBP, SBPE, SEH, TEK, TEKE, TEL, UCK, UCKE, UZB, UZBE",,
10133,ING 201,ING,LS,English III,,Gamze Moran,MEDB,Pazartesi,13:30/16:29,,27,26,,"BIO, BIOE, BLG, BLGE, CEV, CEVE, CHZ, CHZE, DEN, DENE, ECNE, EHB, EHBE, EHN, ELE, ELH, ELK, ELKE, END, ENDE, EUT, EUTE, FIZ, FIZE, GEM, GEME, GEMK, GEO, GEOE, GID, GIDE, ICM, IML, IMLE, INS, INSE, ISL, ISLE, JDF, JEF, JEFE, JEO, JEOE, KIM, KIME, KMM, KMME, KOM, KOME, MAD, MADE, MAK, MAKE, MAT, MATE, MET, METE, MIM, MIME, MTO, MTOE, MUZE, PEM, PEME, PET, PETE, SBP, SBPE, SEH, TEK, TEKE, TEL, UCK, UCKE, UZB, UZBE",,
10134,ING 201,ING,LS,English III,,Gamze Moran,INB,Salı,13:30/16:29,,26,25,,"BIO, BIOE, BLG, BLGE, CEV, CEVE, CHZ, CHZE, DEN, DENE, ECNE, EHB, EHBE, EHN, ELE, ELH, ELK, ELKE, END, ENDE, EUT, EUTE, FIZ, FIZE, GEM, GEME, GEMK, GEO, GEOE, GID, GIDE, ICM, IML, IMLE, INS, INSE, ISL, ISLE, JDF, JEF, JEFE, JEO, JEOE, KIM, KIME, KMM, KMME, KOM, KOME, MAD, MADE, MAK, MAKE, MAT, MATE, MET, METE, MIM, MIME, MTO, MTOE, MUZE, PEM, PEME, PET, PETE, SBP, SBPE, SEH, TEK, TEKE, TEL, UCK, UCKE, UZB, UZBE",,
10135,FIZ 241E,FIZ,LS,Symblc & Numrc Tchnqs in Physc,,Tolga Birkandan,FEB,Pazartesi,13:30/16:29,,30,32,,"FIZ, FIZE",,
10136,ING 201,ING,LS,English III,,Gamze Moran,MEDB,Çarşamba,08:30/11:29,,22,23,,"BIO, BIOE, BLG, BLGE, CEV, CEVE, CHZ, CHZE, DEN, DENE, ECNE, EHB, EHBE, EHN, ELE, ELH, ELK, ELKE, END, ENDE, EUT, EUTE, FIZ, FIZE, GEM, GEME, GEMK, GEO, GEOE, GID, GIDE, ICM, IML, IMLE, INS, INSE, ISL, ISLE, JDF, JEF, JEFE, JEO, JEOE, KIM, KIME, KMM, KMME, KOM, KOME, MAD, MADE, MAK, MAKE, MAT, MATE, MET, METE, MIM, MIME, MTO, MTOE, MUZE, PEM, PEME, PET, PETE, SBP, SBPE, SEH, TEK, TEKE, TEL, UCK, UCKE, UZB, UZBE",,
10137,FIZ 443E,FIZ,LS,Solar Energy Physics &Tech.; I,,Zuhal Er,FEB,Perşembe,13:30/16:29,,75,35,,"FIZ, FIZE",,
10138,ING 201,ING,LS,English III,,Gamze Moran,INB,Cuma,08:30/11:29,,20,19,,"BIO, BIOE, BLG, BLGE, CEV, CEVE, CHZ, CHZE, DEN, DENE, ECNE, EHB, EHBE, EHN, ELE, ELH, ELK, ELKE, END, ENDE, EUT, EUTE, FIZ, FIZE, GEM, GEME, GEMK, GEO, GEOE, GID, GIDE, ICM, IML, IMLE, INS, INSE, ISL, ISLE, JDF, JEF, JEFE, JEO, JEOE, KIM, KIME, KMM, KMME, KOM, KOME, MAD, MADE, MAK, MAKE, MAT, MATE, MET, METE, MIM, MIME, MTO, MTOE, MUZE, PEM, PEME, PET, PETE, SBP, SBPE, SEH, TEK, TEKE, TEL, UCK, UCKE, UZB, UZBE",,
10139,ING 201,ING,LS,English III,,Gürcan Öztürk,MEDB,Pazartesi,13:30/16:29,,27,27,,"BIO, BIOE, BLG, BLGE, CEV, CEVE, CHZ, CHZE, DEN, DENE, ECNE, EHB, EHBE, EHN, ELE, ELH, ELK, ELKE, END, ENDE, EUT, EUTE, FIZ, FIZE, GEM, GEME, GEMK, GEO, GEOE, GID, GIDE, ICM, IML, IMLE, INS, INSE, ISL, ISLE, JDF, JEF, JEFE, JEO, JEOE, KIM, KIME, KMM, KMME, KOM, KOME, MAD, MADE, MAK, MAKE, MAT, MATE, MET, METE, MIM, MIME, MTO, MTOE, MUZE, PEM, PEME, PET, PETE, SBP, SBPE, SEH, TEK, TEKE, TEL, UCK, UCKE, UZB, UZBE",,
10140,FIZ 492,FIZ,LS,Bitirme Çalışması,,Günay Başar,---,,/,,500,6,,FIZ,,
10141,ING 201,ING,LS,English III,,Gürcan Öztürk,MEDB,Salı,08:30/11:29,,25,25,,"BIO, BIOE, BLG, BLGE, CEV, CEVE, CHZ, CHZE, DEN, DENE, ECNE, EHB, EHBE, EHN, ELE, ELH, ELK, ELKE, END, ENDE, EUT, EUTE, FIZ, FIZE, GEM, GEME, GEMK, GEO, GEOE, GID, GIDE, ICM, IML, IMLE, INS, INSE, ISL, ISLE, JDF, JEF, JEFE, JEO, JEOE, KIM, KIME, KMM, KMME, KOM, KOME, MAD, MADE, MAK, MAKE, MAT, MATE, MET, METE, MIM, MIME, MTO, MTOE, MUZE, PEM, PEME, PET, PETE, SBP, SBPE, SEH, TEK, TEKE, TEL, UCK, UCKE, UZB, UZBE",,
10142,FIZ 492E,FIZ,LS,Graduation Project,,Günay Başar,---,,/,,500,14,,"FIZ, FIZE",,
10143,ING 201,ING,LS,English III,,Gürcan Öztürk,MEDB,Çarşamba,11:30/14:29,,19,18,,"BIO, BIOE, BLG, BLGE, CEV, CEVE, CHZ, CHZE, DEN, DENE, ECNE, EHB, EHBE, EHN, ELE, ELH, ELK, ELKE, END, ENDE, EUT, EUTE, FIZ, FIZE, GEM, GEME, GEMK, GEO, GEOE, GID, GIDE, ICM, IML, IMLE, INS, INSE, ISL, ISLE, JDF, JEF, JEFE, JEO, JEOE, KIM, KIME, KMM, KMME, KOM, KOME, MAD, MADE, MAK, MAKE, MAT, MATE, MET, METE, MIM, MIME, MTO, MTOE, MUZE, PEM, PEME, PET, PETE, SBP, SBPE, SEH, TEK, TEKE, TEL, UCK, UCKE, UZB, UZBE",,
10144,ING 201,ING,LS,English III,,Gürcan Öztürk,INB,Cuma,08:30/11:29,,20,20,,"BIO, BIOE, BLG, BLGE, CEV, CEVE, CHZ, CHZE, DEN, DENE, ECNE, EHB, EHBE, EHN, ELE, ELH, ELK, ELKE, END, ENDE, EUT, EUTE, FIZ, FIZE, GEM, GEME, GEMK, GEO, GEOE, GID, GIDE, ICM, IML, IMLE, INS, INSE, ISL, ISLE, JDF, JEF, JEFE, JEO, JEOE, KIM, KIME, KMM, KMME, KOM, KOME, MAD, MADE, MAK, MAKE, MAT, MATE, MET, METE, MIM, MIME, MTO, MTOE, MUZE, PEM, PEME, PET, PETE, SBP, SBPE, SEH, TEK, TEKE, TEL, UCK, UCKE, UZB, UZBE",,
10145,ING 201,ING,LS,English III,,Zeynep Şişman Şen,INB,Pazartesi,13:30/16:29,,27,25,,"BIO, BIOE, BLG, BLGE, CEV, CEVE, CHZ, CHZE, DEN, DENE, ECNE, EHB, EHBE, EHN, ELE, ELH, ELK, ELKE, END, ENDE, EUT, EUTE, FIZ, FIZE, GEM, GEME, GEMK, GEO, GEOE, GID, GIDE, ICM, IML, IMLE, INS, INSE, ISL, ISLE, JDF, JEF, JEFE, JEO, JEOE, KIM, KIME, KMM, KMME, KOM, KOME, MAD, MADE, MAK, MAKE, MAT, MATE, MET, METE, MIM, MIME, MTO, MTOE, MUZE, PEM, PEME, PET, PETE, SBP, SBPE, SEH, TEK, TEKE, TEL, UCK, UCKE, UZB, UZBE",,
10147,ING 201,ING,LS,English III,,Zeynep Şişman Şen,MEDB,Çarşamba,08:30/11:29,,22,21,,"BIO, BIOE, BLG, BLGE, CEV, CEVE, CHZ, CHZE, DEN, DENE, ECNE, EHB, EHBE, EHN, ELE, ELH, ELK, ELKE, END, ENDE, EUT, EUTE, FIZ, FIZE, GEM, GEME, GEMK, GEO, GEOE, GID, GIDE, ICM, IML, IMLE, INS, INSE, ISL, ISLE, JDF, JEF, JEFE, JEO, JEOE, KIM, KIME, KMM, KMME, KOM, KOME, MAD, MADE, MAK, MAKE, MAT, MATE, MET, METE, MIM, MIME, MTO, MTOE, MUZE, PEM, PEME, PET, PETE, SBP, SBPE, SEH, TEK, TEKE, TEL, UCK, UCKE, UZB, UZBE",,
10148,ING 201,ING,LS,English III,,Zeynep Şişman Şen,INB,Cuma,08:30/11:29,,19,18,,"BIO, BIOE, BLG, BLGE, CEV, CEVE, CHZ, CHZE, DEN, DENE, ECNE, EHB, EHBE, EHN, ELE, ELH, ELK, ELKE, END, ENDE, EUT, EUTE, FIZ, FIZE, GEM, GEME, GEMK, GEO, GEOE, GID, GIDE, ICM, IML, IMLE, INS, INSE, ISL, ISLE, JDF, JEF, JEFE, JEO, JEOE, KIM, KIME, KMM, KMME, KOM, KOME, MAD, MADE, MAK, MAKE, MAT, MATE, MET, METE, MIM, MIME, MTO, MTOE, MUZE, PEM, PEME, PET, PETE, SBP, SBPE, SEH, TEK, TEKE, TEL, UCK, UCKE, UZB, UZBE",,
10150,ING 201,ING,LS,English III,,Ayşe Zeynep Ziya,MED,Pazartesi,13:30/16:29,,26,26,,"BIO, BIOE, BLG, BLGE, CEV, CEVE, CHZ, CHZE, DEN, DENE, ECNE, EHB, EHBE, EHN, ELE, ELH, ELK, ELKE, END, ENDE, EUT, EUTE, FIZ, FIZE, GEM, GEME, GEMK, GEO, GEOE, GID, GIDE, ICM, IML, IMLE, INS, INSE, ISL, ISLE, JDF, JEF, JEFE, JEO, JEOE, KIM, KIME, KMM, KMME, KOM, KOME, MAD, MADE, MAK, MAKE, MAT, MATE, MET, METE, MIM, MIME, MTO, MTOE, MUZE, PEM, PEME, PET, PETE, SBP, SBPE, SEH, TEK, TEKE, TEL, UCK, UCKE, UZB, UZBE",,
10152,ING 201,ING,LS,English III,,Ayşe Zeynep Ziya,MMB,Salı,13:30/16:29,,25,24,,"BIO, BIOE, BLG, BLGE, CEV, CEVE, CHZ, CHZE, DEN, DENE, ECNE, EHB, EHBE, EHN, ELE, ELH, ELK, ELKE, END, ENDE, EUT, EUTE, FIZ, FIZE, GEM, GEME, GEMK, GEO, GEOE, GID, GIDE, ICM, IML, IMLE, INS, INSE, ISL, ISLE, JDF, JEF, JEFE, JEO, JEOE, KIM, KIME, KMM, KMME, KOM, KOME, MAD, MADE, MAK, MAKE, MAT, MATE, MET, METE, MIM, MIME, MTO, MTOE, MUZE, PEM, PEME, PET, PETE, SBP, SBPE, SEH, TEK, TEKE, TEL, UCK, UCKE, UZB, UZBE",,
10154,ING 201,ING,LS,English III,,Ayşe Zeynep Ziya,INB,Çarşamba,11:30/14:29,,19,18,,"BIO, BIOE, BLG, BLGE, CEV, CEVE, CHZ, CHZE, DEN, DENE, ECNE, EHB, EHBE, EHN, ELE, ELH, ELK, ELKE, END, ENDE, EUT, EUTE, FIZ, FIZE, GEM, GEME, GEMK, GEO, GEOE, GID, GIDE, ICM, IML, IMLE, INS, INSE, ISL, ISLE, JDF, JEF, JEFE, JEO, JEOE, KIM, KIME, KMM, KMME, KOM, KOME, MAD, MADE, MAK, MAKE, MAT, MATE, MET, METE, MIM, MIME, MTO, MTOE, MUZE, PEM, PEME, PET, PETE, SBP, SBPE, SEH, TEK, TEKE, TEL, UCK, UCKE, UZB, UZBE",,
10155,ING 201,ING,LS,English III,,Ayşe Zeynep Ziya,MMB,Cuma,08:30/11:29,,25,25,,"BIO, BIOE, BLG, BLGE, CEV, CEVE, CHZ, CHZE, DEN, DENE, ECNE, EHB, EHBE, EHN, ELE, ELH, ELK, ELKE, END, ENDE, EUT, EUTE, FIZ, FIZE, GEM, GEME, GEMK, GEO, GEOE, GID, GIDE, ICM, IML, IMLE, INS, INSE, ISL, ISLE, JDF, JEF, JEFE, JEO, JEOE, KIM, KIME, KMM, KMME, KOM, KOME, MAD, MADE, MAK, MAKE, MAT, MATE, MET, METE, MIM, MIME, MTO, MTOE, MUZE, PEM, PEME, PET, PETE, SBP, SBPE, SEH, TEK, TEKE, TEL, UCK, UCKE, UZB, UZBE",,
10157,ING 201,ING,LS,English III,,Ebru Yetiş,INB,Pazartesi,13:30/16:29,,26,26,,"BIO, BIOE, BLG, BLGE, CEV, CEVE, CHZ, CHZE, DEN, DENE, ECNE, EHB, EHBE, EHN, ELE, ELH, ELK, ELKE, END, ENDE, EUT, EUTE, FIZ, FIZE, GEM, GEME, GEMK, GEO, GEOE, GID, GIDE, ICM, IML, IMLE, INS, INSE, ISL, ISLE, JDF, JEF, JEFE, JEO, JEOE, KIM, KIME, KMM, KMME, KOM, KOME, MAD, MADE, MAK, MAKE, MAT, MATE, MET, METE, MIM, MIME, MTO, MTOE, MUZE, PEM, PEME, PET, PETE, SBP, SBPE, SEH, TEK, TEKE, TEL, UCK, UCKE, UZB, UZBE",,
10159,ING 201,ING,LS,English III,,Ebru Yetiş,INB,Salı,13:30/16:29,,26,26,,"BIO, BIOE, BLG, BLGE, CEV, CEVE, CHZ, CHZE, DEN, DENE, ECNE, EHB, EHBE, EHN, ELE, ELH, ELK, ELKE, END, ENDE, EUT, EUTE, FIZ, FIZE, GEM, GEME, GEMK, GEO, GEOE, GID, GIDE, ICM, IML, IMLE, INS, INSE, ISL, ISLE, JDF, JEF, JEFE, JEO, JEOE, KIM, KIME, KMM, KMME, KOM, KOME, MAD, MADE, MAK, MAKE, MAT, MATE, MET, METE, MIM, MIME, MTO, MTOE, MUZE, PEM, PEME, PET, PETE, SBP, SBPE, SEH, TEK, TEKE, TEL, UCK, UCKE, UZB, UZBE",,
10161,ING 201,ING,LS,English III,,Ebru Yetiş,MED,Çarşamba,11:30/14:29,,18,18,,"BIO, BIOE, BLG, BLGE, CEV, CEVE, CHZ, CHZE, DEN, DENE, ECNE, EHB, EHBE, EHN, ELE, ELH, ELK, ELKE, END, ENDE, EUT, EUTE, FIZ, FIZE, GEM, GEME, GEMK, GEO, GEOE, GID, GIDE, ICM, IML, IMLE, INS, INSE, ISL, ISLE, JDF, JEF, JEFE, JEO, JEOE, KIM, KIME, KMM, KMME, KOM, KOME, MAD, MADE, MAK, MAKE, MAT, MATE, MET, METE, MIM, MIME, MTO, MTOE, MUZE, PEM, PEME, PET, PETE, SBP, SBPE, SEH, TEK, TEKE, TEL, UCK, UCKE, UZB, UZBE",,
10163,ING 201,ING,LS,English III,,Ebru Yetiş,GDB,Perşembe,08:30/11:29,,23,23,,"BIO, BIOE, BLG, BLGE, CEV, CEVE, CHZ, CHZE, DEN, DENE, ECNE, EHB, EHBE, EHN, ELE, ELH, ELK, ELKE, END, ENDE, EUT, EUTE, FIZ, FIZE, GEM, GEME, GEMK, GEO, GEOE, GID, GIDE, ICM, IML, IMLE, INS, INSE, ISL, ISLE, JDF, JEF, JEFE, JEO, JEOE, KIM, KIME, KMM, KMME, KOM, KOME, MAD, MADE, MAK, MAKE, MAT, MATE, MET, METE, MIM, MIME, MTO, MTOE, MUZE, PEM, PEME, PET, PETE, SBP, SBPE, SEH, TEK, TEKE, TEL, UCK, UCKE, UZB, UZBE",,
10164,ING 201,ING,LS,English III,,Emine Sari Altındağ,MEDB,Pazartesi,08:30/11:29,,20,19,,"BIO, BIOE, BLG, BLGE, CEV, CEVE, CHZ, CHZE, DEN, DENE, ECNE, EHB, EHBE, EHN, ELE, ELH, ELK, ELKE, END, ENDE, EUT, EUTE, FIZ, FIZE, GEM, GEME, GEMK, GEO, GEOE, GID, GIDE, ICM, IML, IMLE, INS, INSE, ISL, ISLE, JDF, JEF, JEFE, JEO, JEOE, KIM, KIME, KMM, KMME, KOM, KOME, MAD, MADE, MAK, MAKE, MAT, MATE, MET, METE, MIM, MIME, MTO, MTOE, MUZE, PEM, PEME, PET, PETE, SBP, SBPE, SEH, TEK, TEKE, TEL, UCK, UCKE, UZB, UZBE",,
10165,ING 201,ING,LS,English III,,Emine Sari Altındağ,MED,Salı,13:30/16:29,,26,22,,"BIO, BIOE, BLG, BLGE, CEV, CEVE, CHZ, CHZE, DEN, DENE, ECNE, EHB, EHBE, EHN, ELE, ELH, ELK, ELKE, END, ENDE, EUT, EUTE, FIZ, FIZE, GEM, GEME, GEMK, GEO, GEOE, GID, GIDE, ICM, IML, IMLE, INS, INSE, ISL, ISLE, JDF, JEF, JEFE, JEO, JEOE, KIM, KIME, KMM, KMME, KOM, KOME, MAD, MADE, MAK, MAKE, MAT, MATE, MET, METE, MIM, MIME, MTO, MTOE, MUZE, PEM, PEME, PET, PETE, SBP, SBPE, SEH, TEK, TEKE, TEL, UCK, UCKE, UZB, UZBE",,
10166,ING 201,ING,LS,English III,,Emine Sari Altındağ,INB,Çarşamba,11:30/14:29,,18,18,,"BIO, BIOE, BLG, BLGE, CEV, CEVE, CHZ, CHZE, DEN, DENE, ECNE, EHB, EHBE, EHN, ELE, ELH, ELK, ELKE, END, ENDE, EUT, EUTE, FIZ, FIZE, GEM, GEME, GEMK, GEO, GEOE, GID, GIDE, ICM, IML, IMLE, INS, INSE, ISL, ISLE, JDF, JEF, JEFE, JEO, JEOE, KIM, KIME, KMM, KMME, KOM, KOME, MAD, MADE, MAK, MAKE, MAT, MATE, MET, METE, MIM, MIME, MTO, MTOE, MUZE, PEM, PEME, PET, PETE, SBP, SBPE, SEH, TEK, TEKE, TEL, UCK, UCKE, UZB, UZBE",,
10168,ING 201,ING,LS,English III,,--,INB,Cuma,08:30/11:29,,0,0,,"BIO, BIOE, BLG, BLGE, CEV, CEVE, CHZ, CHZE, DEN, DENE, ECNE, EHB, EHBE, EHN, ELE, ELH, ELK, ELKE, END, ENDE, EUT, EUTE, FIZ, FIZE, GEM, GEME, GEMK, GEO, GEOE, GID, GIDE, ICM, IML, IMLE, INS, INSE, ISL, ISLE, JDF, JEF, JEFE, JEO, JEOE, KIM, KIME, KMM, KMME, KOM, KOME, MAD, MADE, MAK, MAKE, MAT, MATE, MET, METE, MIM, MIME, MTO, MTOE, MUZE, PEM, PEME, PET, PETE, SBP, SBPE, SEH, TEK, TEKE, TEL, UCK, UCKE, UZB, UZBE",,
10169,ING 201,ING,LS,English III,,Esbie van Heerden,MEDB,Pazartesi,08:30/11:29,,20,21,,"BIO, BIOE, BLG, BLGE, CEV, CEVE, CHZ, CHZE, DEN, DENE, ECNE, EHB, EHBE, EHN, ELE, ELH, ELK, ELKE, END, ENDE, EUT, EUTE, FIZ, FIZE, GEM, GEME, GEMK, GEO, GEOE, GID, GIDE, ICM, IML, IMLE, INS, INSE, ISL, ISLE, JDF, JEF, JEFE, JEO, JEOE, KIM, KIME, KMM, KMME, KOM, KOME, MAD, MADE, MAK, MAKE, MAT, MATE, MET, METE, MIM, MIME, MTO, MTOE, MUZE, PEM, PEME, PET, PETE, SBP, SBPE, SEH, TEK, TEKE, TEL, UCK, UCKE, UZB, UZBE",,
10170,ING 201,ING,LS,English III,,Esbie van Heerden,MEDB,Salı,08:30/11:29,,25,23,,"BIO, BIOE, BLG, BLGE, CEV, CEVE, CHZ, CHZE, DEN, DENE, ECNE, EHB, EHBE, EHN, ELE, ELH, ELK, ELKE, END, ENDE, EUT, EUTE, FIZ, FIZE, GEM, GEME, GEMK, GEO, GEOE, GID, GIDE, ICM, IML, IMLE, INS, INSE, ISL, ISLE, JDF, JEF, JEFE, JEO, JEOE, KIM, KIME, KMM, KMME, KOM, KOME, MAD, MADE, MAK, MAKE, MAT, MATE, MET, METE, MIM, MIME, MTO, MTOE, MUZE, PEM, PEME, PET, PETE, SBP, SBPE, SEH, TEK, TEKE, TEL, UCK, UCKE, UZB, UZBE",,
10171,BIO 301E,BIO,LS,Fundamentals of Biology,,Deniz Şahin,FEB,Çarşamba,08:30/11:29,,90,87,,"BIOM, CHZ, CHZE, DEN, EHB, EHBE, ELE, ELH, ELK, ELKE, FIZ, FIZE, GEM, GID, GIDE, INS, INSE, ISL, ISLE, JEO, JEOE, KIM, KIME, KMM, KMME, KOM, KOME, MAD, MADE, MET, METE, PET, PETE, TEL",,
10172,ING 201,ING,LS,English III,,Esbie van Heerden,MDB,Çarşamba,11:30/14:29,,18,16,,"BIO, BIOE, BLG, BLGE, CEV, CEVE, CHZ, CHZE, DEN, DENE, ECNE, EHB, EHBE, EHN, ELE, ELH, ELK, ELKE, END, ENDE, EUT, EUTE, FIZ, FIZE, GEM, GEME, GEMK, GEO, GEOE, GID, GIDE, ICM, IML, IMLE, INS, INSE, ISL, ISLE, JDF, JEF, JEFE, JEO, JEOE, KIM, KIME, KMM, KMME, KOM, KOME, MAD, MADE, MAK, MAKE, MAT, MATE, MET, METE, MIM, MIME, MTO, MTOE, MUZE, PEM, PEME, PET, PETE, SBP, SBPE, SEH, TEK, TEKE, TEL, UCK, UCKE, UZB, UZBE",,
10175,ING 201,ING,LS,English III,,Esbie van Heerden,MED,Perşembe,08:30/11:29,,23,20,,"BIO, BIOE, BLG, BLGE, CEV, CEVE, CHZ, CHZE, DEN, DENE, ECNE, EHB, EHBE, EHN, ELE, ELH, ELK, ELKE, END, ENDE, EUT, EUTE, FIZ, FIZE, GEM, GEME, GEMK, GEO, GEOE, GID, GIDE, ICM, IML, IMLE, INS, INSE, ISL, ISLE, JDF, JEF, JEFE, JEO, JEOE, KIM, KIME, KMM, KMME, KOM, KOME, MAD, MADE, MAK, MAKE, MAT, MATE, MET, METE, MIM, MIME, MTO, MTOE, MUZE, PEM, PEME, PET, PETE, SBP, SBPE, SEH, TEK, TEKE, TEL, UCK, UCKE, UZB, UZBE",,
10177,ING 201,ING,LS,English III,,Esbie van Heerden,MED,Perşembe,13:30/16:29,,20,20,,"BIO, BIOE, BLG, BLGE, CEV, CEVE, CHZ, CHZE, DEN, DENE, ECNE, EHB, EHBE, EHN, ELE, ELH, ELK, ELKE, END, ENDE, EUT, EUTE, FIZ, FIZE, GEM, GEME, GEMK, GEO, GEOE, GID, GIDE, ICM, IML, IMLE, INS, INSE, ISL, ISLE, JDF, JEF, JEFE, JEO, JEOE, KIM, KIME, KMM, KMME, KOM, KOME, MAD, MADE, MAK, MAKE, MAT, MATE, MET, METE, MIM, MIME, MTO, MTOE, MUZE, PEM, PEME, PET, PETE, SBP, SBPE, SEH, TEK, TEKE, TEL, UCK, UCKE, UZB, UZBE",,
10178,ING 201,ING,LS,English III,,Esra Sancak,INB,Pazartesi,13:30/16:29,,26,26,,"BIO, BIOE, BLG, BLGE, CEV, CEVE, CHZ, CHZE, DEN, DENE, ECNE, EHB, EHBE, EHN, ELE, ELH, ELK, ELKE, END, ENDE, EUT, EUTE, FIZ, FIZE, GEM, GEME, GEMK, GEO, GEOE, GID, GIDE, ICM, IML, IMLE, INS, INSE, ISL, ISLE, JDF, JEF, JEFE, JEO, JEOE, KIM, KIME, KMM, KMME, KOM, KOME, MAD, MADE, MAK, MAKE, MAT, MATE, MET, METE, MIM, MIME, MTO, MTOE, MUZE, PEM, PEME, PET, PETE, SBP, SBPE, SEH, TEK, TEKE, TEL, UCK, UCKE, UZB, UZBE",,
10180,ING 201,ING,LS,English III,,Esra Sancak,MED,Salı,13:30/16:29,,26,25,,"BIO, BIOE, BLG, BLGE, CEV, CEVE, CHZ, CHZE, DEN, DENE, ECNE, EHB, EHBE, EHN, ELE, ELH, ELK, ELKE, END, ENDE, EUT, EUTE, FIZ, FIZE, GEM, GEME, GEMK, GEO, GEOE, GID, GIDE, ICM, IML, IMLE, INS, INSE, ISL, ISLE, JDF, JEF, JEFE, JEO, JEOE, KIM, KIME, KMM, KMME, KOM, KOME, MAD, MADE, MAK, MAKE, MAT, MATE, MET, METE, MIM, MIME, MTO, MTOE, MUZE, PEM, PEME, PET, PETE, SBP, SBPE, SEH, TEK, TEKE, TEL, UCK, UCKE, UZB, UZBE",,
10181,ING 201,ING,LS,English III,,Esra Sancak,MED,Çarşamba,08:30/11:29,,23,25,,"BIO, BIOE, BLG, BLGE, CEV, CEVE, CHZ, CHZE, DEN, DENE, ECNE, EHB, EHBE, EHN, ELE, ELH, ELK, ELKE, END, ENDE, EUT, EUTE, FIZ, FIZE, GEM, GEME, GEMK, GEO, GEOE, GID, GIDE, ICM, IML, IMLE, INS, INSE, ISL, ISLE, JDF, JEF, JEFE, JEO, JEOE, KIM, KIME, KMM, KMME, KOM, KOME, MAD, MADE, MAK, MAKE, MAT, MATE, MET, METE, MIM, MIME, MTO, MTOE, MUZE, PEM, PEME, PET, PETE, SBP, SBPE, SEH, TEK, TEKE, TEL, UCK, UCKE, UZB, UZBE",,
10182,ING 201,ING,LS,English III,,Esra Sancak,INB,Perşembe,08:30/11:29,,23,24,,"BIO, BIOE, BLG, BLGE, CEV, CEVE, CHZ, CHZE, DEN, DENE, ECNE, EHB, EHBE, EHN, ELE, ELH, ELK, ELKE, END, ENDE, EUT, EUTE, FIZ, FIZE, GEM, GEME, GEMK, GEO, GEOE, GID, GIDE, ICM, IML, IMLE, INS, INSE, ISL, ISLE, JDF, JEF, JEFE, JEO, JEOE, KIM, KIME, KMM, KMME, KOM, KOME, MAD, MADE, MAK, MAKE, MAT, MATE, MET, METE, MIM, MIME, MTO, MTOE, MUZE, PEM, PEME, PET, PETE, SBP, SBPE, SEH, TEK, TEKE, TEL, UCK, UCKE, UZB, UZBE",,
10183,ING 201,ING,LS,English III,,--,---,Salı,13:30/16:29,,0,0,,"BIO, BIOE, BLG, BLGE, CEV, CEVE, CHZ, CHZE, DEN, DENE, ECNE, EHB, EHBE, EHN, ELE, ELH, ELK, ELKE, END, ENDE, EUT, EUTE, FIZ, FIZE, GEM, GEME, GEMK, GEO, GEOE, GID, GIDE, ICM, IML, IMLE, INS, INSE, ISL, ISLE, JDF, JEF, JEFE, JEO, JEOE, KIM, KIME, KMM, KMME, KOM, KOME, MAD, MADE, MAK, MAKE, MAT, MATE, MET, METE, MIM, MIME, MTO, MTOE, MUZE, PEM, PEME, PET, PETE, SBP, SBPE, SEH, TEK, TEKE, TEL, UCK, UCKE, UZB, UZBE",,
10184,ING 201,ING,LS,English III,,Gamze Avcı,MED,Çarşamba,11:30/14:29,,18,19,,"BIO, BIOE, BLG, BLGE, CEV, CEVE, CHZ, CHZE, DEN, DENE, ECNE, EHB, EHBE, EHN, ELE, ELH, ELK, ELKE, END, ENDE, EUT, EUTE, FIZ, FIZE, GEM, GEME, GEMK, GEO, GEOE, GID, GIDE, ICM, IML, IMLE, INS, INSE, ISL, ISLE, JDF, JEF, JEFE, JEO, JEOE, KIM, KIME, KMM, KMME, KOM, KOME, MAD, MADE, MAK, MAKE, MAT, MATE, MET, METE, MIM, MIME, MTO, MTOE, MUZE, PEM, PEME, PET, PETE, SBP, SBPE, SEH, TEK, TEKE, TEL, UCK, UCKE, UZB, UZBE",,
10185,ING 201,ING,LS,English III,,Gamze Avcı,MEDB,Perşembe,13:30/16:29,,20,23,,"BIO, BIOE, BLG, BLGE, CEV, CEVE, CHZ, CHZE, DEN, DENE, ECNE, EHB, EHBE, EHN, ELE, ELH, ELK, ELKE, END, ENDE, EUT, EUTE, FIZ, FIZE, GEM, GEME, GEMK, GEO, GEOE, GID, GIDE, ICM, IML, IMLE, INS, INSE, ISL, ISLE, JDF, JEF, JEFE, JEO, JEOE, KIM, KIME, KMM, KMME, KOM, KOME, MAD, MADE, MAK, MAKE, MAT, MATE, MET, METE, MIM, MIME, MTO, MTOE, MUZE, PEM, PEME, PET, PETE, SBP, SBPE, SEH, TEK, TEKE, TEL, UCK, UCKE, UZB, UZBE",,
10187,ING 201,ING,LS,English III,,Gamze Avcı,MED,Cuma,08:30/11:29,,19,19,,"BIO, BIOE, BLG, BLGE, CEV, CEVE, CHZ, CHZE, DEN, DENE, ECNE, EHB, EHBE, EHN, ELE, ELH, ELK, ELKE, END, ENDE, EUT, EUTE, FIZ, FIZE, GEM, GEME, GEMK, GEO, GEOE, GID, GIDE, ICM, IML, IMLE, INS, INSE, ISL, ISLE, JDF, JEF, JEFE, JEO, JEOE, KIM, KIME, KMM, KMME, KOM, KOME, MAD, MADE, MAK, MAKE, MAT, MATE, MET, METE, MIM, MIME, MTO, MTOE, MUZE, PEM, PEME, PET, PETE, SBP, SBPE, SEH, TEK, TEKE, TEL, UCK, UCKE, UZB, UZBE",,
10188,ING 201,ING,LS,English III,,Hatice Gülru Arslan,MED,Pazartesi,13:30/16:29,,26,26,,"BIO, BIOE, BLG, BLGE, CEV, CEVE, CHZ, CHZE, DEN, DENE, ECNE, EHB, EHBE, EHN, ELE, ELH, ELK, ELKE, END, ENDE, EUT, EUTE, FIZ, FIZE, GEM, GEME, GEMK, GEO, GEOE, GID, GIDE, ICM, IML, IMLE, INS, INSE, ISL, ISLE, JDF, JEF, JEFE, JEO, JEOE, KIM, KIME, KMM, KMME, KOM, KOME, MAD, MADE, MAK, MAKE, MAT, MATE, MET, METE, MIM, MIME, MTO, MTOE, MUZE, PEM, PEME, PET, PETE, SBP, SBPE, SEH, TEK, TEKE, TEL, UCK, UCKE, UZB, UZBE",,
10190,ING 201,ING,LS,English III,,Hatice Gülru Arslan,MEDB,Salı,08:30/11:29,,25,24,,"BIO, BIOE, BLG, BLGE, CEV, CEVE, CHZ, CHZE, DEN, DENE, ECNE, EHB, EHBE, EHN, ELE, ELH, ELK, ELKE, END, ENDE, EUT, EUTE, FIZ, FIZE, GEM, GEME, GEMK, GEO, GEOE, GID, GIDE, ICM, IML, IMLE, INS, INSE, ISL, ISLE, JDF, JEF, JEFE, JEO, JEOE, KIM, KIME, KMM, KMME, KOM, KOME, MAD, MADE, MAK, MAKE, MAT, MATE, MET, METE, MIM, MIME, MTO, MTOE, MUZE, PEM, PEME, PET, PETE, SBP, SBPE, SEH, TEK, TEKE, TEL, UCK, UCKE, UZB, UZBE",,
10192,ING 201,ING,LS,English III,,Hatice Gülru Arslan,MED,Çarşamba,08:30/11:29,,23,22,,"BIO, BIOE, BLG, BLGE, CEV, CEVE, CHZ, CHZE, DEN, DENE, ECNE, EHB, EHBE, EHN, ELE, ELH, ELK, ELKE, END, ENDE, EUT, EUTE, FIZ, FIZE, GEM, GEME, GEMK, GEO, GEOE, GID, GIDE, ICM, IML, IMLE, INS, INSE, ISL, ISLE, JDF, JEF, JEFE, JEO, JEOE, KIM, KIME, KMM, KMME, KOM, KOME, MAD, MADE, MAK, MAKE, MAT, MATE, MET, METE, MIM, MIME, MTO, MTOE, MUZE, PEM, PEME, PET, PETE, SBP, SBPE, SEH, TEK, TEKE, TEL, UCK, UCKE, UZB, UZBE",,
10193,ING 201,ING,LS,English III,,Hatice Gülru Arslan,MEDB,Perşembe,13:30/16:29,,20,20,,"BIO, BIOE, BLG, BLGE, CEV, CEVE, CHZ, CHZE, DEN, DENE, ECNE, EHB, EHBE, EHN, ELE, ELH, ELK, ELKE, END, ENDE, EUT, EUTE, FIZ, FIZE, GEM, GEME, GEMK, GEO, GEOE, GID, GIDE, ICM, IML, IMLE, INS, INSE, ISL, ISLE, JDF, JEF, JEFE, JEO, JEOE, KIM, KIME, KMM, KMME, KOM, KOME, MAD, MADE, MAK, MAKE, MAT, MATE, MET, METE, MIM, MIME, MTO, MTOE, MUZE, PEM, PEME, PET, PETE, SBP, SBPE, SEH, TEK, TEKE, TEL, UCK, UCKE, UZB, UZBE",,
10196,ING 201,ING,LS,English III,,Pelin Gökalp Yılmazer,MED,Çarşamba,08:30/11:29,,23,22,,"BIO, BIOE, BLG, BLGE, CEV, CEVE, CHZ, CHZE, DEN, DENE, ECNE, EHB, EHBE, EHN, ELE, ELH, ELK, ELKE, END, ENDE, EUT, EUTE, FIZ, FIZE, GEM, GEME, GEMK, GEO, GEOE, GID, GIDE, ICM, IML, IMLE, INS, INSE, ISL, ISLE, JDF, JEF, JEFE, JEO, JEOE, KIM, KIME, KMM, KMME, KOM, KOME, MAD, MADE, MAK, MAKE, MAT, MATE, MET, METE, MIM, MIME, MTO, MTOE, MUZE, PEM, PEME, PET, PETE, SBP, SBPE, SEH, TEK, TEKE, TEL, UCK, UCKE, UZB, UZBE",,
10198,ING 201,ING,LS,English III,,Pelin Gökalp Yılmazer,MED,Perşembe,08:30/11:29,,23,22,,"BIO, BIOE, BLG, BLGE, CEV, CEVE, CHZ, CHZE, DEN, DENE, ECNE, EHB, EHBE, EHN, ELE, ELH, ELK, ELKE, END, ENDE, EUT, EUTE, FIZ, FIZE, GEM, GEME, GEMK, GEO, GEOE, GID, GIDE, ICM, IML, IMLE, INS, INSE, ISL, ISLE, JDF, JEF, JEFE, JEO, JEOE, KIM, KIME, KMM, KMME, KOM, KOME, MAD, MADE, MAK, MAKE, MAT, MATE, MET, METE, MIM, MIME, MTO, MTOE, MUZE, PEM, PEME, PET, PETE, SBP, SBPE, SEH, TEK, TEKE, TEL, UCK, UCKE, UZB, UZBE",,
10199,ING 201,ING,LS,English III,,Pelin Gökalp Yılmazer,MED,Pazartesi,13:30/16:29,,26,26,,"BIO, BIOE, BLG, BLGE, CEV, CEVE, CHZ, CHZE, DEN, DENE, ECNE, EHB, EHBE, EHN, ELE, ELH, ELK, ELKE, END, ENDE, EUT, EUTE, FIZ, FIZE, GEM, GEME, GEMK, GEO, GEOE, GID, GIDE, ICM, IML, IMLE, INS, INSE, ISL, ISLE, JDF, JEF, JEFE, JEO, JEOE, KIM, KIME, KMM, KMME, KOM, KOME, MAD, MADE, MAK, MAKE, MAT, MATE, MET, METE, MIM, MIME, MTO, MTOE, MUZE, PEM, PEME, PET, PETE, SBP, SBPE, SEH, TEK, TEKE, TEL, UCK, UCKE, UZB, UZBE",,
10201,ING 201,ING,LS,English III,,Şadiye Saraç,MED,Pazartesi,13:30/16:29,,26,26,,"BIO, BIOE, BLG, BLGE, CEV, CEVE, CHZ, CHZE, DEN, DENE, ECNE, EHB, EHBE, EHN, ELE, ELH, ELK, ELKE, END, ENDE, EUT, EUTE, FIZ, FIZE, GEM, GEME, GEMK, GEO, GEOE, GID, GIDE, ICM, IML, IMLE, INS, INSE, ISL, ISLE, JDF, JEF, JEFE, JEO, JEOE, KIM, KIME, KMM, KMME, KOM, KOME, MAD, MADE, MAK, MAKE, MAT, MATE, MET, METE, MIM, MIME, MTO, MTOE, MUZE, PEM, PEME, PET, PETE, SBP, SBPE, SEH, TEK, TEKE, TEL, UCK, UCKE, UZB, UZBE",,
10202,BIO 301E,BIO,LS,Fundamentals of Biology,,Deniz Şahin,FEB,Çarşamba,12:30/15:29,,90,98,,"BIOM, CHZ, CHZE, DEN, EHB, EHBE, ELE, ELH, ELK, ELKE, FIZ, FIZE, GEM, GID, GIDE, INS, INSE, ISL, ISLE, JEO, JEOE, KIM, KIME, KMM, KMME, KOM, KOME, MAD, MADE, MET, METE, PET, PETE, TEL",,
10204,ING 201,ING,LS,English III,,Şadiye Saraç,MEDB,Salı,13:30/16:29,,26,26,,"BIO, BIOE, BLG, BLGE, CEV, CEVE, CHZ, CHZE, DEN, DENE, ECNE, EHB, EHBE, EHN, ELE, ELH, ELK, ELKE, END, ENDE, EUT, EUTE, FIZ, FIZE, GEM, GEME, GEMK, GEO, GEOE, GID, GIDE, ICM, IML, IMLE, INS, INSE, ISL, ISLE, JDF, JEF, JEFE, JEO, JEOE, KIM, KIME, KMM, KMME, KOM, KOME, MAD, MADE, MAK, MAKE, MAT, MATE, MET, METE, MIM, MIME, MTO, MTOE, MUZE, PEM, PEME, PET, PETE, SBP, SBPE, SEH, TEK, TEKE, TEL, UCK, UCKE, UZB, UZBE",,
10206,ING 201,ING,LS,English III,,Şadiye Saraç,INB,Çarşamba,08:30/11:29,,23,23,,"BIO, BIOE, BLG, BLGE, CEV, CEVE, CHZ, CHZE, DEN, DENE, ECNE, EHB, EHBE, EHN, ELE, ELH, ELK, ELKE, END, ENDE, EUT, EUTE, FIZ, FIZE, GEM, GEME, GEMK, GEO, GEOE, GID, GIDE, ICM, IML, IMLE, INS, INSE, ISL, ISLE, JDF, JEF, JEFE, JEO, JEOE, KIM, KIME, KMM, KMME, KOM, KOME, MAD, MADE, MAK, MAKE, MAT, MATE, MET, METE, MIM, MIME, MTO, MTOE, MUZE, PEM, PEME, PET, PETE, SBP, SBPE, SEH, TEK, TEKE, TEL, UCK, UCKE, UZB, UZBE",,
10207,BIL 100E,BIL,LS,Intr.to Prog.Language(PYTHON),,Halil Bayraktar,FEB,Çarşamba,12:30/15:29,,35,30,,"BIO, BIOE",,
10209,ING 201,ING,LS,English III,,Şadiye Saraç,MED,Perşembe,08:30/11:29,,23,24,,"BIO, BIOE, BLG, BLGE, CEV, CEVE, CHZ, CHZE, DEN, DENE, ECNE, EHB, EHBE, EHN, ELE, ELH, ELK, ELKE, END, ENDE, EUT, EUTE, FIZ, FIZE, GEM, GEME, GEMK, GEO, GEOE, GID, GIDE, ICM, IML, IMLE, INS, INSE, ISL, ISLE, JDF, JEF, JEFE, JEO, JEOE, KIM, KIME, KMM, KMME, KOM, KOME, MAD, MADE, MAK, MAKE, MAT, MATE, MET, METE, MIM, MIME, MTO, MTOE, MUZE, PEM, PEME, PET, PETE, SBP, SBPE, SEH, TEK, TEKE, TEL, UCK, UCKE, UZB, UZBE",,
10211,BIL 100E,BIL,LS,Intr.to Prog.Language(PYTHON),,Halil Bayraktar,FEB,Pazartesi,11:30/14:29,,35,18,,"BIO, BIOE",,
10212,BIO 105E,BIO,LS,General Biology I,,Hakan Bermek,FEB | FEB,Çarşamba | Cuma,11:30/12:29 | 08:30/10:29,,50,52,,"BIO, BIOE, BIOM",,
10213,ING 201,ING,LS,English III,,Sibel Dursun,MEDB,Pazartesi,08:30/11:29,,21,22,,"BIO, BIOE, BLG, BLGE, CEV, CEVE, CHZ, CHZE, DEN, DENE, ECNE, EHB, EHBE, EHN, ELE, ELH, ELK, ELKE, END, ENDE, EUT, EUTE, FIZ, FIZE, GEM, GEME, GEMK, GEO, GEOE, GID, GIDE, ICM, IML, IMLE, INS, INSE, ISL, ISLE, JDF, JEF, JEFE, JEO, JEOE, KIM, KIME, KMM, KMME, KOM, KOME, MAD, MADE, MAK, MAKE, MAT, MATE, MET, METE, MIM, MIME, MTO, MTOE, MUZE, PEM, PEME, PET, PETE, SBP, SBPE, SEH, TEK, TEKE, TEL, UCK, UCKE, UZB, UZBE",,
10214,ING 201,ING,LS,English III,,Sibel Dursun,KMB,Salı,13:30/16:29,,26,26,,"BIO, BIOE, BLG, BLGE, CEV, CEVE, CHZ, CHZE, DEN, DENE, ECNE, EHB, EHBE, EHN, ELE, ELH, ELK, ELKE, END, ENDE, EUT, EUTE, FIZ, FIZE, GEM, GEME, GEMK, GEO, GEOE, GID, GIDE, ICM, IML, IMLE, INS, INSE, ISL, ISLE, JDF, JEF, JEFE, JEO, JEOE, KIM, KIME, KMM, KMME, KOM, KOME, MAD, MADE, MAK, MAKE, MAT, MATE, MET, METE, MIM, MIME, MTO, MTOE, MUZE, PEM, PEME, PET, PETE, SBP, SBPE, SEH, TEK, TEKE, TEL, UCK, UCKE, UZB, UZBE",,
10215,ING 201,ING,LS,English III,,Sibel Dursun,MED,Çarşamba,11:30/14:29,,18,19,,"BIO, BIOE, BLG, BLGE, CEV, CEVE, CHZ, CHZE, DEN, DENE, ECNE, EHB, EHBE, EHN, ELE, ELH, ELK, ELKE, END, ENDE, EUT, EUTE, FIZ, FIZE, GEM, GEME, GEMK, GEO, GEOE, GID, GIDE, ICM, IML, IMLE, INS, INSE, ISL, ISLE, JDF, JEF, JEFE, JEO, JEOE, KIM, KIME, KMM, KMME, KOM, KOME, MAD, MADE, MAK, MAKE, MAT, MATE, MET, METE, MIM, MIME, MTO, MTOE, MUZE, PEM, PEME, PET, PETE, SBP, SBPE, SEH, TEK, TEKE, TEL, UCK, UCKE, UZB, UZBE",,
10216,ING 201,ING,LS,English III,,--,INB,Cuma,08:30/11:29,,0,0,,"BIO, BIOE, BLG, BLGE, CEV, CEVE, CHZ, CHZE, DEN, DENE, ECNE, EHB, EHBE, EHN, ELE, ELH, ELK, ELKE, END, ENDE, EUT, EUTE, FIZ, FIZE, GEM, GEME, GEMK, GEO, GEOE, GID, GIDE, ICM, IML, IMLE, INS, INSE, ISL, ISLE, JDF, JEF, JEFE, JEO, JEOE, KIM, KIME, KMM, KMME, KOM, KOME, MAD, MADE, MAK, MAKE, MAT, MATE, MET, METE, MIM, MIME, MTO, MTOE, MUZE, PEM, PEME, PET, PETE, SBP, SBPE, SEH, TEK, TEKE, TEL, UCK, UCKE, UZB, UZBE",,
10217,ING 201,ING,LS,English III,,Suzan Arıman,GDB,Pazartesi,13:30/16:29,,26,25,,"BIO, BIOE, BLG, BLGE, CEV, CEVE, CHZ, CHZE, DEN, DENE, ECNE, EHB, EHBE, EHN, ELE, ELH, ELK, ELKE, END, ENDE, EUT, EUTE, FIZ, FIZE, GEM, GEME, GEMK, GEO, GEOE, GID, GIDE, ICM, IML, IMLE, INS, INSE, ISL, ISLE, JDF, JEF, JEFE, JEO, JEOE, KIM, KIME, KMM, KMME, KOM, KOME, MAD, MADE, MAK, MAKE, MAT, MATE, MET, METE, MIM, MIME, MTO, MTOE, MUZE, PEM, PEME, PET, PETE, SBP, SBPE, SEH, TEK, TEKE, TEL, UCK, UCKE, UZB, UZBE",,
10218,ING 201,ING,LS,English III,,--,---,Salı,13:30/16:29,,0,0,,"BIO, BIOE, BLG, BLGE, CEV, CEVE, CHZ, CHZE, DEN, DENE, ECNE, EHB, EHBE, EHN, ELE, ELH, ELK, ELKE, END, ENDE, EUT, EUTE, FIZ, FIZE, GEM, GEME, GEMK, GEO, GEOE, GID, GIDE, ICM, IML, IMLE, INS, INSE, ISL, ISLE, JDF, JEF, JEFE, JEO, JEOE, KIM, KIME, KMM, KMME, KOM, KOME, MAD, MADE, MAK, MAKE, MAT, MATE, MET, METE, MIM, MIME, MTO, MTOE, MUZE, PEM, PEME, PET, PETE, SBP, SBPE, SEH, TEK, TEKE, TEL, UCK, UCKE, UZB, UZBE",,
10219,ING 201,ING,LS,English III,,Suzan Arıman,FEB,Çarşamba,08:30/11:29,,23,23,,"BIO, BIOE, BLG, BLGE, CEV, CEVE, CHZ, CHZE, DEN, DENE, ECNE, EHB, EHBE, EHN, ELE, ELH, ELK, ELKE, END, ENDE, EUT, EUTE, FIZ, FIZE, GEM, GEME, GEMK, GEO, GEOE, GID, GIDE, ICM, IML, IMLE, INS, INSE, ISL, ISLE, JDF, JEF, JEFE, JEO, JEOE, KIM, KIME, KMM, KMME, KOM, KOME, MAD, MADE, MAK, MAKE, MAT, MATE, MET, METE, MIM, MIME, MTO, MTOE, MUZE, PEM, PEME, PET, PETE, SBP, SBPE, SEH, TEK, TEKE, TEL, UCK, UCKE, UZB, UZBE",,
10220,ING 201,ING,LS,English III,,Suzan Arıman,MED,Perşembe,08:30/11:29,,23,23,,"BIO, BIOE, BLG, BLGE, CEV, CEVE, CHZ, CHZE, DEN, DENE, ECNE, EHB, EHBE, EHN, ELE, ELH, ELK, ELKE, END, ENDE, EUT, EUTE, FIZ, FIZE, GEM, GEME, GEMK, GEO, GEOE, GID, GIDE, ICM, IML, IMLE, INS, INSE, ISL, ISLE, JDF, JEF, JEFE, JEO, JEOE, KIM, KIME, KMM, KMME, KOM, KOME, MAD, MADE, MAK, MAKE, MAT, MATE, MET, METE, MIM, MIME, MTO, MTOE, MUZE, PEM, PEME, PET, PETE, SBP, SBPE, SEH, TEK, TEKE, TEL, UCK, UCKE, UZB, UZBE",,
10221,ING 201,ING,LS,English III,,Şule Elif Gökçe Enginarlar,MEDB,Pazartesi,08:30/11:29,,21,23,,"BIO, BIOE, BLG, BLGE, CEV, CEVE, CHZ, CHZE, DEN, DENE, ECNE, EHB, EHBE, EHN, ELE, ELH, ELK, ELKE, END, ENDE, EUT, EUTE, FIZ, FIZE, GEM, GEME, GEMK, GEO, GEOE, GID, GIDE, ICM, IML, IMLE, INS, INSE, ISL, ISLE, JDF, JEF, JEFE, JEO, JEOE, KIM, KIME, KMM, KMME, KOM, KOME, MAD, MADE, MAK, MAKE, MAT, MATE, MET, METE, MIM, MIME, MTO, MTOE, MUZE, PEM, PEME, PET, PETE, SBP, SBPE, SEH, TEK, TEKE, TEL, UCK, UCKE, UZB, UZBE",,
10222,ING 201,ING,LS,English III,,Şule Elif Gökçe Enginarlar,MEDB,Salı,08:30/11:29,,25,24,,"BIO, BIOE, BLG, BLGE, CEV, CEVE, CHZ, CHZE, DEN, DENE, ECNE, EHB, EHBE, EHN, ELE, ELH, ELK, ELKE, END, ENDE, EUT, EUTE, FIZ, FIZE, GEM, GEME, GEMK, GEO, GEOE, GID, GIDE, ICM, IML, IMLE, INS, INSE, ISL, ISLE, JDF, JEF, JEFE, JEO, JEOE, KIM, KIME, KMM, KMME, KOM, KOME, MAD, MADE, MAK, MAKE, MAT, MATE, MET, METE, MIM, MIME, MTO, MTOE, MUZE, PEM, PEME, PET, PETE, SBP, SBPE, SEH, TEK, TEKE, TEL, UCK, UCKE, UZB, UZBE",,
10223,ING 201,ING,LS,English III,,Şule Elif Gökçe Enginarlar,MEDB,Çarşamba,11:30/14:29,,18,17,,"BIO, BIOE, BLG, BLGE, CEV, CEVE, CHZ, CHZE, DEN, DENE, ECNE, EHB, EHBE, EHN, ELE, ELH, ELK, ELKE, END, ENDE, EUT, EUTE, FIZ, FIZE, GEM, GEME, GEMK, GEO, GEOE, GID, GIDE, ICM, IML, IMLE, INS, INSE, ISL, ISLE, JDF, JEF, JEFE, JEO, JEOE, KIM, KIME, KMM, KMME, KOM, KOME, MAD, MADE, MAK, MAKE, MAT, MATE, MET, METE, MIM, MIME, MTO, MTOE, MUZE, PEM, PEME, PET, PETE, SBP, SBPE, SEH, TEK, TEKE, TEL, UCK, UCKE, UZB, UZBE",,
10224,ING 201,ING,LS,English III,,Terry Gardner,MED,Salı,13:30/16:29,,26,23,,"BIO, BIOE, BLG, BLGE, CEV, CEVE, CHZ, CHZE, DEN, DENE, ECNE, EHB, EHBE, EHN, ELE, ELH, ELK, ELKE, END, ENDE, EUT, EUTE, FIZ, FIZE, GEM, GEME, GEMK, GEO, GEOE, GID, GIDE, ICM, IML, IMLE, INS, INSE, ISL, ISLE, JDF, JEF, JEFE, JEO, JEOE, KIM, KIME, KMM, KMME, KOM, KOME, MAD, MADE, MAK, MAKE, MAT, MATE, MET, METE, MIM, MIME, MTO, MTOE, MUZE, PEM, PEME, PET, PETE, SBP, SBPE, SEH, TEK, TEKE, TEL, UCK, UCKE, UZB, UZBE",,
10225,ING 201,ING,LS,English III,,Terry Gardner,INB,Çarşamba,08:30/11:29,,23,22,,"BIO, BIOE, BLG, BLGE, CEV, CEVE, CHZ, CHZE, DEN, DENE, ECNE, EHB, EHBE, EHN, ELE, ELH, ELK, ELKE, END, ENDE, EUT, EUTE, FIZ, FIZE, GEM, GEME, GEMK, GEO, GEOE, GID, GIDE, ICM, IML, IMLE, INS, INSE, ISL, ISLE, JDF, JEF, JEFE, JEO, JEOE, KIM, KIME, KMM, KMME, KOM, KOME, MAD, MADE, MAK, MAKE, MAT, MATE, MET, METE, MIM, MIME, MTO, MTOE, MUZE, PEM, PEME, PET, PETE, SBP, SBPE, SEH, TEK, TEKE, TEL, UCK, UCKE, UZB, UZBE",,
10226,ING 201,ING,LS,English III,,Terry Gardner,INB,Perşembe,08:30/11:29,,23,23,,"BIO, BIOE, BLG, BLGE, CEV, CEVE, CHZ, CHZE, DEN, DENE, ECNE, EHB, EHBE, EHN, ELE, ELH, ELK, ELKE, END, ENDE, EUT, EUTE, FIZ, FIZE, GEM, GEME, GEMK, GEO, GEOE, GID, GIDE, ICM, IML, IMLE, INS, INSE, ISL, ISLE, JDF, JEF, JEFE, JEO, JEOE, KIM, KIME, KMM, KMME, KOM, KOME, MAD, MADE, MAK, MAKE, MAT, MATE, MET, METE, MIM, MIME, MTO, MTOE, MUZE, PEM, PEME, PET, PETE, SBP, SBPE, SEH, TEK, TEKE, TEL, UCK, UCKE, UZB, UZBE",,
10227,ING 201,ING,LS,English III,,Terry Gardner,INB,Perşembe,13:30/16:29,,20,20,,"BIO, BIOE, BLG, BLGE, CEV, CEVE, CHZ, CHZE, DEN, DENE, ECNE, EHB, EHBE, EHN, ELE, ELH, ELK, ELKE, END, ENDE, EUT, EUTE, FIZ, FIZE, GEM, GEME, GEMK, GEO, GEOE, GID, GIDE, ICM, IML, IMLE, INS, INSE, ISL, ISLE, JDF, JEF, JEFE, JEO, JEOE, KIM, KIME, KMM, KMME, KOM, KOME, MAD, MADE, MAK, MAKE, MAT, MATE, MET, METE, MIM, MIME, MTO, MTOE, MUZE, PEM, PEME, PET, PETE, SBP, SBPE, SEH, TEK, TEKE, TEL, UCK, UCKE, UZB, UZBE",,
10228,ING 201,ING,LS,English III,,Terry Gardner,FEB,Cuma,08:30/11:29,,19,17,,"BIO, BIOE, BLG, BLGE, CEV, CEVE, CHZ, CHZE, DEN, DENE, ECNE, EHB, EHBE, EHN, ELE, ELH, ELK, ELKE, END, ENDE, EUT, EUTE, FIZ, FIZE, GEM, GEME, GEMK, GEO, GEOE, GID, GIDE, ICM, IML, IMLE, INS, INSE, ISL, ISLE, JDF, JEF, JEFE, JEO, JEOE, KIM, KIME, KMM, KMME, KOM, KOME, MAD, MADE, MAK, MAKE, MAT, MATE, MET, METE, MIM, MIME, MTO, MTOE, MUZE, PEM, PEME, PET, PETE, SBP, SBPE, SEH, TEK, TEKE, TEL, UCK, UCKE, UZB, UZBE",,
10229,ING 201,ING,LS,English III,,Tim Davis,MMB,Salı,13:30/16:29,,25,25,,"BIO, BIOE, BLG, BLGE, CEV, CEVE, CHZ, CHZE, DEN, DENE, ECNE, EHB, EHBE, EHN, ELE, ELH, ELK, ELKE, END, ENDE, EUT, EUTE, FIZ, FIZE, GEM, GEME, GEMK, GEO, GEOE, GID, GIDE, ICM, IML, IMLE, INS, INSE, ISL, ISLE, JDF, JEF, JEFE, JEO, JEOE, KIM, KIME, KMM, KMME, KOM, KOME, MAD, MADE, MAK, MAKE, MAT, MATE, MET, METE, MIM, MIME, MTO, MTOE, MUZE, PEM, PEME, PET, PETE, SBP, SBPE, SEH, TEK, TEKE, TEL, UCK, UCKE, UZB, UZBE",,
10230,ING 201,ING,LS,English III,,Tim Davis,MMB,Çarşamba,08:30/11:29,,25,25,,"BIO, BIOE, BLG, BLGE, CEV, CEVE, CHZ, CHZE, DEN, DENE, ECNE, EHB, EHBE, EHN, ELE, ELH, ELK, ELKE, END, ENDE, EUT, EUTE, FIZ, FIZE, GEM, GEME, GEMK, GEO, GEOE, GID, GIDE, ICM, IML, IMLE, INS, INSE, ISL, ISLE, JDF, JEF, JEFE, JEO, JEOE, KIM, KIME, KMM, KMME, KOM, KOME, MAD, MADE, MAK, MAKE, MAT, MATE, MET, METE, MIM, MIME, MTO, MTOE, MUZE, PEM, PEME, PET, PETE, SBP, SBPE, SEH, TEK, TEKE, TEL, UCK, UCKE, UZB, UZBE",,
10231,ING 201,ING,LS,English III,,Tim Davis,FEB,Perşembe,08:30/11:29,,23,23,,"BIO, BIOE, BLG, BLGE, CEV, CEVE, CHZ, CHZE, DEN, DENE, ECNE, EHB, EHBE, EHN, ELE, ELH, ELK, ELKE, END, ENDE, EUT, EUTE, FIZ, FIZE, GEM, GEME, GEMK, GEO, GEOE, GID, GIDE, ICM, IML, IMLE, INS, INSE, ISL, ISLE, JDF, JEF, JEFE, JEO, JEOE, KIM, KIME, KMM, KMME, KOM, KOME, MAD, MADE, MAK, MAKE, MAT, MATE, MET, METE, MIM, MIME, MTO, MTOE, MUZE, PEM, PEME, PET, PETE, SBP, SBPE, SEH, TEK, TEKE, TEL, UCK, UCKE, UZB, UZBE",,
10232,ING 201,ING,LS,English III,,Tim Davis,INB,Perşembe,13:30/16:29,,20,18,,"BIO, BIOE, BLG, BLGE, CEV, CEVE, CHZ, CHZE, DEN, DENE, ECNE, EHB, EHBE, EHN, ELE, ELH, ELK, ELKE, END, ENDE, EUT, EUTE, FIZ, FIZE, GEM, GEME, GEMK, GEO, GEOE, GID, GIDE, ICM, IML, IMLE, INS, INSE, ISL, ISLE, JDF, JEF, JEFE, JEO, JEOE, KIM, KIME, KMM, KMME, KOM, KOME, MAD, MADE, MAK, MAKE, MAT, MATE, MET, METE, MIM, MIME, MTO, MTOE, MUZE, PEM, PEME, PET, PETE, SBP, SBPE, SEH, TEK, TEKE, TEL, UCK, UCKE, UZB, UZBE",,
10233,ING 201,ING,LS,English III,,Tim Davis,INB,Cuma,08:30/11:29,,19,17,,"BIO, BIOE, BLG, BLGE, CEV, CEVE, CHZ, CHZE, DEN, DENE, ECNE, EHB, EHBE, EHN, ELE, ELH, ELK, ELKE, END, ENDE, EUT, EUTE, FIZ, FIZE, GEM, GEME, GEMK, GEO, GEOE, GID, GIDE, ICM, IML, IMLE, INS, INSE, ISL, ISLE, JDF, JEF, JEFE, JEO, JEOE, KIM, KIME, KMM, KMME, KOM, KOME, MAD, MADE, MAK, MAKE, MAT, MATE, MET, METE, MIM, MIME, MTO, MTOE, MUZE, PEM, PEME, PET, PETE, SBP, SBPE, SEH, TEK, TEKE, TEL, UCK, UCKE, UZB, UZBE",,
10234,ING 201,ING,LS,English III,,--,MED,Pazartesi,13:30/16:29,,0,0,,"BIO, BIOE, BLG, BLGE, CEV, CEVE, CHZ, CHZE, DEN, DENE, ECNE, EHB, EHBE, EHN, ELE, ELH, ELK, ELKE, END, ENDE, EUT, EUTE, FIZ, FIZE, GEM, GEME, GEMK, GEO, GEOE, GID, GIDE, ICM, IML, IMLE, INS, INSE, ISL, ISLE, JDF, JEF, JEFE, JEO, JEOE, KIM, KIME, KMM, KMME, KOM, KOME, MAD, MADE, MAK, MAKE, MAT, MATE, MET, METE, MIM, MIME, MTO, MTOE, MUZE, PEM, PEME, PET, PETE, SBP, SBPE, SEH, TEK, TEKE, TEL, UCK, UCKE, UZB, UZBE",,
10235,ING 201,ING,LS,English III,,Yasemin Yılmaz Yüksek,GDB,Salı,08:30/11:29,,25,24,,"BIO, BIOE, BLG, BLGE, CEV, CEVE, CHZ, CHZE, DEN, DENE, ECNE, EHB, EHBE, EHN, ELE, ELH, ELK, ELKE, END, ENDE, EUT, EUTE, FIZ, FIZE, GEM, GEME, GEMK, GEO, GEOE, GID, GIDE, ICM, IML, IMLE, INS, INSE, ISL, ISLE, JDF, JEF, JEFE, JEO, JEOE, KIM, KIME, KMM, KMME, KOM, KOME, MAD, MADE, MAK, MAKE, MAT, MATE, MET, METE, MIM, MIME, MTO, MTOE, MUZE, PEM, PEME, PET, PETE, SBP, SBPE, SEH, TEK, TEKE, TEL, UCK, UCKE, UZB, UZBE",,
10236,ING 201,ING,LS,English III,,Yasemin Yılmaz Yüksek,MEDB,Perşembe,13:30/16:29,,20,20,,"BIO, BIOE, BLG, BLGE, CEV, CEVE, CHZ, CHZE, DEN, DENE, ECNE, EHB, EHBE, EHN, ELE, ELH, ELK, ELKE, END, ENDE, EUT, EUTE, FIZ, FIZE, GEM, GEME, GEMK, GEO, GEOE, GID, GIDE, ICM, IML, IMLE, INS, INSE, ISL, ISLE, JDF, JEF, JEFE, JEO, JEOE, KIM, KIME, KMM, KMME, KOM, KOME, MAD, MADE, MAK, MAKE, MAT, MATE, MET, METE, MIM, MIME, MTO, MTOE, MUZE, PEM, PEME, PET, PETE, SBP, SBPE, SEH, TEK, TEKE, TEL, UCK, UCKE, UZB, UZBE",,
10237,ING 201,ING,LS,English III,,Yasemin Yılmaz Yüksek,INB,Cuma,08:30/11:29,,19,15,,"BIO, BIOE, BLG, BLGE, CEV, CEVE, CHZ, CHZE, DEN, DENE, ECNE, EHB, EHBE, EHN, ELE, ELH, ELK, ELKE, END, ENDE, EUT, EUTE, FIZ, FIZE, GEM, GEME, GEMK, GEO, GEOE, GID, GIDE, ICM, IML, IMLE, INS, INSE, ISL, ISLE, JDF, JEF, JEFE, JEO, JEOE, KIM, KIME, KMM, KMME, KOM, KOME, MAD, MADE, MAK, MAKE, MAT, MATE, MET, METE, MIM, MIME, MTO, MTOE, MUZE, PEM, PEME, PET, PETE, SBP, SBPE, SEH, TEK, TEKE, TEL, UCK, UCKE, UZB, UZBE",,
10238,ING 201,ING,LS,English III,,Yeşim Tekin,INB,Salı,13:30/16:29,,26,26,,"BIO, BIOE, BLG, BLGE, CEV, CEVE, CHZ, CHZE, DEN, DENE, ECNE, EHB, EHBE, EHN, ELE, ELH, ELK, ELKE, END, ENDE, EUT, EUTE, FIZ, FIZE, GEM, GEME, GEMK, GEO, GEOE, GID, GIDE, ICM, IML, IMLE, INS, INSE, ISL, ISLE, JDF, JEF, JEFE, JEO, JEOE, KIM, KIME, KMM, KMME, KOM, KOME, MAD, MADE, MAK, MAKE, MAT, MATE, MET, METE, MIM, MIME, MTO, MTOE, MUZE, PEM, PEME, PET, PETE, SBP, SBPE, SEH, TEK, TEKE, TEL, UCK, UCKE, UZB, UZBE",,
10239,ING 201,ING,LS,English III,,Yeşim Tekin,INB,Çarşamba,11:30/14:29,,18,15,,"BIO, BIOE, BLG, BLGE, CEV, CEVE, CHZ, CHZE, DEN, DENE, ECNE, EHB, EHBE, EHN, ELE, ELH, ELK, ELKE, END, ENDE, EUT, EUTE, FIZ, FIZE, GEM, GEME, GEMK, GEO, GEOE, GID, GIDE, ICM, IML, IMLE, INS, INSE, ISL, ISLE, JDF, JEF, JEFE, JEO, JEOE, KIM, KIME, KMM, KMME, KOM, KOME, MAD, MADE, MAK, MAKE, MAT, MATE, MET, METE, MIM, MIME, MTO, MTOE, MUZE, PEM, PEME, PET, PETE, SBP, SBPE, SEH, TEK, TEKE, TEL, UCK, UCKE, UZB, UZBE",,
10240,ING 201,ING,LS,English III,,Yeşim Tekin,MED,Perşembe,08:30/11:29,,23,23,,"BIO, BIOE, BLG, BLGE, CEV, CEVE, CHZ, CHZE, DEN, DENE, ECNE, EHB, EHBE, EHN, ELE, ELH, ELK, ELKE, END, ENDE, EUT, EUTE, FIZ, FIZE, GEM, GEME, GEMK, GEO, GEOE, GID, GIDE, ICM, IML, IMLE, INS, INSE, ISL, ISLE, JDF, JEF, JEFE, JEO, JEOE, KIM, KIME, KMM, KMME, KOM, KOME, MAD, MADE, MAK, MAKE, MAT, MATE, MET, METE, MIM, MIME, MTO, MTOE, MUZE, PEM, PEME, PET, PETE, SBP, SBPE, SEH, TEK, TEKE, TEL, UCK, UCKE, UZB, UZBE",,
10241,ING 201,ING,LS,English III,,Yeşim Tekin,MED,Cuma,08:30/11:29,,19,18,,"BIO, BIOE, BLG, BLGE, CEV, CEVE, CHZ, CHZE, DEN, DENE, ECNE, EHB, EHBE, EHN, ELE, ELH, ELK, ELKE, END, ENDE, EUT, EUTE, FIZ, FIZE, GEM, GEME, GEMK, GEO, GEOE, GID, GIDE, ICM, IML, IMLE, INS, INSE, ISL, ISLE, JDF, JEF, JEFE, JEO, JEOE, KIM, KIME, KMM, KMME, KOM, KOME, MAD, MADE, MAK, MAKE, MAT, MATE, MET, METE, MIM, MIME, MTO, MTOE, MUZE, PEM, PEME, PET, PETE, SBP, SBPE, SEH, TEK, TEKE, TEL, UCK, UCKE, UZB, UZBE",,
10242,ING 112,ING,LS,English I,,Mehmet Aydın,MEDB,Perşembe,13:30/16:29,,22,26,,"BIO, BIOE, BLG, BLGE, CEV, CEVE, CHZ, CHZE, DEN, DENE, DUIE, ECNE, EHB, EHBE, EHN, ELE, ELH, ELK, ELKE, END, ENDE, EUT, EUTE, FIZ, FIZE, GEM, GEME, GEMK, GEO, GEOE, GID, GIDE, GMIE, ICM, IML, IMLE, INS, INSE, ISL, ISLE, JDF, JEF, JEFE, JEO, JEOE, KIM, KIME, KMM, KMME, KOM, KOME, MAD, MADE, MAK, MAKE, MAT, MATE, MET, METE, MIM, MIME, MTO, MTOE, MUZE, PEM, PEME, PET, PETE, SBP, SBPE, SEH, TEK, TEKE, TEL, UCK, UCKE, UZB, UZBE",,
10243,ING 112,ING,LS,English I,,Mehmet Aydın,MEDB,Cuma,08:30/11:29,,21,24,,"BIO, BIOE, BLG, BLGE, CEV, CEVE, CHZ, CHZE, DEN, DENE, DUIE, ECNE, EHB, EHBE, EHN, ELE, ELH, ELK, ELKE, END, ENDE, EUT, EUTE, FIZ, FIZE, GEM, GEME, GEMK, GEO, GEOE, GID, GIDE, GMIE, ICM, IML, IMLE, INS, INSE, ISL, ISLE, JDF, JEF, JEFE, JEO, JEOE, KIM, KIME, KMM, KMME, KOM, KOME, MAD, MADE, MAK, MAKE, MAT, MATE, MET, METE, MIM, MIME, MTO, MTOE, MUZE, PEM, PEME, PET, PETE, SBP, SBPE, SEH, TEK, TEKE, TEL, UCK, UCKE, UZB, UZBE",,
10244,ING 112,ING,LS,English I,,Mehmet Aydın,MEDB,Cuma,13:30/16:29,,25,31,,"BIO, BIOE, BLG, BLGE, CEV, CEVE, CHZ, CHZE, DEN, DENE, DUIE, ECNE, EHB, EHBE, EHN, ELE, ELH, ELK, ELKE, END, ENDE, EUT, EUTE, FIZ, FIZE, GEM, GEME, GEMK, GEO, GEOE, GID, GIDE, GMIE, ICM, IML, IMLE, INS, INSE, ISL, ISLE, JDF, JEF, JEFE, JEO, JEOE, KIM, KIME, KMM, KMME, KOM, KOME, MAD, MADE, MAK, MAKE, MAT, MATE, MET, METE, MIM, MIME, MTO, MTOE, MUZE, PEM, PEME, PET, PETE, SBP, SBPE, SEH, TEK, TEKE, TEL, UCK, UCKE, UZB, UZBE",,
10245,BIO 105E,BIO,LS,General Biology I,,Bülent Balta,FEB | FEB,Çarşamba | Cuma,11:30/12:29 | 08:30/10:29,,50,52,,"BIO, BIOE, BIOM",,
10246,BIO 103E,BIO,LS,Int.to Mol.Biol.&Gen..,,Hakan Bermek,FEB,Çarşamba,13:30/15:29,,100,92,,"BIO, BIOE",,
10247,BIO 207E,BIO,LS,Cell Biology,,Aslı Kumbasar,FEB | FEB,Salı | Perşembe,13:30/14:29 | 12:30/14:29,,80,81,,"BIO, BIOE, BIOM",,
10249,BIO 317E,BIO,LS,Molecular Genetics,,"Arzu Karabay Korkmaz, Ceren Çıracı",FEB,Pazartesi,11:30/14:29,,80,69,,"BIO, BIOE, BIOM",,
10250,BIO 317EL,BIO,LS,Molecular Genetics Lab.,,"Arzu Karabay Korkmaz, Ceren Çıracı",FEB,Çarşamba,12:30/15:29,,80,70,,"BIO, BIOE",,
10251,BIO 325E,BIO,LS,Ecology,,Deniz Şahin,FEB,Pazartesi,09:30/11:29,,90,93,,"BIO, BIOE",,
10253,BIO 322E,BIO,LS,Physiology,,Ayça Sayı Yazgan,FEB,Perşembe,14:30/17:29,,88,88,,"BIO, BIOE",,
10254,BIO 341E,BIO,LS,General Biotechnology,,"Zeynep Petek Çakar, Fatma Neşe Kök",FEB,Perşembe,08:30/11:29,,85,86,,"BIO, BIOE",,
10255,BIO 351E,BIO,LS,Biophysics,,Gizem Dinler Doğanay,MOBGAM,Pazartesi,14:30/17:29,,90,40,,"BIO, BIOE, FIZE",,
10256,BIO 415E,BIO,LS,Molecular Biology,,"Ceren Çıracı, Aslı Kumbasar, Ayça Sayı Yazgan",FEB | FEB,Çarşamba | Cuma,08:30/10:29 | 10:30/12:29,,80,79,,"BIO, BIOE, BIOM",,
10258,BIO 415EL,BIO,LS,Molecular Biology Lab.,,"Ceren Çıracı, Aslı Kumbasar",FEB,Perşembe,14:30/17:29,,80,68,,"BIO, BIOE, BIOM",,
10261,BIO 412E,BIO,LS,Recombinant DNA Technology,,Ayten Karataş,FEB,Cuma,14:30/17:29,,40,47,,"BIO, BIOE, BIOM",,
10263,BIO 441E,BIO,LS,Modelling in Biological System,,Bülent Balta,FEB,Perşembe,11:30/14:29,,40,23,,"BIO, BIOE",,
10264,BIO 491E,BIO,LS,Molecular Biotechnology,,Fatma Neşe Kök,FEB,Çarşamba,12:30/15:29,,80,58,,"BIO, BIOE",,
10265,BIO 492,BIO,LS,Bitirme Çalışması,,Bülent Balta,FEB,,/,,500,2,,BIO,,
10266,BIO 492E,BIO,LS,Graduation Project,,Bülent Balta,FEB,,/,,500,12,,"BIO, BIOE",,
10374,MAT 261E,MAT,LS,Linear Algebra,,Levent Bilir,FEB,Cuma,08:30/11:29,,100,79,,"BIO, BIOE, DEN, DENE, ELH, END, ENDE, FIZ, FIZE, FIZM, GEM, GEME, GEO, GEOE, INS, INSE, ISL, ISLE, JDF, JEF, JEFE, KMM, KMME, MAD, MADE, MTO, MTOE, TEK, TEKE, UCK, UCKE, UZB, UZBE",,
10376,MAT 115E,MAT,LS,Intro. to Programming Language,,Muzaffer Altıntaş,FEB | FEB,Pazartesi | Pazartesi,08:30/10:29 | 10:30/12:29,,30,49,,"MAT, MATE",,
10381,MAT 115E,MAT,LS,Intro. to Programming Language,,Muzaffer Altıntaş,FEB | FEB,Çarşamba | Çarşamba,08:30/10:29 | 10:30/12:29,,30,43,,"MAT, MATE",,
10383,MAT 116E,MAT,LS,Advanced Sci. & Eng. Computing,,Burcu Tunga,FEB,Cuma,08:30/12:29,,40,40,,"MAT, MATE",,
10384,MAT 117,MAT,LS,Matematik Müh. Giriş ve Etik,,Sevgi Harman,FEB,Çarşamba,13:30/15:29,,60,56,,MAT,,
10385,MAT 141,MAT,LS,Lineer Cebir I,,Burak Yıldıran Stodolsky,FEB,Perşembe,08:30/11:29,,80,69,,MAT,,
10386,MAT 142,MAT,LS,Lineer Cebir II,,Şeyda Canan Tekin,MED,Çarşamba,08:30/11:29,,50,14,,MAT,,
10387,MAT 175,MAT,LS,Soyut Matematik,,Burak Yıldıran Stodolsky,FEB,Salı,08:30/11:29,,85,95,,"MAT, MATM",,
10388,MAT 187,MAT,LS,Matematik I,,Fatma Özdemir,FEB | FEB | FEB,Pazartesi | Salı | Perşembe,12:30/14:29 | 12:30/14:29 | 12:30/14:29,,80,64,,MAT,,
10389,MAT 221,MAT,LS,Olasılık Teorisi,,Mustafa Nadar,FEB,Salı,08:30/11:29,,100,95,,MAT,,
10390,MAT 232,MAT,LS,Diferansiyel Denklemler,,İrma Hacınlıyan,FEB | FEB,Çarşamba | Perşembe,08:30/10:29 | 08:30/10:29,,80,58,,"MAT, MATM",,
10391,MAT 242,MAT,LS,İstatistik,,Mustafa Nadar,FEB | FEB,Pazartesi | Çarşamba,12:30/14:29 | 13:30/15:29,,50,24,,MAT,,
10392,MAT 287,MAT,LS,Matematik III,,Zerrin Şentürk,FEB | FEB,Pazartesi | Çarşamba,08:30/11:29 | 13:30/15:29,,80,54,,"MAT, MATM",,
10393,MAT 288E,MAT,LS,Real Analysis I,,İbrahim Kırat,FEB | FEB,Pazartesi | Salı,12:30/14:29 | 12:30/14:29,,80,60,,"MAT, MATE, MATM",,
10394,MAT 310,MAT,LS,Briç,,İzzet Göksel,FEB,Salı,14:30/17:29,,28,29,,MAT,,
10395,MAT 322E,MAT,LS,Algebra,,--,FEB | FEB,Salı | Çarşamba,12:30/14:29 | 13:30/15:29,,0,0,,"MAT, MATE, MATM",,
10397,MAT 337E,MAT,LS,Web Programming,,Muzaffer Altıntaş,FEB | FEB,Perşembe | Perşembe,13:30/15:29 | 15:30/17:29,,32,32,,"FIZ, FIZE, MAT, MATE",,
10400,MAT 339E,MAT,LS,Theory of Matrix,,Ulviye Ilgaz,FEB,Salı,14:30/17:29,,32,22,,"MAT, MATE, MATM",,
10401,MAT 341E,MAT,LS,Complex Analysis,,Emanullah Hızel,FEB | FEB,Salı | Çarşamba,12:30/14:29 | 13:30/15:29,,80,49,,"MAT, MATE, MATM",,
10402,MAT 342E,MAT,LS,Differential Geometry,,Zerrin Şentürk,FEB,Salı,14:30/17:29,,80,58,,"MAT, MATE, MATM",,
10403,MAT 365,MAT,LS,Varyasyonlar Hesabı,,Elimhan Mahmudov,FEB,Cuma,14:30/17:29,,24,20,,"MAT, MATM",,
10405,MAT 368,MAT,LS,Matematiksel Modelleme,,Ali Ercengiz,FEB,Cuma,14:30/17:29,,28,15,,"MAT, MATM",,
10406,MAT 418E,MAT,LS,Optimization,,Ulviye Ilgaz,FEB,Pazartesi,14:30/17:29,,36,36,,"ECNE, FIZ, FIZE, MAT, MATE, MATM",,
10408,MAT 420E,MAT,LS,Financial Mathematics,,Ahmet Duran,MED,Perşembe,14:30/17:29,,40,40,,"END, ENDE, FIZ, FIZE, MAT, MATE, MATM",,
10409,MAT 428E,MAT,LS,Functional Analysis,,--,FEB,Salı,14:30/17:29,,0,0,,"MAT, MATE",,
10411,MAT 447E,MAT,LS,Integral Equations,,Emanullah Hızel,FEB,Perşembe,11:30/14:29,,32,32,,"MAT, MATE, MATM",,
10412,MAT 448E,MAT,LS,Number Theory,,Ergün Yaraneri,FEB,Cuma,14:30/17:29,,24,15,,"MAT, MATE",,
10413,MAT 492,MAT,LS,Bitirme Çalışması,,Sultan Erdoğan Demir,---,,/,,50,22,,MAT,,
10415,MAT 492E,MAT,LS,Graduation Project,,Sultan Erdoğan Demir,---,,/,,50,3,,"MAT, MATE",,
10416,MAT 497E,MAT,LS,Tensor Analysis,,Fatma Özdemir,FEB,Pazartesi,14:30/17:29,,32,36,,"MAT, MATE",,
10417,MUH 201E,MUH,LS,Dynamics,,Rahmiye Ergün,FEB,Pazartesi,08:30/11:29,,50,42,,"MAT, MATE",,
10418,MUH 211,MUH,LS,Ayrık Matematik,,Ali Ercengiz,FEB,Salı,08:30/11:29,,50,12,,"MAT, MATM",,
10420,MUH 302,MUH,LS,Sürekli Ortamlar Mekaniği,,Ahmet Kırış,FEB | FEB,Çarşamba | Perşembe,08:30/10:29 | 08:30/10:29,,80,43,,"FIZ, MAT",,
10421,MUH 321,MUH,LS,Sayısal Yöntemler,,Burcu Tunga,FEB | FEB,Çarşamba | Perşembe,08:30/10:29 | 08:30/10:29,,80,45,,"MAT, MATM",,
10422,MUH 335,MUH,LS,Bilgi İşlem Algoritmaları,,İzzet Göksel,FEB,Salı,08:30/11:29,,80,45,,MAT,,
10438,SNT 101,SNT,LS,Heykel Sanatına Bakış,,Tülay Ekler,MMB,Pazartesi,08:30/11:29,,15,13,,"BIO, BLG, CEV, CHZ, DEN, DUI, EHB, ELE, ELH, ELK, END, EUT, FIZ, GEM, GEO, GID, GMI, ICM, IML, INS, ISL, JDF, JEF, JEO, KIM, KMM, KOM, MAD, MAK, MAT, MET, MIM, MTO, PEM, PET, SBP, TEK, TEL, UCK, UZB",,
10440,HUK 201,HUK,LS,İş Hukuku,,Ulaş Baysal,MED,Salı,08:30/11:29,,250,210,,"BIO, BIOE, CEV, CEVE, CHZ, CHZE, DEN, DENE, EHB, EHBE, ELE, ELK, ELKE, END, ENDE, FIZ, FIZE, GEM, GEME, GEMK, GEO, GEOE, GID, GIDE, IML, IMLE, INS, INSE, JDF, JEF, JEFE, KIM, KIME, KOM, KOME, MAD, MADE, MAK, MAKE, TEK, TEKE, UCK, UCKE, UZB, UZBE",,
10443,HUK 201,HUK,LS,İş Hukuku,,Gizem Sarıbay Öztürk,MED,Çarşamba,08:30/11:29,,250,187,,"BIO, BIOE, CEV, CEVE, CHZ, CHZE, DEN, DENE, EHB, EHBE, ELE, ELK, ELKE, END, ENDE, FIZ, FIZE, GEM, GEME, GEMK, GEO, GEOE, GID, GIDE, IML, IMLE, INS, INSE, JDF, JEF, JEFE, KIM, KIME, KOM, KOME, MAD, MADE, MAK, MAKE, TEK, TEKE, UCK, UCKE, UZB, UZBE",,
10445,SNT 101,SNT,LS,Heykel Sanatına Bakış,,Tülay Ekler,MMB,Pazartesi,13:30/16:29,,15,15,,"BIO, BLG, CEV, CHZ, DEN, DUI, EHB, ELE, ELH, ELK, END, EUT, FIZ, GEM, GEO, GID, GMI, ICM, IML, INS, ISL, JDF, JEF, JEO, KIM, KMM, KOM, MAD, MAK, MAT, MET, MIM, MTO, PEM, PET, SBP, TEK, TEL, UCK, UZB",,
10446,HUK 201,HUK,LS,İş Hukuku,,Gizem Sarıbay Öztürk,MED,Perşembe,08:30/11:29,,250,218,,"BIO, BIOE, CEV, CEVE, CHZ, CHZE, DEN, DENE, EHB, EHBE, ELE, ELK, ELKE, END, ENDE, FIZ, FIZE, GEM, GEME, GEMK, GEO, GEOE, GID, GIDE, IML, IMLE, INS, INSE, JDF, JEF, JEFE, KIM, KIME, KOM, KOME, MAD, MADE, MAK, MAKE, TEK, TEKE, UCK, UCKE, UZB, UZBE",,
10449,SNT 102,SNT,LS,Fotoğraf,,Ahmet Keskin,MMB,Salı,08:30/11:29,,15,17,,"BIO, BLG, CEV, CHZ, DEN, DUI, EHB, ELE, ELH, ELK, END, EUT, FIZ, GEM, GEO, GID, GMI, ICM, IML, INS, ISL, JDF, JEF, JEO, KIM, KMM, KOM, MAD, MAK, MAT, MET, MIM, MTO, PEM, PET, SBP, TEK, TEL, UCK, UZB",,
10450,HUK 201,HUK,LS,İş Hukuku,,Gizem Sarıbay Öztürk,FEB,Perşembe,13:30/16:29,,250,138,,"BIO, BIOE, CEV, CEVE, CHZ, CHZE, DEN, DENE, EHB, EHBE, ELE, ELK, ELKE, END, ENDE, FIZ, FIZE, GEM, GEME, GEMK, GEO, GEOE, GID, GIDE, IML, IMLE, INS, INSE, JDF, JEF, JEFE, KIM, KIME, KOM, KOME, MAD, MADE, MAK, MAKE, TEK, TEKE, UCK, UCKE, UZB, UZBE",,
10451,HUK 211,HUK,LS,Sosyal Güvenlik Hukuku,,Mahmut Kabakcı,FEB,Cuma,14:30/17:29,,250,139,,"BIO, BIOE, BLG, BLGE, CAB, CEV, CEVE, CHZ, CHZE, DEN, DENE, ECNE, EHB, EHBE, ELE, ELH, ELK, ELKE, END, ENDE, EUT, EUTE, FIZ, FIZE, GEM, GEME, GEMK, GEO, GEOE, GID, GIDE, GMI, GMIE, ICM, IML, IMLE, INS, INSE, ISL, ISLE, JDF, JEF, JEFE, JEO, JEOE, KIM, KIME, KMM, KMME, KMP, KOM, KOME, MAD, MADE, MAK, MAKE, MAT, MATE, MET, METE, MIM, MIME, MTO, MTOE, MTR, MUT, MUZ, MUZE, PEM, PEME, PET, PETE, SBP, SBPE, SES, TEB, TEK, TEKE, TEL, THO, UCK, UCKE, UZB, UZBE",,
10453,HUK 213,HUK,LS,İş Sağlığı ve Güvenliği Hukuku,,Mahmut Kabakcı,FEB,Cuma,08:30/11:29,,250,157,,"BIO, BIOE, BLG, BLGE, CAB, CEV, CEVE, CHZ, CHZE, DEN, DENE, DUI, ECNE, EHB, EHBE, ELE, ELH, ELK, ELKE, END, ENDE, EUT, EUTE, FIZ, FIZE, GEM, GEME, GEMK, GEO, GEOE, GID, GIDE, GMI, GMIE, ICM, IML, IMLE, INS, INSE, ISL, ISLE, JDF, JEF, JEFE, JEO, JEOE, KIM, KIME, KMM, KMME, KMP, KOM, KOME, MAD, MADE, MAK, MAKE, MAT, MATE, MET, METE, MIM, MIME, MTO, MTOE, MTR, MUT, MUZ, MUZE, PEM, PEME, PET, PETE, SBP, SBPE, SES, TEB, TEK, TEKE, TEL, THO, UCK, UCKE, UZB, UZBE",,
10454,HUK 212,HUK,LS,Sendika.&Toplu; İş Sözl.Hukuku,,Ulaş Baysal,FEB,Salı,13:30/16:29,,250,137,,"BIO, BIOE, BLG, BLGE, CAB, CEV, CEVE, CHZ, CHZE, DEN, DENE, ECNE, EHB, EHBE, ELE, ELH, ELK, ELKE, END, ENDE, EUT, EUTE, FIZ, FIZE, GEM, GEME, GEMK, GEO, GEOE, GID, GIDE, GMI, GMIE, ICM, IML, IMLE, INS, INSE, ISL, ISLE, JDF, JEF, JEFE, JEO, JEOE, KIM, KIME, KMM, KMME, KMP, KOM, KOME, MAD, MADE, MAK, MAKE, MAT, MATE, MET, METE, MIM, MIME, MTO, MTOE, MTR, MUT, MUZ, MUZE, PEM, PEME, PET, PETE, SBP, SBPE, SES, TEB, TEK, TEKE, TEL, THO, UCK, UCKE, UZB, UZBE",,
10455,MAT 210,MAT,LS,Mühendislik Matematiği,,Evren Tanrıöver,MED | MED,Pazartesi | Salı,08:30/10:29 | 11:30/13:29,,110,111,,"BIO, BLG, CEV, CHZ, EHB, ELE, ELH, ELK, END, FIZ, GEO, INS, JDF, JEF, JEFM, JEO, KIM, MAD, MATM, MET, MTO, PET, TEK, TEL, UCK, UCKM, UZB, UZBM",,
10457,MAT 210,MAT,LS,Mühendislik Matematiği,,Evren Tanrıöver,MED | MED,Pazartesi | Salı,12:30/14:29 | 15:30/17:29,,110,117,,"BIO, BLG, CEV, CHZ, EHB, ELE, ELH, ELK, END, FIZ, GEO, INS, JDF, JEF, JEFM, JEO, KIM, MAD, MATM, MET, MTO, PET, TEK, TEL, UCK, UCKM, UZB, UZBM",,
10459,HUK 213,HUK,LS,İş Sağlığı ve Güvenliği Hukuku,,Ulaş Baysal,FEB,Çarşamba,08:30/11:29,,250,200,,"BIO, BIOE, BLG, BLGE, CAB, CEV, CEVE, CHZ, CHZE, DEN, DENE, DUI, ECNE, EHB, EHBE, ELE, ELH, ELK, ELKE, END, ENDE, EUT, EUTE, FIZ, FIZE, GEM, GEME, GEMK, GEO, GEOE, GID, GIDE, GMI, GMIE, ICM, IML, IMLE, INS, INSE, ISL, ISLE, JDF, JEF, JEFE, JEO, JEOE, KIM, KIME, KMM, KMME, KMP, KOM, KOME, MAD, MADE, MAK, MAKE, MAT, MATE, MET, METE, MIM, MIME, MTO, MTOE, MTR, MUT, MUZ, MUZE, PEM, PEME, PET, PETE, SBP, SBPE, SES, TEB, TEK, TEKE, TEL, THO, UCK, UCKE, UZB, UZBE",,
10460,MAT 210,MAT,LS,Mühendislik Matematiği,,--,FEB | FEB,Perşembe | Cuma,08:30/10:29 | 14:30/16:29,,0,0,,"BIO, BLG, CEV, CHZ, EHB, ELE, ELH, ELK, END, FIZ, GEO, INS, JDF, JEF, JEFM, JEO, KIM, MAD, MATM, MET, MTO, PET, TEK, TEL, UCK, UCKM, UZB, UZBM",,
10461,SNT 102E,SNT,LS,Photography,,Eylül Doğruel,MMB,Salı,13:30/16:29,,15,18,,"BIO, BIOE, BLG, BLGE, CEV, CEVE, CHZ, CHZE, DEN, DENE, ECNE, EHB, EHBE, ELE, ELH, ELK, ELKE, END, ENDE, EUT, EUTE, FIZ, FIZE, GEM, GEME, GEMK, GEO, GEOE, GID, GIDE, GMI, GMIE, ICM, ICME, IML, IMLE, INS, INSE, ISL, ISLE, JDF, JEF, JEFE, JEO, JEOE, KIM, KIME, KMM, KMME, KOM, KOME, MAD, MADE, MAK, MAKE, MAT, MATE, MET, METE, MIM, MIME, MTO, MTOE, PEM, PEME, PET, PETE, SBP, SBPE, TEK, TEKE, TEL, UCK, UCKE, UZB, UZBE",,
10462,HUK 214,HUK,LS,Teknolojik Yeniliklerin Korun.,,Özgür Öztürk,FEB,Pazartesi,09:30/12:29,,250,71,,"BIO, BIOE, BLG, BLGE, CAB, CEV, CEVE, CHZ, CHZE, DEN, DENE, DUI, ECNE, EHB, EHBE, ELE, ELH, ELK, ELKE, END, ENDE, EUT, EUTE, FIZ, FIZE, GEM, GEME, GEMK, GEO, GEOE, GID, GIDE, ICM, IML, IMLE, INS, INSE, ISL, ISLE, JDF, JEF, JEFE, JEO, JEOE, KIM, KIME, KMM, KMME, KMP, KOM, KOME, MAD, MADE, MAK, MAKE, MAT, MATE, MET, METE, MIM, MIME, MTO, MTOE, MTR, MUT, MUZ, MUZE, PEM, PEME, PET, PETE, SBP, SBPE, SES, TEB, TEK, TEKE, TEL, THO, UCK, UCKE, UZB, UZBE",,
10463,MAT 210,MAT,LS,Mühendislik Matematiği,,Evren Tanrıöver,MED | MED,Perşembe | Cuma,08:30/10:29 | 14:30/16:29,,94,103,,"BIO, BLG, CEV, CHZ, EHB, ELE, ELH, ELK, END, FIZ, GEO, INS, JDF, JEF, JEFM, JEO, KIM, MAD, MATM, MET, MTO, PET, TEK, TEL, UCK, UCKM, UZB, UZBM",,
10464,SNT 103,SNT,LS,Desen,,Ferhan Gözgü Çelik,MMB,Pazartesi,08:30/11:29,,12,12,,"BIO, BLG, CEV, CHZ, DEN, DUI, EHB, ELE, ELH, ELK, END, EUT, FIZ, GEM, GEO, GID, GMI, ICM, IML, INS, ISL, JDF, JEF, JEO, KIM, KMM, KOM, MAD, MAK, MAT, MET, MIM, MTO, PEM, PET, SBP, TEK, TEL, UCK, UZB",,
10465,MAT 210,MAT,LS,Mühendislik Matematiği,,Nurettin Cenk Turgay,EEB | EEB,Perşembe | Cuma,08:30/10:29 | 14:30/16:29,,95,97,,"BIO, BLG, CEV, CHZ, EHB, ELE, ELH, ELK, END, FIZ, GEO, INS, JDF, JEF, JEFM, JEO, KIM, MAD, MATM, MET, MTO, PET, TEK, TEL, UCK, UCKM, UZB, UZBM",,
10467,MAT 210,MAT,LS,Mühendislik Matematiği,,Nurettin Cenk Turgay,MED | MDB,Perşembe | Cuma,12:30/14:29 | 08:30/10:29,,110,106,,"BIO, BLG, CEV, CHZ, EHB, ELE, ELH, ELK, END, FIZ, GEO, INS, JDF, JEF, JEFM, JEO, KIM, MAD, MATM, MET, MTO, PET, TEK, TEL, UCK, UCKM, UZB, UZBM",,
10468,SNT 103,SNT,LS,Desen,,Selçuk Fergöğce,MMB,Cuma,13:30/16:29,,15,13,,"BIO, BLG, CEV, CHZ, DEN, DUI, EHB, ELE, ELH, ELK, END, EUT, FIZ, GEM, GEO, GID, GMI, ICM, IML, INS, ISL, JDF, JEF, JEO, KIM, KMM, KOM, MAD, MAK, MAT, MET, MIM, MTO, PEM, PET, SBP, TEK, TEL, UCK, UZB",,
10469,MAT 210,MAT,LS,Mühendislik Matematiği,,--,MED | MDB,Perşembe | Cuma,12:30/14:29 | 08:30/10:29,,0,0,,"BIO, BLG, CEV, CHZ, EHB, ELE, ELH, ELK, END, FIZ, GEO, INS, JDF, JEF, JEFM, JEO, KIM, MAD, MATM, MET, MTO, PET, TEK, TEL, UCK, UCKM, UZB, UZBM",,
10472,SNT 103,SNT,LS,Desen,,Mehmet Güler,MEDB,Salı,08:30/11:29,,15,15,,"BIO, BLG, CEV, CHZ, DEN, DUI, EHB, ELE, ELH, ELK, END, EUT, FIZ, GEM, GEO, GID, GMI, ICM, IML, INS, ISL, JDF, JEF, JEO, KIM, KMM, KOM, MAD, MAK, MAT, MET, MIM, MTO, PEM, PET, SBP, TEK, TEL, UCK, UZB",,
10473,MAT 210E,MAT,LS,Engineering Mathematics,,--,FEB | FEB,Pazartesi | Salı,08:30/10:29 | 11:30/13:29,,0,0,,"BIO, BIOE, BLG, BLGE, CEV, CEVE, CHZ, CHZE, DEN, DENE, ECNE, EHBE, ELE, ELH, ELK, ELKE, END, ENDE, FIZ, FIZE, GEM, GEME, GEMK, GEO, GEOE, GID, GIDE, INS, INSE, ISL, ISLE, JDF, JEF, JEFE, JEFM, JEO, JEOE, KIM, KIME, KMM, KMME, MAD, MADE, MATM, MET, METE, MTO, MTOE, PET, PETE, TEK, TEKE, TEL, UCK, UCKE, UCKM, UZB, UZBE, UZBM",,
10474,SNT 103,SNT,LS,Desen,,Mehmet Güler,MEDB,Çarşamba,12:30/15:29,,15,14,,"BIO, BLG, CEV, CHZ, DEN, DUI, EHB, ELE, ELH, ELK, END, EUT, FIZ, GEM, GEO, GID, GMI, ICM, IML, INS, ISL, JDF, JEF, JEO, KIM, KMM, KOM, MAD, MAK, MAT, MET, MIM, MTO, PEM, PET, SBP, TEK, TEL, UCK, UZB",,
10475,MAT 210E,MAT,LS,Engineering Mathematics,,Ayşegül Tepe,MED | MED,Pazartesi | Salı,08:30/10:29 | 11:30/13:29,,110,110,,"BIO, BIOE, BLG, BLGE, CEV, CEVE, CHZ, CHZE, DEN, DENE, ECNE, EHBE, ELE, ELH, ELK, ELKE, END, ENDE, FIZ, FIZE, GEM, GEME, GEMK, GEO, GEOE, GID, GIDE, INS, INSE, ISL, ISLE, JDF, JEF, JEFE, JEFM, JEO, JEOE, KIM, KIME, KMM, KMME, MAD, MADE, MATM, MET, METE, MTO, MTOE, PET, PETE, TEK, TEKE, TEL, UCK, UCKE, UCKM, UZB, UZBE, UZBM",,
10476,SNT 103,SNT,LS,Desen,,Mehmet Güler,MMB,Perşembe,08:30/11:29,,15,15,,"BIO, BLG, CEV, CHZ, DEN, DUI, EHB, ELE, ELH, ELK, END, EUT, FIZ, GEM, GEO, GID, GMI, ICM, IML, INS, ISL, JDF, JEF, JEO, KIM, KMM, KOM, MAD, MAK, MAT, MET, MIM, MTO, PEM, PET, SBP, TEK, TEL, UCK, UZB",,
10477,MAT 210E,MAT,LS,Engineering Mathematics,,Ali Demirci,MED | MED,Pazartesi | Salı,08:30/10:29 | 11:30/13:29,,110,110,,"BIO, BIOE, BLG, BLGE, CEV, CEVE, CHZ, CHZE, DEN, DENE, ECNE, EHBE, ELE, ELH, ELK, ELKE, END, ENDE, FIZ, FIZE, GEM, GEME, GEMK, GEO, GEOE, GID, GIDE, INS, INSE, ISL, ISLE, JDF, JEF, JEFE, JEFM, JEO, JEOE, KIM, KIME, KMM, KMME, MAD, MADE, MATM, MET, METE, MTO, MTOE, PET, PETE, TEK, TEKE, TEL, UCK, UCKE, UCKM, UZB, UZBE, UZBM",,
10479,MAT 210E,MAT,LS,Engineering Mathematics,,--,FEB | FEB,Pazartesi | Salı,12:30/14:29 | 15:30/17:29,,0,0,,"BIO, BIOE, BLG, BLGE, CEV, CEVE, CHZ, CHZE, DEN, DENE, ECNE, EHBE, ELE, ELH, ELK, ELKE, END, ENDE, FIZ, FIZE, GEM, GEME, GEMK, GEO, GEOE, GID, GIDE, INS, INSE, ISL, ISLE, JDF, JEF, JEFE, JEFM, JEO, JEOE, KIM, KIME, KMM, KMME, MAD, MADE, MATM, MET, METE, MTO, MTOE, PET, PETE, TEK, TEKE, TEL, UCK, UCKE, UCKM, UZB, UZBE, UZBM",,
10480,SNT 103,SNT,LS,Desen,,Mehmet Güler,MMB,Perşembe,13:30/16:29,,15,13,,"BIO, BLG, CEV, CHZ, DEN, DUI, EHB, ELE, ELH, ELK, END, EUT, FIZ, GEM, GEO, GID, GMI, ICM, IML, INS, ISL, JDF, JEF, JEO, KIM, KMM, KOM, MAD, MAK, MAT, MET, MIM, MTO, PEM, PET, SBP, TEK, TEL, UCK, UZB",,
10482,SNT 103E,SNT,LS,Drawing,,Oğuz Haşlakoğlu,MMB,Salı,13:30/16:29,,15,13,,"BIO, BIOE, BLG, BLGE, CEV, CEVE, CHZ, CHZE, DEN, DENE, ECNE, EHB, EHBE, ELE, ELH, ELK, ELKE, END, ENDE, EUT, EUTE, FIZ, FIZE, GEM, GEME, GEMK, GEO, GEOE, GID, GIDE, GMI, GMIE, ICM, ICME, IML, IMLE, INS, INSE, ISL, ISLE, JDF, JEF, JEFE, JEO, JEOE, KIM, KIME, KMM, KMME, KOM, KOME, MAD, MADE, MAK, MAKE, MAT, MATE, MET, METE, MIM, MIME, MTO, MTOE, PEM, PEME, PET, PETE, SBP, SBPE, TEK, TEKE, TEL, UCK, UCKE, UZB, UZBE",,
10483,SNT 104,SNT,LS,Mitoloji ve Sanat,,Yasemin Dora,MKB,Cuma,08:30/11:29,,20,20,,"BIO, BLG, CEV, CHZ, DEN, DUI, EHB, ELE, ELH, ELK, END, EUT, FIZ, GEM, GEO, GID, GMI, ICM, IML, INS, ISL, JDF, JEF, JEO, KIM, KMM, KOM, MAD, MAK, MAT, MET, MIM, MTO, PEM, PET, SBP, TEK, TEL, UCK, UZB",,
10484,SNT 105,SNT,LS,Sinema Sanatı,,Murat Özen,MKB,Pazartesi,13:30/16:29,,20,20,,"BIO, BLG, CEV, CHZ, DEN, DUI, EHB, ELE, ELH, ELK, END, EUT, FIZ, GEM, GEO, GID, GMI, ICM, IML, INS, ISL, JDF, JEF, JEO, KIM, KMM, KOM, MAD, MAK, MAT, MET, MIM, MTO, PEM, PET, SBP, TEK, TEL, UCK, UZB",,
10485,SNT 105E,SNT,LS,Film Art,,Kağan Demirdöven,FEB,Perşembe,08:30/11:29,,25,33,,"BIO, BIOE, BLG, BLGE, CEV, CEVE, CHZ, CHZE, DEN, DENE, ECNE, EHB, EHBE, ELE, ELH, ELK, ELKE, END, ENDE, EUT, EUTE, FIZ, FIZE, GEM, GEME, GEMK, GEO, GEOE, GID, GIDE, GMI, GMIE, ICM, ICME, IML, IMLE, INS, INSE, ISL, ISLE, JDF, JEF, JEFE, JEO, JEOE, KIM, KIME, KMM, KMME, KOM, KOME, MAD, MADE, MAK, MAKE, MAT, MATE, MET, METE, MIM, MIME, MTO, MTOE, PEM, PEME, PET, PETE, SBPE, TEK, TEKE, TEL, UCK, UCKE, UZB, UZBE",,
10486,SNT 105E,SNT,LS,Film Art,,Kağan Demirdöven,FEB,Perşembe,13:30/16:29,,25,30,,"BIO, BIOE, BLG, BLGE, CEV, CEVE, CHZ, CHZE, DEN, DENE, ECNE, EHB, EHBE, ELE, ELH, ELK, ELKE, END, ENDE, EUT, EUTE, FIZ, FIZE, GEM, GEME, GEMK, GEO, GEOE, GID, GIDE, GMI, GMIE, ICM, ICME, IML, IMLE, INS, INSE, ISL, ISLE, JDF, JEF, JEFE, JEO, JEOE, KIM, KIME, KMM, KMME, KOM, KOME, MAD, MADE, MAK, MAKE, MAT, MATE, MET, METE, MIM, MIME, MTO, MTOE, PEM, PEME, PET, PETE, SBPE, TEK, TEKE, TEL, UCK, UCKE, UZB, UZBE",,
10487,SNT 105E,SNT,LS,Film Art,,Selime Büyükgöze,KMB,Pazartesi,13:30/16:29,,30,30,,"BIO, BIOE, BLG, BLGE, CEV, CEVE, CHZ, CHZE, DEN, DENE, ECNE, EHB, EHBE, ELE, ELH, ELK, ELKE, END, ENDE, EUT, EUTE, FIZ, FIZE, GEM, GEME, GEMK, GEO, GEOE, GID, GIDE, GMI, GMIE, ICM, ICME, IML, IMLE, INS, INSE, ISL, ISLE, JDF, JEF, JEFE, JEO, JEOE, KIM, KIME, KMM, KMME, KOM, KOME, MAD, MADE, MAK, MAKE, MAT, MATE, MET, METE, MIM, MIME, MTO, MTOE, PEM, PEME, PET, PETE, SBPE, TEK, TEKE, TEL, UCK, UCKE, UZB, UZBE",,
10488,SNT 105E,SNT,LS,Film Art,,Gamze Konca,MMB,Perşembe,13:30/16:29,,20,23,,"BIO, BIOE, BLG, BLGE, CEV, CEVE, CHZ, CHZE, DEN, DENE, ECNE, EHB, EHBE, ELE, ELH, ELK, ELKE, END, ENDE, EUT, EUTE, FIZ, FIZE, GEM, GEME, GEMK, GEO, GEOE, GID, GIDE, GMI, GMIE, ICM, ICME, IML, IMLE, INS, INSE, ISL, ISLE, JDF, JEF, JEFE, JEO, JEOE, KIM, KIME, KMM, KMME, KOM, KOME, MAD, MADE, MAK, MAKE, MAT, MATE, MET, METE, MIM, MIME, MTO, MTOE, PEM, PEME, PET, PETE, SBPE, TEK, TEKE, TEL, UCK, UCKE, UZB, UZBE",,
10489,SNT 106,SNT,LS,Geleneks. Türk El Sanatları,,Ayşe Yivlik Neftçi,MEDB,Pazartesi,08:30/11:29,,25,25,,"BIO, BLG, CEV, CHZ, DEN, DUI, EHB, ELE, ELH, ELK, END, EUT, FIZ, GEM, GEO, GID, GMI, ICM, IML, INS, ISL, JDF, JEF, JEO, KIM, KMM, KOM, MAD, MAK, MAT, MET, MIM, MTO, PEM, PET, SBP, TEK, TEL, UCK, UZB",,
10490,SNT 107,SNT,LS,İlkçağ Anadolu Uygarlıkları,,Ayşe Yivlik Neftçi,MKB,Cuma,08:30/11:29,,25,25,,"BIO, BLG, CEV, CHZ, DEN, DUI, EHB, ELE, ELH, ELK, END, EUT, FIZ, GEM, GEO, GID, GMI, ICM, IML, INS, ISL, JDF, JEF, JEO, KIM, KMM, KOM, MAD, MAK, MAT, MET, MIM, MTO, PEM, PET, SBP, TEK, TEL, UCK, UZB",,
10491,SNT 107,SNT,LS,İlkçağ Anadolu Uygarlıkları,,Ali Hakan Eğilmez,GDB,Perşembe,13:30/16:29,,35,31,,"BIO, BLG, CEV, CHZ, DEN, DUI, EHB, ELE, ELH, ELK, END, EUT, FIZ, GEM, GEO, GID, GMI, ICM, IML, INS, ISL, JDF, JEF, JEO, KIM, KMM, KOM, MAD, MAK, MAT, MET, MIM, MTO, PEM, PET, SBP, TEK, TEL, UCK, UZB",,
10492,MAT 210E,MAT,LS,Engineering Mathematics,,Ayşegül Tepe,MED | MED,Pazartesi | Salı,12:30/14:29 | 15:30/17:29,,94,98,,"BIO, BIOE, BLG, BLGE, CEV, CEVE, CHZ, CHZE, DEN, DENE, ECNE, EHBE, ELE, ELH, ELK, ELKE, END, ENDE, FIZ, FIZE, GEM, GEME, GEMK, GEO, GEOE, GID, GIDE, INS, INSE, ISL, ISLE, JDF, JEF, JEFE, JEFM, JEO, JEOE, KIM, KIME, KMM, KMME, MAD, MADE, MATM, MET, METE, MTO, MTOE, PET, PETE, TEK, TEKE, TEL, UCK, UCKE, UCKM, UZB, UZBE, UZBM",,
10493,SNT 108,SNT,LS,Seramik,,Güngör Güner,MMB,Pazartesi,08:30/11:29,,15,15,,"BIO, BLG, CEV, CHZ, DEN, DUI, EHB, ELE, ELH, ELK, END, EUT, FIZ, GEM, GEO, GID, GMI, ICM, IML, INS, ISL, JDF, JEF, JEO, KIM, KMM, KOM, MAD, MAK, MAT, MET, MIM, MTO, PEM, PET, SBP, TEK, TEL, UCK, UZB",,
10494,SNT 108,SNT,LS,Seramik,,Aynur Karakaş Karaağaç,MMB,Salı,13:30/16:29,,12,13,,"BIO, BLG, CEV, CHZ, DEN, DUI, EHB, ELE, ELH, ELK, END, EUT, FIZ, GEM, GEO, GID, GMI, ICM, IML, INS, ISL, JDF, JEF, JEO, KIM, KMM, KOM, MAD, MAK, MAT, MET, MIM, MTO, PEM, PET, SBP, TEK, TEL, UCK, UZB",,
10495,MAT 210E,MAT,LS,Engineering Mathematics,,Ali Demirci,MED | MED,Pazartesi | Salı,12:30/14:29 | 15:30/17:29,,110,110,,"BIO, BIOE, BLG, BLGE, CEV, CEVE, CHZ, CHZE, DEN, DENE, ECNE, EHBE, ELE, ELH, ELK, ELKE, END, ENDE, FIZ, FIZE, GEM, GEME, GEMK, GEO, GEOE, GID, GIDE, INS, INSE, ISL, ISLE, JDF, JEF, JEFE, JEFM, JEO, JEOE, KIM, KIME, KMM, KMME, MAD, MADE, MATM, MET, METE, MTO, MTOE, PET, PETE, TEK, TEKE, TEL, UCK, UCKE, UCKM, UZB, UZBE, UZBM",,
10496,MAT 210E,MAT,LS,Engineering Mathematics,,İrma Hacınlıyan,EEB | EEB,Pazartesi | Salı,12:30/14:29 | 15:30/17:29,,110,96,,"BIO, BIOE, BLG, BLGE, CEV, CEVE, CHZ, CHZE, DEN, DENE, ECNE, EHBE, ELE, ELH, ELK, ELKE, END, ENDE, FIZ, FIZE, GEM, GEME, GEMK, GEO, GEOE, GID, GIDE, INS, INSE, ISL, ISLE, JDF, JEF, JEFE, JEFM, JEO, JEOE, KIM, KIME, KMM, KMME, MAD, MADE, MATM, MET, METE, MTO, MTOE, PET, PETE, TEK, TEKE, TEL, UCK, UCKE, UCKM, UZB, UZBE, UZBM",,
10497,MAT 210E,MAT,LS,Engineering Mathematics,,--,FEB | FEB,Perşembe | Cuma,08:30/10:29 | 14:30/16:29,,0,0,,"BIO, BIOE, BLG, BLGE, CEV, CEVE, CHZ, CHZE, DEN, DENE, ECNE, EHBE, ELE, ELH, ELK, ELKE, END, ENDE, FIZ, FIZE, GEM, GEME, GEMK, GEO, GEOE, GID, GIDE, INS, INSE, ISL, ISLE, JDF, JEF, JEFE, JEFM, JEO, JEOE, KIM, KIME, KMM, KMME, MAD, MADE, MATM, MET, METE, MTO, MTOE, PET, PETE, TEK, TEKE, TEL, UCK, UCKE, UCKM, UZB, UZBE, UZBM",,
10498,MAT 210E,MAT,LS,Engineering Mathematics,,Ayşegül Tepe,MED | MED,Perşembe | Cuma,08:30/10:29 | 14:30/16:29,,84,89,,"BIO, BIOE, BLG, BLGE, CEV, CEVE, CHZ, CHZE, DEN, DENE, ECNE, EHBE, ELE, ELH, ELK, ELKE, END, ENDE, FIZ, FIZE, GEM, GEME, GEMK, GEO, GEOE, GID, GIDE, INS, INSE, ISL, ISLE, JDF, JEF, JEFE, JEFM, JEO, JEOE, KIM, KIME, KMM, KMME, MAD, MADE, MATM, MET, METE, MTO, MTOE, PET, PETE, TEK, TEKE, TEL, UCK, UCKE, UCKM, UZB, UZBE, UZBM",,
10499,MAT 210E,MAT,LS,Engineering Mathematics,,Cihangir Özemir,MDB | MDB,Perşembe | Cuma,08:30/10:29 | 14:30/16:29,,84,88,,"BIO, BIOE, BLG, BLGE, CEV, CEVE, CHZ, CHZE, DEN, DENE, ECNE, EHBE, ELE, ELH, ELK, ELKE, END, ENDE, FIZ, FIZE, GEM, GEME, GEMK, GEO, GEOE, GID, GIDE, INS, INSE, ISL, ISLE, JDF, JEF, JEFE, JEFM, JEO, JEOE, KIM, KIME, KMM, KMME, MAD, MADE, MATM, MET, METE, MTO, MTOE, PET, PETE, TEK, TEKE, TEL, UCK, UCKE, UCKM, UZB, UZBE, UZBM",,
10500,MAT 210E,MAT,LS,Engineering Mathematics,,Ayşe Peker,MED | MED,Perşembe | Cuma,08:30/10:29 | 14:30/16:29,,84,91,,"BIO, BIOE, BLG, BLGE, CEV, CEVE, CHZ, CHZE, DEN, DENE, ECNE, EHBE, ELE, ELH, ELK, ELKE, END, ENDE, FIZ, FIZE, GEM, GEME, GEMK, GEO, GEOE, GID, GIDE, INS, INSE, ISL, ISLE, JDF, JEF, JEFE, JEFM, JEO, JEOE, KIM, KIME, KMM, KMME, MAD, MADE, MATM, MET, METE, MTO, MTOE, PET, PETE, TEK, TEKE, TEL, UCK, UCKE, UCKM, UZB, UZBE, UZBM",,
10501,MAT 210E,MAT,LS,Engineering Mathematics,,Semra Ahmetolan,MED | MED,Perşembe | Cuma,08:30/10:29 | 14:30/16:29,,84,87,,"BIO, BIOE, BLG, BLGE, CEV, CEVE, CHZ, CHZE, DEN, DENE, ECNE, EHBE, ELE, ELH, ELK, ELKE, END, ENDE, FIZ, FIZE, GEM, GEME, GEMK, GEO, GEOE, GID, GIDE, INS, INSE, ISL, ISLE, JDF, JEF, JEFE, JEFM, JEO, JEOE, KIM, KIME, KMM, KMME, MAD, MADE, MATM, MET, METE, MTO, MTOE, PET, PETE, TEK, TEKE, TEL, UCK, UCKE, UCKM, UZB, UZBE, UZBM",,
10502,MAT 210E,MAT,LS,Engineering Mathematics,,--,FEB | FEB,Perşembe | Cuma,12:30/14:29 | 08:30/10:29,,0,0,,"BIO, BIOE, BLG, BLGE, CEV, CEVE, CHZ, CHZE, DEN, DENE, ECNE, EHBE, ELE, ELH, ELK, ELKE, END, ENDE, FIZ, FIZE, GEM, GEME, GEMK, GEO, GEOE, GID, GIDE, INS, INSE, ISL, ISLE, JDF, JEF, JEFE, JEFM, JEO, JEOE, KIM, KIME, KMM, KMME, MAD, MADE, MATM, MET, METE, MTO, MTOE, PET, PETE, TEK, TEKE, TEL, UCK, UCKE, UCKM, UZB, UZBE, UZBM",,
10503,MAT 210E,MAT,LS,Engineering Mathematics,,Ayşe Peker,MED | MED,Perşembe | Cuma,12:30/14:29 | 08:30/10:29,,106,110,,"BIO, BIOE, BLG, BLGE, CEV, CEVE, CHZ, CHZE, DEN, DENE, ECNE, EHBE, ELE, ELH, ELK, ELKE, END, ENDE, FIZ, FIZE, GEM, GEME, GEMK, GEO, GEOE, GID, GIDE, INS, INSE, ISL, ISLE, JDF, JEF, JEFE, JEFM, JEO, JEOE, KIM, KIME, KMM, KMME, MAD, MADE, MATM, MET, METE, MTO, MTOE, PET, PETE, TEK, TEKE, TEL, UCK, UCKE, UCKM, UZB, UZBE, UZBM",,
10504,MAT 210E,MAT,LS,Engineering Mathematics,,Semra Ahmetolan,MED | MED,Perşembe | Cuma,12:30/14:29 | 08:30/10:29,,107,110,,"BIO, BIOE, BLG, BLGE, CEV, CEVE, CHZ, CHZE, DEN, DENE, ECNE, EHBE, ELE, ELH, ELK, ELKE, END, ENDE, FIZ, FIZE, GEM, GEME, GEMK, GEO, GEOE, GID, GIDE, INS, INSE, ISL, ISLE, JDF, JEF, JEFE, JEFM, JEO, JEOE, KIM, KIME, KMM, KMME, MAD, MADE, MATM, MET, METE, MTO, MTOE, PET, PETE, TEK, TEKE, TEL, UCK, UCKE, UCKM, UZB, UZBE, UZBM",,
10505,SNT 108,SNT,LS,Seramik,,Aynur Karakaş Karaağaç,MMB,Çarşamba,08:30/11:29,,12,15,,"BIO, BLG, CEV, CHZ, DEN, DUI, EHB, ELE, ELH, ELK, END, EUT, FIZ, GEM, GEO, GID, GMI, ICM, IML, INS, ISL, JDF, JEF, JEO, KIM, KMM, KOM, MAD, MAK, MAT, MET, MIM, MTO, PEM, PET, SBP, TEK, TEL, UCK, UZB",,
10507,SNT 108,SNT,LS,Seramik,,Aynur Karakaş Karaağaç,MMB,Perşembe,13:30/16:29,,12,12,,"BIO, BLG, CEV, CHZ, DEN, DUI, EHB, ELE, ELH, ELK, END, EUT, FIZ, GEM, GEO, GID, GMI, ICM, IML, INS, ISL, JDF, JEF, JEO, KIM, KMM, KOM, MAD, MAK, MAT, MET, MIM, MTO, PEM, PET, SBP, TEK, TEL, UCK, UZB",,
10509,SNT 109,SNT,LS,Kazı Resim (Gravür),,Desen Halıçınarlı,MMB,Salı,13:30/16:29,,12,12,,"BIO, BLG, CEV, CHZ, DEN, DUI, EHB, ELE, ELH, ELK, END, EUT, FIZ, GEM, GEO, GID, GMI, ICM, IML, INS, ISL, JDF, JEF, JEO, KIM, KMM, KOM, MAD, MAK, MAT, MET, MIM, MTO, PEM, PET, SBP, TEK, TEL, UCK, UZB",,
10510,SNT 109,SNT,LS,Kazı Resim (Gravür),,Desen Halıçınarlı,MMB,Perşembe,13:30/16:29,,12,12,,"BIO, BLG, CEV, CHZ, DEN, DUI, EHB, ELE, ELH, ELK, END, EUT, FIZ, GEM, GEO, GID, GMI, ICM, IML, INS, ISL, JDF, JEF, JEO, KIM, KMM, KOM, MAD, MAK, MAT, MET, MIM, MTO, PEM, PET, SBP, TEK, TEL, UCK, UZB",,
10511,SNT 111,SNT,LS,Moda Tasarımı ve Sanat,,Aylin Akarvardar,MMB,Cuma,08:30/11:29,,12,13,,"BIO, BLG, CEV, CHZ, DEN, DUI, EHB, ELE, ELH, ELK, END, EUT, FIZ, GEM, GEO, GID, GMI, ICM, IML, INS, ISL, JDF, JEF, JEO, KIM, KMM, KOM, MAD, MAK, MAT, MET, MIM, MTO, PEM, PET, SBP, TEK, TEL, UCK, UZB",,
10512,SNT 112,SNT,LS,Tiyatro,,Yeliz Şatıroğlu,EEB,Perşembe,13:30/16:29,,30,30,,"BIO, BLG, CEV, CHZ, DEN, DUI, EHB, ELE, ELH, ELK, END, EUT, FIZ, GEM, GEO, GID, GMI, ICM, IML, INS, ISL, JDF, JEF, JEO, KIM, KMM, KOM, MAD, MAK, MAT, MET, MIM, MTO, PEM, PET, SBP, TEK, TEL, UCK, UZB",,
10513,SNT 112,SNT,LS,Tiyatro,,Murat Özen,MKB,Pazartesi,08:30/11:29,,20,20,,"BIO, BLG, CEV, CHZ, DEN, DUI, EHB, ELE, ELH, ELK, END, EUT, FIZ, GEM, GEO, GID, GMI, ICM, IML, INS, ISL, JDF, JEF, JEO, KIM, KMM, KOM, MAD, MAK, MAT, MET, MIM, MTO, PEM, PET, SBP, TEK, TEL, UCK, UZB",,
10514,SNT 112,SNT,LS,Tiyatro,,Günay Ertekin,INB,Çarşamba,08:30/11:29,,40,35,,"BIO, BLG, CEV, CHZ, DEN, DUI, EHB, ELE, ELH, ELK, END, EUT, FIZ, GEM, GEO, GID, GMI, ICM, IML, INS, ISL, JDF, JEF, JEO, KIM, KMM, KOM, MAD, MAK, MAT, MET, MIM, MTO, PEM, PET, SBP, TEK, TEL, UCK, UZB",,
10516,SNT 112,SNT,LS,Tiyatro,,Ali Ersan Karadeniz,MMB,Perşembe,13:30/16:29,,20,19,,"BIO, BLG, CEV, CHZ, DEN, DUI, EHB, ELE, ELH, ELK, END, EUT, FIZ, GEM, GEO, GID, GMI, ICM, IML, INS, ISL, JDF, JEF, JEO, KIM, KMM, KOM, MAD, MAK, MAT, MET, MIM, MTO, PEM, PET, SBP, TEK, TEL, UCK, UZB",,
10518,SNT 112E,SNT,LS,Theater,,Fatih Hacıosmanoğlu,FEB,Pazartesi,13:30/16:29,,20,20,,"BIO, BIOE, BLG, BLGE, CEV, CEVE, CHZ, CHZE, DEN, DENE, ECNE, EHB, EHBE, ELE, ELH, ELK, ELKE, END, ENDE, EUT, EUTE, FIZ, FIZE, GEM, GEME, GEMK, GEO, GEOE, GID, GIDE, GMI, GMIE, ICM, ICME, IML, IMLE, INS, INSE, ISL, ISLE, JDF, JEF, JEFE, JEO, JEOE, KIM, KIME, KMM, KMME, KOM, KOME, MAD, MADE, MAK, MAKE, MAT, MATE, MET, METE, MIM, MIME, MTO, MTOE, PEM, PEME, PET, PETE, SBP, SBPE, TEK, TEKE, TEL, UCK, UCKE, UZB, UZBE",,
10519,SNT 113,SNT,LS,Sanat ve Yorum,,Ferhan Gözgü Çelik,MMB,Pazartesi,13:30/16:29,,15,15,,"BIO, BLG, CEV, CHZ, DEN, DUI, EHB, ELE, ELH, ELK, END, EUT, FIZ, GEM, GEO, GID, GMI, ICM, IML, INS, ISL, JDF, JEF, JEO, KIM, KMM, KOM, MAD, MAK, MAT, MET, MIM, MTO, PEM, PET, SBP, TEK, TEL, UCK, UZB",,
10520,SNT 113,SNT,LS,Sanat ve Yorum,,Ferhan Gözgü Çelik,MMB,Salı,08:30/11:29,,15,15,,"BIO, BLG, CEV, CHZ, DEN, DUI, EHB, ELE, ELH, ELK, END, EUT, FIZ, GEM, GEO, GID, GMI, ICM, IML, INS, ISL, JDF, JEF, JEO, KIM, KMM, KOM, MAD, MAK, MAT, MET, MIM, MTO, PEM, PET, SBP, TEK, TEL, UCK, UZB",,
10521,SNT 113E,SNT,LS,Art and Interpretation,,Çiğdem Özkan Aygün,MED,Çarşamba,08:30/11:29,,20,21,,"BIO, BIOE, BLG, BLGE, CEV, CEVE, CHZ, CHZE, DEN, DENE, ECNE, EHB, EHBE, ELE, ELH, ELK, ELKE, END, ENDE, EUT, EUTE, FIZ, FIZE, GEM, GEME, GEMK, GEO, GEOE, GID, GIDE, GMI, GMIE, ICM, ICME, IML, IMLE, INS, INSE, ISL, ISLE, JDF, JEF, JEFE, JEO, JEOE, KIM, KIME, KMM, KMME, KOM, KOME, MAD, MADE, MAK, MAKE, MAT, MATE, MET, METE, MIM, MIME, MTO, MTOE, PEM, PEME, PET, PETE, SBPE, TEK, TEKE, TEL, UCK, UCKE, UZB, UZBE",,
10523,SNT 113E,SNT,LS,Art and Interpretation,,Çiğdem Özkan Aygün,MED,Perşembe,08:30/11:29,,20,19,,"BIO, BIOE, BLG, BLGE, CEV, CEVE, CHZ, CHZE, DEN, DENE, ECNE, EHB, EHBE, ELE, ELH, ELK, ELKE, END, ENDE, EUT, EUTE, FIZ, FIZE, GEM, GEME, GEMK, GEO, GEOE, GID, GIDE, GMI, GMIE, ICM, ICME, IML, IMLE, INS, INSE, ISL, ISLE, JDF, JEF, JEFE, JEO, JEOE, KIM, KIME, KMM, KMME, KOM, KOME, MAD, MADE, MAK, MAKE, MAT, MATE, MET, METE, MIM, MIME, MTO, MTOE, PEM, PEME, PET, PETE, SBPE, TEK, TEKE, TEL, UCK, UCKE, UZB, UZBE",,
10525,SNT 114,SNT,LS,Günümüz Sanatı,,Ebru Belgin Yetişkin,DMB,Çarşamba,12:30/15:29,,25,23,,"BIO, BLG, CEV, CHZ, DEN, DUI, EHB, ELE, ELH, ELK, END, EUT, FIZ, GEM, GEO, GID, GMI, ICM, IML, INS, ISL, JDF, JEF, JEO, KIM, KMM, KOM, MAD, MAK, MAT, MET, MIM, MTO, PEM, PET, SBP, TEK, TEL, UCK, UZB",,
10527,SNT 114,SNT,LS,Günümüz Sanatı,,Hülya Küpçüoğlu,MMB,Perşembe,13:30/16:29,,20,20,,"BIO, BLG, CEV, CHZ, DEN, DUI, EHB, ELE, ELH, ELK, END, EUT, FIZ, GEM, GEO, GID, GMI, ICM, IML, INS, ISL, JDF, JEF, JEO, KIM, KMM, KOM, MAD, MAK, MAT, MET, MIM, MTO, PEM, PET, SBP, TEK, TEL, UCK, UZB",,
10528,SNT 114E,SNT,LS,Contemporary Art,,Merve Ertufan,MED,Çarşamba,08:30/11:29,,20,19,,"BIO, BIOE, BLG, BLGE, CEV, CEVE, CHZ, CHZE, DEN, DENE, ECNE, EHB, EHBE, ELE, ELH, ELK, ELKE, END, ENDE, EUT, EUTE, FIZ, FIZE, GEM, GEME, GEMK, GEO, GEOE, GID, GIDE, GMI, GMIE, ICM, ICME, IML, IMLE, INS, INSE, ISL, ISLE, JDF, JEF, JEFE, JEO, JEOE, KIM, KIME, KMM, KMME, KOM, KOME, MAD, MADE, MAK, MAKE, MAT, MATE, MET, METE, MIM, MIME, MTO, MTOE, PEM, PEME, PET, PETE, SBPE, TEK, TEKE, TEL, UCK, UCKE, UZB, UZBE",,
10529,SNT 115,SNT,LS,Modernite ve Görsel Kültür,,Yasemin Dora,MKB,Cuma,13:30/16:29,,20,17,,"BIO, BLG, CEV, CHZ, DEN, DUI, EHB, ELE, ELH, ELK, END, EUT, FIZ, GEM, GEO, GID, GMI, ICM, IML, INS, ISL, JDF, JEF, JEO, KIM, KMM, KOM, MAD, MAK, MAT, MET, MIM, MTO, PEM, PET, SBP, TEK, TEL, UCK, UZB",,
10531,SNT 116,SNT,LS,İletişim Sanatı,,Haluk Gedik,MMB,Perşembe,13:30/16:29,,20,15,,"BIO, BLG, CEV, CHZ, DEN, DUI, EHB, ELE, ELH, ELK, END, EUT, FIZ, GEM, GEO, GID, GMI, ICM, IML, INS, ISL, JDF, JEF, JEO, KIM, KMM, KOM, MAD, MAK, MAT, MET, MIM, MTO, PEM, PET, SBP, TEK, TEL, UCK, UZB",,
10532,SNT 116E,SNT,LS,The Art of Communication,,Rabia Zeynep İşler,MMB,Perşembe,08:30/11:29,,20,19,,"BIO, BIOE, BLG, BLGE, CEV, CEVE, CHZ, CHZE, DEN, DENE, ECNE, EHB, EHBE, ELE, ELH, ELK, ELKE, END, ENDE, EUT, EUTE, FIZ, FIZE, GEM, GEME, GEMK, GEO, GEOE, GID, GIDE, GMI, GMIE, ICM, ICME, IML, IMLE, INS, INSE, ISL, ISLE, JDF, JEF, JEFE, JEO, JEOE, KIM, KIME, KMM, KMME, KOM, KOME, MAD, MADE, MAK, MAKE, MAT, MATE, MET, METE, MIM, MIME, MTO, MTOE, PEM, PEME, PET, PETE, SBP, SBPE, TEK, TEKE, TEL, UCK, UCKE, UZB, UZBE",,
10535,SNT 123E,SNT,LS,Film Production,,Gamze Konca,MMB,Cuma,08:30/11:29,,20,22,,"BIO, BIOE, BLG, BLGE, CEV, CEVE, CHZ, CHZE, DEN, DENE, ECNE, EHB, EHBE, ELE, ELH, ELK, ELKE, END, ENDE, EUT, EUTE, FIZ, FIZE, GEM, GEME, GEMK, GEO, GEOE, GID, GIDE, GMI, GMIE, ICM, ICME, IML, IMLE, INS, INSE, ISL, ISLE, JDF, JEF, JEFE, JEO, JEOE, KIM, KIME, KMM, KMME, KOM, KOME, MAD, MADE, MAK, MAKE, MAT, MATE, MET, METE, MIM, MIME, MTO, MTOE, PEM, PEME, PET, PETE, SBP, SBPE, TEK, TEKE, TEL, UCK, UCKE, UZB, UZBE",,
10536,SNT 211,SNT,LS,"İstanbul:Tarih,Sanat ve Toplum",,Kubilay Önal,MMB,Pazartesi,13:30/16:29,,20,17,,"BIO, BLG, CEV, CHZ, DEN, DUI, EHB, ELE, ELH, ELK, END, EUT, FIZ, GEM, GEO, GID, GMI, ICM, IML, INS, ISL, JDF, JEF, JEO, KIM, KMM, KOM, MAD, MAK, MAT, MET, MIM, MTO, PEM, PET, SBP, TEK, TEL, UCK, UZB",,
10537,SNT 211,SNT,LS,"İstanbul:Tarih,Sanat ve Toplum",,Kubilay Önal,MMB,Çarşamba,08:30/11:29,,20,16,,"BIO, BLG, CEV, CHZ, DEN, DUI, EHB, ELE, ELH, ELK, END, EUT, FIZ, GEM, GEO, GID, GMI, ICM, IML, INS, ISL, JDF, JEF, JEO, KIM, KMM, KOM, MAD, MAK, MAT, MET, MIM, MTO, PEM, PET, SBP, TEK, TEL, UCK, UZB",,
10538,SNT 211,SNT,LS,"İstanbul:Tarih,Sanat ve Toplum",,Ayşe Nursel Tuncay,MKB,Perşembe,13:30/16:29,,20,14,,"BIO, BLG, CEV, CHZ, DEN, DUI, EHB, ELE, ELH, ELK, END, EUT, FIZ, GEM, GEO, GID, GMI, ICM, IML, INS, ISL, JDF, JEF, JEO, KIM, KMM, KOM, MAD, MAK, MAT, MET, MIM, MTO, PEM, PET, SBP, TEK, TEL, UCK, UZB",,
10539,SNT 211E,SNT,LS,"Istanbul:Hist.,Art and Society",,Çiğdem Özkan Aygün,MED,Salı,08:30/11:29,,20,24,,"BIO, BIOE, BLG, BLGE, CEV, CEVE, CHZ, CHZE, DEN, DENE, ECNE, EHB, EHBE, ELE, ELH, ELK, ELKE, END, ENDE, EUT, EUTE, FIZ, FIZE, GEM, GEME, GEMK, GEO, GEOE, GID, GIDE, GMI, GMIE, ICM, ICME, IML, IMLE, INS, INSE, ISL, ISLE, JDF, JEF, JEFE, JEO, JEOE, KIM, KIME, KMM, KMME, KOM, KOME, MAD, MADE, MAK, MAKE, MAT, MATE, MET, METE, MIM, MIME, MTO, MTOE, PEM, PEME, PET, PETE, SBPE, TEK, TEKE, TEL, UCK, UCKE, UZB, UZBE",,
10540,SNT 211E,SNT,LS,"Istanbul:Hist.,Art and Society",,Çiğdem Özkan Aygün,DEP,Salı,13:30/16:29,,20,20,,"BIO, BIOE, BLG, BLGE, CEV, CEVE, CHZ, CHZE, DEN, DENE, ECNE, EHB, EHBE, ELE, ELH, ELK, ELKE, END, ENDE, EUT, EUTE, FIZ, FIZE, GEM, GEME, GEMK, GEO, GEOE, GID, GIDE, GMI, GMIE, ICM, ICME, IML, IMLE, INS, INSE, ISL, ISLE, JDF, JEF, JEFE, JEO, JEOE, KIM, KIME, KMM, KMME, KOM, KOME, MAD, MADE, MAK, MAKE, MAT, MATE, MET, METE, MIM, MIME, MTO, MTOE, PEM, PEME, PET, PETE, SBPE, TEK, TEKE, TEL, UCK, UCKE, UZB, UZBE",,
10541,SNT 211E,SNT,LS,"Istanbul:Hist.,Art and Society",,Pınar Erkan Bursa,MKB,Cuma,08:30/11:29,,25,18,,"BIO, BIOE, BLG, BLGE, CEV, CEVE, CHZ, CHZE, DEN, DENE, ECNE, EHB, EHBE, ELE, ELH, ELK, ELKE, END, ENDE, EUT, EUTE, FIZ, FIZE, GEM, GEME, GEMK, GEO, GEOE, GID, GIDE, GMI, GMIE, ICM, ICME, IML, IMLE, INS, INSE, ISL, ISLE, JDF, JEF, JEFE, JEO, JEOE, KIM, KIME, KMM, KMME, KOM, KOME, MAD, MADE, MAK, MAKE, MAT, MATE, MET, METE, MIM, MIME, MTO, MTOE, PEM, PEME, PET, PETE, SBPE, TEK, TEKE, TEL, UCK, UCKE, UZB, UZBE",,
10542,SNT 211E,SNT,LS,"Istanbul:Hist.,Art and Society",,Çiğdem Özkan Aygün,MED,Cuma,08:30/11:29,,20,20,,"BIO, BIOE, BLG, BLGE, CEV, CEVE, CHZ, CHZE, DEN, DENE, ECNE, EHB, EHBE, ELE, ELH, ELK, ELKE, END, ENDE, EUT, EUTE, FIZ, FIZE, GEM, GEME, GEMK, GEO, GEOE, GID, GIDE, GMI, GMIE, ICM, ICME, IML, IMLE, INS, INSE, ISL, ISLE, JDF, JEF, JEFE, JEO, JEOE, KIM, KIME, KMM, KMME, KOM, KOME, MAD, MADE, MAK, MAKE, MAT, MATE, MET, METE, MIM, MIME, MTO, MTOE, PEM, PEME, PET, PETE, SBPE, TEK, TEKE, TEL, UCK, UCKE, UZB, UZBE",,
10543,SNT 226,SNT,LS,Sanat Felsefesi,,Ozan Güreli,MMB,Perşembe,13:30/16:29,,20,20,,"BIO, BLG, CEV, CHZ, DEN, DUI, EHB, ELE, ELH, ELK, END, EUT, FIZ, GEM, GEO, GID, GMI, ICM, IML, INS, ISL, JDF, JEF, JEO, KIM, KMM, KOM, MAD, MAK, MAT, MET, MIM, MTO, PEM, PET, SBP, TEK, TEL, UCK, UZB",,
10544,SNT 226E,SNT,LS,Philosophy of Art,,Ozan Güreli,MMB,Çarşamba,12:30/15:29,,20,24,,"BIO, BIOE, BLG, BLGE, CEV, CEVE, CHZ, CHZE, DEN, DENE, ECNE, EHB, EHBE, ELE, ELH, ELK, ELKE, END, ENDE, EUT, EUTE, FIZ, FIZE, GEM, GEME, GEMK, GEO, GEOE, GID, GIDE, GMI, GMIE, ICM, ICME, IML, IMLE, INS, INSE, ISL, ISLE, JDF, JEF, JEFE, JEO, JEOE, KIM, KIME, KMM, KMME, KOM, KOME, MAD, MADE, MAK, MAKE, MAT, MATE, MET, METE, MIM, MIME, MTO, MTOE, PEM, PEME, PET, PETE, SBPE, TEK, TEKE, TEL, UCK, UCKE, UZB, UZBE",,
10546,SNT 226E,SNT,LS,Philosophy of Art,,Geoff Bove,MMB,Perşembe,13:30/16:29,,20,20,,"BIO, BIOE, BLG, BLGE, CEV, CEVE, CHZ, CHZE, DEN, DENE, ECNE, EHB, EHBE, ELE, ELH, ELK, ELKE, END, ENDE, EUT, EUTE, FIZ, FIZE, GEM, GEME, GEMK, GEO, GEOE, GID, GIDE, GMI, GMIE, ICM, ICME, IML, IMLE, INS, INSE, ISL, ISLE, JDF, JEF, JEFE, JEO, JEOE, KIM, KIME, KMM, KMME, KOM, KOME, MAD, MADE, MAK, MAKE, MAT, MATE, MET, METE, MIM, MIME, MTO, MTOE, PEM, PEME, PET, PETE, SBPE, TEK, TEKE, TEL, UCK, UCKE, UZB, UZBE",,
10547,SNT 227E,SNT,LS,Sound and Society,,Emine Şirin Özgün Tanır,TMB,Salı,08:30/11:29,,30,28,,"BIO, BIOE, BLG, BLGE, CEV, CEVE, CHZ, CHZE, DEN, DENE, ECNE, EHB, EHBE, ELE, ELK, ELKE, END, ENDE, EUT, EUTE, FIZ, FIZE, GEM, GEME, GEO, GEOE, GID, GIDE, ICM, ICME, IML, IMLE, INS, INSE, ISL, ISLE, JDF, JEF, JEFE, JEO, JEOE, KIM, KIME, KMM, KMME, KOM, KOME, MAD, MADE, MAK, MAKE, MAT, MATE, MET, METE, MIM, MIME, MTO, MTOE, PEM, PEME, PET, PETE, SBP, SBPE, TEK, TEKE, TEL, UCK, UCKE, UZB, UZBE",,
10553,GSB 343,GSB,LS,Görsel Analiz,,Ferhan Gözgü Çelik,MMB,Salı,13:30/16:29,,12,13,,"ICM, MIM, PEM, SBP",,
10554,GSB 363,GSB,LS,Mimarlıkta Seramik Uygulamalar,,Aynur Karakaş Karaağaç,MMB,Perşembe,08:30/11:29,,12,14,,"ICM, MIM, PEM, SBP",,
10556,ITB 208,ITB,LS,Modern Türkiye'nin Oluşumu,,Mehmet Ali Doğan,MED,Pazartesi,14:30/17:29,,45,45,,"BIO, BLG, CAB, CEV, CHZ, DEN, DUI, EHB, ELE, ELH, ELK, END, EUT, FIZ, GEM, GEO, GID, ICM, INS, ISL, JDF, JEF, JEO, KIM, KMM, KMP, KOM, MAD, MAK, MAT, MET, MIM, MTO, MTR, MUT, MUZ, PEM, PET, SBP, SES, TEB, TEK, TEL, THO, UCK, UZB",,
10560,ITB 208E,ITB,LS,Formations of Modern Turkey,,Mehmet Ali Doğan,MED,Pazartesi,08:30/11:29,,45,44,,"BIO, BIOE, BLG, BLGE, CAB, CEV, CEVE, CHZ, CHZE, DEN, DENE, DUI, ECNE, EHB, EHBE, ELE, ELH, ELK, ELKE, END, ENDE, EUT, EUTE, FIZ, FIZE, GEM, GEME, GEMK, GEO, GEOE, GID, GIDE, ICM, IML, IMLE, INS, INSE, ISL, ISLE, JDF, JEF, JEFE, JEO, JEOE, KIM, KIME, KMM, KMME, KMP, KOM, KOME, MAD, MADE, MAK, MAKE, MAT, MATE, MET, METE, MIM, MIME, MTO, MTOE, MTR, MUT, MUZ, MUZE, PEM, PEME, PET, PETE, SBP, SBPE, SES, TEB, TEK, TEKE, TEL, THO, UCK, UCKE, UZB, UZBE",,
10561,ITB 218,ITB,LS,Bilim ve Teknoloji Tarihi,,Tuncay Zorlu,FEB,Salı,11:30/14:29,,45,44,,"BIO, BLG, CAB, CEV, CHZ, DEN, DUI, EHB, ELE, ELH, ELK, END, EUT, FIZ, GEM, GEO, GID, GMI, ICM, INS, ISL, JDF, JEF, JEO, KIM, KMM, KMP, KOM, MAD, MAK, MAT, MET, MIM, MTO, MTR, MUT, MUZ, PEM, PET, SBP, SES, TEB, TEK, TEL, THO, UCK, UZB",,
10563,ALM 101,ALM,LS,Almanca I,,İnanç Bakkalbaşı,MED,Pazartesi,08:30/12:29,,25,25,,Tüm Lisans ve Lisansüstü Programlar,,
10566,ALM 101,ALM,LS,Almanca I,,İnanç Bakkalbaşı,MEDB,Salı,08:30/12:29,,25,25,,Tüm Lisans ve Lisansüstü Programlar,,
10567,ALM 102,ALM,LS,Almanca II,,İnanç Bakkalbaşı,INB,Perşembe,08:30/12:29,,25,25,,Tüm Lisans ve Lisansüstü Programlar,,
10569,ITB 037E,ITB,LS,"Knowledge, Language & Logic",,Aydan Turanlı,MED,Salı,08:30/11:29,,45,37,,"BIO, BIOE, BLG, BLGE, CAB, CEV, CEVE, CHZ, CHZE, DEN, DENE, ECNE, EHB, EHBE, ELE, ELH, ELK, ELKE, END, ENDE, EUT, EUTE, FIZ, FIZE, GEM, GEME, GEMK, GEO, GEOE, GID, GIDE, ICM, IML, IMLE, INS, INSE, ISL, ISLE, JDF, JEF, JEFE, JEO, JEOE, KIM, KIME, KMM, KMME, KMP, KOM, KOME, MAD, MADE, MAK, MAKE, MAT, MATE, MET, METE, MIM, MIME, MTO, MTOE, MTR, MUT, MUZ, MUZE, PEM, PEME, PET, PETE, SBP, SBPE, SES, TEB, TEK, TEKE, TEL, THO, UCK, UCKE, UZB, UZBE",,
10572,ITB 020,ITB,LS,Modernitenin Oluşumu,,Emine Aslı Çalkıvik,MMB,Salı,11:30/14:29,,45,17,,"BIO, BLG, CAB, CEV, CHZ, DEN, EHB, ELE, ELH, ELK, END, EUT, FIZ, GEM, GEO, GID, ICM, INS, ISL, JDF, JEF, JEO, KIM, KMM, KMP, KOM, MAD, MAK, MAT, MET, MIM, MTO, MTR, MUT, MUZ, PEM, PET, SBP, SES, TEB, TEK, TEL, THO, UCK, UZB",,
10574,ITB 020,ITB,LS,Modernitenin Oluşumu,,--,MED,Salı,08:30/11:29,,0,0,,"BIO, BLG, CAB, CEV, CHZ, DEN, EHB, ELE, ELH, ELK, END, EUT, FIZ, GEM, GEO, GID, ICM, INS, ISL, JDF, JEF, JEO, KIM, KMM, KMP, KOM, MAD, MAK, MAT, MET, MIM, MTO, MTR, MUT, MUZ, PEM, PET, SBP, SES, TEB, TEK, TEL, THO, UCK, UZB",,
10576,ALM 102,ALM,LS,Almanca II,,İnanç Bakkalbaşı,INB,Cuma,08:30/12:29,,25,25,,Tüm Lisans ve Lisansüstü Programlar,,
10590,ATA 102,ATA,LS,Atatürk İlk & İnkılap Trh II,,Emin Alp Malkoç,MEDB,Çarşamba,09:30/11:29,,75,33,,"BIO, BIOE, BLG, BLGE, CEV, CEVE, CHZ, CHZE, DEN, DENE, ECNE, EHB, EHBE, EHN, ELE, ELH, ELK, ELKE, END, ENDE, EUT, EUTE, FIZ, FIZE, GEM, GEME, GEMK, GEO, GEOE, GID, GIDE, ICM, IML, IMLE, INS, INSE, ISL, ISLE, JDF, JEF, JEFE, JEO, JEOE, KIM, KIME, KMM, KMME, KOM, KOME, MAD, MADE, MAK, MAKE, MAT, MATE, MET, METE, MIM, MIME, MTO, MTOE, PEM, PEME, PET, PETE, SBP, SBPE, SEH, TEK, TEKE, TEL, THO, UCK, UCKE, UZB, UZBE",,
10595,ATA 101,ATA,LS,Atatürk İlk & İnkılap Trh I,,Emin Alp Malkoç,MEDB,Çarşamba,11:30/13:29,,75,51,,"BIO, BIOE, BLG, BLGE, CEV, CEVE, CHZ, CHZE, DEN, DENE, ECNE, EHB, EHBE, EHN, ELE, ELH, ELK, ELKE, END, ENDE, EUT, EUTE, FIZ, FIZE, GEM, GEME, GEMK, GEO, GEOE, GID, GIDE, ICM, IML, IMLE, INS, INSE, ISL, ISLE, JDF, JEF, JEFE, JEO, JEOE, KIM, KIME, KMM, KMME, KOM, KOME, MAD, MADE, MAK, MAKE, MAT, MATE, MET, METE, MIM, MIME, MTO, MTOE, PEM, PEME, PET, PETE, SBP, SBPE, SEH, TEK, TEKE, TEL, THO, UCK, UCKE, UZB, UZBE",,
10596,ATA 101,ATA,LS,Atatürk İlk & İnkılap Trh I,,Emin Alp Malkoç,MEDB,Çarşamba,13:30/15:29,,75,64,,"BIO, BIOE, BLG, BLGE, CEV, CEVE, CHZ, CHZE, DEN, DENE, ECNE, EHB, EHBE, EHN, ELE, ELH, ELK, ELKE, END, ENDE, EUT, EUTE, FIZ, FIZE, GEM, GEME, GEMK, GEO, GEOE, GID, GIDE, ICM, IML, IMLE, INS, INSE, ISL, ISLE, JDF, JEF, JEFE, JEO, JEOE, KIM, KIME, KMM, KMME, KOM, KOME, MAD, MADE, MAK, MAKE, MAT, MATE, MET, METE, MIM, MIME, MTO, MTOE, PEM, PEME, PET, PETE, SBP, SBPE, SEH, TEK, TEKE, TEL, THO, UCK, UCKE, UZB, UZBE",,
10597,KIM 104,KIM,LS,Organik Kimya,,İbrahim Ersin Serhatlı,KMB,Çarşamba,12:30/15:29,,30,30,,"GID, KIMM, KMM",,
10598,ATA 101,ATA,LS,Atatürk İlk & İnkılap Trh I,,Emin Alp Malkoç,MMB,Perşembe,10:30/12:29,,75,65,,"BIO, BIOE, BLG, BLGE, CEV, CEVE, CHZ, CHZE, DEN, DENE, ECNE, EHB, EHBE, EHN, ELE, ELH, ELK, ELKE, END, ENDE, EUT, EUTE, FIZ, FIZE, GEM, GEME, GEMK, GEO, GEOE, GID, GIDE, ICM, IML, IMLE, INS, INSE, ISL, ISLE, JDF, JEF, JEFE, JEO, JEOE, KIM, KIME, KMM, KMME, KOM, KOME, MAD, MADE, MAK, MAKE, MAT, MATE, MET, METE, MIM, MIME, MTO, MTOE, PEM, PEME, PET, PETE, SBP, SBPE, SEH, TEK, TEKE, TEL, THO, UCK, UCKE, UZB, UZBE",,
10599,ATA 101,ATA,LS,Atatürk İlk & İnkılap Trh I,,Emin Alp Malkoç,MKB,Perşembe,13:30/15:29,,75,54,,"BIO, BIOE, BLG, BLGE, CEV, CEVE, CHZ, CHZE, DEN, DENE, ECNE, EHB, EHBE, EHN, ELE, ELH, ELK, ELKE, END, ENDE, EUT, EUTE, FIZ, FIZE, GEM, GEME, GEMK, GEO, GEOE, GID, GIDE, ICM, IML, IMLE, INS, INSE, ISL, ISLE, JDF, JEF, JEFE, JEO, JEOE, KIM, KIME, KMM, KMME, KOM, KOME, MAD, MADE, MAK, MAKE, MAT, MATE, MET, METE, MIM, MIME, MTO, MTOE, PEM, PEME, PET, PETE, SBP, SBPE, SEH, TEK, TEKE, TEL, THO, UCK, UCKE, UZB, UZBE",,
10600,ALM 302,ALM,LS,Almanca VI,,Vanessa Zogopoulou,MED,Cuma,08:30/12:29,,25,25,,Tüm Lisans ve Lisansüstü Programlar,,
10601,ATA 101,ATA,LS,Atatürk İlk & İnkılap Trh I,,Serap Sarıhan,MEDB,Pazartesi,08:30/10:29,,75,76,,"BIO, BIOE, BLG, BLGE, CEV, CEVE, CHZ, CHZE, DEN, DENE, ECNE, EHB, EHBE, EHN, ELE, ELH, ELK, ELKE, END, ENDE, EUT, EUTE, FIZ, FIZE, GEM, GEME, GEMK, GEO, GEOE, GID, GIDE, ICM, IML, IMLE, INS, INSE, ISL, ISLE, JDF, JEF, JEFE, JEO, JEOE, KIM, KIME, KMM, KMME, KOM, KOME, MAD, MADE, MAK, MAKE, MAT, MATE, MET, METE, MIM, MIME, MTO, MTOE, PEM, PEME, PET, PETE, SBP, SBPE, SEH, TEK, TEKE, TEL, THO, UCK, UCKE, UZB, UZBE",,
10602,ATA 101,ATA,LS,Atatürk İlk & İnkılap Trh I,,Serap Sarıhan,MEDB,Pazartesi,10:30/12:29,,75,75,,"BIO, BIOE, BLG, BLGE, CEV, CEVE, CHZ, CHZE, DEN, DENE, ECNE, EHB, EHBE, EHN, ELE, ELH, ELK, ELKE, END, ENDE, EUT, EUTE, FIZ, FIZE, GEM, GEME, GEMK, GEO, GEOE, GID, GIDE, ICM, IML, IMLE, INS, INSE, ISL, ISLE, JDF, JEF, JEFE, JEO, JEOE, KIM, KIME, KMM, KMME, KOM, KOME, MAD, MADE, MAK, MAKE, MAT, MATE, MET, METE, MIM, MIME, MTO, MTOE, PEM, PEME, PET, PETE, SBP, SBPE, SEH, TEK, TEKE, TEL, THO, UCK, UCKE, UZB, UZBE",,
10603,ATA 101,ATA,LS,Atatürk İlk & İnkılap Trh I,,Serap Sarıhan,MEDB,Salı,08:30/10:29,,75,74,,"BIO, BIOE, BLG, BLGE, CEV, CEVE, CHZ, CHZE, DEN, DENE, ECNE, EHB, EHBE, EHN, ELE, ELH, ELK, ELKE, END, ENDE, EUT, EUTE, FIZ, FIZE, GEM, GEME, GEMK, GEO, GEOE, GID, GIDE, ICM, IML, IMLE, INS, INSE, ISL, ISLE, JDF, JEF, JEFE, JEO, JEOE, KIM, KIME, KMM, KMME, KOM, KOME, MAD, MADE, MAK, MAKE, MAT, MATE, MET, METE, MIM, MIME, MTO, MTOE, PEM, PEME, PET, PETE, SBP, SBPE, SEH, TEK, TEKE, TEL, THO, UCK, UCKE, UZB, UZBE",,
10604,ITB 020,ITB,LS,Modernitenin Oluşumu,,--,MED,Salı,14:30/17:29,,0,0,,"BIO, BLG, CAB, CEV, CHZ, DEN, EHB, ELE, ELH, ELK, END, EUT, FIZ, GEM, GEO, GID, ICM, INS, ISL, JDF, JEF, JEO, KIM, KMM, KMP, KOM, MAD, MAK, MAT, MET, MIM, MTO, MTR, MUT, MUZ, PEM, PET, SBP, SES, TEB, TEK, TEL, THO, UCK, UZB",,
10605,ATA 101,ATA,LS,Atatürk İlk & İnkılap Trh I,,Serap Sarıhan,MEDB,Salı,10:30/12:29,,75,75,,"BIO, BIOE, BLG, BLGE, CEV, CEVE, CHZ, CHZE, DEN, DENE, ECNE, EHB, EHBE, EHN, ELE, ELH, ELK, ELKE, END, ENDE, EUT, EUTE, FIZ, FIZE, GEM, GEME, GEMK, GEO, GEOE, GID, GIDE, ICM, IML, IMLE, INS, INSE, ISL, ISLE, JDF, JEF, JEFE, JEO, JEOE, KIM, KIME, KMM, KMME, KOM, KOME, MAD, MADE, MAK, MAKE, MAT, MATE, MET, METE, MIM, MIME, MTO, MTOE, PEM, PEME, PET, PETE, SBP, SBPE, SEH, TEK, TEKE, TEL, THO, UCK, UCKE, UZB, UZBE",,
10606,ALM 202,ALM,LS,Almanca IV,,Vanessa Zogopoulou,INB,Pazartesi,13:30/17:29,,25,25,,Tüm Lisans ve Lisansüstü Programlar,,
10607,ATA 101,ATA,LS,Atatürk İlk & İnkılap Trh I,,Serap Sarıhan,MEDB,Çarşamba,08:30/10:29,,75,76,,"BIO, BIOE, BLG, BLGE, CEV, CEVE, CHZ, CHZE, DEN, DENE, ECNE, EHB, EHBE, EHN, ELE, ELH, ELK, ELKE, END, ENDE, EUT, EUTE, FIZ, FIZE, GEM, GEME, GEMK, GEO, GEOE, GID, GIDE, ICM, IML, IMLE, INS, INSE, ISL, ISLE, JDF, JEF, JEFE, JEO, JEOE, KIM, KIME, KMM, KMME, KOM, KOME, MAD, MADE, MAK, MAKE, MAT, MATE, MET, METE, MIM, MIME, MTO, MTOE, PEM, PEME, PET, PETE, SBP, SBPE, SEH, TEK, TEKE, TEL, THO, UCK, UCKE, UZB, UZBE",,
10608,KIM 104,KIM,LS,Organik Kimya,,Hacer Ayşen Önen,KMB,Çarşamba,12:30/15:29,,30,26,,"GID, KIMM, KMM",,
10609,ATA 102,ATA,LS,Atatürk İlk & İnkılap Trh II,,Serap Sarıhan,MEDB,Çarşamba,10:30/12:29,,75,73,,"BIO, BIOE, BLG, BLGE, CEV, CEVE, CHZ, CHZE, DEN, DENE, ECNE, EHB, EHBE, EHN, ELE, ELH, ELK, ELKE, END, ENDE, EUT, EUTE, FIZ, FIZE, GEM, GEME, GEMK, GEO, GEOE, GID, GIDE, ICM, IML, IMLE, INS, INSE, ISL, ISLE, JDF, JEF, JEFE, JEO, JEOE, KIM, KIME, KMM, KMME, KOM, KOME, MAD, MADE, MAK, MAKE, MAT, MATE, MET, METE, MIM, MIME, MTO, MTOE, PEM, PEME, PET, PETE, SBP, SBPE, SEH, TEK, TEKE, TEL, THO, UCK, UCKE, UZB, UZBE",,
10610,ATA 101,ATA,LS,Atatürk İlk & İnkılap Trh I,,Seda Bayındır Uluskan,MKB,Pazartesi,09:30/11:29,,75,74,,"BIO, BIOE, BLG, BLGE, CEV, CEVE, CHZ, CHZE, DEN, DENE, ECNE, EHB, EHBE, EHN, ELE, ELH, ELK, ELKE, END, ENDE, EUT, EUTE, FIZ, FIZE, GEM, GEME, GEMK, GEO, GEOE, GID, GIDE, ICM, IML, IMLE, INS, INSE, ISL, ISLE, JDF, JEF, JEFE, JEO, JEOE, KIM, KIME, KMM, KMME, KOM, KOME, MAD, MADE, MAK, MAKE, MAT, MATE, MET, METE, MIM, MIME, MTO, MTOE, PEM, PEME, PET, PETE, SBP, SBPE, SEH, TEK, TEKE, TEL, THO, UCK, UCKE, UZB, UZBE",,
10611,ATA 102,ATA,LS,Atatürk İlk & İnkılap Trh II,,Seda Bayındır Uluskan,FEB,Cuma,14:30/16:29,,75,75,,"BIO, BIOE, BLG, BLGE, CEV, CEVE, CHZ, CHZE, DEN, DENE, ECNE, EHB, EHBE, EHN, ELE, ELH, ELK, ELKE, END, ENDE, EUT, EUTE, FIZ, FIZE, GEM, GEME, GEMK, GEO, GEOE, GID, GIDE, ICM, IML, IMLE, INS, INSE, ISL, ISLE, JDF, JEF, JEFE, JEO, JEOE, KIM, KIME, KMM, KMME, KOM, KOME, MAD, MADE, MAK, MAKE, MAT, MATE, MET, METE, MIM, MIME, MTO, MTOE, PEM, PEME, PET, PETE, SBP, SBPE, SEH, TEK, TEKE, TEL, THO, UCK, UCKE, UZB, UZBE",,
10612,KIM 104L,KIM,LS,Organik Kimya Lab.,,"Hacer Ayşen Önen, İbrahim Ersin Serhatlı",FEB,Perşembe,08:30/10:29,,40,31,,"GID, KMM",,
10613,ATA 101,ATA,LS,Atatürk İlk & İnkılap Trh I,,Seda Bayındır Uluskan,INB,Çarşamba,08:30/10:29,,75,73,,"BIO, BIOE, BLG, BLGE, CEV, CEVE, CHZ, CHZE, DEN, DENE, ECNE, EHB, EHBE, EHN, ELE, ELH, ELK, ELKE, END, ENDE, EUT, EUTE, FIZ, FIZE, GEM, GEME, GEMK, GEO, GEOE, GID, GIDE, ICM, IML, IMLE, INS, INSE, ISL, ISLE, JDF, JEF, JEFE, JEO, JEOE, KIM, KIME, KMM, KMME, KOM, KOME, MAD, MADE, MAK, MAKE, MAT, MATE, MET, METE, MIM, MIME, MTO, MTOE, PEM, PEME, PET, PETE, SBP, SBPE, SEH, TEK, TEKE, TEL, THO, UCK, UCKE, UZB, UZBE",,
10614,ALM 201,ALM,LS,Almanca III,,Vanessa Zogopoulou,EEB,Salı,13:30/17:29,,25,25,,Tüm Lisans ve Lisansüstü Programlar,,
10615,KIM 111,KIM,LS,Genel Kimya I,,İsmail Yılmaz,FEB | FEB,Pazartesi | Salı,10:30/12:29 | 11:30/13:29,,37,36,,"KIM, KIMM",,
10616,ATA 101,ATA,LS,Atatürk İlk & İnkılap Trh I,,Seda Bayındır Uluskan,INB,Çarşamba,10:30/12:29,,75,76,,"BIO, BIOE, BLG, BLGE, CEV, CEVE, CHZ, CHZE, DEN, DENE, ECNE, EHB, EHBE, EHN, ELE, ELH, ELK, ELKE, END, ENDE, EUT, EUTE, FIZ, FIZE, GEM, GEME, GEMK, GEO, GEOE, GID, GIDE, ICM, IML, IMLE, INS, INSE, ISL, ISLE, JDF, JEF, JEFE, JEO, JEOE, KIM, KIME, KMM, KMME, KOM, KOME, MAD, MADE, MAK, MAKE, MAT, MATE, MET, METE, MIM, MIME, MTO, MTOE, PEM, PEME, PET, PETE, SBP, SBPE, SEH, TEK, TEKE, TEL, THO, UCK, UCKE, UZB, UZBE",,
10617,ATA 101,ATA,LS,Atatürk İlk & İnkılap Trh I,,Seda Bayındır Uluskan,MEDB,Cuma,08:30/10:29,,75,75,,"BIO, BIOE, BLG, BLGE, CEV, CEVE, CHZ, CHZE, DEN, DENE, ECNE, EHB, EHBE, EHN, ELE, ELH, ELK, ELKE, END, ENDE, EUT, EUTE, FIZ, FIZE, GEM, GEME, GEMK, GEO, GEOE, GID, GIDE, ICM, IML, IMLE, INS, INSE, ISL, ISLE, JDF, JEF, JEFE, JEO, JEOE, KIM, KIME, KMM, KMME, KOM, KOME, MAD, MADE, MAK, MAKE, MAT, MATE, MET, METE, MIM, MIME, MTO, MTOE, PEM, PEME, PET, PETE, SBP, SBPE, SEH, TEK, TEKE, TEL, THO, UCK, UCKE, UZB, UZBE",,
10618,ATA 102,ATA,LS,Atatürk İlk & İnkılap Trh II,,Seda Bayındır Uluskan,MEDB,Cuma,10:30/12:29,,75,75,,"BIO, BIOE, BLG, BLGE, CEV, CEVE, CHZ, CHZE, DEN, DENE, ECNE, EHB, EHBE, EHN, ELE, ELH, ELK, ELKE, END, ENDE, EUT, EUTE, FIZ, FIZE, GEM, GEME, GEMK, GEO, GEOE, GID, GIDE, ICM, IML, IMLE, INS, INSE, ISL, ISLE, JDF, JEF, JEFE, JEO, JEOE, KIM, KIME, KMM, KMME, KOM, KOME, MAD, MADE, MAK, MAKE, MAT, MATE, MET, METE, MIM, MIME, MTO, MTOE, PEM, PEME, PET, PETE, SBP, SBPE, SEH, TEK, TEKE, TEL, THO, UCK, UCKE, UZB, UZBE",,
10620,ALM 401,ALM,LS,Almanca VII,,Vanessa Zogopoulou,MED,Perşembe,13:30/17:29,,20,9,,Tüm Lisans ve Lisansüstü Programlar,,
10621,ATA 101,ATA,LS,Atatürk İlk & İnkılap Trh I,,Burcu Kurt Yöney,DZB,Perşembe,15:30/17:29,,70,16,,"DUI, DUIE, GMI, GMIE",,
10622,ATA 101,ATA,LS,Atatürk İlk & İnkılap Trh I,,Pelin Helvacı,INB,Salı,10:30/12:29,,75,75,,"BIO, BIOE, BLG, BLGE, CEV, CEVE, CHZ, CHZE, DEN, DENE, ECNE, EHB, EHBE, EHN, ELE, ELH, ELK, ELKE, END, ENDE, EUT, EUTE, FIZ, FIZE, GEM, GEME, GEMK, GEO, GEOE, GID, GIDE, ICM, IML, IMLE, INS, INSE, ISL, ISLE, JDF, JEF, JEFE, JEO, JEOE, KIM, KIME, KMM, KMME, KOM, KOME, MAD, MADE, MAK, MAKE, MAT, MATE, MET, METE, MIM, MIME, MTO, MTOE, PEM, PEME, PET, PETE, SBP, SBPE, SEH, TEK, TEKE, TEL, THO, UCK, UCKE, UZB, UZBE",,
10623,KIM 111,KIM,LS,Genel Kimya I,,Makbule Koçak,FEB | FEB,Pazartesi | Salı,10:30/12:29 | 11:30/13:29,,37,32,,"KIM, KIMM",,
10624,ALM 301,ALM,LS,Almanca V,,Vanessa Zogopoulou,MED,Cuma,13:30/17:29,,25,25,,Tüm Lisans ve Lisansüstü Programlar,,
10625,ATA 102,ATA,LS,Atatürk İlk & İnkılap Trh II,,Pelin Helvacı,MEDB,Salı,13:30/15:29,,75,75,,"BIO, BIOE, BLG, BLGE, CEV, CEVE, CHZ, CHZE, DEN, DENE, ECNE, EHB, EHBE, EHN, ELE, ELH, ELK, ELKE, END, ENDE, EUT, EUTE, FIZ, FIZE, GEM, GEME, GEMK, GEO, GEOE, GID, GIDE, ICM, IML, IMLE, INS, INSE, ISL, ISLE, JDF, JEF, JEFE, JEO, JEOE, KIM, KIME, KMM, KMME, KOM, KOME, MAD, MADE, MAK, MAKE, MAT, MATE, MET, METE, MIM, MIME, MTO, MTOE, PEM, PEME, PET, PETE, SBP, SBPE, SEH, TEK, TEKE, TEL, THO, UCK, UCKE, UZB, UZBE",,
10626,ATA 101,ATA,LS,Atatürk İlk & İnkılap Trh I,,Pelin Helvacı,FEB,Cuma,10:30/12:29,,20,20,,"BIO, BIOE, BLG, BLGE, CEV, CEVE, CHZ, CHZE, DEN, DENE, ECNE, EHB, EHBE, EHN, ELE, ELH, ELK, ELKE, END, ENDE, EUT, EUTE, FIZ, FIZE, GEM, GEME, GEMK, GEO, GEOE, GID, GIDE, ICM, IML, IMLE, INS, INSE, ISL, ISLE, JDF, JEF, JEFE, JEO, JEOE, KIM, KIME, KMM, KMME, KOM, KOME, MAD, MADE, MAK, MAKE, MAT, MATE, MET, METE, MIM, MIME, MTO, MTOE, PEM, PEME, PET, PETE, SBP, SBPE, SEH, TEK, TEKE, TEL, THO, UCK, UCKE, UZB, UZBE",,
10627,ATA 101,ATA,LS,Atatürk İlk & İnkılap Trh I,,Pelin Helvacı,FEB,Cuma,14:30/16:29,,40,39,,"BIO, BIOE, BLG, BLGE, CEV, CEVE, CHZ, CHZE, DEN, DENE, ECNE, EHB, EHBE, EHN, ELE, ELH, ELK, ELKE, END, ENDE, EUT, EUTE, FIZ, FIZE, GEM, GEME, GEMK, GEO, GEOE, GID, GIDE, ICM, IML, IMLE, INS, INSE, ISL, ISLE, JDF, JEF, JEFE, JEO, JEOE, KIM, KIME, KMM, KMME, KOM, KOME, MAD, MADE, MAK, MAKE, MAT, MATE, MET, METE, MIM, MIME, MTO, MTOE, PEM, PEME, PET, PETE, SBP, SBPE, SEH, TEK, TEKE, TEL, THO, UCK, UCKE, UZB, UZBE",,
10629,ATA 102,ATA,LS,Atatürk İlk & İnkılap Trh II,,Barış Ertem,MED,Pazartesi,10:30/12:29,,75,75,,"BIO, BIOE, BLG, BLGE, CEV, CEVE, CHZ, CHZE, DEN, DENE, ECNE, EHB, EHBE, EHN, ELE, ELH, ELK, ELKE, END, ENDE, EUT, EUTE, FIZ, FIZE, GEM, GEME, GEMK, GEO, GEOE, GID, GIDE, ICM, IML, IMLE, INS, INSE, ISL, ISLE, JDF, JEF, JEFE, JEO, JEOE, KIM, KIME, KMM, KMME, KOM, KOME, MAD, MADE, MAK, MAKE, MAT, MATE, MET, METE, MIM, MIME, MTO, MTOE, PEM, PEME, PET, PETE, SBP, SBPE, SEH, TEK, TEKE, TEL, THO, UCK, UCKE, UZB, UZBE",,
10630,KIM 111L,KIM,LS,Genel Kimya I Lab,,İsmail Yılmaz,FEB,Salı,09:30/11:29,,35,34,,KIM,,
10632,ATA 101,ATA,LS,Atatürk İlk & İnkılap Trh I,,Barış Ertem,MDB,Pazartesi,13:30/15:29,,75,76,,"BIO, BIOE, BLG, BLGE, CEV, CEVE, CHZ, CHZE, DEN, DENE, ECNE, EHB, EHBE, EHN, ELE, ELH, ELK, ELKE, END, ENDE, EUT, EUTE, FIZ, FIZE, GEM, GEME, GEMK, GEO, GEOE, GID, GIDE, ICM, IML, IMLE, INS, INSE, ISL, ISLE, JDF, JEF, JEFE, JEO, JEOE, KIM, KIME, KMM, KMME, KOM, KOME, MAD, MADE, MAK, MAKE, MAT, MATE, MET, METE, MIM, MIME, MTO, MTOE, PEM, PEME, PET, PETE, SBP, SBPE, SEH, TEK, TEKE, TEL, THO, UCK, UCKE, UZB, UZBE",,
10633,KIM 111L,KIM,LS,Genel Kimya I Lab,,Makbule Koçak,FEB,Salı,09:30/11:29,,35,28,,KIM,,
10635,ITB 094E,ITB,LS,International.Rel.and Globali.,,Umut Uzer,MED,Çarşamba,11:30/14:29,,45,44,,"BIO, BIOE, BLG, BLGE, CAB, CEV, CEVE, CHZ, CHZE, DEN, DENE, ECNE, EHB, EHBE, ELE, ELH, ELK, ELKE, END, ENDE, EUT, EUTE, FIZ, FIZE, GEM, GEME, GEMK, GEO, GEOE, GID, GIDE, ICM, IML, IMLE, INS, INSE, ISL, ISLE, JDF, JEF, JEFE, JEO, JEOE, KIM, KIME, KMM, KMME, KMP, KOM, KOME, MAD, MADE, MAK, MAKE, MAT, MATE, MET, METE, MIM, MIME, MTO, MTOE, MTR, MUT, MUZ, MUZE, PEM, PEME, PET, PETE, SBP, SBPE, SES, TEB, TEK, TEKE, TEL, THO, UCK, UCKE, UZB, UZBE",,
10636,ATA 101,ATA,LS,Atatürk İlk & İnkılap Trh I,,Barış Ertem,EEB,Salı,10:30/12:29,,75,76,,"BIO, BIOE, BLG, BLGE, CEV, CEVE, CHZ, CHZE, DEN, DENE, ECNE, EHB, EHBE, EHN, ELE, ELH, ELK, ELKE, END, ENDE, EUT, EUTE, FIZ, FIZE, GEM, GEME, GEMK, GEO, GEOE, GID, GIDE, ICM, IML, IMLE, INS, INSE, ISL, ISLE, JDF, JEF, JEFE, JEO, JEOE, KIM, KIME, KMM, KMME, KOM, KOME, MAD, MADE, MAK, MAKE, MAT, MATE, MET, METE, MIM, MIME, MTO, MTOE, PEM, PEME, PET, PETE, SBP, SBPE, SEH, TEK, TEKE, TEL, THO, UCK, UCKE, UZB, UZBE",,
10637,KIM 113,KIM,LS,Kimyaya Giriş ve Etik,,Barış Yücel,FEB,Çarşamba,13:30/15:29,,80,76,,KIM,,
10639,ATA 101,ATA,LS,Atatürk İlk & İnkılap Trh I,,Barış Ertem,MED,Salı,13:30/15:29,,75,74,,"BIO, BIOE, BLG, BLGE, CEV, CEVE, CHZ, CHZE, DEN, DENE, ECNE, EHB, EHBE, EHN, ELE, ELH, ELK, ELKE, END, ENDE, EUT, EUTE, FIZ, FIZE, GEM, GEME, GEMK, GEO, GEOE, GID, GIDE, ICM, IML, IMLE, INS, INSE, ISL, ISLE, JDF, JEF, JEFE, JEO, JEOE, KIM, KIME, KMM, KMME, KOM, KOME, MAD, MADE, MAK, MAKE, MAT, MATE, MET, METE, MIM, MIME, MTO, MTOE, PEM, PEME, PET, PETE, SBP, SBPE, SEH, TEK, TEKE, TEL, THO, UCK, UCKE, UZB, UZBE",,
10640,ITB 202,ITB,LS,Dünya Tarihi,,Fatma Sel Turhan,MED,Salı,11:30/14:29,,45,45,,"BIO, BLG, CAB, CEV, CHZ, DEN, DUI, EHB, ELE, ELH, ELK, END, EUT, FIZ, GEM, GEO, GID, GMI, ICM, INS, ISL, JDF, JEF, JEO, KIM, KMM, KMP, KOM, MAD, MAK, MAT, MET, MIM, MTO, MTR, MUT, MUZ, PEM, PET, SBP, SES, TEB, TEK, TEL, THO, UCK, UZB",,
10641,ATA 102,ATA,LS,Atatürk İlk & İnkılap Trh II,,Barış Ertem,FEB,Çarşamba,10:30/12:29,,75,72,,"BIO, BIOE, BLG, BLGE, CEV, CEVE, CHZ, CHZE, DEN, DENE, ECNE, EHB, EHBE, EHN, ELE, ELH, ELK, ELKE, END, ENDE, EUT, EUTE, FIZ, FIZE, GEM, GEME, GEMK, GEO, GEOE, GID, GIDE, ICM, IML, IMLE, INS, INSE, ISL, ISLE, JDF, JEF, JEFE, JEO, JEOE, KIM, KIME, KMM, KMME, KOM, KOME, MAD, MADE, MAK, MAKE, MAT, MATE, MET, METE, MIM, MIME, MTO, MTOE, PEM, PEME, PET, PETE, SBP, SBPE, SEH, TEK, TEKE, TEL, THO, UCK, UCKE, UZB, UZBE",,
10643,KIM 114,KIM,LS,Genel Kimya II,,"Zehra Bayır, Ozan Sanlı Şentürk",FEB | FEB,Pazartesi | Çarşamba,11:30/13:29 | 10:30/12:29,,30,21,,KIM,,
10644,ITB 202,ITB,LS,Dünya Tarihi,,Mustafa İnce,MED,Çarşamba,11:30/14:29,,45,40,,"BIO, BLG, CAB, CEV, CHZ, DEN, DUI, EHB, ELE, ELH, ELK, END, EUT, FIZ, GEM, GEO, GID, GMI, ICM, INS, ISL, JDF, JEF, JEO, KIM, KMM, KMP, KOM, MAD, MAK, MAT, MET, MIM, MTO, MTR, MUT, MUZ, PEM, PET, SBP, SES, TEB, TEK, TEL, THO, UCK, UZB",,
10645,ATA 101,ATA,LS,Atatürk İlk & İnkılap Trh I,,Barış Ertem,EEB,Çarşamba,13:30/15:29,,75,75,,"BIO, BIOE, BLG, BLGE, CEV, CEVE, CHZ, CHZE, DEN, DENE, ECNE, EHB, EHBE, EHN, ELE, ELH, ELK, ELKE, END, ENDE, EUT, EUTE, FIZ, FIZE, GEM, GEME, GEMK, GEO, GEOE, GID, GIDE, ICM, IML, IMLE, INS, INSE, ISL, ISLE, JDF, JEF, JEFE, JEO, JEOE, KIM, KIME, KMM, KMME, KOM, KOME, MAD, MADE, MAK, MAKE, MAT, MATE, MET, METE, MIM, MIME, MTO, MTOE, PEM, PEME, PET, PETE, SBP, SBPE, SEH, TEK, TEKE, TEL, THO, UCK, UCKE, UZB, UZBE",,
10647,ATA 101,ATA,LS,Atatürk İlk & İnkılap Trh I,,Sait Kofoğlu,INB,Pazartesi,13:30/15:29,,75,73,,"BIO, BIOE, BLG, BLGE, CEV, CEVE, CHZ, CHZE, DEN, DENE, ECNE, EHB, EHBE, EHN, ELE, ELH, ELK, ELKE, END, ENDE, EUT, EUTE, FIZ, FIZE, GEM, GEME, GEMK, GEO, GEOE, GID, GIDE, ICM, IML, IMLE, INS, INSE, ISL, ISLE, JDF, JEF, JEFE, JEO, JEOE, KIM, KIME, KMM, KMME, KOM, KOME, MAD, MADE, MAK, MAKE, MAT, MATE, MET, METE, MIM, MIME, MTO, MTOE, PEM, PEME, PET, PETE, SBP, SBPE, SEH, TEK, TEKE, TEL, THO, UCK, UCKE, UZB, UZBE",,
10648,ITB 202,ITB,LS,Dünya Tarihi,,Mustafa İnce,MED,Perşembe,11:30/14:29,,45,41,,"BIO, BLG, CAB, CEV, CHZ, DEN, DUI, EHB, ELE, ELH, ELK, END, EUT, FIZ, GEM, GEO, GID, GMI, ICM, INS, ISL, JDF, JEF, JEO, KIM, KMM, KMP, KOM, MAD, MAK, MAT, MET, MIM, MTO, MTR, MUT, MUZ, PEM, PET, SBP, SES, TEB, TEK, TEL, THO, UCK, UZB",,
10649,ATA 102,ATA,LS,Atatürk İlk & İnkılap Trh II,,Sait Kofoğlu,INB,Pazartesi,15:30/17:29,,75,72,,"BIO, BIOE, BLG, BLGE, CEV, CEVE, CHZ, CHZE, DEN, DENE, ECNE, EHB, EHBE, EHN, ELE, ELH, ELK, ELKE, END, ENDE, EUT, EUTE, FIZ, FIZE, GEM, GEME, GEMK, GEO, GEOE, GID, GIDE, ICM, IML, IMLE, INS, INSE, ISL, ISLE, JDF, JEF, JEFE, JEO, JEOE, KIM, KIME, KMM, KMME, KOM, KOME, MAD, MADE, MAK, MAKE, MAT, MATE, MET, METE, MIM, MIME, MTO, MTOE, PEM, PEME, PET, PETE, SBP, SBPE, SEH, TEK, TEKE, TEL, THO, UCK, UCKE, UZB, UZBE",,
10650,FRA 102,FRA,LS,Fransızca II,,Hilal Küçük,DIB,Pazartesi,08:30/12:29,,20,13,,Tüm Lisans ve Lisansüstü Programlar,,
10652,ATA 101,ATA,LS,Atatürk İlk & İnkılap Trh I,,Sait Kofoğlu,MKB,Salı,13:30/15:29,,75,76,,"BIO, BIOE, BLG, BLGE, CEV, CEVE, CHZ, CHZE, DEN, DENE, ECNE, EHB, EHBE, EHN, ELE, ELH, ELK, ELKE, END, ENDE, EUT, EUTE, FIZ, FIZE, GEM, GEME, GEMK, GEO, GEOE, GID, GIDE, ICM, IML, IMLE, INS, INSE, ISL, ISLE, JDF, JEF, JEFE, JEO, JEOE, KIM, KIME, KMM, KMME, KOM, KOME, MAD, MADE, MAK, MAKE, MAT, MATE, MET, METE, MIM, MIME, MTO, MTOE, PEM, PEME, PET, PETE, SBP, SBPE, SEH, TEK, TEKE, TEL, THO, UCK, UCKE, UZB, UZBE",,
10653,KIM 114L,KIM,LS,Genel Kimya II Lab.,,"Zehra Bayır, Ozan Sanlı Şentürk",FEB,Pazartesi,13:30/16:29,,30,22,,KIM,,
10654,ATA 102,ATA,LS,Atatürk İlk & İnkılap Trh II,,Sait Kofoğlu,MKB,Salı,15:30/17:29,,75,75,,"BIO, BIOE, BLG, BLGE, CEV, CEVE, CHZ, CHZE, DEN, DENE, ECNE, EHB, EHBE, EHN, ELE, ELH, ELK, ELKE, END, ENDE, EUT, EUTE, FIZ, FIZE, GEM, GEME, GEMK, GEO, GEOE, GID, GIDE, ICM, IML, IMLE, INS, INSE, ISL, ISLE, JDF, JEF, JEFE, JEO, JEOE, KIM, KIME, KMM, KMME, KOM, KOME, MAD, MADE, MAK, MAKE, MAT, MATE, MET, METE, MIM, MIME, MTO, MTOE, PEM, PEME, PET, PETE, SBP, SBPE, SEH, TEK, TEKE, TEL, THO, UCK, UCKE, UZB, UZBE",,
10655,ITB 202E,ITB,LS,World History,,Ebubekir Ceylan,MED,Çarşamba,08:30/11:29,,45,43,,"BIO, BIOE, BLG, BLGE, CAB, CEV, CEVE, CHZ, CHZE, DEN, DENE, DUI, ECNE, EHB, EHBE, ELE, ELH, ELK, ELKE, END, ENDE, EUT, EUTE, FIZ, FIZE, GEM, GEME, GEMK, GEO, GEOE, GID, GIDE, ICM, IML, IMLE, INS, INSE, ISL, ISLE, JDF, JEF, JEFE, JEO, JEOE, KIM, KIME, KMM, KMME, KMP, KOM, KOME, MAD, MADE, MAK, MAKE, MAT, MATE, MET, METE, MIM, MIME, MTO, MTOE, MTR, MUT, MUZ, MUZE, PEM, PEME, PET, PETE, SBP, SBPE, SES, TEB, TEK, TEKE, TEL, THO, UCK, UCKE, UZB, UZBE",,
10656,FRA 101,FRA,LS,Fransızca I,,Hilal Küçük,DIB,Salı,08:30/12:29,,25,26,,Tüm Lisans ve Lisansüstü Programlar,,
10657,ATA 101,ATA,LS,Atatürk İlk & İnkılap Trh I,,Sait Kofoğlu,MED,Çarşamba,10:30/12:29,,75,76,,"BIO, BIOE, BLG, BLGE, CEV, CEVE, CHZ, CHZE, DEN, DENE, ECNE, EHB, EHBE, EHN, ELE, ELH, ELK, ELKE, END, ENDE, EUT, EUTE, FIZ, FIZE, GEM, GEME, GEMK, GEO, GEOE, GID, GIDE, ICM, IML, IMLE, INS, INSE, ISL, ISLE, JDF, JEF, JEFE, JEO, JEOE, KIM, KIME, KMM, KMME, KOM, KOME, MAD, MADE, MAK, MAKE, MAT, MATE, MET, METE, MIM, MIME, MTO, MTOE, PEM, PEME, PET, PETE, SBP, SBPE, SEH, TEK, TEKE, TEL, THO, UCK, UCKE, UZB, UZBE",,
10658,KIM 202,KIM,LS,Fiziksel Kimya,,"Esma Sezer, Bahire Filiz Şenkal",FEB,Pazartesi,14:30/17:29,,40,39,,"BIO, CEV, CHZ, DEN, ELE, ELH, ELK, GEM, GID, INS, JEO, KIMM, KMM, KMMM, KYD, MAD, MET, PET, TEL",,
10659,FRA 101,FRA,LS,Fransızca I,,Hilal Küçük,DIB,Cuma,08:30/12:29,,25,25,,Tüm Lisans ve Lisansüstü Programlar,,
10660,ITB 203,ITB,LS,Sosyoloji,,Ebru Belgin Yetişkin,MED,Çarşamba,08:30/11:29,,35,33,,"BIO, BLG, CAB, CEV, CHZ, DEN, DUI, EHB, ELE, ELH, ELK, END, EUT, FIZ, GEM, GEO, GID, GMI, ICM, INS, ISL, JDF, JEF, JEO, KIM, KMM, KMP, KOM, MAD, MAK, MAT, MET, MIM, MTO, MTR, MUT, MUZ, PEM, PET, SBP, SES, TEB, TEK, TEL, THO, UCK, UZB",,
10661,ATA 102,ATA,LS,Atatürk İlk & İnkılap Trh II,,Sait Kofoğlu,MED,Çarşamba,13:30/15:29,,75,74,,"BIO, BIOE, BLG, BLGE, CEV, CEVE, CHZ, CHZE, DEN, DENE, ECNE, EHB, EHBE, EHN, ELE, ELH, ELK, ELKE, END, ENDE, EUT, EUTE, FIZ, FIZE, GEM, GEME, GEMK, GEO, GEOE, GID, GIDE, ICM, IML, IMLE, INS, INSE, ISL, ISLE, JDF, JEF, JEFE, JEO, JEOE, KIM, KIME, KMM, KMME, KOM, KOME, MAD, MADE, MAK, MAKE, MAT, MATE, MET, METE, MIM, MIME, MTO, MTOE, PEM, PEME, PET, PETE, SBP, SBPE, SEH, TEK, TEKE, TEL, THO, UCK, UCKE, UZB, UZBE",,
10662,FRA 102,FRA,LS,Fransızca II,,Hilal Küçük,DIB,Perşembe,13:30/17:29,,20,19,,Tüm Lisans ve Lisansüstü Programlar,,
10663,ITB 203,ITB,LS,Sosyoloji,,Ebru Belgin Yetişkin,MED,Perşembe,14:30/17:29,,35,35,,"BIO, BLG, CAB, CEV, CHZ, DEN, DUI, EHB, ELE, ELH, ELK, END, EUT, FIZ, GEM, GEO, GID, GMI, ICM, INS, ISL, JDF, JEF, JEO, KIM, KMM, KMP, KOM, MAD, MAK, MAT, MET, MIM, MTO, MTR, MUT, MUZ, PEM, PET, SBP, SES, TEB, TEK, TEL, THO, UCK, UZB",,
10664,KIM 202E,KIM,LS,Physical Chemistry,,Orhan Güney,FEB,Pazartesi,14:30/17:29,,35,33,,"BIOE, CEV, CEVE, CHZE, DENE, ELKE, GEME, GEMK, GIDE, INS, INSE, JEOE, KMM, KMME, MADE, METE, PETE",,
10665,ITB 203,ITB,LS,Sosyoloji,,Özge Atalay Çelik,MED,Çarşamba,11:30/14:29,,35,33,,"BIO, BLG, CAB, CEV, CHZ, DEN, DUI, EHB, ELE, ELH, ELK, END, EUT, FIZ, GEM, GEO, GID, GMI, ICM, INS, ISL, JDF, JEF, JEO, KIM, KMM, KMP, KOM, MAD, MAK, MAT, MET, MIM, MTO, MTR, MUT, MUZ, PEM, PET, SBP, SES, TEB, TEK, TEL, THO, UCK, UZB",,
10666,FRA 101,FRA,LS,Fransızca I,,Yelda Tavukçuoğlu,DIB,Çarşamba,08:30/12:29,,25,22,,Tüm Lisans ve Lisansüstü Programlar,,
10667,FRA 201,FRA,LS,Fransızca III,,Yelda Tavukçuoğlu,DIB,Cuma,08:30/12:29,,20,11,,Tüm Lisans ve Lisansüstü Programlar,,
10668,KIM 202E,KIM,LS,Physical Chemistry,,"Erdem Yavuz, Argun Talat Gökçeören",FEB,Pazartesi,14:30/17:29,,35,34,,"BIOE, CEV, CEVE, CHZE, DENE, ELKE, GEME, GEMK, GIDE, INS, INSE, JEOE, KMM, KMME, MADE, METE, PETE",,
10669,ITB 203,ITB,LS,Sosyoloji,,Özge Atalay Çelik,MED,Perşembe,11:30/14:29,,35,28,,"BIO, BLG, CAB, CEV, CHZ, DEN, DUI, EHB, ELE, ELH, ELK, END, EUT, FIZ, GEM, GEO, GID, GMI, ICM, INS, ISL, JDF, JEF, JEO, KIM, KMM, KMP, KOM, MAD, MAK, MAT, MET, MIM, MTO, MTR, MUT, MUZ, PEM, PET, SBP, SES, TEB, TEK, TEL, THO, UCK, UZB",,
10670,FRA 201,FRA,LS,Fransızca III,,Yelda Tavukçuoğlu,DIB,Salı,13:30/17:29,,20,13,,Tüm Lisans ve Lisansüstü Programlar,,
10671,ITB 203,ITB,LS,Sosyoloji,,Özge Atalay Çelik,MED,Perşembe,14:30/17:29,,35,24,,"BIO, BLG, CAB, CEV, CHZ, DEN, DUI, EHB, ELE, ELH, ELK, END, EUT, FIZ, GEM, GEO, GID, GMI, ICM, INS, ISL, JDF, JEF, JEO, KIM, KMM, KMP, KOM, MAD, MAK, MAT, MET, MIM, MTO, MTR, MUT, MUZ, PEM, PET, SBP, SES, TEB, TEK, TEL, THO, UCK, UZB",,
10672,ITB 205E,ITB,LS,Philosophy,,Kerem Eksen,FEB,Cuma,14:30/17:29,,45,42,,"BIO, BIOE, BLG, BLGE, CAB, CEV, CEVE, CHZ, CHZE, DEN, DENE, ECNE, EHB, EHBE, ELE, ELH, ELK, ELKE, END, ENDE, EUT, EUTE, FIZ, FIZE, GEM, GEME, GEMK, GEO, GEOE, GID, GIDE, GMI, GMIE, ICM, IML, IMLE, INS, INSE, ISL, ISLE, JDF, JEF, JEFE, JEO, JEOE, KIM, KIME, KMM, KMME, KMP, KOM, KOME, MAD, MADE, MAK, MAKE, MAT, MATE, MET, METE, MIM, MIME, MTO, MTOE, MTR, MUT, MUZ, MUZE, PEM, PEME, PET, PETE, SBP, SBPE, SES, TEB, TEK, TEKE, TEL, THO, UCK, UCKE, UZB, UZBE",,
10673,FRA 101,FRA,LS,Fransızca I,,Ebru Yücetin Er,DIB,Perşembe,08:30/12:29,,25,25,,Tüm Lisans ve Lisansüstü Programlar,,
10674,KIM 202EL,KIM,LS,Physical Chemistry Lab,,"Esma Sezer, Bahire Filiz Şenkal, Orhan Güney",FEB,Cuma,09:30/11:29,,40,21,,"KMM, KMME, PET",,
10675,ITB 206,ITB,LS,Dünya Politikasında Meseleler,,Doğan Gürpınar,MED,Perşembe,08:30/11:29,,35,34,,"BIO, BLG, CAB, CEV, CHZ, DEN, DUI, EHB, ELE, ELH, ELK, END, EUT, FIZ, GEM, GEO, GID, ICM, INS, ISL, JDF, JEF, JEO, KIM, KMM, KMP, KOM, MAD, MAK, MAT, MET, MIM, MTO, MTR, MUT, MUZ, PEM, PET, SBP, SES, TEB, TEK, TEL, THO, UCK, UZB",,
10676,FRA 102,FRA,LS,Fransızca II,,Ebru Yücetin Er,DIB,Salı,08:30/12:29,,20,20,,Tüm Lisans ve Lisansüstü Programlar,,
10677,FRA 202,FRA,LS,Fransızca IV,,Ebru Yücetin Er,DIB,Cuma,08:30/12:29,,20,18,,Tüm Lisans ve Lisansüstü Programlar,,
10678,ITB 206,ITB,LS,Dünya Politikasında Meseleler,,Doğan Gürpınar,MED,Perşembe,14:30/17:29,,35,33,,"BIO, BLG, CAB, CEV, CHZ, DEN, DUI, EHB, ELE, ELH, ELK, END, EUT, FIZ, GEM, GEO, GID, ICM, INS, ISL, JDF, JEF, JEO, KIM, KMM, KMP, KOM, MAD, MAK, MAT, MET, MIM, MTO, MTR, MUT, MUZ, PEM, PET, SBP, SES, TEB, TEK, TEL, THO, UCK, UZB",,
10679,ATA 101,ATA,LS,Atatürk İlk & İnkılap Trh I,,Sait Kofoğlu,INB,Perşembe,10:30/12:29,,75,74,,"BIO, BIOE, BLG, BLGE, CEV, CEVE, CHZ, CHZE, DEN, DENE, ECNE, EHB, EHBE, EHN, ELE, ELH, ELK, ELKE, END, ENDE, EUT, EUTE, FIZ, FIZE, GEM, GEME, GEMK, GEO, GEOE, GID, GIDE, ICM, IML, IMLE, INS, INSE, ISL, ISLE, JDF, JEF, JEFE, JEO, JEOE, KIM, KIME, KMM, KMME, KOM, KOME, MAD, MADE, MAK, MAKE, MAT, MATE, MET, METE, MIM, MIME, MTO, MTOE, PEM, PEME, PET, PETE, SBP, SBPE, SEH, TEK, TEKE, TEL, THO, UCK, UCKE, UZB, UZBE",,
10680,ATA 102,ATA,LS,Atatürk İlk & İnkılap Trh II,,Sait Kofoğlu,INB,Perşembe,13:30/15:29,,75,73,,"BIO, BIOE, BLG, BLGE, CEV, CEVE, CHZ, CHZE, DEN, DENE, ECNE, EHB, EHBE, EHN, ELE, ELH, ELK, ELKE, END, ENDE, EUT, EUTE, FIZ, FIZE, GEM, GEME, GEMK, GEO, GEOE, GID, GIDE, ICM, IML, IMLE, INS, INSE, ISL, ISLE, JDF, JEF, JEFE, JEO, JEOE, KIM, KIME, KMM, KMME, KOM, KOME, MAD, MADE, MAK, MAKE, MAT, MATE, MET, METE, MIM, MIME, MTO, MTOE, PEM, PEME, PET, PETE, SBP, SBPE, SEH, TEK, TEKE, TEL, THO, UCK, UCKE, UZB, UZBE",,
10681,ATA 101,ATA,LS,Atatürk İlk & İnkılap Trh I,,Sait Kofoğlu,INB,Perşembe,15:30/17:29,,75,72,,"BIO, BIOE, BLG, BLGE, CEV, CEVE, CHZ, CHZE, DEN, DENE, ECNE, EHB, EHBE, EHN, ELE, ELH, ELK, ELKE, END, ENDE, EUT, EUTE, FIZ, FIZE, GEM, GEME, GEMK, GEO, GEOE, GID, GIDE, ICM, IML, IMLE, INS, INSE, ISL, ISLE, JDF, JEF, JEFE, JEO, JEOE, KIM, KIME, KMM, KMME, KOM, KOME, MAD, MADE, MAK, MAKE, MAT, MATE, MET, METE, MIM, MIME, MTO, MTOE, PEM, PEME, PET, PETE, SBP, SBPE, SEH, TEK, TEKE, TEL, THO, UCK, UCKE, UZB, UZBE",,
10682,KIM 203,KIM,LS,Analitik Kimya,,Gülçin Yılmaz,FEB,Pazartesi,14:30/17:29,,30,29,,"BIO, CHZ, DEN, ELE, ELH, ELK, GEM, JEO, MAD, MET, PET, TEL",,
10683,FRA 101,FRA,LS,Fransızca I,,Ebru Yücetin Er,DIB,Pazartesi,13:30/17:29,,25,26,,Tüm Lisans ve Lisansüstü Programlar,,
10684,ITB 206,ITB,LS,Dünya Politikasında Meseleler,,Stefo Benlisoy,MED,Cuma,08:30/11:29,,35,35,,"BIO, BLG, CAB, CEV, CHZ, DEN, DUI, EHB, ELE, ELH, ELK, END, EUT, FIZ, GEM, GEO, GID, ICM, INS, ISL, JDF, JEF, JEO, KIM, KMM, KMP, KOM, MAD, MAK, MAT, MET, MIM, MTO, MTR, MUT, MUZ, PEM, PET, SBP, SES, TEB, TEK, TEL, THO, UCK, UZB",,
10685,ATA 101,ATA,LS,Atatürk İlk & İnkılap Trh I,,İsmail Kandil,INB,Pazartesi,08:30/10:29,,75,75,,"BIO, BIOE, BLG, BLGE, CEV, CEVE, CHZ, CHZE, DEN, DENE, ECNE, EHB, EHBE, EHN, ELE, ELH, ELK, ELKE, END, ENDE, EUT, EUTE, FIZ, FIZE, GEM, GEME, GEMK, GEO, GEOE, GID, GIDE, ICM, IML, IMLE, INS, INSE, ISL, ISLE, JDF, JEF, JEFE, JEO, JEOE, KIM, KIME, KMM, KMME, KOM, KOME, MAD, MADE, MAK, MAKE, MAT, MATE, MET, METE, MIM, MIME, MTO, MTOE, PEM, PEME, PET, PETE, SBP, SBPE, SEH, TEK, TEKE, TEL, THO, UCK, UCKE, UZB, UZBE",,
10686,ATA 101,ATA,LS,Atatürk İlk & İnkılap Trh I,,İsmail Kandil,EEB,Pazartesi,14:30/16:29,,75,75,,"BIO, BIOE, BLG, BLGE, CEV, CEVE, CHZ, CHZE, DEN, DENE, ECNE, EHB, EHBE, EHN, ELE, ELH, ELK, ELKE, END, ENDE, EUT, EUTE, FIZ, FIZE, GEM, GEME, GEMK, GEO, GEOE, GID, GIDE, ICM, IML, IMLE, INS, INSE, ISL, ISLE, JDF, JEF, JEFE, JEO, JEOE, KIM, KIME, KMM, KMME, KOM, KOME, MAD, MADE, MAK, MAKE, MAT, MATE, MET, METE, MIM, MIME, MTO, MTOE, PEM, PEME, PET, PETE, SBP, SBPE, SEH, TEK, TEKE, TEL, THO, UCK, UCKE, UZB, UZBE",,
10687,ITB 206,ITB,LS,Dünya Politikasında Meseleler,,Stefo Benlisoy,MED,Cuma,14:30/17:29,,35,31,,"BIO, BLG, CAB, CEV, CHZ, DEN, DUI, EHB, ELE, ELH, ELK, END, EUT, FIZ, GEM, GEO, GID, ICM, INS, ISL, JDF, JEF, JEO, KIM, KMM, KMP, KOM, MAD, MAK, MAT, MET, MIM, MTO, MTR, MUT, MUZ, PEM, PET, SBP, SES, TEB, TEK, TEL, THO, UCK, UZB",,
10688,ATA 101,ATA,LS,Atatürk İlk & İnkılap Trh I,,İsmail Kandil,INB,Salı,08:30/10:29,,75,76,,"BIO, BIOE, BLG, BLGE, CEV, CEVE, CHZ, CHZE, DEN, DENE, ECNE, EHB, EHBE, EHN, ELE, ELH, ELK, ELKE, END, ENDE, EUT, EUTE, FIZ, FIZE, GEM, GEME, GEMK, GEO, GEOE, GID, GIDE, ICM, IML, IMLE, INS, INSE, ISL, ISLE, JDF, JEF, JEFE, JEO, JEOE, KIM, KIME, KMM, KMME, KOM, KOME, MAD, MADE, MAK, MAKE, MAT, MATE, MET, METE, MIM, MIME, MTO, MTOE, PEM, PEME, PET, PETE, SBP, SBPE, SEH, TEK, TEKE, TEL, THO, UCK, UCKE, UZB, UZBE",,
10690,ATA 101,ATA,LS,Atatürk İlk & İnkılap Trh I,,İsmail Kandil,INB,Salı,10:30/12:29,,75,76,,"BIO, BIOE, BLG, BLGE, CEV, CEVE, CHZ, CHZE, DEN, DENE, ECNE, EHB, EHBE, EHN, ELE, ELH, ELK, ELKE, END, ENDE, EUT, EUTE, FIZ, FIZE, GEM, GEME, GEMK, GEO, GEOE, GID, GIDE, ICM, IML, IMLE, INS, INSE, ISL, ISLE, JDF, JEF, JEFE, JEO, JEOE, KIM, KIME, KMM, KMME, KOM, KOME, MAD, MADE, MAK, MAKE, MAT, MATE, MET, METE, MIM, MIME, MTO, MTOE, PEM, PEME, PET, PETE, SBP, SBPE, SEH, TEK, TEKE, TEL, THO, UCK, UCKE, UZB, UZBE",,
10691,ATA 101,ATA,LS,Atatürk İlk & İnkılap Trh I,,İsmail Kandil,INB,Perşembe,08:30/10:29,,75,77,,"BIO, BIOE, BLG, BLGE, CEV, CEVE, CHZ, CHZE, DEN, DENE, ECNE, EHB, EHBE, EHN, ELE, ELH, ELK, ELKE, END, ENDE, EUT, EUTE, FIZ, FIZE, GEM, GEME, GEMK, GEO, GEOE, GID, GIDE, ICM, IML, IMLE, INS, INSE, ISL, ISLE, JDF, JEF, JEFE, JEO, JEOE, KIM, KIME, KMM, KMME, KOM, KOME, MAD, MADE, MAK, MAKE, MAT, MATE, MET, METE, MIM, MIME, MTO, MTOE, PEM, PEME, PET, PETE, SBP, SBPE, SEH, TEK, TEKE, TEL, THO, UCK, UCKE, UZB, UZBE",,
10692,ATA 102,ATA,LS,Atatürk İlk & İnkılap Trh II,,İsmail Kandil,INB,Perşembe,10:30/12:29,,75,76,,"BIO, BIOE, BLG, BLGE, CEV, CEVE, CHZ, CHZE, DEN, DENE, ECNE, EHB, EHBE, EHN, ELE, ELH, ELK, ELKE, END, ENDE, EUT, EUTE, FIZ, FIZE, GEM, GEME, GEMK, GEO, GEOE, GID, GIDE, ICM, IML, IMLE, INS, INSE, ISL, ISLE, JDF, JEF, JEFE, JEO, JEOE, KIM, KIME, KMM, KMME, KOM, KOME, MAD, MADE, MAK, MAKE, MAT, MATE, MET, METE, MIM, MIME, MTO, MTOE, PEM, PEME, PET, PETE, SBP, SBPE, SEH, TEK, TEKE, TEL, THO, UCK, UCKE, UZB, UZBE",,
10693,ATA 101,ATA,LS,Atatürk İlk & İnkılap Trh I,,Burcu Kurt Yöney,DZB,Perşembe,10:30/12:29,,70,68,,"DUI, DUIE, GMI, GMIE",,
10694,ATA 101,ATA,LS,Atatürk İlk & İnkılap Trh I,,Burcu Kurt Yöney,DZB,Perşembe,13:30/15:29,,70,45,,"DUI, DUIE, GMI, GMIE",,
10695,ATA 101,ATA,LS,Atatürk İlk & İnkılap Trh I,,Pelin Helvacı,DZB,Çarşamba,13:30/15:29,,30,8,,"SDU, SGM",,
10697,ATA 102,ATA,LS,Atatürk İlk & İnkılap Trh II,,Burcu Kurt Yöney,INB,Çarşamba,10:30/12:29,,75,74,,"BIO, BIOE, BLG, BLGE, CEV, CEVE, CHZ, CHZE, DEN, DENE, ECNE, EHB, EHBE, EHN, ELE, ELH, ELK, ELKE, END, ENDE, EUT, EUTE, FIZ, FIZE, GEM, GEME, GEMK, GEO, GEOE, GID, GIDE, ICM, IML, IMLE, INS, INSE, ISL, ISLE, JDF, JEF, JEFE, JEO, JEOE, KIM, KIME, KMM, KMME, KOM, KOME, MAD, MADE, MAK, MAKE, MAT, MATE, MET, METE, MIM, MIME, MTO, MTOE, PEM, PEME, PET, PETE, SBP, SBPE, SEH, TEK, TEKE, TEL, THO, UCK, UCKE, UZB, UZBE",,
10698,KIM 203E,KIM,LS,Analytical Chemistry,,Ferah Çalışır,FEB,Pazartesi,14:30/17:29,,38,39,,"BIO, BIOE, CHZ, CHZE, DEN, DENE, ELE, ELH, ELK, ELKE, GEM, GEME, GEMK, JEO, JEOE, MAD, MADE, MET, METE, PET, PETE, TEL",,
10699,ATA 101,ATA,LS,Atatürk İlk & İnkılap Trh I,,Burcu Kurt Yöney,INB,Çarşamba,13:30/15:29,,75,77,,"BIO, BIOE, BLG, BLGE, CEV, CEVE, CHZ, CHZE, DEN, DENE, ECNE, EHB, EHBE, EHN, ELE, ELH, ELK, ELKE, END, ENDE, EUT, EUTE, FIZ, FIZE, GEM, GEME, GEMK, GEO, GEOE, GID, GIDE, ICM, IML, IMLE, INS, INSE, ISL, ISLE, JDF, JEF, JEFE, JEO, JEOE, KIM, KIME, KMM, KMME, KOM, KOME, MAD, MADE, MAK, MAKE, MAT, MATE, MET, METE, MIM, MIME, MTO, MTOE, PEM, PEME, PET, PETE, SBP, SBPE, SEH, TEK, TEKE, TEL, THO, UCK, UCKE, UZB, UZBE",,
10700,ITB 207,ITB,LS,Osmanlı Tarihi,,Mustafa İnce,MED,Salı,11:30/14:29,,45,17,,"BIO, BLG, CAB, CEV, CHZ, DEN, DUI, EHB, ELE, ELH, ELK, END, EUT, FIZ, GEM, GEO, GID, ICM, INS, ISL, JDF, JEF, JEO, KIM, KMM, KMP, KOM, MAD, MAK, MAT, MET, MIM, MTO, MTR, MUT, MUZ, PEM, PET, SBP, SES, TEB, TEK, TEL, THO, UCK, UZB",,
10703,ATA 101,ATA,LS,Atatürk İlk & İnkılap Trh I,,Necdet Öz,INB,Çarşamba,08:30/10:29,,75,74,,"BIO, BIOE, BLG, BLGE, CEV, CEVE, CHZ, CHZE, DEN, DENE, ECNE, EHB, EHBE, EHN, ELE, ELH, ELK, ELKE, END, ENDE, EUT, EUTE, FIZ, FIZE, GEM, GEME, GEMK, GEO, GEOE, GID, GIDE, ICM, IML, IMLE, INS, INSE, ISL, ISLE, JDF, JEF, JEFE, JEO, JEOE, KIM, KIME, KMM, KMME, KOM, KOME, MAD, MADE, MAK, MAKE, MAT, MATE, MET, METE, MIM, MIME, MTO, MTOE, PEM, PEME, PET, PETE, SBP, SBPE, SEH, TEK, TEKE, TEL, THO, UCK, UCKE, UZB, UZBE",,
10704,KIM 203E,KIM,LS,Analytical Chemistry,,"Sevgi Güney, Seden Beyhan",KMB | KMB,Pazartesi | Pazartesi,14:30/15:29 | 15:30/17:29,,38,39,,"BIO, BIOE, CHZ, CHZE, DEN, DENE, ELE, ELH, ELK, ELKE, GEM, GEME, GEMK, JEO, JEOE, MAD, MADE, MET, METE, PET, PETE, TEL",,
10705,ATA 101,ATA,LS,Atatürk İlk & İnkılap Trh I,,Necdet Öz,INB,Çarşamba,10:30/12:29,,75,75,,"BIO, BIOE, BLG, BLGE, CEV, CEVE, CHZ, CHZE, DEN, DENE, ECNE, EHB, EHBE, EHN, ELE, ELH, ELK, ELKE, END, ENDE, EUT, EUTE, FIZ, FIZE, GEM, GEME, GEMK, GEO, GEOE, GID, GIDE, ICM, IML, IMLE, INS, INSE, ISL, ISLE, JDF, JEF, JEFE, JEO, JEOE, KIM, KIME, KMM, KMME, KOM, KOME, MAD, MADE, MAK, MAKE, MAT, MATE, MET, METE, MIM, MIME, MTO, MTOE, PEM, PEME, PET, PETE, SBP, SBPE, SEH, TEK, TEKE, TEL, THO, UCK, UCKE, UZB, UZBE",,
10706,ATA 101,ATA,LS,Atatürk İlk & İnkılap Trh I,,Necdet Öz,INB,Çarşamba,13:30/15:29,,75,76,,"BIO, BIOE, BLG, BLGE, CEV, CEVE, CHZ, CHZE, DEN, DENE, ECNE, EHB, EHBE, EHN, ELE, ELH, ELK, ELKE, END, ENDE, EUT, EUTE, FIZ, FIZE, GEM, GEME, GEMK, GEO, GEOE, GID, GIDE, ICM, IML, IMLE, INS, INSE, ISL, ISLE, JDF, JEF, JEFE, JEO, JEOE, KIM, KIME, KMM, KMME, KOM, KOME, MAD, MADE, MAK, MAKE, MAT, MATE, MET, METE, MIM, MIME, MTO, MTOE, PEM, PEME, PET, PETE, SBP, SBPE, SEH, TEK, TEKE, TEL, THO, UCK, UCKE, UZB, UZBE",,
10708,ATA 102,ATA,LS,Atatürk İlk & İnkılap Trh II,,Necdet Öz,INB,Cuma,08:30/10:29,,75,75,,"BIO, BIOE, BLG, BLGE, CEV, CEVE, CHZ, CHZE, DEN, DENE, ECNE, EHB, EHBE, EHN, ELE, ELH, ELK, ELKE, END, ENDE, EUT, EUTE, FIZ, FIZE, GEM, GEME, GEMK, GEO, GEOE, GID, GIDE, ICM, IML, IMLE, INS, INSE, ISL, ISLE, JDF, JEF, JEFE, JEO, JEOE, KIM, KIME, KMM, KMME, KOM, KOME, MAD, MADE, MAK, MAKE, MAT, MATE, MET, METE, MIM, MIME, MTO, MTOE, PEM, PEME, PET, PETE, SBP, SBPE, SEH, TEK, TEKE, TEL, THO, UCK, UCKE, UZB, UZBE",,
10710,ATA 102,ATA,LS,Atatürk İlk & İnkılap Trh II,,Necdet Öz,INB,Cuma,10:30/12:29,,75,73,,"BIO, BIOE, BLG, BLGE, CEV, CEVE, CHZ, CHZE, DEN, DENE, ECNE, EHB, EHBE, EHN, ELE, ELH, ELK, ELKE, END, ENDE, EUT, EUTE, FIZ, FIZE, GEM, GEME, GEMK, GEO, GEOE, GID, GIDE, ICM, IML, IMLE, INS, INSE, ISL, ISLE, JDF, JEF, JEFE, JEO, JEOE, KIM, KIME, KMM, KMME, KOM, KOME, MAD, MADE, MAK, MAKE, MAT, MATE, MET, METE, MIM, MIME, MTO, MTOE, PEM, PEME, PET, PETE, SBP, SBPE, SEH, TEK, TEKE, TEL, THO, UCK, UCKE, UZB, UZBE",,
10711,ATA 101,ATA,LS,Atatürk İlk & İnkılap Trh I,,Necdet Öz,INB,Cuma,14:30/16:29,,75,75,,"BIO, BIOE, BLG, BLGE, CEV, CEVE, CHZ, CHZE, DEN, DENE, ECNE, EHB, EHBE, EHN, ELE, ELH, ELK, ELKE, END, ENDE, EUT, EUTE, FIZ, FIZE, GEM, GEME, GEMK, GEO, GEOE, GID, GIDE, ICM, IML, IMLE, INS, INSE, ISL, ISLE, JDF, JEF, JEFE, JEO, JEOE, KIM, KIME, KMM, KMME, KOM, KOME, MAD, MADE, MAK, MAKE, MAT, MATE, MET, METE, MIM, MIME, MTO, MTOE, PEM, PEME, PET, PETE, SBP, SBPE, SEH, TEK, TEKE, TEL, THO, UCK, UCKE, UZB, UZBE",,
10713,ITB 207,ITB,LS,Osmanlı Tarihi,,Kadir Kon,MED,Çarşamba,11:30/14:29,,45,25,,"BIO, BLG, CAB, CEV, CHZ, DEN, DUI, EHB, ELE, ELH, ELK, END, EUT, FIZ, GEM, GEO, GID, ICM, INS, ISL, JDF, JEF, JEO, KIM, KMM, KMP, KOM, MAD, MAK, MAT, MET, MIM, MTO, MTR, MUT, MUZ, PEM, PET, SBP, SES, TEB, TEK, TEL, THO, UCK, UZB",,
10714,ATA 101,ATA,LS,Atatürk İlk & İnkılap Trh I,,Yusuf Ziya Altıntaş,INB,Pazartesi,08:30/10:29,,75,73,,"BIO, BIOE, BLG, BLGE, CEV, CEVE, CHZ, CHZE, DEN, DENE, ECNE, EHB, EHBE, EHN, ELE, ELH, ELK, ELKE, END, ENDE, EUT, EUTE, FIZ, FIZE, GEM, GEME, GEMK, GEO, GEOE, GID, GIDE, ICM, IML, IMLE, INS, INSE, ISL, ISLE, JDF, JEF, JEFE, JEO, JEOE, KIM, KIME, KMM, KMME, KOM, KOME, MAD, MADE, MAK, MAKE, MAT, MATE, MET, METE, MIM, MIME, MTO, MTOE, PEM, PEME, PET, PETE, SBP, SBPE, SEH, TEK, TEKE, TEL, THO, UCK, UCKE, UZB, UZBE",,
10715,ATA 101,ATA,LS,Atatürk İlk & İnkılap Trh I,,Yusuf Ziya Altıntaş,EEB,Pazartesi,14:30/16:29,,75,74,,"BIO, BIOE, BLG, BLGE, CEV, CEVE, CHZ, CHZE, DEN, DENE, ECNE, EHB, EHBE, EHN, ELE, ELH, ELK, ELKE, END, ENDE, EUT, EUTE, FIZ, FIZE, GEM, GEME, GEMK, GEO, GEOE, GID, GIDE, ICM, IML, IMLE, INS, INSE, ISL, ISLE, JDF, JEF, JEFE, JEO, JEOE, KIM, KIME, KMM, KMME, KOM, KOME, MAD, MADE, MAK, MAKE, MAT, MATE, MET, METE, MIM, MIME, MTO, MTOE, PEM, PEME, PET, PETE, SBP, SBPE, SEH, TEK, TEKE, TEL, THO, UCK, UCKE, UZB, UZBE",,
10716,ITB 207,ITB,LS,Osmanlı Tarihi,,Kadir Kon,MED,Perşembe,11:30/14:29,,45,7,,"BIO, BLG, CAB, CEV, CHZ, DEN, DUI, EHB, ELE, ELH, ELK, END, EUT, FIZ, GEM, GEO, GID, ICM, INS, ISL, JDF, JEF, JEO, KIM, KMM, KMP, KOM, MAD, MAK, MAT, MET, MIM, MTO, MTR, MUT, MUZ, PEM, PET, SBP, SES, TEB, TEK, TEL, THO, UCK, UZB",,
10717,ATA 102,ATA,LS,Atatürk İlk & İnkılap Trh II,,Yusuf Ziya Altıntaş,INB,Salı,08:30/10:29,,75,75,,"BIO, BIOE, BLG, BLGE, CEV, CEVE, CHZ, CHZE, DEN, DENE, ECNE, EHB, EHBE, EHN, ELE, ELH, ELK, ELKE, END, ENDE, EUT, EUTE, FIZ, FIZE, GEM, GEME, GEMK, GEO, GEOE, GID, GIDE, ICM, IML, IMLE, INS, INSE, ISL, ISLE, JDF, JEF, JEFE, JEO, JEOE, KIM, KIME, KMM, KMME, KOM, KOME, MAD, MADE, MAK, MAKE, MAT, MATE, MET, METE, MIM, MIME, MTO, MTOE, PEM, PEME, PET, PETE, SBP, SBPE, SEH, TEK, TEKE, TEL, THO, UCK, UCKE, UZB, UZBE",,
10718,ATA 102,ATA,LS,Atatürk İlk & İnkılap Trh II,,Yusuf Ziya Altıntaş,INB,Salı,10:30/12:29,,75,74,,"BIO, BIOE, BLG, BLGE, CEV, CEVE, CHZ, CHZE, DEN, DENE, ECNE, EHB, EHBE, EHN, ELE, ELH, ELK, ELKE, END, ENDE, EUT, EUTE, FIZ, FIZE, GEM, GEME, GEMK, GEO, GEOE, GID, GIDE, ICM, IML, IMLE, INS, INSE, ISL, ISLE, JDF, JEF, JEFE, JEO, JEOE, KIM, KIME, KMM, KMME, KOM, KOME, MAD, MADE, MAK, MAKE, MAT, MATE, MET, METE, MIM, MIME, MTO, MTOE, PEM, PEME, PET, PETE, SBP, SBPE, SEH, TEK, TEKE, TEL, THO, UCK, UCKE, UZB, UZBE",,
10719,ATA 101,ATA,LS,Atatürk İlk & İnkılap Trh I,,Yusuf Ziya Altıntaş,INB,Çarşamba,08:30/10:29,,75,71,,"BIO, BIOE, BLG, BLGE, CEV, CEVE, CHZ, CHZE, DEN, DENE, ECNE, EHB, EHBE, EHN, ELE, ELH, ELK, ELKE, END, ENDE, EUT, EUTE, FIZ, FIZE, GEM, GEME, GEMK, GEO, GEOE, GID, GIDE, ICM, IML, IMLE, INS, INSE, ISL, ISLE, JDF, JEF, JEFE, JEO, JEOE, KIM, KIME, KMM, KMME, KOM, KOME, MAD, MADE, MAK, MAKE, MAT, MATE, MET, METE, MIM, MIME, MTO, MTOE, PEM, PEME, PET, PETE, SBP, SBPE, SEH, TEK, TEKE, TEL, THO, UCK, UCKE, UZB, UZBE",,
10720,ATA 101,ATA,LS,Atatürk İlk & İnkılap Trh I,,Yusuf Ziya Altıntaş,INB,Çarşamba,10:30/12:29,,75,74,,"BIO, BIOE, BLG, BLGE, CEV, CEVE, CHZ, CHZE, DEN, DENE, ECNE, EHB, EHBE, EHN, ELE, ELH, ELK, ELKE, END, ENDE, EUT, EUTE, FIZ, FIZE, GEM, GEME, GEMK, GEO, GEOE, GID, GIDE, ICM, IML, IMLE, INS, INSE, ISL, ISLE, JDF, JEF, JEFE, JEO, JEOE, KIM, KIME, KMM, KMME, KOM, KOME, MAD, MADE, MAK, MAKE, MAT, MATE, MET, METE, MIM, MIME, MTO, MTOE, PEM, PEME, PET, PETE, SBP, SBPE, SEH, TEK, TEKE, TEL, THO, UCK, UCKE, UZB, UZBE",,
10722,KIM 205,KIM,LS,Organik Kimya,,İbrahim Volkan Kumbaracı,FEB,Çarşamba,08:30/11:29,,35,28,,"BIO, BIOM, CEV, CHZ, DEN, ELE, ELH, ELK, GEM, INS, JEO, KIMM, KYD, MAD, MET, PET, TEL",,
10723,KIM 205,KIM,LS,Organik Kimya,,Gönül Yapar,MED,Çarşamba,08:30/11:29,,30,8,,"BIO, BIOM, CEV, CHZ, DEN, ELE, ELH, ELK, GEM, INS, JEO, KIMM, KYD, MAD, MET, PET, TEL",,
10724,KIM 205E,KIM,LS,Organic Chemistry,,Hakan Durmaz,MDB,Çarşamba,08:30/11:29,,30,30,,"BIOM, CEV, CEVE, CHZE, DENE, ELKE, GEME, GEMK, INS, INSE, JEOE, KIM, KIMM, MADE, MET, METE, PETE, TEKE",,
10725,KIM 205E,KIM,LS,Organic Chemistry,,Nesrin Köken,FEB,Çarşamba,08:30/11:29,,30,13,,"BIOM, CEV, CEVE, CHZE, DENE, ELKE, GEME, GEMK, INS, INSE, JEOE, KIM, KIMM, MADE, MET, METE, PETE, TEKE",,
10726,KIM 205E,KIM,LS,Organic Chemistry,,Abdullah Aydoğan,EEB,Çarşamba,08:30/11:29,,30,29,,"BIOM, CEV, CEVE, CHZE, DENE, ELKE, GEME, GEMK, INS, INSE, JEOE, KIM, KIMM, MADE, MET, METE, PETE, TEKE",,
10727,KIM 206,KIM,LS,Analitik Kimya & Enst Analizi,,Nevin Öztekin,INB,Salı,14:30/17:29,,30,26,,"GID, KIMM, KMM, KYD",,
10728,KIM 206,KIM,LS,Analitik Kimya & Enst Analizi,,--,FEB,Salı,14:30/17:29,,0,0,,"GID, KIMM, KMM, KYD",,
10729,KIM 207,KIM,LS,İnorganik Kimya,,Ayfer Kalkan Burat,FEB,Perşembe,14:30/17:29,,30,30,,"CHZ, DEN, ELE, ELH, ELK, FIZ, GEM, JEO, KIMM, KMM, KYD, MAD, PET, TEL",,
10730,KIM 208,KIM,LS,İleri Organik Kimya,,--,FEB,Salı,08:30/11:29,,0,0,,"CHZ, DEN, ELE, ELH, ELK, GEM, JEO, KIMM, KMM, KYD, MAD, PET, TEL",,
10731,KIM 210E,KIM,LS,Intro to Polymer Chemistry,,Barış Kışkan,MED,Pazartesi,14:30/17:29,,30,29,,"BIO, BIOE, KIM, KIME, KIMM, TEK, TEKE",,
10732,KIM 211E,KIM,LS,Analytical Chemistry,,Fatma Bedia Berker,FEB | FEB,Salı | Cuma,08:30/10:29 | 08:30/10:29,,35,35,,"KIM, KIME, KIMM",,
10733,KIM 211E,KIM,LS,Analytical Chemistry,,İpek Becerik,FEB | FEB,Salı | Cuma,08:30/10:29 | 08:30/10:29,,35,20,,"KIM, KIME, KIMM",,
10734,KIM 211L,KIM,LS,Analitik Kimya Lab,,Fatma Bedia Berker,FEB,Çarşamba,10:30/15:29,,35,24,,KIM,,
10735,KIM 211L,KIM,LS,Analitik Kimya Lab,,İpek Becerik,FEB,Çarşamba,10:30/15:29,,35,19,,KIM,,
10736,KIM 212,KIM,LS,Enstrumental Analitik Yönteml,,"Nevin Öztekin, Birsen Öztürk, Gülcemal Yıldız",FEB | FEB,Pazartesi | Salı,11:30/13:29 | 11:30/13:29,,30,30,,"KIM, KIMM",,
10738,KIM 212L,KIM,LS,Enstrumental Analitik Yön.Lab.,,"Gülçin Yılmaz, Ayşegül Gölcü, Birsen Öztürk, Gülcemal Yıldız, Nevin Öztekin, İpek Becerik",FEB,Cuma,12:30/17:29,,45,42,,KIM,,
10739,KIM 214E,KIM,LS,Strct & Properties of Polymers,,--,FEB,Perşembe,14:30/17:29,,0,0,,"FIZ, FIZE, KIM, KIME, KIMM, KYD",,
10740,ISP 102,ISP,LS,İspanyolca II,,Maria Victoria Galvez Frutos,MED,Salı,08:30/12:29,,30,22,,Tüm Lisans ve Lisansüstü Programlar,,
10741,ISP 202,ISP,LS,İspanyolca IV,,Maria Victoria Galvez Frutos,DIB,Çarşamba,08:30/12:29,,25,23,,Tüm Lisans ve Lisansüstü Programlar,,
10742,ISP 101,ISP,LS,İspanyolca I,,Maria Victoria Galvez Frutos,DIB,Cuma,08:30/12:29,,25,25,,Tüm Lisans ve Lisansüstü Programlar,,
10743,KIM 219E,KIM,LS,Comp.Applications in Chemistry,,"Abdullah Aydoğan, Cüneyt Hüseyin Ünlü",INB,Perşembe,13:30/17:29,,70,42,,KIM,,
10744,ISP 101,ISP,LS,İspanyolca I,,Maria Victoria Galvez Frutos,KMB,Salı,13:30/17:29,,25,25,,Tüm Lisans ve Lisansüstü Programlar,,
10745,KIM 223,KIM,LS,Anorganik Kimya I,,Zehra Bayır,FEB,Perşembe,08:30/11:29,,30,30,,KIM,,
10746,KIM 223,KIM,LS,Anorganik Kimya I,,Esin Hamuryudan,FEB,Perşembe,08:30/11:29,,30,29,,KIM,,
10747,KIM 223E,KIM,LS,Inorganic Chemistry I,,--,FEB,Perşembe,08:30/11:29,,0,0,,"KIM, KIME",,
10748,ITB 207,ITB,LS,Osmanlı Tarihi,,Fatma Sel Turhan,INB,Çarşamba,11:30/14:29,,45,37,,"BIO, BLG, CAB, CEV, CHZ, DEN, DUI, EHB, ELE, ELH, ELK, END, EUT, FIZ, GEM, GEO, GID, ICM, INS, ISL, JDF, JEF, JEO, KIM, KMM, KMP, KOM, MAD, MAK, MAT, MET, MIM, MTO, MTR, MUT, MUZ, PEM, PET, SBP, SES, TEB, TEK, TEL, THO, UCK, UZB",,
10749,ISP 302,ISP,LS,İspanyolca VI,,Maria Victoria Galvez Frutos,DIB,Perşembe,13:30/17:29,,15,10,,Tüm Lisans ve Lisansüstü Programlar,,
10750,KIM 224E,KIM,LS,Inorganic Chemistry II,,Altuğ Mert Sevim,FEB,Perşembe,08:30/11:29,,30,25,,"KIM, KIME",,
10751,ISP 201,ISP,LS,İspanyolca III,,Maria Victoria Galvez Frutos,DIB,Cuma,13:30/17:29,,30,20,,Tüm Lisans ve Lisansüstü Programlar,,
10752,ITB 207,ITB,LS,Osmanlı Tarihi,,Fatma Sel Turhan,MED,Perşembe,11:30/14:29,,45,38,,"BIO, BLG, CAB, CEV, CHZ, DEN, DUI, EHB, ELE, ELH, ELK, END, EUT, FIZ, GEM, GEO, GID, ICM, INS, ISL, JDF, JEF, JEO, KIM, KMM, KMP, KOM, MAD, MAK, MAT, MET, MIM, MTO, MTR, MUT, MUZ, PEM, PET, SBP, SES, TEB, TEK, TEL, THO, UCK, UZB",,
10753,KIM 231,KIM,LS,Organik Kimya I,,Ümit Tunca,FEB | FEB,Salı | Çarşamba,10:30/12:29 | 10:30/12:29,,25,16,,"KIM, KIMM",,
10754,ITB 208,ITB,LS,Modern Türkiye'nin Oluşumu,,Stefo Benlisoy,FEB,Perşembe,08:30/11:29,,35,34,,"BIO, BLG, CAB, CEV, CHZ, DEN, DUI, EHB, ELE, ELH, ELK, END, EUT, FIZ, GEM, GEO, GID, ICM, INS, ISL, JDF, JEF, JEO, KIM, KMM, KMP, KOM, MAD, MAK, MAT, MET, MIM, MTO, MTR, MUT, MUZ, PEM, PET, SBP, SES, TEB, TEK, TEL, THO, UCK, UZB",,
10755,ITA 101,ITA,LS,İtalyanca I,,Lina Calogera,DIB,Salı,08:30/12:29,,25,22,,Tüm Lisans ve Lisansüstü Programlar,,
10757,ITB 208,ITB,LS,Modern Türkiye'nin Oluşumu,,Stefo Benlisoy,FEB,Perşembe,14:30/17:29,,35,33,,"BIO, BLG, CAB, CEV, CHZ, DEN, DUI, EHB, ELE, ELH, ELK, END, EUT, FIZ, GEM, GEO, GID, ICM, INS, ISL, JDF, JEF, JEO, KIM, KMM, KMP, KOM, MAD, MAK, MAT, MET, MIM, MTO, MTR, MUT, MUZ, PEM, PET, SBP, SES, TEB, TEK, TEL, THO, UCK, UZB",,
10758,KIM 231L,KIM,LS,Organik Kimya Lab. I,,"Hakan Durmaz, İbrahim Volkan Kumbaracı",FEB,Perşembe,12:30/17:29,,50,37,,KIM,,
10759,ITB 208,ITB,LS,Modern Türkiye'nin Oluşumu,,Kadir Kon,FEB,Perşembe,14:30/17:29,,45,16,,"BIO, BLG, CAB, CEV, CHZ, DEN, DUI, EHB, ELE, ELH, ELK, END, EUT, FIZ, GEM, GEO, GID, ICM, INS, ISL, JDF, JEF, JEO, KIM, KMM, KMP, KOM, MAD, MAK, MAT, MET, MIM, MTO, MTR, MUT, MUZ, PEM, PET, SBP, SES, TEB, TEK, TEL, THO, UCK, UZB",,
10760,ITB 208E,ITB,LS,Formations of Modern Turkey,,Doğan Gürpınar,INB,Salı,14:30/17:29,,45,31,,"BIO, BIOE, BLG, BLGE, CAB, CEV, CEVE, CHZ, CHZE, DEN, DENE, DUI, ECNE, EHB, EHBE, ELE, ELH, ELK, ELKE, END, ENDE, EUT, EUTE, FIZ, FIZE, GEM, GEME, GEMK, GEO, GEOE, GID, GIDE, ICM, IML, IMLE, INS, INSE, ISL, ISLE, JDF, JEF, JEFE, JEO, JEOE, KIM, KIME, KMM, KMME, KMP, KOM, KOME, MAD, MADE, MAK, MAKE, MAT, MATE, MET, METE, MIM, MIME, MTO, MTOE, MTR, MUT, MUZ, MUZE, PEM, PEME, PET, PETE, SBP, SBPE, SES, TEB, TEK, TEKE, TEL, THO, UCK, UCKE, UZB, UZBE",,
10761,KIM 232,KIM,LS,Organik Kimya II,,Gürkan Hızal,FEB | DEP,Salı | Çarşamba,10:30/12:29 | 08:30/10:29,,30,21,,KIM,,
10762,ITB 228E,ITB,LS,Gender Studies,,Ayşe Zeynep Akalın,MED,Salı,14:30/17:29,,45,38,,"BIO, BIOE, BLG, BLGE, CAB, CEV, CEVE, CHZ, CHZE, DEN, DENE, ECNE, EHB, EHBE, ELE, ELH, ELK, ELKE, END, ENDE, EUT, EUTE, FIZ, FIZE, GEM, GEME, GEMK, GEO, GEOE, GID, GIDE, ICM, IML, IMLE, INS, INSE, ISL, ISLE, JDF, JEF, JEFE, JEO, JEOE, KIM, KIME, KMM, KMME, KMP, KOM, KOME, MAD, MADE, MAK, MAKE, MAT, MATE, MET, METE, MIM, MIME, MTO, MTOE, MTR, MUT, MUZ, MUZE, PEM, PEME, PET, PETE, SBP, SBPE, SES, TEB, TEK, TEKE, TEL, THO, UCK, UCKE, UZB, UZBE",,
10763,ITB 209,ITB,LS,Türkiye ve Dünya,,Veli Selman Gemuhluoğlu,MMB,Perşembe,08:30/11:29,,35,29,,"BIO, BLG, CAB, CEV, CHZ, DEN, DUI, EHB, ELE, ELH, ELK, END, EUT, FIZ, GEM, GEO, GID, ICM, INS, ISL, JDF, JEF, JEO, KIM, KMM, KMP, KOM, MAD, MAK, MAT, MET, MIM, MTO, MTR, MUT, MUZ, PEM, PET, SBP, SES, TEB, TEK, TEL, THO, UCK, UZB",,
10764,ITA 101,ITA,LS,İtalyanca I,,Lina Calogera,DIB,Cuma,08:30/12:29,,25,25,,Tüm Lisans ve Lisansüstü Programlar,,
10765,ITB 213,ITB,LS,Edebiyat ve Toplum,,Cüneyd Okay,MKB,Perşembe,08:30/11:29,,45,24,,"BIO, BLG, CAB, CEV, CHZ, DEN, DUI, EHB, ELE, ELH, ELK, END, EUT, FIZ, GEM, GEO, GID, ICM, INS, ISL, JDF, JEF, JEO, KIM, KMM, KMP, KOM, MAD, MAK, MAT, MET, MIM, MTO, MTR, MUT, MUZ, PEM, PET, SBP, SES, TEB, TEK, TEL, THO, UCK, UZB",,
10766,ITB 228E,ITB,LS,Gender Studies,,Ayşe Zeynep Akalın,FEB,Perşembe,14:30/17:29,,45,42,,"BIO, BIOE, BLG, BLGE, CAB, CEV, CEVE, CHZ, CHZE, DEN, DENE, ECNE, EHB, EHBE, ELE, ELH, ELK, ELKE, END, ENDE, EUT, EUTE, FIZ, FIZE, GEM, GEME, GEMK, GEO, GEOE, GID, GIDE, ICM, IML, IMLE, INS, INSE, ISL, ISLE, JDF, JEF, JEFE, JEO, JEOE, KIM, KIME, KMM, KMME, KMP, KOM, KOME, MAD, MADE, MAK, MAKE, MAT, MATE, MET, METE, MIM, MIME, MTO, MTOE, MTR, MUT, MUZ, MUZE, PEM, PEME, PET, PETE, SBP, SBPE, SES, TEB, TEK, TEKE, TEL, THO, UCK, UCKE, UZB, UZBE",,
10767,ITA 101,ITA,LS,İtalyanca I,,Lina Calogera,FEB,Perşembe,08:30/12:29,,25,24,,Tüm Lisans ve Lisansüstü Programlar,,
10768,ITB 213,ITB,LS,Edebiyat ve Toplum,,Cüneyd Okay,MKB,Perşembe,11:30/14:29,,45,11,,"BIO, BLG, CAB, CEV, CHZ, DEN, DUI, EHB, ELE, ELH, ELK, END, EUT, FIZ, GEM, GEO, GID, ICM, INS, ISL, JDF, JEF, JEO, KIM, KMM, KMP, KOM, MAD, MAK, MAT, MET, MIM, MTO, MTR, MUT, MUZ, PEM, PET, SBP, SES, TEB, TEK, TEL, THO, UCK, UZB",,
10769,KIM 232,KIM,LS,Organik Kimya II,,Emine Naciye Talınlı,FEB | FEB,Salı | Çarşamba,10:30/12:29 | 08:30/10:29,,30,27,,KIM,,
10770,ITB 218,ITB,LS,Bilim ve Teknoloji Tarihi,,Aytekin Çökelez,FEB,Çarşamba,08:30/11:29,,45,45,,"BIO, BLG, CAB, CEV, CHZ, DEN, DUI, EHB, ELE, ELH, ELK, END, EUT, FIZ, GEM, GEO, GID, GMI, ICM, INS, ISL, JDF, JEF, JEO, KIM, KMM, KMP, KOM, MAD, MAK, MAT, MET, MIM, MTO, MTR, MUT, MUZ, PEM, PET, SBP, SES, TEB, TEK, TEL, THO, UCK, UZB",,
10771,ITB 230,ITB,LS,Afet Bilinci,,Ayşe Nazan Akman Pek,GDB,Salı,08:30/11:29,,35,36,,"BIO, BLG, CAB, CEV, CHZ, DEN, EHB, ELE, ELH, ELK, END, EUT, FIZ, GEM, GEO, GID, GMI, ICM, INS, ISL, JDF, JEF, JEO, KIM, KMM, KMP, KOM, MAD, MAK, MAT, MET, MIM, MTO, MTR, MUT, MUZ, PEM, PET, SBP, SES, TEB, TEK, TEL, THO, UCK, UZB",,
10772,ITA 102,ITA,LS,İtalyanca II,,Lina Calogera,DIB,Pazartesi,13:30/17:29,,20,14,,Tüm Lisans ve Lisansüstü Programlar,,
10773,ITB 219E,ITB,LS,Ethics,,Barry David Stocker,MED,Cuma,08:30/11:29,,45,14,,"BIO, BIOE, BLG, BLGE, CAB, CEV, CEVE, CHZ, CHZE, DEN, DENE, DUI, ECNE, EHB, EHBE, ELE, ELH, ELK, ELKE, END, ENDE, EUT, EUTE, FIZ, FIZE, GEM, GEME, GEMK, GEO, GEOE, GID, GIDE, ICM, IML, IMLE, INS, INSE, ISL, ISLE, JDF, JEF, JEFE, JEO, JEOE, KIM, KIME, KMM, KMME, KMP, KOM, KOME, MAD, MADE, MAK, MAKE, MAT, MATE, MET, METE, MIM, MIME, MTO, MTOE, MTR, MUT, MUZ, MUZE, PEM, PEME, PET, PETE, SBP, SBPE, SES, TEB, TEK, TEKE, TEL, THO, UCK, UCKE, UZB, UZBE",,
10774,ITB 219E,ITB,LS,Ethics,,Gürcan Koçan,MED,Pazartesi,08:30/11:29,,45,35,,"BIO, BIOE, BLG, BLGE, CAB, CEV, CEVE, CHZ, CHZE, DEN, DENE, DUI, ECNE, EHB, EHBE, ELE, ELH, ELK, ELKE, END, ENDE, EUT, EUTE, FIZ, FIZE, GEM, GEME, GEMK, GEO, GEOE, GID, GIDE, ICM, IML, IMLE, INS, INSE, ISL, ISLE, JDF, JEF, JEFE, JEO, JEOE, KIM, KIME, KMM, KMME, KMP, KOM, KOME, MAD, MADE, MAK, MAKE, MAT, MATE, MET, METE, MIM, MIME, MTO, MTOE, MTR, MUT, MUZ, MUZE, PEM, PEME, PET, PETE, SBP, SBPE, SES, TEB, TEK, TEKE, TEL, THO, UCK, UCKE, UZB, UZBE",,
10775,ITA 201,ITA,LS,İtalyanca III,,Lina Calogera,DIB,Salı,13:30/17:29,,20,12,,Tüm Lisans ve Lisansüstü Programlar,,
10777,KIM 232EL,KIM,LS,Organic Chemistry Lab. II,,"Abdullah Aydoğan, Ayşe Özdemir, Nesrin Köken",FEB,Cuma,12:30/17:29,,50,22,,"KIM, KIME",,
10778,ITB 222,ITB,LS,Kent ve Toplum,,Ümran Kaya,MED,Salı,11:30/14:29,,35,28,,"BIO, BLG, CAB, CEV, CHZ, DEN, EHB, ELE, ELH, ELK, END, EUT, FIZ, GEM, GEO, GID, ICM, INS, ISL, JDF, JEF, JEO, KIM, KMM, KMP, KOM, MAD, MAK, MAT, MET, MIM, MTO, MTR, MUT, MUZ, PEM, PET, SBP, SES, TEB, TEK, TEL, THO, UCK, UZB",,
10779,ITA 102,ITA,LS,İtalyanca II,,Valentina Elmetti,DIB,Çarşamba,08:30/12:29,,20,14,,Tüm Lisans ve Lisansüstü Programlar,,
10780,KIM 252,KIM,LS,Kimyasal Termodinamik,,Nermin Orakdöğen,FEB,Pazartesi,08:30/11:29,,40,37,,"KIM, KIMM",,
10781,ITB 222,ITB,LS,Kent ve Toplum,,Ümran Kaya,MED,Salı,14:30/17:29,,35,36,,"BIO, BLG, CAB, CEV, CHZ, DEN, EHB, ELE, ELH, ELK, END, EUT, FIZ, GEM, GEO, GID, ICM, INS, ISL, JDF, JEF, JEO, KIM, KMM, KMP, KOM, MAD, MAK, MAT, MET, MIM, MTO, MTR, MUT, MUZ, PEM, PET, SBP, SES, TEB, TEK, TEL, THO, UCK, UZB",,
10782,ITA 202,ITA,LS,İtalyanca IV,,Valentina Elmetti,DIB,Salı,13:30/17:29,,20,18,,Tüm Lisans ve Lisansüstü Programlar,,
10783,ITB 222,ITB,LS,Kent ve Toplum,,Ümran Kaya,MED,Çarşamba,11:30/14:29,,35,34,,"BIO, BLG, CAB, CEV, CHZ, DEN, EHB, ELE, ELH, ELK, END, EUT, FIZ, GEM, GEO, GID, ICM, INS, ISL, JDF, JEF, JEO, KIM, KMM, KMP, KOM, MAD, MAK, MAT, MET, MIM, MTO, MTR, MUT, MUZ, PEM, PET, SBP, SES, TEB, TEK, TEL, THO, UCK, UZB",,
10784,ITA 102,ITA,LS,İtalyanca II,,Valentina Elmetti,DIB,Perşembe,13:30/17:29,,25,24,,Tüm Lisans ve Lisansüstü Programlar,,
10785,ITB 222,ITB,LS,Kent ve Toplum,,Ümran Kaya,MED,Perşembe,11:30/14:29,,35,32,,"BIO, BLG, CAB, CEV, CHZ, DEN, EHB, ELE, ELH, ELK, END, EUT, FIZ, GEM, GEO, GID, ICM, INS, ISL, JDF, JEF, JEO, KIM, KMM, KMP, KOM, MAD, MAK, MAT, MET, MIM, MTO, MTR, MUT, MUZ, PEM, PET, SBP, SES, TEB, TEK, TEL, THO, UCK, UZB",,
10786,ITA 201,ITA,LS,İtalyanca III,,Valentina Elmetti,DIB,Cuma,13:30/17:29,,20,16,,Tüm Lisans ve Lisansüstü Programlar,,
10787,ITB 222E,ITB,LS,City and Society,,Elvan Gülöksüz,MDB,Perşembe,14:30/17:29,,45,119,,"BIO, BIOE, BLG, BLGE, CAB, CEV, CEVE, CHZ, CHZE, DEN, DENE, ECNE, EHB, EHBE, ELE, ELH, ELK, ELKE, END, ENDE, EUT, EUTE, FIZ, FIZE, GEM, GEME, GEMK, GEO, GEOE, GID, GIDE, ICM, IML, IMLE, INS, INSE, ISL, ISLE, JDF, JEF, JEFE, JEO, JEOE, KIM, KIME, KMM, KMME, KMP, KOM, KOME, MAD, MADE, MAK, MAKE, MAT, MATE, MET, METE, MIM, MIME, MTO, MTOE, MTR, MUT, MUZ, MUZE, PEM, PEME, PET, PETE, SBP, SBPE, SES, TEB, TEK, TEKE, TEL, THO, UCK, UCKE, UZB, UZBE",,
10788,ITB 222E,ITB,LS,City and Society,,Elvan Gülöksüz,MMB,Cuma,08:30/11:29,,20,27,,"BIO, BIOE, BLG, BLGE, CAB, CEV, CEVE, CHZ, CHZE, DEN, DENE, ECNE, EHB, EHBE, ELE, ELH, ELK, ELKE, END, ENDE, EUT, EUTE, FIZ, FIZE, GEM, GEME, GEMK, GEO, GEOE, GID, GIDE, ICM, IML, IMLE, INS, INSE, ISL, ISLE, JDF, JEF, JEFE, JEO, JEOE, KIM, KIME, KMM, KMME, KMP, KOM, KOME, MAD, MADE, MAK, MAKE, MAT, MATE, MET, METE, MIM, MIME, MTO, MTOE, MTR, MUT, MUZ, MUZE, PEM, PEME, PET, PETE, SBP, SBPE, SES, TEB, TEK, TEKE, TEL, THO, UCK, UCKE, UZB, UZBE",,
10789,ITB 233E,ITB,LS,Anthropology,,Sevil Hatice Baltalı Tırpan,MED,Çarşamba,08:30/11:29,,45,27,,"BIO, BIOE, BLG, BLGE, CAB, CEV, CEVE, CHZ, CHZE, DEN, DENE, ECNE, EHB, EHBE, ELE, ELH, ELK, ELKE, END, ENDE, EUT, EUTE, FIZ, FIZE, GEM, GEME, GEMK, GEO, GEOE, GID, GIDE, ICM, IML, IMLE, INS, INSE, ISL, ISLE, JDF, JEF, JEFE, JEO, JEOE, KIM, KIME, KMM, KMME, KMP, KOM, KOME, MAD, MADE, MAK, MAKE, MAT, MATE, MET, METE, MIM, MIME, MTO, MTOE, MTR, MUT, MUZ, MUZE, PEM, PEME, PET, PETE, SBP, SBPE, SES, TEB, TEK, TEKE, TEL, THO, UCK, UCKE, UZB, UZBE",,
10790,ITB 222E,ITB,LS,City and Society,,Hasan Karataş,MED,Salı,14:30/17:29,,45,40,,"BIO, BIOE, BLG, BLGE, CAB, CEV, CEVE, CHZ, CHZE, DEN, DENE, ECNE, EHB, EHBE, ELE, ELH, ELK, ELKE, END, ENDE, EUT, EUTE, FIZ, FIZE, GEM, GEME, GEMK, GEO, GEOE, GID, GIDE, ICM, IML, IMLE, INS, INSE, ISL, ISLE, JDF, JEF, JEFE, JEO, JEOE, KIM, KIME, KMM, KMME, KMP, KOM, KOME, MAD, MADE, MAK, MAKE, MAT, MATE, MET, METE, MIM, MIME, MTO, MTOE, MTR, MUT, MUZ, MUZE, PEM, PEME, PET, PETE, SBP, SBPE, SES, TEB, TEK, TEKE, TEL, THO, UCK, UCKE, UZB, UZBE",,
10792,ITB 222E,ITB,LS,City and Society,,Hasan Karataş,MED,Cuma,14:30/17:29,,45,44,,"BIO, BIOE, BLG, BLGE, CAB, CEV, CEVE, CHZ, CHZE, DEN, DENE, ECNE, EHB, EHBE, ELE, ELH, ELK, ELKE, END, ENDE, EUT, EUTE, FIZ, FIZE, GEM, GEME, GEMK, GEO, GEOE, GID, GIDE, ICM, IML, IMLE, INS, INSE, ISL, ISLE, JDF, JEF, JEFE, JEO, JEOE, KIM, KIME, KMM, KMME, KMP, KOM, KOME, MAD, MADE, MAK, MAKE, MAT, MATE, MET, METE, MIM, MIME, MTO, MTOE, MTR, MUT, MUZ, MUZE, PEM, PEME, PET, PETE, SBP, SBPE, SES, TEB, TEK, TEKE, TEL, THO, UCK, UCKE, UZB, UZBE",,
10793,ITB 224E,ITB,LS,Environment and Society,,Aslı Erbil,MED,Çarşamba,11:30/14:29,,45,20,,"BIO, BIOE, BLG, BLGE, CAB, CEV, CEVE, CHZ, CHZE, DEN, DENE, ECNE, EHB, EHBE, ELE, ELH, ELK, ELKE, END, ENDE, EUT, EUTE, FIZ, FIZE, GEM, GEME, GEMK, GEO, GEOE, GID, GIDE, GMI, GMIE, ICM, IML, IMLE, INS, INSE, ISL, ISLE, JDF, JEF, JEFE, JEO, JEOE, KIM, KIME, KMM, KMME, KMP, KOM, KOME, MAD, MADE, MAK, MAKE, MAT, MATE, MET, METE, MIM, MIME, MTO, MTOE, MTR, MUT, MUZ, MUZE, PEM, PEME, PET, PETE, SBP, SBPE, SES, TEB, TEK, TEKE, TEL, THO, UCK, UCKE, UZB, UZBE",,
10794,ITB 234E,ITB,LS,The Rise of Civilizations,,Bülent Arıkan,MED,Salı,14:30/17:29,,35,32,,"BIO, BIOE, BLG, BLGE, CAB, CEV, CEVE, CHZ, CHZE, DEN, DENE, ECNE, EHB, EHBE, ELE, ELH, ELK, ELKE, END, ENDE, EUT, EUTE, FIZ, FIZE, GEM, GEME, GEMK, GEO, GEOE, GID, GIDE, ICM, IML, IMLE, INS, INSE, ISL, ISLE, JDF, JEF, JEFE, JEO, JEOE, KIM, KIME, KMM, KMME, KMP, KOM, KOME, MAD, MADE, MAK, MAKE, MAT, MATE, MET, METE, MIM, MIME, MTO, MTOE, MTR, MUT, MUZ, MUZE, PEM, PEME, PET, PETE, SBP, SBPE, SES, TEB, TEK, TEKE, TEL, THO, UCK, UCKE, UZB, UZBE",,
10795,JPN 102,JPN,LS,Japonca II,,Salih Kirazoğlu,EEB,Çarşamba,08:30/12:29,,25,12,,Tüm Lisans ve Lisansüstü Programlar,,
10796,JPN 101,JPN,LS,Japonca I,,Salih Kirazoğlu,DIB,Salı,13:30/17:29,,30,25,,Tüm Lisans ve Lisansüstü Programlar,,
10797,MUH 453,MUH,LS,Optimal Kontrol Teorisi,,Elimhan Mahmudov,MED,Perşembe,14:30/17:29,,28,28,,"FIZ, MAT, MATM",,
10798,JPN 201,JPN,LS,Japonca III,,--,---,Perşembe,13:30/17:29,,0,0,,Tüm Lisans ve Lisansüstü Programlar,,
10800,JPN 202,JPN,LS,Japonca IV,,Salih Kirazoğlu,MED,Cuma,13:30/17:29,,25,9,,Tüm Lisans ve Lisansüstü Programlar,,
10801,KIM 262E,KIM,LS,Int. Quantum Chemistry,,Nurcan Tüzün,FEB,Perşembe,11:30/14:29,,50,33,,"KIM, KIME",,
10802,KIM 303E,KIM,LS,Organic Chemistry I,,Hacer Ayşen Önen,MED,Çarşamba,08:30/10:29,,35,35,,"BIO, BIOE, BIOM, KIMM",,
10803,KIM 303E,KIM,LS,Organic Chemistry I,,Okan Sirkecioğlu,MED,Çarşamba,08:30/10:29,,35,31,,"BIO, BIOE, BIOM, KIMM",,
10804,KIM 311,KIM,LS,Fiziksel Kimya I,,Candan Erbil,FEB,Pazartesi,08:30/11:29,,32,31,,KIM,,
10805,KIM 311E,KIM,LS,Physical Chemistry I,,Caner Ünlü,FEB,Pazartesi,08:30/11:29,,32,33,,"KIM, KIME",,
10806,KIM 312,KIM,LS,Fiziksel Kimya II,,Hatice Hüceste Giz,FEB,Pazartesi,14:30/17:29,,35,31,,KIM,,
10807,KIM 313E,KIM,LS,Structural Organic Chemistry,,--,FEB,Perşembe,08:30/11:29,,0,0,,"BIO, BIOE, KIM, KIME, KMM, KMME",,
10808,KIM 315E,KIM,LS,The Chemistry of Elements,,Özgül Sağlam,FEB,Salı,08:30/11:29,,20,14,,"KIM, KIME, KIMM",,
10809,KIM 319E,KIM,LS,Cosmetic Chemistry,,Ayşe Özdemir,FEB,Perşembe,14:30/17:29,,20,12,,"KIM, KIME, KIMM",,
10810,KIM 321E,KIM,LS,Physical Chemistry I Lab,,"Candan Erbil, Caner Ünlü",FEB,Salı,13:30/16:29,,30,29,,"KIM, KIME",,
10811,KIM 325E,KIM,LS,Intr. to Bioinorganic Chem.,,Behice Şebnem Sesalan,FEB,Pazartesi,14:30/17:29,,20,17,,"KIM, KIME, KIMM",,
10813,KIM 326E,KIM,LS,Introduction to Biochemistry,,"Onur Alptürk, Muhammet Übeydullah Kahveci",FEB,Çarşamba,12:30/15:29,,50,37,,"KIM, KIME",,
10814,KIM 326E,KIM,LS,Introduction to Biochemistry,,--,FEB,Çarşamba,12:30/15:29,,0,0,,"KIM, KIME",,
10815,KIM 413,KIM,LS,İlaç Kimyası,,Emine Naciye Talınlı,FEB,Salı,14:30/17:29,,20,21,,"KIM, KIMM",,
10816,KIM 415,KIM,LS,Yüzey Aktif Maddeler,,--,FEB,Cuma,08:30/11:29,,0,0,,"KIM, KIMM",,
10817,KIM 422,KIM,LS,Endüstriyel Kimya,,Bünyamin Karagöz,FEB,Çarşamba,08:30/11:29,,30,27,,KIM,,
10818,KIM 422E,KIM,LS,Industrial Chemistry,,--,FEB,Çarşamba,08:30/11:29,,0,0,,"KIM, KIME",,
10819,KIM 425,KIM,LS,Su Kimyası,,Behice Şebnem Sesalan,MED,Pazartesi,08:30/11:29,,20,15,,"KIM, KIMM",,
10820,KIM 427,KIM,LS,Seramik Kimyası,,--,FEB,Perşembe,08:30/11:29,,0,0,,"KIM, KIMM, KMM",,
10821,KIM 435,KIM,LS,Çevre Kimyası I,,Birsen Öztürk,FEB,Salı,14:30/17:29,,20,21,,"KIM, KIMM",,
10822,KIM 473E,KIM,LS,Organic Structure Analysis,,Turan Öztürk,FEB,Perşembe,14:30/17:29,,30,22,,"KIM, KIME",,
10823,KIM 481E,KIM,LS,Industrial Polymers,,--,FEB,Pazartesi,14:30/17:29,,0,0,,"KIM, KIME",,
10824,KIM 482E,KIM,LS,Organic Reactions,,Gürkan Hızal,INB,Çarşamba,12:30/15:29,,30,29,,"KIM, KIME",,
10825,KIM 492,KIM,LS,Bitirme Çalışması,,Gürkan Hızal,FEB,,/,,100,15,,KIM,,
10826,KIM 492E,KIM,LS,Graduation Project,,Gürkan Hızal,FEB,,/,,100,4,,"KIM, KIME",,
10827,TUR 101,TUR,LS,Türk Dili I,,Aslı Kantarcı,MDB,Cuma,10:30/12:29,,65,75,,"BIO, BIOE, BLG, BLGE, CAB, CEV, CEVE, CHZ, CHZE, DEN, DENE, ECNE, EHB, EHBE, EHN, ELE, ELH, ELK, ELKE, END, ENDE, EUT, EUTE, FIZ, FIZE, GEM, GEME, GEMK, GEO, GEOE, GID, GIDE, ICM, IML, IMLE, INS, INSE, ISL, ISLE, JDF, JEF, JEFE, JEO, JEOE, KIM, KIME, KMM, KMME, KMP, KOM, KOME, MAD, MADE, MAK, MAKE, MAT, MATE, MET, METE, MIM, MIME, MTO, MTOE, MTR, MUT, MUZ, MUZE, PEM, PEME, PET, PETE, SBP, SBPE, SEH, SES, TEK, TEKE, TEL, THO, UCK, UCKE, UZB, UZBE",,
10828,TUR 101,TUR,LS,Türk Dili I,,Aslı Kantarcı,MDB,Salı,13:30/15:29,,65,75,,"BIO, BIOE, BLG, BLGE, CAB, CEV, CEVE, CHZ, CHZE, DEN, DENE, ECNE, EHB, EHBE, EHN, ELE, ELH, ELK, ELKE, END, ENDE, EUT, EUTE, FIZ, FIZE, GEM, GEME, GEMK, GEO, GEOE, GID, GIDE, ICM, IML, IMLE, INS, INSE, ISL, ISLE, JDF, JEF, JEFE, JEO, JEOE, KIM, KIME, KMM, KMME, KMP, KOM, KOME, MAD, MADE, MAK, MAKE, MAT, MATE, MET, METE, MIM, MIME, MTO, MTOE, MTR, MUT, MUZ, MUZE, PEM, PEME, PET, PETE, SBP, SBPE, SEH, SES, TEK, TEKE, TEL, THO, UCK, UCKE, UZB, UZBE",,
10829,TUR 101,TUR,LS,Türk Dili I,,Aslı Kantarcı,MDB,Salı,15:30/17:29,,65,69,,"BIO, BIOE, BLG, BLGE, CAB, CEV, CEVE, CHZ, CHZE, DEN, DENE, ECNE, EHB, EHBE, EHN, ELE, ELH, ELK, ELKE, END, ENDE, EUT, EUTE, FIZ, FIZE, GEM, GEME, GEMK, GEO, GEOE, GID, GIDE, ICM, IML, IMLE, INS, INSE, ISL, ISLE, JDF, JEF, JEFE, JEO, JEOE, KIM, KIME, KMM, KMME, KMP, KOM, KOME, MAD, MADE, MAK, MAKE, MAT, MATE, MET, METE, MIM, MIME, MTO, MTOE, MTR, MUT, MUZ, MUZE, PEM, PEME, PET, PETE, SBP, SBPE, SEH, SES, TEK, TEKE, TEL, THO, UCK, UCKE, UZB, UZBE",,
10830,TUR 101,TUR,LS,Türk Dili I,,Aslı Kantarcı,MDB,Cuma,13:30/15:29,,65,63,,"BIO, BIOE, BLG, BLGE, CAB, CEV, CEVE, CHZ, CHZE, DEN, DENE, ECNE, EHB, EHBE, EHN, ELE, ELH, ELK, ELKE, END, ENDE, EUT, EUTE, FIZ, FIZE, GEM, GEME, GEMK, GEO, GEOE, GID, GIDE, ICM, IML, IMLE, INS, INSE, ISL, ISLE, JDF, JEF, JEFE, JEO, JEOE, KIM, KIME, KMM, KMME, KMP, KOM, KOME, MAD, MADE, MAK, MAKE, MAT, MATE, MET, METE, MIM, MIME, MTO, MTOE, MTR, MUT, MUZ, MUZE, PEM, PEME, PET, PETE, SBP, SBPE, SEH, SES, TEK, TEKE, TEL, THO, UCK, UCKE, UZB, UZBE",,
10832,TUR 101,TUR,LS,Türk Dili I,,Aslı Kantarcı,INB,Perşembe,10:30/12:29,,65,68,,"BIO, BIOE, BLG, BLGE, CAB, CEV, CEVE, CHZ, CHZE, DEN, DENE, ECNE, EHB, EHBE, EHN, ELE, ELH, ELK, ELKE, END, ENDE, EUT, EUTE, FIZ, FIZE, GEM, GEME, GEMK, GEO, GEOE, GID, GIDE, ICM, IML, IMLE, INS, INSE, ISL, ISLE, JDF, JEF, JEFE, JEO, JEOE, KIM, KIME, KMM, KMME, KMP, KOM, KOME, MAD, MADE, MAK, MAKE, MAT, MATE, MET, METE, MIM, MIME, MTO, MTOE, MTR, MUT, MUZ, MUZE, PEM, PEME, PET, PETE, SBP, SBPE, SEH, SES, TEK, TEKE, TEL, THO, UCK, UCKE, UZB, UZBE",,
10833,TUR 101,TUR,LS,Türk Dili I,,Aslı Kantarcı,INB,Perşembe,13:30/15:29,,9,9,,"BIO, BIOE, BLG, BLGE, CAB, CEV, CEVE, CHZ, CHZE, DEN, DENE, ECNE, EHB, EHBE, EHN, ELE, ELH, ELK, ELKE, END, ENDE, EUT, EUTE, FIZ, FIZE, GEM, GEME, GEMK, GEO, GEOE, GID, GIDE, ICM, IML, IMLE, INS, INSE, ISL, ISLE, JDF, JEF, JEFE, JEO, JEOE, KIM, KIME, KMM, KMME, KMP, KOM, KOME, MAD, MADE, MAK, MAKE, MAT, MATE, MET, METE, MIM, MIME, MTO, MTOE, MTR, MUT, MUZ, MUZE, PEM, PEME, PET, PETE, SBP, SBPE, SEH, SES, TEK, TEKE, TEL, THO, UCK, UCKE, UZB, UZBE",,
10834,TUR 101,TUR,LS,Türk Dili I,,Gülsün Nakıboğlu,INB,Pazartesi,08:30/10:29,,65,74,,"BIO, BIOE, BLG, BLGE, CAB, CEV, CEVE, CHZ, CHZE, DEN, DENE, ECNE, EHB, EHBE, EHN, ELE, ELH, ELK, ELKE, END, ENDE, EUT, EUTE, FIZ, FIZE, GEM, GEME, GEMK, GEO, GEOE, GID, GIDE, ICM, IML, IMLE, INS, INSE, ISL, ISLE, JDF, JEF, JEFE, JEO, JEOE, KIM, KIME, KMM, KMME, KMP, KOM, KOME, MAD, MADE, MAK, MAKE, MAT, MATE, MET, METE, MIM, MIME, MTO, MTOE, MTR, MUT, MUZ, MUZE, PEM, PEME, PET, PETE, SBP, SBPE, SEH, SES, TEK, TEKE, TEL, THO, UCK, UCKE, UZB, UZBE",,
10835,TUR 101,TUR,LS,Türk Dili I,,Ömer Tacir,INB,Salı,11:30/13:29,,30,18,,"MBI, MCB, SBL, SCE, SEK, SEN, SIN, SIS, SMT, STP",,
10836,TUR 101,TUR,LS,Türk Dili I,,Gülsün Nakıboğlu,INB,Pazartesi,10:30/12:29,,65,79,,"BIO, BIOE, BLG, BLGE, CAB, CEV, CEVE, CHZ, CHZE, DEN, DENE, ECNE, EHB, EHBE, EHN, ELE, ELH, ELK, ELKE, END, ENDE, EUT, EUTE, FIZ, FIZE, GEM, GEME, GEMK, GEO, GEOE, GID, GIDE, ICM, IML, IMLE, INS, INSE, ISL, ISLE, JDF, JEF, JEFE, JEO, JEOE, KIM, KIME, KMM, KMME, KMP, KOM, KOME, MAD, MADE, MAK, MAKE, MAT, MATE, MET, METE, MIM, MIME, MTO, MTOE, MTR, MUT, MUZ, MUZE, PEM, PEME, PET, PETE, SBP, SBPE, SEH, SES, TEK, TEKE, TEL, THO, UCK, UCKE, UZB, UZBE",,
10837,TUR 101,TUR,LS,Türk Dili I,,Gülsün Nakıboğlu,INB,Pazartesi,13:30/15:29,,65,70,,"BIO, BIOE, BLG, BLGE, CAB, CEV, CEVE, CHZ, CHZE, DEN, DENE, ECNE, EHB, EHBE, EHN, ELE, ELH, ELK, ELKE, END, ENDE, EUT, EUTE, FIZ, FIZE, GEM, GEME, GEMK, GEO, GEOE, GID, GIDE, ICM, IML, IMLE, INS, INSE, ISL, ISLE, JDF, JEF, JEFE, JEO, JEOE, KIM, KIME, KMM, KMME, KMP, KOM, KOME, MAD, MADE, MAK, MAKE, MAT, MATE, MET, METE, MIM, MIME, MTO, MTOE, MTR, MUT, MUZ, MUZE, PEM, PEME, PET, PETE, SBP, SBPE, SEH, SES, TEK, TEKE, TEL, THO, UCK, UCKE, UZB, UZBE",,
10839,TUR 101,TUR,LS,Türk Dili I,,Gülsün Nakıboğlu,MED,Salı,11:30/13:29,,30,16,,"MBI, MCB, SBL, SCE, SEK, SEN, SIN, SIS, SMT, STP",,
10840,TUR 101,TUR,LS,Türk Dili I,,Ömer Tacir,INB,Salı,13:30/15:29,,65,75,,"BIO, BIOE, BLG, BLGE, CAB, CEV, CEVE, CHZ, CHZE, DEN, DENE, ECNE, EHB, EHBE, EHN, ELE, ELH, ELK, ELKE, END, ENDE, EUT, EUTE, FIZ, FIZE, GEM, GEME, GEMK, GEO, GEOE, GID, GIDE, ICM, IML, IMLE, INS, INSE, ISL, ISLE, JDF, JEF, JEFE, JEO, JEOE, KIM, KIME, KMM, KMME, KMP, KOM, KOME, MAD, MADE, MAK, MAKE, MAT, MATE, MET, METE, MIM, MIME, MTO, MTOE, MTR, MUT, MUZ, MUZE, PEM, PEME, PET, PETE, SBP, SBPE, SEH, SES, TEK, TEKE, TEL, THO, UCK, UCKE, UZB, UZBE",,
10841,TUR 101,TUR,LS,Türk Dili I,,Gülsün Nakıboğlu,MED,Çarşamba,08:30/10:29,,65,68,,"BIO, BIOE, BLG, BLGE, CAB, CEV, CEVE, CHZ, CHZE, DEN, DENE, ECNE, EHB, EHBE, EHN, ELE, ELH, ELK, ELKE, END, ENDE, EUT, EUTE, FIZ, FIZE, GEM, GEME, GEMK, GEO, GEOE, GID, GIDE, ICM, IML, IMLE, INS, INSE, ISL, ISLE, JDF, JEF, JEFE, JEO, JEOE, KIM, KIME, KMM, KMME, KMP, KOM, KOME, MAD, MADE, MAK, MAKE, MAT, MATE, MET, METE, MIM, MIME, MTO, MTOE, MTR, MUT, MUZ, MUZE, PEM, PEME, PET, PETE, SBP, SBPE, SEH, SES, TEK, TEKE, TEL, THO, UCK, UCKE, UZB, UZBE",,
10842,TUR 101,TUR,LS,Türk Dili I,,Gülsün Nakıboğlu,MED,Çarşamba,10:30/12:29,,65,72,,"BIO, BIOE, BLG, BLGE, CAB, CEV, CEVE, CHZ, CHZE, DEN, DENE, ECNE, EHB, EHBE, EHN, ELE, ELH, ELK, ELKE, END, ENDE, EUT, EUTE, FIZ, FIZE, GEM, GEME, GEMK, GEO, GEOE, GID, GIDE, ICM, IML, IMLE, INS, INSE, ISL, ISLE, JDF, JEF, JEFE, JEO, JEOE, KIM, KIME, KMM, KMME, KMP, KOM, KOME, MAD, MADE, MAK, MAKE, MAT, MATE, MET, METE, MIM, MIME, MTO, MTOE, MTR, MUT, MUZ, MUZE, PEM, PEME, PET, PETE, SBP, SBPE, SEH, SES, TEK, TEKE, TEL, THO, UCK, UCKE, UZB, UZBE",,
10843,TUR 101,TUR,LS,Türk Dili I,,Ömer Tacir,MED,Çarşamba,10:30/12:29,,65,76,,"BIO, BIOE, BLG, BLGE, CAB, CEV, CEVE, CHZ, CHZE, DEN, DENE, ECNE, EHB, EHBE, EHN, ELE, ELH, ELK, ELKE, END, ENDE, EUT, EUTE, FIZ, FIZE, GEM, GEME, GEMK, GEO, GEOE, GID, GIDE, ICM, IML, IMLE, INS, INSE, ISL, ISLE, JDF, JEF, JEFE, JEO, JEOE, KIM, KIME, KMM, KMME, KMP, KOM, KOME, MAD, MADE, MAK, MAKE, MAT, MATE, MET, METE, MIM, MIME, MTO, MTOE, MTR, MUT, MUZ, MUZE, PEM, PEME, PET, PETE, SBP, SBPE, SEH, SES, TEK, TEKE, TEL, THO, UCK, UCKE, UZB, UZBE",,
10844,TUR 101,TUR,LS,Türk Dili I,,Ömer Tacir,MED,Çarşamba,13:30/15:29,,65,66,,"BIO, BIOE, BLG, BLGE, CAB, CEV, CEVE, CHZ, CHZE, DEN, DENE, ECNE, EHB, EHBE, EHN, ELE, ELH, ELK, ELKE, END, ENDE, EUT, EUTE, FIZ, FIZE, GEM, GEME, GEMK, GEO, GEOE, GID, GIDE, ICM, IML, IMLE, INS, INSE, ISL, ISLE, JDF, JEF, JEFE, JEO, JEOE, KIM, KIME, KMM, KMME, KMP, KOM, KOME, MAD, MADE, MAK, MAKE, MAT, MATE, MET, METE, MIM, MIME, MTO, MTOE, MTR, MUT, MUZ, MUZE, PEM, PEME, PET, PETE, SBP, SBPE, SEH, SES, TEK, TEKE, TEL, THO, UCK, UCKE, UZB, UZBE",,
10845,TUR 101,TUR,LS,Türk Dili I,,Gülsün Nakıboğlu,MED,Salı,09:30/11:29,,65,72,,"BIO, BIOE, BLG, BLGE, CAB, CEV, CEVE, CHZ, CHZE, DEN, DENE, ECNE, EHB, EHBE, EHN, ELE, ELH, ELK, ELKE, END, ENDE, EUT, EUTE, FIZ, FIZE, GEM, GEME, GEMK, GEO, GEOE, GID, GIDE, ICM, IML, IMLE, INS, INSE, ISL, ISLE, JDF, JEF, JEFE, JEO, JEOE, KIM, KIME, KMM, KMME, KMP, KOM, KOME, MAD, MADE, MAK, MAKE, MAT, MATE, MET, METE, MIM, MIME, MTO, MTOE, MTR, MUT, MUZ, MUZE, PEM, PEME, PET, PETE, SBP, SBPE, SEH, SES, TEK, TEKE, TEL, THO, UCK, UCKE, UZB, UZBE",,
10846,TUR 101,TUR,LS,Türk Dili I,,Hamide Aliyazıcıoğlu,EEB,Salı,11:30/13:29,,30,15,,"MBI, MCB, SBL, SCE, SEK, SEN, SIN, SIS, SMT, STP",,
10847,TUR 101,TUR,LS,Türk Dili I,,Ömer Tacir,FEB,Perşembe,09:30/11:29,,65,71,,"BIO, BIOE, BLG, BLGE, CAB, CEV, CEVE, CHZ, CHZE, DEN, DENE, ECNE, EHB, EHBE, EHN, ELE, ELH, ELK, ELKE, END, ENDE, EUT, EUTE, FIZ, FIZE, GEM, GEME, GEMK, GEO, GEOE, GID, GIDE, ICM, IML, IMLE, INS, INSE, ISL, ISLE, JDF, JEF, JEFE, JEO, JEOE, KIM, KIME, KMM, KMME, KMP, KOM, KOME, MAD, MADE, MAK, MAKE, MAT, MATE, MET, METE, MIM, MIME, MTO, MTOE, MTR, MUT, MUZ, MUZE, PEM, PEME, PET, PETE, SBP, SBPE, SEH, SES, TEK, TEKE, TEL, THO, UCK, UCKE, UZB, UZBE",,
10848,TUR 101,TUR,LS,Türk Dili I,,Ömer Tacir,FEB,Perşembe,11:30/13:29,,65,81,,"BIO, BIOE, BLG, BLGE, CAB, CEV, CEVE, CHZ, CHZE, DEN, DENE, ECNE, EHB, EHBE, EHN, ELE, ELH, ELK, ELKE, END, ENDE, EUT, EUTE, FIZ, FIZE, GEM, GEME, GEMK, GEO, GEOE, GID, GIDE, ICM, IML, IMLE, INS, INSE, ISL, ISLE, JDF, JEF, JEFE, JEO, JEOE, KIM, KIME, KMM, KMME, KMP, KOM, KOME, MAD, MADE, MAK, MAKE, MAT, MATE, MET, METE, MIM, MIME, MTO, MTOE, MTR, MUT, MUZ, MUZE, PEM, PEME, PET, PETE, SBP, SBPE, SEH, SES, TEK, TEKE, TEL, THO, UCK, UCKE, UZB, UZBE",,
10849,TUR 101,TUR,LS,Türk Dili I,,Hamide Aliyazıcıoğlu,EEB,Salı,13:30/15:29,,65,76,,"BIO, BIOE, BLG, BLGE, CAB, CEV, CEVE, CHZ, CHZE, DEN, DENE, ECNE, EHB, EHBE, EHN, ELE, ELH, ELK, ELKE, END, ENDE, EUT, EUTE, FIZ, FIZE, GEM, GEME, GEMK, GEO, GEOE, GID, GIDE, ICM, IML, IMLE, INS, INSE, ISL, ISLE, JDF, JEF, JEFE, JEO, JEOE, KIM, KIME, KMM, KMME, KMP, KOM, KOME, MAD, MADE, MAK, MAKE, MAT, MATE, MET, METE, MIM, MIME, MTO, MTOE, MTR, MUT, MUZ, MUZE, PEM, PEME, PET, PETE, SBP, SBPE, SEH, SES, TEK, TEKE, TEL, THO, UCK, UCKE, UZB, UZBE",,
10850,TUR 101,TUR,LS,Türk Dili I,,Hamide Aliyazıcıoğlu,EEB,Salı,15:30/17:29,,65,77,,"BIO, BIOE, BLG, BLGE, CAB, CEV, CEVE, CHZ, CHZE, DEN, DENE, ECNE, EHB, EHBE, EHN, ELE, ELH, ELK, ELKE, END, ENDE, EUT, EUTE, FIZ, FIZE, GEM, GEME, GEMK, GEO, GEOE, GID, GIDE, ICM, IML, IMLE, INS, INSE, ISL, ISLE, JDF, JEF, JEFE, JEO, JEOE, KIM, KIME, KMM, KMME, KMP, KOM, KOME, MAD, MADE, MAK, MAKE, MAT, MATE, MET, METE, MIM, MIME, MTO, MTOE, MTR, MUT, MUZ, MUZE, PEM, PEME, PET, PETE, SBP, SBPE, SEH, SES, TEK, TEKE, TEL, THO, UCK, UCKE, UZB, UZBE",,
10852,TUR 101,TUR,LS,Türk Dili I,,Ömer Tacir,FEB,Perşembe,13:30/15:29,,65,66,,"BIO, BIOE, BLG, BLGE, CAB, CEV, CEVE, CHZ, CHZE, DEN, DENE, ECNE, EHB, EHBE, EHN, ELE, ELH, ELK, ELKE, END, ENDE, EUT, EUTE, FIZ, FIZE, GEM, GEME, GEMK, GEO, GEOE, GID, GIDE, ICM, IML, IMLE, INS, INSE, ISL, ISLE, JDF, JEF, JEFE, JEO, JEOE, KIM, KIME, KMM, KMME, KMP, KOM, KOME, MAD, MADE, MAK, MAKE, MAT, MATE, MET, METE, MIM, MIME, MTO, MTOE, MTR, MUT, MUZ, MUZE, PEM, PEME, PET, PETE, SBP, SBPE, SEH, SES, TEK, TEKE, TEL, THO, UCK, UCKE, UZB, UZBE",,
10853,TUR 101,TUR,LS,Türk Dili I,,Mehmet Naci Turay,MDB,Salı,11:30/13:29,,30,14,,"MBI, MCB, SBL, SCE, SEK, SEN, SIN, SIS, SMT, STP",,
10854,TUR 101,TUR,LS,Türk Dili I,,Hamide Aliyazıcıoğlu,INB,Çarşamba,10:30/12:29,,65,78,,"BIO, BIOE, BLG, BLGE, CAB, CEV, CEVE, CHZ, CHZE, DEN, DENE, ECNE, EHB, EHBE, EHN, ELE, ELH, ELK, ELKE, END, ENDE, EUT, EUTE, FIZ, FIZE, GEM, GEME, GEMK, GEO, GEOE, GID, GIDE, ICM, IML, IMLE, INS, INSE, ISL, ISLE, JDF, JEF, JEFE, JEO, JEOE, KIM, KIME, KMM, KMME, KMP, KOM, KOME, MAD, MADE, MAK, MAKE, MAT, MATE, MET, METE, MIM, MIME, MTO, MTOE, MTR, MUT, MUZ, MUZE, PEM, PEME, PET, PETE, SBP, SBPE, SEH, SES, TEK, TEKE, TEL, THO, UCK, UCKE, UZB, UZBE",,
10855,TUR 101,TUR,LS,Türk Dili I,,Hamide Aliyazıcıoğlu,MED,Çarşamba,13:30/15:29,,65,67,,"BIO, BIOE, BLG, BLGE, CAB, CEV, CEVE, CHZ, CHZE, DEN, DENE, ECNE, EHB, EHBE, EHN, ELE, ELH, ELK, ELKE, END, ENDE, EUT, EUTE, FIZ, FIZE, GEM, GEME, GEMK, GEO, GEOE, GID, GIDE, ICM, IML, IMLE, INS, INSE, ISL, ISLE, JDF, JEF, JEFE, JEO, JEOE, KIM, KIME, KMM, KMME, KMP, KOM, KOME, MAD, MADE, MAK, MAKE, MAT, MATE, MET, METE, MIM, MIME, MTO, MTOE, MTR, MUT, MUZ, MUZE, PEM, PEME, PET, PETE, SBP, SBPE, SEH, SES, TEK, TEKE, TEL, THO, UCK, UCKE, UZB, UZBE",,
10856,TUR 101,TUR,LS,Türk Dili I,,Mehmet Naci Turay,MEDB,Pazartesi,13:30/15:29,,65,68,,"BIO, BIOE, BLG, BLGE, CAB, CEV, CEVE, CHZ, CHZE, DEN, DENE, ECNE, EHB, EHBE, EHN, ELE, ELH, ELK, ELKE, END, ENDE, EUT, EUTE, FIZ, FIZE, GEM, GEME, GEMK, GEO, GEOE, GID, GIDE, ICM, IML, IMLE, INS, INSE, ISL, ISLE, JDF, JEF, JEFE, JEO, JEOE, KIM, KIME, KMM, KMME, KMP, KOM, KOME, MAD, MADE, MAK, MAKE, MAT, MATE, MET, METE, MIM, MIME, MTO, MTOE, MTR, MUT, MUZ, MUZE, PEM, PEME, PET, PETE, SBP, SBPE, SEH, SES, TEK, TEKE, TEL, THO, UCK, UCKE, UZB, UZBE",,
10857,TUR 101,TUR,LS,Türk Dili I,,Hamide Aliyazıcıoğlu,MEDB,Cuma,10:30/12:29,,65,71,,"BIO, BIOE, BLG, BLGE, CAB, CEV, CEVE, CHZ, CHZE, DEN, DENE, ECNE, EHB, EHBE, EHN, ELE, ELH, ELK, ELKE, END, ENDE, EUT, EUTE, FIZ, FIZE, GEM, GEME, GEMK, GEO, GEOE, GID, GIDE, ICM, IML, IMLE, INS, INSE, ISL, ISLE, JDF, JEF, JEFE, JEO, JEOE, KIM, KIME, KMM, KMME, KMP, KOM, KOME, MAD, MADE, MAK, MAKE, MAT, MATE, MET, METE, MIM, MIME, MTO, MTOE, MTR, MUT, MUZ, MUZE, PEM, PEME, PET, PETE, SBP, SBPE, SEH, SES, TEK, TEKE, TEL, THO, UCK, UCKE, UZB, UZBE",,
10858,TUR 101,TUR,LS,Türk Dili I,,Mehmet Naci Turay,MEDB,Pazartesi,15:30/17:29,,65,75,,"BIO, BIOE, BLG, BLGE, CAB, CEV, CEVE, CHZ, CHZE, DEN, DENE, ECNE, EHB, EHBE, EHN, ELE, ELH, ELK, ELKE, END, ENDE, EUT, EUTE, FIZ, FIZE, GEM, GEME, GEMK, GEO, GEOE, GID, GIDE, ICM, IML, IMLE, INS, INSE, ISL, ISLE, JDF, JEF, JEFE, JEO, JEOE, KIM, KIME, KMM, KMME, KMP, KOM, KOME, MAD, MADE, MAK, MAKE, MAT, MATE, MET, METE, MIM, MIME, MTO, MTOE, MTR, MUT, MUZ, MUZE, PEM, PEME, PET, PETE, SBP, SBPE, SEH, SES, TEK, TEKE, TEL, THO, UCK, UCKE, UZB, UZBE",,
10859,TUR 101,TUR,LS,Türk Dili I,,Hamide Aliyazıcıoğlu,MEDB,Cuma,13:30/15:29,,65,65,,"BIO, BIOE, BLG, BLGE, CAB, CEV, CEVE, CHZ, CHZE, DEN, DENE, ECNE, EHB, EHBE, EHN, ELE, ELH, ELK, ELKE, END, ENDE, EUT, EUTE, FIZ, FIZE, GEM, GEME, GEMK, GEO, GEOE, GID, GIDE, ICM, IML, IMLE, INS, INSE, ISL, ISLE, JDF, JEF, JEFE, JEO, JEOE, KIM, KIME, KMM, KMME, KMP, KOM, KOME, MAD, MADE, MAK, MAKE, MAT, MATE, MET, METE, MIM, MIME, MTO, MTOE, MTR, MUT, MUZ, MUZE, PEM, PEME, PET, PETE, SBP, SBPE, SEH, SES, TEK, TEKE, TEL, THO, UCK, UCKE, UZB, UZBE",,
10860,TUR 101,TUR,LS,Türk Dili I,,Mehmet Naci Turay,MDB,Salı,15:30/17:29,,65,69,,"BIO, BIOE, BLG, BLGE, CAB, CEV, CEVE, CHZ, CHZE, DEN, DENE, ECNE, EHB, EHBE, EHN, ELE, ELH, ELK, ELKE, END, ENDE, EUT, EUTE, FIZ, FIZE, GEM, GEME, GEMK, GEO, GEOE, GID, GIDE, ICM, IML, IMLE, INS, INSE, ISL, ISLE, JDF, JEF, JEFE, JEO, JEOE, KIM, KIME, KMM, KMME, KMP, KOM, KOME, MAD, MADE, MAK, MAKE, MAT, MATE, MET, METE, MIM, MIME, MTO, MTOE, MTR, MUT, MUZ, MUZE, PEM, PEME, PET, PETE, SBP, SBPE, SEH, SES, TEK, TEKE, TEL, THO, UCK, UCKE, UZB, UZBE",,
10862,TUR 101,TUR,LS,Türk Dili I,,Mehmet Naci Turay,MDB,Salı,13:30/15:29,,65,67,,"BIO, BIOE, BLG, BLGE, CAB, CEV, CEVE, CHZ, CHZE, DEN, DENE, ECNE, EHB, EHBE, EHN, ELE, ELH, ELK, ELKE, END, ENDE, EUT, EUTE, FIZ, FIZE, GEM, GEME, GEMK, GEO, GEOE, GID, GIDE, ICM, IML, IMLE, INS, INSE, ISL, ISLE, JDF, JEF, JEFE, JEO, JEOE, KIM, KIME, KMM, KMME, KMP, KOM, KOME, MAD, MADE, MAK, MAKE, MAT, MATE, MET, METE, MIM, MIME, MTO, MTOE, MTR, MUT, MUZ, MUZE, PEM, PEME, PET, PETE, SBP, SBPE, SEH, SES, TEK, TEKE, TEL, THO, UCK, UCKE, UZB, UZBE",,
10863,TUR 101,TUR,LS,Türk Dili I,,Mehmet Naci Turay,MMB,Çarşamba,10:30/12:29,,65,64,,"BIO, BIOE, BLG, BLGE, CAB, CEV, CEVE, CHZ, CHZE, DEN, DENE, ECNE, EHB, EHBE, EHN, ELE, ELH, ELK, ELKE, END, ENDE, EUT, EUTE, FIZ, FIZE, GEM, GEME, GEMK, GEO, GEOE, GID, GIDE, ICM, IML, IMLE, INS, INSE, ISL, ISLE, JDF, JEF, JEFE, JEO, JEOE, KIM, KIME, KMM, KMME, KMP, KOM, KOME, MAD, MADE, MAK, MAKE, MAT, MATE, MET, METE, MIM, MIME, MTO, MTOE, MTR, MUT, MUZ, MUZE, PEM, PEME, PET, PETE, SBP, SBPE, SEH, SES, TEK, TEKE, TEL, THO, UCK, UCKE, UZB, UZBE",,
10864,TUR 101,TUR,LS,Türk Dili I,,Mehmet Naci Turay,MMB,Çarşamba,13:30/15:29,,65,64,,"BIO, BIOE, BLG, BLGE, CAB, CEV, CEVE, CHZ, CHZE, DEN, DENE, ECNE, EHB, EHBE, EHN, ELE, ELH, ELK, ELKE, END, ENDE, EUT, EUTE, FIZ, FIZE, GEM, GEME, GEMK, GEO, GEOE, GID, GIDE, ICM, IML, IMLE, INS, INSE, ISL, ISLE, JDF, JEF, JEFE, JEO, JEOE, KIM, KIME, KMM, KMME, KMP, KOM, KOME, MAD, MADE, MAK, MAKE, MAT, MATE, MET, METE, MIM, MIME, MTO, MTOE, MTR, MUT, MUZ, MUZE, PEM, PEME, PET, PETE, SBP, SBPE, SEH, SES, TEK, TEKE, TEL, THO, UCK, UCKE, UZB, UZBE",,
10866,TUR 101,TUR,LS,Türk Dili I,,Özlem Kara,MKB,Salı,15:30/17:29,,65,69,,"BIO, BIOE, BLG, BLGE, CAB, CEV, CEVE, CHZ, CHZE, DEN, DENE, ECNE, EHB, EHBE, EHN, ELE, ELH, ELK, ELKE, END, ENDE, EUT, EUTE, FIZ, FIZE, GEM, GEME, GEMK, GEO, GEOE, GID, GIDE, ICM, IML, IMLE, INS, INSE, ISL, ISLE, JDF, JEF, JEFE, JEO, JEOE, KIM, KIME, KMM, KMME, KMP, KOM, KOME, MAD, MADE, MAK, MAKE, MAT, MATE, MET, METE, MIM, MIME, MTO, MTOE, MTR, MUT, MUZ, MUZE, PEM, PEME, PET, PETE, SBP, SBPE, SEH, SES, TEK, TEKE, TEL, THO, UCK, UCKE, UZB, UZBE",,
10867,TUR 101,TUR,LS,Türk Dili I,,Hasan Ulucutsoy,INB,Pazartesi,08:30/10:29,,65,83,,"BIO, BIOE, BLG, BLGE, CAB, CEV, CEVE, CHZ, CHZE, DEN, DENE, ECNE, EHB, EHBE, EHN, ELE, ELH, ELK, ELKE, END, ENDE, EUT, EUTE, FIZ, FIZE, GEM, GEME, GEMK, GEO, GEOE, GID, GIDE, ICM, IML, IMLE, INS, INSE, ISL, ISLE, JDF, JEF, JEFE, JEO, JEOE, KIM, KIME, KMM, KMME, KMP, KOM, KOME, MAD, MADE, MAK, MAKE, MAT, MATE, MET, METE, MIM, MIME, MTO, MTOE, MTR, MUT, MUZ, MUZE, PEM, PEME, PET, PETE, SBP, SBPE, SEH, SES, TEK, TEKE, TEL, THO, UCK, UCKE, UZB, UZBE",,
10870,TUR 101,TUR,LS,Türk Dili I,,Özlem Kara,MKB,Salı,13:30/15:29,,65,65,,"BIO, BIOE, BLG, BLGE, CAB, CEV, CEVE, CHZ, CHZE, DEN, DENE, ECNE, EHB, EHBE, EHN, ELE, ELH, ELK, ELKE, END, ENDE, EUT, EUTE, FIZ, FIZE, GEM, GEME, GEMK, GEO, GEOE, GID, GIDE, ICM, IML, IMLE, INS, INSE, ISL, ISLE, JDF, JEF, JEFE, JEO, JEOE, KIM, KIME, KMM, KMME, KMP, KOM, KOME, MAD, MADE, MAK, MAKE, MAT, MATE, MET, METE, MIM, MIME, MTO, MTOE, MTR, MUT, MUZ, MUZE, PEM, PEME, PET, PETE, SBP, SBPE, SEH, SES, TEK, TEKE, TEL, THO, UCK, UCKE, UZB, UZBE",,
10871,TUR 101,TUR,LS,Türk Dili I,,Özlem Kara,INB,Çarşamba,10:30/12:29,,65,72,,"BIO, BIOE, BLG, BLGE, CAB, CEV, CEVE, CHZ, CHZE, DEN, DENE, ECNE, EHB, EHBE, EHN, ELE, ELH, ELK, ELKE, END, ENDE, EUT, EUTE, FIZ, FIZE, GEM, GEME, GEMK, GEO, GEOE, GID, GIDE, ICM, IML, IMLE, INS, INSE, ISL, ISLE, JDF, JEF, JEFE, JEO, JEOE, KIM, KIME, KMM, KMME, KMP, KOM, KOME, MAD, MADE, MAK, MAKE, MAT, MATE, MET, METE, MIM, MIME, MTO, MTOE, MTR, MUT, MUZ, MUZE, PEM, PEME, PET, PETE, SBP, SBPE, SEH, SES, TEK, TEKE, TEL, THO, UCK, UCKE, UZB, UZBE",,
10872,TUR 102,TUR,LS,Türk Dili II,,Hasan Ulucutsoy,INB,Pazartesi,10:30/12:29,,65,68,,"BIO, BIOE, BLG, BLGE, CAB, CEV, CEVE, CHZ, CHZE, DEN, DENE, ECNE, EHB, EHBE, EHN, ELE, ELH, ELK, ELKE, END, ENDE, EUT, EUTE, FIZ, FIZE, GEM, GEME, GEMK, GEO, GEOE, GID, GIDE, ICM, IML, IMLE, INS, INSE, ISL, ISLE, JDF, JEF, JEFE, JEO, JEOE, KIM, KIME, KMM, KMME, KMP, KOM, KOME, MAD, MADE, MAK, MAKE, MAT, MATE, MET, METE, MIM, MIME, MTO, MTOE, MTR, MUT, MUZ, MUZE, PEM, PEME, PET, PETE, SBP, SBPE, SEH, SES, TEK, TEKE, TEL, THO, UCK, UCKE, UZB, UZBE",,
10875,TUR 101,TUR,LS,Türk Dili I,,Özlem Kara,MKB,Perşembe,10:30/12:29,,65,63,,"BIO, BIOE, BLG, BLGE, CAB, CEV, CEVE, CHZ, CHZE, DEN, DENE, ECNE, EHB, EHBE, EHN, ELE, ELH, ELK, ELKE, END, ENDE, EUT, EUTE, FIZ, FIZE, GEM, GEME, GEMK, GEO, GEOE, GID, GIDE, ICM, IML, IMLE, INS, INSE, ISL, ISLE, JDF, JEF, JEFE, JEO, JEOE, KIM, KIME, KMM, KMME, KMP, KOM, KOME, MAD, MADE, MAK, MAKE, MAT, MATE, MET, METE, MIM, MIME, MTO, MTOE, MTR, MUT, MUZ, MUZE, PEM, PEME, PET, PETE, SBP, SBPE, SEH, SES, TEK, TEKE, TEL, THO, UCK, UCKE, UZB, UZBE",,
10880,TUR 101,TUR,LS,Türk Dili I,,Özlem Kara,MKB,Perşembe,13:30/15:29,,65,64,,"BIO, BIOE, BLG, BLGE, CAB, CEV, CEVE, CHZ, CHZE, DEN, DENE, ECNE, EHB, EHBE, EHN, ELE, ELH, ELK, ELKE, END, ENDE, EUT, EUTE, FIZ, FIZE, GEM, GEME, GEMK, GEO, GEOE, GID, GIDE, ICM, IML, IMLE, INS, INSE, ISL, ISLE, JDF, JEF, JEFE, JEO, JEOE, KIM, KIME, KMM, KMME, KMP, KOM, KOME, MAD, MADE, MAK, MAKE, MAT, MATE, MET, METE, MIM, MIME, MTO, MTOE, MTR, MUT, MUZ, MUZE, PEM, PEME, PET, PETE, SBP, SBPE, SEH, SES, TEK, TEKE, TEL, THO, UCK, UCKE, UZB, UZBE",,
10883,TUR 101,TUR,LS,Türk Dili I,,Özlem Kara,INB,Çarşamba,13:30/15:29,,65,64,,"BIO, BIOE, BLG, BLGE, CAB, CEV, CEVE, CHZ, CHZE, DEN, DENE, ECNE, EHB, EHBE, EHN, ELE, ELH, ELK, ELKE, END, ENDE, EUT, EUTE, FIZ, FIZE, GEM, GEME, GEMK, GEO, GEOE, GID, GIDE, ICM, IML, IMLE, INS, INSE, ISL, ISLE, JDF, JEF, JEFE, JEO, JEOE, KIM, KIME, KMM, KMME, KMP, KOM, KOME, MAD, MADE, MAK, MAKE, MAT, MATE, MET, METE, MIM, MIME, MTO, MTOE, MTR, MUT, MUZ, MUZE, PEM, PEME, PET, PETE, SBP, SBPE, SEH, SES, TEK, TEKE, TEL, THO, UCK, UCKE, UZB, UZBE",,
10884,TUR 102,TUR,LS,Türk Dili II,,Hasan Ulucutsoy,MDB,Pazartesi,15:30/17:29,,65,66,,"BIO, BIOE, BLG, BLGE, CAB, CEV, CEVE, CHZ, CHZE, DEN, DENE, ECNE, EHB, EHBE, EHN, ELE, ELH, ELK, ELKE, END, ENDE, EUT, EUTE, FIZ, FIZE, GEM, GEME, GEMK, GEO, GEOE, GID, GIDE, ICM, IML, IMLE, INS, INSE, ISL, ISLE, JDF, JEF, JEFE, JEO, JEOE, KIM, KIME, KMM, KMME, KMP, KOM, KOME, MAD, MADE, MAK, MAKE, MAT, MATE, MET, METE, MIM, MIME, MTO, MTOE, MTR, MUT, MUZ, MUZE, PEM, PEME, PET, PETE, SBP, SBPE, SEH, SES, TEK, TEKE, TEL, THO, UCK, UCKE, UZB, UZBE",,
10888,TUR 101,TUR,LS,Türk Dili I,,Hasan Ulucutsoy,MED,Salı,08:30/10:29,,65,84,,"BIO, BIOE, BLG, BLGE, CAB, CEV, CEVE, CHZ, CHZE, DEN, DENE, ECNE, EHB, EHBE, EHN, ELE, ELH, ELK, ELKE, END, ENDE, EUT, EUTE, FIZ, FIZE, GEM, GEME, GEMK, GEO, GEOE, GID, GIDE, ICM, IML, IMLE, INS, INSE, ISL, ISLE, JDF, JEF, JEFE, JEO, JEOE, KIM, KIME, KMM, KMME, KMP, KOM, KOME, MAD, MADE, MAK, MAKE, MAT, MATE, MET, METE, MIM, MIME, MTO, MTOE, MTR, MUT, MUZ, MUZE, PEM, PEME, PET, PETE, SBP, SBPE, SEH, SES, TEK, TEKE, TEL, THO, UCK, UCKE, UZB, UZBE",,
10895,TUR 101,TUR,LS,Türk Dili I,,Hasan Ulucutsoy,MED,Salı,11:30/13:29,,30,19,,"MBI, MCB, SBL, SCE, SEK, SEN, SIN, SIS, SMT, STP",,
10905,BIL 100E,BIL,LS,Intr.to Prog.Language(PYTHON),,Ömer Özyıldırım,MED | MED,Pazartesi | Pazartesi,10:30/11:29 | 11:30/13:29,,40,41,,"ECNE, ISL, ISLE, MET, METE",,
10910,BIL 100E,BIL,LS,Intr.to Prog.Language(PYTHON),,Ömer Özyıldırım,MED | MED,Pazartesi | Pazartesi,14:30/15:29 | 15:30/17:29,,40,33,,"FIZ, FIZE, KIM, KIME, MAT, MATE",,
10914,BIL 100E,BIL,LS,Intr.to Prog.Language(PYTHON),,Ömer Özyıldırım,MED | MED,Salı | Salı,10:30/11:29 | 11:30/13:29,,40,44,,"GEM, GEME, MAK, MAKE, METE, TEK, TEKE",,
10920,BIL 100E,BIL,LS,Intr.to Prog.Language(PYTHON),,Ömer Özyıldırım,MED | MED,Salı | Salı,14:30/15:29 | 15:30/17:29,,40,29,,"EUT, EUTE, GEM, GEME, ICM, MAK, MAKE, PEM, PEME, TEK, TEKE",,
10924,BIL 100E,BIL,LS,Intr.to Prog.Language(PYTHON),,Evren Dağlarlı,MED | MED,Pazartesi | Pazartesi,10:30/11:29 | 11:30/13:29,,40,28,,"ECNE, END, ENDE, ISL, ISLE",,
10925,BIL 100E,BIL,LS,Intr.to Prog.Language(PYTHON),,Evren Dağlarlı,MED | MED,Pazartesi | Pazartesi,14:30/15:29 | 15:30/17:29,,40,19,,"FIZ, FIZE, KIM, KIME, MAT, MATE, MIM, MIME, SBP, SBPE",,
10926,BIL 100E,BIL,LS,Intr.to Prog.Language(PYTHON),,Evren Dağlarlı,MED | MED,Salı | Salı,10:30/11:29 | 11:30/13:29,,40,40,,"DEN, DENE, IML, IMLE",,
10927,BIL 100E,BIL,LS,Intr.to Prog.Language(PYTHON),,Evren Dağlarlı,MED | MED,Salı | Salı,14:30/15:29 | 15:30/17:29,,40,18,,"DEN, DENE, EUT, EUTE, ICM, IML, IMLE, PEM, PEME",,
10928,BIL 100E,BIL,LS,Intr.to Prog.Language(PYTHON),,Erke Arıbaş,MED | MED,Çarşamba | Çarşamba,09:30/10:29 | 10:30/12:29,,40,33,,"MTO, MTOE, UCK, UCKE, UZB, UZBE",,
10929,BIL 100E,BIL,LS,Intr.to Prog.Language(PYTHON),,Erke Arıbaş,MED | MED,Çarşamba | Çarşamba,12:30/13:29 | 13:30/15:29,,40,40,,"CHZ, CHZE, JEF, JEFE, JEO, JEOE, MAD, MADE, PET, PETE",,
10930,BIL 100E,BIL,LS,Intr.to Prog.Language(PYTHON),,Erke Arıbaş,MED | MED,Perşembe | Perşembe,10:30/11:29 | 11:30/13:29,,40,41,,"GID, GIDE, MET, METE, MIM, MIME, SBP, SBPE",,
10931,BIL 100E,BIL,LS,Intr.to Prog.Language(PYTHON),,Erke Arıbaş,MED | MED,Perşembe | Perşembe,14:30/15:29 | 15:30/17:29,,40,34,,"GID, GIDE, KMM, KMME, MIM, MIME, SBP, SBPE",,
10932,BIL 100E,BIL,LS,Intr.to Prog.Language(PYTHON),,Berfin Kalay,MED | MED,Çarşamba | Çarşamba,09:30/10:29 | 10:30/12:29,,40,39,,"MAK, MAKE, MTO, MTOE, UCK, UCKE, UZB, UZBE",,
10933,BIL 100E,BIL,LS,Intr.to Prog.Language(PYTHON),,Berfin Kalay,MED | MED,Çarşamba | Çarşamba,12:30/13:29 | 13:30/15:29,,40,43,,"CEV, CEVE, GEM, GEME, GID, GIDE, MAK, MAKE, MET, METE, TEK, TEKE",,
10934,BIL 100E,BIL,LS,Intr.to Prog.Language(PYTHON),,Berfin Kalay,MED | MED,Perşembe | Perşembe,10:30/11:29 | 11:30/13:29,,40,45,,"GID, GIDE, MET, METE",,
10937,TUR 101,TUR,LS,Türk Dili I,,Timur Aydın,INB,Salı,13:30/15:29,,65,72,,"BIO, BIOE, BLG, BLGE, CAB, CEV, CEVE, CHZ, CHZE, DEN, DENE, ECNE, EHB, EHBE, EHN, ELE, ELH, ELK, ELKE, END, ENDE, EUT, EUTE, FIZ, FIZE, GEM, GEME, GEMK, GEO, GEOE, GID, GIDE, ICM, IML, IMLE, INS, INSE, ISL, ISLE, JDF, JEF, JEFE, JEO, JEOE, KIM, KIME, KMM, KMME, KMP, KOM, KOME, MAD, MADE, MAK, MAKE, MAT, MATE, MET, METE, MIM, MIME, MTO, MTOE, MTR, MUT, MUZ, MUZE, PEM, PEME, PET, PETE, SBP, SBPE, SEH, SES, TEK, TEKE, TEL, THO, UCK, UCKE, UZB, UZBE",,
10938,TUR 102,TUR,LS,Türk Dili II,,Hasan Ulucutsoy,INB,Perşembe,08:30/10:29,,65,64,,"BIO, BIOE, BLG, BLGE, CAB, CEV, CEVE, CHZ, CHZE, DEN, DENE, ECNE, EHB, EHBE, EHN, ELE, ELH, ELK, ELKE, END, ENDE, EUT, EUTE, FIZ, FIZE, GEM, GEME, GEMK, GEO, GEOE, GID, GIDE, ICM, IML, IMLE, INS, INSE, ISL, ISLE, JDF, JEF, JEFE, JEO, JEOE, KIM, KIME, KMM, KMME, KMP, KOM, KOME, MAD, MADE, MAK, MAKE, MAT, MATE, MET, METE, MIM, MIME, MTO, MTOE, MTR, MUT, MUZ, MUZE, PEM, PEME, PET, PETE, SBP, SBPE, SEH, SES, TEK, TEKE, TEL, THO, UCK, UCKE, UZB, UZBE",,
10939,TUR 102,TUR,LS,Türk Dili II,,Hasan Ulucutsoy,INB,Perşembe,10:30/12:29,,65,63,,"BIO, BIOE, BLG, BLGE, CAB, CEV, CEVE, CHZ, CHZE, DEN, DENE, ECNE, EHB, EHBE, EHN, ELE, ELH, ELK, ELKE, END, ENDE, EUT, EUTE, FIZ, FIZE, GEM, GEME, GEMK, GEO, GEOE, GID, GIDE, ICM, IML, IMLE, INS, INSE, ISL, ISLE, JDF, JEF, JEFE, JEO, JEOE, KIM, KIME, KMM, KMME, KMP, KOM, KOME, MAD, MADE, MAK, MAKE, MAT, MATE, MET, METE, MIM, MIME, MTO, MTOE, MTR, MUT, MUZ, MUZE, PEM, PEME, PET, PETE, SBP, SBPE, SEH, SES, TEK, TEKE, TEL, THO, UCK, UCKE, UZB, UZBE",,
10940,TUR 101,TUR,LS,Türk Dili I,,Hasan Ulucutsoy,INB,Perşembe,13:30/15:29,,34,35,,"BIO, BIOE, BLG, BLGE, CAB, CEV, CEVE, CHZ, CHZE, DEN, DENE, ECNE, EHB, EHBE, EHN, ELE, ELH, ELK, ELKE, END, ENDE, EUT, EUTE, FIZ, FIZE, GEM, GEME, GEMK, GEO, GEOE, GID, GIDE, ICM, IML, IMLE, INS, INSE, ISL, ISLE, JDF, JEF, JEFE, JEO, JEOE, KIM, KIME, KMM, KMME, KMP, KOM, KOME, MAD, MADE, MAK, MAKE, MAT, MATE, MET, METE, MIM, MIME, MTO, MTOE, MTR, MUT, MUZ, MUZE, PEM, PEME, PET, PETE, SBP, SBPE, SEH, SES, TEK, TEKE, TEL, THO, UCK, UCKE, UZB, UZBE",,
10941,TUR 101,TUR,LS,Türk Dili I,,Hasan Ulucutsoy,INB,Perşembe,15:30/17:29,,65,77,,"BIO, BIOE, BLG, BLGE, CAB, CEV, CEVE, CHZ, CHZE, DEN, DENE, ECNE, EHB, EHBE, EHN, ELE, ELH, ELK, ELKE, END, ENDE, EUT, EUTE, FIZ, FIZE, GEM, GEME, GEMK, GEO, GEOE, GID, GIDE, ICM, IML, IMLE, INS, INSE, ISL, ISLE, JDF, JEF, JEFE, JEO, JEOE, KIM, KIME, KMM, KMME, KMP, KOM, KOME, MAD, MADE, MAK, MAKE, MAT, MATE, MET, METE, MIM, MIME, MTO, MTOE, MTR, MUT, MUZ, MUZE, PEM, PEME, PET, PETE, SBP, SBPE, SEH, SES, TEK, TEKE, TEL, THO, UCK, UCKE, UZB, UZBE",,
10942,TUR 101,TUR,LS,Türk Dili I,,Timur Aydın,INB,Perşembe,10:30/12:29,,65,66,,"BIO, BIOE, BLG, BLGE, CAB, CEV, CEVE, CHZ, CHZE, DEN, DENE, ECNE, EHB, EHBE, EHN, ELE, ELH, ELK, ELKE, END, ENDE, EUT, EUTE, FIZ, FIZE, GEM, GEME, GEMK, GEO, GEOE, GID, GIDE, ICM, IML, IMLE, INS, INSE, ISL, ISLE, JDF, JEF, JEFE, JEO, JEOE, KIM, KIME, KMM, KMME, KMP, KOM, KOME, MAD, MADE, MAK, MAKE, MAT, MATE, MET, METE, MIM, MIME, MTO, MTOE, MTR, MUT, MUZ, MUZE, PEM, PEME, PET, PETE, SBP, SBPE, SEH, SES, TEK, TEKE, TEL, THO, UCK, UCKE, UZB, UZBE",,
10943,TUR 101,TUR,LS,Türk Dili I,,Timur Aydın,INB,Perşembe,13:30/15:29,,65,64,,"BIO, BIOE, BLG, BLGE, CAB, CEV, CEVE, CHZ, CHZE, DEN, DENE, ECNE, EHB, EHBE, EHN, ELE, ELH, ELK, ELKE, END, ENDE, EUT, EUTE, FIZ, FIZE, GEM, GEME, GEMK, GEO, GEOE, GID, GIDE, ICM, IML, IMLE, INS, INSE, ISL, ISLE, JDF, JEF, JEFE, JEO, JEOE, KIM, KIME, KMM, KMME, KMP, KOM, KOME, MAD, MADE, MAK, MAKE, MAT, MATE, MET, METE, MIM, MIME, MTO, MTOE, MTR, MUT, MUZ, MUZE, PEM, PEME, PET, PETE, SBP, SBPE, SEH, SES, TEK, TEKE, TEL, THO, UCK, UCKE, UZB, UZBE",,
10944,TUR 101,TUR,LS,Türk Dili I,,Hasan Ulucutsoy,INB,Cuma,08:30/10:29,,65,75,,"BIO, BIOE, BLG, BLGE, CAB, CEV, CEVE, CHZ, CHZE, DEN, DENE, ECNE, EHB, EHBE, EHN, ELE, ELH, ELK, ELKE, END, ENDE, EUT, EUTE, FIZ, FIZE, GEM, GEME, GEMK, GEO, GEOE, GID, GIDE, ICM, IML, IMLE, INS, INSE, ISL, ISLE, JDF, JEF, JEFE, JEO, JEOE, KIM, KIME, KMM, KMME, KMP, KOM, KOME, MAD, MADE, MAK, MAKE, MAT, MATE, MET, METE, MIM, MIME, MTO, MTOE, MTR, MUT, MUZ, MUZE, PEM, PEME, PET, PETE, SBP, SBPE, SEH, SES, TEK, TEKE, TEL, THO, UCK, UCKE, UZB, UZBE",,
10945,TUR 102,TUR,LS,Türk Dili II,,Hasan Ulucutsoy,INB,Cuma,10:30/12:29,,65,68,,"BIO, BIOE, BLG, BLGE, CAB, CEV, CEVE, CHZ, CHZE, DEN, DENE, ECNE, EHB, EHBE, EHN, ELE, ELH, ELK, ELKE, END, ENDE, EUT, EUTE, FIZ, FIZE, GEM, GEME, GEMK, GEO, GEOE, GID, GIDE, ICM, IML, IMLE, INS, INSE, ISL, ISLE, JDF, JEF, JEFE, JEO, JEOE, KIM, KIME, KMM, KMME, KMP, KOM, KOME, MAD, MADE, MAK, MAKE, MAT, MATE, MET, METE, MIM, MIME, MTO, MTOE, MTR, MUT, MUZ, MUZE, PEM, PEME, PET, PETE, SBP, SBPE, SEH, SES, TEK, TEKE, TEL, THO, UCK, UCKE, UZB, UZBE",,
10946,TUR 102,TUR,LS,Türk Dili II,,Hasan Ulucutsoy,INB,Cuma,13:30/15:29,,65,65,,"BIO, BIOE, BLG, BLGE, CAB, CEV, CEVE, CHZ, CHZE, DEN, DENE, ECNE, EHB, EHBE, EHN, ELE, ELH, ELK, ELKE, END, ENDE, EUT, EUTE, FIZ, FIZE, GEM, GEME, GEMK, GEO, GEOE, GID, GIDE, ICM, IML, IMLE, INS, INSE, ISL, ISLE, JDF, JEF, JEFE, JEO, JEOE, KIM, KIME, KMM, KMME, KMP, KOM, KOME, MAD, MADE, MAK, MAKE, MAT, MATE, MET, METE, MIM, MIME, MTO, MTOE, MTR, MUT, MUZ, MUZE, PEM, PEME, PET, PETE, SBP, SBPE, SEH, SES, TEK, TEKE, TEL, THO, UCK, UCKE, UZB, UZBE",,
10947,TUR 102,TUR,LS,Türk Dili II,,Hasan Ulucutsoy,INB,Cuma,15:30/17:29,,65,63,,"BIO, BIOE, BLG, BLGE, CAB, CEV, CEVE, CHZ, CHZE, DEN, DENE, ECNE, EHB, EHBE, EHN, ELE, ELH, ELK, ELKE, END, ENDE, EUT, EUTE, FIZ, FIZE, GEM, GEME, GEMK, GEO, GEOE, GID, GIDE, ICM, IML, IMLE, INS, INSE, ISL, ISLE, JDF, JEF, JEFE, JEO, JEOE, KIM, KIME, KMM, KMME, KMP, KOM, KOME, MAD, MADE, MAK, MAKE, MAT, MATE, MET, METE, MIM, MIME, MTO, MTOE, MTR, MUT, MUZ, MUZE, PEM, PEME, PET, PETE, SBP, SBPE, SEH, SES, TEK, TEKE, TEL, THO, UCK, UCKE, UZB, UZBE",,
10948,TUR 101,TUR,LS,Türk Dili I,,Timur Aydın,MMB,Cuma,08:30/10:29,,60,8,,"CAB, KMP, MTR, MUT, MUZ, MUZE, SES, THO",,
10949,BIL 100E,BIL,LS,Intr.to Prog.Language(PYTHON),,Berfin Kalay,MED | MED,Perşembe | Perşembe,14:30/15:29 | 15:30/17:29,,40,41,,"GID, GIDE, MET, METE",,
10950,TUR 101,TUR,LS,Türk Dili I,,Timur Aydın,MMB,Cuma,10:30/12:29,,65,72,,"BIO, BIOE, BLG, BLGE, CAB, CEV, CEVE, CHZ, CHZE, DEN, DENE, ECNE, EHB, EHBE, EHN, ELE, ELH, ELK, ELKE, END, ENDE, EUT, EUTE, FIZ, FIZE, GEM, GEME, GEMK, GEO, GEOE, GID, GIDE, ICM, IML, IMLE, INS, INSE, ISL, ISLE, JDF, JEF, JEFE, JEO, JEOE, KIM, KIME, KMM, KMME, KMP, KOM, KOME, MAD, MADE, MAK, MAKE, MAT, MATE, MET, METE, MIM, MIME, MTO, MTOE, MTR, MUT, MUZ, MUZE, PEM, PEME, PET, PETE, SBP, SBPE, SEH, SES, TEK, TEKE, TEL, THO, UCK, UCKE, UZB, UZBE",,
10951,TUR 101,TUR,LS,Türk Dili I,,Timur Aydın,MMB,Cuma,13:30/15:29,,65,65,,"BIO, BIOE, BLG, BLGE, CAB, CEV, CEVE, CHZ, CHZE, DEN, DENE, ECNE, EHB, EHBE, EHN, ELE, ELH, ELK, ELKE, END, ENDE, EUT, EUTE, FIZ, FIZE, GEM, GEME, GEMK, GEO, GEOE, GID, GIDE, ICM, IML, IMLE, INS, INSE, ISL, ISLE, JDF, JEF, JEFE, JEO, JEOE, KIM, KIME, KMM, KMME, KMP, KOM, KOME, MAD, MADE, MAK, MAKE, MAT, MATE, MET, METE, MIM, MIME, MTO, MTOE, MTR, MUT, MUZ, MUZE, PEM, PEME, PET, PETE, SBP, SBPE, SEH, SES, TEK, TEKE, TEL, THO, UCK, UCKE, UZB, UZBE",,
10952,BIL 100E,BIL,LS,Intr.to Prog.Language(PYTHON),,Gülcihan Özdemir,MED | MED,Cuma | Cuma,10:30/11:29 | 11:30/13:29,,40,20,,"CEV, CEVE, MAK, MAKE, MET, METE, SBP, SBPE",,
10953,BIL 100E,BIL,LS,Intr.to Prog.Language(PYTHON),,Gülcihan Özdemir,MED | MED,Cuma | Cuma,14:30/15:29 | 15:30/17:29,,40,34,,"ECNE, ISL, ISLE",,
10954,BIL 100E,BIL,LS,Intr.to Prog.Language(PYTHON),,Özgür Atalay,MED | MED,Cuma | Cuma,10:30/11:29 | 11:30/13:29,,40,33,,"ISL, ISLE",,
10955,BIL 100E,BIL,LS,Intr.to Prog.Language(PYTHON),,Özgür Atalay,MED | MED,Cuma | Cuma,14:30/15:29 | 15:30/17:29,,40,39,,"ECNE, END, ENDE, ISL, ISLE",,
10956,KIM 204,KIM,LS,Genel Kimya II,,Şennur Özçelik,MED,Çarşamba,08:30/11:29,,25,14,,"CHZ, DEN, ELE, ELH, ELK, GEM, JEO, MAD, MET, PET, TEL",,
10957,MTH 111,MTH,LS,Linear Algebra,,Gökhan İnce,EEB,Perşembe,14:30/17:29,,30,27,,"SBL, SEK, SEN",,
10958,ISE 101,ISE,LS,Intro.to Information Sys. and,,Mustafa Ersel Kamaşak,EEB | EEB,Perşembe | Cuma,09:30/12:29 | 14:30/16:29,,45,25,,SBL,,
10959,ISE 302,ISE,LS,Operating Systems,,Tolga Ovatman,EEB,Çarşamba,12:30/15:29,,45,21,,SBL,,
10960,ISE 304,ISE,LS,SW Engineering,,Ahmet Cüneyd Tantuğ,EEB,Cuma,09:30/12:29,,45,18,,SBL,,
10961,ISE 308,ISE,LS,Artifical Intell. & Expert Sys,,Şerif Bahtiyar,EEB,Salı,09:30/12:29,,45,19,,SBL,,
10962,ISE 100,ISE,LS,Orientation,,--,EEB,Pazartesi,14:30/15:29,,0,0,,SBL,,
10963,ISE 315,ISE,LS,Analysis of Algorithms,,Hazım Kemal Ekenel,MED | MDB,Pazartesi | Pazartesi,08:30/11:29 | 14:30/16:29,,45,22,,SBL,,
10964,MTH 301,MTH,LS,Numerical Methods,,Yusuf Yaslan,EEB,Perşembe,09:30/12:29,,45,18,,SBL,,
10965,GID 111E,GID,LS,Int.to Food Eng.and Ethics,,Aslı Can Karaça,KMB,Çarşamba,12:30/15:29,,80,87,,GID,,
10966,GID 221E,GID,LS,Food Chemistry,,"Esra Çapanoğlu Güven, Aslı Can Karaça, Neşe Şahin Yeşilçubuk",KMB,Pazartesi,08:30/11:29,,80,74,,"GID, GIDE, GIDM",,
10967,GID 211E,GID,LS,Mass and Energy Balances,,Meral Kılıç Akyılmaz,KMB,Salı,09:30/12:29,,85,80,,"GID, GIDE",,
10968,GID 311,GID,LS,Gıda Mikrobiyolojisi,,Pervin Başaran Akocak,KMB,Perşembe,09:30/12:29,,80,67,,"GID, GIDM",,
10969,GID 311E,GID,LS,Food Microbiology,,Hatice Funda Karbancıoğlu Güler,KMB,Perşembe,09:30/12:29,,5,1,,GIDE,,
10970,GID 323,GID,LS,Gıda Mikrobiyolojisi Lab,,Hatice Funda Karbancıoğlu Güler,KMB,Salı,08:30/12:29,,30,31,,GID,,
10971,KMM 111,KMM,LS,Kimya Müh. Giriş ve Etik,,Mehmet Ferhat Yardım,KMB,Çarşamba,14:30/15:29,,70,95,,KMM,,
10972,GID 323,GID,LS,Gıda Mikrobiyolojisi Lab,,Hatice Funda Karbancıoğlu Güler,KMB,Salı,13:30/17:29,,30,25,,GID,,
10973,KMM 211,KMM,LS,Kütle ve Enerji Denklikleri,,Fatoş Yüksel Güvenilir,KMB,Salı,13:30/16:29,,45,45,,"KMM, KMMM",,
10974,GID 321E,GID,LS,Food Microbiology I Lab.,,Esra Çapanoğlu Güven,KMB,Salı,08:30/11:29,,5,4,,GIDE,,
10975,KMM 211,KMM,LS,Kütle ve Enerji Denklikleri,,Fatma Elif Genceli Güner,KMB,Salı,13:30/16:29,,45,42,,"KMM, KMMM",,
10976,KMM 211E,KMM,LS,Mass and Energy Balances,,Melek Mümine Erol Taygun,KMB,Salı,13:30/16:29,,20,1,,KMME,,
10977,KMM 311E,KMM,LS,Thermodynamics II,,Gamze Gümüşlü Gür,KMB,Perşembe,09:30/12:29,,40,34,,"KMM, KMME, KMMM",,
10978,GID 341E,GID,LS,Heat Transfer,,--,KMB,Perşembe,13:30/16:29,,0,0,,GIDE,,
10979,KMM 321E,KMM,LS,Heat Transfer,,Fatma Elif Genceli Güner,KMB,Pazartesi,13:30/16:29,,30,36,,"KMM, KMME, KMMM",,
10980,KMM 331,KMM,LS,Kütle Aktarımı,,Gülhayat Saygılı,KMB,Pazartesi,09:30/12:29,,40,38,,"KMM, KMMM",,
10981,KMM 331E,KMM,LS,Mass Transfer,,Moiz Elnekave,KMB,Pazartesi,09:30/12:29,,30,6,,KMME,,
10982,KMM 332,KMM,LS,Ayırma İşlemleri,,Gülhayat Saygılı,KMB | KMB,Salı | Perşembe,13:30/15:29 | 13:30/15:29,,33,36,,"KMM, KMMM",,
10983,KMM 411,KMM,LS,Proses Kontrol,,Serdar Yaman,KMB,Pazartesi,13:30/16:29,,41,42,,KMM,,
10984,KMM 411E,KMM,LS,Process Control,,Devrim Barış Kaymak,KMB,Pazartesi,13:30/16:29,,41,40,,"KMM, KMME, KMMM",,
10985,KMM 412,KMM,LS,Kimyasal Teknolojiler,,Melek Tüter,KMB,Cuma,13:30/16:29,,40,41,,"KMM, KMMM",,
10986,KMM 412E,KMM,LS,Chemical Technologies,,Hale Gürbüz,KMB,Cuma,13:30/16:29,,40,41,,"KMM, KMME",,
10987,KMM 413,KMM,LS,Biyokatalizörler ve Karakter,,Fatoş Yüksel Güvenilir,KMB,Çarşamba,09:30/12:29,,20,20,,KMM,,
10988,KMM 413E,KMM,LS,Biocatatlysts &Their..,,--,KMB,Çarşamba,09:30/12:29,,0,0,,"KMM, KMME",,
10989,KMM 421E,KMM,LS,Chemical Reaction Eng II,,"Ahmet Sirkecioğlu, Ayşe Erdem, Gamze Gümüşlü Gür",KMB,Perşembe,13:30/16:29,,80,80,,"KMM, KMME, KMMM",,
10990,KMM 429,KMM,LS,Kimya End Korozyon & Malz Seçi,,Hanzade Açma,KMB,Salı,09:30/12:29,,20,20,,KMM,,
10991,KMM 431,KMM,LS,Kimya Mühendisliği Tasarımı I,,"Ayşe Özge Kürkçüoğlu Levitas, Devrim Barış Kaymak",KMB | KMB,Çarşamba | Perşembe,12:30/15:29 | 10:30/12:29,,70,68,,"KMM, KMMM",,
10992,KMM 451,KMM,LS,Kimya Mühendisliği Lab. I,,"Çiğdem Oral, Ayşe Arifoğlu, Cemile Yerlikaya, Nalan Erdöl Aydın, Osman Eksik",KMB,Salı,08:30/12:29,,35,36,,KMM,,
10993,KMM 431E,KMM,LS,Chemical Engineering Design I,,Hale Gürbüz,KMB | KMB,Çarşamba | Perşembe,12:30/15:29 | 10:30/12:29,,20,12,,"KMM, KMME",,
10994,KMM 451,KMM,LS,Kimya Mühendisliği Lab. I,,"Çiğdem Oral, Ayşe Arifoğlu, Cemile Yerlikaya, Nalan Erdöl Aydın, Osman Eksik",KMB,Salı,13:30/17:29,,35,36,,KMM,,
10995,KMM 451E,KMM,LS,Chemical Engineering Lab. I,,"Çiğdem Oral, Ayşe Arifoğlu, Cemile Yerlikaya, Nalan Erdöl Aydın, Osman Eksik",KMB,Pazartesi,08:30/12:29,,35,16,,"KMM, KMME",,
10996,KMM 465,KMM,LS,Çevre Kimyası ve Teknolojisi,,Ahmet Alper Aydın,KMB,Çarşamba,09:30/12:29,,15,11,,KMM,,
10997,GID 331E,GID,LS,Food Eng Unit Operations I,,Fatma Ebru Fıratlıgil,KMB,Cuma,13:30/16:29,,80,54,,"GID, GIDE",,
10998,KMM 465E,KMM,LS,Environmental Chemis..,,Moiz Elnekave,KMB,Çarşamba,09:30/12:29,,15,10,,"KMM, KMME",,
10999,KMM 485,KMM,LS,Polimer Kimyası ve Teknolojisi,,Ahmet Tuncer Erciyes,KMB,Çarşamba,09:30/12:29,,20,19,,KMM,,
11000,KMM 492,KMM,LS,Bitirme Çalışması,,Gülhayat Saygılı,KMB,,/,,100,14,,KMM,,
11001,KMM 492E,KMM,LS,Graduation Project,,Gülhayat Saygılı,KMB,,/,,100,5,,"KMM, KMME",,
11002,TER 203,TER,LS,Termodinamik I,,"Sadriye Oskay, Ayşegül Meriçboyu",KMB,Pazartesi,13:30/16:29,,40,16,,"KMM, KMMM",,
11003,AKM 207,AKM,LS,Akışkanlar Mekaniği,,Melek Mümine Erol Taygun,KMB,Perşembe,13:30/16:29,,40,10,,KMM,,
11004,MAT 271,MAT,LS,Olasılık ve İstatistik,,Cemile Yerlikaya,KMB,Perşembe,13:30/16:29,,45,45,,"BIO, BLG, EHB, ELE, ELH, EUT, FIZ, GEM, GEO, GID, IML, INS, JEO, KMM, MET, MTO, PET, TEL, UCK, UZB",,
11005,MAT 271,MAT,LS,Olasılık ve İstatistik,,Ayşe Arifoğlu,KMB,Cuma,09:30/12:29,,45,45,,"BIO, BLG, EHB, ELE, ELH, EUT, FIZ, GEM, GEO, GID, IML, INS, JEO, KMM, MET, MTO, PET, TEL, UCK, UZB",,
11006,MAT 271E,MAT,LS,Probability and Statistics,,Çiğdem Oral,KMB,Perşembe,13:30/16:29,,45,46,,"BIO, BIOE, BLG, BLGE, CEV, CEVE, CHZ, CHZE, DEN, DENE, EHB, EHBE, EHN, ELE, ELH, ELK, ELKE, EUT, EUTE, FIZ, FIZE, GEM, GEME, GEMK, GEO, GEOE, GID, GIDE, IML, IMLE, INS, INSE, JEF, JEFE, JEO, JEOE, KMM, KMME, KOM, KOME, KON, KONE, MAD, MADE, MAK, MAKE, MET, METE, MTO, MTOE, PET, PETE, SBP, SBPE, SEH, TEK, TEKE, TEL, UCK, UCKE, UZB, UZBE",,
11007,MAT 271E,MAT,LS,Probability and Statistics,,Moiz Elnekave,KMB,Perşembe,13:30/16:29,,55,66,,"BIO, BIOE, BLG, BLGE, CEV, CEVE, CHZ, CHZE, DEN, DENE, EHB, EHBE, EHN, ELE, ELH, ELK, ELKE, EUT, EUTE, FIZ, FIZE, GEM, GEME, GEMK, GEO, GEOE, GID, GIDE, IML, IMLE, INS, INSE, JEF, JEFE, JEO, JEOE, KMM, KMME, KOM, KOME, KON, KONE, MAD, MADE, MAK, MAKE, MET, METE, MTO, MTOE, PET, PETE, SBP, SBPE, SEH, TEK, TEKE, TEL, UCK, UCKE, UZB, UZBE",,
11008,TER 201,TER,LS,Termodinamik,,Hanzade Açma,KMB,Cuma,09:30/12:29,,50,48,,"CEV, CHZ, DEN, GEM, ISL, JEO, KMM, KMMM, KOM, KON, PET, TEK",,
11009,KMM 102E,KMM,LS,Intr. to Comp.Prog.in Python,,Reha Yavuz,KMB,Pazartesi,13:30/16:29,,52,59,,KMM,,
11010,KMM 224,KMM,LS,Kimya Müh.Termodinamiği,,"Sadriye Oskay, Ayşegül Meriçboyu, Reha Yavuz",KMB | KMB,Çarşamba | Perşembe,12:30/15:29 | 09:30/11:29,,45,28,,"KMM, KMMM",,
11011,KMM 315E,KMM,LS,Physical Che.for Chemical Eng.,,Fethiye Aylin Sungur,KMB | KMB,Salı | Perşembe,13:30/15:29 | 15:30/16:29,,45,39,,"KMM, KMMM",,
11012,KMM 305E,KMM,LS,Heat and Mass Transfer,,"Şerife Birgül Ersolmaz, Hüsnü Atakül",KMB | KMB,Pazartesi | Salı,13:30/15:29 | 10:30/12:29,,30,28,,"KMM, KMMM",,
11013,STA 204,STA,LS,Statik ve Mukavemet,,Bahattin Kimençe,KMB,Çarşamba,12:30/15:29,,50,27,,"CEV, EHB, ELE, ELH, ELK, EUT, GID, ISL, KMM, KOM, KON, MET, MTO, PET, TEL",,
11015,RES 107,RES,LS,Teknik Resim,,Serpil Kurt Habiboğlu,KMB,Cuma,13:30/16:29,,50,50,,"GID, ISL, KMM",,
11016,MAL 201,MAL,LS,Malzeme Bilimi,,Mehmet Şeref Sönmez,KMB,Çarşamba,12:30/15:29,,50,52,,"BLG, GID, KMM",,
11017,ISH 202,ISH,LS,Isı Aktarımına Giriş,,"Melek Tüter, Nalan Erdöl Aydın",KMB,Cuma,09:30/12:29,,60,38,,ISL,,
11018,GID 341,GID,LS,Isı Aktarımı,,Fatma Ebru Fıratlıgil,KMB,Perşembe,13:30/16:29,,80,58,,GID,,
11019,ISH 202E,ISH,LS,Introduction to Heat Transfer,,Moiz Elnekave,KMB,Cuma,13:30/16:29,,40,20,,"ISL, ISLE",,
11020,GID 351,GID,LS,Kütle Aktarımı,,Hasan Can Okutan,KMB,Pazartesi,14:30/17:29,,80,45,,GID,,
11021,GID 351E,GID,LS,Mass Transfer,,Filiz Altay,KMB,Pazartesi,14:30/17:29,,5,1,,GIDE,,
11022,GID 411E,GID,LS,Food Engineering Design I,,Gürbüz Güneş,KMB,Çarşamba,09:30/12:29,,80,57,,"GID, GIDE",,
11023,GID 413E,GID,LS,Biotechnology,,Neşe Şahin Yeşilçubuk,KMB,Perşembe,13:30/16:29,,30,19,,"GID, GIDE",,
11024,GID 432,GID,LS,Gıda Kalite Kontrol Lab,,"Neşe Şahin Yeşilçubuk, Derya Kahveci Karıncaoğlu, Esra Çapanoğlu Güven",KMB,Pazartesi,14:30/17:29,,35,12,,GID,,
11025,MET 101E,MET,LS,Int.toMet.&Mat.Engn...,,İsmail Yılmaz Taptık,KMB,Çarşamba,13:30/15:29,,140,181,,"MET, METE",,
11026,GID 432,GID,LS,Gıda Kalite Kontrol Lab,,"Neşe Şahin Yeşilçubuk, Derya Kahveci Karıncaoğlu, Esra Çapanoğlu Güven",KMB,Pazartesi,11:30/14:29,,35,36,,GID,,
11027,MET 483,MET,LS,Hasarsız Malz. Muayenesi. Gir.,,İsmail Yılmaz Taptık,KMB,Çarşamba,08:30/10:29,,60,62,,MET,,
11028,GID 424E,GID,LS,Food Quality Control,,Neşe Şahin Yeşilçubuk,KMB,Salı,13:30/16:29,,10,1,,GIDE,,
11029,GID 421E,GID,LS,Food Technology,,"Meral Kılıç Akyılmaz, Beraat Özçelik, Esra Çapanoğlu Güven, Gürbüz Güneş, Neşe Şahin Yeşilçubuk",KMB,Cuma,09:30/12:29,,80,61,,"GID, GIDE, GIDM",,
11030,MET 492,MET,LS,Tasarım Projesi,,İsmail Yılmaz Taptık,KMB,,/,,500,19,,MET,,
11031,MET 492E,MET,LS,Design Project,,İsmail Yılmaz Taptık,KMB,,/,,500,23,,"MET, METE",,
11032,MET 213,MET,LS,Malzeme Biliminin Temelleri,,"Gültekin Göller, İpek Akın Karadayı",KMB,Pazartesi,13:30/16:29,,100,90,,MET,,
11033,GID 415E,GID,LS,Cold Storage Technology,,Filiz Altay,KMB,Salı,09:30/12:29,,30,23,,"GID, GIDE",,
11034,GID 424,GID,LS,Gıda Kalite Kontrol,,"Beraat Özçelik, Esra Çapanoğlu Güven",KMB,Salı,13:30/16:29,,80,44,,"GID, GIDM",,
11035,MET 213E,MET,LS,Fund.of Materials Science,,"Gültekin Göller, İpek Akın Karadayı",KMB,Çarşamba,10:30/13:29,,90,96,,METE,,
11036,GID 432E,GID,LS,Food Quality Control Lab.,,Aslı Can Karaça,KMB,Pazartesi,11:30/14:29,,5,3,,GIDE,,
11037,MET 337,MET,LS,Malzeme Karakterizasyon Met.,,"Gültekin Göller, Özgül Keleş",KMB,Perşembe,13:30/16:29,,80,81,,MET,,
11038,BIL 113E,BIL,LS,Intr.to Sci& Eng.Comp.(MATLAB),,Aslı Can Karaça,KMB | KMB,Salı | Salı,13:30/14:29 | 14:30/16:29,,40,64,,"GID, GIDE, KMME, MET, METE",,
11039,MET 335E,MET,LS,"Elect.,Magn.,Optic.Prop.ofMat.",,Muhammet Kürşat Kazmanlı,KMB,Cuma,13:30/16:29,,90,82,,METE,,
11040,GID 441,GID,LS,Proses Kontrol,,"Filiz Altay, Ali Saffet Altay",KMB,Pazartesi,08:30/11:29,,80,46,,"FIZ, GID",,
11041,MET 215,MET,LS,Metalurji Termodinamiğ. Tem.,,Süheyla Aydın,KMB,Çarşamba,09:30/12:29,,90,87,,MET,,
11042,GID 441E,GID,LS,Process Control,,Fatma Ebru Fıratlıgil,KMB,Pazartesi,08:30/11:29,,10,1,,"FIZE, GIDE",,
11043,GID 492,GID,LS,Bitirme Çalışması,,Beraat Özçelik,KMB,,/,,500,6,,GID,,
11044,GID 492E,GID,LS,Graduation Project,,Beraat Özçelik,KMB,,/,,500,2,,"GID, GIDE",,
11045,ISH 303E,ISH,LS,Food Processing Techniques,,Hatice Funda Karbancıoğlu Güler,KMB,Cuma,09:30/12:29,,50,50,,"ISL, ISLE",,
11046,RES 107,RES,LS,Teknik Resim,,Sevan Karabetoğlu,KMB,Perşembe,09:30/12:29,,50,64,,"END, GID, ISL, KMM",,
11047,MET 215E,MET,LS,Fund.of Metall.Thermodynamics,,Nuri Solak,KMB,Perşembe,10:30/13:29,,90,89,,METE,,
11048,MET 313,MET,LS,Kimyasal Metalurji I,,"Mahmut Ercan Açma, Servet İbrahim Timur",KMB,Pazartesi,08:30/10:29,,70,73,,MET,,
11049,MET 313E,MET,LS,Chemical Metallugry I,,"Onuralp Yücel, Cevat Bora Derin, Mehmet Şeref Sönmez",KMB,Pazartesi,08:30/10:29,,75,74,,METE,,
11050,MET 337E,MET,LS,Materials Characteriz. Meth.,,"Ömer Serdar Özgen, Cevat Bora Derin, Murat Baydoğan",KMB,Çarşamba,08:30/11:29,,80,80,,METE,,
11051,MET 315E,MET,LS,Fund. of Physical Metallurgy,,Mustafa Lutfi Öveçoğlu,KMB,Pazartesi,13:30/16:29,,70,73,,"MET, METE",,
11052,MET 317E,MET,LS,Fund. of Transport Phenomena,,Güldem Kartal Şireli,KMB,Salı,10:30/13:29,,150,153,,"MET, METE",,
11053,MET 335,MET,LS,Mlz.Elekt. Many.&Opt..,,Hüseyin Kızıl,KMB,Perşembe,08:30/11:29,,65,66,,MET,,
11057,MET 474,MET,LS,Demir Dışı Metal.Ekstrk.Mtlrj.,,"Mahmut Ercan Açma, Onuralp Yücel",KMB,Cuma,14:30/16:29,,30,6,,MET,,
11058,MET 457E,MET,LS,Semiconductor Materials,,Hüseyin Kızıl,KMB,Çarşamba,08:30/10:29,,60,17,,"MET, METE",,
11059,MET 459E,MET,LS,Metal Casting and Technologies,,Necip Ünlü,KMB,Salı,13:30/15:29,,70,61,,"MET, METE",,
11060,MET 474E,MET,LS,Extrac.Metall.of Non-Ferr.Met.,,--,KMB,Cuma,08:30/10:29,,0,0,,METE,,
11063,MET 475E,MET,LS,Powder Metallurgy,,Burak Özkal,KMB,Perşembe,13:30/15:29,,60,59,,"MET, METE",,
11066,MET 479,MET,LS,Demir ve Çelik Üretimi,,--,KMB,Çarşamba,08:30/10:29,,0,0,,MET,,
11067,MET 479E,MET,LS,Iron and Steel Making,,Cevat Fahir Arısoy,KMB,Çarşamba,13:30/15:29,,60,20,,METE,,
11068,MET 485E,MET,LS,Ceramic Manufacturing,,Ömer Serdar Özgen,KMB,Salı,11:30/13:29,,60,53,,"MET, METE",,
11069,MET 487E,MET,LS,Deform. Proces.of Materials,,"Hüseyin Çimenoğlu, Murat Baydoğan",KMB,Pazartesi,13:30/15:29,,70,56,,"MET, METE",,
11070,MET 353,MET,LS,Müh.Uyg.Tasar.Pren&Malz.Se;ç.,,Derya Dışpınar,KMB,Cuma,08:30/10:29,,80,68,,MET,,
11071,MET 435,MET,LS,PÇT ve Prje. Yön. ve İnovasyon,,Derya Dışpınar,KMB,Çarşamba,11:30/13:29,,70,60,,MET,,
11072,MET 353E,MET,LS,Dsn.Prnc.&Mat.Sel; f..,,Özgül Keleş,KMB,Salı,15:30/17:29,,80,71,,METE,,
11073,MET 435E,MET,LS,PST Desg.&Prj.Mng.; and Innov.,,Özgül Keleş,KMB,Perşembe,11:30/13:29,,70,64,,METE,,
11074,MET 437E,MET,LS,Princip.of Corros.&C..,,Mustafa Kamil Ürgen,KMB,Pazartesi,11:30/13:29,,80,84,,"MET, METE",,
11075,MET 437E,MET,LS,Princip.of Corros.&C..,,Muhammet Kürşat Kazmanlı,KMB,Pazartesi,10:30/12:29,,80,80,,"MET, METE",,
11076,MET 439E,MET,LS,Engineering Polymers,,Mohammadreza Nofar,KMB,Cuma,08:30/10:29,,140,141,,"MET, METE",,
11077,MET 453E,MET,LS,Fund. of Ceramics Materials,,İpek Akın Karadayı,KMB,Perşembe,09:30/11:29,,70,49,,"MET, METE",,
11078,MET 453E,MET,LS,Fund. of Ceramics Materials,,Filiz Şahin,KMB,Perşembe,09:30/11:29,,70,70,,"MET, METE",,
11079,MET 339,MET,LS,Malzeme Karakterizasyon Lab.,,"Muhammet Kürşat Kazmanlı, Cevat Fahir Arısoy, Derya Dışpınar, Filiz Şahin, Gültekin Göller, Mahmut Ercan Açma, Mohammadreza Nofar, Mustafa Kelami Şeşen, Sebahattin Gürmen, Servet İbrahim Timur, Süheyla Aydın, İpek Akın Karadayı, İsmail Yılmaz Taptık",KMB,Salı,08:30/10:29,,70,67,,MET,,
11080,MET 339E,MET,LS,Materials Characterization Lab,,"Özgül Keleş, Cevat Bora Derin, Cevat Fahir Arısoy, Cüneyt Arslan, Güldem Kartal Şireli, Hüseyin Kızıl, Hüseyin Çimenoğlu, Mohammadreza Nofar, Mustafa Kamil Ürgen, Nuri Solak, Onuralp Yücel, Ömer Serdar Özgen",KMB,Salı,13:30/15:29,,70,59,,METE,,
11081,MET 455,MET,LS,Malzeme Proses Lab.,,"Burak Özkal, Filiz Şahin, Gültekin Göller, Mahmut Ercan Açma, Muhammet Kürşat Kazmanlı, Murat Baydoğan, Mustafa Kelami Şeşen, Sebahattin Gürmen, Servet İbrahim Timur, Süheyla Aydın, İpek Akın Karadayı, İsmail Yılmaz Taptık",KMB,Salı,13:30/15:29,,70,67,,MET,,
11082,MET 455E,MET,LS,Materials Processing Lab.,,"Murat Baydoğan, Burak Özkal, Cevat Bora Derin, Cüneyt Arslan, Hüseyin Kızıl, Hüseyin Çimenoğlu, Mehmet Şeref Sönmez, Necip Ünlü, Onuralp Yücel, Ömer Serdar Özgen",KMB,Salı,09:30/11:29,,70,56,,METE,,
11083,INS 252,INS,LS,Ölçme Bilgisi,,Serdar Bilgi,INB,Perşembe,08:30/12:29,,30,30,,INS,,
11084,EHB 101,EHB,LS,EHM Giriş ve Müh. Etiği,,Tayfun Akgül,EEB,Çarşamba,13:30/15:29,,130,147,,EHB,,
11085,EHB 101E,EHB,LS,Int.toElctr.&Comm.En..,,Mustafa Ergen,EEB,Çarşamba,13:30/15:29,,100,106,,"EHB, EHBE",,
11087,EHB 110E,EHB,LS,Intr to Sci&Eng; Comp (C),,Ali Bahadır,INB | INB,Pazartesi | Pazartesi,12:30/14:29 | 14:30/16:29,,50,52,,"EHB, EHBE, ELE, TEL",,
11088,EHB 110E,EHB,LS,Intr to Sci&Eng; Comp (C),,İbrahim Çatalkaya,UUB | UUB,Pazartesi | Pazartesi,12:30/14:29 | 14:30/16:29,,50,51,,"EHB, EHBE, ELE, TEL",,
11089,EHB 110E,EHB,LS,Intr to Sci&Eng; Comp (C),,Bora Döken,INB | INB,Pazartesi | Pazartesi,12:30/14:29 | 14:30/16:29,,50,51,,"EHB, EHBE, ELE, TEL",,
11090,KON 101,KON,LS,Kontrol ve Otomasyon Müh. Etik,,Mustafa Doğan,EEB,Çarşamba,13:30/14:29,,50,95,,"KOM, KON",,
11091,EHB 110E,EHB,LS,Intr to Sci&Eng; Comp (C),,Tankut Akgül,EEB | EEB,Pazartesi | Pazartesi,12:30/14:29 | 14:30/16:29,,50,54,,"EHB, EHBE, ELE, TEL",,
11092,KON 101E,KON,LS,Cont.& Automation Eng. Ethics,,Mustafa Doğan,EEB,Çarşamba,14:30/15:29,,50,52,,KOME,,
11093,ELK 107E,ELK,LS,Int to Sci.&Eng.Comp..,,Suat İlhan,EEB | EEB,Çarşamba | Cuma,08:30/10:29 | 14:00/15:59,,50,45,,"ELK, ELKE",,
11094,ELK 107E,ELK,LS,Int to Sci.&Eng.Comp..,,Tahir Çetin Akıncı,EEB | EEB,Çarşamba | Çarşamba,08:30/10:29 | 12:30/14:29,,50,52,,"ELK, ELKE",,
11095,ELK 107E,ELK,LS,Int to Sci.&Eng.Comp..,,Ali Sinan Çabuk,EEB | EEB,Çarşamba | Çarşamba,08:30/10:29 | 10:30/12:29,,50,63,,"ELK, ELKE",,
11096,ELK 111,ELK,LS,Elektrik Mühendisliği ve Etik,,Fatma Gül Bağrıyanık,MED,Çarşamba,13:30/15:29,,100,142,,ELK,,
11097,ELK 111E,ELK,LS,Electrical Engineering&Ethics;,,Lale Erdem Atılgan,EEB,Çarşamba,13:30/15:29,,45,55,,"ELK, ELKE",,
11098,EHB 205,EHB,LS,Lojik Tasarıma Giriş,,Ece Olcay Güneş,EEB,Cuma,08:30/11:29,,80,79,,"EHB, ELE, TEL",,
11099,ELK 214,ELK,LS,Elektromek. Enerji Dönüş.Tem.,,Ali Sinan Çabuk,EEB,Perşembe,13:30/16:29,,35,35,,"EHB, ELE, ELH, KOM, MKN, TEL",,
11100,ELK 214,ELK,LS,Elektromek. Enerji Dönüş.Tem.,,Ali Saffet Altay,EEB,Perşembe,13:30/16:29,,35,32,,"EHB, ELE, ELH, KOM, MKN, TEL",,
11101,EHB 205E,EHB,LS,Introduction to Logic Design,,Mustafa Altun,EEB,Salı,12:30/15:29,,80,88,,"EHB, EHBE, ELE, TEL",,
11102,EHB 205E,EHB,LS,Introduction to Logic Design,,Sıddıka Berna Örs Yalçın,EEB,Cuma,08:30/11:29,,80,94,,"EHB, EHBE, ELE, TEL",,
11103,ELK 214E,ELK,LS,Fund.of Electr. Energy Conver.,,Duygu Bayram,EEB,Perşembe,13:30/16:29,,35,29,,"EHB, EHBE, KOM, KOME",,
11104,ELK 221,ELK,LS,Elektrik Mühen. Temelleri,,Fatma Gül Bağrıyanık,EEB,Pazartesi,12:30/15:29,,40,31,,"CHZ, GID, ISL, KMM, MET, TEK",,
11105,ELK 221,ELK,LS,Elektrik Mühen. Temelleri,,--,EEB,Pazartesi,12:30/15:29,,0,0,,"CHZ, GID, ISL, KMM, MET, TEK",,
11106,ELK 221,ELK,LS,Elektrik Mühen. Temelleri,,Ali Saffet Altay,UUB,Salı,08:30/11:29,,40,31,,"CHZ, GID, ISL, KMM, MET, TEK",,
11107,ELK 221,ELK,LS,Elektrik Mühen. Temelleri,,Murat İmeryüz,MED,Pazartesi,08:30/11:29,,40,42,,"CHZ, GID, ISL, KMM, MET, TEK",,
11108,ELK 221E,ELK,LS,Fundamentals of Electric. Eng.,,Zehra Elif Batman,KMB,Pazartesi,12:30/15:29,,50,54,,"CHZE, GIDE, ISLE, KMME, METE, PETE, TEKE",,
11109,ELK 221E,ELK,LS,Fundamentals of Electric. Eng.,,Zehra Elif Batman,UUB,Çarşamba,12:30/15:29,,50,57,,"CHZE, GIDE, ISLE, KMME, METE, PETE, TEKE",,
11110,ELK 221E,ELK,LS,Fundamentals of Electric. Eng.,,Ahmet Cansız,MDB,Salı,12:30/15:29,,50,45,,"CHZE, GIDE, ISLE, KMME, METE, PETE, TEKE",,
11111,ELK 313,ELK,LS,Enerji İletim Hatları,,Hatice Lale Zeynelgil,EEB,Perşembe,12:30/15:29,,40,40,,ELK,,
11112,ELK 313E,ELK,LS,Power Transmission Lines,,Zehra Elif Batman,EEB,Salı,08:30/11:29,,40,40,,"ELK, ELKE",,
11113,ELK 331,ELK,LS,Güç Elektroniği Devreleri,,Derya Ahmet Kocabaş,EEB,Pazartesi,08:30/11:29,,60,67,,"EHB, ELE, ELK, KOM",,
11114,EHB 205E,EHB,LS,Introduction to Logic Design,,Ahmet Can Erten,EEB,Cuma,08:30/11:29,,80,93,,"EHB, EHBE, ELE, TEL",,
11115,ELK 331,ELK,LS,Güç Elektroniği Devreleri,,Ali Saffet Altay,EEB,Çarşamba,12:30/15:29,,60,64,,"EHB, ELE, ELK, KOM",,
11116,EHB 206E,EHB,LS,Signal Processing&Li..,,Hakan Ali Çırpan,EEB,Cuma,14:00/16:59,,60,61,,"EHB, EHBE, ELE, TEL",,
11117,ELK 331,ELK,LS,Güç Elektroniği Devreleri,,Murat Yılmaz,EEB,Çarşamba,12:30/15:29,,60,66,,"EHB, ELE, ELK, KOM",,
11118,EHB 211,EHB,LS,Elektrik Devre Temelleri,,Neslihan Serap Şengör,EEB,Pazartesi,08:30/11:29,,75,91,,"BLG, EHB, ELE, ELK, KOM, TEL",,
11119,ELK 331E,ELK,LS,Power Electronic Circuits,,Deniz Yıldırım,EEB,Çarşamba,12:30/15:29,,60,67,,"EHB, EHBE, ELE, ELK, ELKE, KOM, KOME",,
11120,EHB 211,EHB,LS,Elektrik Devre Temelleri,,Yüksel Çakır,EEB,Pazartesi,08:30/11:29,,75,83,,"BLG, EHB, ELE, ELK, KOM, TEL",,
11121,ELK 331E,ELK,LS,Power Electronic Circuits,,Özgür Üstün,EEB,Pazartesi,08:30/11:29,,60,68,,"EHB, EHBE, ELE, ELK, ELKE, KOM, KOME",,
11122,ELK 333E,ELK,LS,Intr. to Nuclear Engineering,,Ahmet Cansız,EEB,Pazartesi,12:30/15:29,,40,40,,"ELK, ELKE",,
11123,ELK 334,ELK,LS,Güç Elektroniği Devre Tasarımı,,--,EEB,Salı,12:30/15:29,,0,0,,ELK,,
11124,ELK 334E,ELK,LS,Dsgn of Power Electr Circuits,,Özgür Üstün,EEB,Salı,12:30/15:29,,40,37,,"ELK, ELKE, KOM, KOME",,
11125,ELK 343,ELK,LS,Elektromekanik Enerji Dönüşümü,,Derya Ahmet Kocabaş,EEB,Çarşamba,08:30/11:29,,35,37,,ELK,,
11126,ELK 343,ELK,LS,Elektromekanik Enerji Dönüşümü,,Güven Kömürgöz Kırış,EEB,Çarşamba,08:30/11:29,,35,38,,ELK,,
11127,ELK 343E,ELK,LS,Electromech. Energy Conversion,,Lale Ergene,EEB,Çarşamba,08:30/11:29,,35,35,,"ELK, ELKE",,
11128,ELK 344,ELK,LS,Elektrik Tesislerinde Güvenlik,,Belgin Türkay,EEB,Pazartesi,12:30/15:29,,40,46,,"ELK, KOM",,
11129,ELK 361,ELK,LS,Mühendislikte Çizim ve Tasarım,,Ali Sinan Çabuk,EEB,Cuma,10:30/12:29,,35,37,,ELK,,
11130,ELK 361,ELK,LS,Mühendislikte Çizim ve Tasarım,,Ali Sinan Çabuk,EEB,Perşembe,08:30/10:29,,35,36,,ELK,,
11131,ELK 361E,ELK,LS,Engineering Drawing and Design,,Ali Sinan Çabuk,EEB,Perşembe,10:30/12:29,,35,37,,"ELK, ELKE",,
11132,ELK 361E,ELK,LS,Engineering Drawing and Design,,Ali Sinan Çabuk,EEB,Cuma,08:30/10:29,,35,18,,"ELK, ELKE",,
11133,ELK 371,ELK,LS,Aydınlatma Tekniği,,Canan Karatekin,EEB,Salı,12:30/15:29,,50,54,,ELK,,
11134,ELK 371,ELK,LS,Aydınlatma Tekniği,,Önder Güler,EEB,Salı,12:30/15:29,,50,55,,ELK,,
11135,ELK 371E,ELK,LS,Illumination Techniques,,Lale Erdem Atılgan,EEB,Salı,12:30/15:29,,50,53,,"ELK, ELKE",,
11136,ELK 411,ELK,LS,Yüksek Gerilim Laboratuvarı,,Özcan Kalenderli,EEB,Perşembe,12:30/15:29,,30,36,,ELK,,
11137,ELK 411,ELK,LS,Yüksek Gerilim Laboratuvarı,,Şükran Emel Önal,EEB,Salı,12:30/15:29,,30,33,,ELK,,
11138,ELK 411E,ELK,LS,High Voltage Lab.,,Aydoğan Özdemir,EEB,Cuma,08:30/11:29,,30,20,,"ELK, ELKE",,
11139,ELK 411E,ELK,LS,High Voltage Lab.,,Suat İlhan,EEB,Çarşamba,12:30/15:29,,30,34,,"ELK, ELKE",,
11140,ELK 415E,ELK,LS,Digital Protection &..,,Ömer Usta,EEB,Çarşamba,08:30/11:29,,40,37,,"ELK, ELKE",,
11141,ELK 421,ELK,LS,Elektrik Enerjisi Üretimi,,Belgin Türkay,EEB,Salı,08:30/11:29,,40,42,,ELK,,
11142,ELK 421,ELK,LS,Elektrik Enerjisi Üretimi,,Ayşen Demirören,EEB,Salı,08:30/11:29,,40,43,,ELK,,
11143,ELK 421,ELK,LS,Elektrik Enerjisi Üretimi,,Hatice Lale Zeynelgil,EEB,Salı,08:30/11:29,,40,43,,ELK,,
11144,ELK 421E,ELK,LS,Generat. of Electrical Energy,,Ömer Usta,EEB,Salı,08:30/11:29,,35,9,,ELKE,,
11146,ELK 423E,ELK,LS,Special Electrical Machines,,Lale Ergene,EEB,Cuma,08:30/11:29,,40,16,,"ELK, ELKE",,
11147,ELK 431,ELK,LS,Elektrik Makinaları Lab I,,Murat İmeryüz,EEB,Salı,12:30/14:29,,30,20,,ELK,,
11148,ELK 431,ELK,LS,Elektrik Makinaları Lab I,,Güven Kömürgöz Kırış,EEB,Perşembe,12:30/14:29,,30,30,,ELK,,
11149,ELK 431,ELK,LS,Elektrik Makinaları Lab I,,Derya Ahmet Kocabaş,EEB,Cuma,08:30/10:29,,30,32,,ELK,,
11150,ELK 431E,ELK,LS,Electrical Machines Lab. I,,Lale Ergene,EEB,Pazartesi,12:30/14:29,,30,26,,"ELK, ELKE",,
11151,ELK 443E,ELK,LS,Basics of Dynmcs.of Elec.Mach.,,Duygu Bayram,EEB,Cuma,14:00/16:59,,40,18,,"ELK, ELKE, KOM, KOME",,
11152,ELK 455E,ELK,LS,Comp.Networks for Pwr Syst.,,Ömer Usta,EEB,Perşembe,08:30/11:29,,55,59,,"ELK, ELKE",,
11153,ELK 455E,ELK,LS,Comp.Networks for Pwr Syst.,,Tahir Çetin Akıncı,EEB,Perşembe,08:30/11:29,,55,59,,"ELK, ELKE",,
11154,ELK 458,ELK,LS,Elektrik Mühendisliği Projesi,,Mustafa Bağrıyanık,EEB,Pazartesi,08:30/11:29,,15,8,,ELK,,
11155,ELK 458,ELK,LS,Elektrik Mühendisliği Projesi,,Güven Kömürgöz Kırış,EEB,Pazartesi,08:30/11:29,,15,14,,ELK,,
11156,ELK 458,ELK,LS,Elektrik Mühendisliği Projesi,,Canan Karatekin,EEB,Pazartesi,08:30/11:29,,15,15,,ELK,,
11157,ELK 463E,ELK,LS,Overvolt. & Insulation Coord.,,--,EEB,Salı,12:30/15:29,,0,0,,"ELK, ELKE",,
11158,ELK 471,ELK,LS,Mühendislik ve Proje Yönetimi,,Ömer Gül,KMB,Salı,12:30/15:29,,40,11,,ELK,,
11159,ELK 471E,ELK,LS,Engineer. & Project Management,,Özgür Üstün,EEB,Cuma,14:00/16:59,,40,41,,"ELK, ELKE",,
11160,ELK 472,ELK,LS,Yenilenebilir Enerji Sist.,,Ayşen Demirören,EEB,Perşembe,12:30/15:29,,40,21,,ELK,,
11161,ELK 473,ELK,LS,Yksk Ger Tek Boşalma Olayları,,Suat İlhan,KMB,Perşembe,12:30/15:29,,40,27,,ELK,,
11162,ELK 483,ELK,LS,Yüksek Gerilim Güç Kesicileri,,Özcan Kalenderli,EEB,Cuma,08:30/11:29,,40,42,,ELK,,
11163,ELK 492,ELK,LS,Bitirme Tasarım Projesi,,Emine Ayaz,---,,/,,500,42,,ELK,,
11164,ELK 492E,ELK,LS,Graduation Design Project,,Emine Ayaz,---,,/,,500,14,,"ELK, ELKE",,
11165,ELK 493E,ELK,LS,Illumination&Indoor; Inst.Lab,,Lale Erdem Atılgan,EEB,Pazartesi,12:30/15:29,,30,16,,"ELK, ELKE",,
11166,ELK 495,ELK,LS,Elek. Enrj Kalit. ve Harmnkler,,Ömer Gül,EEB,Pazartesi,08:30/11:29,,40,33,,ELK,,
11167,ELK 497,ELK,LS,Fırçasız Elektrik Motorları,,Murat Yılmaz,EEB,Cuma,14:00/16:59,,40,42,,ELK,,
11168,FIZ 201E,FIZ,LS,Modern Physics,,Metin Hüner,EEB,Çarşamba,12:30/15:29,,50,28,,"EHB, EHBE, ELE, ELH, ELK, ELKE, JEF, JEFE, TEL",,
11169,TEL 492,TEL,LS,Bitirme Çalışması,,İbrahim Akduman,---,,/,,500,2,,TEL,,
11170,TEL 492E,TEL,LS,Graduation Project,,İbrahim Akduman,---,,/,,500,1,,TEL,,
11171,ELE 492,ELE,LS,Bitirme Çalışması,,--,---,,/,,0,0,,ELE,,
11172,ELE 492E,ELE,LS,Graduation Project,,İbrahim Akduman,---,,/,,500,1,,ELE,,
11173,EHN 111,EHN,LS,Intr.to Electronics& Comm.Eng.,,İbrahim Akduman,EEB,Çarşamba,14:30/15:29,,30,5,,EHN,,
11174,EHN 212,EHN,LS,Intr.to Electromagnetic Fields,,Serkan Şimşek,EEB,Pazartesi,08:30/11:29,,30,7,,EHN,,
11175,EHN 252,EHN,LS,Signals and Systems,,Şahin Serhat Şeker,EEB,Salı,08:30/11:29,,30,6,,EHN,,
11176,EHN 262,EHN,LS,Electronics II,,Tufan Coşkun Karalar,EEB,Çarşamba,08:30/11:29,,30,7,,EHN,,
11177,EHN 311,EHN,LS,Intr.to Electronics Laboratory,,Onur Ferhanoğlu,EEB,Pazartesi,12:30/14:29,,30,8,,EHN,,
11178,EHN 317,EHN,LS,Control Systems,,Hakan Temeltaş,EEB,Cuma,14:00/16:59,,30,7,,EHN,,
11179,MTH 131,MTH,LS,Mathematics I,,Füsun Zengin,MED | EEB,Pazartesi | Salı,15:30/17:29 | 08:30/11:29,,30,8,,EHN,,
11180,MTH 281,MTH,LS,Linear Algebra and Applicat.,,Ali Yapar,EEB,Cuma,08:30/11:29,,30,5,,EHN,,
11181,PHY 123,PHY,LS,Physics I,,Gönül Eryürek,EEB,Salı,14:30/17:29,,30,6,,EHN,,
11182,PHY 123L,PHY,LS,Physics I Lab,,Gönül Eryürek,EEB,Çarşamba,11:30/13:29,,30,5,,EHN,,
11183,KON 110E,KON,LS,Intr. to Prog. Language (C),,Serkan Türkeli,EEB | EEB,Pazartesi | Pazartesi,12:30/14:29 | 14:30/15:29,,40,56,,"KOM, KOME",,
11184,CHE 123,CHE,LS,General Chemistry I,,Metin Hayri Acar,EEB,Pazartesi,08:30/11:29,,30,5,,EHN,,
11185,MAL 201,MAL,LS,Malzeme Bilimi,,Duygu Ağaoğulları,EEB,Perşembe,08:30/11:29,,50,79,,"BLG, EHB, ELE, ELH, ELK, KOM, TEL",,
11186,MAL 201,MAL,LS,Malzeme Bilimi,,Derya Dışpınar,EEB,Perşembe,12:30/15:29,,50,59,,"BLG, EHB, ELE, ELH, ELK, KOM, TEL",,
11187,MAL 201,MAL,LS,Malzeme Bilimi,,Ömer Serdar Özgen,EEB,Cuma,08:30/11:29,,50,50,,"BLG, EHB, ELE, ELH, ELK, KOM, TEL",,
11188,KON 111,KON,LS,Kontrol Müh. Grş.,,Hakan Temeltaş,EEB,Çarşamba,14:30/15:29,,80,99,,KOM,,
11189,MAL 201E,MAL,LS,Materials Science,,Hakan Nuri Atahan,DEP,Pazartesi,12:30/15:29,,50,28,,"ELK, ELKE, KOME, KON",,
11190,MAL 201E,MAL,LS,Materials Science,,Hakan Nuri Atahan,EEB,Salı,08:30/11:29,,50,53,,"ELK, ELKE, KOME, KON",,
11191,DNK 201,DNK,LS,Dinamik,,Abdullah Gedikli,EEB,Cuma,14:00/16:59,,50,46,,"DUI, EHB, ELE, ELH, ELK, FIZ, INS, JEO, KOM, KON, MTO, TEK, TEL, UCK, UZB",,
11192,KON 111E,KON,LS,Intr. to Control Eng.,,Hakan Temeltaş,EEB,Çarşamba,13:30/14:29,,50,57,,"KOM, KOME",,
11193,DNK 201E,DNK,LS,Dynamics,,Murat Yılmaz,EEB,Pazartesi,08:30/11:29,,50,51,,"DEN, DENE, DUI, DUIE, DUIK, EHB, EHBE, ELE, ELH, ELK, ELKE, FIZ, FIZE, GEM, GEME, GEMK, GMI, GMIE, INS, INSE, JEO, JEOE, KOM, KOME, KON, KONE, MAD, MAT, MATE, MTO, PETE, TEK, TEL, UCK, UCKE, UZB, UZBE",,
11194,STA 204,STA,LS,Statik ve Mukavemet,,--,EEB,Cuma,08:30/11:29,,0,0,,"CEV, EHB, ELE, ELH, ELK, EUT, GID, ISL, KMM, KOM, KON, MET, MTO, PET, TEL",,
11195,STA 204E,STA,LS,Statics&Strength; of Materials,,--,EEB,Çarşamba,08:30/11:29,,0,0,,"CEV, CEVE, EHB, EHBE, ELE, ELH, ELK, ELKE, EUT, EUTE, GID, GIDE, ISL, ISLE, JEF, KMM, KMME, KOM, KOME, KON, KONE, MET, METE, MTO, PET, PETE, TEL",,
11196,MAD 471E,MAD,LS,Electro-Techniques in Mines,,"Murat İmeryüz, Türker Hüdaverdi",MDB,Çarşamba,11:30/13:29,,55,56,,"MAD, MADE",,
11197,CAB 492,CAB,LS,Bitirme Çalışması,,Cihangir Terzi,TMB,,/,,100,9,,CAB,,
11198,KON 214E,KON,LS,System Modelling&Simulation;,,Hakan Temeltaş,EEB,Cuma,08:30/11:29,,40,45,,"KOM, KOME",,
11199,MTR 401,MTR,LS,İleri Makam Teorisi III,,Ferda Cengiz Ünal,TMB | TMB,Salı | Perşembe,08:30/10:29 | 10:30/12:29,,30,16,,MTR,,
11200,KON 201E,KON,LS,Differential Equations,,Gülay Öke Günel,EEB,Perşembe,12:30/16:29,,40,75,,"KOM, KOME",,
11201,CAB 177,CAB,LS,Piyano I,,Alper Rumelioğlu,TMB,Pazartesi,08:30/10:29,,20,20,,"DUI, MTR, MUT, MUZ, SES",,
11202,MTR 403,MTR,LS,İleri Müzik Teorisi III,,Recep Gül,TMB | TMB,Perşembe | Cuma,13:30/15:29 | 10:30/12:29,,25,25,,MTR,,
11203,MTR 405,MTR,LS,Dikte ve Deşifre I,,Göktan Ay,TMB,Çarşamba,10:30/12:29,,25,20,,MTR,,
11204,KON 305E,KON,LS,Programming Techniq.in Control,,Emre Dincel,EEB,Salı,12:30/16:29,,80,30,,"KOM, KOME",,
11205,CAB 177,CAB,LS,Piyano I,,Sıtkı Kandemir Basmacıoğlu,TMB,Pazartesi,10:30/12:29,,17,17,,"DUI, MTR, MUT, MUZ, SES",,
11206,MTR 407,MTR,LS,Eser Çözümleme I,,Neşe Yeşim Altınel Çoban,TMB,Salı,10:30/12:29,,25,20,,MTR,,
11207,MTR 443,MTR,LS,Eser Çözümleme I,,Neşe Yeşim Altınel Çoban,TMB | TMB,Salı | Perşembe,08:30/10:29 | 13:30/15:29,,25,10,,SES,,
11208,CAB 177,CAB,LS,Piyano I,,Alper Rumelioğlu,TMB,Cuma,10:30/12:29,,17,17,,"DUI, MTR, MUT, MUZ, SES",,
11209,KON 309E,KON,LS,Microcontroller Systems,,Osman Kaan Erol,EEB,Salı,08:30/12:29,,80,80,,"KOM, KOME, MKN",,
11210,MTR 441,MTR,LS,Dikte Deşifre I,,Göktan Ay,TMB | TMB,Salı | Çarşamba,13:30/15:29 | 08:30/10:29,,20,18,,SES,,
11211,CAB 177,CAB,LS,Piyano I,,Cenk Öztürk,TMB,Pazartesi,15:30/17:29,,17,17,,"DUI, MTR, MUT, MUZ, SES",,
11212,MTR 105,MTR,LS,Ritim Uygulama I,,Adil Feridun Öney,TMB,Salı,10:30/12:29,,15,12,,MTR,,
11213,KON 313,KON,LS,Geribeslemeli Kontrol Sist.,,Müjde Güzelkaya,EEB,Pazartesi,12:30/15:29,,80,72,,KOM,,
11214,MTR 321,MTR,LS,Müzikte Metin Çözümlemeleri I,,Kemal Hasan Karnal,TMB,Perşembe,10:30/12:29,,15,10,,MTR,,
11215,CAB 177,CAB,LS,Piyano I,,Devlet Devrim Öztaş,TMB,Çarşamba,10:30/12:29,,17,17,,"DUI, MTR, MUT, MUZ, SES",,
11216,MTR 103,MTR,LS,Müzik Teorisi I,,Ufuk Biçak,TMB | TMB | TMB,Pazartesi | Salı | Perşembe,13:30/15:29 | 10:30/12:29 | 10:30/12:29,,30,25,,"MTR, MUT, MUZ, SES",,
11217,CAB 277,CAB,LS,Piyano III,,Sıtkı Kandemir Basmacıoğlu,TMB,Cuma,15:30/17:29,,18,18,,"MTR, MUT, SES",,
11218,KON 313E,KON,LS,Feedback Control Systems,,İbrahim Eksin,EEB,Pazartesi,12:30/15:29,,40,6,,"KOM, KOME",,
11219,CAB 277,CAB,LS,Piyano III,,Mehru Ensari,TMB,Perşembe,15:30/17:29,,19,19,,"MTR, MUT, SES",,
11221,CAB 277,CAB,LS,Piyano III,,Cenk Öztürk,TMB,Pazartesi,08:30/10:29,,19,20,,"MTR, MUT, SES",,
11222,CAB 143,CAB,LS,Yrd.Çalgı Piyano I,,Devlet Devrim Öztaş,TMB,Pazartesi,13:30/15:29,,15,12,,"CAB, KMP",,
11223,CAB 731,CAB,LS,Toplu Uygulama I (Orkestra),,Oğuzhan Balcı,TMB | TMB,Pazartesi | Cuma,15:30/17:29 | 13:30/15:29,,25,2,,"CAB, CGM1, CGM2, CGM3, CGM4, CGM5, CGM8",,
11224,KON 314E,KON,LS,Control System Design,,"Mehmet Turan Söylemez, İlker Üstoğlu",EEB | EEB,Pazartesi | Cuma,08:30/10:29 | 14:30/16:29,,40,22,,"KOM, KOME",,
11225,CAB 733,CAB,LS,Toplu Uygulama I (THM),,Haydar Tanrıverdi,TMB | TMB,Pazartesi | Cuma,15:30/17:29 | 13:30/15:29,,25,2,,"CAB, CGM1, CGM2, CGM3, CGM4, CGM5, CGM8",,
11226,CAB 735,CAB,LS,Toplu Uygulama I (TSM),,Hatice Doğan Sevinç,TMB | TMB,Pazartesi | Cuma,15:30/17:29 | 13:30/15:29,,25,2,,"CAB, CGM1, CGM2, CGM3, CGM4, CGM5, CGM8",,
11227,KON 315,KON,LS,Elektronik Enstrümantasyon,,Serhat İkizoğlu,EEB,Çarşamba,08:30/12:29,,90,80,,KOM,,
11228,CAB 741,CAB,LS,Toplu Uygulama III (Orkestra),,Oğuzhan Balcı,TMB | TMB,Pazartesi | Cuma,15:30/17:29 | 13:30/15:29,,25,5,,"CAB, CGM1, CGM2, CGM3, CGM4, CGM5, CGM8",,
11229,KON 315E,KON,LS,Electronic Instrumentation,,Serhat İkizoğlu,EEB,Perşembe,08:30/12:29,,50,14,,"KOM, KOME",,
11230,CAB 743,CAB,LS,Toplu Uygulama III (THM),,Haydar Tanrıverdi,TMB | TMB,Pazartesi | Cuma,15:30/17:29 | 13:30/15:29,,25,8,,"CAB, CGM1, CGM2, CGM3, CGM4, CGM5, CGM8",,
11231,KON 317,KON,LS,Otomatik Kontrol Sistemleri,,Volkan Sezer,EEB,Pazartesi,12:30/15:29,,50,61,,"EHB, ELE, ELH, ELK, TEL",,
11232,MTR 103,MTR,LS,Müzik Teorisi I,,Emel Şenocak,TMB | TMB | TMB,Pazartesi | Çarşamba | Perşembe,13:30/15:29 | 13:30/15:29 | 08:30/10:29,,30,29,,"MTR, MUT, MUZ, SES",,
11233,CAB 745,CAB,LS,Toplu Uygulama III (TSM),,Hatice Doğan Sevinç,TMB | TMB,Pazartesi | Cuma,15:30/17:29 | 13:30/15:29,,25,4,,"CAB, CGM1, CGM2, CGM3, CGM4, CGM5, CGM8",,
11235,MTR 101,MTR,LS,Makam Teorisi I,,Eren Özek,TMB | TMB | TMB,Pazartesi | Salı | Cuma,15:30/17:29 | 10:30/12:29 | 10:30/12:29,,40,21,,"MTR, MUT, MUZ, SES",,
11236,MTR 101,MTR,LS,Makam Teorisi I,,Şerife Güvençoğlu,TMB | TMB | TMB,Salı | Perşembe | Cuma,15:30/17:29 | 13:30/15:29 | 13:30/15:29,,45,37,,"MTR, MUT, MUZ, SES",,
11237,KON 317,KON,LS,Otomatik Kontrol Sistemleri,,Sıddık Murat Yeşiloğlu,EEB,Pazartesi,12:30/15:29,,50,59,,"EHB, ELE, ELH, ELK, TEL",,
11238,CAB 751,CAB,LS,Toplu Uygulama V (Orkestra),,Oğuzhan Balcı,TMB | TMB,Pazartesi | Cuma,15:30/17:29 | 13:30/15:29,,25,1,,"CAB, CGM1, CGM2, CGM3, CGM4, CGM5, CGM8",,
11239,MTR 123,MTR,LS,Müzik Teorisi I,,Emel Şenocak,TMB | TMB,Çarşamba | Cuma,08:30/10:29 | 10:30/12:29,,25,20,,THO,,
11240,MTR 121,MTR,LS,Makam Teorisi I,,Nurullah Kanık,TMB | TMB,Pazartesi | Perşembe,10:30/12:29 | 10:30/12:29,,25,20,,THO,,
11241,MTR 203,MTR,LS,Müzik Teorisi III,,Emel Şenocak,TMB | TMB | TMB,Pazartesi | Perşembe | Cuma,15:30/17:29 | 10:30/12:29 | 15:30/17:29,,30,30,,"MTR, MUT, MUZ, SES",,
11242,KON 317E,KON,LS,Control Systems,,Gülay Öke Günel,EEB,Pazartesi,12:30/15:29,,50,52,,"BLG, BLGE, EHBE, ELKE",,
11243,MTR 223,MTR,LS,Müzik Teorisi III,,Emel Şenocak,TMB | TMB,Çarşamba | Cuma,10:30/12:29 | 08:30/10:29,,25,9,,THO,,
11244,CAB 753,CAB,LS,Toplu Uygulama V (THM),,Haydar Tanrıverdi,TMB | TMB,Pazartesi | Cuma,15:30/17:29 | 13:30/15:29,,25,2,,"CAB, CGM1, CGM2, CGM3, CGM4, CGM5, CGM8",,
11245,MTR 201,MTR,LS,Makam Teorisi III,,Nurullah Kanık,TMB | TMB | TMB,Salı | Çarşamba | Cuma,10:30/12:29 | 13:30/15:29 | 13:30/15:29,,30,14,,"MTR, MUT, MUZ, SES",,
11246,MTR 221,MTR,LS,Makam Teorisi III,,Göktan Ay,TMB | TMB,Salı | Perşembe,10:30/12:29 | 08:30/10:29,,25,16,,THO,,
11247,MTR 431,MTR,LS,Dikte Deşifre I,,Göktan Ay,TMB,Salı,08:30/10:29,,20,20,,"CAB, SES, THO",,
11248,MTR 431,MTR,LS,Dikte Deşifre I,,Metin Eke,TMB,Perşembe,10:30/12:29,,20,7,,"CAB, SES, THO",,
11249,MTR 433,MTR,LS,Eser Çözümleme I,,Neşe Yeşim Altınel Çoban,TMB,Salı,10:30/12:29,,20,14,,"CAB, SES",,
11250,KON 405E,KON,LS,State Space Meth.in Contr.Syst,,Fikret Çalışkan,EEB,Pazartesi,08:30/11:29,,90,35,,"KOM, KOME",,
11251,MTR 333,MTR,LS,Ses Sistemleri I,,Mustafa Kemal Karaosmanoğlu,TMB,Pazartesi,10:30/12:29,,15,1,,"KMP, MUZ",,
11252,CAB 755,CAB,LS,Toplu Uygulama V (TSM),,Hatice Doğan Sevinç,TMB | TMB,Pazartesi | Cuma,15:30/17:29 | 13:30/15:29,,25,1,,"CAB, CGM1, CGM2, CGM3, CGM4, CGM5, CGM8",,
11253,MTR 143,MTR,LS,Müzik Teorisi I,,Ufuk Biçak,TMB | TMB,Pazartesi | Cuma,08:30/10:29 | 10:30/12:29,,25,15,,"CAB, CGM7, KMP",,
11254,KON 318E,KON,LS,Introduction to Robotics,,Hakan Temeltaş,EEB,Salı,12:30/15:29,,80,74,,"KOM, KOME",,
11255,MTR 243,MTR,LS,Müzik Teorisi III,,Recep Gül,TMB | TMB,Pazartesi | Cuma,10:30/12:29 | 08:30/10:29,,25,19,,"CAB, KMP",,
11256,CAB 761,CAB,LS,Toplu Uygulama VII (Orkestra)K,,Oğuzhan Balcı,TMB | TMB,Pazartesi | Cuma,15:30/17:29 | 13:30/15:29,,25,1,,"CAB, CGM1, CGM2, CGM3, CGM4, CGM5, CGM8",,
11257,MTR 233,MTR,LS,Müzik Teorisi III,,--,TMB | TMB,Pazartesi | Cuma,08:30/10:29 | 13:30/15:29,,0,0,,"MUT, SES, THO",,
11258,MTR 131,MTR,LS,Makam Teorisi I,,Nurullah Kanık,TMB | TMB,Pazartesi | Perşembe,10:30/12:29 | 10:30/12:29,,20,1,,"CGM6, MUT, SES, THO",,
11259,KON 409,KON,LS,Bitirme Tasarım Prj. Giriş,,Hakan Temeltaş,EEB,Perşembe,10:30/12:29,,40,40,,KOM,,
11260,CAB 763,CAB,LS,Toplu Uygulama VII (THM),,--,TMB | TMB,Pazartesi | Cuma,15:30/17:29 | 13:30/15:29,,0,0,,"CAB, CGM1, CGM2, CGM3, CGM4, CGM5, CGM8",,
11261,MTR 241,MTR,LS,Makam Teorisi III,,Ferda Cengiz Ünal,TMB | TMB,Salı | Çarşamba,15:30/17:29 | 10:30/12:29,,25,12,,"CAB, CGM7, KMP",,
11262,KON 409E,KON,LS,Int. to Senior Design Project,,Hakan Temeltaş,EEB,Perşembe,12:30/14:29,,40,9,,"KOM, KOME",,
11263,MTR 231,MTR,LS,Makam Teorisi III,,Ferda Cengiz Ünal,TMB | TMB,Pazartesi | Perşembe,15:30/17:29 | 13:30/15:29,,20,3,,"CGM6, MUT, SES, THO",,
11264,MTR 133,MTR,LS,Müzik Teorisi I,,Ayşecan Olgun,TMB | TMB,Salı | Perşembe,15:30/17:29 | 15:30/17:29,,20,2,,"CGM6, MUT, SES, THO",,
11265,MTR 141,MTR,LS,Makam Teorisi I,,Ferda Cengiz Ünal,TMB | TMB,Salı | Çarşamba,13:30/15:29 | 08:30/10:29,,25,19,,"CAB, CGM7, KMP",,
11266,MUZ 492,MUZ,LS,Bitirme Çalışması,,Songül Karahasanoğlu,---,,/,,100,5,,MUZ,,
11267,MUZ 479,MUZ,LS,Popüler Müziğe Giriş,,Serkan Şener,TMB,Perşembe,13:30/15:29,,20,3,,"ETMM, MUT, MUZ",,
11268,MUZ 475,MUZ,LS,Türk Halk Müziği Bilgileri I,,Süleyman Şenel,TMB,Perşembe,13:30/15:29,,40,37,,"CAB, ETMM, KMP, MTR, MUT, MUZ, SES, THO",,
11269,MUZ 121,MUZ,LS,Müzik Tarihi I,,Atilla Coşkun Toksoy,TMB,Perşembe,10:30/12:29,,35,34,,"CAB, MTR, MUT, SES",,
11270,MUZ 475,MUZ,LS,Türk Halk Müziği Bilgileri I,,Süleyman Şenel,TMB,Cuma,13:30/15:29,,35,32,,"CAB, ETMM, KMP, MTR, MUT, MUZ, SES, THO",,
11271,MUZ 111,MUZ,LS,Müzikte Araştırma Yönt. Giriş,,Serhan Dilhan Konan,TMB,Perşembe,13:30/16:29,,30,31,,"ETMM, MTR, MUZ",,
11272,MUZ 321,MUZ,LS,Organolojiye Giriş,,Eray Cömert,TMB,Salı,15:30/17:29,,20,16,,"CAB, ETMM, MTR, MUT, MUZ",,
11273,MUZ 375,MUZ,LS,Tarihi Nota Yazım Sistemleri,,Miltiadis Pappas,TMB,Pazartesi,13:30/15:29,,20,3,,"MTR, MUZ",,
11274,MUZ 379,MUZ,LS,Dini Müzik I,,Yalçın Çetinkaya,TMB,Çarşamba,08:30/10:29,,53,51,,"KMP, MTR, MUZ, SES",,
11275,MUZ 497,MUZ,LS,Müzik Felsefesine Giriş,,Yalçın Çetinkaya,TMB,Çarşamba,13:30/15:29,,35,33,,"CAB, KMP, MTR, MUT",,
11276,MUZ 121,MUZ,LS,Müzik Tarihi I,,Miltiadis Pappas,TMB,Cuma,15:30/17:29,,50,44,,"CAB, MTR, MUT, SES",,
11278,MUZ 201,MUZ,LS,Müzik Tarihi III,,"Gözde Çolakoğlu Sarı, Serhan Dilhan Konan",TMB,Salı,13:30/16:29,,20,20,,MUZ,,
11279,MUZ 101,MUZ,LS,Müzik Tarihi I,,Atilla Coşkun Toksoy,TMB,Perşembe,08:30/10:29,,30,19,,MUZ,,
11280,MUZ 111,MUZ,LS,Müzikte Araştırma Yönt. Giriş,,Eray Cömert,TMB,Cuma,13:30/16:29,,30,29,,"ETMM, MTR, MUZ",,
11281,CAB 243,CAB,LS,Yrd.Çalgı Piyano III,,Mehru Ensari,TMB,Çarşamba,13:30/15:29,,15,13,,"CAB, KMP",,
11282,MUZ 211,MUZ,LS,Osmanlıca I,,Ali Yayla,TMB,Cuma,09:30/12:29,,20,12,,MUZ,,
11283,MUZ 221,MUZ,LS,Etnomüzikolojiye Giriş,,Serkan Şener,TMB,Pazartesi,13:30/15:29,,20,19,,"ETMM, MUZ",,
11284,MUZ 311,MUZ,LS,Folklor ve Etnografya,,Süleyman Şenel,TMB,Perşembe,09:30/12:29,,20,10,,"ETMM, MUZ",,
11285,MUZ 301,MUZ,LS,Müzik Tarihi V,,Yalçın Çetinkaya,TMB,Cuma,09:30/12:29,,20,15,,MUZ,,
11286,CAB 243,CAB,LS,Yrd.Çalgı Piyano III,,Sıtkı Kandemir Basmacıoğlu,TMB,Pazartesi,08:30/10:29,,15,2,,"CAB, KMP",,
11287,MUZ 321,MUZ,LS,Organolojiye Giriş,,Serkan Şener,TMB,Çarşamba,13:30/15:29,,15,11,,"CAB, ETMM, MTR, MUT, MUZ",,
11288,MUZ 341,MUZ,LS,Seminer I,,Serkan Şener,TMB,Çarşamba,10:30/12:29,,20,15,,MUZ,,
11289,CAB 343,CAB,LS,Yrd.Çalgı Piyano V,,Devlet Devrim Öztaş,TMB,Pazartesi,10:30/12:29,,15,2,,"CAB, KMP, SES",,
11290,MUZ 357,MUZ,LS,İleri Osmanlıca I,,Ali Yayla,TMB,Cuma,13:30/15:29,,20,3,,"MUZ, MUZE",,
11291,MUZ 431,MUZ,LS,Gelnksl Drama Snatı ve Müzik,,--,TMB,Cuma,09:30/12:29,,0,0,,MUZ,,
11292,MUZ 447,MUZ,LS,19. Yüzyıl Osmanlı Müziği,,Yalçın Çetinkaya,TMB,Cuma,13:30/16:29,,20,12,,MUZ,,
11293,MUZ 445,MUZ,LS,Antik Yakın Doğu Müzikleri,,Miltiadis Pappas,TMB,Pazartesi,09:30/12:29,,20,9,,MUZ,,
11294,MUZ 377,MUZ,LS,17. YY. Osmanlı Müziği,,Serhan Dilhan Konan,TMB,Pazartesi,15:30/17:29,,20,4,,MUZ,,
11295,MUZ 491,MUZ,LS,Eleştirel Okumak ve Yazmak,,Zeynep Gonca Girgin,TMB,Pazartesi,13:30/16:29,,20,2,,MUZ,,
11296,MUZ 487,MUZ,LS,Müzik Felsefesine Giriş,,Fatma Belma Kurtişoğlu,TMB,Salı,09:30/12:29,,20,7,,MUZ,,
11297,MUZ 411,MUZ,LS,Türkiye Müzik Kültrlerne Giriş,,Zeynep Gonca Girgin,TMB,Çarşamba,10:30/12:29,,20,12,,"ETMM, MUZ",,
11298,CAB 343,CAB,LS,Yrd.Çalgı Piyano V,,Sıtkı Kandemir Basmacıoğlu,TMB,Pazartesi,13:30/15:29,,15,2,,"CAB, KMP, SES",,
11299,MUZ 483,MUZ,LS,Müzik-Dans-Kültürel Teori I,,Zeynep Gonca Girgin,TMB,Pazartesi,10:30/12:29,,20,9,,"ETMM, MUZ",,
11300,MUZ 401,MUZ,LS,Müzik Tarihi VII,,Atilla Coşkun Toksoy,TMB,Salı,13:30/15:29,,20,11,,MUZ,,
11301,MUZ 441,MUZ,LS,Seminer III,,Serhan Dilhan Konan,TMB,Çarşamba,13:30/15:29,,20,9,,MUZ,,
11302,MUZ 457,MUZ,LS,İleri Osmanlıca III,,Ali Yayla,TMB,Perşembe,10:30/12:29,,20,6,,"MUZ, MUZE",,
11303,MUZ 453,MUZ,LS,Farsça III,,Turgay Şafak,TMB,Salı,15:30/17:29,,20,11,,"MUZ, MUZE",,
11304,MUZ 486,MUZ,LS,Müzik Pedagojisine Giriş,,Atilla Coşkun Toksoy,TMB,Salı,09:30/12:29,,20,10,,"CAB, MUZ",,
11305,SES 492,SES,LS,Bitirme Çalışması,,Sinem Özdemir,---,,/,,100,7,,SES,,
11306,SES 105,SES,LS,Korrepetisyon I,,"Gülşah Sönmez, Laçin Modiri",TMB,,/,,6,3,,"SEMH, SEMS, SES",,
11307,SES 105,SES,LS,Korrepetisyon I,,"Gülşah Sönmez, Osman Serkan Bodur",TMB,,/,,6,2,,"SEMH, SEMS, SES",,
11308,SES 105,SES,LS,Korrepetisyon I,,"Gülşah Sönmez, Gülaram Baltayeva",TMB,,/,,6,1,,"SEMH, SEMS, SES",,
11309,SES 105,SES,LS,Korrepetisyon I,,"Gülşah Sönmez, Alin Aylin Yağcıoğlu",TMB,,/,,6,2,,"SEMH, SEMS, SES",,
11310,SES 105,SES,LS,Korrepetisyon I,,"Seval Eroğlu, Laçin Modiri",TMB,,/,,6,3,,"SEMH, SEMS, SES",,
11311,CAB 775,CAB,LS,17.yy Saz Eserleri Repertuarı,,Neva Özgen Kösoğlu,TMB,Çarşamba,09:30/12:29,,15,2,,CAB,,
11312,SES 105,SES,LS,Korrepetisyon I,,"Seval Eroğlu, Osman Serkan Bodur",TMB,,/,,6,5,,"SEMH, SEMS, SES",,
11313,SES 105,SES,LS,Korrepetisyon I,,"Seval Eroğlu, Gülaram Baltayeva",TMB,,/,,6,3,,"SEMH, SEMS, SES",,
11314,SES 105,SES,LS,Korrepetisyon I,,"Seval Eroğlu, Alin Aylin Yağcıoğlu",TMB,,/,,6,1,,"SEMH, SEMS, SES",,
11315,CAB 777,CAB,LS,Oyun Havaları Repertuarı I,,Metin Eke,TMB,Çarşamba,09:30/12:29,,15,4,,CAB,,
11316,CAB 781,CAB,LS,Uslup Tavır ve Yorum I,,Metin Eke,TMB | TMB,Çarşamba | Perşembe,13:30/15:29 | 15:30/17:29,,15,2,,CAB,,
11317,CAB 785,CAB,LS,Oda Müziği I,,Jülide Gündüz,TMB | TMB,Pazartesi | Cuma,08:30/10:29 | 10:30/12:29,,15,3,,CAB,,
11318,CAB 781,CAB,LS,Uslup Tavır ve Yorum I,,--,TMB | TMB,Çarşamba | Cuma,13:30/15:29 | 10:30/12:29,,0,0,,CAB,,
11319,CAB 443,CAB,LS,Yrd.Çalgı Piyano VII,,Mehru Ensari,TMB,Pazartesi,13:30/15:29,,15,10,,"CAB, KMP, SES",,
11320,CAB 443,CAB,LS,Yrd.Çalgı Piyano VII,,Devlet Devrim Öztaş,TMB,Çarşamba,08:30/10:29,,15,6,,"CAB, KMP, SES",,
11321,EHB 211,EHB,LS,Elektrik Devre Temelleri,,Mürvet Kırcı,EEB,Pazartesi,08:30/11:29,,75,87,,"BLG, EHB, ELE, ELK, KOM, TEL",,
11322,CAB 791,CAB,LS,Bağlmda Çalp Söylme Gelneği I,,Erdoğan Eskimez,TMB,Cuma,10:30/12:29,,15,2,,CAB,,
11323,CAB 723,CAB,LS,Oda Müziği III,,Jülide Gündüz,TMB | TMB,Pazartesi | Cuma,10:30/12:29 | 08:30/10:29,,15,3,,CAB,,
11324,KON 411,KON,LS,Kontrol Lab.,,--,EEB,Cuma,10:30/12:29,,0,0,,KOM,,
11325,EHB 211E,EHB,LS,Basics of Electrical Circuits,,Müştak Erhan Yalçın,EEB,Pazartesi,08:30/11:29,,75,85,,"BLGE, EHB, EHBE, ELE, ELK, ELKE, KOM, KOME, TEL",,
11326,KON 411,KON,LS,Kontrol Lab.,,Yaprak Yalçın,EEB,Pazartesi,08:30/10:29,,24,12,,KOM,,
11327,EHB 211E,EHB,LS,Basics of Electrical Circuits,,Ahmet Can Erten,EEB,Pazartesi,08:30/11:29,,75,79,,"BLGE, EHB, EHBE, ELE, ELK, ELKE, KOM, KOME, TEL",,
11328,KON 411,KON,LS,Kontrol Lab.,,Yaprak Yalçın,EEB,Perşembe,08:30/10:29,,24,25,,KOM,,
11329,KON 413E,KON,LS,Industrial Automation,,--,MED,Pazartesi,12:30/16:29,,0,0,,"KOM, KOME",,
11330,CAB 793,CAB,LS,Doğaçlama Yöntemleri I,,Erdoğan Eskimez,TMB | TMB,Çarşamba | Cuma,10:30/12:29 | 08:30/10:29,,15,3,,CAB,,
11331,CAB 793,CAB,LS,Doğaçlama Yöntemleri I,,--,TMB | TMB,Çarşamba | Cuma,10:30/12:29 | 08:30/10:29,,0,0,,CAB,,
11332,KON 422E,KON,LS,Electrical Transportation Sys.,,Yaprak Yalçın,EEB,Cuma,14:00/16:59,,50,6,,"KOM, KOME",,
11333,EHB 211E,EHB,LS,Basics of Electrical Circuits,,İsmail Serdar Özoğuz,EEB,Pazartesi,08:30/11:29,,75,90,,"BLGE, EHB, EHBE, ELE, ELK, ELKE, KOM, KOME, TEL",,
11334,CAB 144,CAB,LS,Yrd.Çalgı Piyano II,,Mehru Ensari,TMB,Çarşamba,10:30/12:29,,15,7,,"CAB, KMP",,
11335,CAB 144,CAB,LS,Yrd.Çalgı Piyano II,,Sıtkı Kandemir Basmacıoğlu,TMB,Cuma,13:30/15:29,,15,4,,"CAB, KMP",,
11336,EHB 211E,EHB,LS,Basics of Electrical Circuits,,Metin Hüner,EEB,Pazartesi,08:30/11:29,,75,79,,"BLGE, EHB, EHBE, ELE, ELK, ELKE, KOM, KOME, TEL",,
11337,KON 411E,KON,LS,Control Laboratory,,Ali Fuat Ergenç,EEB,Cuma,08:30/10:29,,24,20,,"KOM, KOME",,
11338,CAB 244,CAB,LS,Yrd.Çalgı Piyano IV,,Mehru Ensari,TMB,Perşembe,13:30/15:29,,15,1,,"CAB, KMP",,
11339,EHB 211E,EHB,LS,Basics of Electrical Circuits,,Hasan Bülent Yağcı,EEB,Pazartesi,08:30/11:29,,75,79,,"BLGE, EHB, EHBE, ELE, ELK, ELKE, KOM, KOME, TEL",,
11340,KON 411E,KON,LS,Control Laboratory,,Ali Fuat Ergenç,EEB,Çarşamba,12:30/14:29,,24,10,,"KOM, KOME",,
11341,CAB 343,CAB,LS,Yrd.Çalgı Piyano V,,Alper Rumelioğlu,TMB,Cuma,15:30/17:29,,15,13,,"CAB, KMP, SES",,
11342,CAB 444,CAB,LS,Yrd.Çalgı Piyano VIII,,Mehru Ensari,TMB,Perşembe,10:30/12:29,,15,10,,"CAB, KMP, SES",,
11343,EHB 212,EHB,LS,Elektromagnetik Alanlara Giriş,,Murat Tayfun Günel,EEB,Cuma,14:00/16:59,,78,82,,"EHB, ELE, ELH, ELK, KOM, TEL",,
11344,KON 419E,KON,LS,Control Sys. Dsgn. Project,,Ali Fuat Ergenç,EEB | EEB,Pazartesi | Cuma,11:30/12:29 | 10:30/11:29,,90,77,,"KOM, KOME",,
11345,CAB 277,CAB,LS,Piyano III,,Alper Rumelioğlu,TMB,Pazartesi,13:30/15:29,,19,20,,"MTR, MUT, SES",,
11346,KON 435E,KON,LS,Industrial Data Communications,,Ali Fuat Ergenç,EEB,Pazartesi,12:30/16:29,,50,50,,"END, ENDE, KOM, KOME",,
11347,CAB 277,CAB,LS,Piyano III,,Alper Rumelioğlu,TMB,Cuma,13:30/15:29,,15,8,,"MTR, MUT, SES",,
11348,KON 437E,KON,LS,Motion Control Systems,,--,EEB | EEB,Salı | Perşembe,08:30/10:29 | 08:30/10:29,,0,0,,"KOM, KOME",,
11349,KON 413,KON,LS,Endüstriyel Otomasyon,,Salman Kurtulan,EEB,Perşembe,12:30/16:29,,32,31,,KOM,,
11350,KON 422,KON,LS,Elektrikli Ulaşım Sistemleri,,Salman Kurtulan,EEB,Çarşamba,12:30/15:29,,50,11,,KOM,,
11351,KON 492,KON,LS,Bitirme Tasarım Projesi,,Hakan Temeltaş,EEB,,/,,500,17,,KOM,,
11352,EHB 212E,EHB,LS,Intr.to Electromagnetic Fields,,Tuba Yılmaz Abdolsaheb,EEB,Cuma,14:00/16:59,,78,76,,"EHB, EHBE, ELE, ELH, ELK, ELKE, KOM, KOME, TEL",,
11353,KON 492E,KON,LS,Senior Design Project,,Hakan Temeltaş,EEB,,/,,500,4,,"KOM, KOME",,
11354,KON 417,KON,LS,Servo Motorlar,,Metin Gökaşan,EEB,Salı,08:30/11:29,,75,22,,"KOM, MKN",,
11355,EHB 221E,EHB,LS,Basics of Elec. Circuits Lab.,,Hasan Bülent Yağcı,EEB,Pazartesi,12:30/14:29,,20,9,,"EHB, EHBE, ELE, TEL",,
11356,KON 417E,KON,LS,Servo Motors,,Ovsanna Seta Estrada,EEB,Salı,08:30/11:29,,75,7,,"KOM, KOME",,
11357,EHB 221E,EHB,LS,Basics of Elec. Circuits Lab.,,Hasan Bülent Yağcı,EEB,Çarşamba,10:30/12:29,,30,28,,"EHB, EHBE, ELE, TEL",,
11358,KON 425E,KON,LS,Process Control,,Tufan Kumbasar,EEB,Çarşamba,08:30/11:29,,40,37,,"KOM, KOME",,
11359,EHB 222,EHB,LS,Elektroniğe Giriş,,Hacer Atar Yıldız,EEB,Salı,12:30/15:29,,70,50,,"BLG, ELE, ELH, ELK, KOM, MKN, TEL",,
11360,EHB 222,EHB,LS,Elektroniğe Giriş,,İbrahim Çatalkaya,EEB,Salı,12:30/15:29,,70,70,,"BLG, ELE, ELH, ELK, KOM, MKN, TEL",,
11362,CAB 181,CAB,LS,Kudüm I,,Serhat Tansu Altuğ,TMB,Pazartesi,10:30/12:29,,5,1,,"CGM6, CGM7, CGM8, MTR, MUZ",,
11363,CAB 163,CAB,LS,Mey I,,Cem Ekmen,TMB,Pazartesi,10:30/12:29,,5,1,,"CGM6, CGM7, CGM8, MTR, MUZ, THO",,
11364,CAB 153,CAB,LS,Tanbur I,,--,TMB,Pazartesi,10:30/12:29,,0,0,,"CGM6, CGM7, CGM8, MTR, MUT, MUZ, SES",,
11365,CAB 151,CAB,LS,Kanun I,,Serkan Mesut Halili,TMB,Pazartesi,10:30/12:29,,5,4,,"CGM3, CGM6, CGM7, CGM8, MTR, MUT, MUZ, SES",,
11366,CAB 151,CAB,LS,Kanun I,,Ayşegül Kostak Toksoy,TMB,Pazartesi,10:30/12:29,,5,5,,"CGM3, CGM6, CGM7, CGM8, MTR, MUT, MUZ, SES",,
11367,CAB 157,CAB,LS,Bağlama I,,Şendoğan Karadeli,TMB,Pazartesi,10:30/12:29,,5,5,,"CGM1, CGM6, CGM7, CGM8, DUI, MTR, MUT, MUZ, SES, THO",,
11368,CAB 157,CAB,LS,Bağlama I,,Metin Eke,TMB,Pazartesi,10:30/12:29,,5,6,,"CGM1, CGM6, CGM7, CGM8, DUI, MTR, MUT, MUZ, SES, THO",,
11369,CAB 157,CAB,LS,Bağlama I,,Engin Şafak Gürler,TMB,Pazartesi,10:30/12:29,,5,5,,"CGM1, CGM6, CGM7, CGM8, DUI, MTR, MUT, MUZ, SES, THO",,
11370,CAB 157,CAB,LS,Bağlama I,,Asim Kırca,TMB,Pazartesi,10:30/12:29,,5,5,,"CGM1, CGM6, CGM7, CGM8, DUI, MTR, MUT, MUZ, SES, THO",,
11371,CAB 157,CAB,LS,Bağlama I,,Erdoğan Eskimez,TMB,Pazartesi,10:30/12:29,,5,5,,"CGM1, CGM6, CGM7, CGM8, DUI, MTR, MUT, MUZ, SES, THO",,
11372,CAB 1101,CAB,LS,Keman I,,Pınar Tezişçi,TMB,Pazartesi,10:30/12:29,,5,5,,"MTR, MUT, MUZ",,
11373,CAB 165,CAB,LS,Kaval I,,Haydar Tanrıverdi,TMB,Pazartesi,10:30/12:29,,5,1,,"CGM6, CGM7, CGM8, MTR, MUZ, THO",,
11374,CAB 159,CAB,LS,Ud I,,Mehmet Bitmez,TMB,Pazartesi,10:30/12:29,,6,6,,"CGM4, CGM6, CGM7, CGM8, MTR, MUT, MUZ, SES",,
11375,CAB 159,CAB,LS,Ud I,,Osman Kırklıkçı,TMB,Pazartesi,10:30/12:29,,5,6,,"CGM4, CGM6, CGM7, CGM8, MTR, MUT, MUZ, SES",,
11376,CAB 159,CAB,LS,Ud I,,Özge Nadire Akgül,TMB,Pazartesi,10:30/12:29,,5,6,,"CGM4, CGM6, CGM7, CGM8, MTR, MUT, MUZ, SES",,
11377,CAB 187,CAB,LS,Gitar I,,Tufan Kurdoğlu,TMB,Pazartesi,10:30/12:29,,5,7,,"CGM2, CGM6, CGM7, CGM8, DUI, MTR, MUT, MUZ",,
11378,CAB 155,CAB,LS,Tar I,,--,TMB,Pazartesi,10:30/12:29,,0,0,,"CGM6, CGM7, CGM8, MTR, MUZ, SES, THO",,
11379,CAB 169,CAB,LS,3 Telli Kemençe I,,Hatice Doğan Sevinç,TMB,Pazartesi,10:30/12:29,,5,4,,"CGM6, CGM7, CGM8, MTR, MUT, MUZ",,
11380,CAB 175,CAB,LS,Kemane I,,Ferhan Yeprem,TMB,Pazartesi,10:30/12:29,,5,2,,"CGM6, CGM7, CGM8, MTR, MUT, MUZ, THO",,
11381,CAB 1013,CAB,LS,Viyola I,,Zeynep Barut,TMB,Pazartesi,10:30/12:29,,5,1,,"MTR, MUT, MUZ",,
11382,CAB 161,CAB,LS,Ney I,,Ali Tüfekçi,TMB,Pazartesi,10:30/12:29,,5,2,,"CGM6, CGM7, CGM8, DUI, MTR, MUZ",,
11383,CAB 167,CAB,LS,Klarnet I,,Sezgin Unan,TMB,Pazartesi,10:30/12:29,,5,4,,"MTR, MUZ, THO",,
11384,CAB 171,CAB,LS,4 Telli Kemençe I,,--,TMB,Pazartesi,10:30/12:29,,0,0,,"CGM6, CGM7, CGM8, MTR, MUT, MUZ",,
11385,CAB 195,CAB,LS,Viyolonsel I,,Gülyar Say,TMB,Pazartesi,10:30/12:29,,5,3,,"MTR, MUT, MUZ",,
11386,CAB 173,CAB,LS,Karadeniz Kemençesi I,,Aydın Balcı,TMB,Pazartesi,10:30/12:29,,5,1,,"MUZ, THO",,
11387,CAB 193,CAB,LS,Zurna I,,Ünal Yürük,TMB,Pazartesi,10:30/12:29,,5,2,,"MUZ, THO",,
11388,CAB 179,CAB,LS,Asmalı Davul I,,Eyüp Uzunkaya,TMB,Pazartesi,10:30/12:29,,5,4,,THO,,
11389,CAB 169,CAB,LS,3 Telli Kemençe I,,Neva Özgen Kösoğlu,TMB,Pazartesi,10:30/12:29,,5,2,,"CGM6, CGM7, CGM8, MTR, MUT, MUZ",,
11390,SES 415,SES,LS,TSM Repertuvarı VII,,Sinem Özdemir,TMB | TMB | TMB,Salı | Çarşamba | Perşembe,08:30/10:29 | 10:30/12:29 | 13:30/15:29,,10,1,,SES,,
11391,SES 405,SES,LS,Resital III,,"Sinem Özdemir, Alin Aylin Yağcıoğlu",TMB,,/,,5,1,,SES,,
11392,SES 453,SES,LS,Mevlevi Ayinleri Repertuvarı I,,Suat Güney,TMB,Cuma,08:30/10:29,,10,1,,SES,,
11393,SES 371,SES,LS,Repertuar I,,Gülşah Sönmez,TMB,Cuma,13:30/15:29,,10,6,,KMP,,
11394,SES 405,SES,LS,Resital III,,--,TMB,,/,,0,0,,SES,,
11395,SES 468,SES,LS,Sahne Psikolojisi,,--,TMB,Pazartesi,08:30/10:29,,0,0,,SES,,
11396,SES 473,SES,LS,Sözlü Oyun Ezgileri Rep.,,--,TMB | TMB,Pazartesi | Salı,10:30/12:29 | 08:30/10:29,,0,0,,THO,,
11397,SES 427,SES,LS,Sahne Bilgisi ve Jest Mimik,,Ebru Aracı,TMB,Pazartesi,13:30/15:29,,20,16,,"CAB, SES",,
11398,SES 3113,SES,LS,Dikte Deşifre I,,Ferda Cengiz Ünal,TMB | TMB,Salı | Perşembe,10:30/12:29 | 08:30/10:29,,5,1,,SES,,
11399,SES 3313,SES,LS,Fasıl I,,Gülşah Sönmez,TMB,Perşembe,10:30/12:29,,10,1,,SES,,
11400,SES 4122,SES,LS,Repertuar Hazırlama Teknikleri,,Sinem Özdemir,TMB | TMB,Pazartesi | Çarşamba,13:30/15:29 | 09:30/10:29,,5,1,,SES,,
11401,MUT 492,MUT,LS,Bitirme Çalışması,,Can Karadoğan,TMB,,/,,100,10,,MUT,,
11402,MUT 101,MUT,LS,Kemençe Yapımı I,,İbrahim Coşkun,TMB,,/,,5,3,,MUT,,
11403,MUT 101,MUT,LS,Kemençe Yapımı I,,--,TMB,,/,,0,0,,MUT,,
11404,CAB 281,CAB,LS,Def,,Serhat Tansu Altuğ,TMB,Pazartesi,13:30/15:29,,7,6,,"CGM6, CGM7, CGM8, MTR, MUZ",,
11405,CAB 253,CAB,LS,Tanbur III,,Birol Yayla,TMB,Pazartesi,13:30/15:29,,5,4,,"CGM6, CGM7, CGM8, MTR, MUT, MUZ, SES",,
11406,CAB 253,CAB,LS,Tanbur III,,Hulusi Babalık,TMB,Pazartesi,13:30/15:29,,5,1,,"CGM6, CGM7, CGM8, MTR, MUT, MUZ, SES",,
11408,CAB 251,CAB,LS,Kanun III,,Serkan Mesut Halili,TMB,Pazartesi,13:30/15:29,,5,3,,"CGM3, CGM6, CGM7, CGM8, MTR, MUT, MUZ, SES",,
11409,CAB 251,CAB,LS,Kanun III,,Ayşegül Kostak Toksoy,TMB,Pazartesi,13:30/15:29,,5,5,,"CGM3, CGM6, CGM7, CGM8, MTR, MUT, MUZ, SES",,
11410,MAT 202,MAT,LS,Sayısal Yöntemler,,Özcan Kalenderli,EEB,Cuma,14:00/16:59,,50,66,,"CEV, CHZ, DEN, EHB, ELE, ELH, ELK, GEM, GEO, GID, IML, INS, ISL, JEF, JEO, KOM, KON, MAD, MAK, MET, PET, TEK, TEL",,
11411,CAB 257,CAB,LS,Bağlama III,,Şendoğan Karadeli,TMB,Pazartesi,13:30/15:29,,5,5,,"CGM1, CGM6, CGM7, CGM8, MTR, MUT, MUZ, SES, THO",,
11412,CAB 257,CAB,LS,Bağlama III,,Metin Eke,TMB,Pazartesi,13:30/15:29,,5,5,,"CGM1, CGM6, CGM7, CGM8, MTR, MUT, MUZ, SES, THO",,
11413,MAT 202E,MAT,LS,Numerical Methods,,Emine Ayaz,EEB,Pazartesi,12:30/15:29,,50,63,,"BLG, BLGE, CEV, CEVE, CHZ, CHZE, DEN, DENE, EHB, EHBE, ELE, ELH, ELK, ELKE, GEM, GEME, GEMK, GEO, GEOE, GID, GIDE, IML, IMLE, INS, INSE, ISL, ISLE, JEF, JEFE, JEO, JEOE, KMM, KMME, KOM, KOME, KON, KONE, MAD, MADE, MAK, MAKE, MET, METE, MTO, MTOE, PET, PETE, TEK, TEKE, TEL, UCK, UCKE, UZB, UZBE",,
11414,CAB 257,CAB,LS,Bağlama III,,Engin Şafak Gürler,TMB,Pazartesi,13:30/15:29,,5,5,,"CGM1, CGM6, CGM7, CGM8, MTR, MUT, MUZ, SES, THO",,
11415,MUT 101,MUT,LS,Kemençe Yapımı I,,Şafak Köksal,TMB,,/,,5,1,,MUT,,
11416,CAB 257,CAB,LS,Bağlama III,,Asim Kırca,TMB,Pazartesi,13:30/15:29,,5,1,,"CGM1, CGM6, CGM7, CGM8, MTR, MUT, MUZ, SES, THO",,
11417,CAB 257,CAB,LS,Bağlama III,,Erdoğan Eskimez,TMB,Pazartesi,13:30/15:29,,5,5,,"CGM1, CGM6, CGM7, CGM8, MTR, MUT, MUZ, SES, THO",,
11418,SES 113,SES,LS,Ses Eğitimi I,,Laçin Modiri,TMB,,/,,5,5,,"SEMH, SEMS, SES",,
11419,SES 113,SES,LS,Ses Eğitimi I,,Osman Serkan Bodur,TMB,,/,,5,5,,"SEMH, SEMS, SES",,
11420,MUT 101,MUT,LS,Kemençe Yapımı I,,Mehmet Tangör,TMB,,/,,5,2,,MUT,,
11421,SES 113,SES,LS,Ses Eğitimi I,,Gülaram Baltayeva,TMB,,/,,5,5,,"SEMH, SEMS, SES",,
11422,SES 113,SES,LS,Ses Eğitimi I,,Alin Aylin Yağcıoğlu,TMB,,/,,5,4,,"SEMH, SEMS, SES",,
11423,SES 209,SES,LS,Korrepetisyon III,,"Sinem Özdemir, Laçin Modiri",TMB,,/,,5,5,,"SEMH, SEMS, SES",,
11424,MUT 111,MUT,LS,Tanbur Yapımı,,--,TMB,,/,,0,0,,"MTMM, MUT",,
11425,MUT 111,MUT,LS,Tanbur Yapımı,,--,TMB,,/,,0,0,,"MTMM, MUT",,
11426,MUT 111,MUT,LS,Tanbur Yapımı,,--,TMB,,/,,0,0,,"MTMM, MUT",,
11427,MUT 111,MUT,LS,Tanbur Yapımı,,--,TMB,,/,,0,0,,"MTMM, MUT",,
11428,SES 209,SES,LS,Korrepetisyon III,,"Sinem Özdemir, Osman Serkan Bodur",TMB,,/,,5,1,,"SEMH, SEMS, SES",,
11429,SES 209,SES,LS,Korrepetisyon III,,"Sinem Özdemir, Alin Aylin Yağcıoğlu",TMB,,/,,5,2,,"SEMH, SEMS, SES",,
11430,SES 209,SES,LS,Korrepetisyon III,,"Sinem Özdemir, Fidan Kurt Kasapbaşı",TMB,,/,,8,8,,"SEMH, SEMS, SES",,
11431,MUT 201,MUT,LS,Kemane Yapımı,,Ahmet Kaya,TMB,,/,,5,2,,"MTMY, MUT",,
11432,MUT 201,MUT,LS,Kemane Yapımı,,--,TMB,,/,,0,0,,"MTMY, MUT",,
11433,MUT 211,MUT,LS,Ud Yapımı,,İbrahim Coşkun,TMB,,/,,5,1,,"MTMM, MUT",,
11434,MUT 211,MUT,LS,Ud Yapımı,,Şafak Köksal,TMB,,/,,5,1,,"MTMM, MUT",,
11435,MUT 211,MUT,LS,Ud Yapımı,,Mustafa Aydın Öksüz,TMB,,/,,5,1,,"MTMM, MUT",,
11436,MUT 211,MUT,LS,Ud Yapımı,,Hasan Coşkun,TMB,,/,,5,2,,"MTMM, MUT",,
11437,CAB 263,CAB,LS,Mey III,,Ali Yılmaz,TMB,Pazartesi,13:30/15:29,,5,2,,"CGM6, CGM7, CGM8, MTR, MUZ, THO",,
11438,MUT 301,MUT,LS,Keman Yapımı II,,--,TMB,,/,,0,0,,MUT,,
11439,CAB 2101,CAB,LS,Keman III,,Pınar Tezişçi,TMB,Pazartesi,13:30/15:29,,5,5,,"MTR, MUT, MUZ",,
11440,MUT 301,MUT,LS,Keman Yapımı II,,Mehmet Tangör,TMB,,/,,5,3,,MUT,,
11441,CAB 265,CAB,LS,Kaval III,,--,TMB,Pazartesi,13:30/15:29,,0,0,,"CGM6, CGM7, CGM8, MTR, MUZ, THO",,
11442,CAB 259,CAB,LS,Ud III,,Özge Nadire Akgül,TMB,Pazartesi,13:30/15:29,,5,4,,"CGM4, CGM6, CGM7, CGM8, MTR, MUT, MUZ, SES",,
11443,EHB 222E,EHB,LS,Introduction to Electronics,,Fatma İnci Çilesiz,EEB,Salı,12:30/15:29,,70,86,,"BLGE, ELE, ELH, ELK, ELKE, KOM, KOME, MKN, TEL",,
11444,MUT 301,MUT,LS,Keman Yapımı II,,--,TMB,,/,,0,0,,MUT,,
11446,MUT 301,MUT,LS,Keman Yapımı II,,--,TMB,,/,,0,0,,MUT,,
11447,CAB 259,CAB,LS,Ud III,,Osman Kırklıkçı,TMB,Pazartesi,13:30/15:29,,5,4,,"CGM4, CGM6, CGM7, CGM8, MTR, MUT, MUZ, SES",,
11448,MUT 311,MUT,LS,Gitar Yapımı,,--,TMB,,/,,0,0,,MUT,,
11450,CAB 259,CAB,LS,Ud III,,Mehmet Bitmez,TMB,Pazartesi,13:30/15:29,,5,5,,"CGM4, CGM6, CGM7, CGM8, MTR, MUT, MUZ, SES",,
11451,CAB 275,CAB,LS,Kemane III,,--,TMB,Pazartesi,13:30/15:29,,0,0,,"CGM6, CGM7, CGM8, MTR, MUT, MUZ, THO",,
11452,MUT 311,MUT,LS,Gitar Yapımı,,Şafak Köksal,TMB,,/,,5,3,,MUT,,
11453,MUT 311,MUT,LS,Gitar Yapımı,,Mustafa Aydın Öksüz,TMB,,/,,5,2,,MUT,,
11454,MAT 271,MAT,LS,Olasılık ve İstatistik,,Yücel Aydın,KMB,Pazartesi,08:30/11:29,,60,37,,"BIO, BLG, EHB, ELE, ELH, EUT, FIZ, GEM, GEO, GID, IML, INS, JEO, KMM, MET, MTO, PET, TEL, UCK, UZB",,
11455,MUT 311,MUT,LS,Gitar Yapımı,,Hasan Coşkun,TMB,,/,,5,1,,MUT,,
11456,MAT 271E,MAT,LS,Probability and Statistics,,Ramazan Çağlar,EEB,Cuma,08:30/11:29,,50,60,,"BIO, BIOE, BLG, BLGE, CEV, CEVE, CHZ, CHZE, DEN, DENE, EHB, EHBE, EHN, ELE, ELH, ELK, ELKE, EUT, EUTE, FIZ, FIZE, GEM, GEME, GEMK, GEO, GEOE, GID, GIDE, IML, IMLE, INS, INSE, JEF, JEFE, JEO, JEOE, KMM, KMME, KOM, KOME, KON, KONE, MAD, MADE, MAK, MAKE, MET, METE, MTO, MTOE, PET, PETE, SBP, SBPE, SEH, TEK, TEKE, TEL, UCK, UCKE, UZB, UZBE",,
11457,MAT 271E,MAT,LS,Probability and Statistics,,Zehra Elif Batman,EEB,Cuma,08:30/11:29,,50,58,,"BIO, BIOE, BLG, BLGE, CEV, CEVE, CHZ, CHZE, DEN, DENE, EHB, EHBE, EHN, ELE, ELH, ELK, ELKE, EUT, EUTE, FIZ, FIZE, GEM, GEME, GEMK, GEO, GEOE, GID, GIDE, IML, IMLE, INS, INSE, JEF, JEFE, JEO, JEOE, KMM, KMME, KOM, KOME, KON, KONE, MAD, MADE, MAK, MAKE, MET, METE, MTO, MTOE, PET, PETE, SBP, SBPE, SEH, TEK, TEKE, TEL, UCK, UCKE, UZB, UZBE",,
11458,CAB 287,CAB,LS,Gitar III,,Tufan Kurdoğlu,TMB,Pazartesi,13:30/15:29,,5,5,,"CGM2, CGM6, CGM7, CGM8, MTR, MUT, MUZ",,
11459,CAB 269,CAB,LS,3 Telli Kemençe III,,Hatice Doğan Sevinç,TMB,Pazartesi,13:30/15:29,,5,3,,"CGM6, CGM7, CGM8, MTR, MUT, MUZ",,
11460,MAT 271E,MAT,LS,Probability and Statistics,,Mustafa Doğan,EEB,Cuma,08:30/11:29,,50,59,,"BIO, BIOE, BLG, BLGE, CEV, CEVE, CHZ, CHZE, DEN, DENE, EHB, EHBE, EHN, ELE, ELH, ELK, ELKE, EUT, EUTE, FIZ, FIZE, GEM, GEME, GEMK, GEO, GEOE, GID, GIDE, IML, IMLE, INS, INSE, JEF, JEFE, JEO, JEOE, KMM, KMME, KOM, KOME, KON, KONE, MAD, MADE, MAK, MAKE, MET, METE, MTO, MTOE, PET, PETE, SBP, SBPE, SEH, TEK, TEKE, TEL, UCK, UCKE, UZB, UZBE",,
11461,MUT 363,MUT,LS,Serbest Proje Çalışması I,,Mehmet Cevdet Erek,TMB,,/,,5,5,,MUT,,
11462,CAB 261,CAB,LS,Ney III,,Ali Tüfekçi,TMB,Pazartesi,13:30/15:29,,5,1,,"CGM6, CGM7, CGM8, MTR, MUZ",,
11463,SES 209,SES,LS,Korrepetisyon III,,--,TMB,,/,,0,0,,"SEMH, SEMS, SES",,
11464,CAB 267,CAB,LS,Klarnet III,,Sezgin Unan,TMB,Pazartesi,13:30/15:29,,5,1,,"MTR, MUZ, THO",,
11465,SES 209,SES,LS,Korrepetisyon III,,"Ayşe Esin Şentürk, Osman Serkan Bodur",TMB,,/,,5,2,,"SEMH, SEMS, SES",,
11466,SES 209,SES,LS,Korrepetisyon III,,"Ayşe Esin Şentürk, Alin Aylin Yağcıoğlu",TMB,,/,,5,2,,"SEMH, SEMS, SES",,
11467,CAB 267,CAB,LS,Klarnet III,,Özlem Kolat Çakmaksoy,TMB,Pazartesi,13:30/15:29,,5,3,,"MTR, MUZ, THO",,
11468,SES 209,SES,LS,Korrepetisyon III,,"Ayşe Esin Şentürk, Fidan Kurt Kasapbaşı",TMB,,/,,5,2,,"SEMH, SEMS, SES",,
11469,CAB 295,CAB,LS,Viyolonsel III,,Cenk Öztürk,TMB,Pazartesi,13:30/15:29,,5,2,,"MTR, MUT, MUZ",,
11470,MUT 363,MUT,LS,Serbest Proje Çalışması I,,Gökhan Deneç,TMB,,/,,5,5,,MUT,,
11471,SES 209,SES,LS,Korrepetisyon III,,--,TMB,,/,,0,0,,"SEMH, SEMS, SES",,
11472,CAB 293,CAB,LS,Zurna III,,Cem Ekmen,TMB,Pazartesi,13:30/15:29,,5,1,,"MUZ, THO",,
11473,CAB 273,CAB,LS,Karadeniz Kemençesi III,,Aydın Balcı,TMB,Pazartesi,13:30/15:29,,5,2,,"MUZ, THO",,
11474,SES 209,SES,LS,Korrepetisyon III,,"Serap Baltutan, Osman Serkan Bodur",TMB,,/,,5,1,,"SEMH, SEMS, SES",,
11475,MUT 363,MUT,LS,Serbest Proje Çalışması I,,Sertaç Kakı,TMB,,/,,5,5,,MUT,,
11476,SES 209,SES,LS,Korrepetisyon III,,"Serap Baltutan, Alin Aylin Yağcıoğlu",TMB,,/,,5,2,,"SEMH, SEMS, SES",,
11477,CAB 279,CAB,LS,Koltuk Davul I,,Salim Sınar,TMB,Pazartesi,13:30/15:29,,5,1,,THO,,
11478,SES 209,SES,LS,Korrepetisyon III,,"Serap Baltutan, Fidan Kurt Kasapbaşı",TMB,,/,,5,2,,"SEMH, SEMS, SES",,
11479,MUT 363,MUT,LS,Serbest Proje Çalışması I,,İbrahim Coşkun,TMB,,/,,5,2,,MUT,,
11480,CAB 269,CAB,LS,3 Telli Kemençe III,,Neva Özgen Kösoğlu,TMB,Pazartesi,13:30/15:29,,5,1,,"CGM6, CGM7, CGM8, MTR, MUT, MUZ",,
11481,SES 213,SES,LS,Ses Eğitimi III,,Laçin Modiri,TMB,,/,,10,7,,"SEMH, SEMS, SES",,
11482,SES 213,SES,LS,Ses Eğitimi III,,Alin Aylin Yağcıoğlu,TMB,,/,,6,5,,"SEMH, SEMS, SES",,
11483,EHB 222E,EHB,LS,Introduction to Electronics,,Bora Döken,EEB,Salı,12:30/15:29,,70,89,,"BLGE, ELE, ELH, ELK, ELKE, KOM, KOME, MKN, TEL",,
11484,MUT 363,MUT,LS,Serbest Proje Çalışması I,,Mustafa Aydın Öksüz,TMB,,/,,4,4,,MUT,,
11485,SES 213,SES,LS,Ses Eğitimi III,,Osman Serkan Bodur,TMB,,/,,6,5,,"SEMH, SEMS, SES",,
11486,CAB 379,CAB,LS,Asmalı Davul I,,--,TMB,Pazartesi,15:30/17:29,,0,0,,"CGM6, CGM7, CGM8, MTR",,
11487,SES 213,SES,LS,Ses Eğitimi III,,Fidan Kurt Kasapbaşı,TMB,,/,,10,10,,"SEMH, SEMS, SES",,
11488,EHB 227E,EHB,LS,Introduction to Optics,,Onur Ferhanoğlu,EEB,Çarşamba,12:30/15:29,,55,44,,"EHB, EHBE, ELE, TEL",,
11489,CAB 351,CAB,LS,Kanun V,,Ayşegül Kostak Toksoy,TMB,Pazartesi,15:30/17:29,,5,1,,"CGM3, CGM6, CGM7, CGM8, MTR, MUT, SES",,
11490,SES 309,SES,LS,Korrepetisyon V,,--,TMB,,/,,0,0,,SES,,
11491,MUT 401,MUT,LS,Viyolonsel Yapımı I,,Ahmet Tunç Buyruklar,TMB,,/,,5,3,,"MTMY, MUT",,
11492,CAB 353,CAB,LS,Tanbur V,,Birol Yayla,TMB,Pazartesi,15:30/17:29,,5,1,,"CGM6, CGM7, CGM8, MTR, MUT, SES",,
11493,SES 309,SES,LS,Korrepetisyon V,,"Serap Baltutan, Gülaram Baltayeva",TMB,,/,,5,4,,SES,,
11494,EHB 231,EHB,LS,Elektronik I,,Metin Yazgı,EEB,Salı,12:30/15:29,,61,72,,"EHB, ELE",,
11495,MUT 401,MUT,LS,Viyolonsel Yapımı I,,--,TMB,,/,,0,0,,"MTMY, MUT",,
11496,CAB 357,CAB,LS,Bağlama V,,Şendoğan Karadeli,TMB,Pazartesi,15:30/17:29,,5,1,,"CGM1, CGM6, CGM7, CGM8, MTR, MUT, SES",,
11497,SES 309,SES,LS,Korrepetisyon V,,"Serap Baltutan, Alin Aylin Yağcıoğlu",TMB,,/,,5,1,,SES,,
11499,MUT 401,MUT,LS,Viyolonsel Yapımı I,,--,TMB,,/,,0,0,,"MTMY, MUT",,
11500,SES 309,SES,LS,Korrepetisyon V,,"Serap Baltutan, Alper Göçeri",TMB,,/,,5,1,,SES,,
11501,CAB 357,CAB,LS,Bağlama V,,Engin Şafak Gürler,TMB,Pazartesi,15:30/17:29,,5,2,,"CGM1, CGM6, CGM7, CGM8, MTR, MUT, SES",,
11502,SES 309,SES,LS,Korrepetisyon V,,--,TMB,,/,,0,0,,SES,,
11503,CAB 357,CAB,LS,Bağlama V,,--,TMB,Pazartesi,15:30/17:29,,0,0,,"CGM1, CGM6, CGM7, CGM8, MTR, MUT, SES",,
11504,MUT 411,MUT,LS,Kanun Yapımı I,,--,TMB,,/,,0,0,,"MTMM, MUT",,
11505,EHB 231E,EHB,LS,Electronics I,,Onur Ferhanoğlu,EEB,Salı,12:30/15:29,,61,62,,"EHB, EHBE, ELE",,
11506,SES 309,SES,LS,Korrepetisyon V,,"Güzün Değişmez, Laçin Modiri",TMB,,/,,5,1,,SES,,
11507,CAB 357,CAB,LS,Bağlama V,,Erdoğan Eskimez,TMB,Pazartesi,15:30/17:29,,5,3,,"CGM1, CGM6, CGM7, CGM8, MTR, MUT, SES",,
11508,MUT 411,MUT,LS,Kanun Yapımı I,,--,TMB,,/,,0,0,,"MTMM, MUT",,
11509,SES 309,SES,LS,Korrepetisyon V,,"Güzün Değişmez, Gülaram Baltayeva",TMB,,/,,5,4,,SES,,
11510,CAB 363,CAB,LS,Mey V,,Ali Yılmaz,TMB,Pazartesi,15:30/17:29,,5,1,,"CGM6, CGM7, CGM8, MTR",,
11511,SES 309,SES,LS,Korrepetisyon V,,"Güzün Değişmez, Alin Aylin Yağcıoğlu",TMB,,/,,5,2,,SES,,
11512,MUT 411,MUT,LS,Kanun Yapımı I,,--,TMB,,/,,0,0,,"MTMM, MUT",,
11513,CAB 365,CAB,LS,Kaval V,,--,TMB,Pazartesi,15:30/17:29,,0,0,,"CGM6, CGM7, CGM8, MTR",,
11514,SES 309,SES,LS,Korrepetisyon V,,"Güzün Değişmez, Alper Göçeri",TMB,,/,,5,3,,SES,,
11515,MUT 411,MUT,LS,Kanun Yapımı I,,--,TMB,,/,,0,0,,"MTMM, MUT",,
11516,SES 309,SES,LS,Korrepetisyon V,,"Güzün Değişmez, Fidan Kurt Kasapbaşı",TMB,,/,,5,1,,SES,,
11517,MUT 463,MUT,LS,Serbest Proje Çalışması III,,Mehmet Cevdet Erek,TMB,,/,,5,1,,MUT,,
11518,CAB 3101,CAB,LS,Keman V,,Pınar Tezişçi,TMB,Pazartesi,15:30/17:29,,5,2,,MTR,,
11521,CAB 389,CAB,LS,Gitar V,,Tufan Kurdoğlu,TMB,Pazartesi,15:30/17:29,,5,2,,"CGM2, CGM6, CGM7, CGM8, MTR, THO",,
11523,CAB 375,CAB,LS,Kemane V,,--,TMB,Pazartesi,15:30/17:29,,0,0,,"CGM6, CGM7, CGM8, MTR, MUT",,
11525,CAB 359,CAB,LS,Ud V,,Mehmet Bitmez,TMB,Pazartesi,15:30/17:29,,5,2,,"CGM4, CGM6, CGM7, CGM8, MTR, MUT, SES",,
11527,CAB 359,CAB,LS,Ud V,,--,TMB,Pazartesi,15:30/17:29,,0,0,,"CGM4, CGM6, CGM7, CGM8, MTR, MUT, SES",,
11528,CAB 367,CAB,LS,Klarnet V,,Sezgin Unan,TMB,Pazartesi,15:30/17:29,,5,1,,MTR,,
11529,SES 313,SES,LS,Dünya Vokal Teknikleri I,,Laçin Modiri,TMB,,/,,6,3,,SES,,
11530,CAB 395,CAB,LS,Viyolonsel V,,Gülyar Say,TMB,Pazartesi,15:30/17:29,,5,2,,MTR,,
11531,SES 313,SES,LS,Dünya Vokal Teknikleri I,,Gülaram Baltayeva,TMB,,/,,7,7,,SES,,
11532,SES 313,SES,LS,Dünya Vokal Teknikleri I,,Alper Göçeri,TMB,,/,,6,2,,SES,,
11533,CAB 395,CAB,LS,Viyolonsel V,,--,TMB,Pazartesi,15:30/17:29,,0,0,,MTR,,
11534,SES 313,SES,LS,Dünya Vokal Teknikleri I,,Alin Aylin Yağcıoğlu,TMB,,/,,6,3,,SES,,
11535,CAB 3183,CAB,LS,Kontrbas V,,Hüseyin Sami Menekşe,TMB,Pazartesi,15:30/17:29,,5,1,,MTR,,
11536,SES 313,SES,LS,Dünya Vokal Teknikleri I,,Fidan Kurt Kasapbaşı,TMB,,/,,6,2,,SES,,
11537,SES 409,SES,LS,Korrepetisyon VII,,"Sinem Özdemir, Alper Göçeri",TMB,,/,,5,2,,SES,,
11538,SES 409,SES,LS,Korrepetisyon VII,,"Sinem Özdemir, Gülaram Baltayeva",TMB,,/,,5,3,,SES,,
11539,SES 409,SES,LS,Korrepetisyon VII,,--,TMB,,/,,0,0,,SES,,
11540,SES 409,SES,LS,Korrepetisyon VII,,--,TMB,,/,,0,0,,SES,,
11541,SES 409,SES,LS,Korrepetisyon VII,,"Deniz Güneş, Gülaram Baltayeva",TMB,,/,,5,1,,SES,,
11542,CAB 479,CAB,LS,Koltuk Davulu,,--,TMB,Çarşamba,13:30/15:29,,0,0,,"CGM6, CGM7, CGM8, MTR",,
11543,SES 409,SES,LS,Korrepetisyon VII,,"Deniz Güneş, Alin Aylin Yağcıoğlu",TMB,,/,,5,1,,SES,,
11544,CAB 457,CAB,LS,Bağlama VII,,Asim Kırca,TMB,Çarşamba,13:30/15:29,,5,1,,"CGM1, CGM6, CGM7, CGM8, MTR, SES",,
11545,SES 409,SES,LS,Korrepetisyon VII,,"Ayşe Esin Şentürk, Gülaram Baltayeva",TMB,,/,,5,4,,SES,,
11546,CAB 457,CAB,LS,Bağlama VII,,Engin Şafak Gürler,TMB,Çarşamba,13:30/15:29,,6,5,,"CGM1, CGM6, CGM7, CGM8, MTR, SES",,
11547,SES 409,SES,LS,Korrepetisyon VII,,"Ayşe Esin Şentürk, Alper Göçeri",TMB,,/,,5,3,,SES,,
11548,SES 409,SES,LS,Korrepetisyon VII,,"Ayşe Esin Şentürk, Alin Aylin Yağcıoğlu",TMB,,/,,5,1,,SES,,
11549,CAB 451,CAB,LS,Kanun VII,,Serkan Mesut Halili,TMB,Çarşamba,13:30/15:29,,5,2,,"CGM3, CGM6, CGM7, CGM8, MTR, SES",,
11550,SES 413,SES,LS,Dünya Vokal Teknikleri III,,Alper Göçeri,TMB,,/,,7,7,,SES,,
11551,SES 413,SES,LS,Dünya Vokal Teknikleri III,,Gülaram Baltayeva,TMB,,/,,11,11,,SES,,
11552,CAB 453,CAB,LS,Tanbur VII,,Hulusi Babalık,TMB,Çarşamba,13:30/15:29,,5,2,,"CGM6, CGM7, CGM8, MTR, SES",,
11553,SES 413,SES,LS,Dünya Vokal Teknikleri III,,Alin Aylin Yağcıoğlu,TMB,,/,,10,5,,SES,,
11554,CAB 4101,CAB,LS,Keman VII,,Ahmet Hakan Şensoy,TMB,Çarşamba,13:30/15:29,,5,2,,MTR,,
11555,SES 221,SES,LS,Koro I (Kredisiz),,Fidan Kurt Kasapbaşı,TMB | TMB,Salı | Cuma,15:30/17:29 | 13:30/15:29,,35,27,,SES,,
11556,CAB 465,CAB,LS,Kaval VII,,Haydar Tanrıverdi,TMB,Çarşamba,13:30/15:29,,5,2,,"CGM6, CGM7, CGM8, MTR",,
11557,CAB 485,CAB,LS,Gitar VII,,Tufan Kurdoğlu,TMB,Pazartesi,08:30/10:29,,5,1,,"CGM2, CGM6, CGM7, CGM8, MTR",,
11558,CAB 459,CAB,LS,Ud VII,,Mehmet Bitmez,TMB,Çarşamba,13:30/15:29,,5,1,,"CGM4, CGM6, CGM7, CGM8, MTR, SES",,
11559,CAB 461,CAB,LS,Ney VII,,Ali Tüfekçi,TMB,Çarşamba,13:30/15:29,,5,1,,"CGM6, CGM7, CGM8, MTR",,
11560,CAB 495,CAB,LS,Viyolonsel VII,,Yelda Özgen Öztürk,TMB,Çarşamba,13:30/15:29,,5,1,,MTR,,
11561,SES 321,SES,LS,Koro III (Kredisiz),,Fidan Kurt Kasapbaşı,TMB | TMB,Salı | Cuma,15:30/17:29 | 13:30/15:29,,25,21,,SES,,
11562,SES 421,SES,LS,Koro V (Kredisiz),,Fidan Kurt Kasapbaşı,TMB | TMB,Salı | Cuma,15:30/17:29 | 13:30/15:29,,30,28,,SES,,
11563,SES 131,SES,LS,THM Repertuvarı I,,Seval Eroğlu,TMB | TMB,Pazartesi | Çarşamba,13:30/15:29 | 13:30/15:29,,12,12,,SES,,
11564,MUT 463,MUT,LS,Serbest Proje Çalışması III,,Gökhan Deneç,TMB,,/,,5,3,,MUT,,
11565,SES 133,SES,LS,TSM Repertuvarı I,,Gülşah Sönmez,TMB | TMB,Salı | Çarşamba,13:30/15:29 | 13:30/15:29,,12,9,,SES,,
11566,SES 122,SES,LS,Diksiyon,,Ebru Aracı,TMB,Pazartesi,10:30/12:29,,25,24,,SES,,
11567,SES 465,SES,LS,Sahne Psikolojisi,,Ebru Aracı,TMB,Pazartesi,08:30/10:29,,25,24,,SES,,
11568,SES 233,SES,LS,Türk Halk Müziği Repert. III,,Ayşe Esin Şentürk,TMB | TMB,Pazartesi | Çarşamba,15:30/17:29 | 13:30/15:29,,10,6,,SES,,
11569,SES 233,SES,LS,Türk Halk Müziği Repert. III,,Serap Baltutan,TMB | TMB,Salı | Perşembe,13:30/15:29 | 10:30/12:29,,10,6,,SES,,
11570,SES 283,SES,LS,Türk Sanat Müziği Repert. III,,Sinem Özdemir,TMB | TMB,Salı | Perşembe,10:30/12:29 | 10:30/12:29,,15,15,,SES,,
11571,SES 231,SES,LS,Ağız ve Hançere Teknikleri I,,Deniz Güneş,TMB | TMB,Salı | Perşembe,10:30/12:29 | 15:30/17:29,,20,16,,SES,,
11572,SES 281,SES,LS,15.-17.Yüzyıl Türk Müziği Rep.,,Sinem Özdemir,TMB | TMB,Salı | Çarşamba,13:30/15:29 | 13:30/15:29,,15,14,,SES,,
11573,CAB 125,CAB,LS,Kudüm I,,--,TMB,,/,,0,0,,CAB,,
11574,CAB 145,CAB,LS,Kanun I,,--,TMB,,/,,0,0,,CAB,,
11575,SES 391,SES,LS,Türk Sanat Müziği Repertuarı V,,Güzün Değişmez,TMB | TMB,Pazartesi | Çarşamba,15:30/17:29 | 13:30/15:29,,15,14,,SES,,
11577,CAB 141,CAB,LS,Piyano I,,Alper Rumelioğlu,TMB,,/,,5,1,,CAB,,
11578,SES 301,SES,LS,Türk Halk Müziği Repertuarı V,,Serap Baltutan,TMB | TMB,Pazartesi | Salı,13:30/15:29 | 10:30/12:29,,10,3,,SES,,
11579,MUT 463,MUT,LS,Serbest Proje Çalışması III,,Can Karadoğan,TMB,,/,,5,4,,MUT,,
11580,SES 307,SES,LS,Yöre Ağızları I,,Serap Baltutan,TMB | TMB,Çarşamba | Perşembe,10:30/12:29 | 08:30/10:29,,10,5,,SES,,
11581,MUT 463,MUT,LS,Serbest Proje Çalışması III,,İbrahim Coşkun,TMB,,/,,5,2,,MUT,,
11582,SES 307,SES,LS,Yöre Ağızları I,,Deniz Güneş,TMB | TMB,Pazartesi | Çarşamba,15:30/17:29 | 13:30/15:29,,10,8,,SES,,
11583,CAB 147,CAB,LS,Tanbur I,,Hulusi Babalık,TMB,,/,,5,2,,CAB,,
11584,SES 355,SES,LS,Zeybek Repertuvarı,,Ayşe Esin Şentürk,TMB,Pazartesi,09:30/12:29,,10,1,,SES,,
11585,SES 359,SES,LS,Deyiş Repertuvarı,,Seval Eroğlu,TMB,Pazartesi,09:30/12:29,,10,3,,SES,,
11586,SES 425,SES,LS,Yrd. Repertuvar I (THM),,Seval Eroğlu,TMB,Salı,13:30/15:29,,15,11,,SES,,
11587,MUT 463,MUT,LS,Serbest Proje Çalışması III,,Mustafa Aydın Öksüz,TMB,,/,,5,2,,MUT,,
11588,SES 423,SES,LS,Yrd. Repertuvar I (TSM),,Gülşah Sönmez,TMB,Perşembe,15:30/17:29,,15,15,,SES,,
11589,CAB 115,CAB,LS,Mey I,,--,TMB,,/,,0,0,,CAB,,
11590,SES 381,SES,LS,19.YY Türk Müziği Repertuarı,,Suat Güney,TMB | TMB,Pazartesi | Cuma,10:30/12:29 | 10:30/12:29,,15,13,,SES,,
11591,MUT 304,MUT,LS,Ney Yapımı,,--,TMB,,/,,0,0,,MUT,,
11592,CAB 100,CAB,LS,Zurna I,,--,TMB,,/,,0,0,,CAB,,
11593,SES 483,SES,LS,Mevlevi Ayini Repertuvarı I,,--,TMB,Cuma,08:30/10:29,,0,0,,SES,,
11594,MUT 131,MUT,LS,Akustik I,,Murat Tıraş,TMB,Salı,13:30/15:29,,40,37,,"KMP, MTR, MUT, MUZ",,
11595,CAB 107,CAB,LS,Bağlama I,,Adnan Koç,TMB,,/,,5,1,,CAB,,
11596,CAB 131,CAB,LS,Keman I,,--,TMB,,/,,0,0,,CAB,,
11597,SES 373,SES,LS,Köçekçe Repertuarı,,Gülşah Sönmez,TMB,Çarşamba,10:30/12:29,,15,14,,SES,,
11598,SES 365,SES,LS,Ses Fizyolojisine Giriş,,Laçin Modiri,TMB,Cuma,08:30/10:29,,20,20,,SES,,
11599,MUT 141,MUT,LS,Kayıt Teknikleri,,Sertaç Kakı,TMB | TMB,Pazartesi | Perşembe,15:30/17:29 | 10:30/12:29,,20,13,,"MTMS, MUT",,
11600,CAB 117,CAB,LS,Kaval I,,--,TMB,,/,,0,0,,CAB,,
11601,SES 491,SES,LS,TSM Repertuarı VII,,Sinem Özdemir,TMB | TMB,Çarşamba | Perşembe,10:30/12:29 | 13:30/15:29,,10,5,,SES,,
11602,SES 491,SES,LS,TSM Repertuarı VII,,Gülşah Sönmez,TMB | TMB,Çarşamba | Cuma,08:30/10:29 | 10:30/12:29,,10,2,,SES,,
11603,CAB 135,CAB,LS,Viyola I,,--,TMB,,/,,0,0,,CAB,,
11604,SES 401,SES,LS,THM Repertuarı VII,,Ayşe Esin Şentürk,TMB | TMB,Salı | Çarşamba,08:30/10:29 | 10:30/12:29,,7,7,,SES,,
11605,MUT 153,MUT,LS,Sayısal Ses Çalışma Ortamları,,Taylan Özdemir,TMB,Cuma,10:30/12:29,,20,14,,MUT,,
11606,CAB 139,CAB,LS,Kemane I,,--,TMB,,/,,0,0,,CAB,,
11607,SES 401,SES,LS,THM Repertuarı VII,,Deniz Güneş,TMB | TMB,Pazartesi | Perşembe,13:30/15:29 | 13:30/15:29,,7,1,,SES,,
11608,CAB 109,CAB,LS,Ud I,,Mehmet Bitmez,TMB,,/,,5,1,,CAB,,
11609,SES 407,SES,LS,Yöre Ağızları III,,Deniz Güneş,TMB | TMB,Pazartesi | Çarşamba,10:30/12:29 | 08:30/10:29,,15,6,,SES,,
11610,MUT 161,MUT,LS,Ağaç Teknolojisi,,Mustafa Aydın Öksüz,TMB,Pazartesi,08:30/10:29,,20,6,,MUT,,
11611,CAB 127,CAB,LS,3 Telli Kemençe I,,--,TMB,,/,,0,0,,CAB,,
11612,CAB 129,CAB,LS,4 Telli Kemençe I,,--,TMB,,/,,0,0,,CAB,,
11613,SES 455,SES,LS,Barak Ağzı Repertuvarı,,Deniz Güneş,TMB,Perşembe,09:30/12:29,,10,3,,SES,,
11614,MUT 241,MUT,LS,İleri Kayıt Teknikleri,,Can Karadoğan,TMB | TMB,Salı | Perşembe,13:30/15:29 | 08:30/10:29,,20,15,,MUT,,
11615,SES 417,SES,LS,Fasıl I,,Gülşah Sönmez,TMB | TMB,Salı | Perşembe,08:30/10:29 | 10:30/12:29,,10,7,,"CAB, SES",,
11616,CAB 123,CAB,LS,Flüt I,,--,TMB,,/,,0,0,,"CAB, CGM5",,
11617,SES 435,SES,LS,Yrd. Repertuvar III (TSM),,Gülşah Sönmez,TMB,Cuma,08:30/10:29,,15,15,,SES,,
11618,CAB 133,CAB,LS,Viyolonsel I,,--,TMB,,/,,0,0,,CAB,,
11619,SES 433,SES,LS,Yrd. Repertuvar III (THM),,Ayşe Esin Şentürk,TMB,Perşembe,08:30/10:29,,20,8,,SES,,
11620,MUT 253,MUT,LS,Prodüksiyon Analizi,,Mehmet Cevdet Erek,TMB,Pazartesi,10:30/12:29,,20,14,,MUT,,
11621,SES 411,SES,LS,THM Repertuvarı VII,,Deniz Güneş,TMB | TMB | TMB,Pazartesi | Çarşamba | Cuma,13:30/15:29 | 10:30/12:29 | 08:30/10:29,,5,1,,SES,,
11622,MUT 263,MUT,LS,Ölçme ve Kontrol Bilgisi,,Ahmet Tunç Buyruklar,TMB,Salı,08:30/10:29,,20,3,,MUT,,
11623,MUT 371,MUT,LS,Çok Kanallı Miks,,Taylan Özdemir,TMB | TMB,Çarşamba | Cuma,10:30/12:29 | 08:30/10:29,,20,12,,"MTMS, MUT",,
11624,CAB 225,CAB,LS,Asmalı Davul I,,Eyüp Uzunkaya,TMB,,/,,5,2,,CAB,,
11625,MUT 267,MUT,LS,Stüdyo Akustiği,,Murat Tıraş,TMB,Salı,15:30/17:29,,20,19,,MUT,,
11626,CAB 245,CAB,LS,Kanun III,,Serkan Mesut Halili,TMB,,/,,5,1,,CAB,,
11627,MUT 269,MUT,LS,Çalgı Teknik Resmi I,,Şafak Köksal,TMB,Pazartesi,13:30/15:29,,20,4,,MUT,,
11628,CAB 215,CAB,LS,Mey III,,--,TMB,,/,,0,0,,CAB,,
11629,CAB 207,CAB,LS,Bağlama III,,Adnan Koç,TMB,,/,,5,1,,CAB,,
11630,CAB 207,CAB,LS,Bağlama III,,Erdoğan Eskimez,TMB,,/,,5,1,,CAB,,
11631,CAB 247,CAB,LS,Tanbur III,,--,TMB,,/,,0,0,,CAB,,
11632,CAB 241,CAB,LS,Piyano III,,Devlet Devrim Öztaş,TMB,,/,,5,1,,CAB,,
11633,MUT 313,MUT,LS,Çalgı Süsleme Sanatı,,İbrahim Coşkun,TMB,Salı,10:30/12:29,,20,3,,MUT,,
11634,CAB 231,CAB,LS,Keman III,,--,TMB,,/,,0,0,,CAB,,
11635,CAB 217,CAB,LS,Kaval III,,--,TMB,,/,,0,0,,CAB,,
11636,MUT 361,MUT,LS,Çalgı Bilgisi I,,Sertaç Kakı,TMB,Perşembe,08:30/10:29,,20,12,,MUT,,
11637,CAB 200,CAB,LS,Zurna III,,--,TMB,,/,,0,0,,CAB,,
11638,CAB 239,CAB,LS,Kemane III,,Ferhan Yeprem,TMB,,/,,5,1,,CAB,,
11639,MUT 361,MUT,LS,Çalgı Bilgisi I,,Mustafa Aydın Öksüz,TMB,Pazartesi,10:30/12:29,,20,10,,MUT,,
11640,CAB 209,CAB,LS,Ud III,,--,TMB,,/,,0,0,,CAB,,
11641,CAB 235,CAB,LS,Viyola III,,Zeynep Barut,TMB,,/,,5,1,,CAB,,
11642,MUT 304,MUT,LS,Ney Yapımı,,Mustafa Aydın Öksüz,TMB,Çarşamba,10:30/12:29,,20,1,,MUT,,
11643,CAB 227,CAB,LS,3 Telli Kemençe III,,--,TMB,,/,,0,0,,CAB,,
11644,MUT 384,MUT,LS,Elektro Akustik Kompozisyon,,Gökhan Deneç,TMB,Salı,08:30/10:29,,20,14,,MUT,,
11645,CAB 229,CAB,LS,4 Telli Kemençe III,,Lale Akay,TMB,,/,,5,1,,CAB,,
11646,CAB 221,CAB,LS,Obua III,,Damla Tunçer,TMB,,/,,5,1,,CAB,,
11647,CAB 219,CAB,LS,Klarnet III,,Özlem Kolat Çakmaksoy,TMB,,/,,5,1,,CAB,,
11648,CAB 223,CAB,LS,Flüt III,,--,TMB,,/,,0,0,,"CAB, CGM5",,
11649,CAB 233,CAB,LS,Viyolonsel III,,Gülyar Say,TMB,,/,,5,1,,CAB,,
11650,CAB 325,CAB,LS,Def,,Serhat Tansu Altuğ,TMB,,/,,5,1,,CAB,,
11651,CAB 307,CAB,LS,Bağlama V,,Cihangir Terzi,TMB,,/,,5,1,,CAB,,
11652,CAB 341,CAB,LS,Piyano V,,--,TMB,,/,,0,0,,CAB,,
11653,CAB 300,CAB,LS,Zurna V,,--,TMB,,/,,0,0,,CAB,,
11654,CAB 309,CAB,LS,Ud V,,Mehmet Bitmez,TMB,,/,,5,1,,CAB,,
11655,CAB 349,CAB,LS,Gitar V,,Tolgahan Çoğulu,TMB,,/,,5,1,,CAB,,
11656,CAB 447,CAB,LS,Tanbur VII,,Birol Yayla,TMB,,/,,5,2,,CAB,,
11657,CAB 441,CAB,LS,Piyano VII,,--,TMB,,/,,0,0,,CAB,,
11658,CAB 425,CAB,LS,Bendir,,--,TMB,,/,,0,0,,CAB,,
11659,CAB 445,CAB,LS,Kanun VII,,Serkan Mesut Halili,TMB,,/,,5,1,,CAB,,
11660,CAB 415,CAB,LS,Mey VII,,Ali Yılmaz,TMB,,/,,5,1,,CAB,,
11661,CAB 407,CAB,LS,Bağlama VII,,--,TMB,,/,,0,0,,CAB,,
11662,CAB 431,CAB,LS,Keman VII,,--,TMB,,/,,0,0,,CAB,,
11663,CAB 431,CAB,LS,Keman VII,,--,TMB,,/,,0,0,,CAB,,
11665,CAB 417,CAB,LS,Kaval VII,,Cihan Yurtcu,TMB,,/,,5,1,,CAB,,
11666,CAB 435,CAB,LS,Viyola VII,,Zeynep Barut,TMB,,/,,5,1,,CAB,,
11667,CAB 419,CAB,LS,Klarnet VII,,Özlem Kolat Çakmaksoy,TMB,,/,,5,2,,CAB,,
11668,CAB 413,CAB,LS,Ney VII,,Ali Tüfekçi,TMB,,/,,5,1,,CAB,,
11669,CAB 433,CAB,LS,Viyolonsel VII,,--,TMB,,/,,0,0,,CAB,,
11670,MUT 441,MUT,LS,Mastering,,Sertaç Kakı,TMB | TMB,Pazartesi | Perşembe,13:30/15:29 | 13:30/15:29,,20,6,,"MTMS, MUT",,
11671,CAB 433,CAB,LS,Viyolonsel VII,,--,TMB,,/,,0,0,,CAB,,
11672,CAB 189,CAB,LS,Çalgılama I,,"Gülyar Say, Ferhan Yeprem, Neva Özgen Kösoğlu",TMB,Cuma,13:30/15:29,,15,5,,KMP,,
11673,MUT 382,MUT,LS,Elektrik-Elektronik,,Taylan Özdemir,TMB,Çarşamba,13:30/15:29,,20,8,,MUT,,
11674,CAB 289,CAB,LS,Çalgılama III,,"Ali Tüfekçi, Cihan Yurtcu, Jülide Gündüz",TMB,Cuma,15:30/17:29,,15,2,,KMP,,
11675,MUT 465,MUT,LS,Çalgı Restorasyonu,,İbrahim Coşkun,TMB,Salı,08:30/10:29,,20,1,,MUT,,
11676,MUT 403,MUT,LS,Bendir Yapımı,,İbrahim Coşkun,TMB,Salı,13:30/15:29,,20,2,,MUT,,
11677,MUT 461,MUT,LS,Canlı Ses Donatımı,,Gökhan Deneç,TMB,Çarşamba,10:30/12:29,,20,4,,MUT,,
11678,KMP 492,KMP,LS,Bitirme Çalışması,,--,TMB,,/,,0,0,,KMP,,
11679,KMP 361,KMP,LS,Türk MzğndeFrmBilg.ve Çzmlme I,,Miltiadis Pappas,TMB,Salı,09:30/12:29,,30,20,,MUZ,,
11680,KMP 293,KMP,LS,Armoni I,,Nail Yavuzoğlu,TMB,Salı,08:30/10:29,,27,28,,"CAB, MTR, MTRM",,
11681,KMP 195,KMP,LS,Form Bilgisi I,,Ayhan Gunca,TMB,Pazartesi,13:30/15:29,,40,40,,"CAB, MTR, MUT, SES",,
11683,KMP 293,KMP,LS,Armoni I,,Nail Yavuzoğlu,TMB,Perşembe,10:30/12:29,,27,26,,"CAB, MTR, MTRM",,
11684,MTR 492,MTR,LS,Bitirme Çalışması,,Eren Özek,TMB,,/,,500,6,,MTR,,
11685,MTR 103,MTR,LS,Müzik Teorisi I,,Recep Gül,TMB | TMB | TMB,Pazartesi | Salı | Perşembe,13:30/15:29 | 08:30/10:29 | 08:30/10:29,,30,24,,"MTR, MUT, MUZ, SES",,
11686,KMP 197,KMP,LS,Konturpuan-Füg I,,Ayhan Gunca,TMB,Pazartesi,15:30/17:29,,25,23,,"CAB, MTR",,
11687,MTR 103,MTR,LS,Müzik Teorisi I,,Ayşecan Olgun,TMB | TMB | TMB,Pazartesi | Salı | Cuma,15:30/17:29 | 10:30/12:29 | 08:30/10:29,,45,33,,"MTR, MUT, MUZ, SES",,
11688,KMP 193,KMP,LS,Armoni I,,Nail Yavuzoğlu,TMB,Perşembe,13:30/16:29,,30,27,,"MUT, MUZ, SES",,
11689,MTR 101,MTR,LS,Makam Teorisi I,,Eren Özek,TMB | TMB | TMB,Salı | Çarşamba | Cuma,13:30/15:29 | 13:30/15:29 | 08:30/10:29,,45,28,,"MTR, MUT, MUZ, SES",,
11690,KMP 197,KMP,LS,Konturpuan-Füg I,,Ayhan Gunca,TMB,Perşembe,08:30/10:29,,31,32,,"CAB, MTR",,
11691,MTR 101,MTR,LS,Makam Teorisi I,,Nurullah Kanık,TMB | TMB | TMB,Salı | Perşembe | Cuma,08:30/10:29 | 08:30/10:29 | 10:30/12:29,,45,40,,"MTR, MUT, MUZ, SES",,
11692,KMP 473,KMP,LS,İleri Armoni I,,--,TMB,Cuma,13:30/15:29,,0,0,,"MTR, MUT",,
11693,MTR 203,MTR,LS,Müzik Teorisi III,,Ufuk Biçak,TMB | TMB | TMB,Pazartesi | Salı | Perşembe,10:30/12:29 | 15:30/17:29 | 08:30/10:29,,25,15,,"MTR, MUT, MUZ, SES",,
11694,KMP 457,KMP,LS,Partisyon Çözümleme I,,Ayhan Gunca,TMB,Salı,08:30/10:29,,15,1,,"MTR, MUT",,
11695,MTR 203,MTR,LS,Müzik Teorisi III,,Ayşecan Olgun,TMB | TMB | TMB,Salı | Perşembe | Cuma,08:30/10:29 | 08:30/10:29 | 10:30/12:29,,40,32,,"MTR, MUT, MUZ, SES",,
11696,MTR 201,MTR,LS,Makam Teorisi III,,Nurullah Kanık,TMB | TMB | TMB,Pazartesi | Perşembe | Cuma,08:30/10:29 | 13:30/15:29 | 08:30/10:29,,30,27,,"MTR, MUT, MUZ, SES",,
11697,MTR 201,MTR,LS,Makam Teorisi III,,Adil Feridun Öney,TMB | TMB | TMB,Pazartesi | Çarşamba | Cuma,15:30/17:29 | 10:30/12:29 | 10:30/12:29,,30,22,,"MTR, MUT, MUZ, SES",,
11698,MTR 105,MTR,LS,Ritim Uygulama I,,Adil Feridun Öney,TMB,Salı,15:30/17:29,,20,15,,MTR,,
11699,MTR 205,MTR,LS,Müzik Teorileri Tarihi I,,Gülay Karamahmutoğlu,TMB,Salı,13:30/15:29,,30,30,,"MTR, MTRM",,
11700,MTR 207,MTR,LS,Teori Uygulama I,,Gülay Karamahmutoğlu,TMB,Çarşamba,13:30/15:29,,30,27,,"MTR, MTRM",,
11701,MTR 301,MTR,LS,İleri Makam Teorisi I,,Eren Özek,TMB | TMB,Salı | Perşembe,15:30/17:29 | 13:30/15:29,,30,17,,MTR,,
11702,MTR 303,MTR,LS,İleri Müzik Teorisi I,,Ufuk Biçak,TMB | TMB,Salı | Cuma,13:30/15:29 | 08:30/10:29,,30,30,,MTR,,
11703,MTR 305,MTR,LS,Müzik Teorileri Tarihi III,,Gülay Karamahmutoğlu,TMB,Salı,10:30/12:29,,30,14,,"MTR, MTRM",,
11704,MTR 307,MTR,LS,Teori Uygulama III,,Gülay Karamahmutoğlu,TMB,Çarşamba,10:30/12:29,,20,13,,"MTR, MTRM",,
11705,MTR 317,MTR,LS,Müzik Metin Çözümlemeleri I,,Kemal Hasan Karnal,TMB,Perşembe,10:30/12:29,,30,30,,"MUT, SES",,
11706,MTR 309,MTR,LS,Ses Sistemleri I,,Mustafa Kemal Karaosmanoğlu,TMB,Pazartesi,10:30/12:29,,30,30,,"MTR, MTRM",,
11707,EHB 231E,EHB,LS,Electronics I,,İsmail Çevik,EEB,Salı,12:30/15:29,,61,61,,"EHB, EHBE, ELE",,
11708,EHB 232,EHB,LS,Devre ve Sistem Analizi,,Yüksel Çakır,EEB,Perşembe,12:30/15:29,,80,89,,"EHB, ELE, ELH, ELK, TEL",,
11709,EHB 232E,EHB,LS,Circuit and System Analysis,,Sıddıka Berna Örs Yalçın,EEB,Perşembe,12:30/15:29,,80,87,,"EHB, EHBE, ELE, ELH, ELK, ELKE, TEL",,
11710,EHB 311,EHB,LS,Elektroniğe Giriş Lab.,,İbrahim Çatalkaya,EEB,Cuma,14:00/15:59,,55,56,,"BLG, EHB, ELE, KOM, TEL",,
11711,EHB 311,EHB,LS,Elektroniğe Giriş Lab.,,İbrahim Çatalkaya,EEB,Çarşamba,12:30/14:29,,60,61,,"BLG, EHB, ELE, KOM, TEL",,
11712,EHB 311,EHB,LS,Elektroniğe Giriş Lab.,,İbrahim Çatalkaya,EEB,Perşembe,12:30/14:29,,50,49,,"BLG, EHB, ELE, KOM, TEL",,
11713,MAT 281,MAT,LS,Lineer Cebir ve Uygulamaları,,Fatma Gül Bağrıyanık,EEB,Perşembe,12:30/15:29,,50,67,,"EHB, ELE, ELK, KOM, TEL",,
11714,EHB 311E,EHB,LS,Intr.to Electronics Laboratory,,Hasan Bülent Yağcı,EEB,Perşembe,08:30/10:29,,45,45,,"BLG, BLGE, EHB, EHBE, KOM, KOME, TEL",,
11715,EHB 311E,EHB,LS,Intr.to Electronics Laboratory,,Bora Döken,EEB,Cuma,08:30/10:29,,45,40,,"BLG, BLGE, EHB, EHBE, KOM, KOME, TEL",,
11716,EHB 311E,EHB,LS,Intr.to Electronics Laboratory,,Bora Döken,EEB,Çarşamba,12:30/14:29,,60,60,,"BLG, BLGE, EHB, EHBE, KOM, KOME, TEL",,
11717,EHB 311E,EHB,LS,Intr.to Electronics Laboratory,,Bora Döken,EEB,Perşembe,08:30/10:29,,45,45,,"BLG, BLGE, EHB, EHBE, KOM, KOME, TEL",,
11718,MAT 281,MAT,LS,Lineer Cebir ve Uygulamaları,,Fatma Gül Bağrıyanık,EEB,Cuma,14:00/16:59,,50,55,,"EHB, ELE, ELK, KOM, TEL",,
11719,EHB 311E,EHB,LS,Intr.to Electronics Laboratory,,Ali Bahadır,EEB,Cuma,14:00/15:59,,55,55,,"BLG, BLGE, EHB, EHBE, KOM, KOME, TEL",,
11720,EHB 311E,EHB,LS,Intr.to Electronics Laboratory,,Ali Bahadır,EEB,Cuma,08:30/10:29,,45,21,,"BLG, BLGE, EHB, EHBE, KOM, KOME, TEL",,
11721,MAT 281,MAT,LS,Lineer Cebir ve Uygulamaları,,Yücel Aydın,EEB,Perşembe,12:30/15:29,,60,69,,"EHB, ELE, ELK, KOM, TEL",,
11722,MAT 281,MAT,LS,Lineer Cebir ve Uygulamaları,,Sedef Kent Pınar,EEB,Perşembe,12:30/15:29,,55,62,,"EHB, ELE, ELK, KOM, TEL",,
11723,MAT 281E,MAT,LS,Linear Algebra and Applicat.,,İsa Yıldırım,EEB,Perşembe,12:30/15:29,,55,75,,"EHB, EHBE, ELE, ELK, ELKE, KOM, KOME, TEL",,
11724,EHB 313,EHB,LS,Elektromagnetik Dalgalar,,Funda Akleman Yapar,EEB,Salı,08:30/11:29,,65,68,,"EHB, ELE, TEL",,
11725,MAT 281E,MAT,LS,Linear Algebra and Applicat.,,Özgür Özdemir,EEB,Perşembe,12:30/15:29,,55,81,,"EHB, EHBE, ELE, ELK, ELKE, KOM, KOME, TEL",,
11726,EHB 313,EHB,LS,Elektromagnetik Dalgalar,,Serkan Şimşek,EEB,Salı,08:30/11:29,,65,64,,"EHB, ELE, TEL",,
11727,EHB 313E,EHB,LS,Electromagnetic Waves,,İbrahim Akduman,EEB,Salı,08:30/11:29,,65,68,,"EHB, EHBE, ELE, TEL",,
11728,MAT 281E,MAT,LS,Linear Algebra and Applicat.,,Davut Kavranoğlu,EEB,Perşembe,12:30/15:29,,55,78,,"EHB, EHBE, ELE, ELK, ELKE, KOM, KOME, TEL",,
11729,EHB 313E,EHB,LS,Electromagnetic Waves,,Mehmet Çayören,EEB,Salı,08:30/11:29,,65,73,,"EHB, EHBE, ELE, TEL",,
11730,MAT 281E,MAT,LS,Linear Algebra and Applicat.,,Veysel Murat İstemihan Genç,MDB,Perşembe,12:30/15:29,,50,73,,"EHB, EHBE, ELE, ELK, ELKE, KOM, KOME, TEL",,
11731,EHB 315,EHB,LS,Sayısal İşaret İşleme,,Işın Erer,EEB,Pazartesi,12:30/15:29,,75,79,,"EHB, TEL",,
11732,EHB 315E,EHB,LS,Digital Signal Processing,,Tayfun Akgül,EEB,Pazartesi,12:30/15:29,,75,69,,"EHB, EHBE, TEL",,
11733,BLG 212,BLG,LS,Mikroişlemci Sistemleri,,Tamer Ölmez,EEB,Perşembe,12:30/15:29,,30,29,,"EHB, ELE, ELK, TEL",,
11734,EHB 315E,EHB,LS,Digital Signal Processing,,Ahmet Hamdi Kayran,EEB,Pazartesi,12:30/15:29,,75,94,,"EHB, EHBE, TEL",,
11735,EHB 326E,EHB,LS,Intr.to Embedded Systems,,Müştak Erhan Yalçın,KMB,Perşembe,12:30/15:29,,40,44,,"EHB, EHBE, ELE, TEL",,
11736,BLG 231,BLG,LS,Sayısal Devreler,,Yücel Aydın,EEB,Salı,12:30/15:29,,50,51,,"ELK, KOM, MKN",,
11737,EHB 328E,EHB,LS,Machine Learning for Sig.Proc.,,Ender Mete Ekşioğlu,EEB,Cuma,08:30/11:29,,50,61,,"EHB, EHBE, ELE, TEL",,
11738,EHB 335,EHB,LS,Analog Elektronik Devreleri,,Metin Yazgı,EEB,Çarşamba,08:30/11:29,,50,61,,"EHB, ELE, ELH, TEL",,
11739,BLG 231,BLG,LS,Sayısal Devreler,,Serhat İkizoğlu,EEB,Salı,12:30/15:29,,50,52,,"ELK, KOM, MKN",,
11740,EHB 335E,EHB,LS,Analog Electronic Circuits,,Mustafa Berke Yelten,EEB,Çarşamba,08:30/11:29,,60,58,,"EHB, EHBE, ELE, ELH, TEL",,
11741,BLG 231E,BLG,LS,Digital Circuits,,Osman Kaan Erol,EEB,Salı,12:30/15:29,,50,35,,"ELK, ELKE, KOM, KOME, MKN",,
11742,EHB 335E,EHB,LS,Analog Electronic Circuits,,Nil Banu Tarım,EEB,Çarşamba,08:30/11:29,,50,33,,"EHB, EHBE, ELE, ELH, TEL",,
11743,BLG 252E,BLG,LS,Object Oriented Programming,,Serkan Türkeli,EEB,Salı,08:30/11:29,,40,40,,"EHB, EHBE, KOM, KOME, TEL",,
11744,EHB 351,EHB,LS,Analog Haberleşme,,İbrahim Altunbaş,EEB,Perşembe,08:30/11:29,,67,74,,"EHB, ELE, TEL",,
11745,BLG 368E,BLG,LS,Operations Research,,Serkan Türkeli,EEB,Pazartesi,08:30/11:29,,40,56,,"EHB, EHBE, KOM, KOME",,
11746,EHB 351,EHB,LS,Analog Haberleşme,,Bilge Günsel Kalyoncu,EEB,Perşembe,08:30/11:29,,67,67,,"EHB, ELE, TEL",,
11747,EHB 351E,EHB,LS,Analog Communications,,Hakan Ali Çırpan,EEB,Perşembe,08:30/11:29,,67,68,,"EHB, EHBE, ELE, TEL",,
11748,EHB 351E,EHB,LS,Analog Communications,,Selçuk Paker,EEB,Perşembe,08:30/11:29,,67,71,,"EHB, EHBE, ELE, TEL",,
11749,EHB 413E,EHB,LS,VLSI Circuit Design I,,Tufan Coşkun Karalar,EEB,Cuma,08:30/11:29,,30,27,,"EHB, EHBE, ELE",,
11750,EHB 415E,EHB,LS,Data Communications,,Mustafa Ergen,EEB,Pazartesi,08:30/11:29,,50,58,,"EHB, EHBE, TEL",,
11751,EHB 417E,EHB,LS,RF Microelectronics,,Tufan Coşkun Karalar,EEB,Pazartesi,08:30/11:29,,45,38,,"EHB, EHBE, ELE",,
11752,EHB 418E,EHB,LS,RF Electronics Applications,,Sıddık Yarman,EEB,Perşembe,12:30/16:29,,20,17,,"EHB, EHBE, ELE, TEL",,
11753,EHB 419,EHB,LS,Sayısal Sistem Tasarımı,,Ece Olcay Güneş,EEB,Çarşamba,08:30/11:29,,35,31,,"EHB, ELE, ELH",,
11754,EHB 421,EHB,LS,Tıp Elektroniğine Giriş,,Zümray Ölmez,UUB,Salı,12:30/15:29,,36,36,,"EHB, ELE, ELH",,
11755,EHB 422,EHB,LS,Biyolojik İşar.Ol.&A..,,"Zümray Ölmez, Tamer Ölmez",EEB,Çarşamba,12:30/15:29,,40,40,,"EHB, ELE, ELH",,
11756,EHB 436E,EHB,LS,Digital System Design Applic.,,Ece Olcay Güneş,EEB,Perşembe,12:30/16:29,,20,16,,"EHB, EHBE",,
11757,EHB 436E,EHB,LS,Digital System Design Applic.,,Sıddıka Berna Örs Yalçın,EEB,Salı,12:30/16:29,,20,20,,"EHB, EHBE, ELE",,
11758,EHB 442E,EHB,LS,Semiconductor Devices,,Mustafa Berke Yelten,EEB,Perşembe,08:30/11:29,,33,24,,"EHB, EHBE, ELE",,
11759,EHB 451E,EHB,LS,Active Microwave Circuits,,Mesut Kartal,EEB,Pazartesi,12:30/15:29,,50,49,,"EHB, EHBE, TEL",,
11761,EHB 453E,EHB,LS,Intr.to Mobile Communications,,Mustafa Ergen,EEB,Salı,08:30/11:29,,30,52,,"EHB, EHBE, ELH, TEL",,
11762,EHB 454,EHB,LS,Haberleşme Teorisi,,Hasan Ümit Aygölü,UUB,Salı,12:30/15:29,,40,43,,"EHB, ELH, TEL",,
11763,EHB 456E,EHB,LS,Antennas,,Selçuk Paker,EEB,Cuma,14:00/16:59,,50,43,,"EHB, EHBE, TEL",,
11764,EHB 458,EHB,LS,Mikrodalga Ölçme Yöntem ve Uyg,,Serkan Şimşek,KMB,Salı,12:30/16:29,,20,12,,"EHB, ELE, TEL",,
11765,EHB 473,EHB,LS,Mikrodalga&RF; Haberleşmesi,,Mesut Kartal,EEB,Cuma,08:30/11:29,,50,51,,"EHB, ELH, TEL",,
11766,EHB 474E,EHB,LS,Introduction to Optimization,,Mehmet Ertuğrul Çelebi,EEB,Perşembe,12:30/15:29,,50,44,,"EHB, EHBE, ELE, TEL",,
11767,EHB 481,EHB,LS,Temel Hab.Sis. Tas&Uy;,,İbrahim Altunbaş,EEB | EEB,Pazartesi | Pazartesi,12:30/14:29 | 14:30/16:29,,20,22,,"EHB, TEL",,
11768,EHB 481E,EHB,LS,Des.&Applic.of; Basi..,,Hakan Ali Çırpan,EEB | EEB,Perşembe | Perşembe,12:30/14:29 | 14:30/16:29,,20,17,,"EHB, EHBE, TEL",,
11770,EHB 492,EHB,LS,Bitirme Projesi,,İbrahim Akduman,---,,/,,500,15,,EHB,,
11771,EHB 492E,EHB,LS,Graduation Project,,İbrahim Akduman,---,,/,,500,19,,"EHB, EHBE",,
11772,BIL 100E,BIL,LS,Intr.to Prog.Language(PYTHON),,Mehmet Nazmi Postacıoğlu,FEB,Pazartesi,13:30/16:29,,35,36,,"FIZ, FIZE, FIZM, MAT, MATE",,
11773,BIL 100E,BIL,LS,Intr.to Prog.Language(PYTHON),,Mehmet Nazmi Postacıoğlu,FEB,Salı,08:30/11:29,,35,15,,"FIZ, FIZE, FIZM, MAT, MATE",,
11774,KMP 101,KMP,LS,Kompozisyon I,,Eray Altınbüken,TMB,Salı,10:30/12:29,,10,4,,KMP,,
11775,KMP 113,KMP,LS,Klasik Armoni I,,Nail Yavuzoğlu,TMB,Pazartesi,10:30/12:29,,10,6,,KMP,,
11776,KMP 115,KMP,LS,Müzik Formları I,,Ayhan Gunca,TMB,Perşembe,10:30/12:29,,10,4,,KMP,,
11777,KMP 201,KMP,LS,Kompozisyon III,,Eray Altınbüken,TMB | TMB,Salı | Perşembe,13:30/15:29 | 10:30/12:29,,10,3,,KMP,,
11778,KMP 203,KMP,LS,Türk Müziği Literatürü I,,Adil Feridun Öney,TMB,Salı,08:30/10:29,,10,3,,KMP,,
11779,KMP 205,KMP,LS,Kontrpuan- Füg I,,Nail Yavuzoğlu,TMB,Pazartesi,13:30/15:29,,10,4,,KMP,,
11780,KMP 301,KMP,LS,Kompozisyon V,,Oğuzhan Balcı,TMB | TMB,Salı | Cuma,10:30/12:29 | 10:30/12:29,,10,6,,KMP,,
11781,KMP 303,KMP,LS,Kompozisyon Çözümleme I,,Ayhan Gunca,TMB,Salı,13:30/15:29,,10,2,,KMP,,
11782,KMP 305,KMP,LS,Koro Şefliği I,,Oğuzhan Balcı,TMB,Salı,08:30/10:29,,10,6,,KMP,,
11783,KMP 307,KMP,LS,Prozodi,,Neşe Yeşim Altınel Çoban,TMB,Perşembe,10:30/12:29,,10,5,,KMP,,
11784,KMP 323,KMP,LS,Türk Müziğinde Polifoni I,,Nail Yavuzoğlu,TMB,Pazartesi,15:30/17:29,,10,10,,KMP,,
11785,KMP 331,KMP,LS,Ölçü ve Vuruş Tekniği I,,Ayhan Gunca,TMB,Cuma,08:30/10:29,,10,7,,KMP,,
11786,KMP 401,KMP,LS,Kompozisyon VII,,Oğuzhan Balcı,TMB | TMB,Pazartesi | Perşembe,10:30/12:29 | 13:30/15:29,,10,4,,KMP,,
11788,KMP 405,KMP,LS,Modern Armoni,,--,TMB,Cuma,10:30/12:29,,0,0,,KMP,,
11789,KMP 403,KMP,LS,Kompozisyon Çözümleme III,,Ayhan Gunca,TMB,Salı,10:30/12:29,,10,2,,KMP,,
11790,KMP 411,KMP,LS,Orkestrasyon II,,Ayhan Gunca,TMB,Salı,15:30/17:29,,10,6,,KMP,,
11791,KMP 423,KMP,LS,Türk Müziğinde Polifoni III,,Nail Yavuzoğlu,TMB,Cuma,08:30/10:29,,10,2,,KMP,,
11792,KMP 433,KMP,LS,Partisyon Okuma I,,Recep Gül,TMB,Salı,13:30/15:29,,10,2,,KMP,,
11793,THO 492,THO,LS,Bitirme Çalışması,,Serpil Murtezaoğlu,TMB,,/,,100,9,,THO,,
11794,THO 317,THO,LS,Sahne Projesi I (Kredisiz),,--,TMB,Perşembe,13:30/17:29,,0,0,,THO,,
11795,THO 317,THO,LS,Sahne Projesi I (Kredisiz),,Cenap Güngör,TMB,Perşembe,13:30/17:29,,5,5,,THO,,
11796,THO 317,THO,LS,Sahne Projesi I (Kredisiz),,Cumhur Sevinç,TMB,Perşembe,13:30/17:29,,5,2,,THO,,
11797,THO 317,THO,LS,Sahne Projesi I (Kredisiz),,Yurıy Mezokh,TMB,Perşembe,13:30/17:29,,5,2,,THO,,
11798,THO 317,THO,LS,Sahne Projesi I (Kredisiz),,--,TMB,Perşembe,13:30/17:29,,0,0,,THO,,
11799,THO 317,THO,LS,Sahne Projesi I (Kredisiz),,--,TMB,Perşembe,13:30/17:29,,0,0,,THO,,
11800,THO 417,THO,LS,Sahne Projesi III (Kredisiz),,Eyüp Uzunkaya,TMB,Perşembe,13:30/17:29,,5,2,,THO,,
11801,THO 417,THO,LS,Sahne Projesi III (Kredisiz),,Bülent Kurtişoğlu,TMB,Perşembe,13:30/17:29,,5,3,,THO,,
11802,THO 417,THO,LS,Sahne Projesi III (Kredisiz),,--,TMB,Perşembe,13:30/17:29,,0,0,,THO,,
11803,THO 115,THO,LS,Bale I,,Yurıy Mezokh,TMB | TMB,Pazartesi | Cuma,15:30/17:29 | 15:30/17:29,,20,19,,"THMB, THO",,
11804,THO 113,THO,LS,Oyun Tekniği I,,Salim Sınar,TMB | TMB,Salı | Perşembe,13:30/15:29 | 08:30/10:29,,20,16,,"THMA, THMH, THMK, THMN, THMR, THMT, THMZ, THO",,
11805,THO 117,THO,LS,Kondisyon Ve Esneme I (Krdsz),,"Yurıy Mezokh, Funda Bozkurt",TMB | TMB,Pazartesi | Cuma,13:30/15:29 | 13:30/15:29,,20,17,,"THMB, THMD, THO",,
11806,THO 109,THO,LS,Oyun Ritim Bilgisi I,,Eyüp Uzunkaya,TMB,Çarşamba,13:30/15:29,,20,18,,"THMT, THO",,
11807,THO 111,THO,LS,Hareket Anatomisi I,,Nihal Cömert,TMB,Perşembe,13:30/15:29,,20,20,,"THMT, THO",,
11808,THO 205,THO,LS,Oyunda Yöresel Tavırlar I,,Ahmet Turan Demirbağ,TMB | TMB,Pazartesi | Cuma,13:30/15:29 | 10:30/12:29,,15,13,,THO,,
11809,THO 207,THO,LS,Oyun Repertuvarı I,,Cumhur Sevinç,TMB | TMB,Salı | Çarşamba,13:30/15:29 | 13:30/15:29,,15,14,,THO,,
11810,THO 203,THO,LS,Türk Halk Oyunları I,,Salim Sınar,TMB | TMB,Salı | Perşembe,15:30/17:29 | 10:30/12:29,,15,15,,THO,,
11811,THO 201,THO,LS,Oyun Ritim Bilgisi III,,Salim Sınar,TMB,Salı,08:30/10:29,,15,9,,THO,,
11812,THO 311,THO,LS,Oyun Analizi I,,Ahmet Turan Demirbağ,TMB,Cuma,13:30/16:29,,20,15,,"THMT, THO",,
11813,THO 309,THO,LS,Halk Oyunları Sahne Bilgisi,,Bülent Kurtişoğlu,TMB,Pazartesi,09:30/12:29,,20,10,,"THMA, THMH, THMK, THMN, THMR, THMT, THMZ, THO",,
11814,THO 303,THO,LS,Türk Halk Oyunları III,,Cenap Güngör,TMB | TMB,Çarşamba | Perşembe,10:30/12:29 | 10:30/12:29,,15,2,,THO,,
11815,THO 307,THO,LS,Oyun Repertuvarı III,,Bülent Kurtişoğlu,TMB | TMB,Salı | Perşembe,15:30/17:29 | 08:30/10:29,,15,5,,THO,,
11816,THO 305,THO,LS,Oyunda Yöresel Tavırlar III,,Cavit Şentürk,TMB | TMB,Salı | Cuma,13:30/15:29 | 10:30/12:29,,15,7,,THO,,
11817,DNK 201,DNK,LS,Dinamik,,Osman Bulut,INB | INB,Çarşamba | Perşembe,10:30/12:29 | 14:30/15:29,,40,10,,"DUI, EHB, ELE, ELH, ELK, FIZ, INS, JEO, KOM, KON, MTO, TEK, TEL, UCK, UZB",,
11818,DNK 201,DNK,LS,Dinamik,,Nihal Eratlı,INB | INB,Pazartesi | Salı,14:30/16:29 | 13:30/14:29,,50,41,,"DUI, EHB, ELE, ELH, ELK, FIZ, INS, JEO, KOM, KON, MTO, TEK, TEL, UCK, UZB",,
11819,THO 313,THO,LS,Koreoloji I,,Nihal Cömert,TMB | TMB,Salı | Çarşamba,10:30/12:29 | 13:30/15:29,,20,7,,THO,,
11820,DNK 201,DNK,LS,Dinamik,,Şenol Ataoğlu,INB | INB,Pazartesi | Salı,10:30/12:29 | 11:30/12:29,,40,40,,"DUI, EHB, ELE, ELH, ELK, FIZ, INS, JEO, KOM, KON, MTO, TEK, TEL, UCK, UZB",,
11821,THO 409,THO,LS,20.yy'da Dans,,Nihal Cömert,TMB,Çarşamba,09:30/12:29,,20,20,,THO,,
11822,THO 413,THO,LS,Jest-Mimik,,Yurıy Mezokh,TMB,Perşembe,09:30/12:29,,20,6,,THO,,
11823,THO 425,THO,LS,Halay Oyun Repertuvarı I,,Cenap Güngör,TMB | TMB,Pazartesi | Salı,15:30/17:29 | 10:30/12:29,,10,4,,"THMH, THMT, THO",,
11825,THO 421,THO,LS,Azeri Oyun Repertuvarı I,,Salim Sınar,TMB | TMB,Pazartesi | Salı,15:30/17:29 | 10:30/12:29,,10,2,,"THMA, THMT, THO",,
11826,THO 427,THO,LS,Horon Oyun Repertuvarı I,,Cavit Şentürk,TMB | TMB,Salı | Cuma,15:30/17:29 | 08:30/10:29,,10,3,,"THMN, THMT, THO",,
11827,DNK 201,DNK,LS,Dinamik,,Semih Küçükarslan,INB | INB,Pazartesi | Salı,10:30/12:29 | 11:30/12:29,,40,41,,"DUI, EHB, ELE, ELH, ELK, FIZ, INS, JEO, KOM, KON, MTO, TEK, TEL, UCK, UZB",,
11828,THO 423,THO,LS,Bar Oyun Repertuvarı I,,Ahmet Turan Demirbağ,TMB | TMB,Salı | Cuma,15:30/17:29 | 08:30/10:29,,10,1,,"THMR, THMT, THO",,
11829,THO 429,THO,LS,Karşılama- Hora Oyun Rep. I,,Bülent Kurtişoğlu,TMB | TMB,Pazartesi | Salı,13:30/15:29 | 10:30/12:29,,10,2,,"THMK, THMT, THO",,
11830,DNK 201E,DNK,LS,Dynamics,,Akif Kutlu,INB | INB,Çarşamba | Perşembe,10:30/12:29 | 14:30/15:29,,40,16,,"DEN, DENE, DUI, DUIE, DUIK, EHB, EHBE, ELE, ELH, ELK, ELKE, FIZ, FIZE, GEM, GEME, GEMK, GMI, GMIE, INS, INSE, JEO, JEOE, KOM, KOME, KON, KONE, MAD, MAT, MATE, MTO, PETE, TEK, TEL, UCK, UCKE, UZB, UZBE",,
11831,DNK 201E,DNK,LS,Dynamics,,Abdul Hayır,INB | INB,Pazartesi | Salı,14:30/16:29 | 13:30/14:29,,50,56,,"DEN, DENE, DUI, DUIE, DUIK, EHB, EHBE, ELE, ELH, ELK, ELKE, FIZ, FIZE, GEM, GEME, GEMK, GMI, GMIE, INS, INSE, JEO, JEOE, KOM, KOME, KON, KONE, MAD, MAT, MATE, MTO, PETE, TEK, TEL, UCK, UCKE, UZB, UZBE",,
11832,THO 435,THO,LS,Zeybek Oyun Repertuvarı I,,Cumhur Sevinç,TMB | TMB,Pazartesi | Salı,13:30/15:29 | 10:30/12:29,,10,2,,"THMT, THMZ, THO",,
11833,INS 111,INS,LS,İnşaat Müh. Giriş ve Etik,,"Kadir Güler, Hüseyin Onur Tezcan",MED,Çarşamba,13:30/14:29,,200,200,,INS,,
11834,THO 411,THO,LS,Geleneksel Giyim Kuşam I,,İlknur Demirbağ,TMB,Çarşamba,13:30/15:29,,20,7,,"THMA, THMH, THMK, THMN, THMR, THMT, THMZ, THO",,
11835,THO 443,THO,LS,Denge Performans I,,Cumhur Sevinç,TMB | TMB,Pazartesi | Salı,10:30/12:29 | 08:30/10:29,,10,4,,"THMB, THMD, THO",,
11836,THO 447,THO,LS,Modern Dans I,,Yurıy Mezokh,TMB | TMB,Pazartesi | Salı,10:30/12:29 | 08:30/10:29,,10,3,,"THMD, THO",,
11837,INS 111E,INS,LS,Int. to Civil Eng. & Ethics,,"Kadir Güler, Hüseyin Onur Tezcan",MED,Çarşamba,14:30/15:29,,200,150,,"INS, INSE",,
11838,THO 445,THO,LS,Köy Seyirlik Oyunları I,,Eyüp Uzunkaya,TMB | TMB,Pazartesi | Salı,08:30/10:29 | 08:30/10:29,,10,1,,THO,,
11839,INS 301,INS,LS,Mühendislik Ekonomisi,,Gül Polat Tatar,INB,Cuma,10:30/12:29,,45,45,,INS,,
11840,THO 449,THO,LS,Sahne Makyajı I,,--,TMB | TMB,Pazartesi | Salı,10:30/12:29 | 08:30/10:29,,0,0,,THO,,
11841,THO 453,THO,LS,Dans Antropolojisine Giriş,,Serpil Murtezaoğlu,TMB,Salı,13:30/15:29,,10,1,,THO,,
11842,THO 461,THO,LS,Koreografi I,,Yurıy Mezokh,TMB,Salı,13:30/15:29,,10,5,,"THMA, THMB, THMD, THMH, THMK, THMN, THMR, THMZ, THO",,
11843,INS 301,INS,LS,Mühendislik Ekonomisi,,Feyzi Haznedaroğlu,INB,Cuma,10:30/12:29,,45,45,,INS,,
11844,INS 301,INS,LS,Mühendislik Ekonomisi,,Atilla Damcı,INB,Cuma,10:30/12:29,,45,45,,INS,,
11845,THO 455,THO,LS,Dans Felsefesine Giriş,,Fatma Belma Kurtişoğlu,TMB,Salı,13:30/15:29,,10,2,,THO,,
11846,INS 301,INS,LS,Mühendislik Ekonomisi,,Murat Kuruoğlu,INB,Cuma,10:30/12:29,,45,45,,INS,,
11847,THO 471,THO,LS,Türk Halk Oyunları I,,Cenap Güngör,TMB,Çarşamba,13:30/15:29,,20,12,,SES,,
11848,THO 431,THO,LS,Kaşıklı Oyunlar I,,Funda Bozkurt,TMB | TMB,Pazartesi | Cuma,15:30/17:29 | 08:30/10:29,,15,6,,THO,,
11849,TEB 492,TEB,LS,Bitirme Çalışması,,Eren Özek,TMB,,/,,100,4,,TEB,,
11850,INS 301E,INS,LS,Engineering Economics,,Esin Ergen Pehlevan,INB,Cuma,10:30/12:29,,45,51,,"INS, INSE",,
11851,INS 313E,INS,LS,Advanced Strength of Materials,,Hale Ergün,INB | INB,Pazartesi | Perşembe,15:30/17:29 | 16:30/17:29,,55,55,,"INS, INSE",,
11852,TEB 1113,TEB,LS,Tem.Müzik Solf.ve Teorisi I,,Ayşecan Olgun,TMB | TMB,Salı | Perşembe,15:30/17:29 | 15:30/17:29,,15,3,,"MUT, MUZ, SES, TEB, THO",,
11853,INS 315E,INS,LS,Mechanics of Inelastic Materia,,Bahar Ayhan Tezer,INB | INB,Pazartesi | Perşembe,13:30/15:29 | 15:30/16:29,,55,55,,"INS, INSE",,
11854,TEB 1111,TEB,LS,Türk Müz.Solfeji ve Teor. I,,Nurullah Kanık,TMB | TMB,Pazartesi | Perşembe,10:30/12:29 | 10:30/12:29,,15,2,,"MUT, MUZ, SES, TEB, THO",,
11855,INS 316E,INS,LS,Site Layout,,Senem Bilir Mahçiçek,INB | INB,Perşembe | Cuma,08:30/10:29 | 15:30/16:29,,45,34,,"INS, INSE",,
11856,INS 322,INS,LS,Betonarme I,,Mustafa Gençoğlu,INB | INB,Salı | Perşembe,10:30/12:29 | 13:30/15:29,,50,50,,INS,,
11857,TEB 2111,TEB,LS,Türk Müz.Solfeji ve Teor. III,,Ferda Cengiz Ünal,TMB | TMB,Pazartesi | Perşembe,15:30/17:29 | 13:30/15:29,,15,6,,"MUT, MUZ, SES, TEB, THO",,
11858,INS 322E,INS,LS,Reinforced Concrete I,,Cem Demir,INB | INB,Perşembe | Cuma,15:30/17:29 | 10:30/12:29,,50,57,,"INS, INSE",,
11859,INS 325,INS,LS,Demiryolu Müh.,,Zübeyde Öztürk,INB,Cuma,14:30/16:29,,50,51,,INS,,
11860,INS 325,INS,LS,Demiryolu Müh.,,Hüseyin Onur Tezcan,INB,Cuma,14:30/16:29,,50,52,,INS,,
11862,INS 325E,INS,LS,Railway Engineering,,Kemal Selçuk Öğüt,INB,Cuma,14:30/16:29,,50,44,,"INS, INSE",,
11863,INS 328E,INS,LS,Architectural Structure Desgn,,Deniz Artan,INB | INB,Salı | Perşembe,10:30/12:29 | 11:30/12:29,,45,42,,"INS, INSE",,
11864,TEB 2113,TEB,LS,Tem.Müzik Solf.ve Teorisi III,,Ayşecan Olgun,TMB | TMB,Pazartesi | Cuma,08:30/10:29 | 13:30/15:29,,15,4,,"MUT, MUZ, SES, TEB, THO",,
11865,INS 334E,INS,LS,Health&Safety; in Construction,,Gürkan Emre Gürcanlı,INB,Salı,10:30/12:29,,50,45,,"INS, INSE",,
11866,TEB 1713,TEB,LS,Türkçe,,Kemal Hasan Karnal,TMB | TMB,Salı | Perşembe,13:30/15:29 | 13:30/15:29,,15,3,,"CAB, KMP, MUT, MUZ, SES, TEB, THO",,
11867,INS 341E,INS,LS,Construction Management,,Mehmet Emre Bayraktar,INB | INB,Çarşamba | Perşembe,10:30/12:29 | 13:30/14:29,,50,30,,"INS, INSE",,
11868,INS 342,INS,LS,Karayolu Mühendisliği,,Şükrüye İyinam,INB | INB,Salı | Perşembe,15:30/17:29 | 10:30/11:29,,40,40,,INS,,
11869,INS 342E,INS,LS,Highway Engineering,,"Abdullah Hilmi Lav, Hilmi Berk Çelikoğlu",INB | INB,Salı | Perşembe,15:30/17:29 | 10:30/11:29,,40,18,,"INS, INSE",,
11870,TEB 3111,TEB,LS,İleri Solfej I,,--,TMB | TMB,Pazartesi | Perşembe,15:30/17:29 | 13:30/15:29,,0,0,,TEB,,
11871,INS 351E,INS,LS,Earthwork and Railway Eng,,Kemal Selçuk Öğüt,INB | INB,Salı | Perşembe,15:30/17:29 | 08:30/10:29,,50,55,,"INS, INSE",,
11872,INS 421,INS,LS,Betonarme II,,Turgut Öztürk,INB | INB,Pazartesi | Çarşamba,10:30/12:29 | 10:30/12:29,,23,24,,INS,,
11873,TEB 3113,TEB,LS,Eser Analizi I,,Neşe Yeşim Altınel Çoban,TMB,Salı,10:30/12:29,,15,1,,TEB,,
11874,INS 421,INS,LS,Betonarme II,,Mustafa Gençoğlu,INB | INB,Pazartesi | Çarşamba,10:30/12:29 | 10:30/12:29,,23,22,,INS,,
11875,TEB 3121,TEB,LS,Repertuvar Bilgisi I,,Ferda Cengiz Ünal,TMB | TMB,Pazartesi | Çarşamba,13:30/15:29 | 13:30/15:29,,15,1,,TEB,,
11876,INS 421,INS,LS,Betonarme II,,Alper İlki,INB | INB,Salı | Cuma,13:30/15:29 | 08:30/10:29,,23,24,,INS,,
11877,INS 421,INS,LS,Betonarme II,,Yıldır Akkaya,INB | INB,Salı | Cuma,13:30/15:29 | 08:30/10:29,,23,26,,INS,,
11878,INS 421,INS,LS,Betonarme II,,Kutlu Darılmaz,INB | INB,Perşembe | Cuma,15:30/17:29 | 10:30/12:29,,23,26,,INS,,
11879,INS 421,INS,LS,Betonarme II,,Erol Lale,INB | INB,Perşembe | Cuma,15:30/17:29 | 10:30/12:29,,23,24,,INS,,
11880,TEB 4113,TEB,LS,Ses Sistemleri I,,Eren Özek,TMB | TMB,Pazartesi | Perşembe,10:30/12:29 | 08:30/10:29,,15,3,,TEB,,
11881,TEB 4711,TEB,LS,Atatürk İlkeleri ve Ink.Tarihi,,--,TMB | TMB,Salı | Perşembe,10:30/12:29 | 13:30/15:29,,0,0,,"CAB, KMP, MUT, MUZ, SES, TEB, THO",,
11882,TEB 4111,TEB,LS,İleri Solfej III,,Ferda Cengiz Ünal,TMB | TMB,Salı | Perşembe,08:30/10:29 | 10:30/12:29,,15,3,,TEB,,
11883,TEB 1711,TEB,LS,English I,,--,TMB,Cuma,09:30/12:29,,0,0,,"CAB, KMP, MUT, MUZ, SES, TEB, THO",,
11884,TEB 2123,TEB,LS,Piyano II,,Mehru Ensari,TMB,Pazartesi,10:30/12:29,,10,2,,TEB,,
11885,TEB 2711,TEB,LS,English III,,Mevlüt Kahraman,TMB,Cuma,09:30/12:29,,15,1,,"CAB, KMP, MUT, MUZ, SES, TEB, THO",,
11886,BIL 109,BIL,LS,Bilgisayar,,Ali Yayla,TMB,Salı,15:30/17:29,,30,30,,"CAB, KMP, MTR, MUT, MUZ, SES, THO",,
11887,BIL 109,BIL,LS,Bilgisayar,,Ali Yayla,TMB,Çarşamba,10:30/12:29,,30,29,,"CAB, KMP, MTR, MUT, MUZ, SES, THO",,
11888,BIL 109,BIL,LS,Bilgisayar,,Ali Yayla,TMB,Çarşamba,13:30/15:29,,25,25,,"CAB, KMP, MTR, MUT, MUZ, SES, THO",,
11889,BIL 109,BIL,LS,Bilgisayar,,Ali Yayla,TMB,Çarşamba,08:30/10:29,,25,28,,"CAB, KMP, MTR, MUT, MUZ, SES, THO",,
11891,INS 421,INS,LS,Betonarme II,,--,INB | INB,Salı | Perşembe,15:30/17:29 | 13:30/15:29,,0,0,,INS,,
11892,INS 421,INS,LS,Betonarme II,,Beyza Taşkın Akgül,INB | INB,Salı | Perşembe,15:30/17:29 | 13:30/15:29,,24,25,,INS,,
11893,INS 421E,INS,LS,Reinforced Concrete II,,Ali Sarı,INB | INB,Salı | Çarşamba,08:30/10:29 | 08:30/10:29,,24,28,,"INS, INSE",,
11894,INS 421E,INS,LS,Reinforced Concrete II,,Fatih Sütcü,INB | INB,Salı | Çarşamba,08:30/10:29 | 08:30/10:29,,24,26,,"INS, INSE",,
11895,INS 425E,INS,LS,Finite Element Methods,,Murat Yılmaz,INB | INB,Pazartesi | Perşembe,15:30/17:29 | 11:30/12:29,,30,39,,"INS, INSE",,
11897,INS 459,INS,LS,Çubuk Sonlu Elemanlar,,"Nihal Eratlı, Akif Kutlu",INB | INB,Salı | Perşembe,10:30/12:29 | 10:30/11:29,,45,8,,INS,,
11898,INS 462E,INS,LS,Engineering Ethics,,Hüseyin Onur Tezcan,INB,Çarşamba,12:30/13:29,,100,100,,"INS, INSE",,
11899,INS 492,INS,LS,Mühendislik Tasarım Projesi,,Kadir Güler,---,,/,,500,78,,INS,,
11900,INS 492E,INS,LS,Engineering Design Project,,Kadir Güler,---,,/,,500,22,,"INS, INSE",,
11901,MUK 201,MUK,LS,Mukavemet I,,--,INB | INB | INB,Pazartesi | Çarşamba | Perşembe,13:30/14:29 | 08:30/10:29 | 08:30/10:29,,0,0,,"FIZ, INS, UCKM",,
11902,MUK 201,MUK,LS,Mukavemet I,,Fethi Kadıoğlu,INB | INB | INB,Pazartesi | Çarşamba | Perşembe,13:30/14:29 | 08:30/10:29 | 08:30/10:29,,45,48,,"FIZ, INS, UCKM",,
11903,MUK 201,MUK,LS,Mukavemet I,,Teoman Özer,INB | INB | INB,Pazartesi | Salı | Perşembe,10:30/12:29 | 08:30/10:29 | 14:30/15:29,,50,46,,"FIZ, INS, UCKM",,
11904,MUK 201,MUK,LS,Mukavemet I,,Abdullah Gedikli,INB | INB | INB,Çarşamba | Perşembe | Cuma,10:30/12:29 | 10:30/12:29 | 11:30/12:29,,40,26,,"FIZ, INS, UCKM",,
11905,MUK 201E,MUK,LS,Strength of Materials I,,Bahar Ayhan Tezer,INB | INB | INB,Pazartesi | Salı | Perşembe,10:30/12:29 | 08:30/10:29 | 14:30/15:29,,50,52,,"FIZ, FIZE, INS, INSE, MAT, UCKM",,
11906,MUK 201E,MUK,LS,Strength of Materials I,,Hale Ergün,INB | INB | INB,Çarşamba | Perşembe | Cuma,10:30/12:29 | 10:30/12:29 | 11:30/12:29,,40,41,,"FIZ, FIZE, INS, INSE, MAT, UCKM",,
11907,MUK 202,MUK,LS,Mukavemet II,,Fethi Kadıoğlu,INB | INB | INB,Pazartesi | Çarşamba | Perşembe,14:30/15:29 | 10:30/12:29 | 10:30/12:29,,40,41,,"FIZ, INS",,
11908,MUK 202E,MUK,LS,Strength of Materials II,,Pınar Özdemir Çağlayan,INB | INB | INB,Pazartesi | Çarşamba | Perşembe,10:30/12:29 | 08:30/10:29 | 16:30/17:29,,40,32,,"FIZ, FIZE, INS, INSE",,
11909,STA 202,STA,LS,Statik,,Reha Artan,INB | INB,Salı | Çarşamba,08:30/10:29 | 08:30/10:29,,50,41,,"FIZ, INS, UCKM",,
11910,STA 202E,STA,LS,Statics,,Pelin Gündeş Bakır,INB | INB,Çarşamba | Perşembe,08:30/10:29 | 15:30/17:29,,50,40,,"FIZ, FIZE, INS, INSE, UCKM",,
11911,ING 105,ING,LS,English I,,Mevlüt Kahraman,TMB,Çarşamba,09:30/12:29,,45,30,,"CAB, KMP, MTR, MUT, MUZ, MUZE, SES, THO",,
11912,ING 105,ING,LS,English I,,İsmail Akyıldız,TMB,Salı,09:30/12:29,,45,44,,"CAB, KMP, MTR, MUT, MUZ, MUZE, SES, THO",,
11913,ING 105,ING,LS,English I,,Mevlüt Kahraman,TMB,Perşembe,13:30/16:29,,45,28,,"CAB, KMP, MTR, MUT, MUZ, MUZE, SES, THO",,
11914,ING 105,ING,LS,English I,,İsmail Akyıldız,TMB,Cuma,13:30/16:29,,45,24,,"CAB, KMP, MTR, MUT, MUZ, MUZE, SES, THO",,
11915,ING 205,ING,LS,English III,,Mevlüt Kahraman,TMB,Salı,09:30/12:29,,45,20,,"CAB, KMP, MTR, MUT, MUZ, MUZE, SES, THO",,
11916,ING 205,ING,LS,English III,,İsmail Akyıldız,TMB,Çarşamba,09:30/12:29,,55,51,,"CAB, KMP, MTR, MUT, MUZ, MUZE, SES, THO",,
11917,ING 205,ING,LS,English III,,Mevlüt Kahraman,TMB,Cuma,13:30/16:29,,45,13,,"CAB, KMP, MTR, MUT, MUZ, MUZE, SES, THO",,
11918,ING 205,ING,LS,English III,,İsmail Akyıldız,TMB,Perşembe,13:30/16:29,,45,43,,"CAB, KMP, MTR, MUT, MUZ, MUZE, SES, THO",,
11919,ATA 103,ATA,LS,Atatürk İlke ve Ink.Tarihi,,Ali Yayla,TMB | TMB,Salı | Cuma,13:30/15:29 | 15:30/17:29,,60,58,,"CAB, KMP, MTR, MUT, MUZ, MUZE, SES",,
11920,BEB 101,BEB,LS,Temel Yüzme Becerisi Öğrenimi,,Kadir Can Çakıcı,HVZ,Cuma,08:30/10:29,,12,10,,"BIO, BIOE, BLG, BLGE, CAB, CEV, CEVE, CHZ, CHZE, DEN, DENE, DUI, DUIE, ECNE, EHB, EHBE, ELE, ELH, ELK, ELKE, END, ENDE, EUT, EUTE, FIZ, FIZE, GEM, GEME, GEO, GEOE, GID, GIDE, GMI, GMIE, ICM, IML, IMLE, INS, INSE, ISL, ISLE, JDF, JEF, JEFE, JEO, JEOE, KIM, KIME, KMM, KMME, KMP, KOM, KOME, MAD, MADE, MAK, MAKE, MAT, MATE, MET, METE, MIM, MIME, MTO, MTOE, MUT, MUZ, PEM, PEME, PET, PETE, SBP, SBPE, SES, TEB, TEK, TEKE, TEL, THO, UCK, UCKE, UZB, UZBE",,
11921,BEB 101,BEB,LS,Temel Yüzme Becerisi Öğrenimi,,Kadir Can Çakıcı,HVZ,Salı,13:30/15:29,,12,12,,"BIO, BIOE, BLG, BLGE, CAB, CEV, CEVE, CHZ, CHZE, DEN, DENE, DUI, DUIE, ECNE, EHB, EHBE, ELE, ELH, ELK, ELKE, END, ENDE, EUT, EUTE, FIZ, FIZE, GEM, GEME, GEO, GEOE, GID, GIDE, GMI, GMIE, ICM, IML, IMLE, INS, INSE, ISL, ISLE, JDF, JEF, JEFE, JEO, JEOE, KIM, KIME, KMM, KMME, KMP, KOM, KOME, MAD, MADE, MAK, MAKE, MAT, MATE, MET, METE, MIM, MIME, MTO, MTOE, MUT, MUZ, PEM, PEME, PET, PETE, SBP, SBPE, SES, TEB, TEK, TEKE, TEL, THO, UCK, UCKE, UZB, UZBE",,
11922,BEB 101,BEB,LS,Temel Yüzme Becerisi Öğrenimi,,Kadir Can Çakıcı,HVZ,Çarşamba,10:30/12:29,,12,8,,"BIO, BIOE, BLG, BLGE, CAB, CEV, CEVE, CHZ, CHZE, DEN, DENE, DUI, DUIE, ECNE, EHB, EHBE, ELE, ELH, ELK, ELKE, END, ENDE, EUT, EUTE, FIZ, FIZE, GEM, GEME, GEO, GEOE, GID, GIDE, GMI, GMIE, ICM, IML, IMLE, INS, INSE, ISL, ISLE, JDF, JEF, JEFE, JEO, JEOE, KIM, KIME, KMM, KMME, KMP, KOM, KOME, MAD, MADE, MAK, MAKE, MAT, MATE, MET, METE, MIM, MIME, MTO, MTOE, MUT, MUZ, PEM, PEME, PET, PETE, SBP, SBPE, SES, TEB, TEK, TEKE, TEL, THO, UCK, UCKE, UZB, UZBE",,
11923,BEB 101,BEB,LS,Temel Yüzme Becerisi Öğrenimi,,Kadir Can Çakıcı,HVZ,Çarşamba,13:30/15:29,,12,11,,"BIO, BIOE, BLG, BLGE, CAB, CEV, CEVE, CHZ, CHZE, DEN, DENE, DUI, DUIE, ECNE, EHB, EHBE, ELE, ELH, ELK, ELKE, END, ENDE, EUT, EUTE, FIZ, FIZE, GEM, GEME, GEO, GEOE, GID, GIDE, GMI, GMIE, ICM, IML, IMLE, INS, INSE, ISL, ISLE, JDF, JEF, JEFE, JEO, JEOE, KIM, KIME, KMM, KMME, KMP, KOM, KOME, MAD, MADE, MAK, MAKE, MAT, MATE, MET, METE, MIM, MIME, MTO, MTOE, MUT, MUZ, PEM, PEME, PET, PETE, SBP, SBPE, SES, TEB, TEK, TEKE, TEL, THO, UCK, UCKE, UZB, UZBE",,
11924,BEB 101,BEB,LS,Temel Yüzme Becerisi Öğrenimi,,Kadir Can Çakıcı,HVZ,Cuma,14:30/16:29,,12,12,,"BIO, BIOE, BLG, BLGE, CAB, CEV, CEVE, CHZ, CHZE, DEN, DENE, DUI, DUIE, ECNE, EHB, EHBE, ELE, ELH, ELK, ELKE, END, ENDE, EUT, EUTE, FIZ, FIZE, GEM, GEME, GEO, GEOE, GID, GIDE, GMI, GMIE, ICM, IML, IMLE, INS, INSE, ISL, ISLE, JDF, JEF, JEFE, JEO, JEOE, KIM, KIME, KMM, KMME, KMP, KOM, KOME, MAD, MADE, MAK, MAKE, MAT, MATE, MET, METE, MIM, MIME, MTO, MTOE, MUT, MUZ, PEM, PEME, PET, PETE, SBP, SBPE, SES, TEB, TEK, TEKE, TEL, THO, UCK, UCKE, UZB, UZBE",,
11925,BEB 102,BEB,LS,Yüzme Teknikleri Becerisi Öğr.,,Damla Ercan,HVZ,Salı,10:30/12:29,,14,6,,"BIO, BIOE, BLG, BLGE, CAB, CEV, CEVE, CHZ, CHZE, DEN, DENE, DUI, DUIE, ECNE, EHB, EHBE, ELE, ELH, ELK, ELKE, END, ENDE, EUT, EUTE, FIZ, FIZE, GEM, GEME, GEO, GEOE, GID, GIDE, GMI, GMIE, ICM, IML, IMLE, INS, INSE, ISL, ISLE, JDF, JEF, JEFE, JEO, JEOE, KIM, KIME, KMM, KMME, KMP, KOM, KOME, MAD, MADE, MAK, MAKE, MAT, MATE, MET, METE, MIM, MIME, MTO, MTOE, MUT, MUZ, PEM, PEME, PET, PETE, SBP, SBPE, SES, TEB, TEK, TEKE, TEL, THO, UCK, UCKE, UZB, UZBE",,
11926,BEB 102,BEB,LS,Yüzme Teknikleri Becerisi Öğr.,,Damla Ercan,HVZ,Salı,15:30/17:29,,14,11,,"BIO, BIOE, BLG, BLGE, CAB, CEV, CEVE, CHZ, CHZE, DEN, DENE, DUI, DUIE, ECNE, EHB, EHBE, ELE, ELH, ELK, ELKE, END, ENDE, EUT, EUTE, FIZ, FIZE, GEM, GEME, GEO, GEOE, GID, GIDE, GMI, GMIE, ICM, IML, IMLE, INS, INSE, ISL, ISLE, JDF, JEF, JEFE, JEO, JEOE, KIM, KIME, KMM, KMME, KMP, KOM, KOME, MAD, MADE, MAK, MAKE, MAT, MATE, MET, METE, MIM, MIME, MTO, MTOE, MUT, MUZ, PEM, PEME, PET, PETE, SBP, SBPE, SES, TEB, TEK, TEKE, TEL, THO, UCK, UCKE, UZB, UZBE",,
11927,BEB 102,BEB,LS,Yüzme Teknikleri Becerisi Öğr.,,Damla Ercan,HVZ,Çarşamba,08:30/10:29,,14,14,,"BIO, BIOE, BLG, BLGE, CAB, CEV, CEVE, CHZ, CHZE, DEN, DENE, DUI, DUIE, ECNE, EHB, EHBE, ELE, ELH, ELK, ELKE, END, ENDE, EUT, EUTE, FIZ, FIZE, GEM, GEME, GEO, GEOE, GID, GIDE, GMI, GMIE, ICM, IML, IMLE, INS, INSE, ISL, ISLE, JDF, JEF, JEFE, JEO, JEOE, KIM, KIME, KMM, KMME, KMP, KOM, KOME, MAD, MADE, MAK, MAKE, MAT, MATE, MET, METE, MIM, MIME, MTO, MTOE, MUT, MUZ, PEM, PEME, PET, PETE, SBP, SBPE, SES, TEB, TEK, TEKE, TEL, THO, UCK, UCKE, UZB, UZBE",,
11928,BEB 102,BEB,LS,Yüzme Teknikleri Becerisi Öğr.,,Damla Ercan,HVZ,Salı,08:30/10:29,,14,12,,"BIO, BIOE, BLG, BLGE, CAB, CEV, CEVE, CHZ, CHZE, DEN, DENE, DUI, DUIE, ECNE, EHB, EHBE, ELE, ELH, ELK, ELKE, END, ENDE, EUT, EUTE, FIZ, FIZE, GEM, GEME, GEO, GEOE, GID, GIDE, GMI, GMIE, ICM, IML, IMLE, INS, INSE, ISL, ISLE, JDF, JEF, JEFE, JEO, JEOE, KIM, KIME, KMM, KMME, KMP, KOM, KOME, MAD, MADE, MAK, MAKE, MAT, MATE, MET, METE, MIM, MIME, MTO, MTOE, MUT, MUZ, PEM, PEME, PET, PETE, SBP, SBPE, SES, TEB, TEK, TEKE, TEL, THO, UCK, UCKE, UZB, UZBE",,
11929,BEB 103,BEB,LS,Voleybolda Tem.Eğt. ve Bec.Kaz,,Nevzat Sönmez,SLN-M,Salı,08:30/10:29,,20,7,,"BIO, BIOE, BLG, BLGE, CAB, CEV, CEVE, CHZ, CHZE, DEN, DENE, DUI, DUIE, ECNE, EHB, EHBE, ELE, ELH, ELK, ELKE, END, ENDE, EUT, EUTE, FIZ, FIZE, GEM, GEME, GEO, GEOE, GID, GIDE, GMI, GMIE, ICM, IML, IMLE, INS, INSE, ISL, ISLE, JDF, JEF, JEFE, JEO, JEOE, KIM, KIME, KMM, KMME, KMP, KOM, KOME, MAD, MADE, MAK, MAKE, MAT, MATE, MET, METE, MIM, MIME, MTO, MTOE, MUT, MUZ, PEM, PEME, PET, PETE, SBP, SBPE, SES, TEB, TEK, TEKE, TEL, THO, UCK, UCKE, UZB, UZBE",,
11930,BEB 103,BEB,LS,Voleybolda Tem.Eğt. ve Bec.Kaz,,--,SLN-M,Salı,10:30/12:29,,0,0,,"BIO, BIOE, BLG, BLGE, CAB, CEV, CEVE, CHZ, CHZE, DEN, DENE, DUI, DUIE, ECNE, EHB, EHBE, ELE, ELH, ELK, ELKE, END, ENDE, EUT, EUTE, FIZ, FIZE, GEM, GEME, GEO, GEOE, GID, GIDE, GMI, GMIE, ICM, IML, IMLE, INS, INSE, ISL, ISLE, JDF, JEF, JEFE, JEO, JEOE, KIM, KIME, KMM, KMME, KMP, KOM, KOME, MAD, MADE, MAK, MAKE, MAT, MATE, MET, METE, MIM, MIME, MTO, MTOE, MUT, MUZ, PEM, PEME, PET, PETE, SBP, SBPE, SES, TEB, TEK, TEKE, TEL, THO, UCK, UCKE, UZB, UZBE",,
11931,BEB 103,BEB,LS,Voleybolda Tem.Eğt. ve Bec.Kaz,,Nevzat Sönmez,SLN-M,Çarşamba,08:30/10:29,,20,8,,"BIO, BIOE, BLG, BLGE, CAB, CEV, CEVE, CHZ, CHZE, DEN, DENE, DUI, DUIE, ECNE, EHB, EHBE, ELE, ELH, ELK, ELKE, END, ENDE, EUT, EUTE, FIZ, FIZE, GEM, GEME, GEO, GEOE, GID, GIDE, GMI, GMIE, ICM, IML, IMLE, INS, INSE, ISL, ISLE, JDF, JEF, JEFE, JEO, JEOE, KIM, KIME, KMM, KMME, KMP, KOM, KOME, MAD, MADE, MAK, MAKE, MAT, MATE, MET, METE, MIM, MIME, MTO, MTOE, MUT, MUZ, PEM, PEME, PET, PETE, SBP, SBPE, SES, TEB, TEK, TEKE, TEL, THO, UCK, UCKE, UZB, UZBE",,
11932,BEB 103,BEB,LS,Voleybolda Tem.Eğt. ve Bec.Kaz,,Nevzat Sönmez,SLN-M,Çarşamba,10:30/12:29,,20,13,,"BIO, BIOE, BLG, BLGE, CAB, CEV, CEVE, CHZ, CHZE, DEN, DENE, DUI, DUIE, ECNE, EHB, EHBE, ELE, ELH, ELK, ELKE, END, ENDE, EUT, EUTE, FIZ, FIZE, GEM, GEME, GEO, GEOE, GID, GIDE, GMI, GMIE, ICM, IML, IMLE, INS, INSE, ISL, ISLE, JDF, JEF, JEFE, JEO, JEOE, KIM, KIME, KMM, KMME, KMP, KOM, KOME, MAD, MADE, MAK, MAKE, MAT, MATE, MET, METE, MIM, MIME, MTO, MTOE, MUT, MUZ, PEM, PEME, PET, PETE, SBP, SBPE, SES, TEB, TEK, TEKE, TEL, THO, UCK, UCKE, UZB, UZBE",,
11933,BEB 103,BEB,LS,Voleybolda Tem.Eğt. ve Bec.Kaz,,Nevzat Sönmez,SLN-M,Perşembe,08:30/10:29,,20,14,,"BIO, BIOE, BLG, BLGE, CAB, CEV, CEVE, CHZ, CHZE, DEN, DENE, DUI, DUIE, ECNE, EHB, EHBE, ELE, ELH, ELK, ELKE, END, ENDE, EUT, EUTE, FIZ, FIZE, GEM, GEME, GEO, GEOE, GID, GIDE, GMI, GMIE, ICM, IML, IMLE, INS, INSE, ISL, ISLE, JDF, JEF, JEFE, JEO, JEOE, KIM, KIME, KMM, KMME, KMP, KOM, KOME, MAD, MADE, MAK, MAKE, MAT, MATE, MET, METE, MIM, MIME, MTO, MTOE, MUT, MUZ, PEM, PEME, PET, PETE, SBP, SBPE, SES, TEB, TEK, TEKE, TEL, THO, UCK, UCKE, UZB, UZBE",,
11934,BEB 103,BEB,LS,Voleybolda Tem.Eğt. ve Bec.Kaz,,Nevzat Sönmez,SLN-M,Perşembe,10:30/12:29,,20,18,,"BIO, BIOE, BLG, BLGE, CAB, CEV, CEVE, CHZ, CHZE, DEN, DENE, DUI, DUIE, ECNE, EHB, EHBE, ELE, ELH, ELK, ELKE, END, ENDE, EUT, EUTE, FIZ, FIZE, GEM, GEME, GEO, GEOE, GID, GIDE, GMI, GMIE, ICM, IML, IMLE, INS, INSE, ISL, ISLE, JDF, JEF, JEFE, JEO, JEOE, KIM, KIME, KMM, KMME, KMP, KOM, KOME, MAD, MADE, MAK, MAKE, MAT, MATE, MET, METE, MIM, MIME, MTO, MTOE, MUT, MUZ, PEM, PEME, PET, PETE, SBP, SBPE, SES, TEB, TEK, TEKE, TEL, THO, UCK, UCKE, UZB, UZBE",,
11935,BEB 104,BEB,LS,Tenis Teknik ve Taktik Eğitim,,Pero Duygu Dumangöz,KORT,Salı,13:30/15:29,,12,11,,"BIO, BIOE, BLG, BLGE, CAB, CEV, CEVE, CHZ, CHZE, DEN, DENE, DUI, DUIE, ECNE, EHB, EHBE, ELE, ELH, ELK, ELKE, END, ENDE, EUT, EUTE, FIZ, FIZE, GEM, GEME, GEO, GEOE, GID, GIDE, GMI, GMIE, ICM, IML, IMLE, INS, INSE, ISL, ISLE, JDF, JEF, JEFE, JEO, JEOE, KIM, KIME, KMM, KMME, KMP, KOM, KOME, MAD, MADE, MAK, MAKE, MAT, MATE, MET, METE, MIM, MIME, MTO, MTOE, MUT, MUZ, PEM, PEME, PET, PETE, SBP, SBPE, SES, TEB, TEK, TEKE, TEL, THO, UCK, UCKE, UZB, UZBE",,
11936,BEB 104,BEB,LS,Tenis Teknik ve Taktik Eğitim,,Pero Duygu Dumangöz,KORT,Salı,15:30/17:29,,12,12,,"BIO, BIOE, BLG, BLGE, CAB, CEV, CEVE, CHZ, CHZE, DEN, DENE, DUI, DUIE, ECNE, EHB, EHBE, ELE, ELH, ELK, ELKE, END, ENDE, EUT, EUTE, FIZ, FIZE, GEM, GEME, GEO, GEOE, GID, GIDE, GMI, GMIE, ICM, IML, IMLE, INS, INSE, ISL, ISLE, JDF, JEF, JEFE, JEO, JEOE, KIM, KIME, KMM, KMME, KMP, KOM, KOME, MAD, MADE, MAK, MAKE, MAT, MATE, MET, METE, MIM, MIME, MTO, MTOE, MUT, MUZ, PEM, PEME, PET, PETE, SBP, SBPE, SES, TEB, TEK, TEKE, TEL, THO, UCK, UCKE, UZB, UZBE",,
11937,BEB 104,BEB,LS,Tenis Teknik ve Taktik Eğitim,,Pero Duygu Dumangöz,KORT,Çarşamba,08:30/10:29,,12,12,,"BIO, BIOE, BLG, BLGE, CAB, CEV, CEVE, CHZ, CHZE, DEN, DENE, DUI, DUIE, ECNE, EHB, EHBE, ELE, ELH, ELK, ELKE, END, ENDE, EUT, EUTE, FIZ, FIZE, GEM, GEME, GEO, GEOE, GID, GIDE, GMI, GMIE, ICM, IML, IMLE, INS, INSE, ISL, ISLE, JDF, JEF, JEFE, JEO, JEOE, KIM, KIME, KMM, KMME, KMP, KOM, KOME, MAD, MADE, MAK, MAKE, MAT, MATE, MET, METE, MIM, MIME, MTO, MTOE, MUT, MUZ, PEM, PEME, PET, PETE, SBP, SBPE, SES, TEB, TEK, TEKE, TEL, THO, UCK, UCKE, UZB, UZBE",,
11938,BEB 104,BEB,LS,Tenis Teknik ve Taktik Eğitim,,Pero Duygu Dumangöz,KORT,Çarşamba,10:30/12:29,,12,11,,"BIO, BIOE, BLG, BLGE, CAB, CEV, CEVE, CHZ, CHZE, DEN, DENE, DUI, DUIE, ECNE, EHB, EHBE, ELE, ELH, ELK, ELKE, END, ENDE, EUT, EUTE, FIZ, FIZE, GEM, GEME, GEO, GEOE, GID, GIDE, GMI, GMIE, ICM, IML, IMLE, INS, INSE, ISL, ISLE, JDF, JEF, JEFE, JEO, JEOE, KIM, KIME, KMM, KMME, KMP, KOM, KOME, MAD, MADE, MAK, MAKE, MAT, MATE, MET, METE, MIM, MIME, MTO, MTOE, MUT, MUZ, PEM, PEME, PET, PETE, SBP, SBPE, SES, TEB, TEK, TEKE, TEL, THO, UCK, UCKE, UZB, UZBE",,
11939,BEB 104,BEB,LS,Tenis Teknik ve Taktik Eğitim,,Pero Duygu Dumangöz,KORT,Perşembe,10:30/12:29,,12,11,,"BIO, BIOE, BLG, BLGE, CAB, CEV, CEVE, CHZ, CHZE, DEN, DENE, DUI, DUIE, ECNE, EHB, EHBE, ELE, ELH, ELK, ELKE, END, ENDE, EUT, EUTE, FIZ, FIZE, GEM, GEME, GEO, GEOE, GID, GIDE, GMI, GMIE, ICM, IML, IMLE, INS, INSE, ISL, ISLE, JDF, JEF, JEFE, JEO, JEOE, KIM, KIME, KMM, KMME, KMP, KOM, KOME, MAD, MADE, MAK, MAKE, MAT, MATE, MET, METE, MIM, MIME, MTO, MTOE, MUT, MUZ, PEM, PEME, PET, PETE, SBP, SBPE, SES, TEB, TEK, TEKE, TEL, THO, UCK, UCKE, UZB, UZBE",,
11940,BEB 104,BEB,LS,Tenis Teknik ve Taktik Eğitim,,Pero Duygu Dumangöz,KORT,Perşembe,13:30/15:29,,12,11,,"BIO, BIOE, BLG, BLGE, CAB, CEV, CEVE, CHZ, CHZE, DEN, DENE, DUI, DUIE, ECNE, EHB, EHBE, ELE, ELH, ELK, ELKE, END, ENDE, EUT, EUTE, FIZ, FIZE, GEM, GEME, GEO, GEOE, GID, GIDE, GMI, GMIE, ICM, IML, IMLE, INS, INSE, ISL, ISLE, JDF, JEF, JEFE, JEO, JEOE, KIM, KIME, KMM, KMME, KMP, KOM, KOME, MAD, MADE, MAK, MAKE, MAT, MATE, MET, METE, MIM, MIME, MTO, MTOE, MUT, MUZ, PEM, PEME, PET, PETE, SBP, SBPE, SES, TEB, TEK, TEKE, TEL, THO, UCK, UCKE, UZB, UZBE",,
11941,BEB 104,BEB,LS,Tenis Teknik ve Taktik Eğitim,,Pero Duygu Dumangöz,KORT,Cuma,14:30/16:29,,12,12,,"BIO, BIOE, BLG, BLGE, CAB, CEV, CEVE, CHZ, CHZE, DEN, DENE, DUI, DUIE, ECNE, EHB, EHBE, ELE, ELH, ELK, ELKE, END, ENDE, EUT, EUTE, FIZ, FIZE, GEM, GEME, GEO, GEOE, GID, GIDE, GMI, GMIE, ICM, IML, IMLE, INS, INSE, ISL, ISLE, JDF, JEF, JEFE, JEO, JEOE, KIM, KIME, KMM, KMME, KMP, KOM, KOME, MAD, MADE, MAK, MAKE, MAT, MATE, MET, METE, MIM, MIME, MTO, MTOE, MUT, MUZ, PEM, PEME, PET, PETE, SBP, SBPE, SES, TEB, TEK, TEKE, TEL, THO, UCK, UCKE, UZB, UZBE",,
11942,BEB 105,BEB,LS,Futbol ve Temel Hareket Öğret.,,Yaşar Volkan Arıncı,STD,Salı,13:30/15:29,,25,22,,"BIO, BIOE, BLG, BLGE, CAB, CEV, CEVE, CHZ, CHZE, DEN, DENE, DUI, DUIE, ECNE, EHB, EHBE, ELE, ELH, ELK, ELKE, END, ENDE, EUT, EUTE, FIZ, FIZE, GEM, GEME, GEO, GEOE, GID, GIDE, GMI, GMIE, ICM, IML, IMLE, INS, INSE, ISL, ISLE, JDF, JEF, JEFE, JEO, JEOE, KIM, KIME, KMM, KMME, KMP, KOM, KOME, MAD, MADE, MAK, MAKE, MAT, MATE, MET, METE, MIM, MIME, MTO, MTOE, MUT, MUZ, PEM, PEME, PET, PETE, SBP, SBPE, SES, TEB, TEK, TEKE, TEL, THO, UCK, UCKE, UZB, UZBE",,
11943,BEB 105,BEB,LS,Futbol ve Temel Hareket Öğret.,,Yaşar Volkan Arıncı,STD,Cuma,14:30/16:29,,25,8,,"BIO, BIOE, BLG, BLGE, CAB, CEV, CEVE, CHZ, CHZE, DEN, DENE, DUI, DUIE, ECNE, EHB, EHBE, ELE, ELH, ELK, ELKE, END, ENDE, EUT, EUTE, FIZ, FIZE, GEM, GEME, GEO, GEOE, GID, GIDE, GMI, GMIE, ICM, IML, IMLE, INS, INSE, ISL, ISLE, JDF, JEF, JEFE, JEO, JEOE, KIM, KIME, KMM, KMME, KMP, KOM, KOME, MAD, MADE, MAK, MAKE, MAT, MATE, MET, METE, MIM, MIME, MTO, MTOE, MUT, MUZ, PEM, PEME, PET, PETE, SBP, SBPE, SES, TEB, TEK, TEKE, TEL, THO, UCK, UCKE, UZB, UZBE",,
11944,BEB 106,BEB,LS,Basketbol Temel Teknik Eğitimi,,Birgül Arslanoğlu,SLN-M,Pazartesi,08:30/10:29,,20,28,,"BIO, BIOE, BLG, BLGE, CAB, CEV, CEVE, CHZ, CHZE, DEN, DENE, DUI, DUIE, ECNE, EHB, EHBE, ELE, ELH, ELK, ELKE, END, ENDE, EUT, EUTE, FIZ, FIZE, GEM, GEME, GEO, GEOE, GID, GIDE, GMI, GMIE, ICM, IML, IMLE, INS, INSE, ISL, ISLE, JDF, JEF, JEFE, JEO, JEOE, KIM, KIME, KMM, KMME, KMP, KOM, KOME, MAD, MADE, MAK, MAKE, MAT, MATE, MET, METE, MIM, MIME, MTO, MTOE, MUT, MUZ, PEM, PEME, PET, PETE, SBP, SBPE, SES, TEB, TEK, TEKE, TEL, THO, UCK, UCKE, UZB, UZBE",,
11945,BEB 106,BEB,LS,Basketbol Temel Teknik Eğitimi,,Birgül Arslanoğlu,SLN-M,Pazartesi,10:30/12:29,,20,32,,"BIO, BIOE, BLG, BLGE, CAB, CEV, CEVE, CHZ, CHZE, DEN, DENE, DUI, DUIE, ECNE, EHB, EHBE, ELE, ELH, ELK, ELKE, END, ENDE, EUT, EUTE, FIZ, FIZE, GEM, GEME, GEO, GEOE, GID, GIDE, GMI, GMIE, ICM, IML, IMLE, INS, INSE, ISL, ISLE, JDF, JEF, JEFE, JEO, JEOE, KIM, KIME, KMM, KMME, KMP, KOM, KOME, MAD, MADE, MAK, MAKE, MAT, MATE, MET, METE, MIM, MIME, MTO, MTOE, MUT, MUZ, PEM, PEME, PET, PETE, SBP, SBPE, SES, TEB, TEK, TEKE, TEL, THO, UCK, UCKE, UZB, UZBE",,
11946,BEB 106,BEB,LS,Basketbol Temel Teknik Eğitimi,,--,SLN-M,Cuma,08:30/10:29,,0,0,,"BIO, BIOE, BLG, BLGE, CAB, CEV, CEVE, CHZ, CHZE, DEN, DENE, DUI, DUIE, ECNE, EHB, EHBE, ELE, ELH, ELK, ELKE, END, ENDE, EUT, EUTE, FIZ, FIZE, GEM, GEME, GEO, GEOE, GID, GIDE, GMI, GMIE, ICM, IML, IMLE, INS, INSE, ISL, ISLE, JDF, JEF, JEFE, JEO, JEOE, KIM, KIME, KMM, KMME, KMP, KOM, KOME, MAD, MADE, MAK, MAKE, MAT, MATE, MET, METE, MIM, MIME, MTO, MTOE, MUT, MUZ, PEM, PEME, PET, PETE, SBP, SBPE, SES, TEB, TEK, TEKE, TEL, THO, UCK, UCKE, UZB, UZBE",,
11947,BEB 106,BEB,LS,Basketbol Temel Teknik Eğitimi,,Birgül Arslanoğlu,SLN-M,Cuma,10:30/12:29,,20,8,,"BIO, BIOE, BLG, BLGE, CAB, CEV, CEVE, CHZ, CHZE, DEN, DENE, DUI, DUIE, ECNE, EHB, EHBE, ELE, ELH, ELK, ELKE, END, ENDE, EUT, EUTE, FIZ, FIZE, GEM, GEME, GEO, GEOE, GID, GIDE, GMI, GMIE, ICM, IML, IMLE, INS, INSE, ISL, ISLE, JDF, JEF, JEFE, JEO, JEOE, KIM, KIME, KMM, KMME, KMP, KOM, KOME, MAD, MADE, MAK, MAKE, MAT, MATE, MET, METE, MIM, MIME, MTO, MTOE, MUT, MUZ, PEM, PEME, PET, PETE, SBP, SBPE, SES, TEB, TEK, TEKE, TEL, THO, UCK, UCKE, UZB, UZBE",,
11948,BEB 110,BEB,LS,Hentbol Temel Beceri Eğitimi,,--,SLN-V,Çarşamba,13:30/15:29,,0,0,,"BIO, BIOE, BLG, BLGE, CAB, CEV, CEVE, CHZ, CHZE, DEN, DENE, DUI, DUIE, ECNE, EHB, EHBE, ELE, ELH, ELK, ELKE, END, ENDE, EUT, EUTE, FIZ, FIZE, GEM, GEME, GEO, GEOE, GID, GIDE, GMI, GMIE, ICM, IML, IMLE, INS, INSE, ISL, ISLE, JDF, JEF, JEFE, JEO, JEOE, KIM, KIME, KMM, KMME, KMP, KOM, KOME, MAD, MADE, MAK, MAKE, MAT, MATE, MET, METE, MIM, MIME, MTO, MTOE, MUT, MUZ, PEM, PEME, PET, PETE, SBP, SBPE, SES, TEB, TEK, TEKE, TEL, THO, UCK, UCKE, UZB, UZBE",,
11949,BEB 111,BEB,LS,Masa Tenisi Tem.Beceri Eğitimi,,Rıfat Akyol,SLN-M,Perşembe,13:30/15:29,,8,8,,"BIO, BIOE, BLG, BLGE, CAB, CEV, CEVE, CHZ, CHZE, DEN, DENE, DUI, DUIE, ECNE, EHB, EHBE, ELE, ELH, ELK, ELKE, END, ENDE, EUT, EUTE, FIZ, FIZE, GEM, GEME, GEO, GEOE, GID, GIDE, GMI, GMIE, ICM, IML, IMLE, INS, INSE, ISL, ISLE, JDF, JEF, JEFE, JEO, JEOE, KIM, KIME, KMM, KMME, KMP, KOM, KOME, MAD, MADE, MAK, MAKE, MAT, MATE, MET, METE, MIM, MIME, MTO, MTOE, MUT, MUZ, PEM, PEME, PET, PETE, SBP, SBPE, SES, TEB, TEK, TEKE, TEL, THO, UCK, UCKE, UZB, UZBE",,
11950,BEB 111,BEB,LS,Masa Tenisi Tem.Beceri Eğitimi,,Rıfat Akyol,SLN-G,Cuma,10:30/12:29,,8,11,,"BIO, BIOE, BLG, BLGE, CAB, CEV, CEVE, CHZ, CHZE, DEN, DENE, DUI, DUIE, ECNE, EHB, EHBE, ELE, ELH, ELK, ELKE, END, ENDE, EUT, EUTE, FIZ, FIZE, GEM, GEME, GEO, GEOE, GID, GIDE, GMI, GMIE, ICM, IML, IMLE, INS, INSE, ISL, ISLE, JDF, JEF, JEFE, JEO, JEOE, KIM, KIME, KMM, KMME, KMP, KOM, KOME, MAD, MADE, MAK, MAKE, MAT, MATE, MET, METE, MIM, MIME, MTO, MTOE, MUT, MUZ, PEM, PEME, PET, PETE, SBP, SBPE, SES, TEB, TEK, TEKE, TEL, THO, UCK, UCKE, UZB, UZBE",,
11951,BEB 111,BEB,LS,Masa Tenisi Tem.Beceri Eğitimi,,Rıfat Akyol,SLN-G,Cuma,14:30/16:29,,8,8,,"BIO, BIOE, BLG, BLGE, CAB, CEV, CEVE, CHZ, CHZE, DEN, DENE, DUI, DUIE, ECNE, EHB, EHBE, ELE, ELH, ELK, ELKE, END, ENDE, EUT, EUTE, FIZ, FIZE, GEM, GEME, GEO, GEOE, GID, GIDE, GMI, GMIE, ICM, IML, IMLE, INS, INSE, ISL, ISLE, JDF, JEF, JEFE, JEO, JEOE, KIM, KIME, KMM, KMME, KMP, KOM, KOME, MAD, MADE, MAK, MAKE, MAT, MATE, MET, METE, MIM, MIME, MTO, MTOE, MUT, MUZ, PEM, PEME, PET, PETE, SBP, SBPE, SES, TEB, TEK, TEKE, TEL, THO, UCK, UCKE, UZB, UZBE",,
11952,BEB 111,BEB,LS,Masa Tenisi Tem.Beceri Eğitimi,,Serra Ayşe Çakar,SLN-M,Perşembe,10:30/12:29,,12,12,,"BIO, BIOE, BLG, BLGE, CAB, CEV, CEVE, CHZ, CHZE, DEN, DENE, DUI, DUIE, ECNE, EHB, EHBE, ELE, ELH, ELK, ELKE, END, ENDE, EUT, EUTE, FIZ, FIZE, GEM, GEME, GEO, GEOE, GID, GIDE, GMI, GMIE, ICM, IML, IMLE, INS, INSE, ISL, ISLE, JDF, JEF, JEFE, JEO, JEOE, KIM, KIME, KMM, KMME, KMP, KOM, KOME, MAD, MADE, MAK, MAKE, MAT, MATE, MET, METE, MIM, MIME, MTO, MTOE, MUT, MUZ, PEM, PEME, PET, PETE, SBP, SBPE, SES, TEB, TEK, TEKE, TEL, THO, UCK, UCKE, UZB, UZBE",,
11953,BEB 111,BEB,LS,Masa Tenisi Tem.Beceri Eğitimi,,Serra Ayşe Çakar,SLN-M,Perşembe,13:30/15:29,,8,7,,"BIO, BIOE, BLG, BLGE, CAB, CEV, CEVE, CHZ, CHZE, DEN, DENE, DUI, DUIE, ECNE, EHB, EHBE, ELE, ELH, ELK, ELKE, END, ENDE, EUT, EUTE, FIZ, FIZE, GEM, GEME, GEO, GEOE, GID, GIDE, GMI, GMIE, ICM, IML, IMLE, INS, INSE, ISL, ISLE, JDF, JEF, JEFE, JEO, JEOE, KIM, KIME, KMM, KMME, KMP, KOM, KOME, MAD, MADE, MAK, MAKE, MAT, MATE, MET, METE, MIM, MIME, MTO, MTOE, MUT, MUZ, PEM, PEME, PET, PETE, SBP, SBPE, SES, TEB, TEK, TEKE, TEL, THO, UCK, UCKE, UZB, UZBE",,
11954,BEB 111,BEB,LS,Masa Tenisi Tem.Beceri Eğitimi,,Serra Ayşe Çakar,SLN-M,Perşembe,15:30/17:29,,12,12,,"BIO, BIOE, BLG, BLGE, CAB, CEV, CEVE, CHZ, CHZE, DEN, DENE, DUI, DUIE, ECNE, EHB, EHBE, ELE, ELH, ELK, ELKE, END, ENDE, EUT, EUTE, FIZ, FIZE, GEM, GEME, GEO, GEOE, GID, GIDE, GMI, GMIE, ICM, IML, IMLE, INS, INSE, ISL, ISLE, JDF, JEF, JEFE, JEO, JEOE, KIM, KIME, KMM, KMME, KMP, KOM, KOME, MAD, MADE, MAK, MAKE, MAT, MATE, MET, METE, MIM, MIME, MTO, MTOE, MUT, MUZ, PEM, PEME, PET, PETE, SBP, SBPE, SES, TEB, TEK, TEKE, TEL, THO, UCK, UCKE, UZB, UZBE",,
11955,BEB 111,BEB,LS,Masa Tenisi Tem.Beceri Eğitimi,,Serra Ayşe Çakar,SLN-G,Cuma,10:30/12:29,,8,10,,"BIO, BIOE, BLG, BLGE, CAB, CEV, CEVE, CHZ, CHZE, DEN, DENE, DUI, DUIE, ECNE, EHB, EHBE, ELE, ELH, ELK, ELKE, END, ENDE, EUT, EUTE, FIZ, FIZE, GEM, GEME, GEO, GEOE, GID, GIDE, GMI, GMIE, ICM, IML, IMLE, INS, INSE, ISL, ISLE, JDF, JEF, JEFE, JEO, JEOE, KIM, KIME, KMM, KMME, KMP, KOM, KOME, MAD, MADE, MAK, MAKE, MAT, MATE, MET, METE, MIM, MIME, MTO, MTOE, MUT, MUZ, PEM, PEME, PET, PETE, SBP, SBPE, SES, TEB, TEK, TEKE, TEL, THO, UCK, UCKE, UZB, UZBE",,
11956,BEB 111,BEB,LS,Masa Tenisi Tem.Beceri Eğitimi,,Serra Ayşe Çakar,SLN-G,Cuma,14:30/16:29,,8,8,,"BIO, BIOE, BLG, BLGE, CAB, CEV, CEVE, CHZ, CHZE, DEN, DENE, DUI, DUIE, ECNE, EHB, EHBE, ELE, ELH, ELK, ELKE, END, ENDE, EUT, EUTE, FIZ, FIZE, GEM, GEME, GEO, GEOE, GID, GIDE, GMI, GMIE, ICM, IML, IMLE, INS, INSE, ISL, ISLE, JDF, JEF, JEFE, JEO, JEOE, KIM, KIME, KMM, KMME, KMP, KOM, KOME, MAD, MADE, MAK, MAKE, MAT, MATE, MET, METE, MIM, MIME, MTO, MTOE, MUT, MUZ, PEM, PEME, PET, PETE, SBP, SBPE, SES, TEB, TEK, TEKE, TEL, THO, UCK, UCKE, UZB, UZBE",,
11957,BEB 114,BEB,LS,Futsal Temel Beceri Eğitim,,Murat Bilgin,SLN-V,Pazartesi,13:30/15:29,,20,17,,"BIO, BIOE, BLG, BLGE, CAB, CEV, CEVE, CHZ, CHZE, DEN, DENE, DUI, DUIE, ECNE, EHB, EHBE, ELE, ELH, ELK, ELKE, END, ENDE, EUT, EUTE, FIZ, FIZE, GEM, GEME, GEO, GEOE, GID, GIDE, GMI, GMIE, ICM, IML, IMLE, INS, INSE, ISL, ISLE, JDF, JEF, JEFE, JEO, JEOE, KIM, KIME, KMM, KMME, KMP, KOM, KOME, MAD, MADE, MAK, MAKE, MAT, MATE, MET, METE, MIM, MIME, MTO, MTOE, MUT, MUZ, PEM, PEME, PET, PETE, SBP, SBPE, SES, TEB, TEK, TEKE, TEL, THO, UCK, UCKE, UZB, UZBE",,
11958,BEB 114,BEB,LS,Futsal Temel Beceri Eğitim,,Murat Bilgin,SLN-V,Perşembe,15:30/17:29,,20,10,,"BIO, BIOE, BLG, BLGE, CAB, CEV, CEVE, CHZ, CHZE, DEN, DENE, DUI, DUIE, ECNE, EHB, EHBE, ELE, ELH, ELK, ELKE, END, ENDE, EUT, EUTE, FIZ, FIZE, GEM, GEME, GEO, GEOE, GID, GIDE, GMI, GMIE, ICM, IML, IMLE, INS, INSE, ISL, ISLE, JDF, JEF, JEFE, JEO, JEOE, KIM, KIME, KMM, KMME, KMP, KOM, KOME, MAD, MADE, MAK, MAKE, MAT, MATE, MET, METE, MIM, MIME, MTO, MTOE, MUT, MUZ, PEM, PEME, PET, PETE, SBP, SBPE, SES, TEB, TEK, TEKE, TEL, THO, UCK, UCKE, UZB, UZBE",,
11959,BEB 115,BEB,LS,Atletizm Temel Eğitimi,,Damla Ercan,STD,Pazartesi,10:30/12:29,,20,32,,"BIO, BIOE, BLG, BLGE, CAB, CEV, CEVE, CHZ, CHZE, DEN, DENE, DUI, DUIE, ECNE, EHB, EHBE, ELE, ELH, ELK, ELKE, END, ENDE, EUT, EUTE, FIZ, FIZE, GEM, GEME, GEO, GEOE, GID, GIDE, GMI, GMIE, ICM, IML, IMLE, INS, INSE, ISL, ISLE, JDF, JEF, JEFE, JEO, JEOE, KIM, KIME, KMM, KMME, KMP, KOM, KOME, MAD, MADE, MAK, MAKE, MAT, MATE, MET, METE, MIM, MIME, MTO, MTOE, MUT, MUZ, PEM, PEME, PET, PETE, SBP, SBPE, SES, TEB, TEK, TEKE, TEL, THO, UCK, UCKE, UZB, UZBE",,
11960,BEB 115,BEB,LS,Atletizm Temel Eğitimi,,Damla Ercan,STD,Pazartesi,13:30/15:29,,20,24,,"BIO, BIOE, BLG, BLGE, CAB, CEV, CEVE, CHZ, CHZE, DEN, DENE, DUI, DUIE, ECNE, EHB, EHBE, ELE, ELH, ELK, ELKE, END, ENDE, EUT, EUTE, FIZ, FIZE, GEM, GEME, GEO, GEOE, GID, GIDE, GMI, GMIE, ICM, IML, IMLE, INS, INSE, ISL, ISLE, JDF, JEF, JEFE, JEO, JEOE, KIM, KIME, KMM, KMME, KMP, KOM, KOME, MAD, MADE, MAK, MAKE, MAT, MATE, MET, METE, MIM, MIME, MTO, MTOE, MUT, MUZ, PEM, PEME, PET, PETE, SBP, SBPE, SES, TEB, TEK, TEKE, TEL, THO, UCK, UCKE, UZB, UZBE",,
11961,BEB 115,BEB,LS,Atletizm Temel Eğitimi,,Damla Ercan,STD,Cuma,14:30/16:29,,20,15,,"BIO, BIOE, BLG, BLGE, CAB, CEV, CEVE, CHZ, CHZE, DEN, DENE, DUI, DUIE, ECNE, EHB, EHBE, ELE, ELH, ELK, ELKE, END, ENDE, EUT, EUTE, FIZ, FIZE, GEM, GEME, GEO, GEOE, GID, GIDE, GMI, GMIE, ICM, IML, IMLE, INS, INSE, ISL, ISLE, JDF, JEF, JEFE, JEO, JEOE, KIM, KIME, KMM, KMME, KMP, KOM, KOME, MAD, MADE, MAK, MAKE, MAT, MATE, MET, METE, MIM, MIME, MTO, MTOE, MUT, MUZ, PEM, PEME, PET, PETE, SBP, SBPE, SES, TEB, TEK, TEKE, TEL, THO, UCK, UCKE, UZB, UZBE",,
11962,INS 312,INS,LS,Yapı Statiği II,,Mecit Çelik,INB | INB,Salı | Çarşamba,08:30/10:29 | 08:30/10:29,,50,54,,INS,,
11963,BEB 116,BEB,LS,Badminton Temel Beceri Eğitimi,,Murat Bilgin,SLN-M,Perşembe,08:30/10:29,,12,13,,"BIO, BIOE, BLG, BLGE, CAB, CEV, CEVE, CHZ, CHZE, DEN, DENE, DUI, DUIE, ECNE, EHB, EHBE, ELE, ELH, ELK, ELKE, END, ENDE, EUT, EUTE, FIZ, FIZE, GEM, GEME, GEO, GEOE, GID, GIDE, GMI, GMIE, ICM, IML, IMLE, INS, INSE, ISL, ISLE, JDF, JEF, JEFE, JEO, JEOE, KIM, KIME, KMM, KMME, KMP, KOM, KOME, MAD, MADE, MAK, MAKE, MAT, MATE, MET, METE, MIM, MIME, MTO, MTOE, MUT, MUZ, PEM, PEME, PET, PETE, SBP, SBPE, SES, TEB, TEK, TEKE, TEL, THO, UCK, UCKE, UZB, UZBE",,
11964,BEB 116,BEB,LS,Badminton Temel Beceri Eğitimi,,Murat Bilgin,SLN-V,Pazartesi,15:30/17:29,,12,18,,"BIO, BIOE, BLG, BLGE, CAB, CEV, CEVE, CHZ, CHZE, DEN, DENE, DUI, DUIE, ECNE, EHB, EHBE, ELE, ELH, ELK, ELKE, END, ENDE, EUT, EUTE, FIZ, FIZE, GEM, GEME, GEO, GEOE, GID, GIDE, GMI, GMIE, ICM, IML, IMLE, INS, INSE, ISL, ISLE, JDF, JEF, JEFE, JEO, JEOE, KIM, KIME, KMM, KMME, KMP, KOM, KOME, MAD, MADE, MAK, MAKE, MAT, MATE, MET, METE, MIM, MIME, MTO, MTOE, MUT, MUZ, PEM, PEME, PET, PETE, SBP, SBPE, SES, TEB, TEK, TEKE, TEL, THO, UCK, UCKE, UZB, UZBE",,
11965,BEB 116,BEB,LS,Badminton Temel Beceri Eğitimi,,Murat Bilgin,SLN-M,Cuma,08:30/10:29,,12,3,,"BIO, BIOE, BLG, BLGE, CAB, CEV, CEVE, CHZ, CHZE, DEN, DENE, DUI, DUIE, ECNE, EHB, EHBE, ELE, ELH, ELK, ELKE, END, ENDE, EUT, EUTE, FIZ, FIZE, GEM, GEME, GEO, GEOE, GID, GIDE, GMI, GMIE, ICM, IML, IMLE, INS, INSE, ISL, ISLE, JDF, JEF, JEFE, JEO, JEOE, KIM, KIME, KMM, KMME, KMP, KOM, KOME, MAD, MADE, MAK, MAKE, MAT, MATE, MET, METE, MIM, MIME, MTO, MTOE, MUT, MUZ, PEM, PEME, PET, PETE, SBP, SBPE, SES, TEB, TEK, TEKE, TEL, THO, UCK, UCKE, UZB, UZBE",,
11966,BEB 118,BEB,LS,Genel Kond.ve Vücut Geliştirme,,Serra Ayşe Çakar,SYM,Pazartesi,08:30/10:29,,15,28,,"BIO, BIOE, BLG, BLGE, CAB, CEV, CEVE, CHZ, CHZE, DEN, DENE, DUI, DUIE, ECNE, EHB, EHBE, ELE, ELH, ELK, ELKE, END, ENDE, EUT, EUTE, FIZ, FIZE, GEM, GEME, GEO, GEOE, GID, GIDE, GMI, GMIE, ICM, IML, IMLE, INS, INSE, ISL, ISLE, JDF, JEF, JEFE, JEO, JEOE, KIM, KIME, KMM, KMME, KMP, KOM, KOME, MAD, MADE, MAK, MAKE, MAT, MATE, MET, METE, MIM, MIME, MTO, MTOE, MUT, MUZ, PEM, PEME, PET, PETE, SBP, SBPE, SES, TEB, TEK, TEKE, TEL, THO, UCK, UCKE, UZB, UZBE",,
11967,BEB 118,BEB,LS,Genel Kond.ve Vücut Geliştirme,,Serra Ayşe Çakar,SYM,Salı,08:30/10:29,,15,12,,"BIO, BIOE, BLG, BLGE, CAB, CEV, CEVE, CHZ, CHZE, DEN, DENE, DUI, DUIE, ECNE, EHB, EHBE, ELE, ELH, ELK, ELKE, END, ENDE, EUT, EUTE, FIZ, FIZE, GEM, GEME, GEO, GEOE, GID, GIDE, GMI, GMIE, ICM, IML, IMLE, INS, INSE, ISL, ISLE, JDF, JEF, JEFE, JEO, JEOE, KIM, KIME, KMM, KMME, KMP, KOM, KOME, MAD, MADE, MAK, MAKE, MAT, MATE, MET, METE, MIM, MIME, MTO, MTOE, MUT, MUZ, PEM, PEME, PET, PETE, SBP, SBPE, SES, TEB, TEK, TEKE, TEL, THO, UCK, UCKE, UZB, UZBE",,
11968,BEB 120,BEB,LS,Spor ve Temel Bilimler,,--,RSLN-M,Pazartesi,13:30/16:29,,0,0,,"BIO, BLG, CAB, CEV, CHZ, DEN, DUI, EHB, ELE, ELH, ELK, END, EUT, FIZ, GEM, GEO, GID, GMI, ICM, IML, INS, ISL, JDF, JEF, JEO, KIM, KMM, KMP, KOM, MAD, MAK, MAT, MET, MIM, MTO, MTR, MUT, MUZ, PEM, PET, SBP, SES, TEB, TEK, TEL, THO, UCK, UZB",,
11969,BEB 121,BEB,LS,Spor ve Teknoloji,,Birgül Arslanoğlu,RSLN-M,Perşembe,09:30/12:29,,20,11,,"BIO, BLG, CAB, CEV, CHZ, DEN, DUI, EHB, ELE, ELH, ELK, END, EUT, FIZ, GEM, GEO, GID, GMI, ICM, IML, INS, ISL, JDF, JEF, JEO, KIM, KMM, KMP, KOM, MAD, MAK, MAT, MET, MIM, MTO, MTR, MUT, MUZ, PEM, PET, SBP, SES, TEB, TEK, TEL, THO, UCK, UZB",,
11970,INS 312E,INS,LS,Theory of Structures II,,Barış Erkuş,INB | INB,Salı | Çarşamba,08:30/10:29 | 08:30/10:29,,50,53,,"INS, INSE",,
11971,INS 312E,INS,LS,Theory of Structures II,,Nilay Çelik Muhtaroğlu,INB | INB,Salı | Cuma,13:30/15:29 | 10:30/12:29,,40,31,,"INS, INSE",,
11972,INS 323,INS,LS,Yapı Statiği I,,Ercan Yüksel,INB | INB,Salı | Perşembe,08:30/10:29 | 13:30/15:29,,41,40,,INS,,
11973,INS 323,INS,LS,Yapı Statiği I,,Konuralp Girgin,INB | INB,Salı | Çarşamba,10:30/12:29 | 08:30/10:29,,41,42,,INS,,
11974,INS 323,INS,LS,Yapı Statiği I,,Yavuz Durgun,INB | INB,Salı | Cuma,13:30/15:29 | 08:30/10:29,,41,44,,INS,,
11975,INS 323,INS,LS,Yapı Statiği I,,Mehmet Günhan Aksoylu,INB | INB,Salı | Cuma,13:30/15:29 | 08:30/10:29,,41,42,,INS,,
11976,INS 323E,INS,LS,Theory of Structures I,,Burcu Güneş,INB | INB,Salı | Perşembe,08:30/10:29 | 13:30/15:29,,40,42,,"INS, INSE",,
11977,INS 323E,INS,LS,Theory of Structures I,,Ülkü Hülya Çalık Karaköse,INB | INB,Salı | Çarşamba,10:30/12:29 | 08:30/10:29,,40,40,,"INS, INSE",,
11978,INS 331,INS,LS,Zemin Mekaniği I,,Musaffa Ayşen Lav,INB | INB | INB,Pazartesi | Salı | Çarşamba,10:30/11:29 | 13:30/15:29 | 08:30/10:29,,45,46,,INS,,
11979,INS 331,INS,LS,Zemin Mekaniği I,,Berrak Teymür,INB | INB | INB,Pazartesi | Salı | Perşembe,08:30/09:29 | 08:30/10:29 | 08:30/10:29,,45,46,,INS,,
11980,INS 331,INS,LS,Zemin Mekaniği I,,Mustafa Hatipoğlu,INB | INB | INB,Pazartesi | Çarşamba | Perşembe,11:30/12:29 | 10:30/12:29 | 13:30/15:29,,50,53,,INS,,
11981,INS 331,INS,LS,Zemin Mekaniği I,,Recep İyisan,INB | INB | INB,Pazartesi | Çarşamba | Perşembe,11:30/12:29 | 10:30/12:29 | 13:30/15:29,,50,54,,INS,,
11982,INS 331E,INS,LS,Soil Mechanics I,,Esra Ece Bayat,INB | INB | INB,Pazartesi | Salı | Çarşamba,10:30/11:29 | 13:30/15:29 | 08:30/10:29,,45,38,,"INS, INSE",,
11983,INS 331E,INS,LS,Soil Mechanics I,,Aykut Şenol,INB | INB | INB,Pazartesi | Salı | Perşembe,08:30/09:29 | 08:30/10:29 | 08:30/10:29,,45,41,,"INS, INSE",,
11984,INS 427,INS,LS,Yapı Statiği III,,"Ercan Yüksel, Konuralp Girgin",INB | INB,Pazartesi | Perşembe,15:30/17:29 | 11:30/12:29,,30,17,,INS,,
11986,EHB 231E,EHB,LS,Electronics I,,Nil Banu Tarım,EEB,Salı,12:30/15:29,,61,64,,"EHB, EHBE, ELE",,
11987,BLG 101E,BLG,LS,Intr. to Information Systems,,Mehmet Tahir Sandıkkaya,KMB | EEB,Pazartesi | Pazartesi,09:30/10:29 | 10:30/12:29,,60,103,,"BLG, BLGE",,
11988,BLG 101E,BLG,LS,Intr. to Information Systems,,Hayri Turgut Uyar,KMB | KMB,Pazartesi | Pazartesi,08:30/09:29 | 09:30/11:29,,60,84,,"BLG, BLGE",,
11989,END 113,END,LS,Endüstri Müh. Giriş ve Etik,,Seçkin Polat,EEB,Çarşamba,13:30/15:29,,70,75,,END,,
11990,END 113,END,LS,Endüstri Müh. Giriş ve Etik,,Seçkin Polat,EEB,Çarşamba,10:30/12:29,,70,74,,END,,
11991,BLG 113E,BLG,LS,Intr.toComp.Eng.and Ethics,,Gökhan Seçinti,FEB,Çarşamba,13:30/15:29,,175,233,,"BLG, BLGE",,
11992,END 211,END,LS,Sistem Düşüncesi ve Analizi,,Cafer Erhan Bozdağ,EEB,Çarşamba,12:30/15:29,,75,81,,END,,
11993,END 211,END,LS,Sistem Düşüncesi ve Analizi,,Cafer Erhan Bozdağ,FEB,Salı,14:30/17:29,,75,49,,END,,
11994,END 213E,END,LS,Data Manag.in Industrial Syst.,,Başar Öztayşi,FEB,Salı,11:30/14:29,,125,130,,"END, ENDE, ISL, ISLE",,
11995,BLG 212E,BLG,LS,Microprocessor Systems,,Burak Berk Üstündağ,EEB,Salı,13:30/16:29,,70,63,,"EHB, EHBE, ELE, ELH, ELK, ELKE",,
11996,END 213E,END,LS,Data Manag.in Industrial Syst.,,Başar Öztayşi,MED,Salı,08:30/11:29,,125,107,,"END, ENDE, ISL, ISLE",,
11997,EHB 110E,EHB,LS,Intr to Sci&Eng; Comp (C),,Yaşar Erenler,EEB | EEB,Pazartesi | Pazartesi,13:30/15:29 | 15:30/17:29,,60,58,,"EHB, EHBE, ELE, TEL",,
11998,END 252E,END,LS,Theory of Probability,,Kutay Tinç,FEB,Perşembe,08:30/11:29,,130,93,,"END, ENDE",,
11999,END 252E,END,LS,Theory of Probability,,Kutay Tinç,FEB,Perşembe,11:30/14:29,,130,129,,"END, ENDE",,
12000,END 305E,END,LS,Data Analytics for Business,,Ömer Faruk Beyca,EEB,Perşembe,08:30/11:29,,83,56,,"END, ENDE",,
12001,END 305E,END,LS,Data Analytics for Business,,Nizamettin Bayyurt,FEB,Perşembe,11:30/14:29,,80,68,,"END, ENDE",,
12004,BLG 212E,BLG,LS,Microprocessor Systems,,Gökhan İnce,MDB,Pazartesi,08:30/11:29,,110,109,,"BLG, BLGE",,
12005,BLG 212E,BLG,LS,Microprocessor Systems,,Ayşe Yılmazer,MDB,Pazartesi,08:30/11:29,,110,80,,"BLG, BLGE",,
12006,BLG 231E,BLG,LS,Digital Circuits,,Mustafa Ersel Kamaşak,EEB,Cuma,08:30/11:29,,70,76,,"BLG, BLGE",,
12007,END 332E,END,LS,Operations Research II,,Özgür Kabak,MDB,Pazartesi,11:30/14:29,,120,53,,"END, ENDE",,
12008,BLG 231E,BLG,LS,Digital Circuits,,Sanem Kabadayı,EEB,Cuma,08:30/11:29,,70,73,,"BLG, BLGE",,
12009,END 332E,END,LS,Operations Research II,,Yusuf İlker Topcu,EEB,Pazartesi,14:30/17:29,,120,110,,"END, ENDE",,
12010,BLG 231E,BLG,LS,Digital Circuits,,Feza Buzluca,EEB,Cuma,08:30/11:29,,70,75,,"BLG, BLGE",,
12011,END 411,END,LS,Bütünleşik Üretim Sistemleri,,Mehmet Bülent Durmuşoğlu,MDB,Çarşamba,13:30/15:29,,130,117,,END,,
12012,BLG 223E,BLG,LS,Data Structures,,Gülşen Eryiğit,EEB | EEB,Salı | Çarşamba,08:30/11:29 | 11:30/12:29,,95,106,,"BLG, BLGE",,
12013,END 421,END,LS,Üretim Planlama ve Kontrol,,Murat Baskak,GDB,Perşembe,08:30/11:29,,92,91,,END,,
12014,END 421E,END,LS,Production Planning&Control;,,Şule Itır Satoğlu,KMB,Salı,13:30/16:29,,85,85,,"END, ENDE, KOM, KOME",,
12015,END 431,END,LS,Yönetim ve Organizasyon,,Cahit Ali Bayraktar,KMB,Çarşamba,09:30/12:29,,70,66,,END,,
12016,END 431,END,LS,Yönetim ve Organizasyon,,Seçkin Polat,MDB,Salı,13:30/16:29,,65,57,,END,,
12017,BLG 223E,BLG,LS,Data Structures,,Hatice Köse,EEB | EEB,Salı | Çarşamba,08:30/11:29 | 11:30/12:29,,95,104,,"BLG, BLGE",,
12019,BLG 252E,BLG,LS,Object Oriented Programming,,Yaşar Erenler,EEB,Pazartesi,09:30/12:29,,50,53,,"EHB, EHBE, KOM, KOME, TEL",,
12021,END 319E,END,LS,Cost Management,,Vehbi Tufan Koç,EEB,Perşembe,11:30/14:29,,40,36,,"END, ENDE, IML",,
12022,BLG 335E,BLG,LS,Analysis of Algorithms I,,Hazım Kemal Ekenel,MED,Salı,08:30/11:29,,110,112,,"BLG, BLGE",,
12023,END 327E,END,LS,Decision Theory,,Ramazan Evren,KMB,Çarşamba,09:30/12:29,,40,18,,"END, ENDE",,
12024,END 329E,END,LS,Quality Management T..,,Şeyda Serdar Asan,FEB,Salı,14:30/17:29,,40,25,,"END, ENDE, FIZ, FIZE",,
12025,END 337E,END,LS,Intr. to Operations Research,,İrem Uçal Sarı,EEB,Çarşamba,11:30/14:29,,60,30,,"IMLE, MAT, MATE, PET",,
12026,END 345,END,LS,Yönetim Düşüncesinin Evrimi,,Cahit Ali Bayraktar,DEP,Salı,14:30/17:29,,40,9,,END,,
12027,END 357E,END,LS,Managment Information Systems,,Ufuk Cebeci,MED,Pazartesi,14:30/17:29,,50,45,,"END, ENDE",,
12028,END 367E,END,LS,Automation in Production Syst.,,Esra Baş,MED,Pazartesi,11:30/14:29,,140,150,,"END, ENDE",,
12029,END 369E,END,LS,Game Theory,,Kutay Tinç,EEB,Cuma,14:00/16:59,,50,69,,"END, ENDE",,
12030,END 429,END,LS,Süreç Yönetimi,,Cemil Ceylan,FEB,Perşembe,11:30/14:29,,50,35,,END,,
12031,END 445E,END,LS,Lean Production Systems,,Şule Itır Satoğlu,MED,Perşembe,14:30/17:29,,60,63,,"END, ENDE, IML, IMLE, KOM, KOME",,
12032,END 448E,END,LS,Intr. to Stochastic Modell.,,Emine Yaylalı,UUB,Çarşamba,09:30/12:29,,60,36,,"ECNE, END, ENDE, ISL, ISLE",,
12033,ING 103H,ING,LS,Public Presentations,,Pelin Gökalp Yılmazer,MED,Salı,13:30/16:29,,25,17,,"BIO, BIOE, BLG, BLGE, CEV, CEVE, CHZ, CHZE, DEN, DENE, DUIE, ECNE, EHB, EHBE, EHN, ELE, ELH, ELK, ELKE, END, ENDE, EUT, EUTE, FIZ, FIZE, GEM, GEME, GEMK, GEO, GEOE, GID, GIDE, GMIE, ICM, IML, IMLE, INS, INSE, ISL, ISLE, JDF, JEF, JEFE, JEO, JEOE, KIM, KIME, KMM, KMME, KOM, KOME, MAD, MADE, MAK, MAKE, MAT, MATE, MET, METE, MIM, MIME, MTO, MTOE, PEM, PEME, PET, PETE, SBP, SBPE, SEH, TEK, TEKE, TEL, UCK, UCKE, UZB, UZBE",,
12034,BLG 335E,BLG,LS,Analysis of Algorithms I,,Islem Rekik,EEB,Perşembe,08:30/11:29,,110,116,,"BLG, BLGE",,
12036,BLG 337E,BLG,LS,Principles of Computer Comm.,,Berk Canberk,EEB,Salı,13:30/16:29,,70,89,,"BLG, BLGE",,
12037,BLG 351E,BLG,LS,Microcomputer Lab.,,Gökhan Seçinti,EEB,Cuma,15:30/17:29,,60,62,,"BLG, BLGE",,
12038,BLG 351E,BLG,LS,Microcomputer Lab.,,Gökhan İnce,EEB,Çarşamba,13:30/15:29,,60,67,,"BLG, BLGE",,
12039,BLG 351E,BLG,LS,Microcomputer Lab.,,Yusuf Yaslan,MDB,Pazartesi,13:30/15:29,,60,66,,"BLG, BLGE",,
12040,BLG 317E,BLG,LS,Database Systems,,Hayri Turgut Uyar,EEB,Çarşamba,08:30/11:29,,110,119,,"BLG, BLGE",,
12041,BLG 317E,BLG,LS,Database Systems,,Şule Öğüdücü,EEB,Çarşamba,08:30/11:29,,110,118,,"BLG, BLGE",,
12042,BLG 368E,BLG,LS,Operations Research,,Yakup Görkem Gökmen,EEB,Perşembe,13:30/16:29,,50,68,,"BLG, BLGE",,
12043,END 453E,END,LS,Indus.4.0 & Digital Transform.,,"Alp Üstündağ, Ali Fuat Ergenç",EEB,Çarşamba,09:30/12:29,,40,39,,"END, ENDE, ISL, ISLE, KOM, KOME",,
12044,END 457E,END,LS,Heuristic Optimization,,Seda Yanık,INB,Perşembe,14:30/17:29,,40,15,,"END, ENDE",,
12045,END 471E,END,LS,Marketing & CRM Analytics,,Umut Asan,FEB,Cuma,09:30/12:29,,50,53,,"END, ENDE",,
12046,END 493E,END,LS,Applied Statistics,,Erkan Işıklı,GDB,Salı,14:30/17:29,,40,10,,"END, ENDE",,
12047,END 449,END,LS,End. Müh. Uyg. Seminer Dersi,,Ayberk Soyer,MED,Pazartesi,14:30/17:29,,200,94,,"END, ENDE",,
12048,END 312E,END,LS,Engineering Economics,,İrem Uçal Sarı,MED,Pazartesi,11:30/14:29,,110,97,,"END, ENDE",,
12049,BLG 411E,BLG,LS,Software Engineering,,Ahmet Cüneyd Tantuğ,KMB,Salı,13:30/16:29,,100,101,,"BLG, BLGE",,
12050,END 441,END,LS,Endüstri Mühendisliği Projesi,,Alp Üstündağ,---,,/,,500,92,,END,,
12051,END 492,END,LS,Bitirme Çalışması,,Alp Üstündağ,---,,/,,500,37,,END,,
12052,BLG 411E,BLG,LS,Software Engineering,,Ayşe Tosun,MDB,Salı,13:30/16:29,,100,99,,"BLG, BLGE",,
12053,BIL 110E,BIL,LS,Intr. to Prog. Language (C),,Ayşe Elvan Bayraktaroğlu,INB,Pazartesi,08:30/11:29,,65,95,,"END, ENDE",,
12054,BLG 413E,BLG,LS,System Programming,,Gökhan Seçinti,EEB,Salı,08:30/11:29,,100,101,,"BLG, BLGE",,
12055,BIL 110E,BIL,LS,Intr. to Prog. Language (C),,Ayşe Elvan Bayraktaroğlu,INB,Salı,08:30/11:29,,70,92,,"END, ENDE",,
12056,BLG 413E,BLG,LS,System Programming,,Hayri Turgut Uyar,UUB,Salı,08:30/11:29,,100,74,,"BLG, BLGE",,
12057,BIL 110E,BIL,LS,Intr. to Prog. Language (C),,Ayşe Elvan Bayraktaroğlu,INB,Salı,11:30/14:29,,60,84,,"END, ENDE",,
12058,BLG 433E,BLG,LS,Computer Communications,,Sema Fatma Oktuğ,EEB,Çarşamba,08:30/10:29,,60,61,,"BLG, BLGE",,
12059,MTH 113,MTH,LS,Probability,,Kutay Tinç,ISB,Perşembe,14:30/17:29,,30,26,,SEN,,
12060,SEN 301,SEN,LS,Operations Research I,,Yusuf İlker Topcu,ISB,Salı,09:30/12:29,,30,26,,SEN,,
12061,SEN 303,SEN,LS,Ergonomics,,Fethi Çalışır,ISB,Çarşamba,09:30/12:29,,30,26,,SEN,,
12062,SEN 305,SEN,LS,Engineering Economy,,Cengiz Kahraman,ISB,Pazartesi,13:30/16:29,,30,26,,SEN,,
12063,SEN 317,SEN,LS,Intr.to Inform.Processimg Syst,,Başar Öztayşi,ISB,Perşembe,09:30/11:29,,30,24,,SEN,,
12064,SEN 325,SEN,LS,Supply Chain Management,,Şeyda Serdar Asan,ISB,Perşembe,12:30/14:29,,25,24,,SEN,,
12065,SEN 101,SEN,LS,Intr.to Industrial Engineering,,İrem Uçal Sarı,ISB,Cuma,09:30/12:29,,20,7,,SEN,,
12066,SEN 315,SEN,LS,Manufacturing Processes,,Emre Çevikcan,ISB,Çarşamba,12:30/15:29,,30,26,,SEN,,
12067,SEN 342,SEN,LS,Knowledge and Innovation Syst.,,Seda Yanık,ISB,Cuma,14:00/16:59,,20,1,,SEN,,
12068,SEN 339,SEN,LS,Project Management Systems,,Şule Itır Satoğlu,ISB,Cuma,09:00/11:59,,25,24,,SEN,,
12069,BIL 100E,BIL,LS,Intr.to Prog.Language(PYTHON),,Ömer Faruk Beyca,MED,Cuma,14:00/16:59,,20,7,,SEN,,
12070,BLG 435E,BLG,LS,Artificial Intelligence,,Ayşe Yılmazer,EEB,Çarşamba,13:30/15:29,,60,75,,"BLG, BLGE",,
12071,BLG 439E,BLG,LS,Computer Project I,,"Burak Berk Üstündağ, Deniz Turgay Altılar",EEB,Pazartesi,13:30/16:29,,70,58,,"BLG, BLGE",,
12072,BLG 447,BLG,LS,Derleyici Tasarımı,,Takuhi Nadia Erdoğan,EEB,Çarşamba,10:30/12:29,,50,26,,BLG,,
12073,BLG 450E,BLG,LS,Real-Time Systems Software,,Deniz Turgay Altılar,KMB,Pazartesi,09:30/11:29,,100,21,,"BLG, BLGE",,
12074,BLG 453E,BLG,LS,Computer Vision,,Gözde Ünal,UUB,Pazartesi,09:30/11:29,,50,58,,"BLG, BLGE",,
12075,BLG 456E,BLG,LS,Robotics,,Hatice Köse,EEB,Cuma,09:30/11:29,,70,84,,"BLG, BLGE",,
12076,BLG 459E,BLG,LS,Computer Security,,Şerif Bahtiyar,EEB,Çarşamba,10:30/12:29,,70,78,,"BLG, BLGE",,
12077,MAT 281E,MAT,LS,Linear Algebra and Applicat.,,Şerif Bahtiyar,EEB,Salı,13:30/16:29,,90,93,,"BLG, BLGE",,
12078,BLG 492,BLG,LS,Bitirme Çalışması,,Gökhan Seçinti,EEB,,/,,500,29,,BLG,,
12079,BLG 492E,BLG,LS,Graduation Project,,Gökhan Seçinti,EEB,,/,,500,43,,"BLG, BLGE",,
12080,MAT 281E,MAT,LS,Linear Algebra and Applicat.,,Yusuf Yaslan,GDB,Salı,13:30/16:29,,90,98,,"BLG, BLGE",,
12081,MAT 271E,MAT,LS,Probability and Statistics,,Uluğ Bayazıt,EEB,Perşembe,13:30/16:29,,85,84,,"BIO, BIOE, BLG, BLGE, CEV, CEVE, CHZ, CHZE, DEN, DENE, EHB, EHBE, EHN, ELE, ELH, ELK, ELKE, EUT, EUTE, FIZ, FIZE, GEM, GEME, GEMK, GEO, GEOE, GID, GIDE, IML, IMLE, INS, INSE, JEF, JEFE, JEO, JEOE, KMM, KMME, KOM, KOME, KON, KONE, MAD, MADE, MAK, MAKE, MET, METE, MTO, MTOE, PET, PETE, SBP, SBPE, SEH, TEK, TEKE, TEL, UCK, UCKE, UZB, UZBE",,
12082,HUK 203E,HUK,LS,IT Law,,Çiçek Ersoy Kekevi,EEB,Cuma,13:30/15:29,,200,153,,"BLG, BLGE",,
12084,RES 107,RES,LS,Teknik Resim,,Yusuf Ziya Kocabal,MKB,Perşembe,14:30/17:29,,60,55,,"END, GID, ISL, KMM",,
12085,SEN 321,SEN,LS,Business Law,,--,ISB,Perşembe,09:30/11:29,,0,0,,SEN,,
12089,END 211E,END,LS,System Thinking & Analysis,,Çiğdem Kadaifçi,MED,Pazartesi,14:30/17:29,,110,119,,"END, ENDE, PETE",,
12091,END 305E,END,LS,Data Analytics for Business,,Nizamettin Bayyurt,FEB,Cuma,09:30/12:29,,80,56,,"END, ENDE",,
12092,END 411E,END,LS,Integrated Manufacturing Syst,,Emre Çevikcan,INB,Pazartesi,09:30/11:29,,81,92,,"END, ENDE, KOM, KOME",,
12093,END 431E,END,LS,Management and Organization,,Gaye Karaçay Aydın,EEB,Perşembe,08:30/11:29,,80,67,,"END, ENDE",,
12094,END 421E,END,LS,Production Planning&Control;,,Emine Yaylalı,FEB,Salı,13:30/16:29,,81,45,,"END, ENDE, KOM, KOME",,
12097,END 441E,END,LS,Industrial Engineering Project,,Alp Üstündağ,---,,/,,500,40,,ENDE,,
12098,END 492E,END,LS,Graduation Thesis,,Alp Üstündağ,---,,/,,500,29,,"END, ENDE",,
12099,RES 107E,RES,LS,Technical Drawing,,Murat Durucu,ISB,Cuma,09:30/12:29,,80,81,,"END, ENDE",,
12100,ECN 101E,ECN,LS,Principles of Microeconomics,,Christopher Michael Hannum,MEDB,Perşembe,13:30/17:29,,70,77,,"ECNE, ECNM",,
12101,ECN 104E,ECN,LS,Markets and Ethics,,Resul Aydemir,MDB,Çarşamba,10:30/12:29,,70,93,,ECNE,,
12103,ECN 203E,ECN,LS,Introduction to Law,,Çiçek Ersoy Kekevi,FEB,Çarşamba,09:30/12:29,,70,71,,ECNE,,
12104,MAD 111E,MAD,LS,Intro to Mining Engineering,,Hanifi Çopur,MDB,Çarşamba,14:30/15:29,,70,63,,"MAD, MADE",,
12105,MAD 441E,MAD,LS,Mine System Analysis,,Selamet Gürbüz Erçelebi,MDB,Cuma,08:30/11:29,,70,59,,"MAD, MADE",,
12106,MAD 232,MAD,LS,Açık İşletmeler,,Selamet Gürbüz Erçelebi,MDB,Pazartesi,14:30/17:29,,80,69,,"MAD, MADM",,
12107,MAD 241,MAD,LS,Patlayıcı Madde Tek. ve Uygula,,Cengiz Kuzu,MDB,Salı,11:30/13:29,,60,52,,"MAD, MADM",,
12108,MAD 351E,MAD,LS,Rock Mechanics,,Hakan Tunçdemir,MDB | MDB,Çarşamba | Çarşamba,08:30/10:29 | 10:30/11:29,,60,59,,"MAD, MADE, MADM",,
12110,ECN 207E,ECN,LS,Mathematical Economics,,Resul Aydemir,EEB,Perşembe,13:30/17:29,,80,89,,ECNE,,
12111,ECN 301E,ECN,LS,Econometrics I,,Ayşegül Kayaoğlu Yılmaz,EEB,Cuma,13:30/17:29,,80,84,,"ECNE, ECNM",,
12112,ECN 303E,ECN,LS,Development Economics,,Quentin Xavier Marin Stoeffler,FEB,Perşembe,13:30/16:29,,70,68,,"ECNE, ECNM",,
12113,ECN 305E,ECN,LS,Industrial Organisation,,Tolga Yuret,EEB,Perşembe,09:30/12:29,,60,60,,"ECNE, ECNM",,
12114,ECN 307E,ECN,LS,Game Theory,,Tolga Yuret,FEB,Pazartesi,09:30/12:29,,60,66,,"ECNE, ECNM, MAT",,
12115,ECN 309E,ECN,LS,"Money, Banking&Finan..",,Resul Aydemir,KMB,Salı,09:30/12:29,,70,74,,"ECNE, ECNM",,
12116,ECN 311E,ECN,LS,International Trade,,Christopher Michael Hannum,FEB,Salı,13:30/16:29,,60,68,,"ECNE, ECNM",,
12117,ECN 401E,ECN,LS,Turkish Economy,,Mete Han Yağmur,INB,Cuma,09:30/12:29,,60,59,,ECNE,,
12118,ECN 413E,ECN,LS,Health Economics,,Aysun Aygün,EEB,Pazartesi,13:30/16:29,,50,46,,ECNE,,
12119,ECN 433E,ECN,LS,Regulatory Econ.& Reg. Markets,,Matthias Peter Finger,EEB,Salı,09:30/12:29,,50,39,,ECNE,,
12121,ECN 431E,ECN,LS,Europ.Economics & Institutions,,Serdar Altay,FEB,Çarşamba,12:30/15:29,,50,39,,ECNE,,
12122,ECN 421E,ECN,LS,Experimental Economics,,Tolga Yuret,INB,Salı,13:30/16:29,,50,32,,ECNE,,
12123,ULP 101,ULP,LS,NewBeg.Fresh.Sem.&Se..,,--,---,Pazartesi,18:30/20:29,,0,0,,"MBI, MCB, SBL, SCE, SDU, SEK, SEN, SGM, SIN, SIS, SMT, STP",,
12124,EHB 465E,EHB,LS,Fiberoptic Com. Systems,,Cafer Özkul,EEB,Perşembe,08:30/11:29,,30,5,,"EHB, EHBE, ELH, TEL",,
12125,BIL 113E,BIL,LS,Intr.to Sci& Eng.Comp.(MATLAB),,Ziyadin Çakır,MDB,Cuma,08:30/11:29,,40,44,,"JEO, JEOE",,
12126,ETK 101,ETK,LS,Mühendislik Etiği,,Yüksel Örgün Tutay,MDB,Pazartesi,11:30/12:29,,80,84,,"CHZ, EHB, IML, JEF, JEO, KOM, KON, MAD, MAK, MTO, PET, TEK",,
12127,JEO 111,JEO,LS,Kristalografi,,Recep Fahri Esenli,MDB,Perşembe,08:30/11:29,,60,77,,"JEO, JEOM",,
12128,JEO 121,JEO,LS,Yer Bilimlerinde Tasarım,,Enver Vural Yavuz,MDB,Cuma,14:30/17:29,,60,73,,JEO,,
12129,JEO 131,JEO,LS,Jeoloji Mühendisliğine Giriş,,Kürşad Kadir Eriş,MDB,Cuma,11:30/12:29,,60,77,,JEO,,
12130,JEO 222,JEO,LS,Jeomekanik,,Yılmaz Mahmutoğlu,MDB,Pazartesi,08:30/12:29,,60,54,,"JEF, JEO, JEOM",,
12131,JEO 222E,JEO,LS,Geomechanics,,Ziyadin Çakır,MDB,Pazartesi,08:30/12:29,,60,5,,"JEFE, JEO, JEOE, JEOM",,
12132,JEO 223E,JEO,LS,Paleontology,,Ercan Özcan,MDB,Salı,08:30/11:29,,60,55,,"JEO, JEOE",,
12133,PET 113E,PET,LS,Intr.to Petr.&Nat; Gas.Eng.,,"Gürşat Altun, Ömer İnanç Türeyen",MDB,Çarşamba,14:30/15:29,,80,72,,"PET, PETE",,
12134,PET 211E,PET,LS,Petroleum Fluid Properties,,Şenol Yamanlar,MDB,Salı,08:30/11:29,,80,46,,"PETE, PETM",,
12135,PET 212E,PET,LS,Rock Properties,,Murat Çınar,MDB,Çarşamba,08:30/11:29,,80,29,,"JEF, PET, PETE, PETM",,
12136,PET 333E,PET,LS,Drilling Engineering,,Gürşat Altun,MDB,Pazartesi,13:30/16:29,,80,68,,"PET, PETE, PETM",,
12137,PET 342E,PET,LS,Reservoir Engineering,,Ömer İnanç Türeyen,MDB,Perşembe,13:30/16:29,,80,53,,"PET, PETE, PETM",,
12138,PET 335E,PET,LS,Well Logging I,,Emine Didem Korkmaz Başel,MDB,Cuma,14:30/17:29,,85,88,,"PET, PETE, PETM",,
12139,PET 316E,PET,LS,Geothermal Engineering,,Emine Didem Korkmaz Başel,MDB,Salı,08:30/11:29,,80,46,,"PET, PETE",,
12140,PET 431E,PET,LS,Natural Gas Systems Eng.,,İbrahim Metin Mıhçakan,MDB,Perşembe,08:30/11:29,,80,52,,"PET, PETE",,
12141,PET 427E,PET,LS,Production Systems Design,,Şenol Yamanlar,MDB,Cuma,08:30/11:29,,80,33,,"PETE, PETM",,
12142,JEF 111,JEF,LS,Jeofizik Mühendisliğine Giriş,,Mustafa Emin Demirbağ,MDB,Çarşamba,13:30/15:29,,80,54,,"JEF, JEFM",,
12143,BIL 110E,BIL,LS,Intr. to Prog. Language (C),,Ömür Acaroğlu Ergün,MDB,Çarşamba,11:30/14:29,,50,70,,"MAD, MADE",,
12144,MAD 461E,MAD,LS,Mine Ventilation,,Abdullah Fişne,MDB,Pazartesi,14:30/17:29,,50,45,,"MAD, MADE",,
12145,MAD 451E,MAD,LS,Mining Machinery,,"Hanifi Çopur, Deniz Tumaç",MDB,Cuma,14:30/17:29,,50,39,,"MAD, MADE",,
12146,JEF 311E,JEF,LS,Seismology,,Gonca Örgülü,MDB | MDB,Salı | Perşembe,13:30/16:29 | 15:30/17:29,,80,28,,"JEF, JEFE, JEFM",,
12149,JEF 425E,JEF,LS,Engineering Geophysics,,Mustafa Emin Demirbağ,MDB | MDB,Çarşamba | Cuma,10:30/12:29 | 14:30/16:29,,80,37,,"JEF, JEFE, JEFM",,
12152,JEF 205E,JEF,LS,Physics of the Earth,,Emine Aysun Güney,MDB,Pazartesi,08:30/11:29,,80,70,,"JEF, JEFE, JEFM",,
12153,JEF 451,JEF,LS,Gravite&Manyetik; Prospeksiyon,,Turgay İşseven,MDB | MDB,Çarşamba | Perşembe,08:30/10:29 | 13:30/15:29,,80,22,,"JEF, JEFM",,
12154,JEF 451E,JEF,LS,Gravity& Magnetic Prospecting,,Hüseyin Argun Kocaoğlu,MDB | MDB,Çarşamba | Perşembe,08:30/10:29 | 13:30/15:29,,80,1,,JEFE,,
12155,JEF 325,JEF,LS,Jeofizikte Modelleme,,Hüseyin Argun Kocaoğlu,MDB | MDB,Pazartesi | Pazartesi,13:30/15:29 | 15:30/17:29,,80,20,,JEF,,
12156,JEF 492,JEF,LS,Bitirme Çalışması,,Hüseyin Argun Kocaoğlu,MDB,,/,,500,11,,"JEF, JEFM",,
12157,JEF 492E,JEF,LS,Graduation Project,,--,MDB,,/,,0,0,,"JEF, JEFE, JEFM",,
12158,MAD 311E,MAD,LS,Geophysics,,Seda Yolsal Çevikbilen,MDB,Perşembe,08:30/10:29,,70,53,,"MAD, MADE",,
12159,JEO 445E,JEO,LS,Petroleum and Natural Gas Geo.,,"Emin Çiftçi, Yıldıray Palabıyık",MDB,Çarşamba,12:30/15:29,,60,61,,"JEF, JEO, JEOE, PET, PETE",,
12160,JEO 431,JEO,LS,Mühendislik Jeolojisi,,"Remzi Karagüzel, Yılmaz Mahmutoğlu",MDB,Salı,08:30/12:29,,50,50,,"JEO, JEOM",,
12161,JEO 492,JEO,LS,Bitirme Tasarım Projesi,,Ziyadin Çakır,MDB,,/,,500,17,,JEO,,
12162,JEO 492E,JEO,LS,Graduation Desing Project,,Ziyadin Çakır,MDB,,/,,500,8,,"JEO, JEOE",,
12163,MAD 362,MAD,LS,Mühendislik Jeolojisi,,"Kayhan Develi, Enver Vural Yavuz",MDB,Salı,15:30/17:29,,50,28,,MAD,,
12164,STA 201E,STA,LS,Statics,,Pınar Özdemir Çağlayan,MDB,Pazartesi,13:30/16:29,,70,74,,"DEN, DENE, EHB, EHBE, ELE, ELH, GEM, GEME, GEMK, JEO, JEOE, MAD, MAK, MAKE, TEK, TEL, UCK, UCKE, UZB, UZBE",,
12165,CHZ 103,CHZ,LS,Cevher Haz. Müh. Giriş ve Etik,,Ali Güney,MDB,Çarşamba,13:30/15:29,,60,53,,CHZ,,
12166,JEF 428E,JEF,LS,Readings in Geophysics,,Tuncay Taymaz,MDB,Pazartesi,08:30/11:29,,10,6,,"JEF, JEFE, JEFM",,
12167,TER 201,TER,LS,Termodinamik,,Birgül Benli,MDB,Pazartesi,08:30/11:29,,50,28,,"CEV, CHZ, DEN, GEM, ISL, JEO, KMM, KOM, KON, PET",,
12168,AKM 204,AKM,LS,Akışkanlar Mekaniği,,Birgül Benli,MDB,Cuma,08:30/11:29,,50,56,,"CEV, CHZ, IML, INS, KMM, PET",,
12169,CHZ 224E,CHZ,LS,Surface and Colloid Chemistry,,Ayhan Ali Sirkeci,MDB,Çarşamba,10:30/13:29,,50,34,,"CHZ, CHZE, CHZM",,
12170,CHZ 232,CHZ,LS,Zenginlstirme Önc.Haz. İşlml.,,Ali Güney,MDB | MDB,Pazartesi | Perşembe,13:30/15:29 | 10:30/12:29,,50,41,,"CHZ, CHZM",,
12171,MAL 201,MAL,LS,Malzeme Bilimi,,Mehmet Sezai Kırıkoğlu,MDB,Pazartesi,11:30/14:29,,50,30,,"CHZ, JEO",,
12172,CHZ 454E,CHZ,LS,Dewatering and Drying,,--,MDB,Çarşamba,12:30/15:29,,0,0,,CHZE,,
12173,CHZ 433E,CHZ,LS,Boron Processing and Applic.,,Gülay Bulut,MDB,Pazartesi,14:30/17:29,,50,24,,"CHZ, CHZE, MADE",,
12174,MAD 431,MAD,LS,Kömür Hazırlama ve Teknolojisi,,Feridun Boylu,MDB,Salı,13:30/15:29,,50,36,,MAD,,
12175,CHZ 492,CHZ,LS,Bitirme Çalışması,,Gülay Bulut,MDB,,/,,500,9,,CHZ,,
12176,MEK 205,MEK,LS,Mühendislik Mekaniği,,Ali Nuri Doğruoğlu,MDB,Perşembe,13:30/16:29,,50,54,,"CHZ, END, GID, IML, ISL, JEF, JEO, MAD, PET",,
12177,CHZ 492E,CHZ,LS,Graduation Thesis,,Gülay Bulut,MDB,,/,,500,3,,"CHZ, CHZE",,
12178,MEK 205E,MEK,LS,Engineering Mechanics,,Akif Kutlu,MDB,Salı,13:30/16:29,,50,64,,"CHZ, CHZE, END, ENDE, GID, GIDE, IML, IMLE, ISL, ISLE, JEF, JEFE, JEO, JEOE, MAD, MADE, PET, PETE, TEKE",,
12179,MAT 271E,MAT,LS,Probability and Statistics,,Moiz Elnekave,KMB,Salı,13:30/16:29,,55,61,,"BIO, BIOE, BLG, BLGE, CEV, CEVE, CHZ, CHZE, DEN, DENE, EHB, EHBE, EHN, ELE, ELH, ELK, ELKE, EUT, EUTE, FIZ, FIZE, GEM, GEME, GEMK, GEO, GEOE, GID, GIDE, IML, IMLE, INS, INSE, JEF, JEFE, JEO, JEOE, KMM, KMME, KOM, KOME, KON, KONE, MAD, MADE, MAK, MAKE, MET, METE, MTO, MTOE, PET, PETE, SBP, SBPE, SEH, TEK, TEKE, TEL, UCK, UCKE, UZB, UZBE",,
12182,JEO 112E,JEO,LS,General Geology,,Gürsel Sunal,MDB,Pazartesi,14:30/17:29,,50,54,,"JEF, JEFE, PETE",,
12183,JEO 112E,JEO,LS,General Geology,,Ziyadin Çakır,MDB,Cuma,14:30/17:29,,50,11,,"JEF, JEFE, PETE",,
12184,JEO 262E,JEO,LS,Stratigraphy,,Boris Nataline,MDB,Salı,12:30/14:29,,76,77,,"JEO, JEOE, JEOM",,
12185,JEO 305E,JEO,LS,Geochemistry,,Nurgül Çelik Balcı,MDB,Çarşamba,09:30/12:29,,50,49,,"JEO, JEOE, JEOM",,
12186,JEO 351,JEO,LS,Jeoistatistik,,Fuat Yavuz,MDB,Salı,14:30/16:29,,50,33,,JEO,,
12187,JEO 343,JEO,LS,Sondaj Tekniği,,Erkan Bozkurtoğlu,MDB,Cuma,14:30/17:29,,50,45,,JEO,,
12189,JEO 355E,JEO,LS,Sedimentology,,Gülsen Uçarkuş,MDB,Çarşamba,13:30/15:29,,50,35,,"JEO, JEOE",,
12190,JEO 409,JEO,LS,Türkiye Jeolojisi,,Aral Okay,MDB,Perşembe,12:30/14:29,,50,13,,"JEF, JEO",,
12191,PET 309E,PET,LS,Fluid and Rock Properties Lab.,,Yıldıray Palabıyık,MDB,Pazartesi,09:30/11:29,,15,11,,"PET, PETE, PETM",,
12192,JEO 411E,JEO,LS,Tectonics,,Boris Nataline,MDB,Perşembe,14:30/17:29,,65,61,,"JEO, JEOE, JEOM",,
12193,PET 309E,PET,LS,Fluid and Rock Properties Lab.,,Yıldıray Palabıyık,MDB,Salı,09:30/11:29,,15,13,,"PET, PETE, PETM",,
12194,PET 309E,PET,LS,Fluid and Rock Properties Lab.,,Yıldıray Palabıyık,MDB,Perşembe,09:30/11:29,,15,12,,"PET, PETE, PETM",,
12195,PET 309E,PET,LS,Fluid and Rock Properties Lab.,,Yıldıray Palabıyık,MDB,Cuma,09:30/11:29,,15,12,,"PET, PETE, PETM",,
12196,JEF 341E,JEF,LS,Geophysics,,Seda Yolsal Çevikbilen,MDB,Çarşamba,12:30/15:29,,50,28,,"JEO, JEOE, PETE",,
12197,JEF 341,JEF,LS,Jeofizik,,Caner İmren,MDB,Çarşamba,12:30/15:29,,50,12,,"JEO, MAD, PET",,
12198,CHZ 311,CHZ,LS,Fiziksel Zeng. Yöntemleri,,Alim Gül,MDB | MDB,Salı | Çarşamba,10:30/12:29 | 10:30/12:29,,50,28,,"CHZ, CHZM",,
12199,MAD 101E,MAD,LS,Tech.Draw.Appl.in Mining Eng.,,Hakan Tunçdemir,MDB,Cuma,14:30/17:29,,40,34,,"MAD, MADE",,
12200,CHZ 312E,CHZ,LS,Metallurgy I,,Fatma Arslan,MDB,Salı,13:30/15:29,,50,34,,"CHZ, CHZE",,
12201,MAD 101E,MAD,LS,Tech.Draw.Appl.in Mining Eng.,,Hakan Tunçdemir,MDB,Perşembe,08:30/11:29,,40,35,,"MAD, MADE",,
12202,CHZ 325,CHZ,LS,Kömür Hazırlama,,Feridun Boylu,MDB,Perşembe,13:30/16:29,,50,34,,"CHZ, CHZM, MAD",,
12203,MAD 307,MAD,LS,Cevher Hazırlama I,,Murat Olgaç Kangal,MDB,Perşembe,10:30/13:29,,40,40,,MAD,,
12204,MAT 202E,MAT,LS,Numerical Methods,,Tuna Eken,MDB,Cuma,14:30/17:29,,50,67,,"BLG, BLGE, CEV, CEVE, CHZ, CHZE, DEN, DENE, EHB, EHBE, ELE, ELH, ELK, ELKE, GEM, GEME, GEMK, GEO, GEOE, GID, GIDE, IML, IMLE, INS, INSE, ISL, ISLE, JEF, JEFE, JEO, JEOE, KMM, KMME, KOM, KOME, KON, KONE, MAD, MADE, MAK, MAKE, MET, METE, MTO, MTOE, PET, PETE, TEK, TEKE, TEL, UCK, UCKE, UZB, UZBE",,
12205,MAD 307E,MAD,LS,Mineral Processing I,,Fırat Burat,MDB,Perşembe,10:30/13:29,,40,22,,"MAD, MADE",,
12206,MAD 213E,MAD,LS,Mine Production Technology,,Cüneyt Atilla Öztürk,MDB,Perşembe,11:30/13:29,,50,21,,"CHZ, CHZE",,
12207,MAD 361,MAD,LS,Maden Yatakları,,Mustafa Kumral,MDB,Pazartesi,11:30/13:29,,40,40,,MAD,,
12208,MAD 361E,MAD,LS,Mineral Deposits,,Macid Fikret Suner,MDB,Pazartesi,11:30/13:29,,40,14,,"MAD, MADE",,
12209,MAD 413E,MAD,LS,Tunneling,,"Hanifi Çopur, Deniz Tumaç",MDB,Salı,08:30/11:29,,40,40,,"MAD, MADE, MADM",,
12210,CHZ 323,CHZ,LS,Maden Yatakları,,Ali Haydar Gültekin,MDB,Pazartesi,08:30/11:29,,50,32,,CHZ,,
12211,MAD 415E,MAD,LS,Cement Technology,,Hasan Ergin,MDB,Salı,08:30/11:29,,40,9,,"MAD, MADE",,
12212,CHZ 452E,CHZ,LS,Mineral Process. & Environment,,Fırat Burat,MDB,Pazartesi,10:30/12:29,,50,18,,"CHZ, CHZE",,
12213,MAD 432,MAD,LS,Maden. ve Tünellerde Kazı Mek.,,Cemal Balcı,MDB,Perşembe,13:30/16:29,,40,10,,MAD,,
12214,CHZ 411E,CHZ,LS,Metallurgy II,,Fatma Arslan,MDB,Perşembe,11:30/13:29,,50,16,,"CHZ, CHZE",,
12215,JEO 112E,JEO,LS,General Geology,,Nilgün Okay,MDB,Cuma,14:30/17:29,,40,40,,"JEF, JEFE, PETE",,
12216,CHZ 421,CHZ,LS,Cevher Haz. Proses Tasarımı,,Abdullah Ekrem Yüce,MDB,Cuma,08:30/11:29,,50,27,,"CHZ, CHZM",,
12217,CHZ 421E,CHZ,LS,Process Dsg.in Min.Beneficiat.,,--,MDB,Cuma,08:30/11:29,,0,0,,"CHZE, CHZM",,
12218,CHZ 348E,CHZ,LS,Bulk Materials Handling,,Ayhan Ali Sirkeci,MDB,Salı,13:30/15:29,,50,25,,"CHZ, CHZE",,
12219,CHZ 454,CHZ,LS,Susuzlandırma ve Kurutma,,Murat Olgaç Kangal,MDB,Çarşamba,12:30/15:29,,50,31,,CHZ,,
12220,BIL 112E,BIL,LS,Intr.to Prog.Language(FORTRAN),,Neslihan Ocakoğlu Gökaşan,MDB,Cuma,14:30/17:29,,40,61,,"JEF, JEFE",,
12221,MAD 327E,MAD,LS,Haulage and Drainage in Mines,,"Hanifi Çopur, Deniz Tumaç",MDB,Pazartesi,08:30/10:29,,35,38,,"MAD, MADE",,
12222,JEF 310E,JEF,LS,Geodynamics,,Tuna Eken,MDB,Çarşamba,12:30/15:29,,15,14,,"JEF, JEFE, JEFM",,
12223,MAD 425E,MAD,LS,Applied Rock Mechanics,,Cüneyt Atilla Öztürk,MDB,Perşembe,08:30/10:29,,30,8,,"MAD, MADE",,
12224,JEF 442,JEF,LS,Arkeo-Jeofizik,,Caner İmren,MDB,Pazartesi,14:30/17:29,,15,19,,"JEF, JEFM",,
12225,JEF 438,JEF,LS,Sismik Yorumlama,,Hülya Kurt,MDB,Salı,08:30/11:29,,15,18,,"JEF, JEFM",,
12228,PET 441E,PET,LS,Enhanced Oil Recovery,,Murat Çınar,MDB,Pazartesi,08:30/11:29,,40,32,,"PET, PETE, PETM",,
12229,JEO 115,JEO,LS,Genel Jeoloji,,Cenk Yaltırak,MDB,Çarşamba,09:30/12:29,,35,45,,"JEO, JEOM",,
12231,JEO 115,JEO,LS,Genel Jeoloji,,Cengiz Zabcı,MDB,Çarşamba,12:30/15:29,,35,50,,"JEO, JEOM",,
12232,PET 428E,PET,LS,Simulation of Geosystems,,İhsan Burak Kulga,MDB,Çarşamba,12:30/15:29,,20,14,,"PET, PETE",,
12233,PET 336E,PET,LS,Well Completions,,İbrahim Metin Mıhçakan,MDB,Çarşamba,08:30/11:29,,40,16,,"PET, PETE, PETM",,
12234,JEO 242,JEO,LS,Optik Mineraloji,,Zekiye Karacık,MDB,Pazartesi,09:30/12:29,,30,21,,"JEO, JEOM",,
12235,RES 107E,RES,LS,Technical Drawing,,Cevat Erdem İmrak,UUB,Çarşamba,08:30/11:29,,70,81,,"FIZ, GID, GIDE, ISL, ISLE, KMM, KMME, MET, METE, PETE",,
12236,JEO 242,JEO,LS,Optik Mineraloji,,Şengül Can Genç,MDB,Perşembe,14:30/17:29,,30,30,,"JEO, JEOM",,
12237,JEO 437,JEO,LS,Tıbbi Jeoloji,,Yüksel Örgün Tutay,MDB,Pazartesi,13:30/16:29,,30,10,,JEO,,
12238,JEO 242E,JEO,LS,Optical Mineralogy,,Zekiye Karacık,MDB,Çarşamba,09:30/12:29,,30,7,,"JEO, JEOE",,
12239,JEO 438,JEO,LS,Çevre Jeolojisi,,Remzi Karagüzel,MDB,Cuma,08:30/11:29,,30,28,,"JEF, JEO",,
12240,JEO 311,JEO,LS,Şev Stabilitesi Analizleri,,--,MDB,Pazartesi,14:30/17:29,,0,0,,JEO,,
12241,JEO 449,JEO,LS,Süreksiz Ort.Karak.-..,,--,MDB,Pazartesi,13:30/16:29,,0,0,,JEO,,
12242,JEO 314,JEO,LS,Kayaç Yapıcı Mineraller,,--,MDB,Pazartesi,13:30/16:29,,0,0,,JEO,,
12243,JEO 450,JEO,LS,Biojeokimya,,--,MDB,Perşembe,08:30/11:29,,0,0,,JEO,,
12244,JEO 451,JEO,LS,Doğal Suların İzotop Jeokim,,--,MDB,Cuma,08:30/11:29,,0,0,,JEO,,
12245,JEO 452,JEO,LS,Yerbilimler. Jeokim.Veri Kull.,,--,MDB,Pazartesi,13:30/16:29,,0,0,,JEO,,
12246,CHZ 310,CHZ,LS,Cevher Haz. Tesis Otomasyonu,,Kudret Tahsin Perek,MDB,Çarşamba,08:30/10:29,,50,48,,"CHZ, CHZM",,
12247,BIL 110E,BIL,LS,Intr. to Prog. Language (C),,Ayhan Ali Sirkeci,MDB,Perşembe,13:30/16:29,,40,53,,"CHZ, CHZE",,
12248,BIL 113E,BIL,LS,Intr.to Sci& Eng.Comp.(MATLAB),,--,,,,,0,0,,"CHZ, CHZE, JEO, JEOE, MAD, MADE",,
12249,JEO 316,JEO,LS,Kıymetli Mineral ve Kayaçlar,,Mehmet Sezai Kırıkoğlu,MDB,Perşembe,08:30/11:29,,30,20,,JEO,,
12250,JEO 317,JEO,LS,Jeoloji Haritalr & Kartografya,,"Hüsnü Serdar Akyüz, Ufuk Tarı",MDB,Perşembe,09:30/12:29,,35,30,,JEO,,
12251,JEO 317,JEO,LS,Jeoloji Haritalr & Kartografya,,--,MDB,Cuma,08:30/11:29,,0,0,,JEO,,
12252,STA 204E,STA,LS,Statics&Strength; of Materials,,"Hale Ergün, Arcan Yanık",MDB,Cuma,08:30/11:29,,50,52,,"CEV, CEVE, EHB, EHBE, ELE, ELH, ELK, ELKE, EUT, EUTE, GID, GIDE, ISL, ISLE, JEF, KMM, KMME, KOM, KOME, KON, KONE, MET, METE, MTO, PET, PETE, TEL",,
12254,MAD 232E,MAD,LS,Surface Mining,,--,MDB,Pazartesi,14:30/17:29,,0,0,,MADE,,
12255,MAD 241E,MAD,LS,Blasting Tech&its; A..,,Türker Hüdaverdi,MDB,Pazartesi,11:30/13:29,,20,2,,MADE,,
12256,MAT 271E,MAT,LS,Probability and Statistics,,Ömür Acaroğlu Ergün,MDB,Salı,08:30/11:29,,40,40,,"BIO, BIOE, BLG, BLGE, CEV, CEVE, CHZ, CHZE, DEN, DENE, EHB, EHBE, EHN, ELE, ELH, ELK, ELKE, EUT, EUTE, FIZ, FIZE, GEM, GEME, GEMK, GEO, GEOE, GID, GIDE, IML, IMLE, INS, INSE, JEF, JEFE, JEO, JEOE, KMM, KMME, KOM, KOME, KON, KONE, MAD, MADE, MAK, MAKE, MET, METE, MTO, MTOE, PET, PETE, SBP, SBPE, SEH, TEK, TEKE, TEL, UCK, UCKE, UZB, UZBE",,
12257,MAD 319E,MAD,LS,Natural Stone Mining Tech.,,Deniz Tumaç,MDB,Salı,13:30/15:29,,20,17,,"MAD, MADE",,
12258,MAD 327,MAD,LS,Madenlerde Ulaşım ve Su Atımı,,Cemal Balcı,MDB,Çarşamba,13:30/15:29,,25,12,,"MAD, MADM",,
12259,MAD 431E,MAD,LS,Coal Preparation &Technology;,,Fırat Burat,MDB,Salı,13:30/15:29,,20,7,,MADE,,
12260,MAD 492,MAD,LS,Bitirme Çalışması,,Hanifi Çopur,---,,/,,500,22,,MAD,,
12261,MAD 492E,MAD,LS,Graduation Project,,Hanifi Çopur,---,,/,,500,8,,"MAD, MADE",,
12262,MAD 243,MAD,LS,Yeraltı Maden İşletmeciliği,,Cengiz Kuzu,MDB,Cuma,14:30/17:29,,25,25,,"MAD, MADM",,
12265,JEO 325,JEO,LS,Jeolojide Bilgisayar Uygul,,"Fuat Yavuz, Enver Vural Yavuz",MDB,Pazartesi,11:30/14:29,,20,19,,JEO,,
12266,JEO 326,JEO,LS,Yapı Gereçleri Jeolojisi,,--,MDB,Perşembe,08:30/11:29,,0,0,,JEO,,
12267,JEO 335,JEO,LS,Uygulamalı Zemin Mekaniği,,Erkan Bozkurtoğlu,MDB,Cuma,08:30/11:29,,30,7,,JEO,,
12268,JEO 338,JEO,LS,Maden Aramaları,,Demet Yıldırım,MDB,Perşembe,08:30/11:29,,30,14,,JEO,,
12269,JEO 340E,JEO,LS,Geomorphology,,"Cengiz Yıldırım, Tolga Görüm",MDB,Perşembe,14:30/17:29,,30,7,,JEO,,
12270,JEO 342,JEO,LS,Metamorfik Petroloji,,--,MDB,Pazartesi,08:30/11:29,,0,0,,JEO,,
12271,JEO 350,JEO,LS,Müh.Tas.Temel İlke.&Y;önt.,,--,MDB,Çarşamba,09:30/12:29,,0,0,,JEO,,
12272,JEO 357,JEO,LS,Deneysel Kaya Mekaniği,,--,MDB,Perşembe,14:30/17:29,,0,0,,JEO,,
12273,JEO 413,JEO,LS,Jeologlar için Autocad,,Enver Vural Yavuz,MDB,Çarşamba,09:30/12:29,,30,24,,JEO,,
12274,JEO 416,JEO,LS,Kömür Yatakları,,--,MDB,Pazartesi,13:30/16:29,,0,0,,JEO,,
12275,JEO 419,JEO,LS,Uygulamalı Mineraloji,,--,MDB,Çarşamba,09:30/12:29,,0,0,,JEO,,
12276,JEO 423,JEO,LS,Maden Yataklarının Değerl,,--,MDB,Çarşamba,09:30/12:29,,0,0,,JEO,,
12277,JEO 424,JEO,LS,Volkanoloji,,--,MDB,Perşembe,14:30/17:29,,0,0,,JEO,,
12278,JEO 425,JEO,LS,Magmatik Petroloji,,--,MDB,Çarşamba,09:30/12:29,,0,0,,JEO,,
12279,ING 112,ING,LS,English I,,Hacer Şivil,GDB,Pazartesi,13:30/16:29,,26,26,,"BIO, BIOE, BLG, BLGE, CEV, CEVE, CHZ, CHZE, DEN, DENE, DUIE, ECNE, EHB, EHBE, EHN, ELE, ELH, ELK, ELKE, END, ENDE, EUT, EUTE, FIZ, FIZE, GEM, GEME, GEMK, GEO, GEOE, GID, GIDE, GMIE, ICM, IML, IMLE, INS, INSE, ISL, ISLE, JDF, JEF, JEFE, JEO, JEOE, KIM, KIME, KMM, KMME, KOM, KOME, MAD, MADE, MAK, MAKE, MAT, MATE, MET, METE, MIM, MIME, MTO, MTOE, MUZE, PEM, PEME, PET, PETE, SBP, SBPE, SEH, TEK, TEKE, TEL, UCK, UCKE, UZB, UZBE",,
12280,ING 112,ING,LS,English I,,Hacer Şivil,GDB,Salı,08:30/11:29,,24,25,,"BIO, BIOE, BLG, BLGE, CEV, CEVE, CHZ, CHZE, DEN, DENE, DUIE, ECNE, EHB, EHBE, EHN, ELE, ELH, ELK, ELKE, END, ENDE, EUT, EUTE, FIZ, FIZE, GEM, GEME, GEMK, GEO, GEOE, GID, GIDE, GMIE, ICM, IML, IMLE, INS, INSE, ISL, ISLE, JDF, JEF, JEFE, JEO, JEOE, KIM, KIME, KMM, KMME, KOM, KOME, MAD, MADE, MAK, MAKE, MAT, MATE, MET, METE, MIM, MIME, MTO, MTOE, MUZE, PEM, PEME, PET, PETE, SBP, SBPE, SEH, TEK, TEKE, TEL, UCK, UCKE, UZB, UZBE",,
12281,ING 112,ING,LS,English I,,Hacer Şivil,EEB,Çarşamba,11:30/14:29,,21,21,,"BIO, BIOE, BLG, BLGE, CEV, CEVE, CHZ, CHZE, DEN, DENE, DUIE, ECNE, EHB, EHBE, EHN, ELE, ELH, ELK, ELKE, END, ENDE, EUT, EUTE, FIZ, FIZE, GEM, GEME, GEMK, GEO, GEOE, GID, GIDE, GMIE, ICM, IML, IMLE, INS, INSE, ISL, ISLE, JDF, JEF, JEFE, JEO, JEOE, KIM, KIME, KMM, KMME, KOM, KOME, MAD, MADE, MAK, MAKE, MAT, MATE, MET, METE, MIM, MIME, MTO, MTOE, MUZE, PEM, PEME, PET, PETE, SBP, SBPE, SEH, TEK, TEKE, TEL, UCK, UCKE, UZB, UZBE",,
12282,ING 112,ING,LS,English I,,Hacer Şivil,MEDB,Perşembe,08:30/11:29,,22,23,,"BIO, BIOE, BLG, BLGE, CEV, CEVE, CHZ, CHZE, DEN, DENE, DUIE, ECNE, EHB, EHBE, EHN, ELE, ELH, ELK, ELKE, END, ENDE, EUT, EUTE, FIZ, FIZE, GEM, GEME, GEMK, GEO, GEOE, GID, GIDE, GMIE, ICM, IML, IMLE, INS, INSE, ISL, ISLE, JDF, JEF, JEFE, JEO, JEOE, KIM, KIME, KMM, KMME, KOM, KOME, MAD, MADE, MAK, MAKE, MAT, MATE, MET, METE, MIM, MIME, MTO, MTOE, MUZE, PEM, PEME, PET, PETE, SBP, SBPE, SEH, TEK, TEKE, TEL, UCK, UCKE, UZB, UZBE",,
12287,EKO 201E,EKO,LS,Economics,,Kerem Yavuz Arslanlı,FEB,Salı,08:30/11:29,,125,235,,"BLG, BLGE, CEV, CEVE, CHZ, CHZE, DEN, DENE, EHBE, ELE, ELH, ELK, ELKE, END, ENDE, EUT, EUTE, FIZ, GEM, GEME, GEMK, GEO, GEOE, GID, GIDE, ICM, IML, IMLE, INS, INSE, JDF, JEF, JEO, JEOE, KMM, KMME, KOM, KOME, MAD, MADE, MAK, MAKE, MAT, MATE, MET, METE, MIM, MIME, MTO, MTOE, PEM, PEME, PET, PETE, SBP, SBPE, TEK, TEKE, TEL, UCK, UCKE, UZB, UZBE",,
12288,EKO 201E,EKO,LS,Economics,,Christopher Michael Hannum,MED,Cuma,08:30/11:29,,125,244,,"BLG, BLGE, CEV, CEVE, CHZ, CHZE, DEN, DENE, EHBE, ELE, ELH, ELK, ELKE, END, ENDE, EUT, EUTE, FIZ, GEM, GEME, GEMK, GEO, GEOE, GID, GIDE, ICM, IML, IMLE, INS, INSE, JDF, JEF, JEO, JEOE, KMM, KMME, KOM, KOME, MAD, MADE, MAK, MAKE, MAT, MATE, MET, METE, MIM, MIME, MTO, MTOE, PEM, PEME, PET, PETE, SBP, SBPE, TEK, TEKE, TEL, UCK, UCKE, UZB, UZBE",,
12289,UZB 101E,UZB,LS,Int.to Astronaut.Eng. & Ethics,,"Alim Rüstem Aslan, Nuriye Leman Okşan Çetiner Yıldırım",UUB,Cuma,11:30/12:29,,60,103,,UZBE,,
12290,UCK 101,UCK,LS,Uçak Müh. Giriş ve Etik,,"Gökhan İnalhan, Cemil Kurtcebe",UUB,Cuma,11:30/12:29,,60,104,,UCK,,
12291,UZB 112E,UZB,LS,Computer Aided Drafting,,Hüsnü Barbaros Soyer,UUB,Perşembe,08:30/11:29,,50,95,,"UCK, UCKE, UZB, UZBE",,
12292,UZB 112E,UZB,LS,Computer Aided Drafting,,Hüsnü Barbaros Soyer,UUB,Cuma,14:30/17:29,,50,92,,"UCK, UCKE, UZB, UZBE",,
12293,MAL 201E,MAL,LS,Materials Science,,İpek Akın Karadayı,UUB,Cuma,09:30/12:29,,50,35,,"UCK, UCKE, UZB, UZBE",,
12295,UCK 203E,UCK,LS,"Circuits, Signals and Systems",,Ramazan Yeniçeri,UUB,Çarşamba,12:30/15:29,,70,98,,"UCK, UCKM, UZBE, UZBM",,
12296,INS 252E,INS,LS,Surveying,,Dursun Zafer Şeker,INB,Perşembe,08:30/12:29,,32,31,,"INS, INSE",,
12297,UCK 203E,UCK,LS,"Circuits, Signals and Systems",,Ramazan Yeniçeri,UUB,Cuma,14:30/17:29,,60,67,,"UCK, UCKM, UZBE, UZBM",,
12298,UCK 205,UCK,LS,Termodinamik I,,Cemil Kurtcebe,UUB,Çarşamba,08:30/10:29,,70,75,,"UCK, UCKM, UZBM",,
12300,DNK 201E,DNK,LS,Dynamics,,Cemil Kurtcebe,UUB,Pazartesi,14:30/17:29,,50,51,,"DEN, DENE, DUI, DUIE, DUIK, EHB, EHBE, ELE, ELH, ELK, ELKE, FIZ, FIZE, GEM, GEME, GEMK, GMI, GMIE, INS, INSE, JEO, JEOE, KOM, KOME, KON, KONE, MAD, MAT, MATE, MTO, PETE, TEK, TEL, UCK, UCKE, UCKM, UZB, UZBE, UZBM",,
12301,GEO 101E,GEO,LS,Intro. to Info. Technologies,,Ergin Tarı,INB,Cuma,08:30/10:29,,60,77,,"GEO, GEOE, JDF",,
12302,GEO 101E,GEO,LS,Intro. to Info. Technologies,,Ergin Tarı,INB,Cuma,14:30/16:29,,60,75,,"GEO, GEOE, JDF",,
12303,GEO 103,GEO,LS,Temel Ölçme Bilgisi,,Turan Erden,INB,Çarşamba,08:30/12:29,,70,61,,GEO,,
12304,GEO 103E,GEO,LS,Fundamentals of Surveying,,Himmet Karaman,INB,Pazartesi,13:30/17:29,,70,83,,"GEO, GEOE",,
12305,GEO 105,GEO,LS,Geomatik Müh. Giriş,,Çiğdem Göksel,INB,Çarşamba,13:30/15:29,,60,66,,GEO,,
12306,GEO 105E,GEO,LS,Intro. to Geomat. Engineering,,Filiz Bektaş Balçık,INB,Çarşamba,13:30/15:29,,60,78,,"GEO, GEOE",,
12307,GEO 107,GEO,LS,Analitik Geometri&Ve..,,Hasan Hakan Yavaşoğlu,INB,Perşembe,13:30/16:29,,60,70,,"GEO, JDF",,
12308,GEO 107E,GEO,LS,Analy. Geom. and Vect. Algeb.,,Caner Güney,INB,Salı,08:30/11:29,,60,85,,"GEO, GEOE",,
12309,UCK 205E,UCK,LS,Thermodynamics I,,Ali Kodal,UUB,Çarşamba,08:30/10:29,,70,79,,UZBE,,
12311,GEO 201,GEO,LS,Kartografya I,,Nesibe Necla Uluğtekin,INB,Çarşamba,10:30/12:29,,65,67,,GEO,,
12312,DNK 201E,DNK,LS,Dynamics,,Cuma Yarım,UUB,Salı,13:30/16:29,,50,37,,"DEN, DENE, DUI, DUIE, DUIK, EHB, EHBE, ELE, ELH, ELK, ELKE, FIZ, FIZE, GEM, GEME, GEMK, GMI, GMIE, INS, INSE, JEO, JEOE, KOM, KOME, KON, KONE, MAD, MAT, MATE, MTO, PETE, TEK, TEL, UCK, UCKE, UCKM, UZB, UZBE, UZBM",,
12313,GEO 201E,GEO,LS,Cartography I,,Ahmet Özgür Doğru,INB,Cuma,14:30/16:29,,50,45,,"GEO, GEOE",,
12314,GEO 204E,GEO,LS,Th.of Err. And Ad. C.,,Mustafa Tevfik Özlüdemir,INB,Salı,13:30/17:29,,60,36,,"GEO, GEOE, JDF",,
12315,GEO 205,GEO,LS,Mühendislik Etiği,,Çiğdem Göksel,INB,Salı,11:30/13:29,,55,56,,GEO,,
12316,GEO 205E,GEO,LS,Engineering Ethics,,Ahmet Özgür Doğru,INB,Pazartesi,08:30/10:29,,55,49,,"GEO, GEOE",,
12317,GEO 207,GEO,LS,"İş Hukuku,İşçi Sağl.&İş Güv.",,Hasan Hakan Yavaşoğlu,INB,Pazartesi,13:30/15:29,,61,67,,GEO,,
12318,GEO 207E,GEO,LS,"Labor Law,Occupati.H..",,Hasan Hakan Yavaşoğlu,INB,Salı,08:30/10:29,,50,45,,"GEO, GEOE",,
12319,GEO 208,GEO,LS,Uzaktan Algılama I,,Şinasi Kaya,INB,Cuma,14:30/16:29,,40,16,,GEO,,
12320,GEO 208E,GEO,LS,Remote Sensing I,,Ayşe Filiz Sunar,INB,Çarşamba,08:30/10:29,,40,21,,"GEO, GEOE",,
12321,GEO 209,GEO,LS,Taşınmaz Hukuku,,Mustafa Yanalak,INB,Çarşamba,13:30/15:29,,60,57,,GEO,,
12322,GEO 209E,GEO,LS,Real Estate's Law,,Mustafa Yanalak,INB,Salı,11:30/13:29,,50,47,,"GEO, GEOE",,
12323,GEO 211E,GEO,LS,Num. Meth. for Geomatics Eng.,,Uğur Algancı,INB,Salı,13:30/17:29,,100,100,,"GEO, GEOE",,
12324,GEO 213,GEO,LS,Konum Bel. Yönt. ve Sist.,,--,INB,Perşembe,08:30/11:29,,0,0,,GEO,,
12325,GEO 213,GEO,LS,Konum Bel. Yönt. ve Sist.,,Hasan Hakan Yavaşoğlu,INB,Perşembe,08:30/11:29,,55,58,,GEO,,
12326,GEO 213E,GEO,LS,Positioning Method and Systems,,Rahmi Nurhan Çelik,INB,Çarşamba,10:30/13:29,,52,50,,"GEO, GEOE, JDF",,
12327,GEO 213E,GEO,LS,Positioning Method and Systems,,--,INB,Çarşamba,10:30/13:29,,0,0,,"GEO, GEOE, JDF",,
12328,GEO 215E,GEO,LS,Prob.and Stat. for Geom. Eng.,,Esra Erten,INB,Pazartesi,10:30/13:29,,100,79,,"GEO, GEOE",,
12329,GEO 203,GEO,LS,Koord. Sist. Ve Jeodezi I,,Hayri Hakan Denli,INB,Cuma,08:30/12:29,,60,49,,GEO,,
12330,GEO 203E,GEO,LS,Coordinate Sys. and Geodesy I,,Bihter Erol,INB,Cuma,08:30/12:29,,60,47,,"GEO, GEOE",,
12331,GEO 301,GEO,LS,Özel Ölçme Uygulamaları,,Reha Metin Alkan,INB,Pazartesi,08:30/11:29,,50,50,,GEO,,
12332,GEO 301E,GEO,LS,Special Surveying Applications,,Turan Erden,INB,Pazartesi,08:30/11:29,,55,33,,"GEO, GEOE",,
12333,GEO 303,GEO,LS,Kadastro Bilgisi,,--,INB,Çarşamba,08:30/10:29,,0,0,,GEO,,
12334,GEO 303E,GEO,LS,Cadastre,,Mustafa Yanalak,INB,Pazartesi,11:30/13:29,,50,40,,"GEO, GEOE",,
12335,GEO 307,GEO,LS,Kartografya II,,Nesibe Necla Uluğtekin,INB,Perşembe,08:30/10:29,,50,39,,GEO,,
12336,GEO 307E,GEO,LS,Cartography II,,Ahmet Özgür Doğru,INB,Perşembe,10:30/12:29,,50,41,,"GEO, GEOE",,
12337,GEO 309,GEO,LS,Fotogrametri I,,"Zaide Duran, Fatma Gönül Toz",INB,Salı,08:30/10:29,,52,58,,GEO,,
12338,GEO 309E,GEO,LS,Photogrammetry I,,"Zaide Duran, Fatma Gönül Toz",INB,Perşembe,08:30/10:29,,50,45,,"GEO, GEOE",,
12339,GEO 311E,GEO,LS,Geodetic Infrast. and Network,,Mustafa Tevfik Özlüdemir,INB,Cuma,14:30/16:29,,50,22,,"GEO, GEOE",,
12340,GEO 311,GEO,LS,Jeodezik Altyapı ve Ağlar,,"Serdar Erol, Bihter Erol",INB,Cuma,14:30/16:29,,52,53,,"GEO, JDF",,
12341,GEO 311E,GEO,LS,Geodetic Infrast. and Network,,Rahmi Nurhan Çelik,INB,Çarşamba,08:30/10:29,,50,14,,"GEO, GEOE",,
12342,GEO 313E,GEO,LS,Digital Image Processing,,Hilal Gonca Coşkun,INB,Çarşamba,10:30/13:29,,50,54,,"GEO, GEOE",,
12343,GEO 313E,GEO,LS,Digital Image Processing,,Ayşe Filiz Sunar,INB,Salı,13:30/16:29,,50,15,,"GEO, GEOE",,
12344,GEO 313E,GEO,LS,Digital Image Processing,,--,INB,Pazartesi,13:30/16:29,,0,0,,"GEO, GEOE",,
12346,GEO 315E,GEO,LS,Fund. of Geographic Inf. Sys.,,Dursun Zafer Şeker,INB,Çarşamba,08:30/10:29,,59,74,,"GEO, GEOE, JDF",,
12347,GEO 315E,GEO,LS,Fund. of Geographic Inf. Sys.,,Nesibe Necla Uluğtekin,INB,Salı,08:30/10:29,,40,39,,"GEO, GEOE, JDF",,
12348,GEO 401,GEO,LS,Fiziksel Jeodezi,,Bihter Erol,INB,Pazartesi,08:30/10:29,,50,31,,"GEO, JDF",,
12349,GEO 401E,GEO,LS,Physical Geodesy,,Bihter Erol,INB,Pazartesi,13:30/15:29,,50,35,,"GEO, GEOE",,
12350,GEO 417,GEO,LS,Jeodezik Astronomi,,Serdar Erol,INB,Pazartesi,12:30/14:29,,40,19,,GEO,,
12351,GEO 417E,GEO,LS,Geodetic Astronomy,,Caner Güney,INB,Pazartesi,11:30/13:29,,40,16,,"GEO, GEOE",,
12352,GEO 429E,GEO,LS,Close Range Photogrammetry,,Dursun Zafer Şeker,INB,Salı,11:30/13:29,,40,42,,"GEO, GEOE",,
12353,GEO 458E,GEO,LS,City Planning,,Hüseyin Murat Çelik,INB,Perşembe,13:30/15:29,,40,19,,"GEO, GEOE",,
12354,GEO 460,GEO,LS,Yol Planlaması ve İnşaatı,,"Murat Ergün, Adem Faik İyinam",INB,Perşembe,08:30/10:29,,40,30,,"GEO, JDF",,
12355,GEO 460E,GEO,LS,Road Design and Construction,,"Murat Ergün, Adem Faik İyinam",INB,Salı,15:30/17:29,,40,23,,"GEO, GEOE",,
12356,GEO 464E,GEO,LS,Eng. Spatial Sys. Design,,--,INB,Cuma,10:30/12:29,,0,0,,"GEO, GEOE",,
12357,GEO 4901,GEO,LS,Geomatik Müh. Tasarımı I,,Mustafa Yanalak,---,,/,,500,24,,GEO,,
12358,GEO 4901E,GEO,LS,Geomatics Eng. Design I,,Mustafa Yanalak,---,,/,,500,16,,"GEO, GEOE",,
12359,GEO 403,GEO,LS,CBS Projeleri,,--,INB,Perşembe,12:30/15:29,,0,0,,GEO,,
12360,GEO 403,GEO,LS,CBS Projeleri,,"Dursun Zafer Şeker, Caner Güney, Hande Demirel, Nesibe Necla Uluğtekin",INB,Perşembe,12:30/15:29,,20,22,,GEO,,
12361,GEO 403E,GEO,LS,GIS Projects,,"Uğur Algancı, Ahmet Özgür Doğru, Filiz Bektaş Balçık, Himmet Karaman",INB,Perşembe,12:30/15:29,,23,22,,"GEO, GEOE",,
12362,GEO 403E,GEO,LS,GIS Projects,,--,INB,Perşembe,12:30/15:29,,0,0,,"GEO, GEOE",,
12363,GEO 454E,GEO,LS,Rem.Sens. for Nat. Res. Man.,,Filiz Bektaş Balçık,INB,Salı,08:30/10:29,,40,5,,"GEO, GEOE",,
12364,GEO 425E,GEO,LS,Digital Image Processing II,,Ayşe Filiz Sunar,INB,Salı,10:30/12:29,,40,14,,"GEO, GEOE",,
12365,GEO 476,GEO,LS,Geo. Müh. Proje Planlama Yön.,,Reha Metin Alkan,INB,Çarşamba,13:30/15:29,,40,40,,GEO,,
12366,GEO 444,GEO,LS,Hesaplamalı Geometri,,Cengizhan İpbüker,INB,Cuma,10:30/12:29,,40,8,,GEO,,
12367,GEO 468,GEO,LS,UA'da Özel Konular,,Şinasi Kaya,INB,Perşembe,10:30/12:29,,40,16,,GEO,,
12368,GEO 468E,GEO,LS,Spec. Topics in Remote Sens.,,Elif Sertel,INB,Pazartesi,15:30/17:29,,40,18,,"GEO, GEOE",,
12369,GEO 423,GEO,LS,Kırsal Alan Düzenlemesi,,Gaye Onursal Denli,INB,Pazartesi,10:30/12:29,,30,12,,GEO,,
12370,GEO 478,GEO,LS,Kamulaştırma Tekniği,,Reha Metin Alkan,INB,Çarşamba,10:30/12:29,,40,19,,GEO,,
12372,GEO 462E,GEO,LS,Advance. Progr. in Geom. Eng.,,Ergin Tarı,INB,Çarşamba,08:30/10:29,,20,19,,"GEO, GEOE",,
12373,JDF 315E,JDF,LS,Coordinate Systems in Geodesy,,"Serdar Erol, Bihter Erol",INB,Pazartesi,15:30/17:29,,30,12,,"GEO, GEOE, JDF",,
12374,JDF 427,JDF,LS,Sayısal Arazi Modeli,,Zaide Duran,INB,Salı,11:30/13:29,,30,6,,"GEO, JDF",,
12375,JDF 435E,JDF,LS,Computer Aided Cartography,,Ahmet Özgür Doğru,INB,Cuma,08:30/11:29,,40,24,,"GEO, GEOE, JDF",,
12376,JDF 437E,JDF,LS,Cartogrphc Prsnt of Spatl Data,,--,INB,Cuma,08:30/11:29,,0,0,,"GEO, GEOE, JDF",,
12377,JDF 492,JDF,LS,Tasarım Projesi,,Mehmet Ufuk Özerman,---,,/,,500,11,,"GEO, JDF",,
12378,JDF 492E,JDF,LS,Design Project,,Mehmet Ufuk Özerman,---,,/,,500,4,,"GEO, GEOE, JDF",,
12379,BIL 100E,BIL,LS,Intr.to Prog.Language(PYTHON),,Onur Yılmaz Özcan,KMB,Çarşamba,08:30/11:29,,40,29,,"CEV, CEVE",,
12380,BIL 100E,BIL,LS,Intr.to Prog.Language(PYTHON),,Onur Yılmaz Özcan,KMB,Perşembe,14:30/17:29,,50,48,,"CEV, CEVE",,
12381,CEV 101,CEV,LS,Çevre Müh. Giriş ve Etik,,"İsmail Toröz, Fatma Gülen İskender",INB,Çarşamba,13:30/15:29,,60,85,,CEV,,
12382,CEV 101E,CEV,LS,Intr.to Environm. Eng.&Ethics;,,"Elif Pehlivanoğlu Mantaş, Gülsüm Emel Zengin Balcı",INB,Çarşamba,13:30/15:29,,60,88,,CEVE,,
12383,CEV 201,CEV,LS,Çevre Kimyası I,,"Nuray Işık Kabdaşlı, İsmail Toröz",INB,Pazartesi,13:30/16:29,,35,38,,CEV,,
12384,CEV 201E,CEV,LS,Enviromental Chemistry I,,"İdil Arslan Alaton, Elif Pehlivanoğlu Mantaş",INB,Salı,08:30/11:29,,60,67,,"CEV, CEVE",,
12385,CEV 201L,CEV,LS,Çevre Kimyası I Lab.,,"Nuray Işık Kabdaşlı, Tuğba Ölmez Hancı",INB,Salı,09:30/11:29,,25,20,,CEV,,
12386,CEV 201L,CEV,LS,Çevre Kimyası I Lab.,,"Serdar Doğruel, Onur Yılmaz Özcan",INB,Cuma,14:30/16:29,,25,23,,CEV,,
12387,CEV 201EL,CEV,LS,Enviromental Chemistry I Lab.,,"İdil Arslan Alaton, Elif Pehlivanoğlu Mantaş",INB,Perşembe,10:30/12:29,,25,31,,"CEV, CEVE",,
12388,CEV 211E,CEV,LS,Enviromental Chemistry I,,"Serdar Doğruel, Tuğba Ölmez Hancı",INB | INB,Cuma | Cuma,08:30/10:29 | 10:30/12:29,,30,12,,"CEV, CEVE",,
12389,CEV 203,CEV,LS,Çevre Mikrobiyolojisi,,Gülsüm Emel Zengin Balcı,INB | INB,Salı | Çarşamba,13:30/16:29 | 09:30/11:29,,25,16,,CEV,,
12390,CEV 203,CEV,LS,Çevre Mikrobiyolojisi,,Süleyman Övez,INB | INB,Çarşamba | Perşembe,08:30/11:29 | 10:30/12:29,,28,28,,CEV,,
12391,CEV 203E,CEV,LS,Environmental Microbiology,,Didem Okutman Taş,INB | INB,Pazartesi | Salı,13:30/16:29 | 14:30/16:29,,30,32,,"CEV, CEVE",,
12392,CEV 203E,CEV,LS,Environmental Microbiology,,Ebru Dülekgürgen,INB | INB,Pazartesi | Salı,08:30/11:29 | 12:30/14:29,,30,28,,"CEV, CEVE",,
12393,CEV 205,CEV,LS,Çevre Ekolojisi,,"Naciye Esra Genceli, Fatma Gülen İskender",INB,Pazartesi,10:30/12:29,,50,46,,CEV,,
12394,CEV 205E,CEV,LS,Environmental Ecology,,"Ebru Dülekgürgen, Özlem Karahan Özgün",INB,Çarşamba,13:30/15:29,,60,53,,"CEV, CEVE",,
12395,CEV 242,CEV,LS,Çevre Müh. İçin Hidroloji,,Çiğdem Gömeç,INB,Cuma,08:30/11:29,,60,72,,CEV,,
12396,CEV 242E,CEV,LS,Hydrlgy.for Environmental Eng.,,Alpaslan Ekdal,INB,Cuma,08:30/11:29,,50,50,,"CEV, CEVE",,
12397,CEV 303,CEV,LS,Teknik Resim (CAD),,Turan Erden,INB,Cuma,14:30/17:29,,50,50,,CEV,,
12398,CEV 303E,CEV,LS,Technical Drawing (CAD),,Özlem Karahan Özgün,INB,Cuma,14:30/17:29,,45,34,,"CEV, CEVE",,
12399,CEV 315,CEV,LS,Kentsel Planlama,,Özhan Ertekin,INB,Perşembe,10:30/12:29,,20,20,,CEV,,
12400,CEV 315E,CEV,LS,Urban Planning,,Hüseyin Murat Çelik,INB,Perşembe,10:30/12:29,,20,15,,"CEV, CEVE",,
12401,CEV 317E,CEV,LS,Urban Drainage,,Mahmut Ekrem Karpuzcu,INB,Perşembe,10:30/12:29,,25,22,,"CEV, CEVE",,
12402,CEV 301,CEV,LS,Kimyasal Prosesler,,Nuray Işık Kabdaşlı,INB,Perşembe,13:30/16:29,,55,67,,CEV,,
12403,CEV 301E,CEV,LS,Chemical Processes,,"İdil Arslan Alaton, Ayşe Erbil",INB,Perşembe,13:30/16:29,,55,56,,"CEV, CEVE",,
12404,CEV 329,CEV,LS,Katı Atık Yönetimi,,"İbrahim Demir, Bülent İnanç",INB,Çarşamba,08:30/12:29,,60,62,,CEV,,
12405,CEV 329E,CEV,LS,Solid Waste Management,,Osman Atilla Arıkan,INB,Salı,08:30/12:29,,60,56,,"CEV, CEVE",,
12406,DNK 201,DNK,LS,Dinamik,,Özge Özdemir,UUB,Perşembe,11:30/14:29,,50,54,,"DUI, EHB, ELE, ELH, ELK, FIZ, INS, JEO, KOM, KON, MTO, TEK, TEL, UCK, UCKM, UZB, UZBM",,
12407,CEV 305,CEV,LS,Su Kalitesi Yönetimi,,"Melike Gürel, Elif Pehlivanoğlu Mantaş",INB,Salı,13:30/16:29,,45,48,,CEV,,
12408,CEV 305E,CEV,LS,Water Quality Management,,"Melike Gürel, Elif Pehlivanoğlu Mantaş",INB,Pazartesi,08:30/11:29,,30,30,,"CEV, CEVE",,
12409,MUK 203,MUK,LS,Mukavemet I,,Zahit Mecitoğlu,UUB,Perşembe,08:30/11:29,,50,54,,"DEN, ELE, ELH, GEM, JEO, TEL, UCK, UCKM, UZB, UZBM",,
12410,CEV 305E,CEV,LS,Water Quality Management,,Ayşe Bilsen Baykal,INB,Salı,14:30/17:29,,45,36,,"CEV, CEVE",,
12411,MUK 203E,MUK,LS,Strength of Materials I,,Demet Balkan,UUB,Perşembe,08:30/11:29,,50,52,,"DEN, DENE, ELE, ELH, GEM, GEME, GEMK, JEO, JEOE, TEL, UCK, UCKE, UZB, UZBE",,
12412,CEV 345E,CEV,LS,Control&Autom.; in Env. Facil.,,"Hayrettin Güçlü İnsel, Mustafa Evren Erşahin",INB,Çarşamba,13:30/15:29,,50,55,,"CEV, CEVE",,
12413,MUK 203E,MUK,LS,Strength of Materials I,,Aytaç Arıkoğlu,UUB,Perşembe,08:30/11:29,,50,51,,"DEN, DENE, ELE, ELH, GEM, GEME, GEMK, JEO, JEOE, TEL, UCK, UCKE, UZB, UZBE",,
12414,CEV 347,CEV,LS,Temel İşlemler,,"Nazik Artan, Hüseyin Erdem Görgün",INB,Pazartesi,13:30/16:29,,60,60,,CEV,,
12415,UZB 232,UZB,LS,Isı Geçişi,,Ahmet Cihat Baytaş,UUB,Çarşamba,11:30/14:29,,50,38,,"UCK, UZB",,
12416,CEV 347E,CEV,LS,Unit Operations,,"Seval Sözen, Rüya Taşlı",INB,Pazartesi,13:30/16:29,,60,79,,"CEV, CEVE",,
12417,UZB 232E,UZB,LS,Heat Transfer,,Fırat Oğuz Edis,UUB,Çarşamba,11:30/14:29,,50,50,,"UCK, UCKE, UZB, UZBE",,
12418,CEV 427,CEV,LS,Çevre Modellemesi Esasları,,"Burçak Kaynak Tezel, Alpaslan Ekdal",INB,Salı,14:30/17:29,,45,39,,CEV,,
12419,UZB 232E,UZB,LS,Heat Transfer,,Bülent Tutkun,UUB,Çarşamba,11:30/14:29,,50,23,,"UCK, UCKE, UZB, UZBE",,
12420,CEV 427E,CEV,LS,Environmental Model.Principles,,"Burçak Kaynak Tezel, Alpaslan Ekdal",INB,Çarşamba,08:30/11:29,,45,40,,"CEV, CEVE",,
12421,MAT 271E,MAT,LS,Probability and Statistics,,Fırat Oğuz Edis,UUB,Perşembe,11:30/14:29,,50,56,,"BIO, BIOE, BLG, BLGE, CEV, CEVE, CHZ, CHZE, DEN, DENE, EHB, EHBE, EHN, ELE, ELH, ELK, ELKE, EUT, EUTE, FIZ, FIZE, GEM, GEME, GEMK, GEO, GEOE, GID, GIDE, IML, IMLE, INS, INSE, JEF, JEFE, JEO, JEOE, KMM, KMME, KOM, KOME, KON, KONE, MAD, MADE, MAK, MAKE, MET, METE, MTO, MTOE, PET, PETE, SBP, SBPE, SEH, TEK, TEKE, TEL, UCK, UCKE, UZB, UZBE",,
12422,CEV 429,CEV,LS,Endüstriyel Kirlenme Kontrolü,,"Fatma Fatoş Babuna, Kadir Alp",INB,Cuma,14:30/17:29,,45,43,,CEV,,
12423,UZB 318E,UZB,LS,Finite Element Method,,Vedat Ziya Doğan,UUB,Perşembe,14:30/17:29,,50,51,,"UCK, UCKE, UCKM, UZB, UZBE, UZBM",,
12424,CEV 429E,CEV,LS,Industrial Pollution Control,,"Emine Çokgör, Tuğba Ölmez Hancı",INB,Cuma,14:30/17:29,,50,52,,"CEV, CEVE",,
12425,CEV 433,CEV,LS,Tehlikeli Atık Yönetimi,,"İsmail Toröz, Özlem Karahan Özgün",INB,Cuma,10:30/12:29,,45,25,,CEV,,
12426,CEV 433E,CEV,LS,Hazardous Waste Management,,"Fatma Fatoş Babuna, Özlem Karahan Özgün",INB,Perşembe,10:30/12:29,,55,58,,"CEV, CEVE",,
12427,CEV 437,CEV,LS,Atıksu Arıtma Tesisi Tas.,,"İzzet Öztürk, Hale Özgün, Nevin Yağcı, İsmail Koyuncu",INB | INB | INB,Pazartesi | Pazartesi | Perşembe,13:30/15:29 | 15:30/17:29 | 08:30/10:29,,45,36,,CEV,,
12428,CEV 437E,CEV,LS,Wastewater Treat. Plant Design,,"Hayrettin Güçlü İnsel, Derya Yüksel İmer, Mustafa Evren Erşahin",INB | INB | INB,Pazartesi | Pazartesi | Perşembe,13:30/15:29 | 15:30/17:29 | 08:30/10:29,,45,29,,"CEV, CEVE",,
12429,CEV 439E,CEV,LS,Landfill Design and Operation,,"Osman Atilla Arıkan, İbrahim Demir",INB,Perşembe,13:30/15:29,,25,20,,"CEV, CEVE",,
12430,CEV 443,CEV,LS,Hava Kirlenmesi Kont.Sist.Tas.,,--,INB,Çarşamba,08:30/10:29,,0,0,,CEV,,
12431,CEV 443E,CEV,LS,Dsgn.of Air Polluti.Cont.Syst.,,--,INB,Salı,10:30/12:29,,0,0,,"CEV, CEVE",,
12432,CEV 445E,CEV,LS,Dsgn&Operat.Anaero.T..,,--,INB,Pazartesi,10:30/12:29,,0,0,,"CEV, CEVE",,
12433,CEV 447,CEV,LS,Arazide Arıtma Sistemleri,,Mustafa Sait Yazgan,INB,Pazartesi,10:30/12:29,,25,28,,CEV,,
12434,CEV 447E,CEV,LS,Land Treatment Systems,,Mahmut Ekrem Karpuzcu,INB,Salı,10:30/12:29,,25,25,,"CEV, CEVE",,
12435,CEV 471,CEV,LS,Çevre Mühendisliğinde Etik,,Fatma Gülen İskender,INB,Salı,13:30/14:29,,45,39,,CEV,,
12436,CEV 471E,CEV,LS,Ethics in Environmental Eng.,,İdil Arslan Alaton,INB,Salı,13:30/14:29,,50,50,,"CEV, CEVE",,
12437,UZB 331,UZB,LS,Hava Uzay Yapıları,,Metin Orhan Kaya,UUB,Cuma,08:30/11:29,,60,86,,"UCK, UCKM, UZB, UZBM",,
12438,UZB 331E,UZB,LS,Aerospace Structures,,İbrahim Özkol,UUB,Cuma,08:30/11:29,,60,69,,"UCK, UCKE, UZB, UZBE",,
12439,UZB 331E,UZB,LS,Aerospace Structures,,Aytaç Arıkoğlu,UUB,Cuma,08:30/11:29,,60,49,,"UCK, UCKE, UZB, UZBE",,
12440,UZB 341,UZB,LS,Ölçme Tekniği,,İdil Fenercioğlu Aydın,UUB,Perşembe,08:30/11:29,,30,34,,"UCK, UZB",,
12441,UZB 341,UZB,LS,Ölçme Tekniği,,Duygu Erdem,UUB,Cuma,14:30/17:29,,30,37,,"UCK, UZB",,
12442,UZB 341E,UZB,LS,Measurement Techniques,,Nuriye Leman Okşan Çetiner Yıldırım,UUB,Salı,14:30/17:29,,30,33,,"UCK, UCKE, UZB, UZBE",,
12443,UZB 341E,UZB,LS,Measurement Techniques,,İdil Fenercioğlu Aydın,UUB,Pazartesi,14:30/17:29,,30,36,,"UCK, UCKE, UZB, UZBE",,
12444,UCK 351,UCK,LS,Aerodinamik,,"Mahmut Adil Yükselen, Gökhan İnalhan",UUB | UUB,Pazartesi | Salı,09:30/11:29 | 12:30/14:29,,50,46,,"UCK, UCKM, UZB, UZBM",,
12445,UCK 351,UCK,LS,Aerodinamik,,Ayşe Gül Güngör,UUB | UUB,Pazartesi | Salı,09:30/11:29 | 12:30/14:29,,50,50,,"UCK, UCKM, UZB, UZBM",,
12446,UCK 351E,UCK,LS,Aerodynamics,,Melike Nikbay,UUB | UUB,Pazartesi | Salı,09:30/11:29 | 12:30/14:29,,55,62,,"UCK, UCKE, UZB, UZBE",,
12447,UCK 351E,UCK,LS,Aerodynamics,,Bayram Çelik,UUB | UUB,Pazartesi | Salı,09:30/11:29 | 12:30/14:29,,55,65,,"UCK, UCKE, UZB, UZBE",,
12448,UCK 353E,UCK,LS,Aerospace Materials,,Hülya Cebeci,UUB,Salı,14:30/17:29,,50,48,,"UCK, UCKE, UCKM, UZBE, UZBM",,
12449,UCK 353E,UCK,LS,Aerospace Materials,,Hülya Cebeci,UUB,Çarşamba,11:30/14:29,,50,14,,"UCK, UCKE, UCKM, UZBE, UZBM",,
12450,UCK 215E,UCK,LS,Aerospace Materials,,"Hülya Cebeci, Nuri Solak",MDB,Salı,08:30/12:29,,120,120,,"UCK, UZBE, UZBM",,
12451,UCK 361E,UCK,LS,Design of Machine Elements,,Halit Süleyman Türkmen,UUB,Salı,08:30/11:29,,60,63,,"UCK, UCKE, UCKM, UZB, UZBE, UZBM",,
12452,UCK 361E,UCK,LS,Design of Machine Elements,,Halit Süleyman Türkmen,UUB,Çarşamba,08:30/11:29,,60,58,,"UCK, UCKE, UCKM, UZB, UZBE, UZBM",,
12453,UZB 411E,UZB,LS,Space Environment,,Zerefşan Kaymaz,UUB,Perşembe,08:30/11:29,,85,124,,"MTO, MTOE, UZB, UZBE, UZBM",,
12454,UCK 421,UCK,LS,Tepki ile Tahrik,,Ali Kodal,UUB,Pazartesi,14:30/17:29,,50,28,,"UCK, UCKM",,
12455,UCK 421E,UCK,LS,Jet Propulsion Principles,,Ali Kodal,UUB,Perşembe,11:30/14:29,,50,51,,"UCK, UCKE",,
12456,UZB 421E,UZB,LS,Attitude Determination & Ctrl.,,Cengiz Hacızade,UUB,Perşembe,11:30/14:29,,65,66,,"KOM, KOME, UZB, UZBE, UZBM",,
12457,UZB 437E,UZB,LS,Introduction to Robotics,,Turgut Berat Karyot,UUB,Cuma,08:30/11:29,,25,18,,"FIZ, FIZE, UCK, UCKE, UCKM, UZB, UZBE, UZBM",,
12458,UCK 441E,UCK,LS,Flight Stability and Control,,Emre Koyuncu,UUB,Salı,08:30/11:29,,30,42,,"UCK, UCKE, UCKM",,
12459,UCK 441E,UCK,LS,Flight Stability and Control,,Elbrus Caferov,UUB,Pazartesi,14:30/17:29,,30,25,,"UCK, UCKE, UCKM",,
12460,UZB 441E,UZB,LS,Rocket Propulsion,,Bülent Tutkun,UUB,Perşembe,14:30/17:29,,75,87,,"UZB, UZBE, UZBM",,
12461,UCK 451E,UCK,LS,Principles of Aircraft Design,,Hayri Acar,UUB,Salı,14:30/17:29,,50,32,,"UCK, UCKE, UCKM",,
12462,UCK 451E,UCK,LS,Principles of Aircraft Design,,Hayri Acar,UUB,Perşembe,14:30/17:29,,50,45,,"UCK, UCKE, UCKM",,
12463,UCK 362E,UCK,LS,Automatic Control,,Elbrus Caferov,UUB,Cuma,14:30/17:29,,50,52,,"MAKM, UCK, UCKE, UCKM, UZB, UZBE, UZBM",,
12464,UCK 457,UCK,LS,Havayolu İşletmeciliği,,Caner Şentürk,UUB,Çarşamba,08:30/11:29,,30,31,,"UCK, UZB",,
12465,UCK 459E,UCK,LS,Helicopter Theory,,Özge Özdemir,UUB,Çarşamba,11:30/14:29,,25,24,,"UCK, UCKE, UZB, UZBE, UZBM",,
12466,UCK 468E,UCK,LS,"Guidance, Control & Navigation",,İsmail Bayezit,UUB,Perşembe,08:30/11:29,,25,20,,"UCK, UCKE, UZB, UZBE, UZBM",,
12467,UZB 487E,UZB,LS,CAD/CAM,,Hüsnü Barbaros Soyer,UUB,Cuma,08:30/11:29,,25,23,,"UCK, UCKE, UCKM, UZB, UZBE, UZBM",,
12468,BIL 110E,BIL,LS,Intr. to Prog. Language (C),,Ramazan Yeniçeri,UUB,Salı,09:30/12:29,,50,88,,"UCK, UZB, UZBE",,
12469,BIL 110E,BIL,LS,Intr. to Prog. Language (C),,İsmail Bayezit,UUB,Çarşamba,12:30/15:29,,50,93,,"UCK, UZB, UZBE",,
12470,BIL 110E,BIL,LS,Intr. to Prog. Language (C),,Ramazan Yeniçeri,UUB,Perşembe,13:30/16:29,,50,87,,"UCK, UZB, UZBE",,
12471,UZB 352E,UZB,LS,Orbital Mechanics,,Kemal Bülent Yüceil,UUB,Perşembe,14:30/17:29,,55,54,,"UZB, UZBE, UZBM",,
12472,UCK 322E,UCK,LS,Flight Mechanics,,Hayri Acar,UUB,Pazartesi,11:30/14:29,,55,58,,"UCK, UCKE, UCKM",,
12473,UCK 322E,UCK,LS,Flight Mechanics,,Emre Koyuncu,UUB,Pazartesi,11:30/14:29,,55,56,,"UCK, UCKE, UCKM",,
12474,AKM 215,AKM,LS,Akışkanlar Mekaniği II,,Nuriye Leman Okşan Çetiner Yıldırım,UUB,Salı,09:30/11:29,,50,50,,UCK,,
12475,AKM 215E,AKM,LS,Fluid Mechanics II,,Nuriye Leman Okşan Çetiner Yıldırım,UUB,Çarşamba,09:30/11:29,,50,43,,"UCK, UZB, UZBE",,
12476,UCK 363E,UCK,LS,Automatic Control II,,İsmail Bayezit,UUB,Perşembe,12:30/14:29,,75,72,,"UCK, UCKM, UZB, UZBE",,
12477,UCK 435E,UCK,LS,Design of Aerospace Structures,,--,UUB,Salı,09:30/12:29,,0,0,,"UCKM, UZBE, UZBM",,
12478,UZB 386E,UZB,LS,Boundary Layer Theory,,Ayşe Gül Güngör,UUB,Pazartesi,11:30/14:29,,25,22,,"UCK, UCKE, UCKM, UZB, UZBE, UZBM",,
12479,UCK 492,UCK,LS,Bitirme Çalışması,,Cengiz Hacızade,---,,/,,500,14,,UCK,,
12480,UCK 492E,UCK,LS,Graduation Project,,Cengiz Hacızade,---,,/,,500,9,,"UCK, UCKE",,
12481,UZB 492,UZB,LS,Bitirme Çalışması,,--,---,,/,,0,0,,UZB,,
12482,UZB 492E,UZB,LS,Graduation Project,,Zahit Mecitoğlu,---,,/,,500,21,,"UZB, UZBE",,
12483,GEM 101,GEM,LS,Gemi İnş.&Gem.Mak.M;..,,Şebnem Helvacıoğlu,GDB,Salı,10:30/12:29,,70,49,,GEM,,
12484,BIL 100E,BIL,LS,Intr.to Prog.Language(PYTHON),,Bahadır Uğurlu,GDB,Perşembe,08:30/11:29,,40,39,,GEM,,
12485,DNK 201E,DNK,LS,Dynamics,,Adnan Kefal,GDB,Çarşamba,09:30/12:29,,70,74,,"DEN, DENE, DUI, DUIE, DUIK, EHB, EHBE, ELE, ELH, ELK, ELKE, FIZ, FIZE, GEM, GEME, GEMK, GMI, GMIE, INS, INSE, JEO, JEOE, KOM, KOME, KON, KONE, MAD, MAT, MATE, MTO, PETE, TEK, TEL, UCK, UCKE, UZB, UZBE",,
12486,GEM 211,GEM,LS,Gemi Geometrisi,,Reyhan Özsoysal,GDB,Cuma,13:30/16:29,,30,25,,"DEN, GEM, GEMM",,
12487,GEM 211,GEM,LS,Gemi Geometrisi,,"Fuzuli Ağrı Akçay, Barış Barlas",GDB,Cuma,13:30/16:29,,30,25,,"DEN, GEM, GEMM",,
12488,MAL 201,MAL,LS,Malzeme Bilimi,,Necip Ünlü,GDB,Pazartesi,10:30/13:29,,70,64,,GEM,,
12489,MAT 202,MAT,LS,Sayısal Yöntemler,,İsmail Yalçın,GDB,Perşembe,13:30/16:29,,50,52,,"CEV, CHZ, DEN, EHB, ELE, ELH, ELK, GEM, GEO, GID, IML, INS, ISL, JEF, JEO, KOM, KON, MAD, MAK, MET, PET, TEK, TEL",,
12490,MUK 209,MUK,LS,Mukavemet I,,Reyhan Özsoysal,GDB,Salı,13:30/17:29,,41,44,,GEM,,
12491,MUK 209,MUK,LS,Mukavemet I,,--,GDB,Salı,13:30/17:29,,0,0,,GEM,,
12492,BIL 113E,BIL,LS,Intr.to Sci& Eng.Comp.(MATLAB),,Erdem Üçer,INB,Perşembe,08:30/11:29,,40,54,,"GEM, GEME",,
12493,GEM 313E,GEM,LS,Marine Engines,,Oğuz Salim Söğüt,GDB,Perşembe,13:30/17:29,,50,41,,"GEM, GEME",,
12494,GEM 313,GEM,LS,Gemi Makinaları,,Ahmet Ergün Palaz,GDB,Perşembe,13:30/17:29,,70,26,,"GEM, GEMM",,
12495,GEM 321E,GEM,LS,Ship Theory,,Metin Taylan,GDB | GDB,Pazartesi | Cuma,13:30/15:29 | 13:30/15:29,,70,52,,"GEM, GEME, GEMK",,
12496,GEM 322,GEM,LS,Gemi Mukavemeti,,Ertekin Bayraktarkatal,GDB | GDB,Salı | Çarşamba,10:30/12:29 | 13:30/15:29,,50,51,,"GEM, GEMM",,
12497,GEM 331,GEM,LS,Gemi Işletmeciliği,,Erdem Üçer,GDB,Cuma,08:30/10:29,,70,50,,"GEM, GEMM",,
12498,GEM 329,GEM,LS,Deniz ve İş Hukuku,,H Murat Demirkıran,GDB,Perşembe,10:30/12:29,,70,30,,GEM,,
12499,GEM 331E,GEM,LS,Shipping Economics,,--,GDB,Cuma,08:30/10:29,,0,0,,"GEME, GEMK",,
12500,GEM 327E,GEM,LS,Ship Hydrodynamics(Resistance),,Ömer Gören,GDB,Salı,08:30/10:29,,70,70,,"GEM, GEME",,
12501,GEM 325,GEM,LS,Gemi Yapı Elemanları,,Yalçın Ünsan,GDB | GDB,Pazartesi | Cuma,10:30/12:29 | 10:30/12:29,,70,41,,GEM,,
12502,MAD 205,MAD,LS,Mineraloji ve Petrografi,,Şenel Özdamar,MDB,Cuma,08:30/12:29,,65,52,,MAD,,
12503,MAD 211E,MAD,LS,Mineralogy,,Şenel Özdamar,MDB,Çarşamba,08:30/11:29,,30,10,,"MAD, MADE",,
12504,GEM 411,GEM,LS,Gemi Tasarımı Projesi I,,"Ömer Gören, Devrim Bülent Danışman, Ertekin Bayraktarkatal, Metin Taylan, Osman Azmi Özsoysal, Selma Ergin, Uğur Oral Ünal, Yalçın Ünsan, İsmail Yalçın, Şebnem Helvacıoğlu",GDB,Çarşamba,10:30/12:29,,70,46,,GEM,,
12505,GEM 411E,GEM,LS,Ship Design Project I,,Emin Korkut,GDB,Çarşamba,10:30/12:29,,40,1,,"GEME, GEMK",,
12506,GEM 413,GEM,LS,Gemilerin Yapısal Dizaynı,,Gökhan Tansel Tayyar,GDB,Cuma,13:30/16:29,,20,17,,GEM,,
12507,GEM 320,GEM,LS,Hesap. Akışkanlar Dinam.Gir.,,Uğur Oral Ünal,GDB,Cuma,13:30/16:29,,20,26,,GEM,,
12508,GEM 415E,GEM,LS,Computer Aided Ship ..,,Devrim Bülent Danışman,GDB,Salı,13:30/16:29,,20,11,,"GEM, GEME, GEMK",,
12509,GEM 453E,GEM,LS,Automatic Control of Ships,,Ahmet Ergün Palaz,GDB,Salı,13:30/16:29,,20,19,,"GEM, GEME, GEMK",,
12510,GEM 445,GEM,LS,Gemi Boru Donanımları,,Osman Azmi Özsoysal,GDB,Salı,13:30/15:29,,25,29,,GEM,,
12511,GEM 417E,GEM,LS,Sailing Yacht Design,,Şebnem Helvacıoğlu,GDB,Pazartesi,08:30/10:29,,20,11,,"GEM, GEME, GEMK, GEMM",,
12512,GEM 423E,GEM,LS,Advanced Propulsion Systems,,Ali Can Takinacı,GDB,Çarşamba,13:30/15:29,,20,14,,"GEM, GEME, GEMK",,
12513,GEM 447E,GEM,LS,Vent & Air Cond Sys For Ships,,Selma Ergin,GDB,Pazartesi,08:30/10:29,,25,30,,"DEN, DENE, GEM, GEME, GEMK",,
12514,GEM 421,GEM,LS,Gemi Hareket ve Manevraları,,Ömer Gören,GDB | GDB,Pazartesi | Çarşamba,10:30/12:29 | 08:30/10:29,,70,56,,"GEM, GEMM",,
12515,CAB 765,CAB,LS,Toplu Uygulama VII (TSM),,Hatice Doğan Sevinç,TMB | TMB,Pazartesi | Cuma,15:30/17:29 | 13:30/15:29,,25,5,,"CAB, CGM1, CGM2, CGM3, CGM4, CGM5, CGM8",,
12516,GEM 421E,GEM,LS,Ship Motions and Maneuvering,,Şakir Bal,GDB | GDB,Pazartesi | Çarşamba,10:30/12:29 | 08:30/10:29,,40,2,,"GEME, GEMK",,
12517,GEM 427,GEM,LS,Makina Dairesi Dizayn Prensipl,,Osman Azmi Özsoysal,GDB,Cuma,10:30/12:29,,40,37,,GEM,,
12518,GMI 311,GMI,LS,Gemi Makineleri Operasyonu I,,--,GDB,Cuma,10:30/13:29,,0,0,,"GEM, GMI",,
12519,GEM 492,GEM,LS,Bitirme Tasarım Projesi,,Emin Korkut,---,,/,,500,9,,GEM,,
12520,GEM 492E,GEM,LS,Graduation Design Project,,Emin Korkut,---,,/,,500,6,,"GEM, GEME, GEMK",,
12521,DEN 101,DEN,LS,Gemi&Deniz; Tek.Müh...,,Ayhan Menteş,GDB,Çarşamba,13:30/15:29,,90,84,,DEN,,
12522,DEN 211,DEN,LS,Mühendislik Tasarımına Giriş,,"Kadir Sarıöz, Ebru Sarıöz",GDB,Pazartesi,10:30/12:29,,60,45,,DEN,,
12523,MUK 203,MUK,LS,Mukavemet I,,Serdar Aytekin Köroğlu,GDB,Salı,09:30/12:29,,50,51,,"DEN, ELE, ELH, GEM, JEO, TEL, UCK, UZB",,
12524,MAT 202,MAT,LS,Sayısal Yöntemler,,"Abdi Kükner, Deniz Bayraktar Bural",GDB,Çarşamba,09:30/12:29,,45,37,,"CEV, CHZ, DEN, EHB, ELE, ELH, ELK, GEM, GEO, GID, IML, INS, ISL, JEF, JEO, KOM, KON, MAD, MAK, MET, PET, TEK, TEL",,
12525,GEM 211,GEM,LS,Gemi Geometrisi,,Burak Karacık,GDB,Perşembe,09:30/12:29,,45,47,,DEN,,
12526,DNK 201E,DNK,LS,Dynamics,,Ceren Bilgin Güney,GDB,Perşembe,13:30/16:29,,65,65,,"DEN, DENE, DUI, DUIE, DUIK, EHB, EHBE, ELE, ELH, ELK, ELKE, FIZ, FIZE, GEM, GEME, GEMK, GMI, GMIE, INS, INSE, JEO, JEOE, KOM, KOME, KON, KONE, MAD, MAT, MATE, MTO, PETE, TEK, TEL, UCK, UCKE, UZB, UZBE",,
12527,ISL 111E,ISL,LS,Intr. to Management Engin.,,"Nedime Lerzan Özkale, Nihan Yıldırım",MED,Çarşamba,13:30/15:29,,170,180,,"ISL, ISLE",,
12528,ISL 364,ISL,LS,İşletme Hukuku,,Çiçek Ersoy Kekevi,MED,Cuma,09:30/12:29,,100,83,,"ISL, ISLE",,
12529,ISL 213,ISL,LS,İstatistik I,,Suat Küçükçifçi,INB,Salı,13:30/16:29,,80,89,,"IMLM, ISL",,
12530,ISL 213E,ISL,LS,Statistics I,,Raziye Selim,FEB,Salı,09:30/12:29,,100,120,,ISLE,,
12531,ISL 223,ISL,LS,Üretim Yönetiminin Temelleri,,Hür Bersam Bolat,INB,Salı,09:30/12:29,,90,100,,"GID, ISL",,
12532,ISL 223E,ISL,LS,Fundm.of Production Management,,Hatice Camgöz Akdağ,MDB,Salı,13:30/16:29,,100,114,,"GIDE, ISL, ISLE",,
12533,ISL 224,ISL,LS,Maliyet Muhasebesi,,Hüseyin Mert,FEB,Cuma,09:30/12:29,,70,48,,"GID, IML, ISL",,
12534,ISL 233,ISL,LS,Mikroiktisat,,İbrahim Öner Günçavdı,UUB,Pazartesi,09:30/12:29,,80,56,,ISL,,
12535,ISL 233E,ISL,LS,Microeconomics,,Ayşe Aylin Bayar,EEB,Çarşamba,09:30/12:29,,100,84,,ISLE,,
12536,ISL 234E,ISL,LS,Management and Organization,,Zeynep Erden Bayazıt,EEB,Pazartesi,13:30/16:29,,60,70,,"GID, GIDE, ISL, ISLE",,
12537,MUZ 363,MUZ,LS,Fransızca I,,Yelda Tavukçuoğlu,TMB,Çarşamba,13:30/15:29,,18,16,,"MUZ, MUZE",,
12538,ISL 244E,ISL,LS,Macroeconomics,,Ahmet Atıl Aşıcı,KMB,Salı,13:30/16:29,,60,37,,"ISL, ISLE",,
12539,THO 314,THO,LS,Koreoloji II,,Nihal Cömert,TMB | TMB,Salı | Perşembe,08:30/10:29 | 15:30/17:29,,5,4,,THO,,
12540,ISL 323E,ISL,LS,Operations Research,,Dilay Çelebi,MDB,Perşembe,09:30/12:29,,90,93,,"ISL, ISLE",,
12541,ISL 323E,ISL,LS,Operations Research,,Dilay Çelebi,FEB,Perşembe,13:30/16:29,,90,93,,"ISL, ISLE",,
12542,ISL 333E,ISL,LS,Finance,,"Oktay Taş, Kaya Tokmakçıoğlu",FEB,Perşembe,09:30/12:29,,105,121,,"ISL, ISLE",,
12543,MUZ 380,MUZ,LS,Dini Müzik II,,Yalçın Çetinkaya,TMB,Çarşamba,10:30/12:29,,10,10,,"KMP, MTR, MUZ, SES",,
12544,ISL 333E,ISL,LS,Finance,,"Oktay Taş, Cumhur Enis Ekinci",KMB,Perşembe,13:30/16:29,,105,115,,"ISL, ISLE",,
12545,THO 112,THO,LS,Hareket Anatomisi II,,Nihal Cömert,TMB | TMB,Pazartesi | Çarşamba,16:30/17:29 | 08:30/09:29,,5,5,,THO,,
12546,ISL 334E,ISL,LS,Quality for Engineers,,Hatice Camgöz Akdağ,EEB,Çarşamba,09:30/12:29,,100,99,,"ISL, ISLE",,
12547,ISL 344E,ISL,LS,Strategic Manage. for Engin.,,Mehmet Erçek,EEB,Pazartesi,13:30/16:29,,90,76,,"ISL, ISLE",,
12548,ISL 344E,ISL,LS,Strategic Manage. for Engin.,,Mehmet Erçek,GDB,Salı,13:30/16:29,,90,80,,"ISL, ISLE",,
12549,MAL 201E,MAL,LS,Materials Science,,Duygu Ağaoğulları,GDB,Cuma,09:30/12:29,,65,62,,"BLGE, DEN, DENE, GEME",,
12550,ISL 353E,ISL,LS,Marketing,,Elif Karaosmanoğlu,MED,Çarşamba,12:30/15:29,,90,108,,"EUT, EUTE, ISL, ISLE",,
12551,ISL 363,ISL,LS,İnsan Kaynakları Yönetimi,,Fatma Küskü Akdoğan,FEB,Salı,09:30/12:29,,80,75,,ISL,,
12552,ISL 363E,ISL,LS,Human Resources Management,,İdil Vedia Evcimen,FEB,Pazartesi,09:30/12:29,,80,70,,"ISL, ISLE",,
12553,ISL 421E,ISL,LS,Organizational Behaviour,,İdil Vedia Evcimen,INB,Perşembe,13:30/16:29,,60,32,,"ISL, ISLE",,
12554,ISL 433,ISL,LS,İş Hukuku,,Mahmut Kabakcı,MED,Çarşamba,13:30/15:29,,120,82,,"ISL, ISLE",,
12555,DEN 326,DEN,LS,Bilg.Dest.Açık Deniz Yap.Hes.,,Hakan Akyıldız,GDB,Pazartesi,09:30/12:29,,25,21,,DEN,,
12556,ISL 439E,ISL,LS,Int.to Mach.Learn.with Bus.App,,Tolga Kaya,KMB,Salı,13:30/16:29,,30,19,,"ISL, ISLE",,
12557,DEN 327E,DEN,LS,Safety Mang.&Risk; Analy.,,Ayhan Menteş,GDB,Pazartesi,13:30/15:29,,50,44,,"DEN, DENE",,
12558,ISL 443,ISL,LS,Proje Tasarımı ve Yönetimi,,Hür Bersam Bolat,EEB,Perşembe,08:30/12:29,,85,82,,ISL,,
12559,AKM 205E,AKM,LS,Fluid Mechanics,,Burcu Erbaş,GDB | GDB,Salı | Cuma,13:30/16:29 | 13:30/15:29,,5,4,,"DEN, DENE, GEM, GEME, GEMK, MAK, MAKE, UCK, UCKE, UZB, UZBE",,
12560,ISL 443E,ISL,LS,Project Design and Manag.,,Nihan Yıldırım,KMB,Perşembe,13:30/17:29,,75,63,,"ISL, ISLE",,
12561,DEN 311E,DEN,LS,Maritime Law,,Hakan Muran,GDB,Salı,08:30/10:29,,1,1,,"DEN, DENE",,
12562,DEN 311,DEN,LS,Deniz Hukuku,,Hakan Muran,GDB,Salı,10:30/12:29,,20,17,,DEN,,
12564,ISL 453,ISL,LS,İşletme Müh. Tasarımı II,,Ferhan Çebi,EEB,Cuma,14:00/16:59,,80,80,,ISL,,
12565,DEN 345E,DEN,LS,Dynamics of Marine Ecosystems,,Sevil Deniz Yakan Dündar,GDB,Salı,13:30/16:29,,20,7,,"DEN, DENE",,
12566,ISL 453E,ISL,LS,Management Eng. Design II,,Ferhan Çebi,FEB,Cuma,09:30/12:29,,80,64,,"ISL, ISLE",,
12567,DEN 339,DEN,LS,Deniz Kirliliği,,Fatma Yonsel,GDB,Salı,13:30/15:29,,20,20,,DEN,,
12568,ISL 458E,ISL,LS,Intellectual Property Law,,Özgür Öztürk,MED,Pazartesi,13:30/16:29,,60,8,,"EUT, EUTE, ISL, ISLE",,
12570,ISL 462E,ISL,LS,Turkish Economy,,İbrahim Öner Günçavdı,INB,Salı,09:30/12:29,,60,53,,"ISL, ISLE",,
12571,ISL 492,ISL,LS,İşletme Müh. Tasarım Prj.,,Mahmut Kabakcı,---,,/,,500,22,,ISL,,
12572,DEN 341E,DEN,LS,Ship Theory,,Hakan Akyıldız,GDB,Çarşamba,08:30/11:29,,65,65,,"DEN, DENE",,
12573,ISL 492E,ISL,LS,Management Eng. Design Project,,Mahmut Kabakcı,---,,/,,500,36,,"ISL, ISLE",,
12574,DEN 431E,DEN,LS,Stgth of Shps & Offshr Strctrs,,Özgür Özgüç,GDB,Çarşamba,12:30/15:29,,60,54,,"DEN, DENE",,
12575,DEN 331E,DEN,LS,Cons.of Ship & Offshore Struc.,,--,GDB,Çarşamba,11:30/15:29,,0,0,,DENE,,
12576,DEN 349E,DEN,LS,Prdct.Princip.ofOffshore Units,,Özgür Özgüç,GDB,Perşembe,13:30/16:29,,40,34,,"DEN, DENE",,
12577,DEN 323E,DEN,LS,Wave Mechanics,,Şafak Nur Ertürk Bozkurtoğlu,GDB,Cuma,09:30/12:29,,40,25,,"DEN, DENE",,
12578,DEN 325E,DEN,LS,Adv. Manufacturing Process,,Necip Ünlü,GDB,Cuma,13:30/16:29,,55,59,,"DEN, DENE",,
12579,MTO 101,MTO,LS,Meteoroloji Müh. Giriş ve Etik,,Ahmet Duran Şahin,UUB,Perşembe,14:30/15:29,,40,64,,MTO,,
12581,MTO 111E,MTO,LS,Intr. to Atmospheric Sciences,,Ceyhan Kahya,UUB,Perşembe,08:30/11:29,,70,66,,"MTO, MTOE",,
12582,MAT 271,MAT,LS,Olasılık ve İstatistik,,Filiz Türk Katırcıoğlu,UUB,Cuma,09:30/12:29,,35,35,,"BIO, BLG, EHB, ELE, ELH, EUT, FIZ, GEM, GEO, GID, IML, INS, JEO, KMM, MET, MTO, PET, TEL, UCK, UZB",,
12583,MAT 271,MAT,LS,Olasılık ve İstatistik,,Filiz Türk Katırcıoğlu,UUB,Perşembe,11:30/14:29,,35,39,,"BIO, BLG, EHB, ELE, ELH, EUT, FIZ, GEM, GEO, GID, IML, INS, JEO, KMM, MET, MTO, PET, TEL, UCK, UZB",,
12584,MTO 313,MTO,LS,Meteo.Uzaktan Algılamanın Tem.,,Ahmet Öztopal,UUB,Cuma,08:30/11:29,,60,57,,MTO,,
12585,MTO 323E,MTO,LS,Atmospheric Chemistry,,Orhan Şen,UUB,Çarşamba,08:30/11:29,,12,22,,"MTO, MTOE",,
12586,MTO 222E,MTO,LS,Hydrology,,--,UUB | UUB,Çarşamba | Perşembe,13:30/15:29 | 14:30/16:29,,0,0,,"MTO, MTOE",,
12589,MTO 321E,MTO,LS,Weather Analysis and Predic. I,,Mikdat Kadıoğlu,UUB | UUB,Pazartesi | Salı,11:30/13:29 | 08:30/11:29,,35,25,,"MTO, MTOE",,
12591,MTO 337,MTO,LS,Atmosfer Dinamiği I,,Ali Deniz,UUB | UUB,Salı | Perşembe,11:30/13:29 | 12:30/14:29,,35,45,,"MTO, MTOM",,
12592,MTO 337E,MTO,LS,Atmospheric Dynamics I,,Yurdanur Ünal,UUB | UUB,Salı | Perşembe,11:30/13:29 | 12:30/14:29,,35,27,,"MTO, MTOE",,
12593,MTO 311E,MTO,LS,Data Analysis,,Kasım Koçak,UUB | UUB,Çarşamba | Perşembe,13:30/15:29 | 08:30/11:29,,50,49,,"MTO, MTOE",,
12594,DEN 412E,DEN,LS,Underwater Acoustics,,Ayşe Nazan Akman Pek,GDB,Pazartesi,12:30/14:29,,40,22,,"DEN, DENE",,
12595,MTO 225,MTO,LS,Güneş ve Yer Radyasyonu,,Hatice Sema Topçu,UUB,Perşembe,14:30/17:29,,61,61,,"FIZ, MTO",,
12597,DEN 421E,DEN,LS,Ship Propulsion,,"Abdi Kükner, Ömer Kemal Kınacı",GDB,Pazartesi,14:30/16:29,,10,4,,DENE,,
12600,MTO 479E,MTO,LS,Climate Change,,Yurdanur Ünal,UUB,Pazartesi,14:30/17:29,,10,8,,"MTO, MTOE",,
12601,MTO 447,MTO,LS,Hidrometri,,Kasım Koçak,UUB,Salı,08:30/11:29,,12,20,,MTO,,
12602,MTO 223,MTO,LS,Bilgisayar Grafiğine Giriş,,Barış Önol,UUB,Salı,14:30/17:29,,64,57,,MTO,,
12603,MTO 489,MTO,LS,Çevre Biyofiziği,,Levent Şaylan,UUB,Salı,08:30/11:29,,12,5,,MTO,,
12604,MTO 457,MTO,LS,Enerji Meteorolojisine Giriş,,"Hatice Sema Topçu, Şükran Sibel Menteş",UUB,Pazartesi,14:30/17:29,,11,15,,MTO,,
12605,DEN 439E,DEN,LS,Ballast Water Management,,Ceren Bilgin Güney,GDB,Salı,10:30/13:29,,15,9,,DEN,,
12606,MTO 457E,MTO,LS,Int. to Energy Meteorology,,Ahmet Duran Şahin,UUB,Perşembe,11:30/14:29,,11,15,,"MTO, MTOE",,
12607,GEM 314E,GEM,LS,Methods Of Ship Production,,"İsmail Hakkı Helvacıoğlu, Gökhan Tansel Tayyar",GDB,Salı,13:30/16:29,,60,33,,"DEN, DENE, GEM, GEME",,
12608,MTO 451E,MTO,LS,Oceanography,,Elçin Tan,UUB,Cuma,14:30/17:29,,15,27,,"MTO, MTOE",,
12610,DEN 411E,DEN,LS,Hydrod.of Ships&Offs..,,İsmail Hakkı Helvacıoğlu,GDB,Çarşamba,08:30/11:29,,10,3,,DENE,,
12611,DEN 411,DEN,LS,Gm & Dnz Yapıları Hidrodinamiğ,,İsmail Hakkı Helvacıoğlu,GDB,Perşembe,08:30/11:29,,40,35,,DEN,,
12612,ETK 101E,ETK,LS,Engineering Ethics,,Ceyhan Kahya,UUB,Perşembe,14:30/15:29,,35,38,,"CHZ, CHZE, EHB, EHBE, EHN, IML, IMLE, JEF, JEFE, JEO, JEOE, KOM, KOME, KON, KONE, MAD, MADE, MAK, MAKE, MTO, MTOE, PET, PETE, SEH, TEK, TEKE",,
12613,ETK 101,ETK,LS,Mühendislik Etiği,,Ahmet Duran Şahin,UUB,Perşembe,15:30/16:29,,35,42,,"CHZ, EHB, IML, JEF, JEO, KOM, KON, MAD, MAK, MTO, PET, TEK",,
12615,DEN 421,DEN,LS,Gemi Sevki,,"Abdi Kükner, Ömer Kemal Kınacı",GDB,Perşembe,13:30/15:29,,40,24,,DEN,,
12616,MTO 227,MTO,LS,Ekosistem Ekolojisi,,Barış Çaldağ,UUB,Pazartesi,14:30/17:29,,12,19,,MTO,,
12617,MTO 477E,MTO,LS,Numerical Weather Prediction,,Sevinç Asilhan,UUB,Perşembe,08:30/11:29,,10,12,,"MTO, MTOE",,
12618,MTO 497E,MTO,LS,Atmospheric Optics & Acoustics,,Deniz Demirhan Barı,UUB,Cuma,08:30/11:29,,15,21,,"FIZ, FIZE, MTO, MTOE",,
12619,MTO 411E,MTO,LS,Micrometeorology,,Ceyhan Kahya,UUB,Çarşamba,08:30/11:29,,52,53,,"MTO, MTOE, MTOM",,
12620,BIL 112E,BIL,LS,Intr.to Prog.Language(FORTRAN),,Ahmet Öztopal,UUB,Pazartesi,14:30/17:29,,25,32,,"MTO, MTOE",,
12621,MTO 361,MTO,LS,Hava Kirliliği Modellemesi,,Ceyhan Kahya,UUB,Cuma,14:30/17:29,,10,7,,MTO,,
12622,MTO 492,MTO,LS,Bitirme Çalışması,,Ahmet Duran Şahin,---,,/,,500,11,,MTO,,
12623,MTO 492E,MTO,LS,Graduation Project,,Ahmet Duran Şahin,---,,/,,500,4,,"MTO, MTOE",,
12624,DEN 436E,DEN,LS,Ecotoxicology in the Marine En,,Oya Okay,GDB,Cuma,08:30/10:29,,15,14,,"DEN, DENE",,
12625,DEN 429E,DEN,LS,Inr. to the Analysis of Oce.Da,,Bilge Tutak,GDB,Cuma,08:30/11:29,,15,6,,"DEN, DENE",,
12626,DEN 422E,DEN,LS,Marine Structures Project II,,"Hakan Akyıldız, Abdi Kükner, Serdar Aytekin Köroğlu, Ömer Kemal Kınacı, Özgür Özgüç, İsmail Hakkı Helvacıoğlu",GDB,Cuma,15:30/17:29,,40,17,,"DEN, DENE",,
12628,DEN 492,DEN,LS,Bitirme Çalışması,,İsmail Hakkı Helvacıoğlu,GDB,,/,,500,15,,DEN,,
12629,DEN 492E,DEN,LS,Graduation Project,,İsmail Hakkı Helvacıoğlu,GDB,,/,,500,6,,"DEN, DENE",,
12630,BEN 102,BEN,LS,Microbiology,,Hatice Funda Karbancıoğlu Güler,KMB | KMB,Çarşamba | Çarşamba,10:30/12:29 | 13:30/15:29,,40,11,,"MBI, MCB",,
12632,BEN 111,BEN,LS,Intr. to Bioengineering,,Melek Mümine Erol Taygun,KMB,Cuma,10:30/12:29,,40,2,,MBI,,
12633,BEN 321,BEN,LS,Reac. Kin&Reac.; Des..,,"Hüsnü Atakül, Ahmet Sirkecioğlu",KMB,Perşembe,09:30/12:29,,40,12,,MBI,,
12634,BEN 323,BEN,LS,Material Science,,Muhammet Kürşat Kazmanlı,KMB,Pazartesi,13:30/16:29,,40,11,,MBI,,
12635,BEN 335,BEN,LS,Biosensors,,--,KMB,Pazartesi,08:30/11:29,,0,0,,MBI,,
12636,BEN 337,BEN,LS,Biofuels and Bioenergy,,Serdar Yaman,KMB,Salı,09:30/12:29,,40,11,,MBI,,
12637,BEN 352,BEN,LS,Transp. Process in Bioengin.,,Şerife Birgül Ersolmaz,KMB,Cuma,09:30/12:29,,40,12,,MBI,,
12638,CMP 103,CMP,LS,Intr. to Comp. & Info. Sys.,,Erke Arıbaş,KMB,Pazartesi,12:30/14:29,,40,2,,"MBI, MCB, SCE, SIN",,
12639,BUS 201,BUS,LS,Financial Accounting,,Cumhur Enis Ekinci,ISB,Çarşamba,12:30/15:29,,35,21,,SIS,,
12640,BUS 203,BUS,LS,Management Science,,Ferhan Çebi,ISB,Salı,13:30/16:29,,35,19,,SIS,,
12641,BUS 210,BUS,LS,Principles of Marketing,,Huriye Şebnem Burnaz,ISB,Cuma,09:00/11:59,,35,27,,SIS,,
12642,STI 101,STI,LS,Statistics I,,Raziye Selim,ISB,Perşembe,13:30/16:29,,35,22,,"SEK, SIS",,
12643,BUS 101,BUS,LS,Organizational Behavior,,İdil Vedia Evcimen,ISB,Pazartesi,13:30/16:29,,35,19,,SIS,,
12644,BUS 302,BUS,LS,P. of Business Forecasting,,Raziye Selim,ISB,Perşembe,09:30/12:29,,35,15,,SIS,,
12645,BUS 305,BUS,LS,Project Management,,Hür Bersam Bolat,ISB,Pazartesi,09:30/12:29,,35,19,,SIS,,
12646,BUS 306,BUS,LS,Management Information Sys.,,Dilay Çelebi,ISB,Çarşamba,09:30/12:29,,35,18,,SIS,,
12647,BUS 304,BUS,LS,Financial Markets & Inst.,,Cumhur Enis Ekinci,ISB,Pazartesi,13:30/16:29,,10,7,,SIS,,
12648,BUS 308,BUS,LS,Financial Statement Analysis,,Oktay Taş,ISB,Cuma,09:00/11:59,,10,1,,SIS,,
12649,BUS 314,BUS,LS,Total Quality Management,,Hatice Camgöz Akdağ,ISB,Çarşamba,12:30/15:29,,15,13,,SIS,,
12650,BUS 323,BUS,LS,Managment of Technology,,Nihan Yıldırım,ISB,Salı,09:30/12:29,,10,3,,SIS,,
12651,BUS 324,BUS,LS,Turkish Economy,,Derya Karakaş,ISB,Perşembe,13:30/16:29,,10,8,,"SEK, SIS",,
12652,BUS 110,BUS,LS,Principles of Microeconomics,,Mehmet Özgür Kayalıca,DEP,Pazartesi,08:30/11:29,,35,24,,"SEK, SIS",,
12653,BUS 103,BUS,LS,Principles of Management,,Deniz Tunçalp,ISB,Çarşamba,09:30/12:29,,35,22,,SIS,,
12654,ESL 101,ESL,LS,English I,,Sabiha Bahar Arıcı,ISB,Perşembe,09:30/12:29,,25,22,,"SEK, SIS",,
12655,INS 411,INS,LS,Çelik Yapılar I,,"Elişan Filiz Piroğlu, Kadir Özakgül",INB | INB,Salı | Cuma,13:30/15:29 | 08:30/10:29,,45,50,,INS,,
12656,INS 411,INS,LS,Çelik Yapılar I,,Kadir Özakgül,INB | INB,Pazartesi | Perşembe,10:30/12:29 | 13:30/15:29,,40,41,,INS,,
12657,INS 411,INS,LS,Çelik Yapılar I,,Sibel Gürel,INB | INB,Pazartesi | Salı,08:30/10:29 | 15:30/17:29,,40,42,,INS,,
12658,INS 411,INS,LS,Çelik Yapılar I,,"Cavidan Yorgun, Güliz Bayramoğlu",INB | INB,Pazartesi | Perşembe,10:30/12:29 | 13:30/15:29,,45,45,,INS,,
12659,INS 411,INS,LS,Çelik Yapılar I,,--,INB | INB,Pazartesi | Perşembe,10:30/12:29 | 13:30/15:29,,0,0,,INS,,
12660,INS 411E,INS,LS,Steel Structures I,,Cüneyt Vatansever,INB | INB,Salı | Cuma,13:30/15:29 | 08:30/10:29,,45,52,,"INS, INSE",,
12661,INS 411E,INS,LS,Steel Structures I,,Barlas Özden Çağlayan,INB | INB,Salı | Cuma,13:30/15:29 | 08:30/10:29,,45,47,,"INS, INSE",,
12662,INS 411E,INS,LS,Steel Structures I,,Ömer Tuğrul Turan,INB | INB,Pazartesi | Salı,08:30/10:29 | 15:30/17:29,,40,40,,"INS, INSE",,
12663,INS 478E,INS,LS,Fatigue of Metal Strc.Elements,,"Barlas Özden Çağlayan, Ömer Tuğrul Turan",INB | INB,Salı | Perşembe,10:30/12:29 | 12:30/13:29,,45,11,,"INS, INSE",,
12673,GEO 452,GEO,LS,UA Verileri ile 3B Model.,,"Nebiye Musaoğlu, Esra Erten",INB,Salı,08:30/10:29,,40,17,,GEO,,
12695,ITB 214E,ITB,LS,The Modern Middle East,,Doğan Gürpınar,MEDB,Salı,08:30/11:29,,45,21,,"BIO, BIOE, BLG, BLGE, CAB, CEV, CEVE, CHZ, CHZE, DEN, DENE, ECNE, EHB, EHBE, ELE, ELH, ELK, ELKE, END, ENDE, EUT, EUTE, FIZ, FIZE, GEM, GEME, GEMK, GEO, GEOE, GID, GIDE, GMI, GMIE, ICM, IML, IMLE, INS, INSE, ISL, ISLE, JDF, JEF, JEFE, JEO, JEOE, KIM, KIME, KMM, KMME, KMP, KOM, KOME, MAD, MADE, MAK, MAKE, MAT, MATE, MET, METE, MIM, MIME, MTO, MTOE, MTR, MUT, MUZ, MUZE, PEM, PEME, PET, PETE, SBP, SBPE, SES, TEB, TEK, TEKE, TEL, THO, UCK, UCKE, UZB, UZBE",,
12704,TUR 102,TUR,LS,Türk Dili II,,Hasan Ulucutsoy,MDB,Pazartesi,13:30/15:29,,65,68,,"BIO, BIOE, BLG, BLGE, CAB, CEV, CEVE, CHZ, CHZE, DEN, DENE, ECNE, EHB, EHBE, EHN, ELE, ELH, ELK, ELKE, END, ENDE, EUT, EUTE, FIZ, FIZE, GEM, GEME, GEMK, GEO, GEOE, GID, GIDE, ICM, IML, IMLE, INS, INSE, ISL, ISLE, JDF, JEF, JEFE, JEO, JEOE, KIM, KIME, KMM, KMME, KMP, KOM, KOME, MAD, MADE, MAK, MAKE, MAT, MATE, MET, METE, MIM, MIME, MTO, MTOE, MTR, MUT, MUZ, MUZE, PEM, PEME, PET, PETE, SBP, SBPE, SEH, SES, TEK, TEKE, TEL, THO, UCK, UCKE, UZB, UZBE",,
12705,TUR 103,TUR,LS,Turkish Language I,,Timur Aydın,INB,Salı,11:30/13:29,,40,26,,"DUIK, GEMK, GMIK, MEN, MTM, NAE",,
12706,TUR 102,TUR,LS,Türk Dili II,,Özlem Kara,MKB,Salı,11:30/13:29,,30,2,,"MBI, MCB, SBL, SCE, SEK, SEN, SIN, SIS, SMT, STP",,
12707,MTO 350E,MTO,LS,Air Pollution Fundamentals,,Ceyhan Kahya,UUB,Pazartesi,14:30/17:29,,12,13,,"MTO, MTOE",,
12708,MTO 353,MTO,LS,Tarım ve Orman Meteorolojisi I,,Levent Şaylan,UUB,Pazartesi,08:30/11:29,,12,12,,MTO,,
12709,MTO 357E,MTO,LS,Physics of Upper Atmosphere,,Zerefşan Kaymaz,UUB,Perşembe,14:30/17:29,,15,11,,"FIZ, FIZE, MTO, MTOE",,
12710,MTO 359,MTO,LS,Biyometeoroloji,,Barış Çaldağ,UUB,Çarşamba,08:30/11:29,,12,13,,MTO,,
12711,MTO 360E,MTO,LS,Medical Meteorology,,Orhan Şen,UUB,Cuma,14:30/17:29,,12,20,,"MTO, MTOE",,
12712,IML 110,IML,LS,İmalat Müh. Giriş ve Etik,,Ramazan Murat Tabanlı,MKB,Çarşamba,13:30/15:29,,70,60,,IML,,
12713,IML 111,IML,LS,İmalat Mühendisliğine Giriş,,Ramazan Murat Tabanlı,MKB,Çarşamba,13:30/14:29,,70,3,,IML,,
12714,IML 205,IML,LS,Termodinamik,,Yakup Erhan Böke,MKB | MKB,Çarşamba | Cuma,12:30/13:29 | 10:30/12:29,,70,65,,IML,,
12715,IML 305,IML,LS,Isı Geçişi,,Ersin Sayar,MKB | MKB,Pazartesi | Çarşamba,09:30/10:29 | 10:30/12:29,,60,28,,IML,,
12716,IML 311,IML,LS,İmal Usülleri I,,Şafak Yılmaz,MKB | MKB,Salı | Perşembe,08:30/10:29 | 10:30/12:29,,65,60,,IML,,
12717,IML 320,IML,LS,Makina Elemanları,,Ali İmre Aydeniz,MKB | MKB,Salı | Perşembe,12:30/15:29 | 15:30/17:29,,60,54,,"IML, IMLM",,
12718,IML 335,IML,LS,İmalat Planlama ve Kontrol,,Ramazan Murat Tabanlı,MKB | MKB,Pazartesi | Çarşamba,10:30/12:29 | 09:30/10:29,,60,3,,"IML, IMLM",,
12719,IML 337,IML,LS,İmalat Planlama ve Kontrol,,Ramazan Murat Tabanlı,MKB | MKB,Pazartesi | Çarşamba,10:30/12:29 | 09:30/10:29,,65,59,,IML,,
12720,IML 401,IML,LS,İmalat Lab I,,Canan Gamze Güleryüz Parasız,MKB,Pazartesi,12:30/14:29,,65,40,,"IML, IMLM",,
12721,IML 401E,IML,LS,Manufacturing Lab I,,--,MKB,Pazartesi,10:30/12:29,,0,0,,IMLE,,
12722,IML 405,IML,LS,Uygulamalı İmalat Projesi,,--,MKB | MKB,Pazartesi | Cuma,14:30/15:29 | 10:30/12:29,,0,0,,IML,,
12723,IML 405,IML,LS,Uygulamalı İmalat Projesi,,Ersan Üstündağ,MKB | MKB,Pazartesi | Cuma,14:30/15:29 | 10:30/12:29,,30,33,,IML,,
12724,IML 425E,IML,LS,Comp.Integra.Manufact. (CIM),,Erkan Günpınar,MKB | MKB,Salı | Çarşamba,12:30/13:29 | 10:30/12:29,,90,5,,"IML, IMLE, IMLM",,
12725,IML 431,IML,LS,Kalite Mühendisliği,,Ali Gökşenli,MKB | MKB,Salı | Çarşamba,13:30/15:29 | 08:30/09:29,,45,7,,IML,,
12726,IML 451,IML,LS,İmalat Makineleri,,Murat Vural,MKB,Pazartesi,15:30/18:29,,40,4,,IML,,
12727,IML 492,IML,LS,İmalat Tasarım Projesi,,Hacı Abdullah Taşdemir,MKB,,/,,500,9,,IML,,
12728,IML 492E,IML,LS,Manufacturing Design Project,,İsmail Yalçın Uralcan,MKB,,/,,500,1,,"IML, IMLE",,
12729,MAK 492,MAK,LS,Bitirme Tasarım Projesi,,Hacı Abdullah Taşdemir,MKB,,/,,500,52,,MAK,,
12730,MAK 492E,MAK,LS,Senior Design Project,,İsmail Yalçın Uralcan,MKB,,/,,500,8,,"MAK, MAKE",,
12731,MAK 101,MAK,LS,Makine Müh. Giriş ve Etik,,İsmail Yalçın Uralcan,MKB,Çarşamba,13:30/15:29,,250,248,,MAK,,
12732,MAK 104E,MAK,LS,Intr to Comp in Mech. Eng (C),,Bülent Bölat,MKB,Perşembe,09:30/12:29,,40,35,,"IML, MAK",,
12733,MAK 104E,MAK,LS,Intr to Comp in Mech. Eng (C),,Kubilay Yay,MKB,Cuma,09:30/12:29,,40,42,,"IML, MAK",,
12734,MAK 104E,MAK,LS,Intr to Comp in Mech. Eng (C),,Kubilay Yay,MKB,Cuma,14:30/17:29,,40,42,,"IML, MAK",,
12735,MAK 104E,MAK,LS,Intr to Comp in Mech. Eng (C),,Atakan Altınkaynak,MKB,Salı,09:30/12:29,,40,19,,"IML, MAK",,
12736,MAK 104E,MAK,LS,Intr to Comp in Mech. Eng (C),,Adil Yücel,MKB,Çarşamba,09:30/12:29,,40,53,,"IML, MAK",,
12737,MAK 230E,MAK,LS,Alg.Dev.& Comp.App.with Python,,--,MKB,Salı,09:30/12:29,,0,0,,"IML, MAK",,
12738,MAK 230E,MAK,LS,Alg.Dev.& Comp.App.with Python,,Mustafa Resa Becan,MKB,Çarşamba,08:30/11:29,,40,43,,"IML, MAK",,
12739,MAK 105,MAK,LS,Makine Tasarımına Giriş,,Cevat Erdem İmrak,MKB | MKB,Salı | Perşembe,08:30/10:29 | 08:30/11:29,,50,71,,"IML, MAK",,
12740,MAK 105,MAK,LS,Makine Tasarımına Giriş,,Serpil Kurt Habiboğlu,MKB | MKB,Salı | Perşembe,08:30/10:29 | 08:30/11:29,,50,72,,"IML, MAK",,
12741,MAK 105,MAK,LS,Makine Tasarımına Giriş,,Yusuf Ziya Kocabal,MKB | MKB,Çarşamba | Cuma,08:30/10:29 | 08:30/11:29,,50,74,,"IML, MAK",,
12742,MAK 105,MAK,LS,Makine Tasarımına Giriş,,Yusuf Ziya Kocabal,MKB | MKB,Salı | Perşembe,08:30/10:29 | 08:30/11:29,,50,74,,"IML, MAK",,
12743,MAK 200,MAK,LS,Atölye,,Yusuf Ziya Kocabal,MKB,,/,,28,28,,"IML, MAK",,
12744,MAK 200,MAK,LS,Atölye,,Yusuf Ziya Kocabal,MKB,,/,,28,28,,"IML, MAK",,
12745,MAK 200,MAK,LS,Atölye,,Hacı Abdullah Taşdemir,MKB,,/,,28,26,,"IML, MAK",,
12746,MAK 200,MAK,LS,Atölye,,İsmail Yalçın Uralcan,MKB,,/,,28,8,,"IML, MAK",,
12747,MAK 200,MAK,LS,Atölye,,Serpil Kurt Habiboğlu,MKB,,/,,28,19,,"IML, MAK",,
12748,ITB 214,ITB,LS,Modern Ortadoğu,,Ebubekir Ceylan,MED,Salı,08:30/11:29,,45,27,,"BIO, BLG, CAB, CEV, CHZ, DEN, ELE, ELH, ELK, END, EUT, FIZ, GEM, GEO, GID, ICM, INS, ISL, JDF, JEF, JEO, KIM, KMM, KMP, KOM, MAD, MAK, MAT, MET, MIM, MTO, MUT, MUZ, PEM, PET, SBP, SES, TEB, TEK, TEL, THO, UCK, UZB",,
12749,MAK 110E,MAK,LS,Comput.Aided Technical Drawing,,Ali İmre Aydeniz,MKB,Çarşamba,08:30/12:29,,60,62,,"IML, MAK",,
12750,MAK 110E,MAK,LS,Comput.Aided Technical Drawing,,Hacı Mustafa Özkırım,MKB,Cuma,08:30/12:29,,60,10,,"IML, MAK",,
12751,MAK 110E,MAK,LS,Comput.Aided Technical Drawing,,Hacı Mustafa Özkırım,MKB,Perşembe,08:30/12:29,,60,29,,"IML, MAK",,
12752,MAK 114,MAK,LS,Lineer Cebir ve Uygulamaları,,Merve Acer,MKB | MKB,Salı | Perşembe,10:30/12:29 | 15:30/16:29,,70,69,,"IML, MAK",,
12753,MAK 210E,MAK,LS,Engineering Mathematics,,Merve Acer,MKB | MKB,Çarşamba | Perşembe,13:30/15:29 | 13:30/15:29,,100,99,,"IML, IMLE, MAK, MAKE",,
12754,MAK 210E,MAK,LS,Engineering Mathematics,,Hakan Öksüzoğlu,MKB | MKB,Çarşamba | Perşembe,13:30/15:29 | 13:30/15:29,,100,100,,"IML, IMLE, MAK, MAKE",,
12755,MAK 114,MAK,LS,Lineer Cebir ve Uygulamaları,,Sinem Öztürk,MKB | MKB,Salı | Perşembe,10:30/12:29 | 15:30/16:29,,70,69,,"IML, MAK",,
12756,MAK 210E,MAK,LS,Engineering Mathematics,,Sinem Öztürk,MKB | MKB,Çarşamba | Perşembe,13:30/15:29 | 13:30/15:29,,100,100,,"IML, IMLE, MAK, MAKE",,
12757,MAK 118,MAK,LS,Statik,,Emrecan Söylemez,MKB | MKB,Salı | Perşembe,13:30/15:29 | 16:30/17:29,,50,50,,MAK,,
12758,MAK 118,MAK,LS,Statik,,Sevinç Ayşe Zaloğlu,MKB | MKB,Salı | Perşembe,13:30/15:29 | 16:30/17:29,,50,45,,MAK,,
12759,MAK 211E,MAK,LS,Probability and Statistics,,Ali Gökşenli,MKB,Salı,09:30/12:29,,80,80,,"IML, MAK",,
12760,MAK 211E,MAK,LS,Probability and Statistics,,Mert Gür,MKB,Salı,09:30/12:29,,80,82,,"IML, MAK",,
12761,MAK 213,MAK,LS,Malzeme Bilimi,,Ersan Üstündağ,MKB | MKB,Pazartesi | Cuma,15:30/17:29 | 15:30/17:29,,70,76,,"IML, MAK",,
12762,MAK 213,MAK,LS,Malzeme Bilimi,,Adnan Dikicioğlu,MKB | MKB,Pazartesi | Cuma,15:30/17:29 | 15:30/17:29,,70,73,,"IML, MAK",,
12764,MAK 224E,MAK,LS,Engineering Materials,,Ali Gökşenli,MKB,Cuma,15:30/17:29,,50,47,,"IML, MAK",,
12765,MAK 213,MAK,LS,Malzeme Bilimi,,Levent Trabzon,MKB | MKB,Pazartesi | Cuma,15:30/17:29 | 15:30/17:29,,70,72,,"IML, MAK",,
12766,MAK 224E,MAK,LS,Engineering Materials,,Celaletdin Ergun,MKB,Cuma,15:30/17:29,,40,5,,"IML, MAK",,
12767,MAK 215,MAK,LS,Termodinamik I,,Mert Gür,MKB | MKB,Salı | Cuma,15:30/17:29 | 14:30/15:29,,80,83,,MAK,,
12768,MAK 215,MAK,LS,Termodinamik I,,Turgut Yılmaz,MKB | MKB,Salı | Cuma,15:30/17:29 | 14:30/15:29,,80,81,,MAK,,
12769,MAK 215,MAK,LS,Termodinamik I,,Yakup Erhan Böke,MKB | MKB,Salı | Cuma,15:30/17:29 | 14:30/15:29,,80,93,,MAK,,
12770,MAK 217,MAK,LS,Dinamik,,Ata Muğan,MKB | MKB,Pazartesi | Cuma,13:30/15:29 | 10:30/12:29,,80,77,,"MAK, MAKM",,
12771,MAK 217,MAK,LS,Dinamik,,Mesut Kırca,MKB | MKB,Pazartesi | Cuma,13:30/15:29 | 10:30/12:29,,80,31,,"MAK, MAKM",,
12772,MAK 217,MAK,LS,Dinamik,,Mehmet Salih Dokuz,MKB | MKB,Pazartesi | Cuma,13:30/15:29 | 10:30/12:29,,80,65,,"MAK, MAKM",,
12773,TES 111E,TES,LS,Project I,,--,MMB | MMB,Pazartesi | Perşembe,08:30/12:29 | 08:30/12:29,,10,0,,"EUT, EUTE, EUTM, ICM, MIM, MIME, PEM, PEME, SBP, SBPE",,
12774,TES 111E,TES,LS,Project I,,Muhammed Ali Örnek,MMB | MMB,Pazartesi | Perşembe,08:30/12:29 | 08:30/12:29,,31,31,,"EUT, EUTE, EUTM, ICM, MIM, MIME, PEM, PEME, SBP, SBPE",,
12775,TES 111E,TES,LS,Project I,,Melih Bozkurt,MMB | MMB,Pazartesi | Perşembe,08:30/12:29 | 08:30/12:29,,32,32,,"EUT, EUTE, EUTM, ICM, MIM, MIME, PEM, PEME, SBP, SBPE",,
12776,TES 111E,TES,LS,Project I,,Demet Günal Ertaş,MMB | MMB,Pazartesi | Perşembe,08:30/12:29 | 08:30/12:29,,33,32,,"EUT, EUTE, EUTM, ICM, MIM, MIME, PEM, PEME, SBP, SBPE",,
12777,TES 111E,TES,LS,Project I,,Fatma Pınar Özemir,MMB | MMB,Pazartesi | Perşembe,08:30/12:29 | 08:30/12:29,,30,30,,"EUT, EUTE, EUTM, ICM, MIM, MIME, PEM, PEME, SBP, SBPE",,
12778,TES 111E,TES,LS,Project I,,Hatice Ayataç,MMB | MMB,Pazartesi | Perşembe,08:30/12:29 | 08:30/12:29,,32,32,,"EUT, EUTE, EUTM, ICM, MIM, MIME, PEM, PEME, SBP, SBPE",,
12779,TES 111E,TES,LS,Project I,,Zeynep Günay,MMB | MMB,Pazartesi | Perşembe,08:30/12:29 | 08:30/12:29,,31,31,,"EUT, EUTE, EUTM, ICM, MIM, MIME, PEM, PEME, SBP, SBPE",,
12780,TES 111E,TES,LS,Project I,,Hasan Serdar Kaya,MMB | MMB,Pazartesi | Perşembe,08:30/12:29 | 08:30/12:29,,32,32,,"EUT, EUTE, EUTM, ICM, MIM, MIME, PEM, PEME, SBP, SBPE",,
12781,TES 111E,TES,LS,Project I,,Başak Demireş Özkul,MMB | MMB,Pazartesi | Perşembe,08:30/12:29 | 08:30/12:29,,31,31,,"EUT, EUTE, EUTM, ICM, MIM, MIME, PEM, PEME, SBP, SBPE",,
12782,TES 111E,TES,LS,Project I,,Ethem Gürer,MMB | MMB,Pazartesi | Perşembe,08:30/12:29 | 08:30/12:29,,31,31,,"EUT, EUTE, EUTM, ICM, MIM, MIME, PEM, PEME, SBP, SBPE",,
12783,TES 111E,TES,LS,Project I,,Bahadır Numan,MMB | MMB,Pazartesi | Perşembe,08:30/12:29 | 08:30/12:29,,33,33,,"EUT, EUTE, EUTM, ICM, MIM, MIME, PEM, PEME, SBP, SBPE",,
12784,TES 111E,TES,LS,Project I,,Sevgi Türkkan,MMB | MMB,Pazartesi | Perşembe,08:30/12:29 | 08:30/12:29,,33,33,,"EUT, EUTE, EUTM, ICM, MIM, MIME, PEM, PEME, SBP, SBPE",,
12785,TES 111E,TES,LS,Project I,,Mine Özkar Kabakçıoğlu,MMB | MMB,Pazartesi | Perşembe,08:30/12:29 | 08:30/12:29,,30,30,,"EUT, EUTE, EUTM, ICM, MIM, MIME, PEM, PEME, SBP, SBPE",,
12786,TES 111E,TES,LS,Project I,,Tan Kamil Gürer,MMB | MMB,Pazartesi | Perşembe,08:30/12:29 | 08:30/12:29,,30,30,,"EUT, EUTE, EUTM, ICM, MIM, MIME, PEM, PEME, SBP, SBPE",,
12787,TES 111E,TES,LS,Project I,,Çiğdem Eren,MMB | MMB,Pazartesi | Perşembe,08:30/12:29 | 08:30/12:29,,33,33,,"EUT, EUTE, EUTM, ICM, MIM, MIME, PEM, PEME, SBP, SBPE",,
12788,TES 111E,TES,LS,Project I,,Nesip Ömer Erem,MMB | MMB,Pazartesi | Perşembe,08:30/12:29 | 08:30/12:29,,32,32,,"EUT, EUTE, EUTM, ICM, MIM, MIME, PEM, PEME, SBP, SBPE",,
12789,TES 111E,TES,LS,Project I,,Sema Alaçam,MMB | MMB,Pazartesi | Perşembe,08:30/12:29 | 08:30/12:29,,32,32,,"EUT, EUTE, EUTM, ICM, MIM, MIME, PEM, PEME, SBP, SBPE",,
12790,TES 111E,TES,LS,Project I,,Elif Sezen Yağmur Kilimci,MMB | MMB,Pazartesi | Perşembe,08:30/12:29 | 08:30/12:29,,32,32,,"EUT, EUTE, EUTM, ICM, MIM, MIME, PEM, PEME, SBP, SBPE",,
12791,TES 111E,TES,LS,Project I,,Aslı Çekmiş,MMB | MMB,Pazartesi | Perşembe,08:30/12:29 | 08:30/12:29,,32,32,,"EUT, EUTE, EUTM, ICM, MIM, MIME, PEM, PEME, SBP, SBPE",,
12792,TES 111E,TES,LS,Project I,,Ayşe Meltem Baslo,MMB | MMB,Pazartesi | Perşembe,08:30/12:29 | 08:30/12:29,,31,31,,"EUT, EUTE, EUTM, ICM, MIM, MIME, PEM, PEME, SBP, SBPE",,
12793,TES 112E,TES,LS,Vis.Comm.I:Visualiz.&Tch.Drw.;,,--,MMB,Cuma,13:30/17:29,,10,0,,"EUT, EUTE, ICM, MIM, MIME, PEM, PEME, SBP, SBPE",,
12794,TES 112E,TES,LS,Vis.Comm.I:Visualiz.&Tch.Drw.;,,Sevgi Türkkan,MMB,Cuma,13:30/17:29,,33,33,,"EUT, EUTE, ICM, MIM, MIME, PEM, PEME, SBP, SBPE",,
12795,TES 112E,TES,LS,Vis.Comm.I:Visualiz.&Tch.Drw.;,,Tan Kamil Gürer,MMB,Cuma,13:30/17:29,,40,40,,"EUT, EUTE, ICM, MIM, MIME, PEM, PEME, SBP, SBPE",,
12796,TES 112E,TES,LS,Vis.Comm.I:Visualiz.&Tch.Drw.;,,Ayşe Meltem Baslo,MMB,Cuma,13:30/17:29,,41,41,,"EUT, EUTE, ICM, MIM, MIME, PEM, PEME, SBP, SBPE",,
12797,TES 112E,TES,LS,Vis.Comm.I:Visualiz.&Tch.Drw.;,,Sema Alaçam,MMB,Cuma,13:30/17:29,,41,40,,"EUT, EUTE, ICM, MIM, MIME, PEM, PEME, SBP, SBPE",,
12798,TES 112E,TES,LS,Vis.Comm.I:Visualiz.&Tch.Drw.;,,Michael Stefan Bittermann,MMB,Cuma,13:30/17:29,,42,42,,"EUT, EUTE, ICM, MIM, MIME, PEM, PEME, SBP, SBPE",,
12799,TES 112E,TES,LS,Vis.Comm.I:Visualiz.&Tch.Drw.;,,Elif Sezen Yağmur Kilimci,MMB,Cuma,13:30/17:29,,41,41,,"EUT, EUTE, ICM, MIM, MIME, PEM, PEME, SBP, SBPE",,
12800,TES 112E,TES,LS,Vis.Comm.I:Visualiz.&Tch.Drw.;,,Melih Bozkurt,MMB,Cuma,13:30/17:29,,42,42,,"EUT, EUTE, ICM, MIM, MIME, PEM, PEME, SBP, SBPE",,
12801,TES 112E,TES,LS,Vis.Comm.I:Visualiz.&Tch.Drw.;,,Muhammed Ali Örnek,MMB,Cuma,13:30/17:29,,42,42,,"EUT, EUTE, ICM, MIM, MIME, PEM, PEME, SBP, SBPE",,
12802,TES 112E,TES,LS,Vis.Comm.I:Visualiz.&Tch.Drw.;,,Fatma Pınar Özemir,MMB,Cuma,13:30/17:29,,40,40,,"EUT, EUTE, ICM, MIM, MIME, PEM, PEME, SBP, SBPE",,
12803,TES 112E,TES,LS,Vis.Comm.I:Visualiz.&Tch.Drw.;,,Demet Günal Ertaş,MMB,Cuma,13:30/17:29,,32,31,,"EUT, EUTE, ICM, MIM, MIME, PEM, PEME, SBP, SBPE",,
12804,TES 112E,TES,LS,Vis.Comm.I:Visualiz.&Tch.Drw.;,,Hasan Serdar Kaya,MMB,Cuma,13:30/17:29,,41,41,,"EUT, EUTE, ICM, MIM, MIME, PEM, PEME, SBP, SBPE",,
12805,TES 112E,TES,LS,Vis.Comm.I:Visualiz.&Tch.Drw.;,,Başak Demireş Özkul,MMB,Cuma,13:30/17:29,,41,41,,"EUT, EUTE, ICM, MIM, MIME, PEM, PEME, SBP, SBPE",,
12806,TES 112E,TES,LS,Vis.Comm.I:Visualiz.&Tch.Drw.;,,Eren Kürkçüoğlu,MMB,Cuma,13:30/17:29,,42,42,,"EUT, EUTE, ICM, MIM, MIME, PEM, PEME, SBP, SBPE",,
12807,TES 112E,TES,LS,Vis.Comm.I:Visualiz.&Tch.Drw.;,,Bahadır Numan,MMB,Cuma,13:30/17:29,,32,32,,"EUT, EUTE, ICM, MIM, MIME, PEM, PEME, SBP, SBPE",,
12808,TES 112E,TES,LS,Vis.Comm.I:Visualiz.&Tch.Drw.;,,Ethem Gürer,MMB,Cuma,13:30/17:29,,40,40,,"EUT, EUTE, ICM, MIM, MIME, PEM, PEME, SBP, SBPE",,
12809,TES 113E,TES,LS,Basic Design and Visual Arts,,--,MMB,Çarşamba,08:30/12:29,,10,0,,"EUT, EUTE, ICM, MIM, MIME, PEM, PEME, SBP, SBPE",,
12810,TES 113E,TES,LS,Basic Design and Visual Arts,,Sonya Türkman,MMB,Çarşamba,08:30/12:29,,64,64,,"EUT, EUTE, ICM, MIM, MIME, PEM, PEME, SBP, SBPE",,
12811,TES 113E,TES,LS,Basic Design and Visual Arts,,Oğuz Haşlakoğlu,MMB,Çarşamba,08:30/12:29,,63,63,,"EUT, EUTE, ICM, MIM, MIME, PEM, PEME, SBP, SBPE",,
12812,TES 113E,TES,LS,Basic Design and Visual Arts,,Michael Stefan Bittermann,MMB,Çarşamba,08:30/12:29,,61,61,,"EUT, EUTE, ICM, MIM, MIME, PEM, PEME, SBP, SBPE",,
12813,TES 113E,TES,LS,Basic Design and Visual Arts,,Aslı Çekmiş,MMB,Çarşamba,08:30/12:29,,61,61,,"EUT, EUTE, ICM, MIM, MIME, PEM, PEME, SBP, SBPE",,
12814,TES 113E,TES,LS,Basic Design and Visual Arts,,Ayşe Meltem Baslo,MMB,Çarşamba,08:30/12:29,,61,61,,"EUT, EUTE, ICM, MIM, MIME, PEM, PEME, SBP, SBPE",,
12815,TES 113E,TES,LS,Basic Design and Visual Arts,,Desen Halıçınarlı,MMB,Çarşamba,08:30/12:29,,60,60,,"EUT, EUTE, ICM, MIM, MIME, PEM, PEME, SBP, SBPE",,
12816,TES 113E,TES,LS,Basic Design and Visual Arts,,Selçuk Fergöğce,MMB,Çarşamba,08:30/12:29,,62,62,,"EUT, EUTE, ICM, MIM, MIME, PEM, PEME, SBP, SBPE",,
12817,TES 113E,TES,LS,Basic Design and Visual Arts,,Mehmet Güler,MMB,Çarşamba,08:30/12:29,,61,61,,"EUT, EUTE, ICM, MIM, MIME, PEM, PEME, SBP, SBPE",,
12818,TES 113E,TES,LS,Basic Design and Visual Arts,,Fatma Pınar Özemir,MMB,Çarşamba,08:30/12:29,,61,61,,"EUT, EUTE, ICM, MIM, MIME, PEM, PEME, SBP, SBPE",,
12819,TES 113E,TES,LS,Basic Design and Visual Arts,,Eren Kürkçüoğlu,MMB,Çarşamba,08:30/12:29,,62,62,,"EUT, EUTE, ICM, MIM, MIME, PEM, PEME, SBP, SBPE",,
12821,TES 211E,TES,LS,Project III,,Funda Yirmibeşoğlu,MMB | MMB,Pazartesi | Perşembe,13:30/17:29 | 13:30/17:29,,18,7,,"SBP, SBPE",,
12822,TES 211E,TES,LS,Project III,,Özlem Özçevik,MMB | MMB,Pazartesi | Perşembe,13:30/17:29 | 13:30/17:29,,18,7,,"SBP, SBPE",,
12823,TES 211E,TES,LS,Project III,,Fatih Terzi,MMB | MMB,Pazartesi | Perşembe,13:30/17:29 | 13:30/17:29,,18,17,,"SBP, SBPE",,
12824,TES 211E,TES,LS,Project III,,Aliye Ahu Akgün,MMB | MMB,Pazartesi | Perşembe,13:30/17:29 | 13:30/17:29,,18,18,,"SBP, SBPE",,
12825,TES 211E,TES,LS,Project III,,Engin Eyüp Eyuboğlu,MMB | MMB,Pazartesi | Perşembe,13:30/17:29 | 13:30/17:29,,18,15,,"SBP, SBPE",,
12826,TES 211E,TES,LS,Project III,,Turgay Kerem Koramaz,MMB | MMB,Pazartesi | Perşembe,13:30/17:29 | 13:30/17:29,,18,18,,"SBP, SBPE",,
12827,TES 211E,TES,LS,Project III,,Ervin Garip,MMB | MMB,Pazartesi | Perşembe,13:30/17:29 | 13:30/17:29,,30,21,,ICM,,
12828,TES 211E,TES,LS,Project III,,Sonya Türkman,MMB | MMB,Pazartesi | Perşembe,13:30/17:29 | 13:30/17:29,,30,22,,ICM,,
12829,TES 211E,TES,LS,Project III,,Demet Arslan Dinçay,MMB | MMB,Pazartesi | Perşembe,13:30/17:29 | 13:30/17:29,,30,21,,ICM,,
12830,TES 211E,TES,LS,Project III,,Meltem Erdem Kaya,MMB | MMB,Pazartesi | Perşembe,13:30/17:29 | 13:30/17:29,,22,18,,"PEM, PEME",,
12831,TES 211E,TES,LS,Project III,,Koray Gelmez,MMB | MMB,Pazartesi | Perşembe,13:30/17:29 | 13:30/17:29,,30,32,,"EUT, EUTE",,
12832,TES 211E,TES,LS,Project III,,Miray Boğa,MMB | MMB,Pazartesi | Perşembe,13:30/17:29 | 13:30/17:29,,30,32,,"EUT, EUTE",,
12833,TES 211E,TES,LS,Project III,,Meliz Akyol,MMB | MMB,Pazartesi | Perşembe,13:30/17:29 | 13:30/17:29,,22,14,,"PEM, PEME",,
12834,TES 211E,TES,LS,Project III,,Cemile Tiftik,MMB | MMB,Pazartesi | Perşembe,13:30/17:29 | 13:30/17:29,,21,14,,"MIM, MIME",,
12835,TES 211E,TES,LS,Project III,,Burçin Kürtüncü,MMB | MMB,Pazartesi | Perşembe,13:30/17:29 | 13:30/17:29,,21,21,,"MIM, MIME",,
12836,TES 211E,TES,LS,Project III,,Yasemin Alkışer Bregger,MMB | MMB,Pazartesi | Perşembe,13:30/17:29 | 13:30/17:29,,21,21,,"MIM, MIME",,
12837,TES 211E,TES,LS,Project III,,Funda Uz,MMB | MMB,Pazartesi | Perşembe,13:30/17:29 | 13:30/17:29,,21,21,,"MIM, MIME",,
12838,TES 211E,TES,LS,Project III,,Sıdıka Aslıhan Şenel,MMB | MMB,Pazartesi | Perşembe,13:30/17:29 | 13:30/17:29,,21,22,,"MIM, MIME",,
12839,TES 211E,TES,LS,Project III,,Göksenin İnalhan,MMB | MMB,Pazartesi | Perşembe,13:30/17:29 | 13:30/17:29,,21,21,,"MIM, MIME",,
12840,TES 211E,TES,LS,Project III,,Hakan Tüzün Şengün,MMB | MMB,Pazartesi | Perşembe,13:30/17:29 | 13:30/17:29,,21,21,,"MIM, MIME",,
12841,TES 211E,TES,LS,Project III,,Nizam Onur Sönmez,MMB | MMB,Pazartesi | Perşembe,13:30/17:29 | 13:30/17:29,,21,21,,"MIM, MIME",,
12842,MIM 101E,MIM,LS,History of Art and Culture,,Oğuz Haşlakoğlu,MMB,Cuma,13:30/16:29,,19,30,,"EUTE, ICM, MIM, MIME, PEME, SBP, SBPE",,
12843,MIM 113,MIM,LS,Statik,,--,MMB,Salı,10:30/12:29,,0,0,,"ICM, MIM",,
12844,MIM 113,MIM,LS,Statik,,--,MMB,Salı,10:30/12:29,,0,0,,"ICM, MIM",,
12845,MIM 113,MIM,LS,Statik,,--,MMB,Salı,10:30/12:29,,0,0,,"ICM, MIM",,
12846,MIM 113,MIM,LS,Statik,,--,MMB,Salı,10:30/12:29,,0,0,,"ICM, MIM",,
12847,MIM 113E,MIM,LS,Statics,,--,MMB,Salı,08:30/10:29,,0,0,,"EUTE, ICM, MIM, MIME",,
12848,MIM 113E,MIM,LS,Statics,,--,MMB,Salı,08:30/10:29,,0,0,,"EUTE, ICM, MIM, MIME",,
12849,MIM 113E,MIM,LS,Statics,,--,MMB,Salı,08:30/10:29,,0,0,,"EUTE, ICM, MIM, MIME",,
12850,MIM 119,MIM,LS,Mimarlığa Giriş ve Etik,,"Hakan Tong, Hakan Yaman, Meltem Aksoy",MMB,Çarşamba,12:30/15:29,,80,88,,MIM,,
12851,MIM 119E,MIM,LS,Int.to Architecture and Ethics,,"Hüsnü Murat Günaydın, Oğuz Cem Çelik, Yüksel Demir",MMB,Çarşamba,12:30/15:29,,80,76,,"MIM, MIME",,
12852,MIM 122E,MIM,LS,Ancient&Byzantine; A..,,Bilge Ar,MMB,Çarşamba,08:30/10:29,,70,77,,"MIM, MIME",,
12853,MIM 125,MIM,LS,Statik,,--,MMB,Salı,10:30/12:29,,0,0,,"ICM, MIM",,
12854,MIM 125,MIM,LS,Statik,,Haluk Sesigür,MMB,Salı,10:30/12:29,,63,63,,"ICM, MIM",,
12855,MIM 125,MIM,LS,Statik,,Halet Almıla Büyüktaşkın,MMB,Salı,10:30/12:29,,64,64,,"ICM, MIM",,
12856,MIM 125,MIM,LS,Statik,,Cenk Üstündağ,MMB,Salı,10:30/12:29,,63,63,,"ICM, MIM",,
12857,MIM 125E,MIM,LS,Statics,,--,MMB,Salı,08:30/10:29,,0,0,,"EUTE, MIM, MIME",,
12858,MIM 125E,MIM,LS,Statics,,Gülseren Erol Soyöz,MMB,Salı,08:30/10:29,,107,107,,"EUTE, MIM, MIME",,
12859,MIM 125E,MIM,LS,Statics,,Cenk Üstündağ,MMB,Salı,08:30/10:29,,94,94,,"EUTE, MIM, MIME",,
12860,MIM 126E,MIM,LS,Strength of Materials,,Gülseren Erol Soyöz,MMB,Çarşamba,08:30/10:29,,60,45,,"EUTE, ICM, MIM, MIME",,
12861,MIM 162E,MIM,LS,Intr.to Building Construction,,Fethiye Ecem Edis,MMB,Çarşamba,08:30/10:29,,100,25,,"ICM, MIM, MIME",,
12862,MIM 203,MIM,LS,Mimarlıkta Yapı ve Yapım,,--,MMB | MMB,Çarşamba | Çarşamba,10:30/12:29 | 13:30/15:29,,0,0,,MIM,,
12863,MIM 203,MIM,LS,Mimarlıkta Yapı ve Yapım,,Hülya Kuş,MMB | MMB,Çarşamba | Çarşamba,10:30/12:29 | 13:30/15:29,,41,41,,MIM,,
12865,MIM 203,MIM,LS,Mimarlıkta Yapı ve Yapım,,Mehmet Cem Altun,MMB | MMB,Çarşamba | Çarşamba,10:30/12:29 | 13:30/15:29,,41,41,,MIM,,
12866,MIM 203,MIM,LS,Mimarlıkta Yapı ve Yapım,,"İkbal Çetiner, Caner Göçer",MMB | MMB,Çarşamba | Çarşamba,10:30/12:29 | 13:30/15:29,,40,39,,MIM,,
12867,MIM 203E,MIM,LS,Building and Const inArch.,,--,MMB | MMB,Çarşamba | Çarşamba,10:30/12:29 | 13:30/15:29,,0,0,,"ICM, MIM, MIME",,
12868,MIM 203E,MIM,LS,Building and Const inArch.,,Ayşe Nil Türkeri,MMB | MMB,Çarşamba | Çarşamba,10:30/12:29 | 13:30/15:29,,54,54,,"ICM, MIM, MIME",,
12869,MIM 203E,MIM,LS,Building and Const inArch.,,"Gülten Aslıhan Tavil, Fethiye Ecem Edis",MMB | MMB,Çarşamba | Çarşamba,10:30/12:29 | 13:30/15:29,,53,53,,"ICM, MIM, MIME",,
12870,MIM 203E,MIM,LS,Building and Const inArch.,,Fatih Yazıcıoğlu,MMB | MMB,Çarşamba | Çarşamba,10:30/12:29 | 13:30/15:29,,54,55,,"ICM, MIM, MIME",,
12872,MIM 211E,MIM,LS,Architectural Design III,,Arzu İrem Mollaahmetoğlu,MMB | MMB,Pazartesi | Perşembe,13:30/17:29 | 13:30/17:29,,3,3,,"MIM, MIME, PEME",,
12873,MIM 212,MIM,LS,Mimari Proje IV,,Gülçin Pulat Gökmen,MMB | MMB,Pazartesi | Perşembe,13:30/17:29 | 13:30/17:29,,2,2,,MIM,,
12874,MIM 212,MIM,LS,Mimari Proje IV,,İffet Hülya Arı,MMB | MMB,Pazartesi | Perşembe,13:30/17:29 | 13:30/17:29,,2,2,,MIM,,
12875,MIM 212,MIM,LS,Mimari Proje IV,,Hakan Tong,MMB | MMB,Pazartesi | Perşembe,13:30/17:29 | 13:30/17:29,,2,4,,MIM,,
12876,MIM 212,MIM,LS,Mimari Proje IV,,Gökhan Ülken,MMB | MMB,Pazartesi | Perşembe,13:30/17:29 | 13:30/17:29,,2,2,,MIM,,
12877,MIM 212E,MIM,LS,Architectural Design IV,,Arzu İrem Mollaahmetoğlu,MMB | MMB,Pazartesi | Perşembe,13:30/17:29 | 13:30/17:29,,20,17,,"MIM, MIME",,
12879,MIM 221,MIM,LS,Türk Mimarlık Tarihi,,Aras Neftçi,MMB,Cuma,15:30/17:29,,70,28,,MIM,,
12880,MIM 221,MIM,LS,Türk Mimarlık Tarihi,,Aygül Ağır,MMB,Cuma,13:30/15:29,,70,65,,MIM,,
12881,MIM 221E,MIM,LS,Hstry of Turkish Architecture,,Bilge Ar,MMB,Cuma,13:30/15:29,,70,81,,"MIM, MIME",,
12882,MIM 222,MIM,LS,Avrupa Mimarlık Tarihi,,Aygül Ağır,MMB,Salı,13:30/15:29,,70,39,,MIM,,
12883,MIM 222E,MIM,LS,Histry of Europn Architecture,,Zeynep Kuban Tokgöz,MMB,Pazartesi,10:30/12:29,,70,71,,"MIM, MIME",,
12884,MIM 223E,MIM,LS,Social Psychology,,Cemile Tiftik,MMB,Perşembe,09:30/12:29,,25,27,,"ICM, MIM, MIME, PEM, PEME",,
12885,MIM 231,MIM,LS,Yapı Malzemesi,,--,MMB | MMB,Salı | Perşembe,08:30/10:29 | 08:30/10:29,,0,0,,MIM,,
12886,MIM 231,MIM,LS,Yapı Malzemesi,,Seden Acun Özgünler,MMB | MMB,Salı | Perşembe,08:30/10:29 | 08:30/10:29,,48,48,,MIM,,
12887,MIM 231,MIM,LS,Yapı Malzemesi,,Seda Erdem,MMB | MMB,Salı | Perşembe,08:30/10:29 | 08:30/10:29,,48,48,,MIM,,
12888,MIM 231E,MIM,LS,Building Materials,,--,MMB | MMB,Salı | Perşembe,10:30/12:29 | 10:30/12:29,,0,0,,"MIM, MIME",,
12889,MIM 231E,MIM,LS,Building Materials,,Leyla Tanaçan,MMB | MMB,Salı | Perşembe,10:30/12:29 | 10:30/12:29,,53,52,,"MIM, MIME",,
12890,MIM 231E,MIM,LS,Building Materials,,Mehmet Serkan Yatağan,MMB | MMB,Salı | Perşembe,10:30/12:29 | 10:30/12:29,,52,52,,"MIM, MIME",,
12891,MIM 234E,MIM,LS,Reinforced Concrete Structures,,"Haluk Sesigür, Cenk Üstündağ",MMB,Çarşamba,08:30/12:29,,70,63,,"MIM, MIME",,
12892,MIM 246E,MIM,LS,Environmental Control Studio,,Nuri Serteser,MMB | MMB,Salı | Perşembe,13:30/17:29 | 08:30/12:29,,60,29,,"ICM, MIM, MIME",,
12893,EUT 119E,EUT,LS,Int.to Indus.Prod.Ds..,,"Elif Küçüksayraç, Deniz Leblebici Başar, Gülname Turan, Koray Gelmez, Layıka Ney Ece Arıburun Kırca, Miray Boğa, Özge Çelikoğlu",MMB,Çarşamba,13:30/15:29,,70,122,,"EUT, EUTE, EUTM",,
12894,MIM 252E,MIM,LS,Theories of Architectural Dsgn,,Yüksel Demir,MMB,Perşembe,09:30/12:29,,25,29,,"EUTE, ICM, MIM, MIME, PEME, SBPE",,
12895,MIM 253,MIM,LS,Çelik Yapılar,,--,MMB,Cuma,08:30/10:29,,0,0,,MIM,,
12896,MIM 253,MIM,LS,Çelik Yapılar,,Necdet Torunbalcı,MMB,Cuma,08:30/10:29,,50,49,,MIM,,
12897,MIM 253,MIM,LS,Çelik Yapılar,,Haluk Sesigür,MMB,Cuma,08:30/10:29,,51,49,,MIM,,
12898,EUT 204E,EUT,LS,Manufacturing Methods,,Miray Boğa,MMB,Çarşamba,08:30/12:29,,85,92,,"EUTE, EUTM",,
12899,MIM 253E,MIM,LS,Steel Structures,,--,MMB,Cuma,10:30/12:29,,0,0,,"MIM, MIME",,
12900,MIM 253E,MIM,LS,Steel Structures,,Oğuz Cem Çelik,MMB,Cuma,10:30/12:29,,57,57,,"MIM, MIME",,
12901,MIM 253E,MIM,LS,Steel Structures,,Halet Almıla Büyüktaşkın,MMB,Cuma,10:30/12:29,,56,56,,"MIM, MIME",,
12902,EUT 233E,EUT,LS,Perspective,,Gökhan Ülken,MMB,Pazartesi,09:30/12:29,,30,30,,"EUT, EUTE, EUTM",,
12903,MIM 271,MIM,LS,Yapı Statiği,,--,MMB,Salı,13:30/15:29,,0,0,,MIM,,
12904,EUT 241E,EUT,LS,Computer Aided Design,,Koray Gelmez,MMB,Cuma,09:30/12:29,,44,47,,"EUT, EUTE",,
12905,MIM 271,MIM,LS,Yapı Statiği,,Haluk Sesigür,MMB,Salı,13:30/15:29,,61,60,,MIM,,
12906,MIM 271,MIM,LS,Yapı Statiği,,Gülseren Erol Soyöz,MMB,Salı,13:30/15:29,,61,61,,MIM,,
12907,EUT 241E,EUT,LS,Computer Aided Design,,Koray Gelmez,MMB,Pazartesi,09:30/12:29,,38,49,,"EUT, EUTE",,
12908,EUT 239E,EUT,LS,Model Making I,,Seyman Çay,MMB,Salı,09:30/12:29,,39,44,,"EUTE, EUTM",,
12909,MIM 271E,MIM,LS,Theory of Structures,,--,MMB,Salı,15:30/17:29,,0,0,,"MIM, MIME",,
12910,MIM 271E,MIM,LS,Theory of Structures,,Gülseren Erol Soyöz,MMB,Salı,15:30/17:29,,46,46,,"MIM, MIME",,
12911,MIM 271E,MIM,LS,Theory of Structures,,Cenk Üstündağ,MMB,Salı,15:30/17:29,,45,45,,"MIM, MIME",,
12912,MIM 305E,MIM,LS,Statistics,,Michael Stefan Bittermann,MMB,Cuma,09:30/12:29,,80,92,,"MIM, MIME",,
12913,MIM 312,MIM,LS,Mimari Proje VI,,Hüseyin Lütfü Kahvecioğlu,MMB | MMB,Pazartesi | Perşembe,13:30/17:29 | 13:30/17:29,,4,4,,MIM,,
12914,EUT 239E,EUT,LS,Model Making I,,Seyman Çay,MMB,Salı,13:30/16:29,,41,43,,"EUTE, EUTM",,
12915,EUT 271E,EUT,LS,Research for Product Design,,Özge Çelikoğlu,MMB,Perşembe,09:30/12:29,,70,73,,"EUT, EUTE",,
12916,EUT 220E,EUT,LS,Industrial Design Studio I,,Şebnem Timur,MMB | MMB,Salı | Cuma,13:30/17:29 | 13:30/17:29,,10,11,,"EUTE, EUTM",,
12917,EUT 319E,EUT,LS,Industrial Design Studio II,,Elif Küçüksayraç,MMB | MMB,Salı | Cuma,13:30/17:29 | 13:30/17:29,,24,27,,EUTE,,
12918,EUT 319E,EUT,LS,Industrial Design Studio II,,Deniz Leblebici Başar,MMB | MMB,Salı | Cuma,13:30/17:29 | 13:30/17:29,,24,23,,EUTE,,
12919,EUT 320E,EUT,LS,Industrial Design Studio III,,Ekrem Cem Alppay,MMB | MMB,Salı | Cuma,13:30/17:29 | 13:30/17:29,,15,11,,EUTE,,
12920,EUT 419E,EUT,LS,Industrial Design Studio IV,,Layıka Ney Ece Arıburun Kırca,MMB | MMB,Salı | Cuma,13:30/17:29 | 13:30/17:29,,17,17,,EUTE,,
12921,EUT 419E,EUT,LS,Industrial Design Studio IV,,Gülname Turan,MMB | MMB,Salı | Cuma,13:30/17:29 | 13:30/17:29,,17,19,,EUTE,,
12923,EUT 343E,EUT,LS,Typography,,Koray Gelmez,MMB,Salı,08:30/12:29,,30,36,,"EUT, EUTE, EUTM, ICM",,
12924,EUT 365E,EUT,LS,Fund. of Design Thinking,,Miray Boğa,MMB,Perşembe,09:30/12:29,,33,40,,"EUTE, EUTM, ICM, MIM, MIME, PEME, SBP, SBPE",,
12925,EUT 339E,EUT,LS,Bsc.Dsgn.Prc.of Lighting Lumn.,,Sermin Onaygil,MMB,Pazartesi,09:30/12:29,,25,18,,"EUT, EUTE, EUTM, PEM, PEME",,
12926,EUT 367E,EUT,LS,Intr. to Mechanical Design,,Elif Küçüksayraç,MMB,Pazartesi,08:30/12:29,,62,65,,EUTE,,
12927,EUT 325E,EUT,LS,History of Design II,,Gülname Turan,MMB,Perşembe,09:30/12:29,,61,65,,EUTE,,
12928,EUT 423E,EUT,LS,Cult.and Com.in Product Design,,Şebnem Timur,MMB,Çarşamba,13:30/15:29,,65,67,,"EUT, EUTE",,
12929,EUT 441E,EUT,LS,New Product Development,,Ekrem Cem Alppay,MMB,Pazartesi,13:30/15:29,,60,51,,"EUT, EUTE, EUTM",,
12930,EUT 492,EUT,LS,Bitirme Çalışması,,Ekrem Cem Alppay,MMB,,/,,500,2,,EUT,,
12931,EUT 4902E,EUT,LS,Graduation Project,,Ekrem Cem Alppay,MMB,,/,,500,37,,EUTE,,
12933,MIM 312,MIM,LS,Mimari Proje VI,,Yüksel Demir,MMB | MMB,Pazartesi | Perşembe,13:30/17:29 | 13:30/17:29,,4,5,,MIM,,
12934,MIM 312,MIM,LS,Mimari Proje VI,,Suat Apak,MMB | MMB,Pazartesi | Perşembe,13:30/17:29 | 13:30/17:29,,4,4,,MIM,,
12935,MIM 312,MIM,LS,Mimari Proje VI,,Bünyamin Derman,MMB | MMB,Pazartesi | Perşembe,13:30/17:29 | 13:30/17:29,,4,4,,MIM,,
12936,MIM 312,MIM,LS,Mimari Proje VI,,Selçuk Avcı,MMB | MMB,Pazartesi | Perşembe,13:30/17:29 | 13:30/17:29,,4,5,,MIM,,
12937,MIM 312E,MIM,LS,Architectural Design VI,,Belkıs Uluoğlu,MMB | MMB,Pazartesi | Perşembe,13:30/17:29 | 13:30/17:29,,3,3,,"MIM, MIME",,
12938,MIM 312E,MIM,LS,Architectural Design VI,,Sinan Mert Şener,MMB | MMB,Pazartesi | Perşembe,13:30/17:29 | 13:30/17:29,,3,1,,"MIM, MIME",,
12939,MIM 312E,MIM,LS,Architectural Design VI,,Leman Figen Gül,MMB | MMB,Pazartesi | Perşembe,13:30/17:29 | 13:30/17:29,,3,3,,"MIM, MIME",,
12940,MIM 312E,MIM,LS,Architectural Design VI,,Ozan Önder Özener,MMB | MMB,Pazartesi | Perşembe,13:30/17:29 | 13:30/17:29,,3,5,,"MIM, MIME",,
12941,MIM 312E,MIM,LS,Architectural Design VI,,Mehmet Emin Şalgamcıoğlu,MMB | MMB,Pazartesi | Perşembe,13:30/17:29 | 13:30/17:29,,3,6,,"MIM, MIME",,
12943,MIM 318,MIM,LS,Bilg ile Yapma Çevrede Perf Dğ,,Şule Filiz Akşit,MMB,Salı,09:30/12:29,,25,6,,MIM,,
12944,MIM 321,MIM,LS,Çağdaş Mimarlık,,Vesile Gül Cephanecigil,MMB,Salı,13:30/15:29,,70,48,,MIM,,
12945,MIM 321E,MIM,LS,Contemporary Architecture,,Mehmet Murat Gül,MMB,Salı,13:30/15:29,,70,66,,"MIM, MIME",,
12946,MIM 322,MIM,LS,Tarihi Çevre Koruma & Restr,,"Işıl Polat Pekmezci, Gülsüm Tanyeli, Sakine Yıldız Salman, Yegan Kahya Sayar",MMB,Çarşamba,13:30/15:29,,120,111,,MIM,,
12951,MIM 322E,MIM,LS,Conserv.of Hist. Build.&Sites;,,"Deniz Mazlum, Zeynep Eres Özdoğan",MMB,Çarşamba,13:30/15:29,,80,71,,"MIM, MIME",,
12954,MIM 333,MIM,LS,Yapım Sistemleri,,--,MMB,Cuma,13:30/15:29,,0,0,,MIM,,
12955,MIM 333,MIM,LS,Yapım Sistemleri,,Bahriye İlhan,MMB,Cuma,13:30/15:29,,67,66,,MIM,,
12956,MIM 333,MIM,LS,Yapım Sistemleri,,Hakan Yaman,MMB,Cuma,13:30/15:29,,67,67,,MIM,,
12957,MIM 333E,MIM,LS,Building Production Systems,,Fatma Pınar Çakmak,MMB,Cuma,13:30/15:29,,70,74,,"MIM, MIME",,
12958,MIM 332E,MIM,LS,Construction Mngmnt & Economy,,"Bahriye İlhan, Fatma Pınar Çakmak",MMB | MMB,Çarşamba | Çarşamba,09:30/12:29 | 13:30/15:29,,70,65,,"MIM, MIME",,
12959,MIM 343,MIM,LS,Şehircilik ve İmar Hukuku,,--,MMB,Salı,08:30/12:29,,0,0,,MIM,,
12960,MIM 343,MIM,LS,Şehircilik ve İmar Hukuku,,Mehmet Ocakçı,MMB,Salı,08:30/12:29,,16,16,,MIM,,
12961,MIM 343,MIM,LS,Şehircilik ve İmar Hukuku,,Handan Türkoğlu,MMB,Salı,08:30/12:29,,16,16,,MIM,,
12963,MIM 343,MIM,LS,Şehircilik ve İmar Hukuku,,Funda Yirmibeşoğlu,MMB,Salı,08:30/12:29,,16,16,,MIM,,
12964,MIM 343,MIM,LS,Şehircilik ve İmar Hukuku,,Özlem Özçevik,MMB,Salı,08:30/12:29,,16,16,,MIM,,
12965,MIM 343,MIM,LS,Şehircilik ve İmar Hukuku,,Şevkiye Şence Türk,MMB,Salı,08:30/12:29,,16,16,,MIM,,
12966,MIM 343,MIM,LS,Şehircilik ve İmar Hukuku,,Özhan Ertekin,MMB,Salı,08:30/12:29,,16,16,,MIM,,
12967,MIM 343,MIM,LS,Şehircilik ve İmar Hukuku,,Mehmet Ali Yüzer,MMB,Salı,08:30/12:29,,16,16,,MIM,,
12968,MIM 343,MIM,LS,Şehircilik ve İmar Hukuku,,Engin Eyüp Eyuboğlu,MMB,Salı,08:30/12:29,,15,15,,MIM,,
12969,MIM 343,MIM,LS,Şehircilik ve İmar Hukuku,,Hatice Ayataç,MMB,Salı,08:30/12:29,,16,15,,MIM,,
12970,MIM 343,MIM,LS,Şehircilik ve İmar Hukuku,,Eren Kürkçüoğlu,MMB,Salı,08:30/12:29,,16,16,,MIM,,
12971,MIM 343E,MIM,LS,Urbanism and Planning Law,,--,MMB,Salı,08:30/12:29,,0,0,,"MIM, MIME",,
12972,MIM 343E,MIM,LS,Urbanism and Planning Law,,Turgay Kerem Koramaz,MMB,Salı,08:30/12:29,,17,17,,"MIM, MIME",,
12973,MIM 343E,MIM,LS,Urbanism and Planning Law,,Fatih Terzi,MMB,Salı,08:30/12:29,,18,18,,"MIM, MIME",,
12974,MIM 343E,MIM,LS,Urbanism and Planning Law,,Gülden Demet Oruç,MMB,Salı,08:30/12:29,,18,18,,"MIM, MIME",,
12975,MIM 343E,MIM,LS,Urbanism and Planning Law,,Zeynep Günay,MMB,Salı,08:30/12:29,,17,17,,"MIM, MIME",,
12976,MIM 343E,MIM,LS,Urbanism and Planning Law,,Hasan Serdar Kaya,MMB,Salı,08:30/12:29,,18,17,,"MIM, MIME",,
12977,MIM 343E,MIM,LS,Urbanism and Planning Law,,İmge Akçakaya Waite,MMB,Salı,08:30/12:29,,17,17,,"MIM, MIME",,
12978,MIM 342,MIM,LS,Peyzaj Tasarımı & Uyg.İlkeleri,,Yasin Çağatay Seçkin,MMB,Perşembe,08:30/12:29,,25,25,,MIM,,
12979,MIM 348,MIM,LS,Yapıda Malzeme Seçimi,,Seda Erdem,MMB,Çarşamba,09:30/12:29,,25,24,,"ICM, MIM",,
12980,MIM 351,MIM,LS,Mimari Proje V,,Gülçin Pulat Gökmen,MMB | MMB,Pazartesi | Perşembe,13:30/17:29 | 13:30/17:29,,22,23,,MIM,,
12981,MIM 351,MIM,LS,Mimari Proje V,,İffet Hülya Arı,MMB | MMB,Pazartesi | Perşembe,13:30/17:29 | 13:30/17:29,,22,21,,MIM,,
12982,MIM 351,MIM,LS,Mimari Proje V,,Hakan Tong,MMB | MMB,Pazartesi | Perşembe,13:30/17:29 | 13:30/17:29,,22,22,,MIM,,
12983,MIM 351,MIM,LS,Mimari Proje V,,Gökhan Ülken,MMB | MMB,Pazartesi | Perşembe,13:30/17:29 | 13:30/17:29,,20,25,,MIM,,
12984,MIM 351E,MIM,LS,Architectural Design V,,Fatma Erkök,MMB | MMB,Pazartesi | Perşembe,13:30/17:29 | 13:30/17:29,,24,25,,"MIM, MIME",,
12985,MIM 351E,MIM,LS,Architectural Design V,,Pelin Dursun Çebi,MMB | MMB,Pazartesi | Perşembe,13:30/17:29 | 13:30/17:29,,24,19,,"MIM, MIME",,
12987,MIM 351E,MIM,LS,Architectural Design V,,Meltem Aksoy,MMB | MMB,Pazartesi | Perşembe,13:30/17:29 | 13:30/17:29,,24,26,,"MIM, MIME",,
12988,MIM 351E,MIM,LS,Architectural Design V,,Dilek Yıldız,MMB | MMB,Pazartesi | Perşembe,13:30/17:29 | 13:30/17:29,,24,24,,"MIM, MIME",,
12990,MIM 356,MIM,LS,Fotograf,,Aras Neftçi,MMB,Salı,09:30/12:29,,25,36,,"ICM, MIM, PEM, SBP",,
12991,MIM 377E,MIM,LS,Cities and Architecture,,Fatma Erkök,MMB,Perşembe,09:30/12:29,,25,29,,"MIM, MIME",,
12992,MIM 378E,MIM,LS,Tall Building Structures,,Halet Almıla Büyüktaşkın,MMB,Çarşamba,12:30/15:29,,25,32,,"MIM, MIME",,
12993,PEM 119E,PEM,LS,Int.Landscape Archit..,,Melih Bozkurt,MMB,Salı,10:30/12:29,,65,72,,"PEME, PEMM",,
12994,MIM 379,MIM,LS,Mimari Tasarım&Yap;ımda Ahşap,,"Hülya Kuş, Gülfer Oraz",MMB,Cuma,13:30/16:29,,25,21,,"ICM, MIM",,
12995,MIM 390,MIM,LS,Mimarlıkta Çevre Analizi Tekn,,Hüseyin Lütfü Kahvecioğlu,MMB,Perşembe,09:30/12:29,,25,25,,"ICM, MIM, SBP",,
12997,PEM 242E,PEM,LS,Landscape Eco.&Its; Ref.onDsg.,,Meltem Erdem Kaya,MMB,Salı,10:30/12:29,,60,51,,"PEM, PEME, PEMM",,
12998,PEM 212E,PEM,LS,Landscape Design I,,Ebru Erbaş Gürler,MMB | MMB,Pazartesi | Perşembe,13:30/17:29 | 13:30/17:29,,10,4,,"PEM, PEME",,
12999,PEM 225E,PEM,LS,Hist.Theo.&Crtc.inLn..,,Ebru Erbaş Gürler,MMB,Pazartesi,09:30/12:29,,60,33,,"PEM, PEME, PEMM",,
13000,PEM 223E,PEM,LS,His.of Landscape Architec. II,,Ebru Erbaş Gürler,MMB,Cuma,10:30/12:29,,10,6,,"PEM, PEME",,
13001,PEM 231E,PEM,LS,Plant Material II,,Meliz Akyol,MMB,Perşembe,08:30/12:29,,45,46,,"PEM, PEME, PEMM",,
13002,PEM 353E,PEM,LS,Int.to Geographical Inf.Sys.,,Kerem Yavuz Arslanlı,MMB,Pazartesi,08:30/12:29,,55,42,,PEME,,
13003,PEM 315E,PEM,LS,Urbanism & Planning Law,,"Fatih Terzi, Gülden Demet Oruç, Hasan Serdar Kaya, Turgay Kerem Koramaz, Zeynep Günay, İmge Akçakaya Waite",MMB,Salı,08:30/12:29,,40,16,,PEME,,
13004,PEM 253E,PEM,LS,Landscape Construction I,,Muhammed Ali Örnek,MMB,Salı,13:30/17:29,,60,33,,PEME,,
13005,PEM 205E,PEM,LS,Comp. Aided Landscape Arch.,,Muhammed Ali Örnek,MMB,Cuma,09:30/12:29,,60,33,,PEME,,
13006,PEM 311E,PEM,LS,Landscape Design II,,Ebru Erbaş Gürler,MMB | MMB,Pazartesi | Perşembe,13:30/17:29 | 13:30/17:29,,30,21,,"PEM, PEME",,
13007,PEM 311E,PEM,LS,Landscape Design II,,Fatma Ayçim Türer Başkaya,MMB | MMB,Pazartesi | Perşembe,13:30/17:29 | 13:30/17:29,,20,14,,"PEM, PEME",,
13008,PEM 312E,PEM,LS,Landscape Design III,,Fatma Ayçim Türer Başkaya,MMB | MMB,Pazartesi | Perşembe,13:30/17:29 | 13:30/17:29,,10,13,,"PEM, PEME",,
13009,PEM 343E,PEM,LS,Landscape Construction III,,Emrullah Çelik,MMB,Çarşamba,08:30/12:29,,45,16,,"PEM, PEME",,
13010,PEM 347E,PEM,LS,Social Asspect of Landsc.Arch.,,Melih Bozkurt,MMB,Salı,13:30/16:29,,30,33,,"EUTE, ICM, MIM, MIME, PEM, PEME, SBP, SBPE",,
13011,PEM 317E,PEM,LS,Urban Furniture and Space,,Gülşen Aytaç,MMB,Perşembe,09:30/12:29,,35,36,,"EUTE, ICM, PEM, PEME, SBP, SBPE",,
13012,PEM 411E,PEM,LS,Landscape Design IV,,Gülşen Aytaç,MMB | MMB,Pazartesi | Perşembe,13:30/17:29 | 13:30/17:29,,30,20,,"PEM, PEME",,
13013,PEM 324E,PEM,LS,Landscape Management,,Fatma Ayçim Türer Başkaya,MMB,Çarşamba,13:30/15:29,,35,34,,PEME,,
13014,PEM 492,PEM,LS,Bitirme Çalışması,,--,MMB,,/,,0,0,,PEM,,
13015,MIM 411,MIM,LS,Mimari Proje VII,,Hüseyin Lütfü Kahvecioğlu,MMB | MMB,Pazartesi | Perşembe,13:30/17:29 | 13:30/17:29,,18,18,,MIM,,
13016,PEM 492E,PEM,LS,Graduation Project,,"Gülşen Aytaç, Ebru Erbaş Gürler, Melih Bozkurt",MMB,,/,,40,13,,"PEM, PEME",,
13017,MIM 411,MIM,LS,Mimari Proje VII,,Yüksel Demir,MMB | MMB,Pazartesi | Perşembe,13:30/17:29 | 13:30/17:29,,18,9,,MIM,,
13018,MIM 411,MIM,LS,Mimari Proje VII,,Suat Apak,MMB | MMB,Pazartesi | Perşembe,13:30/17:29 | 13:30/17:29,,18,18,,MIM,,
13019,MIM 411,MIM,LS,Mimari Proje VII,,Bünyamin Derman,MMB | MMB,Pazartesi | Perşembe,13:30/17:29 | 13:30/17:29,,18,18,,MIM,,
13020,MIM 411,MIM,LS,Mimari Proje VII,,Selçuk Avcı,MMB | MMB,Pazartesi | Perşembe,13:30/17:29 | 13:30/17:29,,18,9,,MIM,,
13021,MIM 411E,MIM,LS,Architectural Design VII,,Leman Figen Gül,MMB | MMB,Pazartesi | Perşembe,13:30/17:29 | 13:30/17:29,,20,10,,"MIM, MIME",,
13022,MIM 411E,MIM,LS,Architectural Design VII,,Belkıs Uluoğlu,MMB | MMB,Pazartesi | Perşembe,13:30/17:29 | 13:30/17:29,,20,14,,"MIM, MIME",,
13024,MIM 411E,MIM,LS,Architectural Design VII,,Ozan Önder Özener,MMB | MMB,Pazartesi | Perşembe,13:30/17:29 | 13:30/17:29,,20,13,,"MIM, MIME",,
13025,MIM 411E,MIM,LS,Architectural Design VII,,Sinan Mert Şener,MMB | MMB,Pazartesi | Perşembe,13:30/17:29 | 13:30/17:29,,20,13,,"MIM, MIME",,
13026,MIM 411E,MIM,LS,Architectural Design VII,,Mehmet Emin Şalgamcıoğlu,MMB | MMB,Pazartesi | Perşembe,13:30/17:29 | 13:30/17:29,,20,20,,"MIM, MIME",,
13027,MIM 420E,MIM,LS,Logic and Theory of Design,,Michael Stefan Bittermann,MMB,Salı,09:30/12:29,,25,15,,"ICM, MIM, MIME, PEM, PEME",,
13028,MIM 421E,MIM,LS,Archtctrl Survey & Restrtn Std,,Umut Almaç,MMB,Cuma,08:30/12:29,,20,25,,"MIM, MIME",,
13029,MIM 427E,MIM,LS,Restoration of Cultural Prop.,,Deniz Mazlum,MMB,Perşembe,13:30/16:29,,25,25,,"ICM, MIM, MIME",,
13030,MIM 428E,MIM,LS,Desg.Draw.:Pract.&Co..,,Hakan Tüzün Şengün,MMB,Salı,09:30/12:29,,25,17,,"ICM, MIM, MIME",,
13031,MIM 429E,MIM,LS,Topographical Practices,,Sıdıka Aslıhan Şenel,MMB,Cuma,13:30/16:29,,25,20,,"MIM, MIME",,
13032,MIM 431,MIM,LS,Uygulama Projesi,,Hülya Kuş,MMB | MMB,Salı | Cuma,13:30/17:29 | 08:30/12:29,,9,9,,MIM,,
13033,MIM 431,MIM,LS,Uygulama Projesi,,Leyla Tanaçan,MMB | MMB,Salı | Cuma,13:30/17:29 | 08:30/12:29,,9,9,,MIM,,
13034,MIM 431,MIM,LS,Uygulama Projesi,,Alpin Köknel Yener,MMB | MMB,Salı | Cuma,13:30/17:29 | 08:30/12:29,,9,10,,MIM,,
13035,MIM 431,MIM,LS,Uygulama Projesi,,Elçin Filiz Taş,MMB | MMB,Salı | Cuma,13:30/17:29 | 08:30/12:29,,9,9,,MIM,,
13036,MIM 431,MIM,LS,Uygulama Projesi,,Hakan Yaman,MMB | MMB,Salı | Cuma,13:30/17:29 | 08:30/12:29,,9,10,,MIM,,
13037,MIM 431,MIM,LS,Uygulama Projesi,,Şule Filiz Akşit,MMB | MMB,Salı | Cuma,13:30/17:29 | 08:30/12:29,,9,9,,MIM,,
13038,MIM 431,MIM,LS,Uygulama Projesi,,Gülfer Oraz,MMB | MMB,Salı | Cuma,13:30/17:29 | 08:30/12:29,,9,10,,MIM,,
13039,MIM 431,MIM,LS,Uygulama Projesi,,Gülten Manioğlu,MMB | MMB,Salı | Cuma,13:30/17:29 | 08:30/12:29,,9,10,,MIM,,
13040,MIM 431,MIM,LS,Uygulama Projesi,,--,MMB | MMB,Salı | Cuma,13:30/17:29 | 08:30/12:29,,0,0,,MIM,,
13041,MIM 431,MIM,LS,Uygulama Projesi,,Gül Koçlar Oral,MMB | MMB,Salı | Cuma,13:30/17:29 | 08:30/12:29,,9,10,,MIM,,
13042,MIM 431E,MIM,LS,Construction Project,,--,MMB | MMB,Salı | Cuma,13:30/17:29 | 08:30/12:29,,0,0,,"MIM, MIME",,
13043,MIM 431E,MIM,LS,Construction Project,,Fatih Yazıcıoğlu,MMB | MMB,Salı | Cuma,13:30/17:29 | 08:30/12:29,,9,9,,"MIM, MIME",,
13044,MIM 431E,MIM,LS,Construction Project,,Mehmet Cem Altun,MMB | MMB,Salı | Cuma,13:30/17:29 | 08:30/12:29,,9,9,,"MIM, MIME",,
13045,MIM 431E,MIM,LS,Construction Project,,Fethiye Ecem Edis,MMB | MMB,Salı | Cuma,13:30/17:29 | 08:30/12:29,,9,9,,"MIM, MIME",,
13046,MIM 431E,MIM,LS,Construction Project,,"Bahriye İlhan, Emrah Acar",MMB | MMB,Salı | Cuma,13:30/17:29 | 08:30/12:29,,9,11,,"MIM, MIME",,
13047,MIM 431E,MIM,LS,Construction Project,,--,MMB | MMB,Salı | Cuma,13:30/17:29 | 08:30/12:29,,0,0,,"MIM, MIME",,
13048,MIM 431E,MIM,LS,Construction Project,,Fatma Pınar Çakmak,MMB | MMB,Salı | Cuma,13:30/17:29 | 08:30/12:29,,9,9,,"MIM, MIME",,
13049,MIM 435E,MIM,LS,Mdrn Cncpts of Archtctrl Consv,,Sakine Yıldız Salman,MMB,Çarşamba,09:30/12:29,,21,28,,"EUTE, ICM, MIM, MIME",,
13050,MIM 436,MIM,LS,Koruma Bilimine Giriş,,Işıl Polat Pekmezci,MMB,Çarşamba,09:30/12:29,,25,22,,"ICM, MIM",,
13051,MIM 440E,MIM,LS,Generating Livable Environment,,Cemile Tiftik,MMB,Çarşamba,12:30/15:29,,25,26,,"ICM, MIM, MIME",,
13052,MIM 441,MIM,LS,Arkeolojik Sit. Koruma Uyg.,,"Zeynep Eres Özdoğan, Umut Almaç",MMB,Çarşamba,09:30/12:29,,25,21,,MIM,,
13053,MIM 451,MIM,LS,Mimarlıkta Temsil ve Sunum,,"Hakan Tong, İffet Hülya Arı",MMB,Çarşamba,09:30/12:29,,25,24,,"ICM, MIM",,
13054,MIM 455,MIM,LS,Bina Yapımında IK Yönetimi,,Gülfer Oraz,MMB,Salı,09:30/12:29,,25,23,,MIM,,
13055,MIM 457,MIM,LS,Konut Planlaması & Tasrm Sorn,,Suat Apak,MMB,Perşembe,09:30/12:29,,25,25,,"ICM, MIM, PEM, SBP",,
13056,MIM 461E,MIM,LS,Envir.Dsg.for the Di..,,Göksenin İnalhan,MMB,Salı,09:30/12:29,,25,20,,"EUTE, MIM, MIME, PEME, SBP, SBPE",,
13057,MIM 465E,MIM,LS,Buildng Sub-Structure & Ground,,Fatih Yazıcıoğlu,MMB,Salı,09:30/12:29,,25,22,,"MIM, MIME",,
13058,MIM 467,MIM,LS,Pascal ile Programlama,,--,MMB,Çarşamba,09:30/12:29,,0,0,,MIM,,
13059,MIM 471E,MIM,LS,Earthquake Resist.Building Dsg,,--,MMB,Çarşamba,09:30/12:29,,2,0,,"MIM, MIME",,
13060,MIM 491,MIM,LS,Mimarlıkta Morfoloji,,Pelin Dursun Çebi,MMB,Perşembe,09:30/12:29,,25,23,,"ICM, MIM",,
13062,MIM 418E,MIM,LS,Design & Fabric.Tech. in Arch.,,Sema Alaçam,MMB,Çarşamba,08:30/12:29,,25,26,,"MIM, MIME",,
13063,MIM 364E,MIM,LS,Design with Natural Aspects,,Burçin Kürtüncü,MMB,Cuma,13:30/16:29,,25,27,,"MIM, MIME",,
13064,MIM 478,MIM,LS,Geç Osmanlı Mimarlığı,,Vesile Gül Cephanecigil,MMB,Cuma,13:30/16:29,,25,17,,"ICM, MIM",,
13065,MIM 492,MIM,LS,Bitirme Çalışması,,Fatma Erkök,MMB,,/,,500,55,,MIM,,
13066,MIM 492E,MIM,LS,Graduation Project,,Fatma Erkök,MMB,,/,,500,112,,"MIM, MIME",,
13067,MIM 439,MIM,LS,Mimarlıkta Bilgisayar Uygl,,Gülen Çağdaş,MMB,Çarşamba,12:30/15:29,,25,25,,MIM,,
13068,MIM 335E,MIM,LS,Energy Efficient Housing,,"Gül Koçlar Oral, Alpin Köknel Yener",MMB,Salı,09:30/12:29,,25,17,,"MIM, MIME",,
13069,MTO 388E,MTO,LS,Geographic Information Science,,Filiz Türk Katırcıoğlu,UUB,Pazartesi,11:30/14:29,,50,23,,"MTO, MTOE",,
13070,MTO 317E,MTO,LS,Comput.Fluid Dyn.in Meteo.Eng.,,Elçin Tan,UUB,Salı,08:30/11:29,,50,27,,"MTO, MTOE",,
13071,MTO 229E,MTO,LS,Physics of Clouds&Pr..,,Sevinç Asilhan,UUB,Salı,14:30/17:29,,50,28,,"MTO, MTOE, MTOM",,
13072,ICM 227,ICM,LS,"Iç Mim.Tarih,Kuram &..",,Deniz Çalışır Pençe,MMB,Pazartesi,08:30/10:29,,80,73,,ICM,,
13073,ICM 325,ICM,LS,"Iç Mim.Tarih,Kuram &El;ştri IV",,Deniz Çalışır Pençe,MMB,Pazartesi,10:30/12:29,,80,56,,ICM,,
13074,ICM 233,ICM,LS,Yapı Malzemesi,,"Seden Acun Özgünler, Mehmet Serkan Yatağan",MMB | MMB,Çarşamba | Cuma,08:30/10:29 | 13:30/15:29,,80,74,,ICM,,
13075,ICM 215,ICM,LS,Taşıyıcı Sistem İlkeleri,,"Gülseren Erol Soyöz, Haluk Sesigür",MMB,Cuma,13:30/16:29,,40,2,,ICM,,
13076,ICM 242E,ICM,LS,Advanced Representation Tech.,,Bahadır Numan,MMB,Cuma,08:30/12:29,,40,19,,ICM,,
13077,ICM 351E,ICM,LS,Space And Furniture,,--,MMB,Salı,13:30/17:29,,0,0,,"ICM, ICMM",,
13078,ICM 351E,ICM,LS,Space And Furniture,,Çiğdem Eren,MMB,Salı,13:30/17:29,,32,32,,"ICM, ICMM",,
13079,ICM 351E,ICM,LS,Space And Furniture,,Kemal Can Atalayer,MMB,Salı,13:30/17:29,,32,32,,"ICM, ICMM",,
13080,ICM 355E,ICM,LS,Invstg.Colr&Light; in Int.Arch,,Ethem Gürer,MMB,Salı,09:30/12:29,,70,74,,"ICM, ICMM",,
13081,ICM 305E,ICM,LS,Statistics,,Sonya Türkman,MMB,Çarşamba,12:30/15:29,,80,37,,ICM,,
13082,ICM 447E,ICM,LS,Prdgms&Cse; Std in Adpt.Re-Use,,Özge Cordan,MMB,Perşembe,09:30/12:29,,80,48,,"ICM, ICMM",,
13083,ICM 349E,ICM,LS,Interior Arch.Design Studio II,,--,MMB | MMB,Pazartesi | Perşembe,13:30/17:29 | 13:30/17:29,,0,0,,"ICM, ICMM",,
13084,ICM 349E,ICM,LS,Interior Arch.Design Studio II,,Özge Cordan,MMB | MMB,Pazartesi | Perşembe,13:30/17:29 | 13:30/17:29,,15,15,,"ICM, ICMM",,
13085,ICM 349E,ICM,LS,Interior Arch.Design Studio II,,Akın Tolga İlter,MMB | MMB,Pazartesi | Perşembe,13:30/17:29 | 13:30/17:29,,19,19,,"ICM, ICMM",,
13086,ICM 349E,ICM,LS,Interior Arch.Design Studio II,,Ebru Ersöz,MMB | MMB,Pazartesi | Perşembe,13:30/17:29 | 13:30/17:29,,18,18,,"ICM, ICMM",,
13087,ICM 246E,ICM,LS,Interior Arch. Design Studio I,,Özge Cordan,MMB | MMB,Pazartesi | Perşembe,13:30/17:29 | 13:30/17:29,,20,2,,"ICM, ICMM",,
13088,ICM 119E,ICM,LS,Int.to Interior Arch..,,Akın Tolga İlter,MMB,Çarşamba,13:30/15:29,,80,73,,ICM,,
13089,ICM 119E,ICM,LS,Int.to Interior Arch..,,Demet Arslan Dinçay,MMB,Cuma,09:30/11:29,,31,34,,ICM,,
13090,ICM 217E,ICM,LS,Intr.to Interior Architecture,,Demet Arslan Dinçay,MMB,Cuma,09:30/12:29,,35,42,,"ICM, ICME",,
13091,ICM 121E,ICM,LS,History of Art and Culture,,Deniz Çalışır Pençe,MMB,Cuma,09:30/12:29,,75,75,,"EUTE, ICM, MIM, MIME, PEM, PEME, SBP, SBPE",,
13092,ICM 352E,ICM,LS,Exhibition Design,,Seniye Banu Garip,MMB,Çarşamba,09:30/12:29,,25,27,,"ICM, ICME",,
13093,ICM 333E,ICM,LS,Design Culture,,Emine Görgül,MMB,Pazartesi,09:30/12:29,,40,42,,"EUTE, ICM, PEME",,
13094,ICM 449E,ICM,LS,Interior Arch.Desgn Studio IV,,--,MMB | MMB,Pazartesi | Perşembe,13:30/17:29 | 13:30/17:29,,0,0,,ICM,,
13095,ICM 449E,ICM,LS,Interior Arch.Desgn Studio IV,,Seniye Banu Garip,MMB | MMB,Pazartesi | Perşembe,13:30/17:29 | 13:30/17:29,,15,15,,ICM,,
13096,ICM 449E,ICM,LS,Interior Arch.Desgn Studio IV,,Emine Görgül,MMB | MMB,Pazartesi | Perşembe,13:30/17:29 | 13:30/17:29,,22,22,,ICM,,
13097,ICM 366E,ICM,LS,Interior Arch.Desgn Studio III,,Seniye Banu Garip,MMB | MMB,Pazartesi | Perşembe,13:30/17:29 | 13:30/17:29,,20,8,,ICM,,
13098,ICM 4902,ICM,LS,Diploma Projesi,,Ethem Gürer,MMB,,/,,500,15,,ICM,,
13099,ICM 4902E,ICM,LS,Graduation Project,,Ethem Gürer,MMB,,/,,500,19,,ICM,,
13100,SBP 119,SBP,LS,Şehir &B;ölge Plan. ..,,Ayşe Lale Berköz,MMB,Salı,10:30/12:29,,65,75,,SBP,,
13101,SBP 119E,SBP,LS,Int.to Urb.&Regio.Pl..,,Aliye Ahu Akgün,MMB,Salı,10:30/12:29,,65,89,,"SBPE, SBPM",,
13102,SBP 103E,SBP,LS,Role of Prof.in Sustainability,,"Azime Tezer, Cemile Tiftik, Elif Küçüksayraç",MMB,Cuma,09:30/12:29,,30,37,,"EUTE, ICM, MIM, MIME, PEME, SBP, SBPE",,
13103,SBP 105E,SBP,LS,Other Worlds,,Kerem Yavuz Arslanlı,MMB,Cuma,09:30/12:29,,35,46,,"EUTE, ICM, MIM, MIME, PEME, SBP, SBPE",,
13104,SBP 205E,SBP,LS,Statistics,,Hüseyin Murat Çelik,MMB,Çarşamba,12:30/15:29,,36,36,,"SBP, SBPE",,
13105,SBP 205E,SBP,LS,Statistics,,Kerem Yavuz Arslanlı,MMB,Çarşamba,12:30/15:29,,36,32,,"SBP, SBPE",,
13106,SBP 223E,SBP,LS,Land Use Planning,,Azime Tezer,MMB,Çarşamba,08:30/11:29,,65,57,,"SBPE, SBPM",,
13107,SBP 311E,SBP,LS,Project V,,Azime Tezer,MMB | MMB,Salı | Cuma,13:30/17:29 | 13:30/17:29,,15,15,,SBPE,,
13108,SBP 223,SBP,LS,Arazi Kullanım Planlaması,,Özlem Özçevik,MMB,Çarşamba,08:30/11:29,,65,52,,"SBP, SBPM",,
13109,SBP 245,SBP,LS,Şehirsel Ulaşım,,Hüseyin Murat Çelik,MMB,Salı,09:30/12:29,,65,57,,SBP,,
13110,SBP 252,SBP,LS,Konut ve Yöre Planlaması,,Funda Yirmibeşoğlu,MMB,Perşembe,09:30/12:29,,65,52,,"SBP, SBPM",,
13111,SBP 252E,SBP,LS,Housing and Site Planning,,Fatih Terzi,MMB,Perşembe,09:30/12:29,,65,53,,"SBP, SBPE, SBPM",,
13112,SBP 262,SBP,LS,Peyzaj Planlaması ve Tasarım,,"Engin Eyüp Eyuboğlu, Eren Kürkçüoğlu",MMB,Salı,13:30/17:29,,65,50,,SBP,,
13113,SBP 262E,SBP,LS,Landscape Planning and Design,,Fatma Ayçim Türer Başkaya,MMB,Cuma,08:30/12:29,,65,40,,"SBP, SBPE",,
13114,SBP 227E,SBP,LS,Physical Environmental Control,,Nuri Serteser,MMB,Pazartesi,09:30/12:29,,67,65,,"SBP, SBPE",,
13115,SBP 227E,SBP,LS,Physical Environmental Control,,Şule Filiz Akşit,MMB,Pazartesi,09:30/12:29,,65,21,,"SBP, SBPE",,
13116,SBP 218E,SBP,LS,Project IV,,Ebru Kerimoğlu,MMB | MMB,Salı | Cuma,13:30/17:29 | 13:30/17:29,,10,4,,SBPE,,
13117,SBP 218,SBP,LS,Proje IV,,Ebru Kerimoğlu,MMB | MMB,Salı | Cuma,13:30/17:29 | 13:30/17:29,,10,1,,SBP,,
13118,SBP 311E,SBP,LS,Project V,,Elif Alkay,MMB | MMB,Salı | Cuma,13:30/17:29 | 13:30/17:29,,15,14,,SBPE,,
13119,SBP 311E,SBP,LS,Project V,,Özhan Ertekin,MMB | MMB,Salı | Cuma,13:30/17:29 | 13:30/17:29,,8,8,,SBPE,,
13120,SBP 311,SBP,LS,Proje V,,Emine Ferhan Gezici Korten,MMB | MMB,Salı | Cuma,13:30/17:29 | 13:30/17:29,,11,13,,SBP,,
13121,SBP 311,SBP,LS,Proje V,,--,MMB | MMB,Salı | Cuma,13:30/17:29 | 13:30/17:29,,0,0,,SBP,,
13122,SBP 311,SBP,LS,Proje V,,Seda Kundak,MMB | MMB,Salı | Cuma,13:30/17:29 | 13:30/17:29,,11,13,,SBP,,
13123,SBP 311,SBP,LS,Proje V,,Mehmet Ali Yüzer,MMB | MMB,Salı | Cuma,13:30/17:29 | 13:30/17:29,,11,13,,SBP,,
13124,SBP 312,SBP,LS,Proje VI,,Özhan Ertekin,MMB | MMB,Salı | Cuma,13:30/17:29 | 13:30/17:29,,5,4,,SBP,,
13125,SBP 312E,SBP,LS,Project VI,,Özhan Ertekin,MMB | MMB,Salı | Cuma,13:30/17:29 | 13:30/17:29,,5,4,,SBPE,,
13128,SBP 331,SBP,LS,Sit Koruma,,Engin Eyüp Eyuboğlu,MMB,Çarşamba,09:30/12:29,,65,44,,"SBP, SBPM",,
13129,SBP 331E,SBP,LS,Site Conservation,,Turgay Kerem Koramaz,MMB,Çarşamba,09:30/12:29,,65,45,,"SBPE, SBPM",,
13130,SBP 343,SBP,LS,Şehir Hukuku ve Şehir Yönetimi,,Şevkiye Şence Türk,MMB,Cuma,09:30/12:29,,65,48,,SBP,,
13131,SBP 343E,SBP,LS,Urban Law and Management,,Şevkiye Şence Türk,MMB,Pazartesi,13:30/16:29,,65,44,,SBPE,,
13132,SBP 349E,SBP,LS,Urban Economic Geography,,Elif Alkay,MMB,Perşembe,09:30/12:29,,25,1,,"SBP, SBPE, SBPM",,
13133,SBP 411,SBP,LS,Proje VII,,Mehmet Ocakçı,MMB | MMB,Salı | Cuma,13:30/17:29 | 13:30/17:29,,12,13,,SBP,,
13134,SBP 411,SBP,LS,Proje VII,,Gülden Demet Oruç,MMB | MMB,Salı | Cuma,13:30/17:29 | 13:30/17:29,,12,13,,SBP,,
13135,SBP 411E,SBP,LS,Project VII,,Ayşe Sema Kubat,MMB | MMB,Salı | Cuma,13:30/17:29 | 13:30/17:29,,13,13,,SBPE,,
13136,SBP 421,SBP,LS,Bölge Bilimi ve Planlama,,Gülden Erkut,MMB,Çarşamba,10:30/12:29,,65,44,,"SBP, SBPM",,
13137,SBP 421E,SBP,LS,Regional Science/The..,,Emine Ferhan Gezici Korten,MMB,Cuma,10:30/12:29,,65,33,,"SBPE, SBPM",,
13138,SBP 477E,SBP,LS,Tourism and Environment,,Emine Ferhan Gezici Korten,MMB,Salı,09:30/12:29,,40,39,,"PEME, SBP, SBPE, SBPM",,
13139,SBP 457,SBP,LS,Sosyal Politika ve Planlama,,Gülden Erkut,MMB,Salı,09:30/12:29,,27,26,,"MIM, SBP",,
13140,SBP 424E,SBP,LS,Creative Cities,,Ebru Kerimoğlu,MMB,Perşembe,09:30/12:29,,25,19,,"SBP, SBPE, SBPM",,
13141,SBP 427E,SBP,LS,Comp Studies of Urban Planning,,Zeynep Günay,MMB,Perşembe,13:30/16:29,,30,35,,"SBP, SBPE, SBPM",,
13142,SBP 492,SBP,LS,Bitirme Çalışması,,Mehmet Ocakçı,MMB,,/,,500,17,,SBP,,
13143,SBP 492E,SBP,LS,Final Project,,Mehmet Ocakçı,MMB,,/,,500,13,,SBPE,,
13144,SBP 431,SBP,LS,Metropolitan Planlama,,Mehmet Ocakçı,MMB,Çarşamba,13:30/15:29,,65,58,,"SBP, SBPM",,
13145,SBP 431E,SBP,LS,Metropolitan Planning,,Eren Kürkçüoğlu,MMB,Çarşamba,13:30/15:29,,65,44,,"SBPE, SBPM",,
13146,SBP 433E,SBP,LS,Healthy Cities,,"Handan Türkoğlu, Seda Kundak",MMB,Perşembe,09:30/12:29,,30,27,,"SBP, SBPE, SBPM",,
13147,SBP 438,SBP,LS,Metropolitan Gelişme Dinamikl,,Ayşe Lale Berköz,MMB,Pazartesi,09:30/12:29,,25,19,,SBP,,
13148,SBP 443,SBP,LS,Taşınmaz Mal (Gyrm)Değerlemesi,,Reha Metin Alkan,INB,Salı,08:30/11:29,,30,21,,SBP,,
13150,MAK 219,MAK,LS,Mukavemet I,,Oğuz Altay,MKB | MKB,Salı | Perşembe,13:30/15:29 | 15:30/17:29,,92,91,,MAK,,
13151,MAK 219,MAK,LS,Mukavemet I,,--,MKB | MKB,Salı | Perşembe,13:30/15:29 | 15:30/17:29,,0,0,,MAK,,
13152,MAK 219,MAK,LS,Mukavemet I,,Emin Sünbüloğlu,MKB | MKB,Salı | Perşembe,13:30/15:29 | 15:30/17:29,,92,92,,MAK,,
13153,MAK 220,MAK,LS,Mukavemet II,,Adil Yücel,MKB | MKB,Salı | Perşembe,13:30/15:29 | 15:30/17:29,,75,75,,MAK,,
13154,MAK 220,MAK,LS,Mukavemet II,,Süreyya Ergün Bozdağ,MKB | MKB,Salı | Perşembe,13:30/15:29 | 15:30/17:29,,70,67,,MAK,,
13155,MAK 226,MAK,LS,Termodinamik II,,Seyhan Onbaşıoğlu,MKB | MKB,Salı | Cuma,12:30/13:29 | 08:30/10:29,,90,83,,MAK,,
13156,MAK 228,MAK,LS,Akışkanlar Mekaniği I,,Murat Çakan,MKB | MKB,Pazartesi | Çarşamba,10:30/12:29 | 11:30/12:29,,75,79,,MAK,,
13157,MAK 228,MAK,LS,Akışkanlar Mekaniği I,,Sertaç Çadırcı,MKB | MKB,Pazartesi | Çarşamba,10:30/12:29 | 11:30/12:29,,75,75,,MAK,,
13158,MAK 229,MAK,LS,Akışkanlar Mekaniği II,,Erkan Ayder,MKB | MKB,Pazartesi | Çarşamba,10:30/12:29 | 09:30/10:29,,70,70,,MAK,,
13159,MAK 229,MAK,LS,Akışkanlar Mekaniği II,,Kadir Kırkköprü,MKB | MKB,Pazartesi | Çarşamba,10:30/12:29 | 09:30/10:29,,70,48,,MAK,,
13160,MAK 229,MAK,LS,Akışkanlar Mekaniği II,,Levent Ali Kavurmacıoğlu,MKB | MKB,Pazartesi | Çarşamba,10:30/12:29 | 09:30/10:29,,70,20,,MAK,,
13161,MAK 312,MAK,LS,Ölçme Değerlendirme,,Bülent Bölat,MKB | MKB,Salı | Cuma,15:30/17:29 | 13:30/15:29,,75,4,,"IML, MAK, MAKM, MKN",,
13162,MAK 312,MAK,LS,Ölçme Değerlendirme,,Mustafa Resa Becan,MKB | MKB,Salı | Cuma,15:30/17:29 | 13:30/15:29,,80,59,,"IML, MAK, MAKM, MKN",,
13163,TER 201,TER,LS,Termodinamik,,Emin Fuad Kent,KMB,Cuma,08:30/11:29,,40,41,,"CEV, CHZ, DEN, GEM, ISL, JEO, KMM, KOM, KON, PET",,
13164,JEO 319E,JEO,LS,Mining for Geologists,,Emin Çiftçi,MDB,Pazartesi,11:30/14:29,,30,5,,"JEO, JEOE",,
13165,MAK 313,MAK,LS,Isı Geçişi,,--,MKB | MKB,Pazartesi | Çarşamba,08:30/10:29 | 10:30/12:29,,0,0,,"MAK, MAKM",,
13166,MAK 313,MAK,LS,Isı Geçişi,,Mustafa Özdemir,MKB | MKB,Pazartesi | Çarşamba,08:30/10:29 | 10:30/12:29,,70,70,,"MAK, MAKM",,
13167,MAK 313,MAK,LS,Isı Geçişi,,İsmail Yalçın Uralcan,MKB | MKB,Pazartesi | Çarşamba,08:30/10:29 | 10:30/12:29,,70,33,,"MAK, MAKM",,
13168,MAK 315,MAK,LS,Mekanik Titreşimler,,Erdinç Altuğ,MKB | MKB,Pazartesi | Çarşamba,13:30/15:29 | 08:30/09:29,,70,34,,"IML, MAK, MAKM",,
13169,MAK 315,MAK,LS,Mekanik Titreşimler,,Haluk Erol,MKB | MKB,Pazartesi | Çarşamba,13:30/15:29 | 08:30/09:29,,70,71,,"IML, MAK, MAKM",,
13170,MAK 315,MAK,LS,Mekanik Titreşimler,,Özgür Turhan,MKB | MKB,Pazartesi | Çarşamba,13:30/15:29 | 08:30/09:29,,70,70,,"IML, MAK, MAKM",,
13171,MAK 315,MAK,LS,Mekanik Titreşimler,,Vahit Mermertaş,MKB | MKB,Pazartesi | Çarşamba,13:30/15:29 | 08:30/09:29,,70,74,,"IML, MAK, MAKM",,
13172,MAK 315E,MAK,LS,Mechanical Vibrations,,Kenan Yüce Şanlıtürk,MKB | MKB,Pazartesi | Çarşamba,13:30/15:29 | 08:30/09:29,,70,18,,"IML, IMLE, MAK, MAKE",,
13174,MAK 333,MAK,LS,Sistem Dinamiği ve Kontrol,,Kenan Refah Kutlu,MKB | MKB,Çarşamba | Cuma,13:30/15:29 | 08:30/10:29,,60,60,,"IML, MAK",,
13175,MAK 333,MAK,LS,Sistem Dinamiği ve Kontrol,,Mustafa Resa Becan,MKB | MKB,Çarşamba | Cuma,13:30/15:29 | 08:30/10:29,,60,62,,"IML, MAK",,
13176,MAK 333,MAK,LS,Sistem Dinamiği ve Kontrol,,Hülya Yalçın,MKB | MKB,Çarşamba | Cuma,13:30/15:29 | 15:30/17:29,,60,31,,"IML, MAK",,
13177,MAK 333E,MAK,LS,System Dynamics and Control,,Erdinç Altuğ,MKB | MKB,Çarşamba | Cuma,13:30/15:29 | 08:30/10:29,,60,40,,"IML, IMLE, MAK, MAKE, MAKM, TEK, TEKE",,
13178,MAK 339,MAK,LS,Makina Elemanları I,,Vedat Temiz,MKB | MKB,Salı | Perşembe,08:30/11:29 | 10:30/12:29,,60,61,,MAK,,
13179,MAK 339,MAK,LS,Makina Elemanları I,,Zeynep Parlar,MKB | MKB,Salı | Perşembe,08:30/11:29 | 10:30/12:29,,60,61,,MAK,,
13180,MAK 339,MAK,LS,Makina Elemanları I,,İbrahim Mehmet Palabıyık,MKB | MKB,Salı | Perşembe,08:30/11:29 | 10:30/12:29,,60,44,,MAK,,
13181,MAK 342,MAK,LS,Makina Elemanları II,,Cemal Baykara,MKB | MKB,Salı | Perşembe,10:30/12:29 | 10:30/12:29,,70,68,,"MAK, MAKM, MKN",,
13182,MAK 342,MAK,LS,Makina Elemanları II,,Hikmet Kocabaş,MKB | MKB,Salı | Perşembe,10:30/12:29 | 10:30/12:29,,70,66,,"MAK, MAKM, MKN",,
13183,MAK 353,MAK,LS,İmal Usulleri,,"Turgut Gülmez, Murat Vural",MKB | MKB,Perşembe | Cuma,08:30/10:29 | 10:30/12:29,,100,87,,"MAK, MAKM",,
13184,MAK 353,MAK,LS,İmal Usulleri,,"Şafak Yılmaz, Adnan Dikicioğlu",MKB | MKB,Perşembe | Cuma,08:30/10:29 | 10:30/12:29,,100,100,,"MAK, MAKM",,
13185,MAK 360,MAK,LS,Uygulamalı Termodinamik,,Ersin Sayar,MKB | MKB,Pazartesi | Çarşamba,10:30/12:29 | 12:30/13:29,,25,35,,MAK,,
13186,MAK 360,MAK,LS,Uygulamalı Termodinamik,,Mesut Gür,MKB | MKB,Pazartesi | Çarşamba,10:30/12:29 | 12:30/13:29,,25,30,,MAK,,
13188,MAK 370,MAK,LS,Uygulamalı Isı Geçişi,,Mustafa Özdemir,MKB | MKB,Pazartesi | Çarşamba,10:30/12:29 | 12:30/13:29,,25,29,,MAK,,
13189,MAK 4005E,MAK,LS,Mech.Model. in Nanoscale Sys.,,Mesut Kırca,MKB,Cuma,14:30/17:29,,50,42,,"MAK, MAKE",,
13190,MAK 4015E,MAK,LS,Materials Sel.in Dsgn and Mnfc,,Cengiz Tahir Bodur,MKB | MKB,Perşembe | Cuma,15:30/17:29 | 09:30/10:29,,40,12,,"IML, IMLE, MAK, MAKE, MAKM",,
13191,AKM 204E,AKM,LS,Fluid Mechanics,,Cihan Bayındır,INB | INB,Pazartesi | Salı,08:30/10:29 | 15:30/16:29,,60,76,,"CEV, CEVE, CHZ, CHZE, FIZ, FIZE, GID, GIDE, IML, IMLE, INS, INSE, JEF, KMM, KMME, MAD, MTO, MTOE, PET, PETE, TEK, TEKE, UCK, UZB",,
13192,CEV 451,CEV,LS,Su temini ve Çevre Sağlığı I,,"Oral Yağcı, İbrahim Demir",INB | INB,Pazartesi | Salı,08:30/10:29 | 15:30/16:29,,55,55,,INS,,
13193,ISH 301,ISH,LS,Çevre Bilimleri ve Müh. Esas.,,"Ayşe Gül Tanık, Nevin Yağcı, Serdar Doğruel",INB,Çarşamba,12:30/15:29,,60,32,,ISL,,
13194,CEV 451,CEV,LS,Su temini ve Çevre Sağlığı I,,"Mehmet Cüneyd Demirel, Emine Çokgör",INB | INB,Çarşamba | Perşembe,08:30/10:29 | 15:30/16:29,,50,50,,INS,,
13195,CEV 451,CEV,LS,Su temini ve Çevre Sağlığı I,,"Oral Yağcı, Tuğba Ölmez Hancı",INB | INB,Çarşamba | Perşembe,08:30/10:29 | 15:30/16:29,,50,36,,INS,,
13196,ISH 301E,ISH,LS,Fundamentals of Env.Sci & Eng.,,"Ayşe Gül Tanık, Nevin Yağcı, Serdar Doğruel",INB,Çarşamba,09:30/12:29,,60,59,,"ISL, ISLE",,
13197,STA 204,STA,LS,Statik ve Mukavemet,,Bahattin Kimençe,INB,Pazartesi,13:30/16:29,,60,50,,"CEV, EHB, ELE, ELH, ELK, EUT, GID, ISL, KMM, KOM, KON, MET, MTO, PET, TEL",,
13198,CEV 451E,CEV,LS,Water Sup.and Environ. Sanitat,,"Mehmet Cüneyd Demirel, Mahmut Ekrem Karpuzcu",INB | INB,Pazartesi | Salı,08:30/10:29 | 15:30/16:29,,55,53,,"INS, INSE",,
13199,STA 204E,STA,LS,Statics&Strength; of Materials,,Arcan Yanık,INB,Pazartesi,13:30/16:29,,60,57,,"CEV, CEVE, EHB, EHBE, ELE, ELH, ELK, ELKE, EUT, EUTE, GID, GIDE, ISL, ISLE, JEF, KMM, KMME, KOM, KOME, KON, KONE, MET, METE, MTO, PET, PETE, TEL",,
13200,INS 201,INS,LS,Malzeme Bilimi,,Yılmaz Akkaya,INB | INB,Pazartesi | Salı,08:30/10:29 | 10:30/11:29,,50,56,,INS,,
13201,INS 201,INS,LS,Malzeme Bilimi,,Ünal Anıl Doğan,INB | INB,Çarşamba | Cuma,10:30/12:29 | 11:30/12:29,,50,54,,INS,,
13202,INS 201,INS,LS,Malzeme Bilimi,,"Hasan Yıldırım, Özkan Şengül",INB | INB,Salı | Çarşamba,08:30/10:29 | 08:30/09:29,,50,40,,INS,,
13203,INS 201,INS,LS,Malzeme Bilimi,,--,INB | INB,Salı | Çarşamba,08:30/10:29 | 08:30/09:29,,0,0,,INS,,
13204,INS 201E,INS,LS,Materials Science,,Özgür Ekincioğlu,INB | INB,Pazartesi | Salı,08:30/10:29 | 10:30/11:29,,50,49,,"INS, INSE",,
13205,INS 201E,INS,LS,Materials Science,,Mustafa Hulusi Özkul,INB | INB,Çarşamba | Cuma,10:30/12:29 | 11:30/12:29,,50,31,,"INS, INSE",,
13206,INS 228E,INS,LS,Building Materials,,Bekir Yılmaz Pekmezci,INB | INB,Pazartesi | Cuma,15:30/17:29 | 08:30/10:29,,50,49,,"INS, INSE",,
13207,ING 201,ING,LS,English III,,Fulya Kama Özelkan,MEDB,Pazartesi,08:30/11:29,,21,21,,"BIO, BIOE, BLG, BLGE, CEV, CEVE, CHZ, CHZE, DEN, DENE, ECNE, EHB, EHBE, EHN, ELE, ELH, ELK, ELKE, END, ENDE, EUT, EUTE, FIZ, FIZE, GEM, GEME, GEMK, GEO, GEOE, GID, GIDE, ICM, IML, IMLE, INS, INSE, ISL, ISLE, JDF, JEF, JEFE, JEO, JEOE, KIM, KIME, KMM, KMME, KOM, KOME, MAD, MADE, MAK, MAKE, MAT, MATE, MET, METE, MIM, MIME, MTO, MTOE, MUZE, PEM, PEME, PET, PETE, SBP, SBPE, SEH, TEK, TEKE, TEL, UCK, UCKE, UZB, UZBE",,
13208,INS 317E,INS,LS,Fracture Mechanics of Concrete,,Oğuz Güneş,INB | INB,Pazartesi | Perşembe,15:30/17:29 | 16:30/17:29,,50,40,,"INS, INSE",,
13209,ING 201,ING,LS,English III,,Fulya Kama Özelkan,INB,Çarşamba,11:30/14:29,,18,17,,"BIO, BIOE, BLG, BLGE, CEV, CEVE, CHZ, CHZE, DEN, DENE, ECNE, EHB, EHBE, EHN, ELE, ELH, ELK, ELKE, END, ENDE, EUT, EUTE, FIZ, FIZE, GEM, GEME, GEMK, GEO, GEOE, GID, GIDE, ICM, IML, IMLE, INS, INSE, ISL, ISLE, JDF, JEF, JEFE, JEO, JEOE, KIM, KIME, KMM, KMME, KOM, KOME, MAD, MADE, MAK, MAKE, MAT, MATE, MET, METE, MIM, MIME, MTO, MTOE, MUZE, PEM, PEME, PET, PETE, SBP, SBPE, SEH, TEK, TEKE, TEL, UCK, UCKE, UZB, UZBE",,
13210,ING 201,ING,LS,English III,,Fulya Kama Özelkan,INB,Perşembe,13:30/16:29,,20,18,,"BIO, BIOE, BLG, BLGE, CEV, CEVE, CHZ, CHZE, DEN, DENE, ECNE, EHB, EHBE, EHN, ELE, ELH, ELK, ELKE, END, ENDE, EUT, EUTE, FIZ, FIZE, GEM, GEME, GEMK, GEO, GEOE, GID, GIDE, ICM, IML, IMLE, INS, INSE, ISL, ISLE, JDF, JEF, JEFE, JEO, JEOE, KIM, KIME, KMM, KMME, KOM, KOME, MAD, MADE, MAK, MAKE, MAT, MATE, MET, METE, MIM, MIME, MTO, MTOE, MUZE, PEM, PEME, PET, PETE, SBP, SBPE, SEH, TEK, TEKE, TEL, UCK, UCKE, UZB, UZBE",,
13211,ING 201,ING,LS,English III,,Fulya Kama Özelkan,UUB,Salı,08:30/11:29,,25,23,,"BIO, BIOE, BLG, BLGE, CEV, CEVE, CHZ, CHZE, DEN, DENE, ECNE, EHB, EHBE, EHN, ELE, ELH, ELK, ELKE, END, ENDE, EUT, EUTE, FIZ, FIZE, GEM, GEME, GEMK, GEO, GEOE, GID, GIDE, ICM, IML, IMLE, INS, INSE, ISL, ISLE, JDF, JEF, JEFE, JEO, JEOE, KIM, KIME, KMM, KMME, KOM, KOME, MAD, MADE, MAK, MAKE, MAT, MATE, MET, METE, MIM, MIME, MTO, MTOE, MUZE, PEM, PEME, PET, PETE, SBP, SBPE, SEH, TEK, TEKE, TEL, UCK, UCKE, UZB, UZBE",,
13212,INS 317E,INS,LS,Fracture Mechanics of Concrete,,Oğuz Güneş,INB | INB,Pazartesi | Perşembe,13:30/15:29 | 15:30/16:29,,50,34,,"INS, INSE",,
13213,INS 319E,INS,LS,Durability of Concrete,,Özgür Ekincioğlu,INB | INB,Pazartesi | Perşembe,15:30/17:29 | 16:30/17:29,,55,43,,"INS, INSE",,
13214,INS 319E,INS,LS,Durability of Concrete,,Ünal Anıl Doğan,INB | INB,Pazartesi | Perşembe,13:30/15:29 | 15:30/16:29,,55,55,,"INS, INSE",,
13215,INS 352E,INS,LS,Hydrology,,İsmail Duranyıldız,INB | INB,Pazartesi | Cuma,13:30/15:29 | 14:30/15:29,,50,50,,"INS, INSE, PET, PETE",,
13217,INS 360,INS,LS,Hidrolik,,Bihrat Önöz,INB | INB,Pazartesi | Perşembe,08:30/10:29 | 10:30/12:29,,55,62,,"CEV, INS",,
13218,INS 360,INS,LS,Hidrolik,,Necati Erdem Ünal,INB | INB,Perşembe | Cuma,13:30/15:29 | 08:30/10:29,,50,48,,"CEV, INS",,
13219,INS 360,INS,LS,Hidrolik,,Bihrat Önöz,INB | INB,Salı | Çarşamba,10:30/12:29 | 08:30/10:29,,50,50,,"CEV, INS",,
13220,INS 360E,INS,LS,Hydraulics,,Şevket Çokgör,INB | INB,Perşembe | Cuma,13:30/15:29 | 08:30/10:29,,50,32,,"CEV, CEVE, INS, INSE",,
13221,INS 360E,INS,LS,Hydraulics,,Cihan Bayındır,INB | INB,Salı | Çarşamba,10:30/12:29 | 08:30/10:29,,50,37,,"CEV, CEVE, INS, INSE",,
13222,MAK 4019,MAK,LS,Plastik Mlz Konstr. ve İmalat,,İbrahim Mehmet Palabıyık,MKB | MKB,Perşembe | Cuma,15:30/17:29 | 09:30/10:29,,50,30,,"IML, MAK",,
13223,INS 360E,INS,LS,Hydraulics,,İsmail Duranyıldız,INB | INB,Pazartesi | Perşembe,10:30/12:29 | 08:30/10:29,,50,51,,"CEV, CEVE, INS, INSE",,
13224,MAK 401E,MAK,LS,Mechanical Engineering Lab. I,,İsmail Yalçın Uralcan,MKB,,/,,300,223,,"MAK, MAKE",,
13226,INS 413E,INS,LS,Hydrologic Analysis and Design,,İsmail Duranyıldız,INB | INB,Salı | Perşembe,10:30/12:29 | 10:30/11:29,,15,6,,"INS, INSE",,
13228,INS 441,INS,LS,Su Kaynakları,,Şevket Çokgör,INB | INB,Pazartesi | Cuma,13:30/15:29 | 14:30/15:29,,55,45,,INS,,
13229,MAK 4021,MAK,LS,Talaşlı İmalat,,"Mustafa Bakkal, Şükrü Doruk Merdol",MKB | MKB,Çarşamba | Cuma,13:30/15:29 | 08:30/09:29,,40,15,,"IML, MAK, MAKM",,
13230,MAK 4027E,MAK,LS,Turbomachinery,,Murat Çakan,MKB | MKB,Pazartesi | Perşembe,15:30/17:29 | 13:30/14:29,,50,52,,"MAK, MAKE",,
13231,MAK 4029,MAK,LS,İleri Akışkanlar Mekaniği,,Levent Ali Kavurmacıoğlu,MKB | MKB,Pazartesi | Perşembe,15:30/17:29 | 13:30/14:29,,50,28,,MAK,,
13232,MAK 403,MAK,LS,Uygulamalı Makina Projesi,,İlker Murat Koç,MKB | MKB,Pazartesi | Çarşamba,17:30/19:29 | 12:30/13:29,,30,39,,MAK,,
13233,MAK 403,MAK,LS,Uygulamalı Makina Projesi,,Vedat Temiz,MKB | MKB,Salı | Perşembe,11:30/13:29 | 12:30/13:29,,30,38,,MAK,,
13234,MAK 403,MAK,LS,Uygulamalı Makina Projesi,,Zeynep Parlar,MKB | MKB,Salı | Perşembe,11:30/13:29 | 12:30/13:29,,30,42,,MAK,,
13235,INS 441,INS,LS,Su Kaynakları,,Mehmet Sedat Kabdaşlı,INB | INB,Pazartesi | Cuma,13:30/15:29 | 14:30/15:29,,55,56,,INS,,
13236,MAK 4032,MAK,LS,Metallerin Plastik Şekillendrl,,Canan Gamze Güleryüz Parasız,MKB,Perşembe,09:30/12:29,,50,54,,"IML, MAK",,
13237,MAK 4034,MAK,LS,Kaynaklı Tasarım ve İmalat,,Adnan Dikicioğlu,MKB | MKB,Pazartesi | Çarşamba,08:30/10:29 | 12:30/13:29,,40,27,,"IML, MAK",,
13238,INS 441E,INS,LS,Water Resources,,Tarkan Erdik,INB | INB,Pazartesi | Cuma,13:30/15:29 | 14:30/15:29,,55,54,,"INS, INSE",,
13239,INS 441E,INS,LS,Water Resources,,Abdüsselam Altunkaynak,INB | INB,Pazartesi | Cuma,13:30/15:29 | 14:30/15:29,,55,55,,"INS, INSE",,
13240,INS 441E,INS,LS,Water Resources,,Mehmet Özger,INB | INB,Pazartesi | Cuma,13:30/15:29 | 14:30/15:29,,55,53,,"INS, INSE",,
13241,MAK 4037E,MAK,LS,Computer Controlled Sys. Desig,,Bülent Bölat,MKB | MKB,Çarşamba | Cuma,13:30/15:29 | 08:30/09:29,,40,38,,"IML, IMLE, MAK, MAKE",,
13242,MAK 403E,MAK,LS,Applied Machine Design,,Emin Sünbüloğlu,MKB | MKB,Salı | Perşembe,11:30/13:29 | 12:30/13:29,,30,42,,"MAK, MAKE",,
13243,INS 490E,INS,LS,Coastal and Harbor Structures,,Veysel Şadan Özgür Kırca,INB | INB,Perşembe | Cuma,08:30/10:29 | 15:30/16:29,,45,35,,"INS, INSE",,
13244,MAK 4043,MAK,LS,Yangın Dinamiği ve Güvenliği,,"Mesut Gür, Nurdil Eskin",MKB | MKB,Pazartesi | Perşembe,15:30/17:29 | 13:30/14:29,,50,51,,MAK,,
13245,MAK 4047E,MAK,LS,Dynamic Systms Modelling & Sim,,İlker Murat Koç,MKB | MKB,Çarşamba | Çarşamba,13:30/15:29 | 17:30/18:29,,50,30,,"MAK, MAKE",,
13246,MAK 4049,MAK,LS,Kontrol Elemanları Uygulamala,,Kenan Refah Kutlu,MKB,Cuma,14:30/17:29,,50,50,,"IML, MAK, MAKM",,
13247,MAK 4056,MAK,LS,Kontrol Sistemleri Tasarımı,,Zeki Yağız Bayraktaroğlu,MKB,Cuma,14:30/17:29,,40,17,,"IML, MAK, MAKM, MKN",,
13248,MAK 4067E,MAK,LS,Renewable Energy Systems,,Seyhan Onbaşıoğlu,MKB | MKB,Salı | Perşembe,15:30/17:29 | 14:30/15:29,,50,15,,"MAK, MAKE",,
13249,MAK 4078,MAK,LS,Makina Konstrüksiyonları Esas.,,Zeynep Parlar,MKB | MKB,Çarşamba | Cuma,13:30/15:29 | 08:30/09:29,,40,37,,MAK,,
13250,MAK 4055E,MAK,LS,Fuel Economy in Road Vehicles,,"Osman Akın Kutlar, Hikmet Arslan",MOB,Cuma,14:30/17:29,,50,50,,"MAK, MAKE",,
13251,MAK 4006E,MAK,LS,Alternative Fuels for IC Eng.,,"Osman Akın Kutlar, Alper Tolga Çalık",MOB | MOB,Çarşamba | Cuma,13:30/15:29 | 08:30/09:29,,50,34,,"MAK, MAKE",,
13252,MAK 4009E,MAK,LS,Elect.& Hybrid Elect. Vehicles,,Osman Taha Şen,MOB | MOB,Salı | Perşembe,15:30/17:29 | 14:30/15:29,,50,58,,"MAK, MAKE, MAKM",,
13253,MAK 4033E,MAK,LS,Gas Dynamics,,İlyas Bedii Özdemir,MOB,Perşembe,09:30/12:29,,50,25,,"MAK, MAKE",,
13254,MAK 4051,MAK,LS,Taşıtlarda Titreşim ve Gürültü,,Osman Taha Şen,MOB,Perşembe,09:30/12:29,,50,48,,"MAK, MAKM",,
13255,MAK 4053E,MAK,LS,Vehicle Technology,,Özgen Akalın,MOB | MOB,Perşembe | Cuma,15:30/17:29 | 09:30/10:29,,50,56,,"MAK, MAKE",,
13256,DUI 103E,DUI,LS,Seamanship,,Orhan Gönel,DZB,Çarşamba,08:30/12:29,,55,78,,DUI,,
13257,MAK 4058E,MAK,LS,Power Transmission in Vehicles,,Osman Taha Şen,MOB | MOB,Pazartesi | Perşembe,15:30/17:29 | 13:30/14:29,,40,30,,"MAK, MAKE",,
13258,MAL 201,MAL,LS,Malzeme Bilimi,,--,MKB | MKB,Pazartesi | Cuma,15:30/17:29 | 15:30/16:29,,0,0,,"IML, IMLM, MAK, MAKM",,
13259,MAL 201,MAL,LS,Malzeme Bilimi,,Mustafa Bakkal,MKB | MKB,Pazartesi | Cuma,15:30/17:29 | 15:30/16:29,,50,47,,"IML, IMLM, MAK, MAKM",,
13260,MAK 202E,MAK,LS,Numerical Meth.for Mech. Eng.,,Alper Tolga Çalık,MKB | MKB,Pazartesi | Perşembe,08:30/10:29 | 12:30/13:29,,75,63,,"IML, MAK",,
13261,MAK 202E,MAK,LS,Numerical Meth.for Mech. Eng.,,--,MKB | MKB,Pazartesi | Perşembe,08:30/10:29 | 12:30/13:29,,0,0,,"IML, MAK",,
13262,MAT 202E,MAT,LS,Numerical Methods,,Hikmet Arslan,MKB | MKB,Pazartesi | Çarşamba,08:30/10:29 | 12:30/13:29,,60,76,,"BLG, BLGE, CEV, CEVE, CHZ, CHZE, DEN, DENE, EHB, EHBE, ELE, ELH, ELK, ELKE, GEM, GEME, GEMK, GEO, GEOE, GID, GIDE, IML, IMLE, INS, INSE, ISL, ISLE, JEF, JEFE, JEO, JEOE, KMM, KMME, KOM, KOME, KON, KONE, MAD, MADE, MAK, MAKE, MET, METE, MTO, MTOE, PET, PETE, TEK, TEKE, TEL, UCK, UCKE, UZB, UZBE",,
13263,MEK 205E,MEK,LS,Engineering Mechanics,,Sevinç Ayşe Zaloğlu,MKB,Perşembe,09:30/12:29,,50,24,,"CHZ, CHZE, END, ENDE, GID, GIDE, IML, IMLE, ISL, ISLE, JEF, JEFE, JEO, JEOE, MAD, MADE, PET, PETE, TEKE",,
13264,DFH 201,DFH,LS,Temel Yüzme Becerisi,,Yusuf Nejat Koçar,DZB,Salı,08:30/10:29,,42,66,,"DUI, GMI",,
13265,MEK 205,MEK,LS,Mühendislik Mekaniği,,Necmi Aydın Ünverdi,MKB,Pazartesi,09:30/12:29,,70,13,,"CHZ, END, GID, IML, ISL, JEF, JEO, MAD, MAKM, PET",,
13266,DUI 113E,DUI,LS,Int.toMarit.Trnsp.Mn..,,Özkan Poyraz,DZB,Çarşamba,12:30/14:29,,120,110,,DUI,,
13267,MEK 207,MEK,LS,Mühendislik Mekaniği,,Necmi Aydın Ünverdi,MKB | MKB,Pazartesi | Salı,13:30/15:29 | 14:30/17:29,,100,60,,"IML, MAKM",,
13268,MUK 205,MUK,LS,Mukavemet,,Oğuz Altay,MKB | MKB,Perşembe | Cuma,09:30/12:29 | 10:30/12:29,,50,25,,"IML, MAK, MAKM, MKN",,
13270,TER 201E,TER,LS,Thermodynamics,,Turgut Yılmaz,MKB,Çarşamba,08:30/11:29,,80,64,,"CEV, CEVE, CHZ, CHZE, DEN, DENE, GEM, GEME, GEMK, ISL, ISLE, JEF, JEO, JEOE, KMM, KMME, KOM, KOME, KON, KONE, MAD, PET, PETE, PETM, TEK, TEKE",,
13286,DFH 111,DFH,LS,Denizde Güvenlik I,,Yusuf Nejat Koçar,DZB,Pazartesi,08:30/12:29,,120,93,,DUI,,
13287,DFH 111,DFH,LS,Denizde Güvenlik I,,Yusuf Nejat Koçar,DZB,Perşembe,13:30/17:29,,120,14,,DUI,,
13288,DFH 111,DFH,LS,Denizde Güvenlik I,,Taylan Güler,DZB,Cuma,08:30/12:29,,110,81,,GMI,,
13294,MAT 210,MAT,LS,Mühendislik Matematiği,,Sabire Cömert,DZB | DZB,Salı | Perşembe,08:30/10:29 | 08:30/10:29,,80,24,,"DUI, GMI",,
13295,MAT 210,MAT,LS,Mühendislik Matematiği,,Sabire Cömert,DZB | DZB,Salı | Perşembe,10:30/12:29 | 10:30/12:29,,80,18,,"DUI, GMI",,
13297,MAT 210,MAT,LS,Mühendislik Matematiği,,Bayram Barış Kızılsaç,DZB,Pazartesi,08:30/12:29,,60,41,,"DUI, GMI",,
13298,DFH 222E,DFH,LS,Maritime English II,,Halime Ceren Göktaş,DZB,Pazartesi,08:30/10:29,,45,8,,"DUI, DUIE",,
13299,DUI 251,DUI,LS,Meteoroloji,,Ayşe Yılmaz,DZB,Salı,11:30/14:29,,45,40,,DUI,,
13300,DUI 251,DUI,LS,Meteoroloji,,Ayşe Yılmaz,DZB,Pazartesi,10:30/13:29,,45,9,,DUI,,
13301,DUI 251,DUI,LS,Meteoroloji,,Ayşe Yılmaz,DZB,Salı,14:30/17:29,,45,13,,DUI,,
13302,DUI 231E,DUI,LS,Marine Communication,,Alaaddin Yıldıray Ertaş,DZB,Çarşamba,08:30/10:29,,45,16,,"DUI, DUIE",,
13303,DUI 231E,DUI,LS,Marine Communication,,Alaaddin Yıldıray Ertaş,DZB,Çarşamba,13:30/15:29,,55,51,,"DUI, DUIE",,
13304,BIL 100E,BIL,LS,Intr.to Prog.Language(PYTHON),,Melek Ertogan,DZB,Perşembe,08:30/11:29,,42,42,,"DUI, DUIE",,
13306,DUI 213E,DUI,LS,Ship Constrct.and Stability,,Melek Ertogan,DZB,Pazartesi,08:30/11:29,,60,46,,"DUI, DUIE",,
13307,DFH 222E,DFH,LS,Maritime English II,,Halime Ceren Göktaş,DZB,Salı,10:30/12:29,,45,12,,"DUI, DUIE",,
13308,DFH 222E,DFH,LS,Maritime English II,,Halime Ceren Göktaş,DZB,Pazartesi,12:30/14:29,,45,40,,"DUI, DUIE",,
13309,MAT 210,MAT,LS,Mühendislik Matematiği,,Bayram Barış Kızılsaç,DZB,Pazartesi,13:30/17:29,,60,37,,"DUI, GMI",,
13310,BIL 100E,BIL,LS,Intr.to Prog.Language(PYTHON),,Melek Ertogan,DZB,Perşembe,14:30/17:29,,40,26,,"DUI, DUIE",,
13311,DUI 215E,DUI,LS,Terrestrial Navigation,,Tanzer Satır,DZB,Çarşamba,08:30/11:29,,40,39,,DUI,,
13312,DUI 321,DUI,LS,Deniz Hukuku I,,Hakan Muran,DZB,Pazartesi,13:30/15:29,,60,47,,DUI,,
13313,DUI 341E,DUI,LS,Maritime Practical Studies,,Münip Baş,DZB,Pazartesi,08:30/12:29,,15,15,,"DUI, DUIE",,
13314,DUI 341E,DUI,LS,Maritime Practical Studies,,Emre Akyüz,DZB,Pazartesi,08:30/12:29,,18,18,,"DUI, DUIE",,
13315,DUI 341E,DUI,LS,Maritime Practical Studies,,Elif Bal Beşikçi,DZB,Pazartesi,08:30/12:29,,15,15,,"DUI, DUIE",,
13316,DUI 361E,DUI,LS,Technical Ship Management,,Özcan Arslan,DZB,Pazartesi,13:30/15:29,,45,32,,"DUI, DUIE",,
13317,DUI 361E,DUI,LS,Technical Ship Management,,Özcan Arslan,DZB,Pazartesi,15:30/17:29,,55,46,,"DUI, DUIE",,
13318,DUI 341E,DUI,LS,Maritime Practical Studies,,Özkan Poyraz,DZB,Salı,08:30/12:29,,15,10,,"DUI, DUIE",,
13319,DUI 341E,DUI,LS,Maritime Practical Studies,,Emre Akyüz,DZB,Salı,08:30/12:29,,15,13,,"DUI, DUIE",,
13320,DUI 341E,DUI,LS,Maritime Practical Studies,,Elif Bal Beşikçi,DZB,Salı,08:30/12:29,,15,5,,"DUI, DUIE",,
13321,TUR 101,TUR,LS,Türk Dili I,,Muhsin Kadıoğlu,DZB,Perşembe,15:30/17:29,,80,41,,"DUI, DUIE, GMI, GMIE",,
13326,DUI 311E,DUI,LS,Celestial Navigation,,Orhan Gönel,DZB,Perşembe,08:30/11:29,,55,55,,"DUI, DUIE",,
13327,DUI 311E,DUI,LS,Celestial Navigation,,Orhan Gönel,DZB,Cuma,08:30/11:29,,45,26,,"DUI, DUIE",,
13328,DUI 387E,DUI,LS,Tug & Mooring Operations,,Taylan Güler,DZB,Çarşamba,08:30/10:29,,50,38,,DUI,,
13330,DFH 441E,DFH,LS,Manag. Behaviour&Per..,,--,DZB,Salı,13:30/15:29,,0,0,,DUIE,,
13331,DFH 431,DFH,LS,Etkili İletişim,,Leyla Tavacıoğlu,DZB,Salı,15:30/17:29,,50,34,,DUI,,
13332,DFH 421,DFH,LS,Gemiadamı Sağlığı&İş Emniyeti,,Emre Akyüz,DZB,Salı,15:30/17:29,,50,18,,DUI,,
13333,RES 103E,RES,LS,Technical Drawing,,Sena Duru,MKB,Perşembe,13:30/17:29,,40,54,,"CHZ, CHZE, EUT, EUTE, GID, GIDE, JEO, JEOE, KMM, KMME, MAD, MADE, MET, METE, PET, PETE, TEK, TEKE",,
13334,DFH 281,DFH,LS,Denizel Çevre Kimyası,,Burcu Özsoy,DZB,Salı,14:30/17:29,,50,48,,DUI,,
13335,RES 103E,RES,LS,Technical Drawing,,Sena Duru,MKB,Cuma,13:30/17:29,,40,33,,"CHZ, CHZE, EUT, EUTE, GID, GIDE, JEO, JEOE, KMM, KMME, MAD, MADE, MET, METE, PET, PETE, TEK, TEKE",,
13336,KIM 202,KIM,LS,Fiziksel Kimya,,--,DZB,Perşembe,14:30/17:29,,0,0,,"DUI, GMI",,
13337,FIZ 449,FIZ,LS,Günlük Yaşamımızda Fizik,,Burcu Özsoy,DZB,Perşembe,14:30/17:29,,50,52,,"DUI, GMI, MAT",,
13338,DFH 401,DFH,LS,Araştırma Yönt. & İstatistik,,Aydın Mert,DZB,Cuma,14:30/17:29,,60,59,,DUI,,
13339,BIL 113E,BIL,LS,Intr.to Sci& Eng.Comp.(MATLAB),,İlkay Özsev Yüksek,MKB,Salı,09:30/12:29,,40,32,,"TEK, TEKE",,
13342,DFH 411E,DFH,LS,Commercial Ship Management,,Pelin Bolat,DZB,Cuma,10:30/12:29,,45,43,,"DUI, DUIE",,
13343,DUI 431,DUI,LS,Gemi Makinaları,,Fırat Bolat,DZB,Salı,10:30/12:29,,51,47,,DUI,,
13344,DUI 451E,DUI,LS,Cargo Handling Simulator,,Elif Bal Beşikçi,DZB,Cuma,08:30/10:29,,45,38,,"DUI, DUIE",,
13345,TEK 111E,TEK,LS,Intr.to Textile Engineering,,"Cevza Candan, Fatma Banu Nergis",MKB,Cuma,11:30/12:29,,100,88,,TEKE,,
13346,DUI 411,DUI,LS,Yük İşlemleri&Elle;çlenmesi II,,Tanzer Satır,DZB,Perşembe,08:30/11:29,,45,41,,DUI,,
13347,ETK 101E,ETK,LS,Engineering Ethics,,Yeşim Beceren,MKB,Çarşamba,13:30/14:29,,75,72,,"CHZ, CHZE, EHB, EHBE, EHN, IML, IMLE, JEF, JEFE, JEO, JEOE, KOM, KOME, KON, KONE, MAD, MADE, MAK, MAKE, MTO, MTOE, PET, PETE, SEH, TEK, TEKE",,
13348,TUR 102,TUR,LS,Türk Dili II,,Muhsin Kadıoğlu,DZB,Pazartesi,15:30/17:29,,70,16,,"DUI, DUIE, GMI, GMIE",,
13349,MTH 121,MTH,LS,Calculus I,,Sabire Cömert,DZB,Çarşamba,08:30/12:29,,15,7,,"SDU, SGM",,
13350,PHY 125,PHY,LS,Physics I,,Banu Tansel,DZB,Perşembe,12:30/15:29,,10,7,,"SDU, SGM",,
13351,CMP 113,CMP,LS,Intr.to Business Computing,,Muhsin Kadıoğlu,DZB,Perşembe,08:30/12:29,,10,3,,SDU,,
13352,MRT 101,MRT,LS,Maritime English,,Halime Ceren Göktaş,DZB,Salı,13:30/15:29,,10,3,,SDU,,
13353,TEK 213E,TEK,LS,Textile Chemistry,,Berdan Kalav,MKB,Salı,09:30/12:29,,35,20,,"TEK, TEKE, TEKM",,
13354,MRT 105,MRT,LS,Professional Studies I,,"Elif Bal Beşikçi, Orhan Gönel",DZB,Pazartesi,13:30/17:29,,10,3,,SDU,,
13355,EAS 111,EAS,LS,Technical Drawing,,Melek Ertogan,DZB,Salı,10:30/13:29,,10,3,,SDU,,
13356,TUR 101,TUR,LS,Türk Dili I,,--,DZB,Perşembe,13:30/15:29,,0,0,,"SDU, SGM",,
13358,ULP 101,ULP,LS,NewBeg.Fresh.Sem.&Se..,,Ata Bilgili,---,Pazartesi,18:30/20:29,,5,5,,"MBI, MCB, SBL, SCE, SDU, SEK, SEN, SGM, SIN, SIS, SMT, STP",,
13359,PHY 125L,PHY,LS,Physics I Laboratory,,Banu Tansel,DZB,Perşembe,15:30/17:29,,10,6,,"SDU, SGM",,
13360,MRT 321,MRT,LS,Intr.to Cargo Opr.&S..,,--,DZB,Çarşamba,11:30/14:29,,0,0,,SDU,,
13361,MRT 311,MRT,LS,Ship Handling & Maneuvering,,--,DZB,Çarşamba,13:30/15:29,,0,0,,SDU,,
13362,MRT 315,MRT,LS,Transportation Systems,,--,DZB,Cuma,14:30/17:29,,0,0,,SDU,,
13363,MRT 307,MRT,LS,Nautical Operations-Legal,,--,DZB,Salı,13:30/15:29,,0,0,,SDU,,
13364,MRT 309,MRT,LS,Nautical Operations-Safety,,--,DZB,Perşembe,15:30/17:29,,0,0,,SDU,,
13365,MRT 325,MRT,LS,Maritime Communications,,--,DZB,Perşembe,08:30/12:29,,0,0,,"SDU, SGM",,
13366,MRT 327,MRT,LS,Watchkeeping,,--,DZB,Pazartesi,08:30/13:29,,0,0,,SDU,,
13367,MRT 313,MRT,LS,Electronic Navigation,,--,DZB,Çarşamba,08:30/13:29,,0,0,,SDU,,
13368,MRT 401,MRT,LS,Analysis of the Markt. Process,,Levent Kırval,DZB,Pazartesi,14:30/17:29,,10,2,,"SDU, SGM",,
13369,MRT 431,MRT,LS,Oceanography,,Ayşe Yılmaz,DZB,Pazartesi,08:30/10:29,,10,2,,"SDU, SGM",,
13370,MRT 405,MRT,LS,Admiralty Law,,Hakan Muran,DZB,Cuma,08:30/11:29,,10,2,,SDU,,
13371,MRT 407,MRT,LS,Cargo Operations,,Tanzer Satır,DZB,Perşembe,13:30/17:29,,10,2,,"SDU, SGM",,
13372,MRT 409,MRT,LS,Advance Navigation,,Orhan Gönel,DZB,Çarşamba,12:30/15:29,,10,2,,SDU,,
13373,TUR 102,TUR,LS,Türk Dili II,,Muhsin Kadıoğlu,DZB,Pazartesi,12:30/14:29,,10,2,,"SDU, SGM",,
13374,ATA 102,ATA,LS,Atatürk İlk & İnkılap Trh II,,Burcu Kurt Yöney,DZB,Perşembe,08:30/10:29,,10,2,,"SDU, SGM",,
13375,MRT 415,MRT,LS,Physical Education I,,Yusuf Nejat Koçar,DZB,Salı,10:30/12:29,,10,2,,SDU,,
13378,GMI 225,GMI,LS,Gemi Dizel Makineleri I,,Cengiz Deniz,DZB,Pazartesi,14:30/17:29,,55,48,,GMI,,
13379,GMI 225,GMI,LS,Gemi Dizel Makineleri I,,Fırat Bolat,DZB,Pazartesi,14:30/17:29,,55,30,,GMI,,
13380,GMI 315,GMI,LS,Deniz Ekolojisi,,Ata Bilgili,DZB,Pazartesi,08:30/11:29,,50,29,,GMI,,
13381,FIZ 449,FIZ,LS,Günlük Yaşamımızda Fizik,,Burcu Özsoy,DZB,Pazartesi,08:30/11:29,,55,26,,"DUI, GMI, MAT",,
13382,GMI 341E,GMI,LS,Automatic Control Systems,,İsmail Çiçek,DZB,Perşembe,11:30/14:29,,77,76,,"GMI, GMIE",,
13383,GMI 384E,GMI,LS,Engine Room Simulator (ERS) I,,Metin Çelik,DZB,Pazartesi,13:30/16:29,,17,16,,"GMI, GMIE",,
13384,GMI 384E,GMI,LS,Engine Room Simulator (ERS) I,,Kadir Çiçek,DZB,Perşembe,14:30/17:29,,18,18,,"GMI, GMIE",,
13385,GMI 461E,GMI,LS,Oper. of Steam & Gas Turbines,,Yalçın Durmuşoğlu,DZB,Salı,13:30/17:29,,95,52,,"GMI, GMIE",,
13386,CMP 111,CMP,LS,Intr.to Engineering and Comput,,Oğuz Salim Söğüt,DZB,Pazartesi,13:30/17:29,,10,4,,SGM,,
13387,MRE 101,MRE,LS,Maritime Eng. Drawing and Des,,Taylan Güler,DZB,Pazartesi,08:30/12:29,,10,4,,SGM,,
13389,MRE 361,MRE,LS,Naval Arch.&Ship; Construction,,Melek Ertogan,DZB,Pazartesi,14:30/17:29,,10,2,,SGM,,
13390,MRE 443,MRE,LS,Ship Sys.IV:Mar. Disl Eng.II,,Cengiz Deniz,DZB,Pazartesi,08:30/12:29,,10,1,,SGM,,
13391,RES 102,RES,LS,Bilg. Destekli Teknik Resim,,Taylan Güler,DZB,Salı,08:30/12:29,,45,79,,"DEN, DUI, GMI",,
13392,RES 102,RES,LS,Bilg. Destekli Teknik Resim,,Taylan Güler,DZB,Salı,13:30/17:29,,45,20,,"DEN, DUI, GMI",,
13393,GMI 342E,GMI,LS,Maritime Rules & Regulations,,Fırat Bolat,DZB,Salı,15:30/17:29,,95,83,,"GMI, GMIE",,
13394,GMI 301,GMI,LS,Deniz Hukuku,,Hakan Muran,DZB | DZB,Cuma | Cuma,11:30/12:29 | 14:30/15:29,,55,46,,"GMI, GMIE",,
13395,GMI 301,GMI,LS,Deniz Hukuku,,Hakan Muran,DZB,Cuma,15:30/17:29,,55,56,,GMI,,
13396,GMI 456E,GMI,LS,Ship Electrical Systems,,İsmail Çiçek,DZB,Salı,10:30/12:29,,80,43,,GMI,,
13397,GMI 443E,GMI,LS,Marine Diesel Engines III,,Yalçın Durmuşoğlu,DZB,Çarşamba,08:30/11:29,,95,86,,"GMI, GMIE",,
13398,GMI 433E,GMI,LS,Refrigeration and HVAC Systems,,Gazi Koçak,DZB,Salı,08:30/10:29,,95,33,,"GMI, GMIE",,
13399,GMI 434E,GMI,LS,Refrigeration and HVAC Systems,,Gazi Koçak,DZB,Salı,10:30/12:29,,80,50,,GMI,,
13401,MRE 105,MRE,LS,Professional Studies,,Yalçın Durmuşoğlu,DZB,Salı,08:30/12:29,,10,4,,SGM,,
13402,MRE 321,MRE,LS,Fluid Mechanics,,Münir Süner,DZB,Salı,08:30/11:29,,10,2,,SGM,,
13403,MRE 371,MRE,LS,Engine Room Simulator I,,Cengiz Deniz,DZB,Çarşamba,08:30/13:29,,10,2,,SGM,,
13404,MRE 463,MRE,LS,Marine Engineering Materials,,Yasin Arslanoğlu,DZB,Salı,08:30/11:29,,10,1,,SGM,,
13405,MRE 432,MRE,LS,Maritime Law,,Hakan Muran,DZB,Çarşamba,12:30/15:29,,10,1,,SGM,,
13406,MEK 205E,MEK,LS,Engineering Mechanics,,Münir Süner,DZB,Salı,13:30/16:29,,105,56,,"GMI, GMIE",,
13407,GMI 171E,GMI,LS,Maritime English I,,Müjgan Özenir,DZB,Çarşamba,09:30/11:29,,45,44,,"GMI, GMIE",,
13408,GMI 171E,GMI,LS,Maritime English I,,Müjgan Özenir,DZB,Çarşamba,13:30/15:29,,45,40,,"GMI, GMIE",,
13409,GMI 117,GMI,LS,Gemi Mak. İşl.Müh.Gir.veEtik,,Kadir Çiçek,DZB,Çarşamba,11:30/13:29,,85,86,,GMI,,
13410,MRE 311,MRE,LS,Marine Electronics,,Gazi Koçak,DZB,Perşembe,13:30/17:29,,10,2,,SGM,,
13411,DFH 201,DFH,LS,Temel Yüzme Becerisi,,Yusuf Nejat Koçar,DZB,Çarşamba,09:30/11:29,,25,23,,"DUI, GMI",,
13412,DFH 201,DFH,LS,Temel Yüzme Becerisi,,Yusuf Nejat Koçar,DZB,Çarşamba,12:30/14:29,,35,35,,"DUI, GMI",,
13413,GMI 313,GMI,LS,Gemi Buhar Kazanları & Operas.,,Fırat Bolat,DZB,Salı,08:30/10:29,,105,104,,GMI,,
13414,GMI 324,GMI,LS,Gemi Mak. Operasyon&Bak;ımı,,Vural Ateş,DZB,Çarşamba,08:30/10:29,,55,55,,GMI,,
13415,GMI 324,GMI,LS,Gemi Mak. Operasyon&Bak;ımı,,Vural Ateş,DZB,Çarşamba,10:30/12:29,,51,52,,GMI,,
13416,GMI 384E,GMI,LS,Engine Room Simulator (ERS) I,,İsmail Çiçek,DZB,Salı,12:30/15:29,,17,18,,"GMI, GMIE",,
13417,TUR 102,TUR,LS,Türk Dili II,,Muhsin Kadıoğlu,DZB,Pazartesi,08:30/10:29,,70,21,,"DUI, DUIE, GMI, GMIE",,
13420,GMI 261E,GMI,LS,Fluid Mechanics,,Münir Süner,DZB,Çarşamba,08:30/11:29,,55,20,,"GMI, GMIE",,
13421,GMI 261E,GMI,LS,Fluid Mechanics,,Münir Süner,DZB,Çarşamba,12:30/15:29,,55,38,,"GMI, GMIE",,
13422,MRE 471,MRE,LS,Automatic Control Systems,,İsmail Çiçek,DZB,Çarşamba,08:30/11:29,,10,1,,SGM,,
13424,EKO 201E,EKO,LS,Economics,,Taylan Güler,DZB,Pazartesi,13:30/16:29,,95,94,,"DUI, DUIE, GMI, GMIE",,
13425,TUR 101,TUR,LS,Türk Dili I,,Muhsin Kadıoğlu,DZB,Pazartesi,10:30/12:29,,55,29,,"DUI, DUIE, GMI, GMIE",,
13426,TUR 101,TUR,LS,Türk Dili I,,Muhsin Kadıoğlu,DZB,Salı,08:30/10:29,,55,44,,"DUI, DUIE, GMI, GMIE",,
13429,GMI 320,GMI,LS,Gemi İnşaatı ve Stabilite,,Melek Ertogan,DZB,Pazartesi,11:30/13:29,,105,105,,GMI,,
13431,GMI 384E,GMI,LS,Engine Room Simulator (ERS) I,,İsmail Çiçek,DZB,Pazartesi,08:30/11:29,,18,18,,"GMI, GMIE",,
13432,GMI 453E,GMI,LS,Marine Auxiliary MachineryII,,Vural Ateş,DZB,Perşembe,14:30/17:29,,95,79,,"GMI, GMIE",,
13433,MRE 107,MRE,LS,English for Eng. Officers,,Müjgan Özenir,DZB,Perşembe,10:30/12:29,,10,4,,SGM,,
13434,TUR 101,TUR,LS,Türk Dili I,,Muhsin Kadıoğlu,DZB,Salı,15:30/17:29,,10,7,,"SDU, SGM",,
13435,MRE 313,MRE,LS,Numerical Analysis&Comp.Prog.;,,Ata Bilgili,DZB,Perşembe,08:30/12:29,,10,2,,SGM,,
13436,MRE 342,MRE,LS,Maritime Conventions,,Fırat Bolat,DZB,Salı,12:30/15:29,,10,2,,SGM,,
13437,MRE 387,MRE,LS,Hydraulic & Pneumatic Syst,,Vural Ateş,DZB,Perşembe,08:30/11:29,,10,1,,SGM,,
13438,MRE 383,MRE,LS,Ship Management,,Metin Çelik,DZB,Perşembe,14:30/17:29,,10,1,,SGM,,
13439,GMI 202E,GMI,LS,Marine Electrotechnics,,Gazi Koçak,DZB,Perşembe,08:30/11:29,,30,25,,"GMI, GMIE",,
13440,DFH 201,DFH,LS,Temel Yüzme Becerisi,,Yusuf Nejat Koçar,DZB,Cuma,10:30/12:29,,57,60,,"DUI, GMI",,
13441,DFH 201,DFH,LS,Temel Yüzme Becerisi,,Yusuf Nejat Koçar,DZB,Cuma,14:30/16:29,,35,61,,"DUI, GMI",,
13442,TEK 213E,TEK,LS,Textile Chemistry,,Umut Kıvanç Şahin,MKB,Perşembe,13:30/16:29,,40,43,,"TEK, TEKE, TEKM",,
13443,MRE 381,MRE,LS,Engineering Economics,,Kadir Çiçek,DZB,Cuma,08:30/12:29,,10,1,,SGM,,
13444,MRE 453,MRE,LS,Ship Sys.V:Mar.Auxl. Mach. III,,Vural Ateş,DZB | DZB,Cuma | Cuma,11:30/12:29 | 14:30/17:29,,10,1,,SGM,,
13445,TEK 233E,TEK,LS,Yarn Technology I,,"Fatma Banu Nergis, Yeşim Beceren",MKB,Çarşamba,09:30/12:29,,35,31,,"TEK, TEKE, TEKM",,
13446,BIL 113E,BIL,LS,Intr.to Sci& Eng.Comp.(MATLAB),,Ata Bilgili,DZB,Cuma,08:30/11:29,,68,68,,"GMI, GMIE",,
13447,BIL 113E,BIL,LS,Intr.to Sci& Eng.Comp.(MATLAB),,Ata Bilgili,DZB,Cuma,14:30/17:29,,55,44,,"GMI, GMIE",,
13448,GMI 392E,GMI,LS,Long Term Sea Training,,İsmail Çiçek,DZB,,/,,500,14,,"GMI, GMIE",,
13449,TEK 233E,TEK,LS,Yarn Technology I,,Nazan Okur,MKB,Pazartesi,09:30/12:29,,40,41,,"TEK, TEKE, TEKM",,
13450,GMI 492,GMI,LS,Tasarım Projesi,,Vural Ateş,DZB,,/,,500,37,,GMI,,
13451,GMI 492E,GMI,LS,Design Project,,Taylan Güler,DZB,,/,,500,4,,"GMI, GMIE",,
13452,MRE 330,MRE,LS,Long Term Sea Training,,--,DZB,,/,,0,0,,SGM,,
13453,MRE 492,MRE,LS,Design Project,,--,DZB,,/,,0,0,,SGM,,
13454,MEK 205E,MEK,LS,Engineering Mechanics,,Ali Kılıç,MKB | MKB,Salı | Cuma,13:30/15:29 | 11:30/12:29,,50,40,,"CHZ, CHZE, END, ENDE, GID, GIDE, IML, IMLE, ISL, ISLE, JEF, JEFE, JEO, JEOE, MAD, MADE, PET, PETE, TEKE",,
13455,ATA 101,ATA,LS,Atatürk İlk & İnkılap Trh I,,Pelin Helvacı,DZB,Çarşamba,08:30/10:29,,70,43,,"DUI, DUIE, GMI, GMIE",,
13456,MAL 201E,MAL,LS,Materials Science,,Sena Duru,MKB,Perşembe,09:30/12:29,,40,37,,"BLGE, TEK, TEKE",,
13457,MAL 201E,MAL,LS,Materials Science,,Meltem Yanılmaz,MKB,Cuma,08:30/11:29,,45,40,,"TEK, TEKE",,
13458,ULP 101,ULP,LS,NewBeg.Fresh.Sem.&Se..,,Cevza Candan,---,Pazartesi,18:30/20:29,,6,6,,"MBI, MCB, SBL, SCE, SDU, SEK, SEN, SGM, SIN, SIS, SMT, STP",,
13459,MOD 133,MOD,LS,Materials & Construction I,,Gizem Turan,MKB,Salı,13:30/17:29,,40,14,,SMT,,
13460,MOD 113,MOD,LS,Visual Design Concepts I,,"Elif Taşel, Nihan Topaloğlu",MKB,Cuma,08:30/12:29,,40,14,,SMT,,
13461,MAT 271,MAT,LS,Olasılık ve İstatistik,,Mehmet Şahin Akkaya,MKB,Salı,09:30/12:29,,40,14,,"BIO, BLG, EHB, ELE, ELH, EUT, FIZ, GEM, GEO, GID, IML, IMLM, INS, JEO, KMM, MET, MTO, PET, TEL, UCK, UZB",,
13462,MOD 143,MOD,LS,Digital Design Studio,,Rüveyde Oder,MKB | MKB,Salı | Perşembe,09:30/12:29 | 09:30/12:29,,40,14,,SMT,,
13463,MOD 152,MOD,LS,Fundam. of Textiles for FD,,Osman Bülent Özipek,MKB,Pazartesi,08:30/12:29,,40,14,,SMT,,
13464,LAT 161,LAT,LS,English Composition,,Yasemin Yılmaz Yüksek,MKB,Çarşamba,09:30/12:29,,40,19,,"SMT, STP",,
13465,LAT 173,LAT,LS,Hist.of Art&Civ.;:Renais.to Md,,Şükriye Yüksel Filiz,MKB,Pazartesi,13:30/16:29,,40,14,,SMT,,
13466,MAT 271E,MAT,LS,Probability and Statistics,,Nazan Okur,MKB,Salı,09:30/12:29,,40,41,,"BIO, BIOE, BLG, BLGE, CEV, CEVE, CHZ, CHZE, DEN, DENE, EHB, EHBE, EHN, ELE, ELH, ELK, ELKE, EUT, EUTE, FIZ, FIZE, GEM, GEME, GEMK, GEO, GEOE, GID, GIDE, IML, IMLE, INS, INSE, JEF, JEFE, JEO, JEOE, KMM, KMME, KOM, KOME, KON, KONE, MAD, MADE, MAK, MAKE, MET, METE, MTO, MTOE, PET, PETE, SBP, SBPE, SEH, TEK, TEKE, TEL, UCK, UCKE, UZB, UZBE",,
13467,MOD 117,MOD,LS,Design Studio I - Int.Draping,,Şükriye Yüksel Filiz,MKB,Perşembe,13:30/17:29,,40,14,,SMT,,
13468,MOD 243,MOD,LS,Appr.Desg.Studio-Patternmaking,,Belgin Görgün,MKB | MKB,Pazartesi | Çarşamba,13:30/16:29 | 09:30/12:29,,40,12,,SMT,,
13469,MOD 217,MOD,LS,Desg.StudioIII-Struct. Draping,,Şükriye Yüksel Filiz,MKB | MKB,Pazartesi | Salı,09:30/12:29 | 09:30/12:29,,40,11,,SMT,,
13470,MOD 237,MOD,LS,Visual Design Concepts III,,"Türkü Şahin, Ezgi Çılgın Çınar",MKB,Perşembe,08:30/12:29,,40,12,,SMT,,
13471,MAT 271E,MAT,LS,Probability and Statistics,,Canan Sarıçam,MKB,Salı,09:30/12:29,,40,36,,"BIO, BIOE, BLG, BLGE, CEV, CEVE, CHZ, CHZE, DEN, DENE, EHB, EHBE, EHN, ELE, ELH, ELK, ELKE, EUT, EUTE, FIZ, FIZE, GEM, GEME, GEMK, GEO, GEOE, GID, GIDE, IML, IMLE, INS, INSE, JEF, JEFE, JEO, JEOE, KMM, KMME, KOM, KOME, KON, KONE, MAD, MADE, MAK, MAKE, MET, METE, MTO, MTOE, PET, PETE, SBP, SBPE, SEH, TEK, TEKE, TEL, UCK, UCKE, UZB, UZBE",,
13472,MOD 242,MOD,LS,Digital Design:Flats & Floats,,Belgin Görgün,MKB,Cuma,13:30/16:29,,40,12,,SMT,,
13473,LAT 215,LAT,LS,History of Menswear,,Rüveyde Oder,MKB,Salı,13:30/16:29,,40,12,,SMT,,
13474,LAT 147,LAT,LS,The Forensics of Fiber Analys.,,Hale Karakaş,MKB,Cuma,09:30/12:29,,40,12,,SMT,,
13476,SPA 101,SPA,LS,Spanish I,,Safiye Neslihan Ercan,MKB,Pazartesi,13:30/16:29,,40,6,,"SMT, STP",,
13477,TEK 305E,TEK,LS,Textile Testing,,"Osman Bülent Özipek, Nevin Çiğdem Gürsoy",MKB | MKB,Salı | Perşembe,08:30/10:29 | 13:30/15:29,,35,22,,TEKE,,
13479,MOD 357,MOD,LS,Intr. to Knitwear Design,,"Cevza Candan, Belgin Görgün",MKB | MKB,Perşembe | Cuma,08:30/11:29 | 08:30/11:29,,40,6,,SMT,,
13480,TEK 305E,TEK,LS,Textile Testing,,"Hale Karakaş, Nevin Çiğdem Gürsoy",MKB | MKB,Çarşamba | Perşembe,13:30/15:29 | 10:30/12:29,,35,35,,TEKE,,
13482,MOD 308,MOD,LS,Internship,,"Belgin Görgün, Şükriye Yüksel Filiz",MKB | MKB | MKB | MKB,Pazartesi | Pazartesi | Çarşamba | Cuma,08:30/09:29 | 16:30/17:29 | 08:30/09:29 | 16:30/17:29,,40,6,,SMT,,
13483,MOD 304,MOD,LS,Computerized Pattern Design,,Belgin Görgün,MKB,Perşembe,13:30/16:29,,40,6,,SMT,,
13484,PAZ 101,PAZ,LS,Fundamentals of Textiles,,Osman Bülent Özipek,MKB,Pazartesi,13:30/17:29,,40,3,,STP,,
13485,PAZ 121,PAZ,LS,Intr. to Fashion Industry,,Belgin Görgün,MKB | MKB,Salı | Cuma,08:30/10:29 | 11:30/12:29,,40,3,,STP,,
13488,PAZ 103,PAZ,LS,The Hist.ofTextile T..,,Şükriye Yüksel Filiz,MKB,Perşembe,10:30/12:29,,40,3,,STP,,
13489,PAZ 213,PAZ,LS,CAD&Design; Fun.for ..,,"Nevin Çiğdem Gürsoy, Dilek Alpan",MKB,Cuma,13:30/16:29,,40,3,,STP,,
13490,PAZ 151,PAZ,LS,Intro. to Physical Sciences,,Esra Alveroğlu Durucu,FEB,Salı,14:30/17:29,,40,3,,STP,,
13491,ULP 101,ULP,LS,NewBeg.Fresh.Sem.&Se..,,"Osman Bülent Özipek, Canan Sarıçam",---,Pazartesi,18:30/20:29,,6,6,,"MBI, MCB, SBL, SCE, SDU, SEK, SEN, SGM, SIN, SIS, SMT, STP",,
13492,PAZ 207,PAZ,LS,Fabrics for Interiors,,"Canan Sarıçam, Belgin Görgün",MKB,Çarşamba,13:30/15:29,,40,11,,STP,,
13493,PAZ 209,PAZ,LS,Fab. for Private Label Apparel,,"Fatma Kalaoğlu, Cevza Candan",MKB,Perşembe,13:30/17:29,,40,10,,STP,,
13494,PAZ 302,PAZ,LS,Hi Tech Textiles,,Ömer Berk Berkalp,MKB,Cuma,13:30/16:29,,40,10,,STP,,
13496,PAZ 217,PAZ,LS,Public Speaking,,Pelin Gökalp Yılmazer,MKB,Cuma,09:30/12:29,,40,10,,"SMT, STP",,
13497,PAZ 381,PAZ,LS,Principles of Accounting,,Kaya Tokmakçıoğlu,MKB,Salı,13:30/16:29,,40,10,,STP,,
13498,MTH 123,MTH,LS,Calculus,,Bahri Güldoğan,MKB,Salı,08:30/11:29,,25,10,,STP,,
13499,TEK 361E,TEK,LS,Mechanisms,,Şule Selçuk,MKB,Cuma,09:30/12:29,,50,49,,"IML, IMLE, TEK, TEKE",,
13500,TEK 361E,TEK,LS,Mechanisms,,Meltem Yanılmaz,MKB,Pazartesi,09:30/12:29,,50,52,,"IML, IMLE, TEK, TEKE",,
13501,TEK 327E,TEK,LS,Machine Elements,,İkilem Göcek,MKB,Salı,10:30/12:29,,45,47,,"TEK, TEKE",,
13502,TEK 327E,TEK,LS,Machine Elements,,İpek Yalçın Eniş,MKB,Perşembe,15:30/17:29,,45,41,,"TEK, TEKE",,
13503,TEK 345E,TEK,LS,Clothing Technology,,Fatma Kalaoğlu,MKB,Salı,13:30/16:29,,35,16,,"TEK, TEKE, TEKM",,
13504,TEK 345E,TEK,LS,Clothing Technology,,Selin Hanife Eryürük,MKB,Cuma,13:30/16:29,,40,37,,"TEK, TEKE, TEKM",,
13505,TEK 413E,TEK,LS,Fabric Design,,Burçak Karagüzel Kayaoğlu,MKB,Cuma,09:30/12:29,,35,23,,"TEK, TEKE, TEKM",,
13506,TEK 413E,TEK,LS,Fabric Design,,Ömer Berk Berkalp,MKB,Pazartesi,13:30/16:29,,40,42,,"TEK, TEKE, TEKM",,
13507,TEK 455E,TEK,LS,Non-Woven Fabrics,,İpek Yalçın Eniş,MKB,Çarşamba,08:30/11:29,,35,30,,"TEK, TEKE",,
13508,TEK 455E,TEK,LS,Non-Woven Fabrics,,İlkay Özsev Yüksek,MKB,Perşembe,13:30/16:29,,40,35,,"TEK, TEKE",,
13509,TEK 417E,TEK,LS,Technical Yarns,,Fatma Banu Nergis,MKB,Salı,09:30/12:29,,30,15,,"TEK, TEKE",,
13510,TEK 452E,TEK,LS,Knitting Technology II,,--,MKB,Salı,09:30/12:29,,0,0,,"TEK, TEKE",,
13511,TEK 453E,TEK,LS,Synthetic &Textured;..,,Ali Demir,MKB,Perşembe,09:30/12:29,,30,34,,"TEK, TEKE",,
13512,TEK 457E,TEK,LS,Pre-treatment Processes,,Berdan Kalav,MKB,Perşembe,09:30/12:29,,30,7,,"TEK, TEKE",,
13513,TEK 441E,TEK,LS,Yarn Production Calculations,,"Yeşim Beceren, Fatma Banu Nergis",MKB,Pazartesi,09:30/12:29,,30,6,,"TEK, TEKE",,
13514,TEK 447E,TEK,LS,Ecological Textiles,,Berdan Kalav,MKB,Salı,13:30/16:29,,30,23,,"TEK, TEKE",,
13515,TEK 451E,TEK,LS,Textile Prod.Managem..,,Canan Sarıçam,MKB,Salı,13:30/16:29,,30,28,,"TEK, TEKE",,
13516,ECN 407E,ECN,LS,Time Series Econometrics,,Bülent Güloğlu,EEB,Cuma,14:00/16:59,,50,10,,ECNE,,
13518,DUI 492,DUI,LS,Bitirme Çalışması,,Özcan Arslan,DZB,,/,,500,34,,DUI,,
13519,DUI 492E,DUI,LS,Graduation Project,,Özcan Arslan,DZB,,/,,500,7,,"DUI, DUIE",,
13520,DUI 302E,DUI,LS,Onboard Training III,,Özcan Arslan,DZB,,/,,120,14,,"DUI, DUIE",,
13521,DUI 385,DUI,LS,Gemi Operas. Çevresel Yönetim,,Tanzer Satır,DZB,Cuma,10:30/12:29,,45,29,,DUI,,
13523,MTH 203,MTH,LS,Differential Equations,,Mehmet Ali Karaca,FEB,Salı,11:30/15:29,,50,26,,"DUIK, GEMK, GMIK, MEN, MTM, NAE",,
13524,ENR 211,ENR,LS,Engineering Mechanics,,Ahmet Ergin,GDB,Cuma,16:30/19:29,,40,35,,"DUIK, GEMK, GMIK, MEN, MTM, NAE",,
13525,ENR 201,ENR,LS,Fluid Mechanics,,Burcu Erbaş,GDB,Pazartesi,13:30/16:29,,45,43,,"DUIK, GEMK, GMIK, MEN, MTM, NAE, NAEM",,
13526,ING 112,ING,LS,English I,,--,MED,Pazartesi,08:30/11:29,,0,0,,"BIO, BIOE, BLG, BLGE, CEV, CEVE, CHZ, CHZE, DEN, DENE, DUIE, ECNE, EHB, EHBE, EHN, ELE, ELH, ELK, ELKE, END, ENDE, EUT, EUTE, FIZ, FIZE, GEM, GEME, GEMK, GEO, GEOE, GID, GIDE, GMIE, ICM, IML, IMLE, INS, INSE, ISL, ISLE, JDF, JEF, JEFE, JEO, JEOE, KIM, KIME, KMM, KMME, KOM, KOME, MAD, MADE, MAK, MAKE, MAT, MATE, MET, METE, MIM, MIME, MTO, MTOE, MUZE, PEM, PEME, PET, PETE, SBP, SBPE, SEH, TEK, TEKE, TEL, UCK, UCKE, UZB, UZBE",,
13527,ING 112,ING,LS,English I,,--,MED,Pazartesi,13:30/16:29,,0,0,,"BIO, BIOE, BLG, BLGE, CEV, CEVE, CHZ, CHZE, DEN, DENE, DUIE, ECNE, EHB, EHBE, EHN, ELE, ELH, ELK, ELKE, END, ENDE, EUT, EUTE, FIZ, FIZE, GEM, GEME, GEMK, GEO, GEOE, GID, GIDE, GMIE, ICM, IML, IMLE, INS, INSE, ISL, ISLE, JDF, JEF, JEFE, JEO, JEOE, KIM, KIME, KMM, KMME, KOM, KOME, MAD, MADE, MAK, MAKE, MAT, MATE, MET, METE, MIM, MIME, MTO, MTOE, MUZE, PEM, PEME, PET, PETE, SBP, SBPE, SEH, TEK, TEKE, TEL, UCK, UCKE, UZB, UZBE",,
13528,ING 112,ING,LS,English I,,--,MED,Salı,08:30/11:29,,0,0,,"BIO, BIOE, BLG, BLGE, CEV, CEVE, CHZ, CHZE, DEN, DENE, DUIE, ECNE, EHB, EHBE, EHN, ELE, ELH, ELK, ELKE, END, ENDE, EUT, EUTE, FIZ, FIZE, GEM, GEME, GEMK, GEO, GEOE, GID, GIDE, GMIE, ICM, IML, IMLE, INS, INSE, ISL, ISLE, JDF, JEF, JEFE, JEO, JEOE, KIM, KIME, KMM, KMME, KOM, KOME, MAD, MADE, MAK, MAKE, MAT, MATE, MET, METE, MIM, MIME, MTO, MTOE, MUZE, PEM, PEME, PET, PETE, SBP, SBPE, SEH, TEK, TEKE, TEL, UCK, UCKE, UZB, UZBE",,
13529,ING 112,ING,LS,English I,,--,---,Salı,13:30/16:29,,0,0,,"BIO, BIOE, BLG, BLGE, CEV, CEVE, CHZ, CHZE, DEN, DENE, DUIE, ECNE, EHB, EHBE, EHN, ELE, ELH, ELK, ELKE, END, ENDE, EUT, EUTE, FIZ, FIZE, GEM, GEME, GEMK, GEO, GEOE, GID, GIDE, GMIE, ICM, IML, IMLE, INS, INSE, ISL, ISLE, JDF, JEF, JEFE, JEO, JEOE, KIM, KIME, KMM, KMME, KOM, KOME, MAD, MADE, MAK, MAKE, MAT, MATE, MET, METE, MIM, MIME, MTO, MTOE, MUZE, PEM, PEME, PET, PETE, SBP, SBPE, SEH, TEK, TEKE, TEL, UCK, UCKE, UZB, UZBE",,
13530,ING 112,ING,LS,English I,,--,MED,Çarşamba,08:30/11:29,,0,0,,"BIO, BIOE, BLG, BLGE, CEV, CEVE, CHZ, CHZE, DEN, DENE, DUIE, ECNE, EHB, EHBE, EHN, ELE, ELH, ELK, ELKE, END, ENDE, EUT, EUTE, FIZ, FIZE, GEM, GEME, GEMK, GEO, GEOE, GID, GIDE, GMIE, ICM, IML, IMLE, INS, INSE, ISL, ISLE, JDF, JEF, JEFE, JEO, JEOE, KIM, KIME, KMM, KMME, KOM, KOME, MAD, MADE, MAK, MAKE, MAT, MATE, MET, METE, MIM, MIME, MTO, MTOE, MUZE, PEM, PEME, PET, PETE, SBP, SBPE, SEH, TEK, TEKE, TEL, UCK, UCKE, UZB, UZBE",,
13531,ING 112,ING,LS,English I,,--,MED,Çarşamba,11:30/14:29,,0,0,,"BIO, BIOE, BLG, BLGE, CEV, CEVE, CHZ, CHZE, DEN, DENE, DUIE, ECNE, EHB, EHBE, EHN, ELE, ELH, ELK, ELKE, END, ENDE, EUT, EUTE, FIZ, FIZE, GEM, GEME, GEMK, GEO, GEOE, GID, GIDE, GMIE, ICM, IML, IMLE, INS, INSE, ISL, ISLE, JDF, JEF, JEFE, JEO, JEOE, KIM, KIME, KMM, KMME, KOM, KOME, MAD, MADE, MAK, MAKE, MAT, MATE, MET, METE, MIM, MIME, MTO, MTOE, MUZE, PEM, PEME, PET, PETE, SBP, SBPE, SEH, TEK, TEKE, TEL, UCK, UCKE, UZB, UZBE",,
13532,ING 112,ING,LS,English I,,--,MED,Perşembe,08:30/11:29,,0,0,,"BIO, BIOE, BLG, BLGE, CEV, CEVE, CHZ, CHZE, DEN, DENE, DUIE, ECNE, EHB, EHBE, EHN, ELE, ELH, ELK, ELKE, END, ENDE, EUT, EUTE, FIZ, FIZE, GEM, GEME, GEMK, GEO, GEOE, GID, GIDE, GMIE, ICM, IML, IMLE, INS, INSE, ISL, ISLE, JDF, JEF, JEFE, JEO, JEOE, KIM, KIME, KMM, KMME, KOM, KOME, MAD, MADE, MAK, MAKE, MAT, MATE, MET, METE, MIM, MIME, MTO, MTOE, MUZE, PEM, PEME, PET, PETE, SBP, SBPE, SEH, TEK, TEKE, TEL, UCK, UCKE, UZB, UZBE",,
13533,ING 112,ING,LS,English I,,--,MED,Perşembe,13:30/16:29,,0,0,,"BIO, BIOE, BLG, BLGE, CEV, CEVE, CHZ, CHZE, DEN, DENE, DUIE, ECNE, EHB, EHBE, EHN, ELE, ELH, ELK, ELKE, END, ENDE, EUT, EUTE, FIZ, FIZE, GEM, GEME, GEMK, GEO, GEOE, GID, GIDE, GMIE, ICM, IML, IMLE, INS, INSE, ISL, ISLE, JDF, JEF, JEFE, JEO, JEOE, KIM, KIME, KMM, KMME, KOM, KOME, MAD, MADE, MAK, MAKE, MAT, MATE, MET, METE, MIM, MIME, MTO, MTOE, MUZE, PEM, PEME, PET, PETE, SBP, SBPE, SEH, TEK, TEKE, TEL, UCK, UCKE, UZB, UZBE",,
13534,ING 112,ING,LS,English I,,--,MED,Cuma,08:30/11:29,,0,0,,"BIO, BIOE, BLG, BLGE, CEV, CEVE, CHZ, CHZE, DEN, DENE, DUIE, ECNE, EHB, EHBE, EHN, ELE, ELH, ELK, ELKE, END, ENDE, EUT, EUTE, FIZ, FIZE, GEM, GEME, GEMK, GEO, GEOE, GID, GIDE, GMIE, ICM, IML, IMLE, INS, INSE, ISL, ISLE, JDF, JEF, JEFE, JEO, JEOE, KIM, KIME, KMM, KMME, KOM, KOME, MAD, MADE, MAK, MAKE, MAT, MATE, MET, METE, MIM, MIME, MTO, MTOE, MUZE, PEM, PEME, PET, PETE, SBP, SBPE, SEH, TEK, TEKE, TEL, UCK, UCKE, UZB, UZBE",,
13535,ING 201,ING,LS,English III,,--,MED,Pazartesi,08:30/11:29,,0,0,,"BIO, BIOE, BLG, BLGE, CEV, CEVE, CHZ, CHZE, DEN, DENE, ECNE, EHB, EHBE, EHN, ELE, ELH, ELK, ELKE, END, ENDE, EUT, EUTE, FIZ, FIZE, GEM, GEME, GEMK, GEO, GEOE, GID, GIDE, ICM, IML, IMLE, INS, INSE, ISL, ISLE, JDF, JEF, JEFE, JEO, JEOE, KIM, KIME, KMM, KMME, KOM, KOME, MAD, MADE, MAK, MAKE, MAT, MATE, MET, METE, MIM, MIME, MTO, MTOE, MUZE, PEM, PEME, PET, PETE, SBP, SBPE, SEH, TEK, TEKE, TEL, UCK, UCKE, UZB, UZBE",,
13536,ING 201,ING,LS,English III,,--,MED,Pazartesi,13:30/16:29,,0,0,,"BIO, BIOE, BLG, BLGE, CEV, CEVE, CHZ, CHZE, DEN, DENE, ECNE, EHB, EHBE, EHN, ELE, ELH, ELK, ELKE, END, ENDE, EUT, EUTE, FIZ, FIZE, GEM, GEME, GEMK, GEO, GEOE, GID, GIDE, ICM, IML, IMLE, INS, INSE, ISL, ISLE, JDF, JEF, JEFE, JEO, JEOE, KIM, KIME, KMM, KMME, KOM, KOME, MAD, MADE, MAK, MAKE, MAT, MATE, MET, METE, MIM, MIME, MTO, MTOE, MUZE, PEM, PEME, PET, PETE, SBP, SBPE, SEH, TEK, TEKE, TEL, UCK, UCKE, UZB, UZBE",,
13537,NAE 402,NAE,LS,Graduation Design Project,,Cemil Yurtören,GDB,,/,,45,3,,"GEMK, NAE",,
13538,ING 201,ING,LS,English III,,--,MED,Salı,08:30/11:29,,0,0,,"BIO, BIOE, BLG, BLGE, CEV, CEVE, CHZ, CHZE, DEN, DENE, ECNE, EHB, EHBE, EHN, ELE, ELH, ELK, ELKE, END, ENDE, EUT, EUTE, FIZ, FIZE, GEM, GEME, GEMK, GEO, GEOE, GID, GIDE, ICM, IML, IMLE, INS, INSE, ISL, ISLE, JDF, JEF, JEFE, JEO, JEOE, KIM, KIME, KMM, KMME, KOM, KOME, MAD, MADE, MAK, MAKE, MAT, MATE, MET, METE, MIM, MIME, MTO, MTOE, MUZE, PEM, PEME, PET, PETE, SBP, SBPE, SEH, TEK, TEKE, TEL, UCK, UCKE, UZB, UZBE",,
13539,ING 201,ING,LS,English III,,--,MED,Salı,13:30/16:29,,0,0,,"BIO, BIOE, BLG, BLGE, CEV, CEVE, CHZ, CHZE, DEN, DENE, ECNE, EHB, EHBE, EHN, ELE, ELH, ELK, ELKE, END, ENDE, EUT, EUTE, FIZ, FIZE, GEM, GEME, GEMK, GEO, GEOE, GID, GIDE, ICM, IML, IMLE, INS, INSE, ISL, ISLE, JDF, JEF, JEFE, JEO, JEOE, KIM, KIME, KMM, KMME, KOM, KOME, MAD, MADE, MAK, MAKE, MAT, MATE, MET, METE, MIM, MIME, MTO, MTOE, MUZE, PEM, PEME, PET, PETE, SBP, SBPE, SEH, TEK, TEKE, TEL, UCK, UCKE, UZB, UZBE",,
13540,ING 201,ING,LS,English III,,--,MMB,Salı,13:30/16:29,,0,0,,"BIO, BIOE, BLG, BLGE, CEV, CEVE, CHZ, CHZE, DEN, DENE, ECNE, EHB, EHBE, EHN, ELE, ELH, ELK, ELKE, END, ENDE, EUT, EUTE, FIZ, FIZE, GEM, GEME, GEMK, GEO, GEOE, GID, GIDE, ICM, IML, IMLE, INS, INSE, ISL, ISLE, JDF, JEF, JEFE, JEO, JEOE, KIM, KIME, KMM, KMME, KOM, KOME, MAD, MADE, MAK, MAKE, MAT, MATE, MET, METE, MIM, MIME, MTO, MTOE, MUZE, PEM, PEME, PET, PETE, SBP, SBPE, SEH, TEK, TEKE, TEL, UCK, UCKE, UZB, UZBE",,
13541,ING 201,ING,LS,English III,,--,MED,Çarşamba,08:30/11:29,,0,0,,"BIO, BIOE, BLG, BLGE, CEV, CEVE, CHZ, CHZE, DEN, DENE, ECNE, EHB, EHBE, EHN, ELE, ELH, ELK, ELKE, END, ENDE, EUT, EUTE, FIZ, FIZE, GEM, GEME, GEMK, GEO, GEOE, GID, GIDE, ICM, IML, IMLE, INS, INSE, ISL, ISLE, JDF, JEF, JEFE, JEO, JEOE, KIM, KIME, KMM, KMME, KOM, KOME, MAD, MADE, MAK, MAKE, MAT, MATE, MET, METE, MIM, MIME, MTO, MTOE, MUZE, PEM, PEME, PET, PETE, SBP, SBPE, SEH, TEK, TEKE, TEL, UCK, UCKE, UZB, UZBE",,
13542,ENR 301,ENR,LS,Heat Transfer,,Selma Ergin,GDB,Pazartesi,13:30/16:29,,45,19,,"GEMK, GMIK, MEN, MENM, NAE",,
13543,ING 201,ING,LS,English III,,--,MED,Çarşamba,11:30/14:29,,0,0,,"BIO, BIOE, BLG, BLGE, CEV, CEVE, CHZ, CHZE, DEN, DENE, ECNE, EHB, EHBE, EHN, ELE, ELH, ELK, ELKE, END, ENDE, EUT, EUTE, FIZ, FIZE, GEM, GEME, GEMK, GEO, GEOE, GID, GIDE, ICM, IML, IMLE, INS, INSE, ISL, ISLE, JDF, JEF, JEFE, JEO, JEOE, KIM, KIME, KMM, KMME, KOM, KOME, MAD, MADE, MAK, MAKE, MAT, MATE, MET, METE, MIM, MIME, MTO, MTOE, MUZE, PEM, PEME, PET, PETE, SBP, SBPE, SEH, TEK, TEKE, TEL, UCK, UCKE, UZB, UZBE",,
13544,ING 201,ING,LS,English III,,--,MED,Perşembe,08:30/11:29,,0,0,,"BIO, BIOE, BLG, BLGE, CEV, CEVE, CHZ, CHZE, DEN, DENE, ECNE, EHB, EHBE, EHN, ELE, ELH, ELK, ELKE, END, ENDE, EUT, EUTE, FIZ, FIZE, GEM, GEME, GEMK, GEO, GEOE, GID, GIDE, ICM, IML, IMLE, INS, INSE, ISL, ISLE, JDF, JEF, JEFE, JEO, JEOE, KIM, KIME, KMM, KMME, KOM, KOME, MAD, MADE, MAK, MAKE, MAT, MATE, MET, METE, MIM, MIME, MTO, MTOE, MUZE, PEM, PEME, PET, PETE, SBP, SBPE, SEH, TEK, TEKE, TEL, UCK, UCKE, UZB, UZBE",,
13545,ING 201,ING,LS,English III,,--,MED,Perşembe,13:30/16:29,,0,0,,"BIO, BIOE, BLG, BLGE, CEV, CEVE, CHZ, CHZE, DEN, DENE, ECNE, EHB, EHBE, EHN, ELE, ELH, ELK, ELKE, END, ENDE, EUT, EUTE, FIZ, FIZE, GEM, GEME, GEMK, GEO, GEOE, GID, GIDE, ICM, IML, IMLE, INS, INSE, ISL, ISLE, JDF, JEF, JEFE, JEO, JEOE, KIM, KIME, KMM, KMME, KOM, KOME, MAD, MADE, MAK, MAKE, MAT, MATE, MET, METE, MIM, MIME, MTO, MTOE, MUZE, PEM, PEME, PET, PETE, SBP, SBPE, SEH, TEK, TEKE, TEL, UCK, UCKE, UZB, UZBE",,
13546,ING 201,ING,LS,English III,,--,MED,Cuma,08:30/11:29,,0,0,,"BIO, BIOE, BLG, BLGE, CEV, CEVE, CHZ, CHZE, DEN, DENE, ECNE, EHB, EHBE, EHN, ELE, ELH, ELK, ELKE, END, ENDE, EUT, EUTE, FIZ, FIZE, GEM, GEME, GEMK, GEO, GEOE, GID, GIDE, ICM, IML, IMLE, INS, INSE, ISL, ISLE, JDF, JEF, JEFE, JEO, JEOE, KIM, KIME, KMM, KMME, KOM, KOME, MAD, MADE, MAK, MAKE, MAT, MATE, MET, METE, MIM, MIME, MTO, MTOE, MUZE, PEM, PEME, PET, PETE, SBP, SBPE, SEH, TEK, TEKE, TEL, UCK, UCKE, UZB, UZBE",,
13547,MST 101,MST,LS,Int.to Mar. Sciences & Ethics,,Şebnem Helvacıoğlu,GDB,Pazartesi,15:30/17:29,,45,32,,"DUIK, GEMK, GMIK, MEN, MENM, MTM, MTTM, NAE, NAEM",,
13548,MEN 411,MEN,LS,Marine Auxialiary Machinery II,,Ahmet Ergün Palaz,GDB,Salı,10:30/13:29,,45,26,,"GEMK, GMIK, MEN, MENM, NAE",,
13549,MEN 201,MEN,LS,Marine Diesel Engines I,,Ahmet Ergün Palaz,GDB,Cuma,13:30/16:29,,45,38,,"GEMK, GMIK, MEN, MENM, NAE, NAEM",,
13550,MST 241,MST,LS,Marine Electrotechnics,,Ali Sinan Çabuk,EEB,Salı,10:30/13:29,,45,21,,"GEMK, GMIK, MEN, MENM, NAE",,
13551,MCH 100,MCH,LS,Maritime Chemistry,,Yasin Arslanoğlu,GDB,Çarşamba,10:30/13:29,,45,33,,"DUIK, GEMK, GMIK, MEN, MTM, NAE",,
13552,MCH 100L,MCH,LS,Maritime Chemistry Laboratory,,Yasin Arslanoğlu,GDB,Çarşamba,08:30/10:29,,45,30,,"DUIK, GEMK, GMIK, MEN, MTM, NAE",,
13553,MST 231,MST,LS,Maritime English I,,Halime Ceren Göktaş,GDB,Pazartesi,16:30/19:29,,45,20,,"GEMK, GMIK, MEN, NAE",,
13554,MST 311,MST,LS,Maritime Law I,,Nuri Koray Kurun,GDB,Cuma,17:30/19:29,,45,28,,"DUIK, GEMK, GMIK, MEN, MTM, NAE",,
13555,MTH 117,MTH,LS,Mathematics I,,Kamil Oruçoğlu,GDB,Perşembe,10:30/15:29,,45,35,,"DUIK, GEMK, GMIK, MEN, MTM, NAE",,
13556,NAE 331,NAE,LS,Methods of Ship Production,,Şebnem Helvacıoğlu,GDB,Salı,13:30/16:29,,45,28,,"GEMK, NAE",,
13557,NTH 103,NTH,LS,National History I,,Sait Kofoğlu,INB,Perşembe,08:30/10:29,,45,30,,"DUIK, GEMK, GMIK, MEN, MTM, NAE",,
13558,ENR 221,ENR,LS,Num.Analysis of Eng.Sys,,Barış Barlas,GDB,Pazartesi,08:30/10:29,,45,40,,"GEMK, GMIK, MEN, NAE",,
13559,PHE 101,PHE,LS,Physical Educaion,,Kadir Can Çakıcı,GDB,Cuma,10:30/12:29,,45,38,,"DUIK, GEMK, GMIK, MEN, MTM, NAE",,
13560,PHY 107,PHY,LS,Physics I,,Mehmet Murat Sunar,FEB,Cuma,14:30/17:29,,45,35,,"DUIK, GEMK, GMIK, MEN, MTM, NAE",,
13561,PHY 107L,PHY,LS,Physics I Lab.,,Mehmet Murat Sunar,GDB,Çarşamba,13:30/15:29,,45,32,,"DUIK, GEMK, GMIK, MEN, MTM, NAE",,
13562,NAE 201,NAE,LS,Practical Training-I,,Cemil Yurtören,GDB,,/,,50,15,,"GEMK, NAE",,
13563,NAE 301,NAE,LS,Practical Training-II,,Cemil Yurtören,GDB,,/,,50,15,,"GEMK, NAE",,
13564,NAE 401,NAE,LS,Practical Training-III,,Cemil Yurtören,GDB,,/,,50,6,,"GEMK, NAE",,
13565,ENR 401,ENR,LS,Refrigeration& HVAC Systems,,--,GDB,Pazartesi,10:30/12:29,,0,0,,"GEMK, GMIK, MEN, NAE",,
13566,HSS 301,HSS,LS,Research Methods & Statistics,,Emin Korkut,GDB,Çarşamba,12:30/15:29,,45,34,,"DUIK, GEMK, GMIK, MEN, MTM, NAE",,
13567,NAE 411,NAE,LS,Ship Design Project I,,Barış Barlas,GDB,Çarşamba,10:30/12:29,,45,10,,"GEMK, NAE",,
13568,NAE 211,NAE,LS,Ship Geometry,,Devrim Bülent Danışman,GDB,Salı,08:30/11:29,,45,21,,"GEMK, MEN, NAE, NAEM",,
13569,NAE 321,NAE,LS,Ship Hydrodynamics,,Emin Korkut,GDB | GDB,Salı | Perşembe,08:30/10:29 | 09:30/12:29,,45,35,,"GEMK, NAE, NAEM",,
13570,NAE 421,NAE,LS,Ship Motions and Maneuvering,,Erdem Üçer,GDB,Perşembe,13:30/17:29,,45,29,,"GEMK, NAE, NAEM",,
13571,NAE 311,NAE,LS,Ship Theory,,Metin Taylan,GDB | GDB,Pazartesi | Çarşamba,08:30/10:29 | 08:30/10:29,,45,23,,"GEMK, NAE, NAEM",,
13572,MST 331,MST,LS,Shipping Finance,,Barış Barlas,GDB,Pazartesi,10:30/12:29,,45,39,,"DUIK, GEMK, GMIK, MEN, MTM, NAE",,
13573,ENR 361,ENR,LS,Statics,,İsmail Yalçın,GDB,Cuma,09:30/12:29,,45,21,,"GEMK, NAE",,
13574,ENR 212,ENR,LS,Strength of Materials I,,Özgür Özgüç,GDB,Çarşamba,09:30/12:29,,45,19,,"GEMK, GMIK, MEN, NAE, NAEM",,
13575,NAE 341,NAE,LS,Structural Design of Ships,,Serdar Aytekin Köroğlu,GDB,Çarşamba,10:30/13:29,,45,4,,"GEMK, NAE",,
13579,KIM 429,KIM,LS,Yeşil Kimya,,Füsün Şeyma Güngör Kışkan,FEB,Cuma,08:30/11:29,,20,20,,KIM,,
13580,EUT 324E,EUT,LS,Semiology&Semantics; in Design,,Özge Çelikoğlu,MMB,Salı,09:30/12:29,,30,34,,"EUT, EUTE, EUTM, ICM",,
13583,MAT 242E,MAT,LS,Statistics,,İzzet Göksel,FEB | FEB,Çarşamba | Çarşamba,08:30/10:29 | 13:30/15:29,,3,2,,MATE,,
13584,SNT 102,SNT,LS,Fotoğraf,,Ahmet Keskin,MMB,Perşembe,08:30/11:29,,15,14,,"BIO, BLG, CEV, CHZ, DEN, DUI, EHB, ELE, ELH, ELK, END, EUT, FIZ, GEM, GEO, GID, GMI, ICM, IML, INS, ISL, JDF, JEF, JEO, KIM, KMM, KOM, MAD, MAK, MAT, MET, MIM, MTO, PEM, PET, SBP, TEK, TEL, UCK, UZB",,
13585,SNT 102E,SNT,LS,Photography,,Hulki Korkut İlhan,MMB,Perşembe,13:30/16:29,,15,17,,"BIO, BIOE, BLG, BLGE, CEV, CEVE, CHZ, CHZE, DEN, DENE, ECNE, EHB, EHBE, ELE, ELH, ELK, ELKE, END, ENDE, EUT, EUTE, FIZ, FIZE, GEM, GEME, GEMK, GEO, GEOE, GID, GIDE, GMI, GMIE, ICM, ICME, IML, IMLE, INS, INSE, ISL, ISLE, JDF, JEF, JEFE, JEO, JEOE, KIM, KIME, KMM, KMME, KOM, KOME, MAD, MADE, MAK, MAKE, MAT, MATE, MET, METE, MIM, MIME, MTO, MTOE, PEM, PEME, PET, PETE, SBP, SBPE, TEK, TEKE, TEL, UCK, UCKE, UZB, UZBE",,
13586,SNT 102E,SNT,LS,Photography,,Hulki Korkut İlhan,MMB,Cuma,13:30/16:29,,15,20,,"BIO, BIOE, BLG, BLGE, CEV, CEVE, CHZ, CHZE, DEN, DENE, ECNE, EHB, EHBE, ELE, ELH, ELK, ELKE, END, ENDE, EUT, EUTE, FIZ, FIZE, GEM, GEME, GEMK, GEO, GEOE, GID, GIDE, GMI, GMIE, ICM, ICME, IML, IMLE, INS, INSE, ISL, ISLE, JDF, JEF, JEFE, JEO, JEOE, KIM, KIME, KMM, KMME, KOM, KOME, MAD, MADE, MAK, MAKE, MAT, MATE, MET, METE, MIM, MIME, MTO, MTOE, PEM, PEME, PET, PETE, SBP, SBPE, TEK, TEKE, TEL, UCK, UCKE, UZB, UZBE",,
13587,BIL 113E,BIL,LS,Intr.to Sci& Eng.Comp.(MATLAB),,Tolga Yılmaz Özüdoğru,INB | INB,Çarşamba | Perşembe,10:30/12:29 | 13:30/14:29,,45,46,,"INS, INSE",,
13588,INS 107E,INS,LS,Int. to Prog. Lang. (Python),,Gökhan Çevikbilen,INB | INB,Perşembe | Cuma,14:30/16:29 | 14:30/15:29,,45,28,,"INS, INSE",,
13589,INS 107E,INS,LS,Int. to Prog. Lang. (Python),,Aslı Yalçın Dayıoğlu,INB | INB,Salı | Perşembe,08:30/10:29 | 11:30/12:29,,45,30,,"INS, INSE",,
13590,INS 107E,INS,LS,Int. to Prog. Lang. (Python),,Erol Lale,INB | INB,Çarşamba | Perşembe,08:30/10:29 | 13:30/14:29,,45,66,,"INS, INSE",,
13591,INS 107E,INS,LS,Int. to Prog. Lang. (Python),,Cem Demir,INB | INB,Perşembe | Cuma,10:30/11:29 | 08:30/10:29,,45,10,,"INS, INSE",,
13592,INS 107E,INS,LS,Int. to Prog. Lang. (Python),,Mustafa Hatipoğlu,INB | INB,Pazartesi | Çarşamba,13:30/15:29 | 12:30/13:29,,45,50,,"INS, INSE",,
13593,INS 107E,INS,LS,Int. to Prog. Lang. (Python),,Nilay Çelik Muhtaroğlu,INB | INB,Pazartesi | Salı,12:30/13:29 | 10:30/12:29,,45,51,,"INS, INSE",,
13594,INS 437E,INS,LS,Traffic Engineering,,--,INB | INB,Pazartesi | Perşembe,15:30/17:29 | 11:30/12:29,,0,0,,"INS, INSE",,
13595,INS 445,INS,LS,Esnek Yol Üstyapıları,,Adem Faik İyinam,INB | INB,Pazartesi | Perşembe,15:30/17:29 | 11:30/12:29,,45,61,,INS,,
13596,MAT 271E,MAT,LS,Probability and Statistics,,Ayda Şafak Ağar Özbek,INB | INB,Salı | Cuma,10:30/11:29 | 08:30/10:29,,50,52,,"BIO, BIOE, BLG, BLGE, CEV, CEVE, CHZ, CHZE, DEN, DENE, EHB, EHBE, EHN, ELE, ELH, ELK, ELKE, EUT, EUTE, FIZ, FIZE, GEM, GEME, GEMK, GEO, GEOE, GID, GIDE, IML, IMLE, INS, INSE, JEF, JEFE, JEO, JEOE, KMM, KMME, KOM, KOME, KON, KONE, MAD, MADE, MAK, MAKE, MET, METE, MTO, MTOE, PET, PETE, SBP, SBPE, SEH, TEK, TEKE, TEL, UCK, UCKE, UZB, UZBE",,
13597,MAT 271E,MAT,LS,Probability and Statistics,,Kemal Selçuk Öğüt,INB | INB,Salı | Cuma,10:30/11:29 | 08:30/10:29,,50,24,,"BIO, BIOE, BLG, BLGE, CEV, CEVE, CHZ, CHZE, DEN, DENE, EHB, EHBE, EHN, ELE, ELH, ELK, ELKE, EUT, EUTE, FIZ, FIZE, GEM, GEME, GEMK, GEO, GEOE, GID, GIDE, IML, IMLE, INS, INSE, JEF, JEFE, JEO, JEOE, KMM, KMME, KOM, KOME, KON, KONE, MAD, MADE, MAK, MAKE, MET, METE, MTO, MTOE, PET, PETE, SBP, SBPE, SEH, TEK, TEKE, TEL, UCK, UCKE, UZB, UZBE",,
13598,MAT 271E,MAT,LS,Probability and Statistics,,Müge Balkaya,INB | INB,Salı | Perşembe,15:30/16:29 | 10:30/12:29,,50,59,,"BIO, BIOE, BLG, BLGE, CEV, CEVE, CHZ, CHZE, DEN, DENE, EHB, EHBE, EHN, ELE, ELH, ELK, ELKE, EUT, EUTE, FIZ, FIZE, GEM, GEME, GEMK, GEO, GEOE, GID, GIDE, IML, IMLE, INS, INSE, JEF, JEFE, JEO, JEOE, KMM, KMME, KOM, KOME, KON, KONE, MAD, MADE, MAK, MAKE, MET, METE, MTO, MTOE, PET, PETE, SBP, SBPE, SEH, TEK, TEKE, TEL, UCK, UCKE, UZB, UZBE",,
13599,SNT 112,SNT,LS,Tiyatro,,Ali Ersan Karadeniz,MMB,Cuma,13:30/16:29,,20,19,,"BIO, BLG, CEV, CHZ, DEN, DUI, EHB, ELE, ELH, ELK, END, EUT, FIZ, GEM, GEO, GID, GMI, ICM, IML, INS, ISL, JDF, JEF, JEO, KIM, KMM, KOM, MAD, MAK, MAT, MET, MIM, MTO, PEM, PET, SBP, TEK, TEL, UCK, UZB",,
13600,MAT 271E,MAT,LS,Probability and Statistics,,Ayda Şafak Ağar Özbek,INB | INB,Salı | Perşembe,15:30/16:29 | 10:30/12:29,,50,52,,"BIO, BIOE, BLG, BLGE, CEV, CEVE, CHZ, CHZE, DEN, DENE, EHB, EHBE, EHN, ELE, ELH, ELK, ELKE, EUT, EUTE, FIZ, FIZE, GEM, GEME, GEMK, GEO, GEOE, GID, GIDE, IML, IMLE, INS, INSE, JEF, JEFE, JEO, JEOE, KMM, KMME, KOM, KOME, KON, KONE, MAD, MADE, MAK, MAKE, MET, METE, MTO, MTOE, PET, PETE, SBP, SBPE, SEH, TEK, TEKE, TEL, UCK, UCKE, UZB, UZBE",,
13601,MAT 271E,MAT,LS,Probability and Statistics,,Kemal Selçuk Öğüt,INB | INB,Salı | Cuma,13:30/15:29 | 16:30/17:29,,50,47,,"BIO, BIOE, BLG, BLGE, CEV, CEVE, CHZ, CHZE, DEN, DENE, EHB, EHBE, EHN, ELE, ELH, ELK, ELKE, EUT, EUTE, FIZ, FIZE, GEM, GEME, GEMK, GEO, GEOE, GID, GIDE, IML, IMLE, INS, INSE, JEF, JEFE, JEO, JEOE, KMM, KMME, KOM, KOME, KON, KONE, MAD, MADE, MAK, MAKE, MET, METE, MTO, MTOE, PET, PETE, SBP, SBPE, SEH, TEK, TEKE, TEL, UCK, UCKE, UZB, UZBE",,
13603,ITB 205E,ITB,LS,Philosophy,,Kerem Eksen,MED,Cuma,11:30/14:29,,45,44,,"BIO, BIOE, BLG, BLGE, CAB, CEV, CEVE, CHZ, CHZE, DEN, DENE, ECNE, EHB, EHBE, ELE, ELH, ELK, ELKE, END, ENDE, EUT, EUTE, FIZ, FIZE, GEM, GEME, GEMK, GEO, GEOE, GID, GIDE, GMI, GMIE, ICM, IML, IMLE, INS, INSE, ISL, ISLE, JDF, JEF, JEFE, JEO, JEOE, KIM, KIME, KMM, KMME, KMP, KOM, KOME, MAD, MADE, MAK, MAKE, MAT, MATE, MET, METE, MIM, MIME, MTO, MTOE, MTR, MUT, MUZ, MUZE, PEM, PEME, PET, PETE, SBP, SBPE, SES, TEB, TEK, TEKE, TEL, THO, UCK, UCKE, UZB, UZBE",,
13604,PHE 101,PHE,LS,Physical Educaion,,Hakan Çap,DZB,Pazartesi,11:30/13:29,,68,68,,"DUIK, GEMK, GMIK, MEN, MTM, NAE",,
13605,MCH 100,MCH,LS,Maritime Chemistry,,Yasin Arslanoğlu,DZB,Pazartesi,17:30/20:29,,75,75,,"DUIK, GEMK, GMIK, MEN, MTM, NAE",,
13606,MCH 100L,MCH,LS,Maritime Chemistry Laboratory,,Yasin Arslanoğlu,DZB,Cuma,17:30/19:29,,31,31,,"DUIK, GEMK, GMIK, MEN, MTM, NAE",,
13607,MTH 117,MTH,LS,Mathematics I,,Cem Güzel,DZB | DZB,Cuma | Cuma,08:30/12:29 | 13:30/14:29,,66,66,,"DUIK, GEMK, GMIK, MEN, MTM, NAE",,
13608,PHY 107,PHY,LS,Physics I,,Banu Tansel,DZB,Çarşamba,12:30/15:29,,74,74,,"DUIK, GEMK, GMIK, MEN, MTM, NAE",,
13609,PHY 107L,PHY,LS,Physics I Lab.,,Banu Tansel,DZB,Çarşamba,17:30/19:29,,64,64,,"DUIK, GEMK, GMIK, MEN, MTM, NAE",,
13610,MST 101,MST,LS,Int.to Mar. Sciences & Ethics,,Selim Aksoy,DZB,Salı,11:30/13:29,,70,70,,"DUIK, GEMK, GMIK, MEN, MENM, MTM, MTTM, NAE, NAEM",,
13611,NTH 103,NTH,LS,National History I,,Pelin Helvacı,DZB,Çarşamba,20:30/22:29,,65,64,,"DUIK, GEMK, GMIK, MEN, MTM, NAE",,
13612,ING 112,ING,LS,English I,,F. Şehkar F. Kınık,---,,/,,600,510,,"BIO, BIOE, BLG, BLGE, CEV, CEVE, CHZ, CHZE, DEN, DENE, DUIE, ECNE, EHB, EHBE, EHN, ELE, ELH, ELK, ELKE, END, ENDE, EUT, EUTE, FIZ, FIZE, GEM, GEME, GEMK, GEO, GEOE, GID, GIDE, GMIE, ICM, IML, IMLE, INS, INSE, ISL, ISLE, JDF, JEF, JEFE, JEO, JEOE, KIM, KIME, KMM, KMME, KOM, KOME, MAD, MADE, MAK, MAKE, MAT, MATE, MET, METE, MIM, MIME, MTO, MTOE, MUZE, PEM, PEME, PET, PETE, SBP, SBPE, SEH, TEK, TEKE, TEL, UCK, UCKE, UZB, UZBE",,
13613,TUR 103,TUR,LS,Turkish Language I,,Erol Kaplan,DZB,Perşembe,14:30/16:29,,57,52,,"DUIK, GEMK, GMIK, MEN, MTM, NAE",,
13614,MST 221,MST,LS,Maritime English I,,Halime Ceren Göktaş,DZB,Perşembe,16:30/19:29,,17,17,,"DUIK, MTM, MTTM",,
13615,MST 201,MST,LS,Ship Construction & Stability,,Sevilay Can,DZB,Çarşamba,08:30/12:29,,45,31,,"DUIK, GMIK, MEN, MTM",,
13616,MTM 201,MTM,LS,Terrestrial Navigation,,Hüseyin Türkel,DZB,Salı,08:30/12:29,,45,25,,"DUIK, MTM, MTTM",,
13617,MTM 211,MTM,LS,Onboard Training-I,,Cumali Seçkin Mengeçin,DZB,,/,,45,39,,"DUIK, MTM",,
13618,MTH 203,MTH,LS,Differential Equations,,Sabire Cömert,DZB,Pazartesi,13:30/17:29,,45,28,,"DUIK, GEMK, GMIK, MEN, MTM, NAE",,
13619,ENR 201,ENR,LS,Fluid Mechanics,,Münir Süner,DZB,Salı,17:30/20:29,,49,49,,"DUIK, GEMK, GMIK, MEN, MTM, NAE, NAEM",,
13620,ENR 211,ENR,LS,Engineering Mechanics,,Münir Süner,DZB,Çarşamba,17:30/20:29,,47,42,,"DUIK, GEMK, GMIK, MEN, MTM, NAE",,
13621,MST 242,MST,LS,Marine Communication,,Alaaddin Yıldıray Ertaş,DZB,Salı,15:30/17:29,,45,26,,"DUIK, GEMK, GMIK, MEN, MTM, MTTM, NAE",,
13623,MST 231,MST,LS,Maritime English I,,Müjgan Özenir,DZB,Pazartesi,08:30/11:29,,45,15,,"GEMK, GMIK, MEN, NAE",,
13624,MEN 201,MEN,LS,Marine Diesel Engines I,,Cumali Seçkin Mengeçin,DZB,Salı,14:30/17:29,,45,18,,"GEMK, GMIK, MEN, MENM, NAE, NAEM",,
13625,MEN 211,MEN,LS,Workshop Training-I,,Cumali Seçkin Mengeçin,DZB,,/,,45,25,,"GMIK, MEN",,
13626,MST 241,MST,LS,Marine Electrotechnics,,Melek Ertogan,DZB,Cuma,16:30/19:29,,45,38,,"GEMK, GMIK, MEN, MENM, NAE",,
13627,ENR 221,ENR,LS,Num.Analysis of Eng.Sys,,Ata Bilgili,DZB,Perşembe,17:30/19:29,,45,35,,"GEMK, GMIK, MEN, NAE",,
13628,MST 311,MST,LS,Maritime Law I,,Nuri Koray Kurun,DZB,Çarşamba,12:30/14:29,,47,45,,"DUIK, GEMK, GMIK, MEN, MTM, NAE",,
13629,MTM 301,MTM,LS,E-Navigation Systems,,Ali Ordukaya,DZB,Pazartesi,08:30/11:29,,45,39,,"DUIK, MTM, MTTM",,
13630,MTM 311,MTM,LS,Watchkeeping II,,Selim Aksoy,DZB,Salı,08:30/11:29,,45,22,,"DUIK, MTM, MTTM",,
13631,MTM 321,MTM,LS,Celestial Navigation,,"Orhan Gönel, Mehmet Suha Baytura",DZB,Salı,13:30/16:29,,45,22,,"DUIK, MTM",,
13632,MTM 331,MTM,LS,Maritime Practical Studies,,Selim Aksoy,DZB,Pazartesi,13:30/17:29,,45,28,,"DUIK, MTM",,
13633,MTM 341,MTM,LS,Onboard Training-II,,Cumali Seçkin Mengeçin,DZB,,/,,45,17,,"DUIK, MTM",,
13634,HSS 301,HSS,LS,Research Methods & Statistics,,Sabire Cömert,DZB,Pazartesi,17:30/20:29,,55,54,,"DUIK, GEMK, GMIK, MEN, MTM, NAE",,
13635,MST 232,MST,LS,Meteorology,,Ayşe Yılmaz,DZB,Cuma,08:30/11:29,,45,33,,"DUIK, MTM",,
13636,MEN 301,MEN,LS,Engine Room Simulator (ERS) I,,Kemal Demirel,DZB | DZB,Salı | Perşembe,16:30/17:29 | 11:30/14:29,,45,11,,"GMIK, MEN, MENM",,
13637,MEN 311,MEN,LS,Marine Boilers and Operation,,Fahrettin Küçükşahin,DZB,Perşembe,08:30/11:29,,45,28,,"GMIK, MEN, MENM",,
13638,MEN 321,MEN,LS,Operation&Maint.of; ..,,Cumali Seçkin Mengeçin,DZB,Çarşamba,08:30/12:29,,45,8,,"GMIK, MEN, MENM",,
13640,MEN 331,MEN,LS,Workshop Training-II,,Cumali Seçkin Mengeçin,DZB,,/,,45,17,,"GMIK, MEN",,
13641,END 113E,END,LS,Int.to Industrial Eng.& Ethics,,"Ramazan Evren, Şeyda Serdar Asan",MED,Çarşamba,13:30/15:29,,80,96,,ENDE,,
13642,END 341,END,LS,İş Etüdü,,Çiğdem Altın Gümüşsoy,FEB,Salı,08:30/11:29,,92,88,,END,,
13643,ENR 301,ENR,LS,Heat Transfer,,Seyfettin Bayraktar,DZB,Cuma,08:30/11:29,,45,33,,"GEMK, GMIK, MEN, MENM, NAE",,
13644,END 341,END,LS,İş Etüdü,,Çiğdem Altın Gümüşsoy,INB,Salı,11:30/14:29,,75,72,,END,,
13645,INS 106,INS,LS,İnşaat Müh. İçin Yerbilimi,,Yılmaz Mahmutoğlu,INB,Perşembe,10:30/12:29,,60,65,,INS,,
13646,END 341E,END,LS,Work Study,,Fethi Çalışır,INB,Salı,09:30/12:29,,90,97,,"END, ENDE",,
13647,INS 106E,INS,LS,Earth Science for Civil Engin.,,Ziyadin Çakır,INB,Salı,13:30/15:29,,60,62,,"INS, INSE",,
13648,CEV 451E,CEV,LS,Water Sup.and Environ. Sanitat,,"Veysel Şadan Özgür Kırca, Gülsüm Emel Zengin Balcı",INB | INB,Perşembe | Cuma,13:30/15:29 | 11:30/12:29,,50,29,,"INS, INSE",,
13649,ENR 311,ENR,LS,Machinery Elements,,Kemal Demirel,DZB,Salı,13:30/16:29,,45,25,,"GEMK, GMIK, MEN, MENM, NAE",,
13650,INS 325,INS,LS,Demiryolu Müh.,,Hilmi Berk Çelikoğlu,INB,Cuma,14:30/16:29,,50,51,,INS,,
13651,MTM 302,MTM,LS,Onboard Training-III,,Cumali Seçkin Mengeçin,DZB,,/,,45,4,,"DUIK, MTM, MTTM",,
13652,INS 332E,INS,LS,Foundation Engineering I,,Müge Balkaya,INB | INB,Pazartesi | Perşembe,10:30/12:29 | 14:30/15:29,,55,66,,"INS, INSE",,
13653,UZB 451E,UZB,LS,Spacecraft Communications,,Mehmet Başaran,UUB,Salı,14:30/17:29,,72,95,,"UZB, UZBE, UZBM",,
13655,INS 352E,INS,LS,Hydrology,,Tarkan Erdik,INB | INB,Salı | Çarşamba,08:30/10:29 | 11:30/12:29,,50,30,,"INS, INSE, PET, PETE",,
13656,INS 419E,INS,LS,Soil Mechanics II,,"Aslı Yalçın Dayıoğlu, Gökhan Çevikbilen",INB | INB,Salı | Perşembe,10:30/12:29 | 10:30/11:29,,45,17,,"INS, INSE",,
13657,MAT 202,MAT,LS,Sayısal Yöntemler,,Mehmet Günhan Aksoylu,INB | INB,Çarşamba | Perşembe,08:30/10:29 | 15:30/16:29,,50,46,,"CEV, CHZ, DEN, EHB, ELE, ELH, ELK, GEM, GEO, GID, IML, INS, ISL, JEF, JEO, KOM, KON, MAD, MAK, MET, PET, TEK, TEL",,
13658,MAT 202,MAT,LS,Sayısal Yöntemler,,Yavuz Durgun,INB | INB,Pazartesi | Salı,08:30/10:29 | 10:30/11:29,,50,41,,"CEV, CHZ, DEN, EHB, ELE, ELH, ELK, GEM, GEO, GID, IML, INS, ISL, JEF, JEO, KOM, KON, MAD, MAK, MET, PET, TEK, TEL",,
13659,MAT 202,MAT,LS,Sayısal Yöntemler,,Yıldır Akkaya,INB | INB,Çarşamba | Perşembe,08:30/10:29 | 15:30/16:29,,50,49,,"CEV, CHZ, DEN, EHB, ELE, ELH, ELK, GEM, GEO, GID, IML, INS, ISL, JEF, JEO, KOM, KON, MAD, MAK, MET, PET, TEK, TEL",,
13660,MAT 202E,MAT,LS,Numerical Methods,,Tuba Gürbüz Büyükkayıkcı,INB | INB,Pazartesi | Salı,08:30/10:29 | 10:30/11:29,,50,55,,"BLG, BLGE, CEV, CEVE, CHZ, CHZE, DEN, DENE, EHB, EHBE, ELE, ELH, ELK, ELKE, GEM, GEME, GEMK, GEO, GEOE, GID, GIDE, IML, IMLE, INS, INSE, ISL, ISLE, JEF, JEFE, JEO, JEOE, KMM, KMME, KOM, KOME, KON, KONE, MAD, MADE, MAK, MAKE, MET, METE, MTO, MTOE, PET, PETE, TEK, TEKE, TEL, UCK, UCKE, UZB, UZBE",,
13661,MAT 202E,MAT,LS,Numerical Methods,,Atila Sezen,INB | INB,Salı | Cuma,11:30/13:29 | 10:30/11:29,,50,60,,"BLG, BLGE, CEV, CEVE, CHZ, CHZE, DEN, DENE, EHB, EHBE, ELE, ELH, ELK, ELKE, GEM, GEME, GEMK, GEO, GEOE, GID, GIDE, IML, IMLE, INS, INSE, ISL, ISLE, JEF, JEFE, JEO, JEOE, KMM, KMME, KOM, KOME, KON, KONE, MAD, MADE, MAK, MAKE, MET, METE, MTO, MTOE, PET, PETE, TEK, TEKE, TEL, UCK, UCKE, UZB, UZBE",,
13662,TES 111E,TES,LS,Project I,,İmge Akçakaya Waite,MMB | MMB,Pazartesi | Perşembe,08:30/12:29 | 08:30/12:29,,32,32,,"EUT, EUTE, EUTM, ICM, MIM, MIME, PEM, PEME, SBP, SBPE",,
13663,SBP 323,SBP,LS,Şehirsel Tasarım,,Hatice Ayataç,MMB,Pazartesi,13:30/16:29,,65,40,,SBP,,
13664,SBP 323E,SBP,LS,Urban Design,,Gülden Demet Oruç,MMB,Cuma,09:30/12:29,,65,39,,"SBPE, SBPM",,
13665,MST 321,MST,LS,Org.Mang.&Behavior; ..,,Selim Aksoy,DZB,Cuma,15:30/17:29,,45,23,,"DUIK, GEMK, GMIK, MEN, MTM, NAE",,
13667,MTM 401,MTM,LS,Cargo Handling Simulator,,Selim Aksoy,DZB,Perşembe,11:30/13:29,,45,34,,"DUIK, MTM",,
13668,MST 411,MST,LS,Marine Engines,,Cumali Seçkin Mengeçin,DZB,Salı,08:30/10:29,,45,35,,"DUIK, MTM",,
13669,MST 272,MST,LS,Marit. Human Resources Manag.,,Doğa Şanlıoğlu,DZB,Salı,17:30/19:29,,50,49,,"DUIK, GEMK, GMIK, MEN, MTM, NAE",,
13670,MST 421,MST,LS,Meteorology and Oceanography,,Ayşe Yılmaz,DZB,Çarşamba,08:30/10:29,,45,26,,"DUIK, MTM, MTTM",,
13671,MTM 421,MTM,LS,Ship Handling and Maneuvering,,Hüseyin Türkel,DZB,Perşembe,08:30/11:29,,45,38,,"DUIK, MTM",,
13672,MST 401,MST,LS,Maritime Safety,,Hakan Çap,DZB,Cuma,08:30/11:29,,55,26,,"DUIK, GMIK, MEN, MTM",,
13673,MTM 411,MTM,LS,Cargo Handling and Stowage II,,Tanzer Satır,DZB,Cuma,13:30/16:29,,45,31,,"DUIK, MTM",,
13674,ENR 321,ENR,LS,Otomatic Control Systems,,İsmail Çiçek,DZB,Pazartesi,13:30/16:29,,45,4,,"GEMK, GMIK, MEN, MENM, NAE",,
13675,ENR 212,ENR,LS,Strength of Materials I,,Erdem Üçer,DZB,Cuma,13:30/16:29,,45,20,,"GEMK, GMIK, MEN, NAE, NAEM",,
13676,MEN 431,MEN,LS,Engine Room Mangm.& Leadership,,Cumali Seçkin Mengeçin,DZB,Pazartesi,08:30/10:29,,45,22,,"GMIK, MEN, MENM",,
13677,MEN 401,MEN,LS,Oper.of Steam & Gas Turbines,,Cumali Seçkin Mengeçin,DZB,Pazartesi,13:30/17:29,,45,18,,"GMIK, MEN, MENM",,
13678,MEN 411,MEN,LS,Marine Auxialiary Machinery II,,Kemal Demirel,DZB,Çarşamba,08:30/11:29,,45,17,,"GEMK, GMIK, MEN, MENM, NAE",,
13679,MEN 421,MEN,LS,Marine Diesel Engines III,,Fahrettin Küçükşahin,DZB,Perşembe,11:30/14:29,,45,17,,"GMIK, MEN, MENM",,
13680,MST 461,MST,LS,Terminal & Tanker Operations,,Tanzer Satır,DZB,Çarşamba,17:30/19:29,,50,46,,"DUIK, GEMK, GMIK, MEN, MTM, NAE",,
13681,MIM 212,MIM,LS,Mimari Proje IV,,Ayşe Defne Önen,MMB | MMB,Pazartesi | Perşembe,13:30/17:29 | 13:30/17:29,,2,3,,MIM,,
13682,MIM 351,MIM,LS,Mimari Proje V,,Ayşe Defne Önen,MMB | MMB,Pazartesi | Perşembe,13:30/17:29 | 13:30/17:29,,22,23,,MIM,,
13684,MIM 411,MIM,LS,Mimari Proje VII,,Nurbin Paker Kahvecioğlu,MMB | MMB,Pazartesi | Perşembe,13:30/17:29 | 13:30/17:29,,18,18,,MIM,,
13685,MEN 302,MEN,LS,Onboard Training,,Cumali Seçkin Mengeçin,DZB,,/,,45,11,,"GMIK, MEN, MENM",,
13686,MTM 402,MTM,LS,Graduation Design Project,,Cumali Seçkin Mengeçin,DZB,,/,,45,12,,"DUIK, MTM",,
13687,MEN 402,MEN,LS,Graduation Design Project,,Cumali Seçkin Mengeçin,DZB,,/,,45,2,,"GMIK, MEN",,
13688,MIM 461,MIM,LS,Özürlüler ve Yaş.İçin Çev.Tas,,Göksenin İnalhan,MMB,Çarşamba,12:30/15:29,,25,22,,"EUT, ICM, MIM, PEM, SBP",,
13689,MIM 372E,MIM,LS,Utl.ofConcrete Tech.in Arch,,Mehmet Serkan Yatağan,MMB,Cuma,09:30/12:29,,25,29,,"EUTE, ICM, MIM, MIME, PEME, SBP, SBPE",,
13690,MIM 497E,MIM,LS,Time Mng.in Building Prod.,,Bahriye İlhan,MMB,Salı,09:30/12:29,,25,26,,"MIM, MIME",,
13691,MIM 312,MIM,LS,Mimari Proje VI,,Nurbin Paker Kahvecioğlu,MMB | MMB,Pazartesi | Perşembe,13:30/17:29 | 13:30/17:29,,4,4,,MIM,,
13692,DEN 441E,DEN,LS,Marine Structures Project I,,"Hakan Akyıldız, Burak Karacık, Kadir Sarıöz",GDB,Cuma,13:30/15:29,,40,7,,"DEN, DENE",,
13693,GMI 384E,GMI,LS,Engine Room Simulator (ERS) I,,Kadir Çiçek,DZB,Perşembe,08:30/11:29,,17,17,,"GMI, GMIE",,
13725,SBP 245E,SBP,LS,Urban Tranportation,,Eda Beyazıt,MMB,Salı,09:30/12:29,,65,50,,"SBPE, SBPM",,
13768,MAK 211E,MAK,LS,Probability and Statistics,,Hacı Abdullah Taşdemir,MKB,Salı,09:30/12:29,,80,81,,"IML, MAK",,
13769,MAK 4071E,MAK,LS,Introduction to Robotics,,Zeki Yağız Bayraktaroğlu,MKB | MKB,Salı | Perşembe,15:30/17:29 | 14:30/15:29,,50,40,,"IML, IMLE, MAK, MAKE, MKN",,
13784,INS 101,INS,LS,Teknik Resim,,Sabahat Topuz Kiremitçi,MDB | MDB,Salı | Perşembe,08:30/10:29 | 11:30/12:29,,70,69,,INS,,
13788,INS 101,INS,LS,Teknik Resim,,Sabahat Topuz Kiremitçi,INB | INB,Pazartesi | Çarşamba,10:30/12:29 | 12:30/13:29,,60,60,,INS,,
13790,INS 101,INS,LS,Teknik Resim,,Sabahat Topuz Kiremitçi,INB | INB,Perşembe | Cuma,12:30/13:29 | 10:30/12:29,,60,25,,INS,,
13797,CEV 492,CEV,LS,Bitirme Tasarım Projesi,,İsmail Toröz,---,,/,,500,13,,CEV,,
13798,INS 101,INS,LS,Teknik Resim,,Bahattin Kimençe,INB | INB,Perşembe | Cuma,08:30/10:29 | 15:30/16:29,,60,10,,INS,,
13800,INS 101,INS,LS,Teknik Resim,,Çağlar Akkaya,INB | INB,Pazartesi | Salı,15:30/16:29 | 14:30/16:29,,60,21,,INS,,
13802,INS 101E,INS,LS,Technical Drawing,,Çağlar Akkaya,INB | INB,Salı | Çarşamba,12:30/13:29 | 10:30/12:29,,60,63,,"INS, INSE",,
13804,BIO 207EL,BIO,LS,Cell Biology Lab.,,Aslı Kumbasar,FEB,Salı,09:30/12:29,,83,81,,"BIO, BIOE, BIOM",,
13807,BIO 315E,BIO,LS,Biochemistry I,,Nevin Gül-Karagüler,FEB,Salı,14:30/17:29,,80,46,,"BIO, BIOE, BIOM",,
13808,BIO 315EL,BIO,LS,Biochemistry I Lab.,,Nevin Gül-Karagüler,FEB,Cuma,14:30/17:29,,80,53,,"BIO, BIOE",,
13812,CEV 492E,CEV,LS,Graduation Design Project,,İsmail Toröz,---,,/,,500,7,,"CEV, CEVE",,
13827,JDF 241,JDF,LS,Davranış Bilimlerine Giriş,,Mehmet Ufuk Özerman,INB,Cuma,08:30/09:29,,20,3,,GEO,,
13860,ECN 201E,ECN,LS,Intermediate Microeconomics,,Shourjo Chakravorty,INB,Cuma,08:30/12:29,,80,95,,"ECNE, ECNM",,
13861,TEK 492E,TEK,LS,Senior Design Project,,Ömer Berk Berkalp,---,,/,,500,31,,"TEK, TEKE",,
13874,GMI 352,GMI,LS,Isı Geçişi,,Münir Süner,DZB,Perşembe,08:30/11:29,,50,54,,GMI,,
13875,GMI 352,GMI,LS,Isı Geçişi,,Münir Süner,DZB,Perşembe,14:30/17:29,,50,20,,GMI,,
13901,BIO 468E,BIO,LS,Current Topics in Ecology,,Hasan Nüzhet Dalfes,FEB,Salı,14:30/17:29,,30,30,,"BIO, BIOE, BIOM",,
13902,SES 409,SES,LS,Korrepetisyon VII,,"Gülşah Sönmez, Alin Aylin Yağcıoğlu",TMB,,/,,5,1,,SES,,
13903,SES 409,SES,LS,Korrepetisyon VII,,--,TMB,,/,,0,0,,SES,,
13904,SES 409,SES,LS,Korrepetisyon VII,,--,TMB,,/,,0,0,,SES,,
13905,CAB 278,CAB,LS,Piyano IV,,Devlet Devrim Öztaş,TMB,Çarşamba,13:30/15:29,,10,9,,"MTR, MUT, SES",,
13906,TEB 3625,TEB,LS,Çalgı V (Keman),,Ali Cihat Aşkın,TMB,Çarşamba,10:30/12:29,,5,1,,TEB,,
13907,TEB 3311,TEB,LS,Orgonology,,Serkan Şener,TMB,Salı,13:30/15:29,,10,1,,TEB,,
13908,TEB 2122,TEB,LS,Piyano III,,Mehru Ensari,TMB,Çarşamba,08:30/10:29,,10,4,,TEB,,
13909,TEB 4116,TEB,LS,Türk Halk Müziği Bilgileri,,Süleyman Şenel,TMB | TMB,Pazartesi | Cuma,10:30/12:29 | 15:30/17:29,,10,2,,"SES, TEB",,
13910,MTR 205,MTR,LS,Müzik Teorileri Tarihi I,,Gülay Karamahmutoğlu,TMB,Cuma,10:30/12:29,,10,8,,"MTR, MTRM",,
13911,MTR 222,MTR,LS,Makam Teorisi IV,,Göktan Ay,TMB | TMB,Pazartesi | Çarşamba,08:30/10:29 | 13:30/15:29,,5,1,,THO,,
13912,THO 204,THO,LS,Türk Halk Oyunları II,,Salim Sınar,TMB | TMB,Pazartesi | Çarşamba,10:30/12:29 | 10:30/12:29,,10,1,,THO,,
13913,CAB 432,CAB,LS,Keman VIII,,Ali Cihat Aşkın,TMB,,/,,5,1,,CAB,,
13914,SES 4114,SES,LS,Türk Sanat Müziği Repert. II,,Gülşah Sönmez,TMB,Perşembe,15:30/17:29,,5,1,,SES,,
13915,SES 1122,SES,LS,Piyano II,,Sıtkı Kandemir Basmacıoğlu,TMB,Pazartesi,15:30/17:29,,5,1,,SES,,
13916,INS 228,INS,LS,Yapı Malzemesi,,Özkan Şengül,INB | INB,Pazartesi | Salı,08:30/10:29 | 13:30/15:29,,50,27,,INS,,
13917,INS 464E,INS,LS,Substr.in Transportation Eng.,,Ali Osman Atahan,INB | INB,Salı | Perşembe,10:30/12:29 | 11:30/12:29,,45,47,,"INS, INSE",,
13920,EKO 201E,EKO,LS,Economics,,Sinan Ertemel,FEB,Pazartesi,08:30/11:29,,125,275,,"BLG, BLGE, CEV, CEVE, CHZ, CHZE, DEN, DENE, EHBE, ELE, ELH, ELK, ELKE, END, ENDE, EUT, EUTE, FIZ, GEM, GEME, GEMK, GEO, GEOE, GID, GIDE, ICM, IML, IMLE, INS, INSE, JDF, JEF, JEO, JEOE, KMM, KMME, KOM, KOME, MAD, MADE, MAK, MAKE, MAT, MATE, MET, METE, MIM, MIME, MTO, MTOE, PEM, PEME, PET, PETE, SBP, SBPE, TEK, TEKE, TEL, UCK, UCKE, UZB, UZBE",,
13921,EKO 201E,EKO,LS,Economics,,Aysun Aygün,FEB,Perşembe,08:30/11:29,,125,263,,"BLG, BLGE, CEV, CEVE, CHZ, CHZE, DEN, DENE, EHBE, ELE, ELH, ELK, ELKE, END, ENDE, EUT, EUTE, FIZ, GEM, GEME, GEMK, GEO, GEOE, GID, GIDE, ICM, IML, IMLE, INS, INSE, JDF, JEF, JEO, JEOE, KMM, KMME, KOM, KOME, MAD, MADE, MAK, MAKE, MAT, MATE, MET, METE, MIM, MIME, MTO, MTOE, PEM, PEME, PET, PETE, SBP, SBPE, TEK, TEKE, TEL, UCK, UCKE, UZB, UZBE",,
13935,MAT 331E,MAT,LS,Partial Differential Equations,,Kamil Oruçoğlu,FEB,Cuma,13:30/17:29,,70,70,,"MAT, MATE, MATM",,
13950,GEO 303,GEO,LS,Kadastro Bilgisi,,Mustafa Yanalak,INB,Salı,14:30/16:29,,50,29,,GEO,,
13951,MUZ 437,MUZ,LS,Bibliyografya Çalışmaları,,Eray Cömert,TMB,Cuma,09:30/12:29,,10,1,,MUZ,,
13952,MAT 261,MAT,LS,Lineer Cebir,,Kadir Özakgül,MED,Çarşamba,12:30/15:29,,105,108,,"BIO, CHZ, DEN, ELH, END, FIZ, GEM, GEO, INS, ISL, JDF, JEF, KMM, MAD, MTO, TEK, UCK, UZB, UZBM",,
13953,MTO 438,MTO,LS,Havacılık Meteorolijisi,,Şükran Sibel Menteş,UUB,Salı,11:30/14:29,,35,12,,MTO,,
13954,ISL 355E,ISL,LS,Econometrics,,Raziye Selim,EEB,Cuma,13:30/16:29,,75,63,,"END, ENDE, ISL, ISLE",,
13955,MRE 343,MRE,LS,Ship Sys.III:Mar. Disl Eng.I,,Fırat Bolat,DZB,Pazartesi,09:30/13:29,,10,2,,SGM,,
14197,MUZ 442,MUZ,LS,Seminer IV,,Serhan Dilhan Konan,TMB,Pazartesi,13:30/15:29,,10,8,,MUZ,,
14198,END 311E,END,LS,Statistics,,Çiğdem Kadaifçi,EEB,Perşembe,14:30/17:29,,65,57,,"END, ENDE",,
14199,END 322E,END,LS,System Simulation,,Ömer Faruk Beyca,EEB,Perşembe,14:30/17:29,,85,90,,"END, ENDE",,
14207,INS 360E,INS,LS,Hydraulics,,Hafzüllah Aksoy,INB | INB,Pazartesi | Perşembe,08:30/10:29 | 10:30/12:29,,55,62,,"CEV, CEVE, INS, INSE",,
14211,ITA 101,ITA,LS,İtalyanca I,,Valentina Elmetti,DIB,Perşembe,08:30/12:29,,25,25,,Tüm Lisans ve Lisansüstü Programlar,,
14249,FIZ 411E,FIZ,LS,Electromagnetik Theory I,,Ömer Faruk Dayı,FEB | FEB | FEB,Salı | Perşembe | Cuma,08:30/10:29 | 08:30/10:29 | 10:30/11:29,,75,60,,"FIZ, FIZE, FIZM",,
14253,FIZ 310E,FIZ,LS,Statistical Phy. & Thermodyn.,,Ferid Salehli,FEB | FEB | FEB,Salı | Çarşamba | Perşembe,10:30/12:29 | 11:30/12:29 | 10:30/12:29,,60,35,,"FIZ, FIZE",,
14280,KIM 471E,KIM,LS,Organic Chemistry III,,Ayşe Özdemir,MED,Perşembe,08:30/11:29,,40,34,,"KIM, KIME",,
14281,KIM 484,KIM,LS,Anorganik Kimya III,,"Esin Hamuryudan, Zehra Bayır",FEB,Çarşamba,12:30/15:29,,30,7,,KIM,,
14282,MTH 101,MTH,LS,Calculus I,,Samet Yücel Kadıoğlu,EEB | MED,Pazartesi | Salı,15:30/17:29 | 08:30/11:29,,25,20,,SBL,,
14283,PHY 127,PHY,LS,Physics,,Demet Aktaş,EEB,Salı,14:30/17:29,,45,19,,SBL,,
14284,PHY 127L,PHY,LS,Physics Lab,,Demet Aktaş,FEB,Çarşamba,13:30/15:29,,45,17,,SBL,,
14285,ULP 101,ULP,LS,NewBeg.Fresh.Sem.&Se..,,Tanzer Satır,---,Pazartesi,18:30/20:29,,3,3,,"MBI, MCB, SBL, SCE, SDU, SEK, SEN, SGM, SIN, SIS, SMT, STP",,
14286,ULP 101,ULP,LS,NewBeg.Fresh.Sem.&Se..,,"Hatice Camgöz Akdağ, Mahmut Kabakcı",---,Pazartesi,18:30/20:29,,6,6,,"MBI, MCB, SBL, SCE, SDU, SEK, SEN, SGM, SIN, SIS, SMT, STP",,
14287,ULP 101,ULP,LS,NewBeg.Fresh.Sem.&Se..,,Esra Özkan Zayim,---,Pazartesi,18:30/20:29,,6,6,,"MBI, MCB, SBL, SCE, SDU, SEK, SEN, SGM, SIN, SIS, SMT, STP",,
14288,ULP 101,ULP,LS,NewBeg.Fresh.Sem.&Se..,,Ebru Dülekgürgen,---,Pazartesi,18:30/20:29,,6,6,,"MBI, MCB, SBL, SCE, SDU, SEK, SEN, SGM, SIN, SIS, SMT, STP",,
14289,ULP 101,ULP,LS,NewBeg.Fresh.Sem.&Se..,,Esra Ece Bayat,---,Pazartesi,18:30/20:29,,6,5,,"MBI, MCB, SBL, SCE, SDU, SEK, SEN, SGM, SIN, SIS, SMT, STP",,
14290,ULP 101,ULP,LS,NewBeg.Fresh.Sem.&Se..,,Gaye Karaçay Aydın,---,Pazartesi,18:30/20:29,,6,6,,"MBI, MCB, SBL, SCE, SDU, SEK, SEN, SGM, SIN, SIS, SMT, STP",,
14291,ULP 101,ULP,LS,NewBeg.Fresh.Sem.&Se..,,Aytekin Çökelez,---,Pazartesi,18:30/20:29,,6,6,,"MBI, MCB, SBL, SCE, SDU, SEK, SEN, SGM, SIN, SIS, SMT, STP",,
14292,ULP 101,ULP,LS,NewBeg.Fresh.Sem.&Se..,,İbrahim Akduman,---,Pazartesi,18:30/20:29,,6,6,,"MBI, MCB, SBL, SCE, SDU, SEK, SEN, SGM, SIN, SIS, SMT, STP",,
14293,ULP 101,ULP,LS,NewBeg.Fresh.Sem.&Se..,,Ertuğrul Karaçuha,---,Pazartesi,18:30/20:29,,6,6,,"MBI, MCB, SBL, SCE, SDU, SEK, SEN, SGM, SIN, SIS, SMT, STP",,
14294,ULP 101,ULP,LS,NewBeg.Fresh.Sem.&Se..,,İsmail Yılmaz Taptık,---,Pazartesi,18:30/20:29,,6,6,,"MBI, MCB, SBL, SCE, SDU, SEK, SEN, SGM, SIN, SIS, SMT, STP",,
14295,ULP 101,ULP,LS,NewBeg.Fresh.Sem.&Se..,,Melek Mümine Erol Taygun,---,Pazartesi,18:30/20:29,,7,7,,"MBI, MCB, SBL, SCE, SDU, SEK, SEN, SGM, SIN, SIS, SMT, STP",,
14296,ULP 101,ULP,LS,NewBeg.Fresh.Sem.&Se..,,Nurdil Eskin,---,Pazartesi,18:30/20:29,,6,6,,"MBI, MCB, SBL, SCE, SDU, SEK, SEN, SGM, SIN, SIS, SMT, STP",,
14297,ULP 101,ULP,LS,NewBeg.Fresh.Sem.&Se..,,Osman Atilla Arıkan,---,Pazartesi,18:30/20:29,,6,6,,"MBI, MCB, SBL, SCE, SDU, SEK, SEN, SGM, SIN, SIS, SMT, STP",,
14298,ULP 101,ULP,LS,NewBeg.Fresh.Sem.&Se..,,Şerif Bahtiyar,---,Pazartesi,18:30/20:29,,5,5,,"MBI, MCB, SBL, SCE, SDU, SEK, SEN, SGM, SIN, SIS, SMT, STP",,
14299,ULP 101,ULP,LS,NewBeg.Fresh.Sem.&Se..,,Yılmaz Akkaya,---,Pazartesi,18:30/20:29,,5,5,,"MBI, MCB, SBL, SCE, SDU, SEK, SEN, SGM, SIN, SIS, SMT, STP",,
14300,STA 204,STA,LS,Statik ve Mukavemet,,Ali Nuri Doğruoğlu,INB,Cuma,08:30/11:29,,50,30,,"CEV, EHB, ELE, ELH, ELK, EUT, GID, ISL, KMM, KOM, KON, MET, MTO, PET, TEL",,
14301,STA 204E,STA,LS,Statics&Strength; of Materials,,"Akif Kutlu, Osman Bulut",INB,Cuma,08:30/11:29,,70,69,,"CEV, CEVE, EHB, EHBE, ELE, ELH, ELK, ELKE, EUT, EUTE, GID, GIDE, ISL, ISLE, JEF, KMM, KMME, KOM, KOME, KON, KONE, MET, METE, MTO, PET, PETE, TEL",,
14467,JEF 321,JEF,LS,Elektrik Prospeksiyon,,Doğa Doğan,MDB,Perşembe,08:30/12:29,,80,21,,"JEF, JEFM",,
14468,JEF 326,JEF,LS,Jeotermal Aramalar,,Doğa Doğan,MDB,Cuma,08:30/11:29,,15,23,,"JEF, JEFM",,
14469,PET 492E,PET,LS,Graduation Project,,Ömer İnanç Türeyen,---,,/,,500,13,,"PET, PETE",,
14470,TEK 456E,TEK,LS,Textile Finishing Auxiliaries,,Umut Kıvanç Şahin,MKB,Cuma,13:30/16:29,,30,8,,"TEK, TEKE",,
14471,TEK 459E,TEK,LS,Garment Pattern Making inAppar,,Belgin Görgün,MKB,Pazartesi,09:30/12:29,,30,16,,"TEK, TEKE",,
14472,TEK 483E,TEK,LS,Motion and Time Study,,--,MKB,Cuma,13:30/16:29,,0,0,,"TEK, TEKE",,
14473,TEK 485E,TEK,LS,Cost Accounting,,--,MKB,Pazartesi,09:30/12:29,,0,0,,TEKE,,
14505,ULP 101,ULP,LS,NewBeg.Fresh.Sem.&Se..,,Sinan Ertemel,---,Pazartesi,18:30/20:29,,6,6,,"MBI, MCB, SBL, SCE, SDU, SEK, SEN, SGM, SIN, SIS, SMT, STP",,
14520,JEO 347E,JEO,LS,Applied Rock Mechanics,,Cengiz Zabcı,MDB,Salı,12:30/15:29,,20,22,,"JEO, JEOE",,
14526,JEO 431E,JEO,LS,Engineering Geology,,Cengiz Zabcı,MDB,Salı,08:30/12:29,,20,11,,"JEO, JEOE",,
14528,JEO 339,JEO,LS,Maden Yatakları,,Yüksel Örgün Tutay,MDB,Cuma,14:30/17:29,,40,21,,"JEO, JEOM",,
14530,JEO 446E,JEO,LS,Enviromental Geochemistry,,Nurgül Çelik Balcı,MDB,Pazartesi,14:30/17:29,,20,3,,"JEO, JEOE, PETE",,
14533,KIM 212E,KIM,LS,Instrumental Analytic. Methods,,"Ayşegül Gölcü, Gülçin Yılmaz, İpek Becerik",FEB | FEB,Pazartesi | Salı,11:30/13:29 | 11:30/13:29,,30,15,,"KIM, KIME",,
14534,ECN 492E,ECN,LS,Graduation Project,,Bülent Güloğlu,---,,/,,500,10,,ECNE,,
14535,SNT 214,SNT,LS,"Performans, Müzik ve Dans",,Zeynep Gonca Girgin,TMB,Salı,13:30/16:29,,25,25,,"BIO, BLG, CEV, CHZ, DEN, DUI, EHB, ELE, ELH, ELK, END, EUT, FIZ, GEM, GEO, GID, GMI, ICM, IML, INS, ISL, JDF, JEF, JEO, KIM, KMM, KOM, MAD, MAK, MAT, MET, MIM, MTO, PEM, PET, SBP, TEK, TEL, UCK, UZB",,
14536,CAB 796,CAB,LS,20-21.yy Saz Eserleri Rep.,,Lale Akay,TMB,Pazartesi,10:30/12:29,,5,5,,CAB,,
14545,CAB 432,CAB,LS,Keman VIII,,Ahmet Hakan Şensoy,TMB,,/,,5,1,,CAB,,
14548,CAB 1115,CAB,LS,Piyano I,,Mehru Ensari,TMB,Pazartesi,15:30/17:29,,5,1,,CAB,,
14568,KON 224,KON,LS,Ölçme ve Enstrümantasyon,,Yücel Aydın,EEB,Çarşamba,12:30/15:29,,60,30,,"EHB, ELE, ELH, ELK, TEL",,
14574,EHB 235,EHB,LS,Kompleks Fonk Teorisi,,Ali Yapar,EEB,Çarşamba,12:30/15:29,,70,65,,EHB,,
14575,EHB 235E,EHB,LS,Theory of Complex Functions,,Mehmet Nuri Akıncı,EEB,Çarşamba,12:30/15:29,,70,62,,"EHB, EHBE",,
14576,BLG 252E,BLG,LS,Object Oriented Programming,,Tankut Akgül,EEB,Salı,08:30/11:29,,40,22,,"EHB, EHBE, TEL",,
14577,ATA 102,ATA,LS,Atatürk İlk & İnkılap Trh II,,Pelin Helvacı,DZB,Çarşamba,11:30/13:29,,70,70,,"DUI, DUIE, GMI, GMIE",,
14594,ATA 102,ATA,LS,Atatürk İlk & İnkılap Trh II,,Kadir Kon,MED,Pazartesi,14:30/16:29,,50,49,,"BIO, BIOE, BLG, BLGE, CEV, CEVE, CHZ, CHZE, DEN, DENE, ECNE, EHB, EHBE, EHN, ELE, ELH, ELK, ELKE, END, ENDE, EUT, EUTE, FIZ, FIZE, GEM, GEME, GEMK, GEO, GEOE, GID, GIDE, ICM, IML, IMLE, INS, INSE, ISL, ISLE, JDF, JEF, JEFE, JEO, JEOE, KIM, KIME, KMM, KMME, KOM, KOME, MAD, MADE, MAK, MAKE, MAT, MATE, MET, METE, MIM, MIME, MTO, MTOE, PEM, PEME, PET, PETE, SBP, SBPE, SEH, TEK, TEKE, TEL, THO, UCK, UCKE, UZB, UZBE",,
14597,ATA 102,ATA,LS,Atatürk İlk & İnkılap Trh II,,Emin Alp Malkoç,MKB,Perşembe,15:30/17:29,,75,24,,"BIO, BIOE, BLG, BLGE, CEV, CEVE, CHZ, CHZE, DEN, DENE, ECNE, EHB, EHBE, EHN, ELE, ELH, ELK, ELKE, END, ENDE, EUT, EUTE, FIZ, FIZE, GEM, GEME, GEMK, GEO, GEOE, GID, GIDE, ICM, IML, IMLE, INS, INSE, ISL, ISLE, JDF, JEF, JEFE, JEO, JEOE, KIM, KIME, KMM, KMME, KOM, KOME, MAD, MADE, MAK, MAKE, MAT, MATE, MET, METE, MIM, MIME, MTO, MTOE, PEM, PEME, PET, PETE, SBP, SBPE, SEH, TEK, TEKE, TEL, THO, UCK, UCKE, UZB, UZBE",,
14599,ATA 101,ATA,LS,Atatürk İlk & İnkılap Trh I,,Seda Bayındır Uluskan,MKB,Pazartesi,11:30/13:29,,30,17,,"MBI, MCB, SBL, SCE, SEK, SEN, SIN, SIS, SMT, STP",,
14603,ATA 101,ATA,LS,Atatürk İlk & İnkılap Trh I,,İsmail Kandil,MED,Pazartesi,11:30/13:29,,30,21,,"MBI, MCB, SBL, SCE, SEK, SEN, SIN, SIS, SMT, STP",,
14605,ATA 101,ATA,LS,Atatürk İlk & İnkılap Trh I,,Mehmet Ali Doğan,MED,Pazartesi,11:30/13:29,,30,26,,"MBI, MCB, SBL, SCE, SEK, SEN, SIN, SIS, SMT, STP",,
14606,ATA 101,ATA,LS,Atatürk İlk & İnkılap Trh I,,Necdet Öz,MED,Pazartesi,11:30/13:29,,30,14,,"MBI, MCB, SBL, SCE, SEK, SEN, SIN, SIS, SMT, STP",,
14607,ATA 101,ATA,LS,Atatürk İlk & İnkılap Trh I,,Yusuf Ziya Altıntaş,MED,Pazartesi,11:30/13:29,,30,14,,"MBI, MCB, SBL, SCE, SEK, SEN, SIN, SIS, SMT, STP",,
14609,ATA 102,ATA,LS,Atatürk İlk & İnkılap Trh II,,Kadir Kon,MED,Pazartesi,11:30/13:29,,30,6,,"MBI, MCB, SBL, SCE, SEK, SEN, SIN, SIS, SMT, STP",,
14628,MTR 205,MTR,LS,Müzik Teorileri Tarihi I,,Gülay Karamahmutoğlu,TMB,Cuma,13:30/15:29,,30,8,,"MTR, MTRM",,
14629,MTR 302,MTR,LS,İleri Makam Teorisi II,,Şerife Güvençoğlu,TMB | TMB,Salı | Perşembe,10:30/12:29 | 10:30/12:29,,30,7,,MTR,,
14630,THO 4122,THO,LS,Oyun Analizi II,,Ahmet Turan Demirbağ,TMB | TMB,Pazartesi | Perşembe,10:30/12:29 | 10:30/12:29,,15,3,,THO,,
14631,MTR 204,MTR,LS,Müzik Teorisi IV,,Ufuk Biçak,TMB | TMB | TMB,Pazartesi | Perşembe | Cuma,15:30/17:29 | 13:30/15:29 | 13:30/15:29,,30,13,,"MTR, MUT, MUZ, SES",,
14637,TES 211E,TES,LS,Project III,,Özlem Berber Özkendirci,MMB | MMB,Pazartesi | Perşembe,13:30/17:29 | 13:30/17:29,,21,21,,"MIM, MIME",,
14638,GEO 106E,GEO,LS,Fundamentals of Programming,,Ergin Tarı,INB | INB,Pazartesi | Pazartesi,08:30/10:29 | 10:30/12:29,,40,23,,"GEO, GEOE, JDF",,
14639,GEO 317,GEO,LS,Arazi Modelleme,,Cengizhan İpbüker,INB,Salı,11:30/14:29,,30,24,,"GEO, JDF",,
14640,ISL 4901,ISL,LS,İşletme Müh. Tasarım Projesi I,,Mahmut Kabakcı,ISB,,/,,5,2,,ISL,,
14641,GMI 427E,GMI,LS,Mechatronics,,Gazi Koçak,DZB,Pazartesi,09:30/11:29,,35,11,,"GMI, GMIE",,
14642,GMI 409E,GMI,LS,Computer Aided Solid Design,,Yalçın Durmuşoğlu,DZB,Pazartesi,09:30/11:29,,30,13,,"GMI, GMIE",,
14643,GMI 408E,GMI,LS,Cargo Pumps,,Vural Ateş,DZB,Pazartesi,11:30/13:29,,60,60,,"GMI, GMIE",,
14644,GMI 323,GMI,LS,Makine Elemanları,,--,DZB,Pazartesi,08:30/11:29,,0,0,,GMI,,
14650,MET 477E,MET,LS,Intro. to Electrometallurgy,,"Cüneyt Arslan, Sebahattin Gürmen",KMB,Çarşamba,08:30/10:29,,60,19,,"MET, METE",,
14651,MET 315E,MET,LS,Fund. of Physical Metallurgy,,Burak Özkal,KMB,Pazartesi,13:30/16:29,,70,51,,"MET, METE",,
14667,DUI 371E,DUI,LS,Watchkeeping II,,Oğuzhan Gürel,DZB,Çarşamba,10:30/13:29,,45,24,,DUI,,
14668,DUI 371E,DUI,LS,Watchkeeping II,,Oğuzhan Gürel,DZB,Salı,08:30/11:29,,50,33,,DUI,,
14669,DUI 371E,DUI,LS,Watchkeeping II,,Oğuzhan Gürel,DZB,Salı,11:30/14:29,,50,28,,DUI,,
14670,DUI 305E,DUI,LS,Ship Hndl.and Manouvering,,Emre Akyüz,DZB,Pazartesi,13:30/16:29,,45,17,,DUI,,
14671,DUI 305E,DUI,LS,Ship Hndl.and Manouvering,,Emre Akyüz,DZB,Perşembe,14:30/17:29,,58,55,,DUI,,
14672,DUI 451E,DUI,LS,Cargo Handling Simulator,,Elif Bal Beşikçi,DZB,Cuma,10:30/12:29,,35,18,,"DUI, DUIE",,
14673,DUI 215E,DUI,LS,Terrestrial Navigation,,Orhan Gönel,DZB,Perşembe,14:30/17:29,,40,22,,"DUI, DUIE",,
14676,DUI 103E,DUI,LS,Seamanship,,Orhan Gönel,DZB | DZB,Cuma | Cuma,11:30/12:29 | 14:30/17:29,,60,39,,"DUI, DUIE",,
14678,DUI 392E,DUI,LS,Long Term SeaTraining(6Months),,Elif Bal Beşikçi,DZB,,/,,100,10,,DUI,,
14680,DUI 461E,DUI,LS,Ship Surveying Procedures,,Fırat Bolat,DZB,Çarşamba,09:30/11:29,,50,50,,"DUI, DUIE",,
14682,DFH 231E,DFH,LS,Transportation Systems,,Pelin Bolat,DZB,Pazartesi,08:30/10:29,,35,11,,"DUI, DUIE",,
14684,DFH 321E,DFH,LS,Org.Mngt &Behavior; ..,,Leyla Tavacıoğlu,DZB,Salı,11:30/13:29,,45,17,,"DUI, DUIE",,
14686,DUI 301E,DUI,LS,E-Navigation Systems,,Elif Bal Beşikçi,DZB,Çarşamba,08:30/11:29,,45,24,,"DUI, DUIE",,
14700,DUI 321,DUI,LS,Deniz Hukuku I,,Hakan Muran,DZB,Pazartesi,15:30/17:29,,50,23,,"DUI, DUIE",,
14705,DUI 241,DUI,LS,Deniz Eğitimi I,,Özcan Arslan,DZB,,/,,21,21,,DUI,,
14708,MAL 201,MAL,LS,Malzeme Bilimi,,Cevat Fahir Arısoy,KMB,Cuma,09:30/12:29,,40,35,,"GID, KMM",,
14709,ATA 102,ATA,LS,Atatürk İlk & İnkılap Trh II,,Burcu Kurt Yöney,INB,Çarşamba,08:30/10:29,,75,74,,"BIO, BIOE, BLG, BLGE, CEV, CEVE, CHZ, CHZE, DEN, DENE, DUI, DUIE, ECNE, EHB, EHBE, EHN, ELE, ELH, ELK, ELKE, END, ENDE, EUT, EUTE, FIZ, FIZE, GEM, GEME, GEMK, GEO, GEOE, GID, GIDE, GMI, GMIE, ICM, IML, IMLE, INS, INSE, ISL, ISLE, JDF, JEF, JEFE, JEO, JEOE, KIM, KIME, KMM, KMME, KOM, KOME, MAD, MADE, MAK, MAKE, MAT, MATE, MBI, MCB, MET, METE, MIM, MIME, MTO, MTOE, PEM, PEME, PET, PETE, SBL, SBP, SBPE, SCE, SDU, SEH, SEK, SEN, SGM, SIN, SIS, SMT, STP, TEK, TEKE, TEL, THO, UCK, UCKE, UZB, UZBE",,
14710,CAB 442,CAB,LS,Piyano VIII,,Mehru Ensari,TMB,,/,,5,1,,CAB,,
14711,FIZ 313E,FIZ,LS,Modern Physics,,Hakan Özgür Özer,FEB | FEB | FEB,Pazartesi | Çarşamba | Cuma,08:30/10:29 | 08:30/10:29 | 08:30/09:29,,75,46,,"FIZ, FIZE, FIZM",,
14712,BLG 463E,BLG,LS,Innov. Leadership in Comp.Eng.,,Alper Almelek,MDB,Perşembe,12:30/15:29,,25,17,,"BLG, BLGE",,
14720,MCH 100L,MCH,LS,Maritime Chemistry Laboratory,,Yasin Arslanoğlu,DZB,Salı,17:30/19:29,,31,31,,"DUIK, GEMK, GMIK, MEN, MTM, NAE",,
14725,CIE 305,CIE,LS,Fundamentals of Geomatics,,Himmet Karaman,INB | INB,Pazartesi | Salı,08:30/11:29 | 08:30/10:29,,40,18,,SIN,,
14726,CIE 307,CIE,LS,Structural Analysis,,Burcu Güneş,INB | INB,Salı | Perşembe,10:30/12:29 | 08:30/11:29,,40,19,,SIN,,
14727,CIE 329,CIE,LS,Civil Engineering Materials,,Yılmaz Akkaya,INB | INB,Pazartesi | Salı,14:30/16:29 | 13:30/16:29,,40,17,,SIN,,
14729,CIE 354,CIE,LS,Fluid Mechanics,,İsmail Duranyıldız,INB,Cuma,08:30/11:29,,40,17,,"SCE, SIN",,
14730,CIE 308,CIE,LS,Engineering Statistics,,Kemal Selçuk Öğüt,INB | INB,Pazartesi | Perşembe,13:30/14:29 | 13:30/15:29,,40,20,,SIN,,
14732,DEN 319E,DEN,LS,Intr. to Marine Ecolo. Process,,Oya Okay,GDB,Pazartesi,14:30/17:29,,15,14,,"DEN, DENE",,
14735,MST 201,MST,LS,Ship Construction & Stability,,--,DZB | DZB,Çarşamba | Perşembe,13:30/15:29 | 08:30/10:29,,0,0,,"DUIK, GMIK, MEN, MTM",,
14737,CAB 446,CAB,LS,Kanun VIII,,Ayşegül Kostak Toksoy,TMB,,/,,5,1,,CAB,,
14741,CAB 764,CAB,LS,Toplu Uygulama VIII (THM),,Haydar Tanrıverdi,TMB | TMB,Pazartesi | Cuma,15:30/17:29 | 13:30/15:29,,25,1,,"CAB, CGM1, CGM2, CGM3, CGM4, CGM5, CGM8",,
14752,GEM 322E,GEM,LS,Strength of Ships,,Gökhan Tansel Tayyar,GDB | GDB,Salı | Çarşamba,10:30/12:29 | 13:30/15:29,,20,1,,"GEME, GEMK",,
14753,SNT 103E,SNT,LS,Drawing,,Nihal Mete,MMB,Salı,08:30/11:29,,15,15,,"BIO, BIOE, BLG, BLGE, CEV, CEVE, CHZ, CHZE, DEN, DENE, ECNE, EHB, EHBE, ELE, ELH, ELK, ELKE, END, ENDE, EUT, EUTE, FIZ, FIZE, GEM, GEME, GEMK, GEO, GEOE, GID, GIDE, GMI, GMIE, ICM, ICME, IML, IMLE, INS, INSE, ISL, ISLE, JDF, JEF, JEFE, JEO, JEOE, KIM, KIME, KMM, KMME, KOM, KOME, MAD, MADE, MAK, MAKE, MAT, MATE, MET, METE, MIM, MIME, MTO, MTOE, PEM, PEME, PET, PETE, SBP, SBPE, TEK, TEKE, TEL, UCK, UCKE, UZB, UZBE",,
14754,MOD 359,MOD,LS,Lifestyle Collection Design,,"Şükriye Yüksel Filiz, Nihan Topaloğlu",MKB,Salı,13:30/17:29,,40,6,,SMT,,
14755,PHY 125,PHY,LS,Physics I,,--,MED,Salı,14:30/17:29,,0,0,,"MBI, SBL, SDU, SEN, SGM, SIN",,
14756,PHY 125,PHY,LS,Physics I,,Günay Başar,MED,Salı,14:30/17:29,,25,20,,"MBI, SBL, SDU, SEN, SGM, SIN",,
14757,PHY 125,PHY,LS,Physics I,,Sevtap Yıldız Özbek,FEB,Salı,14:30/17:29,,25,17,,"MBI, SBL, SDU, SEN, SGM, SIN",,
14758,PHY 125L,PHY,LS,Physics I Laboratory,,--,FEB,Çarşamba,11:30/13:29,,0,0,,"MBI, SBL, SDU, SEN, SGM, SIN",,
14759,PHY 125L,PHY,LS,Physics I Laboratory,,Günay Başar,FEB,Çarşamba,11:30/13:29,,25,16,,"MBI, SBL, SDU, SEN, SGM, SIN",,
14760,PHY 125L,PHY,LS,Physics I Laboratory,,Sevtap Yıldız Özbek,FEB,Çarşamba,11:30/13:29,,25,18,,"MBI, SBL, SDU, SEN, SGM, SIN",,
14761,DUI 351,DUI,LS,Deniz Eğitimi II,,Özcan Arslan,DZB,,/,,31,32,,DUI,,
14762,ECN 209E,ECN,LS,Statistics I,,Serdar Altay,MEDB,Perşembe,08:30/12:29,,80,89,,ECNE,,
14765,MTH 101,MTH,LS,Calculus I,,--,FEB | FEB,Pazartesi | Salı,15:30/17:29 | 08:30/11:29,,0,0,,SBL,,
14766,MTH 105,MTH,LS,Calculus I,,Sevgi Harman,FEB,Salı,08:30/11:29,,25,24,,"SEK, SIS",,
14767,MTH 102,MTH,LS,Calculus II,,--,FEB | FEB,Pazartesi | Salı,15:30/17:29 | 08:30/11:29,,0,0,,SBL,,
14768,MTH 106,MTH,LS,Calculus II,,--,FEB,Salı,08:30/11:29,,0,0,,"SEK, SIS",,
14769,MTH 107,MTH,LS,Calculus I,,Cihangir Özemir,EEB | KMB,Pazartesi | Salı,14:30/17:29 | 08:30/11:29,,35,26,,"SCE, SIN",,
14770,MTH 108,MTH,LS,Calculus II,,--,FEB | FEB,Pazartesi | Salı,14:30/17:29 | 08:30/11:29,,0,0,,"SCE, SIN",,
14771,MTH 111,MTH,LS,Linear Algebra,,--,FEB,Perşembe,14:30/17:29,,0,0,,"SBL, SEK, SEN",,
14772,MTH 111,MTH,LS,Linear Algebra,,--,FEB,Perşembe,14:30/17:29,,0,0,,"SBL, SEK, SEN",,
14773,MUH 302E,MUH,LS,Continuum Mechanics,,Rahmiye Ergün,FEB,Çarşamba,08:30/12:29,,1,1,,MATE,,
14774,MAT 449E,MAT,LS,Lorentzian Geometry,,Nurettin Cenk Turgay,MED,Pazartesi,08:30/11:29,,24,4,,"MAT, MATE",,
14775,MUH 212,MUH,LS,Veri Yapıları,,Ali Ercengiz,FEB,Çarşamba,12:30/15:29,,50,36,,MAT,,
14776,CHE 101,CHE,LS,Chemistry I,,--,KMB | FEB,Pazartesi | Perşembe,08:30/11:29 | 08:30/10:29,,0,0,,"MBI, MCB, SCE, SEN, SIN, SIS",,
14777,CHE 101,CHE,LS,Chemistry I,,Abdullah Aydoğan,KMB | FEB,Pazartesi | Perşembe,08:30/11:29 | 08:30/10:29,,30,29,,"MBI, MCB, SCE, SEN, SIN, SIS",,
14779,DUI 305E,DUI,LS,Ship Hndl.and Manouvering,,Emre Akyüz,DZB,Salı,12:30/15:29,,52,46,,DUI,,
14791,MST 481,MST,LS,Marine Piping Systems,,Cumali Seçkin Mengeçin,DZB,Cuma,13:30/15:29,,45,23,,"DUIK, GEMK, GMIK, MEN, MTM, NAE",,
14827,MAK 214E,MAK,LS,Engineering Materials,,Celaletdin Ergun,MKB | MKB,Çarşamba | Cuma,10:30/11:29 | 10:30/12:29,,50,52,,"IML, IMLE, MAK, MAKE, MAKM",,
14829,TDW 201,TDW,LS,Technical Drawing (Comp.Aided),,Erdem Üçer,DZB,Cuma,16:30/19:29,,45,31,,"DUIK, GEMK, GMIK, MEN, MTM, NAE",,
14836,CAB 2117,CAB,LS,Armoni I,,--,TMB,Perşembe,13:30/15:29,,0,0,,CAB,,
14842,DFH 351E,DFH,LS,Shipping Finance,,Levent Kırval,DZB,Pazartesi,08:30/10:29,,40,15,,"DUI, DUIE",,
14971,BIL 113E,BIL,LS,Intr.to Sci& Eng.Comp.(MATLAB),,Özcan Arslan,DZB,Perşembe,11:30/14:29,,60,47,,"DUI, DUIE",,
14972,BIL 113E,BIL,LS,Intr.to Sci& Eng.Comp.(MATLAB),,Muhsin Kadıoğlu,DZB,Çarşamba,12:30/15:29,,60,5,,"DUI, DUIE",,
14999,MUT 412,MUT,LS,Kanun Yapımı II,,İbrahim Coşkun,TMB,,/,,5,2,,"MTMM, MUT",,
15000,MUZ 451,MUZ,LS,Arapça III,,Ali Yayla,TMB,Salı,10:30/12:29,,5,2,,"MUZ, MUZE",,
15001,SES 1121,SES,LS,Piyano I,,Devlet Devrim Öztaş,TMB,Cuma,15:30/17:29,,8,4,,SES,,
15003,TEB 2113E,TEB,LS,The Th.& Solf. of Bas. Mus.III,,Recep Gül,TMB | TMB,Salı | Cuma,10:30/12:29 | 13:30/15:29,,5,1,,"MUT, MUZ, SES, TEB, THO",,
15006,KMP 425,KMP,LS,Türk Müziğinde Çalgılama I,,Adil Feridun Öney,TMB,Çarşamba,13:30/15:29,,10,2,,KMP,,
15013,CAB 159,CAB,LS,Ud I,,Mehmet Bitmez,TMB,Pazartesi,08:30/10:29,,5,6,,"CGM4, CGM6, CGM7, CGM8, MTR, MUT, MUZ, SES",,
15017,TEB 4653,TEB,LS,Çalgı VII (Vurmalı Çalgılar),,Salim Sınar,TMB,Çarşamba,08:30/10:29,,5,1,,TEB,,
15062,GEO 315E,GEO,LS,Fund. of Geographic Inf. Sys.,,--,INB,Çarşamba,08:30/10:29,,0,0,,"GEO, GEOE",,
15065,TEK 114E,TEK,LS,Fiber Science,,"İkilem Göcek, Alper Gürarslan",MKB,Pazartesi,13:30/17:29,,30,17,,"TEK, TEKE, TEKM",,
15068,MAL 201E,MAL,LS,Materials Science,,Alper Gürarslan,MKB,Cuma,13:30/16:29,,30,29,,"BLGE, DEN, DENE, ELK, ELKE, GEME, IMLE, IMLM, KOM, KOME, MAKE, MAKM, TEK, TEKE, UCK, UCKE, UZB, UZBE",,
15071,CEV 201EL,CEV,LS,Enviromental Chemistry I Lab.,,"İdil Arslan Alaton, Elif Pehlivanoğlu Mantaş",INB,Çarşamba,09:30/11:29,,25,18,,"CEV, CEVE",,
15116,MAK 360,MAK,LS,Uygulamalı Termodinamik,,Nurdil Eskin,MKB | MKB,Pazartesi | Çarşamba,10:30/12:29 | 12:30/13:29,,25,32,,MAK,,
15121,SBP 411,SBP,LS,Proje VII,,Eda Beyazıt,MMB | MMB,Salı | Cuma,13:30/17:29 | 13:30/17:29,,12,13,,SBP,,
15149,CHZ 323E,CHZ,LS,Ore Deposits,,Emin Çiftçi,MDB,Salı,13:30/16:29,,20,1,,CHZE,,
15150,CHZ 311E,CHZ,LS,Physical Beneficiation Methods,,Ayhan Ali Sirkeci,MDB | MDB,Salı | Çarşamba,10:30/12:29 | 13:30/15:29,,20,4,,CHZE,,
15151,CHZ 432,CHZ,LS,Cevher Haz. Tesis Tasarımı,,Feridun Boylu,MEDB,Çarşamba,08:30/12:29,,20,7,,CHZ,,
15152,SES 422,SES,LS,Koro VI (Kredisiz),,Fidan Kurt Kasapbaşı,TMB | TMB,Salı | Cuma,15:30/17:29 | 13:30/15:29,,20,1,,SES,,
15153,CAB 358,CAB,LS,Bağlama VI,,Asim Kırca,TMB,Çarşamba,10:30/12:29,,5,2,,"CGM1, CGM6, CGM7, CGM8, MTR, MUT, SES",,
15154,CAB 466,CAB,LS,Kaval VIII,,Haydar Tanrıverdi,TMB,Cuma,10:30/12:29,,5,1,,"CGM6, CGM7, CGM8, MTR",,
15155,TEK 331,TEK,LS,Yün İplikçiliği,,Nazan Okur,MKB,Salı,13:30/15:29,,1,1,,TEK,,
15156,MAT 188,MAT,LS,Matematik II,,--,FEB | FEB | FEB,Pazartesi | Salı | Perşembe,12:30/14:29 | 12:30/14:29 | 12:30/14:29,,0,0,,MAT,,
15171,MTH 103,MTH,LS,Calculus I,,Ahmet Duran,MED | MED,Pazartesi | Salı,15:30/17:29 | 08:30/11:29,,25,11,,"MBI, MCB, SEN",,
15187,MTH 104,MTH,LS,Calculus II,,--,FEB | FEB,Pazartesi | Salı,15:30/17:29 | 08:30/11:29,,0,0,,"MBI, MCB, SEN",,
15188,BEB 104,BEB,LS,Tenis Teknik ve Taktik Eğitim,,Pero Duygu Dumangöz,KORT,Cuma,10:30/12:29,,12,12,,"BIO, BIOE, BLG, BLGE, CAB, CEV, CEVE, CHZ, CHZE, DEN, DENE, DUI, DUIE, ECNE, EHB, EHBE, ELE, ELH, ELK, ELKE, END, ENDE, EUT, EUTE, FIZ, FIZE, GEM, GEME, GEO, GEOE, GID, GIDE, GMI, GMIE, ICM, IML, IMLE, INS, INSE, ISL, ISLE, JDF, JEF, JEFE, JEO, JEOE, KIM, KIME, KMM, KMME, KMP, KOM, KOME, MAD, MADE, MAK, MAKE, MAT, MATE, MET, METE, MIM, MIME, MTO, MTOE, MUT, MUZ, PEM, PEME, PET, PETE, SBP, SBPE, SES, TEB, TEK, TEKE, TEL, THO, UCK, UCKE, UZB, UZBE",,
15189,ISL 353E,ISL,LS,Marketing,,Huriye Şebnem Burnaz,INB,Çarşamba,12:30/15:29,,90,86,,"EUT, EUTE, ISL, ISLE",,
15199,CAB 119,CAB,LS,Klarnet I,,Özlem Kolat Çakmaksoy,TMB,,/,,5,1,,CAB,,
15200,THO 3111,THO,LS,Dikte Deşifre I,,Göktan Ay,TMB | TMB,Pazartesi | Perşembe,10:30/12:29 | 10:30/12:29,,10,1,,THO,,
15201,THO 4311,THO,LS,Dans Felsefesi,,Fatma Belma Kurtişoğlu,TMB,Çarşamba,09:30/12:29,,5,1,,THO,,
15202,CAB 705,CAB,LS,Zurna I,,Ünal Yürük,TMB | TMB,Salı | Perşembe,13:30/15:29 | 08:30/10:29,,5,2,,CAB,,
15240,TES 112E,TES,LS,Vis.Comm.I:Visualiz.&Tch.Drw.;,,Elmira Ayşe Gür,MMB,Cuma,13:30/17:29,,32,32,,"EUT, EUTE, ICM, MIM, MIME, PEM, PEME, SBP, SBPE",,
15241,ITB 233E,ITB,LS,Anthropology,,Sevil Hatice Baltalı Tırpan,FEB,Çarşamba,12:30/15:29,,45,13,,"BIO, BIOE, BLG, BLGE, CAB, CEV, CEVE, CHZ, CHZE, DEN, DENE, ECNE, EHB, EHBE, ELE, ELH, ELK, ELKE, END, ENDE, EUT, EUTE, FIZ, FIZE, GEM, GEME, GEMK, GEO, GEOE, GID, GIDE, ICM, IML, IMLE, INS, INSE, ISL, ISLE, JDF, JEF, JEFE, JEO, JEOE, KIM, KIME, KMM, KMME, KMP, KOM, KOME, MAD, MADE, MAK, MAKE, MAT, MATE, MET, METE, MIM, MIME, MTO, MTOE, MTR, MUT, MUZ, MUZE, PEM, PEME, PET, PETE, SBP, SBPE, SES, TEB, TEK, TEKE, TEL, THO, UCK, UCKE, UZB, UZBE",,
15272,DFH 172E,DFH,LS,Maritime English I,,Halime Ceren Göktaş,DZB,Salı,08:30/10:29,,40,13,,"DUI, DUIE",,
15273,DFH 282,DFH,LS,Akışkanlar Mekaniği,,Münir Süner,DZB,Perşembe,12:30/14:29,,40,20,,DUI,,
15274,DFH 254E,DFH,LS,Maritime Conventions,,Münip Baş,DZB,Çarşamba,12:30/14:29,,40,17,,"DUI, DUIE",,
15275,DUI 231EL,DUI,LS,Marine Communication Lab.,,Alaaddin Yıldıray Ertaş,DZB,Salı,11:30/13:29,,30,6,,"DUI, DUIE",,
15276,DUI 411E,DUI,LS,Cargo Handling Stowage II,,Elif Bal Beşikçi,DZB,Perşembe,08:30/11:29,,40,12,,"DUI, DUIE",,
15277,DFH 201E,DFH,LS,Basic Swimming Skills,,Yusuf Nejat Koçar,DZB,Pazartesi,15:30/17:29,,20,15,,"DUI, DUIE, GMI, GMIE",,
15317,INS 101E,INS,LS,Technical Drawing,,Çağlar Akkaya,INB | INB,Salı | Perşembe,08:30/10:29 | 11:30/12:29,,60,64,,"INS, INSE",,
15351,ISL 214E,ISL,LS,Statistics II,,Tolga Kaya,MED,Cuma,14:00/16:59,,30,36,,"ISL, ISLE",,
15384,CAB 287,CAB,LS,Gitar III,,Tufan Kurdoğlu,TMB,Çarşamba,10:30/12:29,,5,2,,"CGM2, CGM6, CGM7, CGM8, MTR, MUT, MUZ",,
15385,NAE 431,NAE,LS,Sailing Vessel Design,,Ömer Kemal Kınacı,GDB,Pazartesi,10:30/12:29,,45,12,,"GEMK, MEN, NAE",,
15388,MAK 226,MAK,LS,Termodinamik II,,Lütfullah Kuddusi,MKB | MKB,Salı | Cuma,12:30/13:29 | 08:30/10:29,,80,88,,MAK,,
15389,BIO 102E,BIO,LS,Engineering Biology,,Levent Trabzon,MKB | MKB,Pazartesi | Cuma,12:30/13:29 | 10:30/12:29,,50,42,,"IML, IMLE, MAK, MAKE",,
15390,DUI 431E,DUI,LS,Marine Engines,,Fırat Bolat,DZB,Perşembe,15:30/17:29,,10,4,,DUIE,,
15391,DUI 402,DUI,LS,Deniz Hukuku II,,Hakan Muran,DZB,Pazartesi,08:30/11:29,,40,22,,DUI,,
15392,RES 107E,RES,LS,Technical Drawing,,Murat Durucu,ISB,Cuma,14:00/16:59,,80,79,,"END, ENDE",,
15393,FIZ 445,FIZ,LS,Maddenin Magnetik Özellikleri,,--,FEB,Cuma,13:30/16:29,,0,0,,"FIZ, FIZM",,
15407,GEM 222E,GEM,LS,Ship Construction,,Emin Korkut,GDB | GDB,Pazartesi | Cuma,10:30/12:29 | 10:30/12:29,,10,1,,GEME,,
15410,EKO 201E,EKO,LS,Economics,,Ayfer Gedikli,MED,Perşembe,14:30/17:29,,125,129,,"BLG, BLGE, CEV, CEVE, CHZ, CHZE, DEN, DENE, EHBE, ELE, ELH, ELK, ELKE, END, ENDE, EUT, EUTE, FIZ, GEM, GEME, GEMK, GEO, GEOE, GID, GIDE, ICM, IML, IMLE, INS, INSE, JDF, JEO, JEOE, KMM, KMME, KOM, KOME, MAD, MADE, MAK, MAKE, MAT, MATE, MET, METE, MIM, MIME, MTO, MTOE, PEM, PEME, PET, PETE, SBP, SBPE, TEK, TEKE, TEL, UCK, UCKE, UZB, UZBE",,
15418,BEB 116,BEB,LS,Badminton Temel Beceri Eğitimi,,Murat Bilgin,SLN-G,Cuma,14:30/16:29,,12,10,,"BIO, BIOE, BLG, BLGE, CAB, CEV, CEVE, CHZ, CHZE, DEN, DENE, DUI, DUIE, ECNE, EHB, EHBE, ELE, ELH, ELK, ELKE, END, ENDE, EUT, EUTE, FIZ, FIZE, GEM, GEME, GEO, GEOE, GID, GIDE, GMI, GMIE, ICM, IML, IMLE, INS, INSE, ISL, ISLE, JDF, JEF, JEFE, JEO, JEOE, KIM, KIME, KMM, KMME, KMP, KOM, KOME, MAD, MADE, MAK, MAKE, MAT, MATE, MET, METE, MIM, MIME, MTO, MTOE, MUT, MUZ, PEM, PEME, PET, PETE, SBP, SBPE, SES, TEB, TEK, TEKE, TEL, THO, UCK, UCKE, UZB, UZBE",,
15420,RES 107E,RES,LS,Technical Drawing,,Hacı Mustafa Özkırım,MKB,Cuma,14:30/17:29,,50,4,,"FIZ, GID, GIDE, ISL, ISLE, KMM, KMME, MET, METE, PETE",,
15425,INS 322,INS,LS,Betonarme I,,--,INB | INB,Salı | Perşembe,15:30/17:29 | 15:30/17:29,,0,0,,INS,,
15426,BEN 107,BEN,LS,Art of Engineering,,--,KMB,Cuma,13:30/16:29,,0,0,,MBI,,
15427,TEB 3115,TEB,LS,Armoni I,,Ayhan Gunca,TMB,Pazartesi,10:30/12:29,,10,1,,TEB,,
15428,TEB 1311,TEB,LS,Türk Halk Müz. Solf. ve Teo I,,Metin Eke,TMB,Perşembe,08:30/10:29,,10,1,,TEB,,
15429,TEB 3653,TEB,LS,Çalgı V (Vurmalı Çalgılar),,Serhat Tansu Altuğ,TMB,Çarşamba,10:30/12:29,,5,1,,TEB,,
15430,KMP 294,KMP,LS,Armoni II,,Ayhan Gunca,TMB,Cuma,10:30/12:29,,15,2,,"CAB, MTR, MTRM",,
15438,KIM 313E,KIM,LS,Structural Organic Chemistry,,Turan Öztürk,FEB,Cuma,09:30/12:29,,20,5,,"BIO, BIOE, KIM, KIME, KMM, KMME",,
15439,EHB 311E,EHB,LS,Intr.to Electronics Laboratory,,Ali Bahadır,EEB,Perşembe,12:30/14:29,,30,16,,"BLG, BLGE, EHB, EHBE, KOM, KOME, SEH",,
15440,EHB 221,EHB,LS,Elektrik Devre Temelleri Lab.,,Ali Bahadır,EEB,Çarşamba,08:30/10:29,,30,11,,"BLG, EHB, ELE, TEL",,
15441,EHB 262E,EHB,LS,Electronics II,,Metin Yazgı,KMB,Pazartesi,08:30/11:29,,50,60,,"EHB, EHBE, ELE, SEH",,
15442,EHB 408E,EHB,LS,Wireless Com.Networks,,İsmail Serdar Özoğuz,EEB,Çarşamba,12:30/15:29,,20,12,,"EHB, EHBE, TEL",,
15445,MAT 210E,MAT,LS,Engineering Mathematics,,Cihangir Özemir,EEB | EEB,Pazartesi | Salı,12:30/14:29 | 15:30/17:29,,110,111,,"BIO, BIOE, BLG, BLGE, CEV, CEVE, CHZ, CHZE, DEN, DENE, DUI, DUIE, ECNE, EHBE, ELE, ELH, ELK, ELKE, END, ENDE, FIZ, FIZE, GEM, GEME, GEMK, GEO, GEOE, GID, GIDE, GMI, GMIE, INS, INSE, ISL, ISLE, JDF, JEF, JEFE, JEFM, JEO, JEOE, KIM, KIME, KMM, KMME, MAD, MADE, MATM, MET, METE, MTO, MTOE, PET, PETE, TEK, TEKE, TEL, UCK, UCKE, UCKM, UZB, UZBE, UZBM",,
15447,MAK 311E,MAK,LS,Heat Transfer,,Ömer İnanç Türeyen,MDB,Salı,13:30/16:29,,40,41,,"PET, PETE",,
15448,INS 490,INS,LS,Kıyı ve Liman Yapıları,,Mehmet Sedat Kabdaşlı,INB | INB,Perşembe | Cuma,08:30/10:29 | 15:30/16:29,,45,38,,INS,,
15450,ELK 4901,ELK,LS,Elektrik Müh. Tasarımı I,,--,EEB,,/,,0,0,,ELK,,
15451,ELK 4901E,ELK,LS,Electrical Eng. Design I,,--,EEB,,/,,0,0,,"ELK, ELKE",,
15452,EHB 4901,EHB,LS,Elektronik & Hab. Müh. Tas .I,,İbrahim Akduman,EEB,,/,,500,1,,EHB,,
15453,EHB 4901E,EHB,LS,Elect.&Comm.; Eng. Design I,,--,EEB,,/,,0,0,,EHBE,,
15454,KON 4901,KON,LS,Kontrol&Otom.; Müh.Tasarımı I,,--,EEB,,/,,0,0,,"KOM, KOME",,
15455,KON 4901E,KON,LS,Contr.&Automation; E..,,--,EEB,,/,,0,0,,KOME,,
15462,ING 201,ING,LS,English III,,Emel Çağlar,MED,Pazartesi,08:30/11:29,,21,25,,"BIO, BIOE, BLG, BLGE, CEV, CEVE, CHZ, CHZE, DEN, DENE, ECNE, EHB, EHBE, EHN, ELE, ELH, ELK, ELKE, END, ENDE, EUT, EUTE, FIZ, FIZE, GEM, GEME, GEMK, GEO, GEOE, GID, GIDE, ICM, IML, IMLE, INS, INSE, ISL, ISLE, JDF, JEF, JEFE, JEO, JEOE, KIM, KIME, KMM, KMME, KOM, KOME, MAD, MADE, MAK, MAKE, MAT, MATE, MET, METE, MIM, MIME, MTO, MTOE, MUZE, PEM, PEME, PET, PETE, SBP, SBPE, SEH, TEK, TEKE, TEL, UCK, UCKE, UZB, UZBE",,
15463,ING 112,ING,LS,English I,,Emel Çağlar,MED,Cuma,13:30/16:29,,25,32,,"BIO, BIOE, BLG, BLGE, CEV, CEVE, CHZ, CHZE, DEN, DENE, DUIE, ECNE, EHB, EHBE, EHN, ELE, ELH, ELK, ELKE, END, ENDE, EUT, EUTE, FIZ, FIZE, GEM, GEME, GEMK, GEO, GEOE, GID, GIDE, GMIE, ICM, IML, IMLE, INS, INSE, ISL, ISLE, JDF, JEF, JEFE, JEO, JEOE, KIM, KIME, KMM, KMME, KOM, KOME, MAD, MADE, MAK, MAKE, MAT, MATE, MET, METE, MIM, MIME, MTO, MTOE, MUZE, PEM, PEME, PET, PETE, SBP, SBPE, SEH, TEK, TEKE, TEL, UCK, UCKE, UZB, UZBE",,
15464,ING 112,ING,LS,English I,,Seniye Rüyam Artan,MED,Pazartesi,13:30/16:29,,26,30,,"BIO, BIOE, BLG, BLGE, CEV, CEVE, CHZ, CHZE, DEN, DENE, DUIE, ECNE, EHB, EHBE, EHN, ELE, ELH, ELK, ELKE, END, ENDE, EUT, EUTE, FIZ, FIZE, GEM, GEME, GEMK, GEO, GEOE, GID, GIDE, GMIE, ICM, IML, IMLE, INS, INSE, ISL, ISLE, JDF, JEF, JEFE, JEO, JEOE, KIM, KIME, KMM, KMME, KOM, KOME, MAD, MADE, MAK, MAKE, MAT, MATE, MET, METE, MIM, MIME, MTO, MTOE, MUZE, PEM, PEME, PET, PETE, SBP, SBPE, SEH, TEK, TEKE, TEL, UCK, UCKE, UZB, UZBE",,
15465,DUI 461E,DUI,LS,Ship Surveying Procedures,,Özcan Arslan,DZB,Çarşamba,13:30/15:29,,10,11,,"DUI, DUIE",,
15466,ING 112,ING,LS,English I,,Hande Yalınateş,MED,Pazartesi,08:30/11:29,,21,25,,"BIO, BIOE, BLG, BLGE, CEV, CEVE, CHZ, CHZE, DEN, DENE, DUIE, ECNE, EHB, EHBE, EHN, ELE, ELH, ELK, ELKE, END, ENDE, EUT, EUTE, FIZ, FIZE, GEM, GEME, GEMK, GEO, GEOE, GID, GIDE, GMIE, ICM, IML, IMLE, INS, INSE, ISL, ISLE, JDF, JEF, JEFE, JEO, JEOE, KIM, KIME, KMM, KMME, KOM, KOME, MAD, MADE, MAK, MAKE, MAT, MATE, MET, METE, MIM, MIME, MTO, MTOE, MUZE, PEM, PEME, PET, PETE, SBP, SBPE, SEH, TEK, TEKE, TEL, UCK, UCKE, UZB, UZBE",,
15467,ING 112,ING,LS,English I,,Emine Sari Altındağ,MED,Cuma,08:30/11:29,,21,25,,"BIO, BIOE, BLG, BLGE, CEV, CEVE, CHZ, CHZE, DEN, DENE, DUIE, ECNE, EHB, EHBE, EHN, ELE, ELH, ELK, ELKE, END, ENDE, EUT, EUTE, FIZ, FIZE, GEM, GEME, GEMK, GEO, GEOE, GID, GIDE, GMIE, ICM, IML, IMLE, INS, INSE, ISL, ISLE, JDF, JEF, JEFE, JEO, JEOE, KIM, KIME, KMM, KMME, KOM, KOME, MAD, MADE, MAK, MAKE, MAT, MATE, MET, METE, MIM, MIME, MTO, MTOE, MUZE, PEM, PEME, PET, PETE, SBP, SBPE, SEH, TEK, TEKE, TEL, UCK, UCKE, UZB, UZBE",,
15468,ING 112,ING,LS,English I,,Özlem Kurnaz,MEDB,Çarşamba,08:30/11:29,,20,24,,"BIO, BIOE, BLG, BLGE, CEV, CEVE, CHZ, CHZE, DEN, DENE, DUIE, ECNE, EHB, EHBE, EHN, ELE, ELH, ELK, ELKE, END, ENDE, EUT, EUTE, FIZ, FIZE, GEM, GEME, GEMK, GEO, GEOE, GID, GIDE, GMIE, ICM, IML, IMLE, INS, INSE, ISL, ISLE, JDF, JEF, JEFE, JEO, JEOE, KIM, KIME, KMM, KMME, KOM, KOME, MAD, MADE, MAK, MAKE, MAT, MATE, MET, METE, MIM, MIME, MTO, MTOE, MUZE, PEM, PEME, PET, PETE, SBP, SBPE, SEH, TEK, TEKE, TEL, UCK, UCKE, UZB, UZBE",,
15469,ING 112,ING,LS,English I,,Hatice Bilgin,KMB,Salı,08:30/11:29,,24,26,,"BIO, BIOE, BLG, BLGE, CEV, CEVE, CHZ, CHZE, DEN, DENE, DUIE, ECNE, EHB, EHBE, EHN, ELE, ELH, ELK, ELKE, END, ENDE, EUT, EUTE, FIZ, FIZE, GEM, GEME, GEMK, GEO, GEOE, GID, GIDE, GMIE, ICM, IML, IMLE, INS, INSE, ISL, ISLE, JDF, JEF, JEFE, JEO, JEOE, KIM, KIME, KMM, KMME, KOM, KOME, MAD, MADE, MAK, MAKE, MAT, MATE, MET, METE, MIM, MIME, MTO, MTOE, MUZE, PEM, PEME, PET, PETE, SBP, SBPE, SEH, TEK, TEKE, TEL, UCK, UCKE, UZB, UZBE",,
15470,ING 112,ING,LS,English I,,Suzan Arıman,MEDB,Salı,13:30/16:29,,24,27,,"BIO, BIOE, BLG, BLGE, CEV, CEVE, CHZ, CHZE, DEN, DENE, DUIE, ECNE, EHB, EHBE, EHN, ELE, ELH, ELK, ELKE, END, ENDE, EUT, EUTE, FIZ, FIZE, GEM, GEME, GEMK, GEO, GEOE, GID, GIDE, GMIE, ICM, IML, IMLE, INS, INSE, ISL, ISLE, JDF, JEF, JEFE, JEO, JEOE, KIM, KIME, KMM, KMME, KOM, KOME, MAD, MADE, MAK, MAKE, MAT, MATE, MET, METE, MIM, MIME, MTO, MTOE, MUZE, PEM, PEME, PET, PETE, SBP, SBPE, SEH, TEK, TEKE, TEL, UCK, UCKE, UZB, UZBE",,
15471,ING 201,ING,LS,English III,,Hatice Bilgin,MEDB,Perşembe,13:30/16:29,,20,20,,"BIO, BIOE, BLG, BLGE, CEV, CEVE, CHZ, CHZE, DEN, DENE, ECNE, EHB, EHBE, EHN, ELE, ELH, ELK, ELKE, END, ENDE, EUT, EUTE, FIZ, FIZE, GEM, GEME, GEMK, GEO, GEOE, GID, GIDE, ICM, IML, IMLE, INS, INSE, ISL, ISLE, JDF, JEF, JEFE, JEO, JEOE, KIM, KIME, KMM, KMME, KOM, KOME, MAD, MADE, MAK, MAKE, MAT, MATE, MET, METE, MIM, MIME, MTO, MTOE, MUZE, PEM, PEME, PET, PETE, SBP, SBPE, SEH, TEK, TEKE, TEL, UCK, UCKE, UZB, UZBE",,
15472,ING 201,ING,LS,English III,,Hatice Bahar Mendi Ünver,MEDB,Perşembe,08:30/11:29,,23,19,,"BIO, BIOE, BLG, BLGE, CEV, CEVE, CHZ, CHZE, DEN, DENE, ECNE, EHB, EHBE, EHN, ELE, ELH, ELK, ELKE, END, ENDE, EUT, EUTE, FIZ, FIZE, GEM, GEME, GEMK, GEO, GEOE, GID, GIDE, ICM, IML, IMLE, INS, INSE, ISL, ISLE, JDF, JEF, JEFE, JEO, JEOE, KIM, KIME, KMM, KMME, KOM, KOME, MAD, MADE, MAK, MAKE, MAT, MATE, MET, METE, MIM, MIME, MTO, MTOE, MUZE, PEM, PEME, PET, PETE, SBP, SBPE, SEH, TEK, TEKE, TEL, UCK, UCKE, UZB, UZBE",,
15473,ING 112,ING,LS,English I,,Yasemin Yılmaz Yüksek,MEDB,Pazartesi,13:30/16:29,,26,28,,"BIO, BIOE, BLG, BLGE, CEV, CEVE, CHZ, CHZE, DEN, DENE, DUIE, ECNE, EHB, EHBE, EHN, ELE, ELH, ELK, ELKE, END, ENDE, EUT, EUTE, FIZ, FIZE, GEM, GEME, GEMK, GEO, GEOE, GID, GIDE, GMIE, ICM, IML, IMLE, INS, INSE, ISL, ISLE, JDF, JEF, JEFE, JEO, JEOE, KIM, KIME, KMM, KMME, KOM, KOME, MAD, MADE, MAK, MAKE, MAT, MATE, MET, METE, MIM, MIME, MTO, MTOE, MUZE, PEM, PEME, PET, PETE, SBP, SBPE, SEH, TEK, TEKE, TEL, UCK, UCKE, UZB, UZBE",,
15474,ING 112,ING,LS,English I,,Sibel Dursun,MEDB,Cuma,08:30/11:29,,21,23,,"BIO, BIOE, BLG, BLGE, CEV, CEVE, CHZ, CHZE, DEN, DENE, DUIE, ECNE, EHB, EHBE, EHN, ELE, ELH, ELK, ELKE, END, ENDE, EUT, EUTE, FIZ, FIZE, GEM, GEME, GEMK, GEO, GEOE, GID, GIDE, GMIE, ICM, IML, IMLE, INS, INSE, ISL, ISLE, JDF, JEF, JEFE, JEO, JEOE, KIM, KIME, KMM, KMME, KOM, KOME, MAD, MADE, MAK, MAKE, MAT, MATE, MET, METE, MIM, MIME, MTO, MTOE, MUZE, PEM, PEME, PET, PETE, SBP, SBPE, SEH, TEK, TEKE, TEL, UCK, UCKE, UZB, UZBE",,
15475,ING 112,ING,LS,English I,,Nilgün Eker,MEDB,Çarşamba,08:30/11:29,,20,24,,"BIO, BIOE, BLG, BLGE, CEV, CEVE, CHZ, CHZE, DEN, DENE, DUIE, ECNE, EHB, EHBE, EHN, ELE, ELH, ELK, ELKE, END, ENDE, EUT, EUTE, FIZ, FIZE, GEM, GEME, GEMK, GEO, GEOE, GID, GIDE, GMIE, ICM, IML, IMLE, INS, INSE, ISL, ISLE, JDF, JEF, JEFE, JEO, JEOE, KIM, KIME, KMM, KMME, KOM, KOME, MAD, MADE, MAK, MAKE, MAT, MATE, MET, METE, MIM, MIME, MTO, MTOE, MUZE, PEM, PEME, PET, PETE, SBP, SBPE, SEH, TEK, TEKE, TEL, UCK, UCKE, UZB, UZBE",,
15476,MKN 401,MKN,LS,Mekatroniğin Temelleri,,Ata Muğan,EEB | EEB | EEB,Pazartesi | Salı | Çarşamba,11:30/12:29 | 11:30/12:29 | 11:30/12:29,,20,2,,MKN,,
15477,ING 112,ING,LS,English I,,Gamze Avcı,GDB,Salı,13:30/16:29,,24,27,,"BIO, BIOE, BLG, BLGE, CEV, CEVE, CHZ, CHZE, DEN, DENE, DUIE, ECNE, EHB, EHBE, EHN, ELE, ELH, ELK, ELKE, END, ENDE, EUT, EUTE, FIZ, FIZE, GEM, GEME, GEMK, GEO, GEOE, GID, GIDE, GMIE, ICM, IML, IMLE, INS, INSE, ISL, ISLE, JDF, JEF, JEFE, JEO, JEOE, KIM, KIME, KMM, KMME, KOM, KOME, MAD, MADE, MAK, MAKE, MAT, MATE, MET, METE, MIM, MIME, MTO, MTOE, MUZE, PEM, PEME, PET, PETE, SBP, SBPE, SEH, TEK, TEKE, TEL, UCK, UCKE, UZB, UZBE",,
15478,ING 201,ING,LS,English III,,Duygu Özkan,MED,Perşembe,13:30/16:29,,20,19,,"BIO, BIOE, BLG, BLGE, CEV, CEVE, CHZ, CHZE, DEN, DENE, ECNE, EHB, EHBE, EHN, ELE, ELH, ELK, ELKE, END, ENDE, EUT, EUTE, FIZ, FIZE, GEM, GEME, GEMK, GEO, GEOE, GID, GIDE, ICM, IML, IMLE, INS, INSE, ISL, ISLE, JDF, JEF, JEFE, JEO, JEOE, KIM, KIME, KMM, KMME, KOM, KOME, MAD, MADE, MAK, MAKE, MAT, MATE, MET, METE, MIM, MIME, MTO, MTOE, MUZE, PEM, PEME, PET, PETE, SBP, SBPE, SEH, TEK, TEKE, TEL, UCK, UCKE, UZB, UZBE",,
15479,ING 112,ING,LS,English I,,Firas Khairi Yhya,MEDB,Pazartesi,08:30/11:29,,21,22,,"BIO, BIOE, BLG, BLGE, CEV, CEVE, CHZ, CHZE, DEN, DENE, DUIE, ECNE, EHB, EHBE, EHN, ELE, ELH, ELK, ELKE, END, ENDE, EUT, EUTE, FIZ, FIZE, GEM, GEME, GEMK, GEO, GEOE, GID, GIDE, GMIE, ICM, IML, IMLE, INS, INSE, ISL, ISLE, JDF, JEF, JEFE, JEO, JEOE, KIM, KIME, KMM, KMME, KOM, KOME, MAD, MADE, MAK, MAKE, MAT, MATE, MET, METE, MIM, MIME, MTO, MTOE, MUZE, PEM, PEME, PET, PETE, SBP, SBPE, SEH, TEK, TEKE, TEL, UCK, UCKE, UZB, UZBE",,
15480,ING 112,ING,LS,English I,,Firas Khairi Yhya,UUB,Pazartesi,13:30/16:29,,26,27,,"BIO, BIOE, BLG, BLGE, CEV, CEVE, CHZ, CHZE, DEN, DENE, DUIE, ECNE, EHB, EHBE, EHN, ELE, ELH, ELK, ELKE, END, ENDE, EUT, EUTE, FIZ, FIZE, GEM, GEME, GEMK, GEO, GEOE, GID, GIDE, GMIE, ICM, IML, IMLE, INS, INSE, ISL, ISLE, JDF, JEF, JEFE, JEO, JEOE, KIM, KIME, KMM, KMME, KOM, KOME, MAD, MADE, MAK, MAKE, MAT, MATE, MET, METE, MIM, MIME, MTO, MTOE, MUZE, PEM, PEME, PET, PETE, SBP, SBPE, SEH, TEK, TEKE, TEL, UCK, UCKE, UZB, UZBE",,
15481,ING 112,ING,LS,English I,,Firas Khairi Yhya,UUB,Salı,13:30/16:29,,24,25,,"BIO, BIOE, BLG, BLGE, CEV, CEVE, CHZ, CHZE, DEN, DENE, DUIE, ECNE, EHB, EHBE, EHN, ELE, ELH, ELK, ELKE, END, ENDE, EUT, EUTE, FIZ, FIZE, GEM, GEME, GEMK, GEO, GEOE, GID, GIDE, GMIE, ICM, IML, IMLE, INS, INSE, ISL, ISLE, JDF, JEF, JEFE, JEO, JEOE, KIM, KIME, KMM, KMME, KOM, KOME, MAD, MADE, MAK, MAKE, MAT, MATE, MET, METE, MIM, MIME, MTO, MTOE, MUZE, PEM, PEME, PET, PETE, SBP, SBPE, SEH, TEK, TEKE, TEL, UCK, UCKE, UZB, UZBE",,
15482,ING 201,ING,LS,English III,,Firas Khairi Yhya,INB,Çarşamba,08:30/11:29,,23,20,,"BIO, BIOE, BLG, BLGE, CEV, CEVE, CHZ, CHZE, DEN, DENE, ECNE, EHB, EHBE, EHN, ELE, ELH, ELK, ELKE, END, ENDE, EUT, EUTE, FIZ, FIZE, GEM, GEME, GEMK, GEO, GEOE, GID, GIDE, ICM, IML, IMLE, INS, INSE, ISL, ISLE, JDF, JEF, JEFE, JEO, JEOE, KIM, KIME, KMM, KMME, KOM, KOME, MAD, MADE, MAK, MAKE, MAT, MATE, MET, METE, MIM, MIME, MTO, MTOE, MUZE, PEM, PEME, PET, PETE, SBP, SBPE, SEH, TEK, TEKE, TEL, UCK, UCKE, UZB, UZBE",,
15487,MAT 112,MAT,LS,Matematik II,,Gülçin Mihriye Muslu,FEB | FEB,Perşembe | Perşembe,08:30/12:29 | 14:30/16:29,,2,2,,"MAT, MATM",,
15488,MAK 411E,MAK,LS,Experimtl Mth.in Mechanicl Eng,,İsmail Yalçın Uralcan,MKB,,/,,20,3,,"MAK, MAKE",,
15489,EKO 201E,EKO,LS,Economics,,--,FEB,Salı,08:30/11:29,,0,0,,"BLG, BLGE, CEV, CEVE, CHZ, CHZE, DEN, DENE, EHBE, ELE, ELH, ELK, ELKE, END, ENDE, EUT, EUTE, FIZ, GEM, GEME, GEMK, GEO, GEOE, GID, GIDE, ICM, IML, IMLE, INS, INSE, JDF, JEO, JEOE, KMM, KMME, KOM, KOME, MAD, MADE, MAK, MAKE, MAT, MATE, MET, METE, MIM, MIME, MTO, MTOE, PEM, PEME, PET, PETE, SBP, SBPE, TEK, TEKE, TEL, UCK, UCKE, UZB, UZBE",,
15490,MAK 481E,MAK,LS,Project Design Principles,,Hacı Abdullah Taşdemir,MKB,Çarşamba,12:30/13:29,,20,1,,"MAK, MAKE",,
15491,MAK 406,MAK,LS,Tekno. Girişimcilik&İnovasyon,,İsmail Yalçın Uralcan,MKB,Salı,12:30/15:29,,150,12,,"IML, MAK",,
15492,EKO 201E,EKO,LS,Economics,,--,MED,Cuma,08:30/11:29,,0,0,,"BLG, BLGE, CEV, CEVE, CHZ, CHZE, DEN, DENE, EHBE, ELE, ELH, ELK, ELKE, END, ENDE, EUT, EUTE, FIZ, GEM, GEME, GEMK, GEO, GEOE, GID, GIDE, ICM, IML, IMLE, INS, INSE, JDF, JEO, JEOE, KMM, KMME, KOM, KOME, MAD, MADE, MAK, MAKE, MAT, MATE, MET, METE, MIM, MIME, MTO, MTOE, PEM, PEME, PET, PETE, SBP, SBPE, TEK, TEKE, TEL, UCK, UCKE, UZB, UZBE",,
15493,EKO 201E,EKO,LS,Economics,,--,FEB,Pazartesi,08:30/11:29,,0,0,,"BLG, BLGE, CEV, CEVE, CHZ, CHZE, DEN, DENE, EHBE, ELE, ELH, ELK, ELKE, END, ENDE, EUT, EUTE, FIZ, GEM, GEME, GEMK, GEO, GEOE, GID, GIDE, ICM, IML, IMLE, INS, INSE, JDF, JEO, JEOE, KMM, KMME, KOM, KOME, MAD, MADE, MAK, MAKE, MAT, MATE, MET, METE, MIM, MIME, MTO, MTOE, PEM, PEME, PET, PETE, SBP, SBPE, TEK, TEKE, TEL, UCK, UCKE, UZB, UZBE",,
15494,EKO 201E,EKO,LS,Economics,,--,FEB,Perşembe,08:30/11:29,,0,0,,"BLG, BLGE, CEV, CEVE, CHZ, CHZE, DEN, DENE, EHBE, ELE, ELH, ELK, ELKE, END, ENDE, EUT, EUTE, FIZ, GEM, GEME, GEMK, GEO, GEOE, GID, GIDE, ICM, IML, IMLE, INS, INSE, JDF, JEO, JEOE, KMM, KMME, KOM, KOME, MAD, MADE, MAK, MAKE, MAT, MATE, MET, METE, MIM, MIME, MTO, MTOE, PEM, PEME, PET, PETE, SBP, SBPE, TEK, TEKE, TEL, UCK, UCKE, UZB, UZBE",,
15497,BEB 105,BEB,LS,Futbol ve Temel Hareket Öğret.,,Yaşar Volkan Arıncı,STD,Pazartesi,13:30/15:29,,25,25,,"BIO, BIOE, BLG, BLGE, CAB, CEV, CEVE, CHZ, CHZE, DEN, DENE, DUI, DUIE, ECNE, EHB, EHBE, ELE, ELH, ELK, ELKE, END, ENDE, EUT, EUTE, FIZ, FIZE, GEM, GEME, GEO, GEOE, GID, GIDE, GMI, GMIE, ICM, IML, IMLE, INS, INSE, ISL, ISLE, JDF, JEF, JEFE, JEO, JEOE, KIM, KIME, KMM, KMME, KMP, KOM, KOME, MAD, MADE, MAK, MAKE, MAT, MATE, MET, METE, MIM, MIME, MTO, MTOE, MUT, MUZ, PEM, PEME, PET, PETE, SBP, SBPE, SES, TEB, TEK, TEKE, TEL, THO, UCK, UCKE, UZB, UZBE",,
15498,BEB 116,BEB,LS,Badminton Temel Beceri Eğitimi,,Murat Bilgin,SLN-V,Salı,15:30/17:29,,12,12,,"BIO, BIOE, BLG, BLGE, CAB, CEV, CEVE, CHZ, CHZE, DEN, DENE, DUI, DUIE, ECNE, EHB, EHBE, ELE, ELH, ELK, ELKE, END, ENDE, EUT, EUTE, FIZ, FIZE, GEM, GEME, GEO, GEOE, GID, GIDE, GMI, GMIE, ICM, IML, IMLE, INS, INSE, ISL, ISLE, JDF, JEF, JEFE, JEO, JEOE, KIM, KIME, KMM, KMME, KMP, KOM, KOME, MAD, MADE, MAK, MAKE, MAT, MATE, MET, METE, MIM, MIME, MTO, MTOE, MUT, MUZ, PEM, PEME, PET, PETE, SBP, SBPE, SES, TEB, TEK, TEKE, TEL, THO, UCK, UCKE, UZB, UZBE",,
15500,JPN 101,JPN,LS,Japonca I,,Salih Kirazoğlu,INB,Perşembe,13:30/17:29,,30,15,,Tüm Lisans ve Lisansüstü Programlar,,
15510,CAB 1101,CAB,LS,Keman I,,Ahmet Hakan Şensoy,TMB,Pazartesi,10:30/12:29,,5,5,,"MTR, MUT, MUZ",,
15511,CAB 177,CAB,LS,Piyano I,,Devlet Devrim Öztaş,TMB,Pazartesi,08:30/10:29,,17,17,,"DUI, MTR, MUT, MUZ, SES",,
15512,BIL 109,BIL,LS,Bilgisayar,,Ali Yayla,TMB,Perşembe,15:30/17:29,,30,30,,"CAB, KMP, MTR, MUT, MUZ, SES, THO",,
15515,BIL 112E,BIL,LS,Intr.to Prog.Language(FORTRAN),,Mehmet Kerim Ramazanoğlu,MDB,Pazartesi,14:30/17:29,,25,19,,"FIZ, FIZE",,
15516,KON 309E,KON,LS,Microcontroller Systems,,Emre Dincel,EEB,Salı,08:30/12:29,,40,17,,"KOM, KOME, MKN",,
15517,MUZ 311,MUZ,LS,Folklor ve Etnografya,,Eray Cömert,TMB | TMB,Salı | Perşembe,13:30/15:29 | 08:30/09:29,,15,2,,"ETMM, MUZ",,
15518,INS 322,INS,LS,Betonarme I,,Fatih Sütcü,INB | INB,Perşembe | Cuma,15:30/17:29 | 10:30/12:29,,50,34,,INS,,
15519,IML 325E,IML,LS,Measurements & Instrumentation,,Bülent Bölat,MKB | MKB,Salı | Cuma,16:30/17:29 | 13:30/15:29,,60,81,,"IML, IMLE, MAK, MAKE",,
15520,GMI 223,GMI,LS,Makine Elemanları,,Vural Ateş,DZB,Pazartesi,08:30/10:29,,40,42,,GMI,,
15523,MAK 111,MAK,LS,Makina Mühendisliğine Giriş,,İsmail Yalçın Uralcan,MKB,Çarşamba,14:30/15:29,,20,23,,"MAK, MAKM",,
15524,MAK 353E,MAK,LS,Manufacturing Processes,,--,MKB | MKB,Perşembe | Cuma,08:30/10:29 | 10:30/12:29,,0,3,,"MAKE, MAKM",,
15525,MAK 4034E,MAK,LS,Welding Dsgn&Manufac.;,,--,MKB | MKB,Pazartesi | Çarşamba,08:30/10:29 | 12:30/13:29,,0,1,,"IMLE, MAKE",,
15526,AKM 208,AKM,LS,Akışkanlar Mekaniği I,,Sertaç Çadırcı,MKB | MKB,Pazartesi | Çarşamba,10:30/12:29 | 11:30/12:29,,20,8,,"MAK, MAKM, UCK",,
15529,CAB 187,CAB,LS,Gitar I,,Tufan Kurdoğlu,TMB,Çarşamba,13:30/15:29,,5,1,,"CGM2, CGM6, CGM7, CGM8, DUI, MTR, MUT, MUZ",,
15530,CAB 1101,CAB,LS,Keman I,,Ahmet Hakan Şensoy,TMB,Pazartesi,08:30/10:29,,5,3,,"MTR, MUT, MUZ",,
15531,DUI 208E,DUI,LS,Cargo&Crew; Safety,,Tanzer Satır,DZB,Çarşamba,13:30/15:29,,15,5,,DUI,,
15532,MUT 201,MUT,LS,Kemane Yapımı,,Ahmet Tunç Buyruklar,TMB,,/,,5,1,,"MTMY, MUT",,
15533,MUT 363,MUT,LS,Serbest Proje Çalışması I,,Taylan Özdemir,TMB,,/,,5,2,,MUT,,
15534,CAB 249,CAB,LS,Gitar III,,Tolgahan Çoğulu,TMB,,/,,5,1,,CAB,,
15535,CAB 193,CAB,LS,Zurna I,,Ünal Yürük,TMB,Pazartesi,15:30/17:29,,5,1,,"MUZ, THO",,
15536,EUT 492E,EUT,LS,Graduation Project,,Ekrem Cem Alppay,MMB,,/,,500,1,,"EUT, EUTE",,
15537,BIL 100E,BIL,LS,Intr.to Prog.Language(PYTHON),,Bahadır Uğurlu,GDB,Cuma,09:30/12:29,,40,31,,"GEM, GEME",,
15538,MST 321,MST,LS,Org.Mang.&Behavior; ..,,Selim Aksoy,DZB,Salı,13:30/15:29,,45,21,,"DUIK, GEMK, GMIK, MEN, MTM, NAE",,
15539,DUI 232,DUI,LS,Gemi Elektroniği,,Melek Ertogan,DZB,Çarşamba,11:30/13:29,,15,5,,DUI,,
15541,THO 3217,THO,LS,Zeybek I,,Cumhur Sevinç,TMB | TMB,Çarşamba | Perşembe,08:30/10:29 | 08:30/10:29,,5,1,,THO,,
15542,THO 3115,THO,LS,Türk Halk Oyunları V,,Bülent Kurtişoğlu,TMB | TMB,Pazartesi | Salı,15:30/17:29 | 08:30/10:29,,5,1,,THO,,
15543,AKM 204E,AKM,LS,Fluid Mechanics,,Oral Yağcı,INB | INB,Salı | Perşembe,10:30/12:29 | 10:30/11:29,,20,18,,"CEV, CEVE, CHZ, CHZE, FIZ, FIZE, GID, GIDE, IML, IMLE, INS, INSE, JEF, KMM, KMME, MAD, MTO, MTOE, PET, PETE, TEK, TEKE, UCK, UZB",,
15544,CAB 358,CAB,LS,Bağlama VI,,--,TMB,Salı,10:30/12:29,,0,0,,"CGM1, CGM6, CGM7, CGM8, MTR, MUT, SES",,
15546,END 432E,END,LS,Facility Layout,,Seda Yanık,MDB,Çarşamba,09:30/12:29,,30,13,,"END, ENDE, IML, IMLE",,
15547,MST 401,MST,LS,Maritime Safety,,Levent Beden,DZB,Cuma,08:30/11:29,,45,26,,"DUIK, GMIK, MEN, MTM",,
15549,STA 201E,STA,LS,Statics,,Cemil Kurtcebe,UUB,Cuma,14:30/17:29,,30,12,,"UCK, UCKE, UZB, UZBE",,
15550,GEM 407E,GEM,LS,Methods of Ship Production,,--,GDB,Perşembe,09:30/12:29,,0,0,,"GEM, GEME",,
15552,MAK 226,MAK,LS,Termodinamik II,,Yakup Erhan Böke,MKB,Salı,09:30/12:29,,15,17,,MAK,,
15553,MAK 360E,MAK,LS,Applied Thermodynamics,,İsmail Yalçın Uralcan,MKB,Salı,09:30/12:29,,3,2,,MAKE,,
15554,STA 201,STA,LS,Statik,,Sevinç Ayşe Zaloğlu,MKB | MKB,Salı | Perşembe,13:30/15:29 | 16:30/17:29,,20,9,,"DEN, EHB, ELE, ELH, GEM, GEMM, JEO, MAK, MAKM, MKN, TEK, TEL, UCK, UCKM, UZB, UZBM",,
15557,PEM 320E,PEM,LS,Comp.Aided Landscape Architec.,,Muhammed Ali Örnek,MMB,Cuma,09:30/12:29,,12,12,,"PEM, PEME",,
15559,GID 212E,GID,LS,Thermodynamics,,--,KMB,Cuma,08:30/12:29,,0,0,,GIDE,,
15560,KMM 434,KMM,LS,"Kalite,Çevre ve Güvenlik",,--,KMB,Pazartesi,09:30/12:29,,0,0,,"KMM, KMMM",,
15561,MUK 209E,MUK,LS,Strength of Materials I,,Adil Yücel,MKB,Perşembe,08:30/12:29,,2,1,,"MAKE, MAKM",,
15563,INS 101,INS,LS,Teknik Resim,,Bahattin Kimençe,INB | INB,Salı | Çarşamba,12:30/13:29 | 10:30/12:29,,20,20,,INS,,
15564,INS 107E,INS,LS,Int. to Prog. Lang. (Python),,Tolga Yılmaz Özüdoğru,INB | INB,Pazartesi | Cuma,11:30/13:29 | 11:30/12:29,,67,67,,"INS, INSE",,
15565,INS 107E,INS,LS,Int. to Prog. Lang. (Python),,Gökhan Çevikbilen,INB | INB,Pazartesi | Çarşamba,13:30/15:29 | 12:30/13:29,,48,48,,"INS, INSE",,
15569,FIZ 421E,FIZ,LS,Advanced Physics Project Lab.,,Mehmet Özkan,FEB | FEB,Pazartesi | Salı,10:30/12:29 | 08:30/10:29,,1,1,,"FIZ, FIZE",,
15570,FIZ 421E,FIZ,LS,Advanced Physics Project Lab.,,Mehmet Özkan,FEB | FEB | FEB | FEB,Pazartesi | Salı | Çarşamba | Perşembe,12:30/13:29 | 12:30/13:29 | 12:30/13:29 | 12:30/13:29,,2,2,,"FIZ, FIZE",,
15571,FIZ 421E,FIZ,LS,Advanced Physics Project Lab.,,Kazım Yavuz Ekşi,FEB | FEB,Pazartesi | Pazartesi,10:30/12:29 | 13:30/15:29,,1,1,,"FIZ, FIZE",,
15572,FIZ 421E,FIZ,LS,Advanced Physics Project Lab.,,Tolga Birkandan,FEB,Cuma,12:30/16:29,,2,2,,"FIZ, FIZE",,
15573,FIZ 421,FIZ,LS,İleri Fizik Proje Laboratuarı,,Demet Aktaş,FEB | FEB,Perşembe | Cuma,14:30/16:29 | 11:30/13:29,,1,1,,FIZ,,
15574,FIZ 421,FIZ,LS,İleri Fizik Proje Laboratuarı,,Hakan Özgür Özer,FEB | FEB,Pazartesi | Cuma,10:30/12:29 | 11:30/13:29,,1,1,,FIZ,,
15575,FIZ 421,FIZ,LS,İleri Fizik Proje Laboratuarı,,Gönül Eryürek,FEB,Pazartesi,10:30/14:29,,1,1,,FIZ,,
15576,FIZ 421E,FIZ,LS,Advanced Physics Project Lab.,,Tolga Birkandan,FEB | FEB,Pazartesi | Çarşamba,10:30/13:29 | 13:30/14:29,,1,1,,"FIZ, FIZE",,
15577,FIZ 421,FIZ,LS,İleri Fizik Proje Laboratuarı,,Mustafa Özdemir,FEB | FEB,Pazartesi | Salı,10:30/13:29 | 09:30/10:29,,1,1,,FIZ,,
15578,FIZ 421,FIZ,LS,İleri Fizik Proje Laboratuarı,,Mustafa Özdemir,FEB | FEB,Salı | Perşembe,10:30/12:29 | 10:30/12:29,,2,2,,FIZ,,
15579,FIZ 421E,FIZ,LS,Advanced Physics Project Lab.,,Kerem Cankoçak,FEB,Çarşamba,08:30/12:29,,1,1,,"FIZ, FIZE",,
15580,FIZ 421,FIZ,LS,İleri Fizik Proje Laboratuarı,,Şaziye Uğur,FEB | FEB,Pazartesi | Cuma,10:30/12:29 | 12:30/14:29,,1,1,,FIZ,,
15581,FIZ 421E,FIZ,LS,Advanced Physics Project Lab.,,İbrahim Türhan,FEB,Pazartesi,10:30/14:29,,1,1,,"FIZ, FIZE",,
15582,FIZ 421,FIZ,LS,İleri Fizik Proje Laboratuarı,,Şaziye Uğur,FEB | FEB,Pazartesi | Çarşamba,13:30/15:29 | 11:30/13:29,,1,1,,FIZ,,
15583,FIZ 421E,FIZ,LS,Advanced Physics Project Lab.,,Ali Gelir,FEB | FEB,Pazartesi | Salı,10:30/11:29 | 10:30/13:29,,1,1,,"FIZ, FIZE",,
15584,FIZ 421,FIZ,LS,İleri Fizik Proje Laboratuarı,,Mehmet Cem Güçlü,FEB,Salı,08:30/12:29,,1,1,,FIZ,,
15585,FIZ 421E,FIZ,LS,Advanced Physics Project Lab.,,Yaşar Yılmaz,FEB | FEB,Pazartesi | Perşembe,10:30/12:29 | 10:30/12:29,,1,1,,"FIZ, FIZE",,
15586,FIZ 421E,FIZ,LS,Advanced Physics Project Lab.,,Sevtap Yıldız Özbek,FEB,Cuma,09:30/13:29,,1,1,,"FIZ, FIZE",,
15587,FIZ 421E,FIZ,LS,Advanced Physics Project Lab.,,Neşe Özdemir,FEB | FEB,Salı | Perşembe,08:30/10:29 | 08:30/10:29,,1,1,,"FIZ, FIZE",,
15588,TER 201E,TER,LS,Thermodynamics,,Hamza Salih Erden,MDB,Çarşamba,08:30/11:29,,67,74,,"CEV, CEVE, CHZ, CHZE, DEN, DENE, GEM, GEME, GEMK, INS, ISL, ISLE, JEF, JEO, JEOE, KMM, KMME, KOM, KOME, KON, KONE, MAD, PET, PETE, TEKE",,
15590,GEM 101,GEM,LS,Gemi İnş.&Gem.Mak.M;..,,Erdem Üçer,GDB,Salı,10:30/12:29,,45,40,,GEM,,
