CRN,Ders Kodu,Branş,Seviye,Ders Adı,Öğretim Yöntemi,Öğretim Üyesi,Bina,Gün,Saat,Derslik,Kontenjan,Yazılan,Rezervasyon,Alabilen Programlar,Önşart,Sınıf/Kredi Önşartı
20003,ING 100,ING,LS,EAP Through Global Goals,,Sibel Dursun,MED,Cuma,18:30/21:29,,3500,603,,"ARC_LS, BIOE_LS, BLG_LS, BLGE_LS, CEN_LS, CEV_LS, CEVE_LS, CHZ_LS, DEN_LS, ECNE_LS, EEE_LS, EFN_LS, EHB_LS, EHBE_LS, ELK_LS, ELKE_LS, END_LS, ENDE_LS, ENTE_LS, EUTE_LS, FIZ_LS, GEM_LS, GEO_LS, GEOE_LS, GID_LS, HTA_LS, HTAE_LS, IAD_LS, IBM_LS, ICM_LS, IND_LS, INS_LS, INSE_LS, ISL_LS, ISLE_LS, JEF_LS, JEO_LS, KIM_LS, KMM_LS, KOM_LS, KOME_LS, MAD_LS, MAK_LS, MAT_LS, MET_LS, METE_LS, MIM_LS, MIME_LS, MMD_LS, MTO_LS, NAE_LS, PEME_LS, PETE_LS, ROS_LS, ROSE_LS, SAO_OL, SBP_LS, SBPE_LS, SECE_LS, TEKE_LS, UCK_LS, UZBE_LS, VBAE_LS, YZVE_LS",,
20004,ULP 102,ULP,LS,NewBeg.Fresh.Sem.&Serv toL. II,,Yüksel Çakır,MED,Pazartesi,18:30/20:29,,4,4,,"MBI_LS, SBL_LS, SCE_LS, SEK_LS, SEN_LS, SIN_LS, SIS_LS, SMT_LS, STP_LS",,
20006,ULP 102,ULP,LS,NewBeg.Fresh.Sem.&Serv toL. II,,Ata Bilgili,MED,Pazartesi,18:30/20:29,,6,6,,"MBI_LS, SBL_LS, SCE_LS, SDU_LS, SEK_LS, SEN_LS, SGM_LS, SIN_LS, SIS_LS, SMT_LS, STP_LS",,
20018,ING 100,ING,LS,EAP Through Global Goals,,Sibel Dursun,MED,Pazartesi,08:30/11:29,,22,22,,"BIOE_LS, BLG_LS, BLGE_LS, CEV_LS, CEVE_LS, CHZ_LS, DEN_LS, ECNE_LS, EHB_LS, EHBE_LS, ELK_LS, ELKE_LS, END_LS, ENDE_LS, ENTE_LS, EUTE_LS, FIZ_LS, GEM_LS, GEO_LS, GEOE_LS, GID_LS, HTA_LS, HTAE_LS, IBM_LS, ICM_LS, INS_LS, INSE_LS, ISL_LS, ISLE_LS, JEF_LS, JEO_LS, KIM_LS, KMM_LS, KOM_LS, KOME_LS, MAD_LS, MAK_LS, MAT_LS, MET_LS, METE_LS, MIM_LS, MIME_LS, MTO_LS, PEME_LS, PETE_LS, ROS_LS, ROSE_LS, SAO_OL, SBP_LS, SBPE_LS, SECE_LS, TEKE_LS, UCK_LS, UZBE_LS, VBAE_LS, YZVE_LS",,
20019,ING 100,ING,LS,EAP Through Global Goals,,Pelin Gökalp Yılmazer,MED,Pazartesi,08:30/11:29,,22,22,,"BIOE_LS, BLG_LS, BLGE_LS, CEV_LS, CEVE_LS, CHZ_LS, DEN_LS, ECNE_LS, EHB_LS, EHBE_LS, ELK_LS, ELKE_LS, END_LS, ENDE_LS, ENTE_LS, EUTE_LS, FIZ_LS, GEM_LS, GEO_LS, GEOE_LS, GID_LS, HTA_LS, HTAE_LS, IBM_LS, ICM_LS, INS_LS, INSE_LS, ISL_LS, ISLE_LS, JEF_LS, JEO_LS, KIM_LS, KMM_LS, KOM_LS, KOME_LS, MAD_LS, MAK_LS, MAT_LS, MET_LS, METE_LS, MIM_LS, MIME_LS, MTO_LS, PEME_LS, PETE_LS, ROS_LS, ROSE_LS, SAO_OL, SBP_LS, SBPE_LS, SECE_LS, TEKE_LS, UCK_LS, UZBE_LS, VBAE_LS, YZVE_LS",,
20020,ING 100,ING,LS,EAP Through Global Goals,,Zeynep Kurular,MED,Pazartesi,08:30/11:29,,22,22,,"BIOE_LS, BLG_LS, BLGE_LS, CEV_LS, CEVE_LS, CHZ_LS, DEN_LS, ECNE_LS, EHB_LS, EHBE_LS, ELK_LS, ELKE_LS, END_LS, ENDE_LS, ENTE_LS, EUTE_LS, FIZ_LS, GEM_LS, GEO_LS, GEOE_LS, GID_LS, HTA_LS, HTAE_LS, IBM_LS, ICM_LS, INS_LS, INSE_LS, ISL_LS, ISLE_LS, JEF_LS, JEO_LS, KIM_LS, KMM_LS, KOM_LS, KOME_LS, MAD_LS, MAK_LS, MAT_LS, MET_LS, METE_LS, MIM_LS, MIME_LS, MTO_LS, PEME_LS, PETE_LS, ROS_LS, ROSE_LS, SAO_OL, SBP_LS, SBPE_LS, SECE_LS, TEKE_LS, UCK_LS, UZBE_LS, VBAE_LS, YZVE_LS",,
20021,ING 100,ING,LS,EAP Through Global Goals,,Nurçin Ramadanoğlu,MED,Pazartesi,13:30/16:29,,22,21,,"BIOE_LS, BLG_LS, BLGE_LS, CEV_LS, CEVE_LS, CHZ_LS, DEN_LS, ECNE_LS, EHB_LS, EHBE_LS, ELK_LS, ELKE_LS, END_LS, ENDE_LS, ENTE_LS, EUTE_LS, FIZ_LS, GEM_LS, GEO_LS, GEOE_LS, GID_LS, HTA_LS, HTAE_LS, IBM_LS, ICM_LS, INS_LS, INSE_LS, ISL_LS, ISLE_LS, JEF_LS, JEO_LS, KIM_LS, KMM_LS, KOM_LS, KOME_LS, MAD_LS, MAK_LS, MAT_LS, MET_LS, METE_LS, MIM_LS, MIME_LS, MTO_LS, PEME_LS, PETE_LS, ROS_LS, ROSE_LS, SAO_OL, SBP_LS, SBPE_LS, SECE_LS, TEKE_LS, UCK_LS, UZBE_LS, VBAE_LS, YZVE_LS",,
20022,ING 100,ING,LS,EAP Through Global Goals,,Esra Sancak,MED,Pazartesi,13:30/16:29,,22,22,,"BIOE_LS, BLG_LS, BLGE_LS, CEV_LS, CEVE_LS, CHZ_LS, DEN_LS, ECNE_LS, EHB_LS, EHBE_LS, ELK_LS, ELKE_LS, END_LS, ENDE_LS, ENTE_LS, EUTE_LS, FIZ_LS, GEM_LS, GEO_LS, GEOE_LS, GID_LS, HTA_LS, HTAE_LS, IBM_LS, ICM_LS, INS_LS, INSE_LS, ISL_LS, ISLE_LS, JEF_LS, JEO_LS, KIM_LS, KMM_LS, KOM_LS, KOME_LS, MAD_LS, MAK_LS, MAT_LS, MET_LS, METE_LS, MIM_LS, MIME_LS, MTO_LS, PEME_LS, PETE_LS, ROS_LS, ROSE_LS, SAO_OL, SBP_LS, SBPE_LS, SECE_LS, TEKE_LS, UCK_LS, UZBE_LS, VBAE_LS, YZVE_LS",,
20023,ING 100,ING,LS,EAP Through Global Goals,,Hatice Bahar Mendi Ünver,MED,Salı,08:30/11:29,,22,22,,"BIOE_LS, BLG_LS, BLGE_LS, CEV_LS, CEVE_LS, CHZ_LS, DEN_LS, ECNE_LS, EHB_LS, EHBE_LS, ELK_LS, ELKE_LS, END_LS, ENDE_LS, ENTE_LS, EUTE_LS, FIZ_LS, GEM_LS, GEO_LS, GEOE_LS, GID_LS, HTA_LS, HTAE_LS, IBM_LS, ICM_LS, INS_LS, INSE_LS, ISL_LS, ISLE_LS, JEF_LS, JEO_LS, KIM_LS, KMM_LS, KOM_LS, KOME_LS, MAD_LS, MAK_LS, MAT_LS, MET_LS, METE_LS, MIM_LS, MIME_LS, MTO_LS, PEME_LS, PETE_LS, ROS_LS, ROSE_LS, SAO_OL, SBP_LS, SBPE_LS, SECE_LS, TEKE_LS, UCK_LS, UZBE_LS, VBAE_LS, YZVE_LS",,
20024,ING 100,ING,LS,EAP Through Global Goals,,Damla Aslı Altan,MED,Salı,08:30/11:29,,22,21,,"BIOE_LS, BLG_LS, BLGE_LS, CEV_LS, CEVE_LS, CHZ_LS, DEN_LS, ECNE_LS, EHB_LS, EHBE_LS, ELK_LS, ELKE_LS, END_LS, ENDE_LS, ENTE_LS, EUTE_LS, FIZ_LS, GEM_LS, GEO_LS, GEOE_LS, GID_LS, HTA_LS, HTAE_LS, IBM_LS, ICM_LS, INS_LS, INSE_LS, ISL_LS, ISLE_LS, JEF_LS, JEO_LS, KIM_LS, KMM_LS, KOM_LS, KOME_LS, MAD_LS, MAK_LS, MAT_LS, MET_LS, METE_LS, MIM_LS, MIME_LS, MTO_LS, PEME_LS, PETE_LS, ROS_LS, ROSE_LS, SAO_OL, SBP_LS, SBPE_LS, SECE_LS, TEKE_LS, UCK_LS, UZBE_LS, VBAE_LS, YZVE_LS",,
20025,ING 100,ING,LS,EAP Through Global Goals,,Hacer Şivil,MED,Salı,08:30/11:29,,22,15,,"BIOE_LS, BLG_LS, BLGE_LS, CEV_LS, CEVE_LS, CHZ_LS, DEN_LS, ECNE_LS, EHB_LS, EHBE_LS, ELK_LS, ELKE_LS, END_LS, ENDE_LS, ENTE_LS, EUTE_LS, FIZ_LS, GEM_LS, GEO_LS, GEOE_LS, GID_LS, HTA_LS, HTAE_LS, IBM_LS, ICM_LS, INS_LS, INSE_LS, ISL_LS, ISLE_LS, JEF_LS, JEO_LS, KIM_LS, KMM_LS, KOM_LS, KOME_LS, MAD_LS, MAK_LS, MAT_LS, MET_LS, METE_LS, MIM_LS, MIME_LS, MTO_LS, PEME_LS, PETE_LS, ROS_LS, ROSE_LS, SAO_OL, SBP_LS, SBPE_LS, SECE_LS, TEKE_LS, UCK_LS, UZBE_LS, VBAE_LS, YZVE_LS",,
20026,ING 100,ING,LS,EAP Through Global Goals,,Esra Sancak,MED,Salı,13:30/16:29,,22,22,,"BIOE_LS, BLG_LS, BLGE_LS, CEV_LS, CEVE_LS, CHZ_LS, DEN_LS, ECNE_LS, EHB_LS, EHBE_LS, ELK_LS, ELKE_LS, END_LS, ENDE_LS, ENTE_LS, EUTE_LS, FIZ_LS, GEM_LS, GEO_LS, GEOE_LS, GID_LS, HTA_LS, HTAE_LS, IBM_LS, ICM_LS, INS_LS, INSE_LS, ISL_LS, ISLE_LS, JEF_LS, JEO_LS, KIM_LS, KMM_LS, KOM_LS, KOME_LS, MAD_LS, MAK_LS, MAT_LS, MET_LS, METE_LS, MIM_LS, MIME_LS, MTO_LS, PEME_LS, PETE_LS, ROS_LS, ROSE_LS, SAO_OL, SBP_LS, SBPE_LS, SECE_LS, TEKE_LS, UCK_LS, UZBE_LS, VBAE_LS, YZVE_LS",,
20027,ING 100,ING,LS,EAP Through Global Goals,,Gamze Moran,MED,Salı,13:30/16:29,,22,22,,"BIOE_LS, BLG_LS, BLGE_LS, CEV_LS, CEVE_LS, CHZ_LS, DEN_LS, ECNE_LS, EHB_LS, EHBE_LS, ELK_LS, ELKE_LS, END_LS, ENDE_LS, ENTE_LS, EUTE_LS, FIZ_LS, GEM_LS, GEO_LS, GEOE_LS, GID_LS, HTA_LS, HTAE_LS, IBM_LS, ICM_LS, INS_LS, INSE_LS, ISL_LS, ISLE_LS, JEF_LS, JEO_LS, KIM_LS, KMM_LS, KOM_LS, KOME_LS, MAD_LS, MAK_LS, MAT_LS, MET_LS, METE_LS, MIM_LS, MIME_LS, MTO_LS, PEME_LS, PETE_LS, ROS_LS, ROSE_LS, SAO_OL, SBP_LS, SBPE_LS, SECE_LS, TEKE_LS, UCK_LS, UZBE_LS, VBAE_LS, YZVE_LS",,
20028,ING 100,ING,LS,EAP Through Global Goals,,Hatice Bahar Mendi Ünver,MED,Çarşamba,08:30/11:29,,22,21,,"BIOE_LS, BLG_LS, BLGE_LS, CEV_LS, CEVE_LS, CHZ_LS, DEN_LS, ECNE_LS, EHB_LS, EHBE_LS, ELK_LS, ELKE_LS, END_LS, ENDE_LS, ENTE_LS, EUTE_LS, FIZ_LS, GEM_LS, GEO_LS, GEOE_LS, GID_LS, HTA_LS, HTAE_LS, IBM_LS, ICM_LS, INS_LS, INSE_LS, ISL_LS, ISLE_LS, JEF_LS, JEO_LS, KIM_LS, KMM_LS, KOM_LS, KOME_LS, MAD_LS, MAK_LS, MAT_LS, MET_LS, METE_LS, MIM_LS, MIME_LS, MTO_LS, PEME_LS, PETE_LS, ROS_LS, ROSE_LS, SAO_OL, SBP_LS, SBPE_LS, SECE_LS, TEKE_LS, UCK_LS, UZBE_LS, VBAE_LS, YZVE_LS",,
20029,ING 100,ING,LS,EAP Through Global Goals,,Yasemin Yılmaz Yüksek,MED,Çarşamba,08:30/11:29,,22,14,,"BIOE_LS, BLG_LS, BLGE_LS, CEV_LS, CEVE_LS, CHZ_LS, DEN_LS, ECNE_LS, EHB_LS, EHBE_LS, ELK_LS, ELKE_LS, END_LS, ENDE_LS, ENTE_LS, EUTE_LS, FIZ_LS, GEM_LS, GEO_LS, GEOE_LS, GID_LS, HTA_LS, HTAE_LS, IBM_LS, ICM_LS, INS_LS, INSE_LS, ISL_LS, ISLE_LS, JEF_LS, JEO_LS, KIM_LS, KMM_LS, KOM_LS, KOME_LS, MAD_LS, MAK_LS, MAT_LS, MET_LS, METE_LS, MIM_LS, MIME_LS, MTO_LS, PEME_LS, PETE_LS, ROS_LS, ROSE_LS, SAO_OL, SBP_LS, SBPE_LS, SECE_LS, TEKE_LS, UCK_LS, UZBE_LS, VBAE_LS, YZVE_LS",,
20030,ING 100,ING,LS,EAP Through Global Goals,,Zeynep Kurular,MED,Çarşamba,08:30/11:29,,22,16,,"BIOE_LS, BLG_LS, BLGE_LS, CEV_LS, CEVE_LS, CHZ_LS, DEN_LS, ECNE_LS, EHB_LS, EHBE_LS, ELK_LS, ELKE_LS, END_LS, ENDE_LS, ENTE_LS, EUTE_LS, FIZ_LS, GEM_LS, GEO_LS, GEOE_LS, GID_LS, HTA_LS, HTAE_LS, IBM_LS, ICM_LS, INS_LS, INSE_LS, ISL_LS, ISLE_LS, JEF_LS, JEO_LS, KIM_LS, KMM_LS, KOM_LS, KOME_LS, MAD_LS, MAK_LS, MAT_LS, MET_LS, METE_LS, MIM_LS, MIME_LS, MTO_LS, PEME_LS, PETE_LS, ROS_LS, ROSE_LS, SAO_OL, SBP_LS, SBPE_LS, SECE_LS, TEKE_LS, UCK_LS, UZBE_LS, VBAE_LS, YZVE_LS",,
20031,ING 100,ING,LS,EAP Through Global Goals,,Özlem Ayar Gemalmaz,MED,Perşembe,08:30/11:29,,22,22,,"BIOE_LS, BLG_LS, BLGE_LS, CEV_LS, CEVE_LS, CHZ_LS, DEN_LS, ECNE_LS, EHB_LS, EHBE_LS, ELK_LS, ELKE_LS, END_LS, ENDE_LS, ENTE_LS, EUTE_LS, FIZ_LS, GEM_LS, GEO_LS, GEOE_LS, GID_LS, HTA_LS, HTAE_LS, IBM_LS, ICM_LS, INS_LS, INSE_LS, ISL_LS, ISLE_LS, JEF_LS, JEO_LS, KIM_LS, KMM_LS, KOM_LS, KOME_LS, MAD_LS, MAK_LS, MAT_LS, MET_LS, METE_LS, MIM_LS, MIME_LS, MTO_LS, PEME_LS, PETE_LS, ROS_LS, ROSE_LS, SAO_OL, SBP_LS, SBPE_LS, SECE_LS, TEKE_LS, UCK_LS, UZBE_LS, VBAE_LS, YZVE_LS",,
20032,ING 100,ING,LS,EAP Through Global Goals,,Sibel Dursun,MED,Perşembe,08:30/11:29,,22,21,,"BIOE_LS, BLG_LS, BLGE_LS, CEV_LS, CEVE_LS, CHZ_LS, DEN_LS, ECNE_LS, EHB_LS, EHBE_LS, ELK_LS, ELKE_LS, END_LS, ENDE_LS, ENTE_LS, EUTE_LS, FIZ_LS, GEM_LS, GEO_LS, GEOE_LS, GID_LS, HTA_LS, HTAE_LS, IBM_LS, ICM_LS, INS_LS, INSE_LS, ISL_LS, ISLE_LS, JEF_LS, JEO_LS, KIM_LS, KMM_LS, KOM_LS, KOME_LS, MAD_LS, MAK_LS, MAT_LS, MET_LS, METE_LS, MIM_LS, MIME_LS, MTO_LS, PEME_LS, PETE_LS, ROS_LS, ROSE_LS, SAO_OL, SBP_LS, SBPE_LS, SECE_LS, TEKE_LS, UCK_LS, UZBE_LS, VBAE_LS, YZVE_LS",,
20033,ING 100,ING,LS,EAP Through Global Goals,,Emine Sari Altındağ,MED,Perşembe,08:30/11:29,,22,21,,"BIOE_LS, BLG_LS, BLGE_LS, CEV_LS, CEVE_LS, CHZ_LS, DEN_LS, ECNE_LS, EHB_LS, EHBE_LS, ELK_LS, ELKE_LS, END_LS, ENDE_LS, ENTE_LS, EUTE_LS, FIZ_LS, GEM_LS, GEO_LS, GEOE_LS, GID_LS, HTA_LS, HTAE_LS, IBM_LS, ICM_LS, INS_LS, INSE_LS, ISL_LS, ISLE_LS, JEF_LS, JEO_LS, KIM_LS, KMM_LS, KOM_LS, KOME_LS, MAD_LS, MAK_LS, MAT_LS, MET_LS, METE_LS, MIM_LS, MIME_LS, MTO_LS, PEME_LS, PETE_LS, ROS_LS, ROSE_LS, SAO_OL, SBP_LS, SBPE_LS, SECE_LS, TEKE_LS, UCK_LS, UZBE_LS, VBAE_LS, YZVE_LS",,
20034,ING 100,ING,LS,EAP Through Global Goals,,Nurçin Ramadanoğlu,MED,Perşembe,13:30/16:29,,22,22,,"BIOE_LS, BLG_LS, BLGE_LS, CEV_LS, CEVE_LS, CHZ_LS, DEN_LS, ECNE_LS, EHB_LS, EHBE_LS, ELK_LS, ELKE_LS, END_LS, ENDE_LS, ENTE_LS, EUTE_LS, FIZ_LS, GEM_LS, GEO_LS, GEOE_LS, GID_LS, HTA_LS, HTAE_LS, IBM_LS, ICM_LS, INS_LS, INSE_LS, ISL_LS, ISLE_LS, JEF_LS, JEO_LS, KIM_LS, KMM_LS, KOM_LS, KOME_LS, MAD_LS, MAK_LS, MAT_LS, MET_LS, METE_LS, MIM_LS, MIME_LS, MTO_LS, PEME_LS, PETE_LS, ROS_LS, ROSE_LS, SAO_OL, SBP_LS, SBPE_LS, SECE_LS, TEKE_LS, UCK_LS, UZBE_LS, VBAE_LS, YZVE_LS",,
20035,ING 100,ING,LS,EAP Through Global Goals,,Hacer Şivil,MED,Perşembe,13:30/16:29,,22,22,,"BIOE_LS, BLG_LS, BLGE_LS, CEV_LS, CEVE_LS, CHZ_LS, DEN_LS, ECNE_LS, EHB_LS, EHBE_LS, ELK_LS, ELKE_LS, END_LS, ENDE_LS, ENTE_LS, EUTE_LS, FIZ_LS, GEM_LS, GEO_LS, GEOE_LS, GID_LS, HTA_LS, HTAE_LS, IBM_LS, ICM_LS, INS_LS, INSE_LS, ISL_LS, ISLE_LS, JEF_LS, JEO_LS, KIM_LS, KMM_LS, KOM_LS, KOME_LS, MAD_LS, MAK_LS, MAT_LS, MET_LS, METE_LS, MIM_LS, MIME_LS, MTO_LS, PEME_LS, PETE_LS, ROS_LS, ROSE_LS, SAO_OL, SBP_LS, SBPE_LS, SECE_LS, TEKE_LS, UCK_LS, UZBE_LS, VBAE_LS, YZVE_LS",,
20036,ING 100,ING,LS,EAP Through Global Goals,,Damla Aslı Altan,MED,Cuma,08:30/11:29,,22,19,,"BIOE_LS, BLG_LS, BLGE_LS, CEV_LS, CEVE_LS, CHZ_LS, DEN_LS, ECNE_LS, EHB_LS, EHBE_LS, ELK_LS, ELKE_LS, END_LS, ENDE_LS, ENTE_LS, EUTE_LS, FIZ_LS, GEM_LS, GEO_LS, GEOE_LS, GID_LS, HTA_LS, HTAE_LS, IBM_LS, ICM_LS, INS_LS, INSE_LS, ISL_LS, ISLE_LS, JEF_LS, JEO_LS, KIM_LS, KMM_LS, KOM_LS, KOME_LS, MAD_LS, MAK_LS, MAT_LS, MET_LS, METE_LS, MIM_LS, MIME_LS, MTO_LS, PEME_LS, PETE_LS, ROS_LS, ROSE_LS, SAO_OL, SBP_LS, SBPE_LS, SECE_LS, TEKE_LS, UCK_LS, UZBE_LS, VBAE_LS, YZVE_LS",,
20037,ING 100,ING,LS,EAP Through Global Goals,,Pelin Gökalp Yılmazer,MED,Cuma,08:30/11:29,,22,22,,"BIOE_LS, BLG_LS, BLGE_LS, CEV_LS, CEVE_LS, CHZ_LS, DEN_LS, ECNE_LS, EHB_LS, EHBE_LS, ELK_LS, ELKE_LS, END_LS, ENDE_LS, ENTE_LS, EUTE_LS, FIZ_LS, GEM_LS, GEO_LS, GEOE_LS, GID_LS, HTA_LS, HTAE_LS, IBM_LS, ICM_LS, INS_LS, INSE_LS, ISL_LS, ISLE_LS, JEF_LS, JEO_LS, KIM_LS, KMM_LS, KOM_LS, KOME_LS, MAD_LS, MAK_LS, MAT_LS, MET_LS, METE_LS, MIM_LS, MIME_LS, MTO_LS, PEME_LS, PETE_LS, ROS_LS, ROSE_LS, SAO_OL, SBP_LS, SBPE_LS, SECE_LS, TEKE_LS, UCK_LS, UZBE_LS, VBAE_LS, YZVE_LS",,
20038,ING 100,ING,LS,EAP Through Global Goals,,Aslıhan Zengin,MED,Pazartesi,13:30/16:29,,22,21,,"BIOE_LS, BLG_LS, BLGE_LS, CEV_LS, CEVE_LS, CHZ_LS, DEN_LS, ECNE_LS, EHB_LS, EHBE_LS, ELK_LS, ELKE_LS, END_LS, ENDE_LS, ENTE_LS, EUTE_LS, FIZ_LS, GEM_LS, GEO_LS, GEOE_LS, GID_LS, HTA_LS, HTAE_LS, IBM_LS, ICM_LS, INS_LS, INSE_LS, ISL_LS, ISLE_LS, JEF_LS, JEO_LS, KIM_LS, KMM_LS, KOM_LS, KOME_LS, MAD_LS, MAK_LS, MAT_LS, MET_LS, METE_LS, MIM_LS, MIME_LS, MTO_LS, PEME_LS, PETE_LS, ROS_LS, ROSE_LS, SAO_OL, SBP_LS, SBPE_LS, SECE_LS, TEKE_LS, UCK_LS, UZBE_LS, VBAE_LS, YZVE_LS",,
20039,ING 100,ING,LS,EAP Through Global Goals,,Emine Sari Altındağ,MED,Cuma,14:00/16:59,,22,22,,"BIOE_LS, BLG_LS, BLGE_LS, CEV_LS, CEVE_LS, CHZ_LS, DEN_LS, ECNE_LS, EHB_LS, EHBE_LS, ELK_LS, ELKE_LS, END_LS, ENDE_LS, ENTE_LS, EUTE_LS, FIZ_LS, GEM_LS, GEO_LS, GEOE_LS, GID_LS, HTA_LS, HTAE_LS, IBM_LS, ICM_LS, INS_LS, INSE_LS, ISL_LS, ISLE_LS, JEF_LS, JEO_LS, KIM_LS, KMM_LS, KOM_LS, KOME_LS, MAD_LS, MAK_LS, MAT_LS, MET_LS, METE_LS, MIM_LS, MIME_LS, MTO_LS, PEME_LS, PETE_LS, ROS_LS, ROSE_LS, SAO_OL, SBP_LS, SBPE_LS, SECE_LS, TEKE_LS, UCK_LS, UZBE_LS, VBAE_LS, YZVE_LS",,
20040,ING 100,ING,LS,EAP Through Global Goals,,Gamze Moran,MED,Cuma,14:00/16:59,,22,22,,"BIOE_LS, BLG_LS, BLGE_LS, CEV_LS, CEVE_LS, CHZ_LS, DEN_LS, ECNE_LS, EHB_LS, EHBE_LS, ELK_LS, ELKE_LS, END_LS, ENDE_LS, ENTE_LS, EUTE_LS, FIZ_LS, GEM_LS, GEO_LS, GEOE_LS, GID_LS, HTA_LS, HTAE_LS, IBM_LS, ICM_LS, INS_LS, INSE_LS, ISL_LS, ISLE_LS, JEF_LS, JEO_LS, KIM_LS, KMM_LS, KOM_LS, KOME_LS, MAD_LS, MAK_LS, MAT_LS, MET_LS, METE_LS, MIM_LS, MIME_LS, MTO_LS, PEME_LS, PETE_LS, ROS_LS, ROSE_LS, SAO_OL, SBP_LS, SBPE_LS, SECE_LS, TEKE_LS, UCK_LS, UZBE_LS, VBAE_LS, YZVE_LS",,
20041,ING 100,ING,LS,EAP Through Global Goals,,Aslıhan Zengin,MED,Cuma,14:00/16:59,,22,19,,"BIOE_LS, BLG_LS, BLGE_LS, CEV_LS, CEVE_LS, CHZ_LS, DEN_LS, ECNE_LS, EHB_LS, EHBE_LS, ELK_LS, ELKE_LS, END_LS, ENDE_LS, ENTE_LS, FIZ_LS, GEM_LS, GEO_LS, GEOE_LS, GID_LS, HTA_LS, HTAE_LS, IBM_LS, ICM_LS, INS_LS, INSE_LS, ISL_LS, ISLE_LS, JEF_LS, JEO_LS, KIM_LS, KMM_LS, KOM_LS, KOME_LS, MAD_LS, MAK_LS, MAT_LS, MET_LS, METE_LS, MIM_LS, MIME_LS, MTO_LS, PEME_LS, PETE_LS, ROS_LS, ROSE_LS, SAO_OL, SBP_LS, SBPE_LS, SECE_LS, TEKE_LS, UCK_LS, UZBE_LS, VBAE_LS, YZVE_LS",,
20042,ING 112A,ING,LS,Basics of Academic Writing,,Hacer Şivil,MED,Pazartesi,08:30/10:29,,27,20,,"BIOE_LS, BLG_LS, BLGE_LS, CEV_LS, CEVE_LS, CHZ_LS, DEN_LS, ECNE_LS, EHB_LS, EHBE_LS, ELK_LS, ELKE_LS, END_LS, ENDE_LS, ENTE_LS, EUTE_LS, FIZ_LS, GEM_LS, GEO_LS, GEOE_LS, GID_LS, HTA_LS, HTAE_LS, IBM_LS, ICM_LS, INS_LS, INSE_LS, ISL_LS, ISLE_LS, JEF_LS, JEO_LS, KIM_LS, KMM_LS, KOM_LS, KOME_LS, MAD_LS, MAK_LS, MAT_LS, MET_LS, METE_LS, MIM_LS, MIME_LS, MTO_LS, PEME_LS, PETE_LS, ROS_LS, ROSE_LS, SAO_OL, SBP_LS, SBPE_LS, SECE_LS, TEKE_LS, UCK_LS, UZBE_LS, VBAE_LS, YZVE_LS",,
20043,ING 112A,ING,LS,Basics of Academic Writing,,Yurdanur Toktaş,MED,Pazartesi,08:30/10:29,,27,27,,"BIOE_LS, BLG_LS, BLGE_LS, CEV_LS, CEVE_LS, CHZ_LS, DEN_LS, ECNE_LS, EHB_LS, EHBE_LS, ELK_LS, ELKE_LS, END_LS, ENDE_LS, ENTE_LS, EUTE_LS, FIZ_LS, GEM_LS, GEO_LS, GEOE_LS, GID_LS, HTA_LS, HTAE_LS, IBM_LS, ICM_LS, INS_LS, INSE_LS, ISL_LS, ISLE_LS, JEF_LS, JEO_LS, KIM_LS, KMM_LS, KOM_LS, KOME_LS, MAD_LS, MAK_LS, MAT_LS, MET_LS, METE_LS, MIM_LS, MIME_LS, MTO_LS, PEME_LS, PETE_LS, ROS_LS, ROSE_LS, SAO_OL, SBP_LS, SBPE_LS, SECE_LS, TEKE_LS, UCK_LS, UZBE_LS, VBAE_LS, YZVE_LS",,
20044,ING 112A,ING,LS,Basics of Academic Writing,,Nurçin Ramadanoğlu,MED,Pazartesi,08:30/10:29,,27,27,,"BIOE_LS, BLG_LS, BLGE_LS, CEV_LS, CEVE_LS, CHZ_LS, DEN_LS, ECNE_LS, EHB_LS, EHBE_LS, ELK_LS, ELKE_LS, END_LS, ENDE_LS, ENTE_LS, EUTE_LS, FIZ_LS, GEM_LS, GEO_LS, GEOE_LS, GID_LS, HTA_LS, HTAE_LS, IBM_LS, ICM_LS, INS_LS, INSE_LS, ISL_LS, ISLE_LS, JEF_LS, JEO_LS, KIM_LS, KMM_LS, KOM_LS, KOME_LS, MAD_LS, MAK_LS, MAT_LS, MET_LS, METE_LS, MIM_LS, MIME_LS, MTO_LS, PEME_LS, PETE_LS, ROS_LS, ROSE_LS, SAO_OL, SBP_LS, SBPE_LS, SECE_LS, TEKE_LS, UCK_LS, UZBE_LS, VBAE_LS, YZVE_LS",,
20045,ING 112A,ING,LS,Basics of Academic Writing,,Emel Çağlar,MED,Pazartesi,08:30/10:29,,27,27,,"BIOE_LS, BLG_LS, BLGE_LS, CEV_LS, CEVE_LS, CHZ_LS, DEN_LS, ECNE_LS, EHB_LS, EHBE_LS, ELK_LS, ELKE_LS, END_LS, ENDE_LS, ENTE_LS, EUTE_LS, FIZ_LS, GEM_LS, GEO_LS, GEOE_LS, GID_LS, HTA_LS, HTAE_LS, IBM_LS, ICM_LS, INS_LS, INSE_LS, ISL_LS, ISLE_LS, JEF_LS, JEO_LS, KIM_LS, KMM_LS, KOM_LS, KOME_LS, MAD_LS, MAK_LS, MAT_LS, MET_LS, METE_LS, MIM_LS, MIME_LS, MTO_LS, PEME_LS, PETE_LS, ROS_LS, ROSE_LS, SAO_OL, SBP_LS, SBPE_LS, SECE_LS, TEKE_LS, UCK_LS, UZBE_LS, VBAE_LS, YZVE_LS",,
20046,ING 112A,ING,LS,Basics of Academic Writing,,Nilgün Eker,MED,Pazartesi,08:30/10:29,,27,27,,"BIOE_LS, BLG_LS, BLGE_LS, CEV_LS, CEVE_LS, CHZ_LS, DEN_LS, ECNE_LS, EHB_LS, EHBE_LS, ELK_LS, ELKE_LS, END_LS, ENDE_LS, ENTE_LS, EUTE_LS, FIZ_LS, GEM_LS, GEO_LS, GEOE_LS, GID_LS, HTA_LS, HTAE_LS, IBM_LS, ICM_LS, INS_LS, INSE_LS, ISL_LS, ISLE_LS, JEF_LS, JEO_LS, KIM_LS, KMM_LS, KOM_LS, KOME_LS, MAD_LS, MAK_LS, MAT_LS, MET_LS, METE_LS, MIM_LS, MIME_LS, MTO_LS, PEME_LS, PETE_LS, ROS_LS, ROSE_LS, SAO_OL, SBP_LS, SBPE_LS, SECE_LS, TEKE_LS, UCK_LS, UZBE_LS, VBAE_LS, YZVE_LS",,
20047,ING 112A,ING,LS,Basics of Academic Writing,,Özlem Ayar Gemalmaz,MED,Pazartesi,10:30/12:29,,27,27,,"BIOE_LS, BLG_LS, BLGE_LS, CEV_LS, CEVE_LS, CHZ_LS, DEN_LS, ECNE_LS, EHB_LS, EHBE_LS, ELK_LS, ELKE_LS, END_LS, ENDE_LS, ENTE_LS, EUTE_LS, FIZ_LS, GEM_LS, GEO_LS, GEOE_LS, GID_LS, HTA_LS, HTAE_LS, IBM_LS, ICM_LS, INS_LS, INSE_LS, ISL_LS, ISLE_LS, JEF_LS, JEO_LS, KIM_LS, KMM_LS, KOM_LS, KOME_LS, MAD_LS, MAK_LS, MAT_LS, MET_LS, METE_LS, MIM_LS, MIME_LS, MTO_LS, PEME_LS, PETE_LS, ROS_LS, ROSE_LS, SAO_OL, SBP_LS, SBPE_LS, SECE_LS, TEKE_LS, UCK_LS, UZBE_LS, VBAE_LS, YZVE_LS",,
20048,ING 112A,ING,LS,Basics of Academic Writing,,Hacer Şivil,MED,Pazartesi,10:30/12:29,,27,15,,"BIOE_LS, BLG_LS, BLGE_LS, CEV_LS, CEVE_LS, CHZ_LS, DEN_LS, ECNE_LS, EHB_LS, EHBE_LS, ELK_LS, ELKE_LS, END_LS, ENDE_LS, ENTE_LS, EUTE_LS, FIZ_LS, GEM_LS, GEO_LS, GEOE_LS, GID_LS, HTA_LS, HTAE_LS, IBM_LS, ICM_LS, INS_LS, INSE_LS, ISL_LS, ISLE_LS, JEF_LS, JEO_LS, KIM_LS, KMM_LS, KOM_LS, KOME_LS, MAD_LS, MAK_LS, MAT_LS, MET_LS, METE_LS, MIM_LS, MIME_LS, MTO_LS, PEME_LS, PETE_LS, ROS_LS, ROSE_LS, SAO_OL, SBP_LS, SBPE_LS, SECE_LS, TEKE_LS, UCK_LS, UZBE_LS, VBAE_LS, YZVE_LS",,
20049,ING 112A,ING,LS,Basics of Academic Writing,,Emel Çağlar,MED,Pazartesi,10:30/12:29,,27,27,,"BIOE_LS, BLG_LS, BLGE_LS, CEV_LS, CEVE_LS, CHZ_LS, DEN_LS, ECNE_LS, EHB_LS, EHBE_LS, ELK_LS, ELKE_LS, END_LS, ENDE_LS, ENTE_LS, EUTE_LS, FIZ_LS, GEM_LS, GEO_LS, GEOE_LS, GID_LS, HTA_LS, HTAE_LS, IBM_LS, ICM_LS, INS_LS, INSE_LS, ISL_LS, ISLE_LS, JEF_LS, JEO_LS, KIM_LS, KMM_LS, KOM_LS, KOME_LS, MAD_LS, MAK_LS, MAT_LS, MET_LS, METE_LS, MIM_LS, MIME_LS, MTO_LS, PEME_LS, PETE_LS, ROS_LS, ROSE_LS, SAO_OL, SBP_LS, SBPE_LS, SECE_LS, TEKE_LS, UCK_LS, UZBE_LS, VBAE_LS, YZVE_LS",,
20050,ING 112A,ING,LS,Basics of Academic Writing,,Yurdanur Toktaş,MED,Pazartesi,10:30/12:29,,27,27,,"BIOE_LS, BLG_LS, BLGE_LS, CEV_LS, CEVE_LS, CHZ_LS, DEN_LS, ECNE_LS, EHB_LS, EHBE_LS, ELK_LS, ELKE_LS, END_LS, ENDE_LS, ENTE_LS, EUTE_LS, FIZ_LS, GEM_LS, GEO_LS, GEOE_LS, GID_LS, HTA_LS, HTAE_LS, IBM_LS, ICM_LS, INS_LS, INSE_LS, ISL_LS, ISLE_LS, JEF_LS, JEO_LS, KIM_LS, KMM_LS, KOM_LS, KOME_LS, MAD_LS, MAK_LS, MAT_LS, MET_LS, METE_LS, MIM_LS, MIME_LS, MTO_LS, PEME_LS, PETE_LS, ROS_LS, ROSE_LS, SAO_OL, SBP_LS, SBPE_LS, SECE_LS, TEKE_LS, UCK_LS, UZBE_LS, VBAE_LS, YZVE_LS",,
20051,ING 112A,ING,LS,Basics of Academic Writing,,Damla Aslı Altan,MED,Pazartesi,10:30/12:29,,27,11,,"BIOE_LS, BLG_LS, BLGE_LS, CEV_LS, CEVE_LS, CHZ_LS, DEN_LS, ECNE_LS, EHB_LS, EHBE_LS, ELK_LS, ELKE_LS, END_LS, ENDE_LS, ENTE_LS, EUTE_LS, FIZ_LS, GEM_LS, GEO_LS, GEOE_LS, GID_LS, HTA_LS, HTAE_LS, IBM_LS, ICM_LS, INS_LS, INSE_LS, ISL_LS, ISLE_LS, JEF_LS, JEO_LS, KIM_LS, KMM_LS, KOM_LS, KOME_LS, MAD_LS, MAK_LS, MAT_LS, MET_LS, METE_LS, MIM_LS, MIME_LS, MTO_LS, PEME_LS, PETE_LS, ROS_LS, ROSE_LS, SAO_OL, SBP_LS, SBPE_LS, SECE_LS, TEKE_LS, UCK_LS, UZBE_LS, VBAE_LS, YZVE_LS",,
20052,ING 112A,ING,LS,Basics of Academic Writing,,-,MED,Pazartesi,10:30/12:29,,0,0,,"BIOE_LS, BLG_LS, BLGE_LS, CEV_LS, CEVE_LS, CHZ_LS, DEN_LS, ECNE_LS, EHB_LS, EHBE_LS, ELK_LS, ELKE_LS, END_LS, ENDE_LS, ENTE_LS, EUTE_LS, FIZ_LS, GEM_LS, GEO_LS, GEOE_LS, GID_LS, HTA_LS, HTAE_LS, IBM_LS, ICM_LS, INS_LS, INSE_LS, ISL_LS, ISLE_LS, JEF_LS, JEO_LS, KIM_LS, KMM_LS, KOM_LS, KOME_LS, MAD_LS, MAK_LS, MAT_LS, MET_LS, METE_LS, MIM_LS, MIME_LS, MTO_LS, PEME_LS, PETE_LS, ROS_LS, ROSE_LS, SAO_OL, SBP_LS, SBPE_LS, SECE_LS, TEKE_LS, UCK_LS, UZBE_LS, VBAE_LS, YZVE_LS",,
20053,ING 112A,ING,LS,Basics of Academic Writing,,Halime Ceren Göktaş,MED,Pazartesi,10:30/12:29,,27,16,,"BIOE_LS, BLG_LS, BLGE_LS, CEV_LS, CEVE_LS, CHZ_LS, DEN_LS, ECNE_LS, EHB_LS, EHBE_LS, ELK_LS, ELKE_LS, END_LS, ENDE_LS, ENTE_LS, EUTE_LS, FIZ_LS, GEM_LS, GEO_LS, GEOE_LS, GID_LS, HTA_LS, HTAE_LS, IBM_LS, ICM_LS, INS_LS, INSE_LS, ISL_LS, ISLE_LS, JEF_LS, JEO_LS, KIM_LS, KMM_LS, KOM_LS, KOME_LS, MAD_LS, MAK_LS, MAT_LS, MET_LS, METE_LS, MIM_LS, MIME_LS, MTO_LS, PEME_LS, PETE_LS, ROS_LS, ROSE_LS, SAO_OL, SBP_LS, SBPE_LS, SECE_LS, TEKE_LS, UCK_LS, UZBE_LS, VBAE_LS, YZVE_LS",,
20054,ING 112A,ING,LS,Basics of Academic Writing,,Emine Sari Altındağ,MED,Pazartesi,13:30/15:29,,27,26,,"BIOE_LS, BLG_LS, BLGE_LS, CEV_LS, CEVE_LS, CHZ_LS, DEN_LS, ECNE_LS, EHB_LS, EHBE_LS, ELK_LS, ELKE_LS, END_LS, ENDE_LS, ENTE_LS, EUTE_LS, FIZ_LS, GEM_LS, GEO_LS, GEOE_LS, GID_LS, HTA_LS, HTAE_LS, IBM_LS, ICM_LS, INS_LS, INSE_LS, ISL_LS, ISLE_LS, JEF_LS, JEO_LS, KIM_LS, KMM_LS, KOM_LS, KOME_LS, MAD_LS, MAK_LS, MAT_LS, MET_LS, METE_LS, MIM_LS, MIME_LS, MTO_LS, PEME_LS, PETE_LS, ROS_LS, ROSE_LS, SAO_OL, SBP_LS, SBPE_LS, SECE_LS, TEKE_LS, UCK_LS, UZBE_LS, VBAE_LS, YZVE_LS",,
20055,ING 112A,ING,LS,Basics of Academic Writing,,Şule Elif Gökçe Enginarlar,MED,Pazartesi,13:30/15:29,,27,27,,"BIOE_LS, BLG_LS, BLGE_LS, CEV_LS, CEVE_LS, CHZ_LS, DEN_LS, ECNE_LS, EHB_LS, EHBE_LS, ELK_LS, ELKE_LS, END_LS, ENDE_LS, ENTE_LS, EUTE_LS, FIZ_LS, GEM_LS, GEO_LS, GEOE_LS, GID_LS, HTA_LS, HTAE_LS, IBM_LS, ICM_LS, INS_LS, INSE_LS, ISL_LS, ISLE_LS, JEF_LS, JEO_LS, KIM_LS, KMM_LS, KOM_LS, KOME_LS, MAD_LS, MAK_LS, MAT_LS, MET_LS, METE_LS, MIM_LS, MIME_LS, MTO_LS, PEME_LS, PETE_LS, ROS_LS, ROSE_LS, SAO_OL, SBP_LS, SBPE_LS, SECE_LS, TEKE_LS, UCK_LS, UZBE_LS, VBAE_LS, YZVE_LS",,
20056,ING 112A,ING,LS,Basics of Academic Writing,,Nilgün Eker,MED,Pazartesi,13:30/15:29,,27,27,,"BIOE_LS, BLG_LS, BLGE_LS, CEV_LS, CEVE_LS, CHZ_LS, DEN_LS, ECNE_LS, EHB_LS, EHBE_LS, ELK_LS, ELKE_LS, END_LS, ENDE_LS, ENTE_LS, EUTE_LS, FIZ_LS, GEM_LS, GEO_LS, GEOE_LS, GID_LS, HTA_LS, HTAE_LS, IBM_LS, ICM_LS, INS_LS, INSE_LS, ISL_LS, ISLE_LS, JEF_LS, JEO_LS, KIM_LS, KMM_LS, KOM_LS, KOME_LS, MAD_LS, MAK_LS, MAT_LS, MET_LS, METE_LS, MIM_LS, MIME_LS, MTO_LS, PEME_LS, PETE_LS, ROS_LS, ROSE_LS, SAO_OL, SBP_LS, SBPE_LS, SECE_LS, TEKE_LS, UCK_LS, UZBE_LS, VBAE_LS, YZVE_LS",,
20057,ING 112A,ING,LS,Basics of Academic Writing,,Halime Ceren Göktaş,MED,Pazartesi,13:30/15:29,,27,26,,"BIOE_LS, BLG_LS, BLGE_LS, CEV_LS, CEVE_LS, CHZ_LS, DEN_LS, ECNE_LS, EHB_LS, EHBE_LS, ELK_LS, ELKE_LS, END_LS, ENDE_LS, ENTE_LS, EUTE_LS, FIZ_LS, GEM_LS, GEO_LS, GEOE_LS, GID_LS, HTA_LS, HTAE_LS, IBM_LS, ICM_LS, INS_LS, INSE_LS, ISL_LS, ISLE_LS, JEF_LS, JEO_LS, KIM_LS, KMM_LS, KOM_LS, KOME_LS, MAD_LS, MAK_LS, MAT_LS, MET_LS, METE_LS, MIM_LS, MIME_LS, MTO_LS, PEME_LS, PETE_LS, ROS_LS, ROSE_LS, SAO_OL, SBP_LS, SBPE_LS, SECE_LS, TEKE_LS, UCK_LS, UZBE_LS, VBAE_LS, YZVE_LS",,
20058,ING 112A,ING,LS,Basics of Academic Writing,,Canan Şahşenas,MED,Pazartesi,13:30/15:29,,27,26,,"BIOE_LS, BLG_LS, BLGE_LS, CEV_LS, CEVE_LS, CHZ_LS, DEN_LS, ECNE_LS, EHB_LS, EHBE_LS, ELK_LS, ELKE_LS, END_LS, ENDE_LS, ENTE_LS, EUTE_LS, FIZ_LS, GEM_LS, GEO_LS, GEOE_LS, GID_LS, HTA_LS, HTAE_LS, IBM_LS, ICM_LS, INS_LS, INSE_LS, ISL_LS, ISLE_LS, JEF_LS, JEO_LS, KIM_LS, KMM_LS, KOM_LS, KOME_LS, MAD_LS, MAK_LS, MAT_LS, MET_LS, METE_LS, MIM_LS, MIME_LS, MTO_LS, PEME_LS, PETE_LS, ROS_LS, ROSE_LS, SAO_OL, SBP_LS, SBPE_LS, SECE_LS, TEKE_LS, UCK_LS, UZBE_LS, VBAE_LS, YZVE_LS",,
20059,ING 112A,ING,LS,Basics of Academic Writing,,Fatma Şehkar Fayda Kınık,MED,Salı,08:30/10:29,,27,27,,"BIOE_LS, BLG_LS, BLGE_LS, CEV_LS, CEVE_LS, CHZ_LS, DEN_LS, ECNE_LS, EHB_LS, EHBE_LS, ELK_LS, ELKE_LS, END_LS, ENDE_LS, ENTE_LS, EUTE_LS, FIZ_LS, GEM_LS, GEO_LS, GEOE_LS, GID_LS, HTA_LS, HTAE_LS, IBM_LS, ICM_LS, INS_LS, INSE_LS, ISL_LS, ISLE_LS, JEF_LS, JEO_LS, KIM_LS, KMM_LS, KOM_LS, KOME_LS, MAD_LS, MAK_LS, MAT_LS, MET_LS, METE_LS, MIM_LS, MIME_LS, MTO_LS, PEME_LS, PETE_LS, ROS_LS, ROSE_LS, SAO_OL, SBP_LS, SBPE_LS, SECE_LS, TEKE_LS, UCK_LS, UZBE_LS, VBAE_LS, YZVE_LS",,
20060,ING 112A,ING,LS,Basics of Academic Writing,,Yurdanur Toktaş,MED,Salı,08:30/10:29,,27,28,,"BIOE_LS, BLG_LS, BLGE_LS, CEV_LS, CEVE_LS, CHZ_LS, DEN_LS, ECNE_LS, EHB_LS, EHBE_LS, ELK_LS, ELKE_LS, END_LS, ENDE_LS, ENTE_LS, EUTE_LS, FIZ_LS, GEM_LS, GEO_LS, GEOE_LS, GID_LS, HTA_LS, HTAE_LS, IBM_LS, ICM_LS, INS_LS, INSE_LS, ISL_LS, ISLE_LS, JEF_LS, JEO_LS, KIM_LS, KMM_LS, KOM_LS, KOME_LS, MAD_LS, MAK_LS, MAT_LS, MET_LS, METE_LS, MIM_LS, MIME_LS, MTO_LS, PEME_LS, PETE_LS, ROS_LS, ROSE_LS, SAO_OL, SBP_LS, SBPE_LS, SECE_LS, TEKE_LS, UCK_LS, UZBE_LS, VBAE_LS, YZVE_LS",,
20061,ING 112A,ING,LS,Basics of Academic Writing,,Fulya Kama Özelkan,MED,Salı,08:30/10:29,,27,26,,"BIOE_LS, BLG_LS, BLGE_LS, CEV_LS, CEVE_LS, CHZ_LS, DEN_LS, ECNE_LS, EHB_LS, EHBE_LS, ELK_LS, ELKE_LS, END_LS, ENDE_LS, ENTE_LS, EUTE_LS, FIZ_LS, GEM_LS, GEO_LS, GEOE_LS, GID_LS, HTA_LS, HTAE_LS, IBM_LS, ICM_LS, INS_LS, INSE_LS, ISL_LS, ISLE_LS, JEF_LS, JEO_LS, KIM_LS, KMM_LS, KOM_LS, KOME_LS, MAD_LS, MAK_LS, MAT_LS, MET_LS, METE_LS, MIM_LS, MIME_LS, MTO_LS, PEME_LS, PETE_LS, ROS_LS, ROSE_LS, SAO_OL, SBP_LS, SBPE_LS, SECE_LS, TEKE_LS, UCK_LS, UZBE_LS, VBAE_LS, YZVE_LS",,
20062,ING 112A,ING,LS,Basics of Academic Writing,,Nurçin Ramadanoğlu,MED,Salı,08:30/10:29,,27,27,,"BIOE_LS, BLG_LS, BLGE_LS, CEV_LS, CEVE_LS, CHZ_LS, DEN_LS, ECNE_LS, EHB_LS, EHBE_LS, ELK_LS, ELKE_LS, END_LS, ENDE_LS, ENTE_LS, EUTE_LS, FIZ_LS, GEM_LS, GEO_LS, GEOE_LS, GID_LS, HTA_LS, HTAE_LS, IBM_LS, ICM_LS, INS_LS, INSE_LS, ISL_LS, ISLE_LS, JEF_LS, JEO_LS, KIM_LS, KMM_LS, KOM_LS, KOME_LS, MAD_LS, MAK_LS, MAT_LS, MET_LS, METE_LS, MIM_LS, MIME_LS, MTO_LS, PEME_LS, PETE_LS, ROS_LS, ROSE_LS, SAO_OL, SBP_LS, SBPE_LS, SECE_LS, TEKE_LS, UCK_LS, UZBE_LS, VBAE_LS, YZVE_LS",,
20063,ING 112A,ING,LS,Basics of Academic Writing,,Emel Çağlar,MED,Salı,08:30/10:29,,27,27,,"BIOE_LS, BLG_LS, BLGE_LS, CEV_LS, CEVE_LS, CHZ_LS, DEN_LS, ECNE_LS, EHB_LS, EHBE_LS, ELK_LS, ELKE_LS, END_LS, ENDE_LS, ENTE_LS, EUTE_LS, FIZ_LS, GEM_LS, GEO_LS, GEOE_LS, GID_LS, HTA_LS, HTAE_LS, IBM_LS, ICM_LS, INS_LS, INSE_LS, ISL_LS, ISLE_LS, JEF_LS, JEO_LS, KIM_LS, KMM_LS, KOM_LS, KOME_LS, MAD_LS, MAK_LS, MAT_LS, MET_LS, METE_LS, MIM_LS, MIME_LS, MTO_LS, PEME_LS, PETE_LS, ROS_LS, ROSE_LS, SAO_OL, SBP_LS, SBPE_LS, SECE_LS, TEKE_LS, UCK_LS, UZBE_LS, VBAE_LS, YZVE_LS",,
20064,ING 112A,ING,LS,Basics of Academic Writing,,Emine Sari Altındağ,MED,Salı,08:30/10:29,,27,26,,"BIOE_LS, BLG_LS, BLGE_LS, CEV_LS, CEVE_LS, CHZ_LS, DEN_LS, ECNE_LS, EHB_LS, EHBE_LS, ELK_LS, ELKE_LS, END_LS, ENDE_LS, ENTE_LS, EUTE_LS, FIZ_LS, GEM_LS, GEO_LS, GEOE_LS, GID_LS, HTA_LS, HTAE_LS, IBM_LS, ICM_LS, INS_LS, INSE_LS, ISL_LS, ISLE_LS, JEF_LS, JEO_LS, KIM_LS, KMM_LS, KOM_LS, KOME_LS, MAD_LS, MAK_LS, MAT_LS, MET_LS, METE_LS, MIM_LS, MIME_LS, MTO_LS, PEME_LS, PETE_LS, ROS_LS, ROSE_LS, SAO_OL, SBP_LS, SBPE_LS, SECE_LS, TEKE_LS, UCK_LS, UZBE_LS, VBAE_LS, YZVE_LS",,
20065,ING 112A,ING,LS,Basics of Academic Writing,,Özge Seçkin Polat,MED,Salı,08:30/10:29,,27,27,,"BIOE_LS, BLG_LS, BLGE_LS, CEV_LS, CEVE_LS, CHZ_LS, DEN_LS, ECNE_LS, EHB_LS, EHBE_LS, ELK_LS, ELKE_LS, END_LS, ENDE_LS, ENTE_LS, EUTE_LS, FIZ_LS, GEM_LS, GEO_LS, GEOE_LS, GID_LS, HTA_LS, HTAE_LS, IBM_LS, ICM_LS, INS_LS, INSE_LS, ISL_LS, ISLE_LS, JEF_LS, JEO_LS, KIM_LS, KMM_LS, KOM_LS, KOME_LS, MAD_LS, MAK_LS, MAT_LS, MET_LS, METE_LS, MIM_LS, MIME_LS, MTO_LS, PEME_LS, PETE_LS, ROS_LS, ROSE_LS, SAO_OL, SBP_LS, SBPE_LS, SECE_LS, TEKE_LS, UCK_LS, UZBE_LS, VBAE_LS, YZVE_LS",,
20066,ING 112A,ING,LS,Basics of Academic Writing,,Nilgün Eker,MED,Salı,08:30/10:29,,27,27,,"BIOE_LS, BLG_LS, BLGE_LS, CEV_LS, CEVE_LS, CHZ_LS, DEN_LS, ECNE_LS, EHB_LS, EHBE_LS, ELK_LS, ELKE_LS, END_LS, ENDE_LS, ENTE_LS, EUTE_LS, FIZ_LS, GEM_LS, GEO_LS, GEOE_LS, GID_LS, HTA_LS, HTAE_LS, IBM_LS, ICM_LS, INS_LS, INSE_LS, ISL_LS, ISLE_LS, JEF_LS, JEO_LS, KIM_LS, KMM_LS, KOM_LS, KOME_LS, MAD_LS, MAK_LS, MAT_LS, MET_LS, METE_LS, MIM_LS, MIME_LS, MTO_LS, PEME_LS, PETE_LS, ROS_LS, ROSE_LS, SAO_OL, SBP_LS, SBPE_LS, SECE_LS, TEKE_LS, UCK_LS, UZBE_LS, VBAE_LS, YZVE_LS",,
20067,ING 112A,ING,LS,Basics of Academic Writing,,Şule Elif Gökçe Enginarlar,MED,Salı,08:30/10:29,,27,27,,"BIOE_LS, BLG_LS, BLGE_LS, CEV_LS, CEVE_LS, CHZ_LS, DEN_LS, ECNE_LS, EHB_LS, EHBE_LS, ELK_LS, ELKE_LS, END_LS, ENDE_LS, ENTE_LS, EUTE_LS, FIZ_LS, GEM_LS, GEO_LS, GEOE_LS, GID_LS, HTA_LS, HTAE_LS, IBM_LS, ICM_LS, INS_LS, INSE_LS, ISL_LS, ISLE_LS, JEF_LS, JEO_LS, KIM_LS, KMM_LS, KOM_LS, KOME_LS, MAD_LS, MAK_LS, MAT_LS, MET_LS, METE_LS, MIM_LS, MIME_LS, MTO_LS, PEME_LS, PETE_LS, ROS_LS, ROSE_LS, SAO_OL, SBP_LS, SBPE_LS, SECE_LS, TEKE_LS, UCK_LS, UZBE_LS, VBAE_LS, YZVE_LS",,
20068,ING 112A,ING,LS,Basics of Academic Writing,,Merve Sevtap Süren,MED,Salı,10:30/12:29,,27,16,,"BIOE_LS, BLG_LS, BLGE_LS, CEV_LS, CEVE_LS, CHZ_LS, DEN_LS, ECNE_LS, EHB_LS, EHBE_LS, ELK_LS, ELKE_LS, END_LS, ENDE_LS, ENTE_LS, EUTE_LS, FIZ_LS, GEM_LS, GEO_LS, GEOE_LS, GID_LS, HTA_LS, HTAE_LS, IBM_LS, ICM_LS, INS_LS, INSE_LS, ISL_LS, ISLE_LS, JEF_LS, JEO_LS, KIM_LS, KMM_LS, KOM_LS, KOME_LS, MAD_LS, MAK_LS, MAT_LS, MET_LS, METE_LS, MIM_LS, MIME_LS, MTO_LS, PEME_LS, PETE_LS, ROS_LS, ROSE_LS, SAO_OL, SBP_LS, SBPE_LS, SECE_LS, TEKE_LS, UCK_LS, UZBE_LS, VBAE_LS, YZVE_LS",,
20069,ING 112A,ING,LS,Basics of Academic Writing,,Fatma Şehkar Fayda Kınık,MED,Salı,10:30/12:29,,27,27,,"BIOE_LS, BLG_LS, BLGE_LS, CEV_LS, CEVE_LS, CHZ_LS, DEN_LS, ECNE_LS, EHB_LS, EHBE_LS, ELK_LS, ELKE_LS, END_LS, ENDE_LS, ENTE_LS, EUTE_LS, FIZ_LS, GEM_LS, GEO_LS, GEOE_LS, GID_LS, HTA_LS, HTAE_LS, IBM_LS, ICM_LS, INS_LS, INSE_LS, ISL_LS, ISLE_LS, JEF_LS, JEO_LS, KIM_LS, KMM_LS, KOM_LS, KOME_LS, MAD_LS, MAK_LS, MAT_LS, MET_LS, METE_LS, MIM_LS, MIME_LS, MTO_LS, PEME_LS, PETE_LS, ROS_LS, ROSE_LS, SAO_OL, SBP_LS, SBPE_LS, SECE_LS, TEKE_LS, UCK_LS, UZBE_LS, VBAE_LS, YZVE_LS",,
20070,ING 112A,ING,LS,Basics of Academic Writing,,Fulya Kama Özelkan,MED,Salı,10:30/12:29,,27,27,,"BIOE_LS, BLG_LS, BLGE_LS, CEV_LS, CEVE_LS, CHZ_LS, DEN_LS, ECNE_LS, EHB_LS, EHBE_LS, ELK_LS, ELKE_LS, END_LS, ENDE_LS, ENTE_LS, EUTE_LS, FIZ_LS, GEM_LS, GEO_LS, GEOE_LS, GID_LS, HTA_LS, HTAE_LS, IBM_LS, ICM_LS, INS_LS, INSE_LS, ISL_LS, ISLE_LS, JEF_LS, JEO_LS, KIM_LS, KMM_LS, KOM_LS, KOME_LS, MAD_LS, MAK_LS, MAT_LS, MET_LS, METE_LS, MIM_LS, MIME_LS, MTO_LS, PEME_LS, PETE_LS, ROS_LS, ROSE_LS, SAO_OL, SBP_LS, SBPE_LS, SECE_LS, TEKE_LS, UCK_LS, UZBE_LS, VBAE_LS, YZVE_LS",,
20071,ING 112A,ING,LS,Basics of Academic Writing,,Yurdanur Toktaş,MED,Salı,10:30/12:29,,27,27,,"BIOE_LS, BLG_LS, BLGE_LS, CEV_LS, CEVE_LS, CHZ_LS, DEN_LS, ECNE_LS, EHB_LS, EHBE_LS, ELK_LS, ELKE_LS, END_LS, ENDE_LS, ENTE_LS, EUTE_LS, FIZ_LS, GEM_LS, GEO_LS, GEOE_LS, GID_LS, HTA_LS, HTAE_LS, IBM_LS, ICM_LS, INS_LS, INSE_LS, ISL_LS, ISLE_LS, JEF_LS, JEO_LS, KIM_LS, KMM_LS, KOM_LS, KOME_LS, MAD_LS, MAK_LS, MAT_LS, MET_LS, METE_LS, MIM_LS, MIME_LS, MTO_LS, PEME_LS, PETE_LS, ROS_LS, ROSE_LS, SAO_OL, SBP_LS, SBPE_LS, SECE_LS, TEKE_LS, UCK_LS, UZBE_LS, VBAE_LS, YZVE_LS",,
20072,ING 112A,ING,LS,Basics of Academic Writing,,Emine Sari Altındağ,MED,Salı,10:30/12:29,,27,19,,"BIOE_LS, BLG_LS, BLGE_LS, CEV_LS, CEVE_LS, CHZ_LS, DEN_LS, ECNE_LS, EHB_LS, EHBE_LS, ELK_LS, ELKE_LS, END_LS, ENDE_LS, ENTE_LS, EUTE_LS, FIZ_LS, GEM_LS, GEO_LS, GEOE_LS, GID_LS, HTA_LS, HTAE_LS, IBM_LS, ICM_LS, INS_LS, INSE_LS, ISL_LS, ISLE_LS, JEF_LS, JEO_LS, KIM_LS, KMM_LS, KOM_LS, KOME_LS, MAD_LS, MAK_LS, MAT_LS, MET_LS, METE_LS, MIM_LS, MIME_LS, MTO_LS, PEME_LS, PETE_LS, ROS_LS, ROSE_LS, SAO_OL, SBP_LS, SBPE_LS, SECE_LS, TEKE_LS, UCK_LS, UZBE_LS, VBAE_LS, YZVE_LS",,
20073,ING 112A,ING,LS,Basics of Academic Writing,,Şule Elif Gökçe Enginarlar,MED,Salı,10:30/12:29,,27,27,,"BIOE_LS, BLG_LS, BLGE_LS, CEV_LS, CEVE_LS, CHZ_LS, DEN_LS, ECNE_LS, EHB_LS, EHBE_LS, ELK_LS, ELKE_LS, END_LS, ENDE_LS, ENTE_LS, EUTE_LS, FIZ_LS, GEM_LS, GEO_LS, GEOE_LS, GID_LS, HTA_LS, HTAE_LS, IBM_LS, ICM_LS, INS_LS, INSE_LS, ISL_LS, ISLE_LS, JEF_LS, JEO_LS, KIM_LS, KMM_LS, KOM_LS, KOME_LS, MAD_LS, MAK_LS, MAT_LS, MET_LS, METE_LS, MIM_LS, MIME_LS, MTO_LS, PEME_LS, PETE_LS, ROS_LS, ROSE_LS, SAO_OL, SBP_LS, SBPE_LS, SECE_LS, TEKE_LS, UCK_LS, UZBE_LS, VBAE_LS, YZVE_LS",,
20074,ING 112A,ING,LS,Basics of Academic Writing,,Aslı Özkara,MED,Salı,10:30/12:29,,27,27,,"BIOE_LS, BLG_LS, BLGE_LS, CEV_LS, CEVE_LS, CHZ_LS, DEN_LS, ECNE_LS, EHB_LS, EHBE_LS, ELK_LS, ELKE_LS, END_LS, ENDE_LS, ENTE_LS, EUTE_LS, FIZ_LS, GEM_LS, GEO_LS, GEOE_LS, GID_LS, HTA_LS, HTAE_LS, IBM_LS, ICM_LS, INS_LS, INSE_LS, ISL_LS, ISLE_LS, JEF_LS, JEO_LS, KIM_LS, KMM_LS, KOM_LS, KOME_LS, MAD_LS, MAK_LS, MAT_LS, MET_LS, METE_LS, MIM_LS, MIME_LS, MTO_LS, PEME_LS, PETE_LS, ROS_LS, ROSE_LS, SAO_OL, SBP_LS, SBPE_LS, SECE_LS, TEKE_LS, UCK_LS, UZBE_LS, VBAE_LS, YZVE_LS",,
20075,ING 112A,ING,LS,Basics of Academic Writing,,Nilgün Eker,MED,Salı,10:30/12:29,,27,27,,"BIOE_LS, BLG_LS, BLGE_LS, CEV_LS, CEVE_LS, CHZ_LS, DEN_LS, ECNE_LS, EHB_LS, EHBE_LS, ELK_LS, ELKE_LS, END_LS, ENDE_LS, ENTE_LS, EUTE_LS, FIZ_LS, GEM_LS, GEO_LS, GEOE_LS, GID_LS, HTA_LS, HTAE_LS, IBM_LS, ICM_LS, INS_LS, INSE_LS, ISL_LS, ISLE_LS, JEF_LS, JEO_LS, KIM_LS, KMM_LS, KOM_LS, KOME_LS, MAD_LS, MAK_LS, MAT_LS, MET_LS, METE_LS, MIM_LS, MIME_LS, MTO_LS, PEME_LS, PETE_LS, ROS_LS, ROSE_LS, SAO_OL, SBP_LS, SBPE_LS, SECE_LS, TEKE_LS, UCK_LS, UZBE_LS, VBAE_LS, YZVE_LS",,
20076,ING 112A,ING,LS,Basics of Academic Writing,,Zeynep Kurular,MED,Salı,10:30/12:29,,27,27,,"BIOE_LS, BLG_LS, BLGE_LS, CEV_LS, CEVE_LS, CHZ_LS, DEN_LS, ECNE_LS, EHB_LS, EHBE_LS, ELK_LS, ELKE_LS, END_LS, ENDE_LS, ENTE_LS, EUTE_LS, FIZ_LS, GEM_LS, GEO_LS, GEOE_LS, GID_LS, HTA_LS, HTAE_LS, IBM_LS, ICM_LS, INS_LS, INSE_LS, ISL_LS, ISLE_LS, JEF_LS, JEO_LS, KIM_LS, KMM_LS, KOM_LS, KOME_LS, MAD_LS, MAK_LS, MAT_LS, MET_LS, METE_LS, MIM_LS, MIME_LS, MTO_LS, PEME_LS, PETE_LS, ROS_LS, ROSE_LS, SAO_OL, SBP_LS, SBPE_LS, SECE_LS, TEKE_LS, UCK_LS, UZBE_LS, VBAE_LS, YZVE_LS",,
20077,ING 112A,ING,LS,Basics of Academic Writing,,Hande Yalınateş Koşar,MED,Salı,10:30/12:29,,27,27,,"BIOE_LS, BLG_LS, BLGE_LS, CEV_LS, CEVE_LS, CHZ_LS, DEN_LS, ECNE_LS, EHB_LS, EHBE_LS, ELK_LS, ELKE_LS, END_LS, ENDE_LS, ENTE_LS, EUTE_LS, FIZ_LS, GEM_LS, GEO_LS, GEOE_LS, GID_LS, HTA_LS, HTAE_LS, IBM_LS, ICM_LS, INS_LS, INSE_LS, ISL_LS, ISLE_LS, JEF_LS, JEO_LS, KIM_LS, KMM_LS, KOM_LS, KOME_LS, MAD_LS, MAK_LS, MAT_LS, MET_LS, METE_LS, MIM_LS, MIME_LS, MTO_LS, PEME_LS, PETE_LS, ROS_LS, ROSE_LS, SAO_OL, SBP_LS, SBPE_LS, SECE_LS, TEKE_LS, UCK_LS, UZBE_LS, VBAE_LS, YZVE_LS",,
20078,ING 112A,ING,LS,Basics of Academic Writing,,İmge Şahin Girtten,MED,Salı,13:30/15:29,,27,27,,"BIOE_LS, BLG_LS, BLGE_LS, CEV_LS, CEVE_LS, CHZ_LS, DEN_LS, ECNE_LS, EHB_LS, EHBE_LS, ELK_LS, ELKE_LS, END_LS, ENDE_LS, ENTE_LS, EUTE_LS, FIZ_LS, GEM_LS, GEO_LS, GEOE_LS, GID_LS, HTA_LS, HTAE_LS, IBM_LS, ICM_LS, INS_LS, INSE_LS, ISL_LS, ISLE_LS, JEF_LS, JEO_LS, KIM_LS, KMM_LS, KOM_LS, KOME_LS, MAD_LS, MAK_LS, MAT_LS, MET_LS, METE_LS, MIM_LS, MIME_LS, MTO_LS, PEME_LS, PETE_LS, ROS_LS, ROSE_LS, SAO_OL, SBP_LS, SBPE_LS, SECE_LS, TEKE_LS, UCK_LS, UZBE_LS, VBAE_LS, YZVE_LS",,
20079,ING 112A,ING,LS,Basics of Academic Writing,,Merve Sevtap Süren,MED,Salı,13:30/15:29,,27,26,,"BIOE_LS, BLG_LS, BLGE_LS, CEV_LS, CEVE_LS, CHZ_LS, DEN_LS, ECNE_LS, EHB_LS, EHBE_LS, ELK_LS, ELKE_LS, END_LS, ENDE_LS, ENTE_LS, EUTE_LS, FIZ_LS, GEM_LS, GEO_LS, GEOE_LS, GID_LS, HTA_LS, HTAE_LS, IBM_LS, ICM_LS, INS_LS, INSE_LS, ISL_LS, ISLE_LS, JEF_LS, JEO_LS, KIM_LS, KMM_LS, KOM_LS, KOME_LS, MAD_LS, MAK_LS, MAT_LS, MET_LS, METE_LS, MIM_LS, MIME_LS, MTO_LS, PEME_LS, PETE_LS, ROS_LS, ROSE_LS, SAO_OL, SBP_LS, SBPE_LS, SECE_LS, TEKE_LS, UCK_LS, UZBE_LS, VBAE_LS, YZVE_LS",,
20080,ING 112A,ING,LS,Basics of Academic Writing,,Zarife Zeliş Çoban,MED,Salı,13:30/15:29,,27,27,,"BIOE_LS, BLG_LS, BLGE_LS, CEV_LS, CEVE_LS, CHZ_LS, DEN_LS, ECNE_LS, EHB_LS, EHBE_LS, ELK_LS, ELKE_LS, END_LS, ENDE_LS, ENTE_LS, EUTE_LS, FIZ_LS, GEM_LS, GEO_LS, GEOE_LS, GID_LS, HTA_LS, HTAE_LS, IBM_LS, ICM_LS, INS_LS, INSE_LS, ISL_LS, ISLE_LS, JEF_LS, JEO_LS, KIM_LS, KMM_LS, KOM_LS, KOME_LS, MAD_LS, MAK_LS, MAT_LS, MET_LS, METE_LS, MIM_LS, MIME_LS, MTO_LS, PEME_LS, PETE_LS, ROS_LS, ROSE_LS, SAO_OL, SBP_LS, SBPE_LS, SECE_LS, TEKE_LS, UCK_LS, UZBE_LS, VBAE_LS, YZVE_LS",,
20081,ING 112A,ING,LS,Basics of Academic Writing,,Sabiha Bahar Arıcı,MED,Salı,13:30/15:29,,27,27,,"BIOE_LS, BLG_LS, BLGE_LS, CEV_LS, CEVE_LS, CHZ_LS, DEN_LS, ECNE_LS, EHB_LS, EHBE_LS, ELK_LS, ELKE_LS, END_LS, ENDE_LS, ENTE_LS, EUTE_LS, FIZ_LS, GEM_LS, GEO_LS, GEOE_LS, GID_LS, HTA_LS, HTAE_LS, IBM_LS, ICM_LS, INS_LS, INSE_LS, ISL_LS, ISLE_LS, JEF_LS, JEO_LS, KIM_LS, KMM_LS, KOM_LS, KOME_LS, MAD_LS, MAK_LS, MAT_LS, MET_LS, METE_LS, MIM_LS, MIME_LS, MTO_LS, PEME_LS, PETE_LS, ROS_LS, ROSE_LS, SAO_OL, SBP_LS, SBPE_LS, SECE_LS, TEKE_LS, UCK_LS, UZBE_LS, VBAE_LS, YZVE_LS",,
20082,ING 112A,ING,LS,Basics of Academic Writing,,Yasemin Yılmaz Yüksek,MED,Salı,13:30/15:29,,27,27,,"BIOE_LS, BLG_LS, BLGE_LS, CEV_LS, CEVE_LS, CHZ_LS, DEN_LS, ECNE_LS, EHB_LS, EHBE_LS, ELK_LS, ELKE_LS, END_LS, ENDE_LS, ENTE_LS, EUTE_LS, FIZ_LS, GEM_LS, GEO_LS, GEOE_LS, GID_LS, HTA_LS, HTAE_LS, IBM_LS, ICM_LS, INS_LS, INSE_LS, ISL_LS, ISLE_LS, JEF_LS, JEO_LS, KIM_LS, KMM_LS, KOM_LS, KOME_LS, MAD_LS, MAK_LS, MAT_LS, MET_LS, METE_LS, MIM_LS, MIME_LS, MTO_LS, PEME_LS, PETE_LS, ROS_LS, ROSE_LS, SAO_OL, SBP_LS, SBPE_LS, SECE_LS, TEKE_LS, UCK_LS, UZBE_LS, VBAE_LS, YZVE_LS",,
20083,ING 112A,ING,LS,Basics of Academic Writing,,Halime Ceren Göktaş,MED,Salı,13:30/15:29,,27,16,,"BIOE_LS, BLG_LS, BLGE_LS, CEV_LS, CEVE_LS, CHZ_LS, DEN_LS, ECNE_LS, EHB_LS, EHBE_LS, ELK_LS, ELKE_LS, END_LS, ENDE_LS, ENTE_LS, EUTE_LS, FIZ_LS, GEM_LS, GEO_LS, GEOE_LS, GID_LS, HTA_LS, HTAE_LS, IBM_LS, ICM_LS, INS_LS, INSE_LS, ISL_LS, ISLE_LS, JEF_LS, JEO_LS, KIM_LS, KMM_LS, KOM_LS, KOME_LS, MAD_LS, MAK_LS, MAT_LS, MET_LS, METE_LS, MIM_LS, MIME_LS, MTO_LS, PEME_LS, PETE_LS, ROS_LS, ROSE_LS, SAO_OL, SBP_LS, SBPE_LS, SECE_LS, TEKE_LS, UCK_LS, UZBE_LS, VBAE_LS, YZVE_LS",,
20084,ING 112A,ING,LS,Basics of Academic Writing,,Zeynep Kurular,MED,Salı,13:30/15:29,,27,27,,"BIOE_LS, BLG_LS, BLGE_LS, CEV_LS, CEVE_LS, CHZ_LS, DEN_LS, ECNE_LS, EHB_LS, EHBE_LS, ELK_LS, ELKE_LS, END_LS, ENDE_LS, ENTE_LS, EUTE_LS, FIZ_LS, GEM_LS, GEO_LS, GEOE_LS, GID_LS, HTA_LS, HTAE_LS, IBM_LS, ICM_LS, INS_LS, INSE_LS, ISL_LS, ISLE_LS, JEF_LS, JEO_LS, KIM_LS, KMM_LS, KOM_LS, KOME_LS, MAD_LS, MAK_LS, MAT_LS, MET_LS, METE_LS, MIM_LS, MIME_LS, MTO_LS, PEME_LS, PETE_LS, ROS_LS, ROSE_LS, SAO_OL, SBP_LS, SBPE_LS, SECE_LS, TEKE_LS, UCK_LS, UZBE_LS, VBAE_LS, YZVE_LS",,
20085,ING 112A,ING,LS,Basics of Academic Writing,,Aslı Özkara,MED,Salı,13:30/15:29,,27,27,,"BIOE_LS, BLG_LS, BLGE_LS, CEV_LS, CEVE_LS, CHZ_LS, DEN_LS, ECNE_LS, EHB_LS, EHBE_LS, ELK_LS, ELKE_LS, END_LS, ENDE_LS, ENTE_LS, EUTE_LS, FIZ_LS, GEM_LS, GEO_LS, GEOE_LS, GID_LS, HTA_LS, HTAE_LS, IBM_LS, ICM_LS, INS_LS, INSE_LS, ISL_LS, ISLE_LS, JEF_LS, JEO_LS, KIM_LS, KMM_LS, KOM_LS, KOME_LS, MAD_LS, MAK_LS, MAT_LS, MET_LS, METE_LS, MIM_LS, MIME_LS, MTO_LS, PEME_LS, PETE_LS, ROS_LS, ROSE_LS, SAO_OL, SBP_LS, SBPE_LS, SECE_LS, TEKE_LS, UCK_LS, UZBE_LS, VBAE_LS, YZVE_LS",,
20086,ING 112A,ING,LS,Basics of Academic Writing,,Fatma Şehkar Fayda Kınık,MED,Çarşamba,08:30/10:29,,25,25,,"BIOE_LS, BLG_LS, BLGE_LS, CEV_LS, CEVE_LS, CHZ_LS, DEN_LS, ECNE_LS, EHB_LS, EHBE_LS, ELK_LS, ELKE_LS, END_LS, ENDE_LS, ENTE_LS, EUTE_LS, FIZ_LS, GEM_LS, GEO_LS, GEOE_LS, GID_LS, HTA_LS, HTAE_LS, IBM_LS, ICM_LS, INS_LS, INSE_LS, ISL_LS, ISLE_LS, JEF_LS, JEO_LS, KIM_LS, KMM_LS, KOM_LS, KOME_LS, MAD_LS, MAK_LS, MAT_LS, MET_LS, METE_LS, MIM_LS, MIME_LS, MTO_LS, PEME_LS, PETE_LS, ROS_LS, ROSE_LS, SAO_OL, SBP_LS, SBPE_LS, SECE_LS, TEKE_LS, UCK_LS, UZBE_LS, VBAE_LS, YZVE_LS",,
20087,ING 112A,ING,LS,Basics of Academic Writing,,Hacer Şivil,MED,Çarşamba,08:30/10:29,,25,13,,"BIOE_LS, BLG_LS, BLGE_LS, CEV_LS, CEVE_LS, CHZ_LS, DEN_LS, ECNE_LS, EHB_LS, EHBE_LS, ELK_LS, ELKE_LS, END_LS, ENDE_LS, ENTE_LS, EUTE_LS, FIZ_LS, GEM_LS, GEO_LS, GEOE_LS, GID_LS, HTA_LS, HTAE_LS, IBM_LS, ICM_LS, INS_LS, INSE_LS, ISL_LS, ISLE_LS, JEF_LS, JEO_LS, KIM_LS, KMM_LS, KOM_LS, KOME_LS, MAD_LS, MAK_LS, MAT_LS, MET_LS, METE_LS, MIM_LS, MIME_LS, MTO_LS, PEME_LS, PETE_LS, ROS_LS, ROSE_LS, SAO_OL, SBP_LS, SBPE_LS, SECE_LS, TEKE_LS, UCK_LS, UZBE_LS, VBAE_LS, YZVE_LS",,
20088,ING 112A,ING,LS,Basics of Academic Writing,,Emel Çağlar,MED,Çarşamba,08:30/10:29,,25,25,,"BIOE_LS, BLG_LS, BLGE_LS, CEV_LS, CEVE_LS, CHZ_LS, DEN_LS, ECNE_LS, EHB_LS, EHBE_LS, ELK_LS, ELKE_LS, END_LS, ENDE_LS, ENTE_LS, EUTE_LS, FIZ_LS, GEM_LS, GEO_LS, GEOE_LS, GID_LS, HTA_LS, HTAE_LS, IBM_LS, ICM_LS, INS_LS, INSE_LS, ISL_LS, ISLE_LS, JEF_LS, JEO_LS, KIM_LS, KMM_LS, KOM_LS, KOME_LS, MAD_LS, MAK_LS, MAT_LS, MET_LS, METE_LS, MIM_LS, MIME_LS, MTO_LS, PEME_LS, PETE_LS, ROS_LS, ROSE_LS, SAO_OL, SBP_LS, SBPE_LS, SECE_LS, TEKE_LS, UCK_LS, UZBE_LS, VBAE_LS, YZVE_LS",,
20089,ING 112A,ING,LS,Basics of Academic Writing,,Özge Seçkin Polat,MED,Çarşamba,08:30/10:29,,25,24,,"BIOE_LS, BLG_LS, BLGE_LS, CEV_LS, CEVE_LS, CHZ_LS, DEN_LS, ECNE_LS, EHB_LS, EHBE_LS, ELK_LS, ELKE_LS, END_LS, ENDE_LS, ENTE_LS, EUTE_LS, FIZ_LS, GEM_LS, GEO_LS, GEOE_LS, GID_LS, HTA_LS, HTAE_LS, IBM_LS, ICM_LS, INS_LS, INSE_LS, ISL_LS, ISLE_LS, JEF_LS, JEO_LS, KIM_LS, KMM_LS, KOM_LS, KOME_LS, MAD_LS, MAK_LS, MAT_LS, MET_LS, METE_LS, MIM_LS, MIME_LS, MTO_LS, PEME_LS, PETE_LS, ROS_LS, ROSE_LS, SAO_OL, SBP_LS, SBPE_LS, SECE_LS, TEKE_LS, UCK_LS, UZBE_LS, VBAE_LS, YZVE_LS",,
20090,ING 112A,ING,LS,Basics of Academic Writing,,Fulya Kama Özelkan,MED,Çarşamba,08:30/10:29,,25,25,,"BIOE_LS, BLG_LS, BLGE_LS, CEV_LS, CEVE_LS, CHZ_LS, DEN_LS, ECNE_LS, EHB_LS, EHBE_LS, ELK_LS, ELKE_LS, END_LS, ENDE_LS, ENTE_LS, EUTE_LS, FIZ_LS, GEM_LS, GEO_LS, GEOE_LS, GID_LS, HTA_LS, HTAE_LS, IBM_LS, ICM_LS, INS_LS, INSE_LS, ISL_LS, ISLE_LS, JEF_LS, JEO_LS, KIM_LS, KMM_LS, KOM_LS, KOME_LS, MAD_LS, MAK_LS, MAT_LS, MET_LS, METE_LS, MIM_LS, MIME_LS, MTO_LS, PEME_LS, PETE_LS, ROS_LS, ROSE_LS, SAO_OL, SBP_LS, SBPE_LS, SECE_LS, TEKE_LS, UCK_LS, UZBE_LS, VBAE_LS, YZVE_LS",,
20091,ING 112A,ING,LS,Basics of Academic Writing,,Fatma Betül Akpınar,MED,Çarşamba,08:30/10:29,,25,25,,"BIOE_LS, BLG_LS, BLGE_LS, CEV_LS, CEVE_LS, CHZ_LS, DEN_LS, ECNE_LS, EHB_LS, EHBE_LS, ELK_LS, ELKE_LS, END_LS, ENDE_LS, ENTE_LS, EUTE_LS, FIZ_LS, GEM_LS, GEO_LS, GEOE_LS, GID_LS, HTA_LS, HTAE_LS, IBM_LS, ICM_LS, INS_LS, INSE_LS, ISL_LS, ISLE_LS, JEF_LS, JEO_LS, KIM_LS, KMM_LS, KOM_LS, KOME_LS, MAD_LS, MAK_LS, MAT_LS, MET_LS, METE_LS, MIM_LS, MIME_LS, MTO_LS, PEME_LS, PETE_LS, ROS_LS, ROSE_LS, SAO_OL, SBP_LS, SBPE_LS, SECE_LS, TEKE_LS, UCK_LS, UZBE_LS, VBAE_LS, YZVE_LS",,
20092,ING 112A,ING,LS,Basics of Academic Writing,,Şule Elif Gökçe Enginarlar,MED,Çarşamba,08:30/10:29,,25,25,,"BIOE_LS, BLG_LS, BLGE_LS, CEV_LS, CEVE_LS, CHZ_LS, DEN_LS, ECNE_LS, EHB_LS, EHBE_LS, ELK_LS, ELKE_LS, END_LS, ENDE_LS, ENTE_LS, EUTE_LS, FIZ_LS, GEM_LS, GEO_LS, GEOE_LS, GID_LS, HTA_LS, HTAE_LS, IBM_LS, ICM_LS, INS_LS, INSE_LS, ISL_LS, ISLE_LS, JEF_LS, JEO_LS, KIM_LS, KMM_LS, KOM_LS, KOME_LS, MAD_LS, MAK_LS, MAT_LS, MET_LS, METE_LS, MIM_LS, MIME_LS, MTO_LS, PEME_LS, PETE_LS, ROS_LS, ROSE_LS, SAO_OL, SBP_LS, SBPE_LS, SECE_LS, TEKE_LS, UCK_LS, UZBE_LS, VBAE_LS, YZVE_LS",,
20093,ING 112A,ING,LS,Basics of Academic Writing,,Nilgün Eker,MED,Çarşamba,08:30/10:29,,25,13,,"BIOE_LS, BLG_LS, BLGE_LS, CEV_LS, CEVE_LS, CHZ_LS, DEN_LS, ECNE_LS, EHB_LS, EHBE_LS, ELK_LS, ELKE_LS, END_LS, ENDE_LS, ENTE_LS, EUTE_LS, FIZ_LS, GEM_LS, GEO_LS, GEOE_LS, GID_LS, HTA_LS, HTAE_LS, IBM_LS, ICM_LS, INS_LS, INSE_LS, ISL_LS, ISLE_LS, JEF_LS, JEO_LS, KIM_LS, KMM_LS, KOM_LS, KOME_LS, MAD_LS, MAK_LS, MAT_LS, MET_LS, METE_LS, MIM_LS, MIME_LS, MTO_LS, PEME_LS, PETE_LS, ROS_LS, ROSE_LS, SAO_OL, SBP_LS, SBPE_LS, SECE_LS, TEKE_LS, UCK_LS, UZBE_LS, VBAE_LS, YZVE_LS",,
20094,ING 112A,ING,LS,Basics of Academic Writing,,Hande Yalınateş Koşar,MED,Çarşamba,08:30/10:29,,25,25,,"BIOE_LS, BLG_LS, BLGE_LS, CEV_LS, CEVE_LS, CHZ_LS, DEN_LS, ECNE_LS, EHB_LS, EHBE_LS, ELK_LS, ELKE_LS, END_LS, ENDE_LS, ENTE_LS, EUTE_LS, FIZ_LS, GEM_LS, GEO_LS, GEOE_LS, GID_LS, HTA_LS, HTAE_LS, IBM_LS, ICM_LS, INS_LS, INSE_LS, ISL_LS, ISLE_LS, JEF_LS, JEO_LS, KIM_LS, KMM_LS, KOM_LS, KOME_LS, MAD_LS, MAK_LS, MAT_LS, MET_LS, METE_LS, MIM_LS, MIME_LS, MTO_LS, PEME_LS, PETE_LS, ROS_LS, ROSE_LS, SAO_OL, SBP_LS, SBPE_LS, SECE_LS, TEKE_LS, UCK_LS, UZBE_LS, VBAE_LS, YZVE_LS",,
20095,ING 112A,ING,LS,Basics of Academic Writing,,Canan Şahşenas,MED,Çarşamba,08:30/10:29,,25,24,,"BIOE_LS, BLG_LS, BLGE_LS, CEV_LS, CEVE_LS, CHZ_LS, DEN_LS, ECNE_LS, EHB_LS, EHBE_LS, ELK_LS, ELKE_LS, END_LS, ENDE_LS, ENTE_LS, EUTE_LS, FIZ_LS, GEM_LS, GEO_LS, GEOE_LS, GID_LS, HTA_LS, HTAE_LS, IBM_LS, ICM_LS, INS_LS, INSE_LS, ISL_LS, ISLE_LS, JEF_LS, JEO_LS, KIM_LS, KMM_LS, KOM_LS, KOME_LS, MAD_LS, MAK_LS, MAT_LS, MET_LS, METE_LS, MIM_LS, MIME_LS, MTO_LS, PEME_LS, PETE_LS, ROS_LS, ROSE_LS, SAO_OL, SBP_LS, SBPE_LS, SECE_LS, TEKE_LS, UCK_LS, UZBE_LS, VBAE_LS, YZVE_LS",,
20096,ING 112A,ING,LS,Basics of Academic Writing,,Merve Sevtap Süren,MED,Çarşamba,10:30/12:29,,25,20,,"BIOE_LS, BLG_LS, BLGE_LS, CEV_LS, CEVE_LS, CHZ_LS, DEN_LS, ECNE_LS, EHB_LS, EHBE_LS, ELK_LS, ELKE_LS, END_LS, ENDE_LS, ENTE_LS, EUTE_LS, FIZ_LS, GEM_LS, GEO_LS, GEOE_LS, GID_LS, HTA_LS, HTAE_LS, IBM_LS, ICM_LS, INS_LS, INSE_LS, ISL_LS, ISLE_LS, JEF_LS, JEO_LS, KIM_LS, KMM_LS, KOM_LS, KOME_LS, MAD_LS, MAK_LS, MAT_LS, MET_LS, METE_LS, MIM_LS, MIME_LS, MTO_LS, PEME_LS, PETE_LS, ROS_LS, ROSE_LS, SAO_OL, SBP_LS, SBPE_LS, SECE_LS, TEKE_LS, UCK_LS, UZBE_LS, VBAE_LS, YZVE_LS",,
20097,ING 112A,ING,LS,Basics of Academic Writing,,Fatma Betül Akpınar,MED,Çarşamba,10:30/12:29,,25,25,,"BIOE_LS, BLG_LS, BLGE_LS, CEV_LS, CEVE_LS, CHZ_LS, DEN_LS, ECNE_LS, EHB_LS, EHBE_LS, ELK_LS, ELKE_LS, END_LS, ENDE_LS, ENTE_LS, EUTE_LS, FIZ_LS, GEM_LS, GEO_LS, GEOE_LS, GID_LS, HTA_LS, HTAE_LS, IBM_LS, ICM_LS, INS_LS, INSE_LS, ISL_LS, ISLE_LS, JEF_LS, JEO_LS, KIM_LS, KMM_LS, KOM_LS, KOME_LS, MAD_LS, MAK_LS, MAT_LS, MET_LS, METE_LS, MIM_LS, MIME_LS, MTO_LS, PEME_LS, PETE_LS, ROS_LS, ROSE_LS, SAO_OL, SBP_LS, SBPE_LS, SECE_LS, TEKE_LS, UCK_LS, UZBE_LS, VBAE_LS, YZVE_LS",,
20098,ING 112A,ING,LS,Basics of Academic Writing,,Emel Çağlar,MED,Çarşamba,10:30/12:29,,25,25,,"BIOE_LS, BLG_LS, BLGE_LS, CEV_LS, CEVE_LS, CHZ_LS, DEN_LS, ECNE_LS, EHB_LS, EHBE_LS, ELK_LS, ELKE_LS, END_LS, ENDE_LS, ENTE_LS, EUTE_LS, FIZ_LS, GEM_LS, GEO_LS, GEOE_LS, GID_LS, HTA_LS, HTAE_LS, IBM_LS, ICM_LS, INS_LS, INSE_LS, ISL_LS, ISLE_LS, JEF_LS, JEO_LS, KIM_LS, KMM_LS, KOM_LS, KOME_LS, MAD_LS, MAK_LS, MAT_LS, MET_LS, METE_LS, MIM_LS, MIME_LS, MTO_LS, PEME_LS, PETE_LS, ROS_LS, ROSE_LS, SAO_OL, SBP_LS, SBPE_LS, SECE_LS, TEKE_LS, UCK_LS, UZBE_LS, VBAE_LS, YZVE_LS",,
20099,ING 112A,ING,LS,Basics of Academic Writing,,Hande Yalınateş Koşar,MED,Çarşamba,10:30/12:29,,25,25,,"BIOE_LS, BLG_LS, BLGE_LS, CEV_LS, CEVE_LS, CHZ_LS, DEN_LS, ECNE_LS, EHB_LS, EHBE_LS, ELK_LS, ELKE_LS, END_LS, ENDE_LS, ENTE_LS, EUTE_LS, FIZ_LS, GEM_LS, GEO_LS, GEOE_LS, GID_LS, HTA_LS, HTAE_LS, IBM_LS, ICM_LS, INS_LS, INSE_LS, ISL_LS, ISLE_LS, JEF_LS, JEO_LS, KIM_LS, KMM_LS, KOM_LS, KOME_LS, MAD_LS, MAK_LS, MAT_LS, MET_LS, METE_LS, MIM_LS, MIME_LS, MTO_LS, PEME_LS, PETE_LS, ROS_LS, ROSE_LS, SAO_OL, SBP_LS, SBPE_LS, SECE_LS, TEKE_LS, UCK_LS, UZBE_LS, VBAE_LS, YZVE_LS",,
20100,ING 112A,ING,LS,Basics of Academic Writing,,İmge Şahin Girtten,MED,Çarşamba,10:30/12:29,,25,25,,"BIOE_LS, BLG_LS, BLGE_LS, CEV_LS, CEVE_LS, CHZ_LS, DEN_LS, ECNE_LS, EHB_LS, EHBE_LS, ELK_LS, ELKE_LS, END_LS, ENDE_LS, ENTE_LS, EUTE_LS, FIZ_LS, GEM_LS, GEO_LS, GEOE_LS, GID_LS, HTA_LS, HTAE_LS, IBM_LS, ICM_LS, INS_LS, INSE_LS, ISL_LS, ISLE_LS, JEF_LS, JEO_LS, KIM_LS, KMM_LS, KOM_LS, KOME_LS, MAD_LS, MAK_LS, MAT_LS, MET_LS, METE_LS, MIM_LS, MIME_LS, MTO_LS, PEME_LS, PETE_LS, ROS_LS, ROSE_LS, SAO_OL, SBP_LS, SBPE_LS, SECE_LS, TEKE_LS, UCK_LS, UZBE_LS, VBAE_LS, YZVE_LS",,
20101,ING 112A,ING,LS,Basics of Academic Writing,,-,MED,Çarşamba,10:30/12:29,,0,0,,"BIOE_LS, BLG_LS, BLGE_LS, CEV_LS, CEVE_LS, CHZ_LS, DEN_LS, ECNE_LS, EHB_LS, EHBE_LS, ELK_LS, ELKE_LS, END_LS, ENDE_LS, ENTE_LS, EUTE_LS, FIZ_LS, GEM_LS, GEO_LS, GEOE_LS, GID_LS, HTA_LS, HTAE_LS, IBM_LS, ICM_LS, INS_LS, INSE_LS, ISL_LS, ISLE_LS, JEF_LS, JEO_LS, KIM_LS, KMM_LS, KOM_LS, KOME_LS, MAD_LS, MAK_LS, MAT_LS, MET_LS, METE_LS, MIM_LS, MIME_LS, MTO_LS, PEME_LS, PETE_LS, ROS_LS, ROSE_LS, SAO_OL, SBP_LS, SBPE_LS, SECE_LS, TEKE_LS, UCK_LS, UZBE_LS, VBAE_LS, YZVE_LS",,
20102,ING 112A,ING,LS,Basics of Academic Writing,,Fulya Kama Özelkan,MED,Çarşamba,10:30/12:29,,25,25,,"BIOE_LS, BLG_LS, BLGE_LS, CEV_LS, CEVE_LS, CHZ_LS, DEN_LS, ECNE_LS, EHB_LS, EHBE_LS, ELK_LS, ELKE_LS, END_LS, ENDE_LS, ENTE_LS, EUTE_LS, FIZ_LS, GEM_LS, GEO_LS, GEOE_LS, GID_LS, HTA_LS, HTAE_LS, IBM_LS, ICM_LS, INS_LS, INSE_LS, ISL_LS, ISLE_LS, JEF_LS, JEO_LS, KIM_LS, KMM_LS, KOM_LS, KOME_LS, MAD_LS, MAK_LS, MAT_LS, MET_LS, METE_LS, MIM_LS, MIME_LS, MTO_LS, PEME_LS, PETE_LS, ROS_LS, ROSE_LS, SAO_OL, SBP_LS, SBPE_LS, SECE_LS, TEKE_LS, UCK_LS, UZBE_LS, VBAE_LS, YZVE_LS",,
20103,ING 112A,ING,LS,Basics of Academic Writing,,Sabiha Bahar Arıcı,MED,Çarşamba,10:30/12:29,,25,19,,"BIOE_LS, BLG_LS, BLGE_LS, CEV_LS, CEVE_LS, CHZ_LS, DEN_LS, ECNE_LS, EHB_LS, EHBE_LS, ELK_LS, ELKE_LS, END_LS, ENDE_LS, ENTE_LS, EUTE_LS, FIZ_LS, GEM_LS, GEO_LS, GEOE_LS, GID_LS, HTA_LS, HTAE_LS, IBM_LS, ICM_LS, INS_LS, INSE_LS, ISL_LS, ISLE_LS, JEF_LS, JEO_LS, KIM_LS, KMM_LS, KOM_LS, KOME_LS, MAD_LS, MAK_LS, MAT_LS, MET_LS, METE_LS, MIM_LS, MIME_LS, MTO_LS, PEME_LS, PETE_LS, ROS_LS, ROSE_LS, SAO_OL, SBP_LS, SBPE_LS, SECE_LS, TEKE_LS, UCK_LS, UZBE_LS, VBAE_LS, YZVE_LS",,
20104,ING 112A,ING,LS,Basics of Academic Writing,,Aslı Özkara,MED,Çarşamba,10:30/12:29,,25,25,,"BIOE_LS, BLG_LS, BLGE_LS, CEV_LS, CEVE_LS, CHZ_LS, DEN_LS, ECNE_LS, EHB_LS, EHBE_LS, ELK_LS, ELKE_LS, END_LS, ENDE_LS, ENTE_LS, EUTE_LS, FIZ_LS, GEM_LS, GEO_LS, GEOE_LS, GID_LS, HTA_LS, HTAE_LS, IBM_LS, ICM_LS, INS_LS, INSE_LS, ISL_LS, ISLE_LS, JEF_LS, JEO_LS, KIM_LS, KMM_LS, KOM_LS, KOME_LS, MAD_LS, MAK_LS, MAT_LS, MET_LS, METE_LS, MIM_LS, MIME_LS, MTO_LS, PEME_LS, PETE_LS, ROS_LS, ROSE_LS, SAO_OL, SBP_LS, SBPE_LS, SECE_LS, TEKE_LS, UCK_LS, UZBE_LS, VBAE_LS, YZVE_LS",,
20105,ING 112A,ING,LS,Basics of Academic Writing,,Canan Şahşenas,MED,Çarşamba,10:30/12:29,,25,25,,"BIOE_LS, BLG_LS, BLGE_LS, CEV_LS, CEVE_LS, CHZ_LS, DEN_LS, ECNE_LS, EHB_LS, EHBE_LS, ELK_LS, ELKE_LS, END_LS, ENDE_LS, ENTE_LS, EUTE_LS, FIZ_LS, GEM_LS, GEO_LS, GEOE_LS, GID_LS, HTA_LS, HTAE_LS, IBM_LS, ICM_LS, INS_LS, INSE_LS, ISL_LS, ISLE_LS, JEF_LS, JEO_LS, KIM_LS, KMM_LS, KOM_LS, KOME_LS, MAD_LS, MAK_LS, MAT_LS, MET_LS, METE_LS, MIM_LS, MIME_LS, MTO_LS, PEME_LS, PETE_LS, ROS_LS, ROSE_LS, SAO_OL, SBP_LS, SBPE_LS, SECE_LS, TEKE_LS, UCK_LS, UZBE_LS, VBAE_LS, YZVE_LS",,
20106,ING 112A,ING,LS,Basics of Academic Writing,,Hatice Bahar Mendi Ünver,MED,Perşembe,08:30/10:29,,27,27,,"BIOE_LS, BLG_LS, BLGE_LS, CEV_LS, CEVE_LS, CHZ_LS, DEN_LS, ECNE_LS, EHB_LS, EHBE_LS, ELK_LS, ELKE_LS, END_LS, ENDE_LS, ENTE_LS, EUTE_LS, FIZ_LS, GEM_LS, GEO_LS, GEOE_LS, GID_LS, HTA_LS, HTAE_LS, IBM_LS, ICM_LS, INS_LS, INSE_LS, ISL_LS, ISLE_LS, JEF_LS, JEO_LS, KIM_LS, KMM_LS, KOM_LS, KOME_LS, MAD_LS, MAK_LS, MAT_LS, MET_LS, METE_LS, MIM_LS, MIME_LS, MTO_LS, PEME_LS, PETE_LS, ROS_LS, ROSE_LS, SAO_OL, SBP_LS, SBPE_LS, SECE_LS, TEKE_LS, UCK_LS, UZBE_LS, VBAE_LS, YZVE_LS",,
20107,ING 112A,ING,LS,Basics of Academic Writing,,Fatma Şehkar Fayda Kınık,MED,Perşembe,08:30/10:29,,27,27,,"BIOE_LS, BLG_LS, BLGE_LS, CEV_LS, CEVE_LS, CHZ_LS, DEN_LS, ECNE_LS, EHB_LS, EHBE_LS, ELK_LS, ELKE_LS, END_LS, ENDE_LS, ENTE_LS, EUTE_LS, FIZ_LS, GEM_LS, GEO_LS, GEOE_LS, GID_LS, HTA_LS, HTAE_LS, IBM_LS, ICM_LS, INS_LS, INSE_LS, ISL_LS, ISLE_LS, JEF_LS, JEO_LS, KIM_LS, KMM_LS, KOM_LS, KOME_LS, MAD_LS, MAK_LS, MAT_LS, MET_LS, METE_LS, MIM_LS, MIME_LS, MTO_LS, PEME_LS, PETE_LS, ROS_LS, ROSE_LS, SAO_OL, SBP_LS, SBPE_LS, SECE_LS, TEKE_LS, UCK_LS, UZBE_LS, VBAE_LS, YZVE_LS",,
20108,ING 112A,ING,LS,Basics of Academic Writing,,Nurçin Ramadanoğlu,MED,Cuma,08:30/10:29,,27,27,,"BIOE_LS, BLG_LS, BLGE_LS, CEV_LS, CEVE_LS, CHZ_LS, DEN_LS, ECNE_LS, EHB_LS, EHBE_LS, ELK_LS, ELKE_LS, END_LS, ENDE_LS, ENTE_LS, EUTE_LS, FIZ_LS, GEM_LS, GEO_LS, GEOE_LS, GID_LS, HTA_LS, HTAE_LS, IBM_LS, ICM_LS, INS_LS, INSE_LS, ISL_LS, ISLE_LS, JEF_LS, JEO_LS, KIM_LS, KMM_LS, KOM_LS, KOME_LS, MAD_LS, MAK_LS, MAT_LS, MET_LS, METE_LS, MIM_LS, MIME_LS, MTO_LS, PEME_LS, PETE_LS, ROS_LS, ROSE_LS, SAO_OL, SBP_LS, SBPE_LS, SECE_LS, TEKE_LS, UCK_LS, UZBE_LS, VBAE_LS, YZVE_LS",,
20109,ING 112A,ING,LS,Basics of Academic Writing,,Özge Seçkin Polat,MED,Perşembe,08:30/10:29,,27,26,,"BIOE_LS, BLG_LS, BLGE_LS, CEV_LS, CEVE_LS, CHZ_LS, DEN_LS, ECNE_LS, EHB_LS, EHBE_LS, ELK_LS, ELKE_LS, END_LS, ENDE_LS, ENTE_LS, EUTE_LS, FIZ_LS, GEM_LS, GEO_LS, GEOE_LS, GID_LS, HTA_LS, HTAE_LS, IBM_LS, ICM_LS, INS_LS, INSE_LS, ISL_LS, ISLE_LS, JEF_LS, JEO_LS, KIM_LS, KMM_LS, KOM_LS, KOME_LS, MAD_LS, MAK_LS, MAT_LS, MET_LS, METE_LS, MIM_LS, MIME_LS, MTO_LS, PEME_LS, PETE_LS, ROS_LS, ROSE_LS, SAO_OL, SBP_LS, SBPE_LS, SECE_LS, TEKE_LS, UCK_LS, UZBE_LS, VBAE_LS, YZVE_LS",,
20110,ING 112A,ING,LS,Basics of Academic Writing,,Damla Aslı Altan,MED,Perşembe,08:30/10:29,,27,11,,"BIOE_LS, BLG_LS, BLGE_LS, CEV_LS, CEVE_LS, CHZ_LS, DEN_LS, ECNE_LS, EHB_LS, EHBE_LS, ELK_LS, ELKE_LS, END_LS, ENDE_LS, ENTE_LS, EUTE_LS, FIZ_LS, GEM_LS, GEO_LS, GEOE_LS, GID_LS, HTA_LS, HTAE_LS, IBM_LS, ICM_LS, INS_LS, INSE_LS, ISL_LS, ISLE_LS, JEF_LS, JEO_LS, KIM_LS, KMM_LS, KOM_LS, KOME_LS, MAD_LS, MAK_LS, MAT_LS, MET_LS, METE_LS, MIM_LS, MIME_LS, MTO_LS, PEME_LS, PETE_LS, ROS_LS, ROSE_LS, SAO_OL, SBP_LS, SBPE_LS, SECE_LS, TEKE_LS, UCK_LS, UZBE_LS, VBAE_LS, YZVE_LS",,
20111,ING 112A,ING,LS,Basics of Academic Writing,,Şule Elif Gökçe Enginarlar,MED,Perşembe,08:30/10:29,,27,27,,"BIOE_LS, BLG_LS, BLGE_LS, CEV_LS, CEVE_LS, CHZ_LS, DEN_LS, ECNE_LS, EHB_LS, EHBE_LS, ELK_LS, ELKE_LS, END_LS, ENDE_LS, ENTE_LS, EUTE_LS, FIZ_LS, GEM_LS, GEO_LS, GEOE_LS, GID_LS, HTA_LS, HTAE_LS, IBM_LS, ICM_LS, INS_LS, INSE_LS, ISL_LS, ISLE_LS, JEF_LS, JEO_LS, KIM_LS, KMM_LS, KOM_LS, KOME_LS, MAD_LS, MAK_LS, MAT_LS, MET_LS, METE_LS, MIM_LS, MIME_LS, MTO_LS, PEME_LS, PETE_LS, ROS_LS, ROSE_LS, SAO_OL, SBP_LS, SBPE_LS, SECE_LS, TEKE_LS, UCK_LS, UZBE_LS, VBAE_LS, YZVE_LS",,
20112,ING 112A,ING,LS,Basics of Academic Writing,,Nilgün Eker,MED,Perşembe,08:30/10:29,,27,27,,"BIOE_LS, BLG_LS, BLGE_LS, CEV_LS, CEVE_LS, CHZ_LS, DEN_LS, ECNE_LS, EHB_LS, EHBE_LS, ELK_LS, ELKE_LS, END_LS, ENDE_LS, ENTE_LS, EUTE_LS, FIZ_LS, GEM_LS, GEO_LS, GEOE_LS, GID_LS, HTA_LS, HTAE_LS, IBM_LS, ICM_LS, INS_LS, INSE_LS, ISL_LS, ISLE_LS, JEF_LS, JEO_LS, KIM_LS, KMM_LS, KOM_LS, KOME_LS, MAD_LS, MAK_LS, MAT_LS, MET_LS, METE_LS, MIM_LS, MIME_LS, MTO_LS, PEME_LS, PETE_LS, ROS_LS, ROSE_LS, SAO_OL, SBP_LS, SBPE_LS, SECE_LS, TEKE_LS, UCK_LS, UZBE_LS, VBAE_LS, YZVE_LS",,
20113,ING 112A,ING,LS,Basics of Academic Writing,,Merve Sevtap Süren,MED,Perşembe,10:30/12:29,,27,18,,"BIOE_LS, BLG_LS, BLGE_LS, CEV_LS, CEVE_LS, CHZ_LS, DEN_LS, ECNE_LS, EHB_LS, EHBE_LS, ELK_LS, ELKE_LS, END_LS, ENDE_LS, ENTE_LS, EUTE_LS, FIZ_LS, GEM_LS, GEO_LS, GEOE_LS, GID_LS, HTA_LS, HTAE_LS, IBM_LS, ICM_LS, INS_LS, INSE_LS, ISL_LS, ISLE_LS, JEF_LS, JEO_LS, KIM_LS, KMM_LS, KOM_LS, KOME_LS, MAD_LS, MAK_LS, MAT_LS, MET_LS, METE_LS, MIM_LS, MIME_LS, MTO_LS, PEME_LS, PETE_LS, ROS_LS, ROSE_LS, SAO_OL, SBP_LS, SBPE_LS, SECE_LS, TEKE_LS, UCK_LS, UZBE_LS, VBAE_LS, YZVE_LS",,
20114,ING 112A,ING,LS,Basics of Academic Writing,,Hatice Bahar Mendi Ünver,MED,Perşembe,10:30/12:29,,27,27,,"BIOE_LS, BLG_LS, BLGE_LS, CEV_LS, CEVE_LS, CHZ_LS, DEN_LS, ECNE_LS, EHB_LS, EHBE_LS, ELK_LS, ELKE_LS, END_LS, ENDE_LS, ENTE_LS, EUTE_LS, FIZ_LS, GEM_LS, GEO_LS, GEOE_LS, GID_LS, HTA_LS, HTAE_LS, IBM_LS, ICM_LS, INS_LS, INSE_LS, ISL_LS, ISLE_LS, JEF_LS, JEO_LS, KIM_LS, KMM_LS, KOM_LS, KOME_LS, MAD_LS, MAK_LS, MAT_LS, MET_LS, METE_LS, MIM_LS, MIME_LS, MTO_LS, PEME_LS, PETE_LS, ROS_LS, ROSE_LS, SAO_OL, SBP_LS, SBPE_LS, SECE_LS, TEKE_LS, UCK_LS, UZBE_LS, VBAE_LS, YZVE_LS",,
20115,ING 112A,ING,LS,Basics of Academic Writing,,İmge Şahin Girtten,MED,Perşembe,10:30/12:29,,27,27,,"BIOE_LS, BLG_LS, BLGE_LS, CEV_LS, CEVE_LS, CHZ_LS, DEN_LS, ECNE_LS, EHB_LS, EHBE_LS, ELK_LS, ELKE_LS, END_LS, ENDE_LS, ENTE_LS, EUTE_LS, FIZ_LS, GEM_LS, GEO_LS, GEOE_LS, GID_LS, HTA_LS, HTAE_LS, IBM_LS, ICM_LS, INS_LS, INSE_LS, ISL_LS, ISLE_LS, JEF_LS, JEO_LS, KIM_LS, KMM_LS, KOM_LS, KOME_LS, MAD_LS, MAK_LS, MAT_LS, MET_LS, METE_LS, MIM_LS, MIME_LS, MTO_LS, PEME_LS, PETE_LS, ROS_LS, ROSE_LS, SAO_OL, SBP_LS, SBPE_LS, SECE_LS, TEKE_LS, UCK_LS, UZBE_LS, VBAE_LS, YZVE_LS",,
20116,ING 112A,ING,LS,Basics of Academic Writing,,Yurdanur Toktaş,MED,Perşembe,10:30/12:29,,27,27,,"BIOE_LS, BLG_LS, BLGE_LS, CEV_LS, CEVE_LS, CHZ_LS, DEN_LS, ECNE_LS, EHB_LS, EHBE_LS, ELK_LS, ELKE_LS, END_LS, ENDE_LS, ENTE_LS, EUTE_LS, FIZ_LS, GEM_LS, GEO_LS, GEOE_LS, GID_LS, HTA_LS, HTAE_LS, IBM_LS, ICM_LS, INS_LS, INSE_LS, ISL_LS, ISLE_LS, JEF_LS, JEO_LS, KIM_LS, KMM_LS, KOM_LS, KOME_LS, MAD_LS, MAK_LS, MAT_LS, MET_LS, METE_LS, MIM_LS, MIME_LS, MTO_LS, PEME_LS, PETE_LS, ROS_LS, ROSE_LS, SAO_OL, SBP_LS, SBPE_LS, SECE_LS, TEKE_LS, UCK_LS, UZBE_LS, VBAE_LS, YZVE_LS",,
20117,ING 112A,ING,LS,Basics of Academic Writing,,Zarife Zeliş Çoban,MED,Perşembe,10:30/12:29,,27,27,,"BIOE_LS, BLG_LS, BLGE_LS, CEV_LS, CEVE_LS, CHZ_LS, DEN_LS, ECNE_LS, EHB_LS, EHBE_LS, ELK_LS, ELKE_LS, END_LS, ENDE_LS, ENTE_LS, EUTE_LS, FIZ_LS, GEM_LS, GEO_LS, GEOE_LS, GID_LS, HTA_LS, HTAE_LS, IBM_LS, ICM_LS, INS_LS, INSE_LS, ISL_LS, ISLE_LS, JEF_LS, JEO_LS, KIM_LS, KMM_LS, KOM_LS, KOME_LS, MAD_LS, MAK_LS, MAT_LS, MET_LS, METE_LS, MIM_LS, MIME_LS, MTO_LS, PEME_LS, PETE_LS, ROS_LS, ROSE_LS, SAO_OL, SBP_LS, SBPE_LS, SECE_LS, TEKE_LS, UCK_LS, UZBE_LS, VBAE_LS, YZVE_LS",,
20118,ING 112A,ING,LS,Basics of Academic Writing,,Aslı Özkara,MED,Perşembe,10:30/12:29,,27,27,,"BIOE_LS, BLG_LS, BLGE_LS, CEV_LS, CEVE_LS, CHZ_LS, DEN_LS, ECNE_LS, EHB_LS, EHBE_LS, ELK_LS, ELKE_LS, END_LS, ENDE_LS, ENTE_LS, EUTE_LS, FIZ_LS, GEM_LS, GEO_LS, GEOE_LS, GID_LS, HTA_LS, HTAE_LS, IBM_LS, ICM_LS, INS_LS, INSE_LS, ISL_LS, ISLE_LS, JEF_LS, JEO_LS, KIM_LS, KMM_LS, KOM_LS, KOME_LS, MAD_LS, MAK_LS, MAT_LS, MET_LS, METE_LS, MIM_LS, MIME_LS, MTO_LS, PEME_LS, PETE_LS, ROS_LS, ROSE_LS, SAO_OL, SBP_LS, SBPE_LS, SECE_LS, TEKE_LS, UCK_LS, UZBE_LS, VBAE_LS, YZVE_LS",,
20119,ING 112A,ING,LS,Basics of Academic Writing,,Halime Ceren Göktaş,MED,Perşembe,10:30/12:29,,27,25,,"BIOE_LS, BLG_LS, BLGE_LS, CEV_LS, CEVE_LS, CHZ_LS, DEN_LS, ECNE_LS, EHB_LS, EHBE_LS, ELK_LS, ELKE_LS, END_LS, ENDE_LS, ENTE_LS, EUTE_LS, FIZ_LS, GEM_LS, GEO_LS, GEOE_LS, GID_LS, HTA_LS, HTAE_LS, IBM_LS, ICM_LS, INS_LS, INSE_LS, ISL_LS, ISLE_LS, JEF_LS, JEO_LS, KIM_LS, KMM_LS, KOM_LS, KOME_LS, MAD_LS, MAK_LS, MAT_LS, MET_LS, METE_LS, MIM_LS, MIME_LS, MTO_LS, PEME_LS, PETE_LS, ROS_LS, ROSE_LS, SAO_OL, SBP_LS, SBPE_LS, SECE_LS, TEKE_LS, UCK_LS, UZBE_LS, VBAE_LS, YZVE_LS",,
20120,ING 112A,ING,LS,Basics of Academic Writing,,Sabiha Bahar Arıcı,MED,Perşembe,10:30/12:29,,27,27,,"BIOE_LS, BLG_LS, BLGE_LS, CEV_LS, CEVE_LS, CHZ_LS, DEN_LS, ECNE_LS, EHB_LS, EHBE_LS, ELK_LS, ELKE_LS, END_LS, ENDE_LS, ENTE_LS, EUTE_LS, FIZ_LS, GEM_LS, GEO_LS, GEOE_LS, GID_LS, HTA_LS, HTAE_LS, IBM_LS, ICM_LS, INS_LS, INSE_LS, ISL_LS, ISLE_LS, JEF_LS, JEO_LS, KIM_LS, KMM_LS, KOM_LS, KOME_LS, MAD_LS, MAK_LS, MAT_LS, MET_LS, METE_LS, MIM_LS, MIME_LS, MTO_LS, PEME_LS, PETE_LS, ROS_LS, ROSE_LS, SAO_OL, SBP_LS, SBPE_LS, SECE_LS, TEKE_LS, UCK_LS, UZBE_LS, VBAE_LS, YZVE_LS",,
20201,ING 112A,ING,LS,Basics of Academic Writing,,Zeynep Kurular,MED,Perşembe,10:30/12:29,,27,27,,"BIOE_LS, BLG_LS, BLGE_LS, CEV_LS, CEVE_LS, CHZ_LS, DEN_LS, ECNE_LS, EHB_LS, EHBE_LS, ELK_LS, ELKE_LS, END_LS, ENDE_LS, ENTE_LS, EUTE_LS, FIZ_LS, GEM_LS, GEO_LS, GEOE_LS, GID_LS, HTA_LS, HTAE_LS, IBM_LS, ICM_LS, INS_LS, INSE_LS, ISL_LS, ISLE_LS, JEF_LS, JEO_LS, KIM_LS, KMM_LS, KOM_LS, KOME_LS, MAD_LS, MAK_LS, MAT_LS, MET_LS, METE_LS, MIM_LS, MIME_LS, MTO_LS, PEME_LS, PETE_LS, ROS_LS, ROSE_LS, SAO_OL, SBP_LS, SBPE_LS, SECE_LS, TEKE_LS, UCK_LS, UZBE_LS, VBAE_LS, YZVE_LS",,
20202,ING 112A,ING,LS,Basics of Academic Writing,,Yasemin Yılmaz Yüksek,MED,Perşembe,10:30/12:29,,27,27,,"BIOE_LS, BLG_LS, BLGE_LS, CEV_LS, CEVE_LS, CHZ_LS, DEN_LS, ECNE_LS, EHB_LS, EHBE_LS, ELK_LS, ELKE_LS, END_LS, ENDE_LS, ENTE_LS, EUTE_LS, FIZ_LS, GEM_LS, GEO_LS, GEOE_LS, GID_LS, HTA_LS, HTAE_LS, IBM_LS, ICM_LS, INS_LS, INSE_LS, ISL_LS, ISLE_LS, JEF_LS, JEO_LS, KIM_LS, KMM_LS, KOM_LS, KOME_LS, MAD_LS, MAK_LS, MAT_LS, MET_LS, METE_LS, MIM_LS, MIME_LS, MTO_LS, PEME_LS, PETE_LS, ROS_LS, ROSE_LS, SAO_OL, SBP_LS, SBPE_LS, SECE_LS, TEKE_LS, UCK_LS, UZBE_LS, VBAE_LS, YZVE_LS",,
20203,ING 112A,ING,LS,Basics of Academic Writing,,Merve Sevtap Süren,MED,Perşembe,13:30/15:29,,27,19,,"BIOE_LS, BLG_LS, BLGE_LS, CEV_LS, CEVE_LS, CHZ_LS, DEN_LS, ECNE_LS, EHB_LS, EHBE_LS, ELK_LS, ELKE_LS, END_LS, ENDE_LS, ENTE_LS, EUTE_LS, FIZ_LS, GEM_LS, GEO_LS, GEOE_LS, GID_LS, HTA_LS, HTAE_LS, IBM_LS, ICM_LS, INS_LS, INSE_LS, ISL_LS, ISLE_LS, JEF_LS, JEO_LS, KIM_LS, KMM_LS, KOM_LS, KOME_LS, MAD_LS, MAK_LS, MAT_LS, MET_LS, METE_LS, MIM_LS, MIME_LS, MTO_LS, PEME_LS, PETE_LS, ROS_LS, ROSE_LS, SAO_OL, SBP_LS, SBPE_LS, SECE_LS, TEKE_LS, UCK_LS, UZBE_LS, VBAE_LS, YZVE_LS",,
20204,ING 112A,ING,LS,Basics of Academic Writing,,Emel Çağlar,MED,Perşembe,13:30/15:29,,27,27,,"BIOE_LS, BLG_LS, BLGE_LS, CEV_LS, CEVE_LS, CHZ_LS, DEN_LS, ECNE_LS, EHB_LS, EHBE_LS, ELK_LS, ELKE_LS, END_LS, ENDE_LS, ENTE_LS, EUTE_LS, FIZ_LS, GEM_LS, GEO_LS, GEOE_LS, GID_LS, HTA_LS, HTAE_LS, IBM_LS, ICM_LS, INS_LS, INSE_LS, ISL_LS, ISLE_LS, JEF_LS, JEO_LS, KIM_LS, KMM_LS, KOM_LS, KOME_LS, MAD_LS, MAK_LS, MAT_LS, MET_LS, METE_LS, MIM_LS, MIME_LS, MTO_LS, PEME_LS, PETE_LS, ROS_LS, ROSE_LS, SAO_OL, SBP_LS, SBPE_LS, SECE_LS, TEKE_LS, UCK_LS, UZBE_LS, VBAE_LS, YZVE_LS",,
20205,ING 112A,ING,LS,Basics of Academic Writing,,Damla Aslı Altan,MED,Perşembe,13:30/15:29,,27,8,,"BIOE_LS, BLG_LS, BLGE_LS, CEV_LS, CEVE_LS, CHZ_LS, DEN_LS, ECNE_LS, EHB_LS, EHBE_LS, ELK_LS, ELKE_LS, END_LS, ENDE_LS, ENTE_LS, EUTE_LS, FIZ_LS, GEM_LS, GEO_LS, GEOE_LS, GID_LS, HTA_LS, HTAE_LS, IBM_LS, ICM_LS, INS_LS, INSE_LS, ISL_LS, ISLE_LS, JEF_LS, JEO_LS, KIM_LS, KMM_LS, KOM_LS, KOME_LS, MAD_LS, MAK_LS, MAT_LS, MET_LS, METE_LS, MIM_LS, MIME_LS, MTO_LS, PEME_LS, PETE_LS, ROS_LS, ROSE_LS, SAO_OL, SBP_LS, SBPE_LS, SECE_LS, TEKE_LS, UCK_LS, UZBE_LS, VBAE_LS, YZVE_LS",,
20206,ING 112A,ING,LS,Basics of Academic Writing,,İmge Şahin Girtten,MED,Perşembe,13:30/15:29,,27,27,,"BIOE_LS, BLG_LS, BLGE_LS, CEV_LS, CEVE_LS, CHZ_LS, DEN_LS, ECNE_LS, EHB_LS, EHBE_LS, ELK_LS, ELKE_LS, END_LS, ENDE_LS, ENTE_LS, EUTE_LS, FIZ_LS, GEM_LS, GEO_LS, GEOE_LS, GID_LS, HTA_LS, HTAE_LS, IBM_LS, ICM_LS, INS_LS, INSE_LS, ISL_LS, ISLE_LS, JEF_LS, JEO_LS, KIM_LS, KMM_LS, KOM_LS, KOME_LS, MAD_LS, MAK_LS, MAT_LS, MET_LS, METE_LS, MIM_LS, MIME_LS, MTO_LS, PEME_LS, PETE_LS, ROS_LS, ROSE_LS, SAO_OL, SBP_LS, SBPE_LS, SECE_LS, TEKE_LS, UCK_LS, UZBE_LS, VBAE_LS, YZVE_LS",,
20207,ING 112A,ING,LS,Basics of Academic Writing,,Sabiha Bahar Arıcı,MED,Perşembe,13:30/15:29,,27,27,,"BIOE_LS, BLG_LS, BLGE_LS, CEV_LS, CEVE_LS, CHZ_LS, DEN_LS, ECNE_LS, EHB_LS, EHBE_LS, ELK_LS, ELKE_LS, END_LS, ENDE_LS, ENTE_LS, EUTE_LS, FIZ_LS, GEM_LS, GEO_LS, GEOE_LS, GID_LS, HTA_LS, HTAE_LS, IBM_LS, ICM_LS, INS_LS, INSE_LS, ISL_LS, ISLE_LS, JEF_LS, JEO_LS, KIM_LS, KMM_LS, KOM_LS, KOME_LS, MAD_LS, MAK_LS, MAT_LS, MET_LS, METE_LS, MIM_LS, MIME_LS, MTO_LS, PEME_LS, PETE_LS, ROS_LS, ROSE_LS, SAO_OL, SBP_LS, SBPE_LS, SECE_LS, TEKE_LS, UCK_LS, UZBE_LS, VBAE_LS, YZVE_LS",,
20209,ING 112A,ING,LS,Basics of Academic Writing,,Zarife Zeliş Çoban,MED,Perşembe,13:30/15:29,,27,27,,"BIOE_LS, BLG_LS, BLGE_LS, CEV_LS, CEVE_LS, CHZ_LS, DEN_LS, ECNE_LS, EHB_LS, EHBE_LS, ELK_LS, ELKE_LS, END_LS, ENDE_LS, ENTE_LS, EUTE_LS, FIZ_LS, GEM_LS, GEO_LS, GEOE_LS, GID_LS, HTA_LS, HTAE_LS, IBM_LS, ICM_LS, INS_LS, INSE_LS, ISL_LS, ISLE_LS, JEF_LS, JEO_LS, KIM_LS, KMM_LS, KOM_LS, KOME_LS, MAD_LS, MAK_LS, MAT_LS, MET_LS, METE_LS, MIM_LS, MIME_LS, MTO_LS, PEME_LS, PETE_LS, ROS_LS, ROSE_LS, SAO_OL, SBP_LS, SBPE_LS, SECE_LS, TEKE_LS, UCK_LS, UZBE_LS, VBAE_LS, YZVE_LS",,
20210,ING 112A,ING,LS,Basics of Academic Writing,,Yasemin Yılmaz Yüksek,MED,Perşembe,13:30/15:29,,27,27,,"BIOE_LS, BLG_LS, BLGE_LS, CEV_LS, CEVE_LS, CHZ_LS, DEN_LS, ECNE_LS, EHB_LS, EHBE_LS, ELK_LS, ELKE_LS, END_LS, ENDE_LS, ENTE_LS, EUTE_LS, FIZ_LS, GEM_LS, GEO_LS, GEOE_LS, GID_LS, HTA_LS, HTAE_LS, IBM_LS, ICM_LS, INS_LS, INSE_LS, ISL_LS, ISLE_LS, JEF_LS, JEO_LS, KIM_LS, KMM_LS, KOM_LS, KOME_LS, MAD_LS, MAK_LS, MAT_LS, MET_LS, METE_LS, MIM_LS, MIME_LS, MTO_LS, PEME_LS, PETE_LS, ROS_LS, ROSE_LS, SAO_OL, SBP_LS, SBPE_LS, SECE_LS, TEKE_LS, UCK_LS, UZBE_LS, VBAE_LS, YZVE_LS",,
20211,ING 112A,ING,LS,Basics of Academic Writing,,Aslı Özkara,MED,Perşembe,13:30/15:29,,27,27,,"BIOE_LS, BLG_LS, BLGE_LS, CEV_LS, CEVE_LS, CHZ_LS, DEN_LS, ECNE_LS, EHB_LS, EHBE_LS, ELK_LS, ELKE_LS, END_LS, ENDE_LS, ENTE_LS, EUTE_LS, FIZ_LS, GEM_LS, GEO_LS, GEOE_LS, GID_LS, HTA_LS, HTAE_LS, IBM_LS, ICM_LS, INS_LS, INSE_LS, ISL_LS, ISLE_LS, JEF_LS, JEO_LS, KIM_LS, KMM_LS, KOM_LS, KOME_LS, MAD_LS, MAK_LS, MAT_LS, MET_LS, METE_LS, MIM_LS, MIME_LS, MTO_LS, PEME_LS, PETE_LS, ROS_LS, ROSE_LS, SAO_OL, SBP_LS, SBPE_LS, SECE_LS, TEKE_LS, UCK_LS, UZBE_LS, VBAE_LS, YZVE_LS",,
20212,ING 112A,ING,LS,Basics of Academic Writing,,İmge Şahin Girtten,MED,Cuma,08:30/10:29,,27,27,,"BIOE_LS, BLG_LS, BLGE_LS, CEV_LS, CEVE_LS, CHZ_LS, DEN_LS, ECNE_LS, EHB_LS, EHBE_LS, ELK_LS, ELKE_LS, END_LS, ENDE_LS, ENTE_LS, EUTE_LS, FIZ_LS, GEM_LS, GEO_LS, GEOE_LS, GID_LS, HTA_LS, HTAE_LS, IBM_LS, ICM_LS, INS_LS, INSE_LS, ISL_LS, ISLE_LS, JEF_LS, JEO_LS, KIM_LS, KMM_LS, KOM_LS, KOME_LS, MAD_LS, MAK_LS, MAT_LS, MET_LS, METE_LS, MIM_LS, MIME_LS, MTO_LS, PEME_LS, PETE_LS, ROS_LS, ROSE_LS, SAO_OL, SBP_LS, SBPE_LS, SECE_LS, TEKE_LS, UCK_LS, UZBE_LS, VBAE_LS, YZVE_LS",,
20213,ING 112A,ING,LS,Basics of Academic Writing,,Halime Ceren Göktaş,MED,Cuma,08:30/10:29,,27,19,,"BIOE_LS, BLG_LS, BLGE_LS, CEV_LS, CEVE_LS, CHZ_LS, DEN_LS, ECNE_LS, EHB_LS, EHBE_LS, ELK_LS, ELKE_LS, END_LS, ENDE_LS, ENTE_LS, EUTE_LS, FIZ_LS, GEM_LS, GEO_LS, GEOE_LS, GID_LS, HTA_LS, HTAE_LS, IBM_LS, ICM_LS, INS_LS, INSE_LS, ISL_LS, ISLE_LS, JEF_LS, JEO_LS, KIM_LS, KMM_LS, KOM_LS, KOME_LS, MAD_LS, MAK_LS, MAT_LS, MET_LS, METE_LS, MIM_LS, MIME_LS, MTO_LS, PEME_LS, PETE_LS, ROS_LS, ROSE_LS, SAO_OL, SBP_LS, SBPE_LS, SECE_LS, TEKE_LS, UCK_LS, UZBE_LS, VBAE_LS, YZVE_LS",,
20214,ING 112A,ING,LS,Basics of Academic Writing,,Canan Şahşenas,MED,Cuma,08:30/10:29,,27,27,,"BIOE_LS, BLG_LS, BLGE_LS, CEV_LS, CEVE_LS, CHZ_LS, DEN_LS, ECNE_LS, EHB_LS, EHBE_LS, ELK_LS, ELKE_LS, END_LS, ENDE_LS, ENTE_LS, EUTE_LS, FIZ_LS, GEM_LS, GEO_LS, GEOE_LS, GID_LS, HTA_LS, HTAE_LS, IBM_LS, ICM_LS, INS_LS, INSE_LS, ISL_LS, ISLE_LS, JEF_LS, JEO_LS, KIM_LS, KMM_LS, KOM_LS, KOME_LS, MAD_LS, MAK_LS, MAT_LS, MET_LS, METE_LS, MIM_LS, MIME_LS, MTO_LS, PEME_LS, PETE_LS, ROS_LS, ROSE_LS, SAO_OL, SBP_LS, SBPE_LS, SECE_LS, TEKE_LS, UCK_LS, UZBE_LS, VBAE_LS, YZVE_LS",,
20215,ING 112A,ING,LS,Basics of Academic Writing,,Aslı Özkara,MED,Cuma,08:30/10:29,,27,27,,"BIOE_LS, BLG_LS, BLGE_LS, CEV_LS, CEVE_LS, CHZ_LS, DEN_LS, ECNE_LS, EHB_LS, EHBE_LS, ELK_LS, ELKE_LS, END_LS, ENDE_LS, ENTE_LS, EUTE_LS, FIZ_LS, GEM_LS, GEO_LS, GEOE_LS, GID_LS, HTA_LS, HTAE_LS, IBM_LS, ICM_LS, INS_LS, INSE_LS, ISL_LS, ISLE_LS, JEF_LS, JEO_LS, KIM_LS, KMM_LS, KOM_LS, KOME_LS, MAD_LS, MAK_LS, MAT_LS, MET_LS, METE_LS, MIM_LS, MIME_LS, MTO_LS, PEME_LS, PETE_LS, ROS_LS, ROSE_LS, SAO_OL, SBP_LS, SBPE_LS, SECE_LS, TEKE_LS, UCK_LS, UZBE_LS, VBAE_LS, YZVE_LS",,
20217,ING 112A,ING,LS,Basics of Academic Writing,,Müjgan Özenir,MED,Cuma,08:30/10:29,,27,26,,"BIOE_LS, BLG_LS, BLGE_LS, CEV_LS, CEVE_LS, CHZ_LS, DEN_LS, ECNE_LS, EHB_LS, EHBE_LS, ELK_LS, ELKE_LS, END_LS, ENDE_LS, ENTE_LS, EUTE_LS, FIZ_LS, GEM_LS, GEO_LS, GEOE_LS, GID_LS, HTA_LS, HTAE_LS, IBM_LS, ICM_LS, INS_LS, INSE_LS, ISL_LS, ISLE_LS, JEF_LS, JEO_LS, KIM_LS, KMM_LS, KOM_LS, KOME_LS, MAD_LS, MAK_LS, MAT_LS, MET_LS, METE_LS, MIM_LS, MIME_LS, MTO_LS, PEME_LS, PETE_LS, ROS_LS, ROSE_LS, SAO_OL, SBP_LS, SBPE_LS, SECE_LS, TEKE_LS, UCK_LS, UZBE_LS, VBAE_LS, YZVE_LS",,
20219,ING 112A,ING,LS,Basics of Academic Writing,,Hatice Bahar Mendi Ünver,MED,Cuma,10:30/12:29,,25,25,,"BIOE_LS, BLG_LS, BLGE_LS, CEV_LS, CEVE_LS, CHZ_LS, DEN_LS, ECNE_LS, EHB_LS, EHBE_LS, ELK_LS, ELKE_LS, END_LS, ENDE_LS, ENTE_LS, EUTE_LS, FIZ_LS, GEM_LS, GEO_LS, GEOE_LS, GID_LS, HTA_LS, HTAE_LS, IBM_LS, ICM_LS, INS_LS, INSE_LS, ISL_LS, ISLE_LS, JEF_LS, JEO_LS, KIM_LS, KMM_LS, KOM_LS, KOME_LS, MAD_LS, MAK_LS, MAT_LS, MET_LS, METE_LS, MIM_LS, MIME_LS, MTO_LS, PEME_LS, PETE_LS, ROS_LS, ROSE_LS, SAO_OL, SBP_LS, SBPE_LS, SECE_LS, TEKE_LS, UCK_LS, UZBE_LS, VBAE_LS, YZVE_LS",,
20220,ING 112A,ING,LS,Basics of Academic Writing,,Zarife Zeliş Çoban,MED,Cuma,10:30/12:29,,25,25,,"BIOE_LS, BLG_LS, BLGE_LS, CEV_LS, CEVE_LS, CHZ_LS, DEN_LS, ECNE_LS, EHB_LS, EHBE_LS, ELK_LS, ELKE_LS, END_LS, ENDE_LS, ENTE_LS, EUTE_LS, FIZ_LS, GEM_LS, GEO_LS, GEOE_LS, GID_LS, HTA_LS, HTAE_LS, IBM_LS, ICM_LS, INS_LS, INSE_LS, ISL_LS, ISLE_LS, JEF_LS, JEO_LS, KIM_LS, KMM_LS, KOM_LS, KOME_LS, MAD_LS, MAK_LS, MAT_LS, MET_LS, METE_LS, MIM_LS, MIME_LS, MTO_LS, PEME_LS, PETE_LS, ROS_LS, ROSE_LS, SAO_OL, SBP_LS, SBPE_LS, SECE_LS, TEKE_LS, UCK_LS, UZBE_LS, VBAE_LS, YZVE_LS",,
20222,ING 112A,ING,LS,Basics of Academic Writing,,Sabiha Bahar Arıcı,MED,Cuma,10:30/12:29,,25,24,,"BIOE_LS, BLG_LS, BLGE_LS, CEV_LS, CEVE_LS, CHZ_LS, DEN_LS, ECNE_LS, EHB_LS, EHBE_LS, ELK_LS, ELKE_LS, END_LS, ENDE_LS, ENTE_LS, EUTE_LS, FIZ_LS, GEM_LS, GEO_LS, GEOE_LS, GID_LS, HTA_LS, HTAE_LS, IBM_LS, ICM_LS, INS_LS, INSE_LS, ISL_LS, ISLE_LS, JEF_LS, JEO_LS, KIM_LS, KMM_LS, KOM_LS, KOME_LS, MAD_LS, MAK_LS, MAT_LS, MET_LS, METE_LS, MIM_LS, MIME_LS, MTO_LS, PEME_LS, PETE_LS, ROS_LS, ROSE_LS, SAO_OL, SBP_LS, SBPE_LS, SECE_LS, TEKE_LS, UCK_LS, UZBE_LS, VBAE_LS, YZVE_LS",,
20224,ING 112A,ING,LS,Basics of Academic Writing,,Halime Ceren Göktaş,MED,Cuma,10:30/12:29,,25,19,,"BIOE_LS, BLG_LS, BLGE_LS, CEV_LS, CEVE_LS, CHZ_LS, DEN_LS, ECNE_LS, EHB_LS, EHBE_LS, ELK_LS, ELKE_LS, END_LS, ENDE_LS, ENTE_LS, EUTE_LS, FIZ_LS, GEM_LS, GEO_LS, GEOE_LS, GID_LS, HTA_LS, HTAE_LS, IBM_LS, ICM_LS, INS_LS, INSE_LS, ISL_LS, ISLE_LS, JEF_LS, JEO_LS, KIM_LS, KMM_LS, KOM_LS, KOME_LS, MAD_LS, MAK_LS, MAT_LS, MET_LS, METE_LS, MIM_LS, MIME_LS, MTO_LS, PEME_LS, PETE_LS, ROS_LS, ROSE_LS, SAO_OL, SBP_LS, SBPE_LS, SECE_LS, TEKE_LS, UCK_LS, UZBE_LS, VBAE_LS, YZVE_LS",,
20225,ING 112A,ING,LS,Basics of Academic Writing,,Müjgan Özenir,MED,Cuma,10:30/12:29,,25,22,,"BIOE_LS, BLG_LS, BLGE_LS, CEV_LS, CEVE_LS, CHZ_LS, DEN_LS, ECNE_LS, EHB_LS, EHBE_LS, ELK_LS, ELKE_LS, END_LS, ENDE_LS, ENTE_LS, EUTE_LS, FIZ_LS, GEM_LS, GEO_LS, GEOE_LS, GID_LS, HTA_LS, HTAE_LS, IBM_LS, ICM_LS, INS_LS, INSE_LS, ISL_LS, ISLE_LS, JEF_LS, JEO_LS, KIM_LS, KMM_LS, KOM_LS, KOME_LS, MAD_LS, MAK_LS, MAT_LS, MET_LS, METE_LS, MIM_LS, MIME_LS, MTO_LS, PEME_LS, PETE_LS, ROS_LS, ROSE_LS, SAO_OL, SBP_LS, SBPE_LS, SECE_LS, TEKE_LS, UCK_LS, UZBE_LS, VBAE_LS, YZVE_LS",,
20226,ING 112A,ING,LS,Basics of Academic Writing,,Yurdanur Toktaş,MED,Cuma,14:00/15:59,,27,27,,"BIOE_LS, BLG_LS, BLGE_LS, CEV_LS, CEVE_LS, CHZ_LS, DEN_LS, ECNE_LS, EHB_LS, EHBE_LS, ELK_LS, ELKE_LS, END_LS, ENDE_LS, ENTE_LS, EUTE_LS, FIZ_LS, GEM_LS, GEO_LS, GEOE_LS, GID_LS, HTA_LS, HTAE_LS, IBM_LS, ICM_LS, INS_LS, INSE_LS, ISL_LS, ISLE_LS, JEF_LS, JEO_LS, KIM_LS, KMM_LS, KOM_LS, KOME_LS, MAD_LS, MAK_LS, MAT_LS, MET_LS, METE_LS, MIM_LS, MIME_LS, MTO_LS, PEME_LS, PETE_LS, ROS_LS, ROSE_LS, SAO_OL, SBP_LS, SBPE_LS, SECE_LS, TEKE_LS, UCK_LS, UZBE_LS, VBAE_LS, YZVE_LS",,
20227,ING 112A,ING,LS,Basics of Academic Writing,,Zarife Zeliş Çoban,MED,Cuma,14:00/15:59,,27,27,,"BIOE_LS, BLG_LS, BLGE_LS, CEV_LS, CEVE_LS, CHZ_LS, DEN_LS, ECNE_LS, EHB_LS, EHBE_LS, ELK_LS, ELKE_LS, END_LS, ENDE_LS, ENTE_LS, EUTE_LS, FIZ_LS, GEM_LS, GEO_LS, GEOE_LS, GID_LS, HTA_LS, HTAE_LS, IBM_LS, ICM_LS, INS_LS, INSE_LS, ISL_LS, ISLE_LS, JEF_LS, JEO_LS, KIM_LS, KMM_LS, KOM_LS, KOME_LS, MAD_LS, MAK_LS, MAT_LS, MET_LS, METE_LS, MIM_LS, MIME_LS, MTO_LS, PEME_LS, PETE_LS, ROS_LS, ROSE_LS, SAO_OL, SBP_LS, SBPE_LS, SECE_LS, TEKE_LS, UCK_LS, UZBE_LS, VBAE_LS, YZVE_LS",,
20228,ING 112A,ING,LS,Basics of Academic Writing,,Sabiha Bahar Arıcı,MED,Cuma,14:00/15:59,,27,27,,"BIOE_LS, BLG_LS, BLGE_LS, CEV_LS, CEVE_LS, CHZ_LS, DEN_LS, ECNE_LS, EHB_LS, EHBE_LS, ELK_LS, ELKE_LS, END_LS, ENDE_LS, ENTE_LS, EUTE_LS, FIZ_LS, GEM_LS, GEO_LS, GEOE_LS, GID_LS, HTA_LS, HTAE_LS, IBM_LS, ICM_LS, INS_LS, INSE_LS, ISL_LS, ISLE_LS, JEF_LS, JEO_LS, KIM_LS, KMM_LS, KOM_LS, KOME_LS, MAD_LS, MAK_LS, MAT_LS, MET_LS, METE_LS, MIM_LS, MIME_LS, MTO_LS, PEME_LS, PETE_LS, ROS_LS, ROSE_LS, SAO_OL, SBP_LS, SBPE_LS, SECE_LS, TEKE_LS, UCK_LS, UZBE_LS, VBAE_LS, YZVE_LS",,
20229,ING 112A,ING,LS,Basics of Academic Writing,,Müjgan Özenir,MED,Cuma,14:00/15:59,,27,24,,"BIOE_LS, BLG_LS, BLGE_LS, CEV_LS, CEVE_LS, CHZ_LS, DEN_LS, ECNE_LS, EHB_LS, EHBE_LS, ELK_LS, ELKE_LS, END_LS, ENDE_LS, ENTE_LS, EUTE_LS, FIZ_LS, GEM_LS, GEO_LS, GEOE_LS, GID_LS, HTA_LS, HTAE_LS, IBM_LS, ICM_LS, INS_LS, INSE_LS, ISL_LS, ISLE_LS, JEF_LS, JEO_LS, KIM_LS, KMM_LS, KOM_LS, KOME_LS, MAD_LS, MAK_LS, MAT_LS, MET_LS, METE_LS, MIM_LS, MIME_LS, MTO_LS, PEME_LS, PETE_LS, ROS_LS, ROSE_LS, SAO_OL, SBP_LS, SBPE_LS, SECE_LS, TEKE_LS, UCK_LS, UZBE_LS, VBAE_LS, YZVE_LS",,
20230,ING 112A,ING,LS,Basics of Academic Writing,,Fatma Betül Akpınar,MED,Cuma,14:00/15:59,,27,27,,"BIOE_LS, BLG_LS, BLGE_LS, CEV_LS, CEVE_LS, CHZ_LS, DEN_LS, ECNE_LS, EHB_LS, EHBE_LS, ELK_LS, ELKE_LS, END_LS, ENDE_LS, ENTE_LS, EUTE_LS, FIZ_LS, GEM_LS, GEO_LS, GEOE_LS, GID_LS, HTA_LS, HTAE_LS, IBM_LS, ICM_LS, INS_LS, INSE_LS, ISL_LS, ISLE_LS, JEF_LS, JEO_LS, KIM_LS, KMM_LS, KOM_LS, KOME_LS, MAD_LS, MAK_LS, MAT_LS, MET_LS, METE_LS, MIM_LS, MIME_LS, MTO_LS, PEME_LS, PETE_LS, ROS_LS, ROSE_LS, SAO_OL, SBP_LS, SBPE_LS, SECE_LS, TEKE_LS, UCK_LS, UZBE_LS, VBAE_LS, YZVE_LS",,
20231,ING 112A,ING,LS,Basics of Academic Writing,,Hande Yalınateş Koşar,MED,Cuma,14:00/15:59,,27,27,,"BIOE_LS, BLG_LS, BLGE_LS, CEV_LS, CEVE_LS, CHZ_LS, DEN_LS, ECNE_LS, EHB_LS, EHBE_LS, ELK_LS, ELKE_LS, END_LS, ENDE_LS, ENTE_LS, EUTE_LS, FIZ_LS, GEM_LS, GEO_LS, GEOE_LS, GID_LS, HTA_LS, HTAE_LS, IBM_LS, ICM_LS, INS_LS, INSE_LS, ISL_LS, ISLE_LS, JEF_LS, JEO_LS, KIM_LS, KMM_LS, KOM_LS, KOME_LS, MAD_LS, MAK_LS, MAT_LS, MET_LS, METE_LS, MIM_LS, MIME_LS, MTO_LS, PEME_LS, PETE_LS, ROS_LS, ROSE_LS, SAO_OL, SBP_LS, SBPE_LS, SECE_LS, TEKE_LS, UCK_LS, UZBE_LS, VBAE_LS, YZVE_LS",,
20232,ING 201A,ING,LS,Essentials of Res.Paper Writ.,,Gamze Avcı,MED,Pazartesi,08:30/10:29,,25,25,,"BIOE_LS, BLG_LS, BLGE_LS, CEV_LS, CEVE_LS, CHZ_LS, DEN_LS, ECNE_LS, EHB_LS, EHBE_LS, ELK_LS, ELKE_LS, END_LS, ENDE_LS, ENTE_LS, EUTE_LS, FIZ_LS, GEM_LS, GEO_LS, GEOE_LS, GID_LS, HTA_LS, HTAE_LS, IBM_LS, ICM_LS, INS_LS, INSE_LS, ISL_LS, ISLE_LS, JEF_LS, JEO_LS, KIM_LS, KMM_LS, KOM_LS, KOME_LS, MAD_LS, MAK_LS, MAT_LS, MET_LS, METE_LS, MIM_LS, MIME_LS, MTO_LS, PEME_LS, PETE_LS, ROS_LS, ROSE_LS, SAO_OL, SBP_LS, SBPE_LS, SECE_LS, TEKE_LS, UCK_LS, UZBE_LS, VBAE_LS, YZVE_LS",,
20233,ING 201A,ING,LS,Essentials of Res.Paper Writ.,,Meryem Simge Çengel Avcu,MED,Pazartesi,08:30/10:29,,25,12,,"BIOE_LS, BLG_LS, BLGE_LS, CEV_LS, CEVE_LS, CHZ_LS, DEN_LS, ECNE_LS, EHB_LS, EHBE_LS, ELK_LS, ELKE_LS, END_LS, ENDE_LS, ENTE_LS, EUTE_LS, FIZ_LS, GEM_LS, GEO_LS, GEOE_LS, GID_LS, HTA_LS, HTAE_LS, IBM_LS, ICM_LS, INS_LS, INSE_LS, ISL_LS, ISLE_LS, JEF_LS, JEO_LS, KIM_LS, KMM_LS, KOM_LS, KOME_LS, MAD_LS, MAK_LS, MAT_LS, MET_LS, METE_LS, MIM_LS, MIME_LS, MTO_LS, PEME_LS, PETE_LS, ROS_LS, ROSE_LS, SAO_OL, SBP_LS, SBPE_LS, SECE_LS, TEKE_LS, UCK_LS, UZBE_LS, VBAE_LS, YZVE_LS",,
20234,ING 201A,ING,LS,Essentials of Res.Paper Writ.,,Şule Elif Gökçe Enginarlar,MED,Pazartesi,08:30/10:29,,25,24,,"BIOE_LS, BLG_LS, BLGE_LS, CEV_LS, CEVE_LS, CHZ_LS, DEN_LS, ECNE_LS, EHB_LS, EHBE_LS, ELK_LS, ELKE_LS, END_LS, ENDE_LS, ENTE_LS, EUTE_LS, FIZ_LS, GEM_LS, GEO_LS, GEOE_LS, GID_LS, HTA_LS, HTAE_LS, IBM_LS, ICM_LS, INS_LS, INSE_LS, ISL_LS, ISLE_LS, JEF_LS, JEO_LS, KIM_LS, KMM_LS, KOM_LS, KOME_LS, MAD_LS, MAK_LS, MAT_LS, MET_LS, METE_LS, MIM_LS, MIME_LS, MTO_LS, PEME_LS, PETE_LS, ROS_LS, ROSE_LS, SAO_OL, SBP_LS, SBPE_LS, SECE_LS, TEKE_LS, UCK_LS, UZBE_LS, VBAE_LS, YZVE_LS",,
20235,ING 201A,ING,LS,Essentials of Res.Paper Writ.,,Mehtap İpek Kurt,MED,Pazartesi,08:30/10:29,,25,25,,"BIOE_LS, BLG_LS, BLGE_LS, CEV_LS, CEVE_LS, CHZ_LS, DEN_LS, ECNE_LS, EHB_LS, EHBE_LS, ELK_LS, ELKE_LS, END_LS, ENDE_LS, ENTE_LS, EUTE_LS, FIZ_LS, GEM_LS, GEO_LS, GEOE_LS, GID_LS, HTA_LS, HTAE_LS, IBM_LS, ICM_LS, INS_LS, INSE_LS, ISL_LS, ISLE_LS, JEF_LS, JEO_LS, KIM_LS, KMM_LS, KOM_LS, KOME_LS, MAD_LS, MAK_LS, MAT_LS, MET_LS, METE_LS, MIM_LS, MIME_LS, MTO_LS, PEME_LS, PETE_LS, ROS_LS, ROSE_LS, SAO_OL, SBP_LS, SBPE_LS, SECE_LS, TEKE_LS, UCK_LS, UZBE_LS, VBAE_LS, YZVE_LS",,
20236,ING 201A,ING,LS,Essentials of Res.Paper Writ.,,Özlem Kurnaz,MED,Çarşamba,08:30/10:29,,25,22,,"BIOE_LS, BLG_LS, BLGE_LS, CEV_LS, CEVE_LS, CHZ_LS, DEN_LS, ECNE_LS, EHB_LS, EHBE_LS, ELK_LS, ELKE_LS, END_LS, ENDE_LS, ENTE_LS, EUTE_LS, FIZ_LS, GEM_LS, GEO_LS, GEOE_LS, GID_LS, HTA_LS, HTAE_LS, IBM_LS, ICM_LS, INS_LS, INSE_LS, ISL_LS, ISLE_LS, JEF_LS, JEO_LS, KIM_LS, KMM_LS, KOM_LS, KOME_LS, MAD_LS, MAK_LS, MAT_LS, MET_LS, METE_LS, MIM_LS, MIME_LS, MTO_LS, PEME_LS, PETE_LS, ROS_LS, ROSE_LS, SAO_OL, SBP_LS, SBPE_LS, SECE_LS, TEKE_LS, UCK_LS, UZBE_LS, VBAE_LS, YZVE_LS",,
20237,ING 201A,ING,LS,Essentials of Res.Paper Writ.,,Fatma Şehkar Fayda Kınık,MED,Pazartesi,10:30/12:29,,25,25,,"BIOE_LS, BLG_LS, BLGE_LS, CEV_LS, CEVE_LS, CHZ_LS, DEN_LS, ECNE_LS, EHB_LS, EHBE_LS, ELK_LS, ELKE_LS, END_LS, ENDE_LS, ENTE_LS, EUTE_LS, FIZ_LS, GEM_LS, GEO_LS, GEOE_LS, GID_LS, HTA_LS, HTAE_LS, IBM_LS, ICM_LS, INS_LS, INSE_LS, ISL_LS, ISLE_LS, JEF_LS, JEO_LS, KIM_LS, KMM_LS, KOM_LS, KOME_LS, MAD_LS, MAK_LS, MAT_LS, MET_LS, METE_LS, MIM_LS, MIME_LS, MTO_LS, PEME_LS, PETE_LS, ROS_LS, ROSE_LS, SAO_OL, SBP_LS, SBPE_LS, SECE_LS, TEKE_LS, UCK_LS, UZBE_LS, VBAE_LS, YZVE_LS",,
20238,ING 201A,ING,LS,Essentials of Res.Paper Writ.,,Suzan Arıman,MED,Pazartesi,10:30/12:29,,25,25,,"BIOE_LS, BLG_LS, BLGE_LS, CEV_LS, CEVE_LS, CHZ_LS, DEN_LS, ECNE_LS, EHB_LS, EHBE_LS, ELK_LS, ELKE_LS, END_LS, ENDE_LS, ENTE_LS, EUTE_LS, FIZ_LS, GEM_LS, GEO_LS, GEOE_LS, GID_LS, HTA_LS, HTAE_LS, IBM_LS, ICM_LS, INS_LS, INSE_LS, ISL_LS, ISLE_LS, JEF_LS, JEO_LS, KIM_LS, KMM_LS, KOM_LS, KOME_LS, MAD_LS, MAK_LS, MAT_LS, MET_LS, METE_LS, MIM_LS, MIME_LS, MTO_LS, PEME_LS, PETE_LS, ROS_LS, ROSE_LS, SAO_OL, SBP_LS, SBPE_LS, SECE_LS, TEKE_LS, UCK_LS, UZBE_LS, VBAE_LS, YZVE_LS",,
20239,ING 201A,ING,LS,Essentials of Res.Paper Writ.,,Ayşe Zeynep Yılmaz,MED,Pazartesi,10:30/12:29,,25,25,,"BIOE_LS, BLG_LS, BLGE_LS, CEV_LS, CEVE_LS, CHZ_LS, DEN_LS, ECNE_LS, EHB_LS, EHBE_LS, ELK_LS, ELKE_LS, END_LS, ENDE_LS, ENTE_LS, EUTE_LS, FIZ_LS, GEM_LS, GEO_LS, GEOE_LS, GID_LS, HTA_LS, HTAE_LS, IBM_LS, ICM_LS, INS_LS, INSE_LS, ISL_LS, ISLE_LS, JEF_LS, JEO_LS, KIM_LS, KMM_LS, KOM_LS, KOME_LS, MAD_LS, MAK_LS, MAT_LS, MET_LS, METE_LS, MIM_LS, MIME_LS, MTO_LS, PEME_LS, PETE_LS, ROS_LS, ROSE_LS, SAO_OL, SBP_LS, SBPE_LS, SECE_LS, TEKE_LS, UCK_LS, UZBE_LS, VBAE_LS, YZVE_LS",,
20240,ING 201A,ING,LS,Essentials of Res.Paper Writ.,,Hatice Gülru Arslan,MED,Pazartesi,10:30/12:29,,25,25,,"BIOE_LS, BLG_LS, BLGE_LS, CEV_LS, CEVE_LS, CHZ_LS, DEN_LS, ECNE_LS, EHB_LS, EHBE_LS, ELK_LS, ELKE_LS, END_LS, ENDE_LS, ENTE_LS, EUTE_LS, FIZ_LS, GEM_LS, GEO_LS, GEOE_LS, GID_LS, HTA_LS, HTAE_LS, IBM_LS, ICM_LS, INS_LS, INSE_LS, ISL_LS, ISLE_LS, JEF_LS, JEO_LS, KIM_LS, KMM_LS, KOM_LS, KOME_LS, MAD_LS, MAK_LS, MAT_LS, MET_LS, METE_LS, MIM_LS, MIME_LS, MTO_LS, PEME_LS, PETE_LS, ROS_LS, ROSE_LS, SAO_OL, SBP_LS, SBPE_LS, SECE_LS, TEKE_LS, UCK_LS, UZBE_LS, VBAE_LS, YZVE_LS",,
20241,ING 201A,ING,LS,Essentials of Res.Paper Writ.,,Gürcan Öztürk,MED,Pazartesi,10:30/12:29,,25,25,,"BIOE_LS, BLG_LS, BLGE_LS, CEV_LS, CEVE_LS, CHZ_LS, DEN_LS, ECNE_LS, EHB_LS, EHBE_LS, ELK_LS, ELKE_LS, END_LS, ENDE_LS, ENTE_LS, EUTE_LS, FIZ_LS, GEM_LS, GEO_LS, GEOE_LS, GID_LS, HTA_LS, HTAE_LS, IBM_LS, ICM_LS, INS_LS, INSE_LS, ISL_LS, ISLE_LS, JEF_LS, JEO_LS, KIM_LS, KMM_LS, KOM_LS, KOME_LS, MAD_LS, MAK_LS, MAT_LS, MET_LS, METE_LS, MIM_LS, MIME_LS, MTO_LS, PEME_LS, PETE_LS, ROS_LS, ROSE_LS, SAO_OL, SBP_LS, SBPE_LS, SECE_LS, TEKE_LS, UCK_LS, UZBE_LS, VBAE_LS, YZVE_LS",,
20242,ING 201A,ING,LS,Essentials of Res.Paper Writ.,,Aslıhan Zengin,MED,Pazartesi,10:30/12:29,,25,15,,"BIOE_LS, BLG_LS, BLGE_LS, CEV_LS, CEVE_LS, CHZ_LS, DEN_LS, ECNE_LS, EHB_LS, EHBE_LS, ELK_LS, ELKE_LS, END_LS, ENDE_LS, ENTE_LS, EUTE_LS, FIZ_LS, GEM_LS, GEO_LS, GEOE_LS, GID_LS, HTA_LS, HTAE_LS, IBM_LS, ICM_LS, INS_LS, INSE_LS, ISL_LS, ISLE_LS, JEF_LS, JEO_LS, KIM_LS, KMM_LS, KOM_LS, KOME_LS, MAD_LS, MAK_LS, MAT_LS, MET_LS, METE_LS, MIM_LS, MIME_LS, MTO_LS, PEME_LS, PETE_LS, ROS_LS, ROSE_LS, SAO_OL, SBP_LS, SBPE_LS, SECE_LS, TEKE_LS, UCK_LS, UZBE_LS, VBAE_LS, YZVE_LS",,
20243,ING 201A,ING,LS,Essentials of Res.Paper Writ.,,Meryem Simge Çengel Avcu,MED,Pazartesi,10:30/12:29,,25,5,,"BIOE_LS, BLG_LS, BLGE_LS, CEV_LS, CEVE_LS, CHZ_LS, DEN_LS, ECNE_LS, EHB_LS, EHBE_LS, ELK_LS, ELKE_LS, END_LS, ENDE_LS, ENTE_LS, EUTE_LS, FIZ_LS, GEM_LS, GEO_LS, GEOE_LS, GID_LS, HTA_LS, HTAE_LS, IBM_LS, ICM_LS, INS_LS, INSE_LS, ISL_LS, ISLE_LS, JEF_LS, JEO_LS, KIM_LS, KMM_LS, KOM_LS, KOME_LS, MAD_LS, MAK_LS, MAT_LS, MET_LS, METE_LS, MIM_LS, MIME_LS, MTO_LS, PEME_LS, PETE_LS, ROS_LS, ROSE_LS, SAO_OL, SBP_LS, SBPE_LS, SECE_LS, TEKE_LS, UCK_LS, UZBE_LS, VBAE_LS, YZVE_LS",,
20244,ING 201A,ING,LS,Essentials of Res.Paper Writ.,,Mehtap İpek Kurt,MED,Pazartesi,10:30/12:29,,25,25,,"BIOE_LS, BLG_LS, BLGE_LS, CEV_LS, CEVE_LS, CHZ_LS, DEN_LS, ECNE_LS, EHB_LS, EHBE_LS, ELK_LS, ELKE_LS, END_LS, ENDE_LS, ENTE_LS, EUTE_LS, FIZ_LS, GEM_LS, GEO_LS, GEOE_LS, GID_LS, HTA_LS, HTAE_LS, IBM_LS, ICM_LS, INS_LS, INSE_LS, ISL_LS, ISLE_LS, JEF_LS, JEO_LS, KIM_LS, KMM_LS, KOM_LS, KOME_LS, MAD_LS, MAK_LS, MAT_LS, MET_LS, METE_LS, MIM_LS, MIME_LS, MTO_LS, PEME_LS, PETE_LS, ROS_LS, ROSE_LS, SAO_OL, SBP_LS, SBPE_LS, SECE_LS, TEKE_LS, UCK_LS, UZBE_LS, VBAE_LS, YZVE_LS",,
20245,ING 201A,ING,LS,Essentials of Res.Paper Writ.,,Gamze Avcı,MED,Pazartesi,13:30/15:29,,25,22,,"BIOE_LS, BLG_LS, BLGE_LS, CEV_LS, CEVE_LS, CHZ_LS, DEN_LS, ECNE_LS, EHB_LS, EHBE_LS, ELK_LS, ELKE_LS, END_LS, ENDE_LS, ENTE_LS, EUTE_LS, FIZ_LS, GEM_LS, GEO_LS, GEOE_LS, GID_LS, HTA_LS, HTAE_LS, IBM_LS, ICM_LS, INS_LS, INSE_LS, ISL_LS, ISLE_LS, JEF_LS, JEO_LS, KIM_LS, KMM_LS, KOM_LS, KOME_LS, MAD_LS, MAK_LS, MAT_LS, MET_LS, METE_LS, MIM_LS, MIME_LS, MTO_LS, PEME_LS, PETE_LS, ROS_LS, ROSE_LS, SAO_OL, SBP_LS, SBPE_LS, SECE_LS, TEKE_LS, UCK_LS, UZBE_LS, VBAE_LS, YZVE_LS",,
20246,ING 201A,ING,LS,Essentials of Res.Paper Writ.,,Fatma Şehkar Fayda Kınık,MED,Pazartesi,13:30/15:29,,25,25,,"BIOE_LS, BLG_LS, BLGE_LS, CEV_LS, CEVE_LS, CHZ_LS, DEN_LS, ECNE_LS, EHB_LS, EHBE_LS, ELK_LS, ELKE_LS, END_LS, ENDE_LS, ENTE_LS, EUTE_LS, FIZ_LS, GEM_LS, GEO_LS, GEOE_LS, GID_LS, HTA_LS, HTAE_LS, IBM_LS, ICM_LS, INS_LS, INSE_LS, ISL_LS, ISLE_LS, JEF_LS, JEO_LS, KIM_LS, KMM_LS, KOM_LS, KOME_LS, MAD_LS, MAK_LS, MAT_LS, MET_LS, METE_LS, MIM_LS, MIME_LS, MTO_LS, PEME_LS, PETE_LS, ROS_LS, ROSE_LS, SAO_OL, SBP_LS, SBPE_LS, SECE_LS, TEKE_LS, UCK_LS, UZBE_LS, VBAE_LS, YZVE_LS",,
20247,ING 201A,ING,LS,Essentials of Res.Paper Writ.,,Suzan Arıman,MED,Pazartesi,13:30/15:29,,25,25,,"BIOE_LS, BLG_LS, BLGE_LS, CEV_LS, CEVE_LS, CHZ_LS, DEN_LS, ECNE_LS, EHB_LS, EHBE_LS, ELK_LS, ELKE_LS, END_LS, ENDE_LS, ENTE_LS, EUTE_LS, FIZ_LS, GEM_LS, GEO_LS, GEOE_LS, GID_LS, HTA_LS, HTAE_LS, IBM_LS, ICM_LS, INS_LS, INSE_LS, ISL_LS, ISLE_LS, JEF_LS, JEO_LS, KIM_LS, KMM_LS, KOM_LS, KOME_LS, MAD_LS, MAK_LS, MAT_LS, MET_LS, METE_LS, MIM_LS, MIME_LS, MTO_LS, PEME_LS, PETE_LS, ROS_LS, ROSE_LS, SAO_OL, SBP_LS, SBPE_LS, SECE_LS, TEKE_LS, UCK_LS, UZBE_LS, VBAE_LS, YZVE_LS",,
20248,ING 201A,ING,LS,Essentials of Res.Paper Writ.,,Ayşe Zeynep Yılmaz,MED,Pazartesi,13:30/15:29,,25,18,,"BIOE_LS, BLG_LS, BLGE_LS, CEV_LS, CEVE_LS, CHZ_LS, DEN_LS, ECNE_LS, EHB_LS, EHBE_LS, ELK_LS, ELKE_LS, END_LS, ENDE_LS, ENTE_LS, EUTE_LS, FIZ_LS, GEM_LS, GEO_LS, GEOE_LS, GID_LS, HTA_LS, HTAE_LS, IBM_LS, ICM_LS, INS_LS, INSE_LS, ISL_LS, ISLE_LS, JEF_LS, JEO_LS, KIM_LS, KMM_LS, KOM_LS, KOME_LS, MAD_LS, MAK_LS, MAT_LS, MET_LS, METE_LS, MIM_LS, MIME_LS, MTO_LS, PEME_LS, PETE_LS, ROS_LS, ROSE_LS, SAO_OL, SBP_LS, SBPE_LS, SECE_LS, TEKE_LS, UCK_LS, UZBE_LS, VBAE_LS, YZVE_LS",,
20249,ING 201A,ING,LS,Essentials of Res.Paper Writ.,,Hatice Gülru Arslan,MED,Pazartesi,13:30/15:29,,25,25,,"BIOE_LS, BLG_LS, BLGE_LS, CEV_LS, CEVE_LS, CHZ_LS, DEN_LS, ECNE_LS, EHB_LS, EHBE_LS, ELK_LS, ELKE_LS, END_LS, ENDE_LS, ENTE_LS, EUTE_LS, FIZ_LS, GEM_LS, GEO_LS, GEOE_LS, GID_LS, HTA_LS, HTAE_LS, IBM_LS, ICM_LS, INS_LS, INSE_LS, ISL_LS, ISLE_LS, JEF_LS, JEO_LS, KIM_LS, KMM_LS, KOM_LS, KOME_LS, MAD_LS, MAK_LS, MAT_LS, MET_LS, METE_LS, MIM_LS, MIME_LS, MTO_LS, PEME_LS, PETE_LS, ROS_LS, ROSE_LS, SAO_OL, SBP_LS, SBPE_LS, SECE_LS, TEKE_LS, UCK_LS, UZBE_LS, VBAE_LS, YZVE_LS",,
20250,ING 201A,ING,LS,Essentials of Res.Paper Writ.,,Duygu Özkan,MED,Pazartesi,13:30/15:29,,25,12,,"BIOE_LS, BLG_LS, BLGE_LS, CEV_LS, CEVE_LS, CHZ_LS, DEN_LS, ECNE_LS, EHB_LS, EHBE_LS, ELK_LS, ELKE_LS, END_LS, ENDE_LS, ENTE_LS, EUTE_LS, FIZ_LS, GEM_LS, GEO_LS, GEOE_LS, GID_LS, HTA_LS, HTAE_LS, IBM_LS, ICM_LS, INS_LS, INSE_LS, ISL_LS, ISLE_LS, JEF_LS, JEO_LS, KIM_LS, KMM_LS, KOM_LS, KOME_LS, MAD_LS, MAK_LS, MAT_LS, MET_LS, METE_LS, MIM_LS, MIME_LS, MTO_LS, PEME_LS, PETE_LS, ROS_LS, ROSE_LS, SAO_OL, SBP_LS, SBPE_LS, SECE_LS, TEKE_LS, UCK_LS, UZBE_LS, VBAE_LS, YZVE_LS",,
20251,ING 201A,ING,LS,Essentials of Res.Paper Writ.,,Gürcan Öztürk,MED,Pazartesi,13:30/15:29,,25,28,,"BIOE_LS, BLG_LS, BLGE_LS, CEV_LS, CEVE_LS, CHZ_LS, DEN_LS, ECNE_LS, EHB_LS, EHBE_LS, ELK_LS, ELKE_LS, END_LS, ENDE_LS, ENTE_LS, EUTE_LS, FIZ_LS, GEM_LS, GEO_LS, GEOE_LS, GID_LS, HTA_LS, HTAE_LS, IBM_LS, ICM_LS, INS_LS, INSE_LS, ISL_LS, ISLE_LS, JEF_LS, JEO_LS, KIM_LS, KMM_LS, KOM_LS, KOME_LS, MAD_LS, MAK_LS, MAT_LS, MET_LS, METE_LS, MIM_LS, MIME_LS, MTO_LS, PEME_LS, PETE_LS, ROS_LS, ROSE_LS, SAO_OL, SBP_LS, SBPE_LS, SECE_LS, TEKE_LS, UCK_LS, UZBE_LS, VBAE_LS, YZVE_LS",,
20252,ING 201A,ING,LS,Essentials of Res.Paper Writ.,,Gamze Avcı,MED,Salı,08:30/10:29,,25,21,,"BIOE_LS, BLG_LS, BLGE_LS, CEV_LS, CEVE_LS, CHZ_LS, DEN_LS, ECNE_LS, EHB_LS, EHBE_LS, ELK_LS, ELKE_LS, END_LS, ENDE_LS, ENTE_LS, EUTE_LS, FIZ_LS, GEM_LS, GEO_LS, GEOE_LS, GID_LS, HTA_LS, HTAE_LS, IBM_LS, ICM_LS, INS_LS, INSE_LS, ISL_LS, ISLE_LS, JEF_LS, JEO_LS, KIM_LS, KMM_LS, KOM_LS, KOME_LS, MAD_LS, MAK_LS, MAT_LS, MET_LS, METE_LS, MIM_LS, MIME_LS, MTO_LS, PEME_LS, PETE_LS, ROS_LS, ROSE_LS, SAO_OL, SBP_LS, SBPE_LS, SECE_LS, TEKE_LS, UCK_LS, UZBE_LS, VBAE_LS, YZVE_LS",,
20253,ING 201A,ING,LS,Essentials of Res.Paper Writ.,,Suzan Arıman,MED,Salı,08:30/10:29,,25,23,,"BIOE_LS, BLG_LS, BLGE_LS, CEV_LS, CEVE_LS, CHZ_LS, DEN_LS, ECNE_LS, EHB_LS, EHBE_LS, ELK_LS, ELKE_LS, END_LS, ENDE_LS, ENTE_LS, EUTE_LS, FIZ_LS, GEM_LS, GEO_LS, GEOE_LS, GID_LS, HTA_LS, HTAE_LS, IBM_LS, ICM_LS, INS_LS, INSE_LS, ISL_LS, ISLE_LS, JEF_LS, JEO_LS, KIM_LS, KMM_LS, KOM_LS, KOME_LS, MAD_LS, MAK_LS, MAT_LS, MET_LS, METE_LS, MIM_LS, MIME_LS, MTO_LS, PEME_LS, PETE_LS, ROS_LS, ROSE_LS, SAO_OL, SBP_LS, SBPE_LS, SECE_LS, TEKE_LS, UCK_LS, UZBE_LS, VBAE_LS, YZVE_LS",,
20254,ING 201A,ING,LS,Essentials of Res.Paper Writ.,,-,MED,Salı,08:30/10:29,,0,0,,"BIOE_LS, BLG_LS, BLGE_LS, CEV_LS, CEVE_LS, CHZ_LS, DEN_LS, ECNE_LS, EHB_LS, EHBE_LS, ELK_LS, ELKE_LS, END_LS, ENDE_LS, ENTE_LS, EUTE_LS, FIZ_LS, GEM_LS, GEO_LS, GEOE_LS, GID_LS, HTA_LS, HTAE_LS, IBM_LS, ICM_LS, INS_LS, INSE_LS, ISL_LS, ISLE_LS, JEF_LS, JEO_LS, KIM_LS, KMM_LS, KOM_LS, KOME_LS, MAD_LS, MAK_LS, MAT_LS, MET_LS, METE_LS, MIM_LS, MIME_LS, MTO_LS, PEME_LS, PETE_LS, ROS_LS, ROSE_LS, SAO_OL, SBP_LS, SBPE_LS, SECE_LS, TEKE_LS, UCK_LS, UZBE_LS, VBAE_LS, YZVE_LS",,
20255,ING 201A,ING,LS,Essentials of Res.Paper Writ.,,Hande Yalınateş Koşar,MED,Salı,08:30/10:29,,25,25,,"BIOE_LS, BLG_LS, BLGE_LS, CEV_LS, CEVE_LS, CHZ_LS, DEN_LS, ECNE_LS, EHB_LS, EHBE_LS, ELK_LS, ELKE_LS, END_LS, ENDE_LS, ENTE_LS, EUTE_LS, FIZ_LS, GEM_LS, GEO_LS, GEOE_LS, GID_LS, HTA_LS, HTAE_LS, IBM_LS, ICM_LS, INS_LS, INSE_LS, ISL_LS, ISLE_LS, JEF_LS, JEO_LS, KIM_LS, KMM_LS, KOM_LS, KOME_LS, MAD_LS, MAK_LS, MAT_LS, MET_LS, METE_LS, MIM_LS, MIME_LS, MTO_LS, PEME_LS, PETE_LS, ROS_LS, ROSE_LS, SAO_OL, SBP_LS, SBPE_LS, SECE_LS, TEKE_LS, UCK_LS, UZBE_LS, VBAE_LS, YZVE_LS",,
20256,ING 201A,ING,LS,Essentials of Res.Paper Writ.,,Gürcan Öztürk,MED,Salı,08:30/10:29,,25,18,,"BIOE_LS, BLG_LS, BLGE_LS, CEV_LS, CEVE_LS, CHZ_LS, DEN_LS, ECNE_LS, EHB_LS, EHBE_LS, ELK_LS, ELKE_LS, END_LS, ENDE_LS, ENTE_LS, EUTE_LS, FIZ_LS, GEM_LS, GEO_LS, GEOE_LS, GID_LS, HTA_LS, HTAE_LS, IBM_LS, ICM_LS, INS_LS, INSE_LS, ISL_LS, ISLE_LS, JEF_LS, JEO_LS, KIM_LS, KMM_LS, KOM_LS, KOME_LS, MAD_LS, MAK_LS, MAT_LS, MET_LS, METE_LS, MIM_LS, MIME_LS, MTO_LS, PEME_LS, PETE_LS, ROS_LS, ROSE_LS, SAO_OL, SBP_LS, SBPE_LS, SECE_LS, TEKE_LS, UCK_LS, UZBE_LS, VBAE_LS, YZVE_LS",,
20257,ING 201A,ING,LS,Essentials of Res.Paper Writ.,,Özlem Kurnaz,MED,Salı,08:30/10:29,,25,13,,"BIOE_LS, BLG_LS, BLGE_LS, CEV_LS, CEVE_LS, CHZ_LS, DEN_LS, ECNE_LS, EHB_LS, EHBE_LS, ELK_LS, ELKE_LS, END_LS, ENDE_LS, ENTE_LS, EUTE_LS, FIZ_LS, GEM_LS, GEO_LS, GEOE_LS, GID_LS, HTA_LS, HTAE_LS, IBM_LS, ICM_LS, INS_LS, INSE_LS, ISL_LS, ISLE_LS, JEF_LS, JEO_LS, KIM_LS, KMM_LS, KOM_LS, KOME_LS, MAD_LS, MAK_LS, MAT_LS, MET_LS, METE_LS, MIM_LS, MIME_LS, MTO_LS, PEME_LS, PETE_LS, ROS_LS, ROSE_LS, SAO_OL, SBP_LS, SBPE_LS, SECE_LS, TEKE_LS, UCK_LS, UZBE_LS, VBAE_LS, YZVE_LS",,
20258,ING 201A,ING,LS,Essentials of Res.Paper Writ.,,Özlem Ayar Gemalmaz,MED,Salı,10:30/12:29,,25,17,,"BIOE_LS, BLG_LS, BLGE_LS, CEV_LS, CEVE_LS, CHZ_LS, DEN_LS, ECNE_LS, EHB_LS, EHBE_LS, ELK_LS, ELKE_LS, END_LS, ENDE_LS, ENTE_LS, EUTE_LS, FIZ_LS, GEM_LS, GEO_LS, GEOE_LS, GID_LS, HTA_LS, HTAE_LS, IBM_LS, ICM_LS, INS_LS, INSE_LS, ISL_LS, ISLE_LS, JEF_LS, JEO_LS, KIM_LS, KMM_LS, KOM_LS, KOME_LS, MAD_LS, MAK_LS, MAT_LS, MET_LS, METE_LS, MIM_LS, MIME_LS, MTO_LS, PEME_LS, PETE_LS, ROS_LS, ROSE_LS, SAO_OL, SBP_LS, SBPE_LS, SECE_LS, TEKE_LS, UCK_LS, UZBE_LS, VBAE_LS, YZVE_LS",,
20259,ING 201A,ING,LS,Essentials of Res.Paper Writ.,,Gamze Avcı,MED,Salı,10:30/12:29,,25,23,,"BIOE_LS, BLG_LS, BLGE_LS, CEV_LS, CEVE_LS, CHZ_LS, DEN_LS, ECNE_LS, EHB_LS, EHBE_LS, ELK_LS, ELKE_LS, END_LS, ENDE_LS, ENTE_LS, EUTE_LS, FIZ_LS, GEM_LS, GEO_LS, GEOE_LS, GID_LS, HTA_LS, HTAE_LS, IBM_LS, ICM_LS, INS_LS, INSE_LS, ISL_LS, ISLE_LS, JEF_LS, JEO_LS, KIM_LS, KMM_LS, KOM_LS, KOME_LS, MAD_LS, MAK_LS, MAT_LS, MET_LS, METE_LS, MIM_LS, MIME_LS, MTO_LS, PEME_LS, PETE_LS, ROS_LS, ROSE_LS, SAO_OL, SBP_LS, SBPE_LS, SECE_LS, TEKE_LS, UCK_LS, UZBE_LS, VBAE_LS, YZVE_LS",,
20260,ING 201A,ING,LS,Essentials of Res.Paper Writ.,,Suzan Arıman,MED,Salı,10:30/12:29,,25,17,,"BIOE_LS, BLG_LS, BLGE_LS, CEV_LS, CEVE_LS, CHZ_LS, DEN_LS, ECNE_LS, EHB_LS, EHBE_LS, ELK_LS, ELKE_LS, END_LS, ENDE_LS, ENTE_LS, EUTE_LS, FIZ_LS, GEM_LS, GEO_LS, GEOE_LS, GID_LS, HTA_LS, HTAE_LS, IBM_LS, ICM_LS, INS_LS, INSE_LS, ISL_LS, ISLE_LS, JEF_LS, JEO_LS, KIM_LS, KMM_LS, KOM_LS, KOME_LS, MAD_LS, MAK_LS, MAT_LS, MET_LS, METE_LS, MIM_LS, MIME_LS, MTO_LS, PEME_LS, PETE_LS, ROS_LS, ROSE_LS, SAO_OL, SBP_LS, SBPE_LS, SECE_LS, TEKE_LS, UCK_LS, UZBE_LS, VBAE_LS, YZVE_LS",,
20261,ING 201A,ING,LS,Essentials of Res.Paper Writ.,,-,MED,Salı,10:30/12:29,,0,0,,"BIOE_LS, BLG_LS, BLGE_LS, CEV_LS, CEVE_LS, CHZ_LS, DEN_LS, ECNE_LS, EHB_LS, EHBE_LS, ELK_LS, ELKE_LS, END_LS, ENDE_LS, ENTE_LS, EUTE_LS, FIZ_LS, GEM_LS, GEO_LS, GEOE_LS, GID_LS, HTA_LS, HTAE_LS, IBM_LS, ICM_LS, INS_LS, INSE_LS, ISL_LS, ISLE_LS, JEF_LS, JEO_LS, KIM_LS, KMM_LS, KOM_LS, KOME_LS, MAD_LS, MAK_LS, MAT_LS, MET_LS, METE_LS, MIM_LS, MIME_LS, MTO_LS, PEME_LS, PETE_LS, ROS_LS, ROSE_LS, SAO_OL, SBP_LS, SBPE_LS, SECE_LS, TEKE_LS, UCK_LS, UZBE_LS, VBAE_LS, YZVE_LS",,
20262,ING 201A,ING,LS,Essentials of Res.Paper Writ.,,-,MED,Salı,10:30/12:29,,0,0,,"BIOE_LS, BLG_LS, BLGE_LS, CEV_LS, CEVE_LS, CHZ_LS, DEN_LS, ECNE_LS, EHB_LS, EHBE_LS, ELK_LS, ELKE_LS, END_LS, ENDE_LS, ENTE_LS, EUTE_LS, FIZ_LS, GEM_LS, GEO_LS, GEOE_LS, GID_LS, HTA_LS, HTAE_LS, IBM_LS, ICM_LS, INS_LS, INSE_LS, ISL_LS, ISLE_LS, JEF_LS, JEO_LS, KIM_LS, KMM_LS, KOM_LS, KOME_LS, MAD_LS, MAK_LS, MAT_LS, MET_LS, METE_LS, MIM_LS, MIME_LS, MTO_LS, PEME_LS, PETE_LS, ROS_LS, ROSE_LS, SAO_OL, SBP_LS, SBPE_LS, SECE_LS, TEKE_LS, UCK_LS, UZBE_LS, VBAE_LS, YZVE_LS",,
20263,ING 201A,ING,LS,Essentials of Res.Paper Writ.,,Hatice Gülru Arslan,MED,Salı,10:30/12:29,,25,16,,"BIOE_LS, BLG_LS, BLGE_LS, CEV_LS, CEVE_LS, CHZ_LS, DEN_LS, ECNE_LS, EHB_LS, EHBE_LS, ELK_LS, ELKE_LS, END_LS, ENDE_LS, ENTE_LS, EUTE_LS, FIZ_LS, GEM_LS, GEO_LS, GEOE_LS, GID_LS, HTA_LS, HTAE_LS, IBM_LS, ICM_LS, INS_LS, INSE_LS, ISL_LS, ISLE_LS, JEF_LS, JEO_LS, KIM_LS, KMM_LS, KOM_LS, KOME_LS, MAD_LS, MAK_LS, MAT_LS, MET_LS, METE_LS, MIM_LS, MIME_LS, MTO_LS, PEME_LS, PETE_LS, ROS_LS, ROSE_LS, SAO_OL, SBP_LS, SBPE_LS, SECE_LS, TEKE_LS, UCK_LS, UZBE_LS, VBAE_LS, YZVE_LS",,
20264,ING 201A,ING,LS,Essentials of Res.Paper Writ.,,Canan Sağbilge,MED,Salı,10:30/12:29,,25,24,,"BIOE_LS, BLG_LS, BLGE_LS, CEV_LS, CEVE_LS, CHZ_LS, DEN_LS, ECNE_LS, EHB_LS, EHBE_LS, ELK_LS, ELKE_LS, END_LS, ENDE_LS, ENTE_LS, EUTE_LS, FIZ_LS, GEM_LS, GEO_LS, GEOE_LS, GID_LS, HTA_LS, HTAE_LS, IBM_LS, ICM_LS, INS_LS, INSE_LS, ISL_LS, ISLE_LS, JEF_LS, JEO_LS, KIM_LS, KMM_LS, KOM_LS, KOME_LS, MAD_LS, MAK_LS, MAT_LS, MET_LS, METE_LS, MIM_LS, MIME_LS, MTO_LS, PEME_LS, PETE_LS, ROS_LS, ROSE_LS, SAO_OL, SBP_LS, SBPE_LS, SECE_LS, TEKE_LS, UCK_LS, UZBE_LS, VBAE_LS, YZVE_LS",,
20265,ING 201A,ING,LS,Essentials of Res.Paper Writ.,,-,MED,Salı,10:30/12:29,,0,0,,"BIOE_LS, BLG_LS, BLGE_LS, CEV_LS, CEVE_LS, CHZ_LS, DEN_LS, ECNE_LS, EHB_LS, EHBE_LS, ELK_LS, ELKE_LS, END_LS, ENDE_LS, ENTE_LS, EUTE_LS, FIZ_LS, GEM_LS, GEO_LS, GEOE_LS, GID_LS, HTA_LS, HTAE_LS, IBM_LS, ICM_LS, INS_LS, INSE_LS, ISL_LS, ISLE_LS, JEF_LS, JEO_LS, KIM_LS, KMM_LS, KOM_LS, KOME_LS, MAD_LS, MAK_LS, MAT_LS, MET_LS, METE_LS, MIM_LS, MIME_LS, MTO_LS, PEME_LS, PETE_LS, ROS_LS, ROSE_LS, SAO_OL, SBP_LS, SBPE_LS, SECE_LS, TEKE_LS, UCK_LS, UZBE_LS, VBAE_LS, YZVE_LS",,
20266,ING 201A,ING,LS,Essentials of Res.Paper Writ.,,Timothy George Eastlake Davis,MED,Salı,13:30/15:29,,25,25,,"BIOE_LS, BLG_LS, BLGE_LS, CEV_LS, CEVE_LS, CHZ_LS, DEN_LS, ECNE_LS, EHB_LS, EHBE_LS, ELK_LS, ELKE_LS, END_LS, ENDE_LS, ENTE_LS, EUTE_LS, FIZ_LS, GEM_LS, GEO_LS, GEOE_LS, GID_LS, HTA_LS, HTAE_LS, IBM_LS, ICM_LS, INS_LS, INSE_LS, ISL_LS, ISLE_LS, JEF_LS, JEO_LS, KIM_LS, KMM_LS, KOM_LS, KOME_LS, MAD_LS, MAK_LS, MAT_LS, MET_LS, METE_LS, MIM_LS, MIME_LS, MTO_LS, PEME_LS, PETE_LS, ROS_LS, ROSE_LS, SAO_OL, SBP_LS, SBPE_LS, SECE_LS, TEKE_LS, UCK_LS, UZBE_LS, VBAE_LS, YZVE_LS",,
20268,ING 201A,ING,LS,Essentials of Res.Paper Writ.,,Canan Sağbilge,MED,Salı,13:30/15:29,,25,24,,"BIOE_LS, BLG_LS, BLGE_LS, CEV_LS, CEVE_LS, CHZ_LS, DEN_LS, ECNE_LS, EHB_LS, EHBE_LS, ELK_LS, ELKE_LS, END_LS, ENDE_LS, ENTE_LS, EUTE_LS, FIZ_LS, GEM_LS, GEO_LS, GEOE_LS, GID_LS, HTA_LS, HTAE_LS, IBM_LS, ICM_LS, INS_LS, INSE_LS, ISL_LS, ISLE_LS, JEF_LS, JEO_LS, KIM_LS, KMM_LS, KOM_LS, KOME_LS, MAD_LS, MAK_LS, MAT_LS, MET_LS, METE_LS, MIM_LS, MIME_LS, MTO_LS, PEME_LS, PETE_LS, ROS_LS, ROSE_LS, SAO_OL, SBP_LS, SBPE_LS, SECE_LS, TEKE_LS, UCK_LS, UZBE_LS, VBAE_LS, YZVE_LS",,
20269,ING 201A,ING,LS,Essentials of Res.Paper Writ.,,Hatice Gülru Arslan,MED,Salı,13:30/15:29,,25,25,,"BIOE_LS, BLG_LS, BLGE_LS, CEV_LS, CEVE_LS, CHZ_LS, DEN_LS, ECNE_LS, EHB_LS, EHBE_LS, ELK_LS, ELKE_LS, END_LS, ENDE_LS, ENTE_LS, EUTE_LS, FIZ_LS, GEM_LS, GEO_LS, GEOE_LS, GID_LS, HTA_LS, HTAE_LS, IBM_LS, ICM_LS, INS_LS, INSE_LS, ISL_LS, ISLE_LS, JEF_LS, JEO_LS, KIM_LS, KMM_LS, KOM_LS, KOME_LS, MAD_LS, MAK_LS, MAT_LS, MET_LS, METE_LS, MIM_LS, MIME_LS, MTO_LS, PEME_LS, PETE_LS, ROS_LS, ROSE_LS, SAO_OL, SBP_LS, SBPE_LS, SECE_LS, TEKE_LS, UCK_LS, UZBE_LS, VBAE_LS, YZVE_LS",,
20270,ING 201A,ING,LS,Essentials of Res.Paper Writ.,,-,MED,Salı,13:30/15:29,,0,0,,"BIOE_LS, BLG_LS, BLGE_LS, CEV_LS, CEVE_LS, CHZ_LS, DEN_LS, ECNE_LS, EHB_LS, EHBE_LS, ELK_LS, ELKE_LS, END_LS, ENDE_LS, ENTE_LS, EUTE_LS, FIZ_LS, GEM_LS, GEO_LS, GEOE_LS, GID_LS, HTA_LS, HTAE_LS, IBM_LS, ICM_LS, INS_LS, INSE_LS, ISL_LS, ISLE_LS, JEF_LS, JEO_LS, KIM_LS, KMM_LS, KOM_LS, KOME_LS, MAD_LS, MAK_LS, MAT_LS, MET_LS, METE_LS, MIM_LS, MIME_LS, MTO_LS, PEME_LS, PETE_LS, ROS_LS, ROSE_LS, SAO_OL, SBP_LS, SBPE_LS, SECE_LS, TEKE_LS, UCK_LS, UZBE_LS, VBAE_LS, YZVE_LS",,
20271,ING 201A,ING,LS,Essentials of Res.Paper Writ.,,Duygu Özkan,MED,Salı,13:30/15:29,,25,17,,"BIOE_LS, BLG_LS, BLGE_LS, CEV_LS, CEVE_LS, CHZ_LS, DEN_LS, ECNE_LS, EHB_LS, EHBE_LS, ELK_LS, ELKE_LS, END_LS, ENDE_LS, ENTE_LS, EUTE_LS, FIZ_LS, GEM_LS, GEO_LS, GEOE_LS, GID_LS, HTA_LS, HTAE_LS, IBM_LS, ICM_LS, INS_LS, INSE_LS, ISL_LS, ISLE_LS, JEF_LS, JEO_LS, KIM_LS, KMM_LS, KOM_LS, KOME_LS, MAD_LS, MAK_LS, MAT_LS, MET_LS, METE_LS, MIM_LS, MIME_LS, MTO_LS, PEME_LS, PETE_LS, ROS_LS, ROSE_LS, SAO_OL, SBP_LS, SBPE_LS, SECE_LS, TEKE_LS, UCK_LS, UZBE_LS, VBAE_LS, YZVE_LS",,
20272,ING 201A,ING,LS,Essentials of Res.Paper Writ.,,-,MED,Salı,13:30/15:29,,0,0,,"BIOE_LS, BLG_LS, BLGE_LS, CEV_LS, CEVE_LS, CHZ_LS, DEN_LS, ECNE_LS, EHB_LS, EHBE_LS, ELK_LS, ELKE_LS, END_LS, ENDE_LS, ENTE_LS, EUTE_LS, FIZ_LS, GEM_LS, GEO_LS, GEOE_LS, GID_LS, HTA_LS, HTAE_LS, IBM_LS, ICM_LS, INS_LS, INSE_LS, ISL_LS, ISLE_LS, JEF_LS, JEO_LS, KIM_LS, KMM_LS, KOM_LS, KOME_LS, MAD_LS, MAK_LS, MAT_LS, MET_LS, METE_LS, MIM_LS, MIME_LS, MTO_LS, PEME_LS, PETE_LS, ROS_LS, ROSE_LS, SAO_OL, SBP_LS, SBPE_LS, SECE_LS, TEKE_LS, UCK_LS, UZBE_LS, VBAE_LS, YZVE_LS",,
20273,ING 201A,ING,LS,Essentials of Res.Paper Writ.,,-,MED,Salı,13:30/15:29,,0,0,,"BIOE_LS, BLG_LS, BLGE_LS, CEV_LS, CEVE_LS, CHZ_LS, DEN_LS, ECNE_LS, EHB_LS, EHBE_LS, ELK_LS, ELKE_LS, END_LS, ENDE_LS, ENTE_LS, EUTE_LS, FIZ_LS, GEM_LS, GEO_LS, GEOE_LS, GID_LS, HTA_LS, HTAE_LS, IBM_LS, ICM_LS, INS_LS, INSE_LS, ISL_LS, ISLE_LS, JEF_LS, JEO_LS, KIM_LS, KMM_LS, KOM_LS, KOME_LS, MAD_LS, MAK_LS, MAT_LS, MET_LS, METE_LS, MIM_LS, MIME_LS, MTO_LS, PEME_LS, PETE_LS, ROS_LS, ROSE_LS, SAO_OL, SBP_LS, SBPE_LS, SECE_LS, TEKE_LS, UCK_LS, UZBE_LS, VBAE_LS, YZVE_LS",,
20274,ING 201A,ING,LS,Essentials of Res.Paper Writ.,,Gamze Avcı,MED,Çarşamba,08:30/10:29,,25,21,,"BIOE_LS, BLG_LS, BLGE_LS, CEV_LS, CEVE_LS, CHZ_LS, DEN_LS, ECNE_LS, EHB_LS, EHBE_LS, ELK_LS, ELKE_LS, END_LS, ENDE_LS, ENTE_LS, EUTE_LS, FIZ_LS, GEM_LS, GEO_LS, GEOE_LS, GID_LS, HTA_LS, HTAE_LS, IBM_LS, ICM_LS, INS_LS, INSE_LS, ISL_LS, ISLE_LS, JEF_LS, JEO_LS, KIM_LS, KMM_LS, KOM_LS, KOME_LS, MAD_LS, MAK_LS, MAT_LS, MET_LS, METE_LS, MIM_LS, MIME_LS, MTO_LS, PEME_LS, PETE_LS, ROS_LS, ROSE_LS, SAO_OL, SBP_LS, SBPE_LS, SECE_LS, TEKE_LS, UCK_LS, UZBE_LS, VBAE_LS, YZVE_LS",,
20275,ING 201A,ING,LS,Essentials of Res.Paper Writ.,,Suzan Arıman,MED,Çarşamba,08:30/10:29,,25,22,,"BIOE_LS, BLG_LS, BLGE_LS, CEV_LS, CEVE_LS, CHZ_LS, DEN_LS, ECNE_LS, EHB_LS, EHBE_LS, ELK_LS, ELKE_LS, END_LS, ENDE_LS, ENTE_LS, EUTE_LS, FIZ_LS, GEM_LS, GEO_LS, GEOE_LS, GID_LS, HTA_LS, HTAE_LS, IBM_LS, ICM_LS, INS_LS, INSE_LS, ISL_LS, ISLE_LS, JEF_LS, JEO_LS, KIM_LS, KMM_LS, KOM_LS, KOME_LS, MAD_LS, MAK_LS, MAT_LS, MET_LS, METE_LS, MIM_LS, MIME_LS, MTO_LS, PEME_LS, PETE_LS, ROS_LS, ROSE_LS, SAO_OL, SBP_LS, SBPE_LS, SECE_LS, TEKE_LS, UCK_LS, UZBE_LS, VBAE_LS, YZVE_LS",,
20276,ING 201A,ING,LS,Essentials of Res.Paper Writ.,,-,MED,Çarşamba,08:30/10:29,,0,0,,"BIOE_LS, BLG_LS, BLGE_LS, CEV_LS, CEVE_LS, CHZ_LS, DEN_LS, ECNE_LS, EHB_LS, EHBE_LS, ELK_LS, ELKE_LS, END_LS, ENDE_LS, ENTE_LS, EUTE_LS, FIZ_LS, GEM_LS, GEO_LS, GEOE_LS, GID_LS, HTA_LS, HTAE_LS, IBM_LS, ICM_LS, INS_LS, INSE_LS, ISL_LS, ISLE_LS, JEF_LS, JEO_LS, KIM_LS, KMM_LS, KOM_LS, KOME_LS, MAD_LS, MAK_LS, MAT_LS, MET_LS, METE_LS, MIM_LS, MIME_LS, MTO_LS, PEME_LS, PETE_LS, ROS_LS, ROSE_LS, SAO_OL, SBP_LS, SBPE_LS, SECE_LS, TEKE_LS, UCK_LS, UZBE_LS, VBAE_LS, YZVE_LS",,
20277,ING 201A,ING,LS,Essentials of Res.Paper Writ.,,Gürcan Öztürk,MED,Çarşamba,08:30/10:29,,25,25,,"BIOE_LS, BLG_LS, BLGE_LS, CEV_LS, CEVE_LS, CHZ_LS, DEN_LS, ECNE_LS, EHB_LS, EHBE_LS, ELK_LS, ELKE_LS, END_LS, ENDE_LS, ENTE_LS, EUTE_LS, FIZ_LS, GEM_LS, GEO_LS, GEOE_LS, GID_LS, HTA_LS, HTAE_LS, IBM_LS, ICM_LS, INS_LS, INSE_LS, ISL_LS, ISLE_LS, JEF_LS, JEO_LS, KIM_LS, KMM_LS, KOM_LS, KOME_LS, MAD_LS, MAK_LS, MAT_LS, MET_LS, METE_LS, MIM_LS, MIME_LS, MTO_LS, PEME_LS, PETE_LS, ROS_LS, ROSE_LS, SAO_OL, SBP_LS, SBPE_LS, SECE_LS, TEKE_LS, UCK_LS, UZBE_LS, VBAE_LS, YZVE_LS",,
20278,ING 201A,ING,LS,Essentials of Res.Paper Writ.,,Canan Sağbilge,MED,Çarşamba,08:30/10:29,,25,25,,"BIOE_LS, BLG_LS, BLGE_LS, CEV_LS, CEVE_LS, CHZ_LS, DEN_LS, ECNE_LS, EHB_LS, EHBE_LS, ELK_LS, ELKE_LS, END_LS, ENDE_LS, ENTE_LS, EUTE_LS, FIZ_LS, GEM_LS, GEO_LS, GEOE_LS, GID_LS, HTA_LS, HTAE_LS, IBM_LS, ICM_LS, INS_LS, INSE_LS, ISL_LS, ISLE_LS, JEF_LS, JEO_LS, KIM_LS, KMM_LS, KOM_LS, KOME_LS, MAD_LS, MAK_LS, MAT_LS, MET_LS, METE_LS, MIM_LS, MIME_LS, MTO_LS, PEME_LS, PETE_LS, ROS_LS, ROSE_LS, SAO_OL, SBP_LS, SBPE_LS, SECE_LS, TEKE_LS, UCK_LS, UZBE_LS, VBAE_LS, YZVE_LS",,
20279,ING 201A,ING,LS,Essentials of Res.Paper Writ.,,Esra Sancak,MED,Çarşamba,10:30/12:29,,25,19,,"BIOE_LS, BLG_LS, BLGE_LS, CEV_LS, CEVE_LS, CHZ_LS, DEN_LS, ECNE_LS, EHB_LS, EHBE_LS, ELK_LS, ELKE_LS, END_LS, ENDE_LS, ENTE_LS, EUTE_LS, FIZ_LS, GEM_LS, GEO_LS, GEOE_LS, GID_LS, HTA_LS, HTAE_LS, IBM_LS, ICM_LS, INS_LS, INSE_LS, ISL_LS, ISLE_LS, JEF_LS, JEO_LS, KIM_LS, KMM_LS, KOM_LS, KOME_LS, MAD_LS, MAK_LS, MAT_LS, MET_LS, METE_LS, MIM_LS, MIME_LS, MTO_LS, PEME_LS, PETE_LS, ROS_LS, ROSE_LS, SAO_OL, SBP_LS, SBPE_LS, SECE_LS, TEKE_LS, UCK_LS, UZBE_LS, VBAE_LS, YZVE_LS",,
20280,ING 201A,ING,LS,Essentials of Res.Paper Writ.,,Gürcan Öztürk,MED,Çarşamba,10:30/12:29,,25,27,,"BIOE_LS, BLG_LS, BLGE_LS, CEV_LS, CEVE_LS, CHZ_LS, DEN_LS, ECNE_LS, EHB_LS, EHBE_LS, ELK_LS, ELKE_LS, END_LS, ENDE_LS, ENTE_LS, EUTE_LS, FIZ_LS, GEM_LS, GEO_LS, GEOE_LS, GID_LS, HTA_LS, HTAE_LS, IBM_LS, ICM_LS, INS_LS, INSE_LS, ISL_LS, ISLE_LS, JEF_LS, JEO_LS, KIM_LS, KMM_LS, KOM_LS, KOME_LS, MAD_LS, MAK_LS, MAT_LS, MET_LS, METE_LS, MIM_LS, MIME_LS, MTO_LS, PEME_LS, PETE_LS, ROS_LS, ROSE_LS, SAO_OL, SBP_LS, SBPE_LS, SECE_LS, TEKE_LS, UCK_LS, UZBE_LS, VBAE_LS, YZVE_LS",,
20281,ING 201A,ING,LS,Essentials of Res.Paper Writ.,,Duygu Özkan,MED,Çarşamba,10:30/12:29,,25,23,,"BIOE_LS, BLG_LS, BLGE_LS, CEV_LS, CEVE_LS, CHZ_LS, DEN_LS, ECNE_LS, EHB_LS, EHBE_LS, ELK_LS, ELKE_LS, END_LS, ENDE_LS, ENTE_LS, EUTE_LS, FIZ_LS, GEM_LS, GEO_LS, GEOE_LS, GID_LS, HTA_LS, HTAE_LS, IBM_LS, ICM_LS, INS_LS, INSE_LS, ISL_LS, ISLE_LS, JEF_LS, JEO_LS, KIM_LS, KMM_LS, KOM_LS, KOME_LS, MAD_LS, MAK_LS, MAT_LS, MET_LS, METE_LS, MIM_LS, MIME_LS, MTO_LS, PEME_LS, PETE_LS, ROS_LS, ROSE_LS, SAO_OL, SBP_LS, SBPE_LS, SECE_LS, TEKE_LS, UCK_LS, UZBE_LS, VBAE_LS, YZVE_LS",,
20282,ING 201A,ING,LS,Essentials of Res.Paper Writ.,,-,MED,Çarşamba,10:30/12:29,,0,0,,"BIOE_LS, BLG_LS, BLGE_LS, CEV_LS, CEVE_LS, CHZ_LS, DEN_LS, ECNE_LS, EHB_LS, EHBE_LS, ELK_LS, ELKE_LS, END_LS, ENDE_LS, ENTE_LS, EUTE_LS, FIZ_LS, GEM_LS, GEO_LS, GEOE_LS, GID_LS, HTA_LS, HTAE_LS, IBM_LS, ICM_LS, INS_LS, INSE_LS, ISL_LS, ISLE_LS, JEF_LS, JEO_LS, KIM_LS, KMM_LS, KOM_LS, KOME_LS, MAD_LS, MAK_LS, MAT_LS, MET_LS, METE_LS, MIM_LS, MIME_LS, MTO_LS, PEME_LS, PETE_LS, ROS_LS, ROSE_LS, SAO_OL, SBP_LS, SBPE_LS, SECE_LS, TEKE_LS, UCK_LS, UZBE_LS, VBAE_LS, YZVE_LS",,
20283,ING 201A,ING,LS,Essentials of Res.Paper Writ.,,Mehtap İpek Kurt,MED,Çarşamba,10:30/12:29,,25,25,,"BIOE_LS, BLG_LS, BLGE_LS, CEV_LS, CEVE_LS, CHZ_LS, DEN_LS, ECNE_LS, EHB_LS, EHBE_LS, ELK_LS, ELKE_LS, END_LS, ENDE_LS, ENTE_LS, EUTE_LS, FIZ_LS, GEM_LS, GEO_LS, GEOE_LS, GID_LS, HTA_LS, HTAE_LS, IBM_LS, ICM_LS, INS_LS, INSE_LS, ISL_LS, ISLE_LS, JEF_LS, JEO_LS, KIM_LS, KMM_LS, KOM_LS, KOME_LS, MAD_LS, MAK_LS, MAT_LS, MET_LS, METE_LS, MIM_LS, MIME_LS, MTO_LS, PEME_LS, PETE_LS, ROS_LS, ROSE_LS, SAO_OL, SBP_LS, SBPE_LS, SECE_LS, TEKE_LS, UCK_LS, UZBE_LS, VBAE_LS, YZVE_LS",,
20284,ING 201A,ING,LS,Essentials of Res.Paper Writ.,,Gamze Avcı,MED,Perşembe,08:30/10:29,,25,24,,"BIOE_LS, BLG_LS, BLGE_LS, CEV_LS, CEVE_LS, CHZ_LS, DEN_LS, ECNE_LS, EHB_LS, EHBE_LS, ELK_LS, ELKE_LS, END_LS, ENDE_LS, ENTE_LS, EUTE_LS, FIZ_LS, GEM_LS, GEO_LS, GEOE_LS, GID_LS, HTA_LS, HTAE_LS, IBM_LS, ICM_LS, INS_LS, INSE_LS, ISL_LS, ISLE_LS, JEF_LS, JEO_LS, KIM_LS, KMM_LS, KOM_LS, KOME_LS, MAD_LS, MAK_LS, MAT_LS, MET_LS, METE_LS, MIM_LS, MIME_LS, MTO_LS, PEME_LS, PETE_LS, ROS_LS, ROSE_LS, SAO_OL, SBP_LS, SBPE_LS, SECE_LS, TEKE_LS, UCK_LS, UZBE_LS, VBAE_LS, YZVE_LS",,
20285,ING 201A,ING,LS,Essentials of Res.Paper Writ.,,Hande Yalınateş Koşar,MED,Perşembe,08:30/10:29,,25,25,,"BIOE_LS, BLG_LS, BLGE_LS, CEV_LS, CEVE_LS, CHZ_LS, DEN_LS, ECNE_LS, EHB_LS, EHBE_LS, ELK_LS, ELKE_LS, END_LS, ENDE_LS, ENTE_LS, EUTE_LS, FIZ_LS, GEM_LS, GEO_LS, GEOE_LS, GID_LS, HTA_LS, HTAE_LS, IBM_LS, ICM_LS, INS_LS, INSE_LS, ISL_LS, ISLE_LS, JEF_LS, JEO_LS, KIM_LS, KMM_LS, KOM_LS, KOME_LS, MAD_LS, MAK_LS, MAT_LS, MET_LS, METE_LS, MIM_LS, MIME_LS, MTO_LS, PEME_LS, PETE_LS, ROS_LS, ROSE_LS, SAO_OL, SBP_LS, SBPE_LS, SECE_LS, TEKE_LS, UCK_LS, UZBE_LS, VBAE_LS, YZVE_LS",,
20286,ING 201A,ING,LS,Essentials of Res.Paper Writ.,,Timothy George Eastlake Davis,MED,Perşembe,08:30/10:29,,25,17,,"BIOE_LS, BLG_LS, BLGE_LS, CEV_LS, CEVE_LS, CHZ_LS, DEN_LS, ECNE_LS, EHB_LS, EHBE_LS, ELK_LS, ELKE_LS, END_LS, ENDE_LS, ENTE_LS, EUTE_LS, FIZ_LS, GEM_LS, GEO_LS, GEOE_LS, GID_LS, HTA_LS, HTAE_LS, IBM_LS, ICM_LS, INS_LS, INSE_LS, ISL_LS, ISLE_LS, JEF_LS, JEO_LS, KIM_LS, KMM_LS, KOM_LS, KOME_LS, MAD_LS, MAK_LS, MAT_LS, MET_LS, METE_LS, MIM_LS, MIME_LS, MTO_LS, PEME_LS, PETE_LS, ROS_LS, ROSE_LS, SAO_OL, SBP_LS, SBPE_LS, SECE_LS, TEKE_LS, UCK_LS, UZBE_LS, VBAE_LS, YZVE_LS",,
20287,ING 201A,ING,LS,Essentials of Res.Paper Writ.,,Canan Sağbilge,MED,Perşembe,08:30/10:29,,25,25,,"BIOE_LS, BLG_LS, BLGE_LS, CEV_LS, CEVE_LS, CHZ_LS, DEN_LS, ECNE_LS, EHB_LS, EHBE_LS, ELK_LS, ELKE_LS, END_LS, ENDE_LS, ENTE_LS, EUTE_LS, FIZ_LS, GEM_LS, GEO_LS, GEOE_LS, GID_LS, HTA_LS, HTAE_LS, IBM_LS, ICM_LS, INS_LS, INSE_LS, ISL_LS, ISLE_LS, JEF_LS, JEO_LS, KIM_LS, KMM_LS, KOM_LS, KOME_LS, MAD_LS, MAK_LS, MAT_LS, MET_LS, METE_LS, MIM_LS, MIME_LS, MTO_LS, PEME_LS, PETE_LS, ROS_LS, ROSE_LS, SAO_OL, SBP_LS, SBPE_LS, SECE_LS, TEKE_LS, UCK_LS, UZBE_LS, VBAE_LS, YZVE_LS",,
20289,ING 201A,ING,LS,Essentials of Res.Paper Writ.,,-,MED,Perşembe,08:30/10:29,,0,0,,"BIOE_LS, BLG_LS, BLGE_LS, CEV_LS, CEVE_LS, CHZ_LS, DEN_LS, ECNE_LS, EHB_LS, EHBE_LS, ELK_LS, ELKE_LS, END_LS, ENDE_LS, ENTE_LS, EUTE_LS, FIZ_LS, GEM_LS, GEO_LS, GEOE_LS, GID_LS, HTA_LS, HTAE_LS, IBM_LS, ICM_LS, INS_LS, INSE_LS, ISL_LS, ISLE_LS, JEF_LS, JEO_LS, KIM_LS, KMM_LS, KOM_LS, KOME_LS, MAD_LS, MAK_LS, MAT_LS, MET_LS, METE_LS, MIM_LS, MIME_LS, MTO_LS, PEME_LS, PETE_LS, ROS_LS, ROSE_LS, SAO_OL, SBP_LS, SBPE_LS, SECE_LS, TEKE_LS, UCK_LS, UZBE_LS, VBAE_LS, YZVE_LS",,
20290,ING 201A,ING,LS,Essentials of Res.Paper Writ.,,Hatice Gülru Arslan,MED,Perşembe,08:30/10:29,,25,24,,"BIOE_LS, BLG_LS, BLGE_LS, CEV_LS, CEVE_LS, CHZ_LS, DEN_LS, ECNE_LS, EHB_LS, EHBE_LS, ELK_LS, ELKE_LS, END_LS, ENDE_LS, ENTE_LS, EUTE_LS, FIZ_LS, GEM_LS, GEO_LS, GEOE_LS, GID_LS, HTA_LS, HTAE_LS, IBM_LS, ICM_LS, INS_LS, INSE_LS, ISL_LS, ISLE_LS, JEF_LS, JEO_LS, KIM_LS, KMM_LS, KOM_LS, KOME_LS, MAD_LS, MAK_LS, MAT_LS, MET_LS, METE_LS, MIM_LS, MIME_LS, MTO_LS, PEME_LS, PETE_LS, ROS_LS, ROSE_LS, SAO_OL, SBP_LS, SBPE_LS, SECE_LS, TEKE_LS, UCK_LS, UZBE_LS, VBAE_LS, YZVE_LS",,
20291,ING 201A,ING,LS,Essentials of Res.Paper Writ.,,Özlem Kurnaz,MED,Perşembe,08:30/10:29,,25,25,,"BIOE_LS, BLG_LS, BLGE_LS, CEV_LS, CEVE_LS, CHZ_LS, DEN_LS, ECNE_LS, EHB_LS, EHBE_LS, ELK_LS, ELKE_LS, END_LS, ENDE_LS, ENTE_LS, EUTE_LS, FIZ_LS, GEM_LS, GEO_LS, GEOE_LS, GID_LS, HTA_LS, HTAE_LS, IBM_LS, ICM_LS, INS_LS, INSE_LS, ISL_LS, ISLE_LS, JEF_LS, JEO_LS, KIM_LS, KMM_LS, KOM_LS, KOME_LS, MAD_LS, MAK_LS, MAT_LS, MET_LS, METE_LS, MIM_LS, MIME_LS, MTO_LS, PEME_LS, PETE_LS, ROS_LS, ROSE_LS, SAO_OL, SBP_LS, SBPE_LS, SECE_LS, TEKE_LS, UCK_LS, UZBE_LS, VBAE_LS, YZVE_LS",,
20292,ING 201A,ING,LS,Essentials of Res.Paper Writ.,,Ayşe Zeynep Yılmaz,MED,Perşembe,10:30/12:29,,25,24,,"BIOE_LS, BLG_LS, BLGE_LS, CEV_LS, CEVE_LS, CHZ_LS, DEN_LS, ECNE_LS, EHB_LS, EHBE_LS, ELK_LS, ELKE_LS, END_LS, ENDE_LS, ENTE_LS, EUTE_LS, FIZ_LS, GEM_LS, GEO_LS, GEOE_LS, GID_LS, HTA_LS, HTAE_LS, IBM_LS, ICM_LS, INS_LS, INSE_LS, ISL_LS, ISLE_LS, JEF_LS, JEO_LS, KIM_LS, KMM_LS, KOM_LS, KOME_LS, MAD_LS, MAK_LS, MAT_LS, MET_LS, METE_LS, MIM_LS, MIME_LS, MTO_LS, PEME_LS, PETE_LS, ROS_LS, ROSE_LS, SAO_OL, SBP_LS, SBPE_LS, SECE_LS, TEKE_LS, UCK_LS, UZBE_LS, VBAE_LS, YZVE_LS",,
20293,ING 201A,ING,LS,Essentials of Res.Paper Writ.,,Canan Sağbilge,MED,Perşembe,10:30/12:29,,25,25,,"BIOE_LS, BLG_LS, BLGE_LS, CEV_LS, CEVE_LS, CHZ_LS, DEN_LS, ECNE_LS, EHB_LS, EHBE_LS, ELK_LS, ELKE_LS, END_LS, ENDE_LS, ENTE_LS, EUTE_LS, FIZ_LS, GEM_LS, GEO_LS, GEOE_LS, GID_LS, HTA_LS, HTAE_LS, IBM_LS, ICM_LS, INS_LS, INSE_LS, ISL_LS, ISLE_LS, JEF_LS, JEO_LS, KIM_LS, KMM_LS, KOM_LS, KOME_LS, MAD_LS, MAK_LS, MAT_LS, MET_LS, METE_LS, MIM_LS, MIME_LS, MTO_LS, PEME_LS, PETE_LS, ROS_LS, ROSE_LS, SAO_OL, SBP_LS, SBPE_LS, SECE_LS, TEKE_LS, UCK_LS, UZBE_LS, VBAE_LS, YZVE_LS",,
20294,ING 201A,ING,LS,Essentials of Res.Paper Writ.,,Aslıhan Zengin,MED,Perşembe,10:30/12:29,,25,24,,"BIOE_LS, BLG_LS, BLGE_LS, CEV_LS, CEVE_LS, CHZ_LS, DEN_LS, ECNE_LS, EHB_LS, EHBE_LS, ELK_LS, ELKE_LS, END_LS, ENDE_LS, ENTE_LS, EUTE_LS, FIZ_LS, GEM_LS, GEO_LS, GEOE_LS, GID_LS, HTA_LS, HTAE_LS, IBM_LS, ICM_LS, INS_LS, INSE_LS, ISL_LS, ISLE_LS, JEF_LS, JEO_LS, KIM_LS, KMM_LS, KOM_LS, KOME_LS, MAD_LS, MAK_LS, MAT_LS, MET_LS, METE_LS, MIM_LS, MIME_LS, MTO_LS, PEME_LS, PETE_LS, ROS_LS, ROSE_LS, SAO_OL, SBP_LS, SBPE_LS, SECE_LS, TEKE_LS, UCK_LS, UZBE_LS, VBAE_LS, YZVE_LS",,
20295,ING 201A,ING,LS,Essentials of Res.Paper Writ.,,Mehtap İpek Kurt,MED,Perşembe,10:30/12:29,,25,25,,"BIOE_LS, BLG_LS, BLGE_LS, CEV_LS, CEVE_LS, CHZ_LS, DEN_LS, ECNE_LS, EHB_LS, EHBE_LS, ELK_LS, ELKE_LS, END_LS, ENDE_LS, ENTE_LS, EUTE_LS, FIZ_LS, GEM_LS, GEO_LS, GEOE_LS, GID_LS, HTA_LS, HTAE_LS, IBM_LS, ICM_LS, INS_LS, INSE_LS, ISL_LS, ISLE_LS, JEF_LS, JEO_LS, KIM_LS, KMM_LS, KOM_LS, KOME_LS, MAD_LS, MAK_LS, MAT_LS, MET_LS, METE_LS, MIM_LS, MIME_LS, MTO_LS, PEME_LS, PETE_LS, ROS_LS, ROSE_LS, SAO_OL, SBP_LS, SBPE_LS, SECE_LS, TEKE_LS, UCK_LS, UZBE_LS, VBAE_LS, YZVE_LS",,
20296,ING 201A,ING,LS,Essentials of Res.Paper Writ.,,-,MED,Perşembe,10:30/12:29,,0,0,,"BIOE_LS, BLG_LS, BLGE_LS, CEV_LS, CEVE_LS, CHZ_LS, DEN_LS, ECNE_LS, EHB_LS, EHBE_LS, ELK_LS, ELKE_LS, END_LS, ENDE_LS, ENTE_LS, EUTE_LS, FIZ_LS, GEM_LS, GEO_LS, GEOE_LS, GID_LS, HTA_LS, HTAE_LS, IBM_LS, ICM_LS, INS_LS, INSE_LS, ISL_LS, ISLE_LS, JEF_LS, JEO_LS, KIM_LS, KMM_LS, KOM_LS, KOME_LS, MAD_LS, MAK_LS, MAT_LS, MET_LS, METE_LS, MIM_LS, MIME_LS, MTO_LS, PEME_LS, PETE_LS, ROS_LS, ROSE_LS, SAO_OL, SBP_LS, SBPE_LS, SECE_LS, TEKE_LS, UCK_LS, UZBE_LS, VBAE_LS, YZVE_LS",,
20297,ING 201A,ING,LS,Essentials of Res.Paper Writ.,,Özlem Kurnaz,MED,Perşembe,10:30/12:29,,25,24,,"BIOE_LS, BLG_LS, BLGE_LS, CEV_LS, CEVE_LS, CHZ_LS, DEN_LS, ECNE_LS, EHB_LS, EHBE_LS, ELK_LS, ELKE_LS, END_LS, ENDE_LS, ENTE_LS, EUTE_LS, FIZ_LS, GEM_LS, GEO_LS, GEOE_LS, GID_LS, HTA_LS, HTAE_LS, IBM_LS, ICM_LS, INS_LS, INSE_LS, ISL_LS, ISLE_LS, JEF_LS, JEO_LS, KIM_LS, KMM_LS, KOM_LS, KOME_LS, MAD_LS, MAK_LS, MAT_LS, MET_LS, METE_LS, MIM_LS, MIME_LS, MTO_LS, PEME_LS, PETE_LS, ROS_LS, ROSE_LS, SAO_OL, SBP_LS, SBPE_LS, SECE_LS, TEKE_LS, UCK_LS, UZBE_LS, VBAE_LS, YZVE_LS",,
20298,ING 201A,ING,LS,Essentials of Res.Paper Writ.,,Timothy George Eastlake Davis,MED,Perşembe,13:30/15:29,,25,15,,"BIOE_LS, BLG_LS, BLGE_LS, CEV_LS, CEVE_LS, CHZ_LS, DEN_LS, ECNE_LS, EHB_LS, EHBE_LS, ELK_LS, ELKE_LS, END_LS, ENDE_LS, ENTE_LS, EUTE_LS, FIZ_LS, GEM_LS, GEO_LS, GEOE_LS, GID_LS, HTA_LS, HTAE_LS, IBM_LS, ICM_LS, INS_LS, INSE_LS, ISL_LS, ISLE_LS, JEF_LS, JEO_LS, KIM_LS, KMM_LS, KOM_LS, KOME_LS, MAD_LS, MAK_LS, MAT_LS, MET_LS, METE_LS, MIM_LS, MIME_LS, MTO_LS, PEME_LS, PETE_LS, ROS_LS, ROSE_LS, SAO_OL, SBP_LS, SBPE_LS, SECE_LS, TEKE_LS, UCK_LS, UZBE_LS, VBAE_LS, YZVE_LS",,
20299,ING 201A,ING,LS,Essentials of Res.Paper Writ.,,Esra Sancak,MED,Perşembe,13:30/15:29,,25,18,,"BIOE_LS, BLG_LS, BLGE_LS, CEV_LS, CEVE_LS, CHZ_LS, DEN_LS, ECNE_LS, EHB_LS, EHBE_LS, ELK_LS, ELKE_LS, END_LS, ENDE_LS, ENTE_LS, EUTE_LS, FIZ_LS, GEM_LS, GEO_LS, GEOE_LS, GID_LS, HTA_LS, HTAE_LS, IBM_LS, ICM_LS, INS_LS, INSE_LS, ISL_LS, ISLE_LS, JEF_LS, JEO_LS, KIM_LS, KMM_LS, KOM_LS, KOME_LS, MAD_LS, MAK_LS, MAT_LS, MET_LS, METE_LS, MIM_LS, MIME_LS, MTO_LS, PEME_LS, PETE_LS, ROS_LS, ROSE_LS, SAO_OL, SBP_LS, SBPE_LS, SECE_LS, TEKE_LS, UCK_LS, UZBE_LS, VBAE_LS, YZVE_LS",,
20300,ING 201A,ING,LS,Essentials of Res.Paper Writ.,,Ayşe Zeynep Yılmaz,MED,Perşembe,13:30/15:29,,25,25,,"BIOE_LS, BLG_LS, BLGE_LS, CEV_LS, CEVE_LS, CHZ_LS, DEN_LS, ECNE_LS, EHB_LS, EHBE_LS, ELK_LS, ELKE_LS, END_LS, ENDE_LS, ENTE_LS, EUTE_LS, FIZ_LS, GEM_LS, GEO_LS, GEOE_LS, GID_LS, HTA_LS, HTAE_LS, IBM_LS, ICM_LS, INS_LS, INSE_LS, ISL_LS, ISLE_LS, JEF_LS, JEO_LS, KIM_LS, KMM_LS, KOM_LS, KOME_LS, MAD_LS, MAK_LS, MAT_LS, MET_LS, METE_LS, MIM_LS, MIME_LS, MTO_LS, PEME_LS, PETE_LS, ROS_LS, ROSE_LS, SAO_OL, SBP_LS, SBPE_LS, SECE_LS, TEKE_LS, UCK_LS, UZBE_LS, VBAE_LS, YZVE_LS",,
20301,ING 201A,ING,LS,Essentials of Res.Paper Writ.,,Fulya Kama Özelkan,MED,Perşembe,13:30/15:29,,25,25,,"BIOE_LS, BLG_LS, BLGE_LS, CEV_LS, CEVE_LS, CHZ_LS, DEN_LS, ECNE_LS, EHB_LS, EHBE_LS, ELK_LS, ELKE_LS, END_LS, ENDE_LS, ENTE_LS, EUTE_LS, FIZ_LS, GEM_LS, GEO_LS, GEOE_LS, GID_LS, HTA_LS, HTAE_LS, IBM_LS, ICM_LS, INS_LS, INSE_LS, ISL_LS, ISLE_LS, JEF_LS, JEO_LS, KIM_LS, KMM_LS, KOM_LS, KOME_LS, MAD_LS, MAK_LS, MAT_LS, MET_LS, METE_LS, MIM_LS, MIME_LS, MTO_LS, PEME_LS, PETE_LS, ROS_LS, ROSE_LS, SAO_OL, SBP_LS, SBPE_LS, SECE_LS, TEKE_LS, UCK_LS, UZBE_LS, VBAE_LS, YZVE_LS",,
20302,ING 201A,ING,LS,Essentials of Res.Paper Writ.,,Duygu Özkan,MED,Perşembe,13:30/15:29,,25,25,,"BIOE_LS, BLG_LS, BLGE_LS, CEV_LS, CEVE_LS, CHZ_LS, DEN_LS, ECNE_LS, EHB_LS, EHBE_LS, ELK_LS, ELKE_LS, END_LS, ENDE_LS, ENTE_LS, EUTE_LS, FIZ_LS, GEM_LS, GEO_LS, GEOE_LS, GID_LS, HTA_LS, HTAE_LS, IBM_LS, ICM_LS, INS_LS, INSE_LS, ISL_LS, ISLE_LS, JEF_LS, JEO_LS, KIM_LS, KMM_LS, KOM_LS, KOME_LS, MAD_LS, MAK_LS, MAT_LS, MET_LS, METE_LS, MIM_LS, MIME_LS, MTO_LS, PEME_LS, PETE_LS, ROS_LS, ROSE_LS, SAO_OL, SBP_LS, SBPE_LS, SECE_LS, TEKE_LS, UCK_LS, UZBE_LS, VBAE_LS, YZVE_LS",,
20303,ING 201A,ING,LS,Essentials of Res.Paper Writ.,,Timothy George Eastlake Davis,MED,Cuma,08:30/10:29,,25,14,,"BIOE_LS, BLG_LS, BLGE_LS, CEV_LS, CEVE_LS, CHZ_LS, DEN_LS, ECNE_LS, EHB_LS, EHBE_LS, ELK_LS, ELKE_LS, END_LS, ENDE_LS, ENTE_LS, EUTE_LS, FIZ_LS, GEM_LS, GEO_LS, GEOE_LS, GID_LS, HTA_LS, HTAE_LS, IBM_LS, ICM_LS, INS_LS, INSE_LS, ISL_LS, ISLE_LS, JEF_LS, JEO_LS, KIM_LS, KMM_LS, KOM_LS, KOME_LS, MAD_LS, MAK_LS, MAT_LS, MET_LS, METE_LS, MIM_LS, MIME_LS, MTO_LS, PEME_LS, PETE_LS, ROS_LS, ROSE_LS, SAO_OL, SBP_LS, SBPE_LS, SECE_LS, TEKE_LS, UCK_LS, UZBE_LS, VBAE_LS, YZVE_LS",,
20304,ING 201A,ING,LS,Essentials of Res.Paper Writ.,,Fulya Kama Özelkan,MED,Cuma,08:30/10:29,,25,25,,"BIOE_LS, BLG_LS, BLGE_LS, CEV_LS, CEVE_LS, CHZ_LS, DEN_LS, ECNE_LS, EHB_LS, EHBE_LS, ELK_LS, ELKE_LS, END_LS, ENDE_LS, ENTE_LS, EUTE_LS, FIZ_LS, GEM_LS, GEO_LS, GEOE_LS, GID_LS, HTA_LS, HTAE_LS, IBM_LS, ICM_LS, INS_LS, INSE_LS, ISL_LS, ISLE_LS, JEF_LS, JEO_LS, KIM_LS, KMM_LS, KOM_LS, KOME_LS, MAD_LS, MAK_LS, MAT_LS, MET_LS, METE_LS, MIM_LS, MIME_LS, MTO_LS, PEME_LS, PETE_LS, ROS_LS, ROSE_LS, SAO_OL, SBP_LS, SBPE_LS, SECE_LS, TEKE_LS, UCK_LS, UZBE_LS, VBAE_LS, YZVE_LS",,
20305,ING 201A,ING,LS,Essentials of Res.Paper Writ.,,Canan Sağbilge,MED,Cuma,08:30/10:29,,25,25,,"BIOE_LS, BLG_LS, BLGE_LS, CEV_LS, CEVE_LS, CHZ_LS, DEN_LS, ECNE_LS, EHB_LS, EHBE_LS, ELK_LS, ELKE_LS, END_LS, ENDE_LS, ENTE_LS, EUTE_LS, FIZ_LS, GEM_LS, GEO_LS, GEOE_LS, GID_LS, HTA_LS, HTAE_LS, IBM_LS, ICM_LS, INS_LS, INSE_LS, ISL_LS, ISLE_LS, JEF_LS, JEO_LS, KIM_LS, KMM_LS, KOM_LS, KOME_LS, MAD_LS, MAK_LS, MAT_LS, MET_LS, METE_LS, MIM_LS, MIME_LS, MTO_LS, PEME_LS, PETE_LS, ROS_LS, ROSE_LS, SAO_OL, SBP_LS, SBPE_LS, SECE_LS, TEKE_LS, UCK_LS, UZBE_LS, VBAE_LS, YZVE_LS",,
20306,ING 201A,ING,LS,Essentials of Res.Paper Writ.,,Ayşe Zeynep Yılmaz,MED,Cuma,10:30/12:29,,25,25,,"BIOE_LS, BLG_LS, BLGE_LS, CEV_LS, CEVE_LS, CHZ_LS, DEN_LS, ECNE_LS, EHB_LS, EHBE_LS, ELK_LS, ELKE_LS, END_LS, ENDE_LS, ENTE_LS, EUTE_LS, FIZ_LS, GEM_LS, GEO_LS, GEOE_LS, GID_LS, HTA_LS, HTAE_LS, IBM_LS, ICM_LS, INS_LS, INSE_LS, ISL_LS, ISLE_LS, JEF_LS, JEO_LS, KIM_LS, KMM_LS, KOM_LS, KOME_LS, MAD_LS, MAK_LS, MAT_LS, MET_LS, METE_LS, MIM_LS, MIME_LS, MTO_LS, PEME_LS, PETE_LS, ROS_LS, ROSE_LS, SAO_OL, SBP_LS, SBPE_LS, SECE_LS, TEKE_LS, UCK_LS, UZBE_LS, VBAE_LS, YZVE_LS",,
20307,ING 201A,ING,LS,Essentials of Res.Paper Writ.,,Gürcan Öztürk,MED,Cuma,14:00/15:59,,25,23,,"BIOE_LS, BLG_LS, BLGE_LS, CEV_LS, CEVE_LS, CHZ_LS, DEN_LS, ECNE_LS, EHB_LS, EHBE_LS, ELK_LS, ELKE_LS, END_LS, ENDE_LS, ENTE_LS, EUTE_LS, FIZ_LS, GEM_LS, GEO_LS, GEOE_LS, GID_LS, HTA_LS, HTAE_LS, IBM_LS, ICM_LS, INS_LS, INSE_LS, ISL_LS, ISLE_LS, JEF_LS, JEO_LS, KIM_LS, KMM_LS, KOM_LS, KOME_LS, MAD_LS, MAK_LS, MAT_LS, MET_LS, METE_LS, MIM_LS, MIME_LS, MTO_LS, PEME_LS, PETE_LS, ROS_LS, ROSE_LS, SAO_OL, SBP_LS, SBPE_LS, SECE_LS, TEKE_LS, UCK_LS, UZBE_LS, VBAE_LS, YZVE_LS",,
20308,ING 201A,ING,LS,Essentials of Res.Paper Writ.,,Mehtap İpek Kurt,MED,Perşembe,13:30/15:29,,25,25,,"BIOE_LS, BLG_LS, BLGE_LS, CEV_LS, CEVE_LS, CHZ_LS, DEN_LS, ECNE_LS, EHB_LS, EHBE_LS, ELK_LS, ELKE_LS, END_LS, ENDE_LS, ENTE_LS, EUTE_LS, FIZ_LS, GEM_LS, GEO_LS, GEOE_LS, GID_LS, HTA_LS, HTAE_LS, IBM_LS, ICM_LS, INS_LS, INSE_LS, ISL_LS, ISLE_LS, JEF_LS, JEO_LS, KIM_LS, KMM_LS, KOM_LS, KOME_LS, MAD_LS, MAK_LS, MAT_LS, MET_LS, METE_LS, MIM_LS, MIME_LS, MTO_LS, PEME_LS, PETE_LS, ROS_LS, ROSE_LS, SAO_OL, SBP_LS, SBPE_LS, SECE_LS, TEKE_LS, UCK_LS, UZBE_LS, VBAE_LS, YZVE_LS",,
20309,ING 201A,ING,LS,Essentials of Res.Paper Writ.,,Esbıe Van Heerden Uensal,MED,Cuma,10:30/12:29,,25,14,,"BIOE_LS, BLG_LS, BLGE_LS, CEV_LS, CEVE_LS, CHZ_LS, DEN_LS, ECNE_LS, EHB_LS, EHBE_LS, ELK_LS, ELKE_LS, END_LS, ENDE_LS, ENTE_LS, EUTE_LS, FIZ_LS, GEM_LS, GEO_LS, GEOE_LS, GID_LS, HTA_LS, HTAE_LS, IBM_LS, ICM_LS, INS_LS, INSE_LS, ISL_LS, ISLE_LS, JEF_LS, JEO_LS, KIM_LS, KMM_LS, KOM_LS, KOME_LS, MAD_LS, MAK_LS, MAT_LS, MET_LS, METE_LS, MIM_LS, MIME_LS, MTO_LS, PEME_LS, PETE_LS, ROS_LS, ROSE_LS, SAO_OL, SBP_LS, SBPE_LS, SECE_LS, TEKE_LS, UCK_LS, UZBE_LS, VBAE_LS, YZVE_LS",,
20310,ING 201A,ING,LS,Essentials of Res.Paper Writ.,,Mehtap İpek Kurt,MED,Cuma,14:00/15:59,,25,24,,"BIOE_LS, BLG_LS, BLGE_LS, CEV_LS, CEVE_LS, CHZ_LS, DEN_LS, ECNE_LS, EHB_LS, EHBE_LS, ELK_LS, ELKE_LS, END_LS, ENDE_LS, ENTE_LS, EUTE_LS, FIZ_LS, GEM_LS, GEO_LS, GEOE_LS, GID_LS, HTA_LS, HTAE_LS, IBM_LS, ICM_LS, INS_LS, INSE_LS, ISL_LS, ISLE_LS, JEF_LS, JEO_LS, KIM_LS, KMM_LS, KOM_LS, KOME_LS, MAD_LS, MAK_LS, MAT_LS, MET_LS, METE_LS, MIM_LS, MIME_LS, MTO_LS, PEME_LS, PETE_LS, ROS_LS, ROSE_LS, SAO_OL, SBP_LS, SBPE_LS, SECE_LS, TEKE_LS, UCK_LS, UZBE_LS, VBAE_LS, YZVE_LS",,
20311,ING 201A,ING,LS,Essentials of Res.Paper Writ.,,Esbıe Van Heerden Uensal,MED,Cuma,14:00/15:59,,25,11,,"BIOE_LS, BLG_LS, BLGE_LS, CEV_LS, CEVE_LS, CHZ_LS, DEN_LS, ECNE_LS, EHB_LS, EHBE_LS, ELK_LS, ELKE_LS, END_LS, ENDE_LS, ENTE_LS, EUTE_LS, FIZ_LS, GEM_LS, GEO_LS, GEOE_LS, GID_LS, HTA_LS, HTAE_LS, IBM_LS, ICM_LS, INS_LS, INSE_LS, ISL_LS, ISLE_LS, JEF_LS, JEO_LS, KIM_LS, KMM_LS, KOM_LS, KOME_LS, MAD_LS, MAK_LS, MAT_LS, MET_LS, METE_LS, MIM_LS, MIME_LS, MTO_LS, PEME_LS, PETE_LS, ROS_LS, ROSE_LS, SAO_OL, SBP_LS, SBPE_LS, SECE_LS, TEKE_LS, UCK_LS, UZBE_LS, VBAE_LS, YZVE_LS",,
20312,ING 201A,ING,LS,Essentials of Res.Paper Writ.,,Özge Seçkin Polat,MED,Cuma,14:00/15:59,,25,23,,"BIOE_LS, BLG_LS, BLGE_LS, CEV_LS, CEVE_LS, CHZ_LS, DEN_LS, ECNE_LS, EHB_LS, EHBE_LS, ELK_LS, ELKE_LS, END_LS, ENDE_LS, ENTE_LS, EUTE_LS, FIZ_LS, GEM_LS, GEO_LS, GEOE_LS, GID_LS, HTA_LS, HTAE_LS, IBM_LS, ICM_LS, INS_LS, INSE_LS, ISL_LS, ISLE_LS, JEF_LS, JEO_LS, KIM_LS, KMM_LS, KOM_LS, KOME_LS, MAD_LS, MAK_LS, MAT_LS, MET_LS, METE_LS, MIM_LS, MIME_LS, MTO_LS, PEME_LS, PETE_LS, ROS_LS, ROSE_LS, SAO_OL, SBP_LS, SBPE_LS, SECE_LS, TEKE_LS, UCK_LS, UZBE_LS, VBAE_LS, YZVE_LS",,
20313,ING 201A,ING,LS,Essentials of Res.Paper Writ.,,Hatice Gülru Arslan,MED,Cuma,14:00/15:59,,25,25,,"BIOE_LS, BLG_LS, BLGE_LS, CEV_LS, CEVE_LS, CHZ_LS, DEN_LS, ECNE_LS, EHB_LS, EHBE_LS, ELK_LS, ELKE_LS, END_LS, ENDE_LS, ENTE_LS, EUTE_LS, FIZ_LS, GEM_LS, GEO_LS, GEOE_LS, GID_LS, HTA_LS, HTAE_LS, IBM_LS, ICM_LS, INS_LS, INSE_LS, ISL_LS, ISLE_LS, JEF_LS, JEO_LS, KIM_LS, KMM_LS, KOM_LS, KOME_LS, MAD_LS, MAK_LS, MAT_LS, MET_LS, METE_LS, MIM_LS, MIME_LS, MTO_LS, PEME_LS, PETE_LS, ROS_LS, ROSE_LS, SAO_OL, SBP_LS, SBPE_LS, SECE_LS, TEKE_LS, UCK_LS, UZBE_LS, VBAE_LS, YZVE_LS",,
20314,ING 201A,ING,LS,Essentials of Res.Paper Writ.,,Özlem Kurnaz,MED,Cuma,14:00/15:59,,25,25,,"BIOE_LS, BLG_LS, BLGE_LS, CEV_LS, CEVE_LS, CHZ_LS, DEN_LS, ECNE_LS, EHB_LS, EHBE_LS, ELK_LS, ELKE_LS, END_LS, ENDE_LS, ENTE_LS, EUTE_LS, FIZ_LS, GEM_LS, GEO_LS, GEOE_LS, GID_LS, HTA_LS, HTAE_LS, IBM_LS, ICM_LS, INS_LS, INSE_LS, ISL_LS, ISLE_LS, JEF_LS, JEO_LS, KIM_LS, KMM_LS, KOM_LS, KOME_LS, MAD_LS, MAK_LS, MAT_LS, MET_LS, METE_LS, MIM_LS, MIME_LS, MTO_LS, PEME_LS, PETE_LS, ROS_LS, ROSE_LS, SAO_OL, SBP_LS, SBPE_LS, SECE_LS, TEKE_LS, UCK_LS, UZBE_LS, VBAE_LS, YZVE_LS",,
20315,ING 101,ING,LS,English I,,-,MED,Perşembe,08:30/11:29,,0,0,,"BIO_LS, BIOE_LS, BLG_LS, BLGE_LS, CEV_LS, CEVE_LS, CHZ_LS, CHZE_LS, DEN_LS, DENE_LS, DUIE_LS, ECNE_LS, EHB_LS, EHBE_LS, EHN_LS, ELE_LS, ELH_LS, ELK_LS, ELKE_LS, END_LS, ENDE_LS, EUT_LS, EUTE_LS, FIZ_LS, FIZE_LS, GEM_LS, GEME_LS, GEMK_LS, GEO_LS, GEOE_LS, GID_LS, GIDE_LS, GMIE_LS, ICM_LS, IML_LS, IMLE_LS, INS_LS, INSE_LS, ISL_LS, ISLE_LS, JEF_LS, JEFE_LS, JEO_LS, JEOE_LS, KIM_LS, KIME_LS, KMM_LS, KMME_LS, KOM_LS, KOME_LS, MAD_LS, MADE_LS, MAK_LS, MAKE_LS, MAT_LS, MATE_LS, MET_LS, METE_LS, MIM_LS, MIME_LS, MTO_LS, MTOE_LS, MUZE_LS, PEM_LS, PEME_LS, PET_LS, PETE_LS, SBP_LS, SBPE_LS, TEK_LS, TEKE_LS, TEL_LS, UCK_LS, UZB_LS, UZBE_LS",,
20316,ING 102,ING,LS,English II,,Gamze Moran,MED,Perşembe,13:30/16:29,,25,7,,"BIO_LS, BIOE_LS, BLG_LS, BLGE_LS, CEV_LS, CEVE_LS, CHZ_LS, CHZE_LS, DEN_LS, DENE_LS, DUIE_LS, ECNE_LS, EHB_LS, EHBE_LS, EHN_LS, ELE_LS, ELH_LS, ELK_LS, ELKE_LS, END_LS, ENDE_LS, EUT_LS, EUTE_LS, FIZ_LS, FIZE_LS, GEM_LS, GEME_LS, GEMK_LS, GEO_LS, GEOE_LS, GID_LS, GIDE_LS, GMIE_LS, ICM_LS, IML_LS, IMLE_LS, INS_LS, INSE_LS, ISL_LS, ISLE_LS, JEF_LS, JEFE_LS, JEO_LS, JEOE_LS, KIM_LS, KIME_LS, KMM_LS, KMME_LS, KOM_LS, KOME_LS, MAD_LS, MADE_LS, MAK_LS, MAKE_LS, MAT_LS, MATE_LS, MET_LS, METE_LS, MIM_LS, MIME_LS, MTO_LS, MTOE_LS, MUZE_LS, PEM_LS, PEME_LS, PET_LS, PETE_LS, SBP_LS, SBPE_LS, TEK_LS, TEKE_LS, TEL_LS, UCK_LS, UZB_LS, UZBE_LS",,
20317,ING 103CO,ING,LS,Profess.Communic.for Engineers,,Fatma Betül Akpınar,MED,Pazartesi,08:30/11:29,,26,27,,"BIO_LS, BIOE_LS, BLG_LS, BLGE_LS, BST_LS, CAB_3T_LS, CAB_4T_LS, CAB_BG_LS, CAB_DL_LS, CAB_DS_LS, CAB_KA_LS, CAB_KE_LS, CAB_KL_LS, CAB_KM_LS, CAB_KO_LS, CAB_LS, CAB_ME_LS, CAB_NE_LS, CAB_TA_LS, CAB_TN_LS, CAB_UD_LS, CAB_VC_LS, CAB_VI_LS, CAB_VS_LS, CEB_LS, CEV_LS, CEVE_LS, CHZ_LS, CHZE_LS, DEN_LS, DENE_LS, DUI_LS, ECNE_LS, EHB_LS, EHBE_LS, ELE_LS, ELH_LS, ELK_LS, ELKE_LS, END_LS, ENDE_LS, ENTE_LS, EUT_LS, EUTE_LS, FIZ_LS, FIZE_LS, GEM_LS, GEME_LS, GEMK_LS, GEO_LS, GEOE_LS, GID_LS, GIDE_LS, GMI_LS, GMIE_LS, HTA_LS, HTAE_LS, IBM_LS, ICM_LS, IML_LS, IMLE_LS, INS_LS, INSE_LS, ISL_LS, ISLE_LS, JEF_LS, JEFE_LS, JEO_LS, JEOE_LS, KIM_LS, KIME_LS, KMM_LS, KMME_LS, KMP_LS, KOM_LS, KOME_LS, MAD_LS, MADE_LS, MAK_LS, MAKE_LS, MAT_LS, MATE_LS, MET_LS, METE_LS, MIM_LS, MIME_LS, MTO_LS, MTOE_LS, MTR_LS, MUT_LS, MUZ_LS, MUZE_LS, MZT_LS, PEM_LS, PEME_LS, PET_LS, PETE_LS, ROS_LS, ROSE_LS, SBP_LS, SBPE_LS, SECE_LS, SES_LS, SES_TH_LS, SES_TS_LS, TEB_LS, TEK_LS, TEKE_LS, TEL_LS, THO_LS, UCK_LS, UZB_LS, UZBE_LS, VBAE_LS, YZVE_LS",,
20318,ING 103CO,ING,LS,Profess.Communic.for Engineers,,Fatma Betül Akpınar,MED,Salı,08:30/11:29,,26,23,,"BIO_LS, BIOE_LS, BLG_LS, BLGE_LS, BST_LS, CAB_3T_LS, CAB_4T_LS, CAB_BG_LS, CAB_DL_LS, CAB_DS_LS, CAB_KA_LS, CAB_KE_LS, CAB_KL_LS, CAB_KM_LS, CAB_KO_LS, CAB_LS, CAB_ME_LS, CAB_NE_LS, CAB_TA_LS, CAB_TN_LS, CAB_UD_LS, CAB_VC_LS, CAB_VI_LS, CAB_VS_LS, CEB_LS, CEV_LS, CEVE_LS, CHZ_LS, CHZE_LS, DEN_LS, DENE_LS, DUI_LS, ECNE_LS, EHB_LS, EHBE_LS, ELE_LS, ELH_LS, ELK_LS, ELKE_LS, END_LS, ENDE_LS, ENTE_LS, EUT_LS, EUTE_LS, FIZ_LS, FIZE_LS, GEM_LS, GEME_LS, GEMK_LS, GEO_LS, GEOE_LS, GID_LS, GIDE_LS, GMI_LS, GMIE_LS, HTA_LS, HTAE_LS, IBM_LS, ICM_LS, IML_LS, IMLE_LS, INS_LS, INSE_LS, ISL_LS, ISLE_LS, JEF_LS, JEFE_LS, JEO_LS, JEOE_LS, KIM_LS, KIME_LS, KMM_LS, KMME_LS, KMP_LS, KOM_LS, KOME_LS, MAD_LS, MADE_LS, MAK_LS, MAKE_LS, MAT_LS, MATE_LS, MET_LS, METE_LS, MIM_LS, MIME_LS, MTO_LS, MTOE_LS, MTR_LS, MUT_LS, MUZ_LS, MUZE_LS, MZT_LS, PEM_LS, PEME_LS, PET_LS, PETE_LS, ROS_LS, ROSE_LS, SBP_LS, SBPE_LS, SECE_LS, SES_LS, SES_TH_LS, SES_TS_LS, TEB_LS, TEK_LS, TEKE_LS, TEL_LS, THO_LS, UCK_LS, UZB_LS, UZBE_LS, VBAE_LS, YZVE_LS",,
20321,ING 103H,ING,LS,Public Presentations,,Pelin Gökalp Yılmazer,MED,Salı,13:30/16:29,B37,26,25,,"BIO_LS, BIOE_LS, BLG_LS, BLGE_LS, CEV_LS, CEVE_LS, CHZ_LS, CHZE_LS, DEN_LS, DENE_LS, DUI_LS, DUIE_LS, ECNE_LS, EHB_LS, EHBE_LS, EHN_LS, ELE_LS, ELH_LS, ELK_LS, ELKE_LS, END_LS, ENDE_LS, ENTE_LS, EUT_LS, EUTE_LS, FIZ_LS, FIZE_LS, GEM_LS, GEME_LS, GEMK_LS, GEO_LS, GEOE_LS, GID_LS, GIDE_LS, GMIE_LS, HTA_LS, HTAE_LS, IBM_LS, ICM_LS, IML_LS, IMLE_LS, INS_LS, INSE_LS, ISL_LS, ISLE_LS, JEF_LS, JEFE_LS, JEO_LS, JEOE_LS, KIM_LS, KIME_LS, KMM_LS, KMME_LS, KOM_LS, KOME_LS, MAD_LS, MADE_LS, MAK_LS, MAKE_LS, MAT_LS, MATE_LS, MET_LS, METE_LS, MIM_LS, MIME_LS, MTO_LS, MTOE_LS, PEM_LS, PEME_LS, PET_LS, PETE_LS, ROS_LS, ROSE_LS, SBP_LS, SBPE_LS, SECE_LS, TEK_LS, TEKE_LS, TEL_LS, UCK_LS, UZB_LS, UZBE_LS, VBAE_LS, YZVE_LS",,
20322,ING 103I,ING,LS,Short Stories,,-,MED,Pazartesi,13:30/16:29,,0,0,,"BIO_LS, BIOE_LS, BLG_LS, BLGE_LS, CEV_LS, CEVE_LS, CHZ_LS, CHZE_LS, DEN_LS, DENE_LS, DUI_LS, DUIE_LS, ECNE_LS, EHB_LS, EHBE_LS, EHN_LS, ELE_LS, ELH_LS, ELK_LS, ELKE_LS, END_LS, ENDE_LS, ENTE_LS, EUT_LS, EUTE_LS, FIZ_LS, FIZE_LS, GEM_LS, GEME_LS, GEMK_LS, GEO_LS, GEOE_LS, GID_LS, GIDE_LS, GMIE_LS, HTA_LS, HTAE_LS, IBM_LS, ICM_LS, IML_LS, IMLE_LS, INS_LS, INSE_LS, ISL_LS, ISLE_LS, JEF_LS, JEFE_LS, JEO_LS, JEOE_LS, KIM_LS, KIME_LS, KMM_LS, KMME_LS, KOM_LS, KOME_LS, MAD_LS, MADE_LS, MAK_LS, MAKE_LS, MAT_LS, MATE_LS, MET_LS, METE_LS, MIM_LS, MIME_LS, MTO_LS, MTOE_LS, MUZE_LS, PEM_LS, PEME_LS, PET_LS, PETE_LS, ROS_LS, ROSE_LS, SBP_LS, SBPE_LS, SECE_LS, TEK_LS, TEKE_LS, TEL_LS, UCK_LS, UZB_LS, UZBE_LS, VBAE_LS, YZVE_LS",,
20323,ING 103I,ING,LS,Short Stories,,Yasemin Yılmaz Yüksek,MED,Cuma,08:30/11:29,B35,26,21,,"BIO_LS, BIOE_LS, BLG_LS, BLGE_LS, CEV_LS, CEVE_LS, CHZ_LS, CHZE_LS, DEN_LS, DENE_LS, DUI_LS, DUIE_LS, ECNE_LS, EHB_LS, EHBE_LS, EHN_LS, ELE_LS, ELH_LS, ELK_LS, ELKE_LS, END_LS, ENDE_LS, ENTE_LS, EUT_LS, EUTE_LS, FIZ_LS, FIZE_LS, GEM_LS, GEME_LS, GEMK_LS, GEO_LS, GEOE_LS, GID_LS, GIDE_LS, GMIE_LS, HTA_LS, HTAE_LS, IBM_LS, ICM_LS, IML_LS, IMLE_LS, INS_LS, INSE_LS, ISL_LS, ISLE_LS, JEF_LS, JEFE_LS, JEO_LS, JEOE_LS, KIM_LS, KIME_LS, KMM_LS, KMME_LS, KOM_LS, KOME_LS, MAD_LS, MADE_LS, MAK_LS, MAKE_LS, MAT_LS, MATE_LS, MET_LS, METE_LS, MIM_LS, MIME_LS, MTO_LS, MTOE_LS, MUZE_LS, PEM_LS, PEME_LS, PET_LS, PETE_LS, ROS_LS, ROSE_LS, SBP_LS, SBPE_LS, SECE_LS, TEK_LS, TEKE_LS, TEL_LS, UCK_LS, UZB_LS, UZBE_LS, VBAE_LS, YZVE_LS",,
20324,ING 106,ING,LS,English II,,Mevlüt Kahraman,DIB,Pazartesi,13:30/16:29,,30,7,,"BST_LS, CAB_3T_LS, CAB_4T_LS, CAB_BG_LS, CAB_DL_LS, CAB_DS_LS, CAB_KA_LS, CAB_KE_LS, CAB_KL_LS, CAB_KM_LS, CAB_KO_LS, CAB_LS, CAB_ME_LS, CAB_NE_LS, CAB_TA_LS, CAB_TN_LS, CAB_UD_LS, CAB_VC_LS, CAB_VI_LS, CAB_VS_LS, CEB_LS, KMP_LS, MTR_LS, MUT_LS, MUZ_LS, MUZE_LS, MZT_LS, SES_LS, SES_TH_LS, SES_TS_LS, THO_LS",,
20325,ING 106,ING,LS,English II,,İsmail Akyıldız,DIB,Salı,08:30/11:29,,30,30,,"BST_LS, CAB_3T_LS, CAB_4T_LS, CAB_BG_LS, CAB_DL_LS, CAB_DS_LS, CAB_KA_LS, CAB_KE_LS, CAB_KL_LS, CAB_KM_LS, CAB_KO_LS, CAB_LS, CAB_ME_LS, CAB_NE_LS, CAB_TA_LS, CAB_TN_LS, CAB_UD_LS, CAB_VC_LS, CAB_VI_LS, CAB_VS_LS, CEB_LS, KMP_LS, MTR_LS, MUT_LS, MUZ_LS, MUZE_LS, MZT_LS, SES_LS, SES_TH_LS, SES_TS_LS, THO_LS",,
20326,ING 106,ING,LS,English II,,Mevlüt Kahraman,DIB,Perşembe,13:30/16:29,,30,23,,"BST_LS, CAB_3T_LS, CAB_4T_LS, CAB_BG_LS, CAB_DL_LS, CAB_DS_LS, CAB_KA_LS, CAB_KE_LS, CAB_KL_LS, CAB_KM_LS, CAB_KO_LS, CAB_LS, CAB_ME_LS, CAB_NE_LS, CAB_TA_LS, CAB_TN_LS, CAB_UD_LS, CAB_VC_LS, CAB_VI_LS, CAB_VS_LS, CEB_LS, KMP_LS, MTR_LS, MUT_LS, MUZ_LS, MUZE_LS, MZT_LS, SES_LS, SES_TH_LS, SES_TS_LS, THO_LS",,
20327,ING 106,ING,LS,English II,,İsmail Akyıldız,DIB,Cuma,08:30/11:29,,30,29,,"BST_LS, CAB_3T_LS, CAB_4T_LS, CAB_BG_LS, CAB_DL_LS, CAB_DS_LS, CAB_KA_LS, CAB_KE_LS, CAB_KL_LS, CAB_KM_LS, CAB_KO_LS, CAB_LS, CAB_ME_LS, CAB_NE_LS, CAB_TA_LS, CAB_TN_LS, CAB_UD_LS, CAB_VC_LS, CAB_VI_LS, CAB_VS_LS, CEB_LS, KMP_LS, MTR_LS, MUT_LS, MUZ_LS, MUZE_LS, MZT_LS, SES_LS, SES_TH_LS, SES_TS_LS, THO_LS",,
20328,ING 206,ING,LS,English IV,,İsmail Akyıldız,DIB,Pazartesi,08:30/11:29,,30,18,,"BST_LS, CAB_3T_LS, CAB_4T_LS, CAB_BG_LS, CAB_DL_LS, CAB_DS_LS, CAB_KA_LS, CAB_KE_LS, CAB_KL_LS, CAB_KM_LS, CAB_KO_LS, CAB_LS, CAB_ME_LS, CAB_NE_LS, CAB_TA_LS, CAB_TN_LS, CAB_UD_LS, CAB_VC_LS, CAB_VI_LS, CAB_VS_LS, CEB_LS, KMP_LS, MTR_LS, MUT_LS, MUZ_LS, MUZE_LS, MZT_LS, SES_LS, SES_TH_LS, SES_TS_LS, THO_LS",,
20329,ING 206,ING,LS,English IV,,İsmail Akyıldız,DIB,Perşembe,13:30/16:29,,30,27,,"BST_LS, CAB_3T_LS, CAB_4T_LS, CAB_BG_LS, CAB_DL_LS, CAB_DS_LS, CAB_KA_LS, CAB_KE_LS, CAB_KL_LS, CAB_KM_LS, CAB_KO_LS, CAB_LS, CAB_ME_LS, CAB_NE_LS, CAB_TA_LS, CAB_TN_LS, CAB_UD_LS, CAB_VC_LS, CAB_VI_LS, CAB_VS_LS, CEB_LS, KMP_LS, MTR_LS, MUT_LS, MUZ_LS, MUZE_LS, MZT_LS, SES_LS, SES_TH_LS, SES_TS_LS, THO_LS",,
20330,ING 206,ING,LS,English IV,,Mevlüt Kahraman,DIB,Salı,13:30/16:29,,30,7,,"BST_LS, CAB_3T_LS, CAB_4T_LS, CAB_BG_LS, CAB_DL_LS, CAB_DS_LS, CAB_KA_LS, CAB_KE_LS, CAB_KL_LS, CAB_KM_LS, CAB_KO_LS, CAB_LS, CAB_ME_LS, CAB_NE_LS, CAB_TA_LS, CAB_TN_LS, CAB_UD_LS, CAB_VC_LS, CAB_VI_LS, CAB_VS_LS, CEB_LS, KMP_LS, MTR_LS, MUT_LS, MUZ_LS, MUZE_LS, MZT_LS, SES_LS, SES_TH_LS, SES_TS_LS, THO_LS",,
20331,ING 206,ING,LS,English IV,,Mevlüt Kahraman,DIB,Perşembe,08:30/11:29,,30,15,,"BST_LS, CAB_3T_LS, CAB_4T_LS, CAB_BG_LS, CAB_DL_LS, CAB_DS_LS, CAB_KA_LS, CAB_KE_LS, CAB_KL_LS, CAB_KM_LS, CAB_KO_LS, CAB_LS, CAB_ME_LS, CAB_NE_LS, CAB_TA_LS, CAB_TN_LS, CAB_UD_LS, CAB_VC_LS, CAB_VI_LS, CAB_VS_LS, CEB_LS, KMP_LS, MTR_LS, MUT_LS, MUZ_LS, MUZE_LS, MZT_LS, SES_LS, SES_TH_LS, SES_TS_LS, THO_LS",,
20349,TUR 101,TUR,LS,Türk Dili I,,Cemile Rümeysa Mehanı,MED,Cuma,10:30/12:29,,40,12,,"AIN_LS, EHN_LS, MBI_LS, SBL_LS, SCE_LS, SDU_LS, SED_LS, SEK_LS, SEN_LS, SGI_LS, SGM_LS, SIN_LS, SIS_LS, SMT_LS, STP_LS",,
20350,TUR 102,TUR,LS,Türk Dili II,,Abdullah Esen,MED,Salı,11:30/13:29,,40,43,,"AIN_LS, EHN_LS, MBI_LS, SBL_LS, SCE_LS, SDU_LS, SED_LS, SEK_LS, SEN_LS, SGI_LS, SGM_LS, SIN_LS, SIS_LS, SMT_LS, STP_LS",,
20351,TUR 102,TUR,LS,Türk Dili II,,Özlem Kara,MED,Salı,11:30/13:29,,40,41,,"AIN_LS, EHN_LS, MBI_LS, SBL_LS, SCE_LS, SDU_LS, SED_LS, SEK_LS, SEN_LS, SGI_LS, SGM_LS, SIN_LS, SIS_LS, SMT_LS, STP_LS",,
20352,TUR 102,TUR,LS,Türk Dili II,,İnci Pamuk,MED,Salı,11:30/13:29,,40,41,,"AIN_LS, EHN_LS, MBI_LS, SBL_LS, SCE_LS, SDU_LS, SED_LS, SEK_LS, SEN_LS, SGI_LS, SGM_LS, SIN_LS, SIS_LS, SMT_LS, STP_LS",,
20353,TUR 102,TUR,LS,Türk Dili II,,Gülsün Nakıboğlu,MED,Salı,11:30/13:29,,40,40,,"AIN_LS, EHN_LS, MBI_LS, SBL_LS, SCE_LS, SDU_LS, SED_LS, SEK_LS, SEN_LS, SGI_LS, SGM_LS, SIN_LS, SIS_LS, SMT_LS, STP_LS",,
20354,TUR 102,TUR,LS,Türk Dili II,,-,MED,Salı,11:30/13:29,,0,0,,"AIN_LS, EHN_LS, MBI_LS, SBL_LS, SCE_LS, SDU_LS, SED_LS, SEK_LS, SEN_LS, SGI_LS, SGM_LS, SIN_LS, SIS_LS, SMT_LS, STP_LS",,
20355,TUR 111,TUR,LS,Yabancı Öğr. İçin Türk Dili I,,İnci Pamuk,EEB,Çarşamba,13:30/15:29,,0,31,,"BIO_LS, BIOE_LS, BLG_LS, BLGE_LS, BST_LS, CAB_3T_LS, CAB_4T_LS, CAB_BG_LS, CAB_DL_LS, CAB_DS_LS, CAB_KA_LS, CAB_KE_LS, CAB_KL_LS, CAB_KM_LS, CAB_KO_LS, CAB_LS, CAB_ME_LS, CAB_NE_LS, CAB_TA_LS, CAB_TN_LS, CAB_UD_LS, CAB_VC_LS, CAB_VI_LS, CAB_VS_LS, CEB_LS, CEV_LS, CEVE_LS, CHZ_LS, CHZE_LS, DEN_LS, DENE_LS, ECNE_LS, EHB_LS, EHBE_LS, EHN_LS, ELE_LS, ELH_LS, ELK_LS, ELKE_LS, END_LS, ENDE_LS, ENTE_LS, ESS_LS, EUT_LS, EUTE_LS, FIZ_LS, FIZE_LS, GEM_LS, GEME_LS, GEMK_LS, GEO_LS, GEOE_LS, GID_LS, GIDE_LS, HTA_LS, HTAE_LS, IBM_LS, ICM_LS, IML_LS, IMLE_LS, INS_LS, INSE_LS, ISL_LS, ISLE_LS, JEF_LS, JEFE_LS, JEO_LS, JEOE_LS, KIM_LS, KIME_LS, KMM_LS, KMME_LS, KMP_LS, KOM_LS, KOME_LS, MAD_LS, MADE_LS, MAK_LS, MAKE_LS, MAT_LS, MATE_LS, MBI_LS, MET_LS, METE_LS, MIM_LS, MIME_LS, MTO_LS, MTOE_LS, MTR_LS, MUT_LS, MUZ_LS, MUZE_LS, MZT_LS, PEM_LS, PEME_LS, PET_LS, PETE_LS, ROS_LS, ROSE_LS, SBL_LS, SBP_LS, SBPE_LS, SCE_LS, SDU_LS, SECE_LS, SEK_LS, SEN_LS, SES_LS, SES_TH_LS, SES_TS_LS, SGM_LS, SIN_LS, SIS_LS, SMT_LS, STP_LS, TEK_LS, TEKE_LS, TEL_LS, THO_LS, UCK_LS, UZB_LS, UZBE_LS, VBAE_LS, YZVE_LS",,
20356,TUR 111,TUR,LS,Yabancı Öğr. İçin Türk Dili I,,Hasan Ulucutsoy,MED,Cuma,10:30/12:29,,0,39,,"BIO_LS, BIOE_LS, BLG_LS, BLGE_LS, BST_LS, CAB_3T_LS, CAB_4T_LS, CAB_BG_LS, CAB_DL_LS, CAB_DS_LS, CAB_KA_LS, CAB_KE_LS, CAB_KL_LS, CAB_KM_LS, CAB_KO_LS, CAB_LS, CAB_ME_LS, CAB_NE_LS, CAB_TA_LS, CAB_TN_LS, CAB_UD_LS, CAB_VC_LS, CAB_VI_LS, CAB_VS_LS, CEB_LS, CEV_LS, CEVE_LS, CHZ_LS, CHZE_LS, DEN_LS, DENE_LS, ECNE_LS, EHB_LS, EHBE_LS, EHN_LS, ELE_LS, ELH_LS, ELK_LS, ELKE_LS, END_LS, ENDE_LS, ENTE_LS, ESS_LS, EUT_LS, EUTE_LS, FIZ_LS, FIZE_LS, GEM_LS, GEME_LS, GEMK_LS, GEO_LS, GEOE_LS, GID_LS, GIDE_LS, HTA_LS, HTAE_LS, IBM_LS, ICM_LS, IML_LS, IMLE_LS, INS_LS, INSE_LS, ISL_LS, ISLE_LS, JEF_LS, JEFE_LS, JEO_LS, JEOE_LS, KIM_LS, KIME_LS, KMM_LS, KMME_LS, KMP_LS, KOM_LS, KOME_LS, MAD_LS, MADE_LS, MAK_LS, MAKE_LS, MAT_LS, MATE_LS, MBI_LS, MET_LS, METE_LS, MIM_LS, MIME_LS, MTO_LS, MTOE_LS, MTR_LS, MUT_LS, MUZ_LS, MUZE_LS, MZT_LS, PEM_LS, PEME_LS, PET_LS, PETE_LS, ROS_LS, ROSE_LS, SBL_LS, SBP_LS, SBPE_LS, SCE_LS, SDU_LS, SECE_LS, SEK_LS, SEN_LS, SES_LS, SES_TH_LS, SES_TS_LS, SGM_LS, SIN_LS, SIS_LS, SMT_LS, STP_LS, TEK_LS, TEKE_LS, TEL_LS, THO_LS, UCK_LS, UZB_LS, UZBE_LS, VBAE_LS, YZVE_LS",,
20357,TUR 112,TUR,LS,Yabancı Öğr. İçin Türk Dili II,,Miraç Erten,MED,Salı,13:30/15:29,,0,22,,"BIO_LS, BIOE_LS, BLG_LS, BLGE_LS, BST_LS, CAB_3T_LS, CAB_4T_LS, CAB_BG_LS, CAB_DL_LS, CAB_DS_LS, CAB_KA_LS, CAB_KE_LS, CAB_KL_LS, CAB_KM_LS, CAB_KO_LS, CAB_LS, CAB_ME_LS, CAB_NE_LS, CAB_TA_LS, CAB_TN_LS, CAB_UD_LS, CAB_VC_LS, CAB_VI_LS, CAB_VS_LS, CEB_LS, CEV_LS, CEVE_LS, CHZ_LS, CHZE_LS, DEN_LS, DENE_LS, ECNE_LS, EHB_LS, EHBE_LS, EHN_LS, ELE_LS, ELH_LS, ELK_LS, ELKE_LS, END_LS, ENDE_LS, ENTE_LS, ESS_LS, EUT_LS, EUTE_LS, FIZ_LS, FIZE_LS, GEM_LS, GEME_LS, GEMK_LS, GEO_LS, GEOE_LS, GID_LS, GIDE_LS, HTA_LS, HTAE_LS, IBM_LS, ICM_LS, IML_LS, IMLE_LS, INS_LS, INSE_LS, ISL_LS, ISLE_LS, JEF_LS, JEFE_LS, JEO_LS, JEOE_LS, KIM_LS, KIME_LS, KMM_LS, KMME_LS, KMP_LS, KOM_LS, KOME_LS, MAD_LS, MADE_LS, MAK_LS, MAKE_LS, MAT_LS, MATE_LS, MBI_LS, MET_LS, METE_LS, MIM_LS, MIME_LS, MTO_LS, MTOE_LS, MTR_LS, MUT_LS, MUZ_LS, MUZE_LS, MZT_LS, PEM_LS, PEME_LS, PET_LS, PETE_LS, ROS_LS, ROSE_LS, SBL_LS, SBP_LS, SBPE_LS, SCE_LS, SDU_LS, SECE_LS, SEK_LS, SEN_LS, SES_LS, SES_TH_LS, SES_TS_LS, SGM_LS, SIN_LS, SIS_LS, SMT_LS, STP_LS, TEK_LS, TEKE_LS, TEL_LS, THO_LS, UCK_LS, UZB_LS, UZBE_LS, VBAE_LS, YZVE_LS",,
20358,TUR 112,TUR,LS,Yabancı Öğr. İçin Türk Dili II,,Cemile Rümeysa Mehanı,MED,Cuma,14:00/15:59,,0,41,,"BIO_LS, BIOE_LS, BLG_LS, BLGE_LS, BST_LS, CAB_3T_LS, CAB_4T_LS, CAB_BG_LS, CAB_DL_LS, CAB_DS_LS, CAB_KA_LS, CAB_KE_LS, CAB_KL_LS, CAB_KM_LS, CAB_KO_LS, CAB_LS, CAB_ME_LS, CAB_NE_LS, CAB_TA_LS, CAB_TN_LS, CAB_UD_LS, CAB_VC_LS, CAB_VI_LS, CAB_VS_LS, CEB_LS, CEV_LS, CEVE_LS, CHZ_LS, CHZE_LS, DEN_LS, DENE_LS, ECNE_LS, EHB_LS, EHBE_LS, EHN_LS, ELE_LS, ELH_LS, ELK_LS, ELKE_LS, END_LS, ENDE_LS, ENTE_LS, ESS_LS, EUT_LS, EUTE_LS, FIZ_LS, FIZE_LS, GEM_LS, GEME_LS, GEMK_LS, GEO_LS, GEOE_LS, GID_LS, GIDE_LS, HTA_LS, HTAE_LS, IBM_LS, ICM_LS, IML_LS, IMLE_LS, INS_LS, INSE_LS, ISL_LS, ISLE_LS, JEF_LS, JEFE_LS, JEO_LS, JEOE_LS, KIM_LS, KIME_LS, KMM_LS, KMME_LS, KMP_LS, KOM_LS, KOME_LS, MAD_LS, MADE_LS, MAK_LS, MAKE_LS, MAT_LS, MATE_LS, MBI_LS, MET_LS, METE_LS, MIM_LS, MIME_LS, MTO_LS, MTOE_LS, MTR_LS, MUT_LS, MUZ_LS, MUZE_LS, MZT_LS, PEM_LS, PEME_LS, PET_LS, PETE_LS, ROS_LS, ROSE_LS, SBL_LS, SBP_LS, SBPE_LS, SCE_LS, SDU_LS, SECE_LS, SEK_LS, SEN_LS, SES_LS, SES_TH_LS, SES_TS_LS, SGM_LS, SIN_LS, SIS_LS, SMT_LS, STP_LS, TEK_LS, TEKE_LS, TEL_LS, THO_LS, UCK_LS, UZB_LS, UZBE_LS, VBAE_LS, YZVE_LS",,
20360,TUR 121,TUR,LS,Türk Dili I,,Hamide Aliyazıcıoğlu,MED,Salı,13:30/15:29,,70,73,,"ARC_LS, BIO_LS, BIOE_LS, BLG_LS, BLGE_LS, BST_LS, CAB_3T_LS, CAB_4T_LS, CAB_BG_LS, CAB_DL_LS, CAB_DS_LS, CAB_KA_LS, CAB_KE_LS, CAB_KL_LS, CAB_KM_LS, CAB_KO_LS, CAB_LS, CAB_ME_LS, CAB_NE_LS, CAB_TA_LS, CAB_TN_LS, CAB_UD_LS, CAB_VC_LS, CAB_VI_LS, CAB_VS_LS, CEB_LS, CEN_LS, CEV_LS, CEVE_LS, CHZ_LS, CHZE_LS, DEN_LS, DENE_LS, ECNE_LS, EEE_LS, EFN_LS, EHB_LS, EHBE_LS, ELE_LS, ELH_LS, ELK_LS, ELKE_LS, END_LS, ENDE_LS, ENTE_LS, ESS_LS, EUT_LS, EUTE_LS, FIZ_LS, FIZE_LS, GEM_LS, GEME_LS, GEMK_LS, GEO_LS, GEOE_LS, GID_LS, GIDE_LS, HTA_LS, HTAE_LS, IAD_LS, IBM_LS, ICM_LS, IML_LS, IMLE_LS, IND_LS, INS_LS, INSE_LS, ISL_LS, ISLE_LS, JEF_LS, JEFE_LS, JEO_LS, JEOE_LS, KIM_LS, KIME_LS, KMM_LS, KMME_LS, KMP_LS, KOM_LS, KOME_LS, MAD_LS, MADE_LS, MAK_LS, MAKE_LS, MAT_LS, MATE_LS, MET_LS, METE_LS, MIM_LS, MIME_LS, MMD_LS, MTO_LS, MTOE_LS, MTR_LS, MUT_LS, MUZ_LS, MUZE_LS, MZT_LS, NAE_LS, PEM_LS, PEME_LS, PET_LS, PETE_LS, ROS_LS, ROSE_LS, SAO_OL, SBP_LS, SBPE_LS, SECE_LS, SES_LS, SES_TH_LS, SES_TS_LS, STP_LS, TEK_LS, TEKE_LS, TEL_LS, THO_LS, UCK_LS, UZB_LS, UZBE_LS, VBAE_LS, YZVE_LS",,
20362,TUR 121,TUR,LS,Türk Dili I,,Hamide Aliyazıcıoğlu,MED,Salı,15:30/17:29,,70,73,,"ARC_LS, BIO_LS, BIOE_LS, BLG_LS, BLGE_LS, BST_LS, CAB_3T_LS, CAB_4T_LS, CAB_BG_LS, CAB_DL_LS, CAB_DS_LS, CAB_KA_LS, CAB_KE_LS, CAB_KL_LS, CAB_KM_LS, CAB_KO_LS, CAB_LS, CAB_ME_LS, CAB_NE_LS, CAB_TA_LS, CAB_TN_LS, CAB_UD_LS, CAB_VC_LS, CAB_VI_LS, CAB_VS_LS, CEB_LS, CEN_LS, CEV_LS, CEVE_LS, CHZ_LS, CHZE_LS, DEN_LS, DENE_LS, ECNE_LS, EEE_LS, EFN_LS, EHB_LS, EHBE_LS, ELE_LS, ELH_LS, ELK_LS, ELKE_LS, END_LS, ENDE_LS, ENTE_LS, ESS_LS, EUT_LS, EUTE_LS, FIZ_LS, FIZE_LS, GEM_LS, GEME_LS, GEMK_LS, GEO_LS, GEOE_LS, GID_LS, GIDE_LS, HTA_LS, HTAE_LS, IAD_LS, IBM_LS, ICM_LS, IML_LS, IMLE_LS, IND_LS, INS_LS, INSE_LS, ISL_LS, ISLE_LS, JEF_LS, JEFE_LS, JEO_LS, JEOE_LS, KIM_LS, KIME_LS, KMM_LS, KMME_LS, KMP_LS, KOM_LS, KOME_LS, MAD_LS, MADE_LS, MAK_LS, MAKE_LS, MAT_LS, MATE_LS, MET_LS, METE_LS, MIM_LS, MIME_LS, MMD_LS, MTO_LS, MTOE_LS, MTR_LS, MUT_LS, MUZ_LS, MUZE_LS, MZT_LS, NAE_LS, PEM_LS, PEME_LS, PET_LS, PETE_LS, ROS_LS, ROSE_LS, SAO_OL, SBP_LS, SBPE_LS, SECE_LS, SES_LS, SES_TH_LS, SES_TS_LS, STP_LS, TEK_LS, TEKE_LS, TEL_LS, THO_LS, UCK_LS, UZB_LS, UZBE_LS, VBAE_LS, YZVE_LS",,
20363,TUR 121,TUR,LS,Türk Dili I,,Ahmet Alkan,EEB,Cuma,16:00/17:59,1301,70,62,,"ARC_LS, BIO_LS, BIOE_LS, BLG_LS, BLGE_LS, BST_LS, CAB_3T_LS, CAB_4T_LS, CAB_BG_LS, CAB_DL_LS, CAB_DS_LS, CAB_KA_LS, CAB_KE_LS, CAB_KL_LS, CAB_KM_LS, CAB_KO_LS, CAB_LS, CAB_ME_LS, CAB_NE_LS, CAB_TA_LS, CAB_TN_LS, CAB_UD_LS, CAB_VC_LS, CAB_VI_LS, CAB_VS_LS, CEB_LS, CEN_LS, CEV_LS, CEVE_LS, CHZ_LS, CHZE_LS, DEN_LS, DENE_LS, ECNE_LS, EEE_LS, EFN_LS, EHB_LS, EHBE_LS, ELE_LS, ELH_LS, ELK_LS, ELKE_LS, END_LS, ENDE_LS, ENTE_LS, ESS_LS, EUT_LS, EUTE_LS, FIZ_LS, FIZE_LS, GEM_LS, GEME_LS, GEMK_LS, GEO_LS, GEOE_LS, GID_LS, GIDE_LS, HTA_LS, HTAE_LS, IAD_LS, IBM_LS, ICM_LS, IML_LS, IMLE_LS, IND_LS, INS_LS, INSE_LS, ISL_LS, ISLE_LS, JEF_LS, JEFE_LS, JEO_LS, JEOE_LS, KIM_LS, KIME_LS, KMM_LS, KMME_LS, KMP_LS, KOM_LS, KOME_LS, MAD_LS, MADE_LS, MAK_LS, MAKE_LS, MAT_LS, MATE_LS, MET_LS, METE_LS, MIM_LS, MIME_LS, MMD_LS, MTO_LS, MTOE_LS, MTR_LS, MUT_LS, MUZ_LS, MUZE_LS, MZT_LS, NAE_LS, PEM_LS, PEME_LS, PET_LS, PETE_LS, ROS_LS, ROSE_LS, SAO_OL, SBP_LS, SBPE_LS, SECE_LS, SES_LS, SES_TH_LS, SES_TS_LS, STP_LS, TEK_LS, TEKE_LS, TEL_LS, THO_LS, UCK_LS, UZB_LS, UZBE_LS, VBAE_LS, YZVE_LS",,
20365,TUR 121,TUR,LS,Türk Dili I,,Timur Aydın,INB,Perşembe,13:30/15:29,A105,70,70,,"ARC_LS, BIO_LS, BIOE_LS, BLG_LS, BLGE_LS, BST_LS, CAB_3T_LS, CAB_4T_LS, CAB_BG_LS, CAB_DL_LS, CAB_DS_LS, CAB_KA_LS, CAB_KE_LS, CAB_KL_LS, CAB_KM_LS, CAB_KO_LS, CAB_LS, CAB_ME_LS, CAB_NE_LS, CAB_TA_LS, CAB_TN_LS, CAB_UD_LS, CAB_VC_LS, CAB_VI_LS, CAB_VS_LS, CEB_LS, CEN_LS, CEV_LS, CEVE_LS, CHZ_LS, CHZE_LS, DEN_LS, DENE_LS, ECNE_LS, EEE_LS, EFN_LS, EHB_LS, EHBE_LS, ELE_LS, ELH_LS, ELK_LS, ELKE_LS, END_LS, ENDE_LS, ENTE_LS, ESS_LS, EUT_LS, EUTE_LS, FIZ_LS, FIZE_LS, GEM_LS, GEME_LS, GEMK_LS, GEO_LS, GEOE_LS, GID_LS, GIDE_LS, HTA_LS, HTAE_LS, IAD_LS, IBM_LS, ICM_LS, IML_LS, IMLE_LS, IND_LS, INS_LS, INSE_LS, ISL_LS, ISLE_LS, JEF_LS, JEFE_LS, JEO_LS, JEOE_LS, KIM_LS, KIME_LS, KMM_LS, KMME_LS, KMP_LS, KOM_LS, KOME_LS, MAD_LS, MADE_LS, MAK_LS, MAKE_LS, MAT_LS, MATE_LS, MET_LS, METE_LS, MIM_LS, MIME_LS, MMD_LS, MTO_LS, MTOE_LS, MTR_LS, MUT_LS, MUZ_LS, MUZE_LS, MZT_LS, NAE_LS, PEM_LS, PEME_LS, PET_LS, PETE_LS, ROS_LS, ROSE_LS, SAO_OL, SBP_LS, SBPE_LS, SECE_LS, SES_LS, SES_TH_LS, SES_TS_LS, STP_LS, TEK_LS, TEKE_LS, TEL_LS, THO_LS, UCK_LS, UZB_LS, UZBE_LS, VBAE_LS, YZVE_LS",,
20367,TUR 121,TUR,LS,Türk Dili I,,Timur Aydın,INB,Perşembe,15:30/17:29,A105,70,69,,"ARC_LS, BIO_LS, BIOE_LS, BLG_LS, BLGE_LS, BST_LS, CAB_3T_LS, CAB_4T_LS, CAB_BG_LS, CAB_DL_LS, CAB_DS_LS, CAB_KA_LS, CAB_KE_LS, CAB_KL_LS, CAB_KM_LS, CAB_KO_LS, CAB_LS, CAB_ME_LS, CAB_NE_LS, CAB_TA_LS, CAB_TN_LS, CAB_UD_LS, CAB_VC_LS, CAB_VI_LS, CAB_VS_LS, CEB_LS, CEN_LS, CEV_LS, CEVE_LS, CHZ_LS, CHZE_LS, DEN_LS, DENE_LS, ECNE_LS, EEE_LS, EFN_LS, EHB_LS, EHBE_LS, ELE_LS, ELH_LS, ELK_LS, ELKE_LS, END_LS, ENDE_LS, ENTE_LS, ESS_LS, EUT_LS, EUTE_LS, FIZ_LS, FIZE_LS, GEM_LS, GEME_LS, GEMK_LS, GEO_LS, GEOE_LS, GID_LS, GIDE_LS, HTA_LS, HTAE_LS, IAD_LS, IBM_LS, ICM_LS, IML_LS, IMLE_LS, IND_LS, INS_LS, INSE_LS, ISL_LS, ISLE_LS, JEF_LS, JEFE_LS, JEO_LS, JEOE_LS, KIM_LS, KIME_LS, KMM_LS, KMME_LS, KMP_LS, KOM_LS, KOME_LS, MAD_LS, MADE_LS, MAK_LS, MAKE_LS, MAT_LS, MATE_LS, MET_LS, METE_LS, MIM_LS, MIME_LS, MMD_LS, MTO_LS, MTOE_LS, MTR_LS, MUT_LS, MUZ_LS, MUZE_LS, MZT_LS, NAE_LS, PEM_LS, PEME_LS, PET_LS, PETE_LS, ROS_LS, ROSE_LS, SAO_OL, SBP_LS, SBPE_LS, SECE_LS, SES_LS, SES_TH_LS, SES_TS_LS, STP_LS, TEK_LS, TEKE_LS, TEL_LS, THO_LS, UCK_LS, UZB_LS, UZBE_LS, VBAE_LS, YZVE_LS",,
20369,TUR 121,TUR,LS,Türk Dili I,,-,,,-/-,,0,0,,"ARC_LS, BIO_LS, BIOE_LS, BLG_LS, BLGE_LS, BST_LS, CAB_3T_LS, CAB_4T_LS, CAB_BG_LS, CAB_DL_LS, CAB_DS_LS, CAB_KA_LS, CAB_KE_LS, CAB_KL_LS, CAB_KM_LS, CAB_KO_LS, CAB_LS, CAB_ME_LS, CAB_NE_LS, CAB_TA_LS, CAB_TN_LS, CAB_UD_LS, CAB_VC_LS, CAB_VI_LS, CAB_VS_LS, CEB_LS, CEN_LS, CEV_LS, CEVE_LS, CHZ_LS, CHZE_LS, DEN_LS, DENE_LS, ECNE_LS, EEE_LS, EFN_LS, EHB_LS, EHBE_LS, ELE_LS, ELH_LS, ELK_LS, ELKE_LS, END_LS, ENDE_LS, ENTE_LS, ESS_LS, EUT_LS, EUTE_LS, FIZ_LS, FIZE_LS, GEM_LS, GEME_LS, GEMK_LS, GEO_LS, GEOE_LS, GID_LS, GIDE_LS, HTA_LS, HTAE_LS, IAD_LS, IBM_LS, ICM_LS, IML_LS, IMLE_LS, IND_LS, INS_LS, INSE_LS, ISL_LS, ISLE_LS, JEF_LS, JEFE_LS, JEO_LS, JEOE_LS, KIM_LS, KIME_LS, KMM_LS, KMME_LS, KMP_LS, KOM_LS, KOME_LS, MAD_LS, MADE_LS, MAK_LS, MAKE_LS, MAT_LS, MATE_LS, MET_LS, METE_LS, MIM_LS, MIME_LS, MMD_LS, MTO_LS, MTOE_LS, MTR_LS, MUT_LS, MUZ_LS, MUZE_LS, MZT_LS, NAE_LS, PEM_LS, PEME_LS, PET_LS, PETE_LS, ROS_LS, ROSE_LS, SAO_OL, SBP_LS, SBPE_LS, SECE_LS, SES_LS, SES_TH_LS, SES_TS_LS, STP_LS, TEK_LS, TEKE_LS, TEL_LS, THO_LS, UCK_LS, UZB_LS, UZBE_LS, VBAE_LS, YZVE_LS",,
20371,TUR 121,TUR,LS,Türk Dili I,,-,,,-/-,,0,0,,"ARC_LS, BIO_LS, BIOE_LS, BLG_LS, BLGE_LS, BST_LS, CAB_3T_LS, CAB_4T_LS, CAB_BG_LS, CAB_DL_LS, CAB_DS_LS, CAB_KA_LS, CAB_KE_LS, CAB_KL_LS, CAB_KM_LS, CAB_KO_LS, CAB_LS, CAB_ME_LS, CAB_NE_LS, CAB_TA_LS, CAB_TN_LS, CAB_UD_LS, CAB_VC_LS, CAB_VI_LS, CAB_VS_LS, CEB_LS, CEN_LS, CEV_LS, CEVE_LS, CHZ_LS, CHZE_LS, DEN_LS, DENE_LS, ECNE_LS, EEE_LS, EFN_LS, EHB_LS, EHBE_LS, ELE_LS, ELH_LS, ELK_LS, ELKE_LS, END_LS, ENDE_LS, ENTE_LS, ESS_LS, EUT_LS, EUTE_LS, FIZ_LS, FIZE_LS, GEM_LS, GEME_LS, GEMK_LS, GEO_LS, GEOE_LS, GID_LS, GIDE_LS, HTA_LS, HTAE_LS, IAD_LS, IBM_LS, ICM_LS, IML_LS, IMLE_LS, IND_LS, INS_LS, INSE_LS, ISL_LS, ISLE_LS, JEF_LS, JEFE_LS, JEO_LS, JEOE_LS, KIM_LS, KIME_LS, KMM_LS, KMME_LS, KMP_LS, KOM_LS, KOME_LS, MAD_LS, MADE_LS, MAK_LS, MAKE_LS, MAT_LS, MATE_LS, MET_LS, METE_LS, MIM_LS, MIME_LS, MMD_LS, MTO_LS, MTOE_LS, MTR_LS, MUT_LS, MUZ_LS, MUZE_LS, MZT_LS, NAE_LS, PEM_LS, PEME_LS, PET_LS, PETE_LS, ROS_LS, ROSE_LS, SAO_OL, SBP_LS, SBPE_LS, SECE_LS, SES_LS, SES_TH_LS, SES_TS_LS, STP_LS, TEK_LS, TEKE_LS, TEL_LS, THO_LS, UCK_LS, UZB_LS, UZBE_LS, VBAE_LS, YZVE_LS",,
20373,TUR 121,TUR,LS,Türk Dili I,,-,,,-/-,,0,0,,"ARC_LS, BIO_LS, BIOE_LS, BLG_LS, BLGE_LS, BST_LS, CAB_3T_LS, CAB_4T_LS, CAB_BG_LS, CAB_DL_LS, CAB_DS_LS, CAB_KA_LS, CAB_KE_LS, CAB_KL_LS, CAB_KM_LS, CAB_KO_LS, CAB_LS, CAB_ME_LS, CAB_NE_LS, CAB_TA_LS, CAB_TN_LS, CAB_UD_LS, CAB_VC_LS, CAB_VI_LS, CAB_VS_LS, CEB_LS, CEN_LS, CEV_LS, CEVE_LS, CHZ_LS, CHZE_LS, DEN_LS, DENE_LS, ECNE_LS, EEE_LS, EFN_LS, EHB_LS, EHBE_LS, ELE_LS, ELH_LS, ELK_LS, ELKE_LS, END_LS, ENDE_LS, ENTE_LS, ESS_LS, EUT_LS, EUTE_LS, FIZ_LS, FIZE_LS, GEM_LS, GEME_LS, GEMK_LS, GEO_LS, GEOE_LS, GID_LS, GIDE_LS, HTA_LS, HTAE_LS, IAD_LS, IBM_LS, ICM_LS, IML_LS, IMLE_LS, IND_LS, INS_LS, INSE_LS, ISL_LS, ISLE_LS, JEF_LS, JEFE_LS, JEO_LS, JEOE_LS, KIM_LS, KIME_LS, KMM_LS, KMME_LS, KMP_LS, KOM_LS, KOME_LS, MAD_LS, MADE_LS, MAK_LS, MAKE_LS, MAT_LS, MATE_LS, MET_LS, METE_LS, MIM_LS, MIME_LS, MMD_LS, MTO_LS, MTOE_LS, MTR_LS, MUT_LS, MUZ_LS, MUZE_LS, MZT_LS, NAE_LS, PEM_LS, PEME_LS, PET_LS, PETE_LS, ROS_LS, ROSE_LS, SAO_OL, SBP_LS, SBPE_LS, SECE_LS, SES_LS, SES_TH_LS, SES_TS_LS, STP_LS, TEK_LS, TEKE_LS, TEL_LS, THO_LS, UCK_LS, UZB_LS, UZBE_LS, VBAE_LS, YZVE_LS",,
20375,TUR 121,TUR,LS,Türk Dili I,,Özlem Kara,MED,Cuma,10:30/12:29,,70,70,,"ARC_LS, BIO_LS, BIOE_LS, BLG_LS, BLGE_LS, BST_LS, CAB_3T_LS, CAB_4T_LS, CAB_BG_LS, CAB_DL_LS, CAB_DS_LS, CAB_KA_LS, CAB_KE_LS, CAB_KL_LS, CAB_KM_LS, CAB_KO_LS, CAB_LS, CAB_ME_LS, CAB_NE_LS, CAB_TA_LS, CAB_TN_LS, CAB_UD_LS, CAB_VC_LS, CAB_VI_LS, CAB_VS_LS, CEB_LS, CEN_LS, CEV_LS, CEVE_LS, CHZ_LS, CHZE_LS, DEN_LS, DENE_LS, ECNE_LS, EEE_LS, EFN_LS, EHB_LS, EHBE_LS, ELE_LS, ELH_LS, ELK_LS, ELKE_LS, END_LS, ENDE_LS, ENTE_LS, ESS_LS, EUT_LS, EUTE_LS, FIZ_LS, FIZE_LS, GEM_LS, GEME_LS, GEMK_LS, GEO_LS, GEOE_LS, GID_LS, GIDE_LS, HTA_LS, HTAE_LS, IAD_LS, IBM_LS, ICM_LS, IML_LS, IMLE_LS, IND_LS, INS_LS, INSE_LS, ISL_LS, ISLE_LS, JEF_LS, JEFE_LS, JEO_LS, JEOE_LS, KIM_LS, KIME_LS, KMM_LS, KMME_LS, KMP_LS, KOM_LS, KOME_LS, MAD_LS, MADE_LS, MAK_LS, MAKE_LS, MAT_LS, MATE_LS, MET_LS, METE_LS, MIM_LS, MIME_LS, MMD_LS, MTO_LS, MTOE_LS, MTR_LS, MUT_LS, MUZ_LS, MUZE_LS, MZT_LS, NAE_LS, PEM_LS, PEME_LS, PET_LS, PETE_LS, ROS_LS, ROSE_LS, SAO_OL, SBP_LS, SBPE_LS, SECE_LS, SES_LS, SES_TH_LS, SES_TS_LS, STP_LS, TEK_LS, TEKE_LS, TEL_LS, THO_LS, UCK_LS, UZB_LS, UZBE_LS, VBAE_LS, YZVE_LS",,
20377,TUR 121,TUR,LS,Türk Dili I,,Özlem Kara,MED,Cuma,14:00/15:59,,70,74,,"ARC_LS, BIO_LS, BIOE_LS, BLG_LS, BLGE_LS, BST_LS, CAB_3T_LS, CAB_4T_LS, CAB_BG_LS, CAB_DL_LS, CAB_DS_LS, CAB_KA_LS, CAB_KE_LS, CAB_KL_LS, CAB_KM_LS, CAB_KO_LS, CAB_LS, CAB_ME_LS, CAB_NE_LS, CAB_TA_LS, CAB_TN_LS, CAB_UD_LS, CAB_VC_LS, CAB_VI_LS, CAB_VS_LS, CEB_LS, CEN_LS, CEV_LS, CEVE_LS, CHZ_LS, CHZE_LS, DEN_LS, DENE_LS, ECNE_LS, EEE_LS, EFN_LS, EHB_LS, EHBE_LS, ELE_LS, ELH_LS, ELK_LS, ELKE_LS, END_LS, ENDE_LS, ENTE_LS, ESS_LS, EUT_LS, EUTE_LS, FIZ_LS, FIZE_LS, GEM_LS, GEME_LS, GEMK_LS, GEO_LS, GEOE_LS, GID_LS, GIDE_LS, HTA_LS, HTAE_LS, IAD_LS, IBM_LS, ICM_LS, IML_LS, IMLE_LS, IND_LS, INS_LS, INSE_LS, ISL_LS, ISLE_LS, JEF_LS, JEFE_LS, JEO_LS, JEOE_LS, KIM_LS, KIME_LS, KMM_LS, KMME_LS, KMP_LS, KOM_LS, KOME_LS, MAD_LS, MADE_LS, MAK_LS, MAKE_LS, MAT_LS, MATE_LS, MET_LS, METE_LS, MIM_LS, MIME_LS, MMD_LS, MTO_LS, MTOE_LS, MTR_LS, MUT_LS, MUZ_LS, MUZE_LS, MZT_LS, NAE_LS, PEM_LS, PEME_LS, PET_LS, PETE_LS, ROS_LS, ROSE_LS, SAO_OL, SBP_LS, SBPE_LS, SECE_LS, SES_LS, SES_TH_LS, SES_TS_LS, STP_LS, TEK_LS, TEKE_LS, TEL_LS, THO_LS, UCK_LS, UZB_LS, UZBE_LS, VBAE_LS, YZVE_LS",,
20378,TUR 121,TUR,LS,Türk Dili I,,Gülsün Nakıboğlu,MED,Çarşamba,08:30/10:29,,70,72,,"ARC_LS, BIO_LS, BIOE_LS, BLG_LS, BLGE_LS, BST_LS, CAB_3T_LS, CAB_4T_LS, CAB_BG_LS, CAB_DL_LS, CAB_DS_LS, CAB_KA_LS, CAB_KE_LS, CAB_KL_LS, CAB_KM_LS, CAB_KO_LS, CAB_LS, CAB_ME_LS, CAB_NE_LS, CAB_TA_LS, CAB_TN_LS, CAB_UD_LS, CAB_VC_LS, CAB_VI_LS, CAB_VS_LS, CEB_LS, CEN_LS, CEV_LS, CEVE_LS, CHZ_LS, CHZE_LS, DEN_LS, DENE_LS, ECNE_LS, EEE_LS, EFN_LS, EHB_LS, EHBE_LS, ELE_LS, ELH_LS, ELK_LS, ELKE_LS, END_LS, ENDE_LS, ENTE_LS, ESS_LS, EUT_LS, EUTE_LS, FIZ_LS, FIZE_LS, GEM_LS, GEME_LS, GEMK_LS, GEO_LS, GEOE_LS, GID_LS, GIDE_LS, HTA_LS, HTAE_LS, IAD_LS, IBM_LS, ICM_LS, IML_LS, IMLE_LS, IND_LS, INS_LS, INSE_LS, ISL_LS, ISLE_LS, JEF_LS, JEFE_LS, JEO_LS, JEOE_LS, KIM_LS, KIME_LS, KMM_LS, KMME_LS, KMP_LS, KOM_LS, KOME_LS, MAD_LS, MADE_LS, MAK_LS, MAKE_LS, MAT_LS, MATE_LS, MET_LS, METE_LS, MIM_LS, MIME_LS, MMD_LS, MTO_LS, MTOE_LS, MTR_LS, MUT_LS, MUZ_LS, MUZE_LS, MZT_LS, NAE_LS, PEM_LS, PEME_LS, PET_LS, PETE_LS, ROS_LS, ROSE_LS, SAO_OL, SBP_LS, SBPE_LS, SECE_LS, SES_LS, SES_TH_LS, SES_TS_LS, STP_LS, TEK_LS, TEKE_LS, TEL_LS, THO_LS, UCK_LS, UZB_LS, UZBE_LS, VBAE_LS, YZVE_LS",,
20384,TUR 122,TUR,LS,Türk Dili II,,Ahmet Alkan,EEB,Cuma,14:00/15:59,1301,55,52,,"ARC_LS, BIO_LS, BIOE_LS, BLG_LS, BLGE_LS, BST_LS, CAB_3T_LS, CAB_4T_LS, CAB_BG_LS, CAB_DL_LS, CAB_DS_LS, CAB_KA_LS, CAB_KE_LS, CAB_KL_LS, CAB_KM_LS, CAB_KO_LS, CAB_LS, CAB_ME_LS, CAB_NE_LS, CAB_TA_LS, CAB_TN_LS, CAB_UD_LS, CAB_VC_LS, CAB_VI_LS, CAB_VS_LS, CEB_LS, CEN_LS, CEV_LS, CEVE_LS, CHZ_LS, CHZE_LS, DEN_LS, DENE_LS, ECNE_LS, EEE_LS, EFN_LS, EHB_LS, EHBE_LS, ELE_LS, ELH_LS, ELK_LS, ELKE_LS, END_LS, ENDE_LS, ENTE_LS, ESS_LS, EUT_LS, EUTE_LS, FIZ_LS, FIZE_LS, GEM_LS, GEME_LS, GEMK_LS, GEO_LS, GEOE_LS, GID_LS, GIDE_LS, HTA_LS, HTAE_LS, IAD_LS, IBM_LS, ICM_LS, IML_LS, IMLE_LS, IND_LS, INS_LS, INSE_LS, ISL_LS, ISLE_LS, JEF_LS, JEFE_LS, JEO_LS, JEOE_LS, KIM_LS, KIME_LS, KMM_LS, KMME_LS, KMP_LS, KOM_LS, KOME_LS, MAD_LS, MADE_LS, MAK_LS, MAKE_LS, MAT_LS, MATE_LS, MET_LS, METE_LS, MIM_LS, MIME_LS, MMD_LS, MTO_LS, MTOE_LS, MTR_LS, MUT_LS, MUZ_LS, MUZE_LS, MZT_LS, NAE_LS, PEM_LS, PEME_LS, PET_LS, PETE_LS, ROS_LS, ROSE_LS, SAO_OL, SBP_LS, SBPE_LS, SECE_LS, SES_LS, SES_TH_LS, SES_TS_LS, STP_LS, TEK_LS, TEKE_LS, TEL_LS, THO_LS, UCK_LS, UZB_LS, UZBE_LS, VBAE_LS, YZVE_LS",,
20386,TUR 122,TUR,LS,Türk Dili II,,Hamide Aliyazıcıoğlu,MED,Pazartesi,13:30/15:29,,55,56,,"ARC_LS, BIO_LS, BIOE_LS, BLG_LS, BLGE_LS, BST_LS, CAB_3T_LS, CAB_4T_LS, CAB_BG_LS, CAB_DL_LS, CAB_DS_LS, CAB_KA_LS, CAB_KE_LS, CAB_KL_LS, CAB_KM_LS, CAB_KO_LS, CAB_LS, CAB_ME_LS, CAB_NE_LS, CAB_TA_LS, CAB_TN_LS, CAB_UD_LS, CAB_VC_LS, CAB_VI_LS, CAB_VS_LS, CEB_LS, CEN_LS, CEV_LS, CEVE_LS, CHZ_LS, CHZE_LS, DEN_LS, DENE_LS, ECNE_LS, EEE_LS, EFN_LS, EHB_LS, EHBE_LS, ELE_LS, ELH_LS, ELK_LS, ELKE_LS, END_LS, ENDE_LS, ENTE_LS, ESS_LS, EUT_LS, EUTE_LS, FIZ_LS, FIZE_LS, GEM_LS, GEME_LS, GEMK_LS, GEO_LS, GEOE_LS, GID_LS, GIDE_LS, HTA_LS, HTAE_LS, IAD_LS, IBM_LS, ICM_LS, IML_LS, IMLE_LS, IND_LS, INS_LS, INSE_LS, ISL_LS, ISLE_LS, JEF_LS, JEFE_LS, JEO_LS, JEOE_LS, KIM_LS, KIME_LS, KMM_LS, KMME_LS, KMP_LS, KOM_LS, KOME_LS, MAD_LS, MADE_LS, MAK_LS, MAKE_LS, MAT_LS, MATE_LS, MET_LS, METE_LS, MIM_LS, MIME_LS, MMD_LS, MTO_LS, MTOE_LS, MTR_LS, MUT_LS, MUZ_LS, MUZE_LS, MZT_LS, NAE_LS, PEM_LS, PEME_LS, PET_LS, PETE_LS, ROS_LS, ROSE_LS, SAO_OL, SBP_LS, SBPE_LS, SECE_LS, SES_LS, SES_TH_LS, SES_TS_LS, STP_LS, TEK_LS, TEKE_LS, TEL_LS, THO_LS, UCK_LS, UZB_LS, UZBE_LS, VBAE_LS, YZVE_LS",,
20387,TUR 122,TUR,LS,Türk Dili II,,Hamide Aliyazıcıoğlu,MED,Pazartesi,15:30/17:29,,55,54,,"ARC_LS, BIO_LS, BIOE_LS, BLG_LS, BLGE_LS, BST_LS, CAB_3T_LS, CAB_4T_LS, CAB_BG_LS, CAB_DL_LS, CAB_DS_LS, CAB_KA_LS, CAB_KE_LS, CAB_KL_LS, CAB_KM_LS, CAB_KO_LS, CAB_LS, CAB_ME_LS, CAB_NE_LS, CAB_TA_LS, CAB_TN_LS, CAB_UD_LS, CAB_VC_LS, CAB_VI_LS, CAB_VS_LS, CEB_LS, CEN_LS, CEV_LS, CEVE_LS, CHZ_LS, CHZE_LS, DEN_LS, DENE_LS, ECNE_LS, EEE_LS, EFN_LS, EHB_LS, EHBE_LS, ELE_LS, ELH_LS, ELK_LS, ELKE_LS, END_LS, ENDE_LS, ENTE_LS, ESS_LS, EUT_LS, EUTE_LS, FIZ_LS, FIZE_LS, GEM_LS, GEME_LS, GEMK_LS, GEO_LS, GEOE_LS, GID_LS, GIDE_LS, HTA_LS, HTAE_LS, IAD_LS, IBM_LS, ICM_LS, IML_LS, IMLE_LS, IND_LS, INS_LS, INSE_LS, ISL_LS, ISLE_LS, JEF_LS, JEFE_LS, JEO_LS, JEOE_LS, KIM_LS, KIME_LS, KMM_LS, KMME_LS, KMP_LS, KOM_LS, KOME_LS, MAD_LS, MADE_LS, MAK_LS, MAKE_LS, MAT_LS, MATE_LS, MET_LS, METE_LS, MIM_LS, MIME_LS, MMD_LS, MTO_LS, MTOE_LS, MTR_LS, MUT_LS, MUZ_LS, MUZE_LS, MZT_LS, NAE_LS, PEM_LS, PEME_LS, PET_LS, PETE_LS, ROS_LS, ROSE_LS, SAO_OL, SBP_LS, SBPE_LS, SECE_LS, SES_LS, SES_TH_LS, SES_TS_LS, STP_LS, TEK_LS, TEKE_LS, TEL_LS, THO_LS, UCK_LS, UZB_LS, UZBE_LS, VBAE_LS, YZVE_LS",,
20388,TUR 122,TUR,LS,Türk Dili II,,Hamide Aliyazıcıoğlu,MED,Perşembe,13:30/15:29,,55,55,,"ARC_LS, BIO_LS, BIOE_LS, BLG_LS, BLGE_LS, BST_LS, CAB_3T_LS, CAB_4T_LS, CAB_BG_LS, CAB_DL_LS, CAB_DS_LS, CAB_KA_LS, CAB_KE_LS, CAB_KL_LS, CAB_KM_LS, CAB_KO_LS, CAB_LS, CAB_ME_LS, CAB_NE_LS, CAB_TA_LS, CAB_TN_LS, CAB_UD_LS, CAB_VC_LS, CAB_VI_LS, CAB_VS_LS, CEB_LS, CEN_LS, CEV_LS, CEVE_LS, CHZ_LS, CHZE_LS, DEN_LS, DENE_LS, ECNE_LS, EEE_LS, EFN_LS, EHB_LS, EHBE_LS, ELE_LS, ELH_LS, ELK_LS, ELKE_LS, END_LS, ENDE_LS, ENTE_LS, ESS_LS, EUT_LS, EUTE_LS, FIZ_LS, FIZE_LS, GEM_LS, GEME_LS, GEMK_LS, GEO_LS, GEOE_LS, GID_LS, GIDE_LS, HTA_LS, HTAE_LS, IAD_LS, IBM_LS, ICM_LS, IML_LS, IMLE_LS, IND_LS, INS_LS, INSE_LS, ISL_LS, ISLE_LS, JEF_LS, JEFE_LS, JEO_LS, JEOE_LS, KIM_LS, KIME_LS, KMM_LS, KMME_LS, KMP_LS, KOM_LS, KOME_LS, MAD_LS, MADE_LS, MAK_LS, MAKE_LS, MAT_LS, MATE_LS, MET_LS, METE_LS, MIM_LS, MIME_LS, MMD_LS, MTO_LS, MTOE_LS, MTR_LS, MUT_LS, MUZ_LS, MUZE_LS, MZT_LS, NAE_LS, PEM_LS, PEME_LS, PET_LS, PETE_LS, ROS_LS, ROSE_LS, SAO_OL, SBP_LS, SBPE_LS, SECE_LS, SES_LS, SES_TH_LS, SES_TS_LS, STP_LS, TEK_LS, TEKE_LS, TEL_LS, THO_LS, UCK_LS, UZB_LS, UZBE_LS, VBAE_LS, YZVE_LS",,
20389,TUR 122,TUR,LS,Türk Dili II,,Hamide Aliyazıcıoğlu,MED,Perşembe,15:30/17:29,,55,55,,"ARC_LS, BIO_LS, BIOE_LS, BLG_LS, BLGE_LS, BST_LS, CAB_3T_LS, CAB_4T_LS, CAB_BG_LS, CAB_DL_LS, CAB_DS_LS, CAB_KA_LS, CAB_KE_LS, CAB_KL_LS, CAB_KM_LS, CAB_KO_LS, CAB_LS, CAB_ME_LS, CAB_NE_LS, CAB_TA_LS, CAB_TN_LS, CAB_UD_LS, CAB_VC_LS, CAB_VI_LS, CAB_VS_LS, CEB_LS, CEN_LS, CEV_LS, CEVE_LS, CHZ_LS, CHZE_LS, DEN_LS, DENE_LS, ECNE_LS, EEE_LS, EFN_LS, EHB_LS, EHBE_LS, ELE_LS, ELH_LS, ELK_LS, ELKE_LS, END_LS, ENDE_LS, ENTE_LS, ESS_LS, EUT_LS, EUTE_LS, FIZ_LS, FIZE_LS, GEM_LS, GEME_LS, GEMK_LS, GEO_LS, GEOE_LS, GID_LS, GIDE_LS, HTA_LS, HTAE_LS, IAD_LS, IBM_LS, ICM_LS, IML_LS, IMLE_LS, IND_LS, INS_LS, INSE_LS, ISL_LS, ISLE_LS, JEF_LS, JEFE_LS, JEO_LS, JEOE_LS, KIM_LS, KIME_LS, KMM_LS, KMME_LS, KMP_LS, KOM_LS, KOME_LS, MAD_LS, MADE_LS, MAK_LS, MAKE_LS, MAT_LS, MATE_LS, MET_LS, METE_LS, MIM_LS, MIME_LS, MMD_LS, MTO_LS, MTOE_LS, MTR_LS, MUT_LS, MUZ_LS, MUZE_LS, MZT_LS, NAE_LS, PEM_LS, PEME_LS, PET_LS, PETE_LS, ROS_LS, ROSE_LS, SAO_OL, SBP_LS, SBPE_LS, SECE_LS, SES_LS, SES_TH_LS, SES_TS_LS, STP_LS, TEK_LS, TEKE_LS, TEL_LS, THO_LS, UCK_LS, UZB_LS, UZBE_LS, VBAE_LS, YZVE_LS",,
20390,TUR 122,TUR,LS,Türk Dili II,,Timur Aydın,INB,Salı,13:30/15:29,A105,55,54,,"ARC_LS, BIO_LS, BIOE_LS, BLG_LS, BLGE_LS, BST_LS, CAB_3T_LS, CAB_4T_LS, CAB_BG_LS, CAB_DL_LS, CAB_DS_LS, CAB_KA_LS, CAB_KE_LS, CAB_KL_LS, CAB_KM_LS, CAB_KO_LS, CAB_LS, CAB_ME_LS, CAB_NE_LS, CAB_TA_LS, CAB_TN_LS, CAB_UD_LS, CAB_VC_LS, CAB_VI_LS, CAB_VS_LS, CEB_LS, CEN_LS, CEV_LS, CEVE_LS, CHZ_LS, CHZE_LS, DEN_LS, DENE_LS, ECNE_LS, EEE_LS, EFN_LS, EHB_LS, EHBE_LS, ELE_LS, ELH_LS, ELK_LS, ELKE_LS, END_LS, ENDE_LS, ENTE_LS, ESS_LS, EUT_LS, EUTE_LS, FIZ_LS, FIZE_LS, GEM_LS, GEME_LS, GEMK_LS, GEO_LS, GEOE_LS, GID_LS, GIDE_LS, HTA_LS, HTAE_LS, IAD_LS, IBM_LS, ICM_LS, IML_LS, IMLE_LS, IND_LS, INS_LS, INSE_LS, ISL_LS, ISLE_LS, JEF_LS, JEFE_LS, JEO_LS, JEOE_LS, KIM_LS, KIME_LS, KMM_LS, KMME_LS, KMP_LS, KOM_LS, KOME_LS, MAD_LS, MADE_LS, MAK_LS, MAKE_LS, MAT_LS, MATE_LS, MET_LS, METE_LS, MIM_LS, MIME_LS, MMD_LS, MTO_LS, MTOE_LS, MTR_LS, MUT_LS, MUZ_LS, MUZE_LS, MZT_LS, NAE_LS, PEM_LS, PEME_LS, PET_LS, PETE_LS, ROS_LS, ROSE_LS, SAO_OL, SBP_LS, SBPE_LS, SECE_LS, SES_LS, SES_TH_LS, SES_TS_LS, STP_LS, TEK_LS, TEKE_LS, TEL_LS, THO_LS, UCK_LS, UZB_LS, UZBE_LS, VBAE_LS, YZVE_LS",,
20391,TUR 122,TUR,LS,Türk Dili II,,Timur Aydın,INB,Salı,15:30/17:29,A105,55,54,,"ARC_LS, BIO_LS, BIOE_LS, BLG_LS, BLGE_LS, BST_LS, CAB_3T_LS, CAB_4T_LS, CAB_BG_LS, CAB_DL_LS, CAB_DS_LS, CAB_KA_LS, CAB_KE_LS, CAB_KL_LS, CAB_KM_LS, CAB_KO_LS, CAB_LS, CAB_ME_LS, CAB_NE_LS, CAB_TA_LS, CAB_TN_LS, CAB_UD_LS, CAB_VC_LS, CAB_VI_LS, CAB_VS_LS, CEB_LS, CEN_LS, CEV_LS, CEVE_LS, CHZ_LS, CHZE_LS, DEN_LS, DENE_LS, ECNE_LS, EEE_LS, EFN_LS, EHB_LS, EHBE_LS, ELE_LS, ELH_LS, ELK_LS, ELKE_LS, END_LS, ENDE_LS, ENTE_LS, ESS_LS, EUT_LS, EUTE_LS, FIZ_LS, FIZE_LS, GEM_LS, GEME_LS, GEMK_LS, GEO_LS, GEOE_LS, GID_LS, GIDE_LS, HTA_LS, HTAE_LS, IAD_LS, IBM_LS, ICM_LS, IML_LS, IMLE_LS, IND_LS, INS_LS, INSE_LS, ISL_LS, ISLE_LS, JEF_LS, JEFE_LS, JEO_LS, JEOE_LS, KIM_LS, KIME_LS, KMM_LS, KMME_LS, KMP_LS, KOM_LS, KOME_LS, MAD_LS, MADE_LS, MAK_LS, MAKE_LS, MAT_LS, MATE_LS, MET_LS, METE_LS, MIM_LS, MIME_LS, MMD_LS, MTO_LS, MTOE_LS, MTR_LS, MUT_LS, MUZ_LS, MUZE_LS, MZT_LS, NAE_LS, PEM_LS, PEME_LS, PET_LS, PETE_LS, ROS_LS, ROSE_LS, SAO_OL, SBP_LS, SBPE_LS, SECE_LS, SES_LS, SES_TH_LS, SES_TS_LS, STP_LS, TEK_LS, TEKE_LS, TEL_LS, THO_LS, UCK_LS, UZB_LS, UZBE_LS, VBAE_LS, YZVE_LS",,
20392,TUR 122,TUR,LS,Türk Dili II,,Timur Aydın,INB,Çarşamba,10:30/12:29,B101,30,28,,"ARC_LS, BIO_LS, BIOE_LS, BLG_LS, BLGE_LS, BST_LS, CAB_3T_LS, CAB_4T_LS, CAB_BG_LS, CAB_DL_LS, CAB_DS_LS, CAB_KA_LS, CAB_KE_LS, CAB_KL_LS, CAB_KM_LS, CAB_KO_LS, CAB_LS, CAB_ME_LS, CAB_NE_LS, CAB_TA_LS, CAB_TN_LS, CAB_UD_LS, CAB_VC_LS, CAB_VI_LS, CAB_VS_LS, CEB_LS, CEN_LS, CEV_LS, CEVE_LS, CHZ_LS, CHZE_LS, DEN_LS, DENE_LS, ECNE_LS, EEE_LS, EFN_LS, EHB_LS, EHBE_LS, ELE_LS, ELH_LS, ELK_LS, ELKE_LS, END_LS, ENDE_LS, ENTE_LS, ESS_LS, EUT_LS, EUTE_LS, FIZ_LS, FIZE_LS, GEM_LS, GEME_LS, GEMK_LS, GEO_LS, GEOE_LS, GID_LS, GIDE_LS, HTA_LS, HTAE_LS, IAD_LS, IBM_LS, ICM_LS, IML_LS, IMLE_LS, IND_LS, INS_LS, INSE_LS, ISL_LS, ISLE_LS, JEF_LS, JEFE_LS, JEO_LS, JEOE_LS, KIM_LS, KIME_LS, KMM_LS, KMME_LS, KMP_LS, KOM_LS, KOME_LS, MAD_LS, MADE_LS, MAK_LS, MAKE_LS, MAT_LS, MATE_LS, MET_LS, METE_LS, MIM_LS, MIME_LS, MMD_LS, MTO_LS, MTOE_LS, MTR_LS, MUT_LS, MUZ_LS, MUZE_LS, MZT_LS, NAE_LS, PEM_LS, PEME_LS, PET_LS, PETE_LS, ROS_LS, ROSE_LS, SAO_OL, SBP_LS, SBPE_LS, SECE_LS, SES_LS, SES_TH_LS, SES_TS_LS, STP_LS, TEK_LS, TEKE_LS, TEL_LS, THO_LS, UCK_LS, UZB_LS, UZBE_LS, VBAE_LS, YZVE_LS",,
20393,TUR 122,TUR,LS,Türk Dili II,,Timur Aydın,INB,Çarşamba,13:30/15:29,B101,55,55,,"ARC_LS, BIO_LS, BIOE_LS, BLG_LS, BLGE_LS, BST_LS, CAB_3T_LS, CAB_4T_LS, CAB_BG_LS, CAB_DL_LS, CAB_DS_LS, CAB_KA_LS, CAB_KE_LS, CAB_KL_LS, CAB_KM_LS, CAB_KO_LS, CAB_LS, CAB_ME_LS, CAB_NE_LS, CAB_TA_LS, CAB_TN_LS, CAB_UD_LS, CAB_VC_LS, CAB_VI_LS, CAB_VS_LS, CEB_LS, CEN_LS, CEV_LS, CEVE_LS, CHZ_LS, CHZE_LS, DEN_LS, DENE_LS, ECNE_LS, EEE_LS, EFN_LS, EHB_LS, EHBE_LS, ELE_LS, ELH_LS, ELK_LS, ELKE_LS, END_LS, ENDE_LS, ENTE_LS, ESS_LS, EUT_LS, EUTE_LS, FIZ_LS, FIZE_LS, GEM_LS, GEME_LS, GEMK_LS, GEO_LS, GEOE_LS, GID_LS, GIDE_LS, HTA_LS, HTAE_LS, IAD_LS, IBM_LS, ICM_LS, IML_LS, IMLE_LS, IND_LS, INS_LS, INSE_LS, ISL_LS, ISLE_LS, JEF_LS, JEFE_LS, JEO_LS, JEOE_LS, KIM_LS, KIME_LS, KMM_LS, KMME_LS, KMP_LS, KOM_LS, KOME_LS, MAD_LS, MADE_LS, MAK_LS, MAKE_LS, MAT_LS, MATE_LS, MET_LS, METE_LS, MIM_LS, MIME_LS, MMD_LS, MTO_LS, MTOE_LS, MTR_LS, MUT_LS, MUZ_LS, MUZE_LS, MZT_LS, NAE_LS, PEM_LS, PEME_LS, PET_LS, PETE_LS, ROS_LS, ROSE_LS, SAO_OL, SBP_LS, SBPE_LS, SECE_LS, SES_LS, SES_TH_LS, SES_TS_LS, STP_LS, TEK_LS, TEKE_LS, TEL_LS, THO_LS, UCK_LS, UZB_LS, UZBE_LS, VBAE_LS, YZVE_LS",,
20394,TUR 122,TUR,LS,Türk Dili II,,Miraç Erten,MED,Salı,15:30/17:29,,55,59,,"ARC_LS, BIO_LS, BIOE_LS, BLG_LS, BLGE_LS, BST_LS, CAB_3T_LS, CAB_4T_LS, CAB_BG_LS, CAB_DL_LS, CAB_DS_LS, CAB_KA_LS, CAB_KE_LS, CAB_KL_LS, CAB_KM_LS, CAB_KO_LS, CAB_LS, CAB_ME_LS, CAB_NE_LS, CAB_TA_LS, CAB_TN_LS, CAB_UD_LS, CAB_VC_LS, CAB_VI_LS, CAB_VS_LS, CEB_LS, CEN_LS, CEV_LS, CEVE_LS, CHZ_LS, CHZE_LS, DEN_LS, DENE_LS, ECNE_LS, EEE_LS, EFN_LS, EHB_LS, EHBE_LS, ELE_LS, ELH_LS, ELK_LS, ELKE_LS, END_LS, ENDE_LS, ENTE_LS, ESS_LS, EUT_LS, EUTE_LS, FIZ_LS, FIZE_LS, GEM_LS, GEME_LS, GEMK_LS, GEO_LS, GEOE_LS, GID_LS, GIDE_LS, HTA_LS, HTAE_LS, IAD_LS, IBM_LS, ICM_LS, IML_LS, IMLE_LS, IND_LS, INS_LS, INSE_LS, ISL_LS, ISLE_LS, JEF_LS, JEFE_LS, JEO_LS, JEOE_LS, KIM_LS, KIME_LS, KMM_LS, KMME_LS, KMP_LS, KOM_LS, KOME_LS, MAD_LS, MADE_LS, MAK_LS, MAKE_LS, MAT_LS, MATE_LS, MET_LS, METE_LS, MIM_LS, MIME_LS, MMD_LS, MTO_LS, MTOE_LS, MTR_LS, MUT_LS, MUZ_LS, MUZE_LS, MZT_LS, NAE_LS, PEM_LS, PEME_LS, PET_LS, PETE_LS, ROS_LS, ROSE_LS, SAO_OL, SBP_LS, SBPE_LS, SECE_LS, SES_LS, SES_TH_LS, SES_TS_LS, STP_LS, TEK_LS, TEKE_LS, TEL_LS, THO_LS, UCK_LS, UZB_LS, UZBE_LS, VBAE_LS, YZVE_LS",,
20395,TUR 122,TUR,LS,Türk Dili II,,Miraç Erten,MED,Çarşamba,08:30/10:29,,50,56,,"ARC_LS, BIO_LS, BIOE_LS, BLG_LS, BLGE_LS, BST_LS, CAB_3T_LS, CAB_4T_LS, CAB_BG_LS, CAB_DL_LS, CAB_DS_LS, CAB_KA_LS, CAB_KE_LS, CAB_KL_LS, CAB_KM_LS, CAB_KO_LS, CAB_LS, CAB_ME_LS, CAB_NE_LS, CAB_TA_LS, CAB_TN_LS, CAB_UD_LS, CAB_VC_LS, CAB_VI_LS, CAB_VS_LS, CEB_LS, CEN_LS, CEV_LS, CEVE_LS, CHZ_LS, CHZE_LS, DEN_LS, DENE_LS, ECNE_LS, EEE_LS, EFN_LS, EHB_LS, EHBE_LS, ELE_LS, ELH_LS, ELK_LS, ELKE_LS, END_LS, ENDE_LS, ENTE_LS, ESS_LS, EUT_LS, EUTE_LS, FIZ_LS, FIZE_LS, GEM_LS, GEME_LS, GEMK_LS, GEO_LS, GEOE_LS, GID_LS, GIDE_LS, HTA_LS, HTAE_LS, IAD_LS, IBM_LS, ICM_LS, IML_LS, IMLE_LS, IND_LS, INS_LS, INSE_LS, ISL_LS, ISLE_LS, JEF_LS, JEFE_LS, JEO_LS, JEOE_LS, KIM_LS, KIME_LS, KMM_LS, KMME_LS, KMP_LS, KOM_LS, KOME_LS, MAD_LS, MADE_LS, MAK_LS, MAKE_LS, MAT_LS, MATE_LS, MET_LS, METE_LS, MIM_LS, MIME_LS, MMD_LS, MTO_LS, MTOE_LS, MTR_LS, MUT_LS, MUZ_LS, MUZE_LS, MZT_LS, NAE_LS, PEM_LS, PEME_LS, PET_LS, PETE_LS, ROS_LS, ROSE_LS, SAO_OL, SBP_LS, SBPE_LS, SECE_LS, SES_LS, SES_TH_LS, SES_TS_LS, STP_LS, TEK_LS, TEKE_LS, TEL_LS, THO_LS, UCK_LS, UZB_LS, UZBE_LS, VBAE_LS, YZVE_LS",,
20396,TUR 122,TUR,LS,Türk Dili II,,Miraç Erten,MED,Çarşamba,10:30/12:29,,50,52,,"ARC_LS, BIO_LS, BIOE_LS, BLG_LS, BLGE_LS, BST_LS, CAB_3T_LS, CAB_4T_LS, CAB_BG_LS, CAB_DL_LS, CAB_DS_LS, CAB_KA_LS, CAB_KE_LS, CAB_KL_LS, CAB_KM_LS, CAB_KO_LS, CAB_LS, CAB_ME_LS, CAB_NE_LS, CAB_TA_LS, CAB_TN_LS, CAB_UD_LS, CAB_VC_LS, CAB_VI_LS, CAB_VS_LS, CEB_LS, CEN_LS, CEV_LS, CEVE_LS, CHZ_LS, CHZE_LS, DEN_LS, DENE_LS, ECNE_LS, EEE_LS, EFN_LS, EHB_LS, EHBE_LS, ELE_LS, ELH_LS, ELK_LS, ELKE_LS, END_LS, ENDE_LS, ENTE_LS, ESS_LS, EUT_LS, EUTE_LS, FIZ_LS, FIZE_LS, GEM_LS, GEME_LS, GEMK_LS, GEO_LS, GEOE_LS, GID_LS, GIDE_LS, HTA_LS, HTAE_LS, IAD_LS, IBM_LS, ICM_LS, IML_LS, IMLE_LS, IND_LS, INS_LS, INSE_LS, ISL_LS, ISLE_LS, JEF_LS, JEFE_LS, JEO_LS, JEOE_LS, KIM_LS, KIME_LS, KMM_LS, KMME_LS, KMP_LS, KOM_LS, KOME_LS, MAD_LS, MADE_LS, MAK_LS, MAKE_LS, MAT_LS, MATE_LS, MET_LS, METE_LS, MIM_LS, MIME_LS, MMD_LS, MTO_LS, MTOE_LS, MTR_LS, MUT_LS, MUZ_LS, MUZE_LS, MZT_LS, NAE_LS, PEM_LS, PEME_LS, PET_LS, PETE_LS, ROS_LS, ROSE_LS, SAO_OL, SBP_LS, SBPE_LS, SECE_LS, SES_LS, SES_TH_LS, SES_TS_LS, STP_LS, TEK_LS, TEKE_LS, TEL_LS, THO_LS, UCK_LS, UZB_LS, UZBE_LS, VBAE_LS, YZVE_LS",,
20397,TUR 122,TUR,LS,Türk Dili II,,Miraç Erten,MED,Cuma,08:30/10:29,,55,60,,"ARC_LS, BIO_LS, BIOE_LS, BLG_LS, BLGE_LS, BST_LS, CAB_3T_LS, CAB_4T_LS, CAB_BG_LS, CAB_DL_LS, CAB_DS_LS, CAB_KA_LS, CAB_KE_LS, CAB_KL_LS, CAB_KM_LS, CAB_KO_LS, CAB_LS, CAB_ME_LS, CAB_NE_LS, CAB_TA_LS, CAB_TN_LS, CAB_UD_LS, CAB_VC_LS, CAB_VI_LS, CAB_VS_LS, CEB_LS, CEN_LS, CEV_LS, CEVE_LS, CHZ_LS, CHZE_LS, DEN_LS, DENE_LS, ECNE_LS, EEE_LS, EFN_LS, EHB_LS, EHBE_LS, ELE_LS, ELH_LS, ELK_LS, ELKE_LS, END_LS, ENDE_LS, ENTE_LS, ESS_LS, EUT_LS, EUTE_LS, FIZ_LS, FIZE_LS, GEM_LS, GEME_LS, GEMK_LS, GEO_LS, GEOE_LS, GID_LS, GIDE_LS, HTA_LS, HTAE_LS, IAD_LS, IBM_LS, ICM_LS, IML_LS, IMLE_LS, IND_LS, INS_LS, INSE_LS, ISL_LS, ISLE_LS, JEF_LS, JEFE_LS, JEO_LS, JEOE_LS, KIM_LS, KIME_LS, KMM_LS, KMME_LS, KMP_LS, KOM_LS, KOME_LS, MAD_LS, MADE_LS, MAK_LS, MAKE_LS, MAT_LS, MATE_LS, MET_LS, METE_LS, MIM_LS, MIME_LS, MMD_LS, MTO_LS, MTOE_LS, MTR_LS, MUT_LS, MUZ_LS, MUZE_LS, MZT_LS, NAE_LS, PEM_LS, PEME_LS, PET_LS, PETE_LS, ROS_LS, ROSE_LS, SAO_OL, SBP_LS, SBPE_LS, SECE_LS, SES_LS, SES_TH_LS, SES_TS_LS, STP_LS, TEK_LS, TEKE_LS, TEL_LS, THO_LS, UCK_LS, UZB_LS, UZBE_LS, VBAE_LS, YZVE_LS",,
20398,TUR 122,TUR,LS,Türk Dili II,,Miraç Erten,MED,Cuma,10:30/12:29,,55,59,,"ARC_LS, BIO_LS, BIOE_LS, BLG_LS, BLGE_LS, BST_LS, CAB_3T_LS, CAB_4T_LS, CAB_BG_LS, CAB_DL_LS, CAB_DS_LS, CAB_KA_LS, CAB_KE_LS, CAB_KL_LS, CAB_KM_LS, CAB_KO_LS, CAB_LS, CAB_ME_LS, CAB_NE_LS, CAB_TA_LS, CAB_TN_LS, CAB_UD_LS, CAB_VC_LS, CAB_VI_LS, CAB_VS_LS, CEB_LS, CEN_LS, CEV_LS, CEVE_LS, CHZ_LS, CHZE_LS, DEN_LS, DENE_LS, ECNE_LS, EEE_LS, EFN_LS, EHB_LS, EHBE_LS, ELE_LS, ELH_LS, ELK_LS, ELKE_LS, END_LS, ENDE_LS, ENTE_LS, ESS_LS, EUT_LS, EUTE_LS, FIZ_LS, FIZE_LS, GEM_LS, GEME_LS, GEMK_LS, GEO_LS, GEOE_LS, GID_LS, GIDE_LS, HTA_LS, HTAE_LS, IAD_LS, IBM_LS, ICM_LS, IML_LS, IMLE_LS, IND_LS, INS_LS, INSE_LS, ISL_LS, ISLE_LS, JEF_LS, JEFE_LS, JEO_LS, JEOE_LS, KIM_LS, KIME_LS, KMM_LS, KMME_LS, KMP_LS, KOM_LS, KOME_LS, MAD_LS, MADE_LS, MAK_LS, MAKE_LS, MAT_LS, MATE_LS, MET_LS, METE_LS, MIM_LS, MIME_LS, MMD_LS, MTO_LS, MTOE_LS, MTR_LS, MUT_LS, MUZ_LS, MUZE_LS, MZT_LS, NAE_LS, PEM_LS, PEME_LS, PET_LS, PETE_LS, ROS_LS, ROSE_LS, SAO_OL, SBP_LS, SBPE_LS, SECE_LS, SES_LS, SES_TH_LS, SES_TS_LS, STP_LS, TEK_LS, TEKE_LS, TEL_LS, THO_LS, UCK_LS, UZB_LS, UZBE_LS, VBAE_LS, YZVE_LS",,
20399,TUR 122,TUR,LS,Türk Dili II,,Abdullah Esen,MED,Salı,08:30/10:29,,55,55,,"ARC_LS, BIO_LS, BIOE_LS, BLG_LS, BLGE_LS, BST_LS, CAB_3T_LS, CAB_4T_LS, CAB_BG_LS, CAB_DL_LS, CAB_DS_LS, CAB_KA_LS, CAB_KE_LS, CAB_KL_LS, CAB_KM_LS, CAB_KO_LS, CAB_LS, CAB_ME_LS, CAB_NE_LS, CAB_TA_LS, CAB_TN_LS, CAB_UD_LS, CAB_VC_LS, CAB_VI_LS, CAB_VS_LS, CEB_LS, CEN_LS, CEV_LS, CEVE_LS, CHZ_LS, CHZE_LS, DEN_LS, DENE_LS, ECNE_LS, EEE_LS, EFN_LS, EHB_LS, EHBE_LS, ELE_LS, ELH_LS, ELK_LS, ELKE_LS, END_LS, ENDE_LS, ENTE_LS, ESS_LS, EUT_LS, EUTE_LS, FIZ_LS, FIZE_LS, GEM_LS, GEME_LS, GEMK_LS, GEO_LS, GEOE_LS, GID_LS, GIDE_LS, HTA_LS, HTAE_LS, IAD_LS, IBM_LS, ICM_LS, IML_LS, IMLE_LS, IND_LS, INS_LS, INSE_LS, ISL_LS, ISLE_LS, JEF_LS, JEFE_LS, JEO_LS, JEOE_LS, KIM_LS, KIME_LS, KMM_LS, KMME_LS, KMP_LS, KOM_LS, KOME_LS, MAD_LS, MADE_LS, MAK_LS, MAKE_LS, MAT_LS, MATE_LS, MET_LS, METE_LS, MIM_LS, MIME_LS, MMD_LS, MTO_LS, MTOE_LS, MTR_LS, MUT_LS, MUZ_LS, MUZE_LS, MZT_LS, NAE_LS, PEM_LS, PEME_LS, PET_LS, PETE_LS, ROS_LS, ROSE_LS, SAO_OL, SBP_LS, SBPE_LS, SECE_LS, SES_LS, SES_TH_LS, SES_TS_LS, STP_LS, TEK_LS, TEKE_LS, TEL_LS, THO_LS, UCK_LS, UZB_LS, UZBE_LS, VBAE_LS, YZVE_LS",,
20400,TUR 122,TUR,LS,Türk Dili II,,Abdullah Esen,MED,Cuma,08:30/10:29,,55,55,,"ARC_LS, BIO_LS, BIOE_LS, BLG_LS, BLGE_LS, BST_LS, CAB_3T_LS, CAB_4T_LS, CAB_BG_LS, CAB_DL_LS, CAB_DS_LS, CAB_KA_LS, CAB_KE_LS, CAB_KL_LS, CAB_KM_LS, CAB_KO_LS, CAB_LS, CAB_ME_LS, CAB_NE_LS, CAB_TA_LS, CAB_TN_LS, CAB_UD_LS, CAB_VC_LS, CAB_VI_LS, CAB_VS_LS, CEB_LS, CEN_LS, CEV_LS, CEVE_LS, CHZ_LS, CHZE_LS, DEN_LS, DENE_LS, ECNE_LS, EEE_LS, EFN_LS, EHB_LS, EHBE_LS, ELE_LS, ELH_LS, ELK_LS, ELKE_LS, END_LS, ENDE_LS, ENTE_LS, ESS_LS, EUT_LS, EUTE_LS, FIZ_LS, FIZE_LS, GEM_LS, GEME_LS, GEMK_LS, GEO_LS, GEOE_LS, GID_LS, GIDE_LS, HTA_LS, HTAE_LS, IAD_LS, IBM_LS, ICM_LS, IML_LS, IMLE_LS, IND_LS, INS_LS, INSE_LS, ISL_LS, ISLE_LS, JEF_LS, JEFE_LS, JEO_LS, JEOE_LS, KIM_LS, KIME_LS, KMM_LS, KMME_LS, KMP_LS, KOM_LS, KOME_LS, MAD_LS, MADE_LS, MAK_LS, MAKE_LS, MAT_LS, MATE_LS, MET_LS, METE_LS, MIM_LS, MIME_LS, MMD_LS, MTO_LS, MTOE_LS, MTR_LS, MUT_LS, MUZ_LS, MUZE_LS, MZT_LS, NAE_LS, PEM_LS, PEME_LS, PET_LS, PETE_LS, ROS_LS, ROSE_LS, SAO_OL, SBP_LS, SBPE_LS, SECE_LS, SES_LS, SES_TH_LS, SES_TS_LS, STP_LS, TEK_LS, TEKE_LS, TEL_LS, THO_LS, UCK_LS, UZB_LS, UZBE_LS, VBAE_LS, YZVE_LS",,
20401,TUR 122,TUR,LS,Türk Dili II,,Abdullah Esen,MED,Cuma,10:30/12:29,,55,56,,"ARC_LS, BIO_LS, BIOE_LS, BLG_LS, BLGE_LS, BST_LS, CAB_3T_LS, CAB_4T_LS, CAB_BG_LS, CAB_DL_LS, CAB_DS_LS, CAB_KA_LS, CAB_KE_LS, CAB_KL_LS, CAB_KM_LS, CAB_KO_LS, CAB_LS, CAB_ME_LS, CAB_NE_LS, CAB_TA_LS, CAB_TN_LS, CAB_UD_LS, CAB_VC_LS, CAB_VI_LS, CAB_VS_LS, CEB_LS, CEN_LS, CEV_LS, CEVE_LS, CHZ_LS, CHZE_LS, DEN_LS, DENE_LS, ECNE_LS, EEE_LS, EFN_LS, EHB_LS, EHBE_LS, ELE_LS, ELH_LS, ELK_LS, ELKE_LS, END_LS, ENDE_LS, ENTE_LS, ESS_LS, EUT_LS, EUTE_LS, FIZ_LS, FIZE_LS, GEM_LS, GEME_LS, GEMK_LS, GEO_LS, GEOE_LS, GID_LS, GIDE_LS, HTA_LS, HTAE_LS, IAD_LS, IBM_LS, ICM_LS, IML_LS, IMLE_LS, IND_LS, INS_LS, INSE_LS, ISL_LS, ISLE_LS, JEF_LS, JEFE_LS, JEO_LS, JEOE_LS, KIM_LS, KIME_LS, KMM_LS, KMME_LS, KMP_LS, KOM_LS, KOME_LS, MAD_LS, MADE_LS, MAK_LS, MAKE_LS, MAT_LS, MATE_LS, MET_LS, METE_LS, MIM_LS, MIME_LS, MMD_LS, MTO_LS, MTOE_LS, MTR_LS, MUT_LS, MUZ_LS, MUZE_LS, MZT_LS, NAE_LS, PEM_LS, PEME_LS, PET_LS, PETE_LS, ROS_LS, ROSE_LS, SAO_OL, SBP_LS, SBPE_LS, SECE_LS, SES_LS, SES_TH_LS, SES_TS_LS, STP_LS, TEK_LS, TEKE_LS, TEL_LS, THO_LS, UCK_LS, UZB_LS, UZBE_LS, VBAE_LS, YZVE_LS",,
20405,TUR 122,TUR,LS,Türk Dili II,,Abdullah Esen,MED,Cuma,14:00/15:59,,55,59,,"ARC_LS, BIO_LS, BIOE_LS, BLG_LS, BLGE_LS, BST_LS, CAB_3T_LS, CAB_4T_LS, CAB_BG_LS, CAB_DL_LS, CAB_DS_LS, CAB_KA_LS, CAB_KE_LS, CAB_KL_LS, CAB_KM_LS, CAB_KO_LS, CAB_LS, CAB_ME_LS, CAB_NE_LS, CAB_TA_LS, CAB_TN_LS, CAB_UD_LS, CAB_VC_LS, CAB_VI_LS, CAB_VS_LS, CEB_LS, CEN_LS, CEV_LS, CEVE_LS, CHZ_LS, CHZE_LS, DEN_LS, DENE_LS, ECNE_LS, EEE_LS, EFN_LS, EHB_LS, EHBE_LS, ELE_LS, ELH_LS, ELK_LS, ELKE_LS, END_LS, ENDE_LS, ENTE_LS, ESS_LS, EUT_LS, EUTE_LS, FIZ_LS, FIZE_LS, GEM_LS, GEME_LS, GEMK_LS, GEO_LS, GEOE_LS, GID_LS, GIDE_LS, HTA_LS, HTAE_LS, IAD_LS, IBM_LS, ICM_LS, IML_LS, IMLE_LS, IND_LS, INS_LS, INSE_LS, ISL_LS, ISLE_LS, JEF_LS, JEFE_LS, JEO_LS, JEOE_LS, KIM_LS, KIME_LS, KMM_LS, KMME_LS, KMP_LS, KOM_LS, KOME_LS, MAD_LS, MADE_LS, MAK_LS, MAKE_LS, MAT_LS, MATE_LS, MET_LS, METE_LS, MIM_LS, MIME_LS, MMD_LS, MTO_LS, MTOE_LS, MTR_LS, MUT_LS, MUZ_LS, MUZE_LS, MZT_LS, NAE_LS, PEM_LS, PEME_LS, PET_LS, PETE_LS, ROS_LS, ROSE_LS, SAO_OL, SBP_LS, SBPE_LS, SECE_LS, SES_LS, SES_TH_LS, SES_TS_LS, STP_LS, TEK_LS, TEKE_LS, TEL_LS, THO_LS, UCK_LS, UZB_LS, UZBE_LS, VBAE_LS, YZVE_LS",,
20407,TUR 122,TUR,LS,Türk Dili II,,Abdullah Esen,MED,Cuma,16:00/17:59,,55,53,,"ARC_LS, BIO_LS, BIOE_LS, BLG_LS, BLGE_LS, BST_LS, CAB_3T_LS, CAB_4T_LS, CAB_BG_LS, CAB_DL_LS, CAB_DS_LS, CAB_KA_LS, CAB_KE_LS, CAB_KL_LS, CAB_KM_LS, CAB_KO_LS, CAB_LS, CAB_ME_LS, CAB_NE_LS, CAB_TA_LS, CAB_TN_LS, CAB_UD_LS, CAB_VC_LS, CAB_VI_LS, CAB_VS_LS, CEB_LS, CEN_LS, CEV_LS, CEVE_LS, CHZ_LS, CHZE_LS, DEN_LS, DENE_LS, ECNE_LS, EEE_LS, EFN_LS, EHB_LS, EHBE_LS, ELE_LS, ELH_LS, ELK_LS, ELKE_LS, END_LS, ENDE_LS, ENTE_LS, ESS_LS, EUT_LS, EUTE_LS, FIZ_LS, FIZE_LS, GEM_LS, GEME_LS, GEMK_LS, GEO_LS, GEOE_LS, GID_LS, GIDE_LS, HTA_LS, HTAE_LS, IAD_LS, IBM_LS, ICM_LS, IML_LS, IMLE_LS, IND_LS, INS_LS, INSE_LS, ISL_LS, ISLE_LS, JEF_LS, JEFE_LS, JEO_LS, JEOE_LS, KIM_LS, KIME_LS, KMM_LS, KMME_LS, KMP_LS, KOM_LS, KOME_LS, MAD_LS, MADE_LS, MAK_LS, MAKE_LS, MAT_LS, MATE_LS, MET_LS, METE_LS, MIM_LS, MIME_LS, MMD_LS, MTO_LS, MTOE_LS, MTR_LS, MUT_LS, MUZ_LS, MUZE_LS, MZT_LS, NAE_LS, PEM_LS, PEME_LS, PET_LS, PETE_LS, ROS_LS, ROSE_LS, SAO_OL, SBP_LS, SBPE_LS, SECE_LS, SES_LS, SES_TH_LS, SES_TS_LS, STP_LS, TEK_LS, TEKE_LS, TEL_LS, THO_LS, UCK_LS, UZB_LS, UZBE_LS, VBAE_LS, YZVE_LS",,
20408,TUR 122,TUR,LS,Türk Dili II,,Abdullah Esen,MED,Cuma,18:00/19:59,,55,56,,"ARC_LS, BIO_LS, BIOE_LS, BLG_LS, BLGE_LS, BST_LS, CAB_3T_LS, CAB_4T_LS, CAB_BG_LS, CAB_DL_LS, CAB_DS_LS, CAB_KA_LS, CAB_KE_LS, CAB_KL_LS, CAB_KM_LS, CAB_KO_LS, CAB_LS, CAB_ME_LS, CAB_NE_LS, CAB_TA_LS, CAB_TN_LS, CAB_UD_LS, CAB_VC_LS, CAB_VI_LS, CAB_VS_LS, CEB_LS, CEN_LS, CEV_LS, CEVE_LS, CHZ_LS, CHZE_LS, DEN_LS, DENE_LS, ECNE_LS, EEE_LS, EFN_LS, EHB_LS, EHBE_LS, ELE_LS, ELH_LS, ELK_LS, ELKE_LS, END_LS, ENDE_LS, ENTE_LS, ESS_LS, EUT_LS, EUTE_LS, FIZ_LS, FIZE_LS, GEM_LS, GEME_LS, GEMK_LS, GEO_LS, GEOE_LS, GID_LS, GIDE_LS, HTA_LS, HTAE_LS, IAD_LS, IBM_LS, ICM_LS, IML_LS, IMLE_LS, IND_LS, INS_LS, INSE_LS, ISL_LS, ISLE_LS, JEF_LS, JEFE_LS, JEO_LS, JEOE_LS, KIM_LS, KIME_LS, KMM_LS, KMME_LS, KMP_LS, KOM_LS, KOME_LS, MAD_LS, MADE_LS, MAK_LS, MAKE_LS, MAT_LS, MATE_LS, MET_LS, METE_LS, MIM_LS, MIME_LS, MMD_LS, MTO_LS, MTOE_LS, MTR_LS, MUT_LS, MUZ_LS, MUZE_LS, MZT_LS, NAE_LS, PEM_LS, PEME_LS, PET_LS, PETE_LS, ROS_LS, ROSE_LS, SAO_OL, SBP_LS, SBPE_LS, SECE_LS, SES_LS, SES_TH_LS, SES_TS_LS, STP_LS, TEK_LS, TEKE_LS, TEL_LS, THO_LS, UCK_LS, UZB_LS, UZBE_LS, VBAE_LS, YZVE_LS",,
20409,TUR 122,TUR,LS,Türk Dili II,,-,,,-/-,,0,0,,"ARC_LS, BIO_LS, BIOE_LS, BLG_LS, BLGE_LS, BST_LS, CAB_3T_LS, CAB_4T_LS, CAB_BG_LS, CAB_DL_LS, CAB_DS_LS, CAB_KA_LS, CAB_KE_LS, CAB_KL_LS, CAB_KM_LS, CAB_KO_LS, CAB_LS, CAB_ME_LS, CAB_NE_LS, CAB_TA_LS, CAB_TN_LS, CAB_UD_LS, CAB_VC_LS, CAB_VI_LS, CAB_VS_LS, CEB_LS, CEN_LS, CEV_LS, CEVE_LS, CHZ_LS, CHZE_LS, DEN_LS, DENE_LS, ECNE_LS, EEE_LS, EFN_LS, EHB_LS, EHBE_LS, ELE_LS, ELH_LS, ELK_LS, ELKE_LS, END_LS, ENDE_LS, ENTE_LS, ESS_LS, EUT_LS, EUTE_LS, FIZ_LS, FIZE_LS, GEM_LS, GEME_LS, GEMK_LS, GEO_LS, GEOE_LS, GID_LS, GIDE_LS, HTA_LS, HTAE_LS, IAD_LS, IBM_LS, ICM_LS, IML_LS, IMLE_LS, IND_LS, INS_LS, INSE_LS, ISL_LS, ISLE_LS, JEF_LS, JEFE_LS, JEO_LS, JEOE_LS, KIM_LS, KIME_LS, KMM_LS, KMME_LS, KMP_LS, KOM_LS, KOME_LS, MAD_LS, MADE_LS, MAK_LS, MAKE_LS, MAT_LS, MATE_LS, MET_LS, METE_LS, MIM_LS, MIME_LS, MMD_LS, MTO_LS, MTOE_LS, MTR_LS, MUT_LS, MUZ_LS, MUZE_LS, MZT_LS, NAE_LS, PEM_LS, PEME_LS, PET_LS, PETE_LS, ROS_LS, ROSE_LS, SAO_OL, SBP_LS, SBPE_LS, SECE_LS, SES_LS, SES_TH_LS, SES_TS_LS, STP_LS, TEK_LS, TEKE_LS, TEL_LS, THO_LS, UCK_LS, UZB_LS, UZBE_LS, VBAE_LS, YZVE_LS",,
20411,TUR 122,TUR,LS,Türk Dili II,,-,,,-/-,,0,0,,"ARC_LS, BIO_LS, BIOE_LS, BLG_LS, BLGE_LS, BST_LS, CAB_3T_LS, CAB_4T_LS, CAB_BG_LS, CAB_DL_LS, CAB_DS_LS, CAB_KA_LS, CAB_KE_LS, CAB_KL_LS, CAB_KM_LS, CAB_KO_LS, CAB_LS, CAB_ME_LS, CAB_NE_LS, CAB_TA_LS, CAB_TN_LS, CAB_UD_LS, CAB_VC_LS, CAB_VI_LS, CAB_VS_LS, CEB_LS, CEN_LS, CEV_LS, CEVE_LS, CHZ_LS, CHZE_LS, DEN_LS, DENE_LS, ECNE_LS, EEE_LS, EFN_LS, EHB_LS, EHBE_LS, ELE_LS, ELH_LS, ELK_LS, ELKE_LS, END_LS, ENDE_LS, ENTE_LS, ESS_LS, EUT_LS, EUTE_LS, FIZ_LS, FIZE_LS, GEM_LS, GEME_LS, GEMK_LS, GEO_LS, GEOE_LS, GID_LS, GIDE_LS, HTA_LS, HTAE_LS, IAD_LS, IBM_LS, ICM_LS, IML_LS, IMLE_LS, IND_LS, INS_LS, INSE_LS, ISL_LS, ISLE_LS, JEF_LS, JEFE_LS, JEO_LS, JEOE_LS, KIM_LS, KIME_LS, KMM_LS, KMME_LS, KMP_LS, KOM_LS, KOME_LS, MAD_LS, MADE_LS, MAK_LS, MAKE_LS, MAT_LS, MATE_LS, MET_LS, METE_LS, MIM_LS, MIME_LS, MMD_LS, MTO_LS, MTOE_LS, MTR_LS, MUT_LS, MUZ_LS, MUZE_LS, MZT_LS, NAE_LS, PEM_LS, PEME_LS, PET_LS, PETE_LS, ROS_LS, ROSE_LS, SAO_OL, SBP_LS, SBPE_LS, SECE_LS, SES_LS, SES_TH_LS, SES_TS_LS, STP_LS, TEK_LS, TEKE_LS, TEL_LS, THO_LS, UCK_LS, UZB_LS, UZBE_LS, VBAE_LS, YZVE_LS",,
20413,TUR 122,TUR,LS,Türk Dili II,,-,,,-/-,,0,0,,"ARC_LS, BIO_LS, BIOE_LS, BLG_LS, BLGE_LS, BST_LS, CAB_3T_LS, CAB_4T_LS, CAB_BG_LS, CAB_DL_LS, CAB_DS_LS, CAB_KA_LS, CAB_KE_LS, CAB_KL_LS, CAB_KM_LS, CAB_KO_LS, CAB_LS, CAB_ME_LS, CAB_NE_LS, CAB_TA_LS, CAB_TN_LS, CAB_UD_LS, CAB_VC_LS, CAB_VI_LS, CAB_VS_LS, CEB_LS, CEN_LS, CEV_LS, CEVE_LS, CHZ_LS, CHZE_LS, DEN_LS, DENE_LS, ECNE_LS, EEE_LS, EFN_LS, EHB_LS, EHBE_LS, ELE_LS, ELH_LS, ELK_LS, ELKE_LS, END_LS, ENDE_LS, ENTE_LS, ESS_LS, EUT_LS, EUTE_LS, FIZ_LS, FIZE_LS, GEM_LS, GEME_LS, GEMK_LS, GEO_LS, GEOE_LS, GID_LS, GIDE_LS, HTA_LS, HTAE_LS, IAD_LS, IBM_LS, ICM_LS, IML_LS, IMLE_LS, IND_LS, INS_LS, INSE_LS, ISL_LS, ISLE_LS, JEF_LS, JEFE_LS, JEO_LS, JEOE_LS, KIM_LS, KIME_LS, KMM_LS, KMME_LS, KMP_LS, KOM_LS, KOME_LS, MAD_LS, MADE_LS, MAK_LS, MAKE_LS, MAT_LS, MATE_LS, MET_LS, METE_LS, MIM_LS, MIME_LS, MMD_LS, MTO_LS, MTOE_LS, MTR_LS, MUT_LS, MUZ_LS, MUZE_LS, MZT_LS, NAE_LS, PEM_LS, PEME_LS, PET_LS, PETE_LS, ROS_LS, ROSE_LS, SAO_OL, SBP_LS, SBPE_LS, SECE_LS, SES_LS, SES_TH_LS, SES_TS_LS, STP_LS, TEK_LS, TEKE_LS, TEL_LS, THO_LS, UCK_LS, UZB_LS, UZBE_LS, VBAE_LS, YZVE_LS",,
20414,TUR 122,TUR,LS,Türk Dili II,,Özlem Kara,MED,Salı,13:30/15:29,,55,56,,"ARC_LS, BIO_LS, BIOE_LS, BLG_LS, BLGE_LS, BST_LS, CAB_3T_LS, CAB_4T_LS, CAB_BG_LS, CAB_DL_LS, CAB_DS_LS, CAB_KA_LS, CAB_KE_LS, CAB_KL_LS, CAB_KM_LS, CAB_KO_LS, CAB_LS, CAB_ME_LS, CAB_NE_LS, CAB_TA_LS, CAB_TN_LS, CAB_UD_LS, CAB_VC_LS, CAB_VI_LS, CAB_VS_LS, CEB_LS, CEN_LS, CEV_LS, CEVE_LS, CHZ_LS, CHZE_LS, DEN_LS, DENE_LS, ECNE_LS, EEE_LS, EFN_LS, EHB_LS, EHBE_LS, ELE_LS, ELH_LS, ELK_LS, ELKE_LS, END_LS, ENDE_LS, ENTE_LS, ESS_LS, EUT_LS, EUTE_LS, FIZ_LS, FIZE_LS, GEM_LS, GEME_LS, GEMK_LS, GEO_LS, GEOE_LS, GID_LS, GIDE_LS, HTA_LS, HTAE_LS, IAD_LS, IBM_LS, ICM_LS, IML_LS, IMLE_LS, IND_LS, INS_LS, INSE_LS, ISL_LS, ISLE_LS, JEF_LS, JEFE_LS, JEO_LS, JEOE_LS, KIM_LS, KIME_LS, KMM_LS, KMME_LS, KMP_LS, KOM_LS, KOME_LS, MAD_LS, MADE_LS, MAK_LS, MAKE_LS, MAT_LS, MATE_LS, MET_LS, METE_LS, MIM_LS, MIME_LS, MMD_LS, MTO_LS, MTOE_LS, MTR_LS, MUT_LS, MUZ_LS, MUZE_LS, MZT_LS, NAE_LS, PEM_LS, PEME_LS, PET_LS, PETE_LS, ROS_LS, ROSE_LS, SAO_OL, SBP_LS, SBPE_LS, SECE_LS, SES_LS, SES_TH_LS, SES_TS_LS, STP_LS, TEK_LS, TEKE_LS, TEL_LS, THO_LS, UCK_LS, UZB_LS, UZBE_LS, VBAE_LS, YZVE_LS",,
20416,TUR 122,TUR,LS,Türk Dili II,,Özlem Kara,MED,Salı,15:30/17:29,,55,55,,"ARC_LS, BIO_LS, BIOE_LS, BLG_LS, BLGE_LS, BST_LS, CAB_3T_LS, CAB_4T_LS, CAB_BG_LS, CAB_DL_LS, CAB_DS_LS, CAB_KA_LS, CAB_KE_LS, CAB_KL_LS, CAB_KM_LS, CAB_KO_LS, CAB_LS, CAB_ME_LS, CAB_NE_LS, CAB_TA_LS, CAB_TN_LS, CAB_UD_LS, CAB_VC_LS, CAB_VI_LS, CAB_VS_LS, CEB_LS, CEN_LS, CEV_LS, CEVE_LS, CHZ_LS, CHZE_LS, DEN_LS, DENE_LS, ECNE_LS, EEE_LS, EFN_LS, EHB_LS, EHBE_LS, ELE_LS, ELH_LS, ELK_LS, ELKE_LS, END_LS, ENDE_LS, ENTE_LS, ESS_LS, EUT_LS, EUTE_LS, FIZ_LS, FIZE_LS, GEM_LS, GEME_LS, GEMK_LS, GEO_LS, GEOE_LS, GID_LS, GIDE_LS, HTA_LS, HTAE_LS, IAD_LS, IBM_LS, ICM_LS, IML_LS, IMLE_LS, IND_LS, INS_LS, INSE_LS, ISL_LS, ISLE_LS, JEF_LS, JEFE_LS, JEO_LS, JEOE_LS, KIM_LS, KIME_LS, KMM_LS, KMME_LS, KMP_LS, KOM_LS, KOME_LS, MAD_LS, MADE_LS, MAK_LS, MAKE_LS, MAT_LS, MATE_LS, MET_LS, METE_LS, MIM_LS, MIME_LS, MMD_LS, MTO_LS, MTOE_LS, MTR_LS, MUT_LS, MUZ_LS, MUZE_LS, MZT_LS, NAE_LS, PEM_LS, PEME_LS, PET_LS, PETE_LS, ROS_LS, ROSE_LS, SAO_OL, SBP_LS, SBPE_LS, SECE_LS, SES_LS, SES_TH_LS, SES_TS_LS, STP_LS, TEK_LS, TEKE_LS, TEL_LS, THO_LS, UCK_LS, UZB_LS, UZBE_LS, VBAE_LS, YZVE_LS",,
20418,TUR 122,TUR,LS,Türk Dili II,,Özlem Kara,MED,Perşembe,13:30/15:29,,55,54,,"ARC_LS, BIO_LS, BIOE_LS, BLG_LS, BLGE_LS, BST_LS, CAB_3T_LS, CAB_4T_LS, CAB_BG_LS, CAB_DL_LS, CAB_DS_LS, CAB_KA_LS, CAB_KE_LS, CAB_KL_LS, CAB_KM_LS, CAB_KO_LS, CAB_LS, CAB_ME_LS, CAB_NE_LS, CAB_TA_LS, CAB_TN_LS, CAB_UD_LS, CAB_VC_LS, CAB_VI_LS, CAB_VS_LS, CEB_LS, CEN_LS, CEV_LS, CEVE_LS, CHZ_LS, CHZE_LS, DEN_LS, DENE_LS, ECNE_LS, EEE_LS, EFN_LS, EHB_LS, EHBE_LS, ELE_LS, ELH_LS, ELK_LS, ELKE_LS, END_LS, ENDE_LS, ENTE_LS, ESS_LS, EUT_LS, EUTE_LS, FIZ_LS, FIZE_LS, GEM_LS, GEME_LS, GEMK_LS, GEO_LS, GEOE_LS, GID_LS, GIDE_LS, HTA_LS, HTAE_LS, IAD_LS, IBM_LS, ICM_LS, IML_LS, IMLE_LS, IND_LS, INS_LS, INSE_LS, ISL_LS, ISLE_LS, JEF_LS, JEFE_LS, JEO_LS, JEOE_LS, KIM_LS, KIME_LS, KMM_LS, KMME_LS, KMP_LS, KOM_LS, KOME_LS, MAD_LS, MADE_LS, MAK_LS, MAKE_LS, MAT_LS, MATE_LS, MET_LS, METE_LS, MIM_LS, MIME_LS, MMD_LS, MTO_LS, MTOE_LS, MTR_LS, MUT_LS, MUZ_LS, MUZE_LS, MZT_LS, NAE_LS, PEM_LS, PEME_LS, PET_LS, PETE_LS, ROS_LS, ROSE_LS, SAO_OL, SBP_LS, SBPE_LS, SECE_LS, SES_LS, SES_TH_LS, SES_TS_LS, STP_LS, TEK_LS, TEKE_LS, TEL_LS, THO_LS, UCK_LS, UZB_LS, UZBE_LS, VBAE_LS, YZVE_LS",,
20420,TUR 122,TUR,LS,Türk Dili II,,Özlem Kara,MED,Perşembe,15:30/17:29,,55,56,,"ARC_LS, BIO_LS, BIOE_LS, BLG_LS, BLGE_LS, BST_LS, CAB_3T_LS, CAB_4T_LS, CAB_BG_LS, CAB_DL_LS, CAB_DS_LS, CAB_KA_LS, CAB_KE_LS, CAB_KL_LS, CAB_KM_LS, CAB_KO_LS, CAB_LS, CAB_ME_LS, CAB_NE_LS, CAB_TA_LS, CAB_TN_LS, CAB_UD_LS, CAB_VC_LS, CAB_VI_LS, CAB_VS_LS, CEB_LS, CEN_LS, CEV_LS, CEVE_LS, CHZ_LS, CHZE_LS, DEN_LS, DENE_LS, ECNE_LS, EEE_LS, EFN_LS, EHB_LS, EHBE_LS, ELE_LS, ELH_LS, ELK_LS, ELKE_LS, END_LS, ENDE_LS, ENTE_LS, ESS_LS, EUT_LS, EUTE_LS, FIZ_LS, FIZE_LS, GEM_LS, GEME_LS, GEMK_LS, GEO_LS, GEOE_LS, GID_LS, GIDE_LS, HTA_LS, HTAE_LS, IAD_LS, IBM_LS, ICM_LS, IML_LS, IMLE_LS, IND_LS, INS_LS, INSE_LS, ISL_LS, ISLE_LS, JEF_LS, JEFE_LS, JEO_LS, JEOE_LS, KIM_LS, KIME_LS, KMM_LS, KMME_LS, KMP_LS, KOM_LS, KOME_LS, MAD_LS, MADE_LS, MAK_LS, MAKE_LS, MAT_LS, MATE_LS, MET_LS, METE_LS, MIM_LS, MIME_LS, MMD_LS, MTO_LS, MTOE_LS, MTR_LS, MUT_LS, MUZ_LS, MUZE_LS, MZT_LS, NAE_LS, PEM_LS, PEME_LS, PET_LS, PETE_LS, ROS_LS, ROSE_LS, SAO_OL, SBP_LS, SBPE_LS, SECE_LS, SES_LS, SES_TH_LS, SES_TS_LS, STP_LS, TEK_LS, TEKE_LS, TEL_LS, THO_LS, UCK_LS, UZB_LS, UZBE_LS, VBAE_LS, YZVE_LS",,
20422,TUR 122,TUR,LS,Türk Dili II,,Cemile Rümeysa Mehanı,MED,Salı,08:30/10:29,,55,55,,"ARC_LS, BIO_LS, BIOE_LS, BLG_LS, BLGE_LS, BST_LS, CAB_3T_LS, CAB_4T_LS, CAB_BG_LS, CAB_DL_LS, CAB_DS_LS, CAB_KA_LS, CAB_KE_LS, CAB_KL_LS, CAB_KM_LS, CAB_KO_LS, CAB_LS, CAB_ME_LS, CAB_NE_LS, CAB_TA_LS, CAB_TN_LS, CAB_UD_LS, CAB_VC_LS, CAB_VI_LS, CAB_VS_LS, CEB_LS, CEN_LS, CEV_LS, CEVE_LS, CHZ_LS, CHZE_LS, DEN_LS, DENE_LS, ECNE_LS, EEE_LS, EFN_LS, EHB_LS, EHBE_LS, ELE_LS, ELH_LS, ELK_LS, ELKE_LS, END_LS, ENDE_LS, ENTE_LS, ESS_LS, EUT_LS, EUTE_LS, FIZ_LS, FIZE_LS, GEM_LS, GEME_LS, GEMK_LS, GEO_LS, GEOE_LS, GID_LS, GIDE_LS, HTA_LS, HTAE_LS, IAD_LS, IBM_LS, ICM_LS, IML_LS, IMLE_LS, IND_LS, INS_LS, INSE_LS, ISL_LS, ISLE_LS, JEF_LS, JEFE_LS, JEO_LS, JEOE_LS, KIM_LS, KIME_LS, KMM_LS, KMME_LS, KMP_LS, KOM_LS, KOME_LS, MAD_LS, MADE_LS, MAK_LS, MAKE_LS, MAT_LS, MATE_LS, MET_LS, METE_LS, MIM_LS, MIME_LS, MMD_LS, MTO_LS, MTOE_LS, MTR_LS, MUT_LS, MUZ_LS, MUZE_LS, MZT_LS, NAE_LS, PEM_LS, PEME_LS, PET_LS, PETE_LS, ROS_LS, ROSE_LS, SAO_OL, SBP_LS, SBPE_LS, SECE_LS, SES_LS, SES_TH_LS, SES_TS_LS, STP_LS, TEK_LS, TEKE_LS, TEL_LS, THO_LS, UCK_LS, UZB_LS, UZBE_LS, VBAE_LS, YZVE_LS",,
20433,TUR 122,TUR,LS,Türk Dili II,,Cemile Rümeysa Mehanı,MED,Salı,10:30/12:29,,55,54,,"ARC_LS, BIO_LS, BIOE_LS, BLG_LS, BLGE_LS, BST_LS, CAB_3T_LS, CAB_4T_LS, CAB_BG_LS, CAB_DL_LS, CAB_DS_LS, CAB_KA_LS, CAB_KE_LS, CAB_KL_LS, CAB_KM_LS, CAB_KO_LS, CAB_LS, CAB_ME_LS, CAB_NE_LS, CAB_TA_LS, CAB_TN_LS, CAB_UD_LS, CAB_VC_LS, CAB_VI_LS, CAB_VS_LS, CEB_LS, CEN_LS, CEV_LS, CEVE_LS, CHZ_LS, CHZE_LS, DEN_LS, DENE_LS, ECNE_LS, EEE_LS, EFN_LS, EHB_LS, EHBE_LS, ELE_LS, ELH_LS, ELK_LS, ELKE_LS, END_LS, ENDE_LS, ENTE_LS, ESS_LS, EUT_LS, EUTE_LS, FIZ_LS, FIZE_LS, GEM_LS, GEME_LS, GEMK_LS, GEO_LS, GEOE_LS, GID_LS, GIDE_LS, HTA_LS, HTAE_LS, IAD_LS, IBM_LS, ICM_LS, IML_LS, IMLE_LS, IND_LS, INS_LS, INSE_LS, ISL_LS, ISLE_LS, JEF_LS, JEFE_LS, JEO_LS, JEOE_LS, KIM_LS, KIME_LS, KMM_LS, KMME_LS, KMP_LS, KOM_LS, KOME_LS, MAD_LS, MADE_LS, MAK_LS, MAKE_LS, MAT_LS, MATE_LS, MET_LS, METE_LS, MIM_LS, MIME_LS, MMD_LS, MTO_LS, MTOE_LS, MTR_LS, MUT_LS, MUZ_LS, MUZE_LS, MZT_LS, NAE_LS, PEM_LS, PEME_LS, PET_LS, PETE_LS, ROS_LS, ROSE_LS, SAO_OL, SBP_LS, SBPE_LS, SECE_LS, SES_LS, SES_TH_LS, SES_TS_LS, STP_LS, TEK_LS, TEKE_LS, TEL_LS, THO_LS, UCK_LS, UZB_LS, UZBE_LS, VBAE_LS, YZVE_LS",,
20434,TUR 122,TUR,LS,Türk Dili II,,Cemile Rümeysa Mehanı,MED,Perşembe,08:30/10:29,,55,55,,"ARC_LS, BIO_LS, BIOE_LS, BLG_LS, BLGE_LS, BST_LS, CAB_3T_LS, CAB_4T_LS, CAB_BG_LS, CAB_DL_LS, CAB_DS_LS, CAB_KA_LS, CAB_KE_LS, CAB_KL_LS, CAB_KM_LS, CAB_KO_LS, CAB_LS, CAB_ME_LS, CAB_NE_LS, CAB_TA_LS, CAB_TN_LS, CAB_UD_LS, CAB_VC_LS, CAB_VI_LS, CAB_VS_LS, CEB_LS, CEN_LS, CEV_LS, CEVE_LS, CHZ_LS, CHZE_LS, DEN_LS, DENE_LS, ECNE_LS, EEE_LS, EFN_LS, EHB_LS, EHBE_LS, ELE_LS, ELH_LS, ELK_LS, ELKE_LS, END_LS, ENDE_LS, ENTE_LS, ESS_LS, EUT_LS, EUTE_LS, FIZ_LS, FIZE_LS, GEM_LS, GEME_LS, GEMK_LS, GEO_LS, GEOE_LS, GID_LS, GIDE_LS, HTA_LS, HTAE_LS, IAD_LS, IBM_LS, ICM_LS, IML_LS, IMLE_LS, IND_LS, INS_LS, INSE_LS, ISL_LS, ISLE_LS, JEF_LS, JEFE_LS, JEO_LS, JEOE_LS, KIM_LS, KIME_LS, KMM_LS, KMME_LS, KMP_LS, KOM_LS, KOME_LS, MAD_LS, MADE_LS, MAK_LS, MAKE_LS, MAT_LS, MATE_LS, MET_LS, METE_LS, MIM_LS, MIME_LS, MMD_LS, MTO_LS, MTOE_LS, MTR_LS, MUT_LS, MUZ_LS, MUZE_LS, MZT_LS, NAE_LS, PEM_LS, PEME_LS, PET_LS, PETE_LS, ROS_LS, ROSE_LS, SAO_OL, SBP_LS, SBPE_LS, SECE_LS, SES_LS, SES_TH_LS, SES_TS_LS, STP_LS, TEK_LS, TEKE_LS, TEL_LS, THO_LS, UCK_LS, UZB_LS, UZBE_LS, VBAE_LS, YZVE_LS",,
20435,TUR 122,TUR,LS,Türk Dili II,,Cemile Rümeysa Mehanı,MED,Perşembe,10:30/12:29,,55,54,,"ARC_LS, BIO_LS, BIOE_LS, BLG_LS, BLGE_LS, BST_LS, CAB_3T_LS, CAB_4T_LS, CAB_BG_LS, CAB_DL_LS, CAB_DS_LS, CAB_KA_LS, CAB_KE_LS, CAB_KL_LS, CAB_KM_LS, CAB_KO_LS, CAB_LS, CAB_ME_LS, CAB_NE_LS, CAB_TA_LS, CAB_TN_LS, CAB_UD_LS, CAB_VC_LS, CAB_VI_LS, CAB_VS_LS, CEB_LS, CEN_LS, CEV_LS, CEVE_LS, CHZ_LS, CHZE_LS, DEN_LS, DENE_LS, ECNE_LS, EEE_LS, EFN_LS, EHB_LS, EHBE_LS, ELE_LS, ELH_LS, ELK_LS, ELKE_LS, END_LS, ENDE_LS, ENTE_LS, ESS_LS, EUT_LS, EUTE_LS, FIZ_LS, FIZE_LS, GEM_LS, GEME_LS, GEMK_LS, GEO_LS, GEOE_LS, GID_LS, GIDE_LS, HTA_LS, HTAE_LS, IAD_LS, IBM_LS, ICM_LS, IML_LS, IMLE_LS, IND_LS, INS_LS, INSE_LS, ISL_LS, ISLE_LS, JEF_LS, JEFE_LS, JEO_LS, JEOE_LS, KIM_LS, KIME_LS, KMM_LS, KMME_LS, KMP_LS, KOM_LS, KOME_LS, MAD_LS, MADE_LS, MAK_LS, MAKE_LS, MAT_LS, MATE_LS, MET_LS, METE_LS, MIM_LS, MIME_LS, MMD_LS, MTO_LS, MTOE_LS, MTR_LS, MUT_LS, MUZ_LS, MUZE_LS, MZT_LS, NAE_LS, PEM_LS, PEME_LS, PET_LS, PETE_LS, ROS_LS, ROSE_LS, SAO_OL, SBP_LS, SBPE_LS, SECE_LS, SES_LS, SES_TH_LS, SES_TS_LS, STP_LS, TEK_LS, TEKE_LS, TEL_LS, THO_LS, UCK_LS, UZB_LS, UZBE_LS, VBAE_LS, YZVE_LS",,
20436,TUR 122,TUR,LS,Türk Dili II,,Cemile Rümeysa Mehanı,MED,Cuma,08:30/10:29,,55,54,,"ARC_LS, BIO_LS, BIOE_LS, BLG_LS, BLGE_LS, BST_LS, CAB_3T_LS, CAB_4T_LS, CAB_BG_LS, CAB_DL_LS, CAB_DS_LS, CAB_KA_LS, CAB_KE_LS, CAB_KL_LS, CAB_KM_LS, CAB_KO_LS, CAB_LS, CAB_ME_LS, CAB_NE_LS, CAB_TA_LS, CAB_TN_LS, CAB_UD_LS, CAB_VC_LS, CAB_VI_LS, CAB_VS_LS, CEB_LS, CEN_LS, CEV_LS, CEVE_LS, CHZ_LS, CHZE_LS, DEN_LS, DENE_LS, ECNE_LS, EEE_LS, EFN_LS, EHB_LS, EHBE_LS, ELE_LS, ELH_LS, ELK_LS, ELKE_LS, END_LS, ENDE_LS, ENTE_LS, ESS_LS, EUT_LS, EUTE_LS, FIZ_LS, FIZE_LS, GEM_LS, GEME_LS, GEMK_LS, GEO_LS, GEOE_LS, GID_LS, GIDE_LS, HTA_LS, HTAE_LS, IAD_LS, IBM_LS, ICM_LS, IML_LS, IMLE_LS, IND_LS, INS_LS, INSE_LS, ISL_LS, ISLE_LS, JEF_LS, JEFE_LS, JEO_LS, JEOE_LS, KIM_LS, KIME_LS, KMM_LS, KMME_LS, KMP_LS, KOM_LS, KOME_LS, MAD_LS, MADE_LS, MAK_LS, MAKE_LS, MAT_LS, MATE_LS, MET_LS, METE_LS, MIM_LS, MIME_LS, MMD_LS, MTO_LS, MTOE_LS, MTR_LS, MUT_LS, MUZ_LS, MUZE_LS, MZT_LS, NAE_LS, PEM_LS, PEME_LS, PET_LS, PETE_LS, ROS_LS, ROSE_LS, SAO_OL, SBP_LS, SBPE_LS, SECE_LS, SES_LS, SES_TH_LS, SES_TS_LS, STP_LS, TEK_LS, TEKE_LS, TEL_LS, THO_LS, UCK_LS, UZB_LS, UZBE_LS, VBAE_LS, YZVE_LS",,
20437,TUR 122,TUR,LS,Türk Dili II,,Gülsün Nakıboğlu,MED,Pazartesi,08:30/10:29,,50,55,,"ARC_LS, BIO_LS, BIOE_LS, BLG_LS, BLGE_LS, BST_LS, CAB_3T_LS, CAB_4T_LS, CAB_BG_LS, CAB_DL_LS, CAB_DS_LS, CAB_KA_LS, CAB_KE_LS, CAB_KL_LS, CAB_KM_LS, CAB_KO_LS, CAB_LS, CAB_ME_LS, CAB_NE_LS, CAB_TA_LS, CAB_TN_LS, CAB_UD_LS, CAB_VC_LS, CAB_VI_LS, CAB_VS_LS, CEB_LS, CEN_LS, CEV_LS, CEVE_LS, CHZ_LS, CHZE_LS, DEN_LS, DENE_LS, ECNE_LS, EEE_LS, EFN_LS, EHB_LS, EHBE_LS, ELE_LS, ELH_LS, ELK_LS, ELKE_LS, END_LS, ENDE_LS, ENTE_LS, ESS_LS, EUT_LS, EUTE_LS, FIZ_LS, FIZE_LS, GEM_LS, GEME_LS, GEMK_LS, GEO_LS, GEOE_LS, GID_LS, GIDE_LS, HTA_LS, HTAE_LS, IAD_LS, IBM_LS, ICM_LS, IML_LS, IMLE_LS, IND_LS, INS_LS, INSE_LS, ISL_LS, ISLE_LS, JEF_LS, JEFE_LS, JEO_LS, JEOE_LS, KIM_LS, KIME_LS, KMM_LS, KMME_LS, KMP_LS, KOM_LS, KOME_LS, MAD_LS, MADE_LS, MAK_LS, MAKE_LS, MAT_LS, MATE_LS, MET_LS, METE_LS, MIM_LS, MIME_LS, MMD_LS, MTO_LS, MTOE_LS, MTR_LS, MUT_LS, MUZ_LS, MUZE_LS, MZT_LS, NAE_LS, PEM_LS, PEME_LS, PET_LS, PETE_LS, ROS_LS, ROSE_LS, SAO_OL, SBP_LS, SBPE_LS, SECE_LS, SES_LS, SES_TH_LS, SES_TS_LS, STP_LS, TEK_LS, TEKE_LS, TEL_LS, THO_LS, UCK_LS, UZB_LS, UZBE_LS, VBAE_LS, YZVE_LS",,
20438,TUR 122,TUR,LS,Türk Dili II,,Gülsün Nakıboğlu,MED,Pazartesi,10:30/12:29,,50,55,,"ARC_LS, BIO_LS, BIOE_LS, BLG_LS, BLGE_LS, BST_LS, CAB_3T_LS, CAB_4T_LS, CAB_BG_LS, CAB_DL_LS, CAB_DS_LS, CAB_KA_LS, CAB_KE_LS, CAB_KL_LS, CAB_KM_LS, CAB_KO_LS, CAB_LS, CAB_ME_LS, CAB_NE_LS, CAB_TA_LS, CAB_TN_LS, CAB_UD_LS, CAB_VC_LS, CAB_VI_LS, CAB_VS_LS, CEB_LS, CEN_LS, CEV_LS, CEVE_LS, CHZ_LS, CHZE_LS, DEN_LS, DENE_LS, ECNE_LS, EEE_LS, EFN_LS, EHB_LS, EHBE_LS, ELE_LS, ELH_LS, ELK_LS, ELKE_LS, END_LS, ENDE_LS, ENTE_LS, ESS_LS, EUT_LS, EUTE_LS, FIZ_LS, FIZE_LS, GEM_LS, GEME_LS, GEMK_LS, GEO_LS, GEOE_LS, GID_LS, GIDE_LS, HTA_LS, HTAE_LS, IAD_LS, IBM_LS, ICM_LS, IML_LS, IMLE_LS, IND_LS, INS_LS, INSE_LS, ISL_LS, ISLE_LS, JEF_LS, JEFE_LS, JEO_LS, JEOE_LS, KIM_LS, KIME_LS, KMM_LS, KMME_LS, KMP_LS, KOM_LS, KOME_LS, MAD_LS, MADE_LS, MAK_LS, MAKE_LS, MAT_LS, MATE_LS, MET_LS, METE_LS, MIM_LS, MIME_LS, MMD_LS, MTO_LS, MTOE_LS, MTR_LS, MUT_LS, MUZ_LS, MUZE_LS, MZT_LS, NAE_LS, PEM_LS, PEME_LS, PET_LS, PETE_LS, ROS_LS, ROSE_LS, SAO_OL, SBP_LS, SBPE_LS, SECE_LS, SES_LS, SES_TH_LS, SES_TS_LS, STP_LS, TEK_LS, TEKE_LS, TEL_LS, THO_LS, UCK_LS, UZB_LS, UZBE_LS, VBAE_LS, YZVE_LS",,
20439,TUR 122,TUR,LS,Türk Dili II,,Gülsün Nakıboğlu,MED,Salı,08:30/10:29,,55,54,,"ARC_LS, BIO_LS, BIOE_LS, BLG_LS, BLGE_LS, BST_LS, CAB_3T_LS, CAB_4T_LS, CAB_BG_LS, CAB_DL_LS, CAB_DS_LS, CAB_KA_LS, CAB_KE_LS, CAB_KL_LS, CAB_KM_LS, CAB_KO_LS, CAB_LS, CAB_ME_LS, CAB_NE_LS, CAB_TA_LS, CAB_TN_LS, CAB_UD_LS, CAB_VC_LS, CAB_VI_LS, CAB_VS_LS, CEB_LS, CEN_LS, CEV_LS, CEVE_LS, CHZ_LS, CHZE_LS, DEN_LS, DENE_LS, ECNE_LS, EEE_LS, EFN_LS, EHB_LS, EHBE_LS, ELE_LS, ELH_LS, ELK_LS, ELKE_LS, END_LS, ENDE_LS, ENTE_LS, ESS_LS, EUT_LS, EUTE_LS, FIZ_LS, FIZE_LS, GEM_LS, GEME_LS, GEMK_LS, GEO_LS, GEOE_LS, GID_LS, GIDE_LS, HTA_LS, HTAE_LS, IAD_LS, IBM_LS, ICM_LS, IML_LS, IMLE_LS, IND_LS, INS_LS, INSE_LS, ISL_LS, ISLE_LS, JEF_LS, JEFE_LS, JEO_LS, JEOE_LS, KIM_LS, KIME_LS, KMM_LS, KMME_LS, KMP_LS, KOM_LS, KOME_LS, MAD_LS, MADE_LS, MAK_LS, MAKE_LS, MAT_LS, MATE_LS, MET_LS, METE_LS, MIM_LS, MIME_LS, MMD_LS, MTO_LS, MTOE_LS, MTR_LS, MUT_LS, MUZ_LS, MUZE_LS, MZT_LS, NAE_LS, PEM_LS, PEME_LS, PET_LS, PETE_LS, ROS_LS, ROSE_LS, SAO_OL, SBP_LS, SBPE_LS, SECE_LS, SES_LS, SES_TH_LS, SES_TS_LS, STP_LS, TEK_LS, TEKE_LS, TEL_LS, THO_LS, UCK_LS, UZB_LS, UZBE_LS, VBAE_LS, YZVE_LS",,
20440,TUR 122,TUR,LS,Türk Dili II,,Gülsün Nakıboğlu,MED,Çarşamba,10:30/12:29,,50,50,,"ARC_LS, BIO_LS, BIOE_LS, BLG_LS, BLGE_LS, BST_LS, CAB_3T_LS, CAB_4T_LS, CAB_BG_LS, CAB_DL_LS, CAB_DS_LS, CAB_KA_LS, CAB_KE_LS, CAB_KL_LS, CAB_KM_LS, CAB_KO_LS, CAB_LS, CAB_ME_LS, CAB_NE_LS, CAB_TA_LS, CAB_TN_LS, CAB_UD_LS, CAB_VC_LS, CAB_VI_LS, CAB_VS_LS, CEB_LS, CEN_LS, CEV_LS, CEVE_LS, CHZ_LS, CHZE_LS, DEN_LS, DENE_LS, ECNE_LS, EEE_LS, EFN_LS, EHB_LS, EHBE_LS, ELE_LS, ELH_LS, ELK_LS, ELKE_LS, END_LS, ENDE_LS, ENTE_LS, ESS_LS, EUT_LS, EUTE_LS, FIZ_LS, FIZE_LS, GEM_LS, GEME_LS, GEMK_LS, GEO_LS, GEOE_LS, GID_LS, GIDE_LS, HTA_LS, HTAE_LS, IAD_LS, IBM_LS, ICM_LS, IML_LS, IMLE_LS, IND_LS, INS_LS, INSE_LS, ISL_LS, ISLE_LS, JEF_LS, JEFE_LS, JEO_LS, JEOE_LS, KIM_LS, KIME_LS, KMM_LS, KMME_LS, KMP_LS, KOM_LS, KOME_LS, MAD_LS, MADE_LS, MAK_LS, MAKE_LS, MAT_LS, MATE_LS, MET_LS, METE_LS, MIM_LS, MIME_LS, MMD_LS, MTO_LS, MTOE_LS, MTR_LS, MUT_LS, MUZ_LS, MUZE_LS, MZT_LS, NAE_LS, PEM_LS, PEME_LS, PET_LS, PETE_LS, ROS_LS, ROSE_LS, SAO_OL, SBP_LS, SBPE_LS, SECE_LS, SES_LS, SES_TH_LS, SES_TS_LS, STP_LS, TEK_LS, TEKE_LS, TEL_LS, THO_LS, UCK_LS, UZB_LS, UZBE_LS, VBAE_LS, YZVE_LS",,
20441,TUR 122,TUR,LS,Türk Dili II,,İnci Pamuk,EEB,Pazartesi,08:30/10:29,5101,55,29,,"ARC_LS, BIO_LS, BIOE_LS, BLG_LS, BLGE_LS, BST_LS, CAB_3T_LS, CAB_4T_LS, CAB_BG_LS, CAB_DL_LS, CAB_DS_LS, CAB_KA_LS, CAB_KE_LS, CAB_KL_LS, CAB_KM_LS, CAB_KO_LS, CAB_LS, CAB_ME_LS, CAB_NE_LS, CAB_TA_LS, CAB_TN_LS, CAB_UD_LS, CAB_VC_LS, CAB_VI_LS, CAB_VS_LS, CEB_LS, CEN_LS, CEV_LS, CEVE_LS, CHZ_LS, CHZE_LS, DEN_LS, DENE_LS, ECNE_LS, EEE_LS, EFN_LS, EHB_LS, EHBE_LS, ELE_LS, ELH_LS, ELK_LS, ELKE_LS, END_LS, ENDE_LS, ENTE_LS, ESS_LS, EUT_LS, EUTE_LS, FIZ_LS, FIZE_LS, GEM_LS, GEME_LS, GEMK_LS, GEO_LS, GEOE_LS, GID_LS, GIDE_LS, HTA_LS, HTAE_LS, IAD_LS, IBM_LS, ICM_LS, IML_LS, IMLE_LS, IND_LS, INS_LS, INSE_LS, ISL_LS, ISLE_LS, JEF_LS, JEFE_LS, JEO_LS, JEOE_LS, KIM_LS, KIME_LS, KMM_LS, KMME_LS, KMP_LS, KOM_LS, KOME_LS, MAD_LS, MADE_LS, MAK_LS, MAKE_LS, MAT_LS, MATE_LS, MET_LS, METE_LS, MIM_LS, MIME_LS, MMD_LS, MTO_LS, MTOE_LS, MTR_LS, MUT_LS, MUZ_LS, MUZE_LS, MZT_LS, NAE_LS, PEM_LS, PEME_LS, PET_LS, PETE_LS, ROS_LS, ROSE_LS, SAO_OL, SBP_LS, SBPE_LS, SECE_LS, SES_LS, SES_TH_LS, SES_TS_LS, STP_LS, TEK_LS, TEKE_LS, TEL_LS, THO_LS, UCK_LS, UZB_LS, UZBE_LS, VBAE_LS, YZVE_LS",,
20442,TUR 122,TUR,LS,Türk Dili II,,İnci Pamuk,EEB,Pazartesi,10:30/12:29,5101,55,40,,"ARC_LS, BIO_LS, BIOE_LS, BLG_LS, BLGE_LS, BST_LS, CAB_3T_LS, CAB_4T_LS, CAB_BG_LS, CAB_DL_LS, CAB_DS_LS, CAB_KA_LS, CAB_KE_LS, CAB_KL_LS, CAB_KM_LS, CAB_KO_LS, CAB_LS, CAB_ME_LS, CAB_NE_LS, CAB_TA_LS, CAB_TN_LS, CAB_UD_LS, CAB_VC_LS, CAB_VI_LS, CAB_VS_LS, CEB_LS, CEN_LS, CEV_LS, CEVE_LS, CHZ_LS, CHZE_LS, DEN_LS, DENE_LS, ECNE_LS, EEE_LS, EFN_LS, EHB_LS, EHBE_LS, ELE_LS, ELH_LS, ELK_LS, ELKE_LS, END_LS, ENDE_LS, ENTE_LS, ESS_LS, EUT_LS, EUTE_LS, FIZ_LS, FIZE_LS, GEM_LS, GEME_LS, GEMK_LS, GEO_LS, GEOE_LS, GID_LS, GIDE_LS, HTA_LS, HTAE_LS, IAD_LS, IBM_LS, ICM_LS, IML_LS, IMLE_LS, IND_LS, INS_LS, INSE_LS, ISL_LS, ISLE_LS, JEF_LS, JEFE_LS, JEO_LS, JEOE_LS, KIM_LS, KIME_LS, KMM_LS, KMME_LS, KMP_LS, KOM_LS, KOME_LS, MAD_LS, MADE_LS, MAK_LS, MAKE_LS, MAT_LS, MATE_LS, MET_LS, METE_LS, MIM_LS, MIME_LS, MMD_LS, MTO_LS, MTOE_LS, MTR_LS, MUT_LS, MUZ_LS, MUZE_LS, MZT_LS, NAE_LS, PEM_LS, PEME_LS, PET_LS, PETE_LS, ROS_LS, ROSE_LS, SAO_OL, SBP_LS, SBPE_LS, SECE_LS, SES_LS, SES_TH_LS, SES_TS_LS, STP_LS, TEK_LS, TEKE_LS, TEL_LS, THO_LS, UCK_LS, UZB_LS, UZBE_LS, VBAE_LS, YZVE_LS",,
20443,TUR 122,TUR,LS,Türk Dili II,,İnci Pamuk,MED,Salı,08:30/10:29,,55,57,,"ARC_LS, BIO_LS, BIOE_LS, BLG_LS, BLGE_LS, BST_LS, CAB_3T_LS, CAB_4T_LS, CAB_BG_LS, CAB_DL_LS, CAB_DS_LS, CAB_KA_LS, CAB_KE_LS, CAB_KL_LS, CAB_KM_LS, CAB_KO_LS, CAB_LS, CAB_ME_LS, CAB_NE_LS, CAB_TA_LS, CAB_TN_LS, CAB_UD_LS, CAB_VC_LS, CAB_VI_LS, CAB_VS_LS, CEB_LS, CEN_LS, CEV_LS, CEVE_LS, CHZ_LS, CHZE_LS, DEN_LS, DENE_LS, ECNE_LS, EEE_LS, EFN_LS, EHB_LS, EHBE_LS, ELE_LS, ELH_LS, ELK_LS, ELKE_LS, END_LS, ENDE_LS, ENTE_LS, ESS_LS, EUT_LS, EUTE_LS, FIZ_LS, FIZE_LS, GEM_LS, GEME_LS, GEMK_LS, GEO_LS, GEOE_LS, GID_LS, GIDE_LS, HTA_LS, HTAE_LS, IAD_LS, IBM_LS, ICM_LS, IML_LS, IMLE_LS, IND_LS, INS_LS, INSE_LS, ISL_LS, ISLE_LS, JEF_LS, JEFE_LS, JEO_LS, JEOE_LS, KIM_LS, KIME_LS, KMM_LS, KMME_LS, KMP_LS, KOM_LS, KOME_LS, MAD_LS, MADE_LS, MAK_LS, MAKE_LS, MAT_LS, MATE_LS, MET_LS, METE_LS, MIM_LS, MIME_LS, MMD_LS, MTO_LS, MTOE_LS, MTR_LS, MUT_LS, MUZ_LS, MUZE_LS, MZT_LS, NAE_LS, PEM_LS, PEME_LS, PET_LS, PETE_LS, ROS_LS, ROSE_LS, SAO_OL, SBP_LS, SBPE_LS, SECE_LS, SES_LS, SES_TH_LS, SES_TS_LS, STP_LS, TEK_LS, TEKE_LS, TEL_LS, THO_LS, UCK_LS, UZB_LS, UZBE_LS, VBAE_LS, YZVE_LS",,
20444,TUR 122,TUR,LS,Türk Dili II,,İnci Pamuk,EEB,Çarşamba,08:30/10:29,,30,24,,"ARC_LS, BIO_LS, BIOE_LS, BLG_LS, BLGE_LS, BST_LS, CAB_3T_LS, CAB_4T_LS, CAB_BG_LS, CAB_DL_LS, CAB_DS_LS, CAB_KA_LS, CAB_KE_LS, CAB_KL_LS, CAB_KM_LS, CAB_KO_LS, CAB_LS, CAB_ME_LS, CAB_NE_LS, CAB_TA_LS, CAB_TN_LS, CAB_UD_LS, CAB_VC_LS, CAB_VI_LS, CAB_VS_LS, CEB_LS, CEN_LS, CEV_LS, CEVE_LS, CHZ_LS, CHZE_LS, DEN_LS, DENE_LS, ECNE_LS, EEE_LS, EFN_LS, EHB_LS, EHBE_LS, ELE_LS, ELH_LS, ELK_LS, ELKE_LS, END_LS, ENDE_LS, ENTE_LS, ESS_LS, EUT_LS, EUTE_LS, FIZ_LS, FIZE_LS, GEM_LS, GEME_LS, GEMK_LS, GEO_LS, GEOE_LS, GID_LS, GIDE_LS, HTA_LS, HTAE_LS, IAD_LS, IBM_LS, ICM_LS, IML_LS, IMLE_LS, IND_LS, INS_LS, INSE_LS, ISL_LS, ISLE_LS, JEF_LS, JEFE_LS, JEO_LS, JEOE_LS, KIM_LS, KIME_LS, KMM_LS, KMME_LS, KMP_LS, KOM_LS, KOME_LS, MAD_LS, MADE_LS, MAK_LS, MAKE_LS, MAT_LS, MATE_LS, MET_LS, METE_LS, MIM_LS, MIME_LS, MMD_LS, MTO_LS, MTOE_LS, MTR_LS, MUT_LS, MUZ_LS, MUZE_LS, MZT_LS, NAE_LS, PEM_LS, PEME_LS, PET_LS, PETE_LS, ROS_LS, ROSE_LS, SAO_OL, SBP_LS, SBPE_LS, SECE_LS, SES_LS, SES_TH_LS, SES_TS_LS, STP_LS, TEK_LS, TEKE_LS, TEL_LS, THO_LS, UCK_LS, UZB_LS, UZBE_LS, VBAE_LS, YZVE_LS",,
20446,TUR 122,TUR,LS,Türk Dili II,,İnci Pamuk,EEB,Çarşamba,10:30/12:29,,30,11,,"ARC_LS, BIO_LS, BIOE_LS, BLG_LS, BLGE_LS, BST_LS, CAB_3T_LS, CAB_4T_LS, CAB_BG_LS, CAB_DL_LS, CAB_DS_LS, CAB_KA_LS, CAB_KE_LS, CAB_KL_LS, CAB_KM_LS, CAB_KO_LS, CAB_LS, CAB_ME_LS, CAB_NE_LS, CAB_TA_LS, CAB_TN_LS, CAB_UD_LS, CAB_VC_LS, CAB_VI_LS, CAB_VS_LS, CEB_LS, CEN_LS, CEV_LS, CEVE_LS, CHZ_LS, CHZE_LS, DEN_LS, DENE_LS, ECNE_LS, EEE_LS, EFN_LS, EHB_LS, EHBE_LS, ELE_LS, ELH_LS, ELK_LS, ELKE_LS, END_LS, ENDE_LS, ENTE_LS, ESS_LS, EUT_LS, EUTE_LS, FIZ_LS, FIZE_LS, GEM_LS, GEME_LS, GEMK_LS, GEO_LS, GEOE_LS, GID_LS, GIDE_LS, HTA_LS, HTAE_LS, IAD_LS, IBM_LS, ICM_LS, IML_LS, IMLE_LS, IND_LS, INS_LS, INSE_LS, ISL_LS, ISLE_LS, JEF_LS, JEFE_LS, JEO_LS, JEOE_LS, KIM_LS, KIME_LS, KMM_LS, KMME_LS, KMP_LS, KOM_LS, KOME_LS, MAD_LS, MADE_LS, MAK_LS, MAKE_LS, MAT_LS, MATE_LS, MET_LS, METE_LS, MIM_LS, MIME_LS, MMD_LS, MTO_LS, MTOE_LS, MTR_LS, MUT_LS, MUZ_LS, MUZE_LS, MZT_LS, NAE_LS, PEM_LS, PEME_LS, PET_LS, PETE_LS, ROS_LS, ROSE_LS, SAO_OL, SBP_LS, SBPE_LS, SECE_LS, SES_LS, SES_TH_LS, SES_TS_LS, STP_LS, TEK_LS, TEKE_LS, TEL_LS, THO_LS, UCK_LS, UZB_LS, UZBE_LS, VBAE_LS, YZVE_LS",,
20448,TUR 122,TUR,LS,Türk Dili II,,Hasan Ulucutsoy,MED,Cuma,14:00/15:59,,55,55,,"ARC_LS, BIO_LS, BIOE_LS, BLG_LS, BLGE_LS, BST_LS, CAB_3T_LS, CAB_4T_LS, CAB_BG_LS, CAB_DL_LS, CAB_DS_LS, CAB_KA_LS, CAB_KE_LS, CAB_KL_LS, CAB_KM_LS, CAB_KO_LS, CAB_LS, CAB_ME_LS, CAB_NE_LS, CAB_TA_LS, CAB_TN_LS, CAB_UD_LS, CAB_VC_LS, CAB_VI_LS, CAB_VS_LS, CEB_LS, CEN_LS, CEV_LS, CEVE_LS, CHZ_LS, CHZE_LS, DEN_LS, DENE_LS, ECNE_LS, EEE_LS, EFN_LS, EHB_LS, EHBE_LS, ELE_LS, ELH_LS, ELK_LS, ELKE_LS, END_LS, ENDE_LS, ENTE_LS, ESS_LS, EUT_LS, EUTE_LS, FIZ_LS, FIZE_LS, GEM_LS, GEME_LS, GEMK_LS, GEO_LS, GEOE_LS, GID_LS, GIDE_LS, HTA_LS, HTAE_LS, IAD_LS, IBM_LS, ICM_LS, IML_LS, IMLE_LS, IND_LS, INS_LS, INSE_LS, ISL_LS, ISLE_LS, JEF_LS, JEFE_LS, JEO_LS, JEOE_LS, KIM_LS, KIME_LS, KMM_LS, KMME_LS, KMP_LS, KOM_LS, KOME_LS, MAD_LS, MADE_LS, MAK_LS, MAKE_LS, MAT_LS, MATE_LS, MET_LS, METE_LS, MIM_LS, MIME_LS, MMD_LS, MTO_LS, MTOE_LS, MTR_LS, MUT_LS, MUZ_LS, MUZE_LS, MZT_LS, NAE_LS, PEM_LS, PEME_LS, PET_LS, PETE_LS, ROS_LS, ROSE_LS, SAO_OL, SBP_LS, SBPE_LS, SECE_LS, SES_LS, SES_TH_LS, SES_TS_LS, STP_LS, TEK_LS, TEKE_LS, TEL_LS, THO_LS, UCK_LS, UZB_LS, UZBE_LS, VBAE_LS, YZVE_LS",,
20450,TUR 122,TUR,LS,Türk Dili II,,Hasan Ulucutsoy,MED,Çarşamba,08:30/10:29,,50,51,,"ARC_LS, BIO_LS, BIOE_LS, BLG_LS, BLGE_LS, BST_LS, CAB_3T_LS, CAB_4T_LS, CAB_BG_LS, CAB_DL_LS, CAB_DS_LS, CAB_KA_LS, CAB_KE_LS, CAB_KL_LS, CAB_KM_LS, CAB_KO_LS, CAB_LS, CAB_ME_LS, CAB_NE_LS, CAB_TA_LS, CAB_TN_LS, CAB_UD_LS, CAB_VC_LS, CAB_VI_LS, CAB_VS_LS, CEB_LS, CEN_LS, CEV_LS, CEVE_LS, CHZ_LS, CHZE_LS, DEN_LS, DENE_LS, ECNE_LS, EEE_LS, EFN_LS, EHB_LS, EHBE_LS, ELE_LS, ELH_LS, ELK_LS, ELKE_LS, END_LS, ENDE_LS, ENTE_LS, ESS_LS, EUT_LS, EUTE_LS, FIZ_LS, FIZE_LS, GEM_LS, GEME_LS, GEMK_LS, GEO_LS, GEOE_LS, GID_LS, GIDE_LS, HTA_LS, HTAE_LS, IAD_LS, IBM_LS, ICM_LS, IML_LS, IMLE_LS, IND_LS, INS_LS, INSE_LS, ISL_LS, ISLE_LS, JEF_LS, JEFE_LS, JEO_LS, JEOE_LS, KIM_LS, KIME_LS, KMM_LS, KMME_LS, KMP_LS, KOM_LS, KOME_LS, MAD_LS, MADE_LS, MAK_LS, MAKE_LS, MAT_LS, MATE_LS, MET_LS, METE_LS, MIM_LS, MIME_LS, MMD_LS, MTO_LS, MTOE_LS, MTR_LS, MUT_LS, MUZ_LS, MUZE_LS, MZT_LS, NAE_LS, PEM_LS, PEME_LS, PET_LS, PETE_LS, ROS_LS, ROSE_LS, SAO_OL, SBP_LS, SBPE_LS, SECE_LS, SES_LS, SES_TH_LS, SES_TS_LS, STP_LS, TEK_LS, TEKE_LS, TEL_LS, THO_LS, UCK_LS, UZB_LS, UZBE_LS, VBAE_LS, YZVE_LS",,
20451,TUR 122,TUR,LS,Türk Dili II,,Hasan Ulucutsoy,MED,Çarşamba,10:30/12:29,,50,50,,"ARC_LS, BIO_LS, BIOE_LS, BLG_LS, BLGE_LS, BST_LS, CAB_3T_LS, CAB_4T_LS, CAB_BG_LS, CAB_DL_LS, CAB_DS_LS, CAB_KA_LS, CAB_KE_LS, CAB_KL_LS, CAB_KM_LS, CAB_KO_LS, CAB_LS, CAB_ME_LS, CAB_NE_LS, CAB_TA_LS, CAB_TN_LS, CAB_UD_LS, CAB_VC_LS, CAB_VI_LS, CAB_VS_LS, CEB_LS, CEN_LS, CEV_LS, CEVE_LS, CHZ_LS, CHZE_LS, DEN_LS, DENE_LS, ECNE_LS, EEE_LS, EFN_LS, EHB_LS, EHBE_LS, ELE_LS, ELH_LS, ELK_LS, ELKE_LS, END_LS, ENDE_LS, ENTE_LS, ESS_LS, EUT_LS, EUTE_LS, FIZ_LS, FIZE_LS, GEM_LS, GEME_LS, GEMK_LS, GEO_LS, GEOE_LS, GID_LS, GIDE_LS, HTA_LS, HTAE_LS, IAD_LS, IBM_LS, ICM_LS, IML_LS, IMLE_LS, IND_LS, INS_LS, INSE_LS, ISL_LS, ISLE_LS, JEF_LS, JEFE_LS, JEO_LS, JEOE_LS, KIM_LS, KIME_LS, KMM_LS, KMME_LS, KMP_LS, KOM_LS, KOME_LS, MAD_LS, MADE_LS, MAK_LS, MAKE_LS, MAT_LS, MATE_LS, MET_LS, METE_LS, MIM_LS, MIME_LS, MMD_LS, MTO_LS, MTOE_LS, MTR_LS, MUT_LS, MUZ_LS, MUZE_LS, MZT_LS, NAE_LS, PEM_LS, PEME_LS, PET_LS, PETE_LS, ROS_LS, ROSE_LS, SAO_OL, SBP_LS, SBPE_LS, SECE_LS, SES_LS, SES_TH_LS, SES_TS_LS, STP_LS, TEK_LS, TEKE_LS, TEL_LS, THO_LS, UCK_LS, UZB_LS, UZBE_LS, VBAE_LS, YZVE_LS",,
20453,TUR 122,TUR,LS,Türk Dili II,,Hasan Ulucutsoy,MED,Çarşamba,13:30/15:29,,55,56,,"ARC_LS, BIO_LS, BIOE_LS, BLG_LS, BLGE_LS, BST_LS, CAB_3T_LS, CAB_4T_LS, CAB_BG_LS, CAB_DL_LS, CAB_DS_LS, CAB_KA_LS, CAB_KE_LS, CAB_KL_LS, CAB_KM_LS, CAB_KO_LS, CAB_LS, CAB_ME_LS, CAB_NE_LS, CAB_TA_LS, CAB_TN_LS, CAB_UD_LS, CAB_VC_LS, CAB_VI_LS, CAB_VS_LS, CEB_LS, CEN_LS, CEV_LS, CEVE_LS, CHZ_LS, CHZE_LS, DEN_LS, DENE_LS, ECNE_LS, EEE_LS, EFN_LS, EHB_LS, EHBE_LS, ELE_LS, ELH_LS, ELK_LS, ELKE_LS, END_LS, ENDE_LS, ENTE_LS, ESS_LS, EUT_LS, EUTE_LS, FIZ_LS, FIZE_LS, GEM_LS, GEME_LS, GEMK_LS, GEO_LS, GEOE_LS, GID_LS, GIDE_LS, HTA_LS, HTAE_LS, IAD_LS, IBM_LS, ICM_LS, IML_LS, IMLE_LS, IND_LS, INS_LS, INSE_LS, ISL_LS, ISLE_LS, JEF_LS, JEFE_LS, JEO_LS, JEOE_LS, KIM_LS, KIME_LS, KMM_LS, KMME_LS, KMP_LS, KOM_LS, KOME_LS, MAD_LS, MADE_LS, MAK_LS, MAKE_LS, MAT_LS, MATE_LS, MET_LS, METE_LS, MIM_LS, MIME_LS, MMD_LS, MTO_LS, MTOE_LS, MTR_LS, MUT_LS, MUZ_LS, MUZE_LS, MZT_LS, NAE_LS, PEM_LS, PEME_LS, PET_LS, PETE_LS, ROS_LS, ROSE_LS, SAO_OL, SBP_LS, SBPE_LS, SECE_LS, SES_LS, SES_TH_LS, SES_TS_LS, STP_LS, TEK_LS, TEKE_LS, TEL_LS, THO_LS, UCK_LS, UZB_LS, UZBE_LS, VBAE_LS, YZVE_LS",,
20458,TUR 122,TUR,LS,Türk Dili II,,Hasan Ulucutsoy,MED,Cuma,08:30/10:29,,55,55,,"ARC_LS, BIO_LS, BIOE_LS, BLG_LS, BLGE_LS, BST_LS, CAB_3T_LS, CAB_4T_LS, CAB_BG_LS, CAB_DL_LS, CAB_DS_LS, CAB_KA_LS, CAB_KE_LS, CAB_KL_LS, CAB_KM_LS, CAB_KO_LS, CAB_LS, CAB_ME_LS, CAB_NE_LS, CAB_TA_LS, CAB_TN_LS, CAB_UD_LS, CAB_VC_LS, CAB_VI_LS, CAB_VS_LS, CEB_LS, CEN_LS, CEV_LS, CEVE_LS, CHZ_LS, CHZE_LS, DEN_LS, DENE_LS, ECNE_LS, EEE_LS, EFN_LS, EHB_LS, EHBE_LS, ELE_LS, ELH_LS, ELK_LS, ELKE_LS, END_LS, ENDE_LS, ENTE_LS, ESS_LS, EUT_LS, EUTE_LS, FIZ_LS, FIZE_LS, GEM_LS, GEME_LS, GEMK_LS, GEO_LS, GEOE_LS, GID_LS, GIDE_LS, HTA_LS, HTAE_LS, IAD_LS, IBM_LS, ICM_LS, IML_LS, IMLE_LS, IND_LS, INS_LS, INSE_LS, ISL_LS, ISLE_LS, JEF_LS, JEFE_LS, JEO_LS, JEOE_LS, KIM_LS, KIME_LS, KMM_LS, KMME_LS, KMP_LS, KOM_LS, KOME_LS, MAD_LS, MADE_LS, MAK_LS, MAKE_LS, MAT_LS, MATE_LS, MET_LS, METE_LS, MIM_LS, MIME_LS, MMD_LS, MTO_LS, MTOE_LS, MTR_LS, MUT_LS, MUZ_LS, MUZE_LS, MZT_LS, NAE_LS, PEM_LS, PEME_LS, PET_LS, PETE_LS, ROS_LS, ROSE_LS, SAO_OL, SBP_LS, SBPE_LS, SECE_LS, SES_LS, SES_TH_LS, SES_TS_LS, STP_LS, TEK_LS, TEKE_LS, TEL_LS, THO_LS, UCK_LS, UZB_LS, UZBE_LS, VBAE_LS, YZVE_LS",,
20482,FIZ 201,FIZ,LS,Modern Fizik,,Mehmet Murat Sunar,KMB,Pazartesi,14:30/17:29,D102,60,20,,"CHZ_LS, DEN_LS, FIZ_YD, GEM_LS, JEF_LS, JEO_LS, MAD_LS, MET_LS, MTO_LS, PET_LS, UCK_LS",,
20483,FIZ 201E,FIZ,LS,Modern Physics,,Mehmet Murat Sunar,MDB,Perşembe,14:30/17:29,A204,60,27,,"CHZ_LS, CHZE_LS, DEN_LS, DENE_LS, FIZ_YD, GEM_LS, GEME_LS, GEMK_LS, GMI_LS, GMIE_LS, JEF_LS, JEFE_LS, JEO_LS, JEOE_LS, MAD_LS, MADE_LS, MET_LS, METE_LS, MTO_LS, MTOE_LS, PET_LS, PETE_LS, UCK_LS, UZB_LS, UZB_YD, UZBE_LS",,
20484,FIZ 201E,FIZ,LS,Modern Physics,,Mehmet Murat Sunar,MDB,Cuma,14:30/17:29,A202,80,67,,"CHZ_LS, CHZE_LS, DEN_LS, DENE_LS, FIZ_YD, GEM_LS, GEME_LS, GEMK_LS, GMI_LS, GMIE_LS, JEF_LS, JEFE_LS, JEO_LS, JEOE_LS, MAD_LS, MADE_LS, MET_LS, METE_LS, MTO_LS, MTOE_LS, PET_LS, PETE_LS, UCK_LS, UZB_LS, UZB_YD, UZBE_LS",,
20485,ALM 101,ALM,LS,German I,,İnanç Bakkalbaşı,KMB,Pazartesi,08:30/12:29,D105,25,26,,"ARC_LS, BIOE_LS, BLG_LS, BLGE_LS, CEN_LS, CEV_LS, CEVE_LS, CHZ_LS, DEN_LS, DUI_LS, ECNE_LS, EFN_LS, EHB_LS, EHBE_LS, EHS_LS, ELK_LS, ELKE_LS, END_LS, ENDE_LS, ENTE_LS, EUTE_LS, FIZ_LS, GEM_LS, GEO_LS, GEOE_LS, GID_LS, GMI_LS, HTA_LS, HTAE_LS, IAD_LS, IBM_LS, ICM_LS, IML_LS, IND_LS, INS_LS, INSE_LS, ISL_LS, ISLE_LS, JEF_LS, JEO_LS, KIM_LS, KMM_LS, KOM_LS, KOME_LS, MAD_LS, MAK_LS, MAT_LS, MET_LS, METE_LS, MIM_LS, MIME_LS, MMD_LS, MTM_LS, MTO_LS, NAE_LS, PEME_LS, PETE_LS, ROS_LS, ROSE_LS, SAO_OL, SBP_LS, SBPE_LS, SECE_LS, TEKE_LS, TEL_LS, UCK_LS, UZBE_LS, VBAE_LS, YZVE_LS",,
20486,ALM 102,ALM,LS,German II,,İnanç Bakkalbaşı,MED,Salı,08:30/12:29,,27,27,,"ARC_LS, BIOE_LS, BLG_LS, BLGE_LS, CEN_LS, CEV_LS, CEVE_LS, CHZ_LS, DEN_LS, DUI_LS, ECNE_LS, EFN_LS, EHB_LS, EHBE_LS, EHS_LS, ELK_LS, ELKE_LS, END_LS, ENDE_LS, ENTE_LS, EUTE_LS, FIZ_LS, GEM_LS, GEO_LS, GEOE_LS, GID_LS, GMI_LS, HTA_LS, HTAE_LS, IAD_LS, IBM_LS, ICM_LS, IML_LS, IND_LS, INS_LS, INSE_LS, ISL_LS, ISLE_LS, JEF_LS, JEO_LS, KIM_LS, KMM_LS, KOM_LS, KOME_LS, MAD_LS, MAK_LS, MAT_LS, MET_LS, METE_LS, MIM_LS, MIME_LS, MMD_LS, MTM_LS, MTO_LS, NAE_LS, PEME_LS, PETE_LS, ROS_LS, ROSE_LS, SAO_OL, SBP_LS, SBPE_LS, SECE_LS, TEKE_LS, TEL_LS, UCK_LS, UZBE_LS, VBAE_LS, YZVE_LS",,
20487,ALM 201,ALM,LS,German III,,İnanç Bakkalbaşı,MED,Çarşamba,08:30/12:29,,28,28,,"ARC_LS, BIOE_LS, BLG_LS, BLGE_LS, CEN_LS, CEV_LS, CEVE_LS, CHZ_LS, DEN_LS, DUI_LS, ECNE_LS, EFN_LS, EHB_LS, EHBE_LS, EHS_LS, ELK_LS, ELKE_LS, END_LS, ENDE_LS, ENTE_LS, EUTE_LS, FIZ_LS, GEM_LS, GEO_LS, GEOE_LS, GID_LS, GMI_LS, HTA_LS, HTAE_LS, IAD_LS, IBM_LS, ICM_LS, IML_LS, IND_LS, INS_LS, INSE_LS, ISL_LS, ISLE_LS, JEF_LS, JEO_LS, KIM_LS, KMM_LS, KOM_LS, KOME_LS, MAD_LS, MAK_LS, MAT_LS, MET_LS, METE_LS, MIM_LS, MIME_LS, MMD_LS, MTM_LS, MTO_LS, NAE_LS, PEME_LS, PETE_LS, ROS_LS, ROSE_LS, SAO_OL, SBP_LS, SBPE_LS, SECE_LS, TEKE_LS, TEL_LS, UCK_LS, UZBE_LS, VBAE_LS, YZVE_LS",,
20488,ALM 202,ALM,LS,German IV,,İnanç Bakkalbaşı,MED,Cuma,08:30/12:29,,28,26,,"ARC_LS, BIOE_LS, BLG_LS, BLGE_LS, CEN_LS, CEV_LS, CEVE_LS, CHZ_LS, DEN_LS, DUI_LS, ECNE_LS, EFN_LS, EHB_LS, EHBE_LS, EHS_LS, ELK_LS, ELKE_LS, END_LS, ENDE_LS, ENTE_LS, EUTE_LS, FIZ_LS, GEM_LS, GEO_LS, GEOE_LS, GID_LS, GMI_LS, HTA_LS, HTAE_LS, IAD_LS, IBM_LS, ICM_LS, IML_LS, IND_LS, INS_LS, INSE_LS, ISL_LS, ISLE_LS, JEF_LS, JEO_LS, KIM_LS, KMM_LS, KOM_LS, KOME_LS, MAD_LS, MAK_LS, MAT_LS, MET_LS, METE_LS, MIM_LS, MIME_LS, MMD_LS, MTM_LS, MTO_LS, NAE_LS, PEME_LS, PETE_LS, ROS_LS, ROSE_LS, SAO_OL, SBP_LS, SBPE_LS, SECE_LS, TEKE_LS, TEL_LS, UCK_LS, UZBE_LS, VBAE_LS, YZVE_LS",,
20489,FRA 101,FRA,LS,French I,,Hilal Küçük,MED,Perşembe,13:00/16:59,,26,26,,"ARC_LS, BIOE_LS, BLG_LS, BLGE_LS, CEN_LS, CEV_LS, CEVE_LS, CHZ_LS, DEN_LS, DUI_LS, ECNE_LS, EFN_LS, EHB_LS, EHBE_LS, EHS_LS, ELK_LS, ELKE_LS, END_LS, ENDE_LS, ENTE_LS, EUTE_LS, FIZ_LS, GEM_LS, GEO_LS, GEOE_LS, GID_LS, GMI_LS, HTA_LS, HTAE_LS, IAD_LS, IBM_LS, ICM_LS, IML_LS, IND_LS, INS_LS, INSE_LS, ISL_LS, ISLE_LS, JEF_LS, JEO_LS, KIM_LS, KMM_LS, KOM_LS, KOME_LS, MAD_LS, MAK_LS, MAT_LS, MET_LS, METE_LS, MIM_LS, MIME_LS, MMD_LS, MTM_LS, MTO_LS, NAE_LS, PEME_LS, PETE_LS, ROS_LS, ROSE_LS, SAO_OL, SBP_LS, SBPE_LS, SECE_LS, TEKE_LS, TEL_LS, UCK_LS, UZBE_LS, VBAE_LS, YZVE_LS",,
20490,FRA 101,FRA,LS,French I,,Ebru Yücetin Er,MED,Çarşamba,08:30/12:29,,32,30,,"ARC_LS, BIOE_LS, BLG_LS, BLGE_LS, CEN_LS, CEV_LS, CEVE_LS, CHZ_LS, DEN_LS, DUI_LS, ECNE_LS, EFN_LS, EHB_LS, EHBE_LS, EHS_LS, ELK_LS, ELKE_LS, END_LS, ENDE_LS, ENTE_LS, EUTE_LS, FIZ_LS, GEM_LS, GEO_LS, GEOE_LS, GID_LS, GMI_LS, HTA_LS, HTAE_LS, IAD_LS, IBM_LS, ICM_LS, IML_LS, IND_LS, INS_LS, INSE_LS, ISL_LS, ISLE_LS, JEF_LS, JEO_LS, KIM_LS, KMM_LS, KOM_LS, KOME_LS, MAD_LS, MAK_LS, MAT_LS, MET_LS, METE_LS, MIM_LS, MIME_LS, MMD_LS, MTM_LS, MTO_LS, NAE_LS, PEME_LS, PETE_LS, ROS_LS, ROSE_LS, SAO_OL, SBP_LS, SBPE_LS, SECE_LS, TEKE_LS, TEL_LS, UCK_LS, UZBE_LS, VBAE_LS, YZVE_LS",,
20491,FRA 101,FRA,LS,French I,,Yelda Tavukçuoğlu,EEB,Salı,13:00/16:59,5105,31,32,,"ARC_LS, BIOE_LS, BLG_LS, BLGE_LS, CEN_LS, CEV_LS, CEVE_LS, CHZ_LS, DEN_LS, DUI_LS, ECNE_LS, EFN_LS, EHB_LS, EHBE_LS, EHS_LS, ELK_LS, ELKE_LS, END_LS, ENDE_LS, ENTE_LS, EUTE_LS, FIZ_LS, GEM_LS, GEO_LS, GEOE_LS, GID_LS, GMI_LS, HTA_LS, HTAE_LS, IAD_LS, IBM_LS, ICM_LS, IML_LS, IND_LS, INS_LS, INSE_LS, ISL_LS, ISLE_LS, JEF_LS, JEO_LS, KIM_LS, KMM_LS, KOM_LS, KOME_LS, MAD_LS, MAK_LS, MAT_LS, MET_LS, METE_LS, MIM_LS, MIME_LS, MMD_LS, MTM_LS, MTO_LS, NAE_LS, PEME_LS, PETE_LS, ROS_LS, ROSE_LS, SAO_OL, SBP_LS, SBPE_LS, SECE_LS, TEKE_LS, TEL_LS, UCK_LS, UZBE_LS, VBAE_LS, YZVE_LS",,
20492,FRA 102,FRA,LS,French II,,Ebru Yücetin Er,MED,Salı,13:00/16:59,,20,14,,"ARC_LS, BIOE_LS, BLG_LS, BLGE_LS, CEN_LS, CEV_LS, CEVE_LS, CHZ_LS, DEN_LS, DUI_LS, ECNE_LS, EFN_LS, EHB_LS, EHBE_LS, EHS_LS, ELK_LS, ELKE_LS, END_LS, ENDE_LS, ENTE_LS, EUTE_LS, FIZ_LS, GEM_LS, GEO_LS, GEOE_LS, GID_LS, GMI_LS, HTA_LS, HTAE_LS, IAD_LS, IBM_LS, ICM_LS, IML_LS, IND_LS, INS_LS, INSE_LS, ISL_LS, ISLE_LS, JEF_LS, JEO_LS, KIM_LS, KMM_LS, KOM_LS, KOME_LS, MAD_LS, MAK_LS, MAT_LS, MET_LS, METE_LS, MIM_LS, MIME_LS, MMD_LS, MTM_LS, MTO_LS, NAE_LS, PEME_LS, PETE_LS, ROS_LS, ROSE_LS, SAO_OL, SBP_LS, SBPE_LS, SECE_LS, TEKE_LS, TEL_LS, UCK_LS, UZBE_LS, VBAE_LS, YZVE_LS",,
20493,FRA 102,FRA,LS,French II,,Ebru Yücetin Er,MED,Perşembe,08:30/12:29,,21,22,,"ARC_LS, BIOE_LS, BLG_LS, BLGE_LS, CEN_LS, CEV_LS, CEVE_LS, CHZ_LS, DEN_LS, DUI_LS, ECNE_LS, EFN_LS, EHB_LS, EHBE_LS, EHS_LS, ELK_LS, ELKE_LS, END_LS, ENDE_LS, ENTE_LS, EUTE_LS, FIZ_LS, GEM_LS, GEO_LS, GEOE_LS, GID_LS, GMI_LS, HTA_LS, HTAE_LS, IAD_LS, IBM_LS, ICM_LS, IML_LS, IND_LS, INS_LS, INSE_LS, ISL_LS, ISLE_LS, JEF_LS, JEO_LS, KIM_LS, KMM_LS, KOM_LS, KOME_LS, MAD_LS, MAK_LS, MAT_LS, MET_LS, METE_LS, MIM_LS, MIME_LS, MMD_LS, MTM_LS, MTO_LS, NAE_LS, PEME_LS, PETE_LS, ROS_LS, ROSE_LS, SAO_OL, SBP_LS, SBPE_LS, SECE_LS, TEKE_LS, TEL_LS, UCK_LS, UZBE_LS, VBAE_LS, YZVE_LS",,
20494,FRA 102,FRA,LS,French II,,Hilal Küçük,MED,Cuma,08:30/12:29,,20,17,,"ARC_LS, BIOE_LS, BLG_LS, BLGE_LS, CEN_LS, CEV_LS, CEVE_LS, CHZ_LS, DEN_LS, DUI_LS, ECNE_LS, EFN_LS, EHB_LS, EHBE_LS, EHS_LS, ELK_LS, ELKE_LS, END_LS, ENDE_LS, ENTE_LS, EUTE_LS, FIZ_LS, GEM_LS, GEO_LS, GEOE_LS, GID_LS, GMI_LS, HTA_LS, HTAE_LS, IAD_LS, IBM_LS, ICM_LS, IML_LS, IND_LS, INS_LS, INSE_LS, ISL_LS, ISLE_LS, JEF_LS, JEO_LS, KIM_LS, KMM_LS, KOM_LS, KOME_LS, MAD_LS, MAK_LS, MAT_LS, MET_LS, METE_LS, MIM_LS, MIME_LS, MMD_LS, MTM_LS, MTO_LS, NAE_LS, PEME_LS, PETE_LS, ROS_LS, ROSE_LS, SAO_OL, SBP_LS, SBPE_LS, SECE_LS, TEKE_LS, TEL_LS, UCK_LS, UZBE_LS, VBAE_LS, YZVE_LS",,
20495,FRA 201,FRA,LS,French III,,Hilal Küçük,MED,Pazartesi,08:30/12:29,,20,12,,"ARC_LS, BIOE_LS, BLG_LS, BLGE_LS, CEN_LS, CEV_LS, CEVE_LS, CHZ_LS, DEN_LS, DUI_LS, ECNE_LS, EFN_LS, EHB_LS, EHBE_LS, EHS_LS, ELK_LS, ELKE_LS, END_LS, ENDE_LS, ENTE_LS, EUTE_LS, FIZ_LS, GEM_LS, GEO_LS, GEOE_LS, GID_LS, GMI_LS, HTA_LS, HTAE_LS, IAD_LS, IBM_LS, ICM_LS, IML_LS, IND_LS, INS_LS, INSE_LS, ISL_LS, ISLE_LS, JEF_LS, JEO_LS, KIM_LS, KMM_LS, KOM_LS, KOME_LS, MAD_LS, MAK_LS, MAT_LS, MET_LS, METE_LS, MIM_LS, MIME_LS, MMD_LS, MTM_LS, MTO_LS, NAE_LS, PEME_LS, PETE_LS, ROS_LS, ROSE_LS, SAO_OL, SBP_LS, SBPE_LS, SECE_LS, TEKE_LS, TEL_LS, UCK_LS, UZBE_LS, VBAE_LS, YZVE_LS",,
20496,FRA 201,FRA,LS,French III,,Hilal Küçük,MED,Salı,08:30/12:29,,20,8,,"ARC_LS, BIOE_LS, BLG_LS, BLGE_LS, CEN_LS, CEV_LS, CEVE_LS, CHZ_LS, DEN_LS, DUI_LS, ECNE_LS, EFN_LS, EHB_LS, EHBE_LS, EHS_LS, ELK_LS, ELKE_LS, END_LS, ENDE_LS, ENTE_LS, EUTE_LS, FIZ_LS, GEM_LS, GEO_LS, GEOE_LS, GID_LS, GMI_LS, HTA_LS, HTAE_LS, IAD_LS, IBM_LS, ICM_LS, IML_LS, IND_LS, INS_LS, INSE_LS, ISL_LS, ISLE_LS, JEF_LS, JEO_LS, KIM_LS, KMM_LS, KOM_LS, KOME_LS, MAD_LS, MAK_LS, MAT_LS, MET_LS, METE_LS, MIM_LS, MIME_LS, MMD_LS, MTM_LS, MTO_LS, NAE_LS, PEME_LS, PETE_LS, ROS_LS, ROSE_LS, SAO_OL, SBP_LS, SBPE_LS, SECE_LS, TEKE_LS, TEL_LS, UCK_LS, UZBE_LS, VBAE_LS, YZVE_LS",,
20497,FRA 202,FRA,LS,French IV,,Ebru Yücetin Er,MED,Cuma,08:30/12:29,,20,13,,"ARC_LS, BIOE_LS, BLG_LS, BLGE_LS, CEN_LS, CEV_LS, CEVE_LS, CHZ_LS, DEN_LS, DUI_LS, ECNE_LS, EFN_LS, EHB_LS, EHBE_LS, EHS_LS, ELK_LS, ELKE_LS, END_LS, ENDE_LS, ENTE_LS, EUTE_LS, FIZ_LS, GEM_LS, GEO_LS, GEOE_LS, GID_LS, GMI_LS, HTA_LS, HTAE_LS, IAD_LS, IBM_LS, ICM_LS, IML_LS, IND_LS, INS_LS, INSE_LS, ISL_LS, ISLE_LS, JEF_LS, JEO_LS, KIM_LS, KMM_LS, KOM_LS, KOME_LS, MAD_LS, MAK_LS, MAT_LS, MET_LS, METE_LS, MIM_LS, MIME_LS, MMD_LS, MTM_LS, MTO_LS, NAE_LS, PEME_LS, PETE_LS, ROS_LS, ROSE_LS, SAO_OL, SBP_LS, SBPE_LS, SECE_LS, TEKE_LS, TEL_LS, UCK_LS, UZBE_LS, VBAE_LS, YZVE_LS",,
20498,FRA 301,FRA,LS,French V,,-,MED,Çarşamba,08:30/12:29,,0,0,,"ARC_LS, BIOE_LS, BLG_LS, BLGE_LS, CEN_LS, CEV_LS, CEVE_LS, CHZ_LS, DEN_LS, DUI_LS, ECNE_LS, EFN_LS, EHB_LS, EHBE_LS, EHS_LS, ELK_LS, ELKE_LS, END_LS, ENDE_LS, ENTE_LS, EUTE_LS, FIZ_LS, GEM_LS, GEO_LS, GEOE_LS, GID_LS, GMI_LS, HTA_LS, HTAE_LS, IAD_LS, IBM_LS, ICM_LS, IML_LS, IND_LS, INS_LS, INSE_LS, ISL_LS, ISLE_LS, JEF_LS, JEO_LS, KIM_LS, KMM_LS, KOM_LS, KOME_LS, MAD_LS, MAK_LS, MAT_LS, MET_LS, METE_LS, MIM_LS, MIME_LS, MMD_LS, MTM_LS, MTO_LS, NAE_LS, PEME_LS, PETE_LS, ROS_LS, ROSE_LS, SAO_OL, SBP_LS, SBPE_LS, SECE_LS, TEKE_LS, TEL_LS, UCK_LS, UZBE_LS, VBAE_LS, YZVE_LS",,
20499,FRA 302,FRA,LS,French VI,,-,MED,Perşembe,08:30/12:29,,0,0,,"ARC_LS, BIOE_LS, BLG_LS, BLGE_LS, CEN_LS, CEV_LS, CEVE_LS, CHZ_LS, DEN_LS, DUI_LS, ECNE_LS, EFN_LS, EHB_LS, EHBE_LS, EHS_LS, ELK_LS, ELKE_LS, END_LS, ENDE_LS, ENTE_LS, EUTE_LS, FIZ_LS, GEM_LS, GEO_LS, GEOE_LS, GID_LS, GMI_LS, HTA_LS, HTAE_LS, IAD_LS, IBM_LS, ICM_LS, IML_LS, IND_LS, INS_LS, INSE_LS, ISL_LS, ISLE_LS, JEF_LS, JEO_LS, KIM_LS, KMM_LS, KOM_LS, KOME_LS, MAD_LS, MAK_LS, MAT_LS, MET_LS, METE_LS, MIM_LS, MIME_LS, MMD_LS, MTM_LS, MTO_LS, NAE_LS, PEME_LS, PETE_LS, ROS_LS, ROSE_LS, SAO_OL, SBP_LS, SBPE_LS, SECE_LS, TEKE_LS, TEL_LS, UCK_LS, UZBE_LS, VBAE_LS, YZVE_LS",,
20500,CIN 101,CIN,LS,Chinese I,,Shıh-Yın Chen,MED,Pazartesi,08:30/12:29,,28,28,,"ARC_LS, BIOE_LS, BLG_LS, BLGE_LS, CEN_LS, CEV_LS, CEVE_LS, CHZ_LS, DEN_LS, DUI_LS, ECNE_LS, EFN_LS, EHB_LS, EHBE_LS, EHS_LS, ELK_LS, ELKE_LS, END_LS, ENDE_LS, ENTE_LS, EUTE_LS, FIZ_LS, GEM_LS, GEO_LS, GEOE_LS, GID_LS, GMI_LS, HTA_LS, HTAE_LS, IAD_LS, IBM_LS, ICM_LS, IML_LS, IND_LS, INS_LS, INSE_LS, ISL_LS, ISLE_LS, JEF_LS, JEO_LS, KIM_LS, KMM_LS, KOM_LS, KOME_LS, MAD_LS, MAK_LS, MAT_LS, MET_LS, METE_LS, MIM_LS, MIME_LS, MMD_LS, MTM_LS, MTO_LS, NAE_LS, PEME_LS, PETE_LS, ROS_LS, ROSE_LS, SAO_OL, SBP_LS, SBPE_LS, SECE_LS, TEKE_LS, TEL_LS, UCK_LS, UZBE_LS, VBAE_LS, YZVE_LS",,
20501,CIN 101,CIN,LS,Chinese I,,Shıh-Yın Chen,MED,Pazartesi,13:00/16:59,,30,28,,"ARC_LS, BIOE_LS, BLG_LS, BLGE_LS, CEN_LS, CEV_LS, CEVE_LS, CHZ_LS, DEN_LS, DUI_LS, ECNE_LS, EFN_LS, EHB_LS, EHBE_LS, EHS_LS, ELK_LS, ELKE_LS, END_LS, ENDE_LS, ENTE_LS, EUTE_LS, FIZ_LS, GEM_LS, GEO_LS, GEOE_LS, GID_LS, GMI_LS, HTA_LS, HTAE_LS, IAD_LS, IBM_LS, ICM_LS, IML_LS, IND_LS, INS_LS, INSE_LS, ISL_LS, ISLE_LS, JEF_LS, JEO_LS, KIM_LS, KMM_LS, KOM_LS, KOME_LS, MAD_LS, MAK_LS, MAT_LS, MET_LS, METE_LS, MIM_LS, MIME_LS, MMD_LS, MTM_LS, MTO_LS, NAE_LS, PEME_LS, PETE_LS, ROS_LS, ROSE_LS, SAO_OL, SBP_LS, SBPE_LS, SECE_LS, TEKE_LS, TEL_LS, UCK_LS, UZBE_LS, VBAE_LS, YZVE_LS",,
20502,CIN 101,CIN,LS,Chinese I,,Shıh-Yın Chen,MED,Çarşamba,08:30/12:29,,26,25,,"ARC_LS, BIOE_LS, BLG_LS, BLGE_LS, CEN_LS, CEV_LS, CEVE_LS, CHZ_LS, DEN_LS, DUI_LS, ECNE_LS, EFN_LS, EHB_LS, EHBE_LS, EHS_LS, ELK_LS, ELKE_LS, END_LS, ENDE_LS, ENTE_LS, EUTE_LS, FIZ_LS, GEM_LS, GEO_LS, GEOE_LS, GID_LS, GMI_LS, HTA_LS, HTAE_LS, IAD_LS, IBM_LS, ICM_LS, IML_LS, IND_LS, INS_LS, INSE_LS, ISL_LS, ISLE_LS, JEF_LS, JEO_LS, KIM_LS, KMM_LS, KOM_LS, KOME_LS, MAD_LS, MAK_LS, MAT_LS, MET_LS, METE_LS, MIM_LS, MIME_LS, MMD_LS, MTM_LS, MTO_LS, NAE_LS, PEME_LS, PETE_LS, ROS_LS, ROSE_LS, SAO_OL, SBP_LS, SBPE_LS, SECE_LS, TEKE_LS, TEL_LS, UCK_LS, UZBE_LS, VBAE_LS, YZVE_LS",,
20503,CIN 102,CIN,LS,Chinese II,,Shıh-Yın Chen,MED,Salı,08:30/12:29,,20,5,,"ARC_LS, BIOE_LS, BLG_LS, BLGE_LS, CEN_LS, CEV_LS, CEVE_LS, CHZ_LS, DEN_LS, DUI_LS, ECNE_LS, EFN_LS, EHB_LS, EHBE_LS, EHS_LS, ELK_LS, ELKE_LS, END_LS, ENDE_LS, ENTE_LS, EUTE_LS, FIZ_LS, GEM_LS, GEO_LS, GEOE_LS, GID_LS, GMI_LS, HTA_LS, HTAE_LS, IAD_LS, IBM_LS, ICM_LS, IML_LS, IND_LS, INS_LS, INSE_LS, ISL_LS, ISLE_LS, JEF_LS, JEO_LS, KIM_LS, KMM_LS, KOM_LS, KOME_LS, MAD_LS, MAK_LS, MAT_LS, MET_LS, METE_LS, MIM_LS, MIME_LS, MMD_LS, MTM_LS, MTO_LS, NAE_LS, PEME_LS, PETE_LS, ROS_LS, ROSE_LS, SAO_OL, SBP_LS, SBPE_LS, SECE_LS, TEKE_LS, TEL_LS, UCK_LS, UZBE_LS, VBAE_LS, YZVE_LS",,
20504,CIN 102,CIN,LS,Chinese II,,Shıh-Yın Chen,MED,Perşembe,08:30/12:29,,20,8,,"ARC_LS, BIOE_LS, BLG_LS, BLGE_LS, CEN_LS, CEV_LS, CEVE_LS, CHZ_LS, DEN_LS, DUI_LS, ECNE_LS, EFN_LS, EHB_LS, EHBE_LS, EHS_LS, ELK_LS, ELKE_LS, END_LS, ENDE_LS, ENTE_LS, EUTE_LS, FIZ_LS, GEM_LS, GEO_LS, GEOE_LS, GID_LS, GMI_LS, HTA_LS, HTAE_LS, IAD_LS, IBM_LS, ICM_LS, IML_LS, IND_LS, INS_LS, INSE_LS, ISL_LS, ISLE_LS, JEF_LS, JEO_LS, KIM_LS, KMM_LS, KOM_LS, KOME_LS, MAD_LS, MAK_LS, MAT_LS, MET_LS, METE_LS, MIM_LS, MIME_LS, MMD_LS, MTM_LS, MTO_LS, NAE_LS, PEME_LS, PETE_LS, ROS_LS, ROSE_LS, SAO_OL, SBP_LS, SBPE_LS, SECE_LS, TEKE_LS, TEL_LS, UCK_LS, UZBE_LS, VBAE_LS, YZVE_LS",,
20505,RUS 101,RUS,LS,Russian I,,İsmail Özçelik,MED,Pazartesi,08:30/12:29,,26,25,,"ARC_LS, BIOE_LS, BLG_LS, BLGE_LS, CEN_LS, CEV_LS, CEVE_LS, CHZ_LS, DEN_LS, DUI_LS, ECNE_LS, EFN_LS, EHB_LS, EHBE_LS, EHS_LS, ELK_LS, ELKE_LS, END_LS, ENDE_LS, ENTE_LS, EUTE_LS, FIZ_LS, GEM_LS, GEO_LS, GEOE_LS, GID_LS, GMI_LS, HTA_LS, HTAE_LS, IAD_LS, IBM_LS, ICM_LS, IML_LS, IND_LS, INS_LS, INSE_LS, ISL_LS, ISLE_LS, JEF_LS, JEO_LS, KIM_LS, KMM_LS, KOM_LS, KOME_LS, MAD_LS, MAK_LS, MAT_LS, MET_LS, METE_LS, MIM_LS, MIME_LS, MMD_LS, MTM_LS, MTO_LS, NAE_LS, PEME_LS, PETE_LS, ROS_LS, ROSE_LS, SAO_OL, SBP_LS, SBPE_LS, SECE_LS, TEKE_LS, TEL_LS, UCK_LS, UZBE_LS, VBAE_LS, YZVE_LS",,
20506,RUS 101,RUS,LS,Russian I,,İsmail Özçelik,MED,Pazartesi,13:00/16:59,,26,23,,"ARC_LS, BIOE_LS, BLG_LS, BLGE_LS, CEN_LS, CEV_LS, CEVE_LS, CHZ_LS, DEN_LS, DUI_LS, ECNE_LS, EFN_LS, EHB_LS, EHBE_LS, EHS_LS, ELK_LS, ELKE_LS, END_LS, ENDE_LS, ENTE_LS, EUTE_LS, FIZ_LS, GEM_LS, GEO_LS, GEOE_LS, GID_LS, GMI_LS, HTA_LS, HTAE_LS, IAD_LS, IBM_LS, ICM_LS, IML_LS, IND_LS, INS_LS, INSE_LS, ISL_LS, ISLE_LS, JEF_LS, JEO_LS, KIM_LS, KMM_LS, KOM_LS, KOME_LS, MAD_LS, MAK_LS, MAT_LS, MET_LS, METE_LS, MIM_LS, MIME_LS, MMD_LS, MTM_LS, MTO_LS, NAE_LS, PEME_LS, PETE_LS, ROS_LS, ROSE_LS, SAO_OL, SBP_LS, SBPE_LS, SECE_LS, TEKE_LS, TEL_LS, UCK_LS, UZBE_LS, VBAE_LS, YZVE_LS",,
20507,RUS 102,RUS,LS,Russian II,,İsmail Özçelik,MED,Salı,13:00/16:59,,20,14,,"ARC_LS, BIOE_LS, BLG_LS, BLGE_LS, CEN_LS, CEV_LS, CEVE_LS, CHZ_LS, DEN_LS, DUI_LS, ECNE_LS, EFN_LS, EHB_LS, EHBE_LS, EHS_LS, ELK_LS, ELKE_LS, END_LS, ENDE_LS, ENTE_LS, EUTE_LS, FIZ_LS, GEM_LS, GEO_LS, GEOE_LS, GID_LS, GMI_LS, HTA_LS, HTAE_LS, IAD_LS, IBM_LS, ICM_LS, IML_LS, IND_LS, INS_LS, INSE_LS, ISL_LS, ISLE_LS, JEF_LS, JEO_LS, KIM_LS, KMM_LS, KOM_LS, KOME_LS, MAD_LS, MAK_LS, MAT_LS, MET_LS, METE_LS, MIM_LS, MIME_LS, MMD_LS, MTM_LS, MTO_LS, NAE_LS, PEME_LS, PETE_LS, ROS_LS, ROSE_LS, SAO_OL, SBP_LS, SBPE_LS, SECE_LS, TEKE_LS, TEL_LS, UCK_LS, UZBE_LS, VBAE_LS, YZVE_LS",,
20508,RUS 102,RUS,LS,Russian II,,İsmail Özçelik,MED,Perşembe,13:00/16:59,,20,16,,"ARC_LS, BIOE_LS, BLG_LS, BLGE_LS, CEN_LS, CEV_LS, CEVE_LS, CHZ_LS, DEN_LS, DUI_LS, ECNE_LS, EFN_LS, EHB_LS, EHBE_LS, EHS_LS, ELK_LS, ELKE_LS, END_LS, ENDE_LS, ENTE_LS, EUTE_LS, FIZ_LS, GEM_LS, GEO_LS, GEOE_LS, GID_LS, GMI_LS, HTA_LS, HTAE_LS, IAD_LS, IBM_LS, ICM_LS, IML_LS, IND_LS, INS_LS, INSE_LS, ISL_LS, ISLE_LS, JEF_LS, JEO_LS, KIM_LS, KMM_LS, KOM_LS, KOME_LS, MAD_LS, MAK_LS, MAT_LS, MET_LS, METE_LS, MIM_LS, MIME_LS, MMD_LS, MTM_LS, MTO_LS, NAE_LS, PEME_LS, PETE_LS, ROS_LS, ROSE_LS, SAO_OL, SBP_LS, SBPE_LS, SECE_LS, TEKE_LS, TEL_LS, UCK_LS, UZBE_LS, VBAE_LS, YZVE_LS",,
20510,RUS 201,RUS,LS,Russian III,,Ekaterına Bal,MED,Pazartesi,13:00/16:59,,20,12,,"ARC_LS, BIOE_LS, BLG_LS, BLGE_LS, CEN_LS, CEV_LS, CEVE_LS, CHZ_LS, DEN_LS, DUI_LS, ECNE_LS, EFN_LS, EHB_LS, EHBE_LS, EHS_LS, ELK_LS, ELKE_LS, END_LS, ENDE_LS, ENTE_LS, EUTE_LS, FIZ_LS, GEM_LS, GEO_LS, GEOE_LS, GID_LS, GMI_LS, HTA_LS, HTAE_LS, IAD_LS, IBM_LS, ICM_LS, IML_LS, IND_LS, INS_LS, INSE_LS, ISL_LS, ISLE_LS, JEF_LS, JEO_LS, KIM_LS, KMM_LS, KOM_LS, KOME_LS, MAD_LS, MAK_LS, MAT_LS, MET_LS, METE_LS, MIM_LS, MIME_LS, MMD_LS, MTM_LS, MTO_LS, NAE_LS, PEME_LS, PETE_LS, ROS_LS, ROSE_LS, SAO_OL, SBP_LS, SBPE_LS, SECE_LS, TEKE_LS, TEL_LS, UCK_LS, UZBE_LS, VBAE_LS, YZVE_LS",,
20511,ITA 101,ITA,LS,Italian I,,Calogera Augello,MED,Pazartesi,08:30/12:29,,25,24,,"ARC_LS, BIOE_LS, BLG_LS, BLGE_LS, CEN_LS, CEV_LS, CEVE_LS, CHZ_LS, DEN_LS, DUI_LS, ECNE_LS, EFN_LS, EHB_LS, EHBE_LS, EHS_LS, ELK_LS, ELKE_LS, END_LS, ENDE_LS, ENTE_LS, EUTE_LS, FIZ_LS, GEM_LS, GEO_LS, GEOE_LS, GID_LS, GMI_LS, HTA_LS, HTAE_LS, IAD_LS, IBM_LS, ICM_LS, IML_LS, IND_LS, INS_LS, INSE_LS, ISL_LS, ISLE_LS, JEF_LS, JEO_LS, KIM_LS, KMM_LS, KOM_LS, KOME_LS, MAD_LS, MAK_LS, MAT_LS, MET_LS, METE_LS, MIM_LS, MIME_LS, MMD_LS, MTM_LS, MTO_LS, NAE_LS, PEME_LS, PETE_LS, ROS_LS, ROSE_LS, SAO_OL, SBP_LS, SBPE_LS, SECE_LS, TEKE_LS, TEL_LS, UCK_LS, UZBE_LS, VBAE_LS, YZVE_LS",,
20512,ITA 101,ITA,LS,Italian I,,Calogera Augello,MED,Salı,08:30/12:29,,25,25,,"ARC_LS, BIOE_LS, BLG_LS, BLGE_LS, CEN_LS, CEV_LS, CEVE_LS, CHZ_LS, DEN_LS, DUI_LS, ECNE_LS, EFN_LS, EHB_LS, EHBE_LS, EHS_LS, ELK_LS, ELKE_LS, END_LS, ENDE_LS, ENTE_LS, EUTE_LS, FIZ_LS, GEM_LS, GEO_LS, GEOE_LS, GID_LS, GMI_LS, HTA_LS, HTAE_LS, IAD_LS, IBM_LS, ICM_LS, IML_LS, IND_LS, INS_LS, INSE_LS, ISL_LS, ISLE_LS, JEF_LS, JEO_LS, KIM_LS, KMM_LS, KOM_LS, KOME_LS, MAD_LS, MAK_LS, MAT_LS, MET_LS, METE_LS, MIM_LS, MIME_LS, MMD_LS, MTM_LS, MTO_LS, NAE_LS, PEME_LS, PETE_LS, ROS_LS, ROSE_LS, SAO_OL, SBP_LS, SBPE_LS, SECE_LS, TEKE_LS, TEL_LS, UCK_LS, UZBE_LS, VBAE_LS, YZVE_LS",,
20513,ITA 101,ITA,LS,Italian I,,Martına Lucıa Leone,MED,Çarşamba,08:30/12:29,,30,30,,"ARC_LS, BIOE_LS, BLG_LS, BLGE_LS, CEN_LS, CEV_LS, CEVE_LS, CHZ_LS, DEN_LS, DUI_LS, ECNE_LS, EFN_LS, EHB_LS, EHBE_LS, EHS_LS, ELK_LS, ELKE_LS, END_LS, ENDE_LS, ENTE_LS, EUTE_LS, FIZ_LS, GEM_LS, GEO_LS, GEOE_LS, GID_LS, GMI_LS, HTA_LS, HTAE_LS, IAD_LS, IBM_LS, ICM_LS, IML_LS, IND_LS, INS_LS, INSE_LS, ISL_LS, ISLE_LS, JEF_LS, JEO_LS, KIM_LS, KMM_LS, KOM_LS, KOME_LS, MAD_LS, MAK_LS, MAT_LS, MET_LS, METE_LS, MIM_LS, MIME_LS, MMD_LS, MTM_LS, MTO_LS, NAE_LS, PEME_LS, PETE_LS, ROS_LS, ROSE_LS, SAO_OL, SBP_LS, SBPE_LS, SECE_LS, TEKE_LS, TEL_LS, UCK_LS, UZBE_LS, VBAE_LS, YZVE_LS",,
20514,ITA 101,ITA,LS,Italian I,,Valentına Elmettı,DIB,Perşembe,08:30/12:29,,30,30,,"ARC_LS, BIOE_LS, BLG_LS, BLGE_LS, CEN_LS, CEV_LS, CEVE_LS, CHZ_LS, DEN_LS, DUI_LS, ECNE_LS, EFN_LS, EHB_LS, EHBE_LS, EHS_LS, ELK_LS, ELKE_LS, END_LS, ENDE_LS, ENTE_LS, EUTE_LS, FIZ_LS, GEM_LS, GEO_LS, GEOE_LS, GID_LS, GMI_LS, HTA_LS, HTAE_LS, IAD_LS, IBM_LS, ICM_LS, IML_LS, IND_LS, INS_LS, INSE_LS, ISL_LS, ISLE_LS, JEF_LS, JEO_LS, KIM_LS, KMM_LS, KOM_LS, KOME_LS, MAD_LS, MAK_LS, MAT_LS, MET_LS, METE_LS, MIM_LS, MIME_LS, MMD_LS, MTM_LS, MTO_LS, NAE_LS, PEME_LS, PETE_LS, ROS_LS, ROSE_LS, SAO_OL, SBP_LS, SBPE_LS, SECE_LS, TEKE_LS, TEL_LS, UCK_LS, UZBE_LS, VBAE_LS, YZVE_LS",,
20515,ITA 101,ITA,LS,Italian I,,Martına Lucıa Leone,MED,Cuma,08:30/12:29,,30,29,,"ARC_LS, BIOE_LS, BLG_LS, BLGE_LS, CEN_LS, CEV_LS, CEVE_LS, CHZ_LS, DEN_LS, DUI_LS, ECNE_LS, EFN_LS, EHB_LS, EHBE_LS, EHS_LS, ELK_LS, ELKE_LS, END_LS, ENDE_LS, ENTE_LS, EUTE_LS, FIZ_LS, GEM_LS, GEO_LS, GEOE_LS, GID_LS, GMI_LS, HTA_LS, HTAE_LS, IAD_LS, IBM_LS, ICM_LS, IML_LS, IND_LS, INS_LS, INSE_LS, ISL_LS, ISLE_LS, JEF_LS, JEO_LS, KIM_LS, KMM_LS, KOM_LS, KOME_LS, MAD_LS, MAK_LS, MAT_LS, MET_LS, METE_LS, MIM_LS, MIME_LS, MMD_LS, MTM_LS, MTO_LS, NAE_LS, PEME_LS, PETE_LS, ROS_LS, ROSE_LS, SAO_OL, SBP_LS, SBPE_LS, SECE_LS, TEKE_LS, TEL_LS, UCK_LS, UZBE_LS, VBAE_LS, YZVE_LS",,
20516,ITA 101,ITA,LS,Italian I,,Calogera Augello,MED,Cuma,08:30/12:29,,25,25,,"ARC_LS, BIOE_LS, BLG_LS, BLGE_LS, CEN_LS, CEV_LS, CEVE_LS, CHZ_LS, DEN_LS, DUI_LS, ECNE_LS, EFN_LS, EHB_LS, EHBE_LS, EHS_LS, ELK_LS, ELKE_LS, END_LS, ENDE_LS, ENTE_LS, EUTE_LS, FIZ_LS, GEM_LS, GEO_LS, GEOE_LS, GID_LS, GMI_LS, HTA_LS, HTAE_LS, IAD_LS, IBM_LS, ICM_LS, IML_LS, IND_LS, INS_LS, INSE_LS, ISL_LS, ISLE_LS, JEF_LS, JEO_LS, KIM_LS, KMM_LS, KOM_LS, KOME_LS, MAD_LS, MAK_LS, MAT_LS, MET_LS, METE_LS, MIM_LS, MIME_LS, MMD_LS, MTM_LS, MTO_LS, NAE_LS, PEME_LS, PETE_LS, ROS_LS, ROSE_LS, SAO_OL, SBP_LS, SBPE_LS, SECE_LS, TEKE_LS, TEL_LS, UCK_LS, UZBE_LS, VBAE_LS, YZVE_LS",,
20517,ITA 101,ITA,LS,Italian I,,Calogera Augello,MED,Salı,13:00/16:59,,25,24,,"ARC_LS, BIOE_LS, BLG_LS, BLGE_LS, CEN_LS, CEV_LS, CEVE_LS, CHZ_LS, DEN_LS, DUI_LS, ECNE_LS, EFN_LS, EHB_LS, EHBE_LS, EHS_LS, ELK_LS, ELKE_LS, END_LS, ENDE_LS, ENTE_LS, EUTE_LS, FIZ_LS, GEM_LS, GEO_LS, GEOE_LS, GID_LS, GMI_LS, HTA_LS, HTAE_LS, IAD_LS, IBM_LS, ICM_LS, IML_LS, IND_LS, INS_LS, INSE_LS, ISL_LS, ISLE_LS, JEF_LS, JEO_LS, KIM_LS, KMM_LS, KOM_LS, KOME_LS, MAD_LS, MAK_LS, MAT_LS, MET_LS, METE_LS, MIM_LS, MIME_LS, MMD_LS, MTM_LS, MTO_LS, NAE_LS, PEME_LS, PETE_LS, ROS_LS, ROSE_LS, SAO_OL, SBP_LS, SBPE_LS, SECE_LS, TEKE_LS, TEL_LS, UCK_LS, UZBE_LS, VBAE_LS, YZVE_LS",,
20518,ITA 101,ITA,LS,Italian I,,Calogera Augello,MED,Pazartesi,13:00/16:59,,25,25,,"ARC_LS, BIOE_LS, BLG_LS, BLGE_LS, CEN_LS, CEV_LS, CEVE_LS, CHZ_LS, DEN_LS, DUI_LS, ECNE_LS, EFN_LS, EHB_LS, EHBE_LS, EHS_LS, ELK_LS, ELKE_LS, END_LS, ENDE_LS, ENTE_LS, EUTE_LS, FIZ_LS, GEM_LS, GEO_LS, GEOE_LS, GID_LS, GMI_LS, HTA_LS, HTAE_LS, IAD_LS, IBM_LS, ICM_LS, IML_LS, IND_LS, INS_LS, INSE_LS, ISL_LS, ISLE_LS, JEF_LS, JEO_LS, KIM_LS, KMM_LS, KOM_LS, KOME_LS, MAD_LS, MAK_LS, MAT_LS, MET_LS, METE_LS, MIM_LS, MIME_LS, MMD_LS, MTM_LS, MTO_LS, NAE_LS, PEME_LS, PETE_LS, ROS_LS, ROSE_LS, SAO_OL, SBP_LS, SBPE_LS, SECE_LS, TEKE_LS, TEL_LS, UCK_LS, UZBE_LS, VBAE_LS, YZVE_LS",,
20519,ITA 102,ITA,LS,Italian II,,Valentına Elmettı,MED,Çarşamba,08:30/12:29,,25,17,,"ARC_LS, BIOE_LS, BLG_LS, BLGE_LS, CEN_LS, CEV_LS, CEVE_LS, CHZ_LS, DEN_LS, DUI_LS, ECNE_LS, EFN_LS, EHB_LS, EHBE_LS, EHS_LS, ELK_LS, ELKE_LS, END_LS, ENDE_LS, ENTE_LS, EUTE_LS, FIZ_LS, GEM_LS, GEO_LS, GEOE_LS, GID_LS, GMI_LS, HTA_LS, HTAE_LS, IAD_LS, IBM_LS, ICM_LS, IML_LS, IND_LS, INS_LS, INSE_LS, ISL_LS, ISLE_LS, JEF_LS, JEO_LS, KIM_LS, KMM_LS, KOM_LS, KOME_LS, MAD_LS, MAK_LS, MAT_LS, MET_LS, METE_LS, MIM_LS, MIME_LS, MMD_LS, MTM_LS, MTO_LS, NAE_LS, PEME_LS, PETE_LS, ROS_LS, ROSE_LS, SAO_OL, SBP_LS, SBPE_LS, SECE_LS, TEKE_LS, TEL_LS, UCK_LS, UZBE_LS, VBAE_LS, YZVE_LS",,
20520,ITA 102,ITA,LS,Italian II,,Martına Lucıa Leone,MED,Pazartesi,13:00/16:59,,25,24,,"ARC_LS, BIOE_LS, BLG_LS, BLGE_LS, CEN_LS, CEV_LS, CEVE_LS, CHZ_LS, DEN_LS, DUI_LS, ECNE_LS, EFN_LS, EHB_LS, EHBE_LS, EHS_LS, ELK_LS, ELKE_LS, END_LS, ENDE_LS, ENTE_LS, EUTE_LS, FIZ_LS, GEM_LS, GEO_LS, GEOE_LS, GID_LS, GMI_LS, HTA_LS, HTAE_LS, IAD_LS, IBM_LS, ICM_LS, IML_LS, IND_LS, INS_LS, INSE_LS, ISL_LS, ISLE_LS, JEF_LS, JEO_LS, KIM_LS, KMM_LS, KOM_LS, KOME_LS, MAD_LS, MAK_LS, MAT_LS, MET_LS, METE_LS, MIM_LS, MIME_LS, MMD_LS, MTM_LS, MTO_LS, NAE_LS, PEME_LS, PETE_LS, ROS_LS, ROSE_LS, SAO_OL, SBP_LS, SBPE_LS, SECE_LS, TEKE_LS, TEL_LS, UCK_LS, UZBE_LS, VBAE_LS, YZVE_LS",,
20521,ITA 102,ITA,LS,Italian II,,Martına Lucıa Leone,MED,Salı,08:30/12:29,,25,17,,"ARC_LS, BIOE_LS, BLG_LS, BLGE_LS, CEN_LS, CEV_LS, CEVE_LS, CHZ_LS, DEN_LS, DUI_LS, ECNE_LS, EFN_LS, EHB_LS, EHBE_LS, EHS_LS, ELK_LS, ELKE_LS, END_LS, ENDE_LS, ENTE_LS, EUTE_LS, FIZ_LS, GEM_LS, GEO_LS, GEOE_LS, GID_LS, GMI_LS, HTA_LS, HTAE_LS, IAD_LS, IBM_LS, ICM_LS, IML_LS, IND_LS, INS_LS, INSE_LS, ISL_LS, ISLE_LS, JEF_LS, JEO_LS, KIM_LS, KMM_LS, KOM_LS, KOME_LS, MAD_LS, MAK_LS, MAT_LS, MET_LS, METE_LS, MIM_LS, MIME_LS, MMD_LS, MTM_LS, MTO_LS, NAE_LS, PEME_LS, PETE_LS, ROS_LS, ROSE_LS, SAO_OL, SBP_LS, SBPE_LS, SECE_LS, TEKE_LS, TEL_LS, UCK_LS, UZBE_LS, VBAE_LS, YZVE_LS",,
20522,ITA 102,ITA,LS,Italian II,,Valentına Elmettı,MED,Salı,13:00/16:59,,25,20,,"ARC_LS, BIOE_LS, BLG_LS, BLGE_LS, CEN_LS, CEV_LS, CEVE_LS, CHZ_LS, DEN_LS, DUI_LS, ECNE_LS, EFN_LS, EHB_LS, EHBE_LS, EHS_LS, ELK_LS, ELKE_LS, END_LS, ENDE_LS, ENTE_LS, EUTE_LS, FIZ_LS, GEM_LS, GEO_LS, GEOE_LS, GID_LS, GMI_LS, HTA_LS, HTAE_LS, IAD_LS, IBM_LS, ICM_LS, IML_LS, IND_LS, INS_LS, INSE_LS, ISL_LS, ISLE_LS, JEF_LS, JEO_LS, KIM_LS, KMM_LS, KOM_LS, KOME_LS, MAD_LS, MAK_LS, MAT_LS, MET_LS, METE_LS, MIM_LS, MIME_LS, MMD_LS, MTM_LS, MTO_LS, NAE_LS, PEME_LS, PETE_LS, ROS_LS, ROSE_LS, SAO_OL, SBP_LS, SBPE_LS, SECE_LS, TEKE_LS, TEL_LS, UCK_LS, UZBE_LS, VBAE_LS, YZVE_LS",,
20523,ITA 201,ITA,LS,Italian III,,Martına Lucıa Leone,MED,Salı,13:00/16:59,,20,11,,"ARC_LS, BIOE_LS, BLG_LS, BLGE_LS, CEN_LS, CEV_LS, CEVE_LS, CHZ_LS, DEN_LS, DUI_LS, ECNE_LS, EFN_LS, EHB_LS, EHBE_LS, EHS_LS, ELK_LS, ELKE_LS, END_LS, ENDE_LS, ENTE_LS, EUTE_LS, FIZ_LS, GEM_LS, GEO_LS, GEOE_LS, GID_LS, GMI_LS, HTA_LS, HTAE_LS, IAD_LS, IBM_LS, ICM_LS, IML_LS, IND_LS, INS_LS, INSE_LS, ISL_LS, ISLE_LS, JEF_LS, JEO_LS, KIM_LS, KMM_LS, KOM_LS, KOME_LS, MAD_LS, MAK_LS, MAT_LS, MET_LS, METE_LS, MIM_LS, MIME_LS, MMD_LS, MTM_LS, MTO_LS, NAE_LS, PEME_LS, PETE_LS, ROS_LS, ROSE_LS, SAO_OL, SBP_LS, SBPE_LS, SECE_LS, TEKE_LS, TEL_LS, UCK_LS, UZBE_LS, VBAE_LS, YZVE_LS",,
20524,ITA 202,ITA,LS,Italian IV,,Valentına Elmettı,MED,Cuma,08:30/12:29,,20,9,,"ARC_LS, BIOE_LS, BLG_LS, BLGE_LS, CEN_LS, CEV_LS, CEVE_LS, CHZ_LS, DEN_LS, DUI_LS, ECNE_LS, EFN_LS, EHB_LS, EHBE_LS, EHS_LS, ELK_LS, ELKE_LS, END_LS, ENDE_LS, ENTE_LS, EUTE_LS, FIZ_LS, GEM_LS, GEO_LS, GEOE_LS, GID_LS, GMI_LS, HTA_LS, HTAE_LS, IAD_LS, IBM_LS, ICM_LS, IML_LS, IND_LS, INS_LS, INSE_LS, ISL_LS, ISLE_LS, JEF_LS, JEO_LS, KIM_LS, KMM_LS, KOM_LS, KOME_LS, MAD_LS, MAK_LS, MAT_LS, MET_LS, METE_LS, MIM_LS, MIME_LS, MMD_LS, MTM_LS, MTO_LS, NAE_LS, PEME_LS, PETE_LS, ROS_LS, ROSE_LS, SAO_OL, SBP_LS, SBPE_LS, SECE_LS, TEKE_LS, TEL_LS, UCK_LS, UZBE_LS, VBAE_LS, YZVE_LS",,
20525,ISP 101,ISP,LS,Spanish I,,Hilal Kapkaç Cananoğlu,MED,Salı,08:30/12:29,,28,28,,"ARC_LS, BIOE_LS, BLG_LS, BLGE_LS, CEN_LS, CEV_LS, CEVE_LS, CHZ_LS, DEN_LS, DUI_LS, ECNE_LS, EFN_LS, EHB_LS, EHBE_LS, EHS_LS, ELK_LS, ELKE_LS, END_LS, ENDE_LS, ENTE_LS, EUTE_LS, FIZ_LS, GEM_LS, GEO_LS, GEOE_LS, GID_LS, GMI_LS, HTA_LS, HTAE_LS, IAD_LS, IBM_LS, ICM_LS, IML_LS, IND_LS, INS_LS, INSE_LS, ISL_LS, ISLE_LS, JEF_LS, JEO_LS, KIM_LS, KMM_LS, KOM_LS, KOME_LS, MAD_LS, MAK_LS, MAT_LS, MET_LS, METE_LS, MIM_LS, MIME_LS, MMD_LS, MTM_LS, MTO_LS, NAE_LS, PEME_LS, PETE_LS, ROS_LS, ROSE_LS, SAO_OL, SBP_LS, SBPE_LS, SECE_LS, TEKE_LS, TEL_LS, UCK_LS, UZBE_LS, VBAE_LS, YZVE_LS",,
20526,ISP 101,ISP,LS,Spanish I,,Hilal Kapkaç Cananoğlu,MED,Perşembe,08:30/12:29,,28,25,,"ARC_LS, BIOE_LS, BLG_LS, BLGE_LS, CEN_LS, CEV_LS, CEVE_LS, CHZ_LS, DEN_LS, DUI_LS, ECNE_LS, EFN_LS, EHB_LS, EHBE_LS, EHS_LS, ELK_LS, ELKE_LS, END_LS, ENDE_LS, ENTE_LS, EUTE_LS, FIZ_LS, GEM_LS, GEO_LS, GEOE_LS, GID_LS, GMI_LS, HTA_LS, HTAE_LS, IAD_LS, IBM_LS, ICM_LS, IML_LS, IND_LS, INS_LS, INSE_LS, ISL_LS, ISLE_LS, JEF_LS, JEO_LS, KIM_LS, KMM_LS, KOM_LS, KOME_LS, MAD_LS, MAK_LS, MAT_LS, MET_LS, METE_LS, MIM_LS, MIME_LS, MMD_LS, MTM_LS, MTO_LS, NAE_LS, PEME_LS, PETE_LS, ROS_LS, ROSE_LS, SAO_OL, SBP_LS, SBPE_LS, SECE_LS, TEKE_LS, TEL_LS, UCK_LS, UZBE_LS, VBAE_LS, YZVE_LS",,
20527,ISP 101,ISP,LS,Spanish I,,Marıa Vıctorıa Galvez Frutos,MED,Perşembe,13:00/16:59,,28,28,,"ARC_LS, BIOE_LS, BLG_LS, BLGE_LS, CEN_LS, CEV_LS, CEVE_LS, CHZ_LS, DEN_LS, DUI_LS, ECNE_LS, EFN_LS, EHB_LS, EHBE_LS, EHS_LS, ELK_LS, ELKE_LS, END_LS, ENDE_LS, ENTE_LS, EUTE_LS, FIZ_LS, GEM_LS, GEO_LS, GEOE_LS, GID_LS, GMI_LS, HTA_LS, HTAE_LS, IAD_LS, IBM_LS, ICM_LS, IML_LS, IND_LS, INS_LS, INSE_LS, ISL_LS, ISLE_LS, JEF_LS, JEO_LS, KIM_LS, KMM_LS, KOM_LS, KOME_LS, MAD_LS, MAK_LS, MAT_LS, MET_LS, METE_LS, MIM_LS, MIME_LS, MMD_LS, MTM_LS, MTO_LS, NAE_LS, PEME_LS, PETE_LS, ROS_LS, ROSE_LS, SAO_OL, SBP_LS, SBPE_LS, SECE_LS, TEKE_LS, TEL_LS, UCK_LS, UZBE_LS, VBAE_LS, YZVE_LS",,
20528,ISP 102,ISP,LS,Spanish II,,Hilal Kapkaç Cananoğlu,MED,Pazartesi,08:30/12:29,,30,25,,"ARC_LS, BIOE_LS, BLG_LS, BLGE_LS, CEN_LS, CEV_LS, CEVE_LS, CHZ_LS, DEN_LS, DUI_LS, ECNE_LS, EFN_LS, EHB_LS, EHBE_LS, EHS_LS, ELK_LS, ELKE_LS, END_LS, ENDE_LS, ENTE_LS, EUTE_LS, FIZ_LS, GEM_LS, GEO_LS, GEOE_LS, GID_LS, GMI_LS, HTA_LS, HTAE_LS, IAD_LS, IBM_LS, ICM_LS, IML_LS, IND_LS, INS_LS, INSE_LS, ISL_LS, ISLE_LS, JEF_LS, JEO_LS, KIM_LS, KMM_LS, KOM_LS, KOME_LS, MAD_LS, MAK_LS, MAT_LS, MET_LS, METE_LS, MIM_LS, MIME_LS, MMD_LS, MTM_LS, MTO_LS, NAE_LS, PEME_LS, PETE_LS, ROS_LS, ROSE_LS, SAO_OL, SBP_LS, SBPE_LS, SECE_LS, TEKE_LS, TEL_LS, UCK_LS, UZBE_LS, VBAE_LS, YZVE_LS",,
20529,ISP 102,ISP,LS,Spanish II,,Marıa Vıctorıa Galvez Frutos,MED,Salı,08:30/12:29,,30,16,,"ARC_LS, BIOE_LS, BLG_LS, BLGE_LS, CEN_LS, CEV_LS, CEVE_LS, CHZ_LS, DEN_LS, DUI_LS, ECNE_LS, EFN_LS, EHB_LS, EHBE_LS, EHS_LS, ELK_LS, ELKE_LS, END_LS, ENDE_LS, ENTE_LS, EUTE_LS, FIZ_LS, GEM_LS, GEO_LS, GEOE_LS, GID_LS, GMI_LS, HTA_LS, HTAE_LS, IAD_LS, IBM_LS, ICM_LS, IML_LS, IND_LS, INS_LS, INSE_LS, ISL_LS, ISLE_LS, JEF_LS, JEO_LS, KIM_LS, KMM_LS, KOM_LS, KOME_LS, MAD_LS, MAK_LS, MAT_LS, MET_LS, METE_LS, MIM_LS, MIME_LS, MMD_LS, MTM_LS, MTO_LS, NAE_LS, PEME_LS, PETE_LS, ROS_LS, ROSE_LS, SAO_OL, SBP_LS, SBPE_LS, SECE_LS, TEKE_LS, TEL_LS, UCK_LS, UZBE_LS, VBAE_LS, YZVE_LS",,
20530,ISP 102,ISP,LS,Spanish II,,Hilal Kapkaç Cananoğlu,MED,Çarşamba,08:30/12:29,,30,19,,"ARC_LS, BIOE_LS, BLG_LS, BLGE_LS, CEN_LS, CEV_LS, CEVE_LS, CHZ_LS, DEN_LS, DUI_LS, ECNE_LS, EFN_LS, EHB_LS, EHBE_LS, EHS_LS, ELK_LS, ELKE_LS, END_LS, ENDE_LS, ENTE_LS, EUTE_LS, FIZ_LS, GEM_LS, GEO_LS, GEOE_LS, GID_LS, GMI_LS, HTA_LS, HTAE_LS, IAD_LS, IBM_LS, ICM_LS, IML_LS, IND_LS, INS_LS, INSE_LS, ISL_LS, ISLE_LS, JEF_LS, JEO_LS, KIM_LS, KMM_LS, KOM_LS, KOME_LS, MAD_LS, MAK_LS, MAT_LS, MET_LS, METE_LS, MIM_LS, MIME_LS, MMD_LS, MTM_LS, MTO_LS, NAE_LS, PEME_LS, PETE_LS, ROS_LS, ROSE_LS, SAO_OL, SBP_LS, SBPE_LS, SECE_LS, TEKE_LS, TEL_LS, UCK_LS, UZBE_LS, VBAE_LS, YZVE_LS",,
20531,ISP 102,ISP,LS,Spanish II,,Marıa Vıctorıa Galvez Frutos,MED,Cuma,08:30/12:29,,30,28,,"ARC_LS, BIOE_LS, BLG_LS, BLGE_LS, CEN_LS, CEV_LS, CEVE_LS, CHZ_LS, DEN_LS, DUI_LS, ECNE_LS, EFN_LS, EHB_LS, EHBE_LS, EHS_LS, ELK_LS, ELKE_LS, END_LS, ENDE_LS, ENTE_LS, EUTE_LS, FIZ_LS, GEM_LS, GEO_LS, GEOE_LS, GID_LS, GMI_LS, HTA_LS, HTAE_LS, IAD_LS, IBM_LS, ICM_LS, IML_LS, IND_LS, INS_LS, INSE_LS, ISL_LS, ISLE_LS, JEF_LS, JEO_LS, KIM_LS, KMM_LS, KOM_LS, KOME_LS, MAD_LS, MAK_LS, MAT_LS, MET_LS, METE_LS, MIM_LS, MIME_LS, MMD_LS, MTM_LS, MTO_LS, NAE_LS, PEME_LS, PETE_LS, ROS_LS, ROSE_LS, SAO_OL, SBP_LS, SBPE_LS, SECE_LS, TEKE_LS, TEL_LS, UCK_LS, UZBE_LS, VBAE_LS, YZVE_LS",,
20532,ISP 201,ISP,LS,Spanish III,,Marıa Vıctorıa Galvez Frutos,MED,Çarşamba,08:30/12:29,,25,12,,"ARC_LS, BIOE_LS, BLG_LS, BLGE_LS, CEN_LS, CEV_LS, CEVE_LS, CHZ_LS, DEN_LS, DUI_LS, ECNE_LS, EFN_LS, EHB_LS, EHBE_LS, EHS_LS, ELK_LS, ELKE_LS, END_LS, ENDE_LS, ENTE_LS, EUTE_LS, FIZ_LS, GEM_LS, GEO_LS, GEOE_LS, GID_LS, GMI_LS, HTA_LS, HTAE_LS, IAD_LS, IBM_LS, ICM_LS, IML_LS, IND_LS, INS_LS, INSE_LS, ISL_LS, ISLE_LS, JEF_LS, JEO_LS, KIM_LS, KMM_LS, KOM_LS, KOME_LS, MAD_LS, MAK_LS, MAT_LS, MET_LS, METE_LS, MIM_LS, MIME_LS, MMD_LS, MTM_LS, MTO_LS, NAE_LS, PEME_LS, PETE_LS, ROS_LS, ROSE_LS, SAO_OL, SBP_LS, SBPE_LS, SECE_LS, TEKE_LS, TEL_LS, UCK_LS, UZBE_LS, VBAE_LS, YZVE_LS",,
20533,ISP 202,ISP,LS,Spanish IV,,Marıa Vıctorıa Galvez Frutos,MED,Salı,13:00/16:59,,20,6,,"ARC_LS, BIOE_LS, BLG_LS, BLGE_LS, CEN_LS, CEV_LS, CEVE_LS, CHZ_LS, DEN_LS, DUI_LS, ECNE_LS, EFN_LS, EHB_LS, EHBE_LS, EHS_LS, ELK_LS, ELKE_LS, END_LS, ENDE_LS, ENTE_LS, EUTE_LS, FIZ_LS, GEM_LS, GEO_LS, GEOE_LS, GID_LS, GMI_LS, HTA_LS, HTAE_LS, IAD_LS, IBM_LS, ICM_LS, IML_LS, IND_LS, INS_LS, INSE_LS, ISL_LS, ISLE_LS, JEF_LS, JEO_LS, KIM_LS, KMM_LS, KOM_LS, KOME_LS, MAD_LS, MAK_LS, MAT_LS, MET_LS, METE_LS, MIM_LS, MIME_LS, MMD_LS, MTM_LS, MTO_LS, NAE_LS, PEME_LS, PETE_LS, ROS_LS, ROSE_LS, SAO_OL, SBP_LS, SBPE_LS, SECE_LS, TEKE_LS, TEL_LS, UCK_LS, UZBE_LS, VBAE_LS, YZVE_LS",,
20534,JPN 101,JPN,LS,Japanese I,,Salih Kirazoğlu,MED,Salı,13:00/16:59,,30,30,,"ARC_LS, BIOE_LS, BLG_LS, BLGE_LS, CEN_LS, CEV_LS, CEVE_LS, CHZ_LS, DEN_LS, DUI_LS, ECNE_LS, EFN_LS, EHB_LS, EHBE_LS, EHS_LS, ELK_LS, ELKE_LS, END_LS, ENDE_LS, ENTE_LS, EUTE_LS, FIZ_LS, GEM_LS, GEO_LS, GEOE_LS, GID_LS, GMI_LS, HTA_LS, HTAE_LS, IAD_LS, IBM_LS, ICM_LS, IML_LS, IND_LS, INS_LS, INSE_LS, ISL_LS, ISLE_LS, JEF_LS, JEO_LS, KIM_LS, KMM_LS, KOM_LS, KOME_LS, MAD_LS, MAK_LS, MAT_LS, MET_LS, METE_LS, MIM_LS, MIME_LS, MMD_LS, MTM_LS, MTO_LS, NAE_LS, PEME_LS, PETE_LS, ROS_LS, ROSE_LS, SAO_OL, SBP_LS, SBPE_LS, SECE_LS, TEKE_LS, TEL_LS, UCK_LS, UZBE_LS, VBAE_LS, YZVE_LS",,
20535,JPN 101,JPN,LS,Japanese I,,Salih Kirazoğlu,MED,Perşembe,13:00/16:59,,30,30,,"ARC_LS, BIOE_LS, BLG_LS, BLGE_LS, CEN_LS, CEV_LS, CEVE_LS, CHZ_LS, DEN_LS, DUI_LS, ECNE_LS, EFN_LS, EHB_LS, EHBE_LS, EHS_LS, ELK_LS, ELKE_LS, END_LS, ENDE_LS, ENTE_LS, EUTE_LS, FIZ_LS, GEM_LS, GEO_LS, GEOE_LS, GID_LS, GMI_LS, HTA_LS, HTAE_LS, IAD_LS, IBM_LS, ICM_LS, IML_LS, IND_LS, INS_LS, INSE_LS, ISL_LS, ISLE_LS, JEF_LS, JEO_LS, KIM_LS, KMM_LS, KOM_LS, KOME_LS, MAD_LS, MAK_LS, MAT_LS, MET_LS, METE_LS, MIM_LS, MIME_LS, MMD_LS, MTM_LS, MTO_LS, NAE_LS, PEME_LS, PETE_LS, ROS_LS, ROSE_LS, SAO_OL, SBP_LS, SBPE_LS, SECE_LS, TEKE_LS, TEL_LS, UCK_LS, UZBE_LS, VBAE_LS, YZVE_LS",,
20536,JPN 102,JPN,LS,Japanese II,,Salih Kirazoğlu,MED,Çarşamba,08:30/12:29,,27,21,,"ARC_LS, BIOE_LS, BLG_LS, BLGE_LS, CEN_LS, CEV_LS, CEVE_LS, CHZ_LS, DEN_LS, DUI_LS, ECNE_LS, EFN_LS, EHB_LS, EHBE_LS, EHS_LS, ELK_LS, ELKE_LS, END_LS, ENDE_LS, ENTE_LS, EUTE_LS, FIZ_LS, GEM_LS, GEO_LS, GEOE_LS, GID_LS, GMI_LS, HTA_LS, HTAE_LS, IAD_LS, IBM_LS, ICM_LS, IML_LS, IND_LS, INS_LS, INSE_LS, ISL_LS, ISLE_LS, JEF_LS, JEO_LS, KIM_LS, KMM_LS, KOM_LS, KOME_LS, MAD_LS, MAK_LS, MAT_LS, MET_LS, METE_LS, MIM_LS, MIME_LS, MMD_LS, MTM_LS, MTO_LS, NAE_LS, PEME_LS, PETE_LS, ROS_LS, ROSE_LS, SAO_OL, SBP_LS, SBPE_LS, SECE_LS, TEKE_LS, TEL_LS, UCK_LS, UZBE_LS, VBAE_LS, YZVE_LS",,
20537,JPN 201,JPN,LS,Japanese III,,Salih Kirazoğlu,MED,Cuma,08:30/12:29,,20,12,,"ARC_LS, BIOE_LS, BLG_LS, BLGE_LS, CEN_LS, CEV_LS, CEVE_LS, CHZ_LS, DEN_LS, DUI_LS, ECNE_LS, EFN_LS, EHB_LS, EHBE_LS, EHS_LS, ELK_LS, ELKE_LS, END_LS, ENDE_LS, ENTE_LS, EUTE_LS, FIZ_LS, GEM_LS, GEO_LS, GEOE_LS, GID_LS, GMI_LS, HTA_LS, HTAE_LS, IAD_LS, IBM_LS, ICM_LS, IML_LS, IND_LS, INS_LS, INSE_LS, ISL_LS, ISLE_LS, JEF_LS, JEO_LS, KIM_LS, KMM_LS, KOM_LS, KOME_LS, MAD_LS, MAK_LS, MAT_LS, MET_LS, METE_LS, MIM_LS, MIME_LS, MMD_LS, MTM_LS, MTO_LS, NAE_LS, PEME_LS, PETE_LS, ROS_LS, ROSE_LS, SAO_OL, SBP_LS, SBPE_LS, SECE_LS, TEKE_LS, TEL_LS, UCK_LS, UZBE_LS, VBAE_LS, YZVE_LS",,
20538,ARB 101,ARB,LS,Arapça I,,Zeynep Arkan,MED,Salı,08:30/12:29,,25,27,,"ARC_LS, BIOE_LS, BLG_LS, BLGE_LS, CEN_LS, CEV_LS, CEVE_LS, CHZ_LS, DEN_LS, DUI_LS, ECNE_LS, EFN_LS, EHB_LS, EHBE_LS, EHS_LS, ELK_LS, ELKE_LS, END_LS, ENDE_LS, ENTE_LS, EUTE_LS, FIZ_LS, GEM_LS, GEO_LS, GEOE_LS, GID_LS, GMI_LS, HTA_LS, HTAE_LS, IAD_LS, IBM_LS, ICM_LS, IML_LS, IND_LS, INS_LS, INSE_LS, ISL_LS, ISLE_LS, JEF_LS, JEO_LS, KIM_LS, KMM_LS, KOM_LS, KOME_LS, MAD_LS, MAK_LS, MAT_LS, MET_LS, METE_LS, MIM_LS, MIME_LS, MMD_LS, MTM_LS, MTO_LS, NAE_LS, PEME_LS, PETE_LS, ROS_LS, ROSE_LS, SAO_OL, SBP_LS, SBPE_LS, SECE_LS, TEKE_LS, TEL_LS, UCK_LS, UZBE_LS, VBAE_LS, YZVE_LS",,
20564,EKO 201E,EKO,LS,Economics,,"Mete Han Yağmur , / Aysun Hızıroğlu Aygün",MED,Perşembe,08:30/11:29,,300,211,,"ARC_LS, BLG_LS, BLGE_LS, CEN_LS, CEV_LS, CEVE_LS, CHZ_LS, CHZE_LS, DEN_LS, DENE_LS, DUI_LS, DUIE_LS, EEE_LS, EHB_LS, EHBE_LS, ELE_LS, ELH_LS, ELK_LS, ELKE_LS, END_LS, ENDE_LS, ENTE_LS, EUT_LS, EUTE_LS, FIZ_LS, GEM_LS, GEME_LS, GEMK_LS, GEO_LS, GEOE_LS, GID_LS, GIDE_LS, GMI_LS, GMIE_LS, IAD_LS, IBM_LS, ICM_LS, IML_LS, IMLE_LS, IND_LS, INS_LS, INSE_LS, JEF_LS, JEO_LS, JEOE_LS, KMM_LS, KMME_LS, KOM_LS, KOME_LS, MAD_LS, MADE_LS, MAK_LS, MAKE_LS, MAT_LS, MATE_LS, MEN_LS, MET_LS, METE_LS, MIM_LS, MIME_LS, MTO_LS, MTOE_LS, PEM_LS, PEME_LS, PET_LS, PETE_LS, SBP_LS, SBPE_LS, SED_LS, TEK_LS, TEKE_LS, TEL_LS, UCK_LS, UZB_LS, UZBE_LS, VBAE_LS, YZVE_LS",,
20565,EKO 201E,EKO,LS,Economics,,Aysun Hızıroğlu Aygün,MED,Pazartesi,08:30/11:29,,300,203,,"ARC_LS, BLG_LS, BLGE_LS, CEN_LS, CEV_LS, CEVE_LS, CHZ_LS, CHZE_LS, DEN_LS, DENE_LS, DUI_LS, DUIE_LS, EEE_LS, EHB_LS, EHBE_LS, ELE_LS, ELH_LS, ELK_LS, ELKE_LS, END_LS, ENDE_LS, ENTE_LS, EUT_LS, EUTE_LS, FIZ_LS, GEM_LS, GEME_LS, GEMK_LS, GEO_LS, GEOE_LS, GID_LS, GIDE_LS, GMI_LS, GMIE_LS, IAD_LS, IBM_LS, ICM_LS, IML_LS, IMLE_LS, IND_LS, INS_LS, INSE_LS, JEF_LS, JEO_LS, JEOE_LS, KMM_LS, KMME_LS, KOM_LS, KOME_LS, MAD_LS, MADE_LS, MAK_LS, MAKE_LS, MAT_LS, MATE_LS, MEN_LS, MET_LS, METE_LS, MIM_LS, MIME_LS, MTO_LS, MTOE_LS, PEM_LS, PEME_LS, PET_LS, PETE_LS, SBP_LS, SBPE_LS, SED_LS, TEK_LS, TEKE_LS, TEL_LS, UCK_LS, UZB_LS, UZBE_LS, VBAE_LS, YZVE_LS",,
20566,EKO 201E,EKO,LS,Economics,,Umut Kuruüzüm,MED,Salı,08:30/11:29,,300,212,,"ARC_LS, BLG_LS, BLGE_LS, CEN_LS, CEV_LS, CEVE_LS, CHZ_LS, CHZE_LS, DEN_LS, DENE_LS, DUI_LS, DUIE_LS, EEE_LS, EHB_LS, EHBE_LS, ELE_LS, ELH_LS, ELK_LS, ELKE_LS, END_LS, ENDE_LS, ENTE_LS, EUT_LS, EUTE_LS, FIZ_LS, GEM_LS, GEME_LS, GEMK_LS, GEO_LS, GEOE_LS, GID_LS, GIDE_LS, GMI_LS, GMIE_LS, IAD_LS, IBM_LS, ICM_LS, IML_LS, IMLE_LS, IND_LS, INS_LS, INSE_LS, JEF_LS, JEO_LS, JEOE_LS, KMM_LS, KMME_LS, KOM_LS, KOME_LS, MAD_LS, MADE_LS, MAK_LS, MAKE_LS, MAT_LS, MATE_LS, MEN_LS, MET_LS, METE_LS, MIM_LS, MIME_LS, MTO_LS, MTOE_LS, PEM_LS, PEME_LS, PET_LS, PETE_LS, SBP_LS, SBPE_LS, SED_LS, TEK_LS, TEKE_LS, TEL_LS, UCK_LS, UZB_LS, UZBE_LS, VBAE_LS, YZVE_LS",,
20567,EKO 201E,EKO,LS,Economics,,Umut Kuruüzüm,MED,Çarşamba,08:30/11:29,,300,176,,"ARC_LS, BLG_LS, BLGE_LS, CEN_LS, CEV_LS, CEVE_LS, CHZ_LS, CHZE_LS, DEN_LS, DENE_LS, DUI_LS, DUIE_LS, EEE_LS, EHB_LS, EHBE_LS, ELE_LS, ELH_LS, ELK_LS, ELKE_LS, END_LS, ENDE_LS, ENTE_LS, EUT_LS, EUTE_LS, FIZ_LS, GEM_LS, GEME_LS, GEMK_LS, GEO_LS, GEOE_LS, GID_LS, GIDE_LS, GMI_LS, GMIE_LS, IAD_LS, IBM_LS, ICM_LS, IML_LS, IMLE_LS, IND_LS, INS_LS, INSE_LS, JEF_LS, JEO_LS, JEOE_LS, KMM_LS, KMME_LS, KOM_LS, KOME_LS, MAD_LS, MADE_LS, MAK_LS, MAKE_LS, MAT_LS, MATE_LS, MEN_LS, MET_LS, METE_LS, MIM_LS, MIME_LS, MTO_LS, MTOE_LS, PEM_LS, PEME_LS, PET_LS, PETE_LS, SBP_LS, SBPE_LS, SED_LS, TEK_LS, TEKE_LS, TEL_LS, UCK_LS, UZB_LS, UZBE_LS, VBAE_LS, YZVE_LS",,
20568,EKO 201E,EKO,LS,Economics,,Umut Kuruüzüm,MED,Cuma,14:30/17:29,,300,290,,"ARC_LS, BLG_LS, BLGE_LS, CEN_LS, CEV_LS, CEVE_LS, CHZ_LS, CHZE_LS, DEN_LS, DENE_LS, DUI_LS, DUIE_LS, EEE_LS, EHB_LS, EHBE_LS, ELE_LS, ELH_LS, ELK_LS, ELKE_LS, END_LS, ENDE_LS, ENTE_LS, EUT_LS, EUTE_LS, FIZ_LS, GEM_LS, GEME_LS, GEMK_LS, GEO_LS, GEOE_LS, GID_LS, GIDE_LS, GMI_LS, GMIE_LS, IAD_LS, IBM_LS, ICM_LS, IML_LS, IMLE_LS, IND_LS, INS_LS, INSE_LS, JEF_LS, JEO_LS, JEOE_LS, KMM_LS, KMME_LS, KOM_LS, KOME_LS, MAD_LS, MADE_LS, MAK_LS, MAKE_LS, MAT_LS, MATE_LS, MEN_LS, MET_LS, METE_LS, MIM_LS, MIME_LS, MTO_LS, MTOE_LS, PEM_LS, PEME_LS, PET_LS, PETE_LS, SBP_LS, SBPE_LS, SED_LS, TEK_LS, TEKE_LS, TEL_LS, UCK_LS, UZB_LS, UZBE_LS, VBAE_LS, YZVE_LS",,
20569,SNT 101,SNT,LS,Heykel Sanatına Bakış,,Meliha Sözeri Özatalay,MMB,Salı,08:30/11:29,227B,20,20,,"BIO_LS, BLG_LS, CEV_LS, CHZ_LS, DEN_LS, DUI_LS, EHB_LS, ELE_LS, ELH_LS, ELK_LS, END_LS, ENT_LS, EUT_LS, FIZ_LS, GEM_LS, GEO_LS, GID_LS, GMI_LS, HTA_LS, IBM_LS, ICM_LS, IML_LS, INS_LS, ISL_LS, JEF_LS, JEO_LS, KIM_LS, KMM_LS, KOM_LS, KON_LS, MAD_LS, MAK_LS, MAT_LS, MET_LS, MIM_LS, MTO_LS, PEM_LS, PET_LS, ROS_LS, SAO_OL, SBP_LS, TEK_LS, TEL_LS, UCK_LS, UZB_LS",,
20570,SNT 102,SNT,LS,Fotoğraf,,Ahmet Keskin,MMB,Salı,08:30/11:29,3501,22,20,,"BIO_LS, BLG_LS, CEV_LS, CHZ_LS, DEN_LS, DUI_LS, EHB_LS, ELE_LS, ELH_LS, ELK_LS, END_LS, ENT_LS, EUT_LS, FIZ_LS, GEM_LS, GEO_LS, GID_LS, GMI_LS, HTA_LS, IBM_LS, ICM_LS, IML_LS, INS_LS, ISL_LS, JEF_LS, JEO_LS, KIM_LS, KMM_LS, KOM_LS, KON_LS, MAD_LS, MAK_LS, MAT_LS, MET_LS, MIM_LS, MTO_LS, PEM_LS, PET_LS, ROS_LS, SAO_OL, SBP_LS, TEK_LS, TEL_LS, UCK_LS, UZB_LS",,
20571,SNT 102,SNT,LS,Fotoğraf,,Altan Bal,MMB,Pazartesi,08:30/11:29,302,22,23,,"BIO_LS, BLG_LS, CEV_LS, CHZ_LS, DEN_LS, DUI_LS, EHB_LS, ELE_LS, ELH_LS, ELK_LS, END_LS, ENT_LS, EUT_LS, FIZ_LS, GEM_LS, GEO_LS, GID_LS, GMI_LS, HTA_LS, IBM_LS, ICM_LS, IML_LS, INS_LS, ISL_LS, JEF_LS, JEO_LS, KIM_LS, KMM_LS, KOM_LS, KON_LS, MAD_LS, MAK_LS, MAT_LS, MET_LS, MIM_LS, MTO_LS, PEM_LS, PET_LS, ROS_LS, SAO_OL, SBP_LS, TEK_LS, TEL_LS, UCK_LS, UZB_LS",,
20572,SNT 102,SNT,LS,Fotoğraf,,Altan Bal,MMB,Pazartesi,13:30/16:29,317,22,21,,"BIO_LS, BLG_LS, CEV_LS, CHZ_LS, DEN_LS, DUI_LS, EHB_LS, ELE_LS, ELH_LS, ELK_LS, END_LS, ENT_LS, EUT_LS, FIZ_LS, GEM_LS, GEO_LS, GID_LS, GMI_LS, HTA_LS, IBM_LS, ICM_LS, IML_LS, INS_LS, ISL_LS, JEF_LS, JEO_LS, KIM_LS, KMM_LS, KOM_LS, KON_LS, MAD_LS, MAK_LS, MAT_LS, MET_LS, MIM_LS, MTO_LS, PEM_LS, PET_LS, ROS_LS, SAO_OL, SBP_LS, TEK_LS, TEL_LS, UCK_LS, UZB_LS",,
20573,SNT 102,SNT,LS,Fotoğraf,,Hulki Korkut İlhan,MMB,Perşembe,08:30/11:29,FOTOATOLYE,22,22,,"BIO_LS, BLG_LS, CEV_LS, CHZ_LS, DEN_LS, DUI_LS, EHB_LS, ELE_LS, ELH_LS, ELK_LS, END_LS, ENT_LS, EUT_LS, FIZ_LS, GEM_LS, GEO_LS, GID_LS, GMI_LS, HTA_LS, IBM_LS, ICM_LS, IML_LS, INS_LS, ISL_LS, JEF_LS, JEO_LS, KIM_LS, KMM_LS, KOM_LS, KON_LS, MAD_LS, MAK_LS, MAT_LS, MET_LS, MIM_LS, MTO_LS, PEM_LS, PET_LS, ROS_LS, SAO_OL, SBP_LS, TEK_LS, TEL_LS, UCK_LS, UZB_LS",,
20574,SNT 102,SNT,LS,Fotoğraf,,Hulki Korkut İlhan,MMB,Cuma,08:30/11:29,FOTOATOLYE,22,22,,"BIO_LS, BLG_LS, CEV_LS, CHZ_LS, DEN_LS, DUI_LS, EHB_LS, ELE_LS, ELH_LS, ELK_LS, END_LS, ENT_LS, EUT_LS, FIZ_LS, GEM_LS, GEO_LS, GID_LS, GMI_LS, HTA_LS, IBM_LS, ICM_LS, IML_LS, INS_LS, ISL_LS, JEF_LS, JEO_LS, KIM_LS, KMM_LS, KOM_LS, KON_LS, MAD_LS, MAK_LS, MAT_LS, MET_LS, MIM_LS, MTO_LS, PEM_LS, PET_LS, ROS_LS, SAO_OL, SBP_LS, TEK_LS, TEL_LS, UCK_LS, UZB_LS",,
20575,SNT 102E,SNT,LS,Photography,,Eylül Doğruel,MMB,Pazartesi,08:30/11:29,317,22,24,,"ARC_LS, BIO_LS, BIOE_LS, BLG_LS, BLGE_LS, CEN_LS, CEV_LS, CEVE_LS, CHZ_LS, CHZE_LS, DEN_LS, DENE_LS, DUI_LS, DUIE_LS, ECNE_LS, EEE_LS, EFN_LS, EHB_LS, EHBE_LS, ELE_LS, ELH_LS, ELK_LS, ELKE_LS, END_LS, ENDE_LS, ENT_LS, ENTE_LS, EUT_LS, EUTE_LS, FIZ_LS, FIZE_LS, GEM_LS, GEME_LS, GEMK_LS, GEO_LS, GEOE_LS, GID_LS, GIDE_LS, GMI_LS, HTA_LS, HTAE_LS, IAD_LS, IBM_LS, ICM_LS, IML_LS, IMLE_LS, IND_LS, INS_LS, INSE_LS, ISL_LS, ISLE_LS, JEF_LS, JEFE_LS, JEO_LS, JEOE_LS, KIM_LS, KIME_LS, KMM_LS, KMME_LS, KOM_LS, KOME_LS, KON_LS, MAD_LS, MADE_LS, MAK_LS, MAKE_LS, MAT_LS, MATE_LS, MEN_LS, MET_LS, METE_LS, MIM_LS, MIME_LS, MTM_LS, MTO_LS, MTOE_LS, NAE_LS, PEM_LS, PEME_LS, PET_LS, PETE_LS, ROS_LS, ROSE_LS, SAO_OL, SBP_LS, SBPE_LS, SECE_LS, TEK_LS, TEKE_LS, TEL_LS, UCK_LS, UZB_LS, UZBE_LS, VBAE_LS, YZVE_LS",,
20576,SNT 102E,SNT,LS,Photography,,Eylül Doğruel,MMB,Salı,08:30/11:29,315,22,25,,"ARC_LS, BIO_LS, BIOE_LS, BLG_LS, BLGE_LS, CEN_LS, CEV_LS, CEVE_LS, CHZ_LS, CHZE_LS, DEN_LS, DENE_LS, DUI_LS, DUIE_LS, ECNE_LS, EEE_LS, EFN_LS, EHB_LS, EHBE_LS, ELE_LS, ELH_LS, ELK_LS, ELKE_LS, END_LS, ENDE_LS, ENT_LS, ENTE_LS, EUT_LS, EUTE_LS, FIZ_LS, FIZE_LS, GEM_LS, GEME_LS, GEMK_LS, GEO_LS, GEOE_LS, GID_LS, GIDE_LS, GMI_LS, HTA_LS, HTAE_LS, IAD_LS, IBM_LS, ICM_LS, IML_LS, IMLE_LS, IND_LS, INS_LS, INSE_LS, ISL_LS, ISLE_LS, JEF_LS, JEFE_LS, JEO_LS, JEOE_LS, KIM_LS, KIME_LS, KMM_LS, KMME_LS, KOM_LS, KOME_LS, KON_LS, MAD_LS, MADE_LS, MAK_LS, MAKE_LS, MAT_LS, MATE_LS, MEN_LS, MET_LS, METE_LS, MIM_LS, MIME_LS, MTM_LS, MTO_LS, MTOE_LS, NAE_LS, PEM_LS, PEME_LS, PET_LS, PETE_LS, ROS_LS, ROSE_LS, SAO_OL, SBP_LS, SBPE_LS, SECE_LS, TEK_LS, TEKE_LS, TEL_LS, UCK_LS, UZB_LS, UZBE_LS, VBAE_LS, YZVE_LS",,
20577,SNT 103,SNT,LS,Desen,,Mehmet Güler,MMB,Perşembe,08:30/11:29,227B,22,23,,"BIO_LS, BLG_LS, CEV_LS, CHZ_LS, DEN_LS, DUI_LS, EHB_LS, ELE_LS, ELH_LS, ELK_LS, END_LS, ENT_LS, EUT_LS, FIZ_LS, GEM_LS, GEO_LS, GID_LS, GMI_LS, HTA_LS, IBM_LS, ICM_LS, IML_LS, INS_LS, ISL_LS, JEF_LS, JEO_LS, KIM_LS, KMM_LS, KOM_LS, KON_LS, MAD_LS, MAK_LS, MAT_LS, MET_LS, MIM_LS, MTO_LS, PEM_LS, PET_LS, ROS_LS, SAO_OL, SBP_LS, TEK_LS, TEL_LS, UCK_LS, UZB_LS",,
20578,SNT 103,SNT,LS,Desen,,Mehmet Güler,MMB,Perşembe,13:30/16:29,227B,22,21,,"BIO_LS, BLG_LS, CEV_LS, CHZ_LS, DEN_LS, DUI_LS, EHB_LS, ELE_LS, ELH_LS, ELK_LS, END_LS, ENT_LS, EUT_LS, FIZ_LS, GEM_LS, GEO_LS, GID_LS, GMI_LS, HTA_LS, IBM_LS, ICM_LS, IML_LS, INS_LS, ISL_LS, JEF_LS, JEO_LS, KIM_LS, KMM_LS, KOM_LS, KON_LS, MAD_LS, MAK_LS, MAT_LS, MET_LS, MIM_LS, MTO_LS, PEM_LS, PET_LS, ROS_LS, SAO_OL, SBP_LS, TEK_LS, TEL_LS, UCK_LS, UZB_LS",,
20579,ITB 020E,ITB,LS,Formations of Modernity,,Doğan Gürpınar,FEB,Çarşamba,11:30/14:29,D106,35,35,,"AIN_LS, ARC_LS, BES_LS, BIO_LS, BIOE_LS, BLG_LS, BLGE_LS, BST_LS, CAB_3T_LS, CAB_4T_LS, CAB_BG_LS, CAB_DL_LS, CAB_DS_LS, CAB_KA_LS, CAB_KE_LS, CAB_KL_LS, CAB_KM_LS, CAB_KO_LS, CAB_LS, CAB_ME_LS, CAB_NE_LS, CAB_TA_LS, CAB_TN_LS, CAB_UD_LS, CAB_VC_LS, CAB_VI_LS, CAB_VS_LS, CEB_LS, CEN_LS, CES_LS, CEV_LS, CEVE_LS, CHZ_LS, CHZE_LS, DEN_LS, DENE_LS, DUI_LS, DUIE_LS, ECNE_LS, EEE_LS, EFN_LS, EHB_LS, EHBE_LS, EHN_LS, EHS_LS, ELE_LS, ELH_LS, ELK_LS, ELKE_LS, END_LS, ENDE_LS, ENT_LS, ENTE_LS, ESS_LS, EUT_LS, EUTE_LS, FIZ_LS, FIZE_LS, GEM_LS, GEME_LS, GEMK_LS, GEO_LS, GEOE_LS, GID_LS, GIDE_LS, GMI_LS, GMIE_LS, HTA_LS, HTAE_LS, IAD_LS, IBM_LS, ICM_LS, IML_LS, IMLE_LS, IND_LS, INS_LS, INSE_LS, ISL_LS, ISLE_LS, JEF_LS, JEFE_LS, JEO_LS, JEOE_LS, KIM_LS, KIME_LS, KMM_LS, KMME_LS, KMP_LS, KOM_LS, KOME_LS, KON_LS, MAD_LS, MADE_LS, MAK_LS, MAT_LS, MATE_LS, MBI_LS, MEN_LS, MET_LS, METE_LS, MIM_LS, MIME_LS, MMD_LS, MSS_LS, MTM_LS, MTO_LS, MTOE_LS, MTR_LS, MUT_LS, MUZ_LS, MUZE_LS, MZT_LS, NAE_LS, PEM_LS, PEME_LS, PET_LS, PETE_LS, ROS_LS, ROSE_LS, SAO_OL, SAS_LS, SBL_LS, SBP_LS, SBPE_LS, SCE_LS, SDU_LS, SECE_LS, SED_LS, SEK_LS, SEN_LS, SES_LS, SES_TH_LS, SES_TS_LS, SGI_LS, SGM_LS, SIN_LS, SIS_LS, SMT_LS, STP_LS, TEB_LS, TEK_LS, TEKE_LS, TEL_LS, THO_LS, UCK_LS, UZB_LS, UZBE_LS, VBAE_LS, YZVE_LS",,
20580,SNT 103,SNT,LS,Desen,,Mehmet Güler,MMB,Cuma,08:30/11:29,227B,22,17,,"BIO_LS, BLG_LS, CEV_LS, CHZ_LS, DEN_LS, DUI_LS, EHB_LS, ELE_LS, ELH_LS, ELK_LS, END_LS, ENT_LS, EUT_LS, FIZ_LS, GEM_LS, GEO_LS, GID_LS, GMI_LS, HTA_LS, IBM_LS, ICM_LS, IML_LS, INS_LS, ISL_LS, JEF_LS, JEO_LS, KIM_LS, KMM_LS, KOM_LS, KON_LS, MAD_LS, MAK_LS, MAT_LS, MET_LS, MIM_LS, MTO_LS, PEM_LS, PET_LS, ROS_LS, SAO_OL, SBP_LS, TEK_LS, TEL_LS, UCK_LS, UZB_LS",,
20581,ITB 037E,ITB,LS,"Knowledge, Language & Logic",,Giovanni Filippo Mion,INB,Cuma,14:30/17:29,A201,35,33,,"AIN_LS, ARC_LS, BES_LS, BIO_LS, BIOE_LS, BLG_LS, BLGE_LS, BST_LS, CAB_3T_LS, CAB_4T_LS, CAB_BG_LS, CAB_DL_LS, CAB_DS_LS, CAB_KA_LS, CAB_KE_LS, CAB_KL_LS, CAB_KM_LS, CAB_KO_LS, CAB_LS, CAB_ME_LS, CAB_NE_LS, CAB_TA_LS, CAB_TN_LS, CAB_UD_LS, CAB_VC_LS, CAB_VI_LS, CAB_VS_LS, CEB_LS, CEN_LS, CES_LS, CEV_LS, CEVE_LS, CHZ_LS, CHZE_LS, DEN_LS, DENE_LS, DUI_LS, DUIE_LS, ECNE_LS, EEE_LS, EFN_LS, EHB_LS, EHBE_LS, EHN_LS, EHS_LS, ELE_LS, ELH_LS, ELK_LS, ELKE_LS, END_LS, ENDE_LS, ENT_LS, ENTE_LS, ESS_LS, EUT_LS, EUTE_LS, FIZ_LS, FIZE_LS, GEM_LS, GEME_LS, GEMK_LS, GEO_LS, GEOE_LS, GID_LS, GIDE_LS, GMI_LS, GMIE_LS, HTA_LS, HTAE_LS, IAD_LS, IBM_LS, ICM_LS, IML_LS, IMLE_LS, IND_LS, INS_LS, INSE_LS, ISL_LS, ISLE_LS, JEF_LS, JEFE_LS, JEO_LS, JEOE_LS, KIM_LS, KIME_LS, KMM_LS, KMME_LS, KMP_LS, KOM_LS, KOME_LS, KON_LS, MAD_LS, MADE_LS, MAK_LS, MAT_LS, MATE_LS, MBI_LS, MEN_LS, MET_LS, METE_LS, MIM_LS, MIME_LS, MMD_LS, MSS_LS, MTM_LS, MTO_LS, MTOE_LS, MTR_LS, MUT_LS, MUZ_LS, MUZE_LS, MZT_LS, NAE_LS, PEM_LS, PEME_LS, PET_LS, PETE_LS, ROS_LS, ROSE_LS, SAO_OL, SAS_LS, SBL_LS, SBP_LS, SBPE_LS, SCE_LS, SDU_LS, SECE_LS, SED_LS, SEK_LS, SEN_LS, SES_LS, SES_TH_LS, SES_TS_LS, SGI_LS, SGM_LS, SIN_LS, SIS_LS, SMT_LS, STP_LS, TEB_LS, TEK_LS, TEKE_LS, TEL_LS, THO_LS, UCK_LS, UZB_LS, UZBE_LS, VBAE_LS, YZVE_LS",,
20582,SNT 103,SNT,LS,Desen,,Mehmet Güler,MMB,Cuma,14:00/16:59,227B,22,23,,"BIO_LS, BLG_LS, CEV_LS, CHZ_LS, DEN_LS, DUI_LS, EHB_LS, ELE_LS, ELH_LS, ELK_LS, END_LS, ENT_LS, EUT_LS, FIZ_LS, GEM_LS, GEO_LS, GID_LS, GMI_LS, HTA_LS, IBM_LS, ICM_LS, IML_LS, INS_LS, ISL_LS, JEF_LS, JEO_LS, KIM_LS, KMM_LS, KOM_LS, KON_LS, MAD_LS, MAK_LS, MAT_LS, MET_LS, MIM_LS, MTO_LS, PEM_LS, PET_LS, ROS_LS, SAO_OL, SBP_LS, TEK_LS, TEL_LS, UCK_LS, UZB_LS",,
20583,ITB 087,ITB,LS,Medya ve Toplum,,Ebru Belgin Yetişkin Doğrusöz,FEB,Çarşamba,11:30/14:29,L400,30,22,,"BIO_LS, BLG_LS, BST_LS, CAB_3T_LS, CAB_4T_LS, CAB_BG_LS, CAB_DL_LS, CAB_DS_LS, CAB_KA_LS, CAB_KE_LS, CAB_KL_LS, CAB_KM_LS, CAB_KO_LS, CAB_LS, CAB_ME_LS, CAB_NE_LS, CAB_TA_LS, CAB_TN_LS, CAB_UD_LS, CAB_VC_LS, CAB_VI_LS, CAB_VS_LS, CEB_LS, CEV_LS, CHZ_LS, DEN_LS, DUI_LS, EHB_LS, ELE_LS, ELH_LS, ELK_LS, END_LS, ENT_LS, EUT_LS, FIZ_LS, GEM_LS, GEO_LS, GID_LS, GMI_LS, HTA_LS, IBM_LS, ICM_LS, IML_LS, INS_LS, ISL_LS, JEF_LS, JEO_LS, KIM_LS, KMM_LS, KMP_LS, KOM_LS, KON_LS, MAD_LS, MAK_LS, MAT_LS, MET_LS, MIM_LS, MTO_LS, MTR_LS, MUT_LS, MUZ_LS, MZT_LS, PEM_LS, PET_LS, ROS_LS, SAO_OL, SBP_LS, SES_LS, SES_TH_LS, SES_TS_LS, TEB_LS, TEK_LS, TEL_LS, THO_LS, UCK_LS, UZB_LS",,
20584,SNT 103,SNT,LS,Desen,,Selçuk Fergöğce,MMB,Çarşamba,08:30/11:29,227B,22,21,,"BIO_LS, BLG_LS, CEV_LS, CHZ_LS, DEN_LS, DUI_LS, EHB_LS, ELE_LS, ELH_LS, ELK_LS, END_LS, ENT_LS, EUT_LS, FIZ_LS, GEM_LS, GEO_LS, GID_LS, GMI_LS, HTA_LS, IBM_LS, ICM_LS, IML_LS, INS_LS, ISL_LS, JEF_LS, JEO_LS, KIM_LS, KMM_LS, KOM_LS, KON_LS, MAD_LS, MAK_LS, MAT_LS, MET_LS, MIM_LS, MTO_LS, PEM_LS, PET_LS, ROS_LS, SAO_OL, SBP_LS, TEK_LS, TEL_LS, UCK_LS, UZB_LS",,
20585,ITB 094E,ITB,LS,International.Rel.and Globali.,,Merve Çalımlı Akgün,FEB,Cuma,09:30/12:29,D304,33,30,,"AIN_LS, ARC_LS, BES_LS, BIO_LS, BIOE_LS, BLG_LS, BLGE_LS, BST_LS, CAB_3T_LS, CAB_4T_LS, CAB_BG_LS, CAB_DL_LS, CAB_DS_LS, CAB_KA_LS, CAB_KE_LS, CAB_KL_LS, CAB_KM_LS, CAB_KO_LS, CAB_LS, CAB_ME_LS, CAB_NE_LS, CAB_TA_LS, CAB_TN_LS, CAB_UD_LS, CAB_VC_LS, CAB_VI_LS, CAB_VS_LS, CEB_LS, CEN_LS, CES_LS, CEV_LS, CEVE_LS, CHZ_LS, CHZE_LS, DEN_LS, DENE_LS, DUI_LS, DUIE_LS, ECNE_LS, EEE_LS, EFN_LS, EHB_LS, EHBE_LS, EHN_LS, EHS_LS, ELE_LS, ELH_LS, ELK_LS, ELKE_LS, END_LS, ENDE_LS, ENT_LS, ENTE_LS, ESS_LS, EUT_LS, EUTE_LS, FIZ_LS, FIZE_LS, GEM_LS, GEME_LS, GEMK_LS, GEO_LS, GEOE_LS, GID_LS, GIDE_LS, GMI_LS, GMIE_LS, HTA_LS, HTAE_LS, IAD_LS, IBM_LS, ICM_LS, IML_LS, IMLE_LS, IND_LS, INS_LS, INSE_LS, ISL_LS, ISLE_LS, JEF_LS, JEFE_LS, JEO_LS, JEOE_LS, KIM_LS, KIME_LS, KMM_LS, KMME_LS, KMP_LS, KOM_LS, KOME_LS, KON_LS, MAD_LS, MADE_LS, MAK_LS, MAT_LS, MATE_LS, MBI_LS, MEN_LS, MET_LS, METE_LS, MIM_LS, MIME_LS, MMD_LS, MSS_LS, MTM_LS, MTO_LS, MTOE_LS, MTR_LS, MUT_LS, MUZ_LS, MUZE_LS, MZT_LS, NAE_LS, PEM_LS, PEME_LS, PET_LS, PETE_LS, ROS_LS, ROSE_LS, SAO_OL, SAS_LS, SBL_LS, SBP_LS, SBPE_LS, SCE_LS, SDU_LS, SECE_LS, SED_LS, SEK_LS, SEN_LS, SES_LS, SES_TH_LS, SES_TS_LS, SGI_LS, SGM_LS, SIN_LS, SIS_LS, SMT_LS, STP_LS, TEB_LS, TEK_LS, TEKE_LS, TEL_LS, THO_LS, UCK_LS, UZB_LS, UZBE_LS, VBAE_LS, YZVE_LS",,
20586,SNT 103,SNT,LS,Desen,,Selçuk Fergöğce,MMB,Çarşamba,12:30/15:29,227B,22,22,,"BIO_LS, BLG_LS, CEV_LS, CHZ_LS, DEN_LS, DUI_LS, EHB_LS, ELE_LS, ELH_LS, ELK_LS, END_LS, ENT_LS, EUT_LS, FIZ_LS, GEM_LS, GEO_LS, GID_LS, GMI_LS, HTA_LS, IBM_LS, ICM_LS, IML_LS, INS_LS, ISL_LS, JEF_LS, JEO_LS, KIM_LS, KMM_LS, KOM_LS, KON_LS, MAD_LS, MAK_LS, MAT_LS, MET_LS, MIM_LS, MTO_LS, PEM_LS, PET_LS, ROS_LS, SAO_OL, SBP_LS, TEK_LS, TEL_LS, UCK_LS, UZB_LS",,
20587,ITB 094E,ITB,LS,International.Rel.and Globali.,,Umut Uzer,FEB,Çarşamba,12:30/15:29,D104,35,42,,"AIN_LS, ARC_LS, BES_LS, BIO_LS, BIOE_LS, BLG_LS, BLGE_LS, BST_LS, CAB_3T_LS, CAB_4T_LS, CAB_BG_LS, CAB_DL_LS, CAB_DS_LS, CAB_KA_LS, CAB_KE_LS, CAB_KL_LS, CAB_KM_LS, CAB_KO_LS, CAB_LS, CAB_ME_LS, CAB_NE_LS, CAB_TA_LS, CAB_TN_LS, CAB_UD_LS, CAB_VC_LS, CAB_VI_LS, CAB_VS_LS, CEB_LS, CEN_LS, CES_LS, CEV_LS, CEVE_LS, CHZ_LS, CHZE_LS, DEN_LS, DENE_LS, DUI_LS, DUIE_LS, ECNE_LS, EEE_LS, EFN_LS, EHB_LS, EHBE_LS, EHN_LS, EHS_LS, ELE_LS, ELH_LS, ELK_LS, ELKE_LS, END_LS, ENDE_LS, ENT_LS, ENTE_LS, ESS_LS, EUT_LS, EUTE_LS, FIZ_LS, FIZE_LS, GEM_LS, GEME_LS, GEMK_LS, GEO_LS, GEOE_LS, GID_LS, GIDE_LS, GMI_LS, GMIE_LS, HTA_LS, HTAE_LS, IAD_LS, IBM_LS, ICM_LS, IML_LS, IMLE_LS, IND_LS, INS_LS, INSE_LS, ISL_LS, ISLE_LS, JEF_LS, JEFE_LS, JEO_LS, JEOE_LS, KIM_LS, KIME_LS, KMM_LS, KMME_LS, KMP_LS, KOM_LS, KOME_LS, KON_LS, MAD_LS, MADE_LS, MAK_LS, MAT_LS, MATE_LS, MBI_LS, MEN_LS, MET_LS, METE_LS, MIM_LS, MIME_LS, MMD_LS, MSS_LS, MTM_LS, MTO_LS, MTOE_LS, MTR_LS, MUT_LS, MUZ_LS, MUZE_LS, MZT_LS, NAE_LS, PEM_LS, PEME_LS, PET_LS, PETE_LS, ROS_LS, ROSE_LS, SAO_OL, SAS_LS, SBL_LS, SBP_LS, SBPE_LS, SCE_LS, SDU_LS, SECE_LS, SED_LS, SEK_LS, SEN_LS, SES_LS, SES_TH_LS, SES_TS_LS, SGI_LS, SGM_LS, SIN_LS, SIS_LS, SMT_LS, STP_LS, TEB_LS, TEK_LS, TEKE_LS, TEL_LS, THO_LS, UCK_LS, UZB_LS, UZBE_LS, VBAE_LS, YZVE_LS",,
20588,ITB 151,ITB,LS,İnsan Kaynakları Yönetimi,,Ümran Kaya,FEB,Perşembe,11:30/14:29,D105,30,26,,"BIO_LS, BLG_LS, BST_LS, CAB_3T_LS, CAB_4T_LS, CAB_BG_LS, CAB_DL_LS, CAB_DS_LS, CAB_KA_LS, CAB_KE_LS, CAB_KL_LS, CAB_KM_LS, CAB_KO_LS, CAB_LS, CAB_ME_LS, CAB_NE_LS, CAB_TA_LS, CAB_TN_LS, CAB_UD_LS, CAB_VC_LS, CAB_VI_LS, CAB_VS_LS, CEB_LS, CEV_LS, CHZ_LS, DEN_LS, DUI_LS, EHB_LS, ELE_LS, ELH_LS, ELK_LS, ENT_LS, EUT_LS, FIZ_LS, GEM_LS, GEO_LS, GID_LS, GMI_LS, HTA_LS, IBM_LS, ICM_LS, IML_LS, INS_LS, JEF_LS, JEO_LS, KIM_LS, KMM_LS, KMP_LS, KOM_LS, KON_LS, MAD_LS, MAK_LS, MAT_LS, MET_LS, MIM_LS, MTO_LS, MTR_LS, MUT_LS, MUZ_LS, MZT_LS, PEM_LS, PET_LS, ROS_LS, SAO_OL, SBP_LS, SES_LS, SES_TH_LS, SES_TS_LS, TEB_LS, TEK_LS, TEL_LS, THO_LS, UCK_LS, UZB_LS",,
20589,SNT 103E,SNT,LS,Drawing,,Meliha Sözeri Özatalay,MMB,Pazartesi,08:30/11:29,227B,20,29,,"ARC_LS, BIO_LS, BIOE_LS, BLG_LS, BLGE_LS, CEN_LS, CEV_LS, CEVE_LS, CHZ_LS, CHZE_LS, DEN_LS, DENE_LS, DUI_LS, DUIE_LS, ECNE_LS, EEE_LS, EFN_LS, EHB_LS, EHBE_LS, ELE_LS, ELH_LS, ELK_LS, ELKE_LS, END_LS, ENDE_LS, ENT_LS, ENTE_LS, EUT_LS, EUTE_LS, FIZ_LS, FIZE_LS, GEM_LS, GEME_LS, GEMK_LS, GEO_LS, GEOE_LS, GID_LS, GIDE_LS, GMI_LS, HTA_LS, HTAE_LS, IAD_LS, IBM_LS, ICM_LS, IML_LS, IMLE_LS, IND_LS, INS_LS, INSE_LS, ISL_LS, ISLE_LS, JEF_LS, JEFE_LS, JEO_LS, JEOE_LS, KIM_LS, KIME_LS, KMM_LS, KMME_LS, KOM_LS, KOME_LS, KON_LS, MAD_LS, MADE_LS, MAK_LS, MAKE_LS, MAT_LS, MATE_LS, MEN_LS, MET_LS, METE_LS, MIM_LS, MIME_LS, MMD_LS, MTM_LS, MTO_LS, MTOE_LS, NAE_LS, PEM_LS, PEME_LS, PET_LS, PETE_LS, ROS_LS, ROSE_LS, SAO_OL, SBP_LS, SBPE_LS, SECE_LS, TEK_LS, TEKE_LS, TEL_LS, UCK_LS, UZB_LS, UZBE_LS, VBAE_LS, YZVE_LS",,
20590,ITB 151,ITB,LS,İnsan Kaynakları Yönetimi,,Ümran Kaya,FEB,Perşembe,14:30/17:29,D206,33,33,,"BIO_LS, BLG_LS, BST_LS, CAB_3T_LS, CAB_4T_LS, CAB_BG_LS, CAB_DL_LS, CAB_DS_LS, CAB_KA_LS, CAB_KE_LS, CAB_KL_LS, CAB_KM_LS, CAB_KO_LS, CAB_LS, CAB_ME_LS, CAB_NE_LS, CAB_TA_LS, CAB_TN_LS, CAB_UD_LS, CAB_VC_LS, CAB_VI_LS, CAB_VS_LS, CEB_LS, CEV_LS, CHZ_LS, DEN_LS, DUI_LS, EHB_LS, ELE_LS, ELH_LS, ELK_LS, END_LS, ENT_LS, EUT_LS, FIZ_LS, GEM_LS, GEO_LS, GID_LS, GMI_LS, HTA_LS, IBM_LS, ICM_LS, IML_LS, INS_LS, ISL_LS, JEF_LS, JEO_LS, KIM_LS, KMM_LS, KMP_LS, KOM_LS, KON_LS, MAD_LS, MAK_LS, MAT_LS, MET_LS, MIM_LS, MTO_LS, MTR_LS, MUT_LS, MUZ_LS, MZT_LS, PEM_LS, PET_LS, ROS_LS, SAO_OL, SBP_LS, SES_LS, SES_TH_LS, SES_TS_LS, TEB_LS, TEK_LS, TEL_LS, THO_LS, UCK_LS, UZB_LS",,
20591,SNT 103E,SNT,LS,Drawing,,Meliha Sözeri Özatalay,MMB,Salı,13:30/16:29,227B,20,28,,"ARC_LS, BIO_LS, BIOE_LS, BLG_LS, BLGE_LS, CEN_LS, CEV_LS, CEVE_LS, CHZ_LS, CHZE_LS, DEN_LS, DENE_LS, DUI_LS, DUIE_LS, ECNE_LS, EEE_LS, EFN_LS, EHB_LS, EHBE_LS, ELE_LS, ELH_LS, ELK_LS, ELKE_LS, END_LS, ENDE_LS, ENT_LS, ENTE_LS, EUT_LS, EUTE_LS, FIZ_LS, FIZE_LS, GEM_LS, GEME_LS, GEMK_LS, GEO_LS, GEOE_LS, GID_LS, GIDE_LS, GMI_LS, HTA_LS, HTAE_LS, IAD_LS, IBM_LS, ICM_LS, IML_LS, IMLE_LS, IND_LS, INS_LS, INSE_LS, ISL_LS, ISLE_LS, JEF_LS, JEFE_LS, JEO_LS, JEOE_LS, KIM_LS, KIME_LS, KMM_LS, KMME_LS, KOM_LS, KOME_LS, KON_LS, MAD_LS, MADE_LS, MAK_LS, MAKE_LS, MAT_LS, MATE_LS, MEN_LS, MET_LS, METE_LS, MIM_LS, MIME_LS, MMD_LS, MTM_LS, MTO_LS, MTOE_LS, NAE_LS, PEM_LS, PEME_LS, PET_LS, PETE_LS, ROS_LS, ROSE_LS, SAO_OL, SBP_LS, SBPE_LS, SECE_LS, TEK_LS, TEKE_LS, TEL_LS, UCK_LS, UZB_LS, UZBE_LS, VBAE_LS, YZVE_LS",,
20592,ITB 202,ITB,LS,Dünya Tarihi,,Mustafa İnce,FEB,Salı,11:30/14:29,D205,33,32,,"BIO_LS, BLG_LS, BST_LS, CAB_3T_LS, CAB_4T_LS, CAB_BG_LS, CAB_DL_LS, CAB_DS_LS, CAB_KA_LS, CAB_KE_LS, CAB_KL_LS, CAB_KM_LS, CAB_KO_LS, CAB_LS, CAB_ME_LS, CAB_NE_LS, CAB_TA_LS, CAB_TN_LS, CAB_UD_LS, CAB_VC_LS, CAB_VI_LS, CAB_VS_LS, CEB_LS, CEV_LS, CHZ_LS, DEN_LS, DUI_LS, EHB_LS, ELE_LS, ELH_LS, ELK_LS, END_LS, ENT_LS, EUT_LS, FIZ_LS, GEM_LS, GEO_LS, GID_LS, GMI_LS, HTA_LS, IBM_LS, ICM_LS, IML_LS, INS_LS, ISL_LS, JEF_LS, JEO_LS, KIM_LS, KMM_LS, KMP_LS, KOM_LS, KON_LS, MAD_LS, MAK_LS, MAT_LS, MET_LS, MIM_LS, MTO_LS, MTR_LS, MUT_LS, MUZ_LS, MZT_LS, PEM_LS, PET_LS, ROS_LS, SAO_OL, SBP_LS, SES_LS, SES_TH_LS, SES_TS_LS, TEB_LS, TEK_LS, TEL_LS, THO_LS, UCK_LS, UZB_LS",,
20593,SNT 104,SNT,LS,Mitoloji ve Sanat,,Yasemin Dora,MKB,Perşembe,13:30/16:29,D378,22,22,,"BIO_LS, BLG_LS, CEV_LS, CHZ_LS, DEN_LS, DUI_LS, EHB_LS, ELE_LS, ELH_LS, ELK_LS, END_LS, ENT_LS, EUT_LS, FIZ_LS, GEM_LS, GEO_LS, GID_LS, GMI_LS, HTA_LS, IBM_LS, ICM_LS, IML_LS, INS_LS, ISL_LS, JEF_LS, JEO_LS, KIM_LS, KMM_LS, KOM_LS, KON_LS, MAD_LS, MAK_LS, MAT_LS, MET_LS, MIM_LS, MTO_LS, PEM_LS, PET_LS, ROS_LS, SAO_OL, SBP_LS, TEK_LS, TEL_LS, UCK_LS, UZB_LS",,
20595,ITB 202E,ITB,LS,World History,,Fatma Sel Turhan,FEB,Çarşamba,12:30/15:29,D201,30,30,,"AIN_LS, ARC_LS, BES_LS, BIO_LS, BIOE_LS, BLG_LS, BLGE_LS, BST_LS, CAB_3T_LS, CAB_4T_LS, CAB_BG_LS, CAB_DL_LS, CAB_DS_LS, CAB_KA_LS, CAB_KE_LS, CAB_KL_LS, CAB_KM_LS, CAB_KO_LS, CAB_LS, CAB_ME_LS, CAB_NE_LS, CAB_TA_LS, CAB_TN_LS, CAB_UD_LS, CAB_VC_LS, CAB_VI_LS, CAB_VS_LS, CEB_LS, CEN_LS, CES_LS, CEV_LS, CEVE_LS, CHZ_LS, CHZE_LS, DEN_LS, DENE_LS, DUI_LS, DUIE_LS, ECNE_LS, EEE_LS, EFN_LS, EHB_LS, EHBE_LS, EHN_LS, EHS_LS, ELE_LS, ELH_LS, ELK_LS, ELKE_LS, END_LS, ENDE_LS, ENT_LS, ENTE_LS, ESS_LS, EUT_LS, EUTE_LS, FIZ_LS, FIZE_LS, GEM_LS, GEME_LS, GEMK_LS, GEO_LS, GEOE_LS, GID_LS, GIDE_LS, GMI_LS, GMIE_LS, HTA_LS, HTAE_LS, IAD_LS, IBM_LS, ICM_LS, IML_LS, IMLE_LS, IND_LS, INS_LS, INSE_LS, ISL_LS, ISLE_LS, JEF_LS, JEFE_LS, JEO_LS, JEOE_LS, KIM_LS, KIME_LS, KMM_LS, KMME_LS, KMP_LS, KOM_LS, KOME_LS, KON_LS, MAD_LS, MADE_LS, MAK_LS, MAT_LS, MATE_LS, MBI_LS, MEN_LS, MET_LS, METE_LS, MIM_LS, MIME_LS, MMD_LS, MSS_LS, MTM_LS, MTO_LS, MTOE_LS, MTR_LS, MUT_LS, MUZ_LS, MUZE_LS, MZT_LS, NAE_LS, PEM_LS, PEME_LS, PET_LS, PETE_LS, ROS_LS, ROSE_LS, SAO_OL, SAS_LS, SBL_LS, SBP_LS, SBPE_LS, SCE_LS, SDU_LS, SECE_LS, SED_LS, SEK_LS, SEN_LS, SES_LS, SES_TH_LS, SES_TS_LS, SGI_LS, SGM_LS, SIN_LS, SIS_LS, SMT_LS, STP_LS, TEB_LS, TEK_LS, TEKE_LS, TEL_LS, THO_LS, UCK_LS, UZB_LS, UZBE_LS, VBAE_LS, YZVE_LS",,
20596,ITB 202E,ITB,LS,World History,,Fatma Sel Turhan,FEB,Perşembe,14:30/17:29,D202,33,33,,"AIN_LS, ARC_LS, BES_LS, BIO_LS, BIOE_LS, BLG_LS, BLGE_LS, BST_LS, CAB_3T_LS, CAB_4T_LS, CAB_BG_LS, CAB_DL_LS, CAB_DS_LS, CAB_KA_LS, CAB_KE_LS, CAB_KL_LS, CAB_KM_LS, CAB_KO_LS, CAB_LS, CAB_ME_LS, CAB_NE_LS, CAB_TA_LS, CAB_TN_LS, CAB_UD_LS, CAB_VC_LS, CAB_VI_LS, CAB_VS_LS, CEB_LS, CEN_LS, CES_LS, CEV_LS, CEVE_LS, CHZ_LS, CHZE_LS, DEN_LS, DENE_LS, DUI_LS, DUIE_LS, ECNE_LS, EEE_LS, EFN_LS, EHB_LS, EHBE_LS, EHN_LS, EHS_LS, ELE_LS, ELH_LS, ELK_LS, ELKE_LS, END_LS, ENDE_LS, ENT_LS, ENTE_LS, ESS_LS, EUT_LS, EUTE_LS, FIZ_LS, FIZE_LS, GEM_LS, GEME_LS, GEMK_LS, GEO_LS, GEOE_LS, GID_LS, GIDE_LS, GMI_LS, GMIE_LS, HTA_LS, HTAE_LS, IAD_LS, IBM_LS, ICM_LS, IML_LS, IMLE_LS, IND_LS, INS_LS, INSE_LS, ISL_LS, ISLE_LS, JEF_LS, JEFE_LS, JEO_LS, JEOE_LS, KIM_LS, KIME_LS, KMM_LS, KMME_LS, KMP_LS, KOM_LS, KOME_LS, KON_LS, MAD_LS, MADE_LS, MAK_LS, MAT_LS, MATE_LS, MBI_LS, MEN_LS, MET_LS, METE_LS, MIM_LS, MIME_LS, MMD_LS, MSS_LS, MTM_LS, MTO_LS, MTOE_LS, MTR_LS, MUT_LS, MUZ_LS, MUZE_LS, MZT_LS, NAE_LS, PEM_LS, PEME_LS, PET_LS, PETE_LS, ROS_LS, ROSE_LS, SAO_OL, SAS_LS, SBL_LS, SBP_LS, SBPE_LS, SCE_LS, SDU_LS, SECE_LS, SED_LS, SEK_LS, SEN_LS, SES_LS, SES_TH_LS, SES_TS_LS, SGI_LS, SGM_LS, SIN_LS, SIS_LS, SMT_LS, STP_LS, TEB_LS, TEK_LS, TEKE_LS, TEL_LS, THO_LS, UCK_LS, UZB_LS, UZBE_LS, VBAE_LS, YZVE_LS",,
20597,ITB 203,ITB,LS,Sosyoloji,,Özge Atalay Çelik,FEB,Pazartesi,11:30/14:29,L400,37,36,,"BIO_LS, BLG_LS, BST_LS, CAB_3T_LS, CAB_4T_LS, CAB_BG_LS, CAB_DL_LS, CAB_DS_LS, CAB_KA_LS, CAB_KE_LS, CAB_KL_LS, CAB_KM_LS, CAB_KO_LS, CAB_LS, CAB_ME_LS, CAB_NE_LS, CAB_TA_LS, CAB_TN_LS, CAB_UD_LS, CAB_VC_LS, CAB_VI_LS, CAB_VS_LS, CEB_LS, CEV_LS, CHZ_LS, DEN_LS, DUI_LS, EHB_LS, ELE_LS, ELH_LS, ELK_LS, END_LS, ENT_LS, EUT_LS, FIZ_LS, GEM_LS, GEO_LS, GID_LS, GMI_LS, HTA_LS, IBM_LS, ICM_LS, IML_LS, INS_LS, ISL_LS, JEF_LS, JEO_LS, KIM_LS, KMM_LS, KMP_LS, KOM_LS, KON_LS, MAD_LS, MAK_LS, MAT_LS, MET_LS, MIM_LS, MTO_LS, MTR_LS, MUT_LS, MUZ_LS, MZT_LS, PEM_LS, PET_LS, ROS_LS, SAO_OL, SBP_LS, SES_LS, SES_TH_LS, SES_TS_LS, TEB_LS, TEK_LS, TEL_LS, THO_LS, UCK_LS, UZB_LS",,
20598,ITB 203,ITB,LS,Sosyoloji,,Özge Atalay Çelik,FEB,Pazartesi,14:30/17:29,D106,37,35,,"BIO_LS, BLG_LS, BST_LS, CAB_3T_LS, CAB_4T_LS, CAB_BG_LS, CAB_DL_LS, CAB_DS_LS, CAB_KA_LS, CAB_KE_LS, CAB_KL_LS, CAB_KM_LS, CAB_KO_LS, CAB_LS, CAB_ME_LS, CAB_NE_LS, CAB_TA_LS, CAB_TN_LS, CAB_UD_LS, CAB_VC_LS, CAB_VI_LS, CAB_VS_LS, CEB_LS, CEV_LS, CHZ_LS, DEN_LS, DUI_LS, EHB_LS, ELE_LS, ELH_LS, ELK_LS, END_LS, ENT_LS, EUT_LS, FIZ_LS, GEM_LS, GEO_LS, GID_LS, GMI_LS, HTA_LS, IBM_LS, ICM_LS, IML_LS, INS_LS, ISL_LS, JEF_LS, JEO_LS, KIM_LS, KMM_LS, KMP_LS, KOM_LS, KON_LS, MAD_LS, MAK_LS, MAT_LS, MET_LS, MIM_LS, MTO_LS, MTR_LS, MUT_LS, MUZ_LS, MZT_LS, PEM_LS, PET_LS, ROS_LS, SAO_OL, SBP_LS, SES_LS, SES_TH_LS, SES_TS_LS, TEB_LS, TEK_LS, TEL_LS, THO_LS, UCK_LS, UZB_LS",,
20599,ITB 203E,ITB,LS,Sociology,,Ayşe Serdar,FEB,Cuma,09:30/12:29,D104,37,36,,"AIN_LS, ARC_LS, BES_LS, BIO_LS, BIOE_LS, BLG_LS, BLGE_LS, BST_LS, CAB_3T_LS, CAB_4T_LS, CAB_BG_LS, CAB_DL_LS, CAB_DS_LS, CAB_KA_LS, CAB_KE_LS, CAB_KL_LS, CAB_KM_LS, CAB_KO_LS, CAB_LS, CAB_ME_LS, CAB_NE_LS, CAB_TA_LS, CAB_TN_LS, CAB_UD_LS, CAB_VC_LS, CAB_VI_LS, CAB_VS_LS, CEB_LS, CEN_LS, CES_LS, CEV_LS, CEVE_LS, CHZ_LS, CHZE_LS, DEN_LS, DENE_LS, DUI_LS, DUIE_LS, ECNE_LS, EEE_LS, EFN_LS, EHB_LS, EHBE_LS, EHN_LS, EHS_LS, ELE_LS, ELH_LS, ELK_LS, ELKE_LS, END_LS, ENDE_LS, ENT_LS, ENTE_LS, ESS_LS, EUT_LS, EUTE_LS, FIZ_LS, FIZE_LS, GEM_LS, GEME_LS, GEMK_LS, GEO_LS, GEOE_LS, GID_LS, GIDE_LS, GMI_LS, GMIE_LS, HTA_LS, HTAE_LS, IAD_LS, IBM_LS, ICM_LS, IML_LS, IMLE_LS, IND_LS, INS_LS, INSE_LS, ISL_LS, ISLE_LS, JEF_LS, JEFE_LS, JEO_LS, JEOE_LS, KIM_LS, KIME_LS, KMM_LS, KMME_LS, KMP_LS, KOM_LS, KOME_LS, KON_LS, MAD_LS, MADE_LS, MAK_LS, MAT_LS, MATE_LS, MBI_LS, MEN_LS, MET_LS, METE_LS, MIM_LS, MIME_LS, MMD_LS, MSS_LS, MTM_LS, MTO_LS, MTOE_LS, MTR_LS, MUT_LS, MUZ_LS, MUZE_LS, MZT_LS, NAE_LS, PEM_LS, PEME_LS, PET_LS, PETE_LS, ROS_LS, ROSE_LS, SAO_OL, SAS_LS, SBL_LS, SBP_LS, SBPE_LS, SCE_LS, SDU_LS, SECE_LS, SED_LS, SEK_LS, SEN_LS, SES_LS, SES_TH_LS, SES_TS_LS, SGI_LS, SGM_LS, SIN_LS, SIS_LS, SMT_LS, STP_LS, TEB_LS, TEK_LS, TEKE_LS, TEL_LS, THO_LS, UCK_LS, UZB_LS, UZBE_LS, VBAE_LS, YZVE_LS",,
20600,ITB 203E,ITB,LS,Sociology,,Ayşe Serdar,FEB,Cuma,14:30/17:29,D104,38,30,,"AIN_LS, ARC_LS, BES_LS, BIO_LS, BIOE_LS, BLG_LS, BLGE_LS, BST_LS, CAB_3T_LS, CAB_4T_LS, CAB_BG_LS, CAB_DL_LS, CAB_DS_LS, CAB_KA_LS, CAB_KE_LS, CAB_KL_LS, CAB_KM_LS, CAB_KO_LS, CAB_LS, CAB_ME_LS, CAB_NE_LS, CAB_TA_LS, CAB_TN_LS, CAB_UD_LS, CAB_VC_LS, CAB_VI_LS, CAB_VS_LS, CEB_LS, CEN_LS, CES_LS, CEV_LS, CEVE_LS, CHZ_LS, CHZE_LS, DEN_LS, DENE_LS, DUI_LS, DUIE_LS, ECNE_LS, EEE_LS, EFN_LS, EHB_LS, EHBE_LS, EHN_LS, EHS_LS, ELE_LS, ELH_LS, ELK_LS, ELKE_LS, END_LS, ENDE_LS, ENT_LS, ENTE_LS, ESS_LS, EUT_LS, EUTE_LS, FIZ_LS, FIZE_LS, GEM_LS, GEME_LS, GEMK_LS, GEO_LS, GEOE_LS, GID_LS, GIDE_LS, GMI_LS, GMIE_LS, HTA_LS, HTAE_LS, IAD_LS, IBM_LS, ICM_LS, IML_LS, IMLE_LS, IND_LS, INS_LS, INSE_LS, ISL_LS, ISLE_LS, JEF_LS, JEFE_LS, JEO_LS, JEOE_LS, KIM_LS, KIME_LS, KMM_LS, KMME_LS, KMP_LS, KOM_LS, KOME_LS, KON_LS, MAD_LS, MADE_LS, MAK_LS, MAT_LS, MATE_LS, MBI_LS, MEN_LS, MET_LS, METE_LS, MIM_LS, MIME_LS, MMD_LS, MSS_LS, MTM_LS, MTO_LS, MTOE_LS, MTR_LS, MUT_LS, MUZ_LS, MUZE_LS, MZT_LS, NAE_LS, PEM_LS, PEME_LS, PET_LS, PETE_LS, ROS_LS, ROSE_LS, SAO_OL, SAS_LS, SBL_LS, SBP_LS, SBPE_LS, SCE_LS, SDU_LS, SECE_LS, SED_LS, SEK_LS, SEN_LS, SES_LS, SES_TH_LS, SES_TS_LS, SGI_LS, SGM_LS, SIN_LS, SIS_LS, SMT_LS, STP_LS, TEB_LS, TEK_LS, TEKE_LS, TEL_LS, THO_LS, UCK_LS, UZB_LS, UZBE_LS, VBAE_LS, YZVE_LS",,
20601,ITB 205E,ITB,LS,Philosophy,,Kerem Eksen,FEB,Cuma,09:30/12:29,D205,40,39,,"AIN_LS, ARC_LS, BES_LS, BIO_LS, BIOE_LS, BLG_LS, BLGE_LS, BST_LS, CAB_3T_LS, CAB_4T_LS, CAB_BG_LS, CAB_DL_LS, CAB_DS_LS, CAB_KA_LS, CAB_KE_LS, CAB_KL_LS, CAB_KM_LS, CAB_KO_LS, CAB_LS, CAB_ME_LS, CAB_NE_LS, CAB_TA_LS, CAB_TN_LS, CAB_UD_LS, CAB_VC_LS, CAB_VI_LS, CAB_VS_LS, CEB_LS, CEN_LS, CES_LS, CEV_LS, CEVE_LS, CHZ_LS, CHZE_LS, DEN_LS, DENE_LS, DUI_LS, DUIE_LS, ECNE_LS, EEE_LS, EFN_LS, EHB_LS, EHBE_LS, EHN_LS, EHS_LS, ELE_LS, ELH_LS, ELK_LS, ELKE_LS, END_LS, ENDE_LS, ENT_LS, ENTE_LS, ESS_LS, EUT_LS, EUTE_LS, FIZ_LS, FIZE_LS, GEM_LS, GEME_LS, GEMK_LS, GEO_LS, GEOE_LS, GID_LS, GIDE_LS, GMI_LS, GMIE_LS, HTA_LS, HTAE_LS, IAD_LS, IBM_LS, ICM_LS, IML_LS, IMLE_LS, IND_LS, INS_LS, INSE_LS, ISL_LS, ISLE_LS, JEF_LS, JEFE_LS, JEO_LS, JEOE_LS, KIM_LS, KIME_LS, KMM_LS, KMME_LS, KMP_LS, KOM_LS, KOME_LS, KON_LS, MAD_LS, MADE_LS, MAK_LS, MAT_LS, MATE_LS, MBI_LS, MEN_LS, MET_LS, METE_LS, MIM_LS, MIME_LS, MMD_LS, MSS_LS, MTM_LS, MTO_LS, MTOE_LS, MTR_LS, MUT_LS, MUZ_LS, MUZE_LS, MZT_LS, NAE_LS, PEM_LS, PEME_LS, PET_LS, PETE_LS, ROS_LS, ROSE_LS, SAO_OL, SAS_LS, SBL_LS, SBP_LS, SBPE_LS, SCE_LS, SDU_LS, SECE_LS, SED_LS, SEK_LS, SEN_LS, SES_LS, SES_TH_LS, SES_TS_LS, SGI_LS, SGM_LS, SIN_LS, SIS_LS, SMT_LS, STP_LS, TEB_LS, TEK_LS, TEKE_LS, TEL_LS, THO_LS, UCK_LS, UZB_LS, UZBE_LS, VBAE_LS, YZVE_LS",,
20602,ITB 205E,ITB,LS,Philosophy,,Geoff Bove,MMB,Çarşamba,11:30/14:29,309,35,33,,"AIN_LS, ARC_LS, BES_LS, BIO_LS, BIOE_LS, BLG_LS, BLGE_LS, BST_LS, CAB_3T_LS, CAB_4T_LS, CAB_BG_LS, CAB_DL_LS, CAB_DS_LS, CAB_KA_LS, CAB_KE_LS, CAB_KL_LS, CAB_KM_LS, CAB_KO_LS, CAB_LS, CAB_ME_LS, CAB_NE_LS, CAB_TA_LS, CAB_TN_LS, CAB_UD_LS, CAB_VC_LS, CAB_VI_LS, CAB_VS_LS, CEB_LS, CEN_LS, CES_LS, CEV_LS, CEVE_LS, CHZ_LS, CHZE_LS, DEN_LS, DENE_LS, DUI_LS, DUIE_LS, ECNE_LS, EEE_LS, EFN_LS, EHB_LS, EHBE_LS, EHN_LS, EHS_LS, ELE_LS, ELH_LS, ELK_LS, ELKE_LS, END_LS, ENDE_LS, ENT_LS, ENTE_LS, ESS_LS, EUT_LS, EUTE_LS, FIZ_LS, FIZE_LS, GEM_LS, GEME_LS, GEMK_LS, GEO_LS, GEOE_LS, GID_LS, GIDE_LS, GMI_LS, GMIE_LS, HTA_LS, HTAE_LS, IAD_LS, IBM_LS, ICM_LS, IML_LS, IMLE_LS, IND_LS, INS_LS, INSE_LS, ISL_LS, ISLE_LS, JEF_LS, JEFE_LS, JEO_LS, JEOE_LS, KIM_LS, KIME_LS, KMM_LS, KMME_LS, KMP_LS, KOM_LS, KOME_LS, KON_LS, MAD_LS, MADE_LS, MAK_LS, MAT_LS, MATE_LS, MBI_LS, MEN_LS, MET_LS, METE_LS, MIM_LS, MIME_LS, MMD_LS, MSS_LS, MTM_LS, MTO_LS, MTOE_LS, MTR_LS, MUT_LS, MUZ_LS, MUZE_LS, MZT_LS, NAE_LS, PEM_LS, PEME_LS, PET_LS, PETE_LS, ROS_LS, ROSE_LS, SAO_OL, SAS_LS, SBL_LS, SBP_LS, SBPE_LS, SCE_LS, SDU_LS, SECE_LS, SED_LS, SEK_LS, SEN_LS, SES_LS, SES_TH_LS, SES_TS_LS, SGI_LS, SGM_LS, SIN_LS, SIS_LS, SMT_LS, STP_LS, TEB_LS, TEK_LS, TEKE_LS, TEL_LS, THO_LS, UCK_LS, UZB_LS, UZBE_LS, VBAE_LS, YZVE_LS",,
20603,ITB 221E,ITB,LS,Anatolian Archaeology,,Çiğdem Özkan Aygün,FEB,Perşembe,11:30/14:29,D201,30,29,,"AIN_LS, ARC_LS, BES_LS, BIO_LS, BIOE_LS, BLG_LS, BLGE_LS, BST_LS, CAB_3T_LS, CAB_4T_LS, CAB_BG_LS, CAB_DL_LS, CAB_DS_LS, CAB_KA_LS, CAB_KE_LS, CAB_KL_LS, CAB_KM_LS, CAB_KO_LS, CAB_LS, CAB_ME_LS, CAB_NE_LS, CAB_TA_LS, CAB_TN_LS, CAB_UD_LS, CAB_VC_LS, CAB_VI_LS, CAB_VS_LS, CEB_LS, CEN_LS, CES_LS, CEV_LS, CEVE_LS, CHZ_LS, CHZE_LS, DEN_LS, DENE_LS, DUI_LS, DUIE_LS, ECNE_LS, EEE_LS, EFN_LS, EHB_LS, EHBE_LS, EHN_LS, EHS_LS, ELE_LS, ELH_LS, ELK_LS, ELKE_LS, END_LS, ENDE_LS, ENT_LS, ENTE_LS, ESS_LS, EUT_LS, EUTE_LS, FIZ_LS, FIZE_LS, GEM_LS, GEME_LS, GEMK_LS, GEO_LS, GEOE_LS, GID_LS, GIDE_LS, GMI_LS, GMIE_LS, HTA_LS, HTAE_LS, IAD_LS, IBM_LS, ICM_LS, IML_LS, IMLE_LS, IND_LS, INS_LS, INSE_LS, ISL_LS, ISLE_LS, JEF_LS, JEFE_LS, JEO_LS, JEOE_LS, KIM_LS, KIME_LS, KMM_LS, KMME_LS, KMP_LS, KOM_LS, KOME_LS, KON_LS, MAD_LS, MADE_LS, MAK_LS, MAT_LS, MATE_LS, MBI_LS, MEN_LS, MET_LS, METE_LS, MIM_LS, MIME_LS, MMD_LS, MSS_LS, MTM_LS, MTO_LS, MTOE_LS, MTR_LS, MUT_LS, MUZ_LS, MUZE_LS, MZT_LS, NAE_LS, PEM_LS, PEME_LS, PET_LS, PETE_LS, ROS_LS, ROSE_LS, SAO_OL, SAS_LS, SBL_LS, SBP_LS, SBPE_LS, SCE_LS, SDU_LS, SECE_LS, SED_LS, SEK_LS, SEN_LS, SES_LS, SES_TH_LS, SES_TS_LS, SGI_LS, SGM_LS, SIN_LS, SIS_LS, SMT_LS, STP_LS, TEB_LS, TEK_LS, TEKE_LS, TEL_LS, THO_LS, UCK_LS, UZB_LS, UZBE_LS, VBAE_LS, YZVE_LS",,
20604,ITB 206,ITB,LS,Dünya Politikasında Meseleler,,Stefo Benlisoy,FEB,Perşembe,08:30/11:29,D106,35,35,,"BIO_LS, BLG_LS, BST_LS, CAB_3T_LS, CAB_4T_LS, CAB_BG_LS, CAB_DL_LS, CAB_DS_LS, CAB_KA_LS, CAB_KE_LS, CAB_KL_LS, CAB_KM_LS, CAB_KO_LS, CAB_LS, CAB_ME_LS, CAB_NE_LS, CAB_TA_LS, CAB_TN_LS, CAB_UD_LS, CAB_VC_LS, CAB_VI_LS, CAB_VS_LS, CEB_LS, CEV_LS, CHZ_LS, DEN_LS, DUI_LS, EHB_LS, ELE_LS, ELH_LS, ELK_LS, END_LS, ENT_LS, EUT_LS, FIZ_LS, GEM_LS, GEO_LS, GID_LS, GMI_LS, HTA_LS, IBM_LS, ICM_LS, IML_LS, INS_LS, ISL_LS, JEF_LS, JEO_LS, KIM_LS, KMM_LS, KMP_LS, KOM_LS, KON_LS, MAD_LS, MAK_LS, MAT_LS, MET_LS, MIM_LS, MTO_LS, MTR_LS, MUT_LS, MUZ_LS, MZT_LS, PEM_LS, PET_LS, ROS_LS, SAO_OL, SBP_LS, SES_LS, SES_TH_LS, SES_TS_LS, TEB_LS, TEK_LS, TEL_LS, THO_LS, UCK_LS, UZB_LS",,
20605,ITB 206,ITB,LS,Dünya Politikasında Meseleler,,Stefo Benlisoy,FEB,Perşembe,11:30/14:29,D205,35,34,,"BIO_LS, BLG_LS, BST_LS, CAB_3T_LS, CAB_4T_LS, CAB_BG_LS, CAB_DL_LS, CAB_DS_LS, CAB_KA_LS, CAB_KE_LS, CAB_KL_LS, CAB_KM_LS, CAB_KO_LS, CAB_LS, CAB_ME_LS, CAB_NE_LS, CAB_TA_LS, CAB_TN_LS, CAB_UD_LS, CAB_VC_LS, CAB_VI_LS, CAB_VS_LS, CEB_LS, CEV_LS, CHZ_LS, DEN_LS, DUI_LS, EHB_LS, ELE_LS, ELH_LS, ELK_LS, END_LS, ENT_LS, EUT_LS, FIZ_LS, GEM_LS, GEO_LS, GID_LS, GMI_LS, HTA_LS, IBM_LS, ICM_LS, IML_LS, INS_LS, ISL_LS, JEF_LS, JEO_LS, KIM_LS, KMM_LS, KMP_LS, KOM_LS, KON_LS, MAD_LS, MAK_LS, MAT_LS, MET_LS, MIM_LS, MTO_LS, MTR_LS, MUT_LS, MUZ_LS, MZT_LS, PEM_LS, PET_LS, ROS_LS, SAO_OL, SBP_LS, SES_LS, SES_TH_LS, SES_TS_LS, TEB_LS, TEK_LS, TEL_LS, THO_LS, UCK_LS, UZB_LS",,
20606,ITB 207,ITB,LS,Osmanlı Tarihi,,Mustafa İnce,FEB,Çarşamba,11:30/14:29,D304,30,17,,"BIO_LS, BLG_LS, BST_LS, CAB_3T_LS, CAB_4T_LS, CAB_BG_LS, CAB_DL_LS, CAB_DS_LS, CAB_KA_LS, CAB_KE_LS, CAB_KL_LS, CAB_KM_LS, CAB_KO_LS, CAB_LS, CAB_ME_LS, CAB_NE_LS, CAB_TA_LS, CAB_TN_LS, CAB_UD_LS, CAB_VC_LS, CAB_VI_LS, CAB_VS_LS, CEB_LS, CEV_LS, CHZ_LS, DEN_LS, DUI_LS, EHB_LS, ELE_LS, ELH_LS, ELK_LS, END_LS, ENT_LS, EUT_LS, FIZ_LS, GEM_LS, GEO_LS, GID_LS, GMI_LS, HTA_LS, IBM_LS, ICM_LS, IML_LS, INS_LS, ISL_LS, JEF_LS, JEO_LS, KIM_LS, KMM_LS, KMP_LS, KOM_LS, KON_LS, MAD_LS, MAK_LS, MAT_LS, MET_LS, MIM_LS, MTO_LS, MTR_LS, MUT_LS, MUZ_LS, MZT_LS, PEM_LS, PET_LS, ROS_LS, SAO_OL, SBP_LS, SES_LS, SES_TH_LS, SES_TS_LS, TEB_LS, TEK_LS, TEL_LS, THO_LS, UCK_LS, UZB_LS",,
20607,ITB 207,ITB,LS,Osmanlı Tarihi,,Saltuk Duran,FEB,Perşembe,14:30/17:29,D205,33,21,,"BIO_LS, BLG_LS, BST_LS, CAB_3T_LS, CAB_4T_LS, CAB_BG_LS, CAB_DL_LS, CAB_DS_LS, CAB_KA_LS, CAB_KE_LS, CAB_KL_LS, CAB_KM_LS, CAB_KO_LS, CAB_LS, CAB_ME_LS, CAB_NE_LS, CAB_TA_LS, CAB_TN_LS, CAB_UD_LS, CAB_VC_LS, CAB_VI_LS, CAB_VS_LS, CEB_LS, CEV_LS, CHZ_LS, DEN_LS, DUI_LS, EHB_LS, ELE_LS, ELH_LS, ELK_LS, END_LS, ENT_LS, EUT_LS, FIZ_LS, GEM_LS, GEO_LS, GID_LS, GMI_LS, HTA_LS, IBM_LS, ICM_LS, IML_LS, INS_LS, ISL_LS, JEF_LS, JEO_LS, KIM_LS, KMM_LS, KMP_LS, KOM_LS, KON_LS, MAD_LS, MAK_LS, MAT_LS, MET_LS, MIM_LS, MTO_LS, MTR_LS, MUT_LS, MUZ_LS, MZT_LS, PEM_LS, PET_LS, ROS_LS, SAO_OL, SBP_LS, SES_LS, SES_TH_LS, SES_TS_LS, TEB_LS, TEK_LS, TEL_LS, THO_LS, UCK_LS, UZB_LS",,
20608,ITB 207,ITB,LS,Osmanlı Tarihi,,Ulaş Duygu Aysal Cin,FEB,Salı,14:30/17:29,D104,33,33,,"BIO_LS, BLG_LS, BST_LS, CAB_3T_LS, CAB_4T_LS, CAB_BG_LS, CAB_DL_LS, CAB_DS_LS, CAB_KA_LS, CAB_KE_LS, CAB_KL_LS, CAB_KM_LS, CAB_KO_LS, CAB_LS, CAB_ME_LS, CAB_NE_LS, CAB_TA_LS, CAB_TN_LS, CAB_UD_LS, CAB_VC_LS, CAB_VI_LS, CAB_VS_LS, CEB_LS, CEV_LS, CHZ_LS, DEN_LS, DUI_LS, EHB_LS, ELE_LS, ELH_LS, ELK_LS, END_LS, ENT_LS, EUT_LS, FIZ_LS, GEM_LS, GEO_LS, GID_LS, GMI_LS, HTA_LS, IBM_LS, ICM_LS, IML_LS, INS_LS, ISL_LS, JEF_LS, JEO_LS, KIM_LS, KMM_LS, KMP_LS, KOM_LS, KON_LS, MAD_LS, MAK_LS, MAT_LS, MET_LS, MIM_LS, MTO_LS, MTR_LS, MUT_LS, MUZ_LS, MZT_LS, PEM_LS, PET_LS, ROS_LS, SAO_OL, SBP_LS, SES_LS, SES_TH_LS, SES_TS_LS, TEB_LS, TEK_LS, TEL_LS, THO_LS, UCK_LS, UZB_LS",,
20609,ITB 207,ITB,LS,Osmanlı Tarihi,,Ulaş Duygu Aysal Cin,FEB,Perşembe,08:30/11:29,D201,33,27,,"BIO_LS, BLG_LS, BST_LS, CAB_3T_LS, CAB_4T_LS, CAB_BG_LS, CAB_DL_LS, CAB_DS_LS, CAB_KA_LS, CAB_KE_LS, CAB_KL_LS, CAB_KM_LS, CAB_KO_LS, CAB_LS, CAB_ME_LS, CAB_NE_LS, CAB_TA_LS, CAB_TN_LS, CAB_UD_LS, CAB_VC_LS, CAB_VI_LS, CAB_VS_LS, CEB_LS, CEV_LS, CHZ_LS, DEN_LS, DUI_LS, EHB_LS, ELE_LS, ELH_LS, ELK_LS, END_LS, ENT_LS, EUT_LS, FIZ_LS, GEM_LS, GEO_LS, GID_LS, GMI_LS, HTA_LS, IBM_LS, ICM_LS, IML_LS, INS_LS, ISL_LS, JEF_LS, JEO_LS, KIM_LS, KMM_LS, KMP_LS, KOM_LS, KON_LS, MAD_LS, MAK_LS, MAT_LS, MET_LS, MIM_LS, MTO_LS, MTR_LS, MUT_LS, MUZ_LS, MZT_LS, PEM_LS, PET_LS, ROS_LS, SAO_OL, SBP_LS, SES_LS, SES_TH_LS, SES_TS_LS, TEB_LS, TEK_LS, TEL_LS, THO_LS, UCK_LS, UZB_LS",,
20610,ITB 207,ITB,LS,Osmanlı Tarihi,,Ulaş Duygu Aysal Cin,FEB,Perşembe,14:30/17:29,D201,30,18,,"BIO_LS, BLG_LS, BST_LS, CAB_3T_LS, CAB_4T_LS, CAB_BG_LS, CAB_DL_LS, CAB_DS_LS, CAB_KA_LS, CAB_KE_LS, CAB_KL_LS, CAB_KM_LS, CAB_KO_LS, CAB_LS, CAB_ME_LS, CAB_NE_LS, CAB_TA_LS, CAB_TN_LS, CAB_UD_LS, CAB_VC_LS, CAB_VI_LS, CAB_VS_LS, CEB_LS, CEV_LS, CHZ_LS, DEN_LS, DUI_LS, EHB_LS, ELE_LS, ELH_LS, ELK_LS, END_LS, ENT_LS, EUT_LS, FIZ_LS, GEM_LS, GEO_LS, GID_LS, GMI_LS, HTA_LS, IBM_LS, ICM_LS, IML_LS, INS_LS, ISL_LS, JEF_LS, JEO_LS, KIM_LS, KMM_LS, KMP_LS, KOM_LS, KON_LS, MAD_LS, MAK_LS, MAT_LS, MET_LS, MIM_LS, MTO_LS, MTR_LS, MUT_LS, MUZ_LS, MZT_LS, PEM_LS, PET_LS, ROS_LS, SAO_OL, SBP_LS, SES_LS, SES_TH_LS, SES_TS_LS, TEB_LS, TEK_LS, TEL_LS, THO_LS, UCK_LS, UZB_LS",,
20611,ITB 208,ITB,LS,Modern Türkiye'nin Oluşumu,,Mehmet Ali Doğan,INB,Çarşamba,11:30/14:29,B103,33,33,,"BIO_LS, BLG_LS, BST_LS, CAB_3T_LS, CAB_4T_LS, CAB_BG_LS, CAB_DL_LS, CAB_DS_LS, CAB_KA_LS, CAB_KE_LS, CAB_KL_LS, CAB_KM_LS, CAB_KO_LS, CAB_LS, CAB_ME_LS, CAB_NE_LS, CAB_TA_LS, CAB_TN_LS, CAB_UD_LS, CAB_VC_LS, CAB_VI_LS, CAB_VS_LS, CEB_LS, CEV_LS, CHZ_LS, DEN_LS, DUI_LS, EHB_LS, ELE_LS, ELH_LS, ELK_LS, END_LS, ENT_LS, EUT_LS, FIZ_LS, GEM_LS, GEO_LS, GID_LS, GMI_LS, HTA_LS, IBM_LS, ICM_LS, IML_LS, INS_LS, ISL_LS, JEF_LS, JEO_LS, KIM_LS, KMM_LS, KMP_LS, KOM_LS, KON_LS, MAD_LS, MAK_LS, MAT_LS, MET_LS, MIM_LS, MTO_LS, MTR_LS, MUT_LS, MUZ_LS, MZT_LS, PEM_LS, PET_LS, ROS_LS, SAO_OL, SBP_LS, SES_LS, SES_TH_LS, SES_TS_LS, TEB_LS, TEK_LS, TEL_LS, THO_LS, UCK_LS, UZB_LS",,
20612,ITB 208,ITB,LS,Modern Türkiye'nin Oluşumu,,Stefo Benlisoy,FEB,Salı,08:30/11:29,D106,35,32,,"BIO_LS, BLG_LS, BST_LS, CAB_3T_LS, CAB_4T_LS, CAB_BG_LS, CAB_DL_LS, CAB_DS_LS, CAB_KA_LS, CAB_KE_LS, CAB_KL_LS, CAB_KM_LS, CAB_KO_LS, CAB_LS, CAB_ME_LS, CAB_NE_LS, CAB_TA_LS, CAB_TN_LS, CAB_UD_LS, CAB_VC_LS, CAB_VI_LS, CAB_VS_LS, CEB_LS, CEV_LS, CHZ_LS, DEN_LS, DUI_LS, EHB_LS, ELE_LS, ELH_LS, ELK_LS, END_LS, ENT_LS, EUT_LS, FIZ_LS, GEM_LS, GEO_LS, GID_LS, GMI_LS, HTA_LS, IBM_LS, ICM_LS, IML_LS, INS_LS, ISL_LS, JEF_LS, JEO_LS, KIM_LS, KMM_LS, KMP_LS, KOM_LS, KON_LS, MAD_LS, MAK_LS, MAT_LS, MET_LS, MIM_LS, MTO_LS, MTR_LS, MUT_LS, MUZ_LS, MZT_LS, PEM_LS, PET_LS, ROS_LS, SAO_OL, SBP_LS, SES_LS, SES_TH_LS, SES_TS_LS, TEB_LS, TEK_LS, TEL_LS, THO_LS, UCK_LS, UZB_LS",,
20613,ITB 208E,ITB,LS,Formations of Modern Turkey,,Mehmet Ali Doğan,FEB,Salı,10:30/13:29,D306,33,28,,"AIN_LS, ARC_LS, BES_LS, BIO_LS, BIOE_LS, BLG_LS, BLGE_LS, BST_LS, CAB_3T_LS, CAB_4T_LS, CAB_BG_LS, CAB_DL_LS, CAB_DS_LS, CAB_KA_LS, CAB_KE_LS, CAB_KL_LS, CAB_KM_LS, CAB_KO_LS, CAB_LS, CAB_ME_LS, CAB_NE_LS, CAB_TA_LS, CAB_TN_LS, CAB_UD_LS, CAB_VC_LS, CAB_VI_LS, CAB_VS_LS, CEB_LS, CEN_LS, CES_LS, CEV_LS, CEVE_LS, CHZ_LS, CHZE_LS, DEN_LS, DENE_LS, DUI_LS, DUIE_LS, ECNE_LS, EEE_LS, EFN_LS, EHB_LS, EHBE_LS, EHN_LS, EHS_LS, ELE_LS, ELH_LS, ELK_LS, ELKE_LS, END_LS, ENDE_LS, ENT_LS, ENTE_LS, ESS_LS, EUT_LS, EUTE_LS, FIZ_LS, FIZE_LS, GEM_LS, GEME_LS, GEMK_LS, GEO_LS, GEOE_LS, GID_LS, GIDE_LS, GMI_LS, GMIE_LS, HTA_LS, HTAE_LS, IAD_LS, IBM_LS, ICM_LS, IML_LS, IMLE_LS, IND_LS, INS_LS, INSE_LS, ISL_LS, ISLE_LS, JEF_LS, JEFE_LS, JEO_LS, JEOE_LS, KIM_LS, KIME_LS, KMM_LS, KMME_LS, KMP_LS, KOM_LS, KOME_LS, KON_LS, MAD_LS, MADE_LS, MAK_LS, MAT_LS, MATE_LS, MBI_LS, MEN_LS, MET_LS, METE_LS, MIM_LS, MIME_LS, MMD_LS, MSS_LS, MTM_LS, MTO_LS, MTOE_LS, MTR_LS, MUT_LS, MUZ_LS, MUZE_LS, MZT_LS, NAE_LS, PEM_LS, PEME_LS, PET_LS, PETE_LS, ROS_LS, ROSE_LS, SAO_OL, SAS_LS, SBL_LS, SBP_LS, SBPE_LS, SCE_LS, SDU_LS, SECE_LS, SED_LS, SEK_LS, SEN_LS, SES_LS, SES_TH_LS, SES_TS_LS, SGI_LS, SGM_LS, SIN_LS, SIS_LS, SMT_LS, STP_LS, TEB_LS, TEK_LS, TEKE_LS, TEL_LS, THO_LS, UCK_LS, UZB_LS, UZBE_LS, VBAE_LS, YZVE_LS",,
20614,ITB 208E,ITB,LS,Formations of Modern Turkey,,Stefo Benlisoy,INB,Salı,14:30/17:29,B305,38,36,,"AIN_LS, ARC_LS, BES_LS, BIO_LS, BIOE_LS, BLG_LS, BLGE_LS, BST_LS, CAB_3T_LS, CAB_4T_LS, CAB_BG_LS, CAB_DL_LS, CAB_DS_LS, CAB_KA_LS, CAB_KE_LS, CAB_KL_LS, CAB_KM_LS, CAB_KO_LS, CAB_LS, CAB_ME_LS, CAB_NE_LS, CAB_TA_LS, CAB_TN_LS, CAB_UD_LS, CAB_VC_LS, CAB_VI_LS, CAB_VS_LS, CEB_LS, CEN_LS, CES_LS, CEV_LS, CEVE_LS, CHZ_LS, CHZE_LS, DEN_LS, DENE_LS, DUI_LS, DUIE_LS, ECNE_LS, EEE_LS, EFN_LS, EHB_LS, EHBE_LS, EHN_LS, EHS_LS, ELE_LS, ELH_LS, ELK_LS, ELKE_LS, END_LS, ENDE_LS, ENT_LS, ENTE_LS, ESS_LS, EUT_LS, EUTE_LS, FIZ_LS, FIZE_LS, GEM_LS, GEME_LS, GEMK_LS, GEO_LS, GEOE_LS, GID_LS, GIDE_LS, GMI_LS, GMIE_LS, HTA_LS, HTAE_LS, IAD_LS, IBM_LS, ICM_LS, IML_LS, IMLE_LS, IND_LS, INS_LS, INSE_LS, ISL_LS, ISLE_LS, JEF_LS, JEFE_LS, JEO_LS, JEOE_LS, KIM_LS, KIME_LS, KMM_LS, KMME_LS, KMP_LS, KOM_LS, KOME_LS, KON_LS, MAD_LS, MADE_LS, MAK_LS, MAT_LS, MATE_LS, MBI_LS, MEN_LS, MET_LS, METE_LS, MIM_LS, MIME_LS, MMD_LS, MSS_LS, MTM_LS, MTO_LS, MTOE_LS, MTR_LS, MUT_LS, MUZ_LS, MUZE_LS, MZT_LS, NAE_LS, PEM_LS, PEME_LS, PET_LS, PETE_LS, ROS_LS, ROSE_LS, SAO_OL, SAS_LS, SBL_LS, SBP_LS, SBPE_LS, SCE_LS, SDU_LS, SECE_LS, SED_LS, SEK_LS, SEN_LS, SES_LS, SES_TH_LS, SES_TS_LS, SGI_LS, SGM_LS, SIN_LS, SIS_LS, SMT_LS, STP_LS, TEB_LS, TEK_LS, TEKE_LS, TEL_LS, THO_LS, UCK_LS, UZB_LS, UZBE_LS, VBAE_LS, YZVE_LS",,
20615,ITB 208E,ITB,LS,Formations of Modern Turkey,,Doğan Gürpınar,FEB,Salı,11:30/14:29,D304,30,24,,"AIN_LS, ARC_LS, BES_LS, BIO_LS, BIOE_LS, BLG_LS, BLGE_LS, BST_LS, CAB_3T_LS, CAB_4T_LS, CAB_BG_LS, CAB_DL_LS, CAB_DS_LS, CAB_KA_LS, CAB_KE_LS, CAB_KL_LS, CAB_KM_LS, CAB_KO_LS, CAB_LS, CAB_ME_LS, CAB_NE_LS, CAB_TA_LS, CAB_TN_LS, CAB_UD_LS, CAB_VC_LS, CAB_VI_LS, CAB_VS_LS, CEB_LS, CEN_LS, CES_LS, CEV_LS, CEVE_LS, CHZ_LS, CHZE_LS, DEN_LS, DENE_LS, DUI_LS, DUIE_LS, ECNE_LS, EEE_LS, EFN_LS, EHB_LS, EHBE_LS, EHN_LS, EHS_LS, ELE_LS, ELH_LS, ELK_LS, ELKE_LS, END_LS, ENDE_LS, ENT_LS, ENTE_LS, ESS_LS, EUT_LS, EUTE_LS, FIZ_LS, FIZE_LS, GEM_LS, GEME_LS, GEMK_LS, GEO_LS, GEOE_LS, GID_LS, GIDE_LS, GMI_LS, GMIE_LS, HTA_LS, HTAE_LS, IAD_LS, IBM_LS, ICM_LS, IML_LS, IMLE_LS, IND_LS, INS_LS, INSE_LS, ISL_LS, ISLE_LS, JEF_LS, JEFE_LS, JEO_LS, JEOE_LS, KIM_LS, KIME_LS, KMM_LS, KMME_LS, KMP_LS, KOM_LS, KOME_LS, KON_LS, MAD_LS, MADE_LS, MAK_LS, MAT_LS, MATE_LS, MBI_LS, MEN_LS, MET_LS, METE_LS, MIM_LS, MIME_LS, MMD_LS, MSS_LS, MTM_LS, MTO_LS, MTOE_LS, MTR_LS, MUT_LS, MUZ_LS, MUZE_LS, MZT_LS, NAE_LS, PEM_LS, PEME_LS, PET_LS, PETE_LS, ROS_LS, ROSE_LS, SAO_OL, SAS_LS, SBL_LS, SBP_LS, SBPE_LS, SCE_LS, SDU_LS, SECE_LS, SED_LS, SEK_LS, SEN_LS, SES_LS, SES_TH_LS, SES_TS_LS, SGI_LS, SGM_LS, SIN_LS, SIS_LS, SMT_LS, STP_LS, TEB_LS, TEK_LS, TEKE_LS, TEL_LS, THO_LS, UCK_LS, UZB_LS, UZBE_LS, VBAE_LS, YZVE_LS",,
20616,ITB 209,ITB,LS,Türkiye ve Dünya,,Didem Özgür,FEB,Cuma,14:30/17:29,L400,40,21,,"BIO_LS, BLG_LS, BST_LS, CAB_3T_LS, CAB_4T_LS, CAB_BG_LS, CAB_DL_LS, CAB_DS_LS, CAB_KA_LS, CAB_KE_LS, CAB_KL_LS, CAB_KM_LS, CAB_KO_LS, CAB_LS, CAB_ME_LS, CAB_NE_LS, CAB_TA_LS, CAB_TN_LS, CAB_UD_LS, CAB_VC_LS, CAB_VI_LS, CAB_VS_LS, CEB_LS, CEV_LS, CHZ_LS, DEN_LS, DUI_LS, EHB_LS, ELE_LS, ELH_LS, ELK_LS, END_LS, ENT_LS, EUT_LS, FIZ_LS, GEM_LS, GEO_LS, GID_LS, GMI_LS, HTA_LS, IBM_LS, ICM_LS, IML_LS, INS_LS, ISL_LS, JEF_LS, JEO_LS, KIM_LS, KMM_LS, KMP_LS, KOM_LS, KON_LS, MAD_LS, MAK_LS, MAT_LS, MET_LS, MIM_LS, MTO_LS, MTR_LS, MUT_LS, MUZ_LS, MZT_LS, PEM_LS, PET_LS, ROS_LS, SAO_OL, SBP_LS, SES_LS, SES_TH_LS, SES_TS_LS, TEB_LS, TEK_LS, TEL_LS, THO_LS, UCK_LS, UZB_LS",,
20617,ITB 213,ITB,LS,Edebiyat ve Toplum,,Cüneyd Okay,MKB,Perşembe,08:30/11:29,D353,30,30,,"BIO_LS, BLG_LS, BST_LS, CAB_3T_LS, CAB_4T_LS, CAB_BG_LS, CAB_DL_LS, CAB_DS_LS, CAB_KA_LS, CAB_KE_LS, CAB_KL_LS, CAB_KM_LS, CAB_KO_LS, CAB_LS, CAB_ME_LS, CAB_NE_LS, CAB_TA_LS, CAB_TN_LS, CAB_UD_LS, CAB_VC_LS, CAB_VI_LS, CAB_VS_LS, CEB_LS, CEV_LS, CHZ_LS, DEN_LS, DUI_LS, EHB_LS, ELE_LS, ELH_LS, ELK_LS, END_LS, ENT_LS, EUT_LS, FIZ_LS, GEM_LS, GEO_LS, GID_LS, GMI_LS, HTA_LS, IBM_LS, ICM_LS, IML_LS, INS_LS, ISL_LS, JEF_LS, JEO_LS, KIM_LS, KMM_LS, KMP_LS, KOM_LS, KON_LS, MAD_LS, MAK_LS, MAT_LS, MET_LS, MIM_LS, MTO_LS, MTR_LS, MUT_LS, MUZ_LS, MZT_LS, PEM_LS, PET_LS, ROS_LS, SAO_OL, SBP_LS, SES_LS, SES_TH_LS, SES_TS_LS, TEB_LS, TEK_LS, TEL_LS, THO_LS, UCK_LS, UZB_LS",,
20618,ITB 213,ITB,LS,Edebiyat ve Toplum,,Cüneyd Okay,MKB,Perşembe,11:30/14:29,D353,30,30,,"BIO_LS, BLG_LS, BST_LS, CAB_3T_LS, CAB_4T_LS, CAB_BG_LS, CAB_DL_LS, CAB_DS_LS, CAB_KA_LS, CAB_KE_LS, CAB_KL_LS, CAB_KM_LS, CAB_KO_LS, CAB_LS, CAB_ME_LS, CAB_NE_LS, CAB_TA_LS, CAB_TN_LS, CAB_UD_LS, CAB_VC_LS, CAB_VI_LS, CAB_VS_LS, CEB_LS, CEV_LS, CHZ_LS, DEN_LS, DUI_LS, EHB_LS, ELE_LS, ELH_LS, ELK_LS, END_LS, ENT_LS, EUT_LS, FIZ_LS, GEM_LS, GEO_LS, GID_LS, GMI_LS, HTA_LS, IBM_LS, ICM_LS, IML_LS, INS_LS, ISL_LS, JEF_LS, JEO_LS, KIM_LS, KMM_LS, KMP_LS, KOM_LS, KON_LS, MAD_LS, MAK_LS, MAT_LS, MET_LS, MIM_LS, MTO_LS, MTR_LS, MUT_LS, MUZ_LS, MZT_LS, PEM_LS, PET_LS, ROS_LS, SAO_OL, SBP_LS, SES_LS, SES_TH_LS, SES_TS_LS, TEB_LS, TEK_LS, TEL_LS, THO_LS, UCK_LS, UZB_LS",,
20619,ITB 214,ITB,LS,Modern Ortadoğu,,Mustafa İnce,FEB,Perşembe,10:30/13:29,D101,30,25,,"BIO_LS, BLG_LS, BST_LS, CAB_3T_LS, CAB_4T_LS, CAB_BG_LS, CAB_DL_LS, CAB_DS_LS, CAB_KA_LS, CAB_KE_LS, CAB_KL_LS, CAB_KM_LS, CAB_KO_LS, CAB_LS, CAB_ME_LS, CAB_NE_LS, CAB_TA_LS, CAB_TN_LS, CAB_UD_LS, CAB_VC_LS, CAB_VI_LS, CAB_VS_LS, CEB_LS, CEV_LS, CHZ_LS, DEN_LS, DUI_LS, EHB_LS, ELE_LS, ELH_LS, ELK_LS, END_LS, ENT_LS, EUT_LS, FIZ_LS, GEM_LS, GEO_LS, GID_LS, GMI_LS, HTA_LS, IBM_LS, ICM_LS, IML_LS, INS_LS, ISL_LS, JEF_LS, JEO_LS, KIM_LS, KMM_LS, KMP_LS, KOM_LS, KON_LS, MAD_LS, MAK_LS, MAT_LS, MET_LS, MIM_LS, MTO_LS, MTR_LS, MUT_LS, MUZ_LS, MZT_LS, PEM_LS, PET_LS, ROS_LS, SAO_OL, SBP_LS, SES_LS, SES_TH_LS, SES_TS_LS, TEB_LS, TEK_LS, TEL_LS, THO_LS, UCK_LS, UZB_LS",,
20620,ITB 215E,ITB,LS,Topics in Hist.and Society,,Nurullah Ardıç,FEB,Salı,11:30/14:29,D103,32,20,,"AIN_LS, ARC_LS, BES_LS, BIO_LS, BIOE_LS, BLG_LS, BLGE_LS, BST_LS, CAB_3T_LS, CAB_4T_LS, CAB_BG_LS, CAB_DL_LS, CAB_DS_LS, CAB_KA_LS, CAB_KE_LS, CAB_KL_LS, CAB_KM_LS, CAB_KO_LS, CAB_LS, CAB_ME_LS, CAB_NE_LS, CAB_TA_LS, CAB_TN_LS, CAB_UD_LS, CAB_VC_LS, CAB_VI_LS, CAB_VS_LS, CEB_LS, CEN_LS, CES_LS, CEV_LS, CEVE_LS, CHZ_LS, CHZE_LS, DEN_LS, DENE_LS, DUI_LS, DUIE_LS, ECNE_LS, EEE_LS, EFN_LS, EHB_LS, EHBE_LS, EHN_LS, EHS_LS, ELE_LS, ELH_LS, ELK_LS, ELKE_LS, END_LS, ENDE_LS, ENT_LS, ENTE_LS, ESS_LS, EUT_LS, EUTE_LS, FIZ_LS, FIZE_LS, GEM_LS, GEME_LS, GEMK_LS, GEO_LS, GEOE_LS, GID_LS, GIDE_LS, GMI_LS, GMIE_LS, HTA_LS, HTAE_LS, IAD_LS, IBM_LS, ICM_LS, IML_LS, IMLE_LS, IND_LS, INS_LS, INSE_LS, ISL_LS, ISLE_LS, JEF_LS, JEFE_LS, JEO_LS, JEOE_LS, KIM_LS, KIME_LS, KMM_LS, KMME_LS, KMP_LS, KOM_LS, KOME_LS, KON_LS, MAD_LS, MADE_LS, MAK_LS, MAT_LS, MATE_LS, MBI_LS, MEN_LS, MET_LS, METE_LS, MIM_LS, MIME_LS, MMD_LS, MSS_LS, MTM_LS, MTO_LS, MTOE_LS, MTR_LS, MUT_LS, MUZ_LS, MUZE_LS, MZT_LS, NAE_LS, PEM_LS, PEME_LS, PET_LS, PETE_LS, ROS_LS, ROSE_LS, SAO_OL, SAS_LS, SBL_LS, SBP_LS, SBPE_LS, SCE_LS, SDU_LS, SECE_LS, SED_LS, SEK_LS, SEN_LS, SES_LS, SES_TH_LS, SES_TS_LS, SGI_LS, SGM_LS, SIN_LS, SIS_LS, SMT_LS, STP_LS, TEB_LS, TEK_LS, TEKE_LS, TEL_LS, THO_LS, UCK_LS, UZB_LS, UZBE_LS, VBAE_LS, YZVE_LS",,
20621,ITB 218,ITB,LS,Bilim ve Teknoloji Tarihi,,Tuncay Zorlu,FEB,Çarşamba,08:30/11:29,D105,33,33,,"BIO_LS, BLG_LS, BST_LS, CAB_3T_LS, CAB_4T_LS, CAB_BG_LS, CAB_DL_LS, CAB_DS_LS, CAB_KA_LS, CAB_KE_LS, CAB_KL_LS, CAB_KM_LS, CAB_KO_LS, CAB_LS, CAB_ME_LS, CAB_NE_LS, CAB_TA_LS, CAB_TN_LS, CAB_UD_LS, CAB_VC_LS, CAB_VI_LS, CAB_VS_LS, CEB_LS, CEV_LS, CHZ_LS, DEN_LS, DUI_LS, EHB_LS, ELE_LS, ELH_LS, ELK_LS, END_LS, ENT_LS, EUT_LS, FIZ_LS, GEM_LS, GEO_LS, GID_LS, GMI_LS, HTA_LS, IBM_LS, ICM_LS, IML_LS, INS_LS, ISL_LS, JEF_LS, JEO_LS, KIM_LS, KMM_LS, KMP_LS, KOM_LS, KON_LS, MAD_LS, MAK_LS, MAT_LS, MET_LS, MIM_LS, MTO_LS, MTR_LS, MUT_LS, MUZ_LS, MZT_LS, PEM_LS, PET_LS, ROS_LS, SAO_OL, SBP_LS, SES_LS, SES_TH_LS, SES_TS_LS, TEB_LS, TEK_LS, TEL_LS, THO_LS, UCK_LS, UZB_LS",,
20622,ITB 218,ITB,LS,Bilim ve Teknoloji Tarihi,,Aytekin Çökelez,FEB,Salı,08:30/11:29,D206,33,33,,"BIO_LS, BLG_LS, BST_LS, CAB_3T_LS, CAB_4T_LS, CAB_BG_LS, CAB_DL_LS, CAB_DS_LS, CAB_KA_LS, CAB_KE_LS, CAB_KL_LS, CAB_KM_LS, CAB_KO_LS, CAB_LS, CAB_ME_LS, CAB_NE_LS, CAB_TA_LS, CAB_TN_LS, CAB_UD_LS, CAB_VC_LS, CAB_VI_LS, CAB_VS_LS, CEB_LS, CEV_LS, CHZ_LS, DEN_LS, DUI_LS, EHB_LS, ELE_LS, ELH_LS, ELK_LS, END_LS, ENT_LS, EUT_LS, FIZ_LS, GEM_LS, GEO_LS, GID_LS, GMI_LS, HTA_LS, IBM_LS, ICM_LS, IML_LS, INS_LS, ISL_LS, JEF_LS, JEO_LS, KIM_LS, KMM_LS, KMP_LS, KOM_LS, KON_LS, MAD_LS, MAK_LS, MAT_LS, MET_LS, MIM_LS, MTO_LS, MTR_LS, MUT_LS, MUZ_LS, MZT_LS, PEM_LS, PET_LS, ROS_LS, SAO_OL, SBP_LS, SES_LS, SES_TH_LS, SES_TS_LS, TEB_LS, TEK_LS, TEL_LS, THO_LS, UCK_LS, UZB_LS",,
20623,ITB 218,ITB,LS,Bilim ve Teknoloji Tarihi,,Saltuk Duran,FEB,Çarşamba,08:30/11:29,D106,33,27,,"BIO_LS, BLG_LS, BST_LS, CAB_3T_LS, CAB_4T_LS, CAB_BG_LS, CAB_DL_LS, CAB_DS_LS, CAB_KA_LS, CAB_KE_LS, CAB_KL_LS, CAB_KM_LS, CAB_KO_LS, CAB_LS, CAB_ME_LS, CAB_NE_LS, CAB_TA_LS, CAB_TN_LS, CAB_UD_LS, CAB_VC_LS, CAB_VI_LS, CAB_VS_LS, CEB_LS, CEV_LS, CHZ_LS, DEN_LS, DUI_LS, EHB_LS, ELE_LS, ELH_LS, ELK_LS, END_LS, ENT_LS, EUT_LS, FIZ_LS, GEM_LS, GEO_LS, GID_LS, GMI_LS, HTA_LS, IBM_LS, ICM_LS, IML_LS, INS_LS, ISL_LS, JEF_LS, JEO_LS, KIM_LS, KMM_LS, KMP_LS, KOM_LS, KON_LS, MAD_LS, MAK_LS, MAT_LS, MET_LS, MIM_LS, MTO_LS, MTR_LS, MUT_LS, MUZ_LS, MZT_LS, PEM_LS, PET_LS, ROS_LS, SAO_OL, SBP_LS, SES_LS, SES_TH_LS, SES_TS_LS, TEB_LS, TEK_LS, TEL_LS, THO_LS, UCK_LS, UZB_LS",,
20624,ITB 219E,ITB,LS,Ethics,,Gürcan Koçan,FEB,Salı,13:30/16:29,OBL3,35,22,,"AIN_LS, ARC_LS, BES_LS, BIO_LS, BIOE_LS, BLG_LS, BLGE_LS, BST_LS, CAB_3T_LS, CAB_4T_LS, CAB_BG_LS, CAB_DL_LS, CAB_DS_LS, CAB_KA_LS, CAB_KE_LS, CAB_KL_LS, CAB_KM_LS, CAB_KO_LS, CAB_LS, CAB_ME_LS, CAB_NE_LS, CAB_TA_LS, CAB_TN_LS, CAB_UD_LS, CAB_VC_LS, CAB_VI_LS, CAB_VS_LS, CEB_LS, CEN_LS, CES_LS, CEV_LS, CEVE_LS, CHZ_LS, CHZE_LS, DEN_LS, DENE_LS, DUI_LS, DUIE_LS, ECNE_LS, EEE_LS, EFN_LS, EHB_LS, EHBE_LS, EHN_LS, EHS_LS, ELE_LS, ELH_LS, ELK_LS, ELKE_LS, END_LS, ENDE_LS, ENT_LS, ENTE_LS, ESS_LS, EUT_LS, EUTE_LS, FIZ_LS, FIZE_LS, GEM_LS, GEME_LS, GEMK_LS, GEO_LS, GEOE_LS, GID_LS, GIDE_LS, GMI_LS, GMIE_LS, HTA_LS, HTAE_LS, IAD_LS, IBM_LS, ICM_LS, IML_LS, IMLE_LS, IND_LS, INS_LS, INSE_LS, ISL_LS, ISLE_LS, JEF_LS, JEFE_LS, JEO_LS, JEOE_LS, KIM_LS, KIME_LS, KMM_LS, KMME_LS, KMP_LS, KOM_LS, KOME_LS, KON_LS, MAD_LS, MADE_LS, MAK_LS, MAT_LS, MATE_LS, MBI_LS, MEN_LS, MET_LS, METE_LS, MIM_LS, MIME_LS, MMD_LS, MSS_LS, MTM_LS, MTO_LS, MTOE_LS, MTR_LS, MUT_LS, MUZ_LS, MUZE_LS, MZT_LS, NAE_LS, PEM_LS, PEME_LS, PET_LS, PETE_LS, ROS_LS, ROSE_LS, SAO_OL, SAS_LS, SBL_LS, SBP_LS, SBPE_LS, SCE_LS, SDU_LS, SECE_LS, SED_LS, SEK_LS, SEN_LS, SES_LS, SES_TH_LS, SES_TS_LS, SGI_LS, SGM_LS, SIN_LS, SIS_LS, SMT_LS, STP_LS, TEB_LS, TEK_LS, TEKE_LS, TEL_LS, THO_LS, UCK_LS, UZB_LS, UZBE_LS, VBAE_LS, YZVE_LS",,
20625,SNT 105,SNT,LS,Sinema Sanatı,,Murat Özen,MKB,Çarşamba,12:30/15:29,D452,28,31,,"BIO_LS, BLG_LS, CEV_LS, CHZ_LS, DEN_LS, DUI_LS, EHB_LS, ELE_LS, ELH_LS, ELK_LS, END_LS, ENT_LS, EUT_LS, FIZ_LS, GEM_LS, GEO_LS, GID_LS, GMI_LS, HTA_LS, IBM_LS, ICM_LS, IML_LS, INS_LS, ISL_LS, JEF_LS, JEO_LS, KIM_LS, KMM_LS, KOM_LS, KON_LS, MAD_LS, MAK_LS, MAT_LS, MET_LS, MIM_LS, MTO_LS, PEM_LS, PET_LS, ROS_LS, SAO_OL, SBP_LS, TEK_LS, TEL_LS, UCK_LS, UZB_LS",,
20626,ITB 222,ITB,LS,Kent ve Toplum,,Özge Atalay Çelik,FEB,Salı,10:30/13:29,D202,30,18,,"BIO_LS, BLG_LS, BST_LS, CAB_3T_LS, CAB_4T_LS, CAB_BG_LS, CAB_DL_LS, CAB_DS_LS, CAB_KA_LS, CAB_KE_LS, CAB_KL_LS, CAB_KM_LS, CAB_KO_LS, CAB_LS, CAB_ME_LS, CAB_NE_LS, CAB_TA_LS, CAB_TN_LS, CAB_UD_LS, CAB_VC_LS, CAB_VI_LS, CAB_VS_LS, CEB_LS, CEV_LS, CHZ_LS, DEN_LS, DUI_LS, EHB_LS, ELE_LS, ELH_LS, ELK_LS, END_LS, ENT_LS, EUT_LS, FIZ_LS, GEM_LS, GEO_LS, GID_LS, GMI_LS, HTA_LS, IBM_LS, ICM_LS, IML_LS, INS_LS, ISL_LS, JEF_LS, JEO_LS, KIM_LS, KMM_LS, KMP_LS, KOM_LS, KON_LS, MAD_LS, MAK_LS, MAT_LS, MET_LS, MIM_LS, MTO_LS, MTR_LS, MUT_LS, MUZ_LS, MZT_LS, PEM_LS, PET_LS, ROS_LS, SAO_OL, SBP_LS, SES_LS, SES_TH_LS, SES_TS_LS, TEB_LS, TEK_LS, TEL_LS, THO_LS, UCK_LS, UZB_LS",,
20627,SNT 105E,SNT,LS,Film Art,,Kağan Demirdöven,MED,Perşembe,08:30/11:29,B37,60,77,,"ARC_LS, BIO_LS, BIOE_LS, BLG_LS, BLGE_LS, CEN_LS, CEV_LS, CEVE_LS, CHZ_LS, CHZE_LS, DEN_LS, DENE_LS, DUI_LS, DUIE_LS, ECNE_LS, EEE_LS, EFN_LS, EHB_LS, EHBE_LS, ELE_LS, ELH_LS, ELK_LS, ELKE_LS, END_LS, ENDE_LS, ENT_LS, ENTE_LS, EUT_LS, EUTE_LS, FIZ_LS, FIZE_LS, GEM_LS, GEME_LS, GEMK_LS, GEO_LS, GEOE_LS, GID_LS, GIDE_LS, GMI_LS, HTA_LS, HTAE_LS, IAD_LS, IBM_LS, ICM_LS, IML_LS, IMLE_LS, IND_LS, INS_LS, INSE_LS, ISL_LS, ISLE_LS, JEF_LS, JEFE_LS, JEO_LS, JEOE_LS, KIM_LS, KIME_LS, KMM_LS, KMME_LS, KOM_LS, KOME_LS, KON_LS, MAD_LS, MADE_LS, MAK_LS, MAKE_LS, MAT_LS, MATE_LS, MEN_LS, MET_LS, METE_LS, MIM_LS, MIME_LS, MMD_LS, MTM_LS, MTO_LS, MTOE_LS, NAE_LS, PEM_LS, PEME_LS, PET_LS, PETE_LS, ROS_LS, ROSE_LS, SAO_OL, SBP_LS, SBPE_LS, SECE_LS, TEK_LS, TEKE_LS, TEL_LS, UCK_LS, UZB_LS, UZBE_LS, VBAE_LS, YZVE_LS",,
20628,ITB 222,ITB,LS,Kent ve Toplum,,Özge Atalay Çelik,INB,Çarşamba,11:30/14:29,A204,30,13,,"BIO_LS, BLG_LS, BST_LS, CAB_3T_LS, CAB_4T_LS, CAB_BG_LS, CAB_DL_LS, CAB_DS_LS, CAB_KA_LS, CAB_KE_LS, CAB_KL_LS, CAB_KM_LS, CAB_KO_LS, CAB_LS, CAB_ME_LS, CAB_NE_LS, CAB_TA_LS, CAB_TN_LS, CAB_UD_LS, CAB_VC_LS, CAB_VI_LS, CAB_VS_LS, CEB_LS, CEV_LS, CHZ_LS, DEN_LS, DUI_LS, EHB_LS, ELE_LS, ELH_LS, ELK_LS, END_LS, ENT_LS, EUT_LS, FIZ_LS, GEM_LS, GEO_LS, GID_LS, GMI_LS, HTA_LS, IBM_LS, ICM_LS, IML_LS, INS_LS, ISL_LS, JEF_LS, JEO_LS, KIM_LS, KMM_LS, KMP_LS, KOM_LS, KON_LS, MAD_LS, MAK_LS, MAT_LS, MET_LS, MIM_LS, MTO_LS, MTR_LS, MUT_LS, MUZ_LS, MZT_LS, PEM_LS, PET_LS, ROS_LS, SAO_OL, SBP_LS, SES_LS, SES_TH_LS, SES_TS_LS, TEB_LS, TEK_LS, TEL_LS, THO_LS, UCK_LS, UZB_LS",,
20629,ITB 222,ITB,LS,Kent ve Toplum,,Ümran Kaya,INB,Salı,11:30/14:29,A202,30,28,,"BIO_LS, BLG_LS, BST_LS, CAB_3T_LS, CAB_4T_LS, CAB_BG_LS, CAB_DL_LS, CAB_DS_LS, CAB_KA_LS, CAB_KE_LS, CAB_KL_LS, CAB_KM_LS, CAB_KO_LS, CAB_LS, CAB_ME_LS, CAB_NE_LS, CAB_TA_LS, CAB_TN_LS, CAB_UD_LS, CAB_VC_LS, CAB_VI_LS, CAB_VS_LS, CEB_LS, CEV_LS, CHZ_LS, DEN_LS, DUI_LS, EHB_LS, ELE_LS, ELH_LS, ELK_LS, END_LS, ENT_LS, EUT_LS, FIZ_LS, GEM_LS, GEO_LS, GID_LS, GMI_LS, HTA_LS, IBM_LS, ICM_LS, IML_LS, INS_LS, ISL_LS, JEF_LS, JEO_LS, KIM_LS, KMM_LS, KMP_LS, KOM_LS, KON_LS, MAD_LS, MAK_LS, MAT_LS, MET_LS, MIM_LS, MTO_LS, MTR_LS, MUT_LS, MUZ_LS, MZT_LS, PEM_LS, PET_LS, ROS_LS, SAO_OL, SBP_LS, SES_LS, SES_TH_LS, SES_TS_LS, TEB_LS, TEK_LS, TEL_LS, THO_LS, UCK_LS, UZB_LS",,
20630,ITB 222,ITB,LS,Kent ve Toplum,,Ümran Kaya,INB,Salı,14:30/17:29,B304,30,27,,"BIO_LS, BLG_LS, BST_LS, CAB_3T_LS, CAB_4T_LS, CAB_BG_LS, CAB_DL_LS, CAB_DS_LS, CAB_KA_LS, CAB_KE_LS, CAB_KL_LS, CAB_KM_LS, CAB_KO_LS, CAB_LS, CAB_ME_LS, CAB_NE_LS, CAB_TA_LS, CAB_TN_LS, CAB_UD_LS, CAB_VC_LS, CAB_VI_LS, CAB_VS_LS, CEB_LS, CEV_LS, CHZ_LS, DEN_LS, DUI_LS, EHB_LS, ELE_LS, ELH_LS, ELK_LS, END_LS, ENT_LS, EUT_LS, FIZ_LS, GEM_LS, GEO_LS, GID_LS, GMI_LS, HTA_LS, IBM_LS, ICM_LS, IML_LS, INS_LS, ISL_LS, JEF_LS, JEO_LS, KIM_LS, KMM_LS, KMP_LS, KOM_LS, KON_LS, MAD_LS, MAK_LS, MAT_LS, MET_LS, MIM_LS, MTO_LS, MTR_LS, MUT_LS, MUZ_LS, MZT_LS, PEM_LS, PET_LS, ROS_LS, SAO_OL, SBP_LS, SES_LS, SES_TH_LS, SES_TS_LS, TEB_LS, TEK_LS, TEL_LS, THO_LS, UCK_LS, UZB_LS",,
20631,ITB 222E,ITB,LS,City and Society,,Elvan Gülöksüz,MMB,Perşembe,14:30/17:29,305,35,27,,"AIN_LS, ARC_LS, BES_LS, BIO_LS, BIOE_LS, BLG_LS, BLGE_LS, BST_LS, CAB_3T_LS, CAB_4T_LS, CAB_BG_LS, CAB_DL_LS, CAB_DS_LS, CAB_KA_LS, CAB_KE_LS, CAB_KL_LS, CAB_KM_LS, CAB_KO_LS, CAB_LS, CAB_ME_LS, CAB_NE_LS, CAB_TA_LS, CAB_TN_LS, CAB_UD_LS, CAB_VC_LS, CAB_VI_LS, CAB_VS_LS, CEB_LS, CEN_LS, CES_LS, CEV_LS, CEVE_LS, CHZ_LS, CHZE_LS, DEN_LS, DENE_LS, DUI_LS, DUIE_LS, ECNE_LS, EEE_LS, EFN_LS, EHB_LS, EHBE_LS, EHN_LS, EHS_LS, ELE_LS, ELH_LS, ELK_LS, ELKE_LS, END_LS, ENDE_LS, ENT_LS, ENTE_LS, ESS_LS, EUT_LS, EUTE_LS, FIZ_LS, FIZE_LS, GEM_LS, GEME_LS, GEMK_LS, GEO_LS, GEOE_LS, GID_LS, GIDE_LS, GMI_LS, GMIE_LS, HTA_LS, HTAE_LS, IAD_LS, IBM_LS, ICM_LS, IML_LS, IMLE_LS, IND_LS, INS_LS, INSE_LS, ISL_LS, ISLE_LS, JEF_LS, JEFE_LS, JEO_LS, JEOE_LS, KIM_LS, KIME_LS, KMM_LS, KMME_LS, KMP_LS, KOM_LS, KOME_LS, KON_LS, MAD_LS, MADE_LS, MAK_LS, MAT_LS, MATE_LS, MBI_LS, MEN_LS, MET_LS, METE_LS, MIM_LS, MIME_LS, MMD_LS, MSS_LS, MTM_LS, MTO_LS, MTOE_LS, MTR_LS, MUT_LS, MUZ_LS, MUZE_LS, MZT_LS, NAE_LS, PEM_LS, PEME_LS, PET_LS, PETE_LS, ROS_LS, ROSE_LS, SAO_OL, SAS_LS, SBL_LS, SBP_LS, SBPE_LS, SCE_LS, SDU_LS, SECE_LS, SED_LS, SEK_LS, SEN_LS, SES_LS, SES_TH_LS, SES_TS_LS, SGI_LS, SGM_LS, SIN_LS, SIS_LS, SMT_LS, STP_LS, TEB_LS, TEK_LS, TEKE_LS, TEL_LS, THO_LS, UCK_LS, UZB_LS, UZBE_LS, VBAE_LS, YZVE_LS",,
20632,SNT 106,SNT,LS,Geleneks. Türk El Sanatları,,Ayşe Yivlik Neftçi,MMB,Çarşamba,12:30/15:29,315,30,27,,"BIO_LS, BLG_LS, CEV_LS, CHZ_LS, DEN_LS, DUI_LS, EHB_LS, ELE_LS, ELH_LS, ELK_LS, END_LS, ENT_LS, EUT_LS, FIZ_LS, GEM_LS, GEO_LS, GID_LS, GMI_LS, HTA_LS, IBM_LS, ICM_LS, IML_LS, INS_LS, ISL_LS, JEF_LS, JEO_LS, KIM_LS, KMM_LS, KOM_LS, KON_LS, MAD_LS, MAK_LS, MAT_LS, MET_LS, MIM_LS, MTO_LS, PEM_LS, PET_LS, ROS_LS, SAO_OL, SBP_LS, TEK_LS, TEL_LS, UCK_LS, UZB_LS",,
20633,ITB 222E,ITB,LS,City and Society,,Elvan Gülöksüz,INB,Salı,14:30/17:29,A101,35,29,,"AIN_LS, ARC_LS, BES_LS, BIO_LS, BIOE_LS, BLG_LS, BLGE_LS, BST_LS, CAB_3T_LS, CAB_4T_LS, CAB_BG_LS, CAB_DL_LS, CAB_DS_LS, CAB_KA_LS, CAB_KE_LS, CAB_KL_LS, CAB_KM_LS, CAB_KO_LS, CAB_LS, CAB_ME_LS, CAB_NE_LS, CAB_TA_LS, CAB_TN_LS, CAB_UD_LS, CAB_VC_LS, CAB_VI_LS, CAB_VS_LS, CEB_LS, CEN_LS, CES_LS, CEV_LS, CEVE_LS, CHZ_LS, CHZE_LS, DEN_LS, DENE_LS, DUI_LS, DUIE_LS, ECNE_LS, EEE_LS, EFN_LS, EHB_LS, EHBE_LS, EHN_LS, EHS_LS, ELE_LS, ELH_LS, ELK_LS, ELKE_LS, END_LS, ENDE_LS, ENT_LS, ENTE_LS, ESS_LS, EUT_LS, EUTE_LS, FIZ_LS, FIZE_LS, GEM_LS, GEME_LS, GEMK_LS, GEO_LS, GEOE_LS, GID_LS, GIDE_LS, GMI_LS, GMIE_LS, HTA_LS, HTAE_LS, IAD_LS, IBM_LS, ICM_LS, IML_LS, IMLE_LS, IND_LS, INS_LS, INSE_LS, ISL_LS, ISLE_LS, JEF_LS, JEFE_LS, JEO_LS, JEOE_LS, KIM_LS, KIME_LS, KMM_LS, KMME_LS, KMP_LS, KOM_LS, KOME_LS, KON_LS, MAD_LS, MADE_LS, MAK_LS, MAT_LS, MATE_LS, MBI_LS, MEN_LS, MET_LS, METE_LS, MIM_LS, MIME_LS, MMD_LS, MSS_LS, MTM_LS, MTO_LS, MTOE_LS, MTR_LS, MUT_LS, MUZ_LS, MUZE_LS, MZT_LS, NAE_LS, PEM_LS, PEME_LS, PET_LS, PETE_LS, ROS_LS, ROSE_LS, SAO_OL, SAS_LS, SBL_LS, SBP_LS, SBPE_LS, SCE_LS, SDU_LS, SECE_LS, SED_LS, SEK_LS, SEN_LS, SES_LS, SES_TH_LS, SES_TS_LS, SGI_LS, SGM_LS, SIN_LS, SIS_LS, SMT_LS, STP_LS, TEB_LS, TEK_LS, TEKE_LS, TEL_LS, THO_LS, UCK_LS, UZB_LS, UZBE_LS, VBAE_LS, YZVE_LS",,
20634,SNT 106,SNT,LS,Geleneks. Türk El Sanatları,,Erol Dönmez,MMB,Pazartesi,08:30/11:29,CATI6,18,14,,"BIO_LS, BLG_LS, CEV_LS, CHZ_LS, DEN_LS, DUI_LS, EHB_LS, ELE_LS, ELH_LS, ELK_LS, END_LS, ENT_LS, EUT_LS, FIZ_LS, GEM_LS, GEO_LS, GID_LS, GMI_LS, HTA_LS, IBM_LS, ICM_LS, IML_LS, INS_LS, ISL_LS, JEF_LS, JEO_LS, KIM_LS, KMM_LS, KOM_LS, KON_LS, MAD_LS, MAK_LS, MAT_LS, MET_LS, MIM_LS, MTO_LS, PEM_LS, PET_LS, ROS_LS, SAO_OL, SBP_LS, TEK_LS, TEL_LS, UCK_LS, UZB_LS",,
20635,ITB 222E,ITB,LS,City and Society,,Çiğdem Özkan Aygün,FEB,Perşembe,08:30/11:29,L400,33,33,,"AIN_LS, ARC_LS, BES_LS, BIO_LS, BIOE_LS, BLG_LS, BLGE_LS, BST_LS, CAB_3T_LS, CAB_4T_LS, CAB_BG_LS, CAB_DL_LS, CAB_DS_LS, CAB_KA_LS, CAB_KE_LS, CAB_KL_LS, CAB_KM_LS, CAB_KO_LS, CAB_LS, CAB_ME_LS, CAB_NE_LS, CAB_TA_LS, CAB_TN_LS, CAB_UD_LS, CAB_VC_LS, CAB_VI_LS, CAB_VS_LS, CEB_LS, CEN_LS, CES_LS, CEV_LS, CEVE_LS, CHZ_LS, CHZE_LS, DEN_LS, DENE_LS, DUI_LS, DUIE_LS, ECNE_LS, EEE_LS, EFN_LS, EHB_LS, EHBE_LS, EHN_LS, EHS_LS, ELE_LS, ELH_LS, ELK_LS, ELKE_LS, END_LS, ENDE_LS, ENT_LS, ENTE_LS, ESS_LS, EUT_LS, EUTE_LS, FIZ_LS, FIZE_LS, GEM_LS, GEME_LS, GEMK_LS, GEO_LS, GEOE_LS, GID_LS, GIDE_LS, GMI_LS, GMIE_LS, HTA_LS, HTAE_LS, IAD_LS, IBM_LS, ICM_LS, IML_LS, IMLE_LS, IND_LS, INS_LS, INSE_LS, ISL_LS, ISLE_LS, JEF_LS, JEFE_LS, JEO_LS, JEOE_LS, KIM_LS, KIME_LS, KMM_LS, KMME_LS, KMP_LS, KOM_LS, KOME_LS, KON_LS, MAD_LS, MADE_LS, MAK_LS, MAT_LS, MATE_LS, MBI_LS, MEN_LS, MET_LS, METE_LS, MIM_LS, MIME_LS, MMD_LS, MSS_LS, MTM_LS, MTO_LS, MTOE_LS, MTR_LS, MUT_LS, MUZ_LS, MUZE_LS, MZT_LS, NAE_LS, PEM_LS, PEME_LS, PET_LS, PETE_LS, ROS_LS, ROSE_LS, SAO_OL, SAS_LS, SBL_LS, SBP_LS, SBPE_LS, SCE_LS, SDU_LS, SECE_LS, SED_LS, SEK_LS, SEN_LS, SES_LS, SES_TH_LS, SES_TS_LS, SGI_LS, SGM_LS, SIN_LS, SIS_LS, SMT_LS, STP_LS, TEB_LS, TEK_LS, TEKE_LS, TEL_LS, THO_LS, UCK_LS, UZB_LS, UZBE_LS, VBAE_LS, YZVE_LS",,
20636,ITB 233E,ITB,LS,Anthropology,,Sevil Hatice Baltalı Tırpan,FEB,Salı,08:30/11:29,D304,33,30,,"AIN_LS, ARC_LS, BES_LS, BIO_LS, BIOE_LS, BLG_LS, BLGE_LS, BST_LS, CAB_3T_LS, CAB_4T_LS, CAB_BG_LS, CAB_DL_LS, CAB_DS_LS, CAB_KA_LS, CAB_KE_LS, CAB_KL_LS, CAB_KM_LS, CAB_KO_LS, CAB_LS, CAB_ME_LS, CAB_NE_LS, CAB_TA_LS, CAB_TN_LS, CAB_UD_LS, CAB_VC_LS, CAB_VI_LS, CAB_VS_LS, CEB_LS, CEN_LS, CES_LS, CEV_LS, CEVE_LS, CHZ_LS, CHZE_LS, DEN_LS, DENE_LS, DUI_LS, DUIE_LS, ECNE_LS, EEE_LS, EFN_LS, EHB_LS, EHBE_LS, EHN_LS, EHS_LS, ELE_LS, ELH_LS, ELK_LS, ELKE_LS, END_LS, ENDE_LS, ENT_LS, ENTE_LS, ESS_LS, EUT_LS, EUTE_LS, FIZ_LS, FIZE_LS, GEM_LS, GEME_LS, GEMK_LS, GEO_LS, GEOE_LS, GID_LS, GIDE_LS, GMI_LS, GMIE_LS, HTA_LS, HTAE_LS, IAD_LS, IBM_LS, ICM_LS, IML_LS, IMLE_LS, IND_LS, INS_LS, INSE_LS, ISL_LS, ISLE_LS, JEF_LS, JEFE_LS, JEO_LS, JEOE_LS, KIM_LS, KIME_LS, KMM_LS, KMME_LS, KMP_LS, KOM_LS, KOME_LS, KON_LS, MAD_LS, MADE_LS, MAK_LS, MAT_LS, MATE_LS, MBI_LS, MEN_LS, MET_LS, METE_LS, MIM_LS, MIME_LS, MMD_LS, MSS_LS, MTM_LS, MTO_LS, MTOE_LS, MTR_LS, MUT_LS, MUZ_LS, MUZE_LS, MZT_LS, NAE_LS, PEM_LS, PEME_LS, PET_LS, PETE_LS, ROS_LS, ROSE_LS, SAO_OL, SAS_LS, SBL_LS, SBP_LS, SBPE_LS, SCE_LS, SDU_LS, SECE_LS, SED_LS, SEK_LS, SEN_LS, SES_LS, SES_TH_LS, SES_TS_LS, SGI_LS, SGM_LS, SIN_LS, SIS_LS, SMT_LS, STP_LS, TEB_LS, TEK_LS, TEKE_LS, TEL_LS, THO_LS, UCK_LS, UZB_LS, UZBE_LS, VBAE_LS, YZVE_LS",,
20637,SNT 106,SNT,LS,Geleneks. Türk El Sanatları,,Erol Dönmez,MMB,Pazartesi,13:30/16:29,CATI6,18,15,,"BIO_LS, BLG_LS, CEV_LS, CHZ_LS, DEN_LS, DUI_LS, EHB_LS, ELE_LS, ELH_LS, ELK_LS, END_LS, ENT_LS, EUT_LS, FIZ_LS, GEM_LS, GEO_LS, GID_LS, GMI_LS, HTA_LS, IBM_LS, ICM_LS, IML_LS, INS_LS, ISL_LS, JEF_LS, JEO_LS, KIM_LS, KMM_LS, KOM_LS, KON_LS, MAD_LS, MAK_LS, MAT_LS, MET_LS, MIM_LS, MTO_LS, PEM_LS, PET_LS, ROS_LS, SAO_OL, SBP_LS, TEK_LS, TEL_LS, UCK_LS, UZB_LS",,
20638,ITB 233E,ITB,LS,Anthropology,,Sevil Hatice Baltalı Tırpan,FEB,Salı,11:30/14:29,L200,25,22,,"AIN_LS, ARC_LS, BES_LS, BIO_LS, BIOE_LS, BLG_LS, BLGE_LS, BST_LS, CAB_3T_LS, CAB_4T_LS, CAB_BG_LS, CAB_DL_LS, CAB_DS_LS, CAB_KA_LS, CAB_KE_LS, CAB_KL_LS, CAB_KM_LS, CAB_KO_LS, CAB_LS, CAB_ME_LS, CAB_NE_LS, CAB_TA_LS, CAB_TN_LS, CAB_UD_LS, CAB_VC_LS, CAB_VI_LS, CAB_VS_LS, CEB_LS, CEN_LS, CES_LS, CEV_LS, CEVE_LS, CHZ_LS, CHZE_LS, DEN_LS, DENE_LS, DUI_LS, DUIE_LS, ECNE_LS, EEE_LS, EFN_LS, EHB_LS, EHBE_LS, EHN_LS, EHS_LS, ELE_LS, ELH_LS, ELK_LS, ELKE_LS, END_LS, ENDE_LS, ENT_LS, ENTE_LS, ESS_LS, EUT_LS, EUTE_LS, FIZ_LS, FIZE_LS, GEM_LS, GEME_LS, GEMK_LS, GEO_LS, GEOE_LS, GID_LS, GIDE_LS, GMI_LS, GMIE_LS, HTA_LS, HTAE_LS, IAD_LS, IBM_LS, ICM_LS, IML_LS, IMLE_LS, IND_LS, INS_LS, INSE_LS, ISL_LS, ISLE_LS, JEF_LS, JEFE_LS, JEO_LS, JEOE_LS, KIM_LS, KIME_LS, KMM_LS, KMME_LS, KMP_LS, KOM_LS, KOME_LS, KON_LS, MAD_LS, MADE_LS, MAK_LS, MAT_LS, MATE_LS, MBI_LS, MEN_LS, MET_LS, METE_LS, MIM_LS, MIME_LS, MMD_LS, MSS_LS, MTM_LS, MTO_LS, MTOE_LS, MTR_LS, MUT_LS, MUZ_LS, MUZE_LS, MZT_LS, NAE_LS, PEM_LS, PEME_LS, PET_LS, PETE_LS, ROS_LS, ROSE_LS, SAO_OL, SAS_LS, SBL_LS, SBP_LS, SBPE_LS, SCE_LS, SDU_LS, SECE_LS, SED_LS, SEK_LS, SEN_LS, SES_LS, SES_TH_LS, SES_TS_LS, SGI_LS, SGM_LS, SIN_LS, SIS_LS, SMT_LS, STP_LS, TEB_LS, TEK_LS, TEKE_LS, TEL_LS, THO_LS, UCK_LS, UZB_LS, UZBE_LS, VBAE_LS, YZVE_LS",,
20639,SNT 107,SNT,LS,İlkçağ Anadolu Uygarlıkları,,Ayşe Yivlik Neftçi,MMB,Pazartesi,13:30/16:29,315,25,17,,"BIO_LS, BLG_LS, CEV_LS, CHZ_LS, DEN_LS, DUI_LS, EHB_LS, ELE_LS, ELH_LS, ELK_LS, END_LS, ENT_LS, EUT_LS, FIZ_LS, GEM_LS, GEO_LS, GID_LS, GMI_LS, HTA_LS, IBM_LS, ICM_LS, IML_LS, INS_LS, ISL_LS, JEF_LS, JEO_LS, KIM_LS, KMM_LS, KOM_LS, KON_LS, MAD_LS, MAK_LS, MAT_LS, MET_LS, MIM_LS, MTO_LS, PEM_LS, PET_LS, ROS_LS, SAO_OL, SBP_LS, TEK_LS, TEL_LS, UCK_LS, UZB_LS",,
20640,ITB 233E,ITB,LS,Anthropology,,Sevil Hatice Baltalı Tırpan,FEB,Çarşamba,08:30/11:29,L400,30,26,,"AIN_LS, ARC_LS, BES_LS, BIO_LS, BIOE_LS, BLG_LS, BLGE_LS, BST_LS, CAB_3T_LS, CAB_4T_LS, CAB_BG_LS, CAB_DL_LS, CAB_DS_LS, CAB_KA_LS, CAB_KE_LS, CAB_KL_LS, CAB_KM_LS, CAB_KO_LS, CAB_LS, CAB_ME_LS, CAB_NE_LS, CAB_TA_LS, CAB_TN_LS, CAB_UD_LS, CAB_VC_LS, CAB_VI_LS, CAB_VS_LS, CEB_LS, CEN_LS, CES_LS, CEV_LS, CEVE_LS, CHZ_LS, CHZE_LS, DEN_LS, DENE_LS, DUI_LS, DUIE_LS, ECNE_LS, EEE_LS, EFN_LS, EHB_LS, EHBE_LS, EHN_LS, EHS_LS, ELE_LS, ELH_LS, ELK_LS, ELKE_LS, END_LS, ENDE_LS, ENT_LS, ENTE_LS, ESS_LS, EUT_LS, EUTE_LS, FIZ_LS, FIZE_LS, GEM_LS, GEME_LS, GEMK_LS, GEO_LS, GEOE_LS, GID_LS, GIDE_LS, GMI_LS, GMIE_LS, HTA_LS, HTAE_LS, IAD_LS, IBM_LS, ICM_LS, IML_LS, IMLE_LS, IND_LS, INS_LS, INSE_LS, ISL_LS, ISLE_LS, JEF_LS, JEFE_LS, JEO_LS, JEOE_LS, KIM_LS, KIME_LS, KMM_LS, KMME_LS, KMP_LS, KOM_LS, KOME_LS, KON_LS, MAD_LS, MADE_LS, MAK_LS, MAT_LS, MATE_LS, MBI_LS, MEN_LS, MET_LS, METE_LS, MIM_LS, MIME_LS, MMD_LS, MSS_LS, MTM_LS, MTO_LS, MTOE_LS, MTR_LS, MUT_LS, MUZ_LS, MUZE_LS, MZT_LS, NAE_LS, PEM_LS, PEME_LS, PET_LS, PETE_LS, ROS_LS, ROSE_LS, SAO_OL, SAS_LS, SBL_LS, SBP_LS, SBPE_LS, SCE_LS, SDU_LS, SECE_LS, SED_LS, SEK_LS, SEN_LS, SES_LS, SES_TH_LS, SES_TS_LS, SGI_LS, SGM_LS, SIN_LS, SIS_LS, SMT_LS, STP_LS, TEB_LS, TEK_LS, TEKE_LS, TEL_LS, THO_LS, UCK_LS, UZB_LS, UZBE_LS, VBAE_LS, YZVE_LS",,
20641,ITB 224E,ITB,LS,Environment and Society,,Aslı Erbil,FEB,Çarşamba,12:30/15:29,D206,30,28,,"AIN_LS, ARC_LS, BES_LS, BIO_LS, BIOE_LS, BLG_LS, BLGE_LS, BST_LS, CAB_3T_LS, CAB_4T_LS, CAB_BG_LS, CAB_DL_LS, CAB_DS_LS, CAB_KA_LS, CAB_KE_LS, CAB_KL_LS, CAB_KM_LS, CAB_KO_LS, CAB_LS, CAB_ME_LS, CAB_NE_LS, CAB_TA_LS, CAB_TN_LS, CAB_UD_LS, CAB_VC_LS, CAB_VI_LS, CAB_VS_LS, CEB_LS, CEN_LS, CES_LS, CEV_LS, CEVE_LS, CHZ_LS, CHZE_LS, DEN_LS, DENE_LS, DUI_LS, DUIE_LS, ECNE_LS, EEE_LS, EFN_LS, EHB_LS, EHBE_LS, EHN_LS, EHS_LS, ELE_LS, ELH_LS, ELK_LS, ELKE_LS, END_LS, ENDE_LS, ENT_LS, ENTE_LS, ESS_LS, EUT_LS, EUTE_LS, FIZ_LS, FIZE_LS, GEM_LS, GEME_LS, GEMK_LS, GEO_LS, GEOE_LS, GID_LS, GIDE_LS, GMI_LS, GMIE_LS, HTA_LS, HTAE_LS, IAD_LS, IBM_LS, ICM_LS, IML_LS, IMLE_LS, IND_LS, INS_LS, INSE_LS, ISL_LS, ISLE_LS, JEF_LS, JEFE_LS, JEO_LS, JEOE_LS, KIM_LS, KIME_LS, KMM_LS, KMME_LS, KMP_LS, KOM_LS, KOME_LS, KON_LS, MAD_LS, MADE_LS, MAK_LS, MAT_LS, MATE_LS, MBI_LS, MEN_LS, MET_LS, METE_LS, MIM_LS, MIME_LS, MMD_LS, MSS_LS, MTM_LS, MTO_LS, MTOE_LS, MTR_LS, MUT_LS, MUZ_LS, MUZE_LS, MZT_LS, NAE_LS, PEM_LS, PEME_LS, PET_LS, PETE_LS, ROS_LS, ROSE_LS, SAO_OL, SAS_LS, SBL_LS, SBP_LS, SBPE_LS, SCE_LS, SDU_LS, SECE_LS, SED_LS, SEK_LS, SEN_LS, SES_LS, SES_TH_LS, SES_TS_LS, SGI_LS, SGM_LS, SIN_LS, SIS_LS, SMT_LS, STP_LS, TEB_LS, TEK_LS, TEKE_LS, TEL_LS, THO_LS, UCK_LS, UZB_LS, UZBE_LS, VBAE_LS, YZVE_LS",,
20642,SNT 107,SNT,LS,İlkçağ Anadolu Uygarlıkları,,Mine Küçük,MMB,Salı,13:30/16:29,CATI6,22,18,,"BIO_LS, BLG_LS, CEV_LS, CHZ_LS, DEN_LS, DUI_LS, EHB_LS, ELE_LS, ELH_LS, ELK_LS, END_LS, ENT_LS, EUT_LS, FIZ_LS, GEM_LS, GEO_LS, GID_LS, GMI_LS, HTA_LS, IBM_LS, ICM_LS, IML_LS, INS_LS, ISL_LS, JEF_LS, JEO_LS, KIM_LS, KMM_LS, KOM_LS, KON_LS, MAD_LS, MAK_LS, MAT_LS, MET_LS, MIM_LS, MTO_LS, PEM_LS, PET_LS, ROS_LS, SAO_OL, SBP_LS, TEK_LS, TEL_LS, UCK_LS, UZB_LS",,
20643,ITB 228,ITB,LS,Toplumsal Cinsiyet Çalışmaları,,Ayşe Zeynep Akalın Özdemir,FEB,Çarşamba,12:30/15:29,D205,30,27,,"BIO_LS, BLG_LS, BST_LS, CAB_3T_LS, CAB_4T_LS, CAB_BG_LS, CAB_DL_LS, CAB_DS_LS, CAB_KA_LS, CAB_KE_LS, CAB_KL_LS, CAB_KM_LS, CAB_KO_LS, CAB_LS, CAB_ME_LS, CAB_NE_LS, CAB_TA_LS, CAB_TN_LS, CAB_UD_LS, CAB_VC_LS, CAB_VI_LS, CAB_VS_LS, CEB_LS, CEV_LS, CHZ_LS, DEN_LS, DUI_LS, EHB_LS, ELE_LS, ELH_LS, ELK_LS, END_LS, ENT_LS, EUT_LS, FIZ_LS, GEM_LS, GEO_LS, GID_LS, GMI_LS, HTA_LS, IBM_LS, ICM_LS, IML_LS, INS_LS, ISL_LS, JEF_LS, JEO_LS, KIM_LS, KMM_LS, KMP_LS, KOM_LS, KON_LS, MAD_LS, MAK_LS, MAT_LS, MET_LS, MIM_LS, MTO_LS, MTR_LS, MUT_LS, MUZ_LS, MZT_LS, PEM_LS, PET_LS, ROS_LS, SAO_OL, SBP_LS, SES_LS, SES_TH_LS, SES_TS_LS, TEB_LS, TEK_LS, TEL_LS, THO_LS, UCK_LS, UZB_LS",,
20644,SNT 107E,SNT,LS,Ancient Civilizat.in Anatolia,,Aslıhan Erkmen Birkandan,FEB,Salı,11:30/14:29,OBL2,25,26,,"ARC_LS, BIO_LS, BIOE_LS, BLG_LS, BLGE_LS, CEN_LS, CEV_LS, CEVE_LS, CHZ_LS, CHZE_LS, DEN_LS, DENE_LS, DUI_LS, DUIE_LS, ECNE_LS, EEE_LS, EFN_LS, EHB_LS, EHBE_LS, ELE_LS, ELH_LS, ELK_LS, ELKE_LS, END_LS, ENDE_LS, ENT_LS, ENTE_LS, EUT_LS, EUTE_LS, FIZ_LS, FIZE_LS, GEM_LS, GEME_LS, GEMK_LS, GEO_LS, GEOE_LS, GID_LS, GIDE_LS, GMI_LS, HTA_LS, HTAE_LS, IAD_LS, IBM_LS, ICM_LS, IML_LS, IMLE_LS, IND_LS, INS_LS, INSE_LS, ISL_LS, ISLE_LS, JEF_LS, JEFE_LS, JEO_LS, JEOE_LS, KIM_LS, KIME_LS, KMM_LS, KMME_LS, KOM_LS, KOME_LS, KON_LS, MAD_LS, MADE_LS, MAK_LS, MAKE_LS, MAT_LS, MATE_LS, MEN_LS, MET_LS, METE_LS, MIM_LS, MIME_LS, MMD_LS, MTM_LS, MTO_LS, MTOE_LS, NAE_LS, PEM_LS, PEME_LS, PET_LS, PETE_LS, ROS_LS, ROSE_LS, SAO_OL, SBP_LS, SBPE_LS, SECE_LS, TEK_LS, TEKE_LS, TEL_LS, UCK_LS, UZB_LS, UZBE_LS, VBAE_LS, YZVE_LS",,
20645,ITB 228,ITB,LS,Toplumsal Cinsiyet Çalışmaları,,Ayşe Zeynep Akalın Özdemir,FEB,Perşembe,11:30/14:29,D304,30,10,,"BIO_LS, BLG_LS, BST_LS, CAB_3T_LS, CAB_4T_LS, CAB_BG_LS, CAB_DL_LS, CAB_DS_LS, CAB_KA_LS, CAB_KE_LS, CAB_KL_LS, CAB_KM_LS, CAB_KO_LS, CAB_LS, CAB_ME_LS, CAB_NE_LS, CAB_TA_LS, CAB_TN_LS, CAB_UD_LS, CAB_VC_LS, CAB_VI_LS, CAB_VS_LS, CEB_LS, CEV_LS, CHZ_LS, DEN_LS, DUI_LS, EHB_LS, ELE_LS, ELH_LS, ELK_LS, END_LS, ENT_LS, EUT_LS, FIZ_LS, GEM_LS, GEO_LS, GID_LS, GMI_LS, HTA_LS, IBM_LS, ICM_LS, IML_LS, INS_LS, ISL_LS, JEF_LS, JEO_LS, KIM_LS, KMM_LS, KMP_LS, KOM_LS, KON_LS, MAD_LS, MAK_LS, MAT_LS, MET_LS, MIM_LS, MTO_LS, MTR_LS, MUT_LS, MUZ_LS, MZT_LS, PEM_LS, PET_LS, ROS_LS, SAO_OL, SBP_LS, SES_LS, SES_TH_LS, SES_TS_LS, TEB_LS, TEK_LS, TEL_LS, THO_LS, UCK_LS, UZB_LS",,
20646,SNT 108,SNT,LS,Seramik,,Güngör Güner,MMB,Cuma,08:30/11:29,SER-ATELYE,15,19,,"BIO_LS, BLG_LS, CEV_LS, CHZ_LS, DEN_LS, DUI_LS, EHB_LS, ELE_LS, ELH_LS, ELK_LS, END_LS, ENT_LS, EUT_LS, FIZ_LS, GEM_LS, GEO_LS, GID_LS, GMI_LS, HTA_LS, IBM_LS, ICM_LS, IML_LS, INS_LS, ISL_LS, JEF_LS, JEO_LS, KIM_LS, KMM_LS, KOM_LS, KON_LS, MAD_LS, MAK_LS, MAT_LS, MET_LS, MIM_LS, MTO_LS, PEM_LS, PET_LS, ROS_LS, SAO_OL, SBP_LS, TEK_LS, TEL_LS, UCK_LS, UZB_LS",,
20647,SNT 108,SNT,LS,Seramik,,Aynur Karakaş Karaağaç,MMB,Pazartesi,13:30/16:29,SER-ATELYE,14,15,,"BIO_LS, BLG_LS, CEV_LS, CHZ_LS, DEN_LS, DUI_LS, EHB_LS, ELE_LS, ELH_LS, ELK_LS, END_LS, ENT_LS, EUT_LS, FIZ_LS, GEM_LS, GEO_LS, GID_LS, GMI_LS, HTA_LS, IBM_LS, ICM_LS, IML_LS, INS_LS, ISL_LS, JEF_LS, JEO_LS, KIM_LS, KMM_LS, KOM_LS, KON_LS, MAD_LS, MAK_LS, MAT_LS, MET_LS, MIM_LS, MTO_LS, PEM_LS, PET_LS, ROS_LS, SAO_OL, SBP_LS, TEK_LS, TEL_LS, UCK_LS, UZB_LS",,
20648,SNT 108,SNT,LS,Seramik,,Aynur Karakaş Karaağaç,MMB,Salı,13:30/16:29,SER-ATELYE,14,15,,"BIO_LS, BLG_LS, CEV_LS, CHZ_LS, DEN_LS, DUI_LS, EHB_LS, ELE_LS, ELH_LS, ELK_LS, END_LS, ENT_LS, EUT_LS, FIZ_LS, GEM_LS, GEO_LS, GID_LS, GMI_LS, HTA_LS, IBM_LS, ICM_LS, IML_LS, INS_LS, ISL_LS, JEF_LS, JEO_LS, KIM_LS, KMM_LS, KOM_LS, KON_LS, MAD_LS, MAK_LS, MAT_LS, MET_LS, MIM_LS, MTO_LS, PEM_LS, PET_LS, ROS_LS, SAO_OL, SBP_LS, TEK_LS, TEL_LS, UCK_LS, UZB_LS",,
20649,SNT 108,SNT,LS,Seramik,,Aynur Karakaş Karaağaç,MMB,Perşembe,13:30/16:29,SER-ATELYE,14,14,,"BIO_LS, BLG_LS, CEV_LS, CHZ_LS, DEN_LS, DUI_LS, EHB_LS, ELE_LS, ELH_LS, ELK_LS, END_LS, ENT_LS, EUT_LS, FIZ_LS, GEM_LS, GEO_LS, GID_LS, GMI_LS, HTA_LS, IBM_LS, ICM_LS, IML_LS, INS_LS, ISL_LS, JEF_LS, JEO_LS, KIM_LS, KMM_LS, KOM_LS, KON_LS, MAD_LS, MAK_LS, MAT_LS, MET_LS, MIM_LS, MTO_LS, PEM_LS, PET_LS, ROS_LS, SAO_OL, SBP_LS, TEK_LS, TEL_LS, UCK_LS, UZB_LS",,
20650,SNT 109,SNT,LS,Kazı Resim (Gravür),,Ceylan Pınar Genç,MMB,Salı,08:30/11:29,CATI6,15,17,,"BIO_LS, BLG_LS, CEV_LS, CHZ_LS, DEN_LS, DUI_LS, EHB_LS, ELE_LS, ELH_LS, ELK_LS, END_LS, ENT_LS, EUT_LS, FIZ_LS, GEM_LS, GEO_LS, GID_LS, GMI_LS, HTA_LS, IBM_LS, ICM_LS, IML_LS, INS_LS, ISL_LS, JEF_LS, JEO_LS, KIM_LS, KMM_LS, KOM_LS, KON_LS, MAD_LS, MAK_LS, MAT_LS, MET_LS, MIM_LS, MTO_LS, PEM_LS, PET_LS, ROS_LS, SAO_OL, SBP_LS, TEK_LS, TEL_LS, UCK_LS, UZB_LS",,
20651,SNT 111,SNT,LS,Moda Tasarımı ve Sanat,,Aylin Akarvardar,MMB,Çarşamba,12:30/15:29,CATI6,15,15,,"BIO_LS, BLG_LS, CEV_LS, CHZ_LS, DEN_LS, DUI_LS, EHB_LS, ELE_LS, ELH_LS, ELK_LS, END_LS, ENT_LS, EUT_LS, FIZ_LS, GEM_LS, GEO_LS, GID_LS, GMI_LS, HTA_LS, IBM_LS, ICM_LS, IML_LS, INS_LS, ISL_LS, JEF_LS, JEO_LS, KIM_LS, KMM_LS, KOM_LS, KON_LS, MAD_LS, MAK_LS, MAT_LS, MET_LS, MIM_LS, MTO_LS, PEM_LS, PET_LS, ROS_LS, SAO_OL, SBP_LS, TEK_LS, TEL_LS, UCK_LS, UZB_LS",,
20652,SNT 112,SNT,LS,Tiyatro,,Yeliz Şatıroğlu,MED,Perşembe,13:30/16:29,B35,25,25,,"BIO_LS, BLG_LS, CEV_LS, CHZ_LS, DEN_LS, DUI_LS, EHB_LS, ELE_LS, ELH_LS, ELK_LS, END_LS, ENT_LS, EUT_LS, FIZ_LS, GEM_LS, GEO_LS, GID_LS, GMI_LS, HTA_LS, IBM_LS, ICM_LS, IML_LS, INS_LS, ISL_LS, JEF_LS, JEO_LS, KIM_LS, KMM_LS, KOM_LS, KON_LS, MAD_LS, MAK_LS, MAT_LS, MET_LS, MIM_LS, MTO_LS, PEM_LS, PET_LS, ROS_LS, SAO_OL, SBP_LS, TEK_LS, TEL_LS, UCK_LS, UZB_LS",,
20653,SNT 112,SNT,LS,Tiyatro,,Murat Özen,MKB,Çarşamba,08:30/11:29,D452,28,27,,"BIO_LS, BLG_LS, CEV_LS, CHZ_LS, DEN_LS, DUI_LS, EHB_LS, ELE_LS, ELH_LS, ELK_LS, END_LS, ENT_LS, EUT_LS, FIZ_LS, GEM_LS, GEO_LS, GID_LS, GMI_LS, HTA_LS, IBM_LS, ICM_LS, IML_LS, INS_LS, ISL_LS, JEF_LS, JEO_LS, KIM_LS, KMM_LS, KOM_LS, KON_LS, MAD_LS, MAK_LS, MAT_LS, MET_LS, MIM_LS, MTO_LS, PEM_LS, PET_LS, ROS_LS, SAO_OL, SBP_LS, TEK_LS, TEL_LS, UCK_LS, UZB_LS",,
20654,SNT 112,SNT,LS,Tiyatro,,Gökhan Doğrusoy,MMB,Pazartesi,08:30/11:29,213,25,24,,"BIO_LS, BLG_LS, CEV_LS, CHZ_LS, DEN_LS, DUI_LS, EHB_LS, ELE_LS, ELH_LS, ELK_LS, END_LS, ENT_LS, EUT_LS, FIZ_LS, GEM_LS, GEO_LS, GID_LS, GMI_LS, HTA_LS, IBM_LS, ICM_LS, IML_LS, INS_LS, ISL_LS, JEF_LS, JEO_LS, KIM_LS, KMM_LS, KOM_LS, KON_LS, MAD_LS, MAK_LS, MAT_LS, MET_LS, MIM_LS, MTO_LS, PEM_LS, PET_LS, ROS_LS, SAO_OL, SBP_LS, TEK_LS, TEL_LS, UCK_LS, UZB_LS",,
20655,SNT 112,SNT,LS,Tiyatro,,Gökhan Doğrusoy,MMB,Pazartesi,13:30/16:29,213,25,24,,"BIO_LS, BLG_LS, CEV_LS, CHZ_LS, DEN_LS, DUI_LS, EHB_LS, ELE_LS, ELH_LS, ELK_LS, END_LS, ENT_LS, EUT_LS, FIZ_LS, GEM_LS, GEO_LS, GID_LS, GMI_LS, HTA_LS, IBM_LS, ICM_LS, IML_LS, INS_LS, ISL_LS, JEF_LS, JEO_LS, KIM_LS, KMM_LS, KOM_LS, KON_LS, MAD_LS, MAK_LS, MAT_LS, MET_LS, MIM_LS, MTO_LS, PEM_LS, PET_LS, ROS_LS, SAO_OL, SBP_LS, TEK_LS, TEL_LS, UCK_LS, UZB_LS",,
20656,SNT 113,SNT,LS,Sanat ve Yorum,,Ferhan Gözgü,MMB,Pazartesi,08:30/11:29,3502,25,20,,"BIO_LS, BLG_LS, CEV_LS, CHZ_LS, DEN_LS, DUI_LS, EHB_LS, ELE_LS, ELH_LS, ELK_LS, END_LS, ENT_LS, EUT_LS, FIZ_LS, GEM_LS, GEO_LS, GID_LS, GMI_LS, HTA_LS, IBM_LS, ICM_LS, IML_LS, INS_LS, ISL_LS, JEF_LS, JEO_LS, KIM_LS, KMM_LS, KOM_LS, KON_LS, MAD_LS, MAK_LS, MAT_LS, MET_LS, MIM_LS, MTO_LS, PEM_LS, PET_LS, ROS_LS, SAO_OL, SBP_LS, TEK_LS, TEL_LS, UCK_LS, UZB_LS",,
20657,SNT 113,SNT,LS,Sanat ve Yorum,,Ferhan Gözgü,MMB,Pazartesi,13:30/16:29,227,25,22,,"BIO_LS, BLG_LS, CEV_LS, CHZ_LS, DEN_LS, DUI_LS, EHB_LS, ELE_LS, ELH_LS, ELK_LS, END_LS, ENT_LS, EUT_LS, FIZ_LS, GEM_LS, GEO_LS, GID_LS, GMI_LS, HTA_LS, IBM_LS, ICM_LS, IML_LS, INS_LS, ISL_LS, JEF_LS, JEO_LS, KIM_LS, KMM_LS, KOM_LS, KON_LS, MAD_LS, MAK_LS, MAT_LS, MET_LS, MIM_LS, MTO_LS, PEM_LS, PET_LS, ROS_LS, SAO_OL, SBP_LS, TEK_LS, TEL_LS, UCK_LS, UZB_LS",,
20658,SNT 113,SNT,LS,Sanat ve Yorum,,Ferhan Gözgü,MMB,Salı,08:30/11:29,3403,25,21,,"BIO_LS, BLG_LS, CEV_LS, CHZ_LS, DEN_LS, DUI_LS, EHB_LS, ELE_LS, ELH_LS, ELK_LS, END_LS, ENT_LS, EUT_LS, FIZ_LS, GEM_LS, GEO_LS, GID_LS, GMI_LS, HTA_LS, IBM_LS, ICM_LS, IML_LS, INS_LS, ISL_LS, JEF_LS, JEO_LS, KIM_LS, KMM_LS, KOM_LS, KON_LS, MAD_LS, MAK_LS, MAT_LS, MET_LS, MIM_LS, MTO_LS, PEM_LS, PET_LS, ROS_LS, SAO_OL, SBP_LS, TEK_LS, TEL_LS, UCK_LS, UZB_LS",,
20659,SNT 114E,SNT,LS,Contemporary Art,,Şafak Tuba Çatalbaş Miharbi,MMB,Perşembe,13:30/16:29,CATI6,25,25,,"ARC_LS, BIO_LS, BIOE_LS, BLG_LS, BLGE_LS, CEN_LS, CEV_LS, CEVE_LS, CHZ_LS, CHZE_LS, DEN_LS, DENE_LS, DUI_LS, DUIE_LS, ECNE_LS, EEE_LS, EFN_LS, EHB_LS, EHBE_LS, ELE_LS, ELH_LS, ELK_LS, ELKE_LS, END_LS, ENDE_LS, ENT_LS, ENTE_LS, EUT_LS, EUTE_LS, FIZ_LS, FIZE_LS, GEM_LS, GEME_LS, GEMK_LS, GEO_LS, GEOE_LS, GID_LS, GIDE_LS, GMI_LS, HTA_LS, HTAE_LS, IAD_LS, IBM_LS, ICM_LS, IML_LS, IMLE_LS, IND_LS, INS_LS, INSE_LS, ISL_LS, ISLE_LS, JEF_LS, JEFE_LS, JEO_LS, JEOE_LS, KIM_LS, KIME_LS, KMM_LS, KMME_LS, KOM_LS, KOME_LS, KON_LS, MAD_LS, MADE_LS, MAK_LS, MAKE_LS, MAT_LS, MATE_LS, MEN_LS, MET_LS, METE_LS, MIM_LS, MIME_LS, MMD_LS, MTM_LS, MTO_LS, MTOE_LS, NAE_LS, PEM_LS, PEME_LS, PET_LS, PETE_LS, ROS_LS, ROSE_LS, SAO_OL, SBP_LS, SBPE_LS, SECE_LS, TEK_LS, TEKE_LS, TEL_LS, UCK_LS, UZB_LS, UZBE_LS, VBAE_LS, YZVE_LS",,
20660,SNT 114E,SNT,LS,Contemporary Art,,Gizem Ünlü Demircan,FEB,Perşembe,13:30/16:29,L300,25,26,,"ARC_LS, BIO_LS, BIOE_LS, BLG_LS, BLGE_LS, CEN_LS, CEV_LS, CEVE_LS, CHZ_LS, CHZE_LS, DEN_LS, DENE_LS, DUI_LS, DUIE_LS, ECNE_LS, EEE_LS, EFN_LS, EHB_LS, EHBE_LS, ELE_LS, ELH_LS, ELK_LS, ELKE_LS, END_LS, ENDE_LS, ENT_LS, ENTE_LS, EUT_LS, EUTE_LS, FIZ_LS, FIZE_LS, GEM_LS, GEME_LS, GEMK_LS, GEO_LS, GEOE_LS, GID_LS, GIDE_LS, GMI_LS, HTA_LS, HTAE_LS, IAD_LS, IBM_LS, ICM_LS, IML_LS, IMLE_LS, IND_LS, INS_LS, INSE_LS, ISL_LS, ISLE_LS, JEF_LS, JEFE_LS, JEO_LS, JEOE_LS, KIM_LS, KIME_LS, KMM_LS, KMME_LS, KOM_LS, KOME_LS, KON_LS, MAD_LS, MADE_LS, MAK_LS, MAKE_LS, MAT_LS, MATE_LS, MEN_LS, MET_LS, METE_LS, MIM_LS, MIME_LS, MMD_LS, MTM_LS, MTO_LS, MTOE_LS, NAE_LS, PEM_LS, PEME_LS, PET_LS, PETE_LS, ROS_LS, ROSE_LS, SAO_OL, SBP_LS, SBPE_LS, SECE_LS, TEK_LS, TEKE_LS, TEL_LS, UCK_LS, UZB_LS, UZBE_LS, VBAE_LS, YZVE_LS",,
20661,SNT 115,SNT,LS,Modernite ve Görsel Kültür,,Yasemin Dora,MKB,Cuma,14:00/16:59,D378,22,19,,"BIO_LS, BLG_LS, CEV_LS, CHZ_LS, DEN_LS, DUI_LS, EHB_LS, ELE_LS, ELH_LS, ELK_LS, END_LS, ENT_LS, EUT_LS, FIZ_LS, GEM_LS, GEO_LS, GID_LS, GMI_LS, HTA_LS, IBM_LS, ICM_LS, IML_LS, INS_LS, ISL_LS, JEF_LS, JEO_LS, KIM_LS, KMM_LS, KOM_LS, KON_LS, MAD_LS, MAK_LS, MAT_LS, MET_LS, MIM_LS, MTO_LS, PEM_LS, PET_LS, ROS_LS, SAO_OL, SBP_LS, TEK_LS, TEL_LS, UCK_LS, UZB_LS",,
20662,SNT 211,SNT,LS,"İstanbul:Tarih,Sanat ve Toplum",,Kubilay Önal,MMB,Salı,13:30/16:29,311,25,14,,"BIO_LS, BLG_LS, CEV_LS, CHZ_LS, DEN_LS, DUI_LS, EHB_LS, ELE_LS, ELH_LS, ELK_LS, END_LS, ENT_LS, EUT_LS, FIZ_LS, GEM_LS, GEO_LS, GID_LS, GMI_LS, HTA_LS, IBM_LS, ICM_LS, IML_LS, INS_LS, ISL_LS, JEF_LS, JEO_LS, KIM_LS, KMM_LS, KOM_LS, KON_LS, MAD_LS, MAK_LS, MAT_LS, MET_LS, MIM_LS, MTO_LS, PEM_LS, PET_LS, ROS_LS, SAO_OL, SBP_LS, TEK_LS, TEL_LS, UCK_LS, UZB_LS",,
20663,SNT 211,SNT,LS,"İstanbul:Tarih,Sanat ve Toplum",,Kubilay Önal,MMB,Çarşamba,12:30/15:29,3505,25,23,,"BIO_LS, BLG_LS, CEV_LS, CHZ_LS, DEN_LS, DUI_LS, EHB_LS, ELE_LS, ELH_LS, ELK_LS, END_LS, ENT_LS, EUT_LS, FIZ_LS, GEM_LS, GEO_LS, GID_LS, GMIE_LS, HTA_LS, IBM_LS, ICM_LS, IML_LS, INS_LS, ISL_LS, JEF_LS, JEO_LS, KIM_LS, KMM_LS, KOM_LS, KON_LS, MAD_LS, MAK_LS, MAT_LS, MET_LS, MIM_LS, MTO_LS, PEM_LS, PET_LS, ROS_LS, SAO_OL, SBP_LS, TEK_LS, TEL_LS, UCK_LS, UZB_LS",,
20664,SNT 211,SNT,LS,"İstanbul:Tarih,Sanat ve Toplum",,Çiğdem Özkan Aygün,MED,Salı,08:30/11:29,B35,22,22,,"BIO_LS, BLG_LS, CEV_LS, CHZ_LS, DEN_LS, DUI_LS, EHB_LS, ELE_LS, ELH_LS, ELK_LS, END_LS, ENT_LS, EUT_LS, FIZ_LS, GEM_LS, GEO_LS, GID_LS, GMI_LS, HTA_LS, IBM_LS, ICM_LS, IML_LS, INS_LS, ISL_LS, JEF_LS, JEO_LS, KIM_LS, KMM_LS, KOM_LS, KON_LS, MAD_LS, MAK_LS, MAT_LS, MET_LS, MIM_LS, MTO_LS, PEM_LS, PET_LS, ROS_LS, SAO_OL, SBP_LS, TEK_LS, TEL_LS, UCK_LS, UZB_LS",,
20665,SNT 211,SNT,LS,"İstanbul:Tarih,Sanat ve Toplum",,Çiğdem Özkan Aygün,MED,Çarşamba,08:30/11:29,B35,22,21,,"BIO_LS, BLG_LS, CEV_LS, CHZ_LS, DEN_LS, DUI_LS, EHB_LS, ELE_LS, ELH_LS, ELK_LS, END_LS, ENT_LS, EUT_LS, FIZ_LS, GEM_LS, GEO_LS, GID_LS, GMI_LS, HTA_LS, IBM_LS, ICM_LS, IML_LS, INS_LS, ISL_LS, JEF_LS, JEO_LS, KIM_LS, KMM_LS, KOM_LS, KON_LS, MAD_LS, MAK_LS, MAT_LS, MET_LS, MIM_LS, MTO_LS, PEM_LS, PET_LS, ROS_LS, SAO_OL, SBP_LS, TEK_LS, TEL_LS, UCK_LS, UZB_LS",,
20666,SNT 211E,SNT,LS,"Istanbul:Hist.,Art and Society",,Çiğdem Özkan Aygün,MED,Salı,11:30/14:29,B35,22,30,,"ARC_LS, BIO_LS, BIOE_LS, BLG_LS, BLGE_LS, CEN_LS, CEV_LS, CEVE_LS, CHZ_LS, CHZE_LS, DEN_LS, DENE_LS, DUI_LS, DUIE_LS, ECNE_LS, EEE_LS, EFN_LS, EHB_LS, EHBE_LS, ELE_LS, ELH_LS, ELK_LS, ELKE_LS, END_LS, ENDE_LS, ENT_LS, ENTE_LS, EUT_LS, EUTE_LS, FIZ_LS, FIZE_LS, GEM_LS, GEME_LS, GEMK_LS, GEO_LS, GEOE_LS, GID_LS, GIDE_LS, GMI_LS, HTA_LS, HTAE_LS, IAD_LS, IBM_LS, ICM_LS, IML_LS, IMLE_LS, IND_LS, INS_LS, INSE_LS, ISL_LS, ISLE_LS, JEF_LS, JEFE_LS, JEO_LS, JEOE_LS, KIM_LS, KIME_LS, KMM_LS, KMME_LS, KOM_LS, KOME_LS, KON_LS, MAD_LS, MADE_LS, MAK_LS, MAKE_LS, MAT_LS, MATE_LS, MEN_LS, MET_LS, METE_LS, MIM_LS, MIME_LS, MMD_LS, MTM_LS, MTO_LS, MTOE_LS, NAE_LS, PEM_LS, PEME_LS, PET_LS, PETE_LS, ROS_LS, ROSE_LS, SAO_OL, SBP_LS, SBPE_LS, SECE_LS, TEK_LS, TEKE_LS, TEL_LS, UCK_LS, UZB_LS, UZBE_LS, VBAE_LS, YZVE_LS",,
20667,SNT 211E,SNT,LS,"Istanbul:Hist.,Art and Society",,Çiğdem Özkan Aygün,MED,Çarşamba,11:30/14:29,B35,22,36,,"ARC_LS, BIO_LS, BIOE_LS, BLG_LS, BLGE_LS, CEN_LS, CEV_LS, CEVE_LS, CHZ_LS, CHZE_LS, DEN_LS, DENE_LS, DUI_LS, DUIE_LS, ECNE_LS, EEE_LS, EFN_LS, EHB_LS, EHBE_LS, ELE_LS, ELH_LS, ELK_LS, ELKE_LS, END_LS, ENDE_LS, ENT_LS, ENTE_LS, EUT_LS, EUTE_LS, FIZ_LS, FIZE_LS, GEM_LS, GEME_LS, GEMK_LS, GEO_LS, GEOE_LS, GID_LS, GIDE_LS, GMI_LS, HTA_LS, HTAE_LS, IAD_LS, IBM_LS, ICM_LS, IML_LS, IMLE_LS, IND_LS, INS_LS, INSE_LS, ISL_LS, ISLE_LS, JEF_LS, JEFE_LS, JEO_LS, JEOE_LS, KIM_LS, KIME_LS, KMM_LS, KMME_LS, KOM_LS, KOME_LS, KON_LS, MAD_LS, MADE_LS, MAK_LS, MAKE_LS, MAT_LS, MATE_LS, MEN_LS, MET_LS, METE_LS, MIM_LS, MIME_LS, MMD_LS, MTM_LS, MTO_LS, MTOE_LS, NAE_LS, PEM_LS, PEME_LS, PET_LS, PETE_LS, ROS_LS, ROSE_LS, SAO_OL, SBP_LS, SBPE_LS, SECE_LS, TEK_LS, TEKE_LS, TEL_LS, UCK_LS, UZB_LS, UZBE_LS, VBAE_LS, YZVE_LS",,
20668,SNT 211E,SNT,LS,"Istanbul:Hist.,Art and Society",,Pınar Erkan Bursa,MKB,Cuma,08:30/11:29,D452,30,30,,"ARC_LS, BIO_LS, BIOE_LS, BLG_LS, BLGE_LS, CEN_LS, CEV_LS, CEVE_LS, CHZ_LS, CHZE_LS, DEN_LS, DENE_LS, DUI_LS, DUIE_LS, ECNE_LS, EEE_LS, EFN_LS, EHB_LS, EHBE_LS, ELE_LS, ELH_LS, ELK_LS, ELKE_LS, END_LS, ENDE_LS, ENT_LS, ENTE_LS, EUT_LS, EUTE_LS, FIZ_LS, FIZE_LS, GEM_LS, GEME_LS, GEMK_LS, GEO_LS, GEOE_LS, GID_LS, GIDE_LS, GMI_LS, HTA_LS, HTAE_LS, IAD_LS, IBM_LS, ICM_LS, IML_LS, IMLE_LS, IND_LS, INS_LS, INSE_LS, ISL_LS, ISLE_LS, JEF_LS, JEFE_LS, JEO_LS, JEOE_LS, KIM_LS, KIME_LS, KMM_LS, KMME_LS, KOM_LS, KOME_LS, KON_LS, MAD_LS, MADE_LS, MAK_LS, MAKE_LS, MAT_LS, MATE_LS, MEN_LS, MET_LS, METE_LS, MIM_LS, MIME_LS, MMD_LS, MTM_LS, MTO_LS, MTOE_LS, NAE_LS, PEM_LS, PEME_LS, PET_LS, PETE_LS, ROS_LS, ROSE_LS, SAO_OL, SBP_LS, SBPE_LS, SECE_LS, TEK_LS, TEKE_LS, TEL_LS, UCK_LS, UZB_LS, UZBE_LS, VBAE_LS, YZVE_LS",,
20669,SNT 214,SNT,LS,"Performans, Müzik ve Dans",,"Tan Temel , / Meliha Sözeri Özatalay",MMB,Pazartesi,13:30/16:29,303,20,8,,"BIO_LS, BLG_LS, CEV_LS, CHZ_LS, DEN_LS, DUI_LS, EHB_LS, ELE_LS, ELH_LS, ELK_LS, END_LS, ENT_LS, EUT_LS, FIZ_LS, GEM_LS, GEO_LS, GID_LS, GMI_LS, HTA_LS, IBM_LS, ICM_LS, IML_LS, INS_LS, ISL_LS, JEF_LS, JEO_LS, KIM_LS, KMM_LS, KOM_LS, KON_LS, MAD_LS, MAK_LS, MAT_LS, MET_LS, MIM_LS, MTO_LS, PEM_LS, PET_LS, ROS_LS, SAO_OL, SBP_LS, TEK_LS, TEL_LS, UCK_LS, UZB_LS",,
20670,SNT 226E,SNT,LS,Philosophy of Art,,Geoff Bove,MMB,Salı,13:30/16:29,315,22,23,,"ARC_LS, BIO_LS, BIOE_LS, BLG_LS, BLGE_LS, CEN_LS, CEV_LS, CEVE_LS, CHZ_LS, CHZE_LS, DEN_LS, DENE_LS, DUI_LS, DUIE_LS, ECNE_LS, EEE_LS, EFN_LS, EHB_LS, EHBE_LS, ELE_LS, ELH_LS, ELK_LS, ELKE_LS, END_LS, ENDE_LS, ENT_LS, ENTE_LS, EUT_LS, EUTE_LS, FIZ_LS, FIZE_LS, GEM_LS, GEME_LS, GEMK_LS, GEO_LS, GEOE_LS, GID_LS, GIDE_LS, GMI_LS, HTA_LS, HTAE_LS, IAD_LS, IBM_LS, ICM_LS, IML_LS, IMLE_LS, IND_LS, INS_LS, INSE_LS, ISL_LS, ISLE_LS, JEF_LS, JEFE_LS, JEO_LS, JEOE_LS, KIM_LS, KIME_LS, KMM_LS, KMME_LS, KOM_LS, KOME_LS, KON_LS, MAD_LS, MADE_LS, MAK_LS, MAKE_LS, MAT_LS, MATE_LS, MEN_LS, MET_LS, METE_LS, MIM_LS, MIME_LS, MMD_LS, MTM_LS, MTO_LS, MTOE_LS, NAE_LS, PEM_LS, PEME_LS, PET_LS, PETE_LS, ROS_LS, ROSE_LS, SAO_OL, SBP_LS, SBPE_LS, SECE_LS, TEK_LS, TEKE_LS, TEL_LS, UCK_LS, UZB_LS, UZBE_LS, VBAE_LS, YZVE_LS",,
20671,GSB 313E,GSB,LS,Drawing in Architecture,,Şebnem Kayhan,MMB,Cuma,14:00/16:59,CATI6,22,25,,"ENT_LS, ENTE_LS, EUT_LS, EUTE_LS, ICM_LS, MIM_LS, MIME_LS, PEM_LS, PEME_LS, SBP_LS, SBPE_LS",,
20672,GSB 323,GSB,LS,Fotoğraf ve Mimarlık,,Ahmet Keskin,MMB,Perşembe,08:30/11:29,CATI6,22,17,,"ENT_LS, EUT_LS, ICM_LS, MIM_LS, PEM_LS, SBP_LS",,
20673,GSB 323,GSB,LS,Fotoğraf ve Mimarlık,,Hulki Korkut İlhan,MMB,Perşembe,13:30/16:29,FOTOATOLYE,22,22,,"ENT_LS, EUT_LS, ICM_LS, MIM_LS, PEM_LS, SBP_LS",,
20674,GSB 323,GSB,LS,Fotoğraf ve Mimarlık,,Hulki Korkut İlhan,MMB,Cuma,14:00/16:59,FOTOATOLYE,22,22,,"ENT_LS, EUT_LS, ICM_LS, MIM_LS, PEM_LS, SBP_LS",,
20675,GSB 343,GSB,LS,Görsel Analiz,,Ferhan Gözgü,MMB,Salı,13:30/16:29,RESATOLYE1,12,10,,"ENT_LS, EUT_LS, ICM_LS, MIM_LS, PEM_LS, SBP_LS",,
20676,GSB 363,GSB,LS,Mimarlıkta Seramik Uygulamalar,,Aynur Karakaş Karaağaç,MMB,Çarşamba,12:30/15:29,SER-ATELYE,14,15,,"ENT_LS, EUT_LS, ICM_LS, MIM_LS, PEM_LS, SBP_LS",,
20677,ATA 122,ATA,LS,Atatürk İlk & İnkılap Trh II,,Barış Ertem,MED,Çarşamba,13:30/15:29,,65,65,,"ARC_LS, BIO_LS, BIOE_LS, BLG_LS, BLGE_LS, CEN_LS, CEV_LS, CEVE_LS, CHZ_LS, CHZE_LS, DEN_LS, DENE_LS, DUI_LS, DUIE_LS, ECNE_LS, EEE_LS, EFN_LS, EHB_LS, EHBE_LS, ELE_LS, ELH_LS, ELK_LS, ELKE_LS, END_LS, ENDE_LS, ENT_LS, ENTE_LS, EUT_LS, EUTE_LS, FIZ_LS, FIZE_LS, GEM_LS, GEME_LS, GEMK_LS, GEO_LS, GEOE_LS, GID_LS, GIDE_LS, GMI_LS, GMIE_LS, HTA_LS, HTAE_LS, IAD_LS, IBM_LS, ICM_LS, IML_LS, IMLE_LS, IND_LS, INS_LS, INSE_LS, ISL_LS, ISLE_LS, JEF_LS, JEFE_LS, JEO_LS, JEOE_LS, KIM_LS, KIME_LS, KMM_LS, KMME_LS, KOM_LS, KOME_LS, KON_LS, MAD_LS, MADE_LS, MAK_LS, MAT_LS, MATE_LS, MEN_LS, MET_LS, METE_LS, MIM_LS, MIME_LS, MMD_LS, MTM_LS, MTO_LS, MTOE_LS, NAE_LS, PEM_LS, PEME_LS, PET_LS, PETE_LS, ROS_LS, ROSE_LS, SAO_OL, SBP_LS, SBPE_LS, SECE_LS, TEK_LS, TEKE_LS, TEL_LS, THO_LS, UCK_LS, UZB_LS, UZBE_LS, VBAE_LS, YZVE_LS",,
20678,ATA 122,ATA,LS,Atatürk İlk & İnkılap Trh II,,Barış Ertem,MED,Pazartesi,10:30/12:29,,68,70,,"ARC_LS, BIO_LS, BIOE_LS, BLG_LS, BLGE_LS, CEN_LS, CEV_LS, CEVE_LS, CHZ_LS, CHZE_LS, DEN_LS, DENE_LS, DUI_LS, DUIE_LS, ECNE_LS, EEE_LS, EFN_LS, EHB_LS, EHBE_LS, ELE_LS, ELH_LS, ELK_LS, ELKE_LS, END_LS, ENDE_LS, ENT_LS, ENTE_LS, EUT_LS, EUTE_LS, FIZ_LS, FIZE_LS, GEM_LS, GEME_LS, GEMK_LS, GEO_LS, GEOE_LS, GID_LS, GIDE_LS, GMI_LS, GMIE_LS, HTA_LS, HTAE_LS, IAD_LS, IBM_LS, ICM_LS, IML_LS, IMLE_LS, IND_LS, INS_LS, INSE_LS, ISL_LS, ISLE_LS, JEF_LS, JEFE_LS, JEO_LS, JEOE_LS, KIM_LS, KIME_LS, KMM_LS, KMME_LS, KOM_LS, KOME_LS, KON_LS, MAD_LS, MADE_LS, MAK_LS, MAT_LS, MATE_LS, MEN_LS, MET_LS, METE_LS, MIM_LS, MIME_LS, MMD_LS, MTM_LS, MTO_LS, MTOE_LS, NAE_LS, PEM_LS, PEME_LS, PET_LS, PETE_LS, ROS_LS, ROSE_LS, SAO_OL, SBP_LS, SBPE_LS, SECE_LS, TEK_LS, TEKE_LS, TEL_LS, THO_LS, UCK_LS, UZB_LS, UZBE_LS, VBAE_LS, YZVE_LS",,
20679,ATA 122,ATA,LS,Atatürk İlk & İnkılap Trh II,,Barış Ertem,MED,Pazartesi,13:30/15:29,,68,68,,"ARC_LS, BIO_LS, BIOE_LS, BLG_LS, BLGE_LS, CEN_LS, CEV_LS, CEVE_LS, CHZ_LS, CHZE_LS, DEN_LS, DENE_LS, DUI_LS, DUIE_LS, ECNE_LS, EEE_LS, EFN_LS, EHB_LS, EHBE_LS, ELE_LS, ELH_LS, ELK_LS, ELKE_LS, END_LS, ENDE_LS, ENT_LS, ENTE_LS, EUT_LS, EUTE_LS, FIZ_LS, FIZE_LS, GEM_LS, GEME_LS, GEMK_LS, GEO_LS, GEOE_LS, GID_LS, GIDE_LS, GMI_LS, GMIE_LS, HTA_LS, HTAE_LS, IAD_LS, IBM_LS, ICM_LS, IML_LS, IMLE_LS, IND_LS, INS_LS, INSE_LS, ISL_LS, ISLE_LS, JEF_LS, JEFE_LS, JEO_LS, JEOE_LS, KIM_LS, KIME_LS, KMM_LS, KMME_LS, KOM_LS, KOME_LS, KON_LS, MAD_LS, MADE_LS, MAK_LS, MAT_LS, MATE_LS, MEN_LS, MET_LS, METE_LS, MIM_LS, MIME_LS, MMD_LS, MTM_LS, MTO_LS, MTOE_LS, NAE_LS, PEM_LS, PEME_LS, PET_LS, PETE_LS, ROS_LS, ROSE_LS, SAO_OL, SBP_LS, SBPE_LS, SECE_LS, TEK_LS, TEKE_LS, TEL_LS, THO_LS, UCK_LS, UZB_LS, UZBE_LS, VBAE_LS, YZVE_LS",,
20680,ATA 122,ATA,LS,Atatürk İlk & İnkılap Trh II,,Barış Ertem,MED,Salı,10:30/12:29,,68,69,,"ARC_LS, BIO_LS, BIOE_LS, BLG_LS, BLGE_LS, CEN_LS, CEV_LS, CEVE_LS, CHZ_LS, CHZE_LS, DEN_LS, DENE_LS, DUI_LS, DUIE_LS, ECNE_LS, EEE_LS, EFN_LS, EHB_LS, EHBE_LS, ELE_LS, ELH_LS, ELK_LS, ELKE_LS, END_LS, ENDE_LS, ENT_LS, ENTE_LS, EUT_LS, EUTE_LS, FIZ_LS, FIZE_LS, GEM_LS, GEME_LS, GEMK_LS, GEO_LS, GEOE_LS, GID_LS, GIDE_LS, GMI_LS, GMIE_LS, HTA_LS, HTAE_LS, IAD_LS, IBM_LS, ICM_LS, IML_LS, IMLE_LS, IND_LS, INS_LS, INSE_LS, ISL_LS, ISLE_LS, JEF_LS, JEFE_LS, JEO_LS, JEOE_LS, KIM_LS, KIME_LS, KMM_LS, KMME_LS, KOM_LS, KOME_LS, KON_LS, MAD_LS, MADE_LS, MAK_LS, MAT_LS, MATE_LS, MEN_LS, MET_LS, METE_LS, MIM_LS, MIME_LS, MMD_LS, MTM_LS, MTO_LS, MTOE_LS, NAE_LS, PEM_LS, PEME_LS, PET_LS, PETE_LS, ROS_LS, ROSE_LS, SAO_OL, SBP_LS, SBPE_LS, SECE_LS, TEK_LS, TEKE_LS, TEL_LS, THO_LS, UCK_LS, UZB_LS, UZBE_LS, VBAE_LS, YZVE_LS",,
20681,ATA 122,ATA,LS,Atatürk İlk & İnkılap Trh II,,Barış Ertem,MED,Salı,13:30/15:29,,68,69,,"ARC_LS, BIO_LS, BIOE_LS, BLG_LS, BLGE_LS, CEN_LS, CEV_LS, CEVE_LS, CHZ_LS, CHZE_LS, DEN_LS, DENE_LS, DUI_LS, DUIE_LS, ECNE_LS, EEE_LS, EFN_LS, EHB_LS, EHBE_LS, ELE_LS, ELH_LS, ELK_LS, ELKE_LS, END_LS, ENDE_LS, ENT_LS, ENTE_LS, EUT_LS, EUTE_LS, FIZ_LS, FIZE_LS, GEM_LS, GEME_LS, GEMK_LS, GEO_LS, GEOE_LS, GID_LS, GIDE_LS, GMI_LS, GMIE_LS, HTA_LS, HTAE_LS, IAD_LS, IBM_LS, ICM_LS, IML_LS, IMLE_LS, IND_LS, INS_LS, INSE_LS, ISL_LS, ISLE_LS, JEF_LS, JEFE_LS, JEO_LS, JEOE_LS, KIM_LS, KIME_LS, KMM_LS, KMME_LS, KOM_LS, KOME_LS, KON_LS, MAD_LS, MADE_LS, MAK_LS, MAT_LS, MATE_LS, MEN_LS, MET_LS, METE_LS, MIM_LS, MIME_LS, MMD_LS, MTM_LS, MTO_LS, MTOE_LS, NAE_LS, PEM_LS, PEME_LS, PET_LS, PETE_LS, ROS_LS, ROSE_LS, SAO_OL, SBP_LS, SBPE_LS, SECE_LS, TEK_LS, TEKE_LS, TEL_LS, THO_LS, UCK_LS, UZB_LS, UZBE_LS, VBAE_LS, YZVE_LS",,
20682,ATA 122,ATA,LS,Atatürk İlk & İnkılap Trh II,,Burcu Kurt,INB,Çarşamba,10:30/12:29,B202,68,67,,"ARC_LS, BIO_LS, BIOE_LS, BLG_LS, BLGE_LS, CEN_LS, CEV_LS, CEVE_LS, CHZ_LS, CHZE_LS, DEN_LS, DENE_LS, DUI_LS, DUIE_LS, ECNE_LS, EEE_LS, EFN_LS, EHB_LS, EHBE_LS, ELE_LS, ELH_LS, ELK_LS, ELKE_LS, END_LS, ENDE_LS, ENT_LS, ENTE_LS, EUT_LS, EUTE_LS, FIZ_LS, FIZE_LS, GEM_LS, GEME_LS, GEMK_LS, GEO_LS, GEOE_LS, GID_LS, GIDE_LS, GMI_LS, GMIE_LS, HTA_LS, HTAE_LS, IAD_LS, IBM_LS, ICM_LS, IML_LS, IMLE_LS, IND_LS, INS_LS, INSE_LS, ISL_LS, ISLE_LS, JEF_LS, JEFE_LS, JEO_LS, JEOE_LS, KIM_LS, KIME_LS, KMM_LS, KMME_LS, KOM_LS, KOME_LS, KON_LS, MAD_LS, MADE_LS, MAK_LS, MAT_LS, MATE_LS, MEN_LS, MET_LS, METE_LS, MIM_LS, MIME_LS, MMD_LS, MTM_LS, MTO_LS, MTOE_LS, NAE_LS, PEM_LS, PEME_LS, PET_LS, PETE_LS, ROS_LS, ROSE_LS, SAO_OL, SBP_LS, SBPE_LS, SECE_LS, TEK_LS, TEKE_LS, TEL_LS, THO_LS, UCK_LS, UZB_LS, UZBE_LS, VBAE_LS, YZVE_LS",,
20683,ATA 121,ATA,LS,Atatürk İlk & İnkılap Trh I,,Burcu Kurt,MED,Pazartesi,10:30/12:29,,70,70,,"ARC_LS, BIO_LS, BIOE_LS, BLG_LS, BLGE_LS, CEN_LS, CEV_LS, CEVE_LS, CHZ_LS, CHZE_LS, DEN_LS, DENE_LS, DUI_LS, DUIE_LS, ECNE_LS, EEE_LS, EFN_LS, EHB_LS, EHBE_LS, ELE_LS, ELH_LS, ELK_LS, ELKE_LS, END_LS, ENDE_LS, ENT_LS, ENTE_LS, EUT_LS, EUTE_LS, FIZ_LS, FIZE_LS, GEM_LS, GEME_LS, GEMK_LS, GEO_LS, GEOE_LS, GID_LS, GIDE_LS, GMI_LS, GMIE_LS, HTA_LS, HTAE_LS, IAD_LS, IBM_LS, ICM_LS, IML_LS, IMLE_LS, IND_LS, INS_LS, INSE_LS, ISL_LS, ISLE_LS, JEF_LS, JEFE_LS, JEO_LS, JEOE_LS, KIM_LS, KIME_LS, KMM_LS, KMME_LS, KOM_LS, KOME_LS, KON_LS, MAD_LS, MADE_LS, MAK_LS, MAT_LS, MATE_LS, MEN_LS, MET_LS, METE_LS, MIM_LS, MIME_LS, MMD_LS, MTM_LS, MTO_LS, MTOE_LS, NAE_LS, PEM_LS, PEME_LS, PET_LS, PETE_LS, ROS_LS, ROSE_LS, SAO_OL, SBP_LS, SBPE_LS, SECE_LS, TEK_LS, TEKE_LS, TEL_LS, THO_LS, UCK_LS, UZB_LS, UZBE_LS, VBAE_LS, YZVE_LS",,
20684,ATA 122,ATA,LS,Atatürk İlk & İnkılap Trh II,,Burcu Kurt,MED,Pazartesi,13:30/15:29,,65,65,,"ARC_LS, BIO_LS, BIOE_LS, BLG_LS, BLGE_LS, CEN_LS, CEV_LS, CEVE_LS, CHZ_LS, CHZE_LS, DEN_LS, DENE_LS, DUI_LS, DUIE_LS, ECNE_LS, EEE_LS, EFN_LS, EHB_LS, EHBE_LS, ELE_LS, ELH_LS, ELK_LS, ELKE_LS, END_LS, ENDE_LS, ENT_LS, ENTE_LS, EUT_LS, EUTE_LS, FIZ_LS, FIZE_LS, GEM_LS, GEME_LS, GEMK_LS, GEO_LS, GEOE_LS, GID_LS, GIDE_LS, GMI_LS, GMIE_LS, HTA_LS, HTAE_LS, IAD_LS, IBM_LS, ICM_LS, IML_LS, IMLE_LS, IND_LS, INS_LS, INSE_LS, ISL_LS, ISLE_LS, JEF_LS, JEFE_LS, JEO_LS, JEOE_LS, KIM_LS, KIME_LS, KMM_LS, KMME_LS, KOM_LS, KOME_LS, KON_LS, MAD_LS, MADE_LS, MAK_LS, MAT_LS, MATE_LS, MEN_LS, MET_LS, METE_LS, MIM_LS, MIME_LS, MMD_LS, MTM_LS, MTO_LS, MTOE_LS, NAE_LS, PEM_LS, PEME_LS, PET_LS, PETE_LS, ROS_LS, ROSE_LS, SAO_OL, SBP_LS, SBPE_LS, SECE_LS, TEK_LS, TEKE_LS, TEL_LS, THO_LS, UCK_LS, UZB_LS, UZBE_LS, VBAE_LS, YZVE_LS",,
20685,ATA 121,ATA,LS,Atatürk İlk & İnkılap Trh I,,Burcu Kurt,MMB,Salı,10:30/12:29,213,68,53,,"ARC_LS, BIO_LS, BIOE_LS, BLG_LS, BLGE_LS, CEN_LS, CEV_LS, CEVE_LS, CHZ_LS, CHZE_LS, DEN_LS, DENE_LS, DUI_LS, DUIE_LS, ECNE_LS, EEE_LS, EFN_LS, EHB_LS, EHBE_LS, ELE_LS, ELH_LS, ELK_LS, ELKE_LS, END_LS, ENDE_LS, ENT_LS, ENTE_LS, EUT_LS, EUTE_LS, FIZ_LS, FIZE_LS, GEM_LS, GEME_LS, GEMK_LS, GEO_LS, GEOE_LS, GID_LS, GIDE_LS, GMI_LS, GMIE_LS, HTA_LS, HTAE_LS, IAD_LS, IBM_LS, ICM_LS, IML_LS, IMLE_LS, IND_LS, INS_LS, INSE_LS, ISL_LS, ISLE_LS, JEF_LS, JEFE_LS, JEO_LS, JEOE_LS, KIM_LS, KIME_LS, KMM_LS, KMME_LS, KOM_LS, KOME_LS, KON_LS, MAD_LS, MADE_LS, MAK_LS, MAT_LS, MATE_LS, MEN_LS, MET_LS, METE_LS, MIM_LS, MIME_LS, MMD_LS, MTM_LS, MTO_LS, MTOE_LS, NAE_LS, PEM_LS, PEME_LS, PET_LS, PETE_LS, ROS_LS, ROSE_LS, SAO_OL, SBP_LS, SBPE_LS, SECE_LS, TEK_LS, TEKE_LS, TEL_LS, THO_LS, UCK_LS, UZB_LS, UZBE_LS, VBAE_LS, YZVE_LS",,
20686,ATA 121,ATA,LS,Atatürk İlk & İnkılap Trh I,,Burcu Kurt,MMB,Salı,13:30/15:29,213,65,64,,"ARC_LS, BIO_LS, BIOE_LS, BLG_LS, BLGE_LS, CEN_LS, CEV_LS, CEVE_LS, CHZ_LS, CHZE_LS, DEN_LS, DENE_LS, DUI_LS, DUIE_LS, ECNE_LS, EEE_LS, EFN_LS, EHB_LS, EHBE_LS, ELE_LS, ELH_LS, ELK_LS, ELKE_LS, END_LS, ENDE_LS, ENT_LS, ENTE_LS, EUT_LS, EUTE_LS, FIZ_LS, FIZE_LS, GEM_LS, GEME_LS, GEMK_LS, GEO_LS, GEOE_LS, GID_LS, GIDE_LS, GMI_LS, GMIE_LS, HTA_LS, HTAE_LS, IAD_LS, IBM_LS, ICM_LS, IML_LS, IMLE_LS, IND_LS, INS_LS, INSE_LS, ISL_LS, ISLE_LS, JEF_LS, JEFE_LS, JEO_LS, JEOE_LS, KIM_LS, KIME_LS, KMM_LS, KMME_LS, KOM_LS, KOME_LS, KON_LS, MAD_LS, MADE_LS, MAK_LS, MAT_LS, MATE_LS, MEN_LS, MET_LS, METE_LS, MIM_LS, MIME_LS, MMD_LS, MTM_LS, MTO_LS, MTOE_LS, NAE_LS, PEM_LS, PEME_LS, PET_LS, PETE_LS, ROS_LS, ROSE_LS, SAO_OL, SBP_LS, SBPE_LS, SECE_LS, TEK_LS, TEKE_LS, TEL_LS, THO_LS, UCK_LS, UZB_LS, UZBE_LS, VBAE_LS, YZVE_LS",,
20687,ATA 121,ATA,LS,Atatürk İlk & İnkılap Trh I,,Çağdaş Taylan Salın,MED,Cuma,10:30/12:29,,68,87,,"ARC_LS, BIO_LS, BIOE_LS, BLG_LS, BLGE_LS, CEN_LS, CEV_LS, CEVE_LS, CHZ_LS, CHZE_LS, DEN_LS, DENE_LS, DUI_LS, DUIE_LS, ECNE_LS, EEE_LS, EFN_LS, EHB_LS, EHBE_LS, ELE_LS, ELH_LS, ELK_LS, ELKE_LS, END_LS, ENDE_LS, ENT_LS, ENTE_LS, EUT_LS, EUTE_LS, FIZ_LS, FIZE_LS, GEM_LS, GEME_LS, GEMK_LS, GEO_LS, GEOE_LS, GID_LS, GIDE_LS, GMI_LS, GMIE_LS, HTA_LS, HTAE_LS, IAD_LS, IBM_LS, ICM_LS, IML_LS, IMLE_LS, IND_LS, INS_LS, INSE_LS, ISL_LS, ISLE_LS, JEF_LS, JEFE_LS, JEO_LS, JEOE_LS, KIM_LS, KIME_LS, KMM_LS, KMME_LS, KOM_LS, KOME_LS, KON_LS, MAD_LS, MADE_LS, MAK_LS, MAT_LS, MATE_LS, MEN_LS, MET_LS, METE_LS, MIM_LS, MIME_LS, MMD_LS, MTM_LS, MTO_LS, MTOE_LS, NAE_LS, PEM_LS, PEME_LS, PET_LS, PETE_LS, ROS_LS, ROSE_LS, SAO_OL, SBP_LS, SBPE_LS, SECE_LS, TEK_LS, TEKE_LS, TEL_LS, THO_LS, UCK_LS, UZB_LS, UZBE_LS, VBAE_LS, YZVE_LS",,
20688,ATA 122,ATA,LS,Atatürk İlk & İnkılap Trh II,,Çağdaş Taylan Salın,MED,Cuma,14:30/16:29,,68,84,,"ARC_LS, BIO_LS, BIOE_LS, BLG_LS, BLGE_LS, CEN_LS, CEV_LS, CEVE_LS, CHZ_LS, CHZE_LS, DEN_LS, DENE_LS, DUI_LS, DUIE_LS, ECNE_LS, EEE_LS, EFN_LS, EHB_LS, EHBE_LS, ELE_LS, ELH_LS, ELK_LS, ELKE_LS, END_LS, ENDE_LS, ENT_LS, ENTE_LS, EUT_LS, EUTE_LS, FIZ_LS, FIZE_LS, GEM_LS, GEME_LS, GEMK_LS, GEO_LS, GEOE_LS, GID_LS, GIDE_LS, GMI_LS, GMIE_LS, HTA_LS, HTAE_LS, IAD_LS, IBM_LS, ICM_LS, IML_LS, IMLE_LS, IND_LS, INS_LS, INSE_LS, ISL_LS, ISLE_LS, JEF_LS, JEFE_LS, JEO_LS, JEOE_LS, KIM_LS, KIME_LS, KMM_LS, KMME_LS, KOM_LS, KOME_LS, KON_LS, MAD_LS, MADE_LS, MAK_LS, MAT_LS, MATE_LS, MEN_LS, MET_LS, METE_LS, MIM_LS, MIME_LS, MMD_LS, MTM_LS, MTO_LS, MTOE_LS, NAE_LS, PEM_LS, PEME_LS, PET_LS, PETE_LS, ROS_LS, ROSE_LS, SAO_OL, SBP_LS, SBPE_LS, SECE_LS, TEK_LS, TEKE_LS, TEL_LS, THO_LS, UCK_LS, UZB_LS, UZBE_LS, VBAE_LS, YZVE_LS",,
20689,ATA 122,ATA,LS,Atatürk İlk & İnkılap Trh II,,Çağdaş Taylan Salın,MED,Pazartesi,15:30/17:29,,70,79,,"ARC_LS, BIO_LS, BIOE_LS, BLG_LS, BLGE_LS, CEN_LS, CEV_LS, CEVE_LS, CHZ_LS, CHZE_LS, DEN_LS, DENE_LS, DUI_LS, DUIE_LS, ECNE_LS, EEE_LS, EFN_LS, EHB_LS, EHBE_LS, ELE_LS, ELH_LS, ELK_LS, ELKE_LS, END_LS, ENDE_LS, ENT_LS, ENTE_LS, EUT_LS, EUTE_LS, FIZ_LS, FIZE_LS, GEM_LS, GEME_LS, GEMK_LS, GEO_LS, GEOE_LS, GID_LS, GIDE_LS, GMI_LS, GMIE_LS, HTA_LS, HTAE_LS, IAD_LS, IBM_LS, ICM_LS, IML_LS, IMLE_LS, IND_LS, INS_LS, INSE_LS, ISL_LS, ISLE_LS, JEF_LS, JEFE_LS, JEO_LS, JEOE_LS, KIM_LS, KIME_LS, KMM_LS, KMME_LS, KOM_LS, KOME_LS, KON_LS, MAD_LS, MADE_LS, MAK_LS, MAT_LS, MATE_LS, MEN_LS, MET_LS, METE_LS, MIM_LS, MIME_LS, MMD_LS, MTM_LS, MTO_LS, MTOE_LS, NAE_LS, PEM_LS, PEME_LS, PET_LS, PETE_LS, ROS_LS, ROSE_LS, SAO_OL, SBP_LS, SBPE_LS, SECE_LS, TEK_LS, TEKE_LS, TEL_LS, THO_LS, UCK_LS, UZB_LS, UZBE_LS, VBAE_LS, YZVE_LS",,
20690,ATA 122,ATA,LS,Atatürk İlk & İnkılap Trh II,,Çağdaş Taylan Salın,MED,Perşembe,10:30/12:29,,72,71,,"ARC_LS, BIO_LS, BIOE_LS, BLG_LS, BLGE_LS, CEN_LS, CEV_LS, CEVE_LS, CHZ_LS, CHZE_LS, DEN_LS, DENE_LS, DUI_LS, DUIE_LS, ECNE_LS, EEE_LS, EFN_LS, EHB_LS, EHBE_LS, ELE_LS, ELH_LS, ELK_LS, ELKE_LS, END_LS, ENDE_LS, ENT_LS, ENTE_LS, EUT_LS, EUTE_LS, FIZ_LS, FIZE_LS, GEM_LS, GEME_LS, GEMK_LS, GEO_LS, GEOE_LS, GID_LS, GIDE_LS, GMI_LS, GMIE_LS, HTA_LS, HTAE_LS, IAD_LS, IBM_LS, ICM_LS, IML_LS, IMLE_LS, IND_LS, INS_LS, INSE_LS, ISL_LS, ISLE_LS, JEF_LS, JEFE_LS, JEO_LS, JEOE_LS, KIM_LS, KIME_LS, KMM_LS, KMME_LS, KOM_LS, KOME_LS, KON_LS, MAD_LS, MADE_LS, MAK_LS, MAT_LS, MATE_LS, MEN_LS, MET_LS, METE_LS, MIM_LS, MIME_LS, MMD_LS, MTM_LS, MTO_LS, MTOE_LS, NAE_LS, PEM_LS, PEME_LS, PET_LS, PETE_LS, ROS_LS, ROSE_LS, SAO_OL, SBP_LS, SBPE_LS, SECE_LS, TEK_LS, TEKE_LS, TEL_LS, THO_LS, UCK_LS, UZB_LS, UZBE_LS, VBAE_LS, YZVE_LS",,
20691,ATA 122,ATA,LS,Atatürk İlk & İnkılap Trh II,,Çağdaş Taylan Salın,MED,Perşembe,15:30/17:29,,68,77,,"ARC_LS, BIO_LS, BIOE_LS, BLG_LS, BLGE_LS, CEN_LS, CEV_LS, CEVE_LS, CHZ_LS, CHZE_LS, DEN_LS, DENE_LS, DUI_LS, DUIE_LS, ECNE_LS, EEE_LS, EFN_LS, EHB_LS, EHBE_LS, ELE_LS, ELH_LS, ELK_LS, ELKE_LS, END_LS, ENDE_LS, ENT_LS, ENTE_LS, EUT_LS, EUTE_LS, FIZ_LS, FIZE_LS, GEM_LS, GEME_LS, GEMK_LS, GEO_LS, GEOE_LS, GID_LS, GIDE_LS, GMI_LS, GMIE_LS, HTA_LS, HTAE_LS, IAD_LS, IBM_LS, ICM_LS, IML_LS, IMLE_LS, IND_LS, INS_LS, INSE_LS, ISL_LS, ISLE_LS, JEF_LS, JEFE_LS, JEO_LS, JEOE_LS, KIM_LS, KIME_LS, KMM_LS, KMME_LS, KOM_LS, KOME_LS, KON_LS, MAD_LS, MADE_LS, MAK_LS, MAT_LS, MATE_LS, MEN_LS, MET_LS, METE_LS, MIM_LS, MIME_LS, MMD_LS, MTM_LS, MTO_LS, MTOE_LS, NAE_LS, PEM_LS, PEME_LS, PET_LS, PETE_LS, ROS_LS, ROSE_LS, SAO_OL, SBP_LS, SBPE_LS, SECE_LS, TEK_LS, TEKE_LS, TEL_LS, THO_LS, UCK_LS, UZB_LS, UZBE_LS, VBAE_LS, YZVE_LS",,
20692,ATA 121,ATA,LS,Atatürk İlk & İnkılap Trh I,,Çağdaş Taylan Salın,MED,Salı,10:30/12:29,,68,73,,"ARC_LS, BIO_LS, BIOE_LS, BLG_LS, BLGE_LS, CEN_LS, CEV_LS, CEVE_LS, CHZ_LS, CHZE_LS, DEN_LS, DENE_LS, DUI_LS, DUIE_LS, ECNE_LS, EEE_LS, EFN_LS, EHB_LS, EHBE_LS, ELE_LS, ELH_LS, ELK_LS, ELKE_LS, END_LS, ENDE_LS, ENT_LS, ENTE_LS, EUT_LS, EUTE_LS, FIZ_LS, FIZE_LS, GEM_LS, GEME_LS, GEMK_LS, GEO_LS, GEOE_LS, GID_LS, GIDE_LS, GMI_LS, GMIE_LS, HTA_LS, HTAE_LS, IAD_LS, IBM_LS, ICM_LS, IML_LS, IMLE_LS, IND_LS, INS_LS, INSE_LS, ISL_LS, ISLE_LS, JEF_LS, JEFE_LS, JEO_LS, JEOE_LS, KIM_LS, KIME_LS, KMM_LS, KMME_LS, KOM_LS, KOME_LS, KON_LS, MAD_LS, MADE_LS, MAK_LS, MAT_LS, MATE_LS, MEN_LS, MET_LS, METE_LS, MIM_LS, MIME_LS, MMD_LS, MTM_LS, MTO_LS, MTOE_LS, NAE_LS, PEM_LS, PEME_LS, PET_LS, PETE_LS, ROS_LS, ROSE_LS, SAO_OL, SBP_LS, SBPE_LS, SECE_LS, TEK_LS, TEKE_LS, TEL_LS, THO_LS, UCK_LS, UZB_LS, UZBE_LS, VBAE_LS, YZVE_LS",,
20693,ATA 121,ATA,LS,Atatürk İlk & İnkılap Trh I,,Emin Alp Malkoç,MED,Pazartesi,13:30/15:29,,68,68,,"ARC_LS, BIO_LS, BIOE_LS, BLG_LS, BLGE_LS, CEN_LS, CEV_LS, CEVE_LS, CHZ_LS, CHZE_LS, DEN_LS, DENE_LS, DUI_LS, DUIE_LS, ECNE_LS, EEE_LS, EFN_LS, EHB_LS, EHBE_LS, ELE_LS, ELH_LS, ELK_LS, ELKE_LS, END_LS, ENDE_LS, ENT_LS, ENTE_LS, EUT_LS, EUTE_LS, FIZ_LS, FIZE_LS, GEM_LS, GEME_LS, GEMK_LS, GEO_LS, GEOE_LS, GID_LS, GIDE_LS, GMI_LS, GMIE_LS, HTA_LS, HTAE_LS, IAD_LS, IBM_LS, ICM_LS, IML_LS, IMLE_LS, IND_LS, INS_LS, INSE_LS, ISL_LS, ISLE_LS, JEF_LS, JEFE_LS, JEO_LS, JEOE_LS, KIM_LS, KIME_LS, KMM_LS, KMME_LS, KOM_LS, KOME_LS, KON_LS, MAD_LS, MADE_LS, MAK_LS, MAT_LS, MATE_LS, MEN_LS, MET_LS, METE_LS, MIM_LS, MIME_LS, MMD_LS, MTM_LS, MTO_LS, MTOE_LS, NAE_LS, PEM_LS, PEME_LS, PET_LS, PETE_LS, ROS_LS, ROSE_LS, SAO_OL, SBP_LS, SBPE_LS, SECE_LS, TEK_LS, TEKE_LS, TEL_LS, THO_LS, UCK_LS, UZB_LS, UZBE_LS, VBAE_LS, YZVE_LS",,
20694,ATA 121,ATA,LS,Atatürk İlk & İnkılap Trh I,,Emin Alp Malkoç,MED,Pazartesi,15:30/17:29,,68,68,,"ARC_LS, BIO_LS, BIOE_LS, BLG_LS, BLGE_LS, CEN_LS, CEV_LS, CEVE_LS, CHZ_LS, CHZE_LS, DEN_LS, DENE_LS, DUI_LS, DUIE_LS, ECNE_LS, EEE_LS, EFN_LS, EHB_LS, EHBE_LS, ELE_LS, ELH_LS, ELK_LS, ELKE_LS, END_LS, ENDE_LS, ENT_LS, ENTE_LS, EUT_LS, EUTE_LS, FIZ_LS, FIZE_LS, GEM_LS, GEME_LS, GEMK_LS, GEO_LS, GEOE_LS, GID_LS, GIDE_LS, GMI_LS, GMIE_LS, HTA_LS, HTAE_LS, IAD_LS, IBM_LS, ICM_LS, IML_LS, IMLE_LS, IND_LS, INS_LS, INSE_LS, ISL_LS, ISLE_LS, JEF_LS, JEFE_LS, JEO_LS, JEOE_LS, KIM_LS, KIME_LS, KMM_LS, KMME_LS, KOM_LS, KOME_LS, KON_LS, MAD_LS, MADE_LS, MAK_LS, MAT_LS, MATE_LS, MEN_LS, MET_LS, METE_LS, MIM_LS, MIME_LS, MMD_LS, MTM_LS, MTO_LS, MTOE_LS, NAE_LS, PEM_LS, PEME_LS, PET_LS, PETE_LS, ROS_LS, ROSE_LS, SAO_OL, SBP_LS, SBPE_LS, SECE_LS, TEK_LS, TEKE_LS, TEL_LS, THO_LS, UCK_LS, UZB_LS, UZBE_LS, VBAE_LS, YZVE_LS",,
20695,ATA 122,ATA,LS,Atatürk İlk & İnkılap Trh II,,Emin Alp Malkoç,MED,Salı,10:30/12:29,,68,67,,"ARC_LS, BIO_LS, BIOE_LS, BLG_LS, BLGE_LS, CEN_LS, CEV_LS, CEVE_LS, CHZ_LS, CHZE_LS, DEN_LS, DENE_LS, DUI_LS, DUIE_LS, ECNE_LS, EEE_LS, EFN_LS, EHB_LS, EHBE_LS, ELE_LS, ELH_LS, ELK_LS, ELKE_LS, END_LS, ENDE_LS, ENT_LS, ENTE_LS, EUT_LS, EUTE_LS, FIZ_LS, FIZE_LS, GEM_LS, GEME_LS, GEMK_LS, GEO_LS, GEOE_LS, GID_LS, GIDE_LS, GMI_LS, GMIE_LS, HTA_LS, HTAE_LS, IAD_LS, IBM_LS, ICM_LS, IML_LS, IMLE_LS, IND_LS, INS_LS, INSE_LS, ISL_LS, ISLE_LS, JEF_LS, JEFE_LS, JEO_LS, JEOE_LS, KIM_LS, KIME_LS, KMM_LS, KMME_LS, KOM_LS, KOME_LS, KON_LS, MAD_LS, MADE_LS, MAK_LS, MAT_LS, MATE_LS, MEN_LS, MET_LS, METE_LS, MIM_LS, MIME_LS, MMD_LS, MTM_LS, MTO_LS, MTOE_LS, NAE_LS, PEM_LS, PEME_LS, PET_LS, PETE_LS, ROS_LS, ROSE_LS, SAO_OL, SBP_LS, SBPE_LS, SECE_LS, TEK_LS, TEKE_LS, TEL_LS, THO_LS, UCK_LS, UZB_LS, UZBE_LS, VBAE_LS, YZVE_LS",,
20696,ATA 122,ATA,LS,Atatürk İlk & İnkılap Trh II,,Emin Alp Malkoç,MED,Salı,13:30/15:29,,68,60,,"ARC_LS, BIO_LS, BIOE_LS, BLG_LS, BLGE_LS, CEN_LS, CEV_LS, CEVE_LS, CHZ_LS, CHZE_LS, DEN_LS, DENE_LS, DUI_LS, DUIE_LS, ECNE_LS, EEE_LS, EFN_LS, EHB_LS, EHBE_LS, ELE_LS, ELH_LS, ELK_LS, ELKE_LS, END_LS, ENDE_LS, ENT_LS, ENTE_LS, EUT_LS, EUTE_LS, FIZ_LS, FIZE_LS, GEM_LS, GEME_LS, GEMK_LS, GEO_LS, GEOE_LS, GID_LS, GIDE_LS, GMI_LS, GMIE_LS, HTA_LS, HTAE_LS, IAD_LS, IBM_LS, ICM_LS, IML_LS, IMLE_LS, IND_LS, INS_LS, INSE_LS, ISL_LS, ISLE_LS, JEF_LS, JEFE_LS, JEO_LS, JEOE_LS, KIM_LS, KIME_LS, KMM_LS, KMME_LS, KOM_LS, KOME_LS, KON_LS, MAD_LS, MADE_LS, MAK_LS, MAT_LS, MATE_LS, MEN_LS, MET_LS, METE_LS, MIM_LS, MIME_LS, MMD_LS, MTM_LS, MTO_LS, MTOE_LS, NAE_LS, PEM_LS, PEME_LS, PET_LS, PETE_LS, ROS_LS, ROSE_LS, SAO_OL, SBP_LS, SBPE_LS, SECE_LS, TEK_LS, TEKE_LS, TEL_LS, THO_LS, UCK_LS, UZB_LS, UZBE_LS, VBAE_LS, YZVE_LS",,
20697,ATA 122,ATA,LS,Atatürk İlk & İnkılap Trh II,,Emin Alp Malkoç,MED,Salı,15:30/17:29,,70,69,,"ARC_LS, BIO_LS, BIOE_LS, BLG_LS, BLGE_LS, CEN_LS, CEV_LS, CEVE_LS, CHZ_LS, CHZE_LS, DEN_LS, DENE_LS, DUI_LS, DUIE_LS, ECNE_LS, EEE_LS, EFN_LS, EHB_LS, EHBE_LS, ELE_LS, ELH_LS, ELK_LS, ELKE_LS, END_LS, ENDE_LS, ENT_LS, ENTE_LS, EUT_LS, EUTE_LS, FIZ_LS, FIZE_LS, GEM_LS, GEME_LS, GEMK_LS, GEO_LS, GEOE_LS, GID_LS, GIDE_LS, GMI_LS, GMIE_LS, HTA_LS, HTAE_LS, IAD_LS, IBM_LS, ICM_LS, IML_LS, IMLE_LS, IND_LS, INS_LS, INSE_LS, ISL_LS, ISLE_LS, JEF_LS, JEFE_LS, JEO_LS, JEOE_LS, KIM_LS, KIME_LS, KMM_LS, KMME_LS, KOM_LS, KOME_LS, KON_LS, MAD_LS, MADE_LS, MAK_LS, MAT_LS, MATE_LS, MEN_LS, MET_LS, METE_LS, MIM_LS, MIME_LS, MMD_LS, MTM_LS, MTO_LS, MTOE_LS, NAE_LS, PEM_LS, PEME_LS, PET_LS, PETE_LS, ROS_LS, ROSE_LS, SAO_OL, SBP_LS, SBPE_LS, SECE_LS, TEK_LS, TEKE_LS, TEL_LS, THO_LS, UCK_LS, UZB_LS, UZBE_LS, VBAE_LS, YZVE_LS",,
20698,ATA 121,ATA,LS,Atatürk İlk & İnkılap Trh I,,İsmail Kandil,MED,Çarşamba,10:30/12:29,,68,69,,"ARC_LS, BIO_LS, BIOE_LS, BLG_LS, BLGE_LS, CEN_LS, CEV_LS, CEVE_LS, CHZ_LS, CHZE_LS, DEN_LS, DENE_LS, DUI_LS, DUIE_LS, ECNE_LS, EEE_LS, EFN_LS, EHB_LS, EHBE_LS, ELE_LS, ELH_LS, ELK_LS, ELKE_LS, END_LS, ENDE_LS, ENT_LS, ENTE_LS, EUT_LS, EUTE_LS, FIZ_LS, FIZE_LS, GEM_LS, GEME_LS, GEMK_LS, GEO_LS, GEOE_LS, GID_LS, GIDE_LS, GMI_LS, GMIE_LS, HTA_LS, HTAE_LS, IAD_LS, IBM_LS, ICM_LS, IML_LS, IMLE_LS, IND_LS, INS_LS, INSE_LS, ISL_LS, ISLE_LS, JEF_LS, JEFE_LS, JEO_LS, JEOE_LS, KIM_LS, KIME_LS, KMM_LS, KMME_LS, KOM_LS, KOME_LS, KON_LS, MAD_LS, MADE_LS, MAK_LS, MAT_LS, MATE_LS, MEN_LS, MET_LS, METE_LS, MIM_LS, MIME_LS, MMD_LS, MTM_LS, MTO_LS, MTOE_LS, NAE_LS, PEM_LS, PEME_LS, PET_LS, PETE_LS, ROS_LS, ROSE_LS, SAO_OL, SBP_LS, SBPE_LS, SECE_LS, TEK_LS, TEKE_LS, TEL_LS, THO_LS, UCK_LS, UZB_LS, UZBE_LS, VBAE_LS, YZVE_LS",,
20699,ATA 121,ATA,LS,Atatürk İlk & İnkılap Trh I,,İsmail Kandil,MED,Çarşamba,13:30/15:29,A31,68,68,,"ARC_LS, BIO_LS, BIOE_LS, BLG_LS, BLGE_LS, CEN_LS, CEV_LS, CEVE_LS, CHZ_LS, CHZE_LS, DEN_LS, DENE_LS, DUI_LS, DUIE_LS, ECNE_LS, EEE_LS, EFN_LS, EHB_LS, EHBE_LS, ELE_LS, ELH_LS, ELK_LS, ELKE_LS, END_LS, ENDE_LS, ENT_LS, ENTE_LS, EUT_LS, EUTE_LS, FIZ_LS, FIZE_LS, GEM_LS, GEME_LS, GEMK_LS, GEO_LS, GEOE_LS, GID_LS, GIDE_LS, GMI_LS, GMIE_LS, HTA_LS, HTAE_LS, IAD_LS, IBM_LS, ICM_LS, IML_LS, IMLE_LS, IND_LS, INS_LS, INSE_LS, ISL_LS, ISLE_LS, JEF_LS, JEFE_LS, JEO_LS, JEOE_LS, KIM_LS, KIME_LS, KMM_LS, KMME_LS, KOM_LS, KOME_LS, KON_LS, MAD_LS, MADE_LS, MAK_LS, MAT_LS, MATE_LS, MEN_LS, MET_LS, METE_LS, MIM_LS, MIME_LS, MMD_LS, MTM_LS, MTO_LS, MTOE_LS, NAE_LS, PEM_LS, PEME_LS, PET_LS, PETE_LS, ROS_LS, ROSE_LS, SAO_OL, SBP_LS, SBPE_LS, SECE_LS, TEK_LS, TEKE_LS, TEL_LS, THO_LS, UCK_LS, UZB_LS, UZBE_LS, VBAE_LS, YZVE_LS",,
20700,ATA 122,ATA,LS,Atatürk İlk & İnkılap Trh II,,İsmail Kandil,MED,Pazartesi,10:30/12:29,,70,71,,"ARC_LS, BIO_LS, BIOE_LS, BLG_LS, BLGE_LS, CEN_LS, CEV_LS, CEVE_LS, CHZ_LS, CHZE_LS, DEN_LS, DENE_LS, DUI_LS, DUIE_LS, ECNE_LS, EEE_LS, EFN_LS, EHB_LS, EHBE_LS, ELE_LS, ELH_LS, ELK_LS, ELKE_LS, END_LS, ENDE_LS, ENT_LS, ENTE_LS, EUT_LS, EUTE_LS, FIZ_LS, FIZE_LS, GEM_LS, GEME_LS, GEMK_LS, GEO_LS, GEOE_LS, GID_LS, GIDE_LS, GMI_LS, GMIE_LS, HTA_LS, HTAE_LS, IAD_LS, IBM_LS, ICM_LS, IML_LS, IMLE_LS, IND_LS, INS_LS, INSE_LS, ISL_LS, ISLE_LS, JEF_LS, JEFE_LS, JEO_LS, JEOE_LS, KIM_LS, KIME_LS, KMM_LS, KMME_LS, KOM_LS, KOME_LS, KON_LS, MAD_LS, MADE_LS, MAK_LS, MAT_LS, MATE_LS, MEN_LS, MET_LS, METE_LS, MIM_LS, MIME_LS, MMD_LS, MTM_LS, MTO_LS, MTOE_LS, NAE_LS, PEM_LS, PEME_LS, PET_LS, PETE_LS, ROS_LS, ROSE_LS, SAO_OL, SBP_LS, SBPE_LS, SECE_LS, TEK_LS, TEKE_LS, TEL_LS, THO_LS, UCK_LS, UZB_LS, UZBE_LS, VBAE_LS, YZVE_LS",,
20701,ATA 122,ATA,LS,Atatürk İlk & İnkılap Trh II,,İsmail Kandil,MED,Pazartesi,13:30/15:29,,65,66,,"ARC_LS, BIO_LS, BIOE_LS, BLG_LS, BLGE_LS, CEN_LS, CEV_LS, CEVE_LS, CHZ_LS, CHZE_LS, DEN_LS, DENE_LS, DUI_LS, DUIE_LS, ECNE_LS, EEE_LS, EFN_LS, EHB_LS, EHBE_LS, ELE_LS, ELH_LS, ELK_LS, ELKE_LS, END_LS, ENDE_LS, ENT_LS, ENTE_LS, EUT_LS, EUTE_LS, FIZ_LS, FIZE_LS, GEM_LS, GEME_LS, GEMK_LS, GEO_LS, GEOE_LS, GID_LS, GIDE_LS, GMI_LS, GMIE_LS, HTA_LS, HTAE_LS, IAD_LS, IBM_LS, ICM_LS, IML_LS, IMLE_LS, IND_LS, INS_LS, INSE_LS, ISL_LS, ISLE_LS, JEF_LS, JEFE_LS, JEO_LS, JEOE_LS, KIM_LS, KIME_LS, KMM_LS, KMME_LS, KOM_LS, KOME_LS, KON_LS, MAD_LS, MADE_LS, MAK_LS, MAT_LS, MATE_LS, MEN_LS, MET_LS, METE_LS, MIM_LS, MIME_LS, MMD_LS, MTM_LS, MTO_LS, MTOE_LS, NAE_LS, PEM_LS, PEME_LS, PET_LS, PETE_LS, ROS_LS, ROSE_LS, SAO_OL, SBP_LS, SBPE_LS, SECE_LS, TEK_LS, TEKE_LS, TEL_LS, THO_LS, UCK_LS, UZB_LS, UZBE_LS, VBAE_LS, YZVE_LS",,
20702,ATA 122,ATA,LS,Atatürk İlk & İnkılap Trh II,,İsmail Kandil,MED,Salı,13:30/15:29,,68,68,,"ARC_LS, BIO_LS, BIOE_LS, BLG_LS, BLGE_LS, CEN_LS, CEV_LS, CEVE_LS, CHZ_LS, CHZE_LS, DEN_LS, DENE_LS, DUI_LS, DUIE_LS, ECNE_LS, EEE_LS, EFN_LS, EHB_LS, EHBE_LS, ELE_LS, ELH_LS, ELK_LS, ELKE_LS, END_LS, ENDE_LS, ENT_LS, ENTE_LS, EUT_LS, EUTE_LS, FIZ_LS, FIZE_LS, GEM_LS, GEME_LS, GEMK_LS, GEO_LS, GEOE_LS, GID_LS, GIDE_LS, GMI_LS, GMIE_LS, HTA_LS, HTAE_LS, IAD_LS, IBM_LS, ICM_LS, IML_LS, IMLE_LS, IND_LS, INS_LS, INSE_LS, ISL_LS, ISLE_LS, JEF_LS, JEFE_LS, JEO_LS, JEOE_LS, KIM_LS, KIME_LS, KMM_LS, KMME_LS, KOM_LS, KOME_LS, KON_LS, MAD_LS, MADE_LS, MAK_LS, MAT_LS, MATE_LS, MEN_LS, MET_LS, METE_LS, MIM_LS, MIME_LS, MMD_LS, MTM_LS, MTO_LS, MTOE_LS, NAE_LS, PEM_LS, PEME_LS, PET_LS, PETE_LS, ROS_LS, ROSE_LS, SAO_OL, SBP_LS, SBPE_LS, SECE_LS, TEK_LS, TEKE_LS, TEL_LS, THO_LS, UCK_LS, UZB_LS, UZBE_LS, VBAE_LS, YZVE_LS",,
20703,ATA 122,ATA,LS,Atatürk İlk & İnkılap Trh II,,İsmail Kandil,MED,Salı,15:30/17:29,,68,74,,"ARC_LS, BIO_LS, BIOE_LS, BLG_LS, BLGE_LS, CEN_LS, CEV_LS, CEVE_LS, CHZ_LS, CHZE_LS, DEN_LS, DENE_LS, DUI_LS, DUIE_LS, ECNE_LS, EEE_LS, EFN_LS, EHB_LS, EHBE_LS, ELE_LS, ELH_LS, ELK_LS, ELKE_LS, END_LS, ENDE_LS, ENT_LS, ENTE_LS, EUT_LS, EUTE_LS, FIZ_LS, FIZE_LS, GEM_LS, GEME_LS, GEMK_LS, GEO_LS, GEOE_LS, GID_LS, GIDE_LS, GMI_LS, GMIE_LS, HTA_LS, HTAE_LS, IAD_LS, IBM_LS, ICM_LS, IML_LS, IMLE_LS, IND_LS, INS_LS, INSE_LS, ISL_LS, ISLE_LS, JEF_LS, JEFE_LS, JEO_LS, JEOE_LS, KIM_LS, KIME_LS, KMM_LS, KMME_LS, KOM_LS, KOME_LS, KON_LS, MAD_LS, MADE_LS, MAK_LS, MAT_LS, MATE_LS, MEN_LS, MET_LS, METE_LS, MIM_LS, MIME_LS, MMD_LS, MTM_LS, MTO_LS, MTOE_LS, NAE_LS, PEM_LS, PEME_LS, PET_LS, PETE_LS, ROS_LS, ROSE_LS, SAO_OL, SBP_LS, SBPE_LS, SECE_LS, TEK_LS, TEKE_LS, TEL_LS, THO_LS, UCK_LS, UZB_LS, UZBE_LS, VBAE_LS, YZVE_LS",,
20704,ATA 122,ATA,LS,Atatürk İlk & İnkılap Trh II,,Necdet Öz,MED,Cuma,08:30/10:29,,68,71,,"ARC_LS, BIO_LS, BIOE_LS, BLG_LS, BLGE_LS, CEN_LS, CEV_LS, CEVE_LS, CHZ_LS, CHZE_LS, DEN_LS, DENE_LS, DUI_LS, DUIE_LS, ECNE_LS, EEE_LS, EFN_LS, EHB_LS, EHBE_LS, ELE_LS, ELH_LS, ELK_LS, ELKE_LS, END_LS, ENDE_LS, ENT_LS, ENTE_LS, EUT_LS, EUTE_LS, FIZ_LS, FIZE_LS, GEM_LS, GEME_LS, GEMK_LS, GEO_LS, GEOE_LS, GID_LS, GIDE_LS, GMI_LS, GMIE_LS, HTA_LS, HTAE_LS, IAD_LS, IBM_LS, ICM_LS, IML_LS, IMLE_LS, IND_LS, INS_LS, INSE_LS, ISL_LS, ISLE_LS, JEF_LS, JEFE_LS, JEO_LS, JEOE_LS, KIM_LS, KIME_LS, KMM_LS, KMME_LS, KOM_LS, KOME_LS, KON_LS, MAD_LS, MADE_LS, MAK_LS, MAT_LS, MATE_LS, MEN_LS, MET_LS, METE_LS, MIM_LS, MIME_LS, MMD_LS, MTM_LS, MTO_LS, MTOE_LS, NAE_LS, PEM_LS, PEME_LS, PET_LS, PETE_LS, ROS_LS, ROSE_LS, SAO_OL, SBP_LS, SBPE_LS, SECE_LS, TEK_LS, TEKE_LS, TEL_LS, THO_LS, UCK_LS, UZB_LS, UZBE_LS, VBAE_LS, YZVE_LS",,
20705,ATA 122,ATA,LS,Atatürk İlk & İnkılap Trh II,,Necdet Öz,MED,Cuma,10:30/12:29,A31,68,65,,"ARC_LS, BIO_LS, BIOE_LS, BLG_LS, BLGE_LS, CEN_LS, CEV_LS, CEVE_LS, CHZ_LS, CHZE_LS, DEN_LS, DENE_LS, DUI_LS, DUIE_LS, ECNE_LS, EEE_LS, EFN_LS, EHB_LS, EHBE_LS, ELE_LS, ELH_LS, ELK_LS, ELKE_LS, END_LS, ENDE_LS, ENT_LS, ENTE_LS, EUT_LS, EUTE_LS, FIZ_LS, FIZE_LS, GEM_LS, GEME_LS, GEMK_LS, GEO_LS, GEOE_LS, GID_LS, GIDE_LS, GMI_LS, GMIE_LS, HTA_LS, HTAE_LS, IAD_LS, IBM_LS, ICM_LS, IML_LS, IMLE_LS, IND_LS, INS_LS, INSE_LS, ISL_LS, ISLE_LS, JEF_LS, JEFE_LS, JEO_LS, JEOE_LS, KIM_LS, KIME_LS, KMM_LS, KMME_LS, KOM_LS, KOME_LS, KON_LS, MAD_LS, MADE_LS, MAK_LS, MAT_LS, MATE_LS, MEN_LS, MET_LS, METE_LS, MIM_LS, MIME_LS, MMD_LS, MTM_LS, MTO_LS, MTOE_LS, NAE_LS, PEM_LS, PEME_LS, PET_LS, PETE_LS, ROS_LS, ROSE_LS, SAO_OL, SBP_LS, SBPE_LS, SECE_LS, TEK_LS, TEKE_LS, TEL_LS, THO_LS, UCK_LS, UZB_LS, UZBE_LS, VBAE_LS, YZVE_LS",,
20706,ATA 122,ATA,LS,Atatürk İlk & İnkılap Trh II,,Necdet Öz,MED,Çarşamba,08:30/10:29,,68,71,,"ARC_LS, BIO_LS, BIOE_LS, BLG_LS, BLGE_LS, CEN_LS, CEV_LS, CEVE_LS, CHZ_LS, CHZE_LS, DEN_LS, DENE_LS, DUI_LS, DUIE_LS, ECNE_LS, EEE_LS, EFN_LS, EHB_LS, EHBE_LS, ELE_LS, ELH_LS, ELK_LS, ELKE_LS, END_LS, ENDE_LS, ENT_LS, ENTE_LS, EUT_LS, EUTE_LS, FIZ_LS, FIZE_LS, GEM_LS, GEME_LS, GEMK_LS, GEO_LS, GEOE_LS, GID_LS, GIDE_LS, GMI_LS, GMIE_LS, HTA_LS, HTAE_LS, IAD_LS, IBM_LS, ICM_LS, IML_LS, IMLE_LS, IND_LS, INS_LS, INSE_LS, ISL_LS, ISLE_LS, JEF_LS, JEFE_LS, JEO_LS, JEOE_LS, KIM_LS, KIME_LS, KMM_LS, KMME_LS, KOM_LS, KOME_LS, KON_LS, MAD_LS, MADE_LS, MAK_LS, MAT_LS, MATE_LS, MEN_LS, MET_LS, METE_LS, MIM_LS, MIME_LS, MMD_LS, MTM_LS, MTO_LS, MTOE_LS, NAE_LS, PEM_LS, PEME_LS, PET_LS, PETE_LS, ROS_LS, ROSE_LS, SAO_OL, SBP_LS, SBPE_LS, SECE_LS, TEK_LS, TEKE_LS, TEL_LS, THO_LS, UCK_LS, UZB_LS, UZBE_LS, VBAE_LS, YZVE_LS",,
20707,ATA 122,ATA,LS,Atatürk İlk & İnkılap Trh II,,Necdet Öz,MED,Çarşamba,10:30/12:29,,68,68,,"ARC_LS, BIO_LS, BIOE_LS, BLG_LS, BLGE_LS, CEN_LS, CEV_LS, CEVE_LS, CHZ_LS, CHZE_LS, DEN_LS, DENE_LS, DUI_LS, DUIE_LS, ECNE_LS, EEE_LS, EFN_LS, EHB_LS, EHBE_LS, ELE_LS, ELH_LS, ELK_LS, ELKE_LS, END_LS, ENDE_LS, ENT_LS, ENTE_LS, EUT_LS, EUTE_LS, FIZ_LS, FIZE_LS, GEM_LS, GEME_LS, GEMK_LS, GEO_LS, GEOE_LS, GID_LS, GIDE_LS, GMI_LS, GMIE_LS, HTA_LS, HTAE_LS, IAD_LS, IBM_LS, ICM_LS, IML_LS, IMLE_LS, IND_LS, INS_LS, INSE_LS, ISL_LS, ISLE_LS, JEF_LS, JEFE_LS, JEO_LS, JEOE_LS, KIM_LS, KIME_LS, KMM_LS, KMME_LS, KOM_LS, KOME_LS, KON_LS, MAD_LS, MADE_LS, MAK_LS, MAT_LS, MATE_LS, MEN_LS, MET_LS, METE_LS, MIM_LS, MIME_LS, MMD_LS, MTM_LS, MTO_LS, MTOE_LS, NAE_LS, PEM_LS, PEME_LS, PET_LS, PETE_LS, ROS_LS, ROSE_LS, SAO_OL, SBP_LS, SBPE_LS, SECE_LS, TEK_LS, TEKE_LS, TEL_LS, THO_LS, UCK_LS, UZB_LS, UZBE_LS, VBAE_LS, YZVE_LS",,
20708,ATA 121,ATA,LS,Atatürk İlk & İnkılap Trh I,,Necdet Öz,MED,Perşembe,10:30/12:29,,68,74,,"ARC_LS, BIO_LS, BIOE_LS, BLG_LS, BLGE_LS, CEN_LS, CEV_LS, CEVE_LS, CHZ_LS, CHZE_LS, DEN_LS, DENE_LS, DUI_LS, DUIE_LS, ECNE_LS, EEE_LS, EFN_LS, EHB_LS, EHBE_LS, ELE_LS, ELH_LS, ELK_LS, ELKE_LS, END_LS, ENDE_LS, ENT_LS, ENTE_LS, EUT_LS, EUTE_LS, FIZ_LS, FIZE_LS, GEM_LS, GEME_LS, GEMK_LS, GEO_LS, GEOE_LS, GID_LS, GIDE_LS, GMI_LS, GMIE_LS, HTA_LS, HTAE_LS, IAD_LS, IBM_LS, ICM_LS, IML_LS, IMLE_LS, IND_LS, INS_LS, INSE_LS, ISL_LS, ISLE_LS, JEF_LS, JEFE_LS, JEO_LS, JEOE_LS, KIM_LS, KIME_LS, KMM_LS, KMME_LS, KOM_LS, KOME_LS, KON_LS, MAD_LS, MADE_LS, MAK_LS, MAT_LS, MATE_LS, MEN_LS, MET_LS, METE_LS, MIM_LS, MIME_LS, MMD_LS, MTM_LS, MTO_LS, MTOE_LS, NAE_LS, PEM_LS, PEME_LS, PET_LS, PETE_LS, ROS_LS, ROSE_LS, SAO_OL, SBP_LS, SBPE_LS, SECE_LS, TEK_LS, TEKE_LS, TEL_LS, THO_LS, UCK_LS, UZB_LS, UZBE_LS, VBAE_LS, YZVE_LS",,
20709,ATA 121,ATA,LS,Atatürk İlk & İnkılap Trh I,,Necdet Öz,MED,Perşembe,13:30/15:29,,68,69,,"ARC_LS, BIO_LS, BIOE_LS, BLG_LS, BLGE_LS, CEN_LS, CEV_LS, CEVE_LS, CHZ_LS, CHZE_LS, DEN_LS, DENE_LS, DUI_LS, DUIE_LS, ECNE_LS, EEE_LS, EFN_LS, EHB_LS, EHBE_LS, ELE_LS, ELH_LS, ELK_LS, ELKE_LS, END_LS, ENDE_LS, ENT_LS, ENTE_LS, EUT_LS, EUTE_LS, FIZ_LS, FIZE_LS, GEM_LS, GEME_LS, GEMK_LS, GEO_LS, GEOE_LS, GID_LS, GIDE_LS, GMI_LS, GMIE_LS, HTA_LS, HTAE_LS, IAD_LS, IBM_LS, ICM_LS, IML_LS, IMLE_LS, IND_LS, INS_LS, INSE_LS, ISL_LS, ISLE_LS, JEF_LS, JEFE_LS, JEO_LS, JEOE_LS, KIM_LS, KIME_LS, KMM_LS, KMME_LS, KOM_LS, KOME_LS, KON_LS, MAD_LS, MADE_LS, MAK_LS, MAT_LS, MATE_LS, MEN_LS, MET_LS, METE_LS, MIM_LS, MIME_LS, MMD_LS, MTM_LS, MTO_LS, MTOE_LS, NAE_LS, PEM_LS, PEME_LS, PET_LS, PETE_LS, ROS_LS, ROSE_LS, SAO_OL, SBP_LS, SBPE_LS, SECE_LS, TEK_LS, TEKE_LS, TEL_LS, THO_LS, UCK_LS, UZB_LS, UZBE_LS, VBAE_LS, YZVE_LS",,
20710,ATA 121E,ATA,LS,History of Turkish Revolution I,,Pelin Helvacı,INB,Cuma,14:30/16:29,B205,0,35,,"ARC_LS, BIOE_LS, BLG_LS, BLGE_LS, CEN_LS, CEV_LS, CEVE_LS, CHZ_LS, DEN_LS, DUI_LS, ECNE_LS, EEE_LS, EFN_LS, EHB_LS, EHBE_LS, ELK_LS, ELKE_LS, END_LS, ENDE_LS, ENTE_LS, ESS_LS, FIZ_LS, GEM_LS, GEO_LS, GEOE_LS, GID_LS, GMI_LS, HTA_LS, HTAE_LS, IAD_LS, IBM_LS, ICM_LS, IND_LS, INS_LS, INSE_LS, ISLE_LS, JEF_LS, JEO_LS, KIM_LS, KMM_LS, KOM_LS, KOME_LS, MAD_LS, MAK_LS, MAT_LS, MEN_LS, MET_LS, METE_LS, MIM_LS, MIME_LS, MMD_LS, MTM_LS, MTO_LS, NAE_LS, PEME_LS, PETE_LS, ROS_LS, ROSE_LS, SAO_OL, SBP_LS, SBPE_LS, SECE_LS, STP_LS, TEKE_LS, THO_LS, UCK_LS, UZBE_LS, VBAE_LS, YZVE_LS",,
20711,ATA 122E,ATA,LS,History of Turkish Revolution II,,Pelin Helvacı,INB,Cuma,10:30/12:29,B205,0,29,,"ARC_LS, BIOE_LS, BLG_LS, BLGE_LS, CEN_LS, CEV_LS, CEVE_LS, CHZ_LS, DEN_LS, DUI_LS, ECNE_LS, EEE_LS, EFN_LS, EHB_LS, EHBE_LS, ELK_LS, ELKE_LS, END_LS, ENDE_LS, ENTE_LS, ESS_LS, FIZ_LS, GEM_LS, GEO_LS, GEOE_LS, GID_LS, GMI_LS, HTA_LS, HTAE_LS, IAD_LS, IBM_LS, ICM_LS, IND_LS, INS_LS, INSE_LS, ISLE_LS, JEF_LS, JEO_LS, KIM_LS, KMM_LS, KOM_LS, KOME_LS, MAD_LS, MAK_LS, MAT_LS, MEN_LS, MET_LS, METE_LS, MIM_LS, MIME_LS, MMD_LS, MTM_LS, MTO_LS, NAE_LS, PEME_LS, PETE_LS, ROS_LS, ROSE_LS, SAO_OL, SBP_LS, SBPE_LS, SECE_LS, STP_LS, TEKE_LS, THO_LS, UCK_LS, UZBE_LS, VBAE_LS, YZVE_LS",,
20712,ATA 121,ATA,LS,Atatürk İlk & İnkılap Trh I,,Pelin Helvacı,MED,Çarşamba,10:30/12:29,,68,69,,"ARC_LS, BIO_LS, BIOE_LS, BLG_LS, BLGE_LS, CEN_LS, CEV_LS, CEVE_LS, CHZ_LS, CHZE_LS, DEN_LS, DENE_LS, DUI_LS, DUIE_LS, ECNE_LS, EEE_LS, EFN_LS, EHB_LS, EHBE_LS, ELE_LS, ELH_LS, ELK_LS, ELKE_LS, END_LS, ENDE_LS, ENT_LS, ENTE_LS, EUT_LS, EUTE_LS, FIZ_LS, FIZE_LS, GEM_LS, GEME_LS, GEMK_LS, GEO_LS, GEOE_LS, GID_LS, GIDE_LS, GMI_LS, GMIE_LS, HTA_LS, HTAE_LS, IAD_LS, IBM_LS, ICM_LS, IML_LS, IMLE_LS, IND_LS, INS_LS, INSE_LS, ISL_LS, ISLE_LS, JEF_LS, JEFE_LS, JEO_LS, JEOE_LS, KIM_LS, KIME_LS, KMM_LS, KMME_LS, KOM_LS, KOME_LS, KON_LS, MAD_LS, MADE_LS, MAK_LS, MAT_LS, MATE_LS, MEN_LS, MET_LS, METE_LS, MIM_LS, MIME_LS, MMD_LS, MTM_LS, MTO_LS, MTOE_LS, NAE_LS, PEM_LS, PEME_LS, PET_LS, PETE_LS, ROS_LS, ROSE_LS, SAO_OL, SBP_LS, SBPE_LS, SECE_LS, TEK_LS, TEKE_LS, TEL_LS, THO_LS, UCK_LS, UZB_LS, UZBE_LS, VBAE_LS, YZVE_LS",,
20713,ATA 121,ATA,LS,Atatürk İlk & İnkılap Trh I,,Pelin Helvacı,MED,Çarşamba,13:30/15:29,,68,74,,"ARC_LS, BIO_LS, BIOE_LS, BLG_LS, BLGE_LS, CEN_LS, CEV_LS, CEVE_LS, CHZ_LS, CHZE_LS, DEN_LS, DENE_LS, DUI_LS, DUIE_LS, ECNE_LS, EEE_LS, EFN_LS, EHB_LS, EHBE_LS, ELE_LS, ELH_LS, ELK_LS, ELKE_LS, END_LS, ENDE_LS, ENT_LS, ENTE_LS, EUT_LS, EUTE_LS, FIZ_LS, FIZE_LS, GEM_LS, GEME_LS, GEMK_LS, GEO_LS, GEOE_LS, GID_LS, GIDE_LS, GMI_LS, GMIE_LS, HTA_LS, HTAE_LS, IAD_LS, IBM_LS, ICM_LS, IML_LS, IMLE_LS, IND_LS, INS_LS, INSE_LS, ISL_LS, ISLE_LS, JEF_LS, JEFE_LS, JEO_LS, JEOE_LS, KIM_LS, KIME_LS, KMM_LS, KMME_LS, KOM_LS, KOME_LS, KON_LS, MAD_LS, MADE_LS, MAK_LS, MAT_LS, MATE_LS, MEN_LS, MET_LS, METE_LS, MIM_LS, MIME_LS, MMD_LS, MTM_LS, MTO_LS, MTOE_LS, NAE_LS, PEM_LS, PEME_LS, PET_LS, PETE_LS, ROS_LS, ROSE_LS, SAO_OL, SBP_LS, SBPE_LS, SECE_LS, TEK_LS, TEKE_LS, TEL_LS, THO_LS, UCK_LS, UZB_LS, UZBE_LS, VBAE_LS, YZVE_LS",,
20714,ATA 122,ATA,LS,Atatürk İlk & İnkılap Trh II,,Pelin Helvacı,MED,Salı,08:30/10:29,,68,73,,"ARC_LS, BIO_LS, BIOE_LS, BLG_LS, BLGE_LS, CEN_LS, CEV_LS, CEVE_LS, CHZ_LS, CHZE_LS, DEN_LS, DENE_LS, DUI_LS, DUIE_LS, ECNE_LS, EEE_LS, EFN_LS, EHB_LS, EHBE_LS, ELE_LS, ELH_LS, ELK_LS, ELKE_LS, END_LS, ENDE_LS, ENT_LS, ENTE_LS, EUT_LS, EUTE_LS, FIZ_LS, FIZE_LS, GEM_LS, GEME_LS, GEMK_LS, GEO_LS, GEOE_LS, GID_LS, GIDE_LS, GMI_LS, GMIE_LS, HTA_LS, HTAE_LS, IAD_LS, IBM_LS, ICM_LS, IML_LS, IMLE_LS, IND_LS, INS_LS, INSE_LS, ISL_LS, ISLE_LS, JEF_LS, JEFE_LS, JEO_LS, JEOE_LS, KIM_LS, KIME_LS, KMM_LS, KMME_LS, KOM_LS, KOME_LS, KON_LS, MAD_LS, MADE_LS, MAK_LS, MAT_LS, MATE_LS, MEN_LS, MET_LS, METE_LS, MIM_LS, MIME_LS, MMD_LS, MTM_LS, MTO_LS, MTOE_LS, NAE_LS, PEM_LS, PEME_LS, PET_LS, PETE_LS, ROS_LS, ROSE_LS, SAO_OL, SBP_LS, SBPE_LS, SECE_LS, TEK_LS, TEKE_LS, TEL_LS, THO_LS, UCK_LS, UZB_LS, UZBE_LS, VBAE_LS, YZVE_LS",,
20715,ATA 122,ATA,LS,Atatürk İlk & İnkılap Trh II,,Pelin Helvacı,MED,Salı,10:30/12:29,,68,68,,"ARC_LS, BIO_LS, BIOE_LS, BLG_LS, BLGE_LS, CEN_LS, CEV_LS, CEVE_LS, CHZ_LS, CHZE_LS, DEN_LS, DENE_LS, DUI_LS, DUIE_LS, ECNE_LS, EEE_LS, EFN_LS, EHB_LS, EHBE_LS, ELE_LS, ELH_LS, ELK_LS, ELKE_LS, END_LS, ENDE_LS, ENT_LS, ENTE_LS, EUT_LS, EUTE_LS, FIZ_LS, FIZE_LS, GEM_LS, GEME_LS, GEMK_LS, GEO_LS, GEOE_LS, GID_LS, GIDE_LS, GMI_LS, GMIE_LS, HTA_LS, HTAE_LS, IAD_LS, IBM_LS, ICM_LS, IML_LS, IMLE_LS, IND_LS, INS_LS, INSE_LS, ISL_LS, ISLE_LS, JEF_LS, JEFE_LS, JEO_LS, JEOE_LS, KIM_LS, KIME_LS, KMM_LS, KMME_LS, KOM_LS, KOME_LS, KON_LS, MAD_LS, MADE_LS, MAK_LS, MAT_LS, MATE_LS, MEN_LS, MET_LS, METE_LS, MIM_LS, MIME_LS, MMD_LS, MTM_LS, MTO_LS, MTOE_LS, NAE_LS, PEM_LS, PEME_LS, PET_LS, PETE_LS, ROS_LS, ROSE_LS, SAO_OL, SBP_LS, SBPE_LS, SECE_LS, TEK_LS, TEKE_LS, TEL_LS, THO_LS, UCK_LS, UZB_LS, UZBE_LS, VBAE_LS, YZVE_LS",,
20716,ATA 121,ATA,LS,Atatürk İlk & İnkılap Trh I,,Sait Kofoğlu,INB,Salı,13:30/15:29,B202,65,57,,"ARC_LS, BIO_LS, BIOE_LS, BLG_LS, BLGE_LS, CEN_LS, CEV_LS, CEVE_LS, CHZ_LS, CHZE_LS, DEN_LS, DENE_LS, DUI_LS, DUIE_LS, ECNE_LS, EEE_LS, EFN_LS, EHB_LS, EHBE_LS, ELE_LS, ELH_LS, ELK_LS, ELKE_LS, END_LS, ENDE_LS, ENT_LS, ENTE_LS, EUT_LS, EUTE_LS, FIZ_LS, FIZE_LS, GEM_LS, GEME_LS, GEMK_LS, GEO_LS, GEOE_LS, GID_LS, GIDE_LS, GMI_LS, GMIE_LS, HTA_LS, HTAE_LS, IAD_LS, IBM_LS, ICM_LS, IML_LS, IMLE_LS, IND_LS, INS_LS, INSE_LS, ISL_LS, ISLE_LS, JEF_LS, JEFE_LS, JEO_LS, JEOE_LS, KIM_LS, KIME_LS, KMM_LS, KMME_LS, KOM_LS, KOME_LS, KON_LS, MAD_LS, MADE_LS, MAK_LS, MAT_LS, MATE_LS, MEN_LS, MET_LS, METE_LS, MIM_LS, MIME_LS, MMD_LS, MTM_LS, MTO_LS, MTOE_LS, NAE_LS, PEM_LS, PEME_LS, PET_LS, PETE_LS, ROS_LS, ROSE_LS, SAO_OL, SBP_LS, SBPE_LS, SECE_LS, TEK_LS, TEKE_LS, TEL_LS, THO_LS, UCK_LS, UZB_LS, UZBE_LS, VBAE_LS, YZVE_LS",,
20717,ATA 121,ATA,LS,Atatürk İlk & İnkılap Trh I,,Sait Kofoğlu,INB,Salı,15:30/17:29,B202,68,64,,"ARC_LS, BIO_LS, BIOE_LS, BLG_LS, BLGE_LS, CEN_LS, CEV_LS, CEVE_LS, CHZ_LS, CHZE_LS, DEN_LS, DENE_LS, DUI_LS, DUIE_LS, ECNE_LS, EEE_LS, EFN_LS, EHB_LS, EHBE_LS, ELE_LS, ELH_LS, ELK_LS, ELKE_LS, END_LS, ENDE_LS, ENT_LS, ENTE_LS, EUT_LS, EUTE_LS, FIZ_LS, FIZE_LS, GEM_LS, GEME_LS, GEMK_LS, GEO_LS, GEOE_LS, GID_LS, GIDE_LS, GMI_LS, GMIE_LS, HTA_LS, HTAE_LS, IAD_LS, IBM_LS, ICM_LS, IML_LS, IMLE_LS, IND_LS, INS_LS, INSE_LS, ISL_LS, ISLE_LS, JEF_LS, JEFE_LS, JEO_LS, JEOE_LS, KIM_LS, KIME_LS, KMM_LS, KMME_LS, KOM_LS, KOME_LS, KON_LS, MAD_LS, MADE_LS, MAK_LS, MAT_LS, MATE_LS, MEN_LS, MET_LS, METE_LS, MIM_LS, MIME_LS, MMD_LS, MTM_LS, MTO_LS, MTOE_LS, NAE_LS, PEM_LS, PEME_LS, PET_LS, PETE_LS, ROS_LS, ROSE_LS, SAO_OL, SBP_LS, SBPE_LS, SECE_LS, TEK_LS, TEKE_LS, TEL_LS, THO_LS, UCK_LS, UZB_LS, UZBE_LS, VBAE_LS, YZVE_LS",,
20718,ATA 121,ATA,LS,Atatürk İlk & İnkılap Trh I,,Sait Kofoğlu,INB,Çarşamba,13:30/15:29,B202,65,62,,"ARC_LS, BIO_LS, BIOE_LS, BLG_LS, BLGE_LS, CEN_LS, CEV_LS, CEVE_LS, CHZ_LS, CHZE_LS, DEN_LS, DENE_LS, DUI_LS, DUIE_LS, ECNE_LS, EEE_LS, EFN_LS, EHB_LS, EHBE_LS, ELE_LS, ELH_LS, ELK_LS, ELKE_LS, END_LS, ENDE_LS, ENT_LS, ENTE_LS, EUT_LS, EUTE_LS, FIZ_LS, FIZE_LS, GEM_LS, GEME_LS, GEMK_LS, GEO_LS, GEOE_LS, GID_LS, GIDE_LS, GMI_LS, GMIE_LS, HTA_LS, HTAE_LS, IAD_LS, IBM_LS, ICM_LS, IML_LS, IMLE_LS, IND_LS, INS_LS, INSE_LS, ISL_LS, ISLE_LS, JEF_LS, JEFE_LS, JEO_LS, JEOE_LS, KIM_LS, KIME_LS, KMM_LS, KMME_LS, KOM_LS, KOME_LS, KON_LS, MAD_LS, MADE_LS, MAK_LS, MAT_LS, MATE_LS, MEN_LS, MET_LS, METE_LS, MIM_LS, MIME_LS, MMD_LS, MTM_LS, MTO_LS, MTOE_LS, NAE_LS, PEM_LS, PEME_LS, PET_LS, PETE_LS, ROS_LS, ROSE_LS, SAO_OL, SBP_LS, SBPE_LS, SECE_LS, TEK_LS, TEKE_LS, TEL_LS, THO_LS, UCK_LS, UZB_LS, UZBE_LS, VBAE_LS, YZVE_LS",,
20719,ATA 122,ATA,LS,Atatürk İlk & İnkılap Trh II,,Sait Kofoğlu,INB,Perşembe,13:30/15:29,B202,65,59,,"ARC_LS, BIO_LS, BIOE_LS, BLG_LS, BLGE_LS, CEN_LS, CEV_LS, CEVE_LS, CHZ_LS, CHZE_LS, DEN_LS, DENE_LS, DUI_LS, DUIE_LS, ECNE_LS, EEE_LS, EFN_LS, EHB_LS, EHBE_LS, ELE_LS, ELH_LS, ELK_LS, ELKE_LS, END_LS, ENDE_LS, ENT_LS, ENTE_LS, EUT_LS, EUTE_LS, FIZ_LS, FIZE_LS, GEM_LS, GEME_LS, GEMK_LS, GEO_LS, GEOE_LS, GID_LS, GIDE_LS, GMI_LS, GMIE_LS, HTA_LS, HTAE_LS, IAD_LS, IBM_LS, ICM_LS, IML_LS, IMLE_LS, IND_LS, INS_LS, INSE_LS, ISL_LS, ISLE_LS, JEF_LS, JEFE_LS, JEO_LS, JEOE_LS, KIM_LS, KIME_LS, KMM_LS, KMME_LS, KOM_LS, KOME_LS, KON_LS, MAD_LS, MADE_LS, MAK_LS, MAT_LS, MATE_LS, MEN_LS, MET_LS, METE_LS, MIM_LS, MIME_LS, MMD_LS, MTM_LS, MTO_LS, MTOE_LS, NAE_LS, PEM_LS, PEME_LS, PET_LS, PETE_LS, ROS_LS, ROSE_LS, SAO_OL, SBP_LS, SBPE_LS, SECE_LS, TEK_LS, TEKE_LS, TEL_LS, THO_LS, UCK_LS, UZB_LS, UZBE_LS, VBAE_LS, YZVE_LS",,
20720,ATA 121,ATA,LS,Atatürk İlk & İnkılap Trh I,,Sait Kofoğlu,INB,Perşembe,15:30/17:29,B202,68,62,,"ARC_LS, BIO_LS, BIOE_LS, BLG_LS, BLGE_LS, CEN_LS, CEV_LS, CEVE_LS, CHZ_LS, CHZE_LS, DEN_LS, DENE_LS, DUI_LS, DUIE_LS, ECNE_LS, EEE_LS, EFN_LS, EHB_LS, EHBE_LS, ELE_LS, ELH_LS, ELK_LS, ELKE_LS, END_LS, ENDE_LS, ENT_LS, ENTE_LS, EUT_LS, EUTE_LS, FIZ_LS, FIZE_LS, GEM_LS, GEME_LS, GEMK_LS, GEO_LS, GEOE_LS, GID_LS, GIDE_LS, GMI_LS, GMIE_LS, HTA_LS, HTAE_LS, IAD_LS, IBM_LS, ICM_LS, IML_LS, IMLE_LS, IND_LS, INS_LS, INSE_LS, ISL_LS, ISLE_LS, JEF_LS, JEFE_LS, JEO_LS, JEOE_LS, KIM_LS, KIME_LS, KMM_LS, KMME_LS, KOM_LS, KOME_LS, KON_LS, MAD_LS, MADE_LS, MAK_LS, MAT_LS, MATE_LS, MEN_LS, MET_LS, METE_LS, MIM_LS, MIME_LS, MMD_LS, MTM_LS, MTO_LS, MTOE_LS, NAE_LS, PEM_LS, PEME_LS, PET_LS, PETE_LS, ROS_LS, ROSE_LS, SAO_OL, SBP_LS, SBPE_LS, SECE_LS, TEK_LS, TEKE_LS, TEL_LS, THO_LS, UCK_LS, UZB_LS, UZBE_LS, VBAE_LS, YZVE_LS",,
20721,ATA 122,ATA,LS,Atatürk İlk & İnkılap Trh II,,Serap Sarıhan,MED,Cuma,10:30/12:29,,68,70,,"ARC_LS, BIO_LS, BIOE_LS, BLG_LS, BLGE_LS, CEN_LS, CEV_LS, CEVE_LS, CHZ_LS, CHZE_LS, DEN_LS, DENE_LS, DUI_LS, DUIE_LS, ECNE_LS, EEE_LS, EFN_LS, EHB_LS, EHBE_LS, ELE_LS, ELH_LS, ELK_LS, ELKE_LS, END_LS, ENDE_LS, ENT_LS, ENTE_LS, EUT_LS, EUTE_LS, FIZ_LS, FIZE_LS, GEM_LS, GEME_LS, GEMK_LS, GEO_LS, GEOE_LS, GID_LS, GIDE_LS, GMI_LS, GMIE_LS, HTA_LS, HTAE_LS, IAD_LS, IBM_LS, ICM_LS, IML_LS, IMLE_LS, IND_LS, INS_LS, INSE_LS, ISL_LS, ISLE_LS, JEF_LS, JEFE_LS, JEO_LS, JEOE_LS, KIM_LS, KIME_LS, KMM_LS, KMME_LS, KOM_LS, KOME_LS, KON_LS, MAD_LS, MADE_LS, MAK_LS, MAT_LS, MATE_LS, MEN_LS, MET_LS, METE_LS, MIM_LS, MIME_LS, MMD_LS, MTM_LS, MTO_LS, MTOE_LS, NAE_LS, PEM_LS, PEME_LS, PET_LS, PETE_LS, ROS_LS, ROSE_LS, SAO_OL, SBP_LS, SBPE_LS, SECE_LS, TEK_LS, TEKE_LS, TEL_LS, THO_LS, UCK_LS, UZB_LS, UZBE_LS, VBAE_LS, YZVE_LS",,
20722,ATA 122,ATA,LS,Atatürk İlk & İnkılap Trh II,,Serap Sarıhan,MED,Çarşamba,10:30/12:29,,68,68,,"ARC_LS, BIO_LS, BIOE_LS, BLG_LS, BLGE_LS, CEN_LS, CEV_LS, CEVE_LS, CHZ_LS, CHZE_LS, DEN_LS, DENE_LS, DUI_LS, DUIE_LS, ECNE_LS, EEE_LS, EFN_LS, EHB_LS, EHBE_LS, ELE_LS, ELH_LS, ELK_LS, ELKE_LS, END_LS, ENDE_LS, ENT_LS, ENTE_LS, EUT_LS, EUTE_LS, FIZ_LS, FIZE_LS, GEM_LS, GEME_LS, GEMK_LS, GEO_LS, GEOE_LS, GID_LS, GIDE_LS, GMI_LS, GMIE_LS, HTA_LS, HTAE_LS, IAD_LS, IBM_LS, ICM_LS, IML_LS, IMLE_LS, IND_LS, INS_LS, INSE_LS, ISL_LS, ISLE_LS, JEF_LS, JEFE_LS, JEO_LS, JEOE_LS, KIM_LS, KIME_LS, KMM_LS, KMME_LS, KOM_LS, KOME_LS, KON_LS, MAD_LS, MADE_LS, MAK_LS, MAT_LS, MATE_LS, MEN_LS, MET_LS, METE_LS, MIM_LS, MIME_LS, MMD_LS, MTM_LS, MTO_LS, MTOE_LS, NAE_LS, PEM_LS, PEME_LS, PET_LS, PETE_LS, ROS_LS, ROSE_LS, SAO_OL, SBP_LS, SBPE_LS, SECE_LS, TEK_LS, TEKE_LS, TEL_LS, THO_LS, UCK_LS, UZB_LS, UZBE_LS, VBAE_LS, YZVE_LS",,
20723,ATA 121,ATA,LS,Atatürk İlk & İnkılap Trh I,,Serap Sarıhan,MED,Pazartesi,08:30/10:29,,68,72,,"ARC_LS, BIO_LS, BIOE_LS, BLG_LS, BLGE_LS, CEN_LS, CEV_LS, CEVE_LS, CHZ_LS, CHZE_LS, DEN_LS, DENE_LS, DUI_LS, DUIE_LS, ECNE_LS, EEE_LS, EFN_LS, EHB_LS, EHBE_LS, ELE_LS, ELH_LS, ELK_LS, ELKE_LS, END_LS, ENDE_LS, ENT_LS, ENTE_LS, EUT_LS, EUTE_LS, FIZ_LS, FIZE_LS, GEM_LS, GEME_LS, GEMK_LS, GEO_LS, GEOE_LS, GID_LS, GIDE_LS, GMI_LS, GMIE_LS, HTA_LS, HTAE_LS, IAD_LS, IBM_LS, ICM_LS, IML_LS, IMLE_LS, IND_LS, INS_LS, INSE_LS, ISL_LS, ISLE_LS, JEF_LS, JEFE_LS, JEO_LS, JEOE_LS, KIM_LS, KIME_LS, KMM_LS, KMME_LS, KOM_LS, KOME_LS, KON_LS, MAD_LS, MADE_LS, MAK_LS, MAT_LS, MATE_LS, MEN_LS, MET_LS, METE_LS, MIM_LS, MIME_LS, MMD_LS, MTM_LS, MTO_LS, MTOE_LS, NAE_LS, PEM_LS, PEME_LS, PET_LS, PETE_LS, ROS_LS, ROSE_LS, SAO_OL, SBP_LS, SBPE_LS, SECE_LS, TEK_LS, TEKE_LS, TEL_LS, THO_LS, UCK_LS, UZB_LS, UZBE_LS, VBAE_LS, YZVE_LS",,
20725,ATA 122,ATA,LS,Atatürk İlk & İnkılap Trh II,,Serap Sarıhan,MED,Perşembe,08:30/10:29,,68,69,,"ARC_LS, BIO_LS, BIOE_LS, BLG_LS, BLGE_LS, CEN_LS, CEV_LS, CEVE_LS, CHZ_LS, CHZE_LS, DEN_LS, DENE_LS, DUI_LS, DUIE_LS, ECNE_LS, EEE_LS, EFN_LS, EHB_LS, EHBE_LS, ELE_LS, ELH_LS, ELK_LS, ELKE_LS, END_LS, ENDE_LS, ENT_LS, ENTE_LS, EUT_LS, EUTE_LS, FIZ_LS, FIZE_LS, GEM_LS, GEME_LS, GEMK_LS, GEO_LS, GEOE_LS, GID_LS, GIDE_LS, GMI_LS, GMIE_LS, HTA_LS, HTAE_LS, IAD_LS, IBM_LS, ICM_LS, IML_LS, IMLE_LS, IND_LS, INS_LS, INSE_LS, ISL_LS, ISLE_LS, JEF_LS, JEFE_LS, JEO_LS, JEOE_LS, KIM_LS, KIME_LS, KMM_LS, KMME_LS, KOM_LS, KOME_LS, KON_LS, MAD_LS, MADE_LS, MAK_LS, MAT_LS, MATE_LS, MEN_LS, MET_LS, METE_LS, MIM_LS, MIME_LS, MMD_LS, MTM_LS, MTO_LS, MTOE_LS, NAE_LS, PEM_LS, PEME_LS, PET_LS, PETE_LS, ROS_LS, ROSE_LS, SAO_OL, SBP_LS, SBPE_LS, SECE_LS, TEK_LS, TEKE_LS, TEL_LS, THO_LS, UCK_LS, UZB_LS, UZBE_LS, VBAE_LS, YZVE_LS",,
20727,ATA 121,ATA,LS,Atatürk İlk & İnkılap Trh I,,Yusuf Ziya Altıntaş,MED,Çarşamba,08:30/10:29,,68,68,,"ARC_LS, BIO_LS, BIOE_LS, BLG_LS, BLGE_LS, CEN_LS, CEV_LS, CEVE_LS, CHZ_LS, CHZE_LS, DEN_LS, DENE_LS, DUI_LS, DUIE_LS, ECNE_LS, EEE_LS, EFN_LS, EHB_LS, EHBE_LS, ELE_LS, ELH_LS, ELK_LS, ELKE_LS, END_LS, ENDE_LS, ENT_LS, ENTE_LS, EUT_LS, EUTE_LS, FIZ_LS, FIZE_LS, GEM_LS, GEME_LS, GEMK_LS, GEO_LS, GEOE_LS, GID_LS, GIDE_LS, GMI_LS, GMIE_LS, HTA_LS, HTAE_LS, IAD_LS, IBM_LS, ICM_LS, IML_LS, IMLE_LS, IND_LS, INS_LS, INSE_LS, ISL_LS, ISLE_LS, JEF_LS, JEFE_LS, JEO_LS, JEOE_LS, KIM_LS, KIME_LS, KMM_LS, KMME_LS, KOM_LS, KOME_LS, KON_LS, MAD_LS, MADE_LS, MAK_LS, MAT_LS, MATE_LS, MEN_LS, MET_LS, METE_LS, MIM_LS, MIME_LS, MMD_LS, MTM_LS, MTO_LS, MTOE_LS, NAE_LS, PEM_LS, PEME_LS, PET_LS, PETE_LS, ROS_LS, ROSE_LS, SAO_OL, SBP_LS, SBPE_LS, SECE_LS, TEK_LS, TEKE_LS, TEL_LS, THO_LS, UCK_LS, UZB_LS, UZBE_LS, VBAE_LS, YZVE_LS",,
20728,ATA 121,ATA,LS,Atatürk İlk & İnkılap Trh I,,Yusuf Ziya Altıntaş,MED,Çarşamba,10:30/12:29,,68,68,,"ARC_LS, BIO_LS, BIOE_LS, BLG_LS, BLGE_LS, CEN_LS, CEV_LS, CEVE_LS, CHZ_LS, CHZE_LS, DEN_LS, DENE_LS, DUI_LS, DUIE_LS, ECNE_LS, EEE_LS, EFN_LS, EHB_LS, EHBE_LS, ELE_LS, ELH_LS, ELK_LS, ELKE_LS, END_LS, ENDE_LS, ENT_LS, ENTE_LS, EUT_LS, EUTE_LS, FIZ_LS, FIZE_LS, GEM_LS, GEME_LS, GEMK_LS, GEO_LS, GEOE_LS, GID_LS, GIDE_LS, GMI_LS, GMIE_LS, HTA_LS, HTAE_LS, IAD_LS, IBM_LS, ICM_LS, IML_LS, IMLE_LS, IND_LS, INS_LS, INSE_LS, ISL_LS, ISLE_LS, JEF_LS, JEFE_LS, JEO_LS, JEOE_LS, KIM_LS, KIME_LS, KMM_LS, KMME_LS, KOM_LS, KOME_LS, KON_LS, MAD_LS, MADE_LS, MAK_LS, MAT_LS, MATE_LS, MEN_LS, MET_LS, METE_LS, MIM_LS, MIME_LS, MMD_LS, MTM_LS, MTO_LS, MTOE_LS, NAE_LS, PEM_LS, PEME_LS, PET_LS, PETE_LS, ROS_LS, ROSE_LS, SAO_OL, SBP_LS, SBPE_LS, SECE_LS, TEK_LS, TEKE_LS, TEL_LS, THO_LS, UCK_LS, UZB_LS, UZBE_LS, VBAE_LS, YZVE_LS",,
20729,ATA 122,ATA,LS,Atatürk İlk & İnkılap Trh II,,Yusuf Ziya Altıntaş,MED,Pazartesi,08:30/10:29,,68,67,,"ARC_LS, BIO_LS, BIOE_LS, BLG_LS, BLGE_LS, CEN_LS, CEV_LS, CEVE_LS, CHZ_LS, CHZE_LS, DEN_LS, DENE_LS, DUI_LS, DUIE_LS, ECNE_LS, EEE_LS, EFN_LS, EHB_LS, EHBE_LS, ELE_LS, ELH_LS, ELK_LS, ELKE_LS, END_LS, ENDE_LS, ENT_LS, ENTE_LS, EUT_LS, EUTE_LS, FIZ_LS, FIZE_LS, GEM_LS, GEME_LS, GEMK_LS, GEO_LS, GEOE_LS, GID_LS, GIDE_LS, GMI_LS, GMIE_LS, HTA_LS, HTAE_LS, IAD_LS, IBM_LS, ICM_LS, IML_LS, IMLE_LS, IND_LS, INS_LS, INSE_LS, ISL_LS, ISLE_LS, JEF_LS, JEFE_LS, JEO_LS, JEOE_LS, KIM_LS, KIME_LS, KMM_LS, KMME_LS, KOM_LS, KOME_LS, KON_LS, MAD_LS, MADE_LS, MAK_LS, MAT_LS, MATE_LS, MEN_LS, MET_LS, METE_LS, MIM_LS, MIME_LS, MMD_LS, MTM_LS, MTO_LS, MTOE_LS, NAE_LS, PEM_LS, PEME_LS, PET_LS, PETE_LS, ROS_LS, ROSE_LS, SAO_OL, SBP_LS, SBPE_LS, SECE_LS, TEK_LS, TEKE_LS, TEL_LS, THO_LS, UCK_LS, UZB_LS, UZBE_LS, VBAE_LS, YZVE_LS",,
20730,ATA 122,ATA,LS,Atatürk İlk & İnkılap Trh II,,Yusuf Ziya Altıntaş,MED,Pazartesi,10:30/12:29,,68,68,,"ARC_LS, BIO_LS, BIOE_LS, BLG_LS, BLGE_LS, CEN_LS, CEV_LS, CEVE_LS, CHZ_LS, CHZE_LS, DEN_LS, DENE_LS, DUI_LS, DUIE_LS, ECNE_LS, EEE_LS, EFN_LS, EHB_LS, EHBE_LS, ELE_LS, ELH_LS, ELK_LS, ELKE_LS, END_LS, ENDE_LS, ENT_LS, ENTE_LS, EUT_LS, EUTE_LS, FIZ_LS, FIZE_LS, GEM_LS, GEME_LS, GEMK_LS, GEO_LS, GEOE_LS, GID_LS, GIDE_LS, GMI_LS, GMIE_LS, HTA_LS, HTAE_LS, IAD_LS, IBM_LS, ICM_LS, IML_LS, IMLE_LS, IND_LS, INS_LS, INSE_LS, ISL_LS, ISLE_LS, JEF_LS, JEFE_LS, JEO_LS, JEOE_LS, KIM_LS, KIME_LS, KMM_LS, KMME_LS, KOM_LS, KOME_LS, KON_LS, MAD_LS, MADE_LS, MAK_LS, MAT_LS, MATE_LS, MEN_LS, MET_LS, METE_LS, MIM_LS, MIME_LS, MMD_LS, MTM_LS, MTO_LS, MTOE_LS, NAE_LS, PEM_LS, PEME_LS, PET_LS, PETE_LS, ROS_LS, ROSE_LS, SAO_OL, SBP_LS, SBPE_LS, SECE_LS, TEK_LS, TEKE_LS, TEL_LS, THO_LS, UCK_LS, UZB_LS, UZBE_LS, VBAE_LS, YZVE_LS",,
20731,ATA 121,ATA,LS,Atatürk İlk & İnkılap Trh I,,Yusuf Ziya Altıntaş,MED,Perşembe,08:30/10:29,,68,68,,"ARC_LS, BIO_LS, BIOE_LS, BLG_LS, BLGE_LS, CEN_LS, CEV_LS, CEVE_LS, CHZ_LS, CHZE_LS, DEN_LS, DENE_LS, DUI_LS, DUIE_LS, ECNE_LS, EEE_LS, EFN_LS, EHB_LS, EHBE_LS, ELE_LS, ELH_LS, ELK_LS, ELKE_LS, END_LS, ENDE_LS, ENT_LS, ENTE_LS, EUT_LS, EUTE_LS, FIZ_LS, FIZE_LS, GEM_LS, GEME_LS, GEMK_LS, GEO_LS, GEOE_LS, GID_LS, GIDE_LS, GMI_LS, GMIE_LS, HTA_LS, HTAE_LS, IAD_LS, IBM_LS, ICM_LS, IML_LS, IMLE_LS, IND_LS, INS_LS, INSE_LS, ISL_LS, ISLE_LS, JEF_LS, JEFE_LS, JEO_LS, JEOE_LS, KIM_LS, KIME_LS, KMM_LS, KMME_LS, KOM_LS, KOME_LS, KON_LS, MAD_LS, MADE_LS, MAK_LS, MAT_LS, MATE_LS, MEN_LS, MET_LS, METE_LS, MIM_LS, MIME_LS, MMD_LS, MTM_LS, MTO_LS, MTOE_LS, NAE_LS, PEM_LS, PEME_LS, PET_LS, PETE_LS, ROS_LS, ROSE_LS, SAO_OL, SBP_LS, SBPE_LS, SECE_LS, TEK_LS, TEKE_LS, TEL_LS, THO_LS, UCK_LS, UZB_LS, UZBE_LS, VBAE_LS, YZVE_LS",,
20733,ATA 121,ATA,LS,Atatürk İlk & İnkılap Trh I,,Yusuf Ziya Altıntaş,INB,Perşembe,10:30/12:29,B202,65,57,,"ARC_LS, BIO_LS, BIOE_LS, BLG_LS, BLGE_LS, CEN_LS, CEV_LS, CEVE_LS, CHZ_LS, CHZE_LS, DEN_LS, DENE_LS, DUI_LS, DUIE_LS, ECNE_LS, EEE_LS, EFN_LS, EHB_LS, EHBE_LS, ELE_LS, ELH_LS, ELK_LS, ELKE_LS, END_LS, ENDE_LS, ENT_LS, ENTE_LS, EUT_LS, EUTE_LS, FIZ_LS, FIZE_LS, GEM_LS, GEME_LS, GEMK_LS, GEO_LS, GEOE_LS, GID_LS, GIDE_LS, GMI_LS, GMIE_LS, HTA_LS, HTAE_LS, IAD_LS, IBM_LS, ICM_LS, IML_LS, IMLE_LS, IND_LS, INS_LS, INSE_LS, ISL_LS, ISLE_LS, JEF_LS, JEFE_LS, JEO_LS, JEOE_LS, KIM_LS, KIME_LS, KMM_LS, KMME_LS, KOM_LS, KOME_LS, KON_LS, MAD_LS, MADE_LS, MAK_LS, MAT_LS, MATE_LS, MEN_LS, MET_LS, METE_LS, MIM_LS, MIME_LS, MMD_LS, MTM_LS, MTO_LS, MTOE_LS, NAE_LS, PEM_LS, PEME_LS, PET_LS, PETE_LS, ROS_LS, ROSE_LS, SAO_OL, SBP_LS, SBPE_LS, SECE_LS, TEK_LS, TEKE_LS, TEL_LS, THO_LS, UCK_LS, UZB_LS, UZBE_LS, VBAE_LS, YZVE_LS",,
20734,HUK 201,HUK,LS,İş Hukuku,,Gizem Sarıbay Öztürk,MED,Salı,08:30/11:29,A16,200,148,,"AIN_LS, ARC_LS, BIO_LS, BIOE_LS, CEV_LS, CEVE_LS, CHZ_LS, CHZE_LS, DEN_LS, DENE_LS, DUI_LS, EEE_LS, EFN_LS, EHB_LS, EHBE_LS, EHS_LS, ELE_LS, ELK_LS, ELKE_LS, END_LS, ENDE_LS, FIZ_LS, FIZE_LS, GEM_LS, GEME_LS, GEMK_LS, GEO_LS, GEOE_LS, GID_LS, GIDE_LS, IML_LS, IMLE_LS, IND_LS, INS_LS, INSE_LS, JEF_LS, JEFE_LS, KIM_LS, KIME_LS, KOM_LS, KOME_LS, MAD_LS, MADE_LS, MAK_LS, MAKE_LS, MMD_LS, NAE_LS, ROS_LS, ROSE_LS, TEK_LS, TEKE_LS, UCK_LS, UZB_LS, UZBE_LS",,
20735,HUK 201,HUK,LS,İş Hukuku,,Muhammed Türkalp Seçkin,MED,Salı,13:30/16:29,A31,200,122,,"AIN_LS, ARC_LS, BIO_LS, BIOE_LS, CEV_LS, CEVE_LS, CHZ_LS, CHZE_LS, DEN_LS, DENE_LS, DUI_LS, EEE_LS, EFN_LS, EHB_LS, EHBE_LS, EHS_LS, ELE_LS, ELK_LS, ELKE_LS, END_LS, ENDE_LS, FIZ_LS, FIZE_LS, GEM_LS, GEME_LS, GEMK_LS, GEO_LS, GEOE_LS, GID_LS, GIDE_LS, IML_LS, IMLE_LS, IND_LS, INS_LS, INSE_LS, JEF_LS, JEFE_LS, KIM_LS, KIME_LS, KOM_LS, KOME_LS, MAD_LS, MADE_LS, MAK_LS, MAKE_LS, MMD_LS, NAE_LS, ROS_LS, ROSE_LS, TEK_LS, TEKE_LS, UCK_LS, UZB_LS, UZBE_LS",,
20736,ATA 121,ATA,LS,Atatürk İlk & İnkılap Trh I,,-,MED,Salı,08:30/10:29,,0,0,,"ARC_LS, BIO_LS, BIOE_LS, BLG_LS, BLGE_LS, CEN_LS, CEV_LS, CEVE_LS, CHZ_LS, CHZE_LS, DEN_LS, DENE_LS, DUI_LS, DUIE_LS, ECNE_LS, EEE_LS, EFN_LS, EHB_LS, EHBE_LS, ELE_LS, ELH_LS, ELK_LS, ELKE_LS, END_LS, ENDE_LS, ENT_LS, ENTE_LS, EUT_LS, EUTE_LS, FIZ_LS, FIZE_LS, GEM_LS, GEME_LS, GEMK_LS, GEO_LS, GEOE_LS, GID_LS, GIDE_LS, GMI_LS, GMIE_LS, HTA_LS, HTAE_LS, IAD_LS, IBM_LS, ICM_LS, IML_LS, IMLE_LS, IND_LS, INS_LS, INSE_LS, ISL_LS, ISLE_LS, JEF_LS, JEFE_LS, JEO_LS, JEOE_LS, KIM_LS, KIME_LS, KMM_LS, KMME_LS, KOM_LS, KOME_LS, KON_LS, MAD_LS, MADE_LS, MAK_LS, MAT_LS, MATE_LS, MEN_LS, MET_LS, METE_LS, MIM_LS, MIME_LS, MMD_LS, MTM_LS, MTO_LS, MTOE_LS, NAE_LS, PEM_LS, PEME_LS, PET_LS, PETE_LS, ROS_LS, ROSE_LS, SAO_OL, SBP_LS, SBPE_LS, SECE_LS, TEK_LS, TEKE_LS, TEL_LS, THO_LS, UCK_LS, UZB_LS, UZBE_LS, VBAE_LS, YZVE_LS",,
20737,HUK 201,HUK,LS,İş Hukuku,,Gizem Sarıbay Öztürk,MED,Perşembe,08:30/11:29,A16,200,162,,"AIN_LS, ARC_LS, BIO_LS, BIOE_LS, CEV_LS, CEVE_LS, CHZ_LS, CHZE_LS, DEN_LS, DENE_LS, DUI_LS, EEE_LS, EFN_LS, EHB_LS, EHBE_LS, EHS_LS, ELE_LS, ELK_LS, ELKE_LS, END_LS, ENDE_LS, FIZ_LS, FIZE_LS, GEM_LS, GEME_LS, GEMK_LS, GEO_LS, GEOE_LS, GID_LS, GIDE_LS, IML_LS, IMLE_LS, IND_LS, INS_LS, INSE_LS, JEF_LS, JEFE_LS, KIM_LS, KIME_LS, KOM_LS, KOME_LS, MAD_LS, MADE_LS, MAK_LS, MAKE_LS, MMD_LS, NAE_LS, ROS_LS, ROSE_LS, TEK_LS, TEKE_LS, UCK_LS, UZB_LS, UZBE_LS",,
20738,ATA 121,ATA,LS,Atatürk İlk & İnkılap Trh I,,Faruk Deniz,INB,Çarşamba,12:30/14:29,B205,68,63,,"ARC_LS, BIO_LS, BIOE_LS, BLG_LS, BLGE_LS, CEN_LS, CEV_LS, CEVE_LS, CHZ_LS, CHZE_LS, DEN_LS, DENE_LS, DUI_LS, DUIE_LS, ECNE_LS, EEE_LS, EFN_LS, EHB_LS, EHBE_LS, ELE_LS, ELH_LS, ELK_LS, ELKE_LS, END_LS, ENDE_LS, ENT_LS, ENTE_LS, EUT_LS, EUTE_LS, FIZ_LS, FIZE_LS, GEM_LS, GEME_LS, GEMK_LS, GEO_LS, GEOE_LS, GID_LS, GIDE_LS, GMI_LS, GMIE_LS, HTA_LS, HTAE_LS, IAD_LS, IBM_LS, ICM_LS, IML_LS, IMLE_LS, IND_LS, INS_LS, INSE_LS, ISL_LS, ISLE_LS, JEF_LS, JEFE_LS, JEO_LS, JEOE_LS, KIM_LS, KIME_LS, KMM_LS, KMME_LS, KOM_LS, KOME_LS, KON_LS, MAD_LS, MADE_LS, MAK_LS, MAT_LS, MATE_LS, MEN_LS, MET_LS, METE_LS, MIM_LS, MIME_LS, MMD_LS, MTM_LS, MTO_LS, MTOE_LS, NAE_LS, PEM_LS, PEME_LS, PET_LS, PETE_LS, ROS_LS, ROSE_LS, SAO_OL, SBP_LS, SBPE_LS, SECE_LS, TEK_LS, TEKE_LS, TEL_LS, THO_LS, UCK_LS, UZB_LS, UZBE_LS, VBAE_LS, YZVE_LS",,
20739,ATA 121,ATA,LS,Atatürk İlk & İnkılap Trh I,,Faruk Deniz,INB,Çarşamba,10:30/12:29,B205,65,43,,"ARC_LS, BIO_LS, BIOE_LS, BLG_LS, BLGE_LS, CEN_LS, CEV_LS, CEVE_LS, CHZ_LS, CHZE_LS, DEN_LS, DENE_LS, DUI_LS, DUIE_LS, ECNE_LS, EEE_LS, EFN_LS, EHB_LS, EHBE_LS, ELE_LS, ELH_LS, ELK_LS, ELKE_LS, END_LS, ENDE_LS, ENT_LS, ENTE_LS, EUT_LS, EUTE_LS, FIZ_LS, FIZE_LS, GEM_LS, GEME_LS, GEMK_LS, GEO_LS, GEOE_LS, GID_LS, GIDE_LS, GMI_LS, GMIE_LS, HTA_LS, HTAE_LS, IAD_LS, IBM_LS, ICM_LS, IML_LS, IMLE_LS, IND_LS, INS_LS, INSE_LS, ISL_LS, ISLE_LS, JEF_LS, JEFE_LS, JEO_LS, JEOE_LS, KIM_LS, KIME_LS, KMM_LS, KMME_LS, KOM_LS, KOME_LS, KON_LS, MAD_LS, MADE_LS, MAK_LS, MAT_LS, MATE_LS, MEN_LS, MET_LS, METE_LS, MIM_LS, MIME_LS, MMD_LS, MTM_LS, MTO_LS, MTOE_LS, NAE_LS, PEM_LS, PEME_LS, PET_LS, PETE_LS, ROS_LS, ROSE_LS, SAO_OL, SBP_LS, SBPE_LS, SECE_LS, TEK_LS, TEKE_LS, TEL_LS, THO_LS, UCK_LS, UZB_LS, UZBE_LS, VBAE_LS, YZVE_LS",,
20740,HUK 211,HUK,LS,Sosyal Güvenlik Hukuku,,Arzu Hacıoğlu Çalışkan,MED,Cuma,08:30/11:29,A12,200,86,,"ARC_LS, BIO_LS, BIOE_LS, BLG_LS, BLGE_LS, BST_LS, CAB_3T_LS, CAB_4T_LS, CAB_BG_LS, CAB_DL_LS, CAB_DS_LS, CAB_KA_LS, CAB_KE_LS, CAB_KL_LS, CAB_KM_LS, CAB_KO_LS, CAB_LS, CAB_ME_LS, CAB_NE_LS, CAB_TA_LS, CAB_TN_LS, CAB_UD_LS, CAB_VC_LS, CAB_VI_LS, CAB_VS_LS, CEB_LS, CEN_LS, CEV_LS, CEVE_LS, CHZ_LS, CHZE_LS, DEN_LS, DENE_LS, DUI_LS, ECNE_LS, EFN_LS, EHB_LS, EHBE_LS, ELE_LS, ELH_LS, ELK_LS, ELKE_LS, END_LS, ENDE_LS, ENTE_LS, EUT_LS, EUTE_LS, FIZ_LS, FIZE_LS, GEM_LS, GEME_LS, GEMK_LS, GEO_LS, GEOE_LS, GID_LS, GIDE_LS, GMI_LS, GMIE_LS, HTA_LS, HTAE_LS, IAD_LS, IBM_LS, ICM_LS, IML_LS, IMLE_LS, IND_LS, INS_LS, INSE_LS, ISL_LS, ISLE_LS, JEF_LS, JEFE_LS, JEO_LS, JEOE_LS, KIM_LS, KIME_LS, KMM_LS, KMME_LS, KMP_LS, KOM_LS, KOME_LS, MAD_LS, MADE_LS, MAK_LS, MAKE_LS, MAT_LS, MATE_LS, MEN_LS, MET_LS, METE_LS, MIM_LS, MIME_LS, MTM_LS, MTO_LS, MTOE_LS, MTR_LS, MUT_LS, MUZ_LS, MUZE_LS, MZT_LS, PEM_LS, PEME_LS, PET_LS, PETE_LS, ROS_LS, ROSE_LS, SBP_LS, SBPE_LS, SECE_LS, SES_LS, SES_TH_LS, SES_TS_LS, TEB_LS, TEK_LS, TEKE_LS, TEL_LS, THO_LS, UCK_LS, UZB_LS, UZBE_LS, VBAE_LS, YZVE_LS",,
20741,HUK 213,HUK,LS,İş Sağlığı ve Güvenliği Hukuku,,Mahmut Kabakcı,MED,Pazartesi,14:30/17:29,A31,200,198,,"ARC_LS, BIO_LS, BIOE_LS, BLG_LS, BLGE_LS, BST_LS, CAB_3T_LS, CAB_4T_LS, CAB_BG_LS, CAB_DL_LS, CAB_DS_LS, CAB_KA_LS, CAB_KE_LS, CAB_KL_LS, CAB_KM_LS, CAB_KO_LS, CAB_LS, CAB_ME_LS, CAB_NE_LS, CAB_TA_LS, CAB_TN_LS, CAB_UD_LS, CAB_VC_LS, CAB_VI_LS, CAB_VS_LS, CEB_LS, CEN_LS, CEV_LS, CEVE_LS, CHZ_LS, CHZE_LS, DEN_LS, DENE_LS, DUI_LS, ECNE_LS, EFN_LS, EHB_LS, EHBE_LS, ELE_LS, ELH_LS, ELK_LS, ELKE_LS, END_LS, ENDE_LS, ENTE_LS, EUT_LS, EUTE_LS, FIZ_LS, FIZE_LS, GEM_LS, GEME_LS, GEMK_LS, GEO_LS, GEOE_LS, GID_LS, GIDE_LS, GMI_LS, GMIE_LS, HTA_LS, HTAE_LS, IAD_LS, IBM_LS, ICM_LS, IML_LS, IMLE_LS, IND_LS, INS_LS, INSE_LS, ISL_LS, ISLE_LS, JEF_LS, JEFE_LS, JEO_LS, JEOE_LS, KIM_LS, KIME_LS, KMM_LS, KMME_LS, KMP_LS, KOM_LS, KOME_LS, MAD_LS, MADE_LS, MAK_LS, MAKE_LS, MAT_LS, MATE_LS, MEN_LS, MET_LS, METE_LS, MIM_LS, MIME_LS, MMD_LS, MTM_LS, MTO_LS, MTOE_LS, MTR_LS, MUT_LS, MUZ_LS, MUZE_LS, MZT_LS, NAE_LS, PEM_LS, PEME_LS, PET_LS, PETE_LS, ROS_LS, ROSE_LS, SBP_LS, SBPE_LS, SECE_LS, SES_LS, SES_TH_LS, SES_TS_LS, TEB_LS, TEK_LS, TEKE_LS, TEL_LS, THO_LS, UCK_LS, UZB_LS, UZBE_LS, VBAE_LS, YZVE_LS",,
20742,HUK 213,HUK,LS,İş Sağlığı ve Güvenliği Hukuku,,Mahmut Kabakcı,MDB,Çarşamba,08:30/11:29,A101,200,116,,"ARC_LS, BIO_LS, BIOE_LS, BLG_LS, BLGE_LS, BST_LS, CAB_3T_LS, CAB_4T_LS, CAB_BG_LS, CAB_DL_LS, CAB_DS_LS, CAB_KA_LS, CAB_KE_LS, CAB_KL_LS, CAB_KM_LS, CAB_KO_LS, CAB_LS, CAB_ME_LS, CAB_NE_LS, CAB_TA_LS, CAB_TN_LS, CAB_UD_LS, CAB_VC_LS, CAB_VI_LS, CAB_VS_LS, CEB_LS, CEN_LS, CEV_LS, CEVE_LS, CHZ_LS, CHZE_LS, DEN_LS, DENE_LS, DUI_LS, ECNE_LS, EFN_LS, EHB_LS, EHBE_LS, ELE_LS, ELH_LS, ELK_LS, ELKE_LS, END_LS, ENDE_LS, ENTE_LS, EUT_LS, EUTE_LS, FIZ_LS, FIZE_LS, GEM_LS, GEME_LS, GEMK_LS, GEO_LS, GEOE_LS, GID_LS, GIDE_LS, GMI_LS, GMIE_LS, HTA_LS, HTAE_LS, IAD_LS, IBM_LS, ICM_LS, IML_LS, IMLE_LS, IND_LS, INS_LS, INSE_LS, ISL_LS, ISLE_LS, JEF_LS, JEFE_LS, JEO_LS, JEOE_LS, KIM_LS, KIME_LS, KMM_LS, KMME_LS, KMP_LS, KOM_LS, KOME_LS, MAD_LS, MADE_LS, MAK_LS, MAKE_LS, MAT_LS, MATE_LS, MEN_LS, MET_LS, METE_LS, MIM_LS, MIME_LS, MTM_LS, MTO_LS, MTOE_LS, MTR_LS, MUT_LS, MUZ_LS, MUZE_LS, MZT_LS, PEM_LS, PEME_LS, PET_LS, PETE_LS, ROS_LS, ROSE_LS, SBP_LS, SBPE_LS, SECE_LS, SES_LS, SES_TH_LS, SES_TS_LS, TEB_LS, TEK_LS, TEKE_LS, TEL_LS, THO_LS, UCK_LS, UZB_LS, UZBE_LS, VBAE_LS, YZVE_LS",,
20743,HUK 217,HUK,LS,AR-GE Hukuku,,Hasan Karslıoğlu,MED,Perşembe,11:30/14:29,A16,200,127,,"BIO_LS, BIOE_LS, BLG_LS, BLGE_LS, BST_LS, CAB_3T_LS, CAB_4T_LS, CAB_BG_LS, CAB_DL_LS, CAB_DS_LS, CAB_KA_LS, CAB_KE_LS, CAB_KL_LS, CAB_KM_LS, CAB_KO_LS, CAB_LS, CAB_ME_LS, CAB_NE_LS, CAB_TA_LS, CAB_TN_LS, CAB_UD_LS, CAB_VC_LS, CAB_VI_LS, CAB_VS_LS, CEB_LS, CEV_LS, CEVE_LS, CHZ_LS, CHZE_LS, DEN_LS, DENE_LS, DUI_LS, ECNE_LS, EHB_LS, EHBE_LS, ELE_LS, ELH_LS, ELK_LS, ELKE_LS, END_LS, ENDE_LS, ENTE_LS, EUT_LS, EUTE_LS, FIZ_LS, FIZE_LS, GEM_LS, GEME_LS, GEMK_LS, GEO_LS, GEOE_LS, GID_LS, GIDE_LS, GMI_LS, GMIE_LS, HTA_LS, HTAE_LS, IBM_LS, ICM_LS, IML_LS, IMLE_LS, INS_LS, INSE_LS, ISL_LS, ISLE_LS, JEF_LS, JEFE_LS, JEO_LS, JEOE_LS, KIM_LS, KIME_LS, KMM_LS, KMME_LS, KMP_LS, KOM_LS, KOME_LS, MAD_LS, MADE_LS, MAK_LS, MAKE_LS, MAT_LS, MATE_LS, MET_LS, METE_LS, MIM_LS, MIME_LS, MTO_LS, MTOE_LS, MTR_LS, MUT_LS, MUZ_LS, MUZE_LS, MZT_LS, PEM_LS, PEME_LS, PET_LS, PETE_LS, ROS_LS, ROSE_LS, SBP_LS, SBPE_LS, SECE_LS, SES_LS, SES_TH_LS, SES_TS_LS, TEB_LS, TEK_LS, TEKE_LS, TEL_LS, THO_LS, UCK_LS, UZB_LS, UZBE_LS, VBAE_LS, YZVE_LS",,
20744,HUK 218,HUK,LS,Ticaret Hukuku,,Hasan Karslıoğlu,MED,Perşembe,14:30/17:29,A14,200,165,,"ARC_LS, BIO_LS, BIOE_LS, BLG_LS, BLGE_LS, BST_LS, CAB_3T_LS, CAB_4T_LS, CAB_BG_LS, CAB_DL_LS, CAB_DS_LS, CAB_KA_LS, CAB_KE_LS, CAB_KL_LS, CAB_KM_LS, CAB_KO_LS, CAB_LS, CAB_ME_LS, CAB_NE_LS, CAB_TA_LS, CAB_TN_LS, CAB_UD_LS, CAB_VC_LS, CAB_VI_LS, CAB_VS_LS, CEB_LS, CEN_LS, CEV_LS, CEVE_LS, CHZ_LS, CHZE_LS, DEN_LS, DENE_LS, DUI_LS, ECNE_LS, EFN_LS, EHB_LS, EHBE_LS, ELE_LS, ELH_LS, ELK_LS, ELKE_LS, END_LS, ENDE_LS, ENTE_LS, EUT_LS, EUTE_LS, FIZ_LS, FIZE_LS, GEM_LS, GEME_LS, GEMK_LS, GEO_LS, GEOE_LS, GID_LS, GIDE_LS, GMI_LS, GMIE_LS, HTA_LS, HTAE_LS, IAD_LS, IBM_LS, ICM_LS, IML_LS, IMLE_LS, IND_LS, INS_LS, INSE_LS, ISL_LS, ISLE_LS, JEF_LS, JEFE_LS, JEO_LS, JEOE_LS, KIM_LS, KIME_LS, KMM_LS, KMME_LS, KMP_LS, KOM_LS, KOME_LS, MAD_LS, MADE_LS, MAK_LS, MAKE_LS, MAT_LS, MATE_LS, MET_LS, METE_LS, MIM_LS, MIME_LS, MMD_LS, MTO_LS, MTOE_LS, MTR_LS, MUT_LS, MUZ_LS, MUZE_LS, MZT_LS, NAE_LS, PEM_LS, PEME_LS, PET_LS, PETE_LS, ROS_LS, ROSE_LS, SBP_LS, SBPE_LS, SECE_LS, SES_LS, SES_TH_LS, SES_TS_LS, TEB_LS, TEK_LS, TEKE_LS, TEL_LS, THO_LS, UCK_LS, UZB_LS, UZBE_LS, VBAE_LS, YZVE_LS",,
20746,BEB 104,BEB,LS,Tenis Teknik ve Taktik Eğitim,,Aylin Öztürk,KORT,Salı,13:30/15:29,,14,14,,"BIO_LS, BLG_LS, BST_LS, CAB_3T_LS, CAB_4T_LS, CAB_BG_LS, CAB_DL_LS, CAB_DS_LS, CAB_KA_LS, CAB_KE_LS, CAB_KL_LS, CAB_KM_LS, CAB_KO_LS, CAB_LS, CAB_ME_LS, CAB_NE_LS, CAB_TN_LS, CAB_UD_LS, CAB_VC_LS, CAB_VI_LS, CAB_VS_LS, CEB_LS, CEV_LS, CHZ_LS, DEN_LS, EHB_LS, ELE_LS, ELH_LS, ELK_LS, END_LS, ENT_LS, EUT_LS, FIZ_LS, GEM_LS, GEO_LS, GID_LS, HTA_LS, HTAE_LS, IBM_LS, ICM_LS, IML_LS, INS_LS, ISL_LS, JEF_LS, KIM_LS, KMM_LS, KMP_LS, KOM_LS, KON_LS, MAD_LS, MAK_LS, MAT_LS, MET_LS, MIM_LS, MTO_LS, MTR_LS, MUT_LS, MUZ_LS, MZT_LS, PEM_LS, PET_LS, PETE_LS, ROS_LS, ROSE_LS, SBP_LS, SECE_LS, SES_LS, SES_TH_LS, SES_TS_LS, TEB_LS, TEK_LS, TEL_LS, THO_LS, UCK_LS, UZB_LS, VBAE_LS",,
20747,BEB 104,BEB,LS,Tenis Teknik ve Taktik Eğitim,,Aylin Öztürk,KORT,Salı,15:30/17:29,,14,14,,"BIO_LS, BLG_LS, BST_LS, CAB_3T_LS, CAB_4T_LS, CAB_BG_LS, CAB_DL_LS, CAB_DS_LS, CAB_KA_LS, CAB_KE_LS, CAB_KL_LS, CAB_KM_LS, CAB_KO_LS, CAB_LS, CAB_ME_LS, CAB_NE_LS, CAB_TN_LS, CAB_UD_LS, CAB_VC_LS, CAB_VI_LS, CAB_VS_LS, CEB_LS, CEV_LS, CHZ_LS, DEN_LS, EHB_LS, ELE_LS, ELH_LS, ELK_LS, END_LS, ENT_LS, EUT_LS, FIZ_LS, GEM_LS, GEO_LS, GID_LS, HTA_LS, HTAE_LS, IBM_LS, ICM_LS, IML_LS, INS_LS, ISL_LS, JEF_LS, KIM_LS, KMM_LS, KMP_LS, KOM_LS, KON_LS, MAD_LS, MAK_LS, MAT_LS, MET_LS, MIM_LS, MTO_LS, MTR_LS, MUT_LS, MUZ_LS, MZT_LS, PEM_LS, PET_LS, PETE_LS, ROS_LS, ROSE_LS, SBP_LS, SECE_LS, SES_LS, SES_TH_LS, SES_TS_LS, TEB_LS, TEK_LS, TEL_LS, THO_LS, UCK_LS, UZB_LS, VBAE_LS",,
20748,BEB 118,BEB,LS,Genel Kond.ve Vücut Geliştirme,,Aylin Öztürk,SYM,Çarşamba,08:30/10:29,,15,12,,"BIO_LS, BLG_LS, BST_LS, CAB_3T_LS, CAB_4T_LS, CAB_BG_LS, CAB_DL_LS, CAB_DS_LS, CAB_KA_LS, CAB_KE_LS, CAB_KL_LS, CAB_KM_LS, CAB_KO_LS, CAB_LS, CAB_ME_LS, CAB_NE_LS, CAB_TN_LS, CAB_UD_LS, CAB_VC_LS, CAB_VI_LS, CAB_VS_LS, CEB_LS, CEV_LS, CHZ_LS, DEN_LS, EHB_LS, ELE_LS, ELH_LS, ELK_LS, END_LS, ENT_LS, EUT_LS, FIZ_LS, GEM_LS, GEO_LS, GID_LS, HTA_LS, HTAE_LS, IBM_LS, ICM_LS, IML_LS, INS_LS, ISL_LS, JEF_LS, KIM_LS, KMM_LS, KMP_LS, KOM_LS, KON_LS, MAD_LS, MAK_LS, MAT_LS, MET_LS, MIM_LS, MTO_LS, MTR_LS, MUT_LS, MUZ_LS, MZT_LS, PEM_LS, PET_LS, PETE_LS, ROS_LS, ROSE_LS, SBP_LS, SECE_LS, SES_LS, SES_TH_LS, SES_TS_LS, TEB_LS, TEK_LS, TEL_LS, THO_LS, UCK_LS, UZB_LS, VBAE_LS",,
20749,BEB 104,BEB,LS,Tenis Teknik ve Taktik Eğitim,,Aylin Öztürk,KORT-G,Perşembe,13:30/15:29,,14,14,,"BIO_LS, BLG_LS, BST_LS, CAB_3T_LS, CAB_4T_LS, CAB_BG_LS, CAB_DL_LS, CAB_DS_LS, CAB_KA_LS, CAB_KE_LS, CAB_KL_LS, CAB_KM_LS, CAB_KO_LS, CAB_LS, CAB_ME_LS, CAB_NE_LS, CAB_TN_LS, CAB_UD_LS, CAB_VC_LS, CAB_VI_LS, CAB_VS_LS, CEB_LS, CEV_LS, CHZ_LS, DEN_LS, EHB_LS, ELE_LS, ELH_LS, ELK_LS, END_LS, ENT_LS, EUT_LS, FIZ_LS, GEM_LS, GEO_LS, GID_LS, HTA_LS, HTAE_LS, IBM_LS, ICM_LS, IML_LS, INS_LS, ISL_LS, JEF_LS, KIM_LS, KMM_LS, KMP_LS, KOM_LS, KON_LS, MAD_LS, MAK_LS, MAT_LS, MET_LS, MIM_LS, MTO_LS, MTR_LS, MUT_LS, MUZ_LS, MZT_LS, PEM_LS, PET_LS, PETE_LS, ROS_LS, ROSE_LS, SBP_LS, SECE_LS, SES_LS, SES_TH_LS, SES_TS_LS, TEB_LS, TEK_LS, TEL_LS, THO_LS, UCK_LS, UZB_LS, VBAE_LS",,
20750,BEB 104,BEB,LS,Tenis Teknik ve Taktik Eğitim,,Aylin Öztürk,KORT-G,Perşembe,15:30/17:29,,14,14,,"BIO_LS, BLG_LS, BST_LS, CAB_3T_LS, CAB_4T_LS, CAB_BG_LS, CAB_DL_LS, CAB_DS_LS, CAB_KA_LS, CAB_KE_LS, CAB_KL_LS, CAB_KM_LS, CAB_KO_LS, CAB_LS, CAB_ME_LS, CAB_NE_LS, CAB_TN_LS, CAB_UD_LS, CAB_VC_LS, CAB_VI_LS, CAB_VS_LS, CEB_LS, CEV_LS, CHZ_LS, DEN_LS, EHB_LS, ELE_LS, ELH_LS, ELK_LS, END_LS, ENT_LS, EUT_LS, FIZ_LS, GEM_LS, GEO_LS, GID_LS, HTA_LS, HTAE_LS, IBM_LS, ICM_LS, IML_LS, INS_LS, ISL_LS, JEF_LS, KIM_LS, KMM_LS, KMP_LS, KOM_LS, KON_LS, MAD_LS, MAK_LS, MAT_LS, MET_LS, MIM_LS, MTO_LS, MTR_LS, MUT_LS, MUZ_LS, MZT_LS, PEM_LS, PET_LS, PETE_LS, ROS_LS, ROSE_LS, SBP_LS, SECE_LS, SES_LS, SES_TH_LS, SES_TS_LS, TEB_LS, TEK_LS, TEL_LS, THO_LS, UCK_LS, UZB_LS, VBAE_LS",,
20751,BEB 104,BEB,LS,Tenis Teknik ve Taktik Eğitim,,Aylin Öztürk,KORT,Cuma,10:30/12:29,,14,14,,"BIO_LS, BLG_LS, BST_LS, CAB_3T_LS, CAB_4T_LS, CAB_BG_LS, CAB_DL_LS, CAB_DS_LS, CAB_KA_LS, CAB_KE_LS, CAB_KL_LS, CAB_KM_LS, CAB_KO_LS, CAB_LS, CAB_ME_LS, CAB_NE_LS, CAB_TN_LS, CAB_UD_LS, CAB_VC_LS, CAB_VI_LS, CAB_VS_LS, CEB_LS, CEV_LS, CHZ_LS, DEN_LS, EHB_LS, ELE_LS, ELH_LS, ELK_LS, END_LS, ENT_LS, EUT_LS, FIZ_LS, GEM_LS, GEO_LS, GID_LS, HTA_LS, HTAE_LS, IBM_LS, ICM_LS, IML_LS, INS_LS, ISL_LS, JEF_LS, KIM_LS, KMM_LS, KMP_LS, KOM_LS, KON_LS, MAD_LS, MAK_LS, MAT_LS, MET_LS, MIM_LS, MTO_LS, MTR_LS, MUT_LS, MUZ_LS, MZT_LS, PEM_LS, PET_LS, PETE_LS, ROS_LS, ROSE_LS, SBP_LS, SECE_LS, SES_LS, SES_TH_LS, SES_TS_LS, TEB_LS, TEK_LS, TEL_LS, THO_LS, UCK_LS, UZB_LS, VBAE_LS",,
20752,BEB 105,BEB,LS,Futbol ve Temel Hareket Öğret.,,Yaşar Volkan Arıncı,STD-G,Çarşamba,10:30/12:29,,25,20,,"BIO_LS, BLG_LS, BST_LS, CAB_3T_LS, CAB_4T_LS, CAB_BG_LS, CAB_DL_LS, CAB_DS_LS, CAB_KA_LS, CAB_KE_LS, CAB_KL_LS, CAB_KM_LS, CAB_KO_LS, CAB_LS, CAB_ME_LS, CAB_NE_LS, CAB_TN_LS, CAB_UD_LS, CAB_VC_LS, CAB_VI_LS, CAB_VS_LS, CEB_LS, CEV_LS, CHZ_LS, DEN_LS, EHB_LS, ELE_LS, ELH_LS, ELK_LS, END_LS, ENT_LS, EUT_LS, FIZ_LS, GEM_LS, GEO_LS, GID_LS, HTA_LS, HTAE_LS, IBM_LS, ICM_LS, IML_LS, INS_LS, ISL_LS, JEF_LS, KIM_LS, KMM_LS, KMP_LS, KOM_LS, KON_LS, MAD_LS, MAK_LS, MAT_LS, MET_LS, MIM_LS, MTO_LS, MTR_LS, MUT_LS, MUZ_LS, MZT_LS, PEM_LS, PET_LS, PETE_LS, ROS_LS, ROSE_LS, SBP_LS, SECE_LS, SES_LS, SES_TH_LS, SES_TS_LS, TEB_LS, TEK_LS, TEL_LS, THO_LS, UCK_LS, UZB_LS, VBAE_LS",,
20753,BEB 105,BEB,LS,Futbol ve Temel Hareket Öğret.,,Yaşar Volkan Arıncı,STD-G,Çarşamba,13:30/15:29,,25,24,,"BIO_LS, BLG_LS, BST_LS, CAB_3T_LS, CAB_4T_LS, CAB_BG_LS, CAB_DL_LS, CAB_DS_LS, CAB_KA_LS, CAB_KE_LS, CAB_KL_LS, CAB_KM_LS, CAB_KO_LS, CAB_LS, CAB_ME_LS, CAB_NE_LS, CAB_TN_LS, CAB_UD_LS, CAB_VC_LS, CAB_VI_LS, CAB_VS_LS, CEB_LS, CEV_LS, CHZ_LS, DEN_LS, EHB_LS, ELE_LS, ELH_LS, ELK_LS, END_LS, ENT_LS, EUT_LS, FIZ_LS, GEM_LS, GEO_LS, GID_LS, HTA_LS, HTAE_LS, IBM_LS, ICM_LS, IML_LS, INS_LS, ISL_LS, JEF_LS, KIM_LS, KMM_LS, KMP_LS, KOM_LS, KON_LS, MAD_LS, MAK_LS, MAT_LS, MET_LS, MIM_LS, MTO_LS, MTR_LS, MUT_LS, MUZ_LS, MZT_LS, PEM_LS, PET_LS, PETE_LS, ROS_LS, ROSE_LS, SBP_LS, SECE_LS, SES_LS, SES_TH_LS, SES_TS_LS, TEB_LS, TEK_LS, TEL_LS, THO_LS, UCK_LS, UZB_LS, VBAE_LS",,
20754,BEB 105,BEB,LS,Futbol ve Temel Hareket Öğret.,,Yaşar Volkan Arıncı,STD,Cuma,14:00/15:59,,25,22,,"BIO_LS, BLG_LS, BST_LS, CAB_3T_LS, CAB_4T_LS, CAB_BG_LS, CAB_DL_LS, CAB_DS_LS, CAB_KA_LS, CAB_KE_LS, CAB_KL_LS, CAB_KM_LS, CAB_KO_LS, CAB_LS, CAB_ME_LS, CAB_NE_LS, CAB_TN_LS, CAB_UD_LS, CAB_VC_LS, CAB_VI_LS, CAB_VS_LS, CEB_LS, CEV_LS, CHZ_LS, DEN_LS, EHB_LS, ELE_LS, ELH_LS, ELK_LS, END_LS, ENT_LS, EUT_LS, FIZ_LS, GEM_LS, GEO_LS, GID_LS, HTA_LS, HTAE_LS, IBM_LS, ICM_LS, IML_LS, INS_LS, ISL_LS, JEF_LS, KIM_LS, KMM_LS, KMP_LS, KOM_LS, KON_LS, MAD_LS, MAK_LS, MAT_LS, MET_LS, MIM_LS, MTO_LS, MTR_LS, MUT_LS, MUZ_LS, MZT_LS, PEM_LS, PET_LS, PETE_LS, ROS_LS, ROSE_LS, SBP_LS, SECE_LS, SES_LS, SES_TH_LS, SES_TS_LS, TEB_LS, TEK_LS, TEL_LS, THO_LS, UCK_LS, UZB_LS, VBAE_LS",,
20755,BEB 111,BEB,LS,Masa Tenisi Tem.Beceri Eğitimi,,Serra Ayşe Çakar Saka,SLN-M,Pazartesi,08:30/10:29,,12,11,,"BIO_LS, BLG_LS, BST_LS, CAB_3T_LS, CAB_4T_LS, CAB_BG_LS, CAB_DL_LS, CAB_DS_LS, CAB_KA_LS, CAB_KE_LS, CAB_KL_LS, CAB_KM_LS, CAB_KO_LS, CAB_LS, CAB_ME_LS, CAB_NE_LS, CAB_TN_LS, CAB_UD_LS, CAB_VC_LS, CAB_VI_LS, CAB_VS_LS, CEB_LS, CEV_LS, CHZ_LS, DEN_LS, EHB_LS, ELE_LS, ELH_LS, ELK_LS, END_LS, ENT_LS, EUT_LS, FIZ_LS, GEM_LS, GEO_LS, GID_LS, HTA_LS, IBM_LS, ICM_LS, IML_LS, INS_LS, ISL_LS, JEF_LS, KIM_LS, KMM_LS, KMP_LS, KOM_LS, KON_LS, MAD_LS, MAK_LS, MAT_LS, MET_LS, MIM_LS, MTO_LS, MTR_LS, MUT_LS, MUZ_LS, MZT_LS, PEM_LS, PET_LS, PETE_LS, ROS_LS, SBP_LS, SES_LS, SES_TH_LS, SES_TS_LS, TEB_LS, TEK_LS, TEL_LS, THO_LS, UCK_LS, UZB_LS",,
20756,BEB 111,BEB,LS,Masa Tenisi Tem.Beceri Eğitimi,,Serra Ayşe Çakar Saka,SLN-M,Pazartesi,13:30/15:29,,12,9,,"BIO_LS, BLG_LS, BST_LS, CAB_3T_LS, CAB_4T_LS, CAB_BG_LS, CAB_DL_LS, CAB_DS_LS, CAB_KA_LS, CAB_KE_LS, CAB_KL_LS, CAB_KM_LS, CAB_KO_LS, CAB_LS, CAB_ME_LS, CAB_NE_LS, CAB_TN_LS, CAB_UD_LS, CAB_VC_LS, CAB_VI_LS, CAB_VS_LS, CEB_LS, CEV_LS, CHZ_LS, DEN_LS, EHB_LS, ELE_LS, ELH_LS, ELK_LS, END_LS, ENT_LS, EUT_LS, FIZ_LS, GEM_LS, GEO_LS, GID_LS, HTA_LS, IBM_LS, ICM_LS, IML_LS, INS_LS, ISL_LS, JEF_LS, KIM_LS, KMM_LS, KMP_LS, KOM_LS, KON_LS, MAD_LS, MAK_LS, MAT_LS, MET_LS, MIM_LS, MTO_LS, MTR_LS, MUT_LS, MUZ_LS, MZT_LS, PEM_LS, PET_LS, PETE_LS, ROS_LS, SBP_LS, SES_LS, SES_TH_LS, SES_TS_LS, TEB_LS, TEK_LS, TEL_LS, THO_LS, UCK_LS, UZB_LS",,
20757,BEB 111,BEB,LS,Masa Tenisi Tem.Beceri Eğitimi,,Serra Ayşe Çakar Saka,SLN-M,Perşembe,08:30/10:29,,12,12,,"BIO_LS, BLG_LS, BST_LS, CAB_3T_LS, CAB_4T_LS, CAB_BG_LS, CAB_DL_LS, CAB_DS_LS, CAB_KA_LS, CAB_KE_LS, CAB_KL_LS, CAB_KM_LS, CAB_KO_LS, CAB_LS, CAB_ME_LS, CAB_NE_LS, CAB_TN_LS, CAB_UD_LS, CAB_VC_LS, CAB_VI_LS, CAB_VS_LS, CEB_LS, CEV_LS, CHZ_LS, DEN_LS, EHB_LS, ELE_LS, ELH_LS, ELK_LS, END_LS, ENT_LS, EUT_LS, FIZ_LS, GEM_LS, GEO_LS, GID_LS, HTA_LS, IBM_LS, ICM_LS, IML_LS, INS_LS, ISL_LS, JEF_LS, KIM_LS, KMM_LS, KMP_LS, KOM_LS, KON_LS, MAD_LS, MAK_LS, MAT_LS, MET_LS, MIM_LS, MTO_LS, MTR_LS, MUT_LS, MUZ_LS, MZT_LS, PEM_LS, PET_LS, PETE_LS, ROS_LS, SBP_LS, SES_LS, SES_TH_LS, SES_TS_LS, TEB_LS, TEK_LS, TEL_LS, THO_LS, UCK_LS, UZB_LS",,
20758,BEB 111,BEB,LS,Masa Tenisi Tem.Beceri Eğitimi,,Serra Ayşe Çakar Saka,SLN-M,Perşembe,10:30/12:29,,12,11,,"BIO_LS, BLG_LS, BST_LS, CAB_3T_LS, CAB_4T_LS, CAB_BG_LS, CAB_DL_LS, CAB_DS_LS, CAB_KA_LS, CAB_KE_LS, CAB_KL_LS, CAB_KM_LS, CAB_KO_LS, CAB_LS, CAB_ME_LS, CAB_NE_LS, CAB_TN_LS, CAB_UD_LS, CAB_VC_LS, CAB_VI_LS, CAB_VS_LS, CEB_LS, CEV_LS, CHZ_LS, DEN_LS, EHB_LS, ELE_LS, ELH_LS, ELK_LS, END_LS, ENT_LS, EUT_LS, FIZ_LS, GEM_LS, GEO_LS, GID_LS, HTA_LS, IBM_LS, ICM_LS, IML_LS, INS_LS, ISL_LS, JEF_LS, KIM_LS, KMM_LS, KMP_LS, KOM_LS, KON_LS, MAD_LS, MAK_LS, MAT_LS, MET_LS, MIM_LS, MTO_LS, MTR_LS, MUT_LS, MUZ_LS, MZT_LS, PEM_LS, PET_LS, PETE_LS, ROS_LS, SBP_LS, SES_LS, SES_TH_LS, SES_TS_LS, TEB_LS, TEK_LS, TEL_LS, THO_LS, UCK_LS, UZB_LS",,
20759,BEB 103,BEB,LS,Voleybolda Tem.Eğt. ve Bec.Kaz,,-,SLN-M,Cuma,08:30/10:29,,0,0,,"BIO_LS, BLG_LS, BST_LS, CAB_3T_LS, CAB_4T_LS, CAB_BG_LS, CAB_DL_LS, CAB_DS_LS, CAB_KA_LS, CAB_KE_LS, CAB_KL_LS, CAB_KM_LS, CAB_KO_LS, CAB_LS, CAB_ME_LS, CAB_NE_LS, CAB_TN_LS, CAB_UD_LS, CAB_VC_LS, CAB_VI_LS, CAB_VS_LS, CEB_LS, CEV_LS, CHZ_LS, DEN_LS, EHB_LS, ELE_LS, ELH_LS, ELK_LS, END_LS, ENT_LS, EUT_LS, FIZ_LS, GEM_LS, GEO_LS, GID_LS, HTA_LS, HTAE_LS, IBM_LS, ICM_LS, IML_LS, INS_LS, ISL_LS, JEF_LS, KIM_LS, KMM_LS, KMP_LS, KOM_LS, KON_LS, MAD_LS, MAK_LS, MAT_LS, MET_LS, MIM_LS, MTO_LS, MTR_LS, MUT_LS, MUZ_LS, MZT_LS, PEM_LS, PET_LS, PETE_LS, ROS_LS, ROSE_LS, SBP_LS, SECE_LS, SES_LS, SES_TH_LS, SES_TS_LS, TEB_LS, TEK_LS, TEL_LS, THO_LS, UCK_LS, UZB_LS, VBAE_LS",,
20760,BEB 103,BEB,LS,Voleybolda Tem.Eğt. ve Bec.Kaz,,Serra Ayşe Çakar Saka,SLN-M,Cuma,10:30/12:29,,25,19,,"BIO_LS, BLG_LS, BST_LS, CAB_3T_LS, CAB_4T_LS, CAB_BG_LS, CAB_DL_LS, CAB_DS_LS, CAB_KA_LS, CAB_KE_LS, CAB_KL_LS, CAB_KM_LS, CAB_KO_LS, CAB_LS, CAB_ME_LS, CAB_NE_LS, CAB_TN_LS, CAB_UD_LS, CAB_VC_LS, CAB_VI_LS, CAB_VS_LS, CEB_LS, CEV_LS, CHZ_LS, DEN_LS, EHB_LS, ELE_LS, ELH_LS, ELK_LS, END_LS, ENT_LS, EUT_LS, FIZ_LS, GEM_LS, GEO_LS, GID_LS, HTA_LS, HTAE_LS, IBM_LS, ICM_LS, IML_LS, INS_LS, ISL_LS, JEF_LS, KIM_LS, KMM_LS, KMP_LS, KOM_LS, KON_LS, MAD_LS, MAK_LS, MAT_LS, MET_LS, MIM_LS, MTO_LS, MTR_LS, MUT_LS, MUZ_LS, MZT_LS, PEM_LS, PET_LS, PETE_LS, ROS_LS, ROSE_LS, SBP_LS, SECE_LS, SES_LS, SES_TH_LS, SES_TS_LS, TEB_LS, TEK_LS, TEL_LS, THO_LS, UCK_LS, UZB_LS, VBAE_LS",,
20761,BEB 115,BEB,LS,Atletizm Temel Eğitimi,,-,STD,Pazartesi,08:30/10:29,,0,0,,"BIO_LS, BLG_LS, BST_LS, CAB_3T_LS, CAB_4T_LS, CAB_BG_LS, CAB_DL_LS, CAB_DS_LS, CAB_KA_LS, CAB_KE_LS, CAB_KL_LS, CAB_KM_LS, CAB_KO_LS, CAB_LS, CAB_ME_LS, CAB_NE_LS, CAB_TN_LS, CAB_UD_LS, CAB_VC_LS, CAB_VI_LS, CAB_VS_LS, CEB_LS, CEV_LS, CHZ_LS, DEN_LS, EHB_LS, ELE_LS, ELH_LS, ELK_LS, END_LS, ENT_LS, EUT_LS, FIZ_LS, GEM_LS, GEO_LS, GID_LS, HTA_LS, HTAE_LS, IBM_LS, ICM_LS, IML_LS, INS_LS, ISL_LS, JEF_LS, KIM_LS, KMM_LS, KMP_LS, KOM_LS, KON_LS, MAD_LS, MAK_LS, MAT_LS, MET_LS, MIM_LS, MTO_LS, MTR_LS, MUT_LS, MUZ_LS, MZT_LS, PEM_LS, PET_LS, PETE_LS, ROS_LS, ROSE_LS, SBP_LS, SECE_LS, SES_LS, SES_TH_LS, SES_TS_LS, TEB_LS, TEK_LS, TEL_LS, THO_LS, UCK_LS, UZB_LS, VBAE_LS",,
20762,BEB 115,BEB,LS,Atletizm Temel Eğitimi,,Damla Ercan Köse,STD,Pazartesi,10:30/12:29,,20,4,,"BIO_LS, BLG_LS, BST_LS, CAB_3T_LS, CAB_4T_LS, CAB_BG_LS, CAB_DL_LS, CAB_DS_LS, CAB_KA_LS, CAB_KE_LS, CAB_KL_LS, CAB_KM_LS, CAB_KO_LS, CAB_LS, CAB_ME_LS, CAB_NE_LS, CAB_TN_LS, CAB_UD_LS, CAB_VC_LS, CAB_VI_LS, CAB_VS_LS, CEB_LS, CEV_LS, CHZ_LS, DEN_LS, EHB_LS, ELE_LS, ELH_LS, ELK_LS, END_LS, ENT_LS, EUT_LS, FIZ_LS, GEM_LS, GEO_LS, GID_LS, HTA_LS, HTAE_LS, IBM_LS, ICM_LS, IML_LS, INS_LS, ISL_LS, JEF_LS, KIM_LS, KMM_LS, KMP_LS, KOM_LS, KON_LS, MAD_LS, MAK_LS, MAT_LS, MET_LS, MIM_LS, MTO_LS, MTR_LS, MUT_LS, MUZ_LS, MZT_LS, PEM_LS, PET_LS, PETE_LS, ROS_LS, ROSE_LS, SBP_LS, SECE_LS, SES_LS, SES_TH_LS, SES_TS_LS, TEB_LS, TEK_LS, TEL_LS, THO_LS, UCK_LS, UZB_LS, VBAE_LS",,
20763,BEB 122,BEB,LS,Fiziksel Aktivite ve Egzersiz,,-,SLN-G,Salı,08:30/10:29,,0,0,,"BIO_LS, BLG_LS, BST_LS, CAB_3T_LS, CAB_4T_LS, CAB_BG_LS, CAB_DL_LS, CAB_DS_LS, CAB_KA_LS, CAB_KE_LS, CAB_KL_LS, CAB_KM_LS, CAB_KO_LS, CAB_LS, CAB_ME_LS, CAB_NE_LS, CAB_TN_LS, CAB_UD_LS, CAB_VC_LS, CAB_VI_LS, CAB_VS_LS, CEB_LS, CEV_LS, CHZ_LS, DEN_LS, EHB_LS, ELE_LS, ELH_LS, ELK_LS, END_LS, ENT_LS, EUT_LS, FIZ_LS, GEM_LS, GEO_LS, GID_LS, HTA_LS, HTAE_LS, IBM_LS, ICM_LS, IML_LS, INS_LS, ISL_LS, JEF_LS, KIM_LS, KMM_LS, KMP_LS, KOM_LS, KON_LS, MAD_LS, MAK_LS, MAT_LS, MET_LS, MIM_LS, MTO_LS, MTR_LS, MUT_LS, MUZ_LS, MZT_LS, PEM_LS, PET_LS, PETE_LS, ROS_LS, ROSE_LS, SBP_LS, SECE_LS, SES_LS, SES_TH_LS, SES_TS_LS, TEB_LS, TEK_LS, TEL_LS, THO_LS, UCK_LS, UZB_LS, VBAE_LS",,
20764,BEB 122,BEB,LS,Fiziksel Aktivite ve Egzersiz,,-,SLN-G,Salı,10:30/12:29,,0,0,,"BIO_LS, BLG_LS, BST_LS, CAB_3T_LS, CAB_4T_LS, CAB_BG_LS, CAB_DL_LS, CAB_DS_LS, CAB_KA_LS, CAB_KE_LS, CAB_KL_LS, CAB_KM_LS, CAB_KO_LS, CAB_LS, CAB_ME_LS, CAB_NE_LS, CAB_TN_LS, CAB_UD_LS, CAB_VC_LS, CAB_VI_LS, CAB_VS_LS, CEB_LS, CEV_LS, CHZ_LS, DEN_LS, EHB_LS, ELE_LS, ELH_LS, ELK_LS, END_LS, ENT_LS, EUT_LS, FIZ_LS, GEM_LS, GEO_LS, GID_LS, HTA_LS, HTAE_LS, IBM_LS, ICM_LS, IML_LS, INS_LS, ISL_LS, JEF_LS, KIM_LS, KMM_LS, KMP_LS, KOM_LS, KON_LS, MAD_LS, MAK_LS, MAT_LS, MET_LS, MIM_LS, MTO_LS, MTR_LS, MUT_LS, MUZ_LS, MZT_LS, PEM_LS, PET_LS, PETE_LS, ROS_LS, ROSE_LS, SBP_LS, SECE_LS, SES_LS, SES_TH_LS, SES_TS_LS, TEB_LS, TEK_LS, TEL_LS, THO_LS, UCK_LS, UZB_LS, VBAE_LS",,
20765,BEB 102,BEB,LS,Yüzme Teknikleri Becerisi Öğr.,,Damla Ercan Köse,HVZ,Cuma,08:30/10:29,,12,7,,"BIO_LS, BLG_LS, BST_LS, CAB_3T_LS, CAB_4T_LS, CAB_BG_LS, CAB_DL_LS, CAB_DS_LS, CAB_KA_LS, CAB_KE_LS, CAB_KL_LS, CAB_KM_LS, CAB_KO_LS, CAB_LS, CAB_ME_LS, CAB_NE_LS, CAB_TN_LS, CAB_UD_LS, CAB_VC_LS, CAB_VI_LS, CAB_VS_LS, CEB_LS, CEV_LS, CHZ_LS, DEN_LS, EHB_LS, ELE_LS, ELH_LS, ELK_LS, END_LS, ENT_LS, EUT_LS, FIZ_LS, GEM_LS, GEO_LS, GID_LS, HTA_LS, HTAE_LS, IBM_LS, ICM_LS, IML_LS, INS_LS, ISL_LS, JEF_LS, KIM_LS, KMM_LS, KMP_LS, KOM_LS, KON_LS, MAD_LS, MAK_LS, MAT_LS, MET_LS, MIM_LS, MTO_LS, MTR_LS, MUT_LS, MUZ_LS, MZT_LS, PEM_LS, PET_LS, PETE_LS, ROS_LS, ROSE_LS, SBP_LS, SECE_LS, SES_LS, SES_TH_LS, SES_TS_LS, TEB_LS, TEK_LS, TEL_LS, THO_LS, UCK_LS, UZB_LS, VBAE_LS",,
20766,BEB 102,BEB,LS,Yüzme Teknikleri Becerisi Öğr.,,Damla Ercan Köse,HVZ,Cuma,14:00/15:59,,12,11,,"BIO_LS, BLG_LS, BST_LS, CAB_3T_LS, CAB_4T_LS, CAB_BG_LS, CAB_DL_LS, CAB_DS_LS, CAB_KA_LS, CAB_KE_LS, CAB_KL_LS, CAB_KM_LS, CAB_KO_LS, CAB_LS, CAB_ME_LS, CAB_NE_LS, CAB_TN_LS, CAB_UD_LS, CAB_VC_LS, CAB_VI_LS, CAB_VS_LS, CEB_LS, CEV_LS, CHZ_LS, DEN_LS, EHB_LS, ELE_LS, ELH_LS, ELK_LS, END_LS, ENT_LS, EUT_LS, FIZ_LS, GEM_LS, GEO_LS, GID_LS, HTA_LS, HTAE_LS, IBM_LS, ICM_LS, IML_LS, INS_LS, ISL_LS, JEF_LS, KIM_LS, KMM_LS, KMP_LS, KOM_LS, KON_LS, MAD_LS, MAK_LS, MAT_LS, MET_LS, MIM_LS, MTO_LS, MTR_LS, MUT_LS, MUZ_LS, MZT_LS, PEM_LS, PET_LS, PETE_LS, ROS_LS, ROSE_LS, SBP_LS, SECE_LS, SES_LS, SES_TH_LS, SES_TS_LS, TEB_LS, TEK_LS, TEL_LS, THO_LS, UCK_LS, UZB_LS, VBAE_LS",,
20768,BEB 116,BEB,LS,Badminton Temel Beceri Eğitimi,,Murat Bilgin,SLN-M,Salı,13:30/15:29,,12,7,,"BIO_LS, BLG_LS, BST_LS, CAB_3T_LS, CAB_4T_LS, CAB_BG_LS, CAB_DL_LS, CAB_DS_LS, CAB_KA_LS, CAB_KE_LS, CAB_KL_LS, CAB_KM_LS, CAB_KO_LS, CAB_LS, CAB_ME_LS, CAB_NE_LS, CAB_TN_LS, CAB_UD_LS, CAB_VC_LS, CAB_VI_LS, CAB_VS_LS, CEB_LS, CEV_LS, CHZ_LS, DEN_LS, EHB_LS, ELE_LS, ELH_LS, ELK_LS, END_LS, ENT_LS, EUT_LS, FIZ_LS, GEM_LS, GEO_LS, GID_LS, HTA_LS, HTAE_LS, IBM_LS, ICM_LS, IML_LS, INS_LS, ISL_LS, JEF_LS, KIM_LS, KMM_LS, KMP_LS, KOM_LS, KON_LS, MAD_LS, MAK_LS, MAT_LS, MET_LS, MIM_LS, MTO_LS, MTR_LS, MUT_LS, MUZ_LS, MZT_LS, PEM_LS, PET_LS, PETE_LS, ROS_LS, ROSE_LS, SBP_LS, SECE_LS, SES_LS, SES_TH_LS, SES_TS_LS, TEB_LS, TEK_LS, TEL_LS, THO_LS, UCK_LS, UZB_LS, VBAE_LS",,
20769,BEB 116,BEB,LS,Badminton Temel Beceri Eğitimi,,-,SLN-M,Çarşamba,10:30/12:29,,0,0,,"BIO_LS, BLG_LS, BST_LS, CAB_3T_LS, CAB_4T_LS, CAB_BG_LS, CAB_DL_LS, CAB_DS_LS, CAB_KA_LS, CAB_KE_LS, CAB_KL_LS, CAB_KM_LS, CAB_KO_LS, CAB_LS, CAB_ME_LS, CAB_NE_LS, CAB_TN_LS, CAB_UD_LS, CAB_VC_LS, CAB_VI_LS, CAB_VS_LS, CEB_LS, CEV_LS, CHZ_LS, DEN_LS, EHB_LS, ELE_LS, ELH_LS, ELK_LS, END_LS, ENT_LS, EUT_LS, FIZ_LS, GEM_LS, GEO_LS, GID_LS, HTA_LS, HTAE_LS, IBM_LS, ICM_LS, IML_LS, INS_LS, ISL_LS, JEF_LS, KIM_LS, KMM_LS, KMP_LS, KOM_LS, KON_LS, MAD_LS, MAK_LS, MAT_LS, MET_LS, MIM_LS, MTO_LS, MTR_LS, MUT_LS, MUZ_LS, MZT_LS, PEM_LS, PET_LS, PETE_LS, ROS_LS, ROSE_LS, SBP_LS, SECE_LS, SES_LS, SES_TH_LS, SES_TS_LS, TEB_LS, TEK_LS, TEL_LS, THO_LS, UCK_LS, UZB_LS, VBAE_LS",,
20770,BEB 116,BEB,LS,Badminton Temel Beceri Eğitimi,,Murat Bilgin,SLN-M,Çarşamba,13:30/15:29,,12,9,,"BIO_LS, BLG_LS, BST_LS, CAB_3T_LS, CAB_4T_LS, CAB_BG_LS, CAB_DL_LS, CAB_DS_LS, CAB_KA_LS, CAB_KE_LS, CAB_KL_LS, CAB_KM_LS, CAB_KO_LS, CAB_LS, CAB_ME_LS, CAB_NE_LS, CAB_TN_LS, CAB_UD_LS, CAB_VC_LS, CAB_VI_LS, CAB_VS_LS, CEB_LS, CEV_LS, CHZ_LS, DEN_LS, EHB_LS, ELE_LS, ELH_LS, ELK_LS, END_LS, ENT_LS, EUT_LS, FIZ_LS, GEM_LS, GEO_LS, GID_LS, HTA_LS, HTAE_LS, IBM_LS, ICM_LS, IML_LS, INS_LS, ISL_LS, JEF_LS, KIM_LS, KMM_LS, KMP_LS, KOM_LS, KON_LS, MAD_LS, MAK_LS, MAT_LS, MET_LS, MIM_LS, MTO_LS, MTR_LS, MUT_LS, MUZ_LS, MZT_LS, PEM_LS, PET_LS, PETE_LS, ROS_LS, ROSE_LS, SBP_LS, SECE_LS, SES_LS, SES_TH_LS, SES_TS_LS, TEB_LS, TEK_LS, TEL_LS, THO_LS, UCK_LS, UZB_LS, VBAE_LS",,
20771,BEB 116,BEB,LS,Badminton Temel Beceri Eğitimi,,Murat Bilgin,SLN-M,Perşembe,10:30/12:29,,12,12,,"BIO_LS, BLG_LS, BST_LS, CAB_3T_LS, CAB_4T_LS, CAB_BG_LS, CAB_DL_LS, CAB_DS_LS, CAB_KA_LS, CAB_KE_LS, CAB_KL_LS, CAB_KM_LS, CAB_KO_LS, CAB_LS, CAB_ME_LS, CAB_NE_LS, CAB_TN_LS, CAB_UD_LS, CAB_VC_LS, CAB_VI_LS, CAB_VS_LS, CEB_LS, CEV_LS, CHZ_LS, DEN_LS, EHB_LS, ELE_LS, ELH_LS, ELK_LS, END_LS, ENT_LS, EUT_LS, FIZ_LS, GEM_LS, GEO_LS, GID_LS, HTA_LS, HTAE_LS, IBM_LS, ICM_LS, IML_LS, INS_LS, ISL_LS, JEF_LS, KIM_LS, KMM_LS, KMP_LS, KOM_LS, KON_LS, MAD_LS, MAK_LS, MAT_LS, MET_LS, MIM_LS, MTO_LS, MTR_LS, MUT_LS, MUZ_LS, MZT_LS, PEM_LS, PET_LS, PETE_LS, ROS_LS, ROSE_LS, SBP_LS, SECE_LS, SES_LS, SES_TH_LS, SES_TS_LS, TEB_LS, TEK_LS, TEL_LS, THO_LS, UCK_LS, UZB_LS, VBAE_LS",,
20772,BEB 116,BEB,LS,Badminton Temel Beceri Eğitimi,,Murat Bilgin,SLN-M,Perşembe,13:30/15:29,,12,8,,"BIO_LS, BLG_LS, BST_LS, CAB_3T_LS, CAB_4T_LS, CAB_BG_LS, CAB_DL_LS, CAB_DS_LS, CAB_KA_LS, CAB_KE_LS, CAB_KL_LS, CAB_KM_LS, CAB_KO_LS, CAB_LS, CAB_ME_LS, CAB_NE_LS, CAB_TN_LS, CAB_UD_LS, CAB_VC_LS, CAB_VI_LS, CAB_VS_LS, CEB_LS, CEV_LS, CHZ_LS, DEN_LS, EHB_LS, ELE_LS, ELH_LS, ELK_LS, END_LS, ENT_LS, EUT_LS, FIZ_LS, GEM_LS, GEO_LS, GID_LS, HTA_LS, HTAE_LS, IBM_LS, ICM_LS, IML_LS, INS_LS, ISL_LS, JEF_LS, KIM_LS, KMM_LS, KMP_LS, KOM_LS, KON_LS, MAD_LS, MAK_LS, MAT_LS, MET_LS, MIM_LS, MTO_LS, MTR_LS, MUT_LS, MUZ_LS, MZT_LS, PEM_LS, PET_LS, PETE_LS, ROS_LS, ROSE_LS, SBP_LS, SECE_LS, SES_LS, SES_TH_LS, SES_TS_LS, TEB_LS, TEK_LS, TEL_LS, THO_LS, UCK_LS, UZB_LS, VBAE_LS",,
20773,BEB 106,BEB,LS,Basketbol Temel Teknik Eğitimi,,-,SLN-M,Pazartesi,10:30/12:29,,0,0,,"BIO_LS, BLG_LS, BST_LS, CAB_3T_LS, CAB_4T_LS, CAB_BG_LS, CAB_DL_LS, CAB_DS_LS, CAB_KA_LS, CAB_KE_LS, CAB_KL_LS, CAB_KM_LS, CAB_KO_LS, CAB_LS, CAB_ME_LS, CAB_NE_LS, CAB_TN_LS, CAB_UD_LS, CAB_VC_LS, CAB_VI_LS, CAB_VS_LS, CEB_LS, CEV_LS, CHZ_LS, DEN_LS, EHB_LS, ELE_LS, ELH_LS, ELK_LS, END_LS, ENT_LS, EUT_LS, FIZ_LS, GEM_LS, GEO_LS, GID_LS, HTA_LS, HTAE_LS, IBM_LS, ICM_LS, IML_LS, INS_LS, ISL_LS, JEF_LS, KIM_LS, KMM_LS, KMP_LS, KOM_LS, KON_LS, MAD_LS, MAK_LS, MAT_LS, MET_LS, MIM_LS, MTO_LS, MTR_LS, MUT_LS, MUZ_LS, MZT_LS, PEM_LS, PET_LS, PETE_LS, ROS_LS, ROSE_LS, SBP_LS, SECE_LS, SES_LS, SES_TH_LS, SES_TS_LS, TEB_LS, TEK_LS, TEL_LS, THO_LS, UCK_LS, UZB_LS, VBAE_LS",,
20774,BEB 120,BEB,LS,Spor ve Temel Bilimler,,"Birgül Arslanoğlu , / Yaşar Volkan Arıncı",RSLN-M,Pazartesi,13:30/16:29,,20,19,,"BIO_LS, BLG_LS, BST_LS, CAB_3T_LS, CAB_4T_LS, CAB_BG_LS, CAB_DL_LS, CAB_DS_LS, CAB_KA_LS, CAB_KE_LS, CAB_KL_LS, CAB_KM_LS, CAB_KO_LS, CAB_LS, CAB_ME_LS, CAB_NE_LS, CAB_TN_LS, CAB_UD_LS, CAB_VC_LS, CAB_VI_LS, CAB_VS_LS, CEB_LS, CEV_LS, CHZ_LS, DEN_LS, EHB_LS, ELE_LS, ELH_LS, ELK_LS, END_LS, ENT_LS, EUT_LS, FIZ_LS, GEM_LS, GEO_LS, GID_LS, HTA_LS, HTAE_LS, IBM_LS, ICM_LS, IML_LS, INS_LS, ISL_LS, JEF_LS, KIM_LS, KMM_LS, KMP_LS, KOM_LS, KON_LS, MAD_LS, MAK_LS, MAT_LS, MET_LS, MIM_LS, MTO_LS, MTR_LS, MUT_LS, MUZ_LS, MZT_LS, PEM_LS, PET_LS, ROS_LS, ROSE_LS, SBP_LS, SECE_LS, SES_LS, SES_TH_LS, SES_TS_LS, TEB_LS, TEK_LS, TEL_LS, THO_LS, UCK_LS, UZB_LS, VBAE_LS",,
20775,BEB 121,BEB,LS,Spor ve Teknoloji,,Birgül Arslanoğlu,RSLN-M,Çarşamba,12:30/15:29,,20,20,,"BIO_LS, BLG_LS, BST_LS, CAB_3T_LS, CAB_4T_LS, CAB_BG_LS, CAB_DL_LS, CAB_DS_LS, CAB_KA_LS, CAB_KE_LS, CAB_KL_LS, CAB_KM_LS, CAB_KO_LS, CAB_LS, CAB_ME_LS, CAB_NE_LS, CAB_TN_LS, CAB_UD_LS, CAB_VC_LS, CAB_VI_LS, CAB_VS_LS, CEB_LS, CEV_LS, CHZ_LS, DEN_LS, EHB_LS, ELE_LS, ELH_LS, ELK_LS, END_LS, ENT_LS, EUT_LS, FIZ_LS, GEM_LS, GEO_LS, GID_LS, HTA_LS, HTAE_LS, IBM_LS, ICM_LS, IML_LS, INS_LS, ISL_LS, JEF_LS, KIM_LS, KMM_LS, KMP_LS, KOM_LS, KON_LS, MAD_LS, MAK_LS, MAT_LS, MET_LS, MIM_LS, MTO_LS, MTR_LS, MUT_LS, MUZ_LS, MZT_LS, PEM_LS, PET_LS, ROS_LS, ROSE_LS, SBP_LS, SECE_LS, SES_LS, SES_TH_LS, SES_TS_LS, TEB_LS, TEK_LS, TEL_LS, THO_LS, UCK_LS, UZB_LS, VBAE_LS",,
20776,BEB 121,BEB,LS,Spor ve Teknoloji,,Birgül Arslanoğlu,DZB,Perşembe,08:30/11:29,,20,14,,"DUI_LS, GMI_LS, IBM_LS, KOM_LS, MTO_LS",,
20777,BEB 122,BEB,LS,Fiziksel Aktivite ve Egzersiz,,-,SLN-G,Pazartesi,08:30/10:29,,0,0,,"BIO_LS, BLG_LS, BST_LS, CAB_3T_LS, CAB_4T_LS, CAB_BG_LS, CAB_DL_LS, CAB_DS_LS, CAB_KA_LS, CAB_KE_LS, CAB_KL_LS, CAB_KM_LS, CAB_KO_LS, CAB_LS, CAB_ME_LS, CAB_NE_LS, CAB_TN_LS, CAB_UD_LS, CAB_VC_LS, CAB_VI_LS, CAB_VS_LS, CEB_LS, CEV_LS, CHZ_LS, DEN_LS, EHB_LS, ELE_LS, ELH_LS, ELK_LS, END_LS, ENT_LS, EUT_LS, FIZ_LS, GEM_LS, GEO_LS, GID_LS, HTA_LS, HTAE_LS, IBM_LS, ICM_LS, IML_LS, INS_LS, ISL_LS, JEF_LS, KIM_LS, KMM_LS, KMP_LS, KOM_LS, KON_LS, MAD_LS, MAK_LS, MAT_LS, MET_LS, MIM_LS, MTO_LS, MTR_LS, MUT_LS, MUZ_LS, MZT_LS, PEM_LS, PET_LS, PETE_LS, ROS_LS, ROSE_LS, SBP_LS, SECE_LS, SES_LS, SES_TH_LS, SES_TS_LS, TEB_LS, TEK_LS, TEL_LS, THO_LS, UCK_LS, UZB_LS, VBAE_LS",,
20778,BEB 122,BEB,LS,Fiziksel Aktivite ve Egzersiz,,Burak Gönültaş,SLN-G,Pazartesi,10:30/12:29,,15,13,,"BIO_LS, BLG_LS, BST_LS, CAB_3T_LS, CAB_4T_LS, CAB_BG_LS, CAB_DL_LS, CAB_DS_LS, CAB_KA_LS, CAB_KE_LS, CAB_KL_LS, CAB_KM_LS, CAB_KO_LS, CAB_LS, CAB_ME_LS, CAB_NE_LS, CAB_TN_LS, CAB_UD_LS, CAB_VC_LS, CAB_VI_LS, CAB_VS_LS, CEB_LS, CEV_LS, CHZ_LS, DEN_LS, EHB_LS, ELE_LS, ELH_LS, ELK_LS, END_LS, ENT_LS, EUT_LS, FIZ_LS, GEM_LS, GEO_LS, GID_LS, HTA_LS, HTAE_LS, IBM_LS, ICM_LS, IML_LS, INS_LS, ISL_LS, JEF_LS, KIM_LS, KMM_LS, KMP_LS, KOM_LS, KON_LS, MAD_LS, MAK_LS, MAT_LS, MET_LS, MIM_LS, MTO_LS, MTR_LS, MUT_LS, MUZ_LS, MZT_LS, PEM_LS, PET_LS, PETE_LS, ROS_LS, ROSE_LS, SBP_LS, SECE_LS, SES_LS, SES_TH_LS, SES_TS_LS, TEB_LS, TEK_LS, TEL_LS, THO_LS, UCK_LS, UZB_LS, VBAE_LS",,
20779,BEB 102,BEB,LS,Yüzme Teknikleri Becerisi Öğr.,,Burak Gönültaş,HVZ,Salı,15:30/17:29,,12,8,,"BIO_LS, BLG_LS, BST_LS, CAB_3T_LS, CAB_4T_LS, CAB_BG_LS, CAB_DL_LS, CAB_DS_LS, CAB_KA_LS, CAB_KE_LS, CAB_KL_LS, CAB_KM_LS, CAB_KO_LS, CAB_LS, CAB_ME_LS, CAB_NE_LS, CAB_TN_LS, CAB_UD_LS, CAB_VC_LS, CAB_VI_LS, CAB_VS_LS, CEB_LS, CEV_LS, CHZ_LS, DEN_LS, EHB_LS, ELE_LS, ELH_LS, ELK_LS, END_LS, ENT_LS, EUT_LS, FIZ_LS, GEM_LS, GEO_LS, GID_LS, HTA_LS, HTAE_LS, IBM_LS, ICM_LS, IML_LS, INS_LS, ISL_LS, JEF_LS, KIM_LS, KMM_LS, KMP_LS, KOM_LS, KON_LS, MAD_LS, MAK_LS, MAT_LS, MET_LS, MIM_LS, MTO_LS, MTR_LS, MUT_LS, MUZ_LS, MZT_LS, PEM_LS, PET_LS, PETE_LS, ROS_LS, ROSE_LS, SBP_LS, SECE_LS, SES_LS, SES_TH_LS, SES_TS_LS, TEB_LS, TEK_LS, TEL_LS, THO_LS, UCK_LS, UZB_LS, VBAE_LS",,
20780,BEB 101,BEB,LS,Temel Yüzme Becerisi Öğrenimi,,Burak Gönültaş,HVZ,Çarşamba,10:30/12:29,,12,4,,"BIO_LS, BLG_LS, BST_LS, CAB_3T_LS, CAB_4T_LS, CAB_BG_LS, CAB_DL_LS, CAB_DS_LS, CAB_KA_LS, CAB_KE_LS, CAB_KL_LS, CAB_KM_LS, CAB_KO_LS, CAB_LS, CAB_ME_LS, CAB_NE_LS, CAB_TN_LS, CAB_UD_LS, CAB_VC_LS, CAB_VI_LS, CAB_VS_LS, CEB_LS, CEV_LS, CHZ_LS, DEN_LS, EHB_LS, ELE_LS, ELH_LS, ELK_LS, END_LS, ENT_LS, EUT_LS, FIZ_LS, GEM_LS, GEO_LS, GID_LS, HTA_LS, HTAE_LS, IBM_LS, ICM_LS, IML_LS, INS_LS, ISL_LS, JEF_LS, KIM_LS, KMM_LS, KMP_LS, KOM_LS, KON_LS, MAD_LS, MAK_LS, MAT_LS, MET_LS, MIM_LS, MTO_LS, MTR_LS, MUT_LS, MUZ_LS, MZT_LS, PEM_LS, PET_LS, PETE_LS, ROS_LS, ROSE_LS, SBP_LS, SECE_LS, SES_LS, SES_TH_LS, SES_TS_LS, TEB_LS, TEK_LS, TEL_LS, THO_LS, UCK_LS, UZB_LS, VBAE_LS",,
20781,BEB 101,BEB,LS,Temel Yüzme Becerisi Öğrenimi,,Burak Gönültaş,HVZ,Çarşamba,13:30/15:29,,12,11,,"BIO_LS, BLG_LS, BST_LS, CAB_3T_LS, CAB_4T_LS, CAB_BG_LS, CAB_DL_LS, CAB_DS_LS, CAB_KA_LS, CAB_KE_LS, CAB_KL_LS, CAB_KM_LS, CAB_KO_LS, CAB_LS, CAB_ME_LS, CAB_NE_LS, CAB_TN_LS, CAB_UD_LS, CAB_VC_LS, CAB_VI_LS, CAB_VS_LS, CEB_LS, CEV_LS, CHZ_LS, DEN_LS, EHB_LS, ELE_LS, ELH_LS, ELK_LS, END_LS, ENT_LS, EUT_LS, FIZ_LS, GEM_LS, GEO_LS, GID_LS, HTA_LS, HTAE_LS, IBM_LS, ICM_LS, IML_LS, INS_LS, ISL_LS, JEF_LS, KIM_LS, KMM_LS, KMP_LS, KOM_LS, KON_LS, MAD_LS, MAK_LS, MAT_LS, MET_LS, MIM_LS, MTO_LS, MTR_LS, MUT_LS, MUZ_LS, MZT_LS, PEM_LS, PET_LS, PETE_LS, ROS_LS, ROSE_LS, SBP_LS, SECE_LS, SES_LS, SES_TH_LS, SES_TS_LS, TEB_LS, TEK_LS, TEL_LS, THO_LS, UCK_LS, UZB_LS, VBAE_LS",,
20782,BEB 118,BEB,LS,Genel Kond.ve Vücut Geliştirme,,Burak Gönültaş,SYM,Perşembe,08:30/10:29,,15,12,,"BIO_LS, BLG_LS, BST_LS, CAB_3T_LS, CAB_4T_LS, CAB_BG_LS, CAB_DL_LS, CAB_DS_LS, CAB_KA_LS, CAB_KE_LS, CAB_KL_LS, CAB_KM_LS, CAB_KO_LS, CAB_LS, CAB_ME_LS, CAB_NE_LS, CAB_TN_LS, CAB_UD_LS, CAB_VC_LS, CAB_VI_LS, CAB_VS_LS, CEB_LS, CEV_LS, CHZ_LS, DEN_LS, EHB_LS, ELE_LS, ELH_LS, ELK_LS, END_LS, ENT_LS, EUT_LS, FIZ_LS, GEM_LS, GEO_LS, GID_LS, HTA_LS, HTAE_LS, IBM_LS, ICM_LS, IML_LS, INS_LS, ISL_LS, JEF_LS, KIM_LS, KMM_LS, KMP_LS, KOM_LS, KON_LS, MAD_LS, MAK_LS, MAT_LS, MET_LS, MIM_LS, MTO_LS, MTR_LS, MUT_LS, MUZ_LS, MZT_LS, PEM_LS, PET_LS, PETE_LS, ROS_LS, ROSE_LS, SBP_LS, SECE_LS, SES_LS, SES_TH_LS, SES_TS_LS, TEB_LS, TEK_LS, TEL_LS, THO_LS, UCK_LS, UZB_LS, VBAE_LS",,
20783,BEB 102,BEB,LS,Yüzme Teknikleri Becerisi Öğr.,,-,HVZ,Salı,08:30/10:29,,0,0,,"BIO_LS, BLG_LS, BST_LS, CAB_3T_LS, CAB_4T_LS, CAB_BG_LS, CAB_DL_LS, CAB_DS_LS, CAB_KA_LS, CAB_KE_LS, CAB_KL_LS, CAB_KM_LS, CAB_KO_LS, CAB_LS, CAB_ME_LS, CAB_NE_LS, CAB_TN_LS, CAB_UD_LS, CAB_VC_LS, CAB_VI_LS, CAB_VS_LS, CEB_LS, CEV_LS, CHZ_LS, DEN_LS, EHB_LS, ELE_LS, ELH_LS, ELK_LS, END_LS, ENT_LS, EUT_LS, FIZ_LS, GEM_LS, GEO_LS, GID_LS, HTA_LS, HTAE_LS, IBM_LS, ICM_LS, IML_LS, INS_LS, ISL_LS, JEF_LS, KIM_LS, KMM_LS, KMP_LS, KOM_LS, KON_LS, MAD_LS, MAK_LS, MAT_LS, MET_LS, MIM_LS, MTO_LS, MTR_LS, MUT_LS, MUZ_LS, MZT_LS, PEM_LS, PET_LS, PETE_LS, ROS_LS, ROSE_LS, SBP_LS, SECE_LS, SES_LS, SES_TH_LS, SES_TS_LS, TEB_LS, TEK_LS, TEL_LS, THO_LS, UCK_LS, UZB_LS, VBAE_LS",,
20784,BEB 102,BEB,LS,Yüzme Teknikleri Becerisi Öğr.,,-,HVZ,Çarşamba,08:30/10:29,,0,0,,"BIO_LS, BLG_LS, BST_LS, CAB_3T_LS, CAB_4T_LS, CAB_BG_LS, CAB_DL_LS, CAB_DS_LS, CAB_KA_LS, CAB_KE_LS, CAB_KL_LS, CAB_KM_LS, CAB_KO_LS, CAB_LS, CAB_ME_LS, CAB_NE_LS, CAB_TN_LS, CAB_UD_LS, CAB_VC_LS, CAB_VI_LS, CAB_VS_LS, CEB_LS, CEV_LS, CHZ_LS, DEN_LS, EHB_LS, ELE_LS, ELH_LS, ELK_LS, END_LS, ENT_LS, EUT_LS, FIZ_LS, GEM_LS, GEO_LS, GID_LS, HTA_LS, HTAE_LS, IBM_LS, ICM_LS, IML_LS, INS_LS, ISL_LS, JEF_LS, KIM_LS, KMM_LS, KMP_LS, KOM_LS, KON_LS, MAD_LS, MAK_LS, MAT_LS, MET_LS, MIM_LS, MTO_LS, MTR_LS, MUT_LS, MUZ_LS, MZT_LS, PEM_LS, PET_LS, PETE_LS, ROS_LS, ROSE_LS, SBP_LS, SECE_LS, SES_LS, SES_TH_LS, SES_TS_LS, TEB_LS, TEK_LS, TEL_LS, THO_LS, UCK_LS, UZB_LS, VBAE_LS",,
20787,BEB 110,BEB,LS,Hentbol Temel Beceri Eğitimi,,-,SLN-M,Pazartesi,13:30/15:29,,0,0,,"BIO_LS, BLG_LS, BST_LS, CAB_3T_LS, CAB_4T_LS, CAB_BG_LS, CAB_DL_LS, CAB_DS_LS, CAB_KA_LS, CAB_KE_LS, CAB_KL_LS, CAB_KM_LS, CAB_KO_LS, CAB_LS, CAB_ME_LS, CAB_NE_LS, CAB_TN_LS, CAB_UD_LS, CAB_VC_LS, CAB_VI_LS, CAB_VS_LS, CEB_LS, CEV_LS, CHZ_LS, DEN_LS, EHB_LS, ELE_LS, ELH_LS, ELK_LS, END_LS, ENT_LS, EUT_LS, FIZ_LS, GEM_LS, GEO_LS, GID_LS, HTA_LS, HTAE_LS, IBM_LS, ICM_LS, IML_LS, INS_LS, ISL_LS, JEF_LS, KIM_LS, KMM_LS, KMP_LS, KOM_LS, KON_LS, MAD_LS, MAK_LS, MAT_LS, MET_LS, MIM_LS, MTO_LS, MTR_LS, MUT_LS, MUZ_LS, MZT_LS, PEM_LS, PET_LS, PETE_LS, ROS_LS, ROSE_LS, SBP_LS, SECE_LS, SES_LS, SES_TH_LS, SES_TS_LS, TEB_LS, TEK_LS, TEL_LS, THO_LS, UCK_LS, UZB_LS, VBAE_LS",,
20788,BEB 110,BEB,LS,Hentbol Temel Beceri Eğitimi,,-,SLN-M,Pazartesi,15:30/17:29,,0,0,,"BIO_LS, BLG_LS, BST_LS, CAB_3T_LS, CAB_4T_LS, CAB_BG_LS, CAB_DL_LS, CAB_DS_LS, CAB_KA_LS, CAB_KE_LS, CAB_KL_LS, CAB_KM_LS, CAB_KO_LS, CAB_LS, CAB_ME_LS, CAB_NE_LS, CAB_TN_LS, CAB_UD_LS, CAB_VC_LS, CAB_VI_LS, CAB_VS_LS, CEB_LS, CEV_LS, CHZ_LS, DEN_LS, EHB_LS, ELE_LS, ELH_LS, ELK_LS, END_LS, ENT_LS, EUT_LS, FIZ_LS, GEM_LS, GEO_LS, GID_LS, HTA_LS, HTAE_LS, IBM_LS, ICM_LS, IML_LS, INS_LS, ISL_LS, JEF_LS, KIM_LS, KMM_LS, KMP_LS, KOM_LS, KON_LS, MAD_LS, MAK_LS, MAT_LS, MET_LS, MIM_LS, MTO_LS, MTR_LS, MUT_LS, MUZ_LS, MZT_LS, PEM_LS, PET_LS, PETE_LS, ROS_LS, ROSE_LS, SBP_LS, SECE_LS, SES_LS, SES_TH_LS, SES_TS_LS, TEB_LS, TEK_LS, TEL_LS, THO_LS, UCK_LS, UZB_LS, VBAE_LS",,
20789,BIL 100E,BIL,LS,Intr.to Prog.Language(PYTHON),,Ömer Özyıldırım,MED | MED,Pazartesi | Pazartesi,10:30/11:29 | 11:30/13:29,,75,75,,"BIO_LS, BIOE_LS, CEV_LS, CEVE_LS, CHZ_LS, CHZE_LS, DEN_LS, DENE_LS, DUI_LS, DUIE_LS, ECNE_LS, EHB_LS, EHBE_LS, ELE_LS, ELH_LS, END_LS, ENDE_LS, ENTE_LS, EUT_LS, EUTE_LS, FIZ_LS, FIZ_YD, FIZE_LS, GEM_LS, GEME_LS, GEMK_LS, GID_LS, GIDE_LS, GMI_LS, GMIE_LS, ICM_LS, IML_LS, IMLE_LS, INS_LS, INSE_LS, ISL_LS, ISLE_LS, JEF_LS, JEFE_LS, JEO_LS, JEOE_LS, KIM_LS, KIME_LS, KMM_LS, KMME_LS, KOM_LS, KOME_LS, MAD_LS, MADE_LS, MAK_LS, MAKE_LS, MAT_LS, MATE_LS, MET_LS, METE_LS, MIM_LS, MIME_LS, PEM_LS, PEME_LS, PET_LS, PETE_LS, SBP_LS, SBPE_LS, SEN_LS, TEK_LS, TEKE_LS, TEL_LS, UCK_LS, UZB_LS, UZBE_LS",,
20790,BIL 100E,BIL,LS,Intr.to Prog.Language(PYTHON),,Evren Dağlarlı,MED | MED,Pazartesi | Pazartesi,10:30/11:29 | 11:30/13:29,,75,28,,"BIO_LS, BIOE_LS, CEV_LS, CEVE_LS, CHZ_LS, CHZE_LS, DEN_LS, DENE_LS, DUI_LS, DUIE_LS, ECNE_LS, EHB_LS, EHBE_LS, ELE_LS, ELH_LS, END_LS, ENDE_LS, ENTE_LS, EUT_LS, EUTE_LS, FIZ_LS, FIZ_YD, FIZE_LS, GEM_LS, GEME_LS, GEMK_LS, GID_LS, GIDE_LS, GMI_LS, GMIE_LS, ICM_LS, IML_LS, IMLE_LS, INS_LS, INSE_LS, ISL_LS, ISLE_LS, JEF_LS, JEFE_LS, JEO_LS, JEOE_LS, KIM_LS, KIME_LS, KMM_LS, KMME_LS, KOM_LS, KOME_LS, MAD_LS, MADE_LS, MAK_LS, MAKE_LS, MAT_LS, MATE_LS, MET_LS, METE_LS, MIM_LS, MIME_LS, PEM_LS, PEME_LS, PET_LS, PETE_LS, SBP_LS, SBPE_LS, SEN_LS, TEK_LS, TEKE_LS, TEL_LS, UCK_LS, UZB_LS, UZBE_LS",,
20791,BIL 100E,BIL,LS,Intr.to Prog.Language(PYTHON),,Ömer Özyıldırım,MED | MED,Pazartesi | Pazartesi,14:30/15:29 | 15:30/17:29,,75,75,,"BIO_LS, BIOE_LS, CEV_LS, CEVE_LS, CHZ_LS, CHZE_LS, DEN_LS, DENE_LS, DUI_LS, DUIE_LS, ECNE_LS, EHB_LS, EHBE_LS, ELE_LS, ELH_LS, END_LS, ENDE_LS, ENTE_LS, EUT_LS, EUTE_LS, FIZ_LS, FIZ_YD, FIZE_LS, GEM_LS, GEME_LS, GEMK_LS, GID_LS, GIDE_LS, GMI_LS, GMIE_LS, ICM_LS, IML_LS, IMLE_LS, INS_LS, INSE_LS, ISL_LS, ISLE_LS, JEF_LS, JEFE_LS, JEO_LS, JEOE_LS, KIM_LS, KIME_LS, KMM_LS, KMME_LS, KOM_LS, KOME_LS, MAD_LS, MADE_LS, MAK_LS, MAKE_LS, MAT_LS, MATE_LS, MET_LS, METE_LS, MIM_LS, MIME_LS, PEM_LS, PEME_LS, PET_LS, PETE_LS, SBP_LS, SBPE_LS, SEN_LS, TEK_LS, TEKE_LS, TEL_LS, UCK_LS, UZB_LS, UZBE_LS",,
20792,BIL 100E,BIL,LS,Intr.to Prog.Language(PYTHON),,Evren Dağlarlı,MED | MED,Pazartesi | Pazartesi,14:30/15:29 | 15:30/17:29,,75,45,,"BIO_LS, BIOE_LS, CEV_LS, CEVE_LS, CHZ_LS, CHZE_LS, DEN_LS, DENE_LS, DUI_LS, DUIE_LS, ECNE_LS, EHB_LS, EHBE_LS, ELE_LS, ELH_LS, END_LS, ENDE_LS, ENTE_LS, EUT_LS, EUTE_LS, FIZ_LS, FIZ_YD, FIZE_LS, GEM_LS, GEME_LS, GEMK_LS, GID_LS, GIDE_LS, GMI_LS, GMIE_LS, ICM_LS, IML_LS, IMLE_LS, INS_LS, INSE_LS, ISL_LS, ISLE_LS, JEF_LS, JEFE_LS, JEO_LS, JEOE_LS, KIM_LS, KIME_LS, KMM_LS, KMME_LS, KOM_LS, KOME_LS, MAD_LS, MADE_LS, MAK_LS, MAKE_LS, MAT_LS, MATE_LS, MET_LS, METE_LS, MIM_LS, MIME_LS, PEM_LS, PEME_LS, PET_LS, PETE_LS, SBP_LS, SBPE_LS, SEN_LS, TEK_LS, TEKE_LS, TEL_LS, UCK_LS, UZB_LS, UZBE_LS",,
20793,BIL 100E,BIL,LS,Intr.to Prog.Language(PYTHON),,Ömer Özyıldırım,MED | MED,Salı | Salı,10:30/11:29 | 11:30/13:29,,75,75,,"BIO_LS, BIOE_LS, CEV_LS, CEVE_LS, CHZ_LS, CHZE_LS, DEN_LS, DENE_LS, DUI_LS, DUIE_LS, ECNE_LS, EHB_LS, EHBE_LS, ELE_LS, ELH_LS, END_LS, ENDE_LS, ENTE_LS, EUT_LS, EUTE_LS, FIZ_LS, FIZ_YD, FIZE_LS, GEM_LS, GEME_LS, GEMK_LS, GID_LS, GIDE_LS, GMI_LS, GMIE_LS, ICM_LS, IML_LS, IMLE_LS, INS_LS, INSE_LS, ISL_LS, ISLE_LS, JEF_LS, JEFE_LS, JEO_LS, JEOE_LS, KIM_LS, KIME_LS, KMM_LS, KMME_LS, KOM_LS, KOME_LS, MAD_LS, MADE_LS, MAK_LS, MAKE_LS, MAT_LS, MATE_LS, MET_LS, METE_LS, MIM_LS, MIME_LS, PEM_LS, PEME_LS, PET_LS, PETE_LS, SBP_LS, SBPE_LS, SEN_LS, TEK_LS, TEKE_LS, TEL_LS, UCK_LS, UZB_LS, UZBE_LS",,
20794,BIL 100E,BIL,LS,Intr.to Prog.Language(PYTHON),,Evren Dağlarlı,MED | MED,Salı | Salı,10:30/11:29 | 11:30/13:29,,75,27,,"BIO_LS, BIOE_LS, CEV_LS, CEVE_LS, CHZ_LS, CHZE_LS, DEN_LS, DENE_LS, DUI_LS, DUIE_LS, ECNE_LS, EHB_LS, EHBE_LS, ELE_LS, ELH_LS, END_LS, ENDE_LS, ENTE_LS, EUT_LS, EUTE_LS, FIZ_LS, FIZ_YD, FIZE_LS, GEM_LS, GEME_LS, GEMK_LS, GID_LS, GIDE_LS, GMI_LS, GMIE_LS, ICM_LS, IML_LS, IMLE_LS, INS_LS, INSE_LS, ISL_LS, ISLE_LS, JEF_LS, JEFE_LS, JEO_LS, JEOE_LS, KIM_LS, KIME_LS, KMM_LS, KMME_LS, KOM_LS, KOME_LS, MAD_LS, MADE_LS, MAK_LS, MAKE_LS, MAT_LS, MATE_LS, MET_LS, METE_LS, MIM_LS, MIME_LS, PEM_LS, PEME_LS, PET_LS, PETE_LS, SBP_LS, SBPE_LS, SEN_LS, TEK_LS, TEKE_LS, TEL_LS, UCK_LS, UZB_LS, UZBE_LS",,
20795,BIL 100E,BIL,LS,Intr.to Prog.Language(PYTHON),,Ömer Özyıldırım,MED | MED,Salı | Salı,14:30/15:29 | 15:30/17:29,,75,74,,"BIO_LS, BIOE_LS, CEV_LS, CEVE_LS, CHZ_LS, CHZE_LS, DEN_LS, DENE_LS, DUI_LS, DUIE_LS, ECNE_LS, EHB_LS, EHBE_LS, ELE_LS, ELH_LS, END_LS, ENDE_LS, ENTE_LS, EUT_LS, EUTE_LS, FIZ_LS, FIZ_YD, FIZE_LS, GEM_LS, GEME_LS, GEMK_LS, GID_LS, GIDE_LS, GMI_LS, GMIE_LS, ICM_LS, IML_LS, IMLE_LS, INS_LS, INSE_LS, ISL_LS, ISLE_LS, JEF_LS, JEFE_LS, JEO_LS, JEOE_LS, KIM_LS, KIME_LS, KMM_LS, KMME_LS, KOM_LS, KOME_LS, MAD_LS, MADE_LS, MAK_LS, MAKE_LS, MAT_LS, MATE_LS, MET_LS, METE_LS, MIM_LS, MIME_LS, PEM_LS, PEME_LS, PET_LS, PETE_LS, SBP_LS, SBPE_LS, SEN_LS, TEK_LS, TEKE_LS, TEL_LS, UCK_LS, UZB_LS, UZBE_LS",,
20796,BIL 100E,BIL,LS,Intr.to Prog.Language(PYTHON),,Evren Dağlarlı,MED | MED,Salı | Salı,14:30/15:29 | 15:30/17:29,,75,64,,"BIO_LS, BIOE_LS, CEV_LS, CEVE_LS, CHZ_LS, CHZE_LS, DEN_LS, DENE_LS, DUI_LS, DUIE_LS, ECNE_LS, EHB_LS, EHBE_LS, ELE_LS, ELH_LS, END_LS, ENDE_LS, ENTE_LS, EUT_LS, EUTE_LS, FIZ_LS, FIZ_YD, FIZE_LS, GEM_LS, GEME_LS, GEMK_LS, GID_LS, GIDE_LS, GMI_LS, GMIE_LS, ICM_LS, IML_LS, IMLE_LS, INS_LS, INSE_LS, ISL_LS, ISLE_LS, JEF_LS, JEFE_LS, JEO_LS, JEOE_LS, KIM_LS, KIME_LS, KMM_LS, KMME_LS, KOM_LS, KOME_LS, MAD_LS, MADE_LS, MAK_LS, MAKE_LS, MAT_LS, MATE_LS, MET_LS, METE_LS, MIM_LS, MIME_LS, PEM_LS, PEME_LS, PET_LS, PETE_LS, SBP_LS, SBPE_LS, SEN_LS, TEK_LS, TEKE_LS, TEL_LS, UCK_LS, UZB_LS, UZBE_LS",,
20797,BIL 100E,BIL,LS,Intr.to Prog.Language(PYTHON),,Erke Arıbaş,MED | MED,Çarşamba | Çarşamba,12:30/13:29 | 13:30/15:29,,75,71,,"BIO_LS, BIOE_LS, CEV_LS, CEVE_LS, CHZ_LS, CHZE_LS, DEN_LS, DENE_LS, DUI_LS, DUIE_LS, ECNE_LS, EHB_LS, EHBE_LS, ELE_LS, ELH_LS, END_LS, ENDE_LS, ENTE_LS, EUT_LS, EUTE_LS, FIZ_LS, FIZ_YD, FIZE_LS, GEM_LS, GEME_LS, GEMK_LS, GID_LS, GIDE_LS, GMI_LS, GMIE_LS, ICM_LS, IML_LS, IMLE_LS, INS_LS, INSE_LS, ISL_LS, ISLE_LS, JEF_LS, JEFE_LS, JEO_LS, JEOE_LS, KIM_LS, KIME_LS, KMM_LS, KMME_LS, KOM_LS, KOME_LS, MAD_LS, MADE_LS, MAK_LS, MAKE_LS, MAT_LS, MATE_LS, MET_LS, METE_LS, MIM_LS, MIME_LS, PEM_LS, PEME_LS, PET_LS, PETE_LS, SBP_LS, SBPE_LS, SEN_LS, TEK_LS, TEKE_LS, TEL_LS, UCK_LS, UZB_LS, UZBE_LS",,
20798,BIL 100E,BIL,LS,Intr.to Prog.Language(PYTHON),,Berfin Kalay Uzun,MED | MED,Çarşamba | Çarşamba,12:30/13:29 | 13:30/15:29,,75,63,,"BIO_LS, BIOE_LS, CEV_LS, CEVE_LS, CHZ_LS, CHZE_LS, DEN_LS, DENE_LS, DUI_LS, DUIE_LS, ECNE_LS, EHB_LS, EHBE_LS, ELE_LS, ELH_LS, END_LS, ENDE_LS, ENTE_LS, EUT_LS, EUTE_LS, FIZ_LS, FIZ_YD, FIZE_LS, GEM_LS, GEME_LS, GEMK_LS, GID_LS, GIDE_LS, GMI_LS, GMIE_LS, ICM_LS, IML_LS, IMLE_LS, INS_LS, INSE_LS, ISL_LS, ISLE_LS, JEF_LS, JEFE_LS, JEO_LS, JEOE_LS, KIM_LS, KIME_LS, KMM_LS, KMME_LS, KOM_LS, KOME_LS, MAD_LS, MADE_LS, MAK_LS, MAKE_LS, MAT_LS, MATE_LS, MET_LS, METE_LS, MIM_LS, MIME_LS, PEM_LS, PEME_LS, PET_LS, PETE_LS, SBP_LS, SBPE_LS, SEN_LS, TEK_LS, TEKE_LS, TEL_LS, UCK_LS, UZB_LS, UZBE_LS",,
20799,BIL 100E,BIL,LS,Intr.to Prog.Language(PYTHON),,Berfin Kalay Uzun,MED | MED,Çarşamba | Çarşamba,09:30/10:29 | 10:30/12:29,,75,31,,"BIO_LS, BIOE_LS, CEV_LS, CEVE_LS, CHZ_LS, CHZE_LS, DEN_LS, DENE_LS, DUI_LS, DUIE_LS, ECNE_LS, EHB_LS, EHBE_LS, ELE_LS, ELH_LS, END_LS, ENDE_LS, ENTE_LS, EUT_LS, EUTE_LS, FIZ_LS, FIZ_YD, FIZE_LS, GEM_LS, GEME_LS, GEMK_LS, GID_LS, GIDE_LS, GMI_LS, GMIE_LS, ICM_LS, IML_LS, IMLE_LS, INS_LS, INSE_LS, ISL_LS, ISLE_LS, JEF_LS, JEFE_LS, JEO_LS, JEOE_LS, KIM_LS, KIME_LS, KMM_LS, KMME_LS, KOM_LS, KOME_LS, MAD_LS, MADE_LS, MAK_LS, MAKE_LS, MAT_LS, MATE_LS, MET_LS, METE_LS, MIM_LS, MIME_LS, PEM_LS, PEME_LS, PET_LS, PETE_LS, SBP_LS, SBPE_LS, SEN_LS, TEK_LS, TEKE_LS, TEL_LS, UCK_LS, UZB_LS, UZBE_LS",,
20800,BIL 100E,BIL,LS,Intr.to Prog.Language(PYTHON),,Erke Arıbaş,MED | MED,Çarşamba | Çarşamba,09:30/10:29 | 10:30/12:29,,75,17,,"BIO_LS, BIOE_LS, CEV_LS, CEVE_LS, CHZ_LS, CHZE_LS, DEN_LS, DENE_LS, DUI_LS, DUIE_LS, ECNE_LS, EHB_LS, EHBE_LS, ELE_LS, ELH_LS, END_LS, ENDE_LS, ENTE_LS, EUT_LS, EUTE_LS, FIZ_LS, FIZ_YD, FIZE_LS, GEM_LS, GEME_LS, GEMK_LS, GID_LS, GIDE_LS, GMI_LS, GMIE_LS, ICM_LS, IML_LS, IMLE_LS, INS_LS, INSE_LS, ISL_LS, ISLE_LS, JEF_LS, JEFE_LS, JEO_LS, JEOE_LS, KIM_LS, KIME_LS, KMM_LS, KMME_LS, KOM_LS, KOME_LS, MAD_LS, MADE_LS, MAK_LS, MAKE_LS, MAT_LS, MATE_LS, MET_LS, METE_LS, MIM_LS, MIME_LS, PEM_LS, PEME_LS, PET_LS, PETE_LS, SBP_LS, SBPE_LS, SEN_LS, TEK_LS, TEKE_LS, TEL_LS, UCK_LS, UZB_LS, UZBE_LS",,
20801,BIL 100E,BIL,LS,Intr.to Prog.Language(PYTHON),,Erke Arıbaş,MED | MED,Perşembe | Perşembe,10:30/11:29 | 11:30/13:29,,75,54,,"BIO_LS, BIOE_LS, CEV_LS, CEVE_LS, CHZ_LS, CHZE_LS, DEN_LS, DENE_LS, DUI_LS, DUIE_LS, ECNE_LS, EHB_LS, EHBE_LS, ELE_LS, ELH_LS, END_LS, ENDE_LS, ENTE_LS, EUT_LS, EUTE_LS, FIZ_LS, FIZ_YD, FIZE_LS, GEM_LS, GEME_LS, GEMK_LS, GID_LS, GIDE_LS, GMI_LS, GMIE_LS, ICM_LS, IML_LS, IMLE_LS, INS_LS, INSE_LS, ISL_LS, ISLE_LS, JEF_LS, JEFE_LS, JEO_LS, JEOE_LS, KIM_LS, KIME_LS, KMM_LS, KMME_LS, KOM_LS, KOME_LS, MAD_LS, MADE_LS, MAK_LS, MAKE_LS, MAT_LS, MATE_LS, MET_LS, METE_LS, MIM_LS, MIME_LS, PEM_LS, PEME_LS, PET_LS, PETE_LS, SBP_LS, SBPE_LS, SEN_LS, TEK_LS, TEKE_LS, TEL_LS, UCK_LS, UZB_LS, UZBE_LS",,
20802,BIL 100E,BIL,LS,Intr.to Prog.Language(PYTHON),,Berfin Kalay Uzun,MED | MED,Perşembe | Perşembe,10:30/11:29 | 11:30/13:29,,75,21,,"BIO_LS, BIOE_LS, CEV_LS, CEVE_LS, CHZ_LS, CHZE_LS, DEN_LS, DENE_LS, DUI_LS, DUIE_LS, ECNE_LS, EHB_LS, EHBE_LS, ELE_LS, ELH_LS, END_LS, ENDE_LS, ENTE_LS, EUT_LS, EUTE_LS, FIZ_LS, FIZ_YD, FIZE_LS, GEM_LS, GEME_LS, GEMK_LS, GID_LS, GIDE_LS, GMI_LS, GMIE_LS, ICM_LS, IML_LS, IMLE_LS, INS_LS, INSE_LS, ISL_LS, ISLE_LS, JEF_LS, JEFE_LS, JEO_LS, JEOE_LS, KIM_LS, KIME_LS, KMM_LS, KMME_LS, KOM_LS, KOME_LS, MAD_LS, MADE_LS, MAK_LS, MAKE_LS, MAT_LS, MATE_LS, MET_LS, METE_LS, MIM_LS, MIME_LS, PEM_LS, PEME_LS, PET_LS, PETE_LS, SBP_LS, SBPE_LS, SEN_LS, TEK_LS, TEKE_LS, TEL_LS, UCK_LS, UZB_LS, UZBE_LS",,
20803,BIL 100E,BIL,LS,Intr.to Prog.Language(PYTHON),,Erke Arıbaş,MED | MED,Perşembe | Perşembe,14:30/15:29 | 15:30/17:29,,75,62,,"BIO_LS, BIOE_LS, CEV_LS, CEVE_LS, CHZ_LS, CHZE_LS, DEN_LS, DENE_LS, DUI_LS, DUIE_LS, ECNE_LS, EHB_LS, EHBE_LS, ELE_LS, ELH_LS, END_LS, ENDE_LS, ENTE_LS, EUT_LS, EUTE_LS, FIZ_LS, FIZ_YD, FIZE_LS, GEM_LS, GEME_LS, GEMK_LS, GID_LS, GIDE_LS, GMI_LS, GMIE_LS, ICM_LS, IML_LS, IMLE_LS, INS_LS, INSE_LS, ISL_LS, ISLE_LS, JEF_LS, JEFE_LS, JEO_LS, JEOE_LS, KIM_LS, KIME_LS, KMM_LS, KMME_LS, KOM_LS, KOME_LS, MAD_LS, MADE_LS, MAK_LS, MAKE_LS, MAT_LS, MATE_LS, MET_LS, METE_LS, MIM_LS, MIME_LS, PEM_LS, PEME_LS, PET_LS, PETE_LS, SBP_LS, SBPE_LS, SEN_LS, TEK_LS, TEKE_LS, TEL_LS, UCK_LS, UZB_LS, UZBE_LS",,
20804,BIL 100E,BIL,LS,Intr.to Prog.Language(PYTHON),,Berfin Kalay Uzun,MED | MED,Perşembe | Perşembe,14:30/15:29 | 15:30/17:29,,75,36,,"BIO_LS, BIOE_LS, CEV_LS, CEVE_LS, CHZ_LS, CHZE_LS, DEN_LS, DENE_LS, DUI_LS, DUIE_LS, ECNE_LS, EHB_LS, EHBE_LS, ELE_LS, ELH_LS, END_LS, ENDE_LS, ENTE_LS, EUT_LS, EUTE_LS, FIZ_LS, FIZ_YD, FIZE_LS, GEM_LS, GEME_LS, GEMK_LS, GID_LS, GIDE_LS, GMI_LS, GMIE_LS, ICM_LS, IML_LS, IMLE_LS, INS_LS, INSE_LS, ISL_LS, ISLE_LS, JEF_LS, JEFE_LS, JEO_LS, JEOE_LS, KIM_LS, KIME_LS, KMM_LS, KMME_LS, KOM_LS, KOME_LS, MAD_LS, MADE_LS, MAK_LS, MAKE_LS, MAT_LS, MATE_LS, MET_LS, METE_LS, MIM_LS, MIME_LS, PEM_LS, PEME_LS, PET_LS, PETE_LS, SBP_LS, SBPE_LS, SEN_LS, TEK_LS, TEKE_LS, TEL_LS, UCK_LS, UZB_LS, UZBE_LS",,
20806,PEM 126E,PEM,LS,Hist.Theo.&Crtc.in Lndsc.Arc.I,,Nilay Özlü Karaca,MMB,Salı,09:30/12:29,127,90,64,,"PEM_LS, PEME_LS",,
20807,PEM 134E,PEM,LS,Plant Material I,,Didem Dizdaroğlu,MMB,Salı,13:30/17:29,333,30,28,,"PEM_LS, PEME_LS",,
20808,PEM 134E,PEM,LS,Plant Material I,,Didem Dizdaroğlu,MMB,Çarşamba,08:30/12:29,333,30,32,,"PEM_LS, PEME_LS",,
20809,DAN 102,DAN,LS,Girişimcilik & Kariyer Danış.,,Ayşegül Akçay Kavakoğlu,MMB,Çarşamba,15:30/17:29,213,100,56,,"PEM_LS, PEME_LS",,
20810,PEM 214E,PEM,LS,Resilient Urban Design,,Melih Bozkurt,MMB,Çarşamba,08:30/12:29,214,80,47,,"PEM_LS, PEME_LS",,
20811,PEM 209E,PEM,LS,Landform & Built Envir.Studio,,"Melih Bozkurt , / Didem Dizdaroğlu , / Ebru Erbaş Gürler",MMB | MMB,Pazartesi | Perşembe,13:30/17:29 | 13:30/17:29,D380 | D380,10,3,,"PEM_LS, PEME_LS",,
20812,PEM 212E,PEM,LS,Landscape Design I,,Melih Bozkurt,MMB | MMB,Pazartesi | Perşembe,13:30/17:29 | 13:30/17:29,212 | 212,17,17,,"PEM_LS, PEME_LS",,
20813,PEM 212E,PEM,LS,Landscape Design I,,Ebru Erbaş Gürler,MMB | MMB,Pazartesi | Perşembe,13:30/17:29 | 13:30/17:29,,18,18,,"PEM_LS, PEME_LS",,
20814,PEM 212E,PEM,LS,Landscape Design I,,Didem Dizdaroğlu,MMB | MMB,Pazartesi | Perşembe,13:30/17:29 | 13:30/17:29,,17,17,,"PEM_LS, PEME_LS",,
20815,PEM 253E,PEM,LS,Landscape Construction I,,Hayriye Eşbah Tunçay,MMB,Salı,13:30/17:29,212,75,59,,"PEM_LS, PEME_LS",,
20816,PEM 210E,PEM,LS,Planting Design Studio,,Hayriye Eşbah Tunçay,MMB,Salı,08:30/12:29,CATI2,70,43,,"PEM_LS, PEME_LS",,
20817,PEM 311E,PEM,LS,Landscape Design II,,Elif Lutfiye Kutay Karaçor,MMB | MMB | 217C,Pazartesi | Perşembe,13:30/17:29 | 13:30/17:29,,10,8,,"PEM_LS, PEME_LS",,
20818,PEM 312E,PEM,LS,Landscape Design III,,Fatma Ayçim Türer Başkaya,MMB | MMB | 214,Pazartesi | Perşembe,13:30/17:29 | 13:30/17:29,,17,17,,"PEM_LS, PEME_LS",,
20819,PEM 312E,PEM,LS,Landscape Design III,,Gülşen Aytaç,MMB | MMB,Pazartesi | Perşembe,13:30/17:29 | 13:30/17:29,,17,14,,"PEM_LS, PEME_LS",,
20820,PEM 312E,PEM,LS,Landscape Design III,,Meltem Erdem Kaya,MMB | MMB,Pazartesi | Perşembe,13:30/17:29 | 13:30/17:29,,18,18,,"PEM_LS, PEME_LS",,
20821,PEM 316E,PEM,LS,Urban Land. Pln& Design,,Gülşen Aytaç,MMB,Çarşamba,09:30/12:29,106,60,49,,"PEM_LS, PEME_LS",,
20822,PEM 324E,PEM,LS,Landscape Management,,Fatma Ayçim Türer Başkaya,MMB,Pazartesi,10:30/12:29,227,63,54,,"PEM_LS, PEME_LS",,
20823,PEM 356E,PEM,LS,Rural Landscape Plan.&Design,,Meltem Erdem Kaya,MMB,Perşembe,08:30/12:29,217A,60,51,,"PEM_LS, PEME_LS",,
20824,PEM 411E,PEM,LS,Landscape Design IV,,Hayriye Eşbah Tunçay,MMB | MMB,Pazartesi | Perşembe,13:30/17:29 | 13:30/17:29,217D | 217D,20,17,,"PEM_LS, PEME_LS",,
20826,PEM 406E,PEM,LS,Professional Practice & Ethics,,Ebru Erbaş Gürler,MMB,Salı,13:30/15:29,107,56,56,,"PEM_LS, PEME_LS",,
20827,PEM 4014E,PEM,LS,Dig.Repres.Tech.for Lands.Dsgn,,Ikhwan Kım,MMB,Cuma,14:00/16:59,BIM2,25,25,,"PEM_LS, PEME_LS",,
20828,PEM 4016E,PEM,LS,Infrastructure Planning&Dev.,,Elif Lutfiye Kutay Karaçor,MMB,Salı,10:30/12:29,317,31,31,,"PEM_LS, PEME_LS",,
20829,PEM 4018E,PEM,LS,Landscape and Art,,Gülşen Aytaç,MMB,Perşembe,10:30/12:29,CATI4,32,32,,"ENT_LS, EUT_LS, EUTE_LS, PEM_LS, PEME_LS",,
20830,PAZ 132,PAZ,LS,Apparel/Home Tex.Prod.Mfg.,,Selin Hanife Eryürük,MKB,Cuma,09:30/12:29,D381B,30,23,,STP_LS,,
20831,PAZ 104,PAZ,LS,Fabric Development,,"Cevza Candan , / Umut Kıvanç Şahin",MKB,Perşembe,08:30/12:29,D381B,30,28,,STP_LS,,
20832,PEM 4902E,PEM,LS,Graduation Project,,Meltem Erdem Kaya,,,-/-,,100,38,,"PEM_LS, PEME_LS",,
20833,PAZ 106,PAZ,LS,Color Creat.&Sustainable Appl.,,Nevin Çiğdem Gürsoy,MKB,Pazartesi,08:30/12:29,D380A,30,25,,STP_LS,,
20834,PEM 4902E,PEM,LS,Graduation Project,,-,,,-/-,,0,0,,"PEM_LS, PEME_LS",,
20835,PAZ 128E,PAZ,LS,Textile and Fashion Business in New Era,,Nevin Çiğdem Gürsoy,MKB,Pazartesi,13:30/15:29,D380B,30,23,,STP_LS,,
20836,PAZ 108,PAZ,LS,Excel for Business,,Özgür Atalay,MKB,Çarşamba,12:30/15:29,D381B,30,23,,STP_LS,,
20837,PAZ 110,PAZ,LS,America At Home:1900-Contemp.,,"Şükriye Yüksel Filiz , / Belgin Görgün",MKB,Çarşamba,09:30/12:29,D381B,30,23,,STP_LS,,
20838,PAZ 214,PAZ,LS,Textile Value Chain Marketing,,Canan Sarıçam,MKB,Cuma,14:00/16:59,D381A,30,11,,STP_LS,,
20839,PAZ 210,PAZ,LS,The Forensics of Fiber Analy.,,Hale Karakaş,MKB,Çarşamba,08:30/12:29,D381A,30,11,,STP_LS,,
20840,PAZ 220,PAZ,LS,Yarn Formation:Fund.&Ind.App.,,Nazan Okur,MKB,Pazartesi,13:30/17:29,D381A,30,11,,STP_LS,,
20841,PAZ 208,PAZ,LS,Internship-Career Exploration,,Canan Sarıçam,MKB,Cuma,08:30/12:29,D381A,30,11,,STP_LS,,
20842,MOD 134,MOD,LS,Materials & Construction II,,Gizem Duruk,MKB,Salı,13:30/17:29,455,40,31,,SMT_LS,,
20843,MOD 127,MOD,LS,Design Studio II- Soft Draping,,Şükriye Yüksel Filiz,MKB | MKB,Pazartesi | Çarşamba,13:30/16:29 | 12:30/15:29,453 | 453,40,32,,SMT_LS,,
20844,MOD 162,MOD,LS,Fashion Art Studio,,"Nihan Topaloğlu , / Elif Hilal Taşel",MKB | MKB,Pazartesi | Salı,09:30/12:29 | 09:30/12:29,451 | 451,40,31,,SMT_LS,,
20845,MOD 125,MOD,LS,Fashion Research & Inspiration,,Gizem Duruk,MKB,Çarşamba,09:30/12:29,451,40,33,,SMT_LS,,
20846,MOD 270,MOD,LS,Statistical Analysis,,Alper Gürarslan,MKB,Perşembe,13:30/17:29,D381B,40,32,,SMT_LS,,
20847,LAT 245,LAT,LS,Intercultural Communication,,Şükriye Yüksel Filiz,MKB,Perşembe,09:30/12:29,451,40,34,,SMT_LS,,
20848,MOD 369,MOD,LS,Sportswear Dev. Concepts,,"Şükriye Yüksel Filiz , / Belgin Görgün",MKB | MKB,Salı | Perşembe,08:30/11:29 | 13:30/16:29,D452 | D452,40,19,,SMT_LS,,
20849,MOD 363,MOD,LS,Design Directions in R-T-W,,"Belgin Görgün , / Şükriye Yüksel Filiz",MKB,Salı,13:30/17:29,451,40,17,,SMT_LS,,
20850,MOD 342,MOD,LS,CAD for FD & Development,,Belgin Görgün,MKB,Pazartesi,08:30/11:29,455,40,18,,SMT_LS,,
20851,MOD 311,MOD,LS,Leather Apparel Design,,Şükriye Yüksel Filiz,MKB,Cuma,14:00/17:59,D380B,40,17,,SMT_LS,,
20854,LAT 312,LAT,LS,Entrepreneurship,,"Cevza Candan , / Özgür Atalay",MKB,Cuma,09:30/12:29,453,40,18,,SMT_LS,,
20856,SES 492,SES,LS,Bitirme Çalışması,,Sinem Özdemir Göçeri,,,-/-,,100,16,,SES_LS,,
20857,SES 222,SES,LS,Koro II (Kredisiz),,Fidan Kurt Kasapbaşı,TMB | TMB,Salı | Perşembe,08:30/10:29 | 08:30/10:29,,40,19,,SES_LS,,
20858,TEK 116E,TEK,LS,Fiber Science,,Alper Gürarslan,MKB,Pazartesi,09:30/12:29,D360,30,29,,"TEK_LS, TEK_YD, TEKE_LS",,
20859,TEK 116E,TEK,LS,Fiber Science,,Alper Gürarslan,MKB,Pazartesi,13:30/16:29,D360,30,31,,"TEK_YD, TEKE_LS",,
20860,BIL 113E,BIL,LS,Intr.to Sci& Eng.Comp.(MATLAB),,Umut Kıvanç Şahin,MKB,Pazartesi,09:30/12:29,404,40,41,,"TEK_LS, TEK_YD, TEKE_LS",,
20861,BIL 113E,BIL,LS,Intr.to Sci& Eng.Comp.(MATLAB),,Umut Kıvanç Şahin,MKB,Pazartesi,13:30/16:29,404,40,43,,"TEK_LS, TEK_YD, TEKE_LS",,
20862,MUK 207E,MUK,LS,Strength of Materials,,Levent Önal,MKB,Perşembe,08:30/11:29,D360,45,37,,"TEK_LS, TEKE_LS",,
20863,MUK 207E,MUK,LS,Strength of Materials,,Levent Önal,MKB,Çarşamba,12:30/15:29,D360,45,45,,"TEK_LS, TEKE_LS",,
20864,TEK 234E,TEK,LS,Weaving Preparation,,Burçak Karagüzel Kayaoğlu,MKB,Pazartesi,13:00/15:59,D368A,30,24,,"TEK_LS, TEKE_LS",,
20865,TEK 234E,TEK,LS,Weaving Preparation,,Hande Sezgin,MKB,Salı,08:30/11:29,D360,30,42,,"TEK_LS, TEKE_LS",,
20866,MAT 271E,MAT,LS,Probability and Statistics,,Aslı Tunçay Atalay,MKB,Perşembe,09:30/12:29,D359,40,18,,"TEK_LS, TEKE_LS",,
20867,MAT 271E,MAT,LS,Probability and Statistics,,Aslı Tunçay Atalay,MKB,Perşembe,14:30/17:29,D361B,40,34,,"TEK_LS, TEKE_LS",,
20868,MAT 202E,MAT,LS,Numerical Methods,,İkilem Göcek,MKB,Çarşamba,12:30/15:29,D381A,50,50,,"TEK_LS, TEKE_LS",,
20869,MAT 202E,MAT,LS,Numerical Methods,,İpek Yalçın Eniş,MKB,Perşembe,13:30/16:29,D361A,40,44,,"TEK_LS, TEKE_LS",,
20870,TEK 254E,TEK,LS,Knitting Technology,,Cevza Candan,MKB,Salı,13:30/16:29,D378,40,33,,"TEK_LS, TEKE_LS",,
20871,TEK 254E,TEK,LS,Knitting Technology,,Sena Duru,MKB,Çarşamba,08:30/11:29,D360,40,38,,"TEK_LS, TEKE_LS",,
20872,TEK 233E,TEK,LS,Introduction to Yarn Spinning,,"Fatma Banu Nergis , / Yeşim Beceren",MKB,Cuma,08:30/11:29,D368B,40,22,,"TEK_LS, TEKE_LS",,
20873,CEV 243E,CEV,LS,Environmental Chemistry,,Hüseyin Cem Kılıçlar,MKB,Perşembe,08:30/11:29,D380A,30,29,,"TEK_LS, TEKE_LS",,
20874,TEK 354E,TEK,LS,Mathematical Programming,,Berdan Kalav,MKB,Pazartesi,09:30/12:29,D381B,50,23,,"TEK_LS, TEKE_LS",,
20875,TEK 304E,TEK,LS,Yarn Spinning Technologies,,Nazan Okur,MKB,Pazartesi,08:30/11:29,D368B,40,47,,"TEK_LS, TEKE_LS",,
20876,TEK 304E,TEK,LS,Yarn Spinning Technologies,,"Yeşim Beceren , / Fatma Banu Nergis",MKB,Pazartesi,08:30/11:29,D374,40,18,,"TEK_LS, TEKE_LS",,
20877,TEK 392E,TEK,LS,Design in Textile Engineering,,Ali Kılıç,MKB,Pazartesi,11:30/12:29,D368A,80,54,,"TEK_LS, TEKE_LS",,
20878,SES 322,SES,LS,Koro IV(Kredisiz),,Fidan Kurt Kasapbaşı,TMB | TMB,Salı | Perşembe,08:30/10:29 | 08:30/10:29,,40,16,,SES_LS,,
20880,SES 372,SES,LS,Repertuar II,,Erhan Uslu,TMB,Çarşamba,08:30/10:29,,10,6,,"BST_LS, KMP_LS",,
20881,SES 114,SES,LS,Ses Eğitimi II,,Fidan Kurt Kasapbaşı,,,-/-,,6,6,,SES_LS,,
20882,SES 114,SES,LS,Ses Eğitimi II,,Kemal Akdoğan,,,-/-,,6,6,,SES_LS,,
20883,TEK 302E,TEK,LS,Int.toColoration&Finishing Prc,,Pelin Altay,MKB,Salı,09:30/12:29,D380B,40,42,,"TEK_LS, TEKE_LS",,
20884,SES 114,SES,LS,Ses Eğitimi II,,Gularam Baltayeva,,,-/-,,6,6,,SES_LS,,
20885,SES 106,SES,LS,Korrepetisyon II,,"Seval Eroğlu , / Fidan Kurt Kasapbaşı",,,-/-,,6,5,,SES_LS,,
20886,SES 106,SES,LS,Korrepetisyon II,,"Seval Eroğlu , / Kemal Akdoğan",,,-/-,,6,2,,SES_LS,,
20887,SES 106,SES,LS,Korrepetisyon II,,"Seval Eroğlu , / Gularam Baltayeva",,,-/-,,6,3,,SES_LS,,
20888,TEK 306E,TEK,LS,Weaving Technology,,Emel Önder Karaoğlu,MKB,Pazartesi,13:30/16:29,D378,40,23,,"TEK_LS, TEKE_LS",,
20889,SES 106,SES,LS,Korrepetisyon II,,"Gülşah Sönmez , / Fidan Kurt Kasapbaşı",,,-/-,,6,1,,SES_LS,,
20890,TEK 306E,TEK,LS,Weaving Technology,,Ömer Berk Berkalp,MKB,Pazartesi,13:30/16:29,D374,40,40,,"TEK_LS, TEKE_LS",,
20891,SES 106,SES,LS,Korrepetisyon II,,"Gülşah Sönmez , / Kemal Akdoğan",,,-/-,,6,4,,SES_LS,,
20892,SES 106,SES,LS,Korrepetisyon II,,"Gülşah Sönmez , / Gularam Baltayeva",,,-/-,,6,2,,SES_LS,,
20893,TEK 466E,TEK,LS,Heat Transfer,,Sena Duru,MKB,Salı,13:30/16:29,D368B,40,12,,"TEK_LS, TEKE_LS",,
20894,TEK 464E,TEK,LS,Automatic Control,,"Ali Demir , / Ali Toptaş",MKB,Salı,13:30/16:29,D355,40,47,,"TEK_LS, TEKE_LS",,
20895,AKM 204E,AKM,LS,Fluid Mechanics,,Murat Çakan,MKB,Perşembe,14:30/17:29,A501,80,106,,"CEV_LS, CEVE_LS, INS_LS, INSE_LS, TEK_LS, TEKE_LS",,
20897,TEK 473E,TEK,LS,Fashion Design&Collec.Develop.,,"Selin Hanife Eryürük , / Belgin Görgün",MKB,Cuma,14:00/15:59,D380A,30,9,,"TEK_LS, TEKE_LS",,
20898,SES 214,SES,LS,Ses Eğitimi IV,,Alper Göçeri,,,-/-,,5,4,,SES_LS,,
20899,TEK 475E,TEK,LS,Int. to Technical Textiles,,İpek Yalçın Eniş,MKB,Perşembe,08:30/10:29,D381A,30,2,,"TEK_LS, TEKE_LS",,
20900,SES 214,SES,LS,Ses Eğitimi IV,,Laçin Modiri,,,-/-,,5,3,,SES_LS,,
20901,SES 214,SES,LS,Ses Eğitimi IV,,Tuğçem Kar,,,-/-,,5,5,,SES_LS,,
20902,TEK 477E,TEK,LS,Special Woven Fabrics,,Hande Sezgin,MKB,Salı,13:30/15:29,D380B,30,12,,"TEK_LS, TEKE_LS",,
20903,SES 214,SES,LS,Ses Eğitimi IV,,Gularam Baltayeva,,,-/-,,5,5,,SES_LS,,
20904,SES 210,SES,LS,Korrepetisyon IV,,"Erhan Uslu , / Alper Göçeri",,,-/-,,5,2,,SES_LS,,
20905,TEK 479E,TEK,LS,Dyeing &Printing Technologies,,Berdan Kalav,MKB,Salı,13:30/15:29,D380A,30,10,,"TEK_LS, TEKE_LS",,
20906,SES 210,SES,LS,Korrepetisyon IV,,"Erhan Uslu , / Laçin Modiri",,,-/-,,5,1,,SES_LS,,
20908,SES 210,SES,LS,Korrepetisyon IV,,"Erhan Uslu , / Tuğçem Kar",,,-/-,,5,2,,SES_LS,,
20909,TEK 481E,TEK,LS,Qual.Cnt.&Ass.in Tex.&Clot.Prd,,Canan Sarıçam,MKB,Pazartesi,08:30/10:29,D380B,30,18,,"TEK_LS, TEKE_LS",,
20910,SES 210,SES,LS,Korrepetisyon IV,,"Erhan Uslu , / Gularam Baltayeva",,,-/-,,5,3,,SES_LS,,
20911,SES 210,SES,LS,Korrepetisyon IV,,"Sinem Özdemir Göçeri , / Alper Göçeri",,,-/-,,5,2,,SES_LS,,
20912,TEK 482E,TEK,LS,Int.toSmart Tex.&Wearable Tec.,,Özgür Atalay,MKB,Çarşamba,08:30/10:29,D380A,30,28,,"TEK_LS, TEKE_LS",,
20913,SES 210,SES,LS,Korrepetisyon IV,,"Sinem Özdemir Göçeri , / Laçin Modiri",,,-/-,,5,3,,SES_LS,,
20914,TEK 484E,TEK,LS,Knitted Apparel Production,,Belgin Görgün,MKB,Pazartesi,13:30/15:29,D380A,30,6,,"TEK_LS, TEKE_LS",,
20915,SES 210,SES,LS,Korrepetisyon IV,,"Sinem Özdemir Göçeri , / Tuğçem Kar",,,-/-,,5,3,,SES_LS,,
20916,SES 210,SES,LS,Korrepetisyon IV,,"Sinem Özdemir Göçeri , / Gularam Baltayeva",,,-/-,,5,2,,SES_LS,,
20917,TEK 486E,TEK,LS,Colour Analysis,,"Nevin Çiğdem Gürsoy , / Pelin Altay",MKB,Çarşamba,13:30/15:29,D380B,30,30,,"TEK_LS, TEKE_LS",,
20918,SES 314,SES,LS,Dünya Vokal Teknikleri II,,Fidan Kurt Kasapbaşı,,,-/-,,6,6,,SES_LS,,
20919,SES 314,SES,LS,Dünya Vokal Teknikleri II,,Laçin Modiri,,,-/-,,7,7,,SES_LS,,
20920,TEK 492E,TEK,LS,Senior Design Project,,Nevin Çiğdem Gürsoy,,,-/-,,100,2,,"TEK_LS, TEKE_LS",,
20921,SES 314,SES,LS,Dünya Vokal Teknikleri II,,Tuğçem Kar,,,-/-,,5,5,,SES_LS,,
20922,TEK 4901E,TEK,LS,Textile Engineering Design I,,Nevin Çiğdem Gürsoy,,,-/-,,100,15,,"TEK_LS, TEKE_LS",,
20923,SES 310,SES,LS,Korrepetisyon VI,,"Deniz Güneş , / Fidan Kurt Kasapbaşı",,,-/-,,5,3,,SES_LS,,
20924,TEK 4902E,TEK,LS,Textile Engineering Design II,,Nevin Çiğdem Gürsoy,,,-/-,,100,56,,"TEK_LS, TEKE_LS",,
20925,SES 310,SES,LS,Korrepetisyon VI,,"Deniz Güneş , / Laçin Modiri",,,-/-,,5,2,,SES_LS,,
20926,SES 310,SES,LS,Korrepetisyon VI,,"Deniz Güneş , / Tuğçem Kar",,,-/-,,5,2,,SES_LS,,
20927,SES 310,SES,LS,Korrepetisyon VI,,"Gülşah Sönmez , / Fidan Kurt Kasapbaşı",,,-/-,,5,3,,SES_LS,,
20929,SES 310,SES,LS,Korrepetisyon VI,,"Gülşah Sönmez , / Tuğçem Kar",,,-/-,,5,2,,SES_LS,,
20930,SES 414,SES,LS,Dünya Vokal Teknikleri IV,,Kemal Akdoğan,,,-/-,,9,6,,SES_LS,,
20931,SES 414,SES,LS,Dünya Vokal Teknikleri IV,,Tuğçem Kar,,,-/-,,5,3,,SES_LS,,
20932,SES 414,SES,LS,Dünya Vokal Teknikleri IV,,Gularam Baltayeva,,,-/-,,6,6,,SES_LS,,
20933,SES 410,SES,LS,Korrepetisyon VIII,,"Seval Eroğlu , / Kemal Akdoğan",,,-/-,,5,4,,SES_LS,,
20934,SES 410,SES,LS,Korrepetisyon VIII,,"Seval Eroğlu , / Tuğçem Kar",,,-/-,,5,2,,SES_LS,,
20935,SES 410,SES,LS,Korrepetisyon VIII,,"Seval Eroğlu , / Gularam Baltayeva",,,-/-,,5,3,,SES_LS,,
20936,SES 410,SES,LS,Korrepetisyon VIII,,"Güzün Değişmez , / Kemal Akdoğan",,,-/-,,5,3,,SES_LS,,
20937,SES 410,SES,LS,Korrepetisyon VIII,,"Güzün Değişmez , / Tuğçem Kar",,,-/-,,5,1,,SES_LS,,
20938,SES 410,SES,LS,Korrepetisyon VIII,,"Güzün Değişmez , / Gularam Baltayeva",,,-/-,,5,3,,SES_LS,,
20939,SES 132,SES,LS,THM Repertuvarı II,,Seval Eroğlu,TMB | TMB,Çarşamba | Cuma,10:30/12:29 | 08:30/10:29,,15,11,,SES_LS,,
20940,SES 134,SES,LS,TSM Repertuvarı II,,Gülşah Sönmez,TMB | TMB,Pazartesi | Perşembe,10:30/12:29 | 08:30/10:29,,15,8,,SES_LS,,
20941,SES 382,SES,LS,20.YY Türk Müziği Repertuarı,,Mustafa Atakan Aktaş,TMB | TMB,Salı | Perşembe,15:30/17:29 | 15:30/17:29,,15,9,,SES_LS,,
20942,SES 494,SES,LS,TSM Repertuarı VIII,,Güzün Değişmez,TMB | TMB,Pazartesi | Perşembe,15:30/17:29 | 15:30/17:29,,10,7,,SES_LS,,
20943,SES 374,SES,LS,Lale Devri Repertuarı,,Berke Meyman,TMB,Pazartesi,08:30/10:29,,15,6,,SES_LS,,
20944,SES 424,SES,LS,Yrd. Repertuvar II (TSM),,Berke Meyman,TMB,Pazartesi,10:30/12:29,,15,11,,SES_LS,,
20945,SES 234,SES,LS,THM Repertuvarı IV,,Erhan Uslu,TMB | TMB,Salı | Çarşamba,10:30/12:29 | 10:30/12:29,,10,9,,SES_LS,,
20946,SES 284,SES,LS,TSM Repertuvarı IV,,Sinem Özdemir Göçeri,TMB | TMB,Salı | Çarşamba,10:30/12:29 | 10:30/12:29,,10,9,,SES_LS,,
20947,SES 282,SES,LS,18.yy Türk Müziği Repertuvarı,,Gülşah Sönmez,TMB | TMB,Pazartesi | Çarşamba,13:30/15:29 | 08:30/10:29,,15,8,,SES_LS,,
20948,SES 232,SES,LS,Ağız ve Hançere Teknikleri II,,Deniz Güneş,TMB | TMB,Pazartesi | Çarşamba,13:30/15:29 | 08:30/10:29,,15,12,,SES_LS,,
20949,SES 427,SES,LS,Sahne Bilgisi ve Jest Mimik,,Kemal Akdoğan,TMB,Pazartesi,08:30/10:29,,30,13,,SES_LS,,
20950,SES 418,SES,LS,Fasıl II,,Gülşah Sönmez,TMB | TMB,Pazartesi | Perşembe,08:30/10:29 | 10:30/12:29,,20,4,,SES_LS,,
20952,SES 308,SES,LS,Yöre Ağızları II,,Erhan Uslu,TMB | TMB,Çarşamba | Perşembe,13:30/15:29 | 15:30/17:29,,15,8,,SES_LS,,
20953,SES 358,SES,LS,Semah Repertuvarı,,Seval Eroğlu,TMB | TMB,Salı | Çarşamba,16:30/17:29 | 08:30/10:29,,10,2,,SES_LS,,
20954,SES 426,SES,LS,Yrd.Repertuvar II (THM),,Seval Eroğlu,TMB,Cuma,10:30/12:29,,15,8,,SES_LS,,
20955,SES 402,SES,LS,THM Repertuarı VIII,,Seval Eroğlu,TMB | TMB,Salı | Perşembe,13:30/15:29 | 10:30/12:29,,15,9,,SES_LS,,
20957,SES 408,SES,LS,Yöre Ağızları IV,,Deniz Güneş,TMB | TMB,Pazartesi | Çarşamba,15:30/17:29 | 13:30/15:29,,15,6,,SES_LS,,
20958,SES 436,SES,LS,Yrd. Repertuvar IV (TSM),,Gülşah Sönmez,TMB,Perşembe,15:30/17:29,,15,9,,SES_LS,,
20959,SES 434,SES,LS,Yrd. Repertuvar IV (THM),,Seval Eroğlu,TMB,Perşembe,13:30/15:29,,15,7,,SES_LS,,
20960,SES 392,SES,LS,TSM Repertuarı VI,,Gülşah Sönmez,TMB | TMB,Salı | Çarşamba,13:30/15:29 | 10:30/12:29,,10,8,,SES_LS,,
20961,SES 302,SES,LS,Türk Halk Müziği Repertuarı VI,,Deniz Güneş,TMB | TMB,Çarşamba | Perşembe,10:30/12:29 | 10:30/12:29,,12,9,,SES_LS,,
20962,MTR 492,MTR,LS,Bitirme Çalışması,,Eren Özek,,,-/-,,100,3,,MTR_LS,,
20963,MTR 102,MTR,LS,Makam Teorisi II,,Eren Özek,TMB | TMB | TMB,Salı | Çarşamba | Perşembe,10:30/12:29 | 13:30/15:29 | 10:30/12:29,,42,40,,"MTR_LS, MUT_LS, MUZ_LS, MZT_LS, SES_LS",,
20964,MTR 102,MTR,LS,Makam Teorisi II,,Elif Ahıs Yunusoğlu,TMB | TMB | TMB,Salı | Çarşamba | Perşembe,13:30/15:29 | 13:30/15:29 | 13:30/15:29,,40,30,,"MTR_LS, MUT_LS, MUZ_LS, MZT_LS, SES_LS",,
20965,MTR 102,MTR,LS,Makam Teorisi II,,Eren Özek,TMB | TMB | TMB,Salı | Çarşamba | Perşembe,15:30/17:29 | 10:30/12:29 | 08:30/10:29,,40,19,,"MTR_LS, MUT_LS, MUZ_LS, MZT_LS, SES_LS",,
20966,MTR 104,MTR,LS,Müzik Teorisi II,,Ayşecan Olgun,TMB | TMB | TMB,Salı | Perşembe | Cuma,08:30/10:29 | 13:30/15:29 | 14:00/15:59,,40,22,,"MTR_LS, MUT_LS, MUZ_LS, MZT_LS, SES_LS",,
20967,MTR 104,MTR,LS,Müzik Teorisi II,,Mehmet Özkan,TMB | TMB | TMB,Pazartesi | Perşembe | Cuma,15:30/17:29 | 10:30/12:29 | 10:30/12:29,,40,27,,"MTR_LS, MUT_LS, MUZ_LS, MZT_LS, SES_LS",,
20968,MTR 104,MTR,LS,Müzik Teorisi II,,Ufuk Biçak,TMB | TMB | TMB,Pazartesi | Çarşamba | Perşembe,13:30/15:29 | 08:30/10:29 | 15:30/17:29,,40,17,,"MTR_LS, MUT_LS, MUZ_LS, MZT_LS, SES_LS",,
20969,MTR 202,MTR,LS,Makam Teorisi IV,,Nurullah Kanık,TMB | TMB | TMB,Pazartesi | Salı | Cuma,10:30/12:29 | 10:30/12:29 | 08:30/10:29,,40,23,,"MTR_LS, MUT_LS, MUZ_LS, MZT_LS, SES_LS",,
20970,MTR 202,MTR,LS,Makam Teorisi IV,,Elif Ahıs Yunusoğlu,TMB | TMB | TMB,Salı | Perşembe | Cuma,15:30/17:29 | 10:30/12:29 | 10:30/12:29,,40,19,,"MTR_LS, MUT_LS, MUZ_LS, MZT_LS, SES_LS",,
20971,MTR 202,MTR,LS,Makam Teorisi IV,,Nurullah Kanık,TMB | TMB | TMB,Pazartesi | Salı | Cuma,15:30/17:29 | 13:30/15:29 | 14:00/15:59,,40,12,,"MTR_LS, MUT_LS, MUZ_LS, MZT_LS, SES_LS",,
20972,MTR 204,MTR,LS,Müzik Teorisi IV,,Ayşecan Olgun,TMB | TMB | TMB,Salı | Perşembe | Cuma,13:30/15:29 | 15:30/17:29 | 10:30/12:29,,40,28,,"MTR_LS, MUT_LS, MUZ_LS, MZT_LS, SES_LS",,
20973,MTR 204,MTR,LS,Müzik Teorisi IV,,Ufuk Biçak,TMB | TMB | TMB,Pazartesi | Salı | Çarşamba,10:30/12:29 | 13:30/15:29 | 13:30/15:29,,40,21,,"MTR_LS, MUT_LS, MUZ_LS, MZT_LS, SES_LS",,
20974,MTR 318,MTR,LS,Müzikte Metin Çözümlemeleri II,,Kemal Hasan Karnal,TMB,Perşembe,13:30/15:29,,25,15,,SES_LS,,
20975,MTR 322,MTR,LS,Müzikte Metin Çözümlemeleri II,,Kemal Hasan Karnal,TMB,Salı,13:30/15:29,,25,4,,MTR_LS,,
20976,MTR 142,MTR,LS,Makam Teorisi II,,Ali İhsan Alemli,TMB | TMB,Perşembe | Cuma,08:30/10:29 | 08:30/10:29,,25,19,,"BST_LS, CAB_LS, CEB_LS, KMP_LS",,
20977,MTR 242,MTR,LS,Makam Teorisi IV,,Ali İhsan Alemli,TMB | TMB,Perşembe | Cuma,10:30/12:29 | 14:00/15:59,,25,10,,"BST_LS, CAB_LS, CEB_LS, KMP_LS",,
20978,MTR 122,MTR,LS,Makam Teorisi II,,Ali İhsan Alemli,TMB | TMB,Salı | Çarşamba,10:30/12:29 | 13:30/15:29,,40,12,,THO_LS,,
20979,MTR 106,MTR,LS,Ritim Uygulama II,,Erkan Kanat,TMB,Pazartesi,10:30/12:29,,25,23,,MTR_LS,,
20980,MTR 222,MTR,LS,Makam Teorisi IV,,Ahmet Serhat Turunç,TMB | TMB,Pazartesi | Çarşamba,10:30/12:29 | 10:30/12:29,,25,6,,THO_LS,,
20981,MTR 144,MTR,LS,Müzik Teorisi II,,Mehmet Özkan,TMB | TMB,Pazartesi | Salı,08:30/10:29 | 13:30/15:29,,30,16,,"BST_LS, CAB_LS, CEB_LS, KMP_LS",,
20982,MTR 124,MTR,LS,Müzik Teorisi II,,Orkun Zafer Özgelen,TMB | TMB,Salı | Çarşamba,15:30/17:29 | 08:30/10:29,,25,10,,THO_LS,,
20983,MTR 244,MTR,LS,Müzik Teorisi IV,,Recep Gül,TMB | TMB,Pazartesi | Cuma,08:30/10:29 | 08:30/10:29,,25,8,,"BST_LS, CAB_LS, CEB_LS, KMP_LS",,
20984,MTR 224,MTR,LS,Müzik Teorisi IV,,Orkun Zafer Özgelen,TMB | TMB,Pazartesi | Perşembe,15:30/17:29 | 08:30/10:29,,25,5,,THO_LS,,
20985,MTR 206,MTR,LS,Müzik Teorileri Tarihi II,,Gülay Karamahmutoğlu,TMB,Çarşamba,13:30/15:29,,25,8,,MTR_LS,,
20986,MTR 306,MTR,LS,Müzik Teorileri Tarihi IV,,Gülay Karamahmutoğlu,TMB,Çarşamba,10:30/12:29,,25,18,,MTR_LS,,
20987,MTR 308,MTR,LS,Teori Uygulama IV,,Gülay Karamahmutoğlu,TMB,Perşembe,10:30/12:29,,30,6,,MTR_LS,,
20988,MTR 208,MTR,LS,Teori Uygulama II,,Süleyman Şenel,TMB,Salı,08:30/10:29,,30,13,,MTR_LS,,
20989,MTR 302,MTR,LS,İleri Makam Teorisi II,,Nurullah Kanık,TMB | TMB,Pazartesi | Salı,13:30/15:29 | 08:30/10:29,,40,12,,MTR_LS,,
20990,MTR 310,MTR,LS,Ses Sistemleri II,,Nurullah Kanık,TMB,Cuma,10:30/12:29,,25,9,,MTR_LS,,
20991,MTR 304,MTR,LS,İleri Müzik Teorisi II,,Ayşecan Olgun,TMB | TMB,Pazartesi | Cuma,10:30/12:29 | 16:00/17:59,,25,7,,MTR_LS,,
20992,CEV 202E,CEV,LS,Enviromental Chemistry II,,Kübra Altuntaş,INB,Salı,08:30/11:29,B303,20,13,,"CEV_LS, CEVE_LS",,
20993,CEV 202EL,CEV,LS,Enviromental Chemistry II Lab.,,Gökşin Özyıldız,INB,Cuma,14:00/15:59,,20,11,,"CEV_LS, CEVE_LS",,
20994,CEV 212,CEV,LS,Çevre Kimyası II,,"İsmail Toröz , / Derya Yüksel İmer , / Ayşe Yüksekdağ",INB | INB,Salı | Çarşamba,10:30/12:29 | 10:30/12:29,A103 | A103,38,38,,CEV_LS,,
20995,CEV 212,CEV,LS,Çevre Kimyası II,,"Nuray Işık Kabdaşlı , / Serdar Doğruel",INB | INB,Salı | Perşembe,10:30/12:29 | 13:30/15:29,B306 | A104,33,30,,CEV_LS,,
20996,CEV 212E,CEV,LS,Enviromental Chemistry II,,"İdil Arslan Alaton , / Elif Pehlivanoğlu",INB | INB,Pazartesi | Salı,08:30/10:29 | 11:30/13:29,A101 | A101,38,37,,"CEV_LS, CEVE_LS",,
20997,CEV 212E,CEV,LS,Enviromental Chemistry II,,"Tuğba Ölmez Hancı , / Serdar Doğruel",INB | INB,Pazartesi | Cuma,08:30/10:29 | 14:00/15:59,A103 | B303,30,34,,"CEV_LS, CEVE_LS",,
20998,MTR 402,MTR,LS,İleri Makam Teorisi IV,,Elif Ahıs Yunusoğlu,TMB | TMB,Çarşamba | Cuma,10:30/12:29 | 14:00/15:59,,40,7,,MTR_LS,,
20999,MTR 404,MTR,LS,İleri Müzik Teorisi IV,,Ufuk Biçak,TMB | TMB,Salı | Perşembe,15:30/17:29 | 13:30/15:29,,25,8,,MTR_LS,,
21000,CEV 216,CEV,LS,Çevre Müh. Bilg. Uyg.,,"Alpaslan Ekdal , / Onur Yılmaz Özcan",INB,Cuma,08:30/12:29,D103,60,52,,CEV_LS,,
21001,CEV 216E,CEV,LS,Comp. App. in Environment.Eng.,,"Onur Yılmaz Özcan , / Hazal Gülhan Eksin",INB,Pazartesi,13:30/17:29,D101,35,35,,"CEV_LS, CEVE_LS",,
21002,MTR 406,MTR,LS,Dikte ve Deşifre II,,Erdem Şimşek,TMB,Pazartesi,10:30/12:29,,30,11,,MTR_LS,,
21003,MTR 442,MTR,LS,Dikte Deşifre II,,Metin Eke,TMB | TMB,Pazartesi | Cuma,08:30/10:29 | 08:30/10:29,,30,9,,SES_LS,,
21004,MTR 444,MTR,LS,Eser Çözümleme II,,Neşe Yeşim Altınel Çoban,TMB | TMB,Pazartesi | Çarşamba,13:30/15:29 | 13:30/15:29,,25,6,,SES_LS,,
21005,MTR 408,MTR,LS,Eser Çözümleme II,,Neşe Yeşim Altınel Çoban,TMB,Pazartesi,15:30/17:29,,25,20,,MTR_LS,,
21006,MTR 432,MTR,LS,Dikte Deşifre II,,Cem Ekmen,TMB,Çarşamba,08:30/10:29,,30,21,,"CAB_LS, CEB_LS, THO_LS",,
21007,MTR 434,MTR,LS,Eser Çözümleme II,,Neşe Yeşim Altınel Çoban,TMB,Pazartesi,08:30/10:29,,25,3,,"CAB_LS, CEB_LS",,
21008,CAB 492,CAB,LS,Bitirme Çalışması,,Hatice Doğan Sevinç,,,-/-,,100,5,,"CAB_LS, CEB_LS",,
21009,CAB 734,CAB,LS,Toplu Uygulama II (THM),,Haydar Tanrıverdi,TMB | TMB,Pazartesi | Çarşamba,10:30/12:29 | 10:30/12:29,,20,2,,"CAB_LS, CEB_LS",,
21010,CAB 744,CAB,LS,Toplu Uygulama IV (THM),,Haydar Tanrıverdi,TMB | TMB,Pazartesi | Çarşamba,10:30/12:29 | 10:30/12:29,,20,3,,"CAB_LS, CEB_LS",,
21011,CAB 754,CAB,LS,Toplu Uygulama VI (THM),,Haydar Tanrıverdi,TMB | TMB,Pazartesi | Çarşamba,10:30/12:29 | 10:30/12:29,,20,3,,"CAB_LS, CEB_LS",,
21012,CAB 764,CAB,LS,Toplu Uygulama VIII (THM),,Haydar Tanrıverdi,TMB | TMB,Pazartesi | Çarşamba,10:30/12:29 | 10:30/12:29,,20,2,,"CAB_LS, CEB_LS",,
21013,CAB 732,CAB,LS,Toplu Uygulama II (Orkestra),,Gülyar Say,TMB | TMB,Pazartesi | Çarşamba,10:30/12:29 | 10:30/12:29,,20,1,,"CAB_LS, CEB_LS",,
21014,CAB 742,CAB,LS,Toplu Uygulama IV (Orkestra),,Gülyar Say,TMB | TMB,Pazartesi | Çarşamba,10:30/12:29 | 10:30/12:29,,20,2,,"CAB_LS, CEB_LS",,
21015,CAB 752,CAB,LS,Toplu Uygulama VI (Orkestra),,Gülyar Say,TMB | TMB,Pazartesi | Çarşamba,10:30/12:29 | 10:30/12:29,,20,1,,"CAB_LS, CEB_LS",,
21016,CAB 762,CAB,LS,Toplu Uygulama VIII (Orkestra),,Gülyar Say,TMB | TMB,Pazartesi | Çarşamba,10:30/12:29 | 10:30/12:29,,20,1,,"CAB_LS, CEB_LS",,
21017,CAB 736,CAB,LS,Toplu Uygulama II (TSM),,Hatice Doğan Sevinç,TMB | TMB,Pazartesi | Çarşamba,10:30/12:29 | 10:30/12:29,,20,8,,"CAB_LS, CEB_LS",,
21018,CAB 746,CAB,LS,Toplu Uygulama IV (TSM),,Hatice Doğan Sevinç,TMB | TMB,Pazartesi | Çarşamba,10:30/12:29 | 10:30/12:29,,20,3,,"CAB_LS, CEB_LS",,
21019,CAB 756,CAB,LS,Toplu Uygulama VI (TSM),,Hatice Doğan Sevinç,TMB | TMB,Pazartesi | Çarşamba,10:30/12:29 | 10:30/12:29,,20,4,,"CAB_LS, CEB_LS",,
21020,CAB 766,CAB,LS,Toplu Uygulama VIII (TSM),,Hatice Doğan Sevinç,TMB | TMB,Pazartesi | Çarşamba,10:30/12:29 | 10:30/12:29,,20,1,,"CAB_LS, CEB_LS",,
21021,CAB 110,CAB,LS,Ud II,,Buse Sever,,,-/-,,5,1,,"CAB_LS, CEB_LS",,
21022,CAB 114,CAB,LS,Ney II,,Burak Malçok,,,-/-,,5,2,,"CAB_LS, CEB_LS",,
21023,CAB 116,CAB,LS,Mey II,,Cem Ekmen,,,-/-,,5,1,,"CAB_LS, CEB_LS",,
21024,CAB 126,CAB,LS,Kudüm II,,Erkan Kanat,,,-/-,,5,1,,"CAB_LS, CEB_LS",,
21025,CAB 128,CAB,LS,3 Telli Kemençe II,,Neva Özgen Kösoğlu,,,-/-,,5,1,,"CAB_LS, CEB_LS",,
21027,CAB 132,CAB,LS,Keman II,,Ahmet Hakan Şensoy,,,-/-,,5,1,,"CAB_LS, CEB_LS",,
21028,CAB 132,CAB,LS,Keman II,,Ibragım Orazov,,,-/-,,5,1,,"CAB_LS, CEB_LS",,
21030,CAB 134,CAB,LS,Viyolonsel II,,Yelda Özgen Öztürk,,,-/-,,5,1,,"CAB_LS, CEB_LS",,
21031,CAB 140,CAB,LS,Kemane II,,Kadir Verim,,,-/-,,5,1,,"CAB_LS, CEB_LS",,
21032,CAB 142,CAB,LS,Piyano II,,Sıtkı Kandemir Basmacıoğlu,,,-/-,,5,1,,"CAB_LS, CEB_LS",,
21033,CAB 146,CAB,LS,Kanun II,,Ayşegül Kostak Toksoy,,,-/-,,5,1,,"CAB_LS, CEB_LS",,
21034,CAB 148,CAB,LS,Tanbur II,,Birol Yayla,,,-/-,,5,1,,"CAB_LS, CEB_LS",,
21035,CAB 208,CAB,LS,Bağlama IV,,Cihangir Terzi,,,-/-,,5,1,,"CAB_LS, CEB_LS",,
21036,CAB 208,CAB,LS,Bağlama IV,,Adnan Koç,,,-/-,,5,1,,"CAB_LS, CEB_LS",,
21037,CAB 208,CAB,LS,Bağlama IV,,Erdem Şimşek,,,-/-,,5,2,,"CAB_LS, CEB_LS",,
21040,CAB 224,CAB,LS,Flüt IV,,Cem Önertürk,,,-/-,,5,1,,"CAB_LS, CEB_LS",,
21041,CAB 234,CAB,LS,Viyolonsel IV,,Yelda Özgen Öztürk,,,-/-,,5,1,,"CAB_LS, CEB_LS",,
21043,CAB 240,CAB,LS,Kemane IV,,Kadir Verim,,,-/-,,5,1,,"CAB_LS, CEB_LS",,
21044,CAB 308,CAB,LS,Bağlama VI,,Engin Şafak Gürler,,,-/-,,5,1,,"CAB_LS, CEB_LS",,
21045,CAB 310,CAB,LS,Ud VI,,Sarper Eroğlu,,,-/-,,5,2,,"CAB_LS, CEB_LS",,
21046,CAB 316,CAB,LS,Mey VI,,Cem Ekmen,,,-/-,,5,1,,"CAB_LS, CEB_LS",,
21047,CAB 330,CAB,LS,4 Telli Kemençe VI,,Lale Akay,,,-/-,,5,1,,"CAB_LS, CEB_LS",,
21049,CAB 408,CAB,LS,Bağlama VIII,,Ali Kazım Akdağ,,,-/-,,5,1,,"CAB_LS, CEB_LS",,
21050,CAB 408,CAB,LS,Bağlama VIII,,Cihangir Terzi,,,-/-,,5,2,,"CAB_LS, CEB_LS",,
21051,CEV 216E,CEV,LS,Comp. App. in Environment.Eng.,,"Alpaslan Ekdal , / Mehmet Sadık Akca",INB,Pazartesi,13:30/17:29,D103,58,61,,"CEV_LS, CEVE_LS",,
21053,CAB 420,CAB,LS,Klarnet VIII,,Özlem Kolat Çakmaksoy,,,-/-,,5,1,,"CAB_LS, CEB_LS",,
21054,CEV 246E,CEV,LS,Marine and Lake Sciences,,"Melike Gürel , / Elif Pehlivanoğlu",INB,Perşembe,13:30/15:29,B306,35,32,,"CEV_LS, CEVE_LS",,
21056,CAB 440,CAB,LS,Kemane VIII,,Kadir Verim,,,-/-,,5,1,,"CAB_LS, CEB_LS",,
21057,CAB 446,CAB,LS,Kanun VIII,,Safinaz Rizeli,,,-/-,,5,1,,"CAB_LS, CEB_LS",,
21058,CEV 250,CEV,LS,Halk ve İşyeri Sağlığı,,"Fatma Gülen İskender , / Naciye Esra Ateş Genceli",INB,Çarşamba,13:30/15:29,A203,50,33,,"CEV_LS, GID_LS",,
21060,CEV 250E,CEV,LS,Public and Occupational Health,,"Elif Pehlivanoğlu , / Burçak Kaynak Tezel",INB,Çarşamba,10:30/12:29,A101,35,17,,"CEV_LS, CEVE_LS",,
21061,CEV 302,CEV,LS,Biyolojik Prosesler,,Emine Çokgör,INB | INB,Çarşamba | Cuma,13:30/15:29 | 10:30/12:29,A304 | A201,60,63,,CEV_LS,,
21062,CEV 302E,CEV,LS,Biological Processes,,"Ebru Dülekgürgen , / Özlem Karahan Özgün",INB | INB,Pazartesi | Cuma,13:30/15:29 | 10:30/12:29,A203 | A205,40,26,,"CEV_LS, CEVE_LS",,
21063,CEV 302E,CEV,LS,Biological Processes,,"Seval Sözen , / Rüya Taşlı",INB | INB,Çarşamba | Cuma,13:30/15:29 | 10:30/12:29,A105 | A105,40,54,,"CEV_LS, CEVE_LS",,
21064,CEV 304,CEV,LS,Temel İşlemler&Prosesler Lab.,,"Çiğdem Gömeç , / Derya Yüksel İmer",INB,Perşembe,08:30/12:29,A201,32,32,,CEV_LS,,
21065,CEV 304,CEV,LS,Temel İşlemler&Prosesler Lab.,,"Seval Sözen , / Serdar Doğruel",INB,Perşembe,08:30/12:29,B308,32,29,,CEV_LS,,
21066,CEV 304E,CEV,LS,Unit Operations&Processes Lab.,,"Tuğba Ölmez Hancı , / Ebru Dülekgürgen",INB,Çarşamba,08:30/12:29,A201,32,32,,"CEV_LS, CEVE_LS",,
21067,CEV 304E,CEV,LS,Unit Operations&Processes Lab.,,"İdil Arslan Alaton , / Gökşin Özyıldız",INB,Çarşamba,08:30/12:29,B303,32,33,,"CEV_LS, CEVE_LS",,
21068,CEV 308,CEV,LS,Hava Kirlenmesi,,"Vedat Uyak , / Sadullah Levent Kuzu",INB,Çarşamba,08:30/11:29,A105,70,64,,CEV_LS,,
21069,CEV 308E,CEV,LS,Air Pollution,,Burçak Kaynak Tezel,INB,Perşembe,13:30/16:29,A304,87,90,,"CEV_LS, CEVE_LS",,
21070,CAB 2102,CAB,LS,Keman IV,,Pınar Tezişçi Özmenay,TMB,Pazartesi,13:30/15:29,,5,5,,"MTR_LS, MUT_LS, MUZ_LS, MZT_LS",,
21071,CEV 318E,CEV,LS,Comp Appl of Infrastr Planning,,Ali Fuat Aydın,INB,Perşembe,13:30/15:29,D101,30,9,,"CEV_LS, CEVE_LS",,
21073,CEV 330,CEV,LS,Su Arıtma Tesisi Tasarımı,,"İsmail Koyuncu , / Mustafa Evren Erşahin , / Türker Türken",INB,Pazartesi,13:30/17:29,A304,60,60,,CEV_LS,,
21074,CAB 152,CAB,LS,Kanun II,,Serkan Mesut Halili,TMB,Pazartesi,13:30/15:29,,5,3,,"MTR_LS, MUT_LS, MUZ_LS, MZT_LS, SES_LS",,
21075,CAB 154,CAB,LS,Tanbur II,,Göknil Bişak Özdemir,TMB,Pazartesi,13:30/15:29,,5,1,,"MTR_LS, MUT_LS, MUZ_LS, MZT_LS, SES_LS",,
21076,CEV 330E,CEV,LS,Water Treatment Plant Design,,"Mustafa Evren Erşahin , / Recep Kaya , / Onur Işık",INB,Pazartesi,08:30/12:29,A203,60,59,,"CEV_LS, CEVE_LS",,
21078,CEV 334,CEV,LS,Katı Atık Yönetimi,,"Hüseyin Güven , / Mehmet Sadık Akca",INB,Salı,13:30/16:29,A203,60,48,,CEV_LS,,
21079,CAB 158,CAB,LS,Bağlama II,,Adnan Koç,TMB,Pazartesi,13:30/15:29,,5,5,,"MTR_LS, MUT_LS, MUZ_LS, MZT_LS, SES_LS, THO_LS",,
21080,CAB 158,CAB,LS,Bağlama II,,Engin Şafak Gürler,TMB,Pazartesi,13:30/15:29,,5,5,,"MTR_LS, MUT_LS, MUZ_LS, MZT_LS, SES_LS, THO_LS",,
21081,CEV 334E,CEV,LS,Solid Waste Management,,"Osman Atilla Arıkan , / Bülent İnanç , / Kadriye Elif Maçin",INB,Salı,08:30/11:29,B101,75,76,,"CEV_LS, CEVE_LS",,
21082,CAB 158,CAB,LS,Bağlama II,,Metin Eke,TMB,Pazartesi,13:30/15:29,,5,5,,"MTR_LS, MUT_LS, MUZ_LS, MZT_LS, SES_LS, THO_LS",,
21083,CEV 402,CEV,LS,Toprak&Yeraltı Suyu Kirl.Kont.,,Mahmut Ekrem Karpuzcu,INB,Pazartesi,13:30/15:29,B201,60,37,,CEV_LS,,
21084,CAB 158,CAB,LS,Bağlama II,,Erdem Şimşek,TMB,Pazartesi,13:30/15:29,,5,5,,"MTR_LS, MUT_LS, MUZ_LS, MZT_LS, SES_LS, THO_LS",,
21085,CEV 402E,CEV,LS,Soil&Groundwater Pollut.Cont.,,"Bülent İnanç , / Mahmut Ekrem Karpuzcu",INB,Cuma,15:00/16:59,A202,67,68,,"CEV_LS, CEVE_LS",,
21086,CAB 160,CAB,LS,Ud II,,Buse Sever,TMB,Pazartesi,13:30/15:29,,7,7,,"MTR_LS, MUT_LS, MUZ_LS, MZT_LS, SES_LS",,
21087,CEV 419E,CEV,LS,Structural Engineering,,Börte Köse Mutlu,INB,Cuma,08:30/10:29,B307,30,30,,"CEV_LS, CEVE_LS",,
21088,CAB 160,CAB,LS,Ud II,,Sarper Eroğlu,TMB,Pazartesi,13:30/15:29,,5,5,,"MTR_LS, MUT_LS, MUZ_LS, MZT_LS",,
21089,CEV 424E,CEV,LS,Wastewtr Mngmnt in Smll Cmmnts,,Mahmut Altınbaş,INB,Pazartesi,15:30/17:29,A103,30,24,,"CEV_LS, CEVE_LS",,
21091,CAB 164,CAB,LS,Mey II,,Cem Ekmen,TMB,Pazartesi,13:30/15:29,,5,1,,"MTR_LS, MUZ_LS, THO_LS",,
21092,CEV 428E,CEV,LS,Envirn.Plan.of Catchment Areas,,"Melike Gürel , / Alpaslan Ekdal",INB,Salı,08:30/10:29,A103,30,10,,"CEV_LS, CEVE_LS",,
21094,CEV 432,CEV,LS,Çevre Ekonomisi,,Öykü Mutlu Salmanlı,INB,Pazartesi,10:30/12:29,A304,35,25,,CEV_LS,,
21095,CAB 168,CAB,LS,Klarnet II,,Özlem Kolat Çakmaksoy,TMB,Pazartesi,13:30/15:29,,5,5,,"MTR_LS, MUZ_LS, THO_LS",,
21096,CEV 432,CEV,LS,Çevre Ekonomisi,,Onur Işık,INB,Perşembe,13:30/15:29,B302,40,38,,CEV_LS,,
21098,CAB 172,CAB,LS,4 Telli Kemençe II,,Lale Akay,TMB,Çarşamba,10:30/12:29,,5,1,,"MTR_LS, MUT_LS, MUZ_LS, MZT_LS",,
21099,CAB 176,CAB,LS,Kemane II,,Ferhan Yeprem,TMB,Pazartesi,13:30/15:29,,5,1,,"MTR_LS, MUT_LS, MUZ_LS, MZT_LS, THO_LS",,
21100,CAB 180,CAB,LS,Asmalı Davul II,,Eyüp Uzunkaya,TMB,Pazartesi,13:30/15:29,,10,4,,THO_LS,,
21101,CAB 182,CAB,LS,Kudüm II,,Erkan Kanat,TMB,Pazartesi,13:30/15:29,,5,1,,"MTR_LS, MUZ_LS",,
21102,CAB 188,CAB,LS,Gitar II,,Tolgahan Çoğulu,TMB,Pazartesi,13:30/15:29,,7,6,,"MTR_LS, MUT_LS, MUZ_LS, MZT_LS",,
21104,CAB 196,CAB,LS,Viyolonsel II,,Cenk Öztürk,TMB,Pazartesi,13:30/15:29,,5,3,,"MTR_LS, MUT_LS, MUZ_LS, MZT_LS",,
21105,CAB 2014,CAB,LS,Viyola IV,,Zeynep Barut,TMB,Pazartesi,15:30/17:29,,5,1,,"MTR_LS, MUT_LS, MUZ_LS, MZT_LS",,
21107,CAB 252,CAB,LS,Kanun IV,,Serkan Mesut Halili,TMB,Pazartesi,15:30/17:29,,5,3,,"MTR_LS, MUT_LS, MUZ_LS, MZT_LS, SES_LS",,
21110,CAB 258,CAB,LS,Bağlama IV,,Engin Şafak Gürler,TMB,Pazartesi,15:30/17:29,,5,5,,"MTR_LS, MUT_LS, MUZ_LS, MZT_LS, SES_LS, THO_LS",,
21111,CAB 258,CAB,LS,Bağlama IV,,Metin Eke,TMB,Pazartesi,15:30/17:29,,5,5,,"MTR_LS, MUT_LS, MUZ_LS, MZT_LS, SES_LS, THO_LS",,
21113,CAB 260,CAB,LS,Ud IV,,Buse Sever,TMB,Pazartesi,15:30/17:29,,8,8,,"MTR_LS, MUT_LS, MUZ_LS, MZT_LS, SES_LS",,
21117,CEV 432E,CEV,LS,Environmental Economics,,Hüseyin Erdem Görgün,INB,Salı,13:30/15:29,A104,40,40,,"CEV_LS, CEVE_LS",,
21118,CAB 268,CAB,LS,Klarnet IV,,Özlem Kolat Çakmaksoy,TMB,Pazartesi,15:30/17:29,,5,2,,"MTR_LS, MUZ_LS, THO_LS",,
21119,CAB 270,CAB,LS,3 Telli Kemence IV,,Neva Özgen Kösoğlu,TMB,Pazartesi,15:30/17:29,,5,1,,"MTR_LS, MUT_LS, MUZ_LS, MZT_LS",,
21121,CEV 432E,CEV,LS,Environmental Economics,,Onur Işık,INB,Salı,13:30/15:29,A301,40,42,,"CEV_LS, CEVE_LS",,
21122,CEV 442,CEV,LS,Çevre Hukuku,,"Fatma Gülen İskender , / Osman Devrim Elvan",INB,Çarşamba,10:30/12:29,A301,60,41,,CEV_LS,,
21123,CAB 276,CAB,LS,Kemane IV,,Ferhan Yeprem,TMB,Pazartesi,15:30/17:29,,5,1,,"MTR_LS, MUT_LS, MUZ_LS, MZT_LS, THO_LS",,
21124,CAB 280,CAB,LS,Koltuk Davul II,,Salim Sınar,TMB,Pazartesi,15:30/17:29,,10,6,,THO_LS,,
21125,CEV 442E,CEV,LS,Environmental Law,,Derya Yüksel İmer,INB,Salı,15:30/17:29,A202,67,67,,"CEV_LS, CEVE_LS",,
21127,CEV 447,CEV,LS,Arazide Arıtma Sistemleri,,Mustafa Sait Yazgan,INB,Pazartesi,08:30/10:29,B303,30,38,,CEV_LS,,
21128,CAB 288,CAB,LS,Gitar IV,,Tolgahan Çoğulu,TMB,Pazartesi,15:30/17:29,,6,6,,"MTR_LS, MUT_LS, MUZ_LS, MZT_LS",,
21129,CEV 447E,CEV,LS,Land Treatment Systems,,Mahmut Ekrem Karpuzcu,INB,Cuma,10:30/12:29,B307,30,26,,"CEV_LS, CEVE_LS",,
21130,CAB 294,CAB,LS,Zurna IV,,Ünal Yürük,TMB,Pazartesi,15:30/17:29,,5,1,,"MTR_LS, MUZ_LS, THO_LS",,
21131,CEV 452,CEV,LS,Gürültü ve Kontrolü,,"İsmail Toröz , / Recep Kaya",INB,Çarşamba,08:30/10:29,A103,30,34,,CEV_LS,,
21132,CAB 296,CAB,LS,Viyolonsel IV,,Gülyar Say,TMB,Pazartesi,15:30/17:29,,5,2,,"MTR_LS, MUT_LS, MUZ_LS, MZT_LS",,
21134,CAB 3102,CAB,LS,KemanVI,,Ibragım Orazov,TMB,Salı,15:30/17:29,,5,2,,MTR_LS,,
21136,CEV 456,CEV,LS,İş Sağlığı ve Güvenliği,,"Fatma Gülen İskender , / Ayşegül Bayın Sarıahmetoğlu",INB,Pazartesi,10:30/11:29,A102,53,53,,CEV_LS,,
21137,CAB 354,CAB,LS,Tanbur VI,,Birol Yayla,TMB,Pazartesi,08:30/10:29,,5,1,,"MTR_LS, SES_LS",,
21138,CEV 456E,CEV,LS,Occupational Health and Safety,,"Bülent İnanç , / Ayşegül Bayın Sarıahmetoğlu",INB,Cuma,14:00/14:59,A202,60,60,,"CEV_LS, CEVE_LS",,
21139,CEV 458E,CEV,LS,Design of Marine Disposal Sys.,,"Ali Fuat Aydın , / Hüseyin Güven",INB,Çarşamba,13:30/15:29,D201,30,10,,"CEV_LS, CEVE_LS",,
21140,CAB 358,CAB,LS,Bağlama VI,,Adnan Koç,TMB,Pazartesi,10:30/12:29,,5,2,,"MTR_LS, SES_LS",,
21141,CEV 464E,CEV,LS,Adv. Comp.App.in Envir. Eng.,,"Alpaslan Ekdal , / Onur Yılmaz Özcan",INB,Perşembe,08:30/10:29,A103,30,17,,"CEV_LS, CEVE_LS",,
21143,CEV 466,CEV,LS,Kentsel Hava Kalitesi Yönetimi,,-,INB,Salı,13:30/15:29,,0,0,,CEV_LS,,
21144,CAB 360,CAB,LS,Ud VI,,Buse Sever,TMB,Salı,15:30/17:29,,5,2,,MTR_LS,,
21146,CEV 466E,CEV,LS,Urban Air Quality Management,,Burçak Kaynak Tezel,INB,Perşembe,10:30/12:29,B304,30,6,,"CEV_LS, CEVE_LS",,
21148,CEV 472E,CEV,LS,Opr.of Wastewater Treat.Plants,,"Hüseyin Erdem Görgün , / Gülsüm Emel Zengin Balcı",INB,Salı,10:30/12:29,B304,30,32,,"CEV_LS, CEVE_LS",,
21150,MYZ 304E,MYZ,LS,Artificial Intelligence in Environmental Engineering,,Sadullah Levent Kuzu,INB,Pazartesi,08:30/10:29,B307,30,30,,"CEV_LS, CEVE_LS",,
21152,CEV 4901E,CEV,LS,Environmental Eng. Design I,,Mustafa Evren Erşahin,,,-/-,,500,21,,"CEV_LS, CEVE_LS",,
21154,CEV 4902,CEV,LS,Çevre Müh. Tasarımı II,,Mustafa Evren Erşahin,,,-/-,,500,53,,CEV_LS,,
21155,CEV 4902E,CEV,LS,Environmental Eng. Design II,,Mustafa Evren Erşahin,,,-/-,,500,37,,"CEV_LS, CEVE_LS",,
21156,CEV 492,CEV,LS,Bitirme Tasarım Projesi,,Mustafa Evren Erşahin,,,-/-,,500,1,,CEV_LS,,
21158,CEV 492E,CEV,LS,Graduation Design Project,,-,,,-/-,,0,0,,"CEV_LS, CEVE_LS",,
21159,CAB 386,CAB,LS,Gitar VI,,Tolgahan Çoğulu,TMB,Salı,15:30/17:29,,5,3,,MTR_LS,,
21160,TER 201,TER,LS,Termodinamik,,Ramazan Keyikoğlu,INB,Perşembe,08:30/11:29,A104,60,60,,CEV_LS,,
21161,CAB 396,CAB,LS,Viyolonsel VI,,Gülyar Say,TMB,Salı,15:30/17:29,,5,1,,MTR_LS,,
21162,TER 201E,TER,LS,Thermodynamics,,Özlem Karahan Özgün,INB,Perşembe,08:30/11:29,B101,72,80,,"CEV_LS, CEVE_LS",,
21163,MAT 271E,MAT,LS,Probability and Statistics,,Mustafa Sait Yazgan,INB,Çarşamba,08:30/11:29,A204,80,90,,"CEV_LS, CEVE_LS",,
21164,MAT 271E,MAT,LS,Probability and Statistics,,Mustafa Sait Yazgan,INB,Pazartesi,10:30/13:29,A204,70,75,,"CEV_LS, CEVE_LS",,
21165,DAN 102,DAN,LS,Girişimcilik & Kariyer Danış.,,Osman Atilla Arıkan,INB,Çarşamba,15:30/17:29,,300,143,,"CEV_LS, CEVE_LS",,
21167,CAB 4102,CAB,LS,Keman VIII,,Ali Cihat Aşkın,TMB,Çarşamba,13:30/15:29,,5,1,,MTR_LS,,
21168,CAB 4102,CAB,LS,Keman VIII,,Ibragım Orazov,TMB,Çarşamba,13:30/15:29,,5,1,,MTR_LS,,
21169,CAB 452,CAB,LS,Kanun VIII,,Serkan Mesut Halili,TMB,Pazartesi,08:30/10:29,,5,1,,"MTR_LS, SES_LS",,
21171,CAB 458,CAB,LS,Bağlama VIII,,Engin Şafak Gürler,TMB,Çarşamba,13:30/15:29,,5,5,,"MTR_LS, SES_LS",,
21175,CAB 476,CAB,LS,Kemane VIII,,Ferhan Yeprem,TMB,Çarşamba,13:30/15:29,,5,1,,MTR_LS,,
21176,CAB 486,CAB,LS,Gitar VIII,,Tufan Kurdoğlu,TMB,Salı,15:30/17:29,,5,1,,MTR_LS,,
21177,CAB 496,CAB,LS,Viyolonsel VIII,,Gülyar Say,TMB,Çarşamba,13:30/15:29,,5,1,,MTR_LS,,
21178,CAB 178,CAB,LS,Piyano II,,Alper Rumelioğlu,TMB,Cuma,16:00/17:59,,22,16,,"MTR_LS, MUT_LS, MUZ_LS, MZT_LS",,
21179,CAB 178,CAB,LS,Piyano II,,Sıtkı Kandemir Basmacıoğlu,TMB,Çarşamba,08:30/10:29,,22,14,,"MTR_LS, MUT_LS, MUZ_LS, MZT_LS, SES_LS",,
21180,CAB 178,CAB,LS,Piyano II,,Alper Rumelioğlu,TMB,Pazartesi,08:30/10:29,,22,24,,"MTR_LS, MUT_LS, MUZ_LS, MZT_LS, SES_LS",,
21181,CAB 278,CAB,LS,Piyano IV,,Devlet Devrim Öztaş,TMB,Pazartesi,08:30/10:29,,22,1,,"MTR_LS, MUT_LS, MUZ_LS, MZT_LS, SES_LS",,
21182,CAB 278,CAB,LS,Piyano IV,,Alper Rumelioğlu,TMB,Cuma,14:00/15:59,,22,21,,"MTR_LS, MUT_LS, MUZ_LS, MZT_LS, SES_LS",,
21183,CAB 278,CAB,LS,Piyano IV,,Alper Rumelioğlu,TMB,Çarşamba,08:30/10:29,,22,18,,"MTR_LS, MUT_LS, MUZ_LS, MZT_LS, SES_LS",,
21184,CAB 460,CAB,LS,Ud VIII,,Buse Sever,TMB,Çarşamba,13:30/15:29,,5,1,,"MTR_LS, SES_LS",,
21185,CAB 144,CAB,LS,Yrd.Çalgı Piyano II,,Devlet Devrim Öztaş,TMB,Salı,15:30/17:29,,18,18,,"BST_LS, CAB_LS, CEB_LS, KMP_LS",,
21186,CAB 344,CAB,LS,Yrd.Çalgı Piyano VI,,Devlet Devrim Öztaş,TMB,Salı,13:30/15:29,,17,7,,"BST_LS, CAB_LS, CEB_LS, KMP_LS, SES_LS",,
21187,CAB 444,CAB,LS,Yrd.Çalgı Piyano VIII,,Devlet Devrim Öztaş,TMB,Pazartesi,13:30/15:29,,17,5,,"BST_LS, CAB_LS, CEB_LS, KMP_LS, SES_LS",,
21188,CAB 244,CAB,LS,Yrd.Çalgı Piyano IV,,Sıtkı Kandemir Basmacıoğlu,TMB,Perşembe,13:30/15:29,,17,10,,"BST_LS, CAB_LS, CEB_LS, KMP_LS",,
21189,CAB 776,CAB,LS,18-19.yy Saz Eserleri Rep,,Neva Özgen Kösoğlu,TMB,Cuma,09:30/12:29,,15,1,,"CAB_LS, CEB_LS",,
21190,CAB 778,CAB,LS,Oyun Havaları Repertuarı II,,Ferhan Yeprem,TMB,Cuma,09:30/12:29,,15,2,,"CAB_LS, CEB_LS",,
21191,CAB 782,CAB,LS,Uslup Tavır ve Yorum II,,Ayşegül Kostak Toksoy,TMB | TMB,Salı | Cuma,15:30/17:29 | 14:00/15:59,,15,1,,"CAB_LS, CEB_LS",,
21193,CAB 786,CAB,LS,Oda Müziği II,,Ahmet Hakan Şensoy,TMB | TMB,Salı | Cuma,15:30/17:29 | 14:00/15:59,,15,1,,"CAB_LS, CEB_LS",,
21195,CAB 782,CAB,LS,Uslup Tavır ve Yorum II,,Engin Şafak Gürler,TMB | TMB,Perşembe | Cuma,10:30/12:29 | 16:00/17:59,,15,5,,"CAB_LS, CEB_LS",,
21196,DAN 102,DAN,LS,Girişimcilik & Kariyer Danış.,,Himmet Karaman,INB,Çarşamba,15:30/17:29,,200,117,,"GEO_LS, GEOE_LS, HTA_LS, HTAE_LS",,
21197,CAB 730,CAB,LS,Uslup Tavır ve Yorum IV,,Engin Şafak Gürler,TMB | TMB,Perşembe | Cuma,13:30/15:29 | 10:30/12:29,,15,4,,"CAB_LS, CEB_LS",,
21198,GEO 108E,GEO,LS,Fundamentals of Programming,,Volkan Özbey,INB | INB,Çarşamba | Çarşamba,08:30/09:29 | 10:30/12:29,,85,85,,"GEO_LS, GEOE_LS, HTA_LS, HTAE_LS",,
21199,CAB 724,CAB,LS,Oda Müziği IV,,Pınar Tezişçi Özmenay,TMB | TMB,Salı | Çarşamba,15:30/17:29 | 13:30/15:29,,15,2,,"CAB_LS, CEB_LS",,
21200,GEO 108E,GEO,LS,Fundamentals of Programming,,Muhammed Enes Atik,INB | INB,Çarşamba | Çarşamba,09:30/10:29 | 12:30/14:29,,75,33,,"GEO_LS, GEOE_LS, HTA_LS, HTAE_LS",,
21202,GEO 114,GEO,LS,Yersel Ölçme Don. Ve Yaz.,,Serdar Erol,INB,Perşembe,08:30/11:29,A204,30,14,,"GEO_LS, HTA_LS",,
21203,CAB 792,CAB,LS,Bağlmda Çalp Söylme Gelneği II,,Metin Eke,TMB,Perşembe,10:30/12:29,,15,4,,"CAB_LS, CEB_LS",,
21204,GEO 114E,GEO,LS,Terr. Surv. Equip. and Soft.,,Ramazan Alper Kuçak,INB,Perşembe,08:30/11:29,B305,35,35,,"GEO_LS, GEOE_LS, HTA_LS, HTAE_LS",,
21205,CAB 796,CAB,LS,20-21.yy Saz Eserleri Rep.,,Göknil Bişak Özdemir,TMB,Perşembe,15:30/17:29,,15,3,,"CAB_LS, CEB_LS",,
21206,GEO 114E,GEO,LS,Terr. Surv. Equip. and Soft.,,Turan Erden,INB,Perşembe,11:30/14:29,A204,50,50,,"GEO_LS, GEOE_LS, HTA_LS, HTAE_LS",,
21207,CAB 190,CAB,LS,Çalgılama II,,"Yelda Özgen Öztürk , / Barış Kerem Bahar , / Cem Önertürk",TMB,Çarşamba,10:30/12:29,,10,4,,"BST_LS, KMP_LS",,
21208,GEO 182E,GEO,LS,Geomatics Project I,,Himmet Karaman,INB | INB,Cuma | Cuma,08:30/11:29 | 14:30/17:29,,20,2,,"GEO_LS, GEOE_LS",,
21209,CAB 290,CAB,LS,Çalgılama IV,,"Cihan Yurtcu , / Ahmet Serhat Turunç , / Erdem Şimşek",TMB,Perşembe,15:30/17:29,,10,3,,"BST_LS, KMP_LS",,
21210,GEO 203,GEO,LS,Koord. Sist. Ve Jeodezi I,,Hayri Hakan Denli,INB,Perşembe,13:30/17:29,A103,30,12,,"GEO_LS, HTA_LS",,
21212,GEO 203E,GEO,LS,Coordinate Sys. and Geodesy I,,"Serdar Erol , / Bihter Erol",INB,Çarşamba,08:30/12:29,B304,30,27,,"GEO_LS, GEOE_LS, HTA_LS, HTAE_LS",,
21213,GEO 204,GEO,LS,Hata Teo ve Dengeleme,,Orhan Akyılmaz,INB,Perşembe,13:30/17:29,A102,70,71,,"GEO_LS, HTA_LS",,
21214,KMP 492,KMP,LS,Bitirme Çalışması,,Oğuzhan Balcı,,,-/-,,100,5,,"BST_LS, KMP_LS",,
21215,KMP 362,KMP,LS,Türk MzğndeFrmBlg.ve Çzmlme II,,Eray Cömert,TMB | TMB,Çarşamba | Çarşamba,10:30/12:29 | 13:30/14:29,,20,8,,MUZ_LS,,
21216,GEO 204E,GEO,LS,Th.of Err. And Ad. C.,,Mustafa Tevfik Özlüdemir,INB,Pazartesi,13:30/17:29,A205,75,67,,"GEO_LS, GEOE_LS, HTA_LS, HTAE_LS",,
21217,KMP 364,KMP,LS,Batı Mzğnde Frm Bilg.ve Çzmlme,,Ozan Baysal,TMB,Cuma,09:30/12:29,,20,8,,MUZ_LS,,
21218,GEO 208,GEO,LS,Uzaktan Algılama I,,Şinasi Kaya,INB,Pazartesi,09:30/11:29,B201,38,36,,"GEO_LS, HTA_LS",,
21219,KMP 294,KMP,LS,Armoni II,,Recep Gül,TMB,Pazartesi,15:30/17:29,,30,25,,"CAB_LS, CEB_LS, MTR_LS",,
21220,GEO 208,GEO,LS,Uzaktan Algılama I,,Çiğdem Göksel,INB,Pazartesi,10:30/12:29,B302,48,48,,"GEO_LS, HTA_LS",,
21221,KMP 198,KMP,LS,Konturpuan-Füg II,,Ayhan Gunca,TMB,Pazartesi,13:30/15:29,,30,17,,"CAB_LS, CEB_LS, MTR_LS",,
21222,GEO 208E,GEO,LS,Remote Sensing I,,Ayşe Filiz Sunar,INB,Perşembe,15:30/17:29,B206,40,38,,"GEO_LS, GEOE_LS, HTA_LS, HTAE_LS",,
21223,KMP 196,KMP,LS,Form Bilgisi II,,Şirin Karadeniz,TMB,Çarşamba,13:30/15:29,,30,16,,"CAB_LS, CEB_LS, MTR_LS, SES_LS",,
21224,GEO 208E,GEO,LS,Remote Sensing I,,Uğur Algancı,INB,Perşembe,15:30/17:29,B204,40,40,,"GEO_LS, GEOE_LS, HTA_LS, HTAE_LS",,
21225,KMP 102,KMP,LS,Kompozisyon II,,Eray Altınbüken,TMB,Pazartesi,10:30/12:29,,10,4,,"BST_LS, KMP_LS",,
21226,GEO 210,GEO,LS,Yükseklik Ölçmeleri,,"Ramazan Alper Kuçak , / Hasan Hakan Yavaşoğlu",INB,Salı,15:30/17:29,B104,95,94,,"GEO_LS, HTA_LS",,
21227,KMP 202,KMP,LS,Kompozisyon IV,,Eray Altınbüken,TMB | TMB,Pazartesi | Cuma,13:30/15:29 | 10:30/12:29,,10,3,,"BST_LS, KMP_LS",,
21228,GEO 210E,GEO,LS,Fundamentals of Levelling,,"Mustafa Fahri Karabulut , / Doğuş Güler",INB,Perşembe,13:30/15:29,B103,70,62,,"GEO_LS, GEOE_LS, HTA_LS, HTAE_LS",,
21229,GEO 212,GEO,LS,Mühendislik Ölçmeleri,,"Mustafa Yanalak , / Mehmet İşiler",INB,Pazartesi,13:30/16:29,B101,90,91,,"GEO_LS, HTA_LS",,
21230,KMP 302,KMP,LS,Kompozisyon VI,,Oğuzhan Balcı,TMB | TMB,Salı | Cuma,08:30/10:29 | 14:00/15:59,,10,1,,"BST_LS, KMP_LS",,
21231,GEO 212E,GEO,LS,Engineering Surveying,,Ergin Tarı,INB,Pazartesi,09:30/12:29,A302,75,66,,"GEO_LS, GEOE_LS, HTA_LS, HTAE_LS",,
21232,GEO 216,GEO,LS,Bilgisayar Dest. Harita Tas.,,Mehmet Ufuk Özerman,INB,Perşembe,08:30/12:29,D103,40,45,,"GEO_LS, HTA_LS",,
21233,GEO 216,GEO,LS,Bilgisayar Dest. Harita Tas.,,Adalet Dervişoğlu,INB,Perşembe,08:30/12:29,,40,38,,"GEO_LS, HTA_LS",,
21234,GEO 216E,GEO,LS,Computer Aided Map Design,,Ahmet Özgür Doğru,INB,Perşembe,08:30/12:29,D104,40,36,,"GEO_LS, GEOE_LS, HTA_LS, HTAE_LS",,
21235,GEO 216E,GEO,LS,Computer Aided Map Design,,Serdar Bilgi,INB,Perşembe,08:30/12:29,D101,40,27,,"GEO_LS, GEOE_LS, HTA_LS, HTAE_LS",,
21236,GEO 282E,GEO,LS,Geomatics Project II,,Mehmet İşiler,INB | INB,Cuma | Cuma,08:30/11:29 | 14:30/17:29,,25,10,,"GEO_LS, GEOE_LS",,
21237,GEO 292,GEO,LS,Geomatik Projesi 10,,Turan Erden,INB | INB,Cuma | Cuma,08:30/11:29 | 14:30/17:29,B103 | B103,30,30,,"GEO_LS, HTA_LS",,
21238,GEO 292,GEO,LS,Geomatik Projesi 10,,Ramazan Alper Kuçak,INB | INB,Cuma | Cuma,08:30/11:29 | 14:30/17:29,,10,10,,"GEO_LS, HTA_LS",,
21239,GEO 292,GEO,LS,Geomatik Projesi 10,,Şinasi Kaya,INB | INB,Cuma | Cuma,08:30/11:29 | 14:30/17:29,,10,10,,"GEO_LS, HTA_LS",,
21240,KMP 402,KMP,LS,Kompozisyon VIII,,Oğuzhan Balcı,TMB | TMB,Pazartesi | Çarşamba,15:30/17:29 | 10:30/12:29,,10,3,,"BST_LS, KMP_LS",,
21241,GEO 292,GEO,LS,Geomatik Projesi 10,,Mustafa Yanalak,INB | INB,Cuma | Cuma,08:30/11:29 | 14:30/17:29,,10,8,,"GEO_LS, HTA_LS",,
21242,GEO 292,GEO,LS,Geomatik Projesi 10,,Mehmet Ufuk Özerman,INB | INB,Cuma | Cuma,08:30/11:29 | 14:30/17:29,,20,20,,"GEO_LS, HTA_LS",,
21243,KMP 114,KMP,LS,Klasik Armoni II,,Mehmet Özkan,TMB,Salı,10:30/12:29,,10,6,,"BST_LS, KMP_LS",,
21244,GEO 292E,GEO,LS,Geomatics Project 10,,Ergin Tarı,INB | INB,Cuma | Cuma,08:30/11:29 | 14:30/17:29,,10,9,,"GEO_LS, GEOE_LS, HTA_LS, HTAE_LS",,
21245,KMP 116,KMP,LS,Müzik Formları II,,Şirin Karadeniz,TMB,Perşembe,10:30/12:29,,10,4,,"BST_LS, KMP_LS",,
21246,KMP 204,KMP,LS,Türk Müziği Literatürü II,,Neşe Yeşim Altınel Çoban,TMB,Pazartesi,10:30/12:29,,10,4,,"BST_LS, KMP_LS",,
21247,GEO 292E,GEO,LS,Geomatics Project 10,,Muhammed Oğuzhan Mete,INB | INB,Cuma | Cuma,08:30/11:29 | 14:30/17:29,,10,9,,"GEO_LS, GEOE_LS, HTA_LS, HTAE_LS",,
21248,KMP 206,KMP,LS,Kontrpuan-Füg II,,Eray Altınbüken,TMB,Pazartesi,15:30/17:29,,10,4,,"BST_LS, KMP_LS",,
21249,GEO 292E,GEO,LS,Geomatics Project 10,,Serdar Bilgi,INB | INB,Cuma | Cuma,08:30/11:29 | 14:30/17:29,,10,9,,"GEO_LS, GEOE_LS, HTA_LS, HTAE_LS",,
21250,KMP 304,KMP,LS,Kompozisyon Çözümleme II,,Ayhan Gunca,TMB,Çarşamba,10:30/12:29,,10,3,,"BST_LS, KMP_LS",,
21251,GEO 292E,GEO,LS,Geomatics Project 10,,Mahmut Oğuz Selbesoğlu,INB | INB,Cuma | Cuma,08:30/11:29 | 14:30/17:29,,10,9,,"GEO_LS, GEOE_LS, HTA_LS, HTAE_LS",,
21252,KMP 310,KMP,LS,Orkestrasyon I,,Ayhan Gunca,TMB,Çarşamba,13:30/15:29,,10,3,,"BST_LS, KMP_LS",,
21253,KMP 312,KMP,LS,Türk Makam Müzğnde Kompzsyn,,Neşe Yeşim Altınel Çoban,TMB,Perşembe,13:30/15:29,,10,2,,"BST_LS, KMP_LS",,
21254,KMP 306,KMP,LS,Koro Şefliği II,,Ayhan Gunca,TMB,Pazartesi,10:30/12:29,,10,3,,"BST_LS, KMP_LS",,
21255,KMP 322,KMP,LS,Batı Müziği Literatürü II,,Mehmet Özkan,TMB,Pazartesi,13:30/15:29,,10,2,,"BST_LS, KMP_LS",,
21256,GEO 292E,GEO,LS,Geomatics Project 10,,Ahmet Özgür Doğru,INB | INB,Cuma | Cuma,08:30/11:29 | 14:30/17:29,,10,10,,"GEO_LS, GEOE_LS, HTA_LS, HTAE_LS",,
21258,GEO 292E,GEO,LS,Geomatics Project 10,,Uğur Algancı,INB | INB,Cuma | Cuma,08:30/11:29 | 14:30/17:29,,20,16,,"GEO_LS, GEOE_LS, HTA_LS, HTAE_LS",,
21261,GEO 302E,GEO,LS,Land Management,,Doğuş Güler,INB,Salı,08:30/11:29,A202,30,12,,"GEO_LS, GEOE_LS",,
21262,GEO 314,GEO,LS,Jeodezi-II ve Projeksiyonlar,,Hayri Hakan Denli,INB,Pazartesi,14:30/17:29,A301,60,29,,"GEO_LS, HTA_LS",,
21263,GEO 314E,GEO,LS,Geodesy II and Projections,,Volkan Özbey,INB,Perşembe,13:30/16:29,A203,40,34,,"GEO_LS, GEOE_LS, HTA_LS, HTAE_LS",,
21264,GEO 314E,GEO,LS,Geodesy II and Projections,,Bihter Erol,INB,Perşembe,13:30/16:29,B308,40,31,,"GEO_LS, GEOE_LS, HTA_LS, HTAE_LS",,
21265,GEO 306,GEO,LS,Fotogrametri II,,Zaide Duran,INB,Perşembe,08:30/11:29,D202,30,25,,"GEO_LS, HTA_LS",,
21266,GEO 306E,GEO,LS,Photogrammetry II,,Muhammed Enes Atik,INB,Perşembe,08:30/11:29,B303,30,29,,"GEO_LS, GEOE_LS, HTA_LS, HTAE_LS",,
21267,GEO 306E,GEO,LS,Photogrammetry II,,Dursun Zafer Şeker,INB,Salı,11:30/14:29,D203,45,41,,"GEO_LS, GEOE_LS, HTA_LS, HTAE_LS",,
21268,GEO 308,GEO,LS,Taşınmaz Değerlemesi,,Reha Metin Alkan,INB,Çarşamba,13:30/15:29,A301,50,46,,"GEO_LS, HTA_LS",,
21269,GEO 308E,GEO,LS,Real Estate Valuation,,Muhammed Oğuzhan Mete,INB,Pazartesi,12:30/14:29,B302,60,59,,"GEO_LS, GEOE_LS, HTA_LS, HTAE_LS",,
21270,KMP 332,KMP,LS,Ölçü ve Vuruş Tekniği II,,Ayhan Gunca,TMB,Perşembe,10:30/12:29,,10,2,,"BST_LS, KMP_LS",,
21271,KMP 404,KMP,LS,Kompozisyon Çözümleme IV,,"Oğuzhan Balcı , / Tayfun Demirbaş",TMB,Salı,13:30/15:29,,10,4,,"BST_LS, KMP_LS",,
21272,GEO 310,GEO,LS,Uzaktan Algılama II,,Nebiye Musaoğlu,INB,Perşembe,13:30/16:29,A205,50,35,,"GEO_LS, HTA_LS",,
21273,KMP 424,KMP,LS,Türk Müziğinde Polifoni IV,,Oğuzhan Balcı,TMB,Salı,15:30/17:29,,10,2,,"BST_LS, KMP_LS",,
21274,GEO 310E,GEO,LS,Remote Sensing II,,Ayşe Filiz Sunar,INB,Çarşamba,12:30/15:29,A302,40,40,,"GEO_LS, GEOE_LS, HTA_LS, HTAE_LS",,
21277,KMP 422,KMP,LS,Batı Müziği Literatürü IV,,Mehmet Özkan,TMB,Cuma,14:00/15:59,,10,2,,"BST_LS, KMP_LS",,
21278,GEO 310E,GEO,LS,Remote Sensing II,,Esra Erten,INB,Çarşamba,12:30/15:29,A303,40,20,,"GEO_LS, GEOE_LS, HTA_LS, HTAE_LS",,
21279,KMP 434,KMP,LS,Partisyon Okuma II,,Recep Gül,TMB,Pazartesi,10:30/12:29,,20,1,,"BST_LS, KMP_LS",,
21280,GEO 312E,GEO,LS,Spatial Analy. and Alg.in GIS,,Doğuş Güler,INB,Pazartesi,14:30/17:29,,30,30,,"GEO_LS, GEOE_LS, HTA_LS, HTAE_LS",,
21281,MUZ 492,MUZ,LS,Bitirme Çalışması,,Gözde Çolakoğlu Sarı,,,-/-,,100,8,,MUZ_LS,,
21282,GEO 312E,GEO,LS,Spatial Analy. and Alg.in GIS,,Hande Demirel,INB,Pazartesi,14:30/17:29,D104,30,27,,"GEO_LS, GEOE_LS, HTA_LS, HTAE_LS",,
21283,MUZ 468,MUZ,LS,İtalyanca IV,,Valentına Elmettı,TMB,Perşembe,13:30/15:29,,13,11,,MUZ_LS,,
21284,GEO 312E,GEO,LS,Spatial Analy. and Alg.in GIS,,Şaziye Özge Atik,INB,Salı,14:30/17:29,D103,50,44,,"GEO_LS, GEOE_LS, HTA_LS, HTAE_LS",,
21285,MUZ 322,MUZ,LS,Alan Araştırma Metodları,,Eray Cömert,TMB,Salı,13:30/16:29,,20,8,,"CAB_LS, CEB_LS, MTR_LS, MUT_LS, MUZ_LS, MZT_LS, SES_LS, THO_LS",,
21287,MUZ 476,MUZ,LS,Türk Halk Müziği Bilgileri II,,Süleyman Şenel,TMB,Pazartesi,13:30/15:29,,20,14,,"CAB_LS, CEB_LS, MTR_LS, MUT_LS, MUZ_LS, MZT_LS, SES_LS, THO_LS",,
21288,MUZ 322,MUZ,LS,Alan Araştırma Metodları,,Günay Koçhan,TMB,Perşembe,13:30/16:29,,20,6,,"CAB_LS, CEB_LS, MTR_LS, MUT_LS, MUZ_LS, MZT_LS, SES_LS, THO_LS",,
21289,MUZ 476,MUZ,LS,Türk Halk Müziği Bilgileri II,,Süleyman Şenel,TMB,Perşembe,10:30/12:29,,20,18,,"CAB_LS, CEB_LS, MTR_LS, MUT_LS, MUZ_LS, MZT_LS, SES_LS, THO_LS",,
21290,GEO 322,GEO,LS,Arazi Yönetimi,,Tahsin Yomralıoğlu,INB,Pazartesi,08:30/10:29,B204,50,32,,"GEO_LS, HTA_LS",,
21291,MUZ 480,MUZ,LS,Türkiye'de Popüler Müzige Gir.,,Şeyma Ersoy Çak,TMB,Perşembe,08:30/10:29,,20,16,,"BST_LS, CAB_LS, CEB_LS, KMP_LS, MTR_LS, MUT_LS, MUZ_LS, MZT_LS",,
21292,GEO 322E,GEO,LS,Land Management,,Tahsin Yomralıoğlu,INB,Salı,08:30/10:29,A203,60,55,,"GEO_LS, GEOE_LS, HTA_LS, HTAE_LS",,
21293,MUZ 380,MUZ,LS,Dini Müzik II,,İdris Melih Berse,TMB,Cuma,16:00/17:59,,30,19,,"BST_LS, KMP_LS, MTR_LS, MUZ_LS, SES_LS",,
21294,GEO 325E,GEO,LS,Databases in Engineering,,"Nebiye Musaoğlu , / Aylin Tuzcu Kokal",INB,Salı,08:30/10:29,D203,60,60,,"GEO_LS, GEOE_LS, HTA_LS, HTAE_LS",,
21295,MUZ 498,MUZ,LS,Müzik Estetiğine Giriş,,Yalçın Çetinkaya,TMB,Salı,10:30/12:29,,20,20,,"BST_LS, CAB_LS, CEB_LS, KMP_LS, MTR_LS, MUT_LS, MZT_LS, SES_LS",,
21296,MUZ 380,MUZ,LS,Dini Müzik II,,İdris Melih Berse,TMB,Salı,10:30/12:29,,30,16,,"BST_LS, KMP_LS, MTR_LS, MUZ_LS, SES_LS",,
21297,GEO 325E,GEO,LS,Databases in Engineering,,Elif Sertel,INB,Perşembe,08:30/10:29,B306,40,19,,"GEO_LS, GEOE_LS, HTA_LS, HTAE_LS",,
21298,MUZ 312,MUZ,LS,Dünya Müzik Kültürlerine Giriş,,Serkan Şener,TMB,Perşembe,08:30/10:29,,20,18,,"MTR_LS, MUT_LS, MUZ_LS, MZT_LS",,
21299,GEO 325E,GEO,LS,Databases in Engineering,,Filiz Bektaş Balçık,INB,Çarşamba,08:30/10:29,B305,50,21,,"GEO_LS, GEOE_LS, HTA_LS, HTAE_LS",,
21300,GEO 327,GEO,LS,Arazi Modelleme,,Ramazan Alper Kuçak,INB,Salı,11:30/13:29,B202,50,49,,"GEO_LS, HTA_LS",,
21301,MUZ 494,MUZ,LS,Müzik Sosyolojisine Giriş,,Yalçın Çetinkaya,TMB,Salı,08:30/10:29,,20,13,,"BST_LS, CAB_LS, CEB_LS, KMP_LS, MTR_LS",,
21302,MUZ 222,MUZ,LS,Müzik Paleografyası,,Serhan Dilhan Konan,TMB,Salı,09:30/12:29,,25,12,,MUZ_LS,,
21303,GEO 327,GEO,LS,Arazi Modelleme,,Adalet Dervişoğlu,INB,Salı,11:30/13:29,B201,50,41,,"GEO_LS, HTA_LS",,
21304,MUZ 112,MUZ,LS,Müzikolojiye Giriş,,Serkan Şener,TMB,Pazartesi,09:30/12:29,,20,10,,MUZ_LS,,
21305,GEO 327E,GEO,LS,Terrain Modelling,,Uğur Algancı,INB,Salı,11:30/13:29,A204,70,67,,"GEO_LS, GEOE_LS, HTA_LS, HTAE_LS",,
21306,MUZ 202,MUZ,LS,Müzik Tarihi IV,,Günay Koçhan,TMB,Cuma,14:00/16:59,,20,13,,MUZ_LS,,
21307,GEO 382E,GEO,LS,Geomatics Project III,,Şaziye Özge Atik,INB | INB,Cuma | Cuma,08:30/11:29 | 14:30/17:29,,30,12,,"GEO_LS, GEOE_LS",,
21308,MUZ 302,MUZ,LS,Müzik Tarihi VI,,Serhan Dilhan Konan,TMB,Pazartesi,09:30/12:29,,20,15,,MUZ_LS,,
21309,MUZ 488,MUZ,LS,Müzik Estetiğine Giriş,,Yalçın Çetinkaya,TMB,Pazartesi,09:30/12:29,,20,4,,MUZ_LS,,
21310,GEO 392,GEO,LS,Geomatik Projesi 20,,Zaide Duran,INB | INB,Cuma | Cuma,08:30/11:29 | 14:30/17:29,,10,9,,"GEO_LS, HTA_LS",,
21311,MUZ 496,MUZ,LS,Müzik Hakkında Yazmak,,Günay Koçhan,TMB,Salı,09:30/12:29,,20,2,,MUZ_LS,,
21312,GEO 392,GEO,LS,Geomatik Projesi 20,,Adalet Dervişoğlu,INB | INB,Cuma | Cuma,08:30/11:29 | 14:30/17:29,,10,5,,"GEO_LS, HTA_LS",,
21313,MUZ 102,MUZ,LS,Müzik Tarihi II,,Ozan Baysal,TMB,Pazartesi,13:30/15:29,,20,8,,MUZ_LS,,
21314,GEO 392,GEO,LS,Geomatik Projesi 20,,Nebiye Musaoğlu,INB | INB,Cuma | Cuma,08:30/11:29 | 14:30/17:29,,10,9,,"GEO_LS, HTA_LS",,
21315,MUZ 332,MUZ,LS,Transkripsiyon,,Serkan Şener,TMB,Salı,10:30/12:29,,20,9,,MUZ_LS,,
21316,GEO 392,GEO,LS,Geomatik Projesi 20,,Hayri Hakan Denli,INB | INB,Cuma | Cuma,08:30/11:29 | 14:30/17:29,,10,3,,"GEO_LS, HTA_LS",,
21317,MUZ 342,MUZ,LS,Seminer II,,Süleyman Şenel,TMB,Perşembe,13:30/15:29,,20,11,,MUZ_LS,,
21318,GEO 392,GEO,LS,Geomatik Projesi 20,,Mustafa Tevfik Özlüdemir,INB | INB,Cuma | Cuma,08:30/11:29 | 14:30/17:29,,10,1,,"GEO_LS, HTA_LS",,
21319,MUZ 358,MUZ,LS,İleri Osmanlıca II,,Serhan Dilhan Konan,TMB,Pazartesi,13:30/15:29,,10,8,,MUZ_LS,,
21320,GEO 392,GEO,LS,Geomatik Projesi 20,,Volkan Özbey,INB | INB,Cuma | Cuma,08:30/11:29 | 14:30/17:29,,10,10,,"GEO_LS, HTA_LS",,
21321,MUZ 212,MUZ,LS,Osmanlıca II,,Serhan Dilhan Konan,TMB | TMB,Salı | Çarşamba,08:30/09:29 | 10:30/12:29,,25,13,,MUZ_LS,,
21322,GEO 392E,GEO,LS,Geomatics Project 20,,Bihter Erol,INB | INB,Cuma | Cuma,08:30/11:29 | 14:30/17:29,,10,9,,"GEO_LS, GEOE_LS, HTA_LS, HTAE_LS",,
21323,MUZ 378,MUZ,LS,18. Yüzyıl Osmanlı Müziği,,Serhan Dilhan Konan,TMB,Çarşamba,08:30/10:29,,10,7,,MUZ_LS,,
21324,MUZ 390,MUZ,LS,Etnografi Yazımı,,Zeynep Gonca İncedere,TMB,Perşembe,10:30/12:29,,20,2,,MUZ_LS,,
21325,GEO 392E,GEO,LS,Geomatics Project 20,,Muhammed Enes Atik,INB | INB,Cuma | Cuma,08:30/11:29 | 14:30/17:29,,10,10,,"GEO_LS, GEOE_LS, HTA_LS, HTAE_LS",,
21326,MUZ 442,MUZ,LS,Seminer IV,,Zeynep Gonca İncedere,TMB,Çarşamba,10:30/12:29,,20,10,,MUZ_LS,,
21327,GEO 392E,GEO,LS,Geomatics Project 20,,Esra Erten,INB | INB,Cuma | Cuma,08:30/11:29 | 14:30/17:29,,10,9,,"GEO_LS, GEOE_LS, HTA_LS, HTAE_LS",,
21328,MUZ 402,MUZ,LS,Müzik Tarihi VIII,,Şeyma Ersoy Çak,TMB,Cuma,10:30/12:29,,20,3,,MUZ_LS,,
21329,GEO 392E,GEO,LS,Geomatics Project 20,,Filiz Bektaş Balçık,INB | INB,Cuma | Cuma,08:30/11:29 | 14:30/17:29,,10,10,,"GEO_LS, GEOE_LS, HTA_LS, HTAE_LS",,
21330,MUZ 122,MUZ,LS,Müzik Tarihi II,,Şeyma Ersoy Çak,TMB,Cuma,16:00/17:59,,30,21,,"CAB_LS, CEB_LS, MTR_LS, SES_LS",,
21331,GEO 392E,GEO,LS,Geomatics Project 20,,Serdar Erol,INB | INB,Cuma | Cuma,08:30/11:29 | 14:30/17:29,B104 | B104,10,8,,"GEO_LS, GEOE_LS, HTA_LS, HTAE_LS",,
21332,MUZ 122,MUZ,LS,Müzik Tarihi II,,Yalçın Çetinkaya,TMB,Pazartesi,15:30/17:29,,30,30,,"CAB_LS, CEB_LS, MTR_LS, SES_LS",,
21333,GEO 401E,GEO,LS,Physical Geodesy,,Bihter Erol,INB,Pazartesi,13:30/15:29,B305,30,6,,"GEO_LS, GEOE_LS, HTA_LS, HTAE_LS",,
21334,GEO 413E,GEO,LS,Navigation Sys. and Methods,,"Mahmut Oğuz Selbesoğlu , / Mustafa Fahri Karabulut",INB,Çarşamba,10:30/12:29,D202,50,22,,"GEO_LS, GEOE_LS, HTA_LS, HTAE_LS",,
21335,MUZ 478,MUZ,LS,Etnomüzikljde Gncl Konlra Grş,,Burcu Yıldız Ataş,TMB,Pazartesi,13:30/15:29,,20,3,,MUZ_LS,,
21336,GEO 415,GEO,LS,Jeodezik Uydular,,"Serdar Erol , / Bihter Erol",INB,Çarşamba,13:30/15:29,B206,30,7,,"GEO_LS, HTA_LS",,
21337,MUZ 446,MUZ,LS,Dünya Vokal Kültürleri,,Burcu Yıldız Ataş,TMB,Cuma,10:30/12:29,,20,19,,SES_LS,,
21338,MUZ 322,MUZ,LS,Alan Araştırma Metodları,,Eray Cömert,TMB,Cuma,14:00/16:59,,20,17,,"CAB_LS, CEB_LS, MTR_LS, MUT_LS, MUZ_LS, MZT_LS, SES_LS, THO_LS",,
21339,MUZ 316,MUZ,LS,Halk Müziği Literatürü II,,Süleyman Şenel,TMB,Pazartesi,08:30/10:29,,10,2,,"BST_LS, KMP_LS",,
21340,MUT 492,MUT,LS,Bitirme Çalışması,,Can Karadoğan,,,-/-,,100,13,,"MUT_LS, MZT_LS",,
21341,MUT 132,MUT,LS,Akustik II,,Murat Tıraş,TMB,Çarşamba,10:30/12:29,,40,13,,"MUT_LS, MZT_LS",,
21342,MUT 102,MUT,LS,Kemençe Yapımı II,,Mehmet Haşim Açanal,,,-/-,,10,3,,"MUT_LS, MZT_LS",,
21343,MUT 112,MUT,LS,Bağlama Yapımı,,Şafak Köksal,,,-/-,,10,4,,"MUT_LS, MZT_LS",,
21344,MUT 142,MUT,LS,Ses Düzenleme ve Editing,,Oğuz Öz,TMB | TMB,Pazartesi | Salı,10:30/12:29 | 13:30/15:29,,15,12,,"MUT_LS, MZT_LS",,
21345,GEO 415E,GEO,LS,Geodetic Satellite,,Caner Güney,INB,Pazartesi,13:30/15:29,A305,30,10,,"GEO_LS, GEOE_LS, HTA_LS, HTAE_LS",,
21346,MUT 448,MUT,LS,Prodüksiyon Teknikleri,,Oğuz Öz,TMB | TMB,Pazartesi | Salı,08:30/10:29 | 15:30/17:29,,17,17,,"MUT_LS, MZT_LS",,
21348,GEO 427,GEO,LS,Fotog. Ve Laser Veri. Entg.,,"Zaide Duran , / Muhammed Enes Atik",INB,Pazartesi,10:30/12:29,B303,30,24,,"GEO_LS, HTA_LS",,
21349,MUT 154,MUT,LS,Ses Tasarımı,,Gökhan Deneç,TMB,Çarşamba,08:30/10:29,,15,13,,"MUT_LS, MZT_LS",,
21350,GEO 433E,GEO,LS,Urban Information Systems,,Doğuş Güler,INB,Pazartesi,10:30/12:29,B308,45,40,,"GEO_LS, GEOE_LS, HTA_LS, HTAE_LS",,
21351,MUT 242,MUT,LS,Elektronik Ortam ve Müzik,,Gökhan Deneç,TMB | TMB,Salı | Çarşamba,15:30/17:29 | 10:30/12:29,,15,9,,"MUT_LS, MZT_LS",,
21352,GEO 435,GEO,LS,Kentsel Dönüşüm,,Tahsin Yomralıoğlu,INB,Salı,11:30/13:29,B307,30,17,,"GEO_LS, HTA_LS",,
21353,MUT 162,MUT,LS,Makina ve Takım Bilgisi,,Mehmet Tangör,TMB,Perşembe,08:30/10:29,,15,5,,"MUT_LS, MZT_LS",,
21354,GEO 440E,GEO,LS,Robotic App. in Geom. Eng.,,Caner Güney,INB,Çarşamba,13:30/15:29,B303,35,25,,"GEO_LS, GEOE_LS, HTA_LS, HTAE_LS",,
21356,GEO 466E,GEO,LS,Deformation Measurements,,"Serdar Erol , / Bihter Erol",INB,Pazartesi,10:30/12:29,B306,30,9,,"GEO_LS, GEOE_LS, HTA_LS, HTAE_LS",,
21357,MUT 212,MUT,LS,Lavta Yapımı,,Şafak Köksal,,,-/-,,10,4,,"MUT_LS, MZT_LS",,
21358,MUT 254,MUT,LS,Sayısal Ses,,Ozan Sarıer,TMB,Pazartesi,13:30/15:29,,15,11,,"MUT_LS, MZT_LS",,
21359,GEO 468,GEO,LS,UA'da Özel Konular,,Şinasi Kaya,INB,Perşembe,10:30/12:29,B302,30,9,,"GEO_LS, HTA_LS",,
21360,MUT 264,MUT,LS,Üst Yüzey İşlemleri,,Mehmet Haşim Açanal,TMB,Çarşamba,13:30/15:29,,15,2,,"MUT_LS, MZT_LS",,
21361,MUT 368,MUT,LS,Çalgı Bilgisi II,,Ahmet Tunç Buyruklar,TMB,Salı,13:30/15:29,,15,11,,"MUT_LS, MZT_LS",,
21362,MUT 388,MUT,LS,Müzik Tek.Tasarım & Geliştirme,,Ahmet Tunç Buyruklar,TMB | TMB,Salı | Çarşamba,15:30/17:29 | 10:30/12:29,,15,5,,"MUT_LS, MZT_LS",,
21363,GEO 472E,GEO,LS,Advanced Remote Sensing,,"Nebiye Musaoğlu , / Aylin Tuzcu Kokal",INB,Perşembe,10:30/12:29,A101,30,22,,"GEO_LS, GEOE_LS, HTA_LS, HTAE_LS",,
21364,GEO 474,GEO,LS,Hidrografik Ölçmeler,,Reha Metin Alkan,INB,Salı,14:30/16:29,A304,35,27,,"GEO_LS, HTA_LS",,
21365,MUT 388,MUT,LS,Müzik Tek.Tasarım & Geliştirme,,Sair Sinan Kestelli,TMB | TMB,Salı | Çarşamba,15:30/17:29 | 10:30/12:29,,15,9,,"MUT_LS, MZT_LS",,
21366,GEO 480E,GEO,LS,Building İnf.Model in Geo.Eng.,,Hande Demirel,INB,Pazartesi,08:30/10:29,B203,60,58,,"GEO_LS, GEOE_LS, HTA_LS, HTAE_LS",,
21368,MYZ 305,MYZ,LS,Harita Mühendisliğinde Yapay Zeka,,Caner Güney,INB,Perşembe,08:30/10:29,B302,50,20,,"GEO_LS, HTA_LS",,
21369,MUT 376,MUT,LS,Tar Yapımı,,"Mehmet Haşim Açanal , / Mehmet Ali Sezen",,,-/-,,10,1,,"MUT_LS, MZT_LS",,
21370,MYZ 305E,MYZ,LS,Artificial Intelligence in Geomatics Engineering,,Muhammed Oğuzhan Mete,INB,Salı,12:30/14:29,B302,50,25,,"GEO_LS, GEOE_LS, HTA_LS, HTAE_LS",,
21371,GEO 4901,GEO,LS,Geomatik Müh. Tasarımı I,,Mehmet Ufuk Özerman,,,-/-,,500,10,,"GEO_LS, HTA_LS",,
21372,GEO 4901E,GEO,LS,Geomatics Eng. Design I,,Mehmet Ufuk Özerman,,,-/-,,500,10,,"GEO_LS, GEOE_LS, HTA_LS, HTAE_LS",,
21373,GEO 4902,GEO,LS,Geomatik Müh. Tasarımı II,,Mustafa Yanalak,,,-/-,,500,44,,"GEO_LS, HTA_LS",,
21374,MUT 372,MUT,LS,Görüntü İçin Ses,,"Taylan Özdemir , / Yusuf Can Murtezaoğlu",TMB | TMB,Pazartesi | Perşembe,15:30/17:29 | 10:30/12:29,,15,8,,"MUT_LS, MZT_LS",,
21375,GEO 4902E,GEO,LS,Geomatics Eng. Design II,,Mustafa Yanalak,,,-/-,,500,39,,"GEO_LS, GEOE_LS, HTA_LS, HTAE_LS",,
21376,MUT 390,MUT,LS,Bilg. Dest. Mesleki.Res. I,,Şafak Köksal,TMB,Çarşamba,13:30/15:29,,15,3,,"MUT_LS, MZT_LS",,
21377,INS 232,INS,LS,Ölçme Bilgisi,,Mahmut Oğuz Selbesoğlu,INB,Pazartesi,13:30/16:29,A201,60,61,,INS_LS,,
21378,MUT 452,MUT,LS,Bilgisayar Müziği,,Sair Sinan Kestelli,TMB,Pazartesi,10:30/12:29,,15,15,,"MUT_LS, MZT_LS",,
21379,INS 232,INS,LS,Ölçme Bilgisi,,Adil Enis Arslan,INB,Salı,13:30/16:29,A303,50,50,,INS_LS,,
21380,MUT 343,MUT,LS,Çalgı Akustiği,,Mehmet Haşim Açanal,TMB,Çarşamba,08:30/10:29,,15,5,,"MUT_LS, MZT_LS",,
21381,INS 232,INS,LS,Ölçme Bilgisi,,"Mustafa Yanalak , / Mehmet İşiler",INB,Salı,13:30/16:29,A103,50,20,,INS_LS,,
21382,MUT 374,MUT,LS,Elektronik Çalgı Bilgisi,,Sair Sinan Kestelli,TMB,Pazartesi,08:30/10:29,,15,13,,"MUT_LS, MZT_LS",,
21383,INS 232E,INS,LS,Surveying,,"Volkan Özbey , / Aylin Tuzcu Kokal",INB,Pazartesi,13:30/16:29,A202,60,65,,"INS_LS, INSE_LS",,
21384,MUT 386,MUT,LS,Serbest Proje Çalışması II,,Mehmet Cevdet Erek,,,-/-,,5,5,,"MUT_LS, MZT_LS",,
21385,INS 232E,INS,LS,Surveying,,"Mustafa Fahri Karabulut , / Serdar Bilgi",INB,Salı,13:30/16:29,A205,60,59,,"INS_LS, INSE_LS",,
21386,MUT 386,MUT,LS,Serbest Proje Çalışması II,,Ozan Sarıer,,,-/-,,5,5,,"MUT_LS, MZT_LS",,
21387,MUT 386,MUT,LS,Serbest Proje Çalışması II,,Gökhan Deneç,,,-/-,,5,3,,"MUT_LS, MZT_LS",,
21388,MAD 314,MAD,LS,Topoğrafya,,Adil Enis Arslan,INB,Perşembe,13:30/17:29,A201,70,62,,MAD_LS,,
21390,MUT 386,MUT,LS,Serbest Proje Çalışması II,,Mehmet Haşim Açanal,,,-/-,,5,5,,"MUT_LS, MZT_LS",,
21391,JEO 263,JEO,LS,Ölçme Bilgisi,,Adil Enis Arslan,INB,Pazartesi,13:30/16:29,A204,80,79,,JEO_LS,,
21392,MUT 486,MUT,LS,Serbest Proje Çalışması IV,,Taylan Özdemir,,,-/-,,5,5,,"MUT_LS, MZT_LS",,
21393,MUT 486,MUT,LS,Serbest Proje Çalışması IV,,Ozan Sarıer,,,-/-,,5,5,,"MUT_LS, MZT_LS",,
21394,CEV 248,CEV,LS,Ölçme Bilgisi,,Turan Erden,INB,Salı,08:30/10:29,B306,35,37,,CEV_LS,,
21395,MUT 486,MUT,LS,Serbest Proje Çalışması IV,,Can Karadoğan,,,-/-,,5,4,,"MUT_LS, MZT_LS",,
21397,SBP 356E,SBP,LS,Remote Sensing,,Adalet Dervişoğlu,INB,Çarşamba,09:30/12:29,B206,50,38,,"SBP_LS, SBP_YD, SBPE_LS",,
21399,MUT 402,MUT,LS,Viyolonsel Yapımı II,,Mehmet Tangör,,,-/-,,10,3,,"MUT_LS, MZT_LS",,
21400,MUT 412,MUT,LS,Kanun Yapımı II,,Şafak Köksal,,,-/-,,10,1,,"MUT_LS, MZT_LS",,
21401,MUT 381,MUT,LS,Remiks,,Mehmet Cevdet Erek,TMB,Salı,13:30/15:29,,15,15,,"MUT_LS, MZT_LS",,
21402,MUT 436,MUT,LS,Piyano Bakım ve Onarım Bilgisi,,Ahmet Tunç Buyruklar,TMB,Salı,10:30/12:29,,15,4,,"MUT_LS, MZT_LS",,
21403,MUT 414,MUT,LS,Rebap Yapımı,,Ahmet Tunç Buyruklar,TMB,Salı,08:30/10:29,,15,3,,"MUT_LS, MZT_LS",,
21404,MUT 474,MUT,LS,Çalgı Tını Bilgisi,,Ozan Sarıer,TMB,Pazartesi,15:30/17:29,,15,15,,"MUT_LS, MZT_LS",,
21405,ITB 020,ITB,LS,Modernitenin Oluşumu,,Aslıhan Erkmen Birkandan,FEB,Cuma,09:30/12:29,D206,33,28,,"BIO_LS, BLG_LS, BST_LS, CAB_3T_LS, CAB_4T_LS, CAB_BG_LS, CAB_DL_LS, CAB_DS_LS, CAB_KA_LS, CAB_KE_LS, CAB_KL_LS, CAB_KM_LS, CAB_KO_LS, CAB_LS, CAB_ME_LS, CAB_NE_LS, CAB_TA_LS, CAB_TN_LS, CAB_UD_LS, CAB_VC_LS, CAB_VI_LS, CAB_VS_LS, CEB_LS, CEV_LS, CHZ_LS, DEN_LS, DUI_LS, EHB_LS, ELE_LS, ELH_LS, ELK_LS, END_LS, ENT_LS, EUT_LS, FIZ_LS, GEM_LS, GEO_LS, GID_LS, GMI_LS, HTA_LS, IBM_LS, ICM_LS, IML_LS, INS_LS, ISL_LS, JEF_LS, JEO_LS, KIM_LS, KMM_LS, KMP_LS, KOM_LS, KON_LS, MAD_LS, MAK_LS, MAT_LS, MET_LS, MIM_LS, MTO_LS, MTR_LS, MUT_LS, MUZ_LS, MZT_LS, PEM_LS, PET_LS, ROS_LS, SAO_OL, SBP_LS, SES_LS, SES_TH_LS, SES_TS_LS, TEB_LS, TEK_LS, TEL_LS, THO_LS, UCK_LS, UZB_LS",,
21406,THO 492,THO,LS,Bitirme Çalışması,,Eyüp Uzunkaya,,,-/-,,100,9,,THO_LS,,
21407,THO 120,THO,LS,Halk Oyunları Bilgisi,,Eyüp Uzunkaya,TMB | TMB,Pazartesi | Cuma,08:30/10:29 | 10:30/11:29,,20,2,,THO_LS,,
21408,THO 312,THO,LS,Oyun Analizi II,,Eyüp Uzunkaya,TMB | TMB,Salı | Cuma,10:30/12:29 | 17:00/17:59,,20,5,,THO_LS,,
21409,THO 114,THO,LS,Oyun Tekniği II,,İlknur Bektaş,TMB | TMB,Perşembe | Cuma,08:30/10:29 | 08:30/10:29,,20,5,,THO_LS,,
21410,THO 118,THO,LS,Kondisyon Ve Esneme II (Krdsz),,Yurıy Mezokh,TMB | TMB,Perşembe | Cuma,13:30/15:29 | 14:00/15:59,,20,5,,THO_LS,,
21411,THO 116,THO,LS,Bale II,,Yurıy Mezokh,TMB | TMB,Perşembe | Cuma,15:30/17:29 | 16:00/17:59,,20,5,,THO_LS,,
21412,THO 110,THO,LS,Oyun Ritim Bilgisi II,,Eyüp Uzunkaya,TMB,Çarşamba,10:30/12:29,,20,6,,THO_LS,,
21413,THO 112,THO,LS,Hareket Anatomisi II,,Nihal Cömert,TMB,Salı,13:30/15:29,,20,10,,THO_LS,,
21414,THO 206,THO,LS,Oyunda Yöresel Tavırlar II,,Eyüp Uzunkaya,TMB | TMB,Pazartesi | Perşembe,10:30/12:29 | 15:30/17:29,,20,5,,THO_LS,,
21415,THO 204,THO,LS,Türk Halk Oyunları II,,Salim Sınar,TMB | TMB,Salı | Perşembe,10:30/12:29 | 10:30/12:29,,20,4,,THO_LS,,
21416,THO 202,THO,LS,Oyun Ritim Bilgisi IV,,Salim Sınar,TMB,Çarşamba,13:30/15:29,,20,3,,THO_LS,,
21417,THO 208,THO,LS,Oyun Repertuvarı II,,Levent Ketenci,TMB | TMB,Pazartesi | Salı,08:30/10:29 | 08:30/10:29,,20,2,,THO_LS,,
21419,THO 318,THO,LS,Sahne Projesi II (Kredisiz),,Salim Sınar,TMB,Perşembe,13:30/17:29,,20,3,,THO_LS,,
21420,THO 318,THO,LS,Sahne Projesi II (Kredisiz),,Cenap Güngör,TMB,Perşembe,13:30/17:29,,20,1,,THO_LS,,
21421,THO 308,THO,LS,Oyun Repertuvarı IV,,Serdar Bombacı,TMB | TMB,Pazartesi | Çarşamba,08:30/10:29 | 10:30/12:29,,10,5,,THO_LS,,
21422,THO 430,THO,LS,Karşılama- Hora Oyun Rep II,,Serdar Bombacı,TMB | TMB,Pazartesi | Çarşamba,10:30/12:29 | 13:30/15:29,,10,5,,THO_LS,,
21423,THO 314,THO,LS,Koreoloji II,,Nihal Cömert,TMB | TMB,Salı | Perşembe,15:30/17:29 | 10:30/12:29,,20,11,,THO_LS,,
21424,THO 306,THO,LS,Oyunda Yöresel Tavırlar IV,,Aydın Balcı,TMB | TMB,Salı | Perşembe,08:30/10:29 | 08:30/10:29,,20,10,,THO_LS,,
21425,THO 304,THO,LS,Türk Halk Oyunları IV,,Cenap Güngör,TMB | TMB,Pazartesi | Salı,13:30/15:29 | 13:30/15:29,,20,7,,THO_LS,,
21427,THO 412,THO,LS,Geleneksel Giyim Kuşam II,,İlknur Bektaş,TMB,Pazartesi,08:30/10:29,,20,3,,THO_LS,,
21428,THO 418,THO,LS,Sahne Projesi IV (Kredisiz),,-,TMB,Perşembe,13:30/17:29,,0,0,,THO_LS,,
21429,THO 418,THO,LS,Sahne Projesi IV (Kredisiz),,İlknur Bektaş,TMB,Perşembe,13:30/17:29,,20,2,,THO_LS,,
21430,THO 424,THO,LS,Bar Oyun Repertuvarı II,,Eyüp Uzunkaya,TMB | TMB,Salı | Cuma,08:30/10:29 | 08:30/10:29,,10,1,,THO_LS,,
21432,THO 426,THO,LS,Halay Oyun Repertuvarı II,,Cenap Güngör,TMB | TMB,Salı | Cuma,10:30/12:29 | 08:30/10:29,,10,2,,THO_LS,,
21435,THO 448,THO,LS,Modern Dans II,,Yurıy Mezokh,TMB | TMB,Pazartesi | Cuma,13:30/15:29 | 10:30/12:29,,10,7,,THO_LS,,
21436,THO 458,THO,LS,Dans Terminolojisi,,Eyüp Uzunkaya,TMB,Perşembe,10:30/12:29,,10,4,,THO_LS,,
21437,THO 462,THO,LS,Koreografi II,,Yurıy Mezokh,TMB,Salı,13:30/15:29,,10,1,,THO_LS,,
21438,THO 460,THO,LS,Geleneksel Takı ve Aksesuarlar,,İlknur Bektaş,TMB,Salı,13:30/15:29,,10,1,,THO_LS,,
21439,THO 372,THO,LS,Sahne ve Beden Dili II,,Kemal Akdoğan,TMB,Pazartesi,10:30/12:29,,20,14,,SES_LS,,
21440,ATA 103,ATA,LS,Atatürk İlke ve Ink.Tarihi,,Serap Sarıhan,TMB | TMB,Çarşamba | Cuma,08:30/10:29 | 08:30/10:29,,60,41,,"BST_LS, CAB_3T_LS, CAB_4T_LS, CAB_BG_LS, CAB_DL_LS, CAB_DS_LS, CAB_KA_LS, CAB_KE_LS, CAB_KL_LS, CAB_KM_LS, CAB_KO_LS, CAB_LS, CAB_ME_LS, CAB_NE_LS, CAB_TA_LS, CAB_TN_LS, CAB_UD_LS, CAB_VC_LS, CAB_VI_LS, CAB_VS_LS, CEB_LS, KMP_LS, MTR_LS, MUT_LS, MUZ_LS, MZT_LS, SES_LS, SES_TH_LS",,
21441,MTO 102,MTO,LS,Bilgisayarlı Teknik Resim,,Hüsnü Barbaros Soyer,INB,Perşembe,13:30/16:29,D104,80,50,,"IBM_LS, MTO_LS",,
21442,BIL 112E,BIL,LS,Intr.to Prog.Language(FORTRAN),,Ahmet Öztopal,INB,Çarşamba,11:30/14:29,D104,24,21,,"IBM_LS, MTO_LS",,
21443,MTO 222,MTO,LS,Hidroloji,,Barış Çaldağ,MEDC | MEDC,Perşembe | Cuma,14:30/16:29 | 08:30/10:29,ZD1 | ZD1,100,95,,"IBM_LS, MTO_LS",,
21444,MTO 214,MTO,LS,Atmosfer Termodinamiği,,Kasım Koçak,MEDC | MEDC,Pazartesi | Salı,11:30/13:29 | 12:30/14:29,ZD2 | 2D11,60,60,,"IBM_LS, MTO_LS",,
21445,UZB 112E,UZB,LS,Computer Aided Drafting,,Hüsnü Barbaros Soyer,INB,Perşembe,08:30/11:29,D100,60,42,,"UCK_LS, UZB_LS, UZBE_LS",,
21446,STA 201E,STA,LS,Statics,,Ali Tatar,MEDC,Pazartesi,14:30/17:29,ZD1,90,90,,"UCK_LS, UCK_YD, UZB_LS, UZB_YD, UZBE_LS",,
21447,MTO 214E,MTO,LS,Atmospheric Thermodynamics,,Ahmet Duran Şahin,MEDC | MEDC,Pazartesi | Salı,11:30/13:29 | 12:30/14:29,1D10 | 2D12,50,26,,"IBM_LS, MTO_LS, MTOE_LS",,
21448,STA 201E,STA,LS,Statics,,Oğuzcan İnal,MEDC,Pazartesi,14:30/17:29,ZA1,90,88,,"UCK_LS, UCK_YD, UZB_LS, UZB_YD, UZBE_LS",,
21449,UCK 106,UCK,LS,Uçak Müh. Giriş ve Tasarım,,Hayri Acar,MEDC,Cuma,08:30/12:29,ZA1,100,89,,UCK_LS,,
21450,UZB 106E,UZB,LS,Int.Astronaut. Eng.&Des.,,Alim Rüstem Aslan,INB,Salı,13:30/17:29,D201,100,85,,"UZB_LS, UZBE_LS",,
21451,MAT 261,MAT,LS,Lineer Cebir,,Egnar Özdikililer,MEDC,Pazartesi,08:30/11:29,ZA1,80,73,,UCK_LS,,
21452,STA 204,STA,LS,Statik ve Mukavemet,,Cemil Kurtcebe,MEDC,Çarşamba,11:30/14:29,ZA1,90,83,,"IBM_LS, MTO_LS",,
21453,MAT 261E,MAT,LS,Linear Algebra,,Egnar Özdikililer,MEDC,Çarşamba,08:30/11:29,ZA2,90,94,,UZBE_LS,,
21454,MAT 202E,MAT,LS,Numerical Methods,,Bahtiyar Efe,MEDC,Salı,08:30/11:29,ZD2,60,61,,"IBM_LS, MTO_LS, MTOE_LS",,
21455,DAN 102,DAN,LS,Girişimcilik & Kariyer Danış.,,Onur Tunçer,MEDC,Çarşamba,15:30/17:29,ZA1,300,163,,"UCK_LS, UZBE_LS",,
21456,MAT 202E,MAT,LS,Numerical Methods,,Bahtiyar Efe,MEDC,Cuma,14:30/17:29,ZD2,60,64,,"IBM_LS, MTO_LS, MTOE_LS",,
21457,MTO 254,MTO,LS,İklim Bilimi,,Yurdanur Ünal,MEDC,Salı,14:30/17:29,1D3,45,48,,"IBM_LS, MTO_LS, MTO_YD",,
21458,MTO 254E,MTO,LS,Climatology,,Barış Önol,MEDC,Salı,14:30/17:29,1D4,45,46,,"IBM_LS, MTO_LS, MTO_YD, MTOE_LS",,
21459,AKM 204E,AKM,LS,Fluid Mechanics,,Zerefşan Kaymaz,MEDC,Çarşamba,08:30/11:29,ZA4,85,85,,"IBM_LS, MTO_LS, MTOE_LS",,
21460,MTO 304,MTO,LS,Havacılık Meteorolojisi,,Emrah Tuncay Özdemir,MEDC,Pazartesi,11:30/13:29,ZA1,75,30,,"IBM_LS, MTO_LS",,
21461,MTO 229E,MTO,LS,Physics ofClouds&Precipitation,,Sevinç Asilhan,MEDC,Perşembe,11:30/14:29,ZA1,15,14,,"IBM_LS, MTO_LS, MTOE_LS",,
21462,MTO 302,MTO,LS,Hava Analizi ve Öngörü I,,Şükran Sibel Menteş,MEDC | MEDC,Salı | Perşembe,09:30/11:29 | 08:30/10:29,ZD1 | ZD1,60,43,,"IBM_LS, MTO_LS",,
21463,MTO 337E,MTO,LS,Atmospheric Dynamics I,,Elçin Tan,MEDC | MEDC,Pazartesi | Çarşamba,15:30/17:29 | 11:30/13:29,ZD2 | 2D11,40,29,,"IBM_LS, MTO_LS, MTOE_LS",,
21464,MTO 340,MTO,LS,Atmosfer Dinamiği II,,"Ali Deniz , / Bahtiyar Efe",MEDC | MEDC,Pazartesi | Çarşamba,15:30/17:29 | 11:30/13:29,1D3 | 2D12,50,43,,"IBM_LS, MTO_LS",,
21465,MTO 340E,MTO,LS,Atmospheric Dynamics II,,-,MEDC | MEDC,Pazartesi | Çarşamba,15:30/17:29 | 11:30/13:29,,0,0,,"IBM_LS, MTO_LS, MTOE_LS",,
21466,MTO 456,MTO,LS,Hava Kirliliği Kontrolü,,Ceyhan Kahya,MEDC,Pazartesi,11:30/14:29,2D11,15,9,,"IBM_LS, MTO_LS",,
21467,MTO 223,MTO,LS,Bilgisayar Grafiğine Giriş,,Barış Önol,MEDC,Cuma,14:30/17:29,3D20,70,42,,"IBM_LS, MTO_LS",,
21468,MTO 463E,MTO,LS,Numerical Weather Prediction,,Sevinç Asilhan,MEDC,Salı,14:30/17:29,2D13,14,14,,"IBM_LS, MTO_LS, MTOE_LS",,
21469,MTO 459E,MTO,LS,Intro.Gen.Circ.Earth's.Atm.,,Deniz Demirhan,MEDC,Salı,11:30/14:29,1D3,22,18,,"IBM_LS, MTO_LS, MTOE_LS",,
21470,MTO 461E,MTO,LS,Intr. to Planetary Atmospheres,,Zerefşan Kaymaz,MEDC,Perşembe,14:30/17:29,1D5,20,20,,"FIZ_LS, FIZE_LS, IBM_LS, MTO_LS, MTOE_LS, UZBE_LS",,
21471,AKM 219E,AKM,LS,Fluid Mechanics,,Fırat Oğuz Edis,MEDC,Salı,08:30/11:29,ZA1,120,103,,"UZB_LS, UZBE_LS",,
21472,MTO 462E,MTO,LS,Severe and Hazardous Weather,,Filiz Türk Katırcıoğlu,MEDC,Salı,14:30/17:29,1D5,30,30,,"IBM_LS, MTO_LS, MTOE_LS",,
21473,AKM 219,AKM,LS,Akışkanlar Mekaniği,,Nuriye Leman Okşan Çetiner Yıldırım,MEDC,Salı,08:30/11:29,ZA2,120,107,,UCK_LS,,
21474,MTO 460,MTO,LS,Enerji Meteorolojisine Giriş,,"Şükran Sibel Menteş , / Bahtiyar Efe",MEDC,Çarşamba,08:30/11:29,ZD2,15,15,,"IBM_LS, MTO_LS",,
21475,UZB 337E,UZB,LS,Aerospace Structures,,Seher Eken,MEDC,Pazartesi,08:30/12:29,ZA2,120,106,,"UZB_LS, UZBE_LS",,
21476,UCK 203E,UCK,LS,"Circuits, Signals and Systems",,Ramazan Yeniçeri,MEDC,Salı,14:30/17:29,ZD1,70,78,,"UCK_LS, UZB_LS, UZBE_LS",,
21477,MTO 460E,MTO,LS,Intr. to Energy Meteorology,,Ahmet Duran Şahin,MEDC,Perşembe,14:30/17:29,1D6,15,22,,"IBM_LS, MTO_LS, MTOE_LS",,
21478,UCK 203E,UCK,LS,"Circuits, Signals and Systems",,Ramazan Yeniçeri,MEDC,Çarşamba,08:30/11:29,1D10,70,65,,"UCK_LS, UZB_LS, UZBE_LS",,
21479,UZB 220E,UZB,LS,Mechanical Vibrations,,Özge Özdemir,MEDC,Çarşamba,12:30/15:29,ZD1,66,66,,"UCK_LS, UZB_LS, UZBE_LS",,
21480,UZB 220E,UZB,LS,Mechanical Vibrations,,Demet Balkan,MEDC,Çarşamba,12:30/15:29,2D18,66,66,,"UCK_LS, UZB_LS, UZBE_LS",,
21481,UZB 220E,UZB,LS,Mechanical Vibrations,,Ali Tatar,MEDC,Çarşamba,12:30/15:29,ZA2,66,65,,"UCK_LS, UZB_LS, UZBE_LS",,
21482,MAT 202E,MAT,LS,Numerical Methods,,Aytaç Arıkoğlu,MEDC,Perşembe,14:30/17:29,ZA1,65,65,,"MTO_LS, MTOE_LS, UCK_LS, UZB_LS, UZBE_LS",,
21483,MAT 202E,MAT,LS,Numerical Methods,,Bülent Tutkun,MEDC,Perşembe,08:30/11:29,ZA1,65,56,,"MTO_LS, MTOE_LS, UCK_LS, UZB_LS, UZBE_LS",,
21484,UCK 350E,UCK,LS,Analytical Dynamics,,İbrahim Özkol,MEDC,Pazartesi,08:30/11:29,2D12,35,16,,"UCK_LS, UZB_LS, UZBE_LS",,
21485,UCK 337E,UCK,LS,Introduction to Optimization,,Aydın Mısırlıoğlu,MEDC,Pazartesi,14:30/17:29,1D5,25,7,,"UCK_LS, UZB_LS, UZBE_LS",,
21486,UZB 218E,UZB,LS,Int.to Partial Diff.Eq. in Eng,,Mehmet Şahin,MEDC,Perşembe,14:30/17:29,1D7,25,12,,"UCK_LS, UZB_LS, UZBE_LS",,
21487,UZB 310E,UZB,LS,Compressible Aerodynamics,,Bayram Çelik,MEDC,Salı,14:30/17:29,ZA1,60,62,,"UCK_LS, UZB_LS, UZB_YD, UZBE_LS",,
21488,UZB 310E,UZB,LS,Compressible Aerodynamics,,Aydın Mısırlıoğlu,MEDC,Salı,14:30/17:29,ZA2,60,60,,"UCK_LS, UZB_LS, UZB_YD, UZBE_LS",,
21489,UZB 310E,UZB,LS,Compressible Aerodynamics,,Melike Nikbay,MEDC,Salı,14:30/17:29,3D20,60,42,,"UCK_LS, UZB_LS, UZB_YD, UZBE_LS",,
21490,UCK 304E,UCK,LS,Experimental Engineering,,Halit Süleyman Türkmen,MEDC,Pazartesi,08:30/10:29,2D13,28,34,,"UCK_LS, UZB_LS, UZBE_LS",,
21491,UCK 304E,UCK,LS,Experimental Engineering,,Tahir Soyugüzel,MEDC,Perşembe,14:30/16:29,1D8,28,37,,"UCK_LS, UZB_LS, UZBE_LS",,
21492,UCK 304E,UCK,LS,Experimental Engineering,,Tahir Soyugüzel,MEDC,Pazartesi,14:30/16:29,1D6,28,28,,"UCK_LS, UZB_LS, UZBE_LS",,
21493,UCK 304E,UCK,LS,Experimental Engineering,,Duygu Erdem,MEDC,Cuma,09:30/11:29,1D6,28,21,,"UCK_LS, UZB_LS, UZBE_LS",,
21494,UCK 304E,UCK,LS,Experimental Engineering,,Demet Balkan,MEDC,Salı,08:30/10:29,1D3,28,34,,"UCK_LS, UZB_LS, UZBE_LS",,
21495,UCK 304E,UCK,LS,Experimental Engineering,,Saliha Banu Yılmaz,MEDC,Salı,11:30/13:29,1D4,28,40,,"UCK_LS, UZB_LS, UZBE_LS",,
21496,UZB 314E,UZB,LS,Heat Transfer,,Bülent Tutkun,MEDC,Çarşamba,08:30/10:29,ZD1,73,54,,"UCK_LS, UZB_LS, UZBE_LS",,
21497,UZB 314E,UZB,LS,Heat Transfer,,Cemil Kurtcebe,MEDC,Pazartesi,11:30/13:29,3D20,73,88,,"UCK_LS, UZB_LS, UZBE_LS",,
21498,UZB 314E,UZB,LS,Heat Transfer,,Onur Tunçer,MEDC,Çarşamba,08:30/10:29,ZA1,73,72,,"UCK_LS, UZB_LS, UZBE_LS",,
21499,UCK 441E,UCK,LS,Flight Stability and Control,,Emre Koyuncu,MEDC,Perşembe,11:30/14:29,ZA2,60,40,,"UCK_LS, UCK_YD",,
21500,UCK 441E,UCK,LS,Flight Stability and Control,,Gökhan İnalhan,MEDC,Cuma,14:30/17:29,ZD1,60,63,,"UCK_LS, UCK_YD",,
21501,UZB 421E,UZB,LS,Attitude Determination & Ctrl.,,Demet Çilden Güler,MEDC,Cuma,09:30/12:29,ZA2,110,113,,"UZB_LS, UZBE_LS",,
21502,UCK 427E,UCK,LS,Combustion,,Mete Budaklı,MEDC,Pazartesi,10:30/13:29,2D14,48,46,,"UCK_LS, UZB_LS, UZBE_LS",,
21503,UZB 318E,UZB,LS,Finite Element Method,,Vedat Ziya Doğan,MEDC,Pazartesi,14:30/17:29,1D7,48,58,,"UCK_LS, UZB_LS, UZBE_LS",,
21504,UZB 386E,UZB,LS,Boundary Layer Theory,,Mete Budaklı,MEDC,Pazartesi,13:30/16:29,1D8,48,48,,"UCK_LS, UZB_LS, UZBE_LS",,
21505,UCK 358E,UCK,LS,Int.to Artificial Intelligence,,Barış Başpınar,MEDC,Perşembe,11:30/14:29,1D5,45,31,,"UCK_LS, UZB_LS, UZBE_LS",,
21506,ETK 101,ETK,LS,Mühendislik Etiği,,Ahmet Duran Şahin,MEDC,Pazartesi,14:30/15:29,ZA2,90,72,,"IBM_LS, MTO_LS",,
21507,UCK 236E,UCK,LS,Composite Materials,,Hülya Cebeci,MEDC,Perşembe,08:30/11:29,2D18,45,45,,"UCK_LS, UZB_LS, UZBE_LS",,
21508,MTO 388,MTO,LS,Coğrafi Bilgi Bilimi,,Filiz Türk Katırcıoğlu,INB,Cuma,09:30/12:29,D101,35,38,,"IBM_LS, MTO_LS",,
21509,UCK 461E,UCK,LS,Flight Instruments,,Cengiz Hacızade,MEDC,Salı,14:30/17:29,1D8,25,21,,UCK_LS,,
21510,UCK 424E,UCK,LS,Princip. of Aircraft Design II,,Hayri Acar,MEDC,Pazartesi,13:30/17:29,ZA3,60,55,,"UCK_LS, UCK_YD",,
21511,UCK 424E,UCK,LS,Princip. of Aircraft Design II,,Hayri Acar,MEDC,Pazartesi,08:30/12:29,ZA3,60,43,,"UCK_LS, UCK_YD",,
21512,MTO 406E,MTO,LS,Wheather Analysis and Prediction II,,Emrah Tuncay Özdemir,MEDC | MEDC,Salı | Çarşamba,09:30/11:29 | 09:30/11:29,1D4 | 1D3,45,42,,"IBM_LS, MTO_LS, MTOE_LS",,
21513,UZB 420E,UZB,LS,Spacecraft Systems Design II,,Alim Rüstem Aslan,MEDC,Salı,08:30/12:29,ZA3,60,41,,"UZB_LS, UZB_YD, UZBE_LS",,
21514,UZB 420E,UZB,LS,Spacecraft Systems Design II,,Alim Rüstem Aslan,MEDC,Pazartesi,08:30/12:29,ZA4,60,39,,"UZB_LS, UZB_YD, UZBE_LS",,
21515,UCK 439E,UCK,LS,Intr. to Optimal Control,,Barış Başpınar,MEDC,Pazartesi,14:30/17:29,1D9,40,25,,"UCK_LS, UZBE_LS",,
21517,MTO 362,MTO,LS,İnsans.Hava Sis.ile Meteo.Uyg.,,"Emrah Tuncay Özdemir , / Orkan Özcan",MEDC,Salı,11:30/14:29,1D5,15,16,,"IBM_LS, MTO_LS",,
21518,DAN 102,DAN,LS,Girişimcilik & Kariyer Danış.,,"Mikdat Kadıoğlu , / Barış Çaldağ",MEDC,Çarşamba,15:30/17:29,ZD1,75,60,,"IBM_LS, MTO_LS",,
21519,MTO 426E,MTO,LS,Micrometeorology,,Ceyhan Kahya,MEDC,Perşembe,11:30/14:29,ZA4,105,80,,"IBM_LS, MTO_LS, MTOE_LS",,
21520,MTO 354,MTO,LS,Tarım & Orman Meteorolojisi II,,Levent Şaylan,MEDC,Pazartesi,08:30/11:29,2D15,15,10,,"IBM_LS, MTO_LS",,
21521,MTO 361,MTO,LS,Hava Kirliliği Modellemesi,,Hüseyin Toros,MEDC,Perşembe,08:30/11:29,1D6,25,25,,"IBM_LS, MTO_LS",,
21522,MTO 492,MTO,LS,Bitirme Çalışması,,Mikdat Kadıoğlu,,,-/-,,500,1,,MTO_LS,,
21523,MTO 492E,MTO,LS,Graduation Project,,-,,,-/-,,0,0,,"MTO_LS, MTOE_LS",,
21524,MTO 4902,MTO,LS,Meteoroloji Müh. Tasarımı II,,Mikdat Kadıoğlu,,,-/-,,500,68,,"IBM_LS, MTO_LS",,
21525,MTO 494,MTO,LS,Araştırma Projesi,,Mikdat Kadıoğlu,,,-/-,,3,3,,"IBM_LS, MTO_LS",,
21526,MTO 494,MTO,LS,Araştırma Projesi,,Levent Şaylan,,,-/-,,3,1,,"IBM_LS, MTO_LS",,
21527,MTO 494,MTO,LS,Araştırma Projesi,,Kasım Koçak,,,-/-,,3,2,,"IBM_LS, MTO_LS",,
21528,MTO 494,MTO,LS,Araştırma Projesi,,Zerefşan Kaymaz,,,-/-,,3,2,,"IBM_LS, MTO_LS",,
21529,MTO 494,MTO,LS,Araştırma Projesi,,Ahmet Duran Şahin,,,-/-,,4,4,,"IBM_LS, MTO_LS",,
21530,MTO 494,MTO,LS,Araştırma Projesi,,Yurdanur Ünal,,,-/-,,3,3,,"IBM_LS, MTO_LS",,
21531,MTO 494,MTO,LS,Araştırma Projesi,,Şükran Sibel Menteş,,,-/-,,3,2,,"IBM_LS, MTO_LS",,
21532,MTO 494,MTO,LS,Araştırma Projesi,,Sevinç Asilhan,,,-/-,,3,4,,"IBM_LS, MTO_LS",,
21533,MTO 494,MTO,LS,Araştırma Projesi,,-,,,-/-,,0,0,,"IBM_LS, MTO_LS",,
21534,MTO 494,MTO,LS,Araştırma Projesi,,Hüseyin Toros,,,-/-,,3,3,,"IBM_LS, MTO_LS",,
21535,MTO 494,MTO,LS,Araştırma Projesi,,Barış Önol,,,-/-,,3,3,,"IBM_LS, MTO_LS",,
21536,MTO 494,MTO,LS,Araştırma Projesi,,Elçin Tan,,,-/-,,4,4,,"IBM_LS, MTO_LS",,
21537,MTO 494,MTO,LS,Araştırma Projesi,,Ahmet Öztopal,,,-/-,,3,1,,"IBM_LS, MTO_LS",,
21538,MTO 494,MTO,LS,Araştırma Projesi,,-,,,-/-,,0,0,,"IBM_LS, MTO_LS",,
21539,MTO 494,MTO,LS,Araştırma Projesi,,Emrah Tuncay Özdemir,,,-/-,,3,3,,"IBM_LS, MTO_LS",,
21540,MTO 494,MTO,LS,Araştırma Projesi,,Bahtiyar Efe,,,-/-,,4,4,,"IBM_LS, MTO_LS",,
21541,MTO 494,MTO,LS,Araştırma Projesi,,Ceyhan Kahya,,,-/-,,4,4,,"IBM_LS, MTO_LS",,
21542,MTO 494,MTO,LS,Araştırma Projesi,,Deniz Demirhan,,,-/-,,3,1,,"IBM_LS, MTO_LS",,
21543,MTO 494,MTO,LS,Araştırma Projesi,,Filiz Türk Katırcıoğlu,,,-/-,,3,3,,"IBM_LS, MTO_LS",,
21544,UCK 445,UCK,LS,Helikopter Tasarımı,,Özge Özdemir,MEDC,Salı,11:30/14:29,1D8,45,54,,UCK_LS,,
21545,UZB 381E,UZB,LS,Applic.of Satellite-Based Data,,Esra Erten,MEDC,Salı,11:30/14:29,1D9,38,35,,UZBE_LS,,
21546,UZB 461E,UZB,LS,Lunar Mission Trajectories,,Cuma Yarım,MEDC,Çarşamba,12:30/15:29,1D3,45,32,,UZBE_LS,,
21547,UCK 435E,UCK,LS,Design of Aerospace Structures,,"Zahit Mecitoğlu , / Halit Süleyman Türkmen , / Melike Nikbay , / Hülya Cebeci , / Oğuzcan İnal",MEDC,Salı,08:30/11:29,1D5,35,36,,"UCK_LS, UZBE_LS",,
21549,UZB 492E,UZB,LS,Graduation Project,,Melike Nikbay,,,-/-,,500,3,,"UZB_LS, UZBE_LS",,
21550,UZB 4901E,UZB,LS,Astronautical Eng. Design I,,Melike Nikbay,,,-/-,,500,16,,UZBE_LS,,
21551,UZB 4902E,UZB,LS,Astronautical Eng. Design II,,Melike Nikbay,,,-/-,,500,71,,"UZB_LS, UZBE_LS",,
21553,UCK 492E,UCK,LS,Graduation Project,,Halit Süleyman Türkmen,,,-/-,,500,2,,UCK_LS,,
21554,UCK 4901,UCK,LS,Uçak Müh. Tasarımı I,,Halit Süleyman Türkmen,,,-/-,,500,10,,UCK_LS,,
21555,UCK 4902,UCK,LS,Uçak Müh. Tasarımı II,,Halit Süleyman Türkmen,,,-/-,,500,89,,UCK_LS,,
21556,BIL 100E,BIL,LS,Intr.to Prog.Language(PYTHON),,Ahmet Öztopal,INB,Pazartesi,14:30/17:29,D100,24,25,,"IBM_LS, MTO_LS",,
21557,MTO 112,MTO,LS,Meteoroloji Alet & Gözlem Usul,,"Levent Şaylan , / Barış Çaldağ",MEDC | MEDC,Salı | Perşembe,09:30/11:29 | 09:30/11:29,ZA4 | ZA2,90,73,,"IBM_LS, MTO_LS",,
21559,THO 472,THO,LS,Türk Halk Oyunları II,,Cenap Güngör,TMB,Perşembe,10:30/12:29,,15,3,,SES_LS,,
21560,JEO 121,JEO,LS,Yer Bilimlerinde Tas. Geometri,,"Şenel Özdamar , / Gökhan Şans",MDB,Cuma,08:30/11:29,A301,60,44,,JEF_LS,,
21561,MDN 210,MDN,LS,Mineraloji ve Petrografi,,"Fatma Gülmez Yıldırım , / Mehmet Keskin",MDB,Cuma,08:30/12:29,B205,90,91,,"CHZ_LS, JEF_LS, MAD_LS",,
21562,MDN 210,MDN,LS,Mineraloji ve Petrografi,,Şenel Özdamar,MDB,Perşembe,08:30/12:29,A101,90,70,,"CHZ_LS, JEF_LS, MAD_LS",,
21563,JEO 315,JEO,LS,Jeolojide Arz. ve Hrta Tekn.,,"Hüsnü Serdar Akyüz , / Ufuk Tarı",MDB,Çarşamba,12:30/15:29,A301,50,46,,JEF_LS,,
21564,JEF 212E,JEF,LS,Data Processing,,Hüseyin Argun Kocaoğlu,MDB | MDB,Pazartesi | Cuma,10:30/12:29 | 14:30/16:29,A203 | B207,60,33,,"JEF_LS, JEF_YD, JEFE_LS",,
21565,JEF 208E,JEF,LS,Comp. Appl. in Geophy.,,"Seda Yolsal Çevikbilen , / Neslihan Ocakoğlu Gökaşan , / Doğa Doğan",MDB,Salı,08:30/11:29,B207,60,49,,"JEF_LS, JEF_YD, JEFE_LS",,
21566,JEF 222,JEF,LS,Arama Jeofiziğinin Temelleri,,Caner İmren,MDB,Salı,13:30/17:29,B206,70,66,,"JEF_LS, JEF_YD",,
21567,JEF 346,JEF,LS,Jeofizikte Ölçmeler,,Caner İmren,MDB,Perşembe,13:30/17:29,A105,60,30,,"JEF_LS, JEF_YD",,
21568,JEF 334,JEF,LS,Sismik Prospeksiyon,,Hülya Kurt,MDB | MDB,Pazartesi | Pazartesi,13:30/15:29 | 15:30/17:29,B204 | B207,60,47,,JEF_LS,,
21569,DAN 102,DAN,LS,Girişimcilik & Kariyer Danış.,,Abdullah Fişne,MDB,Çarşamba,15:30/17:29,A204,120,66,,MAD_LS,,
21570,JEF 331,JEF,LS,Elektromanyetik Prospeksiyon,,Ümit Avşar,MDB,Çarşamba,08:30/12:29,B206,60,55,,JEF_LS,,
21571,DAN 102,DAN,LS,Girişimcilik & Kariyer Danış.,,Ümit Avşar,MDB,Çarşamba,15:30/17:29,A102,50,39,,JEF_LS,,
21572,MAT 202E,MAT,LS,Numerical Methods,,Mustafa Emin Demirbağ,MDB,Cuma,08:30/11:29,A103,60,78,,"CHZ_LS, CHZE_LS, JEF_LS, JEFE_LS, MAD_LS, MADE_LS, MTO_LS, MTOE_LS, UCK_LS, UZB_LS, UZBE_LS",,
21573,JEF 322,JEF,LS,Jeomanyetizma,,Turgay İşseven,MDB,Cuma,09:30/12:29,A203,60,53,,JEF_LS,,
21574,JEF 364E,JEF,LS,Seismotectonics,,Seda Yolsal Çevikbilen,MDB,Salı,13:30/15:29,A204,25,23,,"JEF_LS, JEF_YD, JEFE_LS",,
21575,JEF 371,JEF,LS,Paleomanyetizma,,Turgay İşseven,MDB,Cuma,14:30/16:29,A205,20,17,,"JEF_LS, JEF_YD",,
21576,JEF 370,JEF,LS,Sismik Yorumlama,,-,MDB,Çarşamba,10:30/12:29,,0,0,,"JEF_LS, JEF_YD",,
21577,JEF 361E,JEF,LS,Marine Geophysics,,Mustafa Emin Demirbağ,MDB,Salı,08:30/10:29,A302,25,25,,"JEF_LS, JEF_YD, JEFE_LS",,
21579,JEF 363E,JEF,LS,Hydrocarbon Geophysics,,Neslihan Ocakoğlu Gökaşan,MDB,Perşembe,13:30/15:29,A301,20,14,,"JEF_LS, JEF_YD, JEFE_LS",,
21580,JEF 362E,JEF,LS,Groundwater Exploration,,Doğa Doğan,MDB,Cuma,08:30/10:29,A302,20,6,,"JEF_LS, JEF_YD, JEFE_LS",,
21581,JEF 360E,JEF,LS,Geodynamics,,Tuna Eken,MDB,Cuma,14:30/16:29,A203,20,5,,"JEF_LS, JEF_YD, JEFE_LS",,
21582,JEF 369E,JEF,LS,Environmental Geophysics,,Abdullah Karaman,MDB,Pazartesi,08:30/10:29,B206,20,7,,"JEF_LS, JEF_YD, JEFE_LS",,
21583,JEO 254,JEO,LS,Yapısal Jeolojiye Giriş,,İrem Elitez,MDB,Perşembe,13:30/15:29,A302,60,14,,JEF_LS,,
21586,JEF 4901,JEF,LS,Jeofizik Müh.Tasarım Projesi I,,Hülya Kurt,,,-/-,,100,7,,JEF_LS,,
21587,JEF 4902,JEF,LS,Jeofizik Müh.Tasarım Proje. II,,Hülya Kurt,,,-/-,,100,24,,JEF_LS,,
21589,JEF 4902E,JEF,LS,Geophysical Eng. Design Prj.II,,Hülya Kurt,,,-/-,,100,7,,"JEF_LS, JEFE_LS",,
21591,CHZ 214,CHZ,LS,Tanecik Teknolojisi,,"Gülay Bulut , / Şükriye Beste Aydın",MDB,Salı,08:30/12:29,A205,75,70,,"CHZ_LS, CHZ_YD",,
21592,CHZ 216,CHZ,LS,Fiziksel Zeng. Yöntemleri,,Alim Gül,MDB | MDB,Pazartesi | Çarşamba,11:30/13:29 | 13:30/15:29,A101 | A105,65,57,,"CHZ_LS, CHZ_YD",,
21593,CHZ 242,CHZ,LS,Proses Mineralojisi,,"Alim Gül , / Emin Çiftçi",MDB,Salı,13:30/16:29,A205,75,68,,"CHZ_LS, CHZ_YD",,
21594,CHZ 306,CHZ,LS,Cevher Haz.Akışkanlar Mek.,,Birgül Benli,MDB,Cuma,14:00/15:59,B208,75,63,,CHZ_LS,,
21595,CHZ 308,CHZ,LS,Cevher Hazırlamada İş Güven.,,Kudret Tahsin Perek,MDB,Salı,13:30/15:29,B208,50,45,,CHZ_LS,,
21596,CHZ 318,CHZ,LS,Endüstriyel Hammaddeler,,Murat Olgaç Kangal,MDB,Pazartesi,08:30/11:29,B204,80,72,,"CHZ_LS, CHZ_YD, MAD_LS, MAD_YD",,
21597,CHZ 328E,CHZ,LS,Comp. Appl. in Mineral Proces.,,Ayhan Ali Sirkeci,MDB,Çarşamba,08:30/11:29,B207,60,60,,"CHZ_LS, CHZ_YD, CHZE_LS",,
21598,CHZ 332E,CHZ,LS,Flotation and Flocculation,,Gülay Bulut,MDB,Perşembe,13:30/17:29,A201,60,50,,"CHZ_LS, CHZ_YD, CHZE_LS",,
21599,CHZ 352,CHZ,LS,Kömür Teknolojisi,,Mustafa Özer,MDB,Perşembe,11:30/13:29,A201,50,41,,"CHZ_LS, CHZ_YD",,
21600,CHZ 358E,CHZ,LS,Perform. Eva.in Coal Prp.Plnts,,Feridun Boylu,MDB,Cuma,10:30/12:29,A302,35,24,,"CHZ_LS, CHZ_YD",,
21601,CHZ 320E,CHZ,LS,Metallurgy II,,-,MDB,Çarşamba,13:30/15:29,,0,0,,"CHZ_LS, CHZE_LS",,
21602,CHZ 424,CHZ,LS,Cev.Haz.Tesis Yönetimi ve Ekon,,Kudret Tahsin Perek,MDB,Pazartesi,13:30/15:29,A203,60,58,,CHZ_LS,,
21603,CHZ 432,CHZ,LS,Cevher Haz. Tesis Tasarımı,,Hüseyin Baştürkcü,MDB,Salı,08:30/12:29,B204,60,53,,"CHZ_LS, CHZ_YD",,
21604,CHZ 446,CHZ,LS,İleri Teknoloji Hammaddeleri,,Şükriye Beste Aydın,MDB,Cuma,08:30/10:29,B204,35,36,,CHZ_LS,,
21605,CHZ 450,CHZ,LS,Agrega Haz. ve Teknolojisi,,Orhan Özdemir,MDB,Cuma,08:30/10:29,B208,35,17,,CHZ_LS,,
21606,CHZ 412,CHZ,LS,Susuzlandırma ve Kurutma,,Orhan Özdemir,MDB,Perşembe,08:30/10:29,B204,65,53,,CHZ_LS,,
21607,CHZ 458E,CHZ,LS,Remdtn of Indus.&Minerl Wastes,,Fırat Burat,MDB,Cuma,14:00/15:59,B205,40,36,,"CHZ_LS, CHZE_LS",,
21608,CHZ 492,CHZ,LS,Bitirme Çalışması,,Murat Olgaç Kangal,,,-/-,,10,1,,CHZ_LS,,
21609,CHZ 492E,CHZ,LS,Graduation Thesis,,-,,,-/-,,0,0,,"CHZ_LS, CHZE_LS",,
21610,CHZ 4901,CHZ,LS,Cevher Hazırl. Müh. Tasarımı I,,Murat Olgaç Kangal,,,-/-,,200,9,,CHZ_LS,,
21611,CHZ 4902,CHZ,LS,Cevher Hazırl. Müh.Tasarımı II,,Murat Olgaç Kangal,,,-/-,,200,40,,CHZ_LS,,
21612,DAN 102,DAN,LS,Girişimcilik & Kariyer Danış.,,Kudret Tahsin Perek,MDB,Çarşamba,15:30/17:29,A203,200,51,,CHZ_LS,,
21613,MAT 202,MAT,LS,Sayısal Yöntemler,,Birgül Benli,MDB,Pazartesi,14:30/17:29,B205,70,74,,"CEV_LS, CHZ_LS, CHZ_YD, MAD_LS, PET_LS",,
21614,PET 212E,PET,LS,Rock Properties,,Hasan Özgür Yıldız,MDB,Çarşamba,08:30/11:29,A203,80,72,,"PET_LS, PET_YD, PETE_LS",,
21615,ETK 101,ETK,LS,Mühendislik Etiği,,Türker Hüdaverdi,MDB,Çarşamba,13:30/14:29,A201,80,60,,"JEF_LS, MAD_LS",,
21616,PET 310E,PET,LS,Drilling&Completion Fluids Lab,,Yıldıray Palabıyık,MDB,Pazartesi,12:30/14:29,,13,12,,"PET_LS, PET_YD, PETE_LS",,
21617,MAT 210E,MAT,LS,Engineering Mathematics,,Kürşat Hasözdemir,MDB,Çarşamba,11:30/15:29,A205,65,82,,"CHZ_LS, CHZE_LS, JEF_LS, JEFE_LS, JEO_LS, JEOE_LS, MAD_LS, MADE_LS",,
21618,MAT 210E,MAT,LS,Engineering Mathematics,,Kürşat Hasözdemir,MDB,Cuma,08:30/12:29,A205,65,66,,"CHZ_LS, CHZE_LS, JEF_LS, JEFE_LS, JEO_LS, JEOE_LS, MAD_LS, MADE_LS",,
21619,MDN 271,MDN,LS,Olasılık ve İstatistik,,Ömür Acaroğlu Ergün,MDB,Pazartesi,08:30/11:29,A102,70,62,,MAD_LS,,
21620,MDN 210,MDN,LS,Mineraloji ve Petrografi,,Şenel Özdamar,MDB,Perşembe,13:30/17:29,A101,60,48,,"CHZ_LS, JEF_LS, MAD_LS",,
21622,MAD 243,MAD,LS,Yeraltı Maden İşletmeciliği,,Muhammet Mustafa Kahraman,MDB,Pazartesi,11:30/14:29,A105,90,85,,"MAD_LS, MAD_YD",,
21623,MAD 302E,MAD,LS,Mining and Environment,,Türker Hüdaverdi,MDB,Çarşamba,08:30/10:29,A201,55,48,,"MAD_LS, MADE_LS",,
21624,PET 310E,PET,LS,Drilling&Completion Fluids Lab,,Yıldıray Palabıyık,MDB,Salı,12:30/14:29,,13,14,,"PET_LS, PET_YD, PETE_LS",,
21625,PET 310E,PET,LS,Drilling&Completion Fluids Lab,,Yıldıray Palabıyık,MDB,Çarşamba,09:30/11:29,,13,13,,"PET_LS, PET_YD, PETE_LS",,
21626,PET 310E,PET,LS,Drilling&Completion Fluids Lab,,Yıldıray Palabıyık,MDB,Perşembe,10:30/12:29,,13,13,,"PET_LS, PET_YD, PETE_LS",,
21627,PET 310E,PET,LS,Drilling&Completion Fluids Lab,,Yıldıray Palabıyık,MDB,Cuma,09:30/11:29,,13,11,,"PET_LS, PET_YD, PETE_LS",,
21628,PET 332E,PET,LS,Prod. Eng.&Surface Facilities,,İhsan Burak Kulga,MDB,Perşembe,14:30/17:29,B208,80,70,,"PET_LS, PET_YD, PETE_LS",,
21629,PET 338E,PET,LS,App.Subs.Geo.for Oil&Gas Res.,,Yıldıray Palabıyık,MDB,Çarşamba,12:30/15:29,A204,60,53,,"PET_LS, PET_YD, PETE_LS",,
21630,PET 346E,PET,LS,Safety & Envirnmntl Protection,,İbrahim Metin Mıhçakan,MDB,Cuma,14:00/16:59,B204,70,58,,"PET_LS, PET_YD, PETE_LS",,
21631,MAD 308,MAD,LS,Cevher Hazırlama II,,Alim Gül,MDB | MDB,Çarşamba | Perşembe,11:30/12:29 | 11:30/13:29,B204 | A102,70,62,,MAD_LS,,
21632,MAD 304E,MAD,LS,Drilling Techniques,,Hasan Ergin,MDB,Salı,08:30/11:29,A202,60,46,,"MAD_LS, MADE_LS",,
21633,PET 407E,PET,LS,Geothermal Engineering,,Emine Didem Korkmaz Başel,MDB,Salı,13:30/16:29,B204,70,69,,"PET_LS, PET_YD, PETE_LS",,
21634,MAD 322E,MAD,LS,Dsgn of Sup in Mines & Tunnels,,Hakan Tunçdemir,MDB,Pazartesi,11:30/14:29,B207,60,49,,"MAD_LS, MAD_YD",,
21635,PET 417E,PET,LS,Flow Through Porous Media,,Hasan Özgür Yıldız,MDB,Salı,08:30/11:29,B206,80,67,,"PET_LS, PET_YD, PETE_LS",,
21636,PET 431E,PET,LS,Natural Gas Systems Eng.,,Şenol Yamanlar,MDB | MDB,Pazartesi | Salı,14:30/16:29 | 11:30/12:29,A202 | A202,70,66,,"PET_LS, PET_YD, PETE_LS",,
21637,PET 433E,PET,LS,Well Control,,Gürşat Altun,MDB,Pazartesi,08:30/11:29,A205,20,10,,"PET_LS, PET_YD, PETE_LS",,
21638,PET 434E,PET,LS,Project Management in PANGE,,Hamit Topuz,MDB,Perşembe,13:30/16:29,B204,20,21,,"PET_LS, PET_YD, PETE_LS",,
21639,PET 440E,PET,LS,Geostatistics,,Ömer İnanç Türeyen,MDB,Pazartesi,08:30/11:29,A103,80,63,,"PET_LS, PETE_LS",,
21640,PET 457E,PET,LS,Individual Study,,Yiğit Altunal,MDB,Perşembe,08:30/11:29,A205,20,21,,"PET_LS, PET_YD, PETE_LS",,
21641,PET 468E,PET,LS,Natural Gas Processing Eng.,,Gültekin Çınar,MDB,Salı,08:30/11:29,B205,20,22,,"PET_LS, PET_YD, PETE_LS",,
21642,PET 467E,PET,LS,Anly. of Well Pressure Tests,,Murat Çınar,MDB,Cuma,08:30/11:29,A102,20,5,,"PET_LS, PET_YD, PETE_LS",,
21643,PET 4902E,PET,LS,Petr. & Nat.Gas Eng. Design II,,Murat Çınar,,,-/-,,100,53,,"PET_LS, PET_YD, PETE_LS",,
21644,ETK 101E,ETK,LS,Engineering Ethics,,İbrahim Metin Mıhçakan,MDB,Çarşamba,13:30/14:29,B204,70,60,,PETE_LS,,
21645,MAT 202E,MAT,LS,Numerical Methods,,İhsan Burak Kulga,MDB,Salı,13:30/16:29,B205,70,70,,PETE_LS,,
21646,DAN 102,DAN,LS,Girişimcilik & Kariyer Danış.,,Murat Çınar,MDB,Çarşamba,15:30/17:29,A103,80,63,,"PET_LS, PET_YD, PETE_LS",,
21647,MAD 342E,MAD,LS,Hydraulic Power Sys in Mining,,Deniz Tumaç,MDB,Salı,11:30/13:29,A105,70,58,,"MAD_LS, MADE_LS",,
21648,MAD 406,MAD,LS,Madenlerde İş Sağlığı ve Güv.,,Abdullah Fişne,MDB,Salı,13:30/15:29,A201,50,60,,MAD_LS,,
21649,MAD 422E,MAD,LS,Mine Planing and Design,,Cüneyt Atilla Öztürk,MDB,Cuma,14:00/17:59,A204,55,46,,MAD_LS,,
21650,MAD 432,MAD,LS,Maden. ve Tünellerde Kazı Mek.,,"Hanifi Çopur , / Cemal Balcı",MDB,Cuma,08:30/11:29,A201,65,53,,MAD_LS,,
21651,MAD 436,MAD,LS,Maden Ekonomisi,,Cüneyt Atilla Öztürk,MDB,Perşembe,08:30/10:29,A102,80,60,,MAD_LS,,
21652,MAD 438E,MAD,LS,Tunneling,,"Hanifi Çopur , / Deniz Tumaç",MDB,Salı,08:30/10:29,A201,60,40,,"MAD_LS, MAD_YD",,
21653,MAD 467,MAD,LS,Jeoloji Haritaları,,Ufuk Tarı,MDB,Pazartesi,08:30/11:29,A301,30,17,,MAD_LS,,
21654,JEO 406E,JEO,LS,Fossil Fuels Geology,,"Sedat İnan , / Zeynep Döner",MDB,Perşembe,11:30/14:29,A202,60,15,,"JEO_LS, JEOE_LS",,
21655,MAD 446E,MAD,LS,Computer Aided Mine Design,,Kürşat Hasözdemir,MDB,Çarşamba,08:30/11:29,A301,14,14,,"MAD_LS, MAD_YD, MADE_LS",,
21656,MAD 446E,MAD,LS,Computer Aided Mine Design,,Kürşat Hasözdemir,MDB,Perşembe,13:30/16:29,B205,14,14,,"MAD_LS, MAD_YD, MADE_LS",,
21657,JEO 408,JEO,LS,Jeoloji Mühendisliğinde Seçmeli Konular,,Şenel Özdamar,MDB,Pazartesi,11:30/17:29,A103,100,8,,JEO_LS,,
21658,MAD 4901,MAD,LS,Maden Müh.Tasarım Projesi I,,Türker Hüdaverdi,,,-/-,,500,9,,MAD_LS,,
21659,JEO 408E,JEO,LS,Selected Topics in Geological Engineering,,Alp Ünal,MDB | MDB,Cuma | Cuma,08:30/12:29 | 14:30/16:29,,100,3,,"JEO_LS, JEOE_LS",,
21660,MAD 4902,MAD,LS,Maden Müh.Tasarım Projesi II,,Türker Hüdaverdi,,,-/-,,500,41,,MAD_LS,,
21661,JEO 409,JEO,LS,Türkiye Jeolojisi,,Cenk Yaltırak,MDB,Çarşamba,12:30/14:29,A102,60,42,,"JEO_LS, JEO_YD",,
21662,MAD 492,MAD,LS,Bitirme Çalışması,,Türker Hüdaverdi,,,-/-,,500,2,,MAD_LS,,
21664,JEO 492,JEO,LS,Bitirme Tasarım Projesi,,Şenel Özdamar,,,-/-,,100,1,,JEO_LS,,
21666,ETK 101,ETK,LS,Mühendislik Etiği,,Yüksel Örgün Tutay,MDB,Çarşamba,10:30/11:29,A201,70,8,,JEO_LS,,
21667,JEO 4901,JEO,LS,Jeoloji Müh. Tasarımı I,,Ömer Ündül,,,-/-,,100,5,,"JEO_LS, JEO_YD",,
21669,JEO 4902,JEO,LS,Jeoloji Müh. Tasarımı II,,Şenel Özdamar,,,-/-,,100,42,,"JEO_LS, JEO_YD",,
21670,JEO 4902E,JEO,LS,Geological Engin. Design II,,Ömer Ündül,,,-/-,,100,4,,"JEO_LS, JEO_YD, JEOE_LS",,
21672,JEO 456E,JEO,LS,Geomicrobiology,,Nurgül Çelik Balcı,MDB,Çarşamba,08:30/10:29,,20,2,,"JEO_LS, JEOE_LS",,
21673,ETK 101E,ETK,LS,Engineering Ethics,,Macid Fikret Suner,MDB,Çarşamba,14:30/15:29,A101,70,1,,"JEO_LS, JEOE_LS",,
21674,JEO 454E,JEO,LS,Mineral Explorations,,"Emin Çiftçi , / Hüseyin Kocatürk",MDB,Çarşamba,08:30/10:29,,20,12,,"JEO_LS, JEOE_LS",,
21675,JEO 494E,JEO,LS,Marine Geology,,"Gülsen Uçarkuş , / Kürşad Kadir Eriş",MDB,Salı,13:30/15:29,A302,20,20,,"JEO_LS, JEOE_LS",,
21676,BIL 113E,BIL,LS,Intr.to Sci& Eng.Comp.(MATLAB),,Ahmet Murat Akoğlu,MDB,Pazartesi,08:30/11:29,B207,55,44,,"JEO_LS, JEOE_LS",,
21677,JEO 464E,JEO,LS,Geothermal Systems,,-,MDB,Salı,13:30/15:29,,0,0,,"JEO_LS, JEOE_LS",,
21678,JEO 204E,JEO,LS,Petrog. of Magmatic Rocks,,Mehmet Keskin,MDB,Salı,08:30/11:29,A105,40,26,,"JEO_LS, JEO_YD, JEOE_LS",,
21679,JEO 422E,JEO,LS,Neotectonics,,-,MDB,Cuma,10:30/12:29,,0,0,,"JEO_LS, JEOE_LS",,
21680,JEO 204E,JEO,LS,Petrog. of Magmatic Rocks,,"Şafak Altunkaynak , / Alp Ünal",MDB,Salı,13:30/16:29,A102,40,40,,"JEO_LS, JEO_YD, JEOE_LS",,
21681,JEO 496E,JEO,LS,Selected Topics in Geology,,Nurgül Çelik Balcı,MDB,Perşembe,14:30/16:29,A103,20,7,,"JEO_LS, JEOE_LS",,
21682,JEO 462E,JEO,LS,Energy Raw Materials,,"Sedat İnan , / Zeynep Döner",MDB,Salı,11:30/13:29,B206,20,9,,"JEO_LS, JEOE_LS",,
21683,JEO 211,JEO,LS,Mineraloji,,"Şenel Özdamar , / Bala Ekinci Şans",MDB,Pazartesi,08:30/11:29,A302,30,33,,"JEO_LS, JEO_YD",,
21684,JEO 211,JEO,LS,Mineraloji,,"Zekiye Karacık , / Fatma Gülmez Yıldırım",MDB,Perşembe,14:30/17:29,A202,30,18,,JEO_LS,,
21685,JEO 466E,JEO,LS,Precious Metals & Mining,,-,MDB,Cuma,08:30/10:29,,0,0,,"JEO_LS, JEOE_LS",,
21686,JEO 468E,JEO,LS,Base Metals and Mining,,-,MDB,Cuma,10:30/12:29,,0,0,,"JEO_LS, JEOE_LS",,
21687,JEO 256E,JEO,LS,Structural Geology,,Borıs Natalın,MDB,Çarşamba,12:30/15:29,B205,90,89,,"JEO_LS, JEO_YD, JEOE_LS",,
21688,MAL 201E,MAL,LS,Materials Science,,Emin Çiftçi,MDB,Cuma,09:30/12:29,A202,70,76,,"CHZ_LS, CHZE_LS, JEO_LS, JEOE_LS, MAD_LS, MADE_LS, PET_LS, PETE_LS",,
21689,DAN 102,DAN,LS,Girişimcilik & Kariyer Danış.,,Zeynep Döner,MDB,Çarşamba,15:30/17:29,A101,100,45,,JEO_LS,,
21690,JEO 262E,JEO,LS,Stratigraphy,,Borıs Natalın,MDB,Perşembe,08:30/10:29,A201,73,54,,"JEO_LS, JEO_YD, JEOE_LS",,
21691,JEO 311,JEO,LS,Şev Stabilitesi Analizleri,,Erkan Bozkurtoğlu,MDB,Perşembe,13:30/16:29,B206,20,8,,JEO_LS,,
21692,JEO 312,JEO,LS,Saha Jeoloji,,Cengiz Zabcı,MDB,Pazartesi,13:30/17:29,A204,60,7,,"JEO_LS, JEO_YD",,
21693,JEO 359,JEO,LS,Saha Jeolojisi,,Gürsel Sunal,MDB,Pazartesi,13:30/16:29,A205,60,33,,"JEO_LS, JEO_YD",,
21694,JEO 322,JEO,LS,Hidrojeoloji,,Erkan Bozkurtoğlu,MDB,Salı,08:30/12:29,A203,60,21,,"JEO_LS, JEO_YD",,
21695,JEO 362,JEO,LS,Hidrojeoloji,,İrfan Yolcubal,MDB,Salı,08:30/12:29,A204,60,45,,"JEO_LS, JEO_YD",,
21696,JEO 330,JEO,LS,Maden Yatakları,,"Emin Çiftçi , / Mustafa Kaya",MDB,Pazartesi,08:30/12:29,B208,60,50,,JEO_LS,,
21697,JEO 335,JEO,LS,Uygulamalı Zemin Mekaniği,,Erkan Bozkurtoğlu,MDB,Perşembe,08:30/11:29,A301,25,21,,JEO_LS,,
21698,JEO 348,JEO,LS,Sedimenter Kayaç Petrografisi,,"Hüsnü Serdar Akyüz , / Ümmühan Sadet Sancar",MDB,Cuma,08:30/11:29,B206,30,14,,"JEO_LS, JEO_YD",,
21699,JEO 348,JEO,LS,Sedimenter Kayaç Petrografisi,,"Kürşad Kadir Eriş , / Nurettin Yakupoğlu",MDB,Çarşamba,08:30/11:29,A302,35,35,,"JEO_LS, JEO_YD",,
21700,JEO 355E,JEO,LS,Sedimentology,,Gülsen Uçarkuş,MDB,Çarşamba,09:30/11:29,B204,70,66,,"JEO_LS, JEO_YD, JEOE_LS",,
21701,JEO 357E,JEO,LS,Experimental Rock Mechanics,,-,MDB,Cuma,14:30/17:29,,0,0,,"JEO_LS, JEOE_LS",,
21702,JEO 386E,JEO,LS,Applied Geophysics,,Ahmet Murat Akoğlu,MDB,Salı,14:30/17:29,B207,20,10,,"JEO_LS, JEOE_LS",,
21703,JEO 391,JEO,LS,Zemin Mekaniğine Giriş,,Erkan Bozkurtoğlu,MDB,Salı,14:30/17:29,A202,25,18,,JEO_LS,,
21704,JEO 449E,JEO,LS,Chrc.of Disc.Medi-Mch.&Hyd.Pr.,,-,MDB,Perşembe,13:30/16:29,,0,0,,"JEO_LS, JEOE_LS",,
21705,DAN 102,DAN,LS,Girişimcilik & Kariyer Danış.,,İsmail Yalçın Uralcan,MKB,Çarşamba,15:30/17:29,A201,500,247,,"IML_LS, MAK_LS",,
21761,CAB 1102,CAB,LS,Keman II,,Ahmet Hakan Şensoy,TMB,Pazartesi,13:30/15:29,,5,3,,"MTR_LS, MUT_LS, MUZ_LS, MZT_LS",,
21762,CAB 1102,CAB,LS,Keman II,,Pınar Tezişçi Özmenay,TMB,Pazartesi,15:30/17:29,,5,1,,"MTR_LS, MUT_LS, MUZ_LS, MZT_LS",,
21764,CAB 352,CAB,LS,Kanun VI,,Safinaz Rizeli,TMB,Salı,15:30/17:29,,5,2,,"MTR_LS, SES_LS",,
21770,JEO 398E,JEO,LS,Well Logging,,Sedat İnan,MDB,Cuma,14:30/17:29,A301,40,38,,"JEO_LS, JEOE_LS",,
21771,MAT 115E,MAT,LS,Intro. to Programming Language,,Evren Tanrıöver,FEB,Pazartesi,08:30/12:29,OBL3,30,29,,MAT_LS,,
21772,MAT 115E,MAT,LS,Intro. to Programming Language,,Burcu Tunga,FEB,Pazartesi,13:30/17:29,OBL3,30,13,,MAT_LS,,
21773,MAT 117,MAT,LS,Matematik Müh. Giriş ve Etik,,Sevgi Harman,FEB,Çarşamba,13:30/15:29,D204,80,27,,MAT_LS,,
21774,MAT 185,MAT,LS,Matematik I,,-,FEB | FEB,Salı | Cuma,14:30/17:29 | 14:00/15:59,,0,0,,MAT_LS,,
21775,DAN 102,DAN,LS,Girişimcilik & Kariyer Danış.,,İzzet Göksel,FEB,Çarşamba,15:30/17:29,D204,160,121,,MAT_LS,,
21776,MAT 116E,MAT,LS,Advanced Sci. & Eng. Computing,,Nalan Antar,FEB | FEB,Çarşamba | Cuma,10:30/12:29 | 10:30/12:29,OBL3 | OBL3,40,30,,MAT_LS,,
21777,MAT 116E,MAT,LS,Advanced Sci. & Eng. Computing,,İlkay Bakırtaş Akar,FEB | FEB,Çarşamba | Cuma,08:30/10:29 | 08:30/10:29,OBL3 | OBL3,40,26,,MAT_LS,,
21778,MAT 148,MAT,LS,Ayrık Matematik,,Saadet Seher Özer,FEB,Perşembe,08:30/11:29,D205,60,25,,MAT_LS,,
21779,MAT 148E,MAT,LS,Discrete Mathematics,,Burak Yıldıran Stodolsky,FEB,Perşembe,08:30/11:29,D304,70,72,,MAT_LS,,
21781,MAT 186E,MAT,LS,Mathematics II,,Elif Canfes,FEB | FEB,Salı | Cuma,14:30/17:29 | 14:00/15:59,D103 | D103,51,42,,MAT_LS,,
21782,MAT 221,MAT,LS,Olasılık Teorisi,,Bahri Güldoğan,FEB,Salı,08:30/11:29,D203,60,19,,MAT_LS,,
21783,MAT 287,MAT,LS,Matematik III,,Fatma Özdemir,FEB | FEB,Pazartesi | Çarşamba,14:30/17:29 | 13:30/15:29,D202 | D202,65,63,,"MAT_LS, MAT_YD_EC, MAT_YD_TE, MAT_YD_UY",,
21784,MAT 226,MAT,LS,Veri Yapıları,,Evren Tanrıöver,FEB,Perşembe,08:30/11:29,D103,55,55,,MAT_LS,,
21785,MAT 226E,MAT,LS,Data Structures,,İzzet Göksel,FEB,Perşembe,08:30/11:29,D104,55,50,,MAT_LS,,
21786,MAT 234,MAT,LS,Kısmi Diferansiyel Denklemler,,Ayşe Peker,FEB,Cuma,09:30/12:29,D103,70,71,,"MAT_LS, MAT_YD_UY",,
21787,MAT 234E,MAT,LS,Partial Differential Equations,,Cihangir Özemir,FEB,Cuma,09:30/12:29,D102,70,61,,"MAT_LS, MAT_YD_UY",,
21788,MAT 244,MAT,LS,İstatistik,,Bahri Güldoğan,FEB,Pazartesi,08:30/11:29,D203,80,59,,MAT_LS,,
21789,MAT 244E,MAT,LS,Statistics,,Atabey Kaygun,MED,Pazartesi,08:30/11:29,A35,80,81,,MAT_LS,,
21790,MAT 264E,MAT,LS,Computational Mathematics,,Gülçin Mihriye Muslu,FEB,Salı,11:30/14:29,D203,75,75,,"MAT_LS, MAT_YD_UY",,
21791,MAT 264E,MAT,LS,Computational Mathematics,,Ahmet Kırış,FEB,Salı,11:30/14:29,D104,75,63,,"MAT_LS, MAT_YD_UY",,
21792,MAT 272E,MAT,LS,Advanced Mathematics,,Nurhan Çolakoğlu,FEB,Çarşamba,08:30/11:29,D102,70,70,,"MAT_LS, MAT_YD_TE",,
21793,MAT 272E,MAT,LS,Advanced Mathematics,,Nurettin Cenk Turgay,FEB,Çarşamba,08:30/11:29,D103,70,59,,"MAT_LS, MAT_YD_TE",,
21794,MAT 324E,MAT,LS,Algebra,,Ergün Yaraneri,FEB,Salı,08:30/11:29,D104,65,54,,"MAT_LS, MAT_YD_TE",,
21795,MAT 324E,MAT,LS,Algebra,,Sevgi Harman,FEB,Salı,08:30/11:29,D102,65,65,,"MAT_LS, MAT_YD_TE",,
21796,MAT 342E,MAT,LS,Differential Geometry,,Güler Arsan,FEB,Perşembe,11:30/14:29,D104,60,60,,"MAT_LS, MAT_YD_TE",,
21797,MAT 342E,MAT,LS,Differential Geometry,,Gülçin Çivi Bilir,FEB,Perşembe,11:30/14:29,D103,60,48,,"MAT_LS, MAT_YD_TE",,
21798,MAT 374,MAT,LS,Hes. Sürekli Ortamlar Mekaniği,,Ahmet Kırış,FEB,Pazartesi,11:30/14:29,D203,60,48,,MAT_LS,,
21799,MAT 374,MAT,LS,Hes. Sürekli Ortamlar Mekaniği,,Rahmiye Ergün,FEB,Pazartesi,11:30/14:29,D103,60,61,,MAT_LS,,
21804,MAT 417E,MAT,LS,Theory of Surfaces,,-,FEB,Perşembe,14:30/17:29,,0,0,,MAT_LS,,
21805,MAT 423E,MAT,LS,Numerical Solutions of ODE,,Semra Ahmetolan,FEB,Salı,14:30/17:29,D106,25,18,,MAT_LS,,
21806,MAT 425E,MAT,LS,Stochastic ODE,,-,FEB,Pazartesi,14:30/17:29,,0,0,,MAT_LS,,
21807,MAT 428E,MAT,LS,Functional Analysis,,-,FEB,Perşembe,14:30/17:29,,0,0,,MAT_LS,,
21808,MAT 438,MAT,LS,Matematik Tarihi,,Muhammed Kurulay,FEB,Pazartesi,14:30/17:29,D206,25,26,,MAT_LS,,
21810,MAT 448E,MAT,LS,Number Theory,,Burak Yıldıran Stodolsky,FEB,Perşembe,14:30/17:29,D103,25,22,,MAT_LS,,
21811,MAT 455E,MAT,LS,Topology,,Ergün Yaraneri,FEB,Cuma,14:00/16:59,D201,40,7,,MAT_LS,,
21812,MAT 468E,MAT,LS,Nonlinear Waves,,-,FEB,Cuma,14:00/16:59,,0,0,,MAT_LS,,
21813,MAT 485E,MAT,LS,Graph Theory,,Burak Yıldıran Stodolsky,FEB,Salı,14:30/17:29,D304,30,25,,MAT_LS,,
21814,MAT 488E,MAT,LS,Numerical Solutions of PDE,,Ersin Özuğurlu,FEB,Çarşamba,12:30/15:29,OBL3,25,19,,MAT_LS,,
21815,MAT 497E,MAT,LS,Tensor Analysis,,Füsun Zengin,FEB,Pazartesi,14:30/17:29,D101,20,7,,"MAT_LS, MAT_YD_UY",,
21816,MYZ 309E,MYZ,LS,Artificial Intelligence in Mathematical Engineering,,Atabey Kaygun,FEB,Salı,14:30/17:29,D203,20,18,,MAT_LS,,
21817,MAT 4901,MAT,LS,Matematik Müh. Tasarımı I,,Fuat Ergezen,,,-/-,,40,21,,MAT_LS,,
21818,MAT 4901E,MAT,LS,Math. Engineering Design I,,Fuat Ergezen,,,-/-,,40,11,,MAT_LS,,
21819,MAT 472E,MAT,LS,Computational Finance,,Ahmet Duran,MED,Perşembe,14:30/17:29,A13,80,28,,MAT_LS,,
21820,MAT 4902,MAT,LS,Matematik Müh. Tasarımı II,,Fuat Ergezen,,,-/-,,70,31,,MAT_LS,,
21821,MAT 4902E,MAT,LS,Math. Engineering Design II,,Fuat Ergezen,,,-/-,,70,25,,MAT_LS,,
21822,MAD 434,MAD,LS,Maden Hukuku,,"Mahmut Kabakcı , / Mahmut Alper Kılıç",MDB,Salı,15:30/17:29,A201,60,51,,MAD_LS,,
21823,MAT 492,MAT,LS,Bitirme Çalışması,,Fuat Ergezen,,,-/-,,5,2,,MAT_LS,,
21824,MAT 492E,MAT,LS,Graduation Project,,-,,,-/-,,0,0,,MAT_LS,,
21825,MTH 102,MTH,LS,Calculus II,,-,KMB | KMB,Pazartesi | Salı,15:30/17:29 | 08:30/11:29,,0,0,,MBI_LS,,
21826,MTH 102,MTH,LS,Calculus II,,Samet Yücel Kadıoğlu,BBB | BBB,Pazartesi | Salı,15:30/17:29 | 08:30/11:29,101 | 101,30,30,,"MBI_LS, SBL_LS",,
21827,MTH 104,MTH,LS,Calculus II,,Ahmet Kırış,FEB | FEB,Pazartesi | Salı,15:30/17:29 | 08:30/11:29,L400 | L400,30,25,,SED_LS,,
21833,MTH 105,MTH,LS,Calculus I,,Burhaneddin İzgi,FEB,Salı,08:30/11:29,B1_226,20,6,,SIS_LS,,
21834,MTH 106,MTH,LS,Calculus II,,Cihangir Özemir,EEB,Salı,08:30/11:29,Z1,30,21,,SIS_LS,,
21835,MTH 108,MTH,LS,Calculus II,,Nurhan Çolakoğlu,INB | MEDC,Pazartesi | Salı,14:30/17:29 | 08:30/11:29,B102 | 1D9,35,36,,"SGI_LS, SIN_LS",,
21836,MTH 108,MTH,LS,Calculus II,,-,INB | INB,Pazartesi | Salı,09:30/12:29 | 08:30/11:29,,0,0,,SIN_LS,,
21837,MTH 132,MTH,LS,Mathematics II,,Elif Canfes,EEB | EEB,Pazartesi | Salı,15:30/17:29 | 08:30/11:29,1301 | 5303,20,17,,EHN_LS,,
21838,DAN 102,DAN,LS,Girişimcilik & Kariyer Danış.,,-,FEB,Çarşamba,15:30/17:29,,0,0,,"ARC_LS, CEN_LS, EEE_LS, EFN_LS, IAD_LS, IND_LS, MMD_LS, NAE_LS",,
21839,MAT 271E,MAT,LS,Probability and Statistics,,Mehmet Ali Karaca,MEDC,Çarşamba,08:30/11:29,1D6,128,128,,"CEN_LS, MEN_LS, MMD_LS, MTM_LS, NAE_LS",,
21840,MTH 118,MTH,LS,Mathematics II,,-,MED | MEDC,Pazartesi | Salı,15:30/17:29 | 08:30/11:29,,0,0,,NAE_LS,,
21841,MTH 204,MTH,LS,Linear Algebra,,Güler Arsan,FEB,Pazartesi,14:30/17:29,D201,30,13,,"ARC_LS, NAE_LS",,
21842,DAN 102,DAN,LS,Girişimcilik & Kariyer Danış.,,Alper Gürarslan,MKB,Çarşamba,15:30/17:29,D331,100,68,,"TEK_LS, TEK_YD, TEKE_LS",,
21843,PAZ 231,PAZ,LS,Macroeconomics,,Ahmet Atıl Aşıcı,MKB,Perşembe,13:30/16:29,D381A,30,29,,STP_LS,,
21844,FIZ 113,FIZ,LS,Genel Fizik I,,Sevtap Yıldız Özbek,FEB | FEB | FEB,Pazartesi | Çarşamba | Cuma,08:30/10:29 | 08:30/10:29 | 08:30/09:29,D206 | D206 | D206,50,30,,"FIZ_LS, FIZ_YD",,
21845,FIZ 116,FIZ,LS,Genel Fizik II,,Hakan Özgür Özer,FEB | FEB | FEB,Pazartesi | Çarşamba | Cuma,08:30/10:29 | 08:30/10:29 | 08:30/09:29,D104 | D104 | D104,75,50,,"FIZ_LS, FIZ_YD",,
21846,FIZ 116EL,FIZ,LS,General Physics II Laboratory,,Hakan Özgür Özer,FEB,Çarşamba,11:30/13:29,,30,12,,FIZ_LS,,
21847,FIZ 116EL,FIZ,LS,General Physics II Laboratory,,Hakan Özgür Özer,FEB,Çarşamba,13:30/15:29,,35,35,,FIZ_LS,,
21848,FIZ 210,FIZ,LS,Fizikte Matematiksel Yöntemlere Giriş,,Ali Yıldız,FEB | FEB,Pazartesi | Cuma,10:30/12:29 | 09:30/11:29,D204 | D204,75,50,,FIZ_LS,,
21849,FIZ 214,FIZ,LS,Dalgalar Fiziği,,Ali Gelir,FEB | FEB | FEB,Pazartesi | Çarşamba | Cuma,08:30/10:29 | 08:30/10:29 | 08:30/09:29,D205 | D205 | D205,90,51,,"FIZ_LS, FIZ_YD",,
21850,FIZ 215,FIZ,LS,Modern Fizik,,Seda Aksoy Esinoğlu,FEB | FEB | FEB,Pazartesi | Çarşamba | Cuma,08:30/10:29 | 08:30/10:29 | 08:30/09:29,D204 | D204 | D204,90,53,,FIZ_LS,,
21851,FIZ 215EL,FIZ,LS,Modern Physics Laboratory,,Seda Aksoy Esinoğlu,FEB,Pazartesi,15:30/17:29,,22,22,,"FIZ_LS, FIZE_LS",,
21852,FIZ 215EL,FIZ,LS,Modern Physics Laboratory,,Seda Aksoy Esinoğlu,FEB,Salı,15:30/17:29,,22,22,,"FIZ_LS, FIZE_LS",,
21853,FIZ 215EL,FIZ,LS,Modern Physics Laboratory,,Seda Aksoy Esinoğlu,FEB,Perşembe,13:30/15:29,,22,22,,"FIZ_LS, FIZE_LS",,
21854,FIZ 272E,FIZ,LS,Computatnl Methods in Physics,,Tolga Birkandan,FEB | FEB,Salı | Perşembe,08:30/10:29 | 08:30/10:29,OBL3 | OBL3,40,20,,"FIZ_LS, FIZ_YD, FIZE_LS",,
21855,FIZ 272E,FIZ,LS,Computatnl Methods in Physics,,Tolga Birkandan,FEB | FEB,Salı | Perşembe,11:30/13:29 | 11:30/13:29,OBL3 | OBL3,55,56,,"FIZ_LS, FIZ_YD, FIZE_LS",,
21856,FIZ 274,FIZ,LS,Fizikçiler için Termodinamik,,Sevim İşçi Turutoğlu,FEB | FEB,Salı | Çarşamba,13:30/15:29 | 11:30/13:29,D202 | D103,110,106,,FIZ_LS,,
21857,FIZ 274EL,FIZ,LS,Termodynamics Laboratory,,Sevim İşçi Turutoğlu,FEB,Çarşamba,13:30/15:29,,34,34,,"FIZ_LS, FIZE_LS",,
21858,FIZ 274EL,FIZ,LS,Termodynamics Laboratory,,Sevim İşçi Turutoğlu,FEB,Perşembe,15:30/17:29,,30,29,,"FIZ_LS, FIZE_LS",,
21859,FIZ 284E,FIZ,LS,Classical Mechanics I,,Vakıf Kemal Önemli,FEB | FEB,Pazartesi | Salı,12:30/14:29 | 15:30/17:29,D102 | D102,100,85,,"FIZ_LS, FIZ_YD",,
21860,FIZ 310,FIZ,LS,İstatistik Fizik,,Oğuzhan Gürlü,FEB | FEB,Salı | Perşembe,10:30/13:29 | 11:30/13:29,D204 | D204,90,62,,"FIZ_LS, FIZ_YD",,
21861,FIZ 315,FIZ,LS,Kuantum Mekaniği I,,Neşe Özdemir,FEB | FEB | FEB,Pazartesi | Çarşamba | Cuma,08:30/10:29 | 08:30/10:29 | 08:30/09:29,D304 | D304 | D304,90,73,,"FIZ_LS, FIZ_YD",,
21862,FIZ 316,FIZ,LS,Kuantum Mekaniği II,,Haluk Özbek,FEB | FEB | FEB,Pazartesi | Çarşamba | Cuma,08:30/10:29 | 08:30/10:29 | 08:30/09:29,D202 | D202 | D202,70,56,,"FIZ_LS, FIZ_YD",,
21863,FIZ 323E,FIZ,LS,Mathematical Meth.in Physics I,,Cem Özgür Servantie,FEB | FEB,Salı | Perşembe,08:30/10:29 | 08:30/11:29,D204 | D204,75,66,,"FIZ_LS, FIZ_YD",,
21864,FIZ 362E,FIZ,LS,Mathematical Mthds in Physc II,,Ahmet Levent Subaşı,FEB | FEB,Pazartesi | Çarşamba,10:30/13:29 | 11:30/13:29,B4_Z02 | B4_Z02,50,5,,"FIZ_LS, FIZE_LS",,
21865,FIZ 374,FIZ,LS,Fizikte Deneysel Yöntemler I,,Murat Erdem,FEB | FEB,Salı | Perşembe,13:30/15:29 | 13:30/15:29,D204 | D204,100,85,,FIZ_LS,,
21866,FIZ 374EL,FIZ,LS,Methods of Exp. Physics Lab.,,Murat Erdem,FEB,Salı,15:30/17:29,,28,28,,"FIZ_LS, FIZE_LS",,
21867,FIZ 374EL,FIZ,LS,Methods of Exp. Physics Lab.,,Murat Erdem,FEB,Çarşamba,13:30/15:29,,28,28,,"FIZ_LS, FIZE_LS",,
21868,FIZ 374EL,FIZ,LS,Methods of Exp. Physics Lab.,,Murat Erdem,FEB,Perşembe,15:30/17:29,,28,28,,"FIZ_LS, FIZE_LS",,
21869,FIZ 381,FIZ,LS,Klasik Mekanik II,,Meltem Güngörmez,FEB | FEB,Salı | Çarşamba,15:30/17:29 | 13:30/15:29,B4_Z05 | D103,30,20,,FIZ_LS,,
21870,FIZ 411,FIZ,LS,Elektromanyetik Teori I,,Abdurrahman Savaş Arapoğlu,FEB | FEB | FEB,Salı | Perşembe | Cuma,08:30/10:29 | 08:30/10:29 | 09:30/10:29,D202 | D202 | D202,70,47,,FIZ_LS,,
21871,FIZ 412,FIZ,LS,Elektromanyetik Teori II,,Ömer Faruk Dayı,FEB | FEB,Salı | Perşembe,08:30/10:29 | 08:30/10:29,B4_Z05 | D206,60,34,,FIZ_LS,,
21872,FIZ 424E,FIZ,LS,Digital Electronics,,Özgün Girgin,FEB | FEB,Perşembe | Cuma,15:30/17:29 | 14:30/16:29,D204 | D106,25,17,,"FIZ_LS, FIZE_LS, MAT_LS, MATE_LS",,
21873,FIZ 434E,FIZ,LS,Microprocessors,,İbrahim Türhan,FEB,Salı,13:30/17:29,B4_Z02,15,1,,"FIZ_LS, FIZE_LS, MAT_LS, MATE_LS",,
21874,FIZ 454,FIZ,LS,Sağlık Fiziği,,Nurcan Doğan Bingölbali,FEB | FEB,Salı | Perşembe,11:30/13:29 | 11:30/13:29,B4_Z05 | B4_Z02,40,37,,FIZ_LS,,
21875,FIZ 458E,FIZ,LS,Optics II,,Berna Morova,FEB,Pazartesi,14:30/17:29,D104,30,12,,"FIZ_LS, FIZE_LS",,
21876,FIZ 476E,FIZ,LS,Solar Energy Physics &Tech. II,,Hakan Karaağaç,FEB,Pazartesi,14:30/17:29,L200,30,7,,"FIZ_LS, FIZE_LS",,
21877,FIZ 496E,FIZ,LS,Nuclear Physics II,,Cenap Şahabettin Özben,FEB | FEB,Pazartesi | Çarşamba,12:30/14:29 | 13:30/14:29,D306 | D306,30,15,,FIZ_LS,,
21878,FIZ 4901,FIZ,LS,Fizik Mühendisliği Tasarımı I,,Ahmet Levent Subaşı,,,-/-,,500,14,,FIZ_LS,,
21879,FIZ 4901E,FIZ,LS,Physics Engeering Design I,,Ahmet Levent Subaşı,,,-/-,,500,14,,"FIZ_LS, FIZE_LS",,
21880,FIZ 4902,FIZ,LS,Fizik Mühendisliği Tasarımı II,,Ahmet Levent Subaşı,,,-/-,,500,16,,FIZ_LS,,
21881,FIZ 4902E,FIZ,LS,Physics Engeering Design II,,Ahmet Levent Subaşı,,,-/-,,500,26,,"FIZ_LS, FIZE_LS",,
21882,FIZ 492,FIZ,LS,Bitirme Çalışması,,-,,,-/-,,0,0,,FIZ_LS,,
21883,FIZ 492E,FIZ,LS,Graduation Project,,-,,,-/-,,0,0,,"FIZ_LS, FIZE_LS",,
21884,DAN 102,DAN,LS,Girişimcilik & Kariyer Danış.,,Berna Morova,FEB,Çarşamba,15:30/17:29,,300,64,,"FIZ_LS, FIZ_YD, FIZE_LS",,
21887,KIM 104,KIM,LS,Organik Kimya,,Okan Sirkecioğlu,KMB,Çarşamba,12:30/15:29,D102,50,50,,"GID_LS, KMM_LS",,
21888,KIM 104,KIM,LS,Organik Kimya,,Hacer Ayşen Önen,KMB,Çarşamba,12:30/15:29,D103,50,50,,"GID_LS, KMM_LS",,
21889,KIM 104,KIM,LS,Organik Kimya,,Nilgün Kızılcan,KMB,Çarşamba,12:30/15:29,D104,50,45,,"GID_LS, KMM_LS",,
21890,KIM 104,KIM,LS,Organik Kimya,,Yeşim Gürsel,KMB,Çarşamba,12:30/15:29,D105,50,50,,"GID_LS, KMM_LS",,
21891,KIM 104L,KIM,LS,Organik Kimya Lab.,,Yeşim Gürsel,FEB,Pazartesi,13:30/15:29,LAB-D,40,38,,"GID_LS, KMM_LS",,
21892,KIM 104L,KIM,LS,Organik Kimya Lab.,,Nilgün Kızılcan,FEB,Pazartesi,13:30/15:29,LAB-G,40,36,,"GID_LS, KMM_LS",,
21893,KIM 104L,KIM,LS,Organik Kimya Lab.,,Hacer Ayşen Önen,FEB,Pazartesi,15:30/17:29,LAB-D,40,18,,"GID_LS, KMM_LS",,
21894,KIM 104L,KIM,LS,Organik Kimya Lab.,,Okan Sirkecioğlu,FEB,Salı,13:30/15:29,LAB-D,40,38,,"GID_LS, KMM_LS",,
21895,KIM 111,KIM,LS,Genel Kimya I,,Zehra Bayır,FEB | FEB,Çarşamba | Perşembe,12:30/14:29 | 10:30/12:29,D105 | D202,40,26,,KIM_LS,,
21896,KIM 111L,KIM,LS,Genel Kimya I Lab,,Zehra Bayır,FEB,Pazartesi,11:30/13:29,LAB-F,40,14,,KIM_LS,,
21897,KIM 113,KIM,LS,Kimyaya Giriş ve Etik,,Mustafa Özcan,FEB,Salı,13:30/15:29,L400,50,40,,KIM_LS,,
21898,KIM 114,KIM,LS,Genel Kimya II,,Esin Hamuryudan,FEB | FEB,Çarşamba | Perşembe,10:30/12:29 | 08:30/10:29,D104 | D101,40,26,,"KIM_LS, KIM_YD",,
21899,KIM 114,KIM,LS,Genel Kimya II,,İsmail Yılmaz,FEB | FEB,Çarşamba | Perşembe,10:30/12:29 | 08:30/10:29,D202 | D203,40,21,,"KIM_LS, KIM_YD",,
21900,KIM 114L,KIM,LS,Genel Kimya II Lab.,,Esin Hamuryudan,FEB,Cuma,09:30/12:29,LAB-E,35,24,,KIM_LS,,
21901,KIM 114L,KIM,LS,Genel Kimya II Lab.,,İsmail Yılmaz,FEB,Cuma,09:30/12:29,LAB-F,35,18,,KIM_LS,,
21902,KIM 202,KIM,LS,Fiziksel Kimya,,Esma Sezer,EEB,Çarşamba,12:30/15:29,5301,30,16,,"BIO_LS, CEV_LS, CHZ_LS, DEN_LS, DUI_LS, EHB_LS, ELH_LS, ELK_LS, GEM_LS, GEMK_LS, GID_LS, GMI_LS, INS_LS, JEF_LS, JEO_LS, KIM_YD, KMM_LS, KOM_LS, MAD_LS, MEN_LS, MET_LS, PET_LS, ROS_LS, TEL_LS",,
21903,KIM 202,KIM,LS,Fiziksel Kimya,,Erdem Yavuz,EEB,Pazartesi,14:30/17:29,5301,35,36,,"BIO_LS, CEV_LS, CHZ_LS, DEN_LS, DUI_LS, EHB_LS, ELH_LS, ELK_LS, GEM_LS, GEMK_LS, GID_LS, GMI_LS, INS_LS, JEF_LS, JEO_LS, KIM_YD, KMM_LS, KOM_LS, MAD_LS, MEN_LS, MET_LS, PET_LS, ROS_LS, TEL_LS",,
21904,KIM 202E,KIM,LS,Physical Chemistry,,Berna Doğan,EEB,Çarşamba,12:30/15:29,5303,30,20,,"BIO_LS, BIOE_LS, CEV_LS, CEVE_LS, CHZ_LS, CHZE_LS, DEN_LS, DENE_LS, DUI_LS, EHB_LS, EHBE_LS, ELE_LS, ELH_LS, ELK_LS, ELKE_LS, GEM_LS, GEME_LS, GEMK_LS, GID_LS, GMI_LS, INS_LS, INSE_LS, JEF_LS, JEO_LS, JEOE_LS, KIM_YD, KMM_LS, KOM_LS, KOME_LS, MAD_LS, MADE_LS, MEN_LS, MET_LS, METE_LS, PET_LS, PETE_LS, ROS_LS, ROSE_LS, TEL_LS",,
21905,KIM 202E,KIM,LS,Physical Chemistry,,Argun Talat Gökçeören,EEB,Pazartesi,14:30/17:29,5303,30,9,,"BIO_LS, BIOE_LS, CEV_LS, CEVE_LS, CHZ_LS, CHZE_LS, DEN_LS, DENE_LS, DUI_LS, EHB_LS, EHBE_LS, ELE_LS, ELH_LS, ELK_LS, ELKE_LS, GEM_LS, GEME_LS, GEMK_LS, GID_LS, GMI_LS, INS_LS, INSE_LS, JEF_LS, JEO_LS, JEOE_LS, KIM_YD, KMM_LS, KOM_LS, KOME_LS, MAD_LS, MADE_LS, MEN_LS, MET_LS, METE_LS, PET_LS, PETE_LS, ROS_LS, ROSE_LS, TEL_LS",,
21906,KIM 203,KIM,LS,Analitik Kimya,,Gülçin Yılmaz,INB,Pazartesi,14:30/17:29,B104,75,29,,"BIO_LS, CEV_LS, CHZ_LS, DEN_LS, ELH_LS, ELK_LS, GEM_LS, GEMK_LS, JEO_LS, MAD_LS, MET_LS, PET_LS, TEL_LS",,
21908,KIM 203E,KIM,LS,Analytical Chemistry,,Ferah Çalışır,FEB,Pazartesi,14:30/17:29,D204,80,77,,"BIO_LS, BIOE_LS, CEV_LS, CEVE_LS, CHZ_LS, CHZE_LS, DEN_LS, DENE_LS, ELE_LS, ELH_LS, ELK_LS, ELKE_LS, GEM_LS, GEME_LS, GEMK_LS, JEO_LS, JEOE_LS, MAD_LS, MADE_LS, MET_LS, METE_LS, PET_LS, PETE_LS, TEL_LS",,
21909,KIM 203E,KIM,LS,Analytical Chemistry,,Sevgi Güney,FEB,Çarşamba,12:30/15:29,D203,80,76,,"BIO_LS, BIOE_LS, CEV_LS, CEVE_LS, CHZ_LS, CHZE_LS, DEN_LS, DENE_LS, ELE_LS, ELH_LS, ELK_LS, ELKE_LS, GEM_LS, GEME_LS, GEMK_LS, JEO_LS, JEOE_LS, MAD_LS, MADE_LS, MET_LS, METE_LS, PET_LS, PETE_LS, TEL_LS",,
21910,KIM 205,KIM,LS,Organik Kimya,,Gönül Yapar,EEB,Salı,08:30/11:29,2102,50,15,,"BIO_LS, CEV_LS, CHZ_LS, DEN_LS, ELH_LS, ELK_LS, GEM_LS, GEMK_LS, INS_LS, JEO_LS, KIM_YD, MAD_LS, MET_LS, PET_LS, TEL_LS",,
21911,KIM 205E,KIM,LS,Organic Chemistry,,Hakan Durmaz,EEB,Salı,08:30/11:29,5301,75,76,,"BIO_LS, CEV_LS, CEVE_LS, CHZ_LS, CHZE_LS, DEN_LS, DENE_LS, ELE_LS, ELH_LS, ELK_LS, ELKE_LS, GEM_LS, GEME_LS, GEMK_LS, INS_LS, INSE_LS, JEO_LS, JEOE_LS, KIM_YD, MAD_LS, MADE_LS, MET_LS, METE_LS, PET_LS, PETE_LS, TEKE_LS, TEL_LS",,
21912,KIM 205E,KIM,LS,Organic Chemistry,,Muhammet Übeydullah Kahveci,MED,Cuma,08:30/11:29,A36,70,54,,"BIO_LS, CEV_LS, CEVE_LS, CHZ_LS, CHZE_LS, DEN_LS, DENE_LS, ELE_LS, ELH_LS, ELK_LS, ELKE_LS, GEM_LS, GEME_LS, GEMK_LS, INS_LS, INSE_LS, JEO_LS, JEOE_LS, KIM_YD, MAD_LS, MADE_LS, MET_LS, METE_LS, PET_LS, PETE_LS, TEKE_LS, TEL_LS",,
21914,KIM 206,KIM,LS,Analitik Kimya & Enst Analizi,,Nevin Öztekin,FEB,Cuma,08:30/11:29,D106,60,29,,"GID_LS, KIM_YD, KMM_LS",,
21915,KIM 206,KIM,LS,Analitik Kimya & Enst Analizi,,Gülcemal Yıldız,FEB,Cuma,08:30/11:29,D203,60,60,,"GID_LS, KIM_YD, KMM_LS",,
21916,KIM 206,KIM,LS,Analitik Kimya & Enst Analizi,,"Mustafa Özcan , / Sevgi Güney",FEB,Cuma,14:00/16:59,D204,60,9,,"GID_LS, KIM_YD, KMM_LS",,
21917,KIM 206,KIM,LS,Analitik Kimya & Enst Analizi,,Ferah Çalışır,FEB,Cuma,14:00/16:59,D304,60,59,,"GID_LS, KIM_YD, KMM_LS",,
21918,KIM 206L,KIM,LS,Ana. Kimya & Enst Anz. Lab.,,Sevgi Güney,FEB,Cuma,09:30/11:29,LAB-A,45,9,,"GID_LS, KIM_YD, KMM_LS",,
21919,KIM 206L,KIM,LS,Ana. Kimya & Enst Anz. Lab.,,Ferah Çalışır,FEB,Cuma,09:30/11:29,LAB-B,45,43,,"GID_LS, KIM_YD, KMM_LS",,
21920,KIM 206L,KIM,LS,Ana. Kimya & Enst Anz. Lab.,,Nevin Öztekin,FEB,Cuma,14:00/15:59,LAB-A,47,46,,"GID_LS, KIM_YD, KMM_LS",,
21921,KIM 206L,KIM,LS,Ana. Kimya & Enst Anz. Lab.,,Gülcemal Yıldız,FEB,Cuma,14:00/15:59,LAB-B,47,47,,"GID_LS, KIM_YD, KMM_LS",,
21922,KIM 207,KIM,LS,İnorganik Kimya,,Ayfer Kalkan Burat,MDB,Salı,08:30/11:29,A103,40,19,,"CHZ_LS, DEN_LS, ELH_LS, ELK_LS, FIZ_LS, GEM_LS, GEMK_LS, JEF_LS, JEO_LS, KIM_YD, KMM_LS, MAD_LS, PET_LS, TEL_LS",,
21923,KIM 210E,KIM,LS,Intro to Polymer Chemistry,,İbrahim Ersin Serhatlı,FEB,Pazartesi,14:30/17:29,B3_Z01-Z03,25,6,,"BIO_LS, BIOE_LS, KIM_LS, KIM_YD, KIME_LS, TEK_LS, TEKE_LS",,
21924,KIM 211E,KIM,LS,Analytical Chemistry,,İpek Becerik,FEB | FEB,Pazartesi | Salı,11:30/13:29 | 11:30/13:29,D101 | D101,50,24,,"KIM_LS, KIME_LS",,
21925,KIM 212,KIM,LS,Enstrumental Analitik Yönteml,,Aslı Baysal,FEB | FEB,Pazartesi | Salı,11:30/13:29 | 11:30/13:29,D105 | D105,45,45,,KIM_LS,,
21926,KIM 212,KIM,LS,Enstrumental Analitik Yönteml,,Ayşegül Gölcü,FEB | FEB,Pazartesi | Salı,11:30/13:29 | 11:30/13:29,D106 | D106,45,18,,KIM_LS,,
21927,KIM 212L,KIM,LS,Enstrumental Analitik Yön.Lab.,,Aslı Baysal,FEB,Perşembe,12:30/17:29,LAB-A,45,42,,KIM_LS,,
21928,KIM 212L,KIM,LS,Enstrumental Analitik Yön.Lab.,,Ayşegül Gölcü,FEB,Perşembe,12:30/17:29,LAB-B,45,23,,KIM_LS,,
21929,KIM 223EL,KIM,LS,Inorganic Chemistry Lab,,Ozan Sanlı Şentürk,FEB,Çarşamba,12:30/15:29,LAB-E,50,50,,KIM_LS,,
21930,KIM 223EL,KIM,LS,Inorganic Chemistry Lab,,Zehra Bayır,FEB,Cuma,14:00/16:59,LAB-F,45,36,,KIM_LS,,
21931,KIM 224,KIM,LS,İnorganik Kimya II,,-,FEB,Salı,08:30/11:29,,0,0,,KIM_LS,,
21932,KIM 224E,KIM,LS,Inorganic Chemistry II,,Ozan Sanlı Şentürk,FEB,Salı,08:30/11:29,D205,45,44,,"KIM_LS, KIME_LS",,
21933,KIM 231,KIM,LS,Organik Kimya I,,Barış Yücel,FEB | FEB,Çarşamba | Perşembe,10:30/12:29 | 10:30/12:29,D203 | D203,50,37,,KIM_LS,,
21934,KIM 231,KIM,LS,Organik Kimya I,,Abdullah Aydoğan,FEB | FEB,Çarşamba | Perşembe,10:30/12:29 | 10:30/12:29,D206 | D206,50,47,,KIM_LS,,
21935,KIM 231L,KIM,LS,Organik Kimya Lab. I,,Ufuk Saim Günay,FEB | FEB,Çarşamba | Çarşamba,09:30/12:29 | 13:30/15:29,LAB-D | LAB-D,55,6,,KIM_LS,,
21936,KIM 232,KIM,LS,Organik Kimya II,,İbrahim Volkan Kumbaracı,FEB,Çarşamba,08:30/12:29,D101,37,39,,KIM_LS,,
21937,KIM 232,KIM,LS,Organik Kimya II,,-,FEB,Çarşamba,08:30/12:29,,0,0,,KIM_LS,,
21938,KIM 232L,KIM,LS,Organik Kimya Lab. II,,Nesrin Köken,FEB | FEB,Cuma | Cuma,11:30/12:59 | 14:00/17:29,LAB-D | LAB-D,35,33,,KIM_LS,,
21939,KIM 252,KIM,LS,Kimyasal Termodinamik,,Erdem Yavuz,FEB,Salı,14:30/17:29,D205,35,19,,KIM_LS,,
21940,KIM 252E,KIM,LS,Chemical Thermodynamics,,Nermin Orakdöğen,FEB,Salı,14:30/17:29,D206,50,49,,"KIM_LS, KIME_LS",,
21941,KIM 262E,KIM,LS,Int. Quantum Chemistry,,Mine Yurtsever,FEB,Pazartesi,08:30/11:29,D105,45,34,,"KIM_LS, KIME_LS",,
21942,KIM 262E,KIM,LS,Int. Quantum Chemistry,,Nurcan Tüzün,FEB,Pazartesi,08:30/11:29,D106,45,45,,"KIM_LS, KIME_LS",,
21943,KIM 271,KIM,LS,Kimyacılar için Matematik,,Berkay Sütay,FEB,Salı,08:30/11:29,D105,50,23,,KIM_LS,,
21944,KIM 311,KIM,LS,Fiziksel Kimya I,,Candan Erbil,FEB,Cuma,08:30/11:29,D105,32,28,,KIM_LS,,
21945,KIM 311,KIM,LS,Fiziksel Kimya I,,Caner Ünlü,FEB,Çarşamba,08:30/11:29,B3_Z01-Z03,30,18,,KIM_LS,,
21946,KIM 311L,KIM,LS,Fiziksel Kimya Lab. I,,Argun Talat Gökçeören,FEB,Salı,13:30/17:29,LAB-C,57,46,,KIM_LS,,
21947,KIM 312,KIM,LS,Fiziksel Kimya II,,Bahire Filiz Şenkal,FEB,Pazartesi,14:30/17:29,D103,40,41,,KIM_LS,,
21948,KIM 312,KIM,LS,Fiziksel Kimya II,,Orhan Güney,FEB,Pazartesi,14:30/17:29,D203,40,29,,KIM_LS,,
21949,KIM 312L,KIM,LS,Fiziksel Kimya Lab. II,,Bahire Filiz Şenkal,FEB,Cuma,08:30/12:29,LAB-C,50,27,,KIM_LS,,
21950,KIM 314,KIM,LS,Tekstil Boyar Maddeleri,,Füsun Şeyma Kışkan,FEB,Perşembe,12:30/15:29,L200,20,16,,"KIM_LS, KIM_YD",,
21951,KIM 316,KIM,LS,Yakıt Kimyası,,Behice Şebnem Sesalan,FEB,Salı,08:30/11:29,L300,20,14,,"KIM_LS, KIM_YD",,
21952,KIM 319E,KIM,LS,Cosmetic Chemistry,,Ayşe Özdemir,FEB,Cuma,08:30/11:29,D201,22,21,,"KIM_LS, KIM_YD, KIME_LS",,
21953,KIM 323E,KIM,LS,Natural Products Chemistry,,-,FEB,Cuma,08:30/11:29,,0,0,,"KIM_LS, KIM_YD, KIME_LS",,
21954,KIM 324,KIM,LS,Adli Kimya,,Mustafa Özcan,FEB,Cuma,09:30/12:29,B3_Z01-Z03,22,22,,"KIM_LS, KIM_YD",,
21955,KIM 325E,KIM,LS,Intr. to Bioinorganic Chem.,,Behice Şebnem Sesalan,FEB,Çarşamba,08:30/11:29,L200,20,16,,"KIM_LS, KIM_YD, KIME_LS",,
21956,KIM 328,KIM,LS,Biyokimya II,,-,FEB,Çarşamba,08:30/11:29,,0,0,,KIM_LS,,
21957,KIM 413,KIM,LS,İlaç Kimyası,,İbrahim Volkan Kumbaracı,FEB,Pazartesi,08:30/11:29,L400,21,21,,"KIM_LS, KIM_YD",,
21958,KIM 415,KIM,LS,Yüzey Aktif Maddeler,,Cüneyt Hüseyin Ünlü,FEB,Salı,08:30/11:29,B3_Z01-Z03,20,16,,"KIM_LS, KIM_YD",,
21959,KIM 422,KIM,LS,Endüstriyel Kimya,,Bünyamin Karagöz,FEB,Salı,08:30/11:29,D101,50,28,,"KIM_LS, KIM_YD",,
21960,KIM 436,KIM,LS,Çevre Kimyası II,,-,FEB,Salı,14:30/17:29,,0,0,,"KIM_LS, KIM_YD",,
21961,KIM 471,KIM,LS,Organik Kimya III,,Ayşe Özdemir,FEB,Pazartesi,11:30/14:29,D206,25,16,,"KIM_LS, KIM_YD",,
21962,KIM 472E,KIM,LS,Electrochemistry,,Belkıs Ustamehmetoğlu,FEB,Perşembe,08:30/11:29,B3_Z01-Z03,25,14,,KIM_LS,,
21963,KIM 473E,KIM,LS,Organic Structure Analysis,,Turan Öztürk,FEB,Salı,14:30/17:29,L300,25,12,,KIM_LS,,
21964,KIM 481E,KIM,LS,Industrial Polymers,,Demet Çolak,FEB,Pazartesi,14:30/17:29,D306,40,37,,KIM_LS,,
21965,KIM 482,KIM,LS,Organik Reaksiyonlar,,Ufuk Saim Günay,FEB,Perşembe,08:30/11:29,D105,40,32,,KIM_LS,,
21966,KIM 483,KIM,LS,Yüzey ve Termal Analiz Yönt.,,Nevin Öztekin,FEB,Pazartesi,08:30/11:29,D101,25,15,,KIM_LS,,
21967,KIM 484,KIM,LS,Anorganik Kimya III,,İbrahim Özçeşmeci,FEB,Salı,14:30/17:29,,35,30,,KIM_LS,,
21968,MYZ 311E,MYZ,LS,Artificial Intelligence and Machine Learning in Chemistry,,Berna Doğan,FEB,Cuma,14:00/16:59,B3_Z01-Z03,20,14,,"KIM_LS, KIM_YD, KIME_LS",,
21969,KIM 4901,KIM,LS,Araştırma Projesi I,,Okan Sirkecioğlu,,,-/-,,500,11,,KIM_LS,,
21970,KIM 4901E,KIM,LS,Research Project I,,Okan Sirkecioğlu,,,-/-,,500,10,,KIM_LS,,
21971,KIM 4902,KIM,LS,Araştırma Projesi II,,Okan Sirkecioğlu,,,-/-,,500,28,,KIM_LS,,
21972,KIM 4902E,KIM,LS,Research Project II,,Okan Sirkecioğlu,,,-/-,,500,25,,KIM_LS,,
21973,KIM 492E,KIM,LS,Graduation Project,,Okan Sirkecioğlu,,,-/-,,500,1,,"KIM_LS, KIME_LS",,
21974,ITB 214E,ITB,LS,The Modern Middle East,,Ebubekir Ceylan,FEB,Pazartesi,14:30/17:29,D102,34,33,,"AIN_LS, ARC_LS, BES_LS, BIO_LS, BIOE_LS, BLG_LS, BLGE_LS, BST_LS, CAB_3T_LS, CAB_4T_LS, CAB_BG_LS, CAB_DL_LS, CAB_DS_LS, CAB_KA_LS, CAB_KE_LS, CAB_KL_LS, CAB_KM_LS, CAB_KO_LS, CAB_LS, CAB_ME_LS, CAB_NE_LS, CAB_TA_LS, CAB_TN_LS, CAB_UD_LS, CAB_VC_LS, CAB_VI_LS, CAB_VS_LS, CEB_LS, CEN_LS, CES_LS, CEV_LS, CEVE_LS, CHZ_LS, CHZE_LS, DEN_LS, DENE_LS, DUI_LS, DUIE_LS, ECNE_LS, EEE_LS, EFN_LS, EHB_LS, EHBE_LS, EHN_LS, EHS_LS, ELE_LS, ELH_LS, ELK_LS, ELKE_LS, END_LS, ENDE_LS, ENT_LS, ENTE_LS, ESS_LS, EUT_LS, EUTE_LS, FIZ_LS, FIZE_LS, GEM_LS, GEME_LS, GEMK_LS, GEO_LS, GEOE_LS, GID_LS, GIDE_LS, GMI_LS, GMIE_LS, HTA_LS, HTAE_LS, IAD_LS, IBM_LS, ICM_LS, IML_LS, IMLE_LS, IND_LS, INS_LS, INSE_LS, ISL_LS, ISLE_LS, JEF_LS, JEFE_LS, JEO_LS, JEOE_LS, KIM_LS, KIME_LS, KMM_LS, KMME_LS, KMP_LS, KOM_LS, KOME_LS, KON_LS, MAD_LS, MADE_LS, MAK_LS, MAT_LS, MATE_LS, MBI_LS, MEN_LS, MET_LS, METE_LS, MIM_LS, MIME_LS, MMD_LS, MSS_LS, MTM_LS, MTO_LS, MTOE_LS, MTR_LS, MUT_LS, MUZ_LS, MUZE_LS, MZT_LS, NAE_LS, PEM_LS, PEME_LS, PET_LS, PETE_LS, ROS_LS, ROSE_LS, SAO_OL, SAS_LS, SBL_LS, SBP_LS, SBPE_LS, SCE_LS, SDU_LS, SECE_LS, SED_LS, SEK_LS, SEN_LS, SES_LS, SES_TH_LS, SES_TS_LS, SGI_LS, SGM_LS, SIN_LS, SIS_LS, SMT_LS, STP_LS, TEB_LS, TEK_LS, TEKE_LS, TEL_LS, THO_LS, UCK_LS, UZB_LS, UZBE_LS, VBAE_LS, YZVE_LS",,
21975,EEF 110E,EEF,LS,Intr. to Prog. Language (C),,Sıddık Murat Yeşiloğlu,EEB | EEB,Cuma | Cuma,08:30/10:29 | 10:30/11:29,,80,79,,"EEE_LS, EHB_LS, EHBE_LS, ELK_LS, ELKE_LS, KOM_LS, KOME_LS, ROS_LS, ROSE_LS",,
21976,EEF 110E,EEF,LS,Intr. to Prog. Language (C),,Deniz Türkpençe,EEB | EEB,Cuma | Cuma,08:30/10:29 | 10:30/11:29,,80,80,,"EEE_LS, EHB_LS, EHBE_LS, ELK_LS, ELKE_LS, KOM_LS, KOME_LS, ROS_LS, ROSE_LS",,
21977,EEF 110E,EEF,LS,Intr. to Prog. Language (C),,Yusuf Yaşa,EEB | EEB,Cuma | Cuma,08:30/10:29 | 10:30/11:29,,80,59,,"EEE_LS, EHB_LS, EHBE_LS, ELK_LS, ELKE_LS, KOM_LS, KOME_LS, ROS_LS, ROSE_LS",,
21978,EEF 110E,EEF,LS,Intr. to Prog. Language (C),,Aydın Tarık Zengin,EEB | EEB,Salı | Salı,08:30/10:29 | 10:30/11:29,,95,83,,"EEE_LS, EHB_LS, EHBE_LS, ELK_LS, ELKE_LS, KOM_LS, KOME_LS, ROS_LS, ROSE_LS",,
21979,EEF 110E,EEF,LS,Intr. to Prog. Language (C),,Emre Dincel,EEB | EEB,Salı | Salı,08:30/10:29 | 10:30/11:29,,95,94,,"EEE_LS, EHB_LS, EHBE_LS, ELK_LS, ELKE_LS, KOM_LS, KOME_LS, ROS_LS, ROSE_LS",,
21980,EEF 110E,EEF,LS,Intr. to Prog. Language (C),,-,EEB | EEB,Salı | Salı,08:30/10:29 | 10:30/11:29,,0,0,,"EEE_LS, EHB_LS, EHBE_LS, ELK_LS, ELKE_LS, KOM_LS, KOME_LS, ROS_LS, ROSE_LS",,
21981,EEF 110E,EEF,LS,Intr. to Prog. Language (C),,Bora Döken,EEB | EEB,Çarşamba | Çarşamba,08:30/10:29 | 10:30/11:29,,95,78,,"EEE_LS, EHB_LS, EHBE_LS, ELK_LS, ELKE_LS, KOM_LS, KOME_LS, ROS_LS, ROSE_LS",,
21982,EEF 110E,EEF,LS,Intr. to Prog. Language (C),,-,EEB | EEB,Çarşamba | Çarşamba,08:30/10:29 | 10:30/11:29,,0,0,,"EEE_LS, EHB_LS, EHBE_LS, ELK_LS, ELKE_LS, KOM_LS, KOME_LS, ROS_LS, ROSE_LS",,
21983,EEF 110E,EEF,LS,Intr. to Prog. Language (C),,Ali Bahadır,EEB | EEB,Çarşamba | Çarşamba,08:30/10:29 | 10:30/11:29,,100,100,,"EEE_LS, EHB_LS, EHBE_LS, ELK_LS, ELKE_LS, KOM_LS, KOME_LS, ROS_LS, ROSE_LS",,
21984,EEF 206,EEF,LS,İşaret İşleme ve Lineer Sist.,,Kemal Uçak,EEB | EEB,Çarşamba | Perşembe,10:30/12:29 | 12:30/14:29,5302 | 5302,100,99,,"EHB_LS, ELK_LS, KOM_LS",,
21985,EEF 206,EEF,LS,İşaret İşleme ve Lineer Sist.,,Bilge Günsel,EEB | EEB,Çarşamba | Perşembe,10:30/12:29 | 12:30/14:29,5304 | 5304,100,100,,"EHB_LS, ELK_LS, KOM_LS",,
21986,EEF 206,EEF,LS,İşaret İşleme ve Lineer Sist.,,Emine Ayaz,EEB | EEB,Çarşamba | Perşembe,10:30/12:29 | 12:30/14:29,4102 | 5303,100,58,,"EHB_LS, ELK_LS, KOM_LS",,
21987,EEF 206,EEF,LS,İşaret İşleme ve Lineer Sist.,,Işın Erer,EEB | EEB,Çarşamba | Perşembe,10:30/12:29 | 12:30/14:29,5102 | 5102,100,101,,"EHB_LS, ELK_LS, KOM_LS",,
21988,EEF 206E,EEF,LS,Signal Processing&Linear Syst.,,Mustafa Doğan,EEB | EEB,Çarşamba | Perşembe,10:30/12:29 | 12:30/14:29,5202 | 5202,105,114,,"EEE_LS, EHB_LS, EHBE_LS, ELK_LS, ELKE_LS, KOM_LS, KOME_LS",,
21989,EEF 206E,EEF,LS,Signal Processing&Linear Syst.,,Ender Mete Ekşioğlu,EEB | EEB,Çarşamba | Perşembe,10:30/12:29 | 12:30/14:29,5204 | 5204,105,113,,"EEE_LS, EHB_LS, EHBE_LS, ELK_LS, ELKE_LS, KOM_LS, KOME_LS",,
21990,EEF 206E,EEF,LS,Signal Processing&Linear Syst.,,Duygu Bayram Kara,EEB | EEB,Çarşamba | Perşembe,10:30/12:29 | 12:30/14:29,5104 | 5104,105,114,,"EEE_LS, EHB_LS, EHBE_LS, ELK_LS, ELKE_LS, KOM_LS, KOME_LS",,
21991,EEF 206E,EEF,LS,Signal Processing&Linear Syst.,,Tayfun Akgül,EEB | EEB,Çarşamba | Perşembe,10:30/12:29 | 12:30/14:29,6309 | 6309,105,112,,"EEE_LS, EHB_LS, EHBE_LS, ELK_LS, ELKE_LS, KOM_LS, KOME_LS",,
21992,EEF 210,EEF,LS,Diferansiyel Denklemler,,Kemal Uçak,EEB,Salı,12:30/15:29,5102,100,82,,"EHB_LS, ELK_LS, KOM_LS",,
21993,EEF 210,EEF,LS,Diferansiyel Denklemler,,-,EEB,Salı,12:30/15:29,,0,0,,"EHB_LS, ELK_LS, KOM_LS",,
21994,EEF 210E,EEF,LS,Differential Equations,,Cemanur Aydınalp,EEB,Salı,12:30/15:29,5104,100,101,,"EEE_LS, EHB_LS, EHBE_LS, ELK_LS, ELKE_LS, KOM_LS, KOME_LS",,
21995,EEF 212,EEF,LS,Elektromagnetik Teori I,,Ali Yapar,EEB | EEB,Çarşamba | Perşembe,08:30/10:29 | 14:30/16:29,5302 | 5302,100,99,,"EHB_LS, ELK_LS, KOM_LS",,
21996,EEF 212,EEF,LS,Elektromagnetik Teori I,,Funda Akleman Yapar,EEB | EEB,Çarşamba | Perşembe,08:30/10:29 | 14:30/16:29,5304 | 5304,100,100,,"EHB_LS, ELK_LS, KOM_LS",,
21997,EEF 212,EEF,LS,Elektromagnetik Teori I,,Murat Tayfun Günel,EEB | EEB,Çarşamba | Perşembe,08:30/10:29 | 14:30/16:29,5204 | 5204,100,90,,"EHB_LS, ELK_LS, KOM_LS",,
21998,EEF 212E,EEF,LS,Electromagnetic Theory I,,İbrahim Akduman,EEB | EEB,Çarşamba | Perşembe,08:30/10:29 | 14:30/16:29,5202 | 5202,100,100,,"EEE_LS, EHB_LS, EHBE_LS, ELK_LS, ELKE_LS, KOM_LS, KOME_LS",,
21999,EEF 212E,EEF,LS,Electromagnetic Theory I,,Özgür Özdemir,EEB | EEB,Çarşamba | Perşembe,08:30/10:29 | 14:30/16:29,5102 | 5102,100,99,,"EEE_LS, EHB_LS, EHBE_LS, ELK_LS, ELKE_LS, KOM_LS, KOME_LS",,
22000,EEF 212E,EEF,LS,Electromagnetic Theory I,,Tuba Yılmaz Abdolsaheb,EEB | EEB,Çarşamba | Perşembe,08:30/10:29 | 14:30/16:29,,100,99,,"EEE_LS, EHB_LS, EHBE_LS, ELK_LS, ELKE_LS, KOM_LS, KOME_LS",,
22001,EEF 212E,EEF,LS,Electromagnetic Theory I,,Kamil Karaçuha,EEB | EEB,Çarşamba | Perşembe,08:30/10:29 | 14:30/16:29,6309 | 6309,100,101,,"EEE_LS, EHB_LS, EHBE_LS, ELK_LS, ELKE_LS, KOM_LS, KOME_LS",,
22002,EEF 212E,EEF,LS,Electromagnetic Theory I,,Mehmet Nuri Akıncı,EEB | EEB,Çarşamba | Perşembe,08:30/10:29 | 14:30/16:29,5104 | 5104,100,100,,"EEE_LS, EHB_LS, EHBE_LS, ELK_LS, ELKE_LS, KOM_LS, KOME_LS",,
22003,EEF 221E,EEF,LS,Basics of Elec. Circuits Lab.,,Bora Döken,EEB,Cuma,08:30/10:29,,48,47,,"EEE_LS, EHB_LS, EHBE_LS, ELK_LS, ELKE_LS, KOM_LS, KOME_LS",,
22004,EEF 221E,EEF,LS,Basics of Elec. Circuits Lab.,,İbrahim Çatalkaya,EEB,Salı,12:30/14:29,,48,42,,"EEE_LS, EHB_LS, EHBE_LS, ELK_LS, ELKE_LS, KOM_LS, KOME_LS",,
22005,EEF 221E,EEF,LS,Basics of Elec. Circuits Lab.,,İbrahim Çatalkaya,EEB,Salı,14:30/16:29,,48,9,,"EEE_LS, EHB_LS, EHBE_LS, ELK_LS, ELKE_LS, KOM_LS, KOME_LS",,
22007,EEF 221E,EEF,LS,Basics of Elec. Circuits Lab.,,Bora Döken,EEB,Salı,12:30/14:29,,48,46,,"EEE_LS, EHB_LS, EHBE_LS, ELK_LS, ELKE_LS, KOM_LS, KOME_LS",,
22008,EEF 221E,EEF,LS,Basics of Elec. Circuits Lab.,,Ali Bahadır,EEB,Salı,12:30/14:29,,48,48,,"EEE_LS, EHB_LS, EHBE_LS, ELK_LS, ELKE_LS, KOM_LS, KOME_LS",,
22009,EEF 221E,EEF,LS,Basics of Elec. Circuits Lab.,,Bora Döken,EEB,Salı,14:30/16:29,,48,48,,"EEE_LS, EHB_LS, EHBE_LS, ELK_LS, ELKE_LS, KOM_LS, KOME_LS",,
22010,EEF 221E,EEF,LS,Basics of Elec. Circuits Lab.,,Ali Bahadır,EEB,Salı,14:30/16:29,,48,48,,"EEE_LS, EHB_LS, EHBE_LS, ELK_LS, ELKE_LS, KOM_LS, KOME_LS",,
22011,EEF 221E,EEF,LS,Basics of Elec. Circuits Lab.,,Bilgi Görkem Yazgaç,EEB,Cuma,14:00/15:59,,48,40,,"EEE_LS, EHB_LS, EHBE_LS, ELK_LS, ELKE_LS, KOM_LS, KOME_LS",,
22012,EEF 221E,EEF,LS,Basics of Elec. Circuits Lab.,,Hasan Bülent Yağcı,EEB,Cuma,08:30/10:29,,48,12,,"EEE_LS, EHB_LS, EHBE_LS, ELK_LS, ELKE_LS, KOM_LS, KOME_LS",,
22013,EEF 232,EEF,LS,Devre ve Sistem Analizi,,Neslihan Serap Şengör,EEB,Pazartesi,13:30/16:29,5102,100,100,,"EHB_LS, ELK_LS, KOM_LS",,
22014,EEF 232,EEF,LS,Devre ve Sistem Analizi,,Mürvet Kırcı,EEB,Pazartesi,13:30/16:29,2102,85,23,,"EHB_LS, ELK_LS, KOM_LS",,
22015,EEF 232,EEF,LS,Devre ve Sistem Analizi,,"Sıddıka Berna Örs Yalçın , / Yüksel Çakır",EEB,Pazartesi,13:30/16:29,5304,100,100,,"EHB_LS, ELE_LS, ELH_LS, ELK_LS, KOM_LS, TEL_LS",,
22016,EEF 232E,EEF,LS,Circuit and System Analysis,,Onur Ferhanoğlu,EEB,Pazartesi,13:30/16:29,5104,100,112,,"EHB_LS, EHBE_LS, ELE_LS, ELH_LS, ELK_LS, ELKE_LS, KOM_LS, KOME_LS, TEL_LS",,
22018,EEF 232E,EEF,LS,Circuit and System Analysis,,Müştak Erhan Yalçın,EEB,Pazartesi,13:30/16:29,5302,100,112,,"EEE_LS, EHB_LS, EHBE_LS, ELE_LS, ELH_LS, ELK_LS, ELKE_LS, KOM_LS, KOME_LS, TEL_LS",,
22019,EEF 232E,EEF,LS,Circuit and System Analysis,,Bilgi Görkem Yazgaç,EEB,Pazartesi,13:30/16:29,5202,100,109,,"EEE_LS, EHB_LS, EHBE_LS, ELE_LS, ELH_LS, ELK_LS, ELKE_LS, KOM_LS, KOME_LS, TEL_LS",,
22020,EEF 262,EEF,LS,Elektroniğin Temelleri,,Zümray Ölmez,EEB | EEB,Pazartesi | Salı,08:30/10:29 | 08:30/10:29,5102 | 5102,100,100,,"EHB_LS, ELE_LS, ELK_LS, KOM_LS",,
22021,EEF 262,EEF,LS,Elektroniğin Temelleri,,Hacer Atar Yıldız,EEB | EEB,Pazartesi | Salı,08:30/10:29 | 08:30/10:29,5104 | 5104,100,101,,"EHB_LS, ELE_LS, ELK_LS, KOM_LS",,
22022,EEF 262E,EEF,LS,Fundamentals of Electronics,,Nil Banu Tarım,EEB | EEB,Pazartesi | Salı,08:30/10:29 | 08:30/10:29,5202 | 2104,100,30,,"EEE_LS, EHB_LS, EHBE_LS, ELK_LS, ELKE_LS, KOM_LS, KOME_LS",,
22023,EEF 262E,EEF,LS,Fundamentals of Electronics,,Mustafa Berke Yelten,EEB | EEB,Pazartesi | Salı,08:30/10:29 | 08:30/10:29,5302 | 5302,100,101,,"EEE_LS, EHB_LS, EHBE_LS, ELK_LS, ELKE_LS, KOM_LS, KOME_LS",,
22024,EEF 262E,EEF,LS,Fundamentals of Electronics,,-,EEB | EEB,Pazartesi | Salı,08:30/10:29 | 08:30/10:29,,0,0,,"EEE_LS, EHB_LS, EHBE_LS, ELK_LS, ELKE_LS, KOM_LS, KOME_LS",,
22025,EEF 262E,EEF,LS,Fundamentals of Electronics,,Mustafa Altun,EEB | EEB,Pazartesi | Salı,08:30/10:29 | 08:30/10:29,5304 | 5304,100,100,,"EEE_LS, EHB_LS, EHBE_LS, ELK_LS, ELKE_LS, KOM_LS, KOME_LS",,
22026,EEF 262E,EEF,LS,Fundamentals of Electronics,,Sheıda Farajı,EEB | EEB,Pazartesi | Salı,08:30/10:29 | 08:30/10:29,6309 | 6309,100,101,,"EEE_LS, EHB_LS, EHBE_LS, ELK_LS, ELKE_LS, KOM_LS, KOME_LS",,
22027,EEF 262E,EEF,LS,Fundamentals of Electronics,,Tufan Coşkun Karalar,EEB | EEB,Pazartesi | Salı,08:30/10:29 | 08:30/10:29,5204 | 5204,100,100,,"EEE_LS, EHB_LS, EHBE_LS, ELK_LS, ELKE_LS, KOM_LS, KOME_LS",,
22028,EEF 271E,EEF,LS,Probability and Statistics,,Ibraheem Abdullah Mohammed Shayea,EEB,Çarşamba,12:30/15:29,5302,80,80,,"EEE_LS, EHB_LS, EHBE_LS, ELK_LS, ELKE_LS, KOM_LS, KOME_LS, ROS_LS, ROSE_LS",,
22029,EEF 271E,EEF,LS,Probability and Statistics,,Müjde Güzelkaya,EEB,Çarşamba,12:30/15:29,5202,80,81,,"EEE_LS, EHB_LS, EHBE_LS, ELK_LS, ELKE_LS, KOM_LS, KOME_LS, ROS_LS, ROSE_LS",,
22030,EEF 271E,EEF,LS,Probability and Statistics,,İsa Yıldırım,EEB,Çarşamba,12:30/15:29,5307,80,45,,"EEE_LS, EHB_LS, EHBE_LS, ELK_LS, ELKE_LS, KOM_LS, KOME_LS, ROS_LS, ROSE_LS",,
22031,EEF 281,EEF,LS,Lineer Cebir ve Uygulamaları,,Ahmet Hamdi Kayran,EEB,Perşembe,12:30/15:29,2102,80,79,,"EHB_LS, ELK_LS, KOM_LS, ROS_LS",,
22032,EEF 281,EEF,LS,Lineer Cebir ve Uygulamaları,,Semih Beyçimen,EEB,Perşembe,12:30/15:29,2106,80,70,,"EHB_LS, ELK_LS, KOM_LS, ROS_LS",,
22033,EEF 281,EEF,LS,Lineer Cebir ve Uygulamaları,,-,EEB,Perşembe,12:30/15:29,,0,0,,"EHB_LS, ELK_LS, KOM_LS, ROS_LS",,
22034,EEF 281E,EEF,LS,Linear Algebra & Applications,,Vasil Tabatadze,EEB,Perşembe,12:30/15:29,5203,80,65,,"EEE_LS, EHB_LS, EHBE_LS, ELK_LS, ELKE_LS, KOM_LS, KOME_LS, ROS_LS, ROSE_LS",,
22035,EEF 281E,EEF,LS,Linear Algebra & Applications,,Semih Doğu,EEB,Perşembe,12:30/15:29,4102,80,80,,"EEE_LS, EHB_LS, EHBE_LS, ELK_LS, ELKE_LS, KOM_LS, KOME_LS, ROS_LS, ROSE_LS",,
22036,EEF 281E,EEF,LS,Linear Algebra & Applications,,Ömer Melih Gül,EEB,Perşembe,12:30/15:29,2104,80,80,,"EEE_LS, EHB_LS, EHBE_LS, ELK_LS, ELKE_LS, KOM_LS, KOME_LS, ROS_LS, ROSE_LS",,
22037,EEF 281E,EEF,LS,Linear Algebra & Applications,,-,EEB,Perşembe,12:30/15:29,,0,0,,"EEE_LS, EHB_LS, EHBE_LS, ELK_LS, ELKE_LS, KOM_LS, KOME_LS, ROS_LS, ROSE_LS",,
22038,EEF 281E,EEF,LS,Linear Algebra & Applications,,Ahmet Onat,EEB,Perşembe,12:30/15:29,4104,80,80,,"EEE_LS, EHB_LS, EHBE_LS, ELK_LS, ELKE_LS, KOM_LS, KOME_LS, ROS_LS, ROSE_LS",,
22039,ELK 221,ELK,LS,Elektrik Mühen. Temelleri,,Fatma Gül Bağrıyanık,EEB,Pazartesi,12:30/15:29,5103,40,12,,"CHZ_LS, GID_LS, IML_LS, ISL_LS, KMM_LS, MAK_LS, MET_LS, TEK_LS, UCK_LS, UZB_LS",,
22040,ELK 221,ELK,LS,Elektrik Mühen. Temelleri,,-,EEB,Çarşamba,08:30/11:29,,0,0,,"CHZ_LS, GID_LS, IML_LS, ISL_LS, KMM_LS, MAK_LS, MET_LS, TEK_LS, UCK_LS, UZB_LS",,
22041,ELK 221E,ELK,LS,Fundamentals of Electric. Eng.,,Cavit Fatih Küçüktezcan,EEB,Perşembe,12:30/15:29,Z1,50,35,,"CHZ_LS, CHZE_LS, GID_LS, GIDE_LS, IML_LS, IMLE_LS, ISL_LS, ISLE_LS, KMM_LS, KMME_LS, MAK_LS, MAKE_LS, MET_LS, METE_LS, PETE_LS, TEK_LS, TEKE_LS, UCK_LS, UCK_YD, UZB_LS, UZBE_LS",,
22042,ELK 221E,ELK,LS,Fundamentals of Electric. Eng.,,Ali Sinan Çabuk,EEB,Cuma,08:30/11:29,2106,55,53,,"CHZ_LS, CHZE_LS, GID_LS, GIDE_LS, IML_LS, IMLE_LS, ISL_LS, ISLE_LS, KMM_LS, KMME_LS, MAK_LS, MAKE_LS, MET_LS, METE_LS, PETE_LS, TEK_LS, TEKE_LS, UCK_LS, UCK_YD, UZB_LS, UZBE_LS",,
22043,ELK 221E,ELK,LS,Fundamentals of Electric. Eng.,,Zehra Elif Batman,EEB,Çarşamba,08:30/11:29,5307,55,49,,"CHZ_LS, CHZE_LS, GID_LS, GIDE_LS, IML_LS, IMLE_LS, ISL_LS, ISLE_LS, KMM_LS, KMME_LS, MAK_LS, MAKE_LS, MET_LS, METE_LS, PETE_LS, TEK_LS, TEKE_LS, UCK_LS, UCK_YD, UZB_LS, UZBE_LS",,
22044,ELK 226,ELK,LS,Elektrik-Elektronik Müh. Tem.,,Emre Özer,EEB,Çarşamba,08:30/11:29,5105,50,19,,"IML_LS, MAK_LS",,
22045,ELK 226,ELK,LS,Elektrik-Elektronik Müh. Tem.,,Ali Sinan Çabuk,EEB,Salı,08:30/11:29,5202,90,93,,"IML_LS, MAK_LS",,
22046,ELK 226,ELK,LS,Elektrik-Elektronik Müh. Tem.,,Murat İmeryüz,EEB,Cuma,08:30/11:29,5102,90,92,,"IML_LS, MAK_LS",,
22047,ELK 226E,ELK,LS,Fund.of Electri.& Electro.Eng.,,-,EEB,Salı,08:30/11:29,,0,0,,"IML_LS, IMLE_LS, MAK_LS, MAKE_LS",,
22048,ELK 234E,ELK,LS,Thermodynamics &Hydrodynamics,,-,EEB,Çarşamba,08:30/11:29,,0,0,,"EEE_LS, EHB_LS, EHBE_LS, ELK_LS, ELKE_LS",,
22049,ELK 308E,ELK,LS,Comp. Networks for Power Syst.,,Cavit Fatih Küçüktezcan,EEB,Pazartesi,08:30/11:29,5303,50,47,,"EEE_LS, ELK_LS, ELKE_LS",,
22050,ELK 312,ELK,LS,Yüksek Gerilim Tekniği,,Şükran Emel Önal,EEB,Perşembe,08:30/11:29,5304,65,86,,ELK_LS,,
22051,ELK 312E,ELK,LS,High Voltage Technique,,Suat İlhan,EEB,Perşembe,08:30/11:29,5302,80,100,,"EEE_LS, ELK_LS, ELKE_LS",,
22052,ELK 322,ELK,LS,Enerji İletim Sistemleri,,Canan Karatekin,EEB,Pazartesi,12:30/15:29,5307,40,39,,ELK_LS,,
22053,ELK 322,ELK,LS,Enerji İletim Sistemleri,,Emine Ayaz,EEB,Pazartesi,12:30/15:29,5107,40,35,,ELK_LS,,
22054,ELK 322E,ELK,LS,Power Transmission Systems,,Ömer Usta,EEB,Pazartesi,12:30/15:29,1301,40,41,,"EEE_LS, ELK_LS, ELKE_LS",,
22055,ELK 322E,ELK,LS,Power Transmission Systems,,Ramazan Çağlar,EEB,Pazartesi,12:30/15:29,5305,40,37,,"EEE_LS, ELK_LS, ELKE_LS",,
22056,ELK 336E,ELK,LS,Quantum Computation,,Deniz Türkpençe,EEB,Cuma,14:00/16:59,5302,70,79,,"EEE_LS, EHB_LS, EHBE_LS, ELK_LS, ELKE_LS, KOM_LS, KOME_LS",,
22057,ELK 342,ELK,LS,Güç Elektroniği Laboratuvarı,,Mehmet Onur Gülbahçe,EEB,Cuma,15:00/16:59,,55,57,,"ELK_LS, KOM_LS",,
22058,ELK 342,ELK,LS,Güç Elektroniği Laboratuvarı,,Mehmet Onur Gülbahçe,EEB,Pazartesi,08:30/10:29,,50,50,,"ELK_LS, KOM_LS",,
22059,ELK 342,ELK,LS,Güç Elektroniği Laboratuvarı,,Ali Saffet Altay,EEB,Perşembe,08:30/10:29,,50,13,,"ELK_LS, KOM_LS",,
22060,ELK 342E,ELK,LS,Power Electronics Laboratory,,Derya Ahmet Kocabaş,EEB,Pazartesi,12:30/14:29,,50,16,,"ELK_LS, ELKE_LS, KOM_LS, KOME_LS",,
22061,ELK 342E,ELK,LS,Power Electronics Laboratory,,Salih Barış Öztürk,EEB,Cuma,10:30/12:29,,55,60,,"ELK_LS, ELKE_LS, KOM_LS, KOME_LS",,
22062,ELK 346E,ELK,LS,Data Acquisition&Embed. Syst.,,Aydın Tarık Zengin,EEB,Cuma,08:30/11:29,5305,60,49,,"EEE_LS, ELK_LS, ELKE_LS, KOM_LS, KOME_LS",,
22063,ELK 356,ELK,LS,Elektrik Makinaları,,Derya Ahmet Kocabaş,EEB,Çarşamba,08:30/11:29,5305,40,54,,"ELK_LS, KOM_LS",,
22099,ELK 356,ELK,LS,Elektrik Makinaları,,Güven Kömürgöz Kırış,EEB,Çarşamba,08:30/11:29,5303,40,46,,"ELK_LS, KOM_LS",,
22100,ELK 356E,ELK,LS,Electrical Machines,,Lale Ergene,EEB,Çarşamba,08:30/11:29,2106,40,59,,"EEE_LS, ELK_LS, ELKE_LS, KOM_LS, KOME_LS",,
22101,ELK 364E,ELK,LS,Fund. of Super Conductivity,,Ahmet Cansız,EEB,Çarşamba,12:30/15:29,5304,50,64,,"EEE_LS, ELK_LS, ELKE_LS",,
22102,ELK 406,ELK,LS,Elektrik Enerjisi Dağıtımı,,Belgin Türkay,EEB,Salı,08:30/11:29,5207,35,37,,ELK_LS,,
22103,ELK 406,ELK,LS,Elektrik Enerjisi Dağıtımı,,Ayşen Demirören,EEB,Salı,08:30/11:29,5101,35,36,,ELK_LS,,
22105,ELK 406E,ELK,LS,Distribution of Electr. Energy,,Mustafa Bağrıyanık,EEB,Salı,08:30/11:29,5307,40,47,,"EEE_LS, ELK_LS, ELKE_LS",,
22106,ELK 414,ELK,LS,Elk. Mak. Aşırı Zorlanmalar,,-,EEB,Cuma,08:30/11:29,,0,0,,ELK_LS,,
22107,ELK 420,ELK,LS,Elektrik Dağıtım Otomas. Lab.,,Fatma Gül Bağrıyanık,EEB,Salı,14:30/16:29,,35,21,,ELK_LS,,
22108,ELK 420,ELK,LS,Elektrik Dağıtım Otomas. Lab.,,Fatma Gül Bağrıyanık,EEB,Salı,12:30/14:29,,35,36,,ELK_LS,,
22109,ELK 420E,ELK,LS,Electr. Distrib. Autom. Lab.,,Zehra Elif Batman,EEB,Çarşamba,12:30/14:29,,35,32,,"ELK_LS, ELKE_LS",,
22110,ELK 420E,ELK,LS,Electr. Distrib. Autom. Lab.,,Zehra Elif Batman,EEB,Cuma,14:30/16:29,,40,43,,"ELK_LS, ELKE_LS",,
22111,ELK 428,ELK,LS,Elektrikli ve Karma Taşıtlar,,Murat Yılmaz,EEB,Cuma,08:30/11:29,5303,50,47,,ELK_LS,,
22112,ELK 450,ELK,LS,Sürekli Mık. Mot. Tek. ve Tas.,,-,EEB,Salı,12:30/15:29,,0,0,,ELK_LS,,
22113,ELK 453E,ELK,LS,Ind. Appl. of Power Electron.,,Salih Barış Öztürk,EEB,Perşembe,12:30/15:29,5305,55,53,,"EEE_LS, ELK_LS, ELKE_LS, KOM_LS, KOME_LS",,
22115,ELK 458,ELK,LS,Elektrik Mühendisliği Projesi,,Mustafa Bağrıyanık,EEB,Pazartesi,08:30/11:29,5207,16,16,,ELK_LS,,
22116,ELK 458E,ELK,LS,Electrical Engineering Project,,Emre Özer,EEB,Pazartesi,08:30/11:29,5305,16,18,,"ELK_LS, ELKE_LS",,
22117,ELK 458E,ELK,LS,Electrical Engineering Project,,Derya Ahmet Kocabaş,EEB,Pazartesi,08:30/11:29,5307,20,19,,"ELK_LS, ELKE_LS",,
22118,ELK 458E,ELK,LS,Electrical Engineering Project,,Lale Erdem Atılgan,EEB,Pazartesi,08:30/11:29,5201,16,17,,"ELK_LS, ELKE_LS",,
22120,ELK 464,ELK,LS,Elk. Tesislerinde Koruma Tek.,,Hatice Lale Zeynelgil,EEB,Çarşamba,12:30/15:29,5305,55,55,,ELK_LS,,
22121,ELK 471E,ELK,LS,Engr. & Project Management,,Saeed Tasoujı Hassanpour,EEB,Çarşamba,12:30/15:29,5102,70,89,,"ELK_LS, ELKE_LS",,
22122,ELK 472E,ELK,LS,Renewable Energy Systems,,-,EEB,Perşembe,12:30/15:29,,0,0,,"EEE_LS, ELK_LS, ELKE_LS, KOM_LS, KOME_LS",,
22123,ELK 474E,ELK,LS,Power Syst. Contr. & Commun.,,Cavit Fatih Küçüktezcan,EEB,Cuma,08:30/11:29,5307,50,15,,"EEE_LS, ELK_LS, ELKE_LS",,
22124,ELK 488,ELK,LS,Elektrikli Sürücü Sistemleri,,Murat İmeryüz,EEB,Perşembe,08:30/11:29,5301,50,28,,ELK_LS,,
22125,ELK 488E,ELK,LS,Electric Drive Systems,,Derya Ahmet Kocabaş,EEB,Perşembe,08:30/11:29,5305,50,22,,"EEE_LS, ELK_LS, ELKE_LS, KOM_LS, KOME_LS",,
22126,ELK 493E,ELK,LS,Lighting Tech.&Photometry Lab.,,Lale Erdem Atılgan,EEB,Salı,12:30/15:29,5301,20,21,,"ELK_LS, ELKE_LS",,
22127,ELK 496E,ELK,LS,Power Syst. Dyn. & Stability,,Veysel Murat İstemihan Genç,EEB,Çarşamba,12:30/15:29,5203,50,14,,"EEE_LS, ELK_LS, ELKE_LS",,
22128,ELK 4901,ELK,LS,Elektrik Müh. Tasarımı I,,Mustafa Bağrıyanık,,,-/-,,200,28,,ELK_LS,,
22129,ELK 4901E,ELK,LS,Electrical Eng. Design I,,Mustafa Bağrıyanık,,,-/-,,200,16,,"ELK_LS, ELKE_LS",,
22130,ELK 4902,ELK,LS,Elektrik Müh. Tasarımı II,,Mustafa Bağrıyanık,,,-/-,,200,55,,ELK_LS,,
22131,ELK 4902E,ELK,LS,Electrical Eng. Design II,,Mustafa Bağrıyanık,,,-/-,,200,34,,"ELK_LS, ELKE_LS",,
22132,ELK 492,ELK,LS,Bitirme Tasarım Projesi,,Mustafa Bağrıyanık,,,-/-,,50,7,,ELK_LS,,
22134,DAN 102,DAN,LS,Girişimcilik & Kariyer Danış.,,Hakan Ali Çırpan,EEB,Çarşamba,15:30/17:29,,500,223,,"EHB_LS, EHBE_LS",,
22135,DAN 102,DAN,LS,Girişimcilik & Kariyer Danış.,,Suat İlhan,EEB,Çarşamba,15:30/17:29,,500,168,,"EEE_LS, ELK_LS, ELKE_LS",,
22136,DAN 102,DAN,LS,Girişimcilik & Kariyer Danış.,,İlker Üstoğlu,EEB,Çarşamba,15:30/17:29,,500,144,,"KOM_LS, KOME_LS, ROS_LS, ROSE_LS",,
22137,KON 218,KON,LS,Ölçme Tekniği ve Algılayıcılar,,Yücel Aydın,EEB,Cuma,08:30/12:29,5202,85,55,,"EHB_LS, ELK_LS, KOM_LS, MKN_LS",,
22138,KON 218,KON,LS,Ölçme Tekniği ve Algılayıcılar,,Onur Akbatı,EEB,Cuma,08:30/12:29,5204,85,86,,"EHB_LS, ELK_LS, KOM_LS, MKN_LS",,
22139,KON 218E,KON,LS,Measurement and Sensors,,Onur Akbatı,EEB,Perşembe,08:30/12:29,6309,85,139,,"EEE_LS, EHB_LS, EHBE_LS, ELK_LS, ELKE_LS, KOM_LS, KOME_LS",,
22140,KON 301E,KON,LS,System Modelling&Simulation,,Abdurrahman Yılmaz,EEB,Pazartesi,12:30/16:29,5105,70,27,,"KOM_LS, KOME_LS",,
22141,KON 306,KON,LS,Bilgisayar Kontrollü Sistemler,,Ahmet Onat,EEB | EEB,Salı | Çarşamba,15:30/17:29 | 12:30/14:29,5104 | 5104,75,73,,KOM_LS,,
22142,KON 306E,KON,LS,Computer Controlled Systems,,Yaprak Yalçın,EEB | EEB,Salı | Çarşamba,15:30/17:29 | 12:30/14:29,5102 | 2102,75,66,,"EEE_LS, KOM_LS, KOME_LS",,
22143,KON 313E,KON,LS,Feedback Control Systems,,Erhan Yumuk,EEB,Salı,12:30/15:29,5302,70,70,,"CEN_LS, EEE_LS, EHB_LS, EHBE_LS, ELK_LS, ELKE_LS, KOM_LS, KOME_LS, MKN_LS",,
22144,KON 313E,KON,LS,Feedback Control Systems,,Farzad Hashemzadeh,EEB,Salı,12:30/15:29,5304,70,69,,"CEN_LS, EEE_LS, EHB_LS, EHBE_LS, ELK_LS, ELKE_LS, KOM_LS, KOME_LS, MKN_LS",,
22145,KON 314,KON,LS,Kontrol Sistem Tasarımı,,Mehmet Turan Söylemez,EEB | EEB,Pazartesi | Perşembe,11:30/13:29 | 15:30/17:29,2104 | 6307,70,61,,KOM_LS,,
22146,KON 314E,KON,LS,Control System Design,,İlker Üstoğlu,EEB | EEB,Pazartesi | Cuma,11:30/13:29 | 15:30/17:29,2106 | 6307,70,65,,"EEE_LS, KOM_LS, KOME_LS",,
22147,KON 315,KON,LS,Elektronik Enstrümantasyon,,Yücel Aydın,EEB,Cuma,14:00/17:59,5202,70,5,,KOM_LS,,
22148,KON 318E,KON,LS,Introduction to Robotics,,Hakan Temeltaş,EEB,Salı,12:30/15:29,2106,80,79,,"KOM_LS, KOME_LS",,
22149,KON 324E,KON,LS,Sensors&Transducers in Contr.,,Ali Fuat Ergenç,EEB,Perşembe,12:30/15:29,5205,70,30,,"EEE_LS, END_LS, ENDE_LS, KOM_LS, KOME_LS, MKN_LS",,
22150,KON 325,KON,LS,Endüstriyel Otomasyon Sist.,,Onur Akbatı,EEB,Salı,12:30/15:29,2104,70,59,,KOM_LS,,
22151,KON 325E,KON,LS,Industrial Automation Systems,,Yaprak Yalçın,EEB,Salı,12:30/15:29,2102,70,23,,"KOM_LS, KOME_LS",,
22152,KON 417E,KON,LS,Servo Motors,,Metin Gökaşan,EEB,Salı,08:30/11:29,5201,70,67,,"EEE_LS, KOM_LS, KOME_LS",,
22154,KON 424E,KON,LS,Mod.&Cntrl of Biological Sys.,,Emre Dincel,EEB,Çarşamba,12:30/15:29,,65,75,,"EEE_LS, EHB_LS, EHBE_LS, KOM_LS, KOME_LS",,
22155,KON 426E,KON,LS,Intelligent Control Systems,,Gülay Öke Günel,EEB,Pazartesi,12:30/15:29,4104,65,53,,"EEE_LS, KOM_LS, KOME_LS, MKN_LS",,
22156,KON 428,KON,LS,Optimal Kontrole Giriş,,Müjde Güzelkaya,EEB,Pazartesi,08:30/11:29,2104,60,62,,"KOM_LS, MKN_LS",,
22157,KON 428E,KON,LS,Intr. to Optimal Control,,Osman Kaan Erol,EEB,Pazartesi,08:30/11:29,5105,60,42,,"EEE_LS, KOM_LS, KOME_LS, MKN_LS",,
22158,KON 429E,KON,LS,Autonomous Vehicles,,Volkan Sezer,EEB,Pazartesi,08:30/11:29,2106,45,44,,"EEE_LS, EHB_LS, EHBE_LS, KOM_LS, KOME_LS",,
22159,KON 436E,KON,LS,Int.to Nonlinear Control Syst.,,Emre Dincel,EEB,Perşembe,08:30/11:29,,65,98,,"EEE_LS, KOM_LS, KOME_LS, MKN_LS",,
22160,KON 4901,KON,LS,Kontrol&Otom. Müh.Tasarımı I,,Mehmet Turan Söylemez,,,-/-,,200,23,,KOM_LS,,
22161,KON 4901E,KON,LS,Contr.&Automation Eng.Design I,,Mehmet Turan Söylemez,,,-/-,,200,20,,"KOM_LS, KOME_LS",,
22162,KON 4902,KON,LS,Kontrol&Otom. Müh.Tasarımı II,,Mehmet Turan Söylemez,,,-/-,,200,53,,KOM_LS,,
22163,KON 4902E,KON,LS,Contr.&Automation Eng.DesignII,,Mehmet Turan Söylemez,,,-/-,,200,60,,"KOM_LS, KOME_LS",,
22164,KON 492,KON,LS,Bitirme Tasarım Projesi,,Mehmet Turan Söylemez,,,-/-,,50,3,,KOM_LS,,
22165,KON 492E,KON,LS,Senior Design Project,,Mehmet Turan Söylemez,,,-/-,,50,2,,"KOM_LS, KOME_LS",,
22166,EHN 101,EHN,LS,Engineering Ethics,,Tayfun Akgül,EEB,Salı,11:30/12:29,1303,30,18,,EHN_LS,,
22167,EHN 105,EHN,LS,Intr to Sci&Eng Comp (C),,Serkan Şimşek,EEB | EEB,Perşembe | Perşembe,08:30/10:29 | 14:30/16:29,1303 | 1303,30,18,,EHN_LS,,
22168,EHN 121,EHN,LS,Fundamentals of Eng. Dsgn.,,İsmail Serdar Özoğuz,EEB,Pazartesi,12:30/14:29,1303,30,18,,EHN_LS,,
22169,EHN 313,EHN,LS,Electromagnetic Waves,,İbrahim Akduman,EEB,Salı,08:30/11:29,1303,30,7,,EHN_LS,,
22170,EHN 316,EHN,LS,Electronic Devices,,Mustafa Berke Yelten,EEB | EEB,Salı | Cuma,13:30/15:29 | 14:00/16:59,1303 | 1303,30,7,,EHN_LS,,
22171,EHN 334,EHN,LS,Random Signals and Noise,,Hakan Ali Çırpan,EEB,Çarşamba,12:30/15:29,1303,30,7,,EHN_LS,,
22172,EHN 351,EHN,LS,Analog Communications,,Ender Mete Ekşioğlu,EEB,Perşembe,08:30/11:29,1301,30,8,,EHN_LS,,
22173,MTH 271,MTH,LS,Probability and Statistics,,Tuba Yılmaz Abdolsaheb,EEB,Cuma,08:30/11:29,1303,30,20,,EHN_LS,,
22174,EHB 208,EHB,LS,Veri Yapıları ve Programlama,,Ali Bahadır,EEB,Cuma,14:00/16:59,5102,85,84,,"EHB_LS, ELK_LS, KOM_LS, ROS_LS, TEL_LS",,
22175,EHB 208E,EHB,LS,Data Structures & Programming,,Bora Döken,EEB,Cuma,14:00/16:59,5104,85,82,,"EEE_LS, EHB_LS, EHBE_LS, ELK_LS, ELKE_LS, KOM_LS, KOME_LS, ROS_LS, ROSE_LS",,
22176,EHB 208E,EHB,LS,Data Structures & Programming,,İbrahim Çatalkaya,EEB,Cuma,14:00/16:59,5204,85,62,,"EEE_LS, EHB_LS, EHBE_LS, ELK_LS, ELKE_LS, KOM_LS, KOME_LS, ROS_LS, ROSE_LS",,
22177,EHB 222E,EHB,LS,Introduction to Electronics,,Hasan Bülent Yağcı,EEB,Pazartesi,08:30/11:29,4102,80,81,,"BLG_LS, BLGE_LS, CEN_LS, EHB_LS, EHBE_LS, ELE_LS, ELH_LS, ELK_LS, ELKE_LS, KOM_LS, KOME_LS, MKN_LS, ROS_LS, ROSE_LS, TEL_LS",,
22178,EHB 222E,EHB,LS,Introduction to Electronics,,Muhammet Tahir Güneşer,EEB,Pazartesi,08:30/11:29,4104,80,18,,"BLG_LS, BLGE_LS, CEN_LS, EHB_LS, EHBE_LS, ELE_LS, ELH_LS, ELK_LS, ELKE_LS, KOM_LS, KOME_LS, MKN_LS, ROS_LS, ROSE_LS, TEL_LS",,
22179,EHB 308,EHB,LS,Haberleşme-II,,İbrahim Altunbaş,EEB,Perşembe,12:30/15:29,5201,70,71,,EHB_LS,,
22180,EHB 308E,EHB,LS,Communication II,,Ertuğrul Güvenkaya,EEB,Perşembe,12:30/15:29,5207,70,72,,"EEE_LS, EHB_LS, EHBE_LS",,
22181,EHB 308E,EHB,LS,Communication II,,Ferkan Yılmaz,EEB,Perşembe,12:30/15:29,5101,70,69,,"EEE_LS, EHB_LS, EHBE_LS",,
22182,EHB 311E,EHB,LS,Intr.to Electronics Laboratory,,Ali Bahadır,EEB,Cuma,10:30/12:29,,45,47,,"EEE_LS, EHB_LS, EHBE_LS, EHS_LS, KOM_LS, KOME_LS",,
22183,EHB 311E,EHB,LS,Intr.to Electronics Laboratory,,Hasan Bülent Yağcı,EEB,Cuma,10:30/12:29,,45,44,,"EEE_LS, EHB_LS, EHBE_LS, EHS_LS, KOM_LS, KOME_LS",,
22184,EHB 311E,EHB,LS,Intr.to Electronics Laboratory,,Hasan Bülent Yağcı,EEB,Cuma,14:00/15:59,,45,33,,"EEE_LS, EHB_LS, EHBE_LS, EHS_LS, KOM_LS, KOME_LS",,
22185,EHB 311E,EHB,LS,Intr.to Electronics Laboratory,,Muhammet Tahir Güneşer,EEB,Cuma,14:00/15:59,,45,20,,"EEE_LS, EHB_LS, EHBE_LS, EHS_LS, KOM_LS, KOME_LS",,
22186,EHB 322E,EHB,LS,Digital Electronic Circuits,,Sheıda Farajı,EEB,Pazartesi,12:30/15:29,6309,80,82,,"BLG_LS, BLGE_LS, EEE_LS, EHB_LS, EHBE_LS, EHS_LS, ELE_LS, ELH_LS",,
22187,EHB 322E,EHB,LS,Digital Electronic Circuits,,Mustafa Altun,EEB,Pazartesi,12:30/15:29,4102,80,81,,"BLG_LS, BLGE_LS, EEE_LS, EHB_LS, EHBE_LS, EHS_LS, ELE_LS, ELH_LS",,
22188,EHB 322E,EHB,LS,Digital Electronic Circuits,,Nil Banu Tarım,EEB,Pazartesi,12:30/15:29,5207,80,54,,"BLG_LS, BLGE_LS, EEE_LS, EHB_LS, EHBE_LS, EHS_LS, ELE_LS, ELH_LS",,
22190,EHB 334E,EHB,LS,Random Signals and Noise,,Tayfun Akgül,EEB,Cuma,14:00/16:59,2102,60,19,,"EEE_LS, EHB_LS, EHBE_LS, EHS_LS, KOM_LS, KOME_LS, TEL_LS",,
22191,EHB 362,EHB,LS,Mikrodalga Mühendisliği,,Mesut Kartal,EEB,Çarşamba,12:30/15:29,5204,70,69,,"EHB_LS, TEL_LS",,
22192,EHB 362E,EHB,LS,Microwave Engineering,,Mehmet Çayören,EEB,Çarşamba,12:30/15:29,2104,70,70,,"EEE_LS, EHB_LS, EHBE_LS",,
22193,EHB 362E,EHB,LS,Microwave Engineering,,Serkan Şimşek,EEB,Çarşamba,12:30/15:29,2106,70,64,,"EEE_LS, EHB_LS, EHBE_LS",,
22194,EHB 408E,EHB,LS,Wireless Com.Networks,,Ferkan Yılmaz,EEB,Pazartesi,08:30/11:29,5103,50,11,,"EEE_LS, EHB_LS, EHBE_LS, EHS_LS, TEL_LS",,
22195,EHB 420E,EHB,LS,Artificial Neural Networks,,İsa Yıldırım,EEB,Cuma,14:00/16:59,6309,70,61,,"EHB_LS, EHBE_LS, EHS_LS, TEL_LS",,
22196,EHB 420E,EHB,LS,Artificial Neural Networks,,Ömer Melih Gül,EEB,Cuma,14:00/16:59,5304,70,58,,"EHB_LS, EHBE_LS, EHS_LS, TEL_LS",,
22197,EHB 425E,EHB,LS,VLSI Circuit Design II,,Sıddıka Berna Örs Yalçın,EEB,Pazartesi,08:30/11:29,5107,20,16,,"EEE_LS, EHB_LS, EHBE_LS, EHS_LS",,
22198,EHB 429E,EHB,LS,Communication Electronic Circuits,,Hasan Bülent Yağcı,EEB,Salı,08:30/11:29,5103,60,53,,"EEE_LS, EHB_LS, EHBE_LS, EHS_LS",,
22199,EHB 431E,EHB,LS,Design & Appl.Digital Com.Sys.,,Hakan Ali Çırpan,EEB,Perşembe,08:30/12:29,5303,20,10,,"EEE_LS, EHB_LS, EHBE_LS, EHS_LS, TEL_LS",,
22200,EHB 437,EHB,LS,Biyomedikal Düzenler,,Zümray Ölmez,EEB,Perşembe,13:30/16:29,1301,50,10,,"EHB_LS, ELE_LS, ELH_LS, KOM_LS",,
22201,EHB 440E,EHB,LS,Comp.Aided Devices in Medicine,,Onur Ergen,EEB,Salı,12:30/15:29,6309,70,75,,"EEE_LS, EHB_LS, EHBE_LS, EHS_LS",,
22202,EHB 445,EHB,LS,Tıbbi Enstr. Tasarım ve Uyg.,,Tamer Ölmez,EEB,Salı,12:30/16:29,5203,20,16,,"EHB_LS, ELE_LS",,
22204,EHB 453E,EHB,LS,Intr.to Mobile Communications,,Mustafa Ergen,EEB,Çarşamba,12:30/15:29,5201,50,9,,"EEE_LS, EHB_LS, EHBE_LS, EHS_LS, TEL_LS",,
22205,EHB 455,EHB,LS,Mikrodenetleyici Tem.Sist.Tas.,,Tamer Ölmez,EEB,Perşembe,08:30/11:29,2102,65,63,,"EHB_LS, KOM_LS, KON_LS",,
22206,EHB 456E,EHB,LS,Antennas,,Mehmet Nuri Akıncı,EEB,Perşembe,08:30/11:29,5202,65,69,,"EEE_LS, EHB_LS, EHBE_LS, EHS_LS, TEL_LS",,
22207,EHB 456E,EHB,LS,Antennas,,Semih Doğu,EEB,Cuma,08:30/11:29,5302,65,61,,"EEE_LS, EHB_LS, EHBE_LS, EHS_LS, TEL_LS",,
22208,EHB 464E,EHB,LS,Satellite Communications,,Mesut Kartal,EEB,Perşembe,12:30/15:29,5107,60,42,,"EEE_LS, EHB_LS, EHBE_LS, EHS_LS, TEL_LS",,
22209,EHB 466E,EHB,LS,Remote Sensing,,İbrahim Çatalkaya,EEB,Salı,08:30/11:29,5205,50,16,,"EEE_LS, EHB_LS, EHBE_LS, EHS_LS, TEL_LS",,
22210,EHB 474E,EHB,LS,Introduction to Optimization,,Behçet Uğur Töreyin,EEB,Çarşamba,08:30/11:29,2102,70,73,,"EEE_LS, EHB_LS, EHBE_LS, KOM_LS, KOME_LS, KON_LS",,
22211,EHB 4901,EHB,LS,Elektronik & Hab. Müh. Tas .I,,Hakan Ali Çırpan,,,-/-,,200,15,,EHB_LS,,
22212,EHB 4901E,EHB,LS,Elect.&Comm. Eng. Design I,,Hakan Ali Çırpan,,,-/-,,200,27,,"EHB_LS, EHBE_LS, EHS_LS",,
22213,EHB 4902,EHB,LS,Elektronik & Hab. Müh. Tas .II,,Hakan Ali Çırpan,,,-/-,,200,62,,EHB_LS,,
22214,EHB 4902E,EHB,LS,Elect.&Comm. Eng. Design II,,Hakan Ali Çırpan,,,-/-,,200,110,,"EEE_LS, EHB_LS, EHBE_LS, EHS_LS",,
22215,EHB 492,EHB,LS,Bitirme Projesi,,Hakan Ali Çırpan,,,-/-,,50,2,,EHB_LS,,
22217,MAT 202E,MAT,LS,Numerical Methods,,Zehra Elif Batman,EEB,Salı,12:30/15:29,5305,50,22,,"ELK_LS, ELKE_LS",,
22218,MYZ 307,MYZ,LS,Elektrik-Elektronik Mühendisleri için Makine Öğrenmesi,,Bilge Günsel,EEB,Salı,12:30/15:29,5205,60,30,,"EHB_LS, ELK_LS, KON_LS",,
22219,MYZ 307E,MYZ,LS,Machine Learning for Electrical and Electronics Engineering,,Ender Mete Ekşioğlu,EEB,Salı,12:30/15:29,5201,60,54,,"EEE_LS, EHB_LS, EHBE_LS, ELK_LS, ELKE_LS, KOM_LS, KOME_LS",,
22220,MYZ 307E,MYZ,LS,Machine Learning for Electrical and Electronics Engineering,,Tufan Kumbasar,EEB,Salı,12:30/15:29,5207,60,56,,"EEE_LS, EHB_LS, EHBE_LS, ELK_LS, ELKE_LS, KOM_LS, KOME_LS",,
22221,MAL 201,MAL,LS,Malzeme Bilimi,,Aytekin Uzunoğlu,EEB,Pazartesi,08:30/11:29,5205,50,6,,"EHB_LS, ELK_LS, KOM_LS, ROS_LS",,
22222,PHY 124,PHY,LS,Physics II,,Mehmet Murat Sunar,EEB,Salı,14:30/17:29,1301,30,19,,EHN_LS,,
22223,PHY 124L,PHY,LS,Physics II Lab,,Mehmet Murat Sunar,EEB,Çarşamba,11:30/13:29,1301,30,18,,EHN_LS,,
22224,MTH 132,MTH,LS,Mathematics II,,-,,,-/-,,0,0,,,,
22225,JEO 439,JEO,LS,Yerbilimlerinde CBS Uygulamaları,,-,MDB,Salı,08:30/10:29,,0,0,,JEO_LS,,
22227,MAK 101,MAK,LS,Makina Müh. Giriş ve Etik,,İsmail Yalçın Uralcan,MKB,Çarşamba,13:30/15:29,KS,500,92,,MAK_LS,,
22228,MAK 104E,MAK,LS,Intr to Comp in Mech. Eng (C),,Bülent Bölat,MKB,Çarşamba,08:30/11:29,406,50,48,,"IML_LS, MAK_LS, MAK_YD",,
22229,MAK 104E,MAK,LS,Intr to Comp in Mech. Eng (C),,Bülent Bölat,MKB,Cuma,08:30/11:29,406,50,47,,"IML_LS, MAK_LS, MAK_YD",,
22231,MAK 104E,MAK,LS,Intr to Comp in Mech. Eng (C),,Kubilay Yay,MKB,Perşembe,08:30/11:29,406,50,50,,"IML_LS, MAK_LS, MAK_YD",,
22232,MAK 104E,MAK,LS,Intr to Comp in Mech. Eng (C),,Kubilay Yay,MKB,Salı,08:30/11:29,406,50,18,,"IML_LS, MAK_LS, MAK_YD",,
22233,MAK 105,MAK,LS,Makine Tasarımına Giriş,,Adem Candaş,MKB | MKB,Çarşamba | Perşembe,08:30/10:29 | 08:30/11:29,R362 | R362,60,7,,"IML_LS, MAK_LS",,
22234,MAK 107,MAK,LS,Makina Tasarımına Giriş,,Cevat Erdem İmrak,MKB,Perşembe,08:30/11:29,R354,60,45,,"IML_LS, MAK_LS",,
22235,MAK 107,MAK,LS,Makina Tasarımına Giriş,,Yusuf Ziya Kocabal,MKB,Cuma,08:30/11:29,R354,60,46,,"IML_LS, MAK_LS",,
22236,MAK 110E,MAK,LS,Comput.Aided Technical Drawing,,Ali İmre Aydeniz,MKB,Çarşamba,08:30/12:29,409,60,18,,"IML_LS, MAK_LS, MAK_YD, MKN_YD_EL, MKN_YD_MK",,
22237,MAK 110E,MAK,LS,Comput.Aided Technical Drawing,,Atakan Altınkaynak,MKB,Perşembe,08:30/12:29,409,60,60,,"IML_LS, MAK_LS, MAK_YD, MKN_YD_EL, MKN_YD_MK",,
22238,MAK 110E,MAK,LS,Comput.Aided Technical Drawing,,Erkan Günpınar,MKB,Cuma,08:30/12:29,409,60,56,,"IML_LS, MAK_LS, MAK_YD, MKN_YD_EL, MKN_YD_MK",,
22239,MAK 114,MAK,LS,Lineer Cebir ve Uygulamaları,,Bülent Bölat,MKB | MKB,Pazartesi | Salı,10:30/11:29 | 10:30/12:29,A363 | A363,100,87,,"IML_LS, MAK_LS",,
22240,MAK 114,MAK,LS,Lineer Cebir ve Uygulamaları,,Sinem Öztürk,MKB | MKB,Pazartesi | Salı,10:30/11:29 | 10:30/12:29,A501 | A501,100,98,,"IML_LS, MAK_LS",,
22241,MAK 118,MAK,LS,Statik,,Mehmet Salih Dokuz,MKB | MKB,Pazartesi | Salı,08:30/10:29 | 08:30/09:29,A201 | A201,90,89,,"MAK_LS, MKN_YD_EL, MKN_YD_MK",,
22242,MAK 118,MAK,LS,Statik,,Sevinç Ayşe Zaloğlu,MKB | MKB,Pazartesi | Salı,08:30/10:29 | 08:30/09:29,A501 | A501,90,80,,"MAK_LS, MKN_YD_EL, MKN_YD_MK",,
22243,MAK 198,MAK,LS,Atölye: İşSağ.&Güv. Mak.Elema.,,"Yusuf Ziya Kocabal , / Adem Candaş",MKB,Salı,08:30/10:29,D359,300,17,,MAK_LS,,
22244,MAK 198,MAK,LS,Atölye: İşSağ.&Güv. Mak.Elema.,,Serpil Kurt Habiboğlu,MKB,Çarşamba,08:30/10:29,D357,300,22,,MAK_LS,,
22245,MAK 199,MAK,LS,Atölye:CAD Mod.Tersine Müh.,,"İsmail Yalçın Uralcan , / Erkan Günpınar",,,-/-,,300,163,,MAK_LS,,
22246,MAK 200,MAK,LS,Atölye,,Yusuf Ziya Kocabal,,,-/-,,300,23,,"IML_LS, MAK_LS",,
22247,MAK 210E,MAK,LS,Engineering Mathematics,,Umut Şahin,MKB | MKB,Çarşamba | Cuma,10:30/12:29 | 10:30/12:29,A201 | A201,80,43,,"IML_LS, MAK_LS",,
22248,MAK 201E,MAK,LS,Engineering Mathematics,,Adem Candaş,MKB | MKB,Çarşamba | Cuma,10:30/12:29 | 10:30/12:29,D318 | D318,80,75,,MAK_LS,,
22249,MAK 201E,MAK,LS,Engineering Mathematics,,-,MKB | MKB,Çarşamba | Cuma,10:30/12:29 | 10:30/12:29,,0,0,,MAK_LS,,
22251,MAK 202E,MAK,LS,Numerical Meth.for Mech. Eng.,,Sertaç Çadırcı,MKB | MKB,Çarşamba | Çarşamba,08:30/10:29 | 12:30/13:29,A201 | A201,100,87,,"IML_LS, MAK_LS, MAK_MTM_LS",,
22252,MAK 217,MAK,LS,Dinamik,,Uğurcan Eroğlu,MKB | MKB,Salı | Perşembe,10:30/12:29 | 08:30/10:29,D351 | D351,80,48,,"MAK_LS, MKN_YD_MK",,
22253,MAK 203,MAK,LS,Dinamik,,Sevinç Ayşe Zaloğlu,MKB | MKB,Salı | Perşembe,10:30/12:29 | 08:30/10:29,D368A | D368A,80,62,,"MAK_LS, MKN_YD_MK",,
22254,MAK 219,MAK,LS,Mukavemet I,,Adil Yücel,MKB | MKB,Salı | Perşembe,13:30/15:29 | 15:30/17:29,D318 | D318,120,49,,"MAK_LS, MKN_YD_MK",,
22255,MAK 205,MAK,LS,Mukavemet I,,Uğurcan Eroğlu,MKB | MKB,Salı | Perşembe,13:30/15:29 | 15:30/16:29,A363 | A363,120,100,,"MAK_LS, MKN_YD_MK",,
22256,MAK 220,MAK,LS,Mukavemet II,,Ekrem Tüfekci,MKB | MKB,Salı | Perşembe,13:30/15:29 | 15:30/17:29,D317 | D317,80,39,,"MAK_LS, MKN_YD_MK",,
22257,MAK 206,MAK,LS,Mukavemet II,,Emin Sünbüloğlu,MKB | MKB,Salı | Perşembe,13:30/15:29 | 15:30/16:29,A101 | A101,60,13,,"MAK_LS, MKN_YD_MK",,
22258,MAK 206,MAK,LS,Mukavemet II,,Süreyya Ergün Bozdağ,MKB | MKB,Salı | Perşembe,13:30/15:29 | 15:30/16:29,A201 | A201,60,60,,"MAK_LS, MKN_YD_MK",,
22259,MAK 211E,MAK,LS,Probability and Statistics,,Hakan Öksüzoğlu,MKB | MKB,Pazartesi | Cuma,08:30/10:29 | 09:30/10:29,,80,9,,"IML_LS, MAK_LS",,
22260,MAK 209E,MAK,LS,Probability and Statistics,,Hakan Öksüzoğlu,MKB | MKB,Pazartesi | Cuma,08:30/10:29 | 09:30/10:29,D318 | D318,120,110,,"IML_LS, MAK_LS",,
22261,MAK 213,MAK,LS,Malzeme Bilimi,,Ramazan Murat Tabanlı,MKB | MKB,Salı | Perşembe,08:30/10:29 | 10:30/12:29,D361B | D361B,80,31,,"IML_LS, MAK_LS",,
22262,MAK 223,MAK,LS,Malzeme Bilimi,,Raşid Ahmed Yıldız,MKB | MKB,Salı | Perşembe,08:30/10:29 | 10:30/12:29,D361A | D361A,80,45,,"IML_LS, MAK_LS",,
22263,MAK 215,MAK,LS,Termodinamik I,,Turgut Yılmaz,MKB | MKB,Pazartesi | Salı,13:30/15:29 | 15:30/16:29,A501 | A501,90,88,,"MAK_LS, MKN_YD_MK",,
22264,MAK 231,MAK,LS,Termodinamik I,,Bayram Şahin,MKB | MKB,Pazartesi | Cuma,13:30/15:29 | 08:30/09:29,A363 | A101,120,100,,"MAK_LS, MKN_YD_MK",,
22265,MAK 226,MAK,LS,Termodinamik II,,Yakup Erhan Böke,MKB | MKB,Pazartesi | Salı,13:30/15:29 | 15:30/16:29,A201 | A201,130,100,,"MAK_LS, MKN_YD_MK",,
22266,MAK 232,MAK,LS,Termodinamik II,,Ersin Sayar,MKB | MKB,Pazartesi | Salı,13:30/15:29 | 15:30/16:29,D381B | D381B,80,1,,"MAK_LS, MKN_YD_MK",,
22267,MAK 232,MAK,LS,Termodinamik II,,Mustafa Özdemir,MKB | MKB,Pazartesi | Salı,13:30/15:29 | 15:30/16:29,D318 | D318,90,83,,"MAK_LS, MKN_YD_MK",,
22268,MAK 224E,MAK,LS,Engineering Materials,,Mustafa Bakkal,MKB,Cuma,15:30/17:29,A201,95,85,,"IML_LS, MAK_LS",,
22269,MAK 224E,MAK,LS,Engineering Materials,,Ersan Üstündağ,MKB,Cuma,15:30/17:29,D318,95,94,,"IML_LS, MAK_LS",,
22271,MAK 230E,MAK,LS,Alg.Dev.& Comp.App.with Python,,Barış Doğru,MKB | MKB,Salı | Çarşamba,12:30/13:29 | 13:30/15:29,404 | 404,50,16,,"IML_LS, MAK_LS",,
22272,MAK 298,MAK,LS,Atölye: Malzemeler ve İmalat Yöntemleri,,"İsmail Yalçın Uralcan , / Canan Gamze Güleryüz Parasız",,,-/-,,300,72,,MAK_LS,,
22273,MAK 299,MAK,LS,Atölye: Elektromekanik Sistemler,,İsmail Yalçın Uralcan,,,-/-,,300,108,,MAK_LS,,
22274,MAK 228,MAK,LS,Akışkanlar Mekaniği I,,Levent Ali Kavurmacıoğlu,MKB | MKB,Pazartesi | Çarşamba,15:30/17:29 | 10:30/11:29,A501 | A501,120,103,,"MAK_LS, MKN_YD_MK",,
22275,MAK 234,MAK,LS,Akışkanlar Mekaniği I,,Erkan Ayder,MKB | MKB,Pazartesi | Çarşamba,15:30/17:29 | 10:30/11:29,A101 | A363,60,62,,"MAK_LS, MKN_YD_MK",,
22276,MAK 234,MAK,LS,Akışkanlar Mekaniği I,,Levent Ali Kavurmacıoğlu,MKB | MKB,Pazartesi | Çarşamba,15:30/17:29 | 10:30/11:29,,60,13,,"MAK_LS, MKN_YD_MK",,
22277,MAK 229,MAK,LS,Akışkanlar Mekaniği II,,Hasan Güneş,MKB | MKB,Pazartesi | Cuma,13:30/15:29 | 14:30/15:29,D361B | D361B,60,23,,"MAK_LS, MKN_YD_MK, MSS_LS",,
22278,MAK 229,MAK,LS,Akışkanlar Mekaniği II,,Tahsin Engin,MKB | MKB,Pazartesi | Cuma,13:30/15:29 | 14:30/15:29,D317 | D317,60,62,,"MAK_LS, MKN_YD_MK, MSS_LS",,
22279,MAK 312,MAK,LS,Ölçme Değerlendirme,,Ayhan Kural,MKB | MKB,Çarşamba | Perşembe,10:30/12:29 | 11:30/13:29,A101 | A101,120,20,,"IML_LS, MAK_LS, MAK_YD, MKN_YD_MK, MSS_LS",,
22280,MAK 313,MAK,LS,Isı Geçişi,,Ali İhsan Koca,MKB | MKB,Pazartesi | Cuma,15:30/17:29 | 15:30/17:29,A363 | D368A,60,42,,"MAK_LS, MAK_YD, MSS_LS",,
22281,MAK 313,MAK,LS,Isı Geçişi,,Bayram Şahin,MKB | MKB,Pazartesi | Cuma,15:30/17:29 | 15:30/17:29,A201 | A101,60,63,,"MAK_LS, MAK_YD, MSS_LS",,
22282,MAK 314,MAK,LS,Biyomalzemeler ve Biyomekanik,,Süreyya Ergün Bozdağ,MKB,Salı,15:30/18:29,A101,100,103,,MAK_LS,,
22283,MAK 315,MAK,LS,Mekanik Titreşimler,,Akif Yavuz,MKB | MKB,Salı | Çarşamba,11:30/13:29 | 10:30/11:29,D374 | D374,70,72,,"IML_LS, MAK_LS, MAK_YD, MKN_YD_MK, MSS_LS",,
22284,MAK 315,MAK,LS,Mekanik Titreşimler,,Vahit Mermertaş,MKB | MKB,Salı | Çarşamba,11:30/13:29 | 10:30/11:29,D317 | D317,75,71,,"IML_LS, MAK_LS, MAK_YD, MKN_YD_MK, MSS_LS",,
22285,MAK 324,MAK,LS,Makina Teorisi,,Erdinç Altuğ,MKB | MKB,Çarşamba | Cuma,08:30/10:29 | 08:30/09:29,A501 | A501,60,57,,"MAK_LS, MAK_YD, MKN_YD_MK",,
22286,MAK 324,MAK,LS,Makina Teorisi,,Haluk Erol,MKB | MKB,Çarşamba | Cuma,08:30/10:29 | 08:30/09:29,A363 | A363,60,60,,"MAK_LS, MAK_YD, MKN_YD_MK",,
22287,MAK 324,MAK,LS,Makina Teorisi,,Vahit Mermertaş,MKB | MKB,Çarşamba | Cuma,08:30/10:29 | 08:30/09:29,D317 | D317,60,61,,"MAK_LS, MAK_YD, MKN_YD_MK",,
22288,MAK 333,MAK,LS,Sistem Dinamiği ve Kontrol,,Merve Acer Kalafat,MKB | MKB,Çarşamba | Perşembe,13:30/15:29 | 13:30/15:29,A363 | A363,75,75,,"IML_LS, MAK_LS, MAK_YD",,
22289,MAK 333,MAK,LS,Sistem Dinamiği ve Kontrol,,Senem Kurşun,MKB | MKB,Çarşamba | Perşembe,13:30/15:29 | 13:30/15:29,D317 | D317,70,70,,"IML_LS, MAK_LS, MAK_YD",,
22290,MAK 333E,MAK,LS,System Dynamics and Control,,Erdinç Altuğ,MKB | MKB,Çarşamba | Perşembe,13:30/15:29 | 13:30/15:29,D374 | D374,60,7,,"IML_LS, MAK_LS, MAK_YD",,
22291,MAK 339,MAK,LS,Makina Elemanları I,,Cemal Baykara,MKB | MKB,Pazartesi | Salı,08:30/10:29 | 08:30/11:29,R362 | R362,85,89,,"MAK_LS, MKN_YD_MK",,
22292,MAK 339,MAK,LS,Makina Elemanları I,,Hikmet Kocabaş,MKB | MKB,Pazartesi | Salı,08:30/10:29 | 08:30/11:29,R358 | R358,85,82,,"MAK_LS, MKN_YD_MK",,
22293,MAK 342,MAK,LS,Makina Elemanları II,,İbrahim Mehmet Palabıyık,MKB | MKB,Pazartesi | Salı,08:30/10:29 | 08:30/10:29,D368A | D368A,60,20,,"MAK_LS, MKN_YD_MK",,
22294,MAK 342,MAK,LS,Makina Elemanları II,,Vedat Temiz,MKB | MKB,Pazartesi | Salı,08:30/10:29 | 08:30/10:29,A363 | A363,60,61,,"MAK_LS, MKN_YD_MK",,
22295,MAK 342,MAK,LS,Makina Elemanları II,,Zeynep Parlar,MKB | MKB,Pazartesi | Salı,08:30/10:29 | 08:30/10:29,R354 | A101,60,59,,"MAK_LS, MKN_YD_MK",,
22296,MAK 353,MAK,LS,İmal Usulleri,,"Murat Vural , / Ali Gökşenli",MKB | MKB,Salı | Perşembe,13:30/15:29 | 15:30/17:29,D331 | D331,85,94,,"MAK_LS, MAK_YD",,
22297,MAK 353,MAK,LS,İmal Usulleri,,"Mustafa Bakkal , / Şafak Yılmaz",MKB | MKB,Salı | Perşembe,13:30/15:29 | 15:30/17:29,D368A | D368A,85,82,,"MAK_LS, MAK_YD",,
22298,MAK 372E,MAK,LS,Intr.to Finite Element Methods,,Ata Muğan,MKB | MKB,Perşembe | Cuma,09:30/11:29 | 11:30/12:29,A363 | A363,65,69,,"IML_LS, MAK_LS",,
22299,MAK 372E,MAK,LS,Intr.to Finite Element Methods,,Emin Sünbüloğlu,MKB | MKB,Perşembe | Cuma,09:30/11:29 | 11:30/12:29,A101 | A101,65,37,,"IML_LS, MAK_LS",,
22300,MAK 372E,MAK,LS,Intr.to Finite Element Methods,,Mesut Kırca,MKB | MKB,Perşembe | Cuma,09:30/11:29 | 11:30/12:29,D317 | D317,65,65,,"IML_LS, MAK_LS",,
22301,MAK 376E,MAK,LS,Computational Fluid Dynamics,,Sertaç Çadırcı,MKB | MKB,Perşembe | Cuma,09:30/11:29 | 11:30/12:29,D374 | D374,60,33,,"MAK_LS, MAK_YD, MSS_LS",,
22302,MAK 378E,MAK,LS,Intr.to Nanotech.& Nanosyst.,,Levent Trabzon,MKB,Salı,15:30/18:29,A363,100,32,,"IML_LS, MAK_LS, MSS_LS",,
22303,MAK 380,MAK,LS,Isı ve Kütle Değiştiriciler,,Ersin Sayar,MKB | MKB,Pazartesi | Perşembe,10:30/12:29 | 08:30/09:29,A201 | A201,60,61,,MAK_LS,,
22304,MAK 390,MAK,LS,Uygulamalı Isı Geçişi,,Mustafa Özdemir,MKB | MKB,Pazartesi | Perşembe,10:30/12:29 | 08:30/09:29,D361B | D361B,60,23,,MAK_LS,,
22305,MAK 4004,MAK,LS,Komp. Malz. Mekaniğine Giriş,,Süreyya Ergün Bozdağ,MKB | MKB,Pazartesi | Cuma,15:30/17:29 | 14:30/15:29,D351 | D351,50,46,,"MAK_LS, MKN_YD_MK",,
22306,MAK 4005E,MAK,LS,Mech.Model. in Nanoscale Sys.,,Mesut Kırca,MKB | MKB,Pazartesi | Cuma,14:30/15:29 | 15:30/17:29,D355 | D355,50,18,,"MAK_LS, MAKE_LS, MSS_LS",,
22308,MAK 4016,MAK,LS,Hidrolik Makinalar,,-,MKB | MKB,Pazartesi | Perşembe,13:30/14:29 | 15:30/17:29,,0,0,,MAK_LS,,
22309,MAK 4018E,MAK,LS,Quality Control in Manufacturi,,Ali Gökşenli,MKB | MKB,Pazartesi | Cuma,15:30/17:29 | 14:30/15:29,D355 | D355,50,52,,"IML_LS, IML_MTM_LS, IMLE_LS, MAK_LS, MAKE_LS",,
22310,MAK 4019,MAK,LS,Plastik Mlz Konstr. ve İmalat,,İbrahim Mehmet Palabıyık,MKB | MKB,Pazartesi | Cuma,15:30/17:29 | 14:30/15:29,D353 | D353,50,5,,"IML_LS, IML_MTM_LS, MAK_LS",,
22313,MAK 4027E,MAK,LS,Turbomachinery,,Murat Çakan,MKB | MKB,Salı | Perşembe,15:30/17:29 | 13:30/14:29,D359 | D359,50,18,,"MAK_LS, MAKE_LS, MSS_LS",,
22314,MAK 4029E,MAK,LS,Advanced Fluid Mechanics,,İlyas Bedii Özdemir,MKB | MKB,Pazartesi | Perşembe,13:30/14:29 | 15:30/17:29,D353 | D353,50,7,,MAK_LS,,
22315,MAK 403,MAK,LS,Uygulamalı Makina Projesi,,Hacı Abdullah Taşdemir,,,-/-,,50,4,,MAK_LS,,
22316,MAK 4030,MAK,LS,Konstrüksiyonda İleri Konular,,-,MKB | MKB,Salı | Perşembe,15:30/17:29 | 13:30/14:29,,0,0,,MAK_LS,,
22317,MAK 4032E,MAK,LS,Metal Forming,,Canan Gamze Güleryüz Parasız,MKB | MKB,Pazartesi | Cuma,14:30/15:29 | 15:30/17:29,D353 | D353,50,8,,"IML_LS, IML_MTM_LS, IMLE_LS, MAK_LS, MAKE_LS",,
22318,MAK 4034,MAK,LS,Kaynaklı Tasarım ve İmalat,,-,MKB | MKB,Salı | Perşembe,15:30/17:29 | 13:30/14:29,,0,0,,"IML_LS, IML_MTM_LS, MAK_LS",,
22319,MAK 4038E,MAK,LS,Power Plants,,Ayşegül Abuşoğlu,MKB | MKB,Salı | Perşembe,13:30/15:29 | 14:30/15:29,D351 | D351,50,41,,"MAK_LS, MAKE_LS, MSS_LS",,
22320,MAK 4040,MAK,LS,Buhar Kazanları,,Yakup Erhan Böke,MKB | MKB,Pazartesi | Perşembe,10:30/12:29 | 08:30/09:29,D359 | D359,50,39,,MAK_LS,,
22321,MAK 4042,MAK,LS,Gaz Türbinleri,,Erkan Ayder,MKB | MKB,Pazartesi | Salı,14:30/15:29 | 15:30/17:29,D351 | D376,50,9,,MAK_LS,,
22322,MAK 404E,MAK,LS,Mechanical Engineering Lab.,,İsmail Yalçın Uralcan,,,-/-,,300,64,,"MAK_LS, MSS_LS",,
22323,MAK 405,MAK,LS,Mak. Müh. Yenilikçi Tas. Yönt.,,"Vedat Temiz , / Zeynep Parlar , / İbrahim Mehmet Palabıyık",MKB,Çarşamba,12:30/15:29,A501,200,26,,"IML_LS, MAK_LS",,
22324,MAK 4054E,MAK,LS,Digital Control System Design,,-,MKB | MKB,Salı | Perşembe,15:30/17:29 | 13:30/14:29,,0,0,,"IML_LS, MAK_LS, MAKE_LS, MSS_LS",,
22325,MAK 4056,MAK,LS,Kontrol Sistemleri Tasarımı,,Hülya Yalçın,MKB | MKB,Pazartesi | Cuma,14:30/15:29 | 15:30/17:29,D357 | D357,50,11,,"IML_LS, MAK_LS, MAK_YD",,
22326,MAK 4057E,MAK,LS,Vehicle Systems Design,,Özgen Akalın,MKB | MKB,Pazartesi | Perşembe,13:30/14:29 | 15:30/17:29,D355 | D355,50,53,,"MAK_LS, MAKE_LS, MSS_LS",,
22327,MAK 4058E,MAK,LS,Power Transmission in Vehicles,,Osman Taha Şen,MKB | MKB,Salı | Perşembe,15:30/17:29 | 13:30/14:29,D357 | D357,50,34,,"MAK_LS, MAKE_LS, MSS_LS",,
22328,MAK 4061,MAK,LS,Egzos Gazları Emisyonu,,Barış Doğru,MKB | MKB,Pazartesi | Cuma,14:30/15:29 | 15:30/17:29,D359 | D359,50,27,,MAK_LS,,
22329,MAK 4066,MAK,LS,Şasi ve Karoseri Tasarımı,,Kubilay Yay,MKB | MKB,Pazartesi | Cuma,15:30/17:29 | 14:30/15:29,D357 | D357,50,9,,MAK_LS,,
22330,MAK 4067E,MAK,LS,Renewable Energy Systems,,Seyhan Onbaşıoğlu,MKB | MKB,Pazartesi | Cuma,15:30/17:29 | 14:30/15:29,D359 | D359,50,4,,"MAK_LS, MAKE_LS, MKN_YD_MK, MSS_LS",,
22331,MAK 4070E,MAK,LS,Internal Combustion Engines,,Osman Akın Kutlar,MKB | MKB,Salı | Perşembe,13:30/15:29 | 14:30/15:29,D357 | D357,50,57,,"MAK_LS, MAK_YD, MAKE_LS, MSS_LS, UZBE_LS",,
22332,MAK 4901,MAK,LS,Makina Müh. Tasarımı I,,İsmail Yalçın Uralcan,,,-/-,,300,75,,MAK_LS,,
22334,MAK 4902,MAK,LS,Makina Müh. Tasarımı II,,İsmail Yalçın Uralcan,,,-/-,,300,131,,MAK_LS,,
22335,MAK 4902E,MAK,LS,Mechanical Eng. Design II,,İsmail Yalçın Uralcan,,,-/-,,300,20,,"MAK_LS, MSS_LS",,
22336,MAK 492,MAK,LS,Bitirme Tasarım Projesi,,İsmail Yalçın Uralcan,,,-/-,,300,3,,MAK_LS,,
22339,MEK 205E,MEK,LS,Engineering Mechanics,,Metin Kayıtmazbatır,MKB,Perşembe,09:30/12:29,A201,80,128,,"CHZ_LS, CHZE_LS, END_LS, ENDE_LS, GID_LS, GMI_LS, GMIE_LS, IML_LS, IND_LS, ISL_LS, ISLE_LS, JEF_LS, JEFE_LS, JEO_LS, JEOE_LS, MAD_LS, MADE_LS, MEN_LS, PET_LS, PETE_LS, TEKE_LS",,
22340,TER 201E,TER,LS,Thermodynamics,,Turgut Yılmaz,MKB,Çarşamba,10:30/13:29,D376,80,34,,"TEK_LS, TEKE_LS",,
22342,CEV 104,CEV,LS,Yer Bilimi,,Şaziye Özge Dinç Göğüş,INB,Pazartesi,08:30/10:29,B104,73,66,,CEV_LS,,
22343,CEV 104E,CEV,LS,Earth Science,,"Nilgün Okay , / Gökhan Şans",INB,Perşembe,11:30/13:29,B104,80,76,,"CEV_LS, CEVE_LS",,
22345,INS 101,INS,LS,Teknik Resim,,Haluk Emre Alçiçek,INB,Cuma,09:30/12:29,D201,40,34,,INS_LS,,
22346,INS 101E,INS,LS,Technical Drawing,,Sibel Gürel,INB,Perşembe,13:30/16:29,D201,40,24,,"INS_LS, INSE_LS",,
22347,INS 107E,INS,LS,Int. to Prog. Lang. (Python),,"Murat Yılmaz , / Merve Akbaş",INB,Çarşamba,09:30/12:29,,60,40,,"INS_LS, INSE_LS",,
22348,INS 107E,INS,LS,Int. to Prog. Lang. (Python),,Fırat Doğu Akın,INB,Cuma,14:00/16:59,,70,68,,"INS_LS, INSE_LS",,
22349,INS 102,INS,LS,Statik,,Abdul Hayır,INB | INB,Salı | Cuma,13:30/15:29 | 14:00/15:59,B307 | A205,45,25,,INS_LS,,
22350,INS 102,INS,LS,Statik,,Abdullah Gedikli,INB | INB,Salı | Cuma,13:30/15:29 | 14:00/15:59,A204 | A101,45,37,,INS_LS,,
22351,INS 102,INS,LS,Statik,,Fethi Kadıoğlu,INB | INB,Çarşamba | Cuma,13:30/15:29 | 10:30/12:29,A305 | A305,54,55,,INS_LS,,
22352,INS 102E,INS,LS,Statics,,Hale Ergün,INB | INB,Perşembe | Cuma,08:30/10:29 | 10:30/12:29,A203 | A104,45,46,,"INS_LS, INSE_LS",,
22353,INS 102E,INS,LS,Statics,,Ünal Aldemir,INB | INB,Perşembe | Cuma,08:30/10:29 | 08:30/10:29,B203 | B203,45,45,,"INS_LS, INSE_LS",,
22354,INS 112,INS,LS,İnşaat Müh. İçin Yerbilimi,,Yılmaz Mahmutoğlu,INB,Çarşamba,08:30/10:29,A302,65,61,,INS_LS,,
22355,INS 112,INS,LS,İnşaat Müh. İçin Yerbilimi,,Şaziye Özge Dinç Göğüş,INB,Perşembe,08:30/10:29,A305,65,66,,INS_LS,,
22356,INS 112,INS,LS,İnşaat Müh. İçin Yerbilimi,,Erkan Bozkurtoğlu,INB,Cuma,08:30/10:29,A104,65,59,,INS_LS,,
22357,INS 112E,INS,LS,Earth Science for Civil Engin.,,Kayhan Develi,INB,Salı,13:30/15:29,A201,65,61,,"INS_LS, INSE_LS",,
22358,INS 112E,INS,LS,Earth Science for Civil Engin.,,Kayhan Develi,INB,Cuma,10:30/12:29,A204,65,65,,"INS_LS, INSE_LS",,
22359,DNK 201,DNK,LS,Dinamik,,Reha Artan,INB,Salı,13:30/16:29,A102,60,40,,INS_LS,,
22360,DNK 201E,DNK,LS,Dynamics,,Tuğba Kuru,INB,Pazartesi,13:30/16:29,A104,60,55,,"INS_LS, INSE_LS, NAE_LS",,
22361,INS 210,INS,LS,İnşaat Mühendisleri için Matematik,,Elif Kartal,INB,Salı,10:30/12:29,A102,55,48,,INS_LS,,
22362,INS 210E,INS,LS,Mathematics for Civil Engineers,,Taha Yüksel,INB,Salı,10:30/12:29,B103,55,55,,"INS_LS, INSE_LS",,
22363,INS 217,INS,LS,Mukavemet I,,Teoman Özer,INB | INB,Çarşamba | Perşembe,13:30/15:29 | 10:30/12:29,B203 | A105,60,60,,INS_LS,,
22364,INS 217E,INS,LS,Strength of Materials I,,Pınar Özdemir Çağlayan,INB | INB,Perşembe | Cuma,10:30/12:29 | 14:00/15:59,B201 | B201,60,56,,"INS_LS, INSE_LS",,
22365,INS 215E,INS,LS,Materials Science,,Ayda Şafak Ağar Özbek,INB,Çarşamba,09:30/12:29,A202,70,56,,"INS_LS, INSE_LS",,
22366,INS 202E,INS,LS,Numerical Methods inCivil Eng.,,Atila Sezen,INB,Pazartesi,10:30/12:29,B101,70,77,,"INS_LS, INSE_LS",,
22367,AKM 204,AKM,LS,Akışkanlar Mekaniği,,Hafzüllah Aksoy,INB,Çarşamba,09:30/12:29,A203,65,58,,"CEV_LS, INS_LS",,
22368,AKM 204,AKM,LS,Akışkanlar Mekaniği,,Necati Erdem Ünal,INB,Çarşamba,09:30/12:29,A304,65,67,,"CEV_LS, INS_LS",,
22369,AKM 204,AKM,LS,Akışkanlar Mekaniği,,Cihan Bayındır,INB,Pazartesi,09:30/12:29,A104,65,68,,"CEV_LS, INS_LS",,
22370,AKM 204E,AKM,LS,Fluid Mechanics,,Abdüsselam Altunkaynak,INB,Pazartesi,09:30/12:29,A105,65,71,,"CEV_LS, CEVE_LS, INS_LS, INSE_LS, NAE_LS",,
22371,AKM 204E,AKM,LS,Fluid Mechanics,,Mehmet Özger,INB,Perşembe,09:30/12:29,D203,65,78,,"CEV_LS, CEVE_LS, INS_LS, INSE_LS, NAE_LS",,
22372,INS 218,INS,LS,Mukavemet II,,Nihal Eratlı,INB | INB,Çarşamba | Cuma,13:30/15:29 | 14:00/15:59,A102 | A204,52,45,,INS_LS,,
22373,INS 218,INS,LS,Mukavemet II,,Abdul Hayır,INB | INB,Çarşamba | Cuma,13:30/15:29 | 10:30/12:29,A103 | A103,52,49,,INS_LS,,
22374,INS 218,INS,LS,Mukavemet II,,-,,,-/-,,0,0,,INS_LS,,
22375,INS 218,INS,LS,Mukavemet II,,Bahattin Kimençe,INB | INB,Perşembe | Cuma,10:30/12:29 | 10:30/12:29,A202 | A202,52,47,,INS_LS,,
22376,INS 218E,INS,LS,Strength of Materials II,,Osman Bulut,INB | INB,Çarşamba | Cuma,13:30/15:29 | 14:00/15:59,B201 | A105,55,62,,"INS_LS, INSE_LS",,
22378,INS 226,INS,LS,Mühendis Matematik Model Esas,,Yavuz Selim Güçlü,INB,Salı,09:30/12:29,B205,55,56,,INS_LS,,
22379,INS 214E,INS,LS,Partial Differential Equations,,Teoman Özer,INB,Salı,09:30/12:29,B206,60,53,,"INS_LS, INSE_LS",,
22380,INS 230,INS,LS,Yapı Malzemesi,,Hasan Nuri Türkmenoğlu,INB,Perşembe,13:30/16:29,B201,54,56,,INS_LS,,
22381,INS 230,INS,LS,Yapı Malzemesi,,Hasan Yıldırım,INB,Perşembe,13:30/16:29,B205,54,58,,INS_LS,,
22382,INS 230,INS,LS,Yapı Malzemesi,,Özkan Şengül,INB,Pazartesi,13:30/16:29,B205,54,48,,INS_LS,,
22383,INS 230,INS,LS,Yapı Malzemesi,,Ünal Anıl Doğan,INB,Çarşamba,09:30/12:29,B201,54,36,,INS_LS,,
22384,INS 230E,INS,LS,Building Materials,,Oğuz Güneş,INB,Çarşamba,09:30/12:29,A205,54,51,,"INS_LS, INSE_LS",,
22385,INS 230E,INS,LS,Building Materials,,Özgür Ekincioğlu,INB,Perşembe,13:30/16:29,B203,54,37,,"INS_LS, INSE_LS",,
22386,BIL 113E,BIL,LS,Intr.to Sci& Eng.Comp.(MATLAB),,Nilay Çelik Muhtaroğlu,INB,Pazartesi,10:00/12:59,D103,63,50,,"INS_LS, INSE_LS",,
22387,BIL 113E,BIL,LS,Intr.to Sci& Eng.Comp.(MATLAB),,Gökhan Çevikbilen,INB,Salı,09:30/12:29,D103,63,38,,"INS_LS, INSE_LS",,
22388,BIL 113E,BIL,LS,Intr.to Sci& Eng.Comp.(MATLAB),,Harun Türkoğlu,INB,Çarşamba,12:30/15:29,D103,63,62,,"INS_LS, INSE_LS",,
22389,BIL 113E,BIL,LS,Intr.to Sci& Eng.Comp.(MATLAB),,Sedat Kömürcü,INB,Perşembe,13:30/16:29,D103,63,63,,"INS_LS, INSE_LS",,
22390,BIL 113E,BIL,LS,Intr.to Sci& Eng.Comp.(MATLAB),,Merve Akbaş,INB,Cuma,09:30/12:29,,63,71,,"INS_LS, INSE_LS",,
22391,INS 360,INS,LS,Hidrolik,,Ercan Kahya,INB | INB,Pazartesi | Çarşamba,10:30/12:29 | 13:30/15:29,A205 | A202,60,80,,"CEV_LS, INS_LS",,
22392,INS 360E,INS,LS,Hydraulics,,İsmail Dabanlı,INB | INB,Pazartesi | Çarşamba,10:30/12:29 | 13:30/15:29,B203 | A201,70,83,,"AIN_LS, CEV_LS, CEVE_LS, INS_LS, INSE_LS",,
22393,INS 323,INS,LS,Yapı Statiği I,,Mecit Çelik,INB | INB,Pazartesi | Salı,08:30/10:29 | 10:30/12:29,B302 | A201,40,43,,INS_LS,,
22394,INS 323,INS,LS,Yapı Statiği I,,Ercan Yüksel,INB | INB,Pazartesi | Salı,08:30/10:29 | 10:30/12:29,B308 | A301,40,39,,INS_LS,,
22395,INS 323E,INS,LS,Theory of Structures I,,Nilay Çelik Muhtaroğlu,INB | INB,Salı | Çarşamba,10:30/12:29 | 10:30/12:29,A303 | A303,40,28,,"AIN_LS, INS_LS, INSE_LS",,
22396,INS 323E,INS,LS,Theory of Structures I,,Pınar Teymür,INB | INB,Salı | Çarşamba,10:30/12:29 | 10:30/12:29,A203 | D201,40,8,,"AIN_LS, INS_LS, INSE_LS",,
22397,INS 325,INS,LS,Demiryolu Müh.,,Taha Yüksel,INB,Çarşamba,10:30/12:29,D203,42,43,,INS_LS,,
22398,INS 325,INS,LS,Demiryolu Müh.,,Hüseyin Onur Tezcan,INB,Çarşamba,10:30/12:29,B305,42,36,,INS_LS,,
22399,INS 325E,INS,LS,Railway Engineering,,Sabahat Topuz Kiremitçi,INB,Çarşamba,13:30/15:29,D203,60,47,,"AIN_LS, INS_LS, INSE_LS",,
22400,INS 303,INS,LS,Zemin Mekaniği I,,"Ümit Karadoğan , / Ayşegül Bayın Sarıahmetoğlu",INB | INB,Perşembe | Cuma,13:30/16:29 | 10:30/12:29,A301 | A203,45,49,,INS_LS,,
22401,INS 303E,INS,LS,Soil Mechanics I,,Berrak Teymür,INB | INB,Perşembe | Cuma,13:30/16:29 | 10:30/12:29,A302 | A301,45,37,,"AIN_LS, INS_LS, INSE_LS",,
22402,DAN 102,DAN,LS,Girişimcilik & Kariyer Danış.,,Selma Ergin,MEDC,Çarşamba,15:30/17:29,3D20,100,113,,"GEM_LS, NAE_LS",,
22403,INS 305,INS,LS,Olasılık ve İstatistik,,Eyyup Ensar Başakın,INB,Salı,13:00/14:59,B104,75,23,,INS_LS,,
22404,INS 305E,INS,LS,Probability and Statistics,,Ayda Şafak Ağar Özbek,INB,Salı,13:00/14:59,B204,75,51,,"AIN_LS, INS_LS, INSE_LS",,
22405,GEM 102,GEM,LS,Gemi Geometrisi,,Cihad Delen,EEB,Pazartesi,13:30/16:29,6307,40,45,,"GEM_LS, GEM_YD",,
22406,INS 301,INS,LS,Mühendislik Ekonomisi,,Fırat Doğu Akın,INB,Perşembe,10:30/12:29,B205,52,54,,INS_LS,,
22407,GEM 102,GEM,LS,Gemi Geometrisi,,Fuzuli Ağrı Akçay,MEDC,Salı,13:30/16:29,,40,24,,"GEM_LS, GEM_YD",,
22408,INS 301E,INS,LS,Engineering Economics,,Onur Behzat Tokdemir,INB,Çarşamba,08:30/10:29,A101,50,45,,"AIN_LS, INS_LS, INSE_LS",,
22409,AKM 204,AKM,LS,Akışkanlar Mekaniği,,Şakir Bal,MEDC,Salı,08:30/11:29,2D12,40,38,,GEM_LS,,
22410,INS 345,INS,LS,Yap. Bilg. Dest. Model. Giriş,,"Fethi Kadıoğlu , / Erol Demirkan",INB,Çarşamba,09:30/12:29,,30,33,,INS_LS,,
22411,INS 338,INS,LS,Betonarme I,,Kutlu Darılmaz,INB | INB,Salı | Perşembe,08:30/10:29 | 10:30/12:29,A303 | A303,53,58,,INS_LS,,
22412,INS 338,INS,LS,Betonarme I,,Beyza Taşkın,INB | INB,Salı | Perşembe,08:30/10:29 | 10:30/12:29,B203 | B203,53,57,,INS_LS,,
22413,INS 338,INS,LS,Betonarme I,,Tülay Aksu Özkul,INB | INB,Çarşamba | Perşembe,13:30/15:29 | 13:30/15:29,A101 | A101,53,25,,INS_LS,,
22414,INS 338E,INS,LS,Reinforced Concrete I,,"Cem Demir , / Tuba Büyükkayıkcı",INB | INB,Salı | Perşembe,08:30/10:29 | 10:30/12:29,A102 | A102,53,56,,"AIN_LS, INS_LS, INSE_LS",,
22415,INS 338E,INS,LS,Reinforced Concrete I,,Alper İlki,INB | INB,Çarşamba | Perşembe,13:30/15:29 | 13:30/15:29,B307 | B307,53,21,,"AIN_LS, INS_LS, INSE_LS",,
22416,INS 354,INS,LS,Hidroloji,,Yavuz Selim Güçlü,INB,Pazartesi,09:30/12:29,B206,55,54,,INS_LS,,
22417,INS 354,INS,LS,Hidroloji,,Erdal Kesgin,INB,Salı,13:30/16:29,B205,55,55,,INS_LS,,
22418,INS 354E,INS,LS,Hydrology,,Mehmet Cüneyd Demirel,INB,Pazartesi,09:30/12:29,B205,55,48,,"AIN_LS, INS_LS, INSE_LS",,
22419,INS 354E,INS,LS,Hydrology,,Tarkan Erdik,INB,Salı,13:30/16:29,B201,55,32,,"AIN_LS, INS_LS, INSE_LS",,
22420,INS 302,INS,LS,Karayolu Mühendisliği,,Kemal Selçuk Öğüt,INB | INB,Salı | Perşembe,13:30/15:29 | 15:30/17:29,A305 | A101,45,10,,INS_LS,,
22421,INS 302,INS,LS,Karayolu Mühendisliği,,Hilmi Berk Çelikoğlu,INB,Salı,13:00/16:59,B308,48,51,,INS_LS,,
22422,INS 302,INS,LS,Karayolu Mühendisliği,,"Şükrüye İyinam , / Taha Yüksel",INB | INB,Salı | Perşembe,12:30/14:29 | 10:30/12:29,A304 | B204,45,29,,INS_LS,,
22423,INS 302E,INS,LS,Highway Engineering,,Halit Özen,INB,Pazartesi,09:00/12:59,A303,48,46,,"AIN_LS, INS_LS, INSE_LS",,
22424,INS 336,INS,LS,Yapı Statiği II,,Mehmet Günhan Aksoylu,INB | INB,Perşembe | Cuma,08:30/10:29 | 14:00/15:59,A301 | A301,48,50,,INS_LS,,
22425,INS 336,INS,LS,Yapı Statiği II,,Konuralp Girgin,INB | INB,Salı | Çarşamba,10:30/12:29 | 10:30/12:29,B204 | B204,40,36,,INS_LS,,
22426,INS 336,INS,LS,Yapı Statiği II,,Yavuz Durgun,INB | INB,Salı | Çarşamba,10:30/12:29 | 10:30/12:29,B203 | B203,40,20,,INS_LS,,
22427,INS 336E,INS,LS,Theory of Structures II,,Burcu Güneş,INB | INB,Perşembe | Cuma,08:30/10:29 | 14:00/15:59,A302 | A302,55,61,,"AIN_LS, INSE_LS",,
22428,INS 332,INS,LS,Temel İnşaatı I,,Recep İyisan,INB,Pazartesi,13:30/16:29,B202,40,35,,INS_LS,,
22429,INS 332,INS,LS,Temel İnşaatı I,,Mustafa Hatipoğlu,INB,Pazartesi,13:30/16:29,B203,40,17,,INS_LS,,
22430,INS 332,INS,LS,Temel İnşaatı I,,Gökhan Çevikbilen,INB,Cuma,09:30/12:29,B201,40,39,,INS_LS,,
22431,INS 332E,INS,LS,Foundation Engineering I,,Gürkan Özden,INB,Perşembe,13:30/16:29,B305,40,19,,"AIN_LS, INS_LS, INSE_LS",,
22432,INS 332E,INS,LS,Foundation Engineering I,,Müge Balkaya,INB,Pazartesi,13:30/16:29,A102,40,41,,"AIN_LS, INS_LS, INSE_LS",,
22433,AKM 204,AKM,LS,Akışkanlar Mekaniği,,Ali Can Takinacı,MEDC,Salı,08:30/11:29,2D13,40,49,,GEM_LS,,
22434,INS 304,INS,LS,Yapı İşletmesi,,Gül Polat Tatar,INB,Pazartesi,13:30/16:29,B206,40,40,,INS_LS,,
22435,INS 304,INS,LS,Yapı İşletmesi,,Feyzi Haznedaroğlu,INB,Pazartesi,13:30/16:29,A1,40,19,,INS_LS,,
22436,GEM 204,GEM,LS,Termodinamik,,Oğuz Salim Söğüt,MEDC | MEDC,Çarşamba | Perşembe,10:30/12:29 | 10:30/12:29,2D15 | ZD2,40,34,,GEM_LS,,
22437,INS 304,INS,LS,Yapı İşletmesi,,Atilla Damcı,INB,Perşembe,13:30/16:29,A202,40,39,,INS_LS,,
22438,INS 304,INS,LS,Yapı İşletmesi,,Harun Türkoğlu,INB,Perşembe,13:30/16:29,D203,40,21,,INS_LS,,
22439,INS 304E,INS,LS,Construction Management,,Esin Ergen Pehlevan,INB,Pazartesi,13:30/16:29,A302,40,34,,"AIN_LS, INS_LS, INSE_LS",,
22440,GEM 204,GEM,LS,Termodinamik,,Halil Saraçoğlu,MEDC | MEDC,Çarşamba | Perşembe,10:30/12:29 | 10:30/12:29,2D16 | 1D3,45,51,,GEM_LS,,
22441,INS 304E,INS,LS,Construction Management,,Onur Behzat Tokdemir,INB,Cuma,09:30/12:29,B308,42,53,,"AIN_LS, INS_LS, INSE_LS",,
22442,INS 344,INS,LS,Çelik Yapılar I,,Güliz Bayramoğlu,INB | INB,Salı | Çarşamba,10:30/12:29 | 10:30/12:29,B308 | B308,45,23,,INS_LS,,
22443,GEM 214E,GEM,LS,Engineering Measurements,,Emin Korkut,MEDC,Cuma,09:30/12:29,2D18,70,80,,"GEM_LS, GEME_LS",,
22444,INS 344,INS,LS,Çelik Yapılar I,,Kadir Özakgül,INB | INB,Perşembe | Cuma,08:30/10:29 | 14:00/15:59,A303 | A303,45,44,,INS_LS,,
22445,GEM 216E,GEM,LS,Heat Transfer In Engineering,,Selma Ergin,MEDC,Cuma,09:30/12:29,2D11,50,48,,"GEM_LS, GEME_LS",,
22446,INS 344,INS,LS,Çelik Yapılar I,,Haluk Emre Alçiçek,INB | INB,Perşembe | Cuma,08:30/10:29 | 14:00/15:59,A202 | A203,45,49,,INS_LS,,
22447,MAT 271,MAT,LS,Olasılık ve İstatistik,,Ahmet Ergin,MEDC,Cuma,14:00/16:59,ZA2,80,82,,GEM_LS,,
22448,INS 344E,INS,LS,Steel Structures I,,Ömer Tuğrul Turan,INB | INB,Salı | Çarşamba,10:30/12:29 | 10:30/12:29,A302 | A302,45,43,,"AIN_LS, INSE_LS",,
22449,INS 344E,INS,LS,Steel Structures I,,Barlas Özden Çağlayan,INB | INB,Perşembe | Cuma,08:30/10:29 | 14:00/15:59,B204 | B204,45,34,,"AIN_LS, INS_LS, INSE_LS",,
22451,MUK 204,MUK,LS,Mukavemet II,,Bahadır Uğurlu,MEDC | MEDC,Salı | Perşembe,13:30/15:29 | 13:30/14:29,2D15 | 2D15,45,26,,GEM_LS,,
22452,INS 4033,INS,LS,Şantiye Tekniği,,"Murat Kuruoğlu , / Feyzi Haznedaroğlu",INB,Çarşamba,09:30/12:29,A1,35,35,,INS_LS,,
22453,INS 4035E,INS,LS,Insulation&Protec.of Buildings,,Oğuz Güneş,INB,Cuma,09:30/12:29,A102,65,65,,"AIN_LS, INS_LS, INSE_LS",,
22454,MUK 204,MUK,LS,Mukavemet II,,Mustafa Erden Yıldızdağ,MEDC | MEDC,Salı | Perşembe,13:30/15:29 | 13:30/14:29,1D10 | 1D10,45,44,,GEM_LS,,
22455,INS 4039,INS,LS,Yapısal Yangın Güvenliği,,Mustafa Gençoğlu,INB,Perşembe,09:30/12:29,B206,60,46,,INS_LS,,
22456,GEM 312,GEM,LS,Gemi Yardımcı Makinaları,,Osman Azmi Özsoysal,MEDC,Pazartesi,10:30/13:29,1D7,50,50,,GEM_LS,,
22457,INS 4041,INS,LS,Bina Tasarım Yönetimi,,Murat Kuruoğlu,INB,Salı,13:30/16:29,A302,55,57,,INS_LS,,
22458,GEM 312,GEM,LS,Gemi Yardımcı Makinaları,,"Murat Emre Demir , / Halil Saraçoğlu",MEDC,Pazartesi,10:30/13:29,1D8,50,47,,GEM_LS,,
22460,GEM 324,GEM,LS,Gemi Mukavemeti,,Ertekin Bayraktarkatal,MEDC | MEDC,Pazartesi | Çarşamba,08:30/10:29 | 08:30/10:29,1D10 | ZA3,60,45,,GEM_LS,,
22461,GEM 326E,GEM,LS,Ship Design,,Devrim Bülent Danışman,MEDC | MEDC,Salı | Çarşamba,11:30/13:29 | 13:30/15:29,ZD1 | 1D10,80,80,,"GEM_LS, GEM_YD, GEME_LS",,
22463,GEM 328E,GEM,LS,Ship Hydrodynamics(Propulsion),,Emin Korkut,MEDC,Salı,08:30/11:29,1D10,85,83,,"GEM_LS, GEM_YD, GEME_LS",,
22464,INS 4051E,INS,LS,Finite Element Methods,,Murat Yılmaz,INB,Cuma,09:30/12:29,A101,60,58,,"AIN_LS, INS_LS, INSE_LS",,
22465,GEM 332,GEM,LS,Gemi Elektrik Sistemleri,,Gökhan Tansel Tayyar,MEDC,Perşembe,14:30/16:29,ZA2,80,67,,GEM_LS,,
22467,GEM 354,GEM,LS,Gem.İnş.&Gem.San.İş Gv.&İşç.Sğ,,Halil Saraçoğlu,MEDC,Pazartesi,14:30/16:29,1D10,100,102,,GEM_LS,,
22468,GEM 410,GEM,LS,Hesaplamalı Akışkanlar Mek.,,Uğur Oral Ünal,MEDC,Cuma,14:00/16:59,1D10,70,58,,GEM_LS,,
22471,GEM 4902,GEM,LS,Gemi İnş.&Gem.Mak. Müh.Tas.II,,"Gökhan Tansel Tayyar , / Emin Korkut , / Ahmet Ergin , / İsmail Yalçın , / Ertekin Bayraktarkatal , / Devrim Bülent Danışman , / Osman Azmi Özsoysal , / Şakir Bal , / Erdem Üçer , / Ömer Gören",MEDC | MEDC,Çarşamba | Perşembe,10:30/13:29 | 10:30/13:29,ZA3 | ZD1,80,54,,GEM_LS,,
22472,INS 4071,INS,LS,Çubuk Sonlu Elemanlar,,Nihal Eratlı,INB,Salı,09:30/12:29,B302,35,7,,INS_LS,,
22473,INS 433,INS,LS,Betonarme II,,Turgut Öztürk,INB | INB,Perşembe | Cuma,10:30/12:29 | 14:00/15:59,A301 | B302,20,34,,INS_LS,,
22474,INS 433,INS,LS,Betonarme II,,Fatih Sütcü,INB | INB,Perşembe | Cuma,10:30/12:29 | 14:00/15:59,A302 | B307,20,27,,INS_LS,,
22475,INS 433,INS,LS,Betonarme II,,Cem Demir,INB | INB,Salı | Çarşamba,10:30/12:29 | 13:30/15:29,B102 | D202,20,36,,INS_LS,,
22476,INS 433E,INS,LS,Reinforced Concrete II,,Tuba Büyükkayıkcı,INB | INB,Salı | Çarşamba,10:30/12:29 | 13:30/15:29,A205 | A205,20,37,,"AIN_LS, INSE_LS",,
22477,INS 433,INS,LS,Betonarme II,,Yıldır Akkaya,INB | INB,Çarşamba | Perşembe,10:30/12:29 | 13:30/15:29,B307 | B303,20,33,,INS_LS,,
22478,INS 405E,INS,LS,Health&Safety in Construction,,Deniz Artan,INB,Çarşamba,09:30/11:29,A102,50,31,,"AIN_LS, INS_LS, INSE_LS",,
22479,INS 401,INS,LS,Su Kaynakları,,Erdal Kesgin,INB,Çarşamba,09:30/11:29,A305,50,37,,INS_LS,,
22480,INS 401E,INS,LS,Water Resources,,Tarkan Erdik,INB,Pazartesi,09:30/11:29,A201,50,51,,"AIN_LS, INS_LS, INSE_LS",,
22481,INS 462E,INS,LS,Engineering Ethics,,Hüseyin Onur Tezcan,INB,Çarşamba,08:30/09:29,B101,125,126,,"AIN_LS, INS_LS, INSE_LS",,
22482,INS 4044E,INS,LS,Plastic Dsgn of Steel Strctrs,,"Barlas Özden Çağlayan , / Sibel Gürel",INB,Salı,13:30/16:29,B206,15,17,,"AIN_LS, INS_LS, INSE_LS",,
22483,GEM 416,GEM,LS,Savaş Gemileri Dizaynı,,Mehmet Ali Baykal,MEDC,Cuma,10:30/12:29,ZD2,50,48,,GEM_LS,,
22484,INS 4048E,INS,LS,Geotechnical Earthquake Eng,,Musaffa Ayşen Lav,INB,Pazartesi,13:30/16:29,B306,35,36,,"AIN_LS, INS_LS, INSE_LS",,
22485,INS 4052,INS,LS,Betonarme Temeller,,Tülay Aksu Özkul,INB,Çarşamba,09:30/12:29,B306,35,13,,INS_LS,,
22486,GEM 418E,GEM,LS,Corrsn & Fouling In Marine Env,,Metin Taylan,MEDC,Perşembe,08:30/10:29,2D17,45,45,,"GEM_LS, GEME_LS",,
22487,INS 4054,INS,LS,Çelik Yapılar II,,Cüneyt Vatansever,INB,Cuma,09:30/12:29,B202,35,30,,INS_LS,,
22488,INS 4058,INS,LS,İleri Beton Teknolojisi,,Özkan Şengül,INB,Çarşamba,12:30/15:29,B304,20,20,,INS_LS,,
22489,INS 4058E,INS,LS,Advanced Concrete Technology,,Özgür Ekincioğlu,INB,Pazartesi,13:30/16:29,B304,20,15,,"AIN_LS, INS_LS, INSE_LS",,
22490,INS 4068E,INS,LS,Earthquake Resist.Des.ofStruc.,,"Kadir Güler , / Yasin Fahjan",INB,Salı,09:30/12:29,A104,50,36,,"AIN_LS, INS_LS, INSE_LS",,
22491,INS 4070,INS,LS,Öngerilmeli Beton,,Yıldır Akkaya,INB,Pazartesi,13:30/16:29,B308,45,15,,INS_LS,,
22492,INS 4076E,INS,LS,Intr.to Environmental Geotech.,,Aslı Yalçın Dayıoğlu,INB,Pazartesi,10:30/13:29,A103,30,32,,"AIN_LS, INS_LS, INSE_LS",,
22493,INS 4084,INS,LS,Kıyı ve Liman Yapıları,,Şevket Çokgör,INB,Perşembe,13:30/16:29,B304,30,24,,INS_LS,,
22494,INS 4084E,INS,LS,Coastal and Harbor Structures,,Cihan Bayındır,INB,Pazartesi,13:30/16:29,B303,30,36,,"AIN_LS, INS_LS, INSE_LS",,
22495,INS 4042E,INS,LS,Dams,,"Şevket Çokgör , / Mehmet Melih Koşucu",INB,Perşembe,09:30/12:29,B102,30,13,,"AIN_LS, INS_LS, INSE_LS",,
22496,INS 4036E,INS,LS,Fundamentals of Earthquake Eng,,Pınar Özdemir Çağlayan,INB,Çarşamba,12:30/15:29,B204,42,41,,"AIN_LS, INS_LS, INSE_LS",,
22497,INS 4901,INS,LS,İnşaat Müh. Tasarımı I,,Mustafa Gençoğlu,,,-/-,,500,64,,INS_LS,,
22498,INS 4901E,INS,LS,Civil Eng. Design I,,Mustafa Gençoğlu,,,-/-,,500,30,,"AIN_LS, INS_LS, INSE_LS",,
22499,INS 4902,INS,LS,İnşaat Müh. Tasarımı II,,Mustafa Gençoğlu,,,-/-,,500,100,,INS_LS,,
22500,INS 4902E,INS,LS,Civil Eng. Design II,,Mustafa Gençoğlu,,,-/-,,500,70,,"AIN_LS, INS_LS, INSE_LS",,
22501,INS 492,INS,LS,Mühendislik Tasarım Projesi,,Mustafa Gençoğlu,,,-/-,,500,3,,INS_LS,,
22503,DAN 102,DAN,LS,Girişimcilik & Kariyer Danış.,,Murat Yılmaz,INB,Çarşamba,15:30/17:29,,300,310,,"INS_LS, INSE_LS",,
22504,CIE 439,CIE,LS,Transportation Systems,,Kemal Selçuk Öğüt,INB,Cuma,14:00/16:59,A1,30,8,,SIN_LS,,
22505,ULP 301,ULP,LS,Health&Safety in Construction,,Deniz Artan,INB,Salı,11:30/13:29,B303,30,9,,SIN_LS,,
22506,CIE 326,CIE,LS,Reinforced Concrete Design,,Medine İspir Arslan,INB | INB,Salı | Perşembe,08:30/11:29 | 09:30/11:29,B307 | B307,30,7,,SIN_LS,,
22507,CIE 336,CIE,LS,Soil Mechanics,,Esra Ece Bayat,INB | INB,Pazartesi | Salı,09:30/12:29 | 13:30/15:29,A1 | B306,30,11,,SIN_LS,,
22508,CIE 344,CIE,LS,Hydraulics and Hydrology,,"Yavuz Selim Güçlü , / Mehmet Melih Koşucu",INB | INB,Pazartesi | Çarşamba,13:30/16:29 | 13:30/15:29,A101 | B302,30,9,,SIN_LS,,
22509,ULP 104,ULP,LS,English Communication,,Gamze Moran,INB,Çarşamba,08:30/11:29,B102,30,26,,SIN_LS,,
22510,ULP 103,ULP,LS,Global Issues in Engineering,,Yılmaz Akkaya,INB,Perşembe,08:30/11:29,A1,30,26,,SIN_LS,,
22511,CEV 234E,CEV,LS,Soil Mechanics,,Merve Akbaş,INB,Perşembe,11:30/13:29,A103,35,39,,"CEV_LS, CEVE_LS",,
22512,MAL 201,MAL,LS,Malzeme Bilimi,,Hasan Yıldırım,INB,Salı,14:30/17:29,B101,70,57,,CEV_LS,,
22513,MAL 201E,MAL,LS,Materials Science,,Bekir Yılmaz Pekmezci,INB,Salı,14:30/17:29,B103,77,90,,"CEV_LS, CEVE_LS",,
22514,BIO 106E,BIO,LS,General Biology II,,Murat Kaya,FEB,Perşembe,08:30/11:29,D102,105,104,,"BIO_LS, BIO_YD, BIOE_LS",,
22515,GEM 426E,GEM,LS,Hydrodynamic Design of Ships,,Devrim Bülent Danışman,MEDC,Çarşamba,08:30/10:29,2D17,35,27,,GEM_LS,,
22516,BIO 106EL,BIO,LS,General Biology II Lab.,,Murat Kaya,FEB,Perşembe,14:30/17:29,,45,45,,"BIO_LS, BIO_YD, BIOE_LS",,
22517,GEM 430E,GEM,LS,Shipyard Organization,,Erdem Üçer,MEDC,Cuma,08:30/10:29,1D10,80,47,,"GEM_LS, GEME_LS",,
22518,BIO 212E,BIO,LS,Genetics,,Burcu Biterge Süt,FEB,Salı,11:30/14:29,D102,85,71,,"BIO_LS, BIO_YD, BIOE_LS",,
22519,BIO 216EL,BIO,LS,Microbiology Lab.,,Ayten Karataş,FEB,Salı,14:30/17:29,,83,84,,"BIO_LS, BIO_YD, BIOE_LS",,
22520,GEM 434,GEM,LS,Gem Güç Üretim Sstm Isıl Opt.,,Oğuz Salim Söğüt,MEDC,Çarşamba,13:30/15:29,2D17,35,13,,GEM_LS,,
22521,BIO 216E,BIO,LS,Microbiology,,"Zeynep Petek Çakar , / Ayten Karataş",FEB,Pazartesi,08:30/11:29,D102,83,83,,"BIO_LS, BIO_YD, BIOE_LS",,
22522,BIO 232E,BIO,LS,Organic Chem. for Biologists,,Bülent Balta,FEB,Cuma,14:30/17:29,D102,100,96,,"BIO_LS, BIOE_LS",,
22523,GEM 474,GEM,LS,Deniz Araçları Sualtı Akustiği,,"Şakir Bal , / Baha Zafer",MEDC,Salı,14:00/15:59,3BİL1,35,3,,GEM_LS,,
22524,BIO 326E,BIO,LS,Mol. Evolution & Biodiversity,,Murat Kaya,FEB,Perşembe,12:30/14:29,D102,80,66,,"BIO_LS, BIOE_LS",,
22525,GEM 482,GEM,LS,Bireysel Bitirme Projesi,,Ahmet Ergin,,,-/-,,5,1,,GEM_LS,,
22526,BIO 328E,BIO,LS,Biochemistry II,,Nevin Gül Karagüler,FEB,Pazartesi,11:30/14:29,D304,75,63,,"BIO_LS, BIOE_LS",,
22527,GEM 482,GEM,LS,Bireysel Bitirme Projesi,,Ahmet Ergün Palaz,,,-/-,,5,2,,GEM_LS,,
22528,BIO 328EL,BIO,LS,Biochemistry II Lab.,,Nevin Gül Karagüler,FEB,Cuma,09:30/12:29,,80,56,,"BIO_LS, BIOE_LS",,
22529,GEM 482,GEM,LS,Bireysel Bitirme Projesi,,-,,,-/-,,0,0,,GEM_LS,,
22530,BIO 332E,BIO,LS,Modern Techniques in Biology,,Abdulhalim Kılıç,FEB,Pazartesi,08:30/11:29,D103,70,31,,"BIO_LS, BIOE_LS",,
22531,GEM 482,GEM,LS,Bireysel Bitirme Projesi,,-,,,-/-,,0,0,,GEM_LS,,
22532,BIO 342E,BIO,LS,Enzymology,,Nevin Gül Karagüler,FEB,Salı,14:30/17:29,D306,40,17,,"BIO_LS, BIOE_LS",,
22534,BIO 417E,BIO,LS,Molecular Biology,,"Aslı Kumbasar , / Arzu Karabay Korkmaz",FEB,Perşembe,14:30/17:29,D102,98,99,,"BIO_LS, BIO_YD, BIOE_LS",,
22535,GEM 482,GEM,LS,Bireysel Bitirme Projesi,,Cihad Delen,,,-/-,,5,3,,GEM_LS,,
22536,GEM 482,GEM,LS,Bireysel Bitirme Projesi,,-,,,-/-,,0,0,,GEM_LS,,
22537,BIO 415EL,BIO,LS,Molecular Biology Lab.,,Arzu Karabay Korkmaz,FEB,Çarşamba,09:30/12:29,,90,66,,"BIO_LS, BIO_YD, BIOE_LS",,
22538,GEM 482,GEM,LS,Bireysel Bitirme Projesi,,-,,,-/-,,0,0,,GEM_LS,,
22539,BIO 442E,BIO,LS,Molecular Immunology,,Ceren Çıracı Muğan,FEB,Perşembe,08:30/11:29,L300,40,29,,"BIO_LS, BIOE_LS",,
22540,GEM 482,GEM,LS,Bireysel Bitirme Projesi,,Erdem Üçer,,,-/-,,5,5,,GEM_LS,,
22541,GEM 482,GEM,LS,Bireysel Bitirme Projesi,,-,,,-/-,,0,0,,GEM_LS,,
22542,BIO 451E,BIO,LS,Industrial Microbiology,,Çiğdem Yılmaz Çolak,FEB,Cuma,14:30/17:29,D101,40,19,,"BIO_LS, BIOE_LS",,
22543,GEM 482,GEM,LS,Bireysel Bitirme Projesi,,Fuzuli Ağrı Akçay,,,-/-,,5,3,,GEM_LS,,
22544,BIO 462E,BIO,LS,Prot. Struct.-Function Relat.,,Gizem Dinler Doğanay,FEB,Pazartesi,14:30/17:29,D105,40,34,,"BIO_LS, BIOE_LS",,
22545,GEM 482,GEM,LS,Bireysel Bitirme Projesi,,Gökhan Tansel Tayyar,,,-/-,,5,3,,GEM_LS,,
22546,GEM 482,GEM,LS,Bireysel Bitirme Projesi,,Halil Saraçoğlu,,,-/-,,5,3,,GEM_LS,,
22547,BIO 463E,BIO,LS,Molecular Neurobiology,,"Aslı Kumbasar , / Pelin Dilsiz Erim",FEB,Salı,11:30/14:29,D206,40,9,,"BIO_LS, BIOE_LS",,
22548,GEM 482,GEM,LS,Bireysel Bitirme Projesi,,İsmail Yalçın,,,-/-,,6,6,,GEM_LS,,
22549,BIO 490E,BIO,LS,Cancer Biology,,"Ceren Çıracı Muğan , / Burcu Biterge Süt",FEB,Çarşamba,12:30/15:29,D101,40,39,,"BIO_LS, BIOE_LS",,
22550,GEM 482,GEM,LS,Bireysel Bitirme Projesi,,-,,,-/-,,0,0,,GEM_LS,,
22551,GEM 482,GEM,LS,Bireysel Bitirme Projesi,,Murat Emre Demir,,,-/-,,5,5,,GEM_LS,,
22552,BIL 113E,BIL,LS,Intr.to Sci& Eng.Comp.(MATLAB),,Halil Bayraktar,FEB,Salı,08:30/11:29,D103,70,68,,"BIO_LS, BIOE_LS, ECNE_LS, TEKE_LS",,
22553,GEM 482,GEM,LS,Bireysel Bitirme Projesi,,Mustafa Erden Yıldızdağ,,,-/-,,5,1,,GEM_LS,,
22554,MAT 271E,MAT,LS,Probability and Statistics,,Halil Bayraktar,FEB,Çarşamba,12:30/15:29,D102,80,70,,"BIO_LS, BIOE_LS, DEN_LS, PETE_LS",,
22555,GEM 482,GEM,LS,Bireysel Bitirme Projesi,,Oğuz Salim Söğüt,,,-/-,,6,6,,GEM_LS,,
22556,GEM 482,GEM,LS,Bireysel Bitirme Projesi,,Osman Azmi Özsoysal,,,-/-,,5,5,,GEM_LS,,
22557,DAN 102,DAN,LS,Girişimcilik & Kariyer Danış.,,Bülent Balta,FEB,Çarşamba,15:30/17:29,,150,57,,"BIO_LS, BIOE_LS",,
22558,GEM 482,GEM,LS,Bireysel Bitirme Projesi,,-,,,-/-,,0,0,,GEM_LS,,
22559,GEM 482,GEM,LS,Bireysel Bitirme Projesi,,Selma Ergin,,,-/-,,5,5,,GEM_LS,,
22560,BIO 492E,BIO,LS,Graduation Project,,-,,,-/-,,0,0,,"BIO_LS, BIOE_LS",,
22561,GEM 482,GEM,LS,Bireysel Bitirme Projesi,,Uğur Oral Ünal,,,-/-,,5,1,,GEM_LS,,
22562,BIO 4901E,BIO,LS,Mol Bio & Genetics Design I,,Bülent Balta,,,-/-,,100,15,,"BIO_LS, BIOE_LS",,
22563,GEM 482E,GEM,LS,Individual Graduation Project,,-,,,-/-,,0,0,,GEM_LS,,
22564,BIO 4902E,BIO,LS,Mol Bio & Genetics Design II,,Bülent Balta,,,-/-,,100,47,,"BIO_LS, BIOE_LS",,
22565,GEM 492E,GEM,LS,Graduation Design Project,,-,,,-/-,,0,0,,"GEM_LS, GEME_LS",,
22566,DEN 102,DEN,LS,Bilgisayar Destek.Teknik Resim,,Sevil Deniz Yakan Dündar,KMB,Cuma,08:30/10:29,D301,27,27,,DEN_LS,,
22567,DEN 102,DEN,LS,Bilgisayar Destek.Teknik Resim,,Sevil Deniz Yakan Dündar,KMB,Cuma,10:30/12:29,D301,27,27,,DEN_LS,,
22568,DEN 102,DEN,LS,Bilgisayar Destek.Teknik Resim,,Münir Cansın Özden,MEDC,Cuma,08:30/10:29,3BİL1,27,26,,DEN_LS,,
22569,BIO 301E,BIO,LS,Fundamentals of Biology,,Ece Polat,FEB,Salı,11:30/14:29,D201,55,58,,"CEV_LS, CEVE_LS, CHZ_LS, CHZE_LS, EEE_LS, EHB_LS, EHBE_LS, EHS_LS, ELE_LS, ELH_LS, ELK_LS, ELKE_LS, FIZ_LS, FIZE_LS, GID_LS, INS_LS, INSE_LS, ISL_LS, ISLE_LS, JEO_LS, JEOE_LS, KIM_LS, KIME_LS, KMM_LS, KOM_LS, KOME_LS, MAD_LS, MADE_LS, MET_LS, METE_LS, PET_LS, PETE_LS, TEL_LS",,
22570,BIO 301E,BIO,LS,Fundamentals of Biology,,Ece Polat,FEB,Perşembe,11:30/14:29,L400,55,54,,"CEV_LS, CEVE_LS, CHZ_LS, CHZE_LS, EEE_LS, EHB_LS, EHBE_LS, EHS_LS, ELE_LS, ELH_LS, ELK_LS, ELKE_LS, FIZ_LS, FIZE_LS, GID_LS, INS_LS, INSE_LS, ISL_LS, ISLE_LS, JEO_LS, JEOE_LS, KIM_LS, KIME_LS, KMM_LS, KOM_LS, KOME_LS, MAD_LS, MADE_LS, MET_LS, METE_LS, PET_LS, PETE_LS, TEL_LS",,
22571,BIL 113E,BIL,LS,Intr.to Sci& Eng.Comp.(MATLAB),,Münir Cansın Özden,MEDC,Salı,08:30/11:29,3BİL1,45,41,,"DEN_LS, DENE_LS",,
22572,BIL 113E,BIL,LS,Intr.to Sci& Eng.Comp.(MATLAB),,Bilge Tutak,MEDC,Perşembe,13:30/16:29,3D19,45,48,,"DEN_LS, DENE_LS",,
22573,STA 201,STA,LS,Statik,,Ceren Bilgin Güney,MEDC,Perşembe,09:30/12:29,ZA3,90,92,,DEN_LS,,
22574,DAN 102,DAN,LS,Girişimcilik & Kariyer Danış.,,Ayhan Menteş,MEDC,Çarşamba,15:30/17:29,1D10,500,74,,DEN_LS,,
22575,BLG 102E,BLG,LS,Intr to Sci&Eng Comp (C),,Ali Çakmak,BBB | INB,Pazartesi | Perşembe,13:30/16:29 | 15:30/17:29,Z-16 | D100,95,109,,"BLG_LS, BLGE_LS, SECE_LS",,
22576,BLG 102E,BLG,LS,Intr to Sci&Eng Comp (C),,Yaşar Erenler,BBB | INB,Pazartesi | Perşembe,13:30/16:29 | 15:30/17:29,Z-19 | D101,75,80,,"BLG_LS, BLGE_LS, SECE_LS",,
22577,BBF 103E,BBF,LS,Discrete Mathematics,,Şule Öğüdücü,BBB,Çarşamba,12:30/15:29,Z-18,110,106,,"BLG_LS, BLGE_LS, CEN_LS, EHB_LS, EHBE_LS, ELK_LS, ELKE_LS, KOM_LS, KOME_LS, SECE_LS, YZVE_LS",,
22578,MUK 204,MUK,LS,Mukavemet II,,Oktay Eren Türeyen,MEDC,Pazartesi,13:30/16:29,2D18,120,102,,DEN_LS,,
22579,TER 201,TER,LS,Termodinamik,,Halil Saraçoğlu,MEDC,Salı,09:30/12:29,2D18,90,78,,DEN_LS,,
22580,AKM 205,AKM,LS,Akışkanlar Mekaniği,,Şafak Nur Ertürk Bozkurtoğlu,MEDC | MEDC,Salı | Perşembe,13:30/16:29 | 15:00/16:59,ZA4 | ZA3,90,100,,DEN_LS,,
22581,MAT 271E,MAT,LS,Probability and Statistics,,Burak Karacık,MEDC,Çarşamba,09:30/12:29,2D18,90,90,,"DEN_LS, DENE_LS",,
22582,DEN 208E,DEN,LS,Const.of Ship&Offshore Strc.,,Serdar Aytekin Köroğlu,MEDC,Perşembe,09:30/11:29,ZA4,100,98,,"DEN_LS, DENE_LS",,
22583,DEN 306E,DEN,LS,Marine Vehicle Design,,Burcu Erbaş,MEDC,Çarşamba,10:30/12:29,ZD1,80,66,,"DEN_LS, DENE_LS",,
22584,DEN 308E,DEN,LS,Stability of Marine Vehicles,,Hakan Akyıldız,MEDC,Salı,12:30/14:29,3D20,80,59,,"DEN_LS, DENE_LS",,
22585,DEN 310E,DEN,LS,Resistance and Propulsion,,Ömer Kemal Kınacı,MEDC,Pazartesi,10:30/13:29,2D18,60,55,,DEN_LS,,
22586,BBF 103E,BBF,LS,Discrete Mathematics,,Mehmet Akif Yazıcı,BBB,Çarşamba,09:30/12:29,Z-18,110,119,,"BLG_LS, BLGE_LS, CEN_LS, EHB_LS, EHBE_LS, ELK_LS, ELKE_LS, KOM_LS, KOME_LS, SECE_LS, VBAE_LS, YZVE_LS",,
22587,DEN 328E,DEN,LS,Oceanography,,"Sevil Deniz Yakan Dündar , / Deniz Bayraktar Bural",MEDC,Perşembe,08:30/11:29,1D10,70,55,,"DEN_LS, DENE_LS",,
22588,BBF 103E,BBF,LS,Discrete Mathematics,,Tuğçe Bilen,BBB,Çarşamba,09:30/12:29,Z-19,110,95,,"BLG_LS, BLGE_LS, CEN_LS, EHB_LS, EHBE_LS, ELK_LS, ELKE_LS, KOM_LS, KOME_LS, SECE_LS, YZVE_LS",,
22589,DEN 330E,DEN,LS,Marine Engines&Aux.,,Ahmet Ergün Palaz,MEDC,Çarşamba,13:30/15:29,3D20,80,72,,"DEN_LS, DENE_LS",,
22590,BLG 202E,BLG,LS,Numerical Methods in CE,,Yusuf Yaslan,BBB,Salı,09:30/12:29,Z-18,95,102,,"BLG_LS, BLGE_LS, CEN_LS, YZVE_LS",,
22591,DEN 332,DEN,LS,Deniz ve İş Hukuku,,Hasan Murat Demirkıran,MEDC,Pazartesi,13:30/15:29,3D20,80,65,,DEN_LS,,
22592,BLG 202E,BLG,LS,Numerical Methods in CE,,Enver Özdemir,BBB,Salı,09:30/12:29,Z-19,95,92,,"BLG_LS, BLGE_LS, CEN_LS, YZVE_LS",,
22593,DEN 334,DEN,LS,Deniz Suyu Kimyası,,Burak Karacık,MEDC,Perşembe,12:30/14:29,ZA3,60,11,,DEN_LS,,
22594,BLG 202E,BLG,LS,Numerical Methods in CE,,Abdulkerim Çapar,BBB,Salı,09:30/12:29,Z-17,95,82,,"BLG_LS, BLGE_LS, CEN_LS, YZVE_LS",,
22595,GEM 412E,GEM,LS,Shipyard Organization,,Erdem Üçer,MEDC,Pazartesi,08:30/10:29,3D20,75,80,,DEN_LS,,
22596,BLG 222E,BLG,LS,Computer Organization,,Gökhan İnce,BBB,Perşembe,08:30/11:29,Z-18,95,92,,"BLG_LS, BLGE_LS",,
22597,DEN 451E,DEN,LS,Ship Mod.Tst.&OceanographyLab.,,"Ceren Bilgin Güney , / Burcu Erbaş",MEDC,Salı,09:30/12:29,3D20,65,63,,"DEN_LS, DENE_LS",,
22598,BLG 222E,BLG,LS,Computer Organization,,-,BBB,Perşembe,08:30/11:29,101,0,0,,"BLG_LS, BLGE_LS",,
22599,BLG 222E,BLG,LS,Computer Organization,,Mustafa Ersel Kamaşak,BBB,Perşembe,08:30/11:29,104,80,80,,"BLG_LS, BLGE_LS",,
22600,BLG 242E,BLG,LS,Logic Circuits Laboratory,,Mustafa Ersel Kamaşak,BBB,Perşembe,15:30/17:29,,72,78,,"BLG_LS, BLGE_LS, CEN_LS",,
22601,BLG 242E,BLG,LS,Logic Circuits Laboratory,,Nizamettin Aydın,BBB,Cuma,14:00/15:59,,72,71,,"BLG_LS, BLGE_LS, CEN_LS",,
22602,BLG 242E,BLG,LS,Logic Circuits Laboratory,,Nizamettin Aydın,BBB,Cuma,16:00/17:59,,72,65,,"BLG_LS, BLGE_LS, CEN_LS",,
22603,BLG 252E,BLG,LS,Object Oriented Programming,,Cihan Topal,BBB,Pazartesi,09:30/12:29,Z-17,80,73,,"BLG_LS, BLGE_LS, EHB_LS, EHBE_LS, YZVE_LS",,
22604,BLG 252E,BLG,LS,Object Oriented Programming,,Feza Buzluca,BBB,Pazartesi,09:30/12:29,Z-16,80,83,,"BLG_LS, BLGE_LS, YZVE_LS",,
22605,BLG 252E,BLG,LS,Object Oriented Programming,,Sanem Kabadayı,BBB,Pazartesi,09:30/12:29,Z-19,85,85,,"BLG_LS, BLGE_LS, YZVE_LS",,
22606,BLG 311E,BLG,LS,Formal Languages and Automata,,Tolga Ovatman,BBB,Cuma,09:30/12:29,Z-16,120,132,,"BLG_LS, BLGE_LS, CEN_LS, YZVE_LS",,
22607,BLG 311E,BLG,LS,Formal Languages and Automata,,Gökhan Seçinti,BBB,Cuma,09:30/12:29,Z-18,105,108,,"BLG_LS, BLGE_LS, CEN_LS, YZVE_LS",,
22608,BLG 311E,BLG,LS,Formal Languages and Automata,,Mehmet Tahir Sandıkkaya,BBB,Cuma,09:30/12:29,Z-19,105,98,,"BLG_LS, BLGE_LS, CEN_LS, YZVE_LS",,
22609,BLG 312E,BLG,LS,Computer Operating Systems,,Nizamettin Aydın,BBB,Çarşamba,08:30/11:29,Z-16,120,132,,"BLG_LS, BLGE_LS, CEN_LS, YZVE_LS",,
22610,BLG 312E,BLG,LS,Computer Operating Systems,,Kemal Bıçakcı,BBB,Çarşamba,08:30/11:29,Z-17,140,162,,"BLG_LS, BLGE_LS, CEN_LS, YZVE_LS",,
22611,BLG 322E,BLG,LS,Computer Architecture,,Ayşe Yılmazer Metin,BBB,Perşembe,08:30/11:29,Z-16,120,143,,"BLG_LS, BLGE_LS",,
22612,BLG 322E,BLG,LS,Computer Architecture,,Sanem Kabadayı,BBB,Perşembe,08:30/11:29,Z-20,90,85,,"BLG_LS, BLGE_LS, CEN_LS",,
22613,BLG 336E,BLG,LS,Analysis of Algorithms II,,İlkay Öksüz,BBB,Salı,08:30/11:29,Z-16,105,124,,"BLG_LS, BLGE_LS, CEN_LS, YZVE_LS",,
22614,BLG 336E,BLG,LS,Analysis of Algorithms II,,Mehmet Baysan,BBB,Salı,13:30/16:29,Z-18,90,76,,"BLG_LS, BLGE_LS, CEN_LS, YZVE_LS",,
22615,BLG 354E,BLG,LS,Signal&Systems for Comp.Eng.,,Burak Berk Üstündağ,BBB,Pazartesi,08:30/11:29,Z-18,105,91,,"BLG_LS, BLGE_LS, YZVE_LS",,
22616,BLG 354E,BLG,LS,Signal&Systems for Comp.Eng.,,Yusuf Hüseyin Şahin,BBB,Pazartesi,08:30/11:29,104,80,92,,"BLG_LS, BLGE_LS, YZVE_LS",,
22617,BLG 374E,BLG,LS,Tech. Communic.for Comp.Eng.,,Sefer Baday,BBB,Çarşamba,13:30/15:29,Z-16,170,192,,"BLG_LS, BLGE_LS, CEN_LS",,
22618,DEN 406E,DEN,LS,Offshore Structural Analysis,,Serdar Aytekin Köroğlu,MEDC,Perşembe,14:30/17:29,ZA4,65,17,,"DEN_LS, DENE_LS",,
22619,DEN 418E,DEN,LS,Marine Energy Technology,,Şafak Nur Ertürk Bozkurtoğlu,MEDC,Pazartesi,15:30/17:29,2D15,20,15,,"DEN_LS, DENE_LS",,
22620,DEN 424E,DEN,LS,Computer Aided Ship Design,,Kadir Sarıöz,MEDC,Pazartesi,15:30/17:29,2D16,20,15,,"DEN_LS, DENE_LS",,
22621,DEN 448E,DEN,LS,Mechanics of Mooring Lines,,-,MEDC,Pazartesi,15:30/17:29,,0,0,,"DEN_LS, DENE_LS",,
22622,BLG 368E,BLG,LS,Operations Research,,"Özgür Kabak , / Hatice Tekiner Moğulkoç",BBB,Salı,14:30/17:29,Z-16,160,180,,"BLG_LS, BLGE_LS, CEN_LS, YZVE_LS",,
22623,DEN 414,DEN,LS,Deniz Dibi Boru Döşeme Tekniği,,Deniz Bayraktar Bural,MEDC,Perşembe,12:30/14:29,1D7,25,15,,DEN_LS,,
22624,BLG 442E,BLG,LS,Tech.&Innov. Mng.for Inf.Tech.,,Gökhan İnce,BBB,Cuma,08:30/11:29,Z-20,60,49,,"BLG_LS, BLGE_LS, CEN_LS",,
22625,DEN 446,DEN,LS,Gemi Elektr.& Kontrol Sist.,,Ali Saffet Altay,MEDC,Perşembe,12:30/14:29,3D20,70,61,,DEN_LS,,
22626,BLG 454E,BLG,LS,Learning From Data,,Mehmet Keskinöz,BBB,Çarşamba,12:30/15:29,104,80,45,,"BLG_LS, BLGE_LS, CEN_LS, ECNE_LS",,
22627,BLG 454E,BLG,LS,Learning From Data,,Behçet Uğur Töreyin,EEB,Perşembe,09:30/12:29,4102,85,79,,"CEN_LS, YZVE_LS",,
22628,DEN 454,DEN,LS,Gem.Klaslanma. Plan Onay Sür.,,Murat Kaplanoğlu,MEDC,Çarşamba,12:30/15:29,1D6,35,26,,"DEN_LS, SOR_YD",,
22629,DEN 456,DEN,LS,Klas.Faal.Deniz.Huk.&DenizSig.,,Hasan Murat Demirkıran,MEDC,Pazartesi,08:30/11:29,ZD2,35,19,,"DEN_LS, SOR_YD",,
22630,BLG 448E,BLG,LS,Project Management in Eng.,,Selin Metin Doğu,BBB,Cuma,08:30/11:29,Z-17,80,80,,"BLG_LS, BLGE_LS, CEN_LS, YZVE_LS",,
22631,DEN 458,DEN,LS,Sörvey Faal.İş Sağ. ve Güven.,,Mehmet Cem Melikoğlu,MEDC,Salı,14:30/17:29,2D16,38,45,,"DEN_LS, SOR_YD",,
22632,BLG 433E,BLG,LS,Computer Communications,,Abdül Halim Zaim,BBB,Çarşamba,10:30/12:29,123,35,34,,"BLG_LS, BLGE_LS, CEN_LS",,
22633,DEN 460,DEN,LS,Sörv.Faal.Ulus.&Ulusl.Kur.&Dü.,,Bekir Sıtkı Türkmen,MEDC,Çarşamba,08:30/11:29,1D7,35,20,,"DEN_LS, SOR_YD",,
22634,BLG 449E,BLG,LS,Prog.in Parallel&DistrubedSys.,,Deniz Turgay Altılar,BBB,Pazartesi,13:30/15:29,123,35,27,,"BLG_LS, BLGE_LS, CEN_LS",,
22635,DEN 462E,DEN,LS,Motions&Control of Mar.Vehic.,,Ömer Kemal Kınacı,MEDC,Çarşamba,13:30/15:29,2D11,35,19,,DEN_LS,,
22636,BLG 458E,BLG,LS,Functional Programming,,Yusuf Hüseyin Şahin,BBB,Perşembe,13:30/15:29,Z-16,50,138,,"BLG_LS, BLGE_LS, CEN_LS",,
22637,DEN 4901E,DEN,LS,Shipbuilding&Ocean Eng.Desig.I,,"Kadir Sarıöz , / Deniz Bayraktar Bural , / Serdar Aytekin Köroğlu",MEDC | MEDC,Cuma | Cuma,09:30/12:29 | 14:00/16:59,ZA3 | ZA3,500,14,,"DEN_LS, DENE_LS",,
22638,DEN 4902E,DEN,LS,Shipbuilding&Ocean Eng.Dsg.II,,"Ömer Kemal Kınacı , / Ceren Bilgin Güney , / Hakan Akyıldız",MEDC | MEDC,Cuma | Cuma,09:30/12:29 | 14:00/16:59,ZA4 | ZA4,500,53,,"DEN_LS, DENE_LS",,
22639,DEN 341E,DEN,LS,Ship Theory,,Hakan Akyıldız,MEDC,Salı,14:30/17:29,2D18,40,18,,"DEN_LS, DENE_LS",,
22640,DEN 339,DEN,LS,Deniz Kirliliği,,Oktay Eren Türeyen,MEDC,Cuma,10:30/12:29,1D4,40,33,,DEN_LS,,
22641,BLG 475E,BLG,LS,Software Quality and Testing,,Ayşe Tosun Kühn,BBB,Perşembe,10:30/12:29,123,45,37,,"BLG_LS, BLGE_LS, CEN_LS",,
22642,TES 121E,TES,LS,Project II,,-,MMB | MMB,Pazartesi | Perşembe,08:30/12:29 | 08:30/12:29,,600,0,,"ARC_LS, ENTE_LS, EUT_LS, EUTE_LS, IAD_LS, ICM_LS, MIM_LS, MIME_LS, PEM_LS, PEME_LS, SBP_LS, SBPE_LS",,
22643,TES 121E,TES,LS,Project II,,Fatma Erkök,MMB | MMB,Pazartesi | Perşembe,08:30/12:29 | 08:30/12:29,3400 | 3400,0,32,,"ARC_LS, ENTE_LS, EUT_LS, EUTE_LS, IAD_LS, ICM_LS, MIM_LS, MIME_LS, PEM_LS, PEME_LS, SBP_LS, SBPE_LS",,
22644,TES 121E,TES,LS,Project II,,Ozan Önder Özener,MMB | MMB,Pazartesi | Perşembe,08:30/12:29 | 08:30/12:29,,0,22,,"ARC_LS, ENTE_LS, EUT_LS, EUTE_LS, IAD_LS, ICM_LS, MIM_LS, MIME_LS, PEM_LS, PEME_LS, SBP_LS, SBPE_LS",,
22645,TES 121E,TES,LS,Project II,,Bihter Almaç,MMB | MMB,Pazartesi | Perşembe,08:30/12:29 | 08:30/12:29,,0,39,,"ARC_LS, ENTE_LS, EUT_LS, EUTE_LS, IAD_LS, ICM_LS, MIM_LS, MIME_LS, PEM_LS, PEME_LS, SBP_LS, SBPE_LS",,
22646,TES 121E,TES,LS,Project II,,Çiğdem Eren,MMB | MMB,Pazartesi | Perşembe,08:30/12:29 | 08:30/12:29,,0,19,,"ARC_LS, ENTE_LS, EUT_LS, EUTE_LS, IAD_LS, ICM_LS, MIM_LS, MIME_LS, PEM_LS, PEME_LS, SBP_LS, SBPE_LS",,
22647,TES 121E,TES,LS,Project II,,Hakan Tong,MMB | MMB,Pazartesi | Perşembe,08:30/12:29 | 08:30/12:29,,0,42,,"ARC_LS, ENTE_LS, EUT_LS, EUTE_LS, IAD_LS, ICM_LS, MIM_LS, MIME_LS, PEM_LS, PEME_LS, SBP_LS, SBPE_LS",,
22648,TES 121E,TES,LS,Project II,,Zeynep Günay,MMB | MMB,Pazartesi | Perşembe,08:30/12:29 | 08:30/12:29,214 | 214,0,17,,"ARC_LS, ENTE_LS, EUT_LS, EUTE_LS, IAD_LS, ICM_LS, MIM_LS, MIME_LS, PEM_LS, PEME_LS, SBP_LS, SBPE_LS",,
22649,TES 121E,TES,LS,Project II,,Hasan Serdar Kaya,MMB | MMB,Pazartesi | Perşembe,08:30/12:29 | 08:30/12:29,CATI2 | CATI2,0,20,,"ARC_LS, ENTE_LS, EUT_LS, EUTE_LS, IAD_LS, ICM_LS, MIM_LS, MIME_LS, PEM_LS, PEME_LS, SBP_LS, SBPE_LS",,
22650,TES 121E,TES,LS,Project II,,Başak Demireş Özkul,MMB | MMB | CATI1,Pazartesi | Perşembe,08:30/12:29 | 08:30/12:29,,0,21,,"ARC_LS, ENTE_LS, EUT_LS, EUTE_LS, IAD_LS, ICM_LS, MIM_LS, MIME_LS, PEM_LS, PEME_LS, SBP_LS, SBPE_LS",,
22651,TES 121E,TES,LS,Project II,,Aslı Ulubaş Hamurcu,MMB | MMB,Pazartesi | Perşembe,08:30/12:29 | 08:30/12:29,,0,21,,"ARC_LS, ENTE_LS, EUT_LS, EUTE_LS, IAD_LS, ICM_LS, MIM_LS, MIME_LS, PEM_LS, PEME_LS, SBP_LS, SBPE_LS",,
22652,TES 121E,TES,LS,Project II,,Meltem Maralcan Gülmen,MMB | MMB,Pazartesi | Perşembe,08:30/12:29 | 08:30/12:29,212 | 212,0,21,,"ARC_LS, ENTE_LS, EUT_LS, EUTE_LS, IAD_LS, ICM_LS, MIM_LS, MIME_LS, PEM_LS, PEME_LS, SBP_LS, SBPE_LS",,
22653,TES 121E,TES,LS,Project II,,Pelin Efilti,MMB | MMB,Pazartesi | Perşembe,08:30/12:29 | 08:30/12:29,,0,20,,"ARC_LS, ENTE_LS, EUT_LS, EUTE_LS, IAD_LS, ICM_LS, MIM_LS, MIME_LS, PEM_LS, PEME_LS, SBP_LS, SBPE_LS",,
22654,TES 121E,TES,LS,Project II,,Hatice Kübra Yıldız,MMB | MMB,Pazartesi | Perşembe,08:30/12:29 | 08:30/12:29,,0,20,,"ARC_LS, ENTE_LS, EUT_LS, EUTE_LS, IAD_LS, ICM_LS, MIM_LS, MIME_LS, PEM_LS, PEME_LS, SBP_LS, SBPE_LS",,
22655,TES 121E,TES,LS,Project II,,Ethem Gürer,MMB | MMB,Pazartesi | Perşembe,08:30/12:29 | 08:30/12:29,,0,18,,"ARC_LS, ENTE_LS, EUT_LS, EUTE_LS, IAD_LS, ICM_LS, MIM_LS, MIME_LS, PEM_LS, PEME_LS, SBP_LS, SBPE_LS",,
22656,TES 121E,TES,LS,Project II,,Ahmet Erdem Tozoğlu,MMB | MMB,Pazartesi | Perşembe,08:30/12:29 | 08:30/12:29,,0,16,,"ARC_LS, ENTE_LS, EUT_LS, EUTE_LS, IAD_LS, ICM_LS, MIM_LS, MIME_LS, PEM_LS, PEME_LS, SBP_LS, SBPE_LS",,
22657,TES 121E,TES,LS,Project II,,Ahmet Gün,MMB | MMB,Pazartesi | Perşembe,08:30/12:29 | 08:30/12:29,,0,16,,"ARC_LS, ENTE_LS, EUT_LS, EUTE_LS, IAD_LS, ICM_LS, MIM_LS, MIME_LS, PEM_LS, PEME_LS, SBP_LS, SBPE_LS",,
22658,TES 121E,TES,LS,Project II,,Elif Kısar Koramaz,MMB | MMB,Pazartesi | Perşembe,08:30/12:29 | 08:30/12:29,,0,15,,"ARC_LS, ENTE_LS, EUT_LS, EUTE_LS, IAD_LS, ICM_LS, MIM_LS, MIME_LS, PEM_LS, PEME_LS, SBP_LS, SBPE_LS",,
22659,TES 121E,TES,LS,Project II,,Ayşegül Akçay Kavakoğlu,MMB | MMB,Pazartesi | Perşembe,08:30/12:29 | 08:30/12:29,,0,14,,"ARC_LS, ENTE_LS, EUT_LS, EUTE_LS, IAD_LS, ICM_LS, MIM_LS, MIME_LS, PEM_LS, PEME_LS, SBP_LS, SBPE_LS",,
22660,TES 121E,TES,LS,Project II,,Ikhwan Kım,MMB | MMB,Pazartesi | Perşembe,08:30/12:29 | 08:30/12:29,,0,15,,"ARC_LS, ENTE_LS, EUT_LS, EUTE_LS, IAD_LS, ICM_LS, MIM_LS, MIME_LS, PEM_LS, PEME_LS, SBP_LS, SBPE_LS",,
22661,BLG 460E,BLG,LS,Secure Programming,,Mehmet Tahir Sandıkkaya,BBB,Salı,15:30/17:29,Z-20,35,40,,"BLG_LS, BLGE_LS, CEN_LS",,
22662,BLG 468E,BLG,LS,Object Oriented Model.&Design,,Feza Buzluca,BBB,Çarşamba,08:30/10:29,123,35,41,,"BLG_LS, BLGE_LS, CEN_LS",,
22663,BLG 477E,BLG,LS,Multimedia Computing,,Uluğ Bayazıt,BBB,Salı,13:30/15:29,123,35,20,,"BLG_LS, BLGE_LS, CEN_LS",,
22664,BLG 478E,BLG,LS,Network Security,,Şerif Bahtiyar,BBB,Salı,08:30/10:29,123,35,45,,"BLG_LS, BLGE_LS, CEN_LS",,
22666,BLG 439E,BLG,LS,Computer Project I,,Abdül Halim Zaim,BBB,Pazartesi,09:30/12:29,Z-23,30,7,,"BLG_LS, BLGE_LS, CEN_LS",,
22668,BLG 4901E,BLG,LS,Computer Engineering Design I,,Yusuf Hüseyin Şahin,,,-/-,,200,23,,"BLG_LS, BLGE_LS",,
22670,BLG 4902E,BLG,LS,Computer Engineering Design II,,Yusuf Hüseyin Şahin,,,-/-,,200,135,,"BLG_LS, BLGE_LS, CEN_LS",,
22671,BLG 492,BLG,LS,Bitirme Çalışması,,Yusuf Hüseyin Şahin,,,-/-,,200,1,,BLG_LS,,
22672,BLG 492E,BLG,LS,Graduation Project,,Yusuf Hüseyin Şahin,,,-/-,,200,4,,"BLG_LS, BLGE_LS",,
22673,DAN 102,DAN,LS,Girişimcilik & Kariyer Danış.,,Ayşe Tosun Kühn,BBB,Çarşamba,15:30/17:29,,200,194,,"BLG_LS, BLGE_LS, CEN_LS, SECE_LS",,
22675,YZV 104E,YZV,LS,Int.toPrg.forDataSci.(Python),,Ahmet Cüneyd Tantuğ,BBB | BBB,Perşembe | Perşembe,09:30/12:29 | 13:30/15:29,Z-17 | Z-17,85,73,,YZVE_LS,,
22676,YZV 202E,YZV,LS,Optimization for Data Science,,Faik Boray Tek,BBB,Salı,13:30/16:29,Z-17,70,69,,YZVE_LS,,
22677,YZV 212E,YZV,LS,Fund.ofArtificial Intelligence,,Sanem Sarıel Uzer,BBB,Çarşamba,12:30/15:29,Z-19,85,85,,YZVE_LS,,
22678,YZV 321E,YZV,LS,Fund.ofArtificial Intelligence,,Cihan Topal,BBB,Çarşamba,12:30/15:29,,5,2,,YZVE_LS,,
22679,DAN 102,DAN,LS,Girişimcilik & Kariyer Danış.,,Gülşen Eryiğit,BBB,Çarşamba,15:30/17:29,,70,65,,"SECE_LS, YZVE_LS",,
22680,YZV 322E,YZV,LS,Applied Data Engineering,,"Ahmet Cüneyd Tantuğ , / Tacettin Ayar",BBB,Pazartesi,12:30/16:29,Z-18,85,77,,YZVE_LS,,
22681,YZV 405E,YZV,LS,Natural Language Processing,,Gülşen Eryiğit,BBB,Çarşamba,08:30/11:29,104,55,45,,YZVE_LS,,
22682,YZV 416E,YZV,LS,Computer Vision,,Cihan Topal,BBB,Perşembe,14:30/17:29,104,55,49,,"CEN_LS, YZVE_LS",,
22683,YZV 4901E,YZV,LS,AI &Data Engineering Design I,,Faik Boray Tek,,,-/-,,45,10,,YZVE_LS,,
22684,YZV 4902E,YZV,LS,AI& Data Engineering Design II,,Tuğçe Bilen,,,-/-,,45,29,,YZVE_LS,,
22685,YZV 447E,YZV,LS,Cognitive Neuroscience,,Murat Okatan,BBB | BBB,Çarşamba | Cuma,13:30/15:29 | 14:30/16:29,Z-23 | Z-23,25,8,,YZVE_LS,,
22686,YZV 445E,YZV,LS,Artificial Intelligence Project,,"Gülşen Eryiğit , / Tacettin Ayar",BBB,Perşembe,09:30/12:29,Z-23,30,26,,YZVE_LS,,
22687,TES 122E,TES,LS,Vis.CommII:Visualization&Persp,,-,MMB,Cuma,08:30/12:29,,600,0,,"ARC_LS, ENTE_LS, EUT_LS, EUTE_LS, IAD_LS, ICM_LS, MIM_LS, MIME_LS, PEM_LS, PEME_LS, SBP_LS, SBPE_LS",,
22688,TES 122E,TES,LS,Vis.CommII:Visualization&Persp,,Fatma Erkök,MMB,Cuma,08:30/12:29,3400,0,25,,"ARC_LS, ENTE_LS, EUT_LS, EUTE_LS, IAD_LS, ICM_LS, MIM_LS, MIME_LS, PEM_LS, PEME_LS, SBP_LS, SBPE_LS",,
22689,TES 122E,TES,LS,Vis.CommII:Visualization&Persp,,Ozan Önder Özener,MMB,Cuma,08:30/12:29,,0,31,,"ARC_LS, ENTE_LS, EUT_LS, EUTE_LS, IAD_LS, ICM_LS, MIM_LS, MIME_LS, PEM_LS, PEME_LS, SBP_LS, SBPE_LS",,
22690,TES 122E,TES,LS,Vis.CommII:Visualization&Persp,,Bihter Almaç,MMB,Cuma,08:30/12:29,,0,31,,"ARC_LS, ENTE_LS, EUT_LS, EUTE_LS, IAD_LS, ICM_LS, MIM_LS, MIME_LS, PEM_LS, PEME_LS, SBP_LS, SBPE_LS",,
22691,TES 122E,TES,LS,Vis.CommII:Visualization&Persp,,Çiğdem Eren,MMB,Cuma,08:30/12:29,,0,27,,"ARC_LS, ENTE_LS, EUT_LS, EUTE_LS, IAD_LS, ICM_LS, MIM_LS, MIME_LS, PEM_LS, PEME_LS, SBP_LS, SBPE_LS",,
22692,TES 122E,TES,LS,Vis.CommII:Visualization&Persp,,Hakan Tong,MMB,Cuma,08:30/12:29,,0,52,,"ARC_LS, ENTE_LS, EUT_LS, EUTE_LS, IAD_LS, ICM_LS, MIM_LS, MIME_LS, PEM_LS, PEME_LS, SBP_LS, SBPE_LS",,
22693,TES 122E,TES,LS,Vis.CommII:Visualization&Persp,,Zeynep Günay,MMB,Cuma,08:30/12:29,214,0,27,,"ARC_LS, ENTE_LS, EUT_LS, EUTE_LS, IAD_LS, ICM_LS, MIM_LS, MIME_LS, PEM_LS, PEME_LS, SBP_LS, SBPE_LS",,
22694,TES 122E,TES,LS,Vis.CommII:Visualization&Persp,,Hasan Serdar Kaya,MMB,Cuma,08:30/12:29,CATI2,0,24,,"ARC_LS, ENTE_LS, EUT_LS, EUTE_LS, IAD_LS, ICM_LS, MIM_LS, MIME_LS, PEM_LS, PEME_LS, SBP_LS, SBPE_LS",,
22695,TES 122E,TES,LS,Vis.CommII:Visualization&Persp,,Başak Demireş Özkul,MMB,Cuma,08:30/12:29,CATI1,0,23,,"ARC_LS, ENTE_LS, EUT_LS, EUTE_LS, IAD_LS, ICM_LS, MIM_LS, MIME_LS, PEM_LS, PEME_LS, SBP_LS, SBPE_LS",,
22696,TES 122E,TES,LS,Vis.CommII:Visualization&Persp,,İsmail Eren Kürkçüoğlu,MMB,Cuma,08:30/12:29,,0,23,,"ARC_LS, ENTE_LS, EUT_LS, EUTE_LS, IAD_LS, ICM_LS, MIM_LS, MIME_LS, PEM_LS, PEME_LS, SBP_LS, SBPE_LS",,
22697,TES 122E,TES,LS,Vis.CommII:Visualization&Persp,,Pelin Efilti,MMB,Cuma,08:30/12:29,212,0,30,,"ARC_LS, ENTE_LS, EUT_LS, EUTE_LS, IAD_LS, ICM_LS, MIM_LS, MIME_LS, PEM_LS, PEME_LS, SBP_LS, SBPE_LS",,
22698,TES 122E,TES,LS,Vis.CommII:Visualization&Persp,,Hatice Kübra Yıldız,MMB,Cuma,08:30/12:29,,0,28,,"ARC_LS, ENTE_LS, EUT_LS, EUTE_LS, IAD_LS, ICM_LS, MIM_LS, MIME_LS, PEM_LS, PEME_LS, SBP_LS, SBPE_LS",,
22699,TES 122E,TES,LS,Vis.CommII:Visualization&Persp,,Ethem Gürer,MMB,Cuma,08:30/12:29,,0,25,,"ARC_LS, ENTE_LS, EUT_LS, EUTE_LS, IAD_LS, ICM_LS, MIM_LS, MIME_LS, PEM_LS, PEME_LS, SBP_LS, SBPE_LS",,
22700,TES 122E,TES,LS,Vis.CommII:Visualization&Persp,,Ahmet Gün,MMB,Cuma,08:30/12:29,,0,26,,"ARC_LS, ENTE_LS, EUT_LS, EUTE_LS, IAD_LS, ICM_LS, MIM_LS, MIME_LS, PEM_LS, PEME_LS, SBP_LS, SBPE_LS",,
22701,TES 122E,TES,LS,Vis.CommII:Visualization&Persp,,Ayşegül Akçay Kavakoğlu,MMB,Cuma,08:30/12:29,,0,21,,"ARC_LS, ENTE_LS, EUT_LS, EUTE_LS, IAD_LS, ICM_LS, MIM_LS, MIME_LS, PEM_LS, PEME_LS, SBP_LS, SBPE_LS",,
22702,TES 122E,TES,LS,Vis.CommII:Visualization&Persp,,Ikhwan Kım,MMB,Cuma,08:30/12:29,,0,22,,"ARC_LS, ENTE_LS, EUT_LS, EUTE_LS, IAD_LS, ICM_LS, MIM_LS, MIME_LS, PEM_LS, PEME_LS, SBP_LS, SBPE_LS",,
22704,PHY 126,PHY,LS,Physics II,,Esra Zayim,KMB,Salı,14:30/17:29,D106,30,20,,"MBI_LS, SGI_LS",,
22706,PHY 126L,PHY,LS,Physics II Laboratory,,Esra Zayim,FEB,Çarşamba,13:30/15:29,,30,19,,"MBI_LS, SGI_LS",,
22707,PHY 126,PHY,LS,Physics II,,Yaşar Yılmaz,MED,Salı,14:30/17:29,A13,30,30,,SIN_LS,,
22710,PHY 126L,PHY,LS,Physics II Laboratory,,Yaşar Yılmaz,FEB,Çarşamba,11:30/13:29,,40,34,,SIN_LS,,
22713,PHY 126,PHY,LS,Physics II,,Emre Onur Kahya,FEB,Salı,14:30/17:29,D105,30,27,,SED_LS,,
22715,PHY 126L,PHY,LS,Physics II Laboratory,,Emre Onur Kahya,FEB,Pazartesi,11:30/13:29,,30,25,,SED_LS,,
22717,UZB 425E,UZB,LS,Digital Control Design,,Burak Boyacıoğlu,MEDC,Perşembe,08:30/11:29,1D7,40,24,,"UCK_LS, UZBE_LS",,
22718,UZB 479E,UZB,LS,Air and Space Law,,Nazlı Can,MEDC,Perşembe,14:30/17:29,1D9,40,41,,"UCK_LS, UZB_LS, UZBE_LS",,
22719,UCK 471E,UCK,LS,Aviation Maintenance Manag.,,Şükrü Can,MEDC,Perşembe,11:30/14:29,1D6,45,55,,"UCK_LS, UZB_LS, UZBE_LS",,
22720,MEK 205,MEK,LS,Mühendislik Mekaniği,,Oğuz Altay,MKB,Pazartesi,09:30/12:29,A101,80,62,,"CHZ_LS, END_LS, GID_LS, GMI_LS, IML_LS, ISL_LS, JEF_LS, JEO_LS, MAD_LS, PET_LS",,
22721,DAN 102,DAN,LS,Girişimcilik & Kariyer Danış.,,Ayşe Elvan Bayraktaroğlu,ISB,Çarşamba,15:30/17:29,,500,227,,"END_LS, ENDE_LS, IND_LS, VBAE_LS",,
22722,END 112E,END,LS,Intr. to Manufacturing Systems,,Vehbi Tufan Koç,ISB,Perşembe,09:30/12:29,103,130,58,,"END_LS, ENDE_LS",,
22723,END 112E,END,LS,Intr. to Manufacturing Systems,,Vehbi Tufan Koç,MSB,Perşembe,14:30/17:29,216,130,127,,"END_LS, ENDE_LS",,
22724,END 201E,END,LS,Industrial Engineering Applications in Python,,Mehmet Ali Ergün,ISB,Salı,09:30/12:29,,130,88,,"END_LS, ENDE_LS",,
22725,END 201E,END,LS,Industrial Engineering Applications in Python,,Mehmet Yasin Ulukuş,ISB,Salı,14:30/17:29,,140,141,,"END_LS, ENDE_LS",,
22726,END 210,END,LS,End. Müh.için Doğrusal Cebir,,Cafer Erhan Bozdağ,MSB,Cuma,09:30/12:29,204,60,60,,END_LS,,
22727,END 210E,END,LS,Linear Algebra for Indust.Eng.,,Erkan Işıklı,MSB,Cuma,09:30/12:29,B13-A,70,68,,"ENDE_LS, IND_LS, VBAE_LS",,
22728,END 215E,END,LS,System Thinking and Analysis,,Çiğdem Kadaifçi Yanmaz,MSB,Salı,14:30/16:29,204,60,51,,"END_LS, ENDE_LS, IND_LS",,
22729,END 232,END,LS,İşbilim,,Ayşe Elvan Bayraktaroğlu,ISB,Pazartesi,14:30/17:29,203,80,74,,END_LS,,
22730,END 232E,END,LS,Ergonomics,,Fethi Çalışır,ISB,Çarşamba,09:30/12:29,104,90,61,,"END_LS, ENDE_LS",,
22731,END 252E,END,LS,Theory of Probability,,Mehmet Güray Güler,ISB,Salı,09:30/12:29,204,65,65,,"END_LS, ENDE_LS, IND_LS, VBAE_LS",,
22732,END 308,END,LS,Kalite Mühendisliği,,Hüsnü Bülent Cerit,MSB,Çarşamba,09:30/11:29,113,60,30,,END_LS,,
22733,END 308,END,LS,Kalite Mühendisliği,,Hüsnü Bülent Cerit,MSB,Perşembe,14:30/16:29,204,70,70,,END_LS,,
22734,END 308E,END,LS,Quality Engineering,,Seda Yanık Özbay,MSB,Perşembe,10:30/12:29,104,90,89,,"END_LS, ENDE_LS, IND_LS",,
22735,END 311,END,LS,İstatistik,,Cengiz Kahraman,MSB,Salı,09:30/12:29,216,100,111,,END_LS,,
22736,END 311E,END,LS,Statistics,,Seda Yanık Özbay,MSB,Pazartesi,09:30/12:29,101,100,96,,"END_LS, ENDE_LS",,
22737,END 312,END,LS,Mühendislik Ekonomisi,,Cengiz Kahraman,MSB,Pazartesi,09:30/12:29,216,105,107,,END_LS,,
22738,END 312E,END,LS,Engineering Economics,,Kenan Mengüç,MSB,Cuma,14:30/17:29,216,110,125,,"END_LS, ENDE_LS, IND_LS",,
22739,END 318,END,LS,Sistem Dinamiği,,Cafer Erhan Bozdağ,ISB,Cuma,14:30/17:29,207,60,44,,END_LS,,
22740,END 322,END,LS,Sistem Simülasyonu,,Cafer Erhan Bozdağ,ISB,Salı,14:30/17:29,107,80,35,,END_LS,,
22741,END 322E,END,LS,System Simulation,,Emine Yaylalı,MSB,Salı,09:30/12:29,B13-A,80,71,,"ENDE_LS, IND_LS",,
22742,END 322E,END,LS,System Simulation,,Emine Yaylalı,MSB,Salı,14:30/17:29,B13-A,85,85,,"ENDE_LS, IND_LS",,
22743,END 331,END,LS,Yöneylem Araştırması I,,Özgür Kabak,MSB,Çarşamba,09:30/12:29,101,100,87,,END_LS,,
22744,END 331E,END,LS,Operations Research I,,Hatice Tekiner Moğulkoç,MSB,Cuma,09:30/12:29,101,100,85,,ENDE_LS,,
22745,END 332E,END,LS,Operations Research II,,Tuğberk Tunçinan,MSB,Çarşamba,09:30/12:29,203,60,65,,"END_LS, ENDE_LS",,
22746,END 339,END,LS,Proje Yönetimi,,Ayberk Soyer,MSB,Perşembe,09:30/12:29,103,60,60,,END_LS,,
22747,END 341E,END,LS,Work Analysis and Design,,Fethi Çalışır,ISB,Pazartesi,14:30/17:29,103,60,60,,"END_LS, ENDE_LS",,
22748,END 344,END,LS,Davranış Bilimleri,,Cahit Ali Bayraktar,MSB,Pazartesi,14:30/17:29,103,60,60,,END_LS,,
22749,END 374,END,LS,Rekabet Yönetimi,,Cahit Ali Bayraktar,MSB,Pazartesi,09:30/12:29,103,50,25,,END_LS,,
22750,END 382,END,LS,Üretim Yöntemleri,,Hüsnü Bülent Cerit,MSB,Perşembe,09:30/12:29,204,50,41,,END_LS,,
22751,END 382E,END,LS,Production Methods,,Esra Baş,ISB,Perşembe,09:30/12:29,207,55,56,,"END_LS, ENDE_LS, IND_LS",,
22752,END 412,END,LS,İnsan Kaynakları Yönetiminin Temelleri,,Cemil Ceylan,ISB,Perşembe,14:30/17:29,203,70,70,,END_LS,,
22753,END 412,END,LS,İnsan Kaynakları Yönetiminin Temelleri,,Seçkin Polat,ISB,Salı,14:30/17:29,108,70,53,,END_LS,,
22754,END 412E,END,LS,Human Resource Management,,Gaye Karaçay Aydın,MSB,Perşembe,14:30/17:29,B13-A,80,80,,"END_LS, ENDE_LS, IND_LS",,
22755,END 426,END,LS,Kurumsal Kaynakların Planlanması,,Emre Çevikcan,MSB,Pazartesi,09:30/12:29,113,30,12,,"END_LS, ISL_LS",,
22756,END 432E,END,LS,Facility Layout,,Ufuk Cebeci,MSB,Pazartesi,14:30/17:29,204,50,27,,"END_LS, ENDE_LS, IMLE_LS, IND_LS",,
22757,END 434,END,LS,Stratejik Yönetimin Temelleri,,Cahit Ali Bayraktar,MSB,Perşembe,14:30/17:29,113,40,14,,END_LS,,
22758,END 441,END,LS,Endüstri Mühendisliği Projesi,,-,ISB | ISB,Pazartesi | Salı,17:30/18:29 | 17:30/18:29,,0,0,,END_LS,,
22759,END 441E,END,LS,Industrial Engineering Project,,-,ISB | ISB,Çarşamba | Perşembe,17:30/18:29 | 17:30/18:29,,0,0,,"END_LS, ENDE_LS",,
22760,END 443E,END,LS,Business Planning & Innovation,,Çiğdem Kadaifçi Yanmaz,MSB,Salı,09:30/12:29,103,60,59,,"ECNE_LS, END_LS, ENDE_LS",,
22761,END 472E,END,LS,Advanced Spreadsheet Modeling,,Murat Durucu,MSB,Çarşamba,09:30/12:29,B20,55,55,,"END_LS, ENDE_LS, IND_LS",,
22762,END 478E,END,LS,Applied Optimization Models,,Burhaneddin Sandıkçı,ISB,Salı,09:30/12:29,109,60,54,,"END_LS, ENDE_LS, IND_LS",,
22763,END 480E,END,LS,Reliability Engineering,,Esra Baş,MSB,Cuma,09:30/12:29,103,60,55,,"END_LS, ENDE_LS, IND_LS",,
22764,END 482E,END,LS,Supply Chain Management,,Şeyda Serdar Asan,MSB,Pazartesi,09:30/12:29,204,60,52,,"END_LS, ENDE_LS, IND_LS",,
22765,END 488,END,LS,ERP Süreçleri ve Kurulumu,,Cemil Ceylan,MSB,Salı,14:30/17:29,B20,50,49,,END_LS,,
22766,END 4901,END,LS,Endüstri Müh. Tasarımı I,,Şule Itır Satoğlu,,,-/-,,200,22,,END_LS,,
22767,END 4901E,END,LS,Industrial Engin. Design I,,Şule Itır Satoğlu,,,-/-,,200,46,,"END_LS, ENDE_LS",,
22768,END 4902,END,LS,Endüstri Müh. Tasarımı II,,Şule Itır Satoğlu,,,-/-,,200,67,,END_LS,,
22769,END 4902E,END,LS,Industrial Engin. Design II,,Şule Itır Satoğlu,,,-/-,,200,87,,"END_LS, ENDE_LS",,
22770,END 492,END,LS,Bitirme Çalışması,,Şule Itır Satoğlu,,,-/-,,50,1,,END_LS,,
22771,END 492E,END,LS,Graduation Thesis,,Şule Itır Satoğlu,,,-/-,,50,1,,"END_LS, ENDE_LS",,
22772,SED 305,SED,LS,Intr. to Stochastic Modell.,,Mehmet Yasin Ulukuş,MSB,Pazartesi,14:30/17:29,B13-B,30,7,,SED_LS,,
22773,SED 306,SED,LS,Operations Research II,,Emine Yaylalı,ISB,Perşembe,14:30/17:29,209,30,7,,SED_LS,,
22774,SED 307,SED,LS,Work Analysis and Design,,Fethi Çalışır,ISB,Pazartesi,09:30/12:29,210,30,8,,SED_LS,,
22775,SED 308,SED,LS,Management and Organization,,Gaye Karaçay Aydın,ISB,Salı,14:30/17:29,206,30,8,,SED_LS,,
22776,SED 309,SED,LS,Undergraduate Seminar Course,,Ayberk Soyer,ISB,Cuma,09:30/12:29,,30,7,,SED_LS,,
22777,SED 316,SED,LS,Lean Production Systems,,Şule Itır Satoğlu,MSB,Perşembe,09:30/12:29,210,15,7,,SED_LS,,
22778,SED 318,SED,LS,Multi.Criteria Decision Making,,Yusuf İlker Topcu,ISB,Salı,09:30/12:29,210,15,7,,SED_LS,,
22779,IND 112E,IND,LS,Intr. to Manufacturing Systems,,Vehbi Tufan Koç,ISB,Salı,14:30/17:29,109,60,28,,IND_LS,,
22780,IND 232E,IND,LS,Ergonomics,,Ayşe Elvan Bayraktaroğlu,MSB,Çarşamba,09:30/12:29,204,60,47,,IND_LS,,
22781,IND 201E,IND,LS,Industrial Eng.Appl. in Python,,Mahmut Sami Sivri,ISB,Pazartesi,14:30/17:29,,60,50,,IND_LS,,
22782,SGI 112,SGI,LS,Comp. Aided Technical Drawing,,Cihad Delen,MEDC | MEDC,Perşembe | Perşembe,09:30/11:29 | 13:30/16:29,3BİL1 | 3BİL1,25,14,,SGI_LS,,
22783,IND 331E,IND,LS,Operations Research I,,Özgür Kabak,MSB,Pazartesi,09:30/12:29,109,60,34,,IND_LS,,
22784,IND 311E,IND,LS,Statistics,,Çiğdem Kadaifçi Yanmaz,MSB,Perşembe,14:30/17:29,109,60,37,,IND_LS,,
22785,VBA 124E,VBA,LS,Object Oriented Programming,,Mahmut Sami Sivri,ISB,Perşembe,14:30/17:29,101,30,4,,VBAE_LS,,
22786,SGI 201,SGI,LS,Statics,,Mustafa Erden Yıldızdağ,MEDC,Cuma,14:00/16:59,1D5,25,13,,SGI_LS,,
22787,SGI 212,SGI,LS,Manufacturing Processes,,Necip Ünlü,KMB,Çarşamba,13:30/15:29,GZ102,25,5,,SGI_LS,,
22788,SGI 204,SGI,LS,Strength of Materials II,,Mustafa Erden Yıldızdağ,MEDC,Salı,08:30/12:29,2D14,25,4,,SGI_LS,,
22789,SGI 205,SGI,LS,Fluid Mechanics,,Şakir Bal,MEDC | MEDC,Pazartesi | Cuma,13:30/16:29 | 08:30/10:29,3D19 | 1D4,25,4,,SGI_LS,,
22790,SGI 206,SGI,LS,Thermodynamics,,Oğuz Salim Söğüt,MEDC | MEDC,Cuma | Cuma,10:30/12:29 | 14:00/15:59,1D5 | 2D17,25,5,,SGI_LS,,
22791,SGI 209,SGI,LS,Probability and Statistics,,Ahmet Ergin,MEDC,Perşembe,13:30/16:29,2D12,25,5,,SGI_LS,,
22792,SGI 216,SGI,LS,Heat Transfer In Engineering,,Selma Ergin,MEDC,Salı,13:30/16:29,ZD2,25,5,,SGI_LS,,
22793,SGI 222,SGI,LS,Organic Chemistry,,Sevil Deniz Yakan Dündar,MEDC,Çarşamba,09:30/12:29,1D8,25,5,,SGI_LS,,
22819,DAN 102,DAN,LS,Girişimcilik & Kariyer Danış.,,Zehra Atik,ISB,Çarşamba,15:30/17:29,,100,91,,"ECNE_LS, EFN_LS",,
22820,BIL 113E,BIL,LS,Intr.to Sci& Eng.Comp.(MATLAB),,Zehra Atik,ISB,Cuma,14:30/17:29,,125,127,,"ECNE_LS, EFN_LS",,
22821,ICM 104,ICM,LS,İç Mimarlıkta Tarih ve Kuram I,,Ahmet Erdem Tozoğlu,MMB,Salı,13:30/16:29,230,80,38,,ICM_LS,,
22822,ECN 102E,ECN,LS,Principles of Macroeconomics,,İsmail Hakkı Genç,MSB,Salı,14:30/18:29,104,110,107,,"ECNE_LS, EFN_LS",,
22823,ECN 105E,ECN,LS,Principles of Microeconomics,,Tolga Yuret,MSB,Çarşamba,08:30/12:29,103,100,61,,"ECNE_LS, EFN_LS",,
22824,ICM 205,ICM,LS,İç Mimarlıkta Tarih &Kuram III,,Ahmet Erdem Tozoğlu,MMB,Salı,09:30/12:29,109,80,41,,ICM_LS,,
22825,ECN 208E,ECN,LS,Public Economics,,Aysun Hızıroğlu Aygün,MSB,Çarşamba,09:30/12:29,B13-A,100,96,,"ECNE_LS, ISLE_LS",,
22826,ICM 206E,ICM,LS,Surv andRepr.Tch.in Intr.Arch.,,Orkan Zeynel Güzelci,MMB,Cuma,08:30/12:29,107,80,66,,"IAD_LS, ICM_LS",,
22827,ICM 209E,ICM,LS,Inter.Arch.Design Fund.Studio,,-,MMB | MMB,Pazartesi | Perşembe,13:30/17:29 | 13:30/17:29,,0,0,,"IAD_LS, ICM_LS",,
22828,ECN 202E,ECN,LS,Intermediate Macroeconomics,,Şerife Genç İleri,MSB,Salı,08:30/12:29,101,110,104,,"ECNE_LS, END_LS, ENDE_LS, ISLE_LS",,
22829,ICM 209E,ICM,LS,Inter.Arch.Design Fund.Studio,,Özge Cordan,MMB | MMB,Pazartesi | Perşembe,13:30/17:29 | 13:30/17:29,,1,1,,"IAD_LS, ICM_LS",,
22830,ECN 210E,ECN,LS,Financial Accounting,,Havva Nur Çiftci,ISB,Pazartesi,09:30/12:29,203,100,94,,ECNE_LS,,
22832,ECN 302E,ECN,LS,Econometrics II,,Osman Doğan,MSB,Pazartesi,14:30/18:29,216,120,125,,"ECNE_LS, EFN_LS, END_LS, ENDE_LS",,
22833,ICM 209E,ICM,LS,Inter.Arch.Design Fund.Studio,,-,MMB | MMB,Pazartesi | Perşembe,13:30/17:29 | 13:30/17:29,,0,0,,"IAD_LS, ICM_LS",,
22834,ICM 209E,ICM,LS,Inter.Arch.Design Fund.Studio,,-,MMB | MMB,Pazartesi | Perşembe,13:30/17:29 | 13:30/17:29,,0,0,,"IAD_LS, ICM_LS",,
22835,ECN 314E,ECN,LS,Financial Economics,,Erhan Çetinkaya,MSB,Cuma,09:30/12:29,104,100,98,,ECNE_LS,,
22837,ICM 246E,ICM,LS,Interior Arch. Design Studio I,,Emine Görgül,MMB | MMB,Pazartesi | Perşembe,13:30/17:29 | 13:30/17:29,,17,15,,"IAD_LS, ICM_LS",,
22838,ECN 308E,ECN,LS,Competition Law and Policy,,"Shourjo Chakravorty , / Çiçek Ersoy Kekevi",MSB,Perşembe,14:30/17:29,101,150,118,,"ECNE_LS, ISLE_LS",,
22841,ICM 246E,ICM,LS,Interior Arch. Design Studio I,,Özge Cordan,MMB | MMB,Pazartesi | Perşembe,13:30/17:29 | 13:30/17:29,,15,15,,"IAD_LS, ICM_LS",,
22842,ICM 246E,ICM,LS,Interior Arch. Design Studio I,,Demet Arslan Dinçay,MMB | MMB,Pazartesi | Perşembe,13:30/17:29 | 13:30/17:29,,17,17,,"IAD_LS, ICM_LS",,
22843,ECN 312E,ECN,LS,International Finance,,Mete Han Yağmur,MSB,Cuma,14:30/17:29,104,110,109,,"ECNE_LS, EFN_LS",,
22845,ECN 402E,ECN,LS,Project Appraisal,,Zehra Atik,ISB,Çarşamba,09:30/12:29,108,100,41,,ECNE_LS,,
22846,ICM 246E,ICM,LS,Interior Arch. Design Studio I,,Shahryar Habıbı,MMB | MMB,Pazartesi | Perşembe,13:30/17:29 | 13:30/17:29,,17,17,,"IAD_LS, ICM_LS",,
22847,ECN 432E,ECN,LS,Labor Economics,,Şerife Genç İleri,MSB,Pazartesi,09:30/12:29,104,110,97,,"ECNE_LS, EFN_LS",,
22849,ICM 349E,ICM,LS,Interior Arch.Design Studio II,,Emine Görgül,MMB | MMB,Pazartesi | Perşembe,13:30/17:29 | 13:30/17:29,,2,2,,"IAD_LS, ICM_LS",,
22850,ECN 415E,ECN,LS,Urban Economics,,Kerem Yavuz Arslanlı,ISB,Perşembe,14:30/17:29,104,50,27,,ECNE_LS,,
22851,ICM 349E,ICM,LS,Interior Arch.Design Studio II,,Özge Cordan,MMB | MMB,Pazartesi | Perşembe,13:30/17:29 | 13:30/17:29,,2,2,,"IAD_LS, ICM_LS",,
22852,ECN 421E,ECN,LS,Experimental Economics,,Tolga Yuret,MSB,Perşembe,09:30/12:29,101,100,91,,"ECNE_LS, EFN_LS, END_LS, ENDE_LS",,
22854,ECN 412E,ECN,LS,Environmental Economics,,Umut Kuruüzüm,ISB,Salı,14:30/17:29,203,100,85,,"ECNE_LS, EFN_LS, END_LS, ENDE_LS",,
22855,ICM 349E,ICM,LS,Interior Arch.Design Studio II,,Demet Arslan Dinçay,MMB | MMB,Pazartesi | Perşembe,13:30/17:29 | 13:30/17:29,,2,2,,"IAD_LS, ICM_LS",,
22856,ICM 349E,ICM,LS,Interior Arch.Design Studio II,,Shahryar Habıbı,MMB | MMB,Pazartesi | Perşembe,13:30/17:29 | 13:30/17:29,,2,2,,"IAD_LS, ICM_LS",,
22858,ECN 407E,ECN,LS,Time Series Econometrics,,İsmail Hakkı Genç,MSB,Salı,09:30/12:29,109,100,24,,"ECNE_LS, EFN_LS",,
22859,ECN 492E,ECN,LS,Graduation Project,,Bülent Güloğlu,,,-/-,,100,2,,ECNE_LS,,
22861,ECN 4902E,ECN,LS,Graduation Project,,Bülent Güloğlu,,,-/-,,100,63,,ECNE_LS,,
22862,ICM 346,ICM,LS,Yapı Malzemesi II,,-,MMB,Çarşamba,08:30/12:29,,0,0,,ICM_LS,,
22871,ICM 366E,ICM,LS,Interior Arch.Desgn Studio III,,Ervin Garip,MMB | MMB,Pazartesi | Perşembe,13:30/17:29 | 13:30/17:29,203A | 203A,15,16,,"IAD_LS, ICM_LS",,
22872,ICM 366E,ICM,LS,Interior Arch.Desgn Studio III,,Seniye Banu Garip,MMB | MMB,Pazartesi | Perşembe,13:30/17:29 | 13:30/17:29,,15,16,,"IAD_LS, ICM_LS",,
22873,ICM 366E,ICM,LS,Interior Arch.Desgn Studio III,,Orkan Zeynel Güzelci,MMB | MMB,Pazartesi | Perşembe,13:30/17:29 | 13:30/17:29,,14,15,,"IAD_LS, ICM_LS",,
22875,ICM 366E,ICM,LS,Interior Arch.Desgn Studio III,,Enes Yaşa,MMB | MMB,Pazartesi | Perşembe,13:30/17:29 | 13:30/17:29,,14,13,,"IAD_LS, ICM_LS",,
22877,ICM 368E,ICM,LS,Dsgn Prins of Intr. Fins. Sys,,Mehmet Serkan Yatağan,MMB,Perşembe,08:30/13:29,215,100,95,,"IAD_LS, ICM_LS",,
22879,ICM 374,ICM,LS,Meslek Pratiği,,Gülfer Oraz,MMB,Salı,08:30/12:29,215,80,71,,ICM_LS,,
22881,ICM 4014,ICM,LS,İç Mimarlıkta Tekstil,,Belgin Görgün,MMB,Cuma,10:30/12:29,302,23,22,,ICM_LS,,
22884,ICM 4029E,ICM,LS,Interior Space in Cinema,,Demet Arslan Dinçay,MMB,Çarşamba,10:30/12:29,3505,24,25,,"IAD_LS, ICM_LS",,
22886,ICM 4041E,ICM,LS,Urban Interiors,,Ahmet Erdem Tozoğlu,MMB,Çarşamba,13:30/15:29,319,20,19,,"IAD_LS, ICM_LS",,
22889,ICM 4035E,ICM,LS,"Social Transform.,Gender&Space",,Emine Görgül,MMB,Çarşamba,10:30/12:29,307,18,15,,"IAD_LS, ICM_LS",,
22890,ISL 114E,ISL,LS,Engineering Ethics,,Zeynep Erden Bayazıt,MSB,Salı,14:30/16:29,B13-B,20,0,,"ISL_LS, ISLE_LS",,
22891,ICM 4013,ICM,LS,Cevresel Psikoloji,,Ervin Garip,MMB,Pazartesi,10:30/12:29,313,18,16,,ICM_LS,,
22892,ICM 408E,ICM,LS,Comm Design In Interior Arch.,,Seniye Banu Garip,MMB,Pazartesi,10:30/12:29,216,90,74,,"IAD_LS, ICM_LS",,
22893,ICM 449E,ICM,LS,Interior Arch.Desgn Studio IV,,Seniye Banu Garip,MMB | MMB,Pazartesi | Perşembe,13:30/17:29 | 13:30/17:29,,3,3,,"IAD_LS, ICM_LS",,
22894,ISL 214E,ISL,LS,Statistics II,,Raziye Selim,MSB,Salı,14:30/17:29,216,105,107,,"ISL_LS, ISLE_LS",,
22895,ICM 449E,ICM,LS,Interior Arch.Desgn Studio IV,,Orkan Zeynel Güzelci,MMB | MMB,Pazartesi | Perşembe,13:30/17:29 | 13:30/17:29,,3,3,,"IAD_LS, ICM_LS",,
22896,ISL 214E,ISL,LS,Statistics II,,Raziye Selim,MSB,Çarşamba,09:30/12:29,216,105,104,,"ISL_LS, ISLE_LS",,
22897,ISL 224E,ISL,LS,Cost Accounting,,Oktay Taş,ISB,Pazartesi,09:30/12:29,,130,127,,"EFN_LS, END_LS, ENDE_LS, ISL_LS, ISLE_LS",,
22898,ICM 449E,ICM,LS,Interior Arch.Desgn Studio IV,,Enes Yaşa,MMB | MMB,Pazartesi | Perşembe,13:30/17:29 | 13:30/17:29,,6,4,,"IAD_LS, ICM_LS",,
22899,ICM 4902,ICM,LS,Diploma Projesi,,"Ahmet Erdem Tozoğlu , / Emine Görgül",,,-/-,,100,15,,ICM_LS,,
22900,ISL 233E,ISL,LS,Microeconomics,,İbrahim Öner Günçavdı,ISB,Çarşamba,09:30/12:29,204,90,19,,"ISL_LS, ISLE_LS, MMD_LS",,
22901,ICM 4902,ICM,LS,Diploma Projesi,,"Ahmet Gün , / Ervin Garip",,,-/-,,100,12,,ICM_LS,,
22902,ICM 4902,ICM,LS,Diploma Projesi,,"Ethem Gürer , / Orkan Zeynel Güzelci",,,-/-,,100,15,,ICM_LS,,
22903,ISL 234E,ISL,LS,Management and Organization,,Zeynep Erden Bayazıt,MSB,Pazartesi,14:30/17:29,B13-A,90,77,,"ECNE_LS, GID_LS, GIDE_LS, ISL_LS, ISLE_LS",,
22904,ICM 4902E,ICM,LS,Graduation Project,,"Ahmet Erdem Tozoğlu , / Emine Görgül",,,-/-,,100,10,,ICM_LS,,
22905,ICM 4902E,ICM,LS,Graduation Project,,"Ahmet Gün , / Ervin Garip",,,-/-,,100,11,,ICM_LS,,
22906,ISL 234E,ISL,LS,Management and Organization,,Zeynep Erden Bayazıt,MSB,Salı,09:30/12:29,203,90,82,,"ECNE_LS, GID_LS, GIDE_LS, ISL_LS, ISLE_LS",,
22907,ICM 4902,ICM,LS,Diploma Projesi,,-,,,-/-,,0,0,,ICM_LS,,
22908,ISL 244E,ISL,LS,Macroeconomics,,"İpek İlkkaracan Ajas , / Derya Gültekin",MSB,Salı,14:30/17:29,101,90,84,,"ISL_LS, ISLE_LS",,
22910,ICM 492,ICM,LS,Bitirme Çalışması,,"Ahmet Gün , / Ervin Garip",,,-/-,,5,1,,ICM_LS,,
22911,ISL 244E,ISL,LS,Macroeconomics,,"İpek İlkkaracan Ajas , / Derya Gültekin",ISB,Çarşamba,09:30/12:29,103,90,47,,"ISL_LS, ISLE_LS",,
22913,ISL 333E,ISL,LS,Finance,,Kaya Tokmakçıoğlu,MSB,Pazartesi,14:30/17:29,104,110,100,,"EFN_LS, ISL_LS, ISLE_LS",,
22915,ISL 333E,ISL,LS,Finance,,Cumhur Enis Ekinci,MSB,Salı,09:30/12:29,104,110,112,,"EFN_LS, ISL_LS, ISLE_LS",,
22917,ISL 343E,ISL,LS,Management Information Syst.,,Nihan Yıldırım,ISB,Çarşamba,12:30/15:29,,180,175,,"ISL_LS, ISLE_LS",,
22919,ISL 353E,ISL,LS,Marketing,,Huriye Şebnem Burnaz,ISB,Salı,14:30/17:29,204,90,75,,"ECNE_LS, ISL_LS, ISLE_LS",,
22920,DAN 102,DAN,LS,Girişimcilik & Kariyer Danış.,,Ethem Gürer,MMB,Çarşamba,15:30/17:29,215,200,64,,"IAD_LS, ICM_LS",,
22922,ISL 360E,ISL,LS,Quantitative Rsrch&DataAnlys.,,Elif Karaosmanoğlu,ISB,Pazartesi,08:30/12:29,204,90,61,,"ISL_LS, ISLE_LS",,
22923,ISL 360E,ISL,LS,Quantitative Rsrch&DataAnlys.,,Kemal Burç Ülengin,ISB,Pazartesi,14:30/18:29,204,90,94,,"ISL_LS, ISLE_LS",,
22929,ISL 363E,ISL,LS,Human Resources Management,,İdil Vedia Evcimen,MSB,Salı,09:30/12:29,204,90,55,,"ISL_LS, ISLE_LS",,
22930,ISL 364E,ISL,LS,Business Law,,"Çiçek Ersoy Kekevi , / Özgür Öztürk",MSB,Cuma,09:30/12:29,216,160,159,,"ECNE_LS, EFN_LS, ISL_LS, ISLE_LS, MMD_LS",,
22934,ISL 374E,ISL,LS,Management Eng. Design I,,"Mehmet Erçek , / Deniz Tunçalp",MSB,Perşembe,09:30/12:29,216,95,108,,"ISL_LS, ISLE_LS",,
22936,ISL 374E,ISL,LS,Management Eng. Design I,,"Mehmet Erçek , / Deniz Tunçalp",MSB,Perşembe,14:30/17:29,104,95,96,,"ISL_LS, ISLE_LS",,
22938,ISL 384E,ISL,LS,Production Planning&Control,,Saeed Tasoujı Hassanpour,MSB,Perşembe,09:30/12:29,B13-A,90,97,,"ISL_LS, ISLE_LS",,
22940,ISL 384E,ISL,LS,Production Planning&Control,,Hür bersam Sidal,MSB,Perşembe,14:30/17:29,203,90,66,,"ISL_LS, ISLE_LS",,
22942,ISL 432E,ISL,LS,Simulation in Operations Mng.,,Tuncay Özcan,ISB,Cuma,09:30/12:29,,90,46,,"ISL_LS, ISLE_LS",,
22944,ISL 433,ISL,LS,İş Hukuku,,Ulaş Baysal,MSB,Çarşamba,13:30/15:29,104,90,90,,"ISL_LS, ISLE_LS",,
22946,ISL 435E,ISL,LS,The World Economy at a Glance,,İpek İlkkaracan Ajas,MSB,Perşembe,14:30/17:29,212,35,27,,"ISL_LS, ISLE_LS",,
22947,ISL 439E,ISL,LS,Int.to Mach.Learn.with Bus.App,,Tolga Kaya,MSB,Çarşamba,09:30/12:29,210,50,29,,"ISL_LS, ISLE_LS",,
22949,ISL 448E,ISL,LS,Optimization Models & App.,,Fuat Kosanoğlu,ISB,Salı,14:30/17:29,104,90,23,,"ISL_LS, ISLE_LS",,
22953,ISL 478E,ISL,LS,Entrepreneurship,,Deniz Tunçalp,MSB,Salı,14:30/17:29,113,40,24,,"AIN_LS, ARC_LS, BIO_LS, BIOE_LS, BLG_LS, BLGE_LS, BST_LS, CAB_LS, CEB_LS, CEN_LS, CEV_LS, CEVE_LS, CHZ_LS, CHZE_LS, DEN_LS, DENE_LS, ECNE_LS, EFN_LS, EHB_LS, EHBE_LS, EHS_LS, ELE_LS, ELH_LS, ELK_LS, ELKE_LS, END_LS, ENDE_LS, ENTE_LS, EUT_LS, EUTE_LS, FIZ_LS, FIZE_LS, GEM_LS, GEME_LS, GEMK_LS, GEO_LS, GEOE_LS, GID_LS, GIDE_LS, ICM_LS, IML_LS, IMLE_LS, IND_LS, INS_LS, INSE_LS, ISL_LS, ISLE_LS, JEF_LS, JEFE_LS, JEO_LS, JEOE_LS, KIM_LS, KIME_LS, KMM_LS, KMME_LS, KMP_LS, KOM_LS, KOME_LS, MAD_LS, MADE_LS, MAK_LS, MAKE_LS, MAT_LS, MATE_LS, MET_LS, METE_LS, MIM_LS, MIME_LS, MTO_LS, MTOE_LS, MTR_LS, MUT_LS, MUZ_LS, MUZE_LS, MZT_LS, PEM_LS, PEME_LS, PET_LS, PETE_LS, SBP_LS, SBPE_LS, SES_LS, TEB_LS, TEK_LS, TEKE_LS, TEL_LS, THO_LS, UCK_LS, UZB_LS, UZBE_LS, YZVE_LS",,
22956,ISL 492,ISL,LS,İşletme Müh. Tasarım Prj.,,Hatice Camgöz Akdağ,,,-/-,,500,4,,ISL_LS,,
22959,ISL 4901,ISL,LS,İşletme Müh. Tasarım Projesi I,,Hatice Camgöz Akdağ,,,-/-,,500,1,,ISL_LS,,
22960,DAN 102,DAN,LS,Girişimcilik & Kariyer Danış.,,Ekrem Cem Alppay,MMB,Çarşamba,15:30/17:29,216,200,82,,"ENTE_LS, EUT_LS, EUT_YD, EUTE_LS",,
22961,ISL 4901E,ISL,LS,Manage. Engin. Design Proj. I,,Hatice Camgöz Akdağ,,,-/-,,500,19,,"ISL_LS, ISLE_LS",,
22964,ISL 4902,ISL,LS,İşletme Müh.Tasarım Projesi II,,Hatice Camgöz Akdağ,,,-/-,,500,2,,ISL_LS,,
22965,ISL 4902E,ISL,LS,Manage. Engin. Design Proj.II,,Hatice Camgöz Akdağ,,,-/-,,500,139,,"ISL_LS, ISLE_LS",,
22966,EUT 108E,EUT,LS,Materials&Manufacturing Meth.,,Demet Günal Ertaş,MMB,Perşembe,13:30/17:29,227,95,70,,"ENTE_LS, EUT_LS, EUT_YD, EUTE_LS",,
22968,MAT 210E,MAT,LS,Engineering Mathematics,,Ahmet Göncü,ISB,Cuma,08:30/12:29,104,90,56,,"ECNE_LS, ISL_LS, ISLE_LS",,
22969,BIL 113E,BIL,LS,Intr.to Sci& Eng.Comp.(MATLAB),,Saeed Tasoujı Hassanpour,ISB,Perşembe,14:30/17:29,,200,179,,"ISL_LS, ISLE_LS",,
22970,EUT 126E,EUT,LS,Materials in Design,,-,MMB,Perşembe,13:30/17:29,,0,0,,"ENTE_LS, EUT_LS, EUTE_LS",,
22973,EUT 138E,EUT,LS,Design Theories and Methods,,Pelin Efilti,MMB,Pazartesi,13:30/16:29,231,95,83,,"ENTE_LS, EUT_LS, EUT_YD, EUTE_LS",,
22974,DAN 102,DAN,LS,Girişimcilik & Kariyer Danış.,,"Derya Gültekin , / Kaya Tokmakçıoğlu",ISB,Çarşamba,15:30/17:29,,150,130,,"ISL_LS, ISLE_LS",,
22975,ENT 211E,ENT,LS,Industrial Design Studio,,Cemal İrfan Çalışkan,MMB | MMB,Salı | Cuma,13:30/17:29 | 14:00/17:59,CATI1 | CATI1,20,3,,"ENTE_LS, EUT_LS, EUT_YD, EUTE_LS",,
22977,ENT 212E,ENT,LS,Society&Sustain. in Ind.Design,,Çiğdem Kaya,MMB,Salı,08:30/12:29,216,100,91,,ENTE_LS,,
22978,EUT 220E,EUT,LS,Industrial Design Studio I,,Elif Küçüksayraç,MMB | MMB,Salı | Cuma,13:30/17:29 | 14:00/17:59,,20,23,,"ENTE_LS, EUT_LS, EUT_YD, EUTE_LS",,
22979,EUT 220E,EUT,LS,Industrial Design Studio I,,Ümit Celbiş,MMB | MMB,Salı | Cuma,13:30/17:29 | 14:00/17:59,CATI2 | CATI2,18,15,,"ENTE_LS, EUT_LS, EUT_YD, EUTE_LS",,
22980,EUT 220E,EUT,LS,Industrial Design Studio I,,Özge Çelikoğlu,MMB | MMB,Salı | Cuma,13:30/17:29 | 14:00/17:59,,20,22,,"ENTE_LS, EUT_LS, EUT_YD, EUTE_LS",,
22983,EUT 220E,EUT,LS,Industrial Design Studio I,,Layıka Ney Ece Arıburun Kırca,MMB | MMB,Salı | Cuma,13:30/17:29 | 14:00/17:59,,20,20,,"ENTE_LS, EUT_LS, EUT_YD, EUTE_LS",,
22984,ENT 230E,ENT,LS,Parametric Solid Model.&Design,,Cemal İrfan Çalışkan,MMB,Perşembe,13:30/16:29,BIM2,35,39,,"ENTE_LS, EUT_LS, EUT_YD, EUTE_LS",,
22986,ENT 237E,ENT,LS,Structure in Industrial Design,,Demet Günal Ertaş,MMB,Perşembe,08:30/11:29,217D,33,33,,"ENTE_LS, EUT_LS, EUT_YD, EUTE_LS",,
22989,EUT 240E,EUT,LS,Model Making II,,Kenan Dönmez,MMB | EUT | ATELYE,Perşembe,08:30/11:29,,28,13,,"ENTE_LS, EUT_LS, EUTE_LS",,
22990,EUT 246E,EUT,LS,History of Design I,,Layıka Ney Ece Arıburun Kırca,MMB,Cuma,10:30/12:29,229,100,94,,"ENT_YD, ENTE_LS, EUT_LS, EUT_YD, EUTE_LS",,
22991,EUT 272E,EUT,LS,Human Factors inProduct Design,,Ekrem Cem Alppay,MMB,Pazartesi,08:30/11:29,215,150,86,,"ENT_YD, ENTE_LS, EUT_LS, EUT_YD, EUTE_LS",,
22992,EUT 319E,EUT,LS,Industrial Design Studio II,,Demet Günal Ertaş,MMB | MMB,Salı | Cuma,13:30/17:29 | 14:00/17:59,CATI3 | CATI3,20,6,,"ENTE_LS, EUT_LS, EUTE_LS",,
22994,EUT 320E,EUT,LS,Industrial Design Studio III,,Koray Gelmez,MMB | MMB,Salı | Cuma,13:30/17:29 | 14:00/17:59,CATI4 | CATI4,20,15,,"ENTE_LS, EUT_LS, EUTE_LS",,
22996,EUT 320E,EUT,LS,Industrial Design Studio III,,Çiğdem Kaya,MMB | MMB,Salı | Cuma,13:30/17:29 | 14:00/17:59,217A | 217A,20,20,,"ENTE_LS, EUT_LS, EUTE_LS",,
22997,EUT 320E,EUT,LS,Industrial Design Studio III,,Ekrem Cem Alppay,MMB | MMB,Salı | Cuma,13:30/17:29 | 14:00/17:59,,20,18,,"ENTE_LS, EUT_LS, EUTE_LS",,
22999,ENT 334E,ENT,LS,Design and Form,,Hatice Kübra Yıldız,MMB,Perşembe,13:30/16:29,231,28,24,,"ENTE_LS, EUT_LS, EUT_YD, EUTE_LS, ICM_LS",,
23004,ENT 345E,ENT,LS,Consumer Behavior,,Naz Gürpınar,MMB,Cuma,08:30/11:29,311,28,28,,"ENTE_LS, EUT_LS, EUT_YD, EUTE_LS",,
23006,ENT 347E,ENT,LS,Introduction to Jewelry Design,,Nazire Öykü Kaya,MMB,Çarşamba,08:30/11:29,TAKIATÖLYE,15,12,,"ENTE_LS, EUT_LS, EUT_YD, EUTE_LS",,
23013,ENT 350E,ENT,LS,Contemporary Furniture Design,,Layıka Ney Ece Arıburun Kırca,MMB,Salı,08:30/11:29,311,28,26,,"ENTE_LS, EUT_LS, EUT_YD, EUTE_LS, ICM_LS",,
23015,EUT 352E,EUT,LS,Strategic Design & Management,,Elif Küçüksayraç,MMB,Perşembe,08:30/12:29,216,95,68,,"ENTE_LS, EUT_LS, EUT_YD, EUTE_LS",,
23016,ENT 354E,ENT,LS,Emotional Design,,Pelin Efilti,MMB,Perşembe,13:30/16:29,106,28,28,,"ENTE_LS, EUT_LS, EUT_YD, EUTE_LS",,
23018,EUT 419E,EUT,LS,Industrial Design Studio IV,,Gülname Turan,MMB | MMB,Salı | Cuma,13:30/17:29 | 14:00/17:59,3502 | 3502,20,9,,"ENTE_LS, EUT_LS, EUTE_LS",,
23022,ENT 433E,ENT,LS,Street Furniture,,Seçil Şatır,MMB,Cuma,08:30/11:29,303,28,15,,"ENTE_LS, EUT_LS, EUT_YD, EUTE_LS",,
23023,ENT 434E,ENT,LS,Seeing in Design,,Seçil Şatır,MMB,Salı,08:30/11:29,302,28,29,,"ENTE_LS, EUT_LS, EUT_YD, EUTE_LS",,
23024,ENT 436E,ENT,LS,Visualization Techniques,,Nazım Erdem Aykam,MMB,Pazartesi,08:30/11:29,315,28,29,,"ENTE_LS, EUT_LS, EUT_YD, EUTE_LS",,
23025,EUT 439E,EUT,LS,Professional Practice in Design,,Koray Gelmez,MMB,Pazartesi,13:30/16:29,216,90,77,,"ENTE_LS, EUT_LS, EUT_YD, EUTE_LS",,
23030,ENT 456E,ENT,LS,Fashion Accessories Design,,Meltem Maralcan Gülmen,MMB,Perşembe,13:30/16:29,303,28,28,,"ENTE_LS, EUT_LS, EUT_YD, EUTE_LS",,
23032,ENT 475E,ENT,LS,Intro. to Automotive Design,,Ekrem Cem Alppay,MMB,Cuma,08:30/11:29,307,28,14,,"ENTE_LS, EUT_LS, EUT_YD, EUTE_LS",,
23035,EUT 4902E,EUT,LS,Graduation Project,,Ekrem Cem Alppay,,,-/-,,100,70,,"ENTE_LS, EUTE_LS",,
23047,KMM 220,KMM,LS,Akışkanlar Mekaniği,,Fatma Seniha Güner,KMB,Pazartesi,09:30/12:29,D202,50,50,,KMM_LS,,
23048,KMM 220,KMM,LS,Akışkanlar Mekaniği,,Ayşe Banu Kocaağa,KMB,Pazartesi,09:30/12:29,D103,50,41,,KMM_LS,,
23049,KMM 222E,KMM,LS,Computati. Meth. in Chem. Eng.,,Ayşe Özge Kürkçüoğlu Levitas,KMB | KMB | KMB,Perşembe | Cuma | Cuma,13:30/15:29 | 11:00/11:59 | 12:00/12:59,D304 | D204 | BIL.LAB.1,57,58,,KMM_LS,,
23050,KMM 222E,KMM,LS,Computati. Meth. in Chem. Eng.,,"Ahmet Sirkecioğlu , / Hüseyin Enis Karahan",KMB | KMB,Perşembe | Cuma,13:30/15:29 | 11:00/12:59,D303 | D303,57,57,,KMM_LS,,
23051,KMM 224,KMM,LS,Kimya Müh.Termodinamiği,,Reha Yavuz,KMB | KMB,Salı | Çarşamba,09:00/10:59 | 09:00/11:59,D304 | D103,55,49,,"KMM_LS, KMM_YD",,
23052,KMM 224,KMM,LS,Kimya Müh.Termodinamiği,,"Ayşegül Meriçboyu , / Melek Mümine Erol Taygun",KMB | KMB,Salı | Çarşamba,09:00/10:59 | 09:00/11:59,D204 | D201,55,51,,"KMM_LS, KMM_YD",,
23053,KMM 305E,KMM,LS,Heat and Mass Transfer,,"Fatma Elif Genceli Güner , / Melek Mümine Erol Taygun",KMB | KMB,Pazartesi | Salı,13:30/16:29 | 13:30/14:29,D302 | D202,30,44,,"KMM_LS, KMM_YD",,
23054,MIM 211,MIM,LS,Mimari Proje III,,Özlem Berber Özkendirci,MMB | MMB,Pazartesi | Perşembe,13:30/17:29 | 13:30/17:29,3400 | 3400,1,1,,MIM_LS,,
23055,KMM 332,KMM,LS,Ayırma İşlemleri,,Gülhayat Saygılı,KMB | KMB,Pazartesi | Çarşamba,10:30/12:29 | 10:30/12:29,D301 | D301,50,50,,"KMM_LS, KMM_YD",,
23057,KMM 332,KMM,LS,Ayırma İşlemleri,,Ömer Şahin,KMB | KMB,Pazartesi | Çarşamba,10:30/12:29 | 10:30/12:29,D303 | D302,50,30,,"KMM_LS, KMM_YD",,
23058,MIM 211,MIM,LS,Mimari Proje III,,Ayşe Meltem Baslo,MMB | MMB,Pazartesi | Perşembe,13:30/17:29 | 13:30/17:29,,1,1,,MIM_LS,,
23059,KMM 308E,KMM,LS,Chem Reac Eng,,Ahmet Sirkecioğlu,KMB | KMB,Perşembe | Cuma,09:30/12:29 | 09:00/10:59,D302 | D204,55,57,,"KMM_LS, KMM_YD",,
23061,MIM 211,MIM,LS,Mimari Proje III,,Begüm Hamzaoğlu,MMB | MMB,Pazartesi | Perşembe,13:30/17:29 | 13:30/17:29,217E | 217E,1,1,,MIM_LS,,
23062,KMM 308E,KMM,LS,Chem Reac Eng,,"Hüseyin Enis Karahan , / Alper Sarıoğlan",KMB | KMB,Perşembe | Cuma,09:30/12:29 | 09:00/10:59,D204 | D203,55,62,,"KMM_LS, KMM_YD",,
23063,MIM 211E,MIM,LS,Architectural Design III,,Derya Güleç Özer,MMB | MMB,Pazartesi | Perşembe,13:30/17:29 | 13:30/17:29,,3,3,,"ARC_LS, MIM_LS, MIME_LS",,
23064,KMM 312E,KMM,LS,Chemical Reaction Eng I,,-,KMB,Perşembe,09:30/12:29,,0,0,,"KMM_LS, KMM_YD",,
23065,KMM 342E,KMM,LS,Math Modelling in Chemical Eng,,Ayşe Özge Kürkçüoğlu Levitas,KMB | KMB,Çarşamba | Cuma,13:30/15:29 | 15:00/15:59,D204 | D204,55,54,,"KMM_LS, KMM_YD",,
23069,KMM 342E,KMM,LS,Math Modelling in Chemical Eng,,Ramazan Kızıl,KMB | KMB,Çarşamba | Cuma,13:30/15:29 | 15:00/15:59,D203 | D202,55,49,,"KMM_LS, KMM_YD",,
23070,MIM 211E,MIM,LS,Architectural Design III,,Pelin Dursun Çebi,MMB | MMB,Pazartesi | Perşembe,13:30/17:29 | 13:30/17:29,,3,1,,"ARC_LS, MIM_LS, MIME_LS",,
23072,KMM 422E,KMM,LS,Chemical Engineering Desing II,,-,KMB | KMB,Pazartesi | Çarşamba,08:30/10:29 | 09:30/12:29,,0,0,,KMM_LS,,
23073,MIM 211E,MIM,LS,Architectural Design III,,Göksenin İnalhan,MMB | MMB,Pazartesi | Perşembe,13:30/17:29 | 13:30/17:29,,3,2,,"ARC_LS, MIM_LS, MIME_LS",,
23075,MIM 211E,MIM,LS,Architectural Design III,,Sıdıka Aslıhan Şenel,MMB | MMB,Pazartesi | Perşembe,13:30/17:29 | 13:30/17:29,,5,2,,"ARC_LS, MIM_LS, MIME_LS",,
23076,KMM 4902E,KMM,LS,Chem. Eng. Design II,,"Hale Gürbüz , / Devrim Barış Kaymak",KMB | KMB,Pazartesi | Çarşamba,08:30/10:29 | 09:30/12:29,D301 | D303,105,103,,"KMM_LS, KMM_YD",,
23078,KMM 434,KMM,LS,"Kalite,Çevre ve Güvenlik",,Ahmet Alper Aydın,KMB,Pazartesi,13:30/16:29,D301,60,18,,"KMM_LS, KMM_YD",,
23080,KMM 434,KMM,LS,"Kalite,Çevre ve Güvenlik",,"Alper Sarıoğlan , / Nalan Erdöl Aydın",KMB,Pazartesi,13:30/16:29,D204,60,61,,"KMM_LS, KMM_YD",,
23081,MIM 211E,MIM,LS,Architectural Design III,,Arzu İrem Mollaahmetoğlu,MMB | MMB,Pazartesi | Perşembe,13:30/17:29 | 13:30/17:29,,3,2,,"ARC_LS, MIM_LS, MIME_LS",,
23082,MIM 211E,MIM,LS,Architectural Design III,,Hakan Tüzün Şengün,MMB | MMB,Pazartesi | Perşembe,13:30/17:29 | 13:30/17:29,,3,5,,"ARC_LS, MIM_LS, MIME_LS",,
23084,MIM 211E,MIM,LS,Architectural Design III,,Sevil Yazıcı,MMB | MMB,Pazartesi | Perşembe,13:30/17:29 | 13:30/17:29,,3,2,,"ARC_LS, MIM_LS, MIME_LS",,
23087,MIM 212,MIM,LS,Mimari Proje IV,,Özlem Berber Özkendirci,MMB | MMB,Pazartesi | Perşembe,13:30/17:29 | 13:30/17:29,,20,20,,MIM_LS,,
23089,MIM 212,MIM,LS,Mimari Proje IV,,Ayşe Meltem Baslo,MMB | MMB,Pazartesi | Perşembe,13:30/17:29 | 13:30/17:29,,20,20,,MIM_LS,,
23091,MIM 212,MIM,LS,Mimari Proje IV,,Begüm Hamzaoğlu,MMB | MMB,Pazartesi | Perşembe,13:30/17:29 | 13:30/17:29,,20,19,,MIM_LS,,
23092,MIM 212E,MIM,LS,Architectural Design IV,,Derya Güleç Özer,MMB | MMB,Pazartesi | Perşembe,13:30/17:29 | 13:30/17:29,,17,17,,"ARC_LS, MIM_LS, MIME_LS",,
23095,MIM 212E,MIM,LS,Architectural Design IV,,Funda Uz,MMB | MMB,Pazartesi | Perşembe,13:30/17:29 | 13:30/17:29,,17,17,,"ARC_LS, MIM_LS, MIME_LS",,
23097,MIM 212E,MIM,LS,Architectural Design IV,,Pelin Dursun Çebi,MMB | MMB,Pazartesi | Perşembe,13:30/17:29 | 13:30/17:29,,19,19,,"ARC_LS, MIM_LS, MIME_LS",,
23099,MIM 212E,MIM,LS,Architectural Design IV,,Göksenin İnalhan,MMB | MMB,Pazartesi | Perşembe,13:30/17:29 | 13:30/17:29,,18,19,,"ARC_LS, MIM_LS, MIME_LS",,
23101,MIM 212E,MIM,LS,Architectural Design IV,,Sıdıka Aslıhan Şenel,MMB | MMB,Pazartesi | Perşembe,13:30/17:29 | 13:30/17:29,,17,13,,"ARC_LS, MIM_LS, MIME_LS",,
23102,KMM 462,KMM,LS,Kimya Mühendisliği Lab II,,"Nalan Erdöl Aydın , / Elif Öztürk Er , / Ayşe Arifoğlu , / Cemile Yerlikaya , / Nil Özbek",KMB,Salı,08:30/12:29,K407,40,42,,KMM_LS,,
23104,MIM 212E,MIM,LS,Architectural Design IV,,Arzu İrem Mollaahmetoğlu,MMB | MMB,Pazartesi | Perşembe,13:30/17:29 | 13:30/17:29,,17,17,,"ARC_LS, MIM_LS, MIME_LS",,
23112,KMM 462,KMM,LS,Kimya Mühendisliği Lab II,,"Nalan Erdöl Aydın , / Elif Öztürk Er , / Ayşe Arifoğlu , / Cemile Yerlikaya , / Nil Özbek",KMB,Salı,13:00/16:59,K407,40,41,,KMM_LS,,
23114,MIM 212E,MIM,LS,Architectural Design IV,,Hakan Tüzün Şengün,MMB | MMB,Pazartesi | Perşembe,13:30/17:29 | 13:30/17:29,,17,17,,"ARC_LS, MIM_LS, MIME_LS",,
23115,MIM 212E,MIM,LS,Architectural Design IV,,Sevil Yazıcı,MMB | MMB,Pazartesi | Perşembe,13:30/17:29 | 13:30/17:29,CATI2 | CATI2,17,17,,"ARC_LS, MIM_LS, MIME_LS",,
23117,MIM 312,MIM,LS,Mimari Proje VI,,Gülçin Pulat Gökmen,MMB | MMB,Pazartesi | Perşembe,13:30/17:29 | 13:30/17:29,CATI3 | CATI3,17,13,,MIM_LS,,
23119,MIM 312,MIM,LS,Mimari Proje VI,,Dilek Yıldız Özkan,MMB | MMB,Pazartesi | Perşembe,13:30/17:29 | 13:30/17:29,,13,12,,MIM_LS,,
23120,KMM 462,KMM,LS,Kimya Mühendisliği Lab II,,"Nalan Erdöl Aydın , / Elif Öztürk Er , / Ayşe Arifoğlu , / Cemile Yerlikaya , / Nil Özbek",KMB,Cuma,08:30/12:29,K407,20,23,,KMM_LS,,
23121,MIM 312,MIM,LS,Mimari Proje VI,,Nizam Onur Sönmez,MMB | MMB,Pazartesi | Perşembe,13:30/17:29 | 13:30/17:29,3401 | 3401,11,11,,MIM_LS,,
23123,MIM 312,MIM,LS,Mimari Proje VI,,Hüseyin Sinan Omacan,MMB | MMB,Pazartesi | Perşembe,13:30/17:29 | 13:30/17:29,3402 | 3402,11,11,,MIM_LS,,
23124,KMM 484,KMM,LS,Araştırma Projesi II,,Gülhayat Saygılı,KMB,Cuma,09:30/12:29,,2,2,,KMM_LS,,
23126,MIM 312,MIM,LS,Mimari Proje VI,,Tan Kamil Gürer,MMB | MMB,Pazartesi | Perşembe,13:30/17:29 | 13:30/17:29,217B | 217B,11,12,,MIM_LS,,
23127,KMM 484,KMM,LS,Araştırma Projesi II,,Fatma Seniha Güner,KMB,Cuma,14:00/16:59,,2,2,,KMM_LS,,
23130,KMM 484,KMM,LS,Araştırma Projesi II,,Melek Tüter,KMB,Pazartesi,10:30/13:29,,2,2,,KMM_LS,,
23131,MIM 312,MIM,LS,Mimari Proje VI,,Elmira Ayşe Gür,MMB | MMB,Pazartesi | Perşembe,13:30/17:29 | 13:30/17:29,3403 | 3403,8,9,,MIM_LS,,
23133,KMM 484,KMM,LS,Araştırma Projesi II,,Alper Sarıoğlan,KMB,Pazartesi,10:30/13:29,,2,2,,KMM_LS,,
23134,MIM 312,MIM,LS,Mimari Proje VI,,Suat Apak,MMB | MMB | 3404,Pazartesi | Perşembe,13:30/17:29 | 13:30/17:29,,8,8,,MIM_LS,,
23136,KMM 484,KMM,LS,Araştırma Projesi II,,Devrim Barış Kaymak,KMB,Cuma,14:00/16:59,,2,2,,KMM_LS,,
23138,KMM 484,KMM,LS,Araştırma Projesi II,,Şerife Birgül Ersolmaz,KMB,Cuma,14:00/16:59,,2,2,,KMM_LS,,
23139,MIM 312E,MIM,LS,Architectural Design VI,,İmdat As,MMB | MMB,Pazartesi | Perşembe,13:30/17:29 | 13:30/17:29,3504 | 3504,21,21,,"ARC_LS, MIM_LS, MIME_LS",,
23141,KMM 484,KMM,LS,Araştırma Projesi II,,Alıreza Khataee,KMB,Cuma,14:00/16:59,,2,2,,KMM_LS,,
23142,KMM 484,KMM,LS,Araştırma Projesi II,,Nil Özbek,KMB,Perşembe,09:30/12:29,,2,2,,KMM_LS,,
23145,KMM 484,KMM,LS,Araştırma Projesi II,,Fatma Elif Genceli Güner,KMB,Cuma,14:00/16:59,,3,3,,KMM_LS,,
23146,MIM 312E,MIM,LS,Architectural Design VI,,Meltem Aksoy,MMB | MMB,Pazartesi | Perşembe,13:30/17:29 | 13:30/17:29,3405 | 3405,17,17,,"ARC_LS, MIM_LS, MIME_LS",,
23147,KMM 484,KMM,LS,Araştırma Projesi II,,Ayşe Özge Kürkçüoğlu Levitas,KMB,Perşembe,09:30/12:29,,2,2,,KMM_LS,,
23148,MIM 312E,MIM,LS,Architectural Design VI,,Mine Özkar Kabakçıoğlu,MMB | MMB,Pazartesi | Perşembe,13:30/17:29 | 13:30/17:29,3406 | 3406,15,15,,"ARC_LS, MIM_LS, MIME_LS",,
23150,KMM 484,KMM,LS,Araştırma Projesi II,,Elif Öztürk Er,KMB,Perşembe,13:30/16:29,,2,2,,KMM_LS,,
23151,MIM 312E,MIM,LS,Architectural Design VI,,Leman Figen Gül,MMB | MMB,Pazartesi | Perşembe,13:30/17:29 | 13:30/17:29,3407 | 3407,15,19,,"ARC_LS, MIM_LS, MIME_LS",,
23152,KMM 484,KMM,LS,Araştırma Projesi II,,Hanzade Açma,KMB,Salı,13:30/16:29,,2,2,,KMM_LS,,
23153,KMM 492,KMM,LS,Bitirme Çalışması,,-,,,-/-,,0,0,,KMM_LS,,
23155,KMM 424E,KMM,LS,Biotechnological Applications,,Ramazan Kızıl,KMB,Pazartesi,10:30/13:29,D101,15,6,,KMM_LS,,
23156,MIM 312E,MIM,LS,Architectural Design VI,,Nesip Ömer Erem,MMB | MMB,Pazartesi | Perşembe,13:30/17:29 | 13:30/17:29,CATI1 | CATI1,7,8,,"ARC_LS, MIM_LS, MIME_LS",,
23157,KMM 468E,KMM,LS,Energy Conservation in Indstry,,Serdar Yaman,KMB,Salı,09:30/12:29,D302,15,16,,KMM_LS,,
23159,MIM 312E,MIM,LS,Architectural Design VI,,Ayşe Şentürer,MMB | MMB,Pazartesi | Perşembe,13:30/17:29 | 13:30/17:29,3502 | 3502,10,8,,"ARC_LS, MIM_LS, MIME_LS",,
23160,KMM 418E,KMM,LS,Paper Technology,,Ayşe Banu Kocaağa,KMB,Perşembe,14:00/16:59,GZ102,15,10,,KMM_LS,,
23161,KMM 428,KMM,LS,Özel Ayırma Yöntemleri,,Nalan Erdöl Aydın,KMB,Pazartesi,09:30/12:29,GZ103,15,14,,KMM_LS,,
23163,KMM 467,KMM,LS,Kristalizasyon,,Ayşen Aktürk Sertbaş,KMB,Perşembe,12:30/15:29,D205,15,15,,KMM_LS,,
23164,KMM 424,KMM,LS,Biyoteknolojik Uygulamalar,,Fatoş Yüksel Güvenilir,KMB,Perşembe,12:30/15:29,D204,15,16,,"BIO_LS, KMM_LS",,
23165,KMM 466,KMM,LS,Bor Teknolojisi,,-,KMB,Salı,13:30/16:29,,0,0,,KMM_LS,,
23166,MIM 312E,MIM,LS,Architectural Design VI,,Meryem Birgül Çolakoğlu,MMB | MMB,Pazartesi | Perşembe,13:30/17:29 | 13:30/17:29,3503 | 3503,5,8,,"ARC_LS, MIM_LS, MIME_LS",,
23167,KMM 468,KMM,LS,Endüstride Enerji Tasarrufu,,Serdar Yaman,KMB,Salı,13:30/16:29,D302,15,19,,KMM_LS,,
23168,MIM 312E,MIM,LS,Architectural Design VI,,Mehmet Emin Şalgamcıoğlu,MMB | MMB,Pazartesi | Perşembe,13:30/17:29 | 13:30/17:29,,7,9,,"ARC_LS, MIM_LS, MIME_LS",,
23169,KMM 474,KMM,LS,Yağ Teknolojisi,,Melek Tüter,KMB,Salı,09:30/12:29,D205,15,14,,KMM_LS,,
23170,MIM 351,MIM,LS,Mimari Proje V,,Gülçin Pulat Gökmen,MMB | MMB,Pazartesi | Perşembe,13:30/17:29 | 13:30/17:29,,4,2,,MIM_LS,,
23172,KMM 477,KMM,LS,Endüstriyel Su Hazırlama Yöntm,,Hanzade Açma,KMB,Salı,09:30/12:29,D305,15,23,,KMM_LS,,
23173,KMM 453,KMM,LS,Kimya Müh.Bilg.Dest.Tasarım,,İlayda Nur Oksal,KMB,Salı,13:30/16:29,BIL.LAB.1,40,27,,KMM_LS,,
23174,MIM 351,MIM,LS,Mimari Proje V,,Dilek Yıldız Özkan,MMB | MMB,Pazartesi | Perşembe,13:30/17:29 | 13:30/17:29,,9,3,,MIM_LS,,
23175,DAN 102,DAN,LS,Girişimcilik & Kariyer Danış.,,Fatma Elif Genceli Güner,KMB,Çarşamba,15:30/17:29,D201,300,82,,KMM_LS,,
23176,MIM 351,MIM,LS,Mimari Proje V,,Nizam Onur Sönmez,MMB | MMB,Pazartesi | Perşembe,13:30/17:29 | 13:30/17:29,,11,11,,MIM_LS,,
23177,MAT 271,MAT,LS,Olasılık ve İstatistik,,Ayşe Arifoğlu,KMB,Pazartesi,09:30/12:29,D203,50,16,,"GID_LS, KMM_LS, MET_LS",,
23178,MIM 351,MIM,LS,Mimari Proje V,,Hüseyin Sinan Omacan,MMB | MMB,Pazartesi | Perşembe,13:30/17:29 | 13:30/17:29,,11,11,,MIM_LS,,
23179,MAT 271,MAT,LS,Olasılık ve İstatistik,,Taylan Maraş,KMB,Perşembe,13:30/16:29,D103,50,18,,"GID_LS, KMM_LS, MET_LS",,
23180,MIM 351,MIM,LS,Mimari Proje V,,Tan Kamil Gürer,MMB | MMB,Pazartesi | Perşembe,13:30/17:29 | 13:30/17:29,,11,11,,MIM_LS,,
23181,MAT 271E,MAT,LS,Probability and Statistics,,"Ayşen Aktürk Sertbaş , / Mustafa Sertbaş",KMB,Çarşamba,12:30/15:29,D302,50,11,,KMM_LS,,
23182,TER 201,TER,LS,Termodinamik,,Hanzade Açma,KMB,Perşembe,08:30/11:29,D202,80,27,,"CEV_LS, CHZ_LS, DEN_LS, EHB_LS, GEM_LS, ISL_LS, JEF_LS, JEO_LS, KMM_LS, KOM_LS, KON_LS, PET_LS",,
23183,BIO 214,BIO,LS,Mikrobiyoloji,,Pervin Başaran Akocak,KMB,Cuma,14:00/16:59,D105,25,7,,KMM_LS,,
23184,KMM 461E,KMM,LS,Introduction to Electrochemical Engineering,,-,KMB,Salı,13:30/16:29,,0,0,,KMM_LS,,
23185,KMM 210E,KMM,LS,Engineering Mathematics,,Elif Öztürk Er,KMB | KMB,Pazartesi | Cuma,14:30/16:29 | 14:00/15:59,D103 | D103,50,30,,KMM_LS,,
23186,KMM 446,KMM,LS,Atık Yönetimi,,Ömer Şahin,KMB,Salı,09:30/12:29,D106,15,14,,KMM_LS,,
23187,MIM 351E,MIM,LS,Architectural Design V,,İmdat As,MMB | MMB,Pazartesi | Perşembe,13:30/17:29 | 13:30/17:29,,5,4,,"ARC_LS, MIM_LS, MIME_LS",,
23188,MET 214,MET,LS,Çözelti Termodinamiğinin Tem.,,Nuri Solak,KMB,Salı,10:30/13:29,D301,90,73,,MET_LS,,
23190,MIM 351E,MIM,LS,Architectural Design V,,Meltem Aksoy,MMB | MMB,Pazartesi | Perşembe,13:30/17:29 | 13:30/17:29,,10,7,,"ARC_LS, MIM_LS, MIME_LS",,
23191,MET 214E,MET,LS,Fund. of Sol. Thermodynamics,,Nuri Solak,KMB,Perşembe,13:30/16:29,D201,105,104,,"MET_LS, METE_LS",,
23193,MET 224,MET,LS,Faz Denge Diyagramları,,Nuri Solak,KMB,Perşembe,10:30/13:29,D104,100,98,,MET_LS,,
23194,MIM 351E,MIM,LS,Architectural Design V,,Mine Özkar Kabakçıoğlu,MMB | MMB,Pazartesi | Perşembe,13:30/17:29 | 13:30/17:29,,5,5,,"ARC_LS, MIM_LS, MIME_LS",,
23196,MET 224E,MET,LS,Phase Equilibrium Diagrams,,Nuri Solak,KMB,Salı,13:30/16:29,D301,100,96,,"MET_LS, METE_LS",,
23197,MET 228,MET,LS,Malzeme Kimyası,,Servet İbrahim Timur,KMB,Pazartesi,13:30/15:29,D104,100,97,,MET_LS,,
23198,MIM 351E,MIM,LS,Architectural Design V,,Leman Figen Gül,MMB | MMB,Pazartesi | Perşembe,13:30/17:29 | 13:30/17:29,,5,6,,"ARC_LS, MIM_LS, MIME_LS",,
23199,MET 228E,MET,LS,Materials Chemistry,,Aytekin Uzunoğlu,KMB,Cuma,14:00/15:59,D201,90,85,,METE_LS,,
23201,MET 246,MET,LS,Malzeme Fiziği,,Muhammet Kürşat Kazmanlı,KMB,Çarşamba,13:30/15:29,D201,100,95,,MET_LS,,
23214,MET 246E,MET,LS,Materials Physics,,Hüseyin Kızıl,KMB,Çarşamba,13:30/15:29,D301,90,80,,METE_LS,,
23216,MET 248E,MET,LS,Mass & Energy Balance,,Cevat Bora Derin,KMB,Pazartesi,11:30/13:29,D201,90,90,,"MET_LS, METE_LS",,
23218,MET 248E,MET,LS,Mass & Energy Balance,,Mehmet Şeref Sönmez,KMB,Pazartesi,11:30/13:29,D102,90,86,,"MET_LS, METE_LS",,
23220,MIM 411,MIM,LS,Mimari Proje VII,,Elmira Ayşe Gür,MMB | MMB,Pazartesi | Perşembe,13:30/17:29 | 13:30/17:29,,15,15,,MIM_LS,,
23221,MET 252,MET,LS,Mlz.Sta. ve Dinamik Mukavemeti,,Murat Baydoğan,KMB,Salı,13:30/16:29,D104,100,92,,MET_LS,,
23223,MET 252E,MET,LS,Sta and Dyn. Strng ofMaterials,,Murat Baydoğan,KMB,Cuma,08:30/11:29,D201,100,79,,METE_LS,,
23224,MIM 411,MIM,LS,Mimari Proje VII,,Suat Apak,MMB | MMB,Pazartesi | Perşembe,13:30/17:29 | 13:30/17:29,CATI4 | CATI4,15,15,,MIM_LS,,
23226,MET 326,MET,LS,Kimyasal Metalurji II,,"Servet İbrahim Timur , / Güldem Kartal Şireli",KMB,Pazartesi,08:30/11:29,D204,100,67,,MET_LS,,
23227,MIM 411E,MIM,LS,Architectural Design VII,,Ayşe Şentürer,MMB | MMB,Pazartesi | Perşembe,13:30/17:29 | 13:30/17:29,,18,17,,"ARC_LS, MIM_LS, MIME_LS",,
23229,MET 326E,MET,LS,Chemical Metallurgy II,,"Cevat Bora Derin , / Onuralp Yücel , / Mehmet Şeref Sönmez",KMB,Pazartesi,08:30/11:29,D102,90,79,,METE_LS,,
23231,MIM 411E,MIM,LS,Architectural Design VII,,Nesip Ömer Erem,MMB | MMB,Pazartesi | Perşembe,13:30/17:29 | 13:30/17:29,,17,17,,"ARC_LS, MIM_LS, MIME_LS",,
23233,MET 328E,MET,LS,Introduction to Biomaterials,,"Gültekin Göller , / İpek Akın Karadayı",KMB,Pazartesi,13:30/15:29,D201,170,136,,"MET_LS, METE_LS",,
23235,MET 344E,MET,LS,Mech. Properties of Materials,,"Hüseyin Çimenoğlu , / Murat Baydoğan",KMB,Perşembe,11:30/13:29,D201,175,128,,"MET_LS, METE_LS",,
23236,MIM 411E,MIM,LS,Architectural Design VII,,Mehmet Emin Şalgamcıoğlu,MMB | MMB,Pazartesi | Perşembe,13:30/17:29 | 13:30/17:29,,17,18,,"ARC_LS, MIM_LS, MIME_LS",,
23239,MET 346,MET,LS,Met.&Malz.Pros.Mod.&Sim.,,Sebahattin Gürmen,KMB,Salı,08:30/10:29,D301,90,78,,MET_LS,,
23241,MIM 411E,MIM,LS,Architectural Design VII,,Meryem Birgül Çolakoğlu,MMB | MMB,Pazartesi | Perşembe,13:30/17:29 | 13:30/17:29,,18,17,,"ARC_LS, MIM_LS, MIME_LS",,
23242,MET 346E,MET,LS,Mod.&Sim.of Met.&Mat.Process,,Cevat Bora Derin,KMB,Perşembe,13:30/15:29,D105,90,65,,METE_LS,,
23244,MIM 333E,MIM,LS,Building Production Systems,,Emrah Acar,MMB,Cuma,10:30/12:29,317,60,16,,"ARC_LS, MIM_LS, MIME_LS",,
23245,MET 348E,MET,LS,Quality Engineering,,Billur Deniz Karahan,KMB,Çarşamba,08:30/10:29,D301,90,64,,METE_LS,,
23247,MIM 359,MIM,LS,Yapım Yönetimi ve Ekonomisi,,"Elçin Filiz Taş , / Gülfer Oraz",MMB | MMB,Çarşamba | Cuma,08:30/11:29 | 08:30/10:29,216 | 216,60,20,,MIM_LS,,
23249,MET 348,MET,LS,Kalite Mühendisliği,,"Özgül Keleş , / Billur Deniz Karahan",KMB,Salı,13:30/15:29,D103,80,67,,MET_LS,,
23251,MIM 359,MIM,LS,Yapım Yönetimi ve Ekonomisi,,"Hakan Yaman , / Ecem Tezel",MMB | MMB,Çarşamba | Cuma,08:30/11:29 | 08:30/10:29,215 | 230,58,55,,MIM_LS,,
23253,MET 364,MET,LS,Ekstraktif Metalurji Lab.,,"Faiz Muhaffel , / Onuralp Yücel , / Servet İbrahim Timur , / Gültekin Göller , / Sebahattin Gürmen , / Filiz Şahin , / Muhammet Kürşat Kazmanlı , / Özgül Keleş , / Hüseyin Kızıl , / Cevat Bora Derin , / Güldem Kartal Şireli , / İpek Akın Karadayı , / Bihter Zeytuncu Gökoğlu , / Duygu Ağaoğulları , / Mehmet Şeref Sönmez , / Aytekin Uzunoğlu , / Billur Deniz Karahan , / Nuri Solak , / Cevat Fahir Arısoy , / Erçin Çağan Duran",KMB,Çarşamba,11:30/13:29,ML1,80,57,,MET_LS,,
23254,MIM 359E,MIM,LS,Construction Mngmnt & Economy,,Emrah Acar,MMB | MMB,Çarşamba | Cuma,08:30/11:29 | 08:30/10:29,227 | 227,82,80,,"ARC_LS, MIM_LS, MIME_LS",,
23256,MIM 484,MIM,LS,Uygulama Projesi,,Gülfer Oraz,MMB | MMB,Salı | Perşembe,13:30/17:29 | 08:30/12:29,3401 | 3401,17,16,,MIM_LS,,
23258,MIM 484E,MIM,LS,Construction Project,,Fatma Pınar Çakmak,MMB | MMB,Salı | Perşembe,13:30/17:29 | 08:30/12:29,3402 | 3402,16,19,,"ARC_LS, MIM_LS, MIME_LS",,
23262,MET 364E,MET,LS,Extractive Metallurgy Lab.,,"Erçin Çağan Duran , / Onuralp Yücel , / Servet İbrahim Timur , / Sebahattin Gürmen , / İpek Akın Karadayı , / Özgül Keleş , / Bihter Zeytuncu Gökoğlu , / Cevat Bora Derin , / Güldem Kartal Şireli , / Duygu Ağaoğulları , / Mehmet Şeref Sönmez , / Mohammadreza Nofar , / Aytekin Uzunoğlu , / Billur Deniz Karahan , / Nuri Solak , / Kübra Onbaşlı , / Faiz Muhaffel",KMB,Çarşamba,13:30/15:29,ML1,80,60,,METE_LS,,
23263,MIM 484E,MIM,LS,Construction Project,,Feride Şener Yılmaz,MMB | MMB,Salı | Cuma,08:30/12:29 | 08:30/12:29,3402 | 3402,16,14,,"ARC_LS, MIM_LS, MIME_LS",,
23266,MIM 484E,MIM,LS,Construction Project,,Ecem Tezel,MMB | MMB,Salı | Perşembe,13:30/17:29 | 08:30/12:29,3405 | 3405,17,17,,"ARC_LS, MIM_LS, MIME_LS",,
23269,MET 366E,MET,LS,Energy Materials,,"Onuralp Yücel , / Özgül Keleş",KMB,Cuma,08:30/10:29,D304,55,26,,"MET_LS, METE_LS",,
23272,MIM 246,MIM,LS,Çevre Kontrolü Stüdyosu,,Nuri Serteser,MMB | MMB,Salı | Perşembe,13:30/17:29 | 08:30/12:29,3400 | 229,37,36,,MIM_LS,,
23273,MET 368E,MET,LS,Product.Tec. of Metallic Powd.,,Duygu Ağaoğulları,KMB,Cuma,08:30/10:29,D102,40,30,,"MET_LS, METE_LS",,
23275,MET 374,MET,LS,Proses Metalurjisi,,"Servet İbrahim Timur , / Güldem Kartal Şireli",KMB,Cuma,14:00/15:59,D303,35,11,,MET_LS,,
23277,MET 374E,MET,LS,Process Metallurgy,,-,KMB,Cuma,10:30/12:29,,0,0,,METE_LS,,
23278,MET 376E,MET,LS,Heat Treatment of Metals,,"Hüseyin Çimenoğlu , / Murat Baydoğan",KMB,Salı,11:30/13:29,D201,150,90,,"MET_LS, METE_LS",,
23279,MET 378E,MET,LS,Non-Ferrous Eng. Materials,,"Güldem Kartal Şireli , / Duygu Ağaoğulları",KMB,Perşembe,09:30/11:29,D103,110,76,,"MET_LS, METE_LS",,
23281,MET 442,MET,LS,Kompozit Malzemelerin Tem.,,Duygu Ağaoğulları,KMB,Cuma,10:30/12:29,D304,100,62,,MET_LS,,
23286,MET 442E,MET,LS,Fund. of Composite Materials,,Mohammadreza Nofar,KMB,Pazartesi,11:30/13:29,D104,90,108,,METE_LS,,
23288,MIM 246,MIM,LS,Çevre Kontrolü Stüdyosu,,Şule Filiz Akşit,MMB | MMB,Salı | Perşembe,13:30/17:29 | 08:30/12:29,,37,32,,MIM_LS,,
23290,MIM 246,MIM,LS,Çevre Kontrolü Stüdyosu,,Tarık Serhat Bozkurt,MMB | MMB,Salı | Perşembe,13:30/17:29 | 08:30/12:29,,37,37,,MIM_LS,,
23293,MIM 246E,MIM,LS,Environmental Control Studio,,Gül Koçlar Oral,MMB | MMB,Salı | Perşembe,13:30/17:29 | 08:30/12:29,3404 | 231,50,51,,"ARC_LS, IAD_LS, ICM_LS, MIM_LS, MIME_LS",,
23295,MIM 246E,MIM,LS,Environmental Control Studio,,Alpin Köknel Yener,MMB | MMB | 3403,Salı | Perşembe,13:30/17:29 | 08:30/12:29,,50,47,,"ARC_LS, IAD_LS, ICM_LS, MIM_LS, MIME_LS",,
23297,MIM 246E,MIM,LS,Environmental Control Studio,,Gülten Manioğlu,MMB | MMB,Salı | Perşembe,13:30/17:29 | 08:30/12:29,,50,50,,"ARC_LS, ICM_LS, MIME_LS",,
23299,MIM 246E,MIM,LS,Environmental Control Studio,,Feride Şener Yılmaz,MMB | MMB,Salı | Perşembe,13:30/17:29 | 08:30/12:29,,50,50,,"ARC_LS, IAD_LS, ICM_LS, MIM_LS, MIME_LS",,
23302,MET 444,MET,LS,Müh.Uyg.Demir ve Çelik E.Mlz.,,Cevat Fahir Arısoy,KMB,Çarşamba,13:30/15:29,D303,90,63,,MET_LS,,
23303,MIM 231E,MIM,LS,Building Materials,,Mehmet Serkan Yatağan,MMB | MMB,Salı | Cuma,10:30/12:29 | 10:30/12:29,217B | 216,80,17,,"ARC_LS, MIM_LS, MIME_LS",,
23305,MIM 358,MIM,LS,Yapı Koruyucu Malzemeler,,Fatih Bildik,MMB,Perşembe,09:30/12:29,3502,20,3,,MIM_LS,,
23307,MET 444E,MET,LS,Iron&Steel Mat.in Eng. App,,Cevat Fahir Arısoy,KMB,Salı,10:30/12:29,D104,90,92,,METE_LS,,
23309,MET 446,MET,LS,Met.ve Malz.Pros.Çevre ve Etik,,"Servet İbrahim Timur , / Güldem Kartal Şireli",KMB,Salı,08:30/10:29,D104,90,90,,MET_LS,,
23311,MET 446E,MET,LS,Envir.&Ethc.inMet.&Mat.Proces,,"Mehmet Şeref Sönmez , / Cevat Fahir Arısoy",KMB,Salı,13:30/15:29,D303,90,76,,METE_LS,,
23313,MET 462,MET,LS,Mtlk.Nanparik.:Üret.&Karak.,,Sebahattin Gürmen,KMB,Perşembe,13:30/15:29,D202,45,42,,MET_LS,,
23315,MET 462E,MET,LS,Metallic Nanopart.:Prod.&Char.,,Mehmet Şeref Sönmez,KMB,Pazartesi,13:30/15:29,D202,40,55,,METE_LS,,
23316,MET 464E,MET,LS,Princip. of Surfaca Treatment,,Muhammet Kürşat Kazmanlı,KMB,Perşembe,08:30/10:29,D104,40,19,,"MET_LS, METE_LS",,
23318,MET 468E,MET,LS,Welding Tech. and Metallurgy,,"Hüseyin Çimenoğlu , / Murat Baydoğan",KMB,Cuma,15:00/16:59,D102,110,57,,"MET_LS, METE_LS",,
23320,MET 472E,MET,LS,Casting Processes,,Necip Ünlü,KMB,Pazartesi,08:30/10:29,D201,110,108,,"MET_LS, METE_LS",,
23322,MET 476E,MET,LS,Intro. to Technical Ceramics,,Filiz Şahin,KMB,Perşembe,13:30/15:29,D203,55,27,,"MET_LS, METE_LS",,
23323,MET 4902,MET,LS,Met. Malz. Müh. Tasarımı II,,Murat Baydoğan,,,-/-,,500,67,,MET_LS,,
23324,MET 4902E,MET,LS,Met. & Mat. Engn. Design II,,Murat Baydoğan,,,-/-,,500,92,,"MET_LS, METE_LS",,
23325,DAN 102,DAN,LS,Girişimcilik & Kariyer Danış.,,"Faiz Muhaffel , / Murat Baydoğan",KMB,Çarşamba,15:30/17:29,D301,500,148,,"MET_LS, METE_LS",,
23326,BIL 113E,BIL,LS,Intr.to Sci& Eng.Comp.(MATLAB),,Kübra Onbaşlı,KMB,Pazartesi,13:30/16:29,BIL.LAB.1,53,53,,"MET_LS, METE_LS",,
23328,BIL 113E,BIL,LS,Intr.to Sci& Eng.Comp.(MATLAB),,Kübra Onbaşlı,KMB,Salı,09:30/12:29,BIL.LAB.1,53,67,,"MET_LS, METE_LS",,
23330,RES 107E,RES,LS,Technical Drawing,,Münir Cansın Özden,KMB,Cuma,14:00/16:59,D301,53,61,,"MET_LS, METE_LS",,
23335,MET 492,MET,LS,Tasarım Projesi,,-,,,-/-,,0,0,,MET_LS,,
23336,MET 492E,MET,LS,Design Project,,-,,,-/-,,0,0,,"MET_LS, METE_LS",,
23337,DAN 102,DAN,LS,Girişimcilik & Kariyer Danış.,,Celale Kırkın Gözükırmızı,KMB,Çarşamba,15:30/17:29,D304,140,83,,GID_LS,,
23338,GID 204E,GID,LS,Momentum Transfer,,Filiz Altay,KMB,Perşembe,13:30/16:29,D104,95,73,,"GID_LS, GIDE_LS",,
23339,GID 224,GID,LS,"Gıda Toksik.,Kontamin.&Katk.",,"Beraat Özçelik , / Kadriye Nur Kasapoğlu , / Merve Tomaş",KMB,Salı,08:30/11:29,D201,95,72,,"GID_LS, GID_YD",,
23341,GID 222E,GID,LS,Microbiology,,Enes Dertli,KMB,Salı,13:30/16:29,D203,10,1,,"GID_LS, GIDE_LS",,
23342,GID 226E,GID,LS,Microbiology,,Pervin Başaran Akocak,KMB,Salı,13:30/15:29,D105,37,37,,"GID_LS, GIDE_LS",,
23343,GID 226E,GID,LS,Microbiology,,Fatih Ortakcı,KMB,Salı,13:30/15:29,D204,37,36,,"GID_LS, GIDE_LS",,
23344,GID 212,GID,LS,Termodinamik,,Aslı Can Karaça,KMB,Çarşamba,08:30/12:29,D102,20,9,,GID_LS,,
23346,GID 214,GID,LS,Termodinamik,,Fatma Ebru Fıratlıgil,KMB,Çarşamba,09:30/12:29,D104,95,84,,GID_LS,,
23348,GID 306E,GID,LS,Food Plant Design & Economics,,"Gürbüz Güneş , / Celale Kırkın Gözükırmızı",KMB,Çarşamba,12:30/15:29,D304,95,45,,"GID_LS, GIDE_LS",,
23350,GID 322,GID,LS,Gıda Müh Temel İşlemler II,,Fatma Ebru Fıratlıgil,KMB,Perşembe,09:30/12:29,D102,95,55,,GID_LS,,
23352,GID 332,GID,LS,Gıda Mühendisliği Laboratuarı,,"Fatma Ebru Fıratlıgil , / Celale Kırkın Gözükırmızı",KMB,Pazartesi,08:30/12:29,G114,35,24,,GID_LS,,
23354,GID 332,GID,LS,Gıda Mühendisliği Laboratuarı,,"Fatma Ebru Fıratlıgil , / Celale Kırkın Gözükırmızı",KMB,Pazartesi,13:00/16:59,G114,35,31,,GID_LS,,
23357,GID 421E,GID,LS,Food Technology,,"Meral Kılıç Akyılmaz , / Neşe Şahin Yeşilçubuk , / Gürbüz Güneş , / Derya Kahveci Karıncaoğlu , / Gülay Özkan , / Esra Çapanoğlu Güven",KMB,Cuma,14:00/16:59,D104,95,60,,"GID_LS, GIDE_LS",,
23359,GID 324E,GID,LS,"Food Safety,Sanitat.&Preserv.",,Fatih Ortakcı,KMB,Cuma,09:30/12:29,D103,15,14,,"GID_LS, GIDE_LS",,
23361,GID 312E,GID,LS,Food Microbiology II,,Hatice Funda Karbancıoğlu Güler,KMB,Cuma,09:30/12:29,D302,30,26,,"GID_LS, GIDE_LS",,
23363,GID 312E,GID,LS,Food Microbiology II,,Enes Dertli,KMB,Cuma,09:30/12:29,D106,25,25,,"GID_LS, GIDE_LS",,
23364,GID 314,GID,LS,Duyusal Analiz,,Beraat Özçelik,KMB,Çarşamba,08:30/11:29,D305,8,7,,GID_LS,,
23365,GID 456,GID,LS,Duyusal Analiz,,Esra Çapanoğlu Güven,KMB,Çarşamba,09:30/11:29,D203,12,15,,GID_LS,,
23366,GID 316E,GID,LS,Food Packaging,,Gülay Özkan,KMB,Perşembe,13:30/16:29,,9,8,,"GID_LS, GIDE_LS",,
23367,GID 457E,GID,LS,Food Packaging,,Gürbüz Güneş,KMB,Perşembe,13:30/15:29,D302,15,8,,"GID_LS, GIDE_LS",,
23368,GID 4902,GID,LS,Gıda Mühendisliği Tasarımı II,,"Gürbüz Güneş , / Celale Kırkın Gözükırmızı",KMB | KMB,Salı | Perşembe,08:30/13:29 | 12:30/13:29,D303 | D301,90,32,,GID_LS,,
23369,GID 4902,GID,LS,Gıda Mühendisliği Tasarımı II,,"Meral Kılıç Akyılmaz , / Enes Dertli , / Fatma Ebru Fıratlıgil",KMB | KMB,Salı | Perşembe,08:30/13:29 | 12:30/13:29,D103 | D304,90,22,,GID_LS,,
23370,GID 450,GID,LS,Gıda Müh. Özel Konular,,"Esra Çapanoğlu Güven , / Meral Kılıç Akyılmaz , / Beraat Özçelik , / Gürbüz Güneş , / Pervin Başaran Akocak , / Neşe Şahin Yeşilçubuk , / Hatice Funda Karbancıoğlu Güler , / Filiz Altay , / Enes Dertli , / Aslı Can Karaça , / Fatma Ebru Fıratlıgil , / Derya Kahveci Karıncaoğlu , / Merve Tomaş , / Celale Kırkın Gözükırmızı , / Fatih Ortakcı , / Gülay Özkan , / Kadriye Nur Kasapoğlu , / Evren Demircan",,,-/-,,85,62,,GID_LS,,
23371,MIM 204E,MIM,LS,Arch.Building Element Design,,Fatih Yazıcıoğlu,MMB | MMB,Çarşamba | Çarşamba,09:30/12:29 | 13:30/15:29,CATI3 | CATI3,56,58,,"ARC_LS, MIME_LS",,
23372,MIM 209E,MIM,LS,History of Architecture I,,Zeynep Kuban Tokgöz,MMB,Salı,13:30/16:29,106,50,43,,"ARC_LS, MIM_LS, MIME_LS",,
23373,GID 408E,GID,LS,Statistical Methods,,"Aslı Can Karaça , / Evren Demircan",KMB | KMB,Pazartesi | Pazartesi,08:30/10:29 | 10:30/12:29,D303 | BIL.LAB.1,80,62,,"GID_LS, GIDE_LS",,
23374,MIM 210,MIM,LS,Mimarlık Tarihi II,,"Aygül Ağır , / Vesile Gül Cephanecigil",MMB,Pazartesi,09:30/12:29,106,70,57,,MIM_LS,,
23375,MIM 210E,MIM,LS,History of Architecture II,,Bilge Ar,MMB,Pazartesi,09:30/12:29,229,180,176,,"ARC_LS, MIM_LS, MIME_LS",,
23376,MIM 304E,MIM,LS,History of Architecture III,,Mehmet Murat Gül,MMB,Salı,09:30/12:29,126,75,62,,"ARC_LS, MIM_LS, MIME_LS",,
23377,MIM 321E,MIM,LS,Contemporary Architecture,,Mıyukı Aokı Gırardellı,MMB,Çarşamba,09:30/11:29,309,30,2,,MIM_LS,,
23378,INS 403E,INS,LS,Earthworks,,Sabahat Topuz Kiremitçi,INB,Salı,13:30/15:29,B203,50,23,,"AIN_LS, INS_LS, INSE_LS",,
23379,MIM 4011,MIM,LS,Fotoğraf,,Aras Neftçi,MMB,Salı,09:30/12:29,3503,31,31,,MIM_LS,,
23380,MIM 4080E,MIM,LS,Art and Architecture in Asia,,Mıyukı Aokı Gırardellı,MMB,Salı,10:30/12:29,307,50,54,,"MIM_LS, MIME_LS",,
23382,MIM 4083,MIM,LS,19. Yüzyıl'dan Günümüze İstanbul'un Gelişimi,,Mehmet Murat Gül,MMB,Perşembe,10:30/12:29,303,40,37,,MIM_LS,,
23383,GID 461E,GID,LS,Shelf Life of Foods,,Meral Kılıç Akyılmaz,KMB,Perşembe,13:30/15:29,D106,17,14,,"GID_LS, GIDE_LS",,
23384,GID 438,GID,LS,Avrupa Birliği Hukukunda Coğrafi İşaretlerin ve Geleneksel Özellikli Ürün Adının Korunması,,"Merve Tomaş , / Didem Özgür",KMB,Cuma,09:30/12:29,GZ102,10,10,,GID_LS,,
23385,MIM 410,MIM,LS,Mimar Sinan,,Aras Neftçi,MMB,Salı,13:30/16:29,303,30,30,,MIM_LS,,
23386,GID 465,GID,LS,Coğrafi İşaretlerin Korunması,,Beraat Özçelik,KMB,Cuma,09:30/11:29,D105,17,17,,GID_LS,,
23387,MIM 106,MIM,LS,Yapı Mekaniği,,Halet Almıla Büyüktaşkın,MMB | MMB,Çarşamba | Çarşamba,10:30/12:29 | 13:30/15:29,231 | 231,60,60,,"EUT_LS, ICM_LS, MIM_LS",,
23388,MIM 106,MIM,LS,Yapı Mekaniği,,Haluk Sesigür,MMB | MMB,Çarşamba | Çarşamba,10:30/12:29 | 13:30/15:29,107 | 107,60,43,,"EUT_LS, ICM_LS, MIM_LS",,
23389,GID 210E,GID,LS,Engineering Mathematics,,Evren Demircan,KMB | KMB,Pazartesi | Salı,15:00/16:59 | 11:30/13:29,D205 | D304,25,24,,GID_LS,,
23390,MIM 106,MIM,LS,Yapı Mekaniği,,Ferhat Pakdamar,MMB | MMB,Çarşamba | Çarşamba,10:30/12:29 | 13:30/15:29,320 | 320,60,13,,"EUT_LS, ICM_LS, MIM_LS",,
23391,GID 442E,GID,LS,Sustainable Food Production,,"Derya Kahveci Karıncaoğlu , / Celale Kırkın Gözükırmızı",KMB,Çarşamba,09:30/11:29,D101,20,15,,GID_LS,,
23393,BEN 324,BEN,LS,Bioengineering Lab. I,,"Melek Mümine Erol Taygun , / Serdar Yaman",KMB | KMB | KMB,Cuma | Cuma | Cuma,09:00/09:59 | 10:00/11:59 | 14:00/16:59,BIO.LAB | D101 | BIO.LAB,25,6,,MBI_LS,,
23394,BEN 326,BEN,LS,Genetics,,Burcu Biterge Süt,MOBGAM,Pazartesi,13:30/16:29,,25,6,,MBI_LS,,
23395,BEN 341,BEN,LS,Biomaterials,,İpek Akın Karadayı,KMB,Çarşamba,08:30/11:29,D304,25,7,,MBI_LS,,
23396,MIM 106E,MIM,LS,Structural Mechanics,,Gülseren Erol Soyöz,MMB | MMB,Çarşamba | Çarşamba,10:30/12:29 | 13:30/15:29,229 | 229,80,79,,"ARC_LS, IAD_LS, ICM_LS, MIM_LS, MIME_LS",,
23397,MIM 106E,MIM,LS,Structural Mechanics,,Cenk Üstündağ,MMB | MMB,Çarşamba | Çarşamba,10:30/12:29 | 13:30/15:29,317 | 317,80,12,,"ARC_LS, IAD_LS, ICM_LS, MIM_LS, MIME_LS",,
23398,BEN 351,BEN,LS,Bioengineering Thermodynamics,,"Melek Mümine Erol Taygun , / Nil Özbek",KMB,Pazartesi,08:30/11:29,D305,25,7,,MBI_LS,,
23399,MIM 106E,MIM,LS,Structural Mechanics,,Ferhat Pakdamar,MMB | MMB,Salı | Salı,10:30/12:29 | 13:30/15:29,227 | 227,80,57,,"ARC_LS, ENTE_LS, EUTE_LS, IAD_LS, ICM_LS, MIM_LS, MIME_LS",,
23400,BIO 101,BIO,LS,General Biology,,Pelin Dilsiz Erim,MOBGAM,Çarşamba,08:30/11:29,,30,5,,MBI_LS,,
23401,MIM 208E,MIM,LS,Structural Analysis& Design I,,"Gülseren Erol Soyöz , / Halet Almıla Büyüktaşkın",MMB | MMB,Salı | Cuma,10:30/12:29 | 10:30/12:29,217C | 227,60,60,,"ARC_LS, MIM_LS, MIME_LS",,
23402,GED 037,GED,LS,"Knowledge,Language and Logic",,Kerem Eksen,FEB,Cuma,14:30/17:29,D205,30,2,,MBI_LS,,
23403,MIM 213,MIM,LS,Yapısal Analiz ve Tasarım II,,Oğuz Cem Çelik,MMB | MMB,Salı | Cuma,10:30/12:29 | 10:30/12:29,230 | 230,50,49,,MIM_LS,,
23404,MIM 213,MIM,LS,Yapısal Analiz ve Tasarım II,,Necdet Torunbalcı,MMB | MMB,Salı | Cuma,10:30/12:29 | 10:30/12:29,231 | 231,50,46,,MIM_LS,,
23405,MIM 213E,MIM,LS,Structural Analysis& Design II,,Cenk Üstündağ,MMB | MMB,Salı | Cuma,08:30/10:29 | 08:30/10:29,230 | 315,77,19,,"ARC_LS, MIM_LS, MIME_LS",,
23406,MIM 213E,MIM,LS,Structural Analysis& Design II,,Haluk Sesigür,MMB | MMB,Salı | Cuma,08:30/10:29 | 08:30/10:29,231 | 231,78,77,,"ARC_LS, MIM_LS, MIME_LS",,
23407,MIM 253E,MIM,LS,Steel Structures,,Halet Almıla Büyüktaşkın,MMB,Salı,10:30/12:29,,50,11,,"ARC_LS, MIM_LS, MIME_LS",,
23408,MIM 271E,MIM,LS,Theory of Structures,,Gülseren Erol Soyöz,MMB,Cuma,10:30/12:29,315,50,12,,"MIM_LS, MIME_LS",,
23409,MIM 352,MIM,LS,Taşıyıcı Sistem Tasarımı,,Necdet Torunbalcı,MMB,Cuma,14:00/16:59,107,35,3,,MIM_LS,,
23410,MIM 4053E,MIM,LS,Tall Building Structures,,Halet Almıla Büyüktaşkın,MMB,Salı,13:30/15:29,317,40,41,,"ARC_LS, MIM_LS, MIME_LS",,
23411,MIM 4074E,MIM,LS,Stru.Sys.Pro.of Mon.&Hist.Cons,,"Haluk Sesigür , / Gülseren Erol Soyöz",MMB,Perşembe,09:30/11:29,315,50,49,,"ARC_LS, MIM_LS, MIME_LS",,
23412,MIM 4902,MIM,LS,Diploma Projesi,,Funda Uz,,,-/-,,500,45,,MIM_LS,,
23413,MIM 4902E,MIM,LS,Diploma Project,,Funda Uz,,,-/-,,500,97,,"ARC_LS, MIM_LS, MIME_LS",,
23414,MIM 492,MIM,LS,Bitirme Çalışması,,Funda Uz,,,-/-,,500,2,,MIM_LS,,
23415,MIM 492E,MIM,LS,Graduation Project,,Funda Uz,,,-/-,,500,1,,"MIM_LS, MIME_LS",,
23416,MIM 114E,MIM,LS,Accessibility,,Göksenin İnalhan,MMB,Salı,09:30/11:29,CATI5,40,5,,"MIM_LS, MIME_LS",,
23417,MIM 120E,MIM,LS,Int.toCmp.Ds.Tools&Mth.inArch.,,Mıchael Stefan Bıttermann,MMB,Cuma,14:00/16:59,,125,116,,"ARC_LS, MIM_LS, MIME_LS",,
23418,MIM 305E,MIM,LS,Statistics,,Mıchael Stefan Bıttermann,MMB,Salı,13:30/16:29,215,75,41,,"MIM_LS, MIME_LS",,
23419,MIM 322E,MIM,LS,Conserv.of Hist. Build.&Sites,,Umut Almaç,MMB,Cuma,10:30/12:29,309,90,73,,"ARC_LS, MIM_LS, MIME_LS",,
23420,MIM 361,MIM,LS,Rölöve ve Restorasyon Stüdyosu,,Yegan Kahya Sayar,MMB,Cuma,14:00/17:59,3401,18,18,,MIM_LS,,
23421,MIM 361,MIM,LS,Rölöve ve Restorasyon Stüdyosu,,Sakine Yıldız Salman,MMB,Cuma,14:00/17:59,3402,18,17,,MIM_LS,,
23422,MIM 361,MIM,LS,Rölöve ve Restorasyon Stüdyosu,,Ömer Dabanlı,MMB,Cuma,14:00/17:59,3403,18,17,,MIM_LS,,
23423,MIM 361E,MIM,LS,Archtctrl Survey & Restrtn Std,,Zeynep Eres Özdoğan,MMB,Cuma,14:00/17:59,3404,18,19,,"ARC_LS, MIM_LS, MIME_LS",,
23424,MIM 361E,MIM,LS,Archtctrl Survey & Restrtn Std,,Işıl Polat Pekmezci,MMB,Cuma,14:00/17:59,3405,18,17,,"ARC_LS, MIM_LS, MIME_LS",,
23425,MIM 361E,MIM,LS,Archtctrl Survey & Restrtn Std,,Umut Almaç,MMB,Cuma,14:00/17:59,3503,18,19,,"ARC_LS, MIM_LS, MIME_LS",,
23427,MIM 361E,MIM,LS,Archtctrl Survey & Restrtn Std,,Lana Kudumoviç,MMB,Cuma,14:00/17:59,3406,18,16,,"ARC_LS, MIM_LS, MIME_LS",,
23428,MIM 4010E,MIM,LS,Theories of Architectural Dsgn,,Yüksel Demir,MMB,Salı,13:30/16:29,216,53,49,,"ARC_LS, ENTE_LS, EUT_LS, EUTE_LS, ICM_LS, MIM_LS, MIME_LS, PEM_LS, PEME_LS, SBP_LS, SBPE_LS",,
23429,MIM 4013,MIM,LS,Mimari ve Etkileri,,Suat Apak,MMB,Pazartesi,09:30/11:29,305,32,19,,"MIM_LS, SBP_LS",,
23430,MIM 4014,MIM,LS,Doğal Verilerle Tasarım,,Nizam Onur Sönmez,MMB,Perşembe,09:30/11:29,307,33,28,,"ICM_LS, MIM_LS",,
23431,MIM 4017,MIM,LS,Çağdaş Yapı Malzemeleri,,Leyla Tanaçan,MMB,Perşembe,14:00/15:59,315,30,28,,"ICM_LS, MIM_LS",,
23432,MIM 4019,MIM,LS,Detay Tasrm & Temel İlkeleri,,Mehmet Serkan Yatağan,MMB,Salı,13:30/16:29,320,30,17,,"ICM_LS, MIM_LS",,
23433,MIM 4021,MIM,LS,Mimarlıkta Enfrm Teknolojileri,,Hakan Tong,MMB,Cuma,14:00/16:59,106,31,23,,MIM_LS,,
23435,MIM 4040,MIM,LS,Programlama Mantığına Giriş,,Atilla Aydoğdu,MMB,Cuma,10:30/12:29,,25,22,,MIM_LS,,
23436,MIM 4040,MIM,LS,Programlama Mantığına Giriş,,Atilla Aydoğdu,MMB,Cuma,14:00/15:59,,25,19,,MIM_LS,,
23437,MIM 4041,MIM,LS,Yüksek Binaların Mimari Tas.,,Çiğdem Eren,MMB,Salı,13:30/15:29,305,35,29,,MIM_LS,,
23439,MIM 4050E,MIM,LS,Free Hand Draw.in Architecture,,Sıdıka Aslıhan Şenel,MMB,Çarşamba,12:30/15:29,333,23,21,,"ARC_LS, MIM_LS, MIME_LS",,
23443,MIM 4055E,MIM,LS,Art of the 20th Century,,Arzu İrem Mollaahmetoğlu,MMB,Salı,10:30/12:29,309,55,54,,"ARC_LS, MIM_LS, MIME_LS",,
23445,MIM 4058E,MIM,LS,Architecture After 1960,,Emine Görgül,MMB,Çarşamba,13:30/15:29,217C,55,57,,"ARC_LS, MIM_LS, MIME_LS",,
23446,MIM 4061E,MIM,LS,Desg.Draw.:Pract.&Concep.Appr.,,Hakan Tüzün Şengün,MMB,Salı,13:30/15:29,307,40,40,,"ARC_LS, ICM_LS, MIM_LS, MIME_LS",,
23447,MIM 4072E,MIM,LS,"Architecture,Cities and Cinema",,Arzu İrem Mollaahmetoğlu,MMB,Salı,13:30/15:29,309,55,54,,"ARC_LS, MIM_LS, MIME_LS",,
23448,MIM 4081,MIM,LS,Kagir İnşaat ve Onarım,,-,MMB,Salı,09:30/12:29,303,0,0,,MIM_LS,,
23449,DAN 102,DAN,LS,Girişimcilik & Kariyer Danış.,,Derya Güleç Özer,MMB,Çarşamba,15:30/17:29,,350,302,,"ARC_LS, MIM_LS, MIME_LS",,
23452,BUS 102,BUS,LS,Business Law,,Çiçek Ersoy Kekevi,ISB,Salı,14:30/17:29,202,35,21,,SIS_LS,,
23453,BUS 112,BUS,LS,Principles of Macroeconomics,,Ayşe Aylin Bayar,MSB,Perşembe,14:30/17:29,210,35,21,,SIS_LS,,
23455,BUS 202,BUS,LS,Money & Banking,,Oktay Taş,ISB,Perşembe,14:30/17:29,208,20,16,,SIS_LS,,
23456,BUS 207,BUS,LS,Fundament.of Corporate Finance,,Cumhur Enis Ekinci,ISB,Pazartesi,08:30/11:29,208,35,26,,SIS_LS,,
23457,BUS 209,BUS,LS,Business Decision Support Sys.,,Tuncay Özcan,MSB,Pazartesi,14:30/17:29,113,35,27,,SIS_LS,,
23458,BUS 311,BUS,LS,Marketing Research,,Elif Karaosmanoğlu,ISB,Çarşamba,09:30/12:29,107,35,28,,SIS_LS,,
23459,BUS 315,BUS,LS,Employment Law,,Ulaş Baysal,MSB,Cuma,14:30/17:29,210,15,13,,SIS_LS,,
23462,BUS 307,BUS,LS,Turkish Business Context,,Kaya Tokmakçıoğlu,MSB,Salı,09:30/12:29,B13-B,10,3,,SIS_LS,,
23463,BUS 322,BUS,LS,International Business,,İdil Vedia Evcimen,ISB,Pazartesi,14:30/17:29,210,10,10,,SIS_LS,,
23465,STI 102,STI,LS,Statistics II,,Tolga Kaya,MSB,Perşembe,09:30/12:29,109,35,25,,SIS_LS,,
23477,ISL 354E,ISL,LS,Managerial Decision Making,,Fuat Kosanoğlu,ISB,Çarşamba,09:30/12:29,203,70,44,,"EFN_LS, ISL_LS, ISLE_LS",,
23485,SBP 126,SBP,LS,CBS ve Planlama,,Hasan Serdar Kaya,MMB,Salı,09:30/12:29,229,90,70,,"SBP_LS, SBP_YD",,
23486,SBP 126E,SBP,LS,GIS and Planning,,Fatih Terzi,MMB,Çarşamba,09:30/12:29,230,90,72,,"SBP_YD, SBPE_LS",,
23487,SBP 205E,SBP,LS,Statistics,,Muhammed Ziya Paköz,MMB,Pazartesi,13:30/16:29,229,150,138,,"ENTE_LS, EUT_LS, EUTE_LS, PEM_LS, PEME_LS, SBP_LS, SBPE_LS",,
23489,SBP 207E,SBP,LS,Project III: Site Plan.&Design,,Funda Yirmibeşoğlu,MMB | MMB,Salı | Cuma,13:30/17:29 | 14:00/17:59,3505 | 3505,15,4,,"SBP_LS, SBPE_LS",,
23491,SBP 208,SBP,LS,Şehir Ekonomisi,,Emine Ferhan Gezici Korten,MMB,Salı,09:30/12:29,107,65,73,,"SBP_LS, SBP_YD",,
23493,SBP 208E,SBP,LS,Urban Economics,,Elif Alkay,MMB,Salı,09:30/12:29,106,65,78,,"SBP_LS, SBP_YD, SBPE_LS",,
23495,SBP 210,SBP,LS,Şehir Sosyolojisi,,Eda Yücesoy,MMB,Pazartesi,13:30/16:29,106,65,64,,"SBP_LS, SBP_YD",,
23496,SBP 210E,SBP,LS,Urban Sociology,,Elvan Gülöksüz,MMB,Perşembe,09:30/12:29,227,70,62,,"SBP_LS, SBP_YD, SBPE_LS",,
23498,SBP 214E,SBP,LS,Geography,,Eda Yücesoy,MMB,Pazartesi,09:30/12:29,309,40,31,,"ISLE_LS, PEME_LS, SBP_LS, SBPE_LS",,
23501,DEN 482,DEN,LS,Bireysel Proje,,Ayhan Menteş,,,-/-,,1,1,,DEN_LS,,
23503,DEN 482,DEN,LS,Bireysel Proje,,-,,,-/-,,0,0,,DEN_LS,,
23504,SBP 218,SBP,LS,Proje IV: Stratejik Planlama & Politika Geliştirme,,Fatih Eren,MMB | MMB,Salı | Cuma,13:30/17:29 | 14:00/17:59,203A | 203A,20,23,,SBP_LS,,
23506,DEN 482,DEN,LS,Bireysel Proje,,Kadir Sarıöz,,,-/-,,5,4,,DEN_LS,,
23507,SBP 218,SBP,LS,Proje IV: Stratejik Planlama & Politika Geliştirme,,Ebru Kerimoğlu,MMB | MMB,Salı | Cuma,13:30/17:29 | 14:00/17:59,,19,18,,SBP_LS,,
23508,DEN 482,DEN,LS,Bireysel Proje,,-,,,-/-,,0,0,,DEN_LS,,
23509,DEN 482,DEN,LS,Bireysel Proje,,Bilge Tutak,,,-/-,,3,1,,DEN_LS,,
23511,DEN 482,DEN,LS,Bireysel Proje,,-,,,-/-,,0,0,,DEN_LS,,
23512,DEN 482,DEN,LS,Bireysel Proje,,Ceren Bilgin Güney,,,-/-,,4,4,,DEN_LS,,
23514,DEN 482,DEN,LS,Bireysel Proje,,-,,,-/-,,0,0,,DEN_LS,,
23515,SBP 218,SBP,LS,Proje IV: Stratejik Planlama & Politika Geliştirme,,Yasin Bektaş,MMB | MMB,Salı | Cuma,13:30/17:29 | 14:00/17:59,203B | 203B,20,20,,SBP_LS,,
23525,SBP 218E,SBP,LS,Project IV: Spatial Strategic Planning & Policy Making,,Tüzin Baycan,MMB | MMB,Salı | Cuma,13:30/17:29 | 14:00/17:59,,17,18,,SBPE_LS,,
23527,SBP 218E,SBP,LS,Project IV: Spatial Strategic Planning & Policy Making,,Elif Alkay,MMB | MMB,Salı | Cuma,13:30/17:29 | 14:00/17:59,203C | 203C,17,18,,"SBP_LS, SBPE_LS",,
23528,SBP 218E,SBP,LS,Project IV: Spatial Strategic Planning & Policy Making,,Kerem Yavuz Arslanlı,MMB | MMB,Salı | Cuma,13:30/17:29 | 14:00/17:59,,20,20,,"SBP_LS, SBPE_LS",,
23529,SBP 224,SBP,LS,Şehir ve Çevre Jeolojisi,,Erkan Bozkurtoğlu,MDB,Çarşamba,12:30/15:29,,45,7,,"SBP_LS, SBP_YD",,
23530,SBP 224E,SBP,LS,Urban & Environmental Geology,,"Nilgün Okay , / Gökhan Şans",MDB,Çarşamba,12:30/15:29,,35,10,,"PEME_LS, SBP_LS, SBPE_LS",,
23531,DEN 482,DEN,LS,Bireysel Proje,,Burak Karacık,,,-/-,,3,3,,DEN_LS,,
23532,SBP 242E,SBP,LS,Planning Theory and Techniques,,Başak Demireş Özkul,MMB,Çarşamba,09:30/12:29,,150,140,,"SBP_LS, SBP_YD, SBPE_LS",,
23533,DEN 482,DEN,LS,Bireysel Proje,,Burcu Erbaş,,,-/-,,3,1,,DEN_LS,,
23534,DEN 482,DEN,LS,Bireysel Proje,,Deniz Bayraktar Bural,,,-/-,,7,7,,DEN_LS,,
23535,SBP 251,SBP,LS,Şehir ve Çevre Mühendisliği,,Ali Fuat Aydın,MMB,Perşembe,08:30/11:29,,50,12,,"SBP_LS, SBP_YD",,
23536,DEN 482,DEN,LS,Bireysel Proje,,-,,,-/-,,0,0,,DEN_LS,,
23537,SBP 251E,SBP,LS,Urban and Environmental Eng.,,Mahmut Altınbaş,MMB,Perşembe,08:30/11:29,,50,25,,"SBP_LS, SBP_YD, SBPE_LS",,
23538,DEN 482,DEN,LS,Bireysel Proje,,-,,,-/-,,0,0,,DEN_LS,,
23539,DEN 482,DEN,LS,Bireysel Proje,,-,,,-/-,,0,0,,DEN_LS,,
23540,DEN 482,DEN,LS,Bireysel Proje,,-,,,-/-,,0,0,,DEN_LS,,
23541,DEN 492E,DEN,LS,Graduation Project,,-,,,-/-,,0,0,,DENE_LS,,
23542,SBP 311E,SBP,LS,Prj.V:Spatial Plan.&Urb.Dev.,,Aliye Ahu Gülümser,MMB | MMB,Salı | Cuma,13:30/17:29 | 14:00/17:59,217B | 217B,20,18,,"SBP_LS, SBPE_LS",,
23543,DEN 492E,DEN,LS,Graduation Project,,-,,,-/-,,0,0,,DENE_LS,,
23545,DEN 492E,DEN,LS,Graduation Project,,-,,,-/-,,0,0,,DENE_LS,,
23546,DEN 492E,DEN,LS,Graduation Project,,-,,,-/-,,0,0,,DENE_LS,,
23548,SBP 312,SBP,LS,Prj.VI: Mekan.Geliş.&Eyl.Plan.,,Mehmet Ali Yüzer,MMB | MMB,Salı | Cuma,13:30/17:29 | 14:00/17:59,217C | 217C,10,10,,SBP_LS,,
23549,DEN 492E,DEN,LS,Graduation Project,,-,,,-/-,,0,0,,DENE_LS,,
23550,SBP 312,SBP,LS,Prj.VI: Mekan.Geliş.&Eyl.Plan.,,Özhan Ertekin,MMB | MMB,Salı | Cuma,13:30/17:29 | 14:00/17:59,,11,11,,SBP_LS,,
23551,DEN 492E,DEN,LS,Graduation Project,,-,,,-/-,,0,0,,DENE_LS,,
23553,SBP 312,SBP,LS,Prj.VI: Mekan.Geliş.&Eyl.Plan.,,Engin Eyüp Eyuboğlu,MMB | MMB,Salı | Cuma,13:30/17:29 | 14:00/17:59,3407 | 3407,11,11,,SBP_LS,,
23554,DEN 492E,DEN,LS,Graduation Project,,-,,,-/-,,0,0,,DENE_LS,,
23555,DEN 492E,DEN,LS,Graduation Project,,-,,,-/-,,0,0,,DENE_LS,,
23556,SBP 312E,SBP,LS,Proj.VI:Spatial Plan.in Act.,,Muhammed Ziya Paköz,MMB | MMB,Salı | Cuma,13:30/17:29 | 14:00/17:59,214 | 214,10,11,,"SBP_LS, SBPE_LS",,
23557,DEN 492E,DEN,LS,Graduation Project,,-,,,-/-,,0,0,,DENE_LS,,
23558,SBP 312E,SBP,LS,Proj.VI:Spatial Plan.in Act.,,Numan Kılınç,MMB | MMB,Salı | Cuma,13:30/17:29 | 14:00/17:59,,10,11,,"SBP_LS, SBPE_LS",,
23560,DEN 492E,DEN,LS,Graduation Project,,-,,,-/-,,0,0,,DENE_LS,,
23561,SBP 312E,SBP,LS,Proj.VI:Spatial Plan.in Act.,,Şevkiye Şence Türk,MMB | MMB,Salı | Cuma,13:30/17:29 | 14:00/17:59,,10,10,,SBPE_LS,,
23562,DEN 492E,DEN,LS,Graduation Project,,-,,,-/-,,0,0,,DENE_LS,,
23563,DEN 492E,DEN,LS,Graduation Project,,-,,,-/-,,0,0,,DENE_LS,,
23564,DEN 492E,DEN,LS,Graduation Project,,-,,,-/-,,0,0,,DENE_LS,,
23565,SBP 318,SBP,LS,Koruma ve Planlama,,Engin Eyüp Eyuboğlu,MMB,Pazartesi,13:30/16:29,215,50,51,,"ICM_LS, MIM_LS, PEM_LS, SBP_LS, SBP_YD",,
23567,DEN 492E,DEN,LS,Graduation Project,,-,,,-/-,,0,0,,DENE_LS,,
23568,SBP 318E,SBP,LS,Heritage Conservation&Planning,,Turgay Kerem Koramaz,MMB,Çarşamba,12:30/15:29,227,45,47,,"SBP_LS, SBP_YD, SBPE_LS",,
23569,DEN 492E,DEN,LS,Graduation Project,,-,,,-/-,,0,0,,DENE_LS,,
23571,SBP 323E,SBP,LS,Urban Design,,Gülden Demet Oruç Ertekin,MMB,Cuma,09:30/12:29,215,60,55,,"SBP_YD, SBPE_LS",,
23572,SBP 323,SBP,LS,Şehirsel Tasarım,,Hatice Ayataç,MMB,Salı,09:30/12:29,,80,47,,"SBP_LS, SBP_YD",,
23573,SBP 338,SBP,LS,Planlamada Kantitatif Yönteml,,Mehmet Ali Yüzer,MMB,Cuma,09:30/12:29,106,95,94,,"SBP_LS, SBP_YD",,
23574,SBP 338E,SBP,LS,Quantitative Meth. İn Planning,,Hasan Serdar Kaya,MMB,Pazartesi,13:30/16:29,230,80,65,,"SBP_LS, SBP_YD, SBPE_LS",,
23576,SBP 365,SBP,LS,Yrlşmler Açk Or Kul Al ve Değ,,İsmail Eren Kürkçüoğlu,MMB,Perşembe,13:30/15:29,107,35,36,,"SBP_LS, SBP_YD",,
23577,SBP 366E,SBP,LS,Intro to Environmental Probl,,"Özlem Karahan Özgün , / Serdar Doğruel , / Alpaslan Ekdal",INB,Çarşamba,09:30/12:29,B302,60,14,,"SBP_LS, SBP_YD, SBPE_LS",,
23578,SBP 411E,SBP,LS,Project VII: Urban Design,,Turgay Kerem Koramaz,MMB | MMB,Salı | Cuma,13:30/17:29 | 14:00/17:59,CATI5 | CATI5,15,15,,"SBP_LS, SBPE_LS",,
23579,SBP 411E,SBP,LS,Project VII: Urban Design,,Eda Yücesoy,MMB | MMB,Salı | Cuma,13:30/17:29 | 14:00/17:59,,15,11,,"SBP_LS, SBPE_LS",,
23581,SBP 439E,SBP,LS,Metropolitan Planning,,İsmail Eren Kürkçüoğlu,MMB,Perşembe,09:30/11:29,309,35,32,,"SBP_LS, SBP_YD, SBPE_LS",,
23582,SBP 447E,SBP,LS,Urban Structure and Form,,Aslı Ulubaş Hamurcu,MMB,Cuma,09:30/12:29,217D,35,14,,"SBP_LS, SBP_YD, SBPE_LS",,
23583,SBP 4015E,SBP,LS,Disastr Mitigtion in Urbn Plan,,Seda Kundak,MMB,Çarşamba,12:30/15:29,213,35,29,,"SBP_LS, SBP_YD, SBPE_LS",,
23586,SBP 4016,SBP,LS,Göç ve Kent,,"Muhammed Ziya Paköz , / Yasin Bektaş",MMB,Çarşamba,13:30/15:29,307,35,16,,"MIM_LS, SBP_LS, SBP_YD",,
23588,SBP 4018E,SBP,LS,Models & Impl.of Urban Regenr.,,Yasin Bektaş,MMB,Çarşamba,10:30/12:29,311,35,29,,"ARC_LS, MIM_LS, MIME_LS, SBP_LS, SBP_YD, SBPE_LS",,
23590,SBP 4020,SBP,LS,Konut Sorunu ve Politikaları,,Funda Yirmibeşoğlu,MMB,Cuma,09:30/11:29,305,35,29,,"SBP_LS, SBP_YD",,
23591,SBP 4026E,SBP,LS,Healthy Cities,,-,MMB,Çarşamba,09:30/12:29,,0,0,,"ARC_LS, SBP_LS, SBP_YD, SBPE_LS",,
23592,SBP 4031E,SBP,LS,Real Estate Economics,,Fatih Eren,MMB,Salı,10:30/12:29,217A,45,44,,"ARC_LS, ENTE_LS, EUTE_LS, ICM_LS, MIM_LS, MIME_LS, PEME_LS, SBP_LS, SBP_YD, SBPE_LS",,
23594,SBP 4037E,SBP,LS,Urban Ecology,,Aysu Uzsayılır,MMB,Perşembe,10:30/12:29,305,35,35,,"SBP_LS, SBP_YD, SBPE_LS",,
23595,SBP 492,SBP,LS,Bitirme Çalışması,,Şevkiye Şence Türk,,,-/-,,500,1,,SBP_LS,,
23596,SBP 492E,SBP,LS,Final Project,,Şevkiye Şence Türk,,,-/-,,500,2,,SBPE_LS,,
23597,SBP 4902,SBP,LS,Diploma Projesi,,Şevkiye Şence Türk,,,-/-,,500,40,,SBP_LS,,
23598,SBP 4902E,SBP,LS,Graduation Project,,Şevkiye Şence Türk,,,-/-,,500,39,,SBPE_LS,,
23600,DAN 102,DAN,LS,Girişimcilik & Kariyer Danış.,,Aysu Uzsayılır,MMB,Çarşamba,15:30/17:29,230,100,106,,"SBP_LS, SBPE_LS",,
23638,MYZ 302E,MYZ,LS,Artificial Intelligence for Mechanical Engineering,,"Atakan Altınkaynak , / Emrecan Söylemez , / Eren Kalay , / Erkan Günpınar , / Ersan Üstündağ , / Hülya Yalçın , / Mesut Kırca",MKB,Salı,13:30/16:29,D353,40,23,,MAK_LS,,
23643,IML 322,IML,LS,İmalatta Otomasyon,,Ramazan Murat Tabanlı,MKB,Cuma,09:30/12:29,D456,30,11,,"IML_LS, IML_MTM_LS, IML_YD",,
23644,IML 324E,IML,LS,Comp.Aided Manufacturing Eng.,,Erkan Günpınar,MKB,Pazartesi,08:30/11:29,D458,30,4,,"IML_LS, IML_MTM_LS, IMLE_LS",,
23646,IML 326E,IML,LS,Manuf. of Nonmetalic Prod.,,Ersan Üstündağ,MKB | MKB,Pazartesi | Cuma,16:30/18:29 | 14:30/15:29,,50,4,,"IML_LS, IMLE_LS",,
23651,IML 338,IML,LS,İmalat Sistemleri,,Ramazan Murat Tabanlı,MKB,Pazartesi,13:30/16:29,D464,30,1,,IML_LS,,
23655,IML 404E,IML,LS,Comp.Simulations in Manuf.Eng.,,Canan Gamze Güleryüz Parasız,,,-/-,,40,3,,"IML_LS, IML_MTM_LS, IML_YD, IMLE_LS",,
23659,IML 438E,IML,LS,Tool Design,,Turgut Gülmez,MKB,Perşembe,13:30/16:29,D368B,40,4,,"IML_LS, IML_MTM_LS, IMLE_LS",,
23660,IML 460,IML,LS,Tesis Plan. ve Yerleştirme,,Ramazan Murat Tabanlı,MKB,Salı,12:30/15:29,,60,2,,IML_LS,,
23662,IML 4901,IML,LS,İmalat Müh. Tasarımı I,,İsmail Yalçın Uralcan,,,-/-,,200,1,,IML_LS,,
23664,IML 4901E,IML,LS,Manufacturing Eng. Design I,,-,,,-/-,,0,0,,IML_LS,,
23665,IML 4902,IML,LS,İmalat Müh. Tasarımı II,,İsmail Yalçın Uralcan,,,-/-,,200,5,,IML_LS,,
23666,IML 4902E,IML,LS,Manufacturing Eng. Design II,,-,,,-/-,,0,0,,IML_LS,,
23667,IML 492,IML,LS,İmalat Tasarım Projesi,,İsmail Yalçın Uralcan,,,-/-,,200,1,,IML_LS,,
23668,IML 492E,IML,LS,Manufacturing Design Project,,-,,,-/-,,0,0,,"IML_LS, IMLE_LS",,
23685,EHB 467E,EHB,LS,Radar Systems,,Mert Serkan,EEB,Salı,12:30/15:29,5101,50,42,,"EEE_LS, EHB_LS, EHBE_LS, EHS_LS, TEL_LS",,
23783,MIM 204,MIM,LS,Mimarlık. Yapı Elemanları Tas.,,Caner Göçer,MMB | MMB,Çarşamba | Çarşamba,09:30/12:29 | 13:30/15:29,CATI1 | CATI1,72,73,,MIM_LS,,
23784,MIM 204,MIM,LS,Mimarlık. Yapı Elemanları Tas.,,Hülya Kuş,MMB | MMB,Çarşamba | Çarşamba,09:30/12:29 | 13:30/15:29,CATI2 | CATI2,72,45,,MIM_LS,,
23786,MIM 120E,MIM,LS,Int.toCmp.Ds.Tools&Mth.inArch.,,Aslı Kanan,MMB,Cuma,14:00/16:59,,125,125,,"ARC_LS, MIM_LS, MIME_LS",,
23789,ESL 102,ESL,LS,English II,,Gürcan Öztürk,ISB,Cuma,08:30/11:29,206,20,20,,SIS_LS,,
23791,GEM 438E,GEM,LS,Stability of Ships,,-,MEDC,Cuma,10:30/12:29,,0,0,,"GEM_LS, GEME_LS",,
23830,ULP 104,ULP,LS,English Communication,,Mehtap İpek Kurt,MSB,Cuma,09:30/12:29,113,30,26,,SED_LS,,
23831,JEF 446E,JEF,LS,Engineering Seismology,,Hüseyin Argun Kocaoğlu,MDB,Perşembe,08:30/11:29,A204,60,51,,"JEF_LS, JEFE_LS",,
23832,BEN 322,BEN,LS,Exper.Desg.&Modell.in Bioeng.,,Hayrettin Güçlü İnsel,KMB,Perşembe,13:30/17:29,GZ104,25,7,,MBI_LS,,
23848,BUS 321,BUS,LS,Business Process Management,,Hatice Camgöz Akdağ,ISB,Salı,14:30/17:29,210,20,20,,SIS_LS,,
23893,UZB 451E,UZB,LS,Spacecraft Communications,,Erdem Onur Özyurt,MEDC,Cuma,14:30/17:29,ZA1,105,105,,"UZB_LS, UZBE_LS",,
24165,UCK 470E,UCK,LS,Jet Eng.Sys.Dsg.with Prac.App.,,Osman Saim Dinç,MEDC,Cuma,08:30/11:29,1D8,45,42,,"UCK_LS, UZB_LS",,
24183,END 365E,END,LS,People Analytics,,Hasan Karabakkal,ISB,Pazartesi,14:30/17:29,107,45,44,,"END_LS, ENDE_LS, IND_LS",,
24229,DUI 102E,DUI,LS,Introduction to Navigation,,Elif Bal Beşikçi,DZB,Pazartesi,08:30/11:29,,80,48,,DUI_LS,,
24230,DUI 102E,DUI,LS,Introduction to Navigation,,Elif Bal Beşikçi,DZB,Salı,14:30/17:29,,80,22,,DUI_LS,,
24255,DUI 112E,DUI,LS,Watchkeeping I,,Oğuzhan Gürel,DZB,Çarşamba,09:30/11:29,,85,31,,DUI_LS,,
24258,DUI 112E,DUI,LS,Watchkeeping I,,Oğuzhan Gürel,DZB,Çarşamba,11:30/13:29,,85,32,,DUI_LS,,
24262,RES 102,RES,LS,Bilg. Destekli Teknik Resim,,Melek Ertogan,DZB,Salı,08:30/12:29,,85,23,,DUI_LS,,
24264,RES 102,RES,LS,Bilg. Destekli Teknik Resim,,Melek Ertogan,DZB,Perşembe,11:30/15:29,,85,44,,DUI_LS,,
24271,DAN 102,DAN,LS,Girişimcilik & Kariyer Danış.,,Esma Uflaz,DZB,Çarşamba,15:30/17:29,,150,51,,DUI_LS,,
24274,DAN 102,DAN,LS,Girişimcilik & Kariyer Danış.,,Gizem Kayişoğlu,DZB,Çarşamba,15:30/17:29,,150,31,,DUI_LS,,
24277,DFH 184,DFH,LS,Denizcilik Gelenekleri,,"Gizem Çevik , / Cenk Ay",DZB,Perşembe,08:30/11:29,,60,25,,DUI_LS,,
24278,DFH 186,DFH,LS,Gemicilik Uygulamaları,,Orhan Gönel,DZB,Perşembe,11:30/14:29,,60,6,,DUI_LS,,
24279,DFH 225,DFH,LS,Türk Denizcilik Tarihi&Kültürü,,Muhsin Kadıoğlu,DZB,Perşembe,15:30/17:29,,60,21,,DUI_LS,,
24281,BEB 122,BEB,LS,Fiziksel Aktivite ve Egzersiz,,-,,,-/-,,0,0,,DUI_LS,,
24282,DFH 254E,DFH,LS,Maritime Conventions,,Gizem Kayişoğlu,DZB,Salı,13:30/15:29,,70,21,,DUI_LS,,
24283,DFH 254E,DFH,LS,Maritime Conventions,,Gizem Kayişoğlu,DZB,Salı,15:30/17:29,,70,63,,DUI_LS,,
24284,DUI 231EL,DUI,LS,Marine Communication Lab.,,Oğuzhan Gürel,DZB,Salı,10:30/12:29,,30,10,,DUI_LS,,
24285,DFH 112,DFH,LS,Denizde Güvenlik II,,Yusuf Nejat Koçar,DZB,Pazartesi,08:30/11:29,,120,17,,"DUI_LS, GMI_LS",,
24286,DUI 231EL,DUI,LS,Marine Communication Lab.,,Oğuzhan Gürel,DZB,Salı,08:30/10:29,,30,27,,DUI_LS,,
24288,DUI 231EL,DUI,LS,Marine Communication Lab.,,Alaaddin Yıldıray Ertaş,DZB,Salı,08:30/10:29,,30,25,,DUI_LS,,
24289,GMI 228,GMI,LS,Temel Elektronik,,Tayfun Uyanık,DZB,Pazartesi,08:30/10:29,,80,75,,GMI_LS,,
24290,DUI 231EL,DUI,LS,Marine Communication Lab.,,Alaaddin Yıldıray Ertaş,DZB,Salı,10:30/12:29,,30,11,,DUI_LS,,
24291,MAT 210,MAT,LS,Mühendislik Matematiği,,Sabire Cömert,DZB | DZB,Pazartesi | Salı,08:30/10:29 | 08:30/10:29,,50,28,,"DUI_LS, GMI_LS",,
24292,DUI 231EL,DUI,LS,Marine Communication Lab.,,Alaaddin Yıldıray Ertaş,DZB,Salı,13:30/15:29,,30,17,,DUI_LS,,
24294,MRE 386,MRE,LS,Engineering Design Process,,-,DZB,Pazartesi,08:30/11:29,,0,0,,SGM_LS,,
24295,DFH 278E,DFH,LS,Maritime Economics,,Levent Kırval,DZB,Çarşamba,09:30/11:29,,70,36,,DUI_LS,,
24296,DFH 278E,DFH,LS,Maritime Economics,,Levent Kırval,DZB,Çarşamba,11:30/13:29,,70,46,,DUI_LS,,
24297,DFH 202,DFH,LS,Gemilerde Acil Durum. Müdahale,,Orhan Gönel,DZB,Salı,10:30/12:29,,70,29,,DUI_LS,,
24298,DFH 202,DFH,LS,Gemilerde Acil Durum. Müdahale,,Orhan Gönel,DZB,Salı,13:30/15:29,,70,59,,DUI_LS,,
24299,DUI 232,DUI,LS,Gemi Elektroniği,,Zuhal Er,DZB,Salı,08:30/10:29,,50,11,,DUI_LS,,
24300,DUI 232,DUI,LS,Gemi Elektroniği,,Zuhal Er,DZB,Salı,10:30/12:29,,75,10,,DUI_LS,,
24301,DUI 232,DUI,LS,Gemi Elektroniği,,Melek Ertogan,DZB,Pazartesi,13:30/15:29,,65,54,,DUI_LS,,
24302,DUI 214,DUI,LS,Astronomi,,Orhan Gönel,DZB,Salı,15:30/17:29,,75,18,,DUI_LS,,
24303,DUI 214,DUI,LS,Astronomi,,Orhan Gönel,DZB,Çarşamba,13:30/15:29,,75,74,,DUI_LS,,
24304,DUI 208E,DUI,LS,Cargo&Crew Safety,,Tanzer Satır,DZB,Pazartesi,08:30/10:29,,75,26,,DUI_LS,,
24305,DUI 208E,DUI,LS,Cargo&Crew Safety,,Tanzer Satır,DZB,Pazartesi,15:30/17:29,,75,52,,DUI_LS,,
24306,DFH 490E,DFH,LS,E-Navigation Systems,,Serdar Kum,DZB,Çarşamba,09:30/11:29,,75,48,,DUI_LS,,
24307,DFH 490E,DFH,LS,E-Navigation Systems,,Serdar Kum,DZB,Çarşamba,11:30/13:29,,75,50,,DUI_LS,,
24308,DFH 490E,DFH,LS,E-Navigation Systems,,Serdar Kum,DZB,Perşembe,12:30/14:29,,60,57,,MTM_LS,,
24309,DFH 282,DFH,LS,Akışkanlar Mekaniği,,Melek Ertogan,DZB,Pazartesi,08:30/10:29,,150,26,,DUI_LS,,
24310,DFH 282,DFH,LS,Akışkanlar Mekaniği,,Melek Ertogan,DZB,Pazartesi,10:30/12:29,,95,94,,DUI_LS,,
24311,DUI 393E,DUI,LS,Long Term SeaTraining(6Months),,Gizem Kayişoğlu,,,-/-,,150,73,,DUI_LS,,
24312,DUI 472,DUI,LS,Oşinografi,,Ayşe Nak,DZB,Çarşamba,11:30/13:29,,40,35,,DUI_LS,,
24313,DUI 472,DUI,LS,Oşinografi,,Ayşe Nak,DZB,Çarşamba,13:30/15:29,,40,26,,DUI_LS,,
24314,DUI 472,DUI,LS,Oşinografi,,Ayşe Nak,DZB,Çarşamba,09:30/11:29,,40,11,,DUI_LS,,
24315,DUI 4902,DUI,LS,Deniz Ulaş.&İşlet.Müh. Tas. II,,Esma Uflaz,,,-/-,,150,76,,DUI_LS,,
24316,DUI 474,DUI,LS,Köprü Üstü Kaynak&Takım Yön.,,Özcan Arslan,DZB,Pazartesi,08:30/11:29,,45,24,,DUI_LS,,
24317,DUI 474,DUI,LS,Köprü Üstü Kaynak&Takım Yön.,,Cemil Yurtören,DZB,Pazartesi,12:30/15:29,,40,40,,DUI_LS,,
24318,DUI 402,DUI,LS,Deniz Hukuku II,,Hakan Muran,DZB,Perşembe,08:30/11:29,,45,34,,DUI_LS,,
24319,DUI 402,DUI,LS,Deniz Hukuku II,,Hakan Muran,DZB,Perşembe,11:30/14:29,,70,63,,DUI_LS,,
24320,DUI 402,DUI,LS,Deniz Hukuku II,,Hakan Muran,DZB,Perşembe,14:30/17:29,,45,9,,DUI_LS,,
24321,DFH 414E,DFH,LS,Port Management,,Tanzer Satır,DZB,Salı,13:30/15:29,,60,22,,DUI_LS,,
24323,DFH 482E,DFH,LS,Cargo Handling Simulator,,Yunus Emre Şenol,DZB,Pazartesi,08:30/10:29,,52,46,,DUI_LS,,
24324,DFH 482E,DFH,LS,Cargo Handling Simulator,,Yunus Emre Şenol,DZB,Pazartesi,11:30/13:29,,45,41,,DUI_LS,,
24325,DFH 486E,DFH,LS,Chartering,,Emre Akyüz,DZB,Perşembe,13:30/15:29,,60,11,,DUI_LS,,
24326,DFH 226,DFH,LS,Ekonomik Coğrafya,,-,DZB,Perşembe,10:30/13:29,,0,0,,DUI_LS,,
24327,DFH 472E,DFH,LS,Commercial Ship Management,,Pelin Bolat,DZB,Perşembe,08:30/11:29,,60,12,,DUI_LS,,
24328,DFH 474,DFH,LS,Denizcilikte Yön.Dav.&Perf.,,Leyla Tavacıoğlu,DZB,Çarşamba,08:30/11:29,,50,39,,DUI_LS,,
24329,DFH 495,DFH,LS,Gemiadamı Sağlığı&İş Emniyeti,,Esma Uflaz,DZB,Perşembe,14:30/17:29,,40,25,,DUI_LS,,
24330,DFH 497E,DFH,LS,Org.Mngt &Behavior in Maritime,,Leyla Tavacıoğlu,DZB,Pazartesi,14:30/17:29,,50,17,,DUI_LS,,
24332,DUI 392E,DUI,LS,Long Term SeaTraining(6Months),,Gizem Kayişoğlu,,,-/-,,150,6,,"DUI_LS, SDU_LS",,
24334,MRT 312,MRT,LS,OnBoardTrain.(ShpOprt.&Mn.III),,Tanzer Satır,,,-/-,,10,2,,SDU_LS,,
24336,MRT 314,MRT,LS,Sea Project,,Tanzer Satır,,,-/-,,10,2,,SDU_LS,,
24353,GMI 484E,GMI,LS,Engine Room Simulator (ERS) II,,İsmail Çiçek,DZB,Pazartesi,08:30/11:29,,16,17,,GMI_LS,,
24354,GMI 256,GMI,LS,Elektroteknik,,Tayfun Uyanık,DZB,Pazartesi,11:30/14:29,,80,70,,GMI_LS,,
24356,GMI 484E,GMI,LS,Engine Room Simulator (ERS) II,,Çağlar Karatuğ,DZB,Pazartesi,11:30/14:29,,16,10,,GMI_LS,,
24358,DFH 112,DFH,LS,Denizde Güvenlik II,,Sinan Çakır,DZB,Pazartesi,11:30/14:29,,90,75,,"DUI_LS, GMI_LS",,
24361,DFH 112,DFH,LS,Denizde Güvenlik II,,Yusuf Nejat Koçar,DZB,Pazartesi,14:30/17:29,,120,15,,"DUI_LS, GMI_LS",,
24362,GMI 214,GMI,LS,Hidrolik ve Pnömatik,,Ömer Berkehan İnal,DZB,Pazartesi,14:30/17:29,,50,47,,GMI_LS,,
24363,GMI 225,GMI,LS,Gemi Dizel Makineleri I,,Burak Zincir,DZB,Pazartesi,14:30/17:29,,40,21,,GMI_LS,,
24365,GMI 484E,GMI,LS,Engine Room Simulator (ERS) II,,Çağlar Karatuğ,DZB,Pazartesi,14:30/17:29,,16,11,,GMI_LS,,
24366,GMI 132E,GMI,LS,Numerical Analy. of Eng.Syst.,,Ata Bilgili,DZB,Pazartesi,15:30/17:29,,80,60,,GMI_LS,,
24369,EKO 201E,EKO,LS,Economics,,Sinan Çakır,DZB,Salı,08:30/11:29,,40,37,,GMI_LS,,
24372,MAT 271E,MAT,LS,Probability and Statistics,,Aydın Mert,DZB,Salı,10:30/13:29,,70,62,,"DUI_LS, GMI_LS",,
24374,GMI 171E,GMI,LS,Maritime English I,,Müjgan Özenir,DZB,Salı,10:30/12:29,,30,16,,GMI_LS,,
24377,GMI 213,GMI,LS,Termodinamik,,Veysi Başhan,DZB,Salı,10:30/13:29,,40,20,,GMI_LS,,
24378,GMI 171E,GMI,LS,Maritime English I,,Müjgan Özenir,DZB,Salı,13:30/15:29,,40,30,,GMI_LS,,
24382,GMI 462,GMI,LS,Buhar & Gaz Türbinleri Operas.,,Yalçın Durmuşoğlu,DZB,Salı,12:30/14:29,,75,49,,GMI_LS,,
24385,MRE 381,MRE,LS,Engineering Economics,,-,DZB,Salı,13:30/17:29,,0,0,,SGM_LS,,
24386,GMI 210,GMI,LS,Titreşimin Temelleri,,İsmail Çiçek,DZB,Perşembe,15:30/17:29,,35,20,,GMI_LS,,
24388,GMI 223,GMI,LS,Makine Elemanları,,Çağlar Karatuğ,DZB,Salı,15:30/17:29,,45,44,,GMI_LS,,
24390,GMI 115,GMI,LS,Bilgisayar Dest. Teknik Resim,,Emre Kahramanoğlu,DZB,Çarşamba,08:30/11:29,,35,16,,GMI_LS,,
24391,GMI 261E,GMI,LS,Fluid Mechanics,,Ata Bilgili,DZB,Çarşamba,08:30/11:29,,75,53,,GMI_LS,,
24394,GMI 484E,GMI,LS,Engine Room Simulator (ERS) II,,Samet Biçen,DZB,Çarşamba,08:30/11:29,,18,20,,GMI_LS,,
24396,GMI 486E,GMI,LS,Shipping Finance,,Sinan Çakır,DZB,Çarşamba,09:30/11:29,,30,12,,GMI_LS,,
24397,GMI 171E,GMI,LS,Maritime English I,,Müjgan Özenir,DZB,Çarşamba,10:30/12:29,,30,9,,GMI_LS,,
24400,GMI 481E,GMI,LS,Marine Insurance,,Sinan Çakır,DZB,Çarşamba,12:30/14:29,,30,28,,GMI_LS,,
24402,GMI 225,GMI,LS,Gemi Dizel Makineleri I,,Cengiz Deniz,DZB,Çarşamba,12:30/15:29,,47,48,,GMI_LS,,
24403,GMI 484E,GMI,LS,Engine Room Simulator (ERS) II,,Samet Biçen,DZB,Çarşamba,12:30/15:29,,16,15,,GMI_LS,,
24405,GMI 115,GMI,LS,Bilgisayar Dest. Teknik Resim,,Emre Kahramanoğlu,DZB,Çarşamba,12:30/15:29,,25,18,,GMI_LS,,
24406,GMI 214,GMI,LS,Hidrolik ve Pnömatik,,Ömer Berkehan İnal,DZB,Çarşamba,12:30/15:29,,50,18,,GMI_LS,,
24408,MRE 454,MRE,LS,Ship Sys.VI:Steam&GasTurbines,,-,DZB,Çarşamba,12:30/15:29,,0,0,,SGM_LS,,
24410,DAN 102,DAN,LS,Girişimcilik & Kariyer Danış.,,Sinan Çakır,DZB,Çarşamba,15:30/17:29,,80,62,,GMI_LS,,
24412,MAT 271E,MAT,LS,Probability and Statistics,,Aydın Mert,DZB,Perşembe,08:30/11:29,,70,59,,"DUI_LS, GMI_LS",,
24413,GMI 115,GMI,LS,Bilgisayar Dest. Teknik Resim,,Emre Kahramanoğlu,DZB,Perşembe,08:30/11:29,,35,30,,GMI_LS,,
24414,MRE 442,MRE,LS,Surveying Procedures,,-,DZB,Perşembe,08:30/11:29,,0,0,,SGM_LS,,
24415,GMI 485E,GMI,LS,Envir.Manag.in Ship Operations,,Kadir Çiçek,DZB,Perşembe,09:30/11:29,,23,22,,GMI_LS,,
24416,GMI 488E,GMI,LS,Surveying Procedures,,Fırat Bolat,DZB,Perşembe,12:30/14:29,,45,41,,GMI_LS,,
24417,MAT 271E,MAT,LS,Probability and Statistics,,Aydın Mert,DZB,Perşembe,12:30/15:29,,70,28,,"DUI_LS, GMI_LS",,
24418,GMI 213,GMI,LS,Termodinamik,,Yalçın Durmuşoğlu,DZB,Perşembe,12:30/15:29,,45,43,,GMI_LS,,
24419,GMI 209,GMI,LS,Bilg. Destekli Katı Modelleme,,Emre Kahramanoğlu,DZB,Perşembe,15:30/17:29,,20,14,,GMI_LS,,
24420,MRE 388,MRE,LS,Organizational Management,,-,DZB,Perşembe,15:30/17:29,,0,0,,SGM_LS,,
24421,TUR 122,TUR,LS,Türk Dili II,,Sinan Çakır,DZB,Cuma,08:30/10:29,,120,125,,"DUI_LS, DUIE_LS, GMI_LS, GMIE_LS",,
24422,TUR 121,TUR,LS,Türk Dili I,,Sinan Çakır,DZB,Cuma,14:30/16:29,,120,114,,"DUI_LS, DUIE_LS, GMI_LS, GMIE_LS",,
24424,CHE 101,CHE,LS,Chemistry I,,Şennur Özçelik,INB | FEB,Pazartesi | Perşembe,08:30/11:29 | 08:30/10:29,B103 | LAB-E,30,30,,"SED_LS, SIN_LS",,
24425,ISH 301E,ISH,LS,Fundamentals of Env.Sci & Eng.,,"Melike Gürel , / Serdar Doğruel",INB,Cuma,08:30/11:29,B302,50,17,,"ISL_LS, ISLE_LS",,
24426,STA 204E,STA,LS,Statics&Strength of Materials,,Tuğba Kuru,ISB,Perşembe,14:30/17:29,207,50,56,,"ISL_LS, ISLE_LS",,
24428,UZB 438E,UZB,LS,Robotic Control Systems,,Murad Abu-khalaf,MEDC,Perşembe,14:30/17:29,2D15,40,40,,"UCK_LS, UZB_LS, UZBE_LS",,
24513,MAK 4051,MAK,LS,Taşıtlarda Titreşim ve Gürültü,,Akif Yavuz,MKB | MKB,Salı | Perşembe,15:30/17:29 | 13:30/14:29,D360 | D360,40,14,,MAK_LS,,
24514,MAD 254E,MAD,LS,Strngth of Mat.for Mining Eng.,,Pınar Teymür,INB,Salı,15:30/17:29,A104,60,59,,"MAD_LS, MADE_LS",,
24515,MUK 203,MUK,LS,Mukavemet I,,Erol Demirkan,MDB,Perşembe,14:30/17:29,A203,90,94,,"DEN_LS, ELE_LS, ELH_LS, GEM_LS, JEO_LS, TEL_LS, UCK_LS, UZB_LS",,
24516,RES 111E,RES,LS,Technical Drawing (CAD),,Hazal Gülhan Eksin,MDB,Perşembe,13:30/16:29,B207,60,61,,"CHZ_LS, CHZE_LS",,
24517,AKM 204E,AKM,LS,Fluid Mechanics,,Veysel Şadan Özgür Kırca,MDB,Cuma,08:30/11:29,A101,80,71,,PETE_LS,,
24518,ING 201A,ING,LS,Essentials of Res.Paper Writ.,,Gamze Moran,MED,Pazartesi,13:30/15:29,,25,19,,"BIOE_LS, BLG_LS, BLGE_LS, CEV_LS, CEVE_LS, CHZ_LS, DEN_LS, ECNE_LS, EHB_LS, EHBE_LS, ELK_LS, ELKE_LS, END_LS, ENDE_LS, ENTE_LS, EUTE_LS, FIZ_LS, GEM_LS, GEO_LS, GEOE_LS, GID_LS, HTA_LS, HTAE_LS, IBM_LS, ICM_LS, INS_LS, INSE_LS, ISL_LS, ISLE_LS, JEF_LS, JEO_LS, KIM_LS, KMM_LS, KOM_LS, KOME_LS, MAD_LS, MAK_LS, MAT_LS, MET_LS, METE_LS, MIM_LS, MIME_LS, MTO_LS, PEME_LS, PETE_LS, ROS_LS, ROSE_LS, SAO_OL, SBP_LS, SBPE_LS, SECE_LS, TEKE_LS, UCK_LS, UZBE_LS, VBAE_LS, YZVE_LS",,
24519,ING 201A,ING,LS,Essentials of Res.Paper Writ.,,Gamze Moran,MED,Cuma,10:30/12:29,,25,24,,"BIOE_LS, BLG_LS, BLGE_LS, CEV_LS, CEVE_LS, CHZ_LS, DEN_LS, ECNE_LS, EHB_LS, EHBE_LS, ELK_LS, ELKE_LS, END_LS, ENDE_LS, ENTE_LS, EUTE_LS, FIZ_LS, GEM_LS, GEO_LS, GEOE_LS, GID_LS, HTA_LS, HTAE_LS, IBM_LS, ICM_LS, INS_LS, INSE_LS, ISL_LS, ISLE_LS, JEF_LS, JEO_LS, KIM_LS, KMM_LS, KOM_LS, KOME_LS, MAD_LS, MAK_LS, MAT_LS, MET_LS, METE_LS, MIM_LS, MIME_LS, MTO_LS, PEME_LS, PETE_LS, ROS_LS, ROSE_LS, SAO_OL, SBP_LS, SBPE_LS, SECE_LS, TEKE_LS, UCK_LS, UZBE_LS, VBAE_LS, YZVE_LS",,
24521,MAT 232,MAT,LS,Diferansiyel Denklemler,,Kamil Oruçoğlu,INB | INB,Perşembe | Cuma,15:30/17:29 | 14:00/15:59,B101 | B101,80,76,,"MAT_LS, MAT_YD_EC, MAT_YD_UY",,
24528,FIZ 413,FIZ,LS,Katı Hal Elektroniği,,Esra Alveroğlu Durucu,FEB,Perşembe,13:30/16:29,D106,30,11,,FIZ_LS,,
24551,KON 405E,KON,LS,State Space Meth.in Contr.Syst,,Farzad Hashemzadeh,EEB,Cuma,08:30/11:29,5201,60,39,,"KOM_LS, KOME_LS, MKN_LS, ROS_LS, ROSE_LS",,
24552,MTH 401E,MTH,LS,RISC-V Architecture &Processor,,-,,,-/-,,0,0,,,,
24553,MTH 403E,MTH,LS,Fnc.Safety&PwrtrainAppAutoInd,,İlker Üstoğlu,EEB,Salı,08:30/11:29,2106,50,44,,"ELK_LS, ELKE_LS, KOM_LS, KOME_LS, ROS_LS, ROSE_LS",,
24610,TEK 302E,TEK,LS,Int.toColoration&Finishing Prc,,Berdan Kalav,MKB,Perşembe,09:30/12:29,D378,40,39,,"TEK_LS, TEKE_LS",,
24614,DUI 102E,DUI,LS,Introduction to Navigation,,Elif Bal Beşikçi,DZB | DZB,Salı | Salı,12:30/14:29 | 17:30/18:29,,60,48,,MTM_LS,,
24615,DUI 112E,DUI,LS,Watchkeeping I,,Oğuzhan Gürel,DZB,Pazartesi,10:30/12:29,,30,12,,MTM_LS,,
24616,DUI 112E,DUI,LS,Watchkeeping I,,Selim Aksoy,DZB,Salı,10:30/12:29,,45,40,,MTM_LS,,
24617,RES 102E,RES,LS,Com.Aided Technical Drawing,,Melek Ertogan,DZB,Cuma,08:30/12:29,,90,84,,"MEN_LS, MTM_LS",,
24618,DFH 112E,DFH,LS,Maritime Safety II,,Hakan Çap,DZB,Cuma,14:00/16:59,,55,56,,"MEN_LS, MTM_LS",,
24619,DFH 172E,DFH,LS,Maritime English I,,Seda Çınar Alabay,DZB,Perşembe,09:30/11:29,,60,37,,MTM_LS,,
24620,ITB 151E,ITB,LS,Human Resources and Management,,Leyla Tavacıoğlu,DZB,Salı,14:30/17:29,,60,21,,"MEN_LS, MTM_LS, NAE_LS",,
24621,DAN 102E,DAN,LS,Entrepreneurship and Career Advising,,Selim Aksoy,DZB,Çarşamba,15:30/17:29,,60,81,,"MMD_LS, MTM_LS",,
24622,DAN 102E,DAN,LS,Entrepreneurship and Career Advising,,Cumali Seçkin Mengeçin,DZB,Çarşamba,15:30/17:29,,60,50,,MEN_LS,,
24623,GMI 132E,GMI,LS,Numerical Analy. of Eng.Syst.,,Ata Bilgili,DZB,Çarşamba,17:30/19:29,,60,31,,"MEN_LS, NAE_LS",,
24624,UCK 492,UCK,LS,Bitirme Çalışması,,Halit Süleyman Türkmen,,,-/-,,500,2,,UCK_LS,,
24625,GMI 171E,GMI,LS,Maritime English I,,"Veysi Başhan , / Murat Akpınar",DZB,Salı,15:30/17:29,,60,46,,MEN_LS,,
24626,MEN 211,MEN,LS,Workshop Training-I,,Cumali Seçkin Mengeçin,,,-/-,,60,10,,MEN_LS,,
24627,MTM 211,MTM,LS,Onboard Training-I,,Selim Aksoy,,,-/-,,60,3,,MTM_LS,,
24628,MAT 271E,MAT,LS,Probability and Statistics,,Sabire Cömert,DZB,Çarşamba,08:30/11:29,,82,23,,"MEN_LS, MTM_LS",,
24629,DFH 254E,DFH,LS,Maritime Conventions,,Gizem Kayişoğlu,DZB,Perşembe,09:30/11:29,,60,51,,"MTM_LS, NAE_LS",,
24630,DUI 231EL,DUI,LS,Marine Communication Lab.,,"Alaaddin Yıldıray Ertaş , / Emre Düzenli",DZB,Salı,15:30/17:29,,60,25,,MTM_LS,,
24631,DUI 231EL,DUI,LS,Marine Communication Lab.,,"Oğuzhan Gürel , / Emre Düzenli",DZB,Salı,13:30/15:29,,60,32,,MTM_LS,,
24633,DFH 278E,DFH,LS,Maritime Economics,,Levent Kırval,DZB,Pazartesi,14:30/16:29,,60,38,,MTM_LS,,
24634,DFH 202E,DFH,LS,Ship Emergency Response,,Orhan Gönel,DZB,Perşembe,15:30/17:29,,60,57,,"MEN_LS, MTM_LS, NAE_LS",,
24635,DFH 232E,DFH,LS,Business Logistics,,"Pelin Bolat , / Banu Evrim Taşyar",DZB,Cuma,14:30/16:29,,60,47,,"MTM_LS, NAE_LS",,
24636,DUI 214E,DUI,LS,Astronomy,,Orhan Gönel,DZB,Cuma,08:30/10:29,,60,46,,MTM_LS,,
24638,DUI 208E,DUI,LS,Cargo&Crew Safety,,Tanzer Satır,DZB,Salı,11:30/13:29,,60,38,,MTM_LS,,
24640,AKM 204E,AKM,LS,Fluid Mechanics,,Buğra Arda Zincir,DZB,Cuma,17:30/20:29,,60,45,,"MEN_LS, MTM_LS",,
24641,GMI 213E,GMI,LS,Thermodynamics,,Veysi Başhan,DZB,Pazartesi,13:30/16:29,,60,16,,MEN_LS,,
24642,GMI 214E,GMI,LS,Hydraulic and Pneumatic,,Kemal Demirel,DZB,Salı,13:30/16:29,,60,37,,MEN_LS,,
24643,GMI 225E,GMI,LS,Marine Diesel Engines I,,Cumali Seçkin Mengeçin,DZB,Pazartesi,09:30/12:29,,60,33,,MEN_LS,,
24645,KIM 232L,KIM,LS,Organik Kimya Lab. II,,Tuba Çakır Çanak,FEB | FEB,Cuma | Cuma,11:30/12:59 | 14:00/17:29,LAB-G | LAB-G,35,14,,KIM_LS,,
24646,KIM 210E,KIM,LS,Intro to Polymer Chemistry,,Barış Kışkan,FEB,Pazartesi,14:30/17:29,D205,25,12,,"BIO_LS, BIOE_LS, KIM_LS, KIM_YD, KIME_LS, TEK_LS, TEKE_LS",,
24647,GMI 228E,GMI,LS,Basic Electronics,,Tayfun Uyanık,DZB,Perşembe,10:30/12:29,,60,56,,"MEN_LS, MTM_LS",,
24648,GMI 256E,GMI,LS,Electrotechnics,,Tayfun Uyanık,DZB,Perşembe,14:30/17:29,,60,18,,MEN_LS,,
24649,GMI 223E,GMI,LS,Machine Elements,,Ömer Berkehan İnal,DZB,Cuma,10:30/12:29,,60,14,,MEN_LS,,
24650,GMI 243E,GMI,LS,Marine Environmental Chemistry,,Yasin Arslanoğlu,DZB | DZB,Salı | Çarşamba,10:30/12:29 | 17:30/18:29,,60,18,,MEN_LS,,
24651,MEN 331,MEN,LS,Workshop Training-II,,Cumali Seçkin Mengeçin,,,-/-,,60,11,,MEN_LS,,
24652,MTM 341,MTM,LS,Onboard Training-II,,Selim Aksoy,,,-/-,,60,16,,MTM_LS,,
24653,GMI 393E,GMI,LS,Long Term Sea Training (6 ay),,Cumali Seçkin Mengeçin,,,-/-,,60,19,,MEN_LS,,
24654,DUI 393E,DUI,LS,Long Term SeaTraining(6Months),,Selim Aksoy,,,-/-,,60,27,,MTM_LS,,
24655,MTM 302,MTM,LS,Onboard Training-III,,Selim Aksoy,,,-/-,,60,4,,MTM_LS,,
24656,MST 461,MST,LS,Terminal & Tanker Operations,,Tanzer Satır,DZB,Salı,15:30/17:29,,60,17,,"MEN_LS, MTM_LS, NAE_LS",,
24657,MEN 412,MEN,LS,Engine Room Simulator (ERS) II,,Kemal Demirel,DZB,Perşembe,08:30/11:29,,15,12,,MEN_LS,,
24658,MEN 412,MEN,LS,Engine Room Simulator (ERS) II,,Kemal Demirel,DZB,Perşembe,14:30/17:29,,15,10,,MEN_LS,,
24659,MEN 402,MEN,LS,Graduation Design Project,,Selim Aksoy,,,-/-,,60,21,,MEN_LS,,
24660,MTM 412,MTM,LS,Ship Management and Leadership,,Cemil Yurtören,DZB | DZB,Çarşamba | Çarşamba,12:30/15:29 | 17:30/18:29,,40,18,,MTM_LS,,
24661,MST 432,MST,LS,Commercial Ship Management,,Özcan Arslan,DZB,Çarşamba,08:30/10:29,,60,15,,"MEN_LS, MTM_LS, NAE_LS",,
24662,MST 402,MST,LS,Mar.Sec. & Quality Manag. Sys,,İsmail Kandemir,DZB,Cuma,10:30/12:29,,60,24,,"MEN_LS, MTM_LS",,
24663,ENR 401,ENR,LS,Refrigeration& HVAC Systems,,Yalçın Durmuşoğlu,DZB,Salı,08:30/10:29,,60,21,,MEN_LS,,
24664,MST 422,MST,LS,Maritime Law II,,Nuri Koray Kurun,DZB,Cuma,14:30/17:29,,60,14,,"MEN_LS, MTM_LS, NAE_LS",,
24665,MST 272,MST,LS,Marit. Human Resources Manag.,,Leyla Tavacıoğlu,DZB,Pazartesi,08:30/10:29,,60,19,,"MEN_LS, MTM_LS",,
24666,MST 441,MST,LS,Deck Machinery,,Ömer Berkehan İnal,DZB,Cuma,08:30/10:29,,60,20,,"MEN_LS, MTM_LS, NAE_LS",,
24669,BEB 116,BEB,LS,Badminton Temel Beceri Eğitimi,,Murat Bilgin,SLN-M,Salı,10:30/12:29,,12,9,,"BIO_LS, BLG_LS, BST_LS, CAB_3T_LS, CAB_4T_LS, CAB_BG_LS, CAB_DL_LS, CAB_DS_LS, CAB_KA_LS, CAB_KE_LS, CAB_KL_LS, CAB_KM_LS, CAB_KO_LS, CAB_LS, CAB_ME_LS, CAB_NE_LS, CAB_TN_LS, CAB_UD_LS, CAB_VC_LS, CAB_VI_LS, CAB_VS_LS, CEB_LS, CEV_LS, CHZ_LS, DEN_LS, EHB_LS, ELE_LS, ELH_LS, ELK_LS, END_LS, ENT_LS, EUT_LS, FIZ_LS, GEM_LS, GEO_LS, GID_LS, HTA_LS, HTAE_LS, IBM_LS, ICM_LS, IML_LS, INS_LS, ISL_LS, JEF_LS, KIM_LS, KMM_LS, KMP_LS, KOM_LS, KON_LS, MAD_LS, MAK_LS, MAT_LS, MET_LS, MIM_LS, MTO_LS, MTR_LS, MUT_LS, MUZ_LS, MZT_LS, PEM_LS, PET_LS, PETE_LS, ROS_LS, ROSE_LS, SBP_LS, SECE_LS, SES_LS, SES_TH_LS, SES_TS_LS, TEB_LS, TEK_LS, TEL_LS, THO_LS, UCK_LS, UZB_LS, VBAE_LS",,
24670,MTM 402,MTM,LS,Graduation Design Project,,Selim Aksoy,,,-/-,,60,13,,MTM_LS,,
24671,MST 462,MST,LS,Seafarer's Health and Safety,,Esma Uflaz,DZB,Perşembe,11:30/13:29,,60,16,,"MEN_LS, MTM_LS, NAE_LS",,
24672,MST 451,MST,LS,Marine Insurance,,Sinan Çakır,DZB,Salı,13:30/15:29,,60,22,,"MEN_LS, MTM_LS, NAE_LS",,
24697,MMD 244E,MMD,LS,Macroeconomics,,Ayşe Aylin Bayar,ISB,Çarşamba,09:30/12:29,210,50,30,,MMD_LS,,
24698,DFH 172E,DFH,LS,Maritime English I,,Seda Çınar Alabay,DZB,Perşembe,13:30/15:29,,60,21,,MMD_LS,,
24699,DUI 103E,DUI,LS,Seamanship,,Furkan Gümüş,DZB,Perşembe,08:30/12:29,,50,24,,MMD_LS,,
24700,MMD 204E,MMD,LS,Maritime Law,,Cavit Memişoğlu,MED,Cuma,09:30/12:29,A34,50,20,,MMD_LS,,
24704,MMD 424E,MMD,LS,Shipping Law,,Cavit Memişoğlu,MED,Cuma,14:00/16:59,A13,50,23,,MMD_LS,,
24707,DFH 414E,DFH,LS,Port Management,,Muhittin Orhan,DZB,Pazartesi,14:30/16:29,,50,20,,MMD_LS,,
24709,MMD 206E,MMD,LS,Cargo Operations,,Furkan Gümüş,DZB,Pazartesi,12:30/14:29,,50,20,,MMD_LS,,
24711,MMD 208E,MMD,LS,İnternational Trade Policies,,Ayşe Aylin Bayar,MSB,Salı,14:30/17:29,203,50,24,,MMD_LS,,
24715,MMD 302E,MMD,LS,Brokering and Chartering,,Gökalp Tahmaz,MED,Perşembe,15:30/17:29,A35,50,17,,MMD_LS,,
24718,MMD 304E,MMD,LS,Maritime Insurance Law,,Metin Uğur AYTEKİN,MED,Salı,11:30/14:29,A35,50,9,,MMD_LS,,
24719,MMD 306E,MMD,LS,Strategic Management,,Pelin Bolat,DZB,Pazartesi,14:30/16:29,,50,6,,MMD_LS,,
24720,MMD 318E,MMD,LS,Navigation and Meteorology,,Furkan Gümüş,DZB,Pazartesi,16:30/17:29,,50,21,,MMD_LS,,
24721,DFH 472E,DFH,LS,Commercial Ship Management,,Ahmet Yaşar Canca,MED,Perşembe,11:30/14:29,A35,50,12,,MMD_LS,,
24722,MMD 310E,MMD,LS,Logistics Information System,,Fırat Bolat,DZB | DZB,Çarşamba | Çarşamba,08:30/10:29 | 13:30/14:29,,50,6,,MMD_LS,,
24724,MMD 320E,MMD,LS,E-Commerce,,Muhittin Orhan,DZB,Pazartesi,08:30/11:29,,50,3,,MMD_LS,,
24725,MMD 321E,MMD,LS,Quality Management in Maritime,,Ahmet Yaşar Canca,MED,Perşembe,08:30/11:29,A35,50,4,,MMD_LS,,
24726,MMD 322E,MMD,LS,Innovation & Entrepreneurship,,"Özcan Arslan , / Gizem Çevik",DZB,Cuma,09:30/12:29,,50,4,,MMD_LS,,
24727,MMD 323E,MMD,LS,Ship Insurance Law,,Metin Uğur AYTEKİN,MED,Salı,08:30/11:29,A31,50,5,,MMD_LS,,
24728,MMD 324E,MMD,LS,Advanced Statistics,,-,DZB,Pazartesi,11:30/14:29,,0,0,,MMD_LS,,
24729,MMD 326E,MMD,LS,Inter. Relationship&Politics,,-,DZB,Çarşamba,10:30/13:29,,0,0,,MMD_LS,,
24745,MEN 302,MEN,LS,Onboard Training,,Cumali Seçkin Mengeçin,,,-/-,,30,3,,MEN_LS,,
24746,EFN 202E,EFN,LS,Intermediate Macroeconomics,,Derya Gültekin,MSB,Perşembe,13:30/17:29,103,50,38,,EFN_LS,,
24747,IAD 104E,IAD,LS,History&Theo.in Inte. Archit.I,,Betül Gelengül Ekimci,MED,Salı,13:30/16:29,,50,6,,IAD_LS,,
24748,IAD 205E,IAD,LS,History&Theo.inInte.Archit.III,,Betül Gelengül Ekimci,MED,Salı,08:30/11:29,,50,20,,IAD_LS,,
24749,DUI 4901,DUI,LS,Deniz Ulaş.&İşlet.Müh. Tas. I,,Esma Uflaz,,,-/-,,30,30,,DUI_LS,,
24750,DFH 172E,DFH,LS,Maritime English I,,Seda Çınar Alabay,DZB,Cuma,08:30/10:29,,60,22,,DUI_LS,,
24751,DFH 172E,DFH,LS,Maritime English I,,Seda Çınar Alabay,DZB,Salı,13:30/15:29,,60,11,,DUI_LS,,
24752,RUS 101,RUS,LS,Russian I,,Ekaterına Bal,MED,Cuma,08:30/12:29,,26,26,,"ARC_LS, BIOE_LS, BLG_LS, BLGE_LS, CEN_LS, CEV_LS, CEVE_LS, CHZ_LS, DEN_LS, DUI_LS, ECNE_LS, EFN_LS, EHB_LS, EHBE_LS, EHS_LS, ELK_LS, ELKE_LS, END_LS, ENDE_LS, ENTE_LS, EUTE_LS, FIZ_LS, GEM_LS, GEO_LS, GEOE_LS, GID_LS, GMI_LS, HTA_LS, HTAE_LS, IAD_LS, IBM_LS, ICM_LS, IML_LS, IND_LS, INS_LS, INSE_LS, ISL_LS, ISLE_LS, JEF_LS, JEO_LS, KIM_LS, KMM_LS, KOM_LS, KOME_LS, MAD_LS, MAK_LS, MAT_LS, MET_LS, METE_LS, MIM_LS, MIME_LS, MMD_LS, MTM_LS, MTO_LS, NAE_LS, PEME_LS, PETE_LS, ROS_LS, ROSE_LS, SAO_OL, SBP_LS, SBPE_LS, SECE_LS, TEKE_LS, TEL_LS, UCK_LS, UZBE_LS, VBAE_LS, YZVE_LS",,
24754,NAE 102E,NAE,LS,Ship Geometry,,Murat Durmaz,MEDC,Perşembe,13:30/16:29,1D4,50,44,,NAE_LS,,
24755,GEM 204E,GEM,LS,Thermodynamics,,Halil Saraçoğlu,MEDC,Perşembe,13:30/17:29,2D13,50,32,,NAE_LS,,
24756,MUK 204E,MUK,LS,Strength of Materials II,,İbrahim Tuğrul Ardıç,INB,Salı,08:30/11:29,A304,50,45,,NAE_LS,,
24757,GEM 216E,GEM,LS,Heat Transfer In Engineering,,Murat Durmaz,MEDC,Çarşamba,12:30/15:29,1D5,50,49,,NAE_LS,,
24758,GEM 324E,GEM,LS,Strength of Ships,,Ahmet Ergin,MEDC | MEDC,Pazartesi | Çarşamba,13:30/15:29 | 13:30/15:29,1D3 | 2D15,50,24,,NAE_LS,,
24759,GEM 326E,GEM,LS,Ship Design,,Cihad Delen,MEDC,Pazartesi,08:30/12:29,3BİL1,50,17,,NAE_LS,,
24760,UCK 488,UCK,LS,Uçak Sistemleri,,Atilla Coşkun,MEDC,Cuma,14:30/17:29,1D4,45,52,,"UCK_LS, UZB_LS",,
24761,GEM 332E,GEM,LS,Electrical Systems in Ships,,Ali Sinan Çabuk,EEB,Salı,14:30/16:29,5103,50,23,,NAE_LS,,
24762,BIL 112E,BIL,LS,Intr.to Prog.Language(FORTRAN),,Mehmet Kerim Ramazanoğlu,FEB,Perşembe,13:30/16:29,OBL3,50,47,,"FIZ_LS, FIZE_LS",,
24763,GEM 328E,GEM,LS,Ship Hydrodynamics(Propulsion),,Şakir Bal,MEDC | MEDC,Çarşamba | Cuma,08:30/10:29 | 10:30/11:29,2D13 | 2D13,50,5,,NAE_LS,,
24764,MST 222,MST,LS,Marine Electronics,,Ali Sinan Çabuk,EEB,Salı,11:30/14:29,5103,50,2,,"MEN_LS, MTM_LS, NAE_LS",,
24765,ENR 351,ENR,LS,Mechatronics,,Ali Sinan Çabuk,EEB,Çarşamba,11:30/13:29,5103,50,7,,"MEN_LS, NAE_LS",,
24766,HSS 341,HSS,LS,Engineering Ethics,,Ali Sinan Çabuk,EEB,Salı,16:30/18:29,5103,50,2,,NAE_LS,,
24770,MST 413,MST,LS,Shipyard Organization,,Erdem Üçer,MEDC,Pazartesi,10:30/12:29,1D9,50,13,,"MEN_LS, MTM_LS, NAE_LS",,
24772,NAE 412,NAE,LS,Ship Design Project II,,Murat Durmaz,MEDC,Çarşamba,10:30/12:29,2D17,50,15,,NAE_LS,,
24773,NAE 201,NAE,LS,Practical Training-I,,Murat Durmaz,,,-/-,,50,9,,NAE_LS,,
24774,NAE 301,NAE,LS,Practical Training-II,,Murat Durmaz,,,-/-,,50,9,,NAE_LS,,
24775,NAE 401,NAE,LS,Practical Training-III,,Murat Durmaz,,,-/-,,50,10,,NAE_LS,,
24776,NAE 402,NAE,LS,Graduation Design Project,,Murat Durmaz,,,-/-,,50,19,,NAE_LS,,
24787,MAL 201E,MAL,LS,Materials Science,,Erçin Çağan Duran,KMB,Cuma,14:30/17:29,D203,55,72,,"ISL_LS, ISLE_LS",,
24788,MRE 472,MRE,LS,Engine Room Simulator II,,-,DZB,Salı,08:30/13:29,,0,0,,SGM_LS,,
24789,GMI 474E,GMI,LS,Quality&Safety Management Sys.,,Metin Çelik,DZB,Perşembe,08:30/10:29,,20,13,,GMI_LS,,
24802,BEB 118,BEB,LS,Genel Kond.ve Vücut Geliştirme,,-,SYM,Pazartesi,08:30/10:29,,0,0,,"BIO_LS, BLG_LS, BST_LS, CAB_3T_LS, CAB_4T_LS, CAB_BG_LS, CAB_DL_LS, CAB_DS_LS, CAB_KA_LS, CAB_KE_LS, CAB_KL_LS, CAB_KM_LS, CAB_KO_LS, CAB_LS, CAB_ME_LS, CAB_NE_LS, CAB_TN_LS, CAB_UD_LS, CAB_VC_LS, CAB_VI_LS, CAB_VS_LS, CEB_LS, CEV_LS, CHZ_LS, DEN_LS, EHB_LS, ELE_LS, ELH_LS, ELK_LS, END_LS, ENT_LS, EUT_LS, FIZ_LS, GEM_LS, GEO_LS, GID_LS, HTA_LS, HTAE_LS, IBM_LS, ICM_LS, IML_LS, INS_LS, ISL_LS, JEF_LS, KIM_LS, KMM_LS, KMP_LS, KOM_LS, KON_LS, MAD_LS, MAK_LS, MAT_LS, MET_LS, MIM_LS, MTO_LS, MTR_LS, MUT_LS, MUZ_LS, MZT_LS, PEM_LS, PET_LS, PETE_LS, ROS_LS, ROSE_LS, SBP_LS, SECE_LS, SES_LS, SES_TH_LS, SES_TS_LS, TEB_LS, TEK_LS, TEL_LS, THO_LS, UCK_LS, UZB_LS, VBAE_LS",,
24803,BEB 118,BEB,LS,Genel Kond.ve Vücut Geliştirme,,Yaşar Volkan Arıncı,SYM,Cuma,08:30/10:29,,15,4,,"BIO_LS, BLG_LS, BST_LS, CAB_3T_LS, CAB_4T_LS, CAB_BG_LS, CAB_DL_LS, CAB_DS_LS, CAB_KA_LS, CAB_KE_LS, CAB_KL_LS, CAB_KM_LS, CAB_KO_LS, CAB_LS, CAB_ME_LS, CAB_NE_LS, CAB_TN_LS, CAB_UD_LS, CAB_VC_LS, CAB_VI_LS, CAB_VS_LS, CEB_LS, CEV_LS, CHZ_LS, DEN_LS, EHB_LS, ELE_LS, ELH_LS, ELK_LS, END_LS, ENT_LS, EUT_LS, FIZ_LS, GEM_LS, GEO_LS, GID_LS, HTA_LS, HTAE_LS, IBM_LS, ICM_LS, IML_LS, INS_LS, ISL_LS, JEF_LS, KIM_LS, KMM_LS, KMP_LS, KOM_LS, KON_LS, MAD_LS, MAK_LS, MAT_LS, MET_LS, MIM_LS, MTO_LS, MTR_LS, MUT_LS, MUZ_LS, MZT_LS, PEM_LS, PET_LS, PETE_LS, ROS_LS, ROSE_LS, SBP_LS, SECE_LS, SES_LS, SES_TH_LS, SES_TS_LS, TEB_LS, TEK_LS, TEL_LS, THO_LS, UCK_LS, UZB_LS, VBAE_LS",,
24813,PEM 120E,PEM,LS,Natural Systems &Design,,Meltem Erdem Kaya,MMB,Cuma,14:00/15:59,227,90,58,,"PEM_LS, PEME_LS",,
24815,FIZ 214EL,FIZ,LS,Wave Physics Laboratory,,Ali Gelir,FEB,Salı,15:30/17:29,,20,11,,"FIZ_LS, FIZE_LS",,
24817,FIZ 214EL,FIZ,LS,Wave Physics Laboratory,,Ali Gelir,FEB,Perşembe,13:30/15:29,,20,11,,"FIZ_LS, FIZE_LS",,
24819,SBP 346E,SBP,LS,Transformation of Urban Systems,,Aysu Uzsayılır,MMB,Perşembe,13:30/16:29,216,35,15,,"SBP_LS, SBP_YD, SBPE_LS",,
24820,SBP 344,SBP,LS,Şehir Yenileme,,Aysu Uzsayılır,MMB,Perşembe,13:30/15:29,,10,9,,SBP_LS,,
24829,ISE 112,ISE,LS,Discrete Mathematics,,Mehmet Keskinöz,BBB,Salı,13:30/16:29,104,30,27,,SBL_LS,,
24830,EEF 221E,EEF,LS,Basics of Elec. Circuits Lab.,,Mehmet Ali Sönmez,EEB,Salı,10:30/12:29,,144,88,,"EEE_LS, EHB_LS, EHBE_LS, ELK_LS, ELKE_LS, KOM_LS, KOME_LS",,
24831,EEF 221E,EEF,LS,Basics of Elec. Circuits Lab.,,Mehmet Ali Sönmez,EEB,Pazartesi,10:30/12:29,,144,141,,"EEE_LS, EHB_LS, EHBE_LS, ELK_LS, ELKE_LS, KOM_LS, KOME_LS",,
24832,ISE 305,ISE,LS,Database Systems,,Ahmet Cüneyd Tantuğ,BBB,Çarşamba,12:30/15:29,Z-22,30,12,,SBL_LS,,
24834,ISE 307,ISE,LS,IT Systems Analysis and Design,,Ali Çakmak,BBB,Salı,13:30/16:29,Z-22,30,8,,SBL_LS,,
24835,GED 103,GED,LS,Intr.to World Affairs,,Umut Uzer,BBB,Çarşamba,08:30/11:29,Z-22,30,29,,"SBL_LS, SED_LS",,
24836,ISE 313,ISE,LS,WEB-Design & Management Tools,,Mustafa Ersel Kamaşak,BBB,Çarşamba,08:30/11:29,Z-23,30,10,,SBL_LS,,
24837,ISE 316,ISE,LS,Informatics Ethics & Law,,Sefer Baday,BBB,Perşembe,13:30/16:29,101,30,9,,SBL_LS,,
24838,ISE 102,ISE,LS,Programming I,,Deniz Turgay Altılar,BBB | BBB | 104,Cuma | Cuma,11:00/12:59 | 14:00/16:59,,30,26,,SBL_LS,,
24839,GEO 292,GEO,LS,Geomatik Projesi 10,,Doğuş Güler,INB | INB,Cuma | Cuma,08:30/11:29 | 14:30/17:29,,10,4,,"GEO_LS, HTA_LS",,
24840,ITB 202,ITB,LS,Dünya Tarihi,,Ebubekir Ceylan,FEB,Salı,14:30/17:29,D201,30,24,,"BIO_LS, BLG_LS, BST_LS, CAB_3T_LS, CAB_4T_LS, CAB_BG_LS, CAB_DL_LS, CAB_DS_LS, CAB_KA_LS, CAB_KE_LS, CAB_KL_LS, CAB_KM_LS, CAB_KO_LS, CAB_LS, CAB_ME_LS, CAB_NE_LS, CAB_TA_LS, CAB_TN_LS, CAB_UD_LS, CAB_VC_LS, CAB_VI_LS, CAB_VS_LS, CEB_LS, CEV_LS, CHZ_LS, DEN_LS, DUI_LS, EHB_LS, ELE_LS, ELH_LS, ELK_LS, END_LS, ENT_LS, EUT_LS, FIZ_LS, GEM_LS, GEO_LS, GID_LS, GMI_LS, HTA_LS, IBM_LS, ICM_LS, IML_LS, INS_LS, ISL_LS, JEF_LS, JEO_LS, KIM_LS, KMM_LS, KMP_LS, KOM_LS, KON_LS, MAD_LS, MAK_LS, MAT_LS, MET_LS, MIM_LS, MTO_LS, MTR_LS, MUT_LS, MUZ_LS, MZT_LS, PEM_LS, PET_LS, ROS_LS, SAO_OL, SBP_LS, SES_LS, SES_TH_LS, SES_TS_LS, TEB_LS, TEK_LS, TEL_LS, THO_LS, UCK_LS, UZB_LS",,
24841,END 449,END,LS,End. Müh. Uyg. Seminer Dersi,,Ayberk Soyer,ISB,Cuma,14:30/17:29,,5,5,,"END_LS, ENDE_LS",,
24866,MUZ 342,MUZ,LS,Seminer II,,Serkan Şener,TMB,Salı,08:30/10:29,,13,7,,MUZ_LS,,
24867,MUZ 402,MUZ,LS,Müzik Tarihi VIII,,Şeyma Ersoy Çak,TMB,Salı,13:30/15:29,,10,9,,MUZ_LS,,
24869,MUT 463,MUT,LS,Serbest Proje Çalışması III,,Tuğcan Yeşiltepe,,,-/-,,5,1,,MUT_LS,,
24870,SES 408,SES,LS,Yöre Ağızları IV,,Deniz Güneş,TMB | TMB,Pazartesi | Perşembe,08:30/10:29 | 08:30/10:29,,10,3,,SES_LS,,
24872,ISH 202E,ISH,LS,Introduction to Heat Transfer,,Mustafa Sertbaş,KMB,Perşembe,08:30/11:29,D303,50,36,,"ISL_LS, ISLE_LS",,
24889,PEM 4902E,PEM,LS,Graduation Project,,-,,,-/-,,0,0,,"PEM_LS, PEME_LS",,
24891,MTH 401E,MTH,LS,RISC-V Architecture &Processor,,"Müştak Erhan Yalçın , / Hasan Erdem Yantır",EEB,Çarşamba,12:30/15:29,5205,50,22,,"EHB_LS, EHBE_LS, ELK_LS, ELKE_LS",,
24892,MAL 201E,MAL,LS,Materials Science,,Hasan Nuri Türkmenoğlu,EEB,Cuma,08:30/11:29,2102,50,48,,"EEE_LS, EHB_LS, EHBE_LS, ELK_LS, ELKE_LS, KOM_LS, KOME_LS, ROS_LS, ROSE_LS",,
24893,MAL 201E,MAL,LS,Materials Science,,Hakan Nuri Atahan,EEB,Çarşamba,08:30/11:29,2104,50,37,,"EEE_LS, EHB_LS, EHBE_LS, ELK_LS, ELKE_LS, KOM_LS, KOME_LS, ROS_LS, ROSE_LS",,
24894,DNK 201,DNK,LS,Dinamik,,Erol Demirkan,EEB,Salı,12:30/15:29,5202,90,94,,"DEN_LS, DENE_LS, DUI_LS, DUIE_LS, EEE_LS, EHB_LS, EHBE_LS, ELE_LS, ELH_LS, ELK_LS, ELKE_LS, FIZ_LS, FIZE_LS, GEM_LS, GEME_LS, GEMK_LS, GMI_LS, GMIE_LS, INS_LS, INS_MTM_LS, INS_MTM_YO, INS_MTM_YRT, INSE_LS, JEO_LS, JEOE_LS, KOM_LS, KOME_LS, KON_LS, MAD_LS, MAK_YD, MAT_LS, MATE_LS, MKN_YD_EL, MKN_YD_MK, MTM_LS, MTO_LS, NAE_LS, PETE_LS, ROS_LS, TEK_LS, TEL_LS, UCK_LS, UCK_YD, UZB_LS, UZBE_LS",,
24895,DNK 201E,DNK,LS,Dynamics,,Sedat Kömürcü,EEB,Cuma,14:00/16:59,2104,50,74,,"EEE_LS, EHB_LS, EHBE_LS, ELK_LS, ELKE_LS, KOM_LS, KOME_LS, ROS_LS, ROSE_LS",,
24896,STA 204E,STA,LS,Statics&Strength of Materials,,-,EEB,Çarşamba,12:30/15:29,,0,0,,"EHB_LS, EHBE_LS, ELK_LS, ELKE_LS, KOM_LS, KOME_LS, ROS_LS, ROSE_LS",,
24897,ELK 463E,ELK,LS,Overvolt. & Insulation Coord.,,Suat İlhan,EEB,Pazartesi,12:30/15:29,5201,50,35,,"ELK_LS, ELKE_LS",,
24898,ELK 406,ELK,LS,Elektrik Enerjisi Dağıtımı,,Ömer Gül,EEB,Salı,08:30/11:29,5305,35,28,,ELK_LS,,
24899,BIL 112E,BIL,LS,Intr.to Prog.Language(FORTRAN),,Ahmet Öztopal,INB,Pazartesi,11:30/14:29,D100,24,25,,"IBM_LS, MTO_LS",,
24909,PEM 492E,PEM,LS,Graduation Project,,Meltem Erdem Kaya,,,-/-,,100,2,,"PEM_LS, PEME_LS",,
24910,ING 201,ING,LS,English III,,Gamze Moran,EEB,Pazartesi,08:30/11:29,1303,30,18,,"EHN_LS, SBP_LS",,
24925,MAK 202E,MAK,LS,Numerical Meth.for Mech. Eng.,,Abdussamet Subaşı,MKB | MKB,Çarşamba | Çarşamba,08:30/10:29 | 12:30/13:29,D318 | D318,100,98,,"IML_LS, MAK_LS, MAK_MTM_LS",,
24946,DFH 278E,DFH,LS,Maritime Economics,,Rofaida Benotsmane,ISB,Salı,09:30/11:29,107,50,24,,MMD_LS,,
24947,EFN 205E,EFN,LS,Business Finance,,Ahmet Göncü,ISB,Perşembe,08:30/11:29,107,50,42,,EFN_LS,,
24974,DAN 102,DAN,LS,Girişimcilik & Kariyer Danış.,,İbrahim Özçeşmeci,FEB,Çarşamba,15:30/17:29,,200,70,,"KIM_LS, KIME_LS",,
24975,GEM 418E,GEM,LS,Corrsn & Fouling In Marine Env,,Metin Taylan,MEDC,Perşembe,13:30/15:29,2D11,50,11,,NAE_LS,,
24977,GEM 438E,GEM,LS,Stability of Ships,,Metin Taylan,MEDC,Cuma,08:30/10:29,1D5,50,13,,NAE_LS,,
24981,FIZ 446E,FIZ,LS,Particle Physics,,Mehmet Özkan,FEB,Perşembe,13:30/16:29,D101,30,9,,"FIZ_LS, FIZE_LS",,
24982,MAT 368E,MAT,LS,Mathematical Modeling,,Ersin Özuğurlu,FEB,Cuma,14:30/17:29,D206,40,40,,MAT_LS,,
24983,ICM 449E,ICM,LS,Interior Arch.Desgn Studio IV,,Ervin Garip,MMB | MMB,Pazartesi | Perşembe,13:30/17:29 | 13:30/17:29,,3,2,,"IAD_LS, ICM_LS",,
24984,ICM 4902E,ICM,LS,Graduation Project,,"Ethem Gürer , / Orkan Zeynel Güzelci",,,-/-,,100,9,,ICM_LS,,
25007,IAD 374E,IAD,LS,Profesional Practice,,Betül Gelengül Ekimci,MED,Pazartesi,08:30/12:29,,50,16,,IAD_LS,,
25008,CHE 301,CHE,LS,Chemistry II,,Muhammet Übeydullah Kahveci,KMB | FEB,Pazartesi | Perşembe,08:30/11:29 | 08:30/10:29,D104 | LAB-C,40,6,,MBI_LS,,
25009,MTO 351E,MTO,LS,Hydrometeorology,,"Sevinç Asilhan , / Elçin Tan",MEDC,Perşembe,14:30/17:29,2D16,10,1,,"IBM_LS, MTO_LS, MTOE_LS",,
25010,INS 218E,INS,LS,Strength of Materials II,,Semih Küçükarslan,INB | INB,Salı | Cuma,13:30/15:29 | 10:30/12:29,B303 | B203,55,26,,"INS_LS, INSE_LS",,
25011,INS 4077E,INS,LS,Dsgn.of Water Supp.&Sewer Sys.,,"Mehmet Cüneyd Demirel , / Mehmet Emin Paşaoğlu",INB,Perşembe,13:30/16:29,A305,60,36,,"AIN_LS, INS_LS, INSE_LS",,
25012,MYZ 303E,MYZ,LS,Artificial Intelligence in Civil Engineering,,Murat Yılmaz,INB,Cuma,14:00/16:59,A103,40,44,,"AIN_LS, INS_LS, INSE_LS",,
25013,CIE 308,CIE,LS,Engineering Statistics,,Kemal Selçuk Öğüt,INB,Cuma,09:00/11:59,B304,30,3,,SIN_LS,,
25014,MAK 311E,MAK,LS,Heat Transfer,,Sevan Karabetoğlu,MDB,Pazartesi,11:30/14:29,A102,110,115,,"PET_LS, PETE_LS",,
25015,ELK 458E,ELK,LS,Electrical Engineering Project,,Mehmet Onur Gülbahçe,EEB,Çarşamba,08:30/11:29,1301,20,19,,"ELK_LS, ELKE_LS",,
25016,ING 201A,ING,LS,Essentials of Res.Paper Writ.,,Özge Seçkin Polat,MED,Cuma,10:30/12:29,,25,25,,"BIOE_LS, BLG_LS, BLGE_LS, CEV_LS, CEVE_LS, CHZ_LS, DEN_LS, ECNE_LS, EHB_LS, EHBE_LS, ELK_LS, ELKE_LS, END_LS, ENDE_LS, ENTE_LS, EUTE_LS, FIZ_LS, GEM_LS, GEO_LS, GEOE_LS, GID_LS, HTA_LS, HTAE_LS, IBM_LS, ICM_LS, INS_LS, INSE_LS, ISL_LS, ISLE_LS, JEF_LS, JEO_LS, KIM_LS, KMM_LS, KOM_LS, KOME_LS, MAD_LS, MAK_LS, MAT_LS, MET_LS, METE_LS, MIM_LS, MIME_LS, MTO_LS, PEME_LS, PETE_LS, ROS_LS, ROSE_LS, SAO_OL, SBP_LS, SBPE_LS, SECE_LS, TEKE_LS, UCK_LS, UZBE_LS, VBAE_LS, YZVE_LS",,
25017,INS 302E,INS,LS,Highway Engineering,,Oğuz Tengilimoğlu,INB,Salı,13:00/16:59,D202,58,79,,"AIN_LS, INS_LS, INSE_LS",,
25018,ING 201A,ING,LS,Essentials of Res.Paper Writ.,,Suzan Arıman,MED,Perşembe,08:30/10:29,,25,24,,"BIOE_LS, BLG_LS, BLGE_LS, CEV_LS, CEVE_LS, CHZ_LS, DEN_LS, ECNE_LS, EHB_LS, EHBE_LS, ELK_LS, ELKE_LS, END_LS, ENDE_LS, ENTE_LS, EUTE_LS, FIZ_LS, GEM_LS, GEO_LS, GEOE_LS, GID_LS, HTA_LS, HTAE_LS, IBM_LS, ICM_LS, INS_LS, INSE_LS, ISL_LS, ISLE_LS, JEF_LS, JEO_LS, KIM_LS, KMM_LS, KOM_LS, KOME_LS, MAD_LS, MAK_LS, MAT_LS, MET_LS, METE_LS, MIM_LS, MIME_LS, MTO_LS, PEME_LS, PETE_LS, ROS_LS, ROSE_LS, SAO_OL, SBP_LS, SBPE_LS, SECE_LS, TEKE_LS, UCK_LS, UZBE_LS, VBAE_LS, YZVE_LS",,
25019,ING 201A,ING,LS,Essentials of Res.Paper Writ.,,-,MED,Çarşamba,08:30/10:29,,0,0,,"BIOE_LS, BLG_LS, BLGE_LS, CEV_LS, CEVE_LS, CHZ_LS, DEN_LS, ECNE_LS, EHB_LS, EHBE_LS, ELK_LS, ELKE_LS, END_LS, ENDE_LS, ENTE_LS, EUTE_LS, FIZ_LS, GEM_LS, GEO_LS, GEOE_LS, GID_LS, HTA_LS, HTAE_LS, IBM_LS, ICM_LS, INS_LS, INSE_LS, ISL_LS, ISLE_LS, JEF_LS, JEO_LS, KIM_LS, KMM_LS, KOM_LS, KOME_LS, MAD_LS, MAK_LS, MAT_LS, MET_LS, METE_LS, MIM_LS, MIME_LS, MTO_LS, PEME_LS, PETE_LS, ROS_LS, ROSE_LS, SAO_OL, SBP_LS, SBPE_LS, SECE_LS, TEKE_LS, UCK_LS, UZBE_LS, VBAE_LS, YZVE_LS",,
25021,END 456E,END,LS,Analytical Credit Risk Management,,Mustafa Ceran,ISB,Çarşamba,09:30/12:29,109,65,54,,"END_LS, ENDE_LS, IND_LS",,
25022,GEO 452E,GEO,LS,3D Mod. with Rem. Sens. Data,,Adil Enis Arslan,INB,Çarşamba,08:30/10:29,B307,25,17,,"GEO_LS, GEOE_LS, HTA_LS, HTAE_LS",,
25027,ATA 101,ATA,LS,Atatürk İlk & İnkılap Trh I,,Pelin Helvacı,MED,Pazartesi,11:30/13:29,,50,27,,"EHN_LS, MSS_LS, SED_LS, SGI_LS, SIS_LS, SMT_LS, STP_LS",,
25028,ATA 102,ATA,LS,Atatürk İlk & İnkılap Trh II,,Ebubekir Ceylan,MED,Perşembe,11:30/13:29,,50,50,,"AIN_LS, EHN_LS, MBI_LS, MSS_LS, SBL_LS, SED_LS, SGM_LS, SIN_LS, SIS_LS, SMT_LS, STP_LS",,
25029,ATA 102,ATA,LS,Atatürk İlk & İnkılap Trh II,,Serap Sarıhan,MED,Perşembe,11:30/13:29,,50,53,,"AIN_LS, EHN_LS, MBI_LS, MSS_LS, SBL_LS, SED_LS, SGM_LS, SIN_LS, SIS_LS, SMT_LS, STP_LS",,
25030,ATA 102,ATA,LS,Atatürk İlk & İnkılap Trh II,,Barış Ertem,MED,Perşembe,11:30/13:29,,50,23,,"AIN_LS, EHN_LS, MBI_LS, MSS_LS, SBL_LS, SED_LS, SGM_LS, SIN_LS, SIS_LS, SMT_LS, STP_LS",,
25031,ING 201,ING,LS,English III,,Özlem Kurnaz,MEDC,Pazartesi,08:30/11:29,3D19,20,15,,SGI_LS,,
25032,MAT 185E,MAT,LS,Mathematics I,,Aybike Özer,FEB | FEB,Salı | Cuma,14:30/17:29 | 14:00/15:59,D101 | D202,60,32,,MAT_LS,,
25033,GEM 4901,GEM,LS,Gemi İnş.&Gemi Mak. Müh.Tas.I,,Selma Ergin,MEDB | MEDC,Çarşamba | Perşembe,10:30/13:29 | 10:30/13:29,102 | 2D17,80,7,,GEM_LS,,
25035,INS 344,INS,LS,Çelik Yapılar I,,-,INB | INB,Perşembe | Cuma,08:30/10:29 | 14:00/15:59,,0,0,,INS_LS,,
25036,YZV 495E,YZV,LS,Speech and Audio Processing,,Cenk Demiroğlu,BBB,Cuma,09:00/11:59,102,20,9,,YZVE_LS,,
25039,TUR 121,TUR,LS,Türk Dili I,,Ömer Tacir,MED,Çarşamba,10:30/12:29,,70,71,,"ARC_LS, BIO_LS, BIOE_LS, BLG_LS, BLGE_LS, BST_LS, CAB_3T_LS, CAB_4T_LS, CAB_BG_LS, CAB_DL_LS, CAB_DS_LS, CAB_KA_LS, CAB_KE_LS, CAB_KL_LS, CAB_KM_LS, CAB_KO_LS, CAB_LS, CAB_ME_LS, CAB_NE_LS, CAB_TA_LS, CAB_TN_LS, CAB_UD_LS, CAB_VC_LS, CAB_VI_LS, CAB_VS_LS, CEB_LS, CEN_LS, CEV_LS, CEVE_LS, CHZ_LS, CHZE_LS, DEN_LS, DENE_LS, ECNE_LS, EEE_LS, EFN_LS, EHB_LS, EHBE_LS, ELE_LS, ELH_LS, ELK_LS, ELKE_LS, END_LS, ENDE_LS, ENTE_LS, ESS_LS, EUT_LS, EUTE_LS, FIZ_LS, FIZE_LS, GEM_LS, GEME_LS, GEMK_LS, GEO_LS, GEOE_LS, GID_LS, GIDE_LS, HTA_LS, HTAE_LS, IAD_LS, IBM_LS, ICM_LS, IML_LS, IMLE_LS, IND_LS, INS_LS, INSE_LS, ISL_LS, ISLE_LS, JEF_LS, JEFE_LS, JEO_LS, JEOE_LS, KIM_LS, KIME_LS, KMM_LS, KMME_LS, KMP_LS, KOM_LS, KOME_LS, MAD_LS, MADE_LS, MAK_LS, MAKE_LS, MAT_LS, MATE_LS, MET_LS, METE_LS, MIM_LS, MIME_LS, MMD_LS, MTO_LS, MTOE_LS, MTR_LS, MUT_LS, MUZ_LS, MUZE_LS, MZT_LS, NAE_LS, PEM_LS, PEME_LS, PET_LS, PETE_LS, ROS_LS, ROSE_LS, SAO_OL, SBP_LS, SBPE_LS, SECE_LS, SES_LS, SES_TH_LS, SES_TS_LS, STP_LS, TEK_LS, TEKE_LS, TEL_LS, THO_LS, UCK_LS, UZB_LS, UZBE_LS, VBAE_LS, YZVE_LS",,
25040,TUR 121,TUR,LS,Türk Dili I,,Ömer Tacir,MED,Çarşamba,13:30/15:29,,70,84,,"ARC_LS, BIO_LS, BIOE_LS, BLG_LS, BLGE_LS, BST_LS, CAB_3T_LS, CAB_4T_LS, CAB_BG_LS, CAB_DL_LS, CAB_DS_LS, CAB_KA_LS, CAB_KE_LS, CAB_KL_LS, CAB_KM_LS, CAB_KO_LS, CAB_LS, CAB_ME_LS, CAB_NE_LS, CAB_TA_LS, CAB_TN_LS, CAB_UD_LS, CAB_VC_LS, CAB_VI_LS, CAB_VS_LS, CEB_LS, CEN_LS, CEV_LS, CEVE_LS, CHZ_LS, CHZE_LS, DEN_LS, DENE_LS, ECNE_LS, EEE_LS, EFN_LS, EHB_LS, EHBE_LS, ELE_LS, ELH_LS, ELK_LS, ELKE_LS, END_LS, ENDE_LS, ENTE_LS, ESS_LS, EUT_LS, EUTE_LS, FIZ_LS, FIZE_LS, GEM_LS, GEME_LS, GEMK_LS, GEO_LS, GEOE_LS, GID_LS, GIDE_LS, HTA_LS, HTAE_LS, IAD_LS, IBM_LS, ICM_LS, IML_LS, IMLE_LS, IND_LS, INS_LS, INSE_LS, ISL_LS, ISLE_LS, JEF_LS, JEFE_LS, JEO_LS, JEOE_LS, KIM_LS, KIME_LS, KMM_LS, KMME_LS, KMP_LS, KOM_LS, KOME_LS, MAD_LS, MADE_LS, MAK_LS, MAKE_LS, MAT_LS, MATE_LS, MET_LS, METE_LS, MIM_LS, MIME_LS, MMD_LS, MTO_LS, MTOE_LS, MTR_LS, MUT_LS, MUZ_LS, MUZE_LS, MZT_LS, NAE_LS, PEM_LS, PEME_LS, PET_LS, PETE_LS, ROS_LS, ROSE_LS, SAO_OL, SBP_LS, SBPE_LS, SECE_LS, SES_LS, SES_TH_LS, SES_TS_LS, STP_LS, TEK_LS, TEKE_LS, TEL_LS, THO_LS, UCK_LS, UZB_LS, UZBE_LS, VBAE_LS, YZVE_LS",,
25041,TUR 122,TUR,LS,Türk Dili II,,Ömer Tacir,MED,Salı,13:30/15:29,,55,54,,"ARC_LS, BIO_LS, BIOE_LS, BLG_LS, BLGE_LS, BST_LS, CAB_3T_LS, CAB_4T_LS, CAB_BG_LS, CAB_DL_LS, CAB_DS_LS, CAB_KA_LS, CAB_KE_LS, CAB_KL_LS, CAB_KM_LS, CAB_KO_LS, CAB_LS, CAB_ME_LS, CAB_NE_LS, CAB_TA_LS, CAB_TN_LS, CAB_UD_LS, CAB_VC_LS, CAB_VI_LS, CAB_VS_LS, CEB_LS, CEN_LS, CEV_LS, CEVE_LS, CHZ_LS, CHZE_LS, DEN_LS, DENE_LS, ECNE_LS, EEE_LS, EFN_LS, EHB_LS, EHBE_LS, ELE_LS, ELH_LS, ELK_LS, ELKE_LS, END_LS, ENDE_LS, ENTE_LS, ESS_LS, EUT_LS, EUTE_LS, FIZ_LS, FIZE_LS, GEM_LS, GEME_LS, GEMK_LS, GEO_LS, GEOE_LS, GID_LS, GIDE_LS, HTA_LS, HTAE_LS, IAD_LS, IBM_LS, ICM_LS, IML_LS, IMLE_LS, IND_LS, INS_LS, INSE_LS, ISL_LS, ISLE_LS, JEF_LS, JEFE_LS, JEO_LS, JEOE_LS, KIM_LS, KIME_LS, KMM_LS, KMME_LS, KMP_LS, KOM_LS, KOME_LS, MAD_LS, MADE_LS, MAK_LS, MAKE_LS, MAT_LS, MATE_LS, MET_LS, METE_LS, MIM_LS, MIME_LS, MMD_LS, MTO_LS, MTOE_LS, MTR_LS, MUT_LS, MUZ_LS, MUZE_LS, MZT_LS, NAE_LS, PEM_LS, PEME_LS, PET_LS, PETE_LS, ROS_LS, ROSE_LS, SAO_OL, SBP_LS, SBPE_LS, SECE_LS, SES_LS, SES_TH_LS, SES_TS_LS, STP_LS, TEK_LS, TEKE_LS, TEL_LS, THO_LS, UCK_LS, UZB_LS, UZBE_LS, VBAE_LS, YZVE_LS",,
25042,TUR 122,TUR,LS,Türk Dili II,,Ömer Tacir,MED,Salı,15:30/17:29,,55,58,,"ARC_LS, BIO_LS, BIOE_LS, BLG_LS, BLGE_LS, BST_LS, CAB_3T_LS, CAB_4T_LS, CAB_BG_LS, CAB_DL_LS, CAB_DS_LS, CAB_KA_LS, CAB_KE_LS, CAB_KL_LS, CAB_KM_LS, CAB_KO_LS, CAB_LS, CAB_ME_LS, CAB_NE_LS, CAB_TA_LS, CAB_TN_LS, CAB_UD_LS, CAB_VC_LS, CAB_VI_LS, CAB_VS_LS, CEB_LS, CEN_LS, CEV_LS, CEVE_LS, CHZ_LS, CHZE_LS, DEN_LS, DENE_LS, ECNE_LS, EEE_LS, EFN_LS, EHB_LS, EHBE_LS, ELE_LS, ELH_LS, ELK_LS, ELKE_LS, END_LS, ENDE_LS, ENTE_LS, ESS_LS, EUT_LS, EUTE_LS, FIZ_LS, FIZE_LS, GEM_LS, GEME_LS, GEMK_LS, GEO_LS, GEOE_LS, GID_LS, GIDE_LS, HTA_LS, HTAE_LS, IAD_LS, IBM_LS, ICM_LS, IML_LS, IMLE_LS, IND_LS, INS_LS, INSE_LS, ISL_LS, ISLE_LS, JEF_LS, JEFE_LS, JEO_LS, JEOE_LS, KIM_LS, KIME_LS, KMM_LS, KMME_LS, KMP_LS, KOM_LS, KOME_LS, MAD_LS, MADE_LS, MAK_LS, MAKE_LS, MAT_LS, MATE_LS, MET_LS, METE_LS, MIM_LS, MIME_LS, MMD_LS, MTO_LS, MTOE_LS, MTR_LS, MUT_LS, MUZ_LS, MUZE_LS, MZT_LS, NAE_LS, PEM_LS, PEME_LS, PET_LS, PETE_LS, ROS_LS, ROSE_LS, SAO_OL, SBP_LS, SBPE_LS, SECE_LS, SES_LS, SES_TH_LS, SES_TS_LS, STP_LS, TEK_LS, TEKE_LS, TEL_LS, THO_LS, UCK_LS, UZB_LS, UZBE_LS, VBAE_LS, YZVE_LS",,
25043,TUR 122,TUR,LS,Türk Dili II,,Ömer Tacir,MED,Perşembe,13:30/15:29,,55,57,,"ARC_LS, BIO_LS, BIOE_LS, BLG_LS, BLGE_LS, BST_LS, CAB_3T_LS, CAB_4T_LS, CAB_BG_LS, CAB_DL_LS, CAB_DS_LS, CAB_KA_LS, CAB_KE_LS, CAB_KL_LS, CAB_KM_LS, CAB_KO_LS, CAB_LS, CAB_ME_LS, CAB_NE_LS, CAB_TA_LS, CAB_TN_LS, CAB_UD_LS, CAB_VC_LS, CAB_VI_LS, CAB_VS_LS, CEB_LS, CEN_LS, CEV_LS, CEVE_LS, CHZ_LS, CHZE_LS, DEN_LS, DENE_LS, ECNE_LS, EEE_LS, EFN_LS, EHB_LS, EHBE_LS, ELE_LS, ELH_LS, ELK_LS, ELKE_LS, END_LS, ENDE_LS, ENTE_LS, ESS_LS, EUT_LS, EUTE_LS, FIZ_LS, FIZE_LS, GEM_LS, GEME_LS, GEMK_LS, GEO_LS, GEOE_LS, GID_LS, GIDE_LS, HTA_LS, HTAE_LS, IAD_LS, IBM_LS, ICM_LS, IML_LS, IMLE_LS, IND_LS, INS_LS, INSE_LS, ISL_LS, ISLE_LS, JEF_LS, JEFE_LS, JEO_LS, JEOE_LS, KIM_LS, KIME_LS, KMM_LS, KMME_LS, KMP_LS, KOM_LS, KOME_LS, MAD_LS, MADE_LS, MAK_LS, MAKE_LS, MAT_LS, MATE_LS, MET_LS, METE_LS, MIM_LS, MIME_LS, MMD_LS, MTO_LS, MTOE_LS, MTR_LS, MUT_LS, MUZ_LS, MUZE_LS, MZT_LS, NAE_LS, PEM_LS, PEME_LS, PET_LS, PETE_LS, ROS_LS, ROSE_LS, SAO_OL, SBP_LS, SBPE_LS, SECE_LS, SES_LS, SES_TH_LS, SES_TS_LS, STP_LS, TEK_LS, TEKE_LS, TEL_LS, THO_LS, UCK_LS, UZB_LS, UZBE_LS, VBAE_LS, YZVE_LS",,
25044,TUR 122,TUR,LS,Türk Dili II,,Ömer Tacir,MED,Perşembe,15:30/17:29,,55,57,,"ARC_LS, BIO_LS, BIOE_LS, BLG_LS, BLGE_LS, BST_LS, CAB_3T_LS, CAB_4T_LS, CAB_BG_LS, CAB_DL_LS, CAB_DS_LS, CAB_KA_LS, CAB_KE_LS, CAB_KL_LS, CAB_KM_LS, CAB_KO_LS, CAB_LS, CAB_ME_LS, CAB_NE_LS, CAB_TA_LS, CAB_TN_LS, CAB_UD_LS, CAB_VC_LS, CAB_VI_LS, CAB_VS_LS, CEB_LS, CEN_LS, CEV_LS, CEVE_LS, CHZ_LS, CHZE_LS, DEN_LS, DENE_LS, ECNE_LS, EEE_LS, EFN_LS, EHB_LS, EHBE_LS, ELE_LS, ELH_LS, ELK_LS, ELKE_LS, END_LS, ENDE_LS, ENTE_LS, ESS_LS, EUT_LS, EUTE_LS, FIZ_LS, FIZE_LS, GEM_LS, GEME_LS, GEMK_LS, GEO_LS, GEOE_LS, GID_LS, GIDE_LS, HTA_LS, HTAE_LS, IAD_LS, IBM_LS, ICM_LS, IML_LS, IMLE_LS, IND_LS, INS_LS, INSE_LS, ISL_LS, ISLE_LS, JEF_LS, JEFE_LS, JEO_LS, JEOE_LS, KIM_LS, KIME_LS, KMM_LS, KMME_LS, KMP_LS, KOM_LS, KOME_LS, MAD_LS, MADE_LS, MAK_LS, MAKE_LS, MAT_LS, MATE_LS, MET_LS, METE_LS, MIM_LS, MIME_LS, MMD_LS, MTO_LS, MTOE_LS, MTR_LS, MUT_LS, MUZ_LS, MUZE_LS, MZT_LS, NAE_LS, PEM_LS, PEME_LS, PET_LS, PETE_LS, ROS_LS, ROSE_LS, SAO_OL, SBP_LS, SBPE_LS, SECE_LS, SES_LS, SES_TH_LS, SES_TS_LS, STP_LS, TEK_LS, TEKE_LS, TEL_LS, THO_LS, UCK_LS, UZB_LS, UZBE_LS, VBAE_LS, YZVE_LS",,
25045,MIM 361E,MIM,LS,Archtctrl Survey & Restrtn Std,,Burçe İvedi Köksal,MMB,Cuma,14:00/17:59,,18,19,,"ARC_LS, MIM_LS, MIME_LS",,
25046,MIM 361,MIM,LS,Rölöve ve Restorasyon Stüdyosu,,Mahmut Çıngı Salman,MMB,Cuma,14:00/17:59,333,18,11,,MIM_LS,,
25047,MIM 361,MIM,LS,Rölöve ve Restorasyon Stüdyosu,,Onur Karahan,MMB,Cuma,14:00/17:59,,18,9,,MIM_LS,,
25048,MIM 204E,MIM,LS,Arch.Building Element Design,,Ayşe Nil Türkeri,MMB | MMB,Çarşamba | Çarşamba,09:30/12:29 | 13:30/15:29,CATI4 | CATI4,56,50,,"ARC_LS, MIME_LS",,
25049,MIM 484,MIM,LS,Uygulama Projesi,,Tarık Serhat Bozkurt,MMB | MMB,Salı | Cuma,08:30/12:29 | 08:30/12:29,3401 | 3401,16,19,,MIM_LS,,
25050,MIM 211E,MIM,LS,Architectural Design III,,Sema Alaçam,MMB | MMB,Pazartesi | Perşembe,13:30/17:29 | 13:30/17:29,,3,1,,"ARC_LS, MIM_LS, MIME_LS",,
25051,MIM 212E,MIM,LS,Architectural Design IV,,Sema Alaçam,MMB | MMB,Pazartesi | Perşembe,13:30/17:29 | 13:30/17:29,,17,17,,"ARC_LS, MIM_LS, MIME_LS",,
25053,RES 107E,RES,LS,Technical Drawing,,"Erçin Çağan Duran , / Yonca Alkan Göksu",KMB,Perşembe,08:30/11:29,D301,53,58,,"MET_LS, METE_LS",,
25054,RES 107E,RES,LS,Technical Drawing,,"Erçin Çağan Duran , / Yonca Alkan Göksu",KMB,Perşembe,13:30/16:29,D301,53,56,,"MET_LS, METE_LS",,
25056,DFH 203,DFH,LS,Temel Yüzme Becerisi,,Birgül Arslanoğlu,DZB,Cuma,08:30/10:29,,45,34,,"DUI_LS, GMI_LS",,
25058,DUI 407E,DUI,LS,Cargo Handl and Stowage,,Tanzer Satır,DZB,Çarşamba,12:30/15:29,,10,7,,DUI_LS,,
25059,DUI 213E,DUI,LS,Ship Constrct.and Stability,,Emre Kahramanoğlu,DZB,Salı,10:30/13:29,,20,18,,DUI_LS,,
25060,ING 100,ING,LS,EAP Through Global Goals,,Çağrı Lord,MED,Pazartesi,13:30/16:29,,20,19,,"ARC_LS, CEN_LS, EEE_LS, EFN_LS, IAD_LS, IND_LS, MMD_LS, NAE_LS",,
25061,ING 100,ING,LS,EAP Through Global Goals,,Çağla Tokyay,MED,Salı,08:30/11:29,,20,20,,"ARC_LS, CEN_LS, EEE_LS, EFN_LS, IAD_LS, IND_LS, MMD_LS, NAE_LS",,
25062,ING 112A,ING,LS,Basics of Academic Writing,,Çağrı Lord,MED,Salı,13:30/15:29,,30,30,,"ARC_LS, CEN_LS, EEE_LS, EFN_LS, IAD_LS, IND_LS, MMD_LS, NAE_LS",,
25063,ING 112A,ING,LS,Basics of Academic Writing,,Çağla Tokyay,MED,Çarşamba,13:30/15:29,,30,36,,"ARC_LS, CEN_LS, EEE_LS, EFN_LS, IAD_LS, IND_LS, MMD_LS, NAE_LS",,
25064,ING 112A,ING,LS,Basics of Academic Writing,,Çağrı Lord,MED,Perşembe,15:30/17:29,,30,34,,"ARC_LS, CEN_LS, EEE_LS, EFN_LS, IAD_LS, IND_LS, MMD_LS, NAE_LS",,
25065,ING 112A,ING,LS,Basics of Academic Writing,,Çağla Tokyay,MED,Çarşamba,08:30/10:29,,30,33,,"ARC_LS, CEN_LS, EEE_LS, EFN_LS, IAD_LS, IND_LS, MMD_LS, NAE_LS",,
25066,ING 201A,ING,LS,Essentials of Res.Paper Writ.,,Çağla Tokyay,MED,Pazartesi,14:30/16:29,,22,22,,"ARC_LS, CEN_LS, EEE_LS, EFN_LS, IAD_LS, IND_LS, MMD_LS, NAE_LS",,
25067,ING 201A,ING,LS,Essentials of Res.Paper Writ.,,Çağrı Lord,MED,Çarşamba,13:30/15:29,,22,16,,"ARC_LS, CEN_LS, EEE_LS, EFN_LS, IAD_LS, IND_LS, MMD_LS, NAE_LS",,
25068,ING 201A,ING,LS,Essentials of Res.Paper Writ.,,Çağla Tokyay,MED,Perşembe,12:30/14:29,,22,20,,"ARC_LS, CEN_LS, EEE_LS, EFN_LS, IAD_LS, IND_LS, MMD_LS, NAE_LS",,
25069,ING 201A,ING,LS,Essentials of Res.Paper Writ.,,Çağrı Lord,MED,Cuma,14:30/16:29,,22,21,,"ARC_LS, CEN_LS, EEE_LS, EFN_LS, IAD_LS, IND_LS, MMD_LS, NAE_LS",,
25088,EFN 210E,EFN,LS,Financial Accounting,,Ömer Haksever,ISB,Cuma,09:30/12:29,107,50,50,,EFN_LS,,
25091,EFN 308E,EFN,LS,Financial Econometrics,,Rofaida Benotsmane,MSB,Perşembe,09:30/12:29,B13-B,50,7,,EFN_LS,,
25092,GEO 303E,GEO,LS,Cadastre,,Mehmet İşiler,INB,Salı,09:30/11:29,B201,30,30,,"GEO_LS, GEOE_LS, HTA_LS, HTAE_LS",,
25094,EFN 309E,EFN,LS,Investment and Portfolio Mng.,,Tayfun Özkan,ISB,Perşembe,13:30/16:29,206,50,7,,EFN_LS,,
25097,MET 220E,MET,LS,Engineering Mathematics,,Kübra Onbaşlı,KMB | KMB,Çarşamba | Perşembe,09:30/11:29 | 08:30/10:29,D105 | D201,120,99,,"MET_LS, METE_LS",,
25099,DFH 172E,DFH,LS,Maritime English I,,Seda Çınar Alabay,DZB,Çarşamba,13:30/15:29,,30,30,,DUI_LS,,
25100,DUI 474,DUI,LS,Köprü Üstü Kaynak&Takım Yön.,,Cemil Yurtören,DZB,Cuma,14:30/17:29,,40,23,,DUI_LS,,
25103,INS 4073E,INS,LS,Foundation Engineering II,,Gürkan Özden,INB,Çarşamba,12:30/15:29,B308,35,12,,"AIN_LS, INS_LS, INSE_LS",,
25104,INS 405,INS,LS,İnş.İşçi Sağlığı ve İş Güven.,,"Murat Kuruoğlu , / Feyzi Haznedaroğlu",INB,Çarşamba,13:30/15:29,B305,42,44,,"AIN_LS, INS_LS",,
25105,CIE 354,CIE,LS,Fluid Mechanics,,"Yavuz Selim Güçlü , / Erdal Kesgin",INB,Perşembe,13:30/16:29,A303,10,2,,SIN_LS,,
25106,CMP 102,CMP,LS,Intr.to Sci.& Engineering Comp,,Ayşe Özge Kürkçüoğlu Levitas,KMB,Pazartesi,13:30/15:29,D101,25,5,,MBI_LS,,
25107,SGI 210,SGI,LS,Engineering Mathematics,,Mustafa Erden Yıldızdağ,MEDC | MEDC,Pazartesi | Perşembe,11:30/13:29 | 10:30/12:29,2D12 | 2D12,10,2,,SGI_LS,,
25108,BIO 106EL,BIO,LS,General Biology II Lab.,,Pelin Dilsiz Erim,FEB,Perşembe,11:30/14:29,,45,35,,"BIO_LS, BIO_YD, BIOE_LS",,
25109,DUI 461E,DUI,LS,Ship Surveying Procedures,,Fırat Bolat,DZB,Pazartesi,12:30/14:29,,60,41,,"MEN_LS, MTM_LS, NAE_LS",,
25110,GMI 243,GMI,LS,Denizel Çevre Kimyası,,Emrah Şık,DZB,Salı,14:30/17:29,,50,40,,GMI_LS,,
25113,GMI 4901,GMI,LS,Gemi Mak. İşl. Müh. Tasarımı I,,Tayfun Uyanık,,,-/-,,200,14,,GMI_LS,,
25114,GMI 4902,GMI,LS,Gemi Mak. İşl. Müh.Tasarımı II,,Tayfun Uyanık,,,-/-,,200,58,,GMI_LS,,
25117,GMI 393E,GMI,LS,Long Term Sea Training (6 ay),,İsmail Çiçek,,,-/-,,200,57,,GMI_LS,,
25118,MRE 492,MRE,LS,Design Project,,Ata Bilgili,,,-/-,,200,1,,SGM_LS,,
25119,MRE 330,MRE,LS,Long Term Sea Training,,Ata Bilgili,,,-/-,,200,2,,SGM_LS,,
25123,MIM 119E,MIM,LS,Int.to Architecture and Ethics,,Ozan Önder Özener,MMB,Çarşamba,12:30/15:29,,15,4,,"MIM_LS, MIME_LS",,
25124,DFH 203,DFH,LS,Temel Yüzme Becerisi,,Hakan Çap,DZB,Salı,10:30/12:29,,30,8,,"DUI_LS, GMI_LS",,
25126,UCK 457,UCK,LS,Havayolu İşletmeciliği,,Caner Şentürk,MEDC,Çarşamba,08:30/11:29,2D11,30,21,,"UCK_LS, UZB_LS",,
25128,GEM 312E,GEM,LS,Marine Auxiliary Machinery,,Ahmet Ergün Palaz,MEDC,Çarşamba,10:30/13:29,3BİL1,50,17,,NAE_LS,,
25129,GEM 353E,GEM,LS,Work Safety & Health Training in Shipbuilding Industry,,Halil Saraçoğlu,MEDC,Pazartesi,16:30/19:29,2D11,50,29,,NAE_LS,,
25130,NAE 202,NAE,LS,Ship Construction,,İbrahim Tuğrul Ardıç,MEDC,Cuma,14:00/17:59,2D11,50,5,,NAE_LS,,
25131,MTH 118,MTH,LS,Mathematics II,,Sabire Cömert,DZB | DZB,Salı | Perşembe,18:30/20:29 | 14:30/17:29,,60,13,,"MEN_LS, MTM_LS",,
25133,PHY 107,PHY,LS,Physics I,,Banu Tansel Büyükçelebi,DZB,Perşembe,17:30/20:29,,60,4,,"MEN_LS, MTM_LS",,
25135,GMI 118E,GMI,LS,Introduction to Marine Engineering and Ethics,,Burak Zincir,DZB,Pazartesi,10:30/13:29,,20,12,,MEN_LS,,
25136,MTH 204,MTH,LS,Linear Algebra,,Bayram Barış Kızılsaç,DZB,Çarşamba,17:30/20:29,,20,6,,"MEN_LS, MTM_LS",,
25137,MST 222,MST,LS,Marine Electronics,,Tayfun Uyanık,DZB,Salı,10:30/13:29,,20,10,,"MEN_LS, MTM_LS, NAE_LS",,
25138,MST 421,MST,LS,Meteorology and Oceanography,,Ayşe Nak,DZB,Perşembe,09:30/11:29,,40,4,,MTM_LS,,
25139,HSS 202,HSS,LS,General English-II,,Seda Çınar Alabay,DZB,Salı,10:30/12:29,,60,7,,"MEN_LS, MTM_LS, NAE_LS",,
25140,DFH 351E,DFH,LS,Shipping Finance,,Sinan Çakır,DZB,Pazartesi,17:30/19:29,,60,48,,"MEN_LS, MTM_LS",,
25141,MST 262,MST,LS,Maritime English II,,Müjgan Özenir,DZB,Çarşamba,17:30/19:29,,20,5,,MEN_LS,,
25142,DUI 251E,DUI,LS,Meteorology,,Ayşe Nak,DZB,Perşembe,14:30/17:29,,40,10,,MTM_LS,,
25143,DFH 113E,DFH,LS,Maritime Safety I,,Hakan Çap,DZB,Perşembe,08:30/12:29,,40,15,,"MEN_LS, MTM_LS",,
25144,DFH 112E,DFH,LS,Maritime Safety II,,Yusuf Nejat Koçar,DZB,Cuma,14:00/16:59,,40,32,,"MEN_LS, MTM_LS",,
25145,TUR 122,TUR,LS,Türk Dili II,,Muhsin Kadıoğlu,DZB,Cuma,15:30/17:29,,70,6,,"MEN_LS, MTM_LS",,
25146,TUR 121,TUR,LS,Türk Dili I,,Muhsin Kadıoğlu,DZB,Salı,08:30/10:29,,70,18,,"MEN_LS, MTM_LS",,
25148,TER 201,TER,LS,Termodinamik,,Hanife Tuba Okutucu Özyurt,EEB,Cuma,14:00/16:59,5301,50,18,,"EHB_LS, KOM_LS",,
25149,EHB 332E,EHB,LS,Network Synthesis,,Ece Olcay Güneş,EEB,Pazartesi,08:30/11:29,5203,50,27,,"EHB_LS, EHBE_LS, ELE_LS, ELH_LS",,
25150,EEF 232E,EEF,LS,Circuit and System Analysis,,Metin Hüner,EEB,Pazartesi,13:30/16:29,5204,100,112,,"EEE_LS, EHB_LS, EHBE_LS, ELE_LS, ELH_LS, ELK_LS, ELKE_LS, KOM_LS",,
25151,KON 421E,KON,LS,Robot Control,,Sıddık Murat Yeşiloğlu,EEB,Perşembe,09:30/12:29,5201,50,2,,"KOM_LS, KOME_LS, MKN_LS",,
25152,ISL 353E,ISL,LS,Marketing,,Adnan Veysel Ertemel,MSB,Pazartesi,09:30/12:29,B13-A,60,57,,"ENTE_LS, EUT_LS, EUTE_LS",,
25153,ISL 445E,ISL,LS,European Leadership for Sustainability Management,,Hatice Camgöz Akdağ,MSB,Çarşamba,09:30/12:29,104,110,109,,"ISL_LS, ISLE_LS",,
25154,CAB 443,CAB,LS,Yrd.Çalgı Piyano VII,,Sıtkı Kandemir Basmacıoğlu,TMB,Çarşamba,10:30/12:29,,5,4,,"BST_LS, CAB_LS, CEB_LS, KMP_LS",,
25155,MUZ 486,MUZ,LS,Müzik Pedagojisine Giriş,,Atilla Coşkun Toksoy,TMB,Salı,09:30/12:29,,10,1,,"CAB_LS, CEB_LS, MUZ_LS",,
25156,MUZ 332,MUZ,LS,Transkripsiyon,,Serkan Şener,TMB,Perşembe,10:30/12:29,,10,9,,MUZ_LS,,
25157,KMP 361,KMP,LS,Türk MzğndeFrmBilg.ve Çzmlme I,,"Gözde Çolakoğlu Sarı , / Orkun Zafer Özgelen",TMB | TMB,Perşembe | Cuma,15:30/17:29 | 17:00/17:59,,10,3,,MUZ_LS,,
25158,MUZ 442,MUZ,LS,Seminer IV,,Süleyman Şenel,TMB,Pazartesi,10:30/12:29,,10,7,,MUZ_LS,,
25159,MUZ 201,MUZ,LS,Müzik Tarihi III,,Şeyma Ersoy Çak,TMB | TMB,Cuma | Cuma,08:30/10:29 | 14:00/14:59,,10,1,,MUZ_LS,,
25160,THO 208,THO,LS,Oyun Repertuvarı II,,Levent Ketenci,TMB | TMB,Perşembe | Cuma,13:30/15:29 | 14:00/15:59,,10,2,,THO_LS,,
25161,GMI 352,GMI,LS,Isı Geçişi,,Çağlar Karatuğ,DZB,Cuma,14:00/16:59,,18,17,,GMI_LS,,
25174,TUR 121,TUR,LS,Türk Dili I,,Sinan Çakır,DZB,Perşembe,12:30/14:29,,70,49,,"MEN_LS, MTM_LS",,
25176,MAT 186E,MAT,LS,Mathematics II,,-,FEB | FEB,Salı | Cuma,14:30/17:29 | 14:00/15:59,,0,0,,MAT_LS,,
25179,ITB 151,ITB,LS,İnsan Kaynakları Yönetimi,,Cenk Ay,DZB,Cuma,08:30/11:29,,40,38,,"DUI_LS, GMI_LS",,
25181,MST 422,MST,LS,Maritime Law II,,-,MEDC,Pazartesi,15:30/18:29,,0,0,,NAE_LS,,
25182,JEO 410E,JEO,LS,Remote Sensing in Geology,,"Emin Çiftçi , / Muhittin Karaman",MDB,Cuma,14:30/16:29,A102,20,20,,"JEO_LS, JEOE_LS",,
25183,JEO 411E,JEO,LS,Tectonics,,"Borıs Natalın , / Cengiz Zabcı",MDB,Perşembe,11:30/14:29,A204,20,19,,"JEO_LS, JEOE_LS",,
25184,JEO 412,JEO,LS,Endüstriyel Hammaddeler,,Şenel Özdamar,MDB,Çarşamba,08:30/10:29,A202,20,13,,"JEO_LS, JEOE_LS",,
25185,JEO 331,JEO,LS,Petrografi,,Mehmet Keskin,MDB,Perşembe,13:30/16:29,,5,1,,"MAD_LS, MADE_LS",,
25186,SES 422,SES,LS,Koro VI (Kredisiz),,Fidan Kurt Kasapbaşı,TMB | TMB,Salı | Perşembe,08:30/10:29 | 08:30/10:29,,40,10,,SES_LS,,
25187,MTR 317,MTR,LS,Müzik Metin Çözümlemeleri I,,Kemal Hasan Karnal,TMB,Salı,15:30/17:29,,10,5,,SES_LS,,
25188,MTR 441,MTR,LS,Dikte Deşifre I,,Metin Eke,TMB | TMB,Salı | Perşembe,08:30/10:29 | 13:30/15:29,,10,4,,SES_LS,,
25189,MTH 408,MTH,LS,Uzay Radyasyon Ortamı ve Etkileri,,Berna Morova,FEB,Cuma,14:00/16:59,,40,40,,FIZ_LS,,
25190,MDN 271E,MDN,LS,Probability and Statistics,,Yusuf Enes Pural,MDB,Çarşamba,08:30/11:29,A204,70,57,,"CHZ_LS, CHZE_LS",,
25191,GEM 492,GEM,LS,Bitirme Tasarım Projesi,,-,,,-/-,,0,0,,GEM_LS,,
25192,TUR 122,TUR,LS,Türk Dili II,,Sinan Çakır,DZB,Perşembe,15:30/17:29,,60,60,,"MEN_LS, MTM_LS",,
25193,SNT 112,SNT,LS,Tiyatro,,Banu Başkaya,MED,Çarşamba,12:30/15:29,B36,25,23,,"BIO_LS, BLG_LS, CEV_LS, CHZ_LS, DEN_LS, DUI_LS, EHB_LS, ELE_LS, ELH_LS, ELK_LS, END_LS, ENT_LS, EUT_LS, FIZ_LS, GEM_LS, GEO_LS, GID_LS, GMI_LS, HTA_LS, IBM_LS, ICM_LS, IML_LS, INS_LS, ISL_LS, JEF_LS, JEO_LS, KIM_LS, KMM_LS, KOM_LS, KON_LS, MAD_LS, MAK_LS, MAT_LS, MET_LS, MIM_LS, MTO_LS, PEM_LS, PET_LS, ROS_LS, SAO_OL, SBP_LS, TEK_LS, TEL_LS, UCK_LS, UZB_LS",,
25194,SNT 114,SNT,LS,Günümüz Sanatı,,İnsel İnal,MMB,Çarşamba,12:30/15:29,3503,28,25,,"BIO_LS, BLG_LS, CEV_LS, CHZ_LS, DEN_LS, DUI_LS, EHB_LS, ELE_LS, ELK_LS, END_LS, ENT_LS, EUT_LS, FIZ_LS, GEM_LS, GEMK_LS, GEO_LS, GID_LS, GMI_LS, HTA_LS, IBM_LS, ICM_LS, IML_LS, INS_LS, ISL_LS, JEF_LS, JEO_LS, KIM_LS, KMM_LS, KOM_LS, KON_LS, MAD_LS, MAK_LS, MAT_LS, MET_LS, MIM_LS, MTO_LS, PEM_LS, PET_LS, ROS_LS, SAO_OL, SBP_LS, TEK_LS, TEL_LS, UCK_LS, UZB_LS",,
25195,MTH 406,MTH,LS,Model Tabanlı Tasarım ve Yapay Zeka,,Tufan Kumbasar,EEB,Salı,16:00/18:59,2102,70,42,,"EHB_LS, ELK_LS, KOM_LS",,
25196,CEV 427E,CEV,LS,Environmental Model.Principles,,"Sadullah Levent Kuzu , / Burçak Kaynak Tezel , / Gökşin Özyıldız",INB,Salı,09:30/12:29,A305,30,20,,"CEV_LS, CEVE_LS",,
25198,ENT 431E,ENT,LS,User-Experience Design,,Gülbin Yılmaz,MMB,Perşembe,08:30/11:29,,28,28,,"ENT_YD, ENTE_LS, EUT_LS, EUT_YD, EUTE_LS",,
25199,ENT 447E,ENT,LS,Creativity in Interaction Dsgn,,Mete Fisunoğlu,MMB,Perşembe,13:30/16:29,,28,27,,"ENT_YD, ENTE_LS, EUT_LS, EUT_YD, EUTE_LS",,
25202,MTH 407,MTH,LS,Otomatik Hedef İzleme Temelleri,,Burcu Tunga,INB,Çarşamba,09:30/12:29,A104,55,42,,"FIZ_LS, MAT_LS",,
25203,STA 204,STA,LS,Statik ve Mukavemet,,Bahattin Kimençe,MDB,Pazartesi,08:30/11:29,B205,70,36,,CHZ_LS,,
25205,CEV 427E,CEV,LS,Environmental Model.Principles,,-,,,-/-,,0,0,,,,
25210,ICM 4030E,ICM,LS,Lightn. Desig.for Inter.Spaces,,Damla Çağal Taşdelen,MMB,Çarşamba,10:30/12:29,,18,18,,"IAD_LS, ICM_LS",,
25211,ICM 4042E,ICM,LS,Yacht Interioris Design,,Mert Ünnü,MMB,Cuma,10:30/12:29,,20,21,,"IAD_LS, ICM_LS",,
25212,BIL 113E,BIL,LS,Intr.to Sci& Eng.Comp.(MATLAB),,Aydın Mert,DZB,Cuma,08:30/11:29,,30,31,,"DUI_LS, GMI_LS",,
25215,BIL 100E,BIL,LS,Intr.to Prog.Language(PYTHON),,Erke Arıbaş,MED,Salı,08:30/11:29,,50,32,,"ARC_LS, EFN_LS, IAD_LS, IND_LS, NAE_LS",,
25216,BIL 100E,BIL,LS,Intr.to Prog.Language(PYTHON),,Erke Arıbaş,DZB,Salı,14:30/17:29,,50,29,,"ARC_LS, EFN_LS, IAD_LS, IND_LS, NAE_LS",,
25217,CEN 354E,CEN,LS,Signal&Systems for Comp.Eng.,,İbrahim Papila,BBB,Pazartesi,08:30/11:29,Z-21,50,43,,CEN_LS,,
25218,CEN 222E,CEN,LS,Computer Organization,,Kadir Özlem,BBB,Perşembe,08:30/11:29,Z-19,90,85,,CEN_LS,,
25219,CEN 102E,CEN,LS,Intr to Sci&Eng Comp (C),,Meriç Yücel,BBB | BBB,Çarşamba | Cuma,08:30/11:29 | 14:30/16:29,Z-20 | Z-20,50,33,,CEN_LS,,
25222,GID 4901E,GID,LS,Food Engineering Design I,,Meral Kılıç Akyılmaz,KMB,Çarşamba,10:30/15:29,,0,6,,"GID_LS, GIDE_LS",,
25224,NAE 203,NAE,LS,Strength of Materials I,,İsmail Yalçın,MEDC,Salı,14:30/17:29,1D6,50,27,,NAE_LS,,
25225,EHB 354E,EHB,LS,Object Oriented Programming,,Tankut Akgül,EEB,Salı,08:30/11:29,6307,50,56,,"EHB_LS, EHBE_LS, KOM_LS, KOME_LS",,
25226,EEF 210E,EEF,LS,Differential Equations,,Emre İşcan,EEB,Salı,12:30/15:29,5204,100,100,,"EEE_LS, EHB_LS, EHBE_LS, ELK_LS, ELKE_LS, KOM_LS, KOME_LS",,
25228,BLG 252E,BLG,LS,Object Oriented Programming,,Yaşar Erenler,BBB,Salı,09:30/12:29,104,120,73,,"CEN_LS, EHB_LS, EHBE_LS, KOM_LS, KOME_LS",,
25229,CAB 332,CAB,LS,Keman VI,,Ibragım Orazov,,,-/-,,5,1,,"CAB_LS, CEB_LS",,
25230,MTR 443,MTR,LS,Eser Çözümleme I,,Neşe Yeşim Altınel Çoban,TMB | TMB,Çarşamba | Çarşamba,08:30/10:29 | 10:30/12:29,,10,1,,SES_LS,,
25231,MUZ 443,MUZ,LS,Çağdaş Müzik Tarihi,,Günay Koçhan,TMB | TMB,Salı | Perşembe,13:30/15:29 | 09:30/10:29,,10,2,,MUZ_LS,,
25232,MUZ 497,MUZ,LS,Müzik Felsefesine Giriş,,Yalçın Çetinkaya,TMB,Pazartesi,13:30/15:29,,10,1,,"BST_LS, CAB_LS, CEB_LS, KMP_LS, MTR_LS, MUT_LS, MZT_LS",,
25233,KIM 224E,KIM,LS,Inorganic Chemistry II,,Altuğ Mert Sevim,FEB,Salı,08:30/11:29,D201,45,43,,"KIM_LS, KIME_LS",,
25234,FIZ 215EL,FIZ,LS,Modern Physics Laboratory,,Seda Aksoy Esinoğlu,FEB,Perşembe,11:30/13:29,,20,14,,"FIZ_LS, FIZE_LS",,
25235,ENR 212,ENR,LS,Strength of Materials I,,Yasin Arslanoğlu,DZB,Pazartesi,17:30/20:29,,30,8,,"MEN_LS, MTM_LS",,
25236,ING 103P,ING,LS,Poetry,,-,MEDC,Salı,13:30/16:29,2D14,0,0,,,,
25237,ING 103P,ING,LS,Poetry,,-,MEDC,Perşembe,13:30/16:29,2D14,0,0,,,,
25238,ING 103P,ING,LS,Poetry,,-,MEDC,Salı,13:30/16:29,2D17,0,0,,,,
25239,ING 103P,ING,LS,Poetry,,-,MEDC,Perşembe,13:30/16:29,2D17,0,0,,,,
25258,GMI 384E,GMI,LS,Engine Room Simulator (ERS) I,,Kemal Demirel,DZB,Salı,08:30/11:29,,20,7,,MEN_LS,,
25261,BIL 113E,BIL,LS,Intr.to Sci& Eng.Comp.(MATLAB),,Tayfun Uyanık,DZB,Perşembe,17:30/20:29,,40,29,,"MEN_LS, MTM_LS",,
25263,MAT 210E,MAT,LS,Engineering Mathematics,,Sabire Cömert,DZB | DZB,Perşembe | Cuma,11:30/14:29 | 16:30/17:29,,10,8,,"MEN_LS, MTM_LS",,
25264,GMI 470E,GMI,LS,Design of Marine Diesel Engin.,,Cumali Seçkin Mengeçin,DZB,Perşembe,17:30/19:29,,30,8,,MEN_LS,,
25265,DFH 180E,DFH,LS,Rowing and Canoe-Kayak Sports,,-,DZB,Pazartesi,15:30/18:29,,0,0,,"MEN_LS, MTM_LS",,
25267,DFH 494E,DFH,LS,Intercult.Comm.in Marit.Domain,,Cenk Ay,DZB,Salı,15:30/17:29,,30,4,,"MEN_LS, MTM_LS",,
25272,TES 121E,TES,LS,Project II,,İmge Akçakaya Waıte Jr,undeclared | undeclared,Pazartesi | Perşembe,08:30/12:29 | 08:30/12:29,,0,17,,"ARC_LS, ENTE_LS, EUT_LS, EUTE_LS, IAD_LS, ICM_LS, MIM_LS, MIME_LS, PEM_LS, PEME_LS, SBP_LS, SBPE_LS",,
25273,KON 318E,KON,LS,Introduction to Robotics,,Abdurrahman Yılmaz,EEB,Cuma,08:30/11:29,2104,30,22,,"KOM_LS, KOME_LS",,
25275,ECN 207E,ECN,LS,Mathematical Economics,,Resul Aydemir,,,-/-,,0,1,,,,
25277,TEK 213E,TEK,LS,Textile Chemistry,,Berdan Kalav,,,-/-,,0,1,,,,
25278,CEN 202E,CEN,LS,Numerical Methods in CE,,Deniz Turgay Altılar,BBB,Pazartesi,08:30/11:29,102,60,38,,CEN_LS,,
25280,MEN 431,MEN,LS,Engine Room Mangm.& Leadership,,Cumali Seçkin Mengeçin,DZB,Pazartesi,15:30/17:29,,10,1,,MEN_LS,,
25281,ENR 102,ENR,LS,Manufacturing Process,,Yasin Arslanoğlu,DZB,Pazartesi,15:30/17:29,,10,8,,"MEN_LS, MTM_LS, NAE_LS",,
25282,ENR 301,ENR,LS,Heat Transfer,,Yalçın Durmuşoğlu,DZB,Çarşamba,09:30/12:29,,10,3,,"MEN_LS, NAE_LS",,
25283,MST 411,MST,LS,Marine Engines,,Buğra Arda Zincir,DZB,Cuma,15:30/17:29,,10,2,,"MEN_LS, MTM_LS",,
25284,MEN 411,MEN,LS,Marine Auxialiary Machinery II,,Kemal Demirel,DZB,Pazartesi,13:30/16:29,,10,3,,"MEN_LS, NAE_LS",,
25285,TDW 102,TDW,LS,Technical Drawing,,Buğra Arda Zincir,DZB,Perşembe,14:30/17:29,,0,6,,"MEN_LS, MTM_LS, NAE_LS",,
25286,MST 301,MST,LS,Technical Ship Management,,"Özcan Arslan , / Gizem Çevik",DZB,Çarşamba,10:30/12:29,,10,4,,"MEN_LS, MTM_LS, NAE_LS",,
25287,BLG 336E,BLG,LS,Analysis of Algorithms II,,Kadir Özlem,BBB,Salı,08:30/11:29,Z-20,70,72,,"BLG_LS, BLGE_LS, CEN_LS, YZVE_LS",,
25288,MAK 229E,MAK,LS,Fluid Mechanics II,,Abdussamet Subaşı,MKB | MKB,Pazartesi | Cuma,13:30/15:29 | 14:30/15:29,,1,1,,MSS_LS,,
25289,MAK 313E,MAK,LS,Heat Transfer,,İsmail Yalçın Uralcan,MKB | MKB,Pazartesi | Cuma,16:30/18:29 | 15:30/17:29,,1,1,,MSS_LS,,
25290,MAK 339E,MAK,LS,Machine Design I,,Hacı Abdullah Taşdemir,MKB | MKB,Pazartesi | Salı,08:30/10:29 | 08:30/11:29,,1,1,,MSS_LS,,
25291,MAK 372E,MAK,LS,Intr.to Finite Element Methods,,Ata Muğan,MKB | MKB,Perşembe | Cuma,09:30/11:29 | 11:30/12:29,,1,1,,MSS_LS,,
25292,MAK 324E,MAK,LS,Theory of Machines,,Erdinç Altuğ,MKB | MKB,Perşembe | Cuma,15:30/17:29 | 09:30/10:29,,1,1,,MSS_LS,,
25293,MAK 315E,MAK,LS,Mechanical Vibrations,,Akif Yavuz,MKB | MKB,Salı | Çarşamba,13:30/15:29 | 11:30/12:29,,1,1,,MSS_LS,,
25294,CAB 448,CAB,LS,Tanbur VIII,,Göknil Bişak Özdemir,,,-/-,,5,1,,"CAB_LS, CEB_LS",,
25295,CAB 794,CAB,LS,Doğaçlama Yöntemleri II,,Metin Eke,TMB | TMB,Pazartesi | Salı,10:30/12:29 | 10:30/12:29,,10,2,,"CAB_LS, CEB_LS",,
25296,JEO 262E,JEO,LS,Stratigraphy,,"Cengiz Zabcı , / Gülsen Uçarkuş",MDB,Perşembe,08:30/10:29,A202,35,35,,"JEO_LS, JEO_YD, JEOE_LS",,
25298,MET 335,MET,LS,Mlz.Elekt. Many.&Optk Özellik.,,Hüseyin Kızıl,,,-/-,,0,1,,,,
25299,SPA 102,SPA,LS,Spanish II,,Oğuzhan Coşkunlu,MKB,Pazartesi,13:30/16:29,D376,40,18,,SMT_LS,,
25303,BIL 112E,BIL,LS,Intr.to Prog.Language(FORTRAN),,Mehmet Kerim Ramazanoğlu,FEB,Salı,10:30/13:29,OBL1,35,34,,"FIZ_LS, FIZE_LS",,
25305,SES 372,SES,LS,Repertuar II,,-,TMB,Salı,15:30/17:29,,0,0,,SES_LS,,
25306,THO 372,THO,LS,Sahne ve Beden Dili II,,Kemal Akdoğan,TMB,Salı,15:30/17:29,,15,6,,SES_LS,,
25312,DFH 361E,DFH,LS,Ship Supply Chain Management,,-,DZB,Perşembe,09:30/11:29,,0,0,,MTM_LS,,
25313,MET 315E,MET,LS,Fund. of Physical Metallurgy,,Duygu Ağaoğulları,,,-/-,,0,1,,,,
25314,MET 317E,MET,LS,Fund. of Transport Phenomena,,Güldem Kartal Şireli,,,-/-,,0,1,,,,
25315,MET 337,MET,LS,Malzeme Karakterizasyon Met.,,Gültekin Göller,,,-/-,,0,1,,,,
25316,MET 353,MET,LS,Müh.Uyg.Tasar.Pren&Malz.Seç.,,Bihter Zeytuncu Gökoğlu,,,-/-,,0,1,,,,
25317,MET 435,MET,LS,PÇT ve Prje. Yön. ve İnovasyon,,Özgül Keleş,,,-/-,,0,1,,,,
25318,MET 4901,MET,LS,Met. Malz. Müh. Tasarımı I,,Murat Baydoğan,,,-/-,,0,1,,,,
25319,MET 437E,MET,LS,Princip.of Corros.&Corros.Prot,,Cem Örnek,,,-/-,,0,2,,,,
25320,MET 439E,MET,LS,Engineering Polymers,,Mohammadreza Nofar,,,-/-,,0,2,,,,
25321,MET 453E,MET,LS,Fund. of Ceramics Materials,,İpek Akın Karadayı,,,-/-,,0,1,,,,
25322,MET 455,MET,LS,Malzeme Proses Lab.,,Faiz Muhaffel,,,-/-,,0,1,,,,
25324,MET 313E,MET,LS,Chemical Metallugry I,,Onuralp Yücel,,,-/-,,0,1,,,,
25325,MET 4901E,MET,LS,Met. & Mat. Engn. Design I,,Murat Baydoğan,,,-/-,,0,1,,,,
25326,MET 455E,MET,LS,Materials Processing Lab.,,Faiz Muhaffel,,,-/-,,0,1,,,,
25327,KMM 451,KMM,LS,Kimya Mühendisliği Lab. I,,Nalan Erdöl Aydın,,,-/-,,0,0,,,,
25328,KMM 411E,KMM,LS,Process Control,,Devrim Barış Kaymak,,,-/-,,0,0,,,,
25329,KMM 413,KMM,LS,Biyokatalizörler ve Karakter,,Fatoş Yüksel Güvenilir,,,-/-,,0,0,,,,
25330,GID 409,GID,LS,Proses Kontrol,,Filiz Altay,,,-/-,,0,0,,,,
25331,CHZ 325,CHZ,LS,Kömür Hazırlama,,Mustafa Özer,,,-/-,,0,1,,,,
25332,MAD 213,MAD,LS,Maden Üretim Teknolojisi,,Emre Avunduk,,,-/-,,0,1,,,,
25333,CHZ 452E,CHZ,LS,Mineral Process. & Environment,,Fırat Burat,,,-/-,,0,1,,,,
25334,CHZ 348E,CHZ,LS,Bulk Materials Handling,,Ayhan Ali Sirkeci,,,-/-,,0,1,,,,
25335,CHZ 432,CHZ,LS,Cevher Haz. Tesis Tasarımı,,Feridun Boylu,,,-/-,,0,1,,,,
25336,MEK 205,MEK,LS,Mühendislik Mekaniği,,Uğurcan Eroğlu,,,-/-,,0,1,,,,
25337,MAT 202,MAT,LS,Sayısal Yöntemler,,Deniz Bayraktar Bural,,,-/-,,0,1,,,,
25338,JEF 334E,JEF,LS,Seismic Prospecting,,Hülya Kurt,,,-/-,,0,1,,,,
25339,DAN 301,DAN,LS,Kariyer Danışmanlığı,,Onur Tunçer,,,-/-,,0,0,,,,
25340,JEO 222,JEO,LS,Jeomekanik,,Yılmaz Mahmutoğlu,,,-/-,,0,1,,,,
25341,MAD 205,MAD,LS,Mineraloji ve Petrografi,,Fatma Gülmez Yıldırım,,,-/-,,0,0,,,,
25342,MAD 327,MAD,LS,Madenlerde Ulaşım ve Su Atımı,,Cemal Balcı,,,-/-,,0,0,,,,
25346,MAT 271E,MAT,LS,Probability and Statistics,,Ahmet Hamdi Kayran,EEB,Çarşamba,12:30/15:29,5105,50,49,,"BLG_LS, BLGE_LS",,
25347,GMI 341E,GMI,LS,Automatic Control Systems,,İsmail Çiçek,DZB,Salı,14:30/17:29,,20,9,,GMI_LS,,
25349,FRA 102,FRA,LS,French II,,Yelda Tavukçuoğlu,MED,Cuma,08:30/12:29,,20,15,,"ARC_LS, BIOE_LS, BLG_LS, BLGE_LS, CEN_LS, CEV_LS, CEVE_LS, CHZ_LS, DEN_LS, DUI_LS, ECNE_LS, EFN_LS, EHB_LS, EHBE_LS, EHS_LS, ELK_LS, ELKE_LS, END_LS, ENDE_LS, ENTE_LS, EUTE_LS, FIZ_LS, GEM_LS, GEO_LS, GEOE_LS, GID_LS, GMI_LS, HTA_LS, HTAE_LS, IAD_LS, IBM_LS, ICM_LS, IML_LS, IND_LS, INS_LS, INSE_LS, ISL_LS, ISLE_LS, JEF_LS, JEO_LS, KIM_LS, KMM_LS, KOM_LS, KOME_LS, MAD_LS, MAK_LS, MAT_LS, MET_LS, METE_LS, MIM_LS, MIME_LS, MMD_LS, MTM_LS, MTO_LS, NAE_LS, PEME_LS, PETE_LS, ROS_LS, ROSE_LS, SAO_OL, SBP_LS, SBPE_LS, SECE_LS, TEKE_LS, TEL_LS, UCK_LS, UZBE_LS, VBAE_LS, YZVE_LS",,
25350,FRA 302,FRA,LS,French VI,,Yelda Tavukçuoğlu,MEDB,Çarşamba,08:30/12:29,,20,4,,"ARC_LS, BIOE_LS, BLG_LS, BLGE_LS, CEN_LS, CEV_LS, CEVE_LS, CHZ_LS, DEN_LS, DUI_LS, ECNE_LS, EFN_LS, EHB_LS, EHBE_LS, EHS_LS, ELK_LS, ELKE_LS, END_LS, ENDE_LS, ENTE_LS, EUTE_LS, FIZ_LS, GEM_LS, GEO_LS, GEOE_LS, GID_LS, GMI_LS, HTA_LS, HTAE_LS, IAD_LS, IBM_LS, ICM_LS, IML_LS, IND_LS, INS_LS, INSE_LS, ISL_LS, ISLE_LS, JEF_LS, JEO_LS, KIM_LS, KMM_LS, KOM_LS, KOME_LS, MAD_LS, MAK_LS, MAT_LS, MET_LS, METE_LS, MIM_LS, MIME_LS, MMD_LS, MTM_LS, MTO_LS, NAE_LS, PEME_LS, PETE_LS, ROS_LS, ROSE_LS, SAO_OL, SBP_LS, SBPE_LS, SECE_LS, TEKE_LS, TEL_LS, UCK_LS, UZBE_LS, VBAE_LS, YZVE_LS",,
25351,TEK 331,TEK,LS,Yün İplikçiliği,,Nazan Okur,MKB,Çarşamba,13:30/15:29,,1,1,,TEK_LS,,
25352,ETK 101,ETK,LS,Mühendislik Etiği,,Alper Gürarslan,MKB,Çarşamba,10:30/11:29,,0,2,,TEK_LS,,
25353,DAN 102,DAN,LS,Girişimcilik & Kariyer Danış.,,Mehmet Ali Ergün,ISB,Çarşamba,15:30/17:29,,30,13,,VBAE_LS,,
25354,GEO 460E,GEO,LS,Road Design and Construction,,Mehmet İşiler,INB,Pazartesi,10:30/12:29,A301,15,4,,"GEO_LS, GEOE_LS, HTA_LS, HTAE_LS",,
25369,DEN 436E,DEN,LS,Ecotoxicology in the Marine En,,Oktay Eren Türeyen,MEDC,Pazartesi,11:30/13:29,3D19,20,14,,"DEN_LS, DENE_LS",,
25370,CEV 468,CEV,LS,Bireysel Araştırma,,Mustafa Evren Erşahin,,,-/-,,0,2,,CEV_LS,,
25371,CEV 468,CEV,LS,Bireysel Araştırma,,"Onur Işık , / Hazal Gülhan Eksin",,,-/-,,0,2,,CEV_LS,,
25372,CEV 468E,CEV,LS,Individual Studies,,Burçak Kaynak Tezel,,,-/-,,0,2,,"CEV_LS, CEVE_LS",,
25373,CEV 468E,CEV,LS,Individual Studies,,"Burçak Kaynak Tezel , / Serdar Doğruel",,,-/-,,0,2,,"CEV_LS, CEVE_LS",,
25374,CEV 468E,CEV,LS,Individual Studies,,Derya Yüksel İmer,,,-/-,,0,2,,"CEV_LS, CEVE_LS",,
25375,CEV 468E,CEV,LS,Individual Studies,,Derya Yüksel İmer,,,-/-,,0,2,,"CEV_LS, CEVE_LS",,
25376,CEV 468E,CEV,LS,Individual Studies,,"Hüseyin Güven , / Öykü Mutlu Salmanlı",,,-/-,,0,2,,"CEV_LS, CEVE_LS",,
25377,GEO 325E,GEO,LS,Databases in Engineering,,Şaziye Özge Atik,INB,Salı,08:30/10:29,B202,60,60,,"GEO_LS, GEOE_LS, HTA_LS, HTAE_LS",,
25378,ENR 112,ENR,LS,Workshop,,Cumali Seçkin Mengeçin,DZB,Perşembe,08:30/12:29,,10,2,,"MEN_LS, NAE_LS",,
25380,ING 103I,ING,LS,Short Stories,,Yasemin Yılmaz Yüksek,,,-/-,,0,0,,,,
25381,UCK 362E,UCK,LS,Automatic Control,,Gökhan İnalhan,,,-/-,,0,0,,,,
25382,UCK 421,UCK,LS,Tepki ile Tahrik,,Onur Tunçer,,,-/-,,0,0,,,,
25383,UCK 451E,UCK,LS,Principles of Aircraft Design,,Hayri Acar,,,-/-,,0,0,,,,
25384,GEM 430E,GEM,LS,Shipyard Organization,,Murat Durmaz,MEDC,Pazartesi,10:30/12:29,,50,1,,NAE_LS,,
25387,ISL 213E,ISL,LS,Statistics I,,Raziye Selim,,,-/-,,0,1,,,,
25388,ISL 223E,ISL,LS,Fundm.of Production Management,,Saeed Tasoujı Hassanpour,,,-/-,,0,1,,,,
25390,GEO 313E,GEO,LS,Digital Image Processing,,Uğur Algancı,,,-/-,,0,0,,,,
25391,NAE 411,NAE,LS,Ship Design Project I,,İbrahim Tuğrul Ardıç,MEDC,Çarşamba,10:30/12:29,,50,5,,NAE_LS,,
25392,GMI 471E,GMI,LS,Refrigeration and HVAC Systems,,Veysi Başhan,,,-/-,,0,1,,,,
25393,JDF 232,JDF,LS,Hata Teorisi & Parametre Tahm,,Serdar Erol,INB,Perşembe,14:30/17:29,,20,1,,GEO_LS,,
25394,CEV 468,CEV,LS,Bireysel Araştırma,,"Osman Atilla Arıkan , / Hüseyin Güven",,,-/-,,0,1,,CEV_LS,,
25413,GMI 392E,GMI,LS,Long Term Sea Training,,İsmail Çiçek,,,-/-,,0,0,,,,
25414,GMI 454,GMI,LS,Gemi Yardımcı Makineleri II,,Ömer Berkehan İnal,,,-/-,,0,0,,,,
25417,GMI 456E,GMI,LS,Ship Electrical Systems,,"Tayfun Uyanık , / Veysi Başhan",,,-/-,,0,0,,,,
25420,UCK 351E,UCK,LS,Aerodynamics,,Bayram Çelik,,,-/-,,0,3,,,,
25421,UZB 352E,UZB,LS,Orbital Mechanics,,Demet Çilden Güler,,,-/-,,0,1,,,,
25422,UCK 459E,UCK,LS,Helicopter Theory,,Özge Özdemir,,,-/-,,0,1,,,,
25424,UCK 348E,UCK,LS,Computer Applic.in Engineering,,Bülent Tutkun,,,-/-,,0,3,,,,
25425,UCK 215E,UCK,LS,Aerospace Materials,,Hülya Cebeci,,,-/-,,0,1,,,,
25426,UCK 363E,UCK,LS,Automatic Control II,,Emre Koyuncu,,,-/-,,0,3,,,,
25428,UCK 472E,UCK,LS,Aeroelasticity,,Melike Nikbay,,,-/-,,0,1,,,,
25429,UZB 415E,UZB,LS,Spacecraft Systems Design I,,Alim Rüstem Aslan,,,-/-,,0,2,,,,
25431,UZB 487E,UZB,LS,CAD/CAM,,Hüsnü Barbaros Soyer,,,-/-,,0,1,,,,
25434,CHZ 320E,CHZ,LS,Metallurgy II,,Fatma Arslan,MDB,Çarşamba,12:30/15:29,B208,60,40,,"CHZ_LS, CHZE_LS",,
25445,MAK 226,MAK,LS,Termodinamik II,,Ersin Sayar,MKB | MKB,Pazartesi | Salı,13:30/15:29 | 15:30/16:29,,80,56,,"MAK_LS, MKN_YD_MK",,
25467,MIM 223E,MIM,LS,Social Psychology,,Cemile Tiftik,,,-/-,,0,0,,,,
25468,MIM 271,MIM,LS,Yapı Statiği,,Cenk Üstündağ,,,-/-,,0,0,,,,
25469,MIM 234,MIM,LS,Betonarme Yapılar,,Cenk Üstündağ,,,-/-,,0,0,,,,
25470,MIM 306,MIM,LS,Şehircilik ve İmar Hukuku,,Şevkiye Şence Türk,,,-/-,,0,1,,,,
25471,MIM 4066E,MIM,LS,Generating Livable Environment,,Cemile Tiftik,,,-/-,,0,0,,,,
25472,MIM 4023,MIM,LS,Yapıda Malzeme Seçimi,,Seda Erdem,,,-/-,,0,1,,,,
25473,MIM 4062E,MIM,LS,"Topog.Pract. Arch.,Art&theCity",,Sıdıka Aslıhan Şenel,,,-/-,,0,0,,,,
25474,MIM 4056E,MIM,LS,Design & Fabric.Tech. in Arch.,,Sema Alaçam,,,-/-,,0,1,,,,
25475,MIM 4036,MIM,LS,Mimarlıkta Temsil ve Sunum,,Hakan Tong,,,-/-,,0,1,,,,
25476,MIM 4085E,MIM,LS,Byzantine Heritage in İstanbul,,Bilge Ar,,,-/-,,0,1,,,,
25477,MIM 478,MIM,LS,Geç Osmanlı Mimarlığı,,Aygül Ağır,,,-/-,,0,0,,,,
25478,MIM 436,MIM,LS,Koruma Bilimine Giriş,,Işıl Polat Pekmezci,,,-/-,,0,0,,,,
25479,MIM 491,MIM,LS,Mimarlıkta Morfoloji,,Mehmet Emin Şalgamcıoğlu,,,-/-,,0,0,,,,
25480,MIM 4032,MIM,LS,Tarihte Bahçe Tasarımları&Mim.,,Aygül Ağır,,,-/-,,0,0,,,,
25481,BLG 212,BLG,LS,Mikroişlemci Sistemleri,,Gökhan İnce,,,-/-,,0,1,,,,
25482,BLG 317,BLG,LS,Veri Tabanı Sistemleri,,Ali Çakmak,,,-/-,,0,0,,,,
25483,BLG 233E,BLG,LS,Data Structures and Laboratory,,Mehmet Baysan,,,-/-,,0,1,,,,
25484,BLG 335E,BLG,LS,Analysis of Algorithms I,,Tuğçe Bilen,,,-/-,,0,2,,,,
25485,GEO 301,GEO,LS,Özel Ölçme Uygulamaları,,Reha Metin Alkan,,,-/-,,0,0,,,,
25486,GEO 307,GEO,LS,Kartografya II,,Ahmet Özgür Doğru,,,-/-,,0,0,,,,
25487,MAK 114,MAK,LS,Lineer Cebir ve Uygulamaları,,Sinem Öztürk,MKB,Perşembe,13:30/16:29,,5,1,,,,
25488,MTR 201,MTR,LS,Makam Teorisi III,,Şirin Karadeniz,TMB | TMB | TMB,Salı | Perşembe | Perşembe,10:30/12:29 | 13:30/15:29 | 15:30/17:29,,5,1,,"MTR_LS, MUT_LS, MUZ_LS, MZT_LS, SES_LS",,
25489,MUT 388,MUT,LS,Müzik Tek.Tasarım & Geliştirme,,Sair Sinan Kestelli,TMB | TMB,Çarşamba | Çarşamba,08:30/10:29 | 10:30/12:29,,5,1,,"MUT_LS, MZT_LS",,
25492,MAK 312,MAK,LS,Ölçme Değerlendirme,,İsmail Yalçın Uralcan,MKB | MKB,Çarşamba | Perşembe,08:30/10:29 | 11:30/13:29,,5,1,,"IML_LS, MAK_LS, MAK_YD, MKN_YD_MK, MSS_LS",,
25494,CEV 306,CEV,LS,Su Temini &Atıksuların Uzakl.,,Hüseyin Güven,,,-/-,,0,1,,,,
25495,SBP 4039E,SBP,LS,Urban Geography&Inequalities,,Aysu Uzsayılır,MMB,Çarşamba,13:30/15:29,,0,1,,,,
25496,SBP 4022E,SBP,LS,Participation in Planning,,İmge Akçakaya Waıte Jr,MMB,Pazartesi,13:30/16:29,,0,1,,,,
25497,SBP 436E,SBP,LS,Univ.Dsgn.for Urban Environm.,,Hatice Ayataç,MMB,Perşembe,09:00/11:59,,0,1,,,,
25499,SBP 317E,SBP,LS,Regional Science and Planning,,Emine Ferhan Gezici Korten,MMB,Salı,13:30/16:29,,0,1,,,,
25501,JEF 408E,JEF,LS,Seismotectonics,,Seda Yolsal Çevikbilen,,,-/-,,0,1,,,,
25502,UCK 419E,UCK,LS,Computational Aerodynamics,,Fırat Oğuz Edis,,,-/-,,0,1,,,,
25503,ELK 221,ELK,LS,Elektrik Mühen. Temelleri,,Murat İmeryüz,,,-/-,,0,1,,,,
25504,UCK 207E,UCK,LS,Thermodynamics,,Bülent Tutkun,,,-/-,,0,1,,,,
25505,MIM 122,MIM,LS,İlkçağ & Bizans Mimarl Tarihi,,Zeynep Kuban Tokgöz,,,-/-,,0,1,,,,
25506,EHB 335,EHB,LS,Analog Elektronik Devreleri,,Mustafa Berke Yelten,,,-/-,,0,0,,,,
25508,GID 311,GID,LS,Gıda Mikrobiyolojisi I,,Pervin Başaran Akocak,,,-/-,,0,1,,,,
25509,END 305E,END,LS,Data Analytics for Business,,Mehmet Yasin Ulukuş,,,-/-,,0,1,,,,
25510,MTO 317E,MTO,LS,Comput.Fluid Dyn.in Meteo.Eng.,,Elçin Tan,,,-/-,,0,0,,,,
25511,MTO 445,MTO,LS,Hava Analizi ve Öngörü II,,Şükran Sibel Menteş,,,-/-,,0,0,,,,
25512,MTO 4901,MTO,LS,Meteoroloji Müh. Tasarımı I,,Mikdat Kadıoğlu,,,-/-,,0,0,,,,
25513,MTO 451E,MTO,LS,Oceanography,,Elçin Tan,,,-/-,,0,0,,,,
25515,AKM 214E,AKM,LS,Fluid Mechanics I,,Fırat Oğuz Edis,,,-/-,,0,1,,,,
25516,UCK 360E,UCK,LS,Automatic Control I,,Gökhan İnalhan,,,-/-,,0,1,,,,
25517,UZB 441E,UZB,LS,Rocket Propulsion,,Fırat Oğuz Edis,,,-/-,,0,2,,,,
25520,RES 103E,RES,LS,Technical Drawing,,Sena Duru,,,-/-,,0,1,,,,
25521,MAL 201E,MAL,LS,Materials Science,,Alper Gürarslan,,,-/-,,0,1,,,,
25522,TEK 345E,TEK,LS,Clothing Technology,,Selin Hanife Eryürük,,,-/-,,0,1,,,,
25523,TEK 361E,TEK,LS,Mechanisms,,Ali Kılıç,,,-/-,,0,1,,,,
25524,TEK 413E,TEK,LS,Fabric Design,,Burçak Karagüzel Kayaoğlu,,,-/-,,0,1,,,,
25525,TEK 455E,TEK,LS,Non-Woven Fabrics,,İpek Yalçın Eniş,,,-/-,,0,1,,,,
25526,MAK 4006E,MAK,LS,Alternative Fuels for IC Eng.,,Alper Tolga Çalık,,,-/-,,0,2,,,,
25527,MAK 4047E,MAK,LS,Dynamic Systms Modelling & Sim,,Zeki Yağız Bayraktaroğlu,,,-/-,,0,1,,,,
25528,MAK 4071E,MAK,LS,Introduction to Robotics,,Zeki Yağız Bayraktaroğlu,,,-/-,,0,1,,,,
25529,GMI 301,GMI,LS,Deniz Hukuku,,Hakan Muran,,,-/-,,0,1,,,,
25530,GMI 313,GMI,LS,Gemi Buhar Kazanları & Operas.,,Veysi Başhan,,,-/-,,0,1,,,,
25531,UZB 411E,UZB,LS,Space Environment,,Zerefşan Kaymaz,,,-/-,,0,1,,,,
25532,MUK 205,MUK,LS,Mukavemet,,Oğuz Altay,,,-/-,,0,1,,,,
25533,IML 320,IML,LS,Makina Elemanları,,Atakan Altınkaynak,,,-/-,,0,1,,,,
25534,SBP 4033E,SBP,LS,Rural Settlements and Problems,,Aliye Ahu Gülümser,MMB,Pazartesi,09:30/11:29,,0,1,,,,
25535,SBP 4028E,SBP,LS,Natural Hazards & Urban Safety,,Seda Kundak,MMB,Çarşamba,09:30/12:29,,0,1,,,,
25537,ULP 102,ULP,LS,NewBeg.Fresh.Sem.&Serv toL. II,,Canan Sarıçam,MED,Pazartesi,18:30/20:29,,6,6,,"MBI_LS, SBL_LS, SCE_LS, SEK_LS, SEN_LS, SIN_LS, SIS_LS, SMT_LS, STP_LS",,
25538,ULP 102,ULP,LS,NewBeg.Fresh.Sem.&Serv toL. II,,Cevza Candan,MED,Pazartesi,18:30/20:29,,6,6,,"MBI_LS, SBL_LS, SCE_LS, SEK_LS, SEN_LS, SIN_LS, SIS_LS, SMT_LS, STP_LS",,
25539,ULP 102,ULP,LS,NewBeg.Fresh.Sem.&Serv toL. II,,Deniz Turgay Altılar,MED,Pazartesi,18:30/20:29,,6,6,,"MBI_LS, SBL_LS, SCE_LS, SEK_LS, SEN_LS, SIN_LS, SIS_LS, SMT_LS, STP_LS",,
25540,ULP 102,ULP,LS,NewBeg.Fresh.Sem.&Serv toL. II,,Emine Yaylalı,MED,Pazartesi,18:30/20:29,,6,6,,"MBI_LS, SBL_LS, SCE_LS, SEK_LS, SEN_LS, SIN_LS, SIS_LS, SMT_LS, STP_LS",,
25541,ULP 102,ULP,LS,NewBeg.Fresh.Sem.&Serv toL. II,,Esra Çapanoğlu Güven,MED,Pazartesi,18:30/20:29,,6,6,,"MBI_LS, SBL_LS, SCE_LS, SEK_LS, SEN_LS, SIN_LS, SIS_LS, SMT_LS, STP_LS",,
25542,ULP 102,ULP,LS,NewBeg.Fresh.Sem.&Serv toL. II,,Esra Ece Bayat,MED,Pazartesi,18:30/20:29,,6,6,,"MBI_LS, SBL_LS, SCE_LS, SEK_LS, SEN_LS, SIN_LS, SIS_LS, SMT_LS, STP_LS",,
25543,ULP 102,ULP,LS,NewBeg.Fresh.Sem.&Serv toL. II,,Hatice Camgöz Akdağ,MED,Pazartesi,18:30/20:29,,6,6,,"MBI_LS, SBL_LS, SCE_LS, SEK_LS, SEN_LS, SIN_LS, SIS_LS, SMT_LS, STP_LS",,
25544,ULP 102,ULP,LS,NewBeg.Fresh.Sem.&Serv toL. II,,İbrahim Volkan Kumbaracı,MED,Pazartesi,18:30/20:29,,6,6,,"MBI_LS, SBL_LS, SCE_LS, SEK_LS, SEN_LS, SIN_LS, SIS_LS, SMT_LS, STP_LS",,
25545,ULP 102,ULP,LS,NewBeg.Fresh.Sem.&Serv toL. II,,İpek Akın Karadayı,MED,Pazartesi,18:30/20:29,,6,6,,"MBI_LS, SBL_LS, SCE_LS, SEK_LS, SEN_LS, SIN_LS, SIS_LS, SMT_LS, STP_LS",,
25546,ULP 102,ULP,LS,NewBeg.Fresh.Sem.&Serv toL. II,,İsmail Yalçın Uralcan,MED,Pazartesi,18:30/20:29,,6,6,,"MBI_LS, SBL_LS, SCE_LS, SEK_LS, SEN_LS, SIN_LS, SIS_LS, SMT_LS, STP_LS",,
25547,ULP 102,ULP,LS,NewBeg.Fresh.Sem.&Serv toL. II,,Mehmet Baysan,MED,Pazartesi,18:30/20:29,,6,6,,"MBI_LS, SBL_LS, SCE_LS, SEK_LS, SEN_LS, SIN_LS, SIS_LS, SMT_LS, STP_LS",,
25548,ULP 102,ULP,LS,NewBeg.Fresh.Sem.&Serv toL. II,,Mehmet Özger,MED,Pazartesi,18:30/20:29,,6,6,,"MBI_LS, SBL_LS, SCE_LS, SEK_LS, SEN_LS, SIN_LS, SIS_LS, SMT_LS, STP_LS",,
25549,ULP 102,ULP,LS,NewBeg.Fresh.Sem.&Serv toL. II,,Melek Mümine Erol Taygun,MED,Pazartesi,18:30/20:29,,6,6,,"MBI_LS, SBL_LS, SCE_LS, SEK_LS, SEN_LS, SIN_LS, SIS_LS, SMT_LS, STP_LS",,
25550,ULP 102,ULP,LS,NewBeg.Fresh.Sem.&Serv toL. II,,Meryem Birgül Çolakoğlu,MED,Pazartesi,18:30/20:29,,6,6,,"MBI_LS, SBL_LS, SCE_LS, SEK_LS, SEN_LS, SIN_LS, SIS_LS, SMT_LS, STP_LS",,
25551,ULP 102,ULP,LS,NewBeg.Fresh.Sem.&Serv toL. II,,Mete Han Yağmur,MED,Pazartesi,18:30/20:29,,6,6,,"MBI_LS, SBL_LS, SCE_LS, SEK_LS, SEN_LS, SIN_LS, SIS_LS, SMT_LS, STP_LS",,
25552,ULP 102,ULP,LS,NewBeg.Fresh.Sem.&Serv toL. II,,Mustafa Erden Yıldızdağ,MED,Pazartesi,18:30/20:29,,6,6,,"MBI_LS, SBL_LS, SCE_LS, SEK_LS, SEN_LS, SIN_LS, SIS_LS, SMT_LS, STP_LS",,
25553,ULP 102,ULP,LS,NewBeg.Fresh.Sem.&Serv toL. II,,Özge Bozkurt,MED,Pazartesi,18:30/20:29,,6,6,,"MBI_LS, SBL_LS, SCE_LS, SEK_LS, SEN_LS, SIN_LS, SIS_LS, SMT_LS, STP_LS",,
25554,ULP 102,ULP,LS,NewBeg.Fresh.Sem.&Serv toL. II,,Serkan Şimşek,MED,Pazartesi,18:30/20:29,,6,6,,"MBI_LS, SBL_LS, SCE_LS, SEK_LS, SEN_LS, SIN_LS, SIS_LS, SMT_LS, STP_LS",,
25555,ULP 102,ULP,LS,NewBeg.Fresh.Sem.&Serv toL. II,,Tanzer Satır,MED,Pazartesi,18:30/20:29,,6,6,,"MBI_LS, SBL_LS, SCE_LS, SEK_LS, SEN_LS, SIN_LS, SIS_LS, SMT_LS, STP_LS",,
25558,ULP 102,ULP,LS,NewBeg.Fresh.Sem.&Serv toL. II,,Burcu Güneş,MED,Pazartesi,18:30/20:29,,6,6,,"MBI_LS, SBL_LS, SCE_LS, SEK_LS, SEN_LS, SIN_LS, SIS_LS, SMT_LS, STP_LS",,
25561,ELK 307,ELK,LS,Aydınlatma Tekniği,,Lale Erdem Atılgan,,,-/-,,0,1,,,,
25562,EHB 420,EHB,LS,Yapay Sinir Ağları,,İsa Yıldırım,,,-/-,,0,1,,,,
25563,ELK 313,ELK,LS,Enerji İletim Hatları,,Hatice Lale Zeynelgil,,,-/-,,0,1,,,,
25564,EHB 472E,EHB,LS,Image Processing Fundamentals,,Ender Mete Ekşioğlu,,,-/-,,0,1,,,,
25565,ELK 464,ELK,LS,Elk. Tesislerinde Koruma Tek.,,Hatice Lale Zeynelgil,,,-/-,,0,1,,,,
25566,EHB 475E,EHB,LS,Digital Speech Processing,,Tayfun Akgül,,,-/-,,0,1,,,,
25567,EHB 335,EHB,LS,Analog Elektronik Devreleri,,Nil Banu Tarım,,,-/-,,0,1,,,,
25568,ELK 343,ELK,LS,Elektromekanik Enerji Dönüşümü,,Güven Kömürgöz Kırış,,,-/-,,0,1,,,,
25569,ELK 331,ELK,LS,Güç Elektroniği Devreleri,,Mehmet Onur Gülbahçe,,,-/-,,0,1,,,,
25570,ELK 421,ELK,LS,Elektrik Enerjisi Üretimi,,Belgin Türkay,,,-/-,,0,1,,,,
25571,ELK 342,ELK,LS,Güç Elektroniği Laboratuvarı,,Derya Ahmet Kocabaş,,,-/-,,0,1,,,,
