CRN,Ders Kodu,Branş,Seviye,Ders Adı,Öğretim Yöntemi,Öğretim Üyesi,Bina,Gün,Saat,Derslik,Kontenjan,Yazılan,Rezervasyon,Alabilen Programlar,Önşart,Sınıf/Kredi Önşartı
20001,ING 112,ING,LS,English I,,Damla Aslı Altan,MEDB,Pazartesi,13:30/16:29,,25,25,,"BIO, BIOE, BLG, BLGE, CEV, CEVE, CHZ, CHZE, DEN, DENE, DUIE, ECNE, EHB, EHBE, EHN, ELE, ELH, ELK, ELKE, END, ENDE, EUT, EUTE, FIZ, FIZE, GEM, GEME, GEMK, GEO, GEOE, GID, GIDE, GMIE, ICM, IML, IMLE, INS, INSE, ISL, ISLE, JDF, JEF, JEFE, JEO, JEOE, KIM, KIME, KMM, KMME, KOM, KOME, MAD, MADE, MAK, MAKE, MAT, MATE, MET, METE, MIM, MIME, MTO, MTOE, MUZE, PEM, PEME, PET, PETE, SBP, SBPE, SEH, TEK, TEKE, TEL, UCK, UCKE, UZB, UZBE",,
20002,ING 112,ING,LS,English I,,Damla Aslı Altan,MKB,Salı,08:30/11:29,,25,22,,"BIO, BIOE, BLG, BLGE, CEV, CEVE, CHZ, CHZE, DEN, DENE, DUIE, ECNE, EHB, EHBE, EHN, ELE, ELH, ELK, ELKE, END, ENDE, EUT, EUTE, FIZ, FIZE, GEM, GEME, GEMK, GEO, GEOE, GID, GIDE, GMIE, ICM, IML, IMLE, INS, INSE, ISL, ISLE, JDF, JEF, JEFE, JEO, JEOE, KIM, KIME, KMM, KMME, KOM, KOME, MAD, MADE, MAK, MAKE, MAT, MATE, MET, METE, MIM, MIME, MTO, MTOE, MUZE, PEM, PEME, PET, PETE, SBP, SBPE, SEH, TEK, TEKE, TEL, UCK, UCKE, UZB, UZBE",,
20003,ING 112,ING,LS,English I,,Damla Aslı Altan,MEDB,Çarşamba,08:30/11:29,,23,23,,"BIO, BIOE, BLG, BLGE, CEV, CEVE, CHZ, CHZE, DEN, DENE, DUIE, ECNE, EHB, EHBE, EHN, ELE, ELH, ELK, ELKE, END, ENDE, EUT, EUTE, FIZ, FIZE, GEM, GEME, GEMK, GEO, GEOE, GID, GIDE, GMIE, ICM, IML, IMLE, INS, INSE, ISL, ISLE, JDF, JEF, JEFE, JEO, JEOE, KIM, KIME, KMM, KMME, KOM, KOME, MAD, MADE, MAK, MAKE, MAT, MATE, MET, METE, MIM, MIME, MTO, MTOE, MUZE, PEM, PEME, PET, PETE, SBP, SBPE, SEH, TEK, TEKE, TEL, UCK, UCKE, UZB, UZBE",,
20004,ING 112,ING,LS,English I,,Damla Aslı Altan,MEDB,Perşembe,13:30/16:29,,25,22,,"BIO, BIOE, BLG, BLGE, CEV, CEVE, CHZ, CHZE, DEN, DENE, DUIE, ECNE, EHB, EHBE, EHN, ELE, ELH, ELK, ELKE, END, ENDE, EUT, EUTE, FIZ, FIZE, GEM, GEME, GEMK, GEO, GEOE, GID, GIDE, GMIE, ICM, IML, IMLE, INS, INSE, ISL, ISLE, JDF, JEF, JEFE, JEO, JEOE, KIM, KIME, KMM, KMME, KOM, KOME, MAD, MADE, MAK, MAKE, MAT, MATE, MET, METE, MIM, MIME, MTO, MTOE, MUZE, PEM, PEME, PET, PETE, SBP, SBPE, SEH, TEK, TEKE, TEL, UCK, UCKE, UZB, UZBE",,
20005,ING 101,ING,LS,English I,,Aslı Özkara,MEDB,Pazartesi,13:30/16:29,,30,30,,"BIO, BIOE, BLG, BLGE, CEV, CEVE, CHZ, CHZE, DEN, DENE, DUIE, ECNE, EHB, EHBE, EHN, ELE, ELH, ELK, ELKE, END, ENDE, EUT, EUTE, FIZ, FIZE, GEM, GEME, GEMK, GEO, GEOE, GID, GIDE, GMIE, ICM, IML, IMLE, INS, INSE, ISL, ISLE, JDF, JEF, JEFE, JEO, JEOE, KIM, KIME, KMM, KMME, KOM, KOME, MAD, MADE, MAK, MAKE, MAT, MATE, MET, METE, MIM, MIME, MTO, MTOE, MUZE, PEM, PEME, PET, PETE, SBP, SBPE, SEH, TEK, TEKE, TEL, UCK, UCKE, UZB, UZBE",,
20006,ING 101,ING,LS,English I,,Aslı Özkara,GDB,Salı,13:30/16:29,,30,29,,"BIO, BIOE, BLG, BLGE, CEV, CEVE, CHZ, CHZE, DEN, DENE, DUIE, ECNE, EHB, EHBE, EHN, ELE, ELH, ELK, ELKE, END, ENDE, EUT, EUTE, FIZ, FIZE, GEM, GEME, GEMK, GEO, GEOE, GID, GIDE, GMIE, ICM, IML, IMLE, INS, INSE, ISL, ISLE, JDF, JEF, JEFE, JEO, JEOE, KIM, KIME, KMM, KMME, KOM, KOME, MAD, MADE, MAK, MAKE, MAT, MATE, MET, METE, MIM, MIME, MTO, MTOE, MUZE, PEM, PEME, PET, PETE, SBP, SBPE, SEH, TEK, TEKE, TEL, UCK, UCKE, UZB, UZBE",,
20007,ING 101,ING,LS,English I,,Aslı Özkara,MED,Çarşamba,08:30/11:29,,30,32,,"BIO, BIOE, BLG, BLGE, CEV, CEVE, CHZ, CHZE, DEN, DENE, DUIE, ECNE, EHB, EHBE, EHN, ELE, ELH, ELK, ELKE, END, ENDE, EUT, EUTE, FIZ, FIZE, GEM, GEME, GEMK, GEO, GEOE, GID, GIDE, GMIE, ICM, IML, IMLE, INS, INSE, ISL, ISLE, JDF, JEF, JEFE, JEO, JEOE, KIM, KIME, KMM, KMME, KOM, KOME, MAD, MADE, MAK, MAKE, MAT, MATE, MET, METE, MIM, MIME, MTO, MTOE, MUZE, PEM, PEME, PET, PETE, SBP, SBPE, SEH, TEK, TEKE, TEL, UCK, UCKE, UZB, UZBE",,
20008,ING 101,ING,LS,English I,,Aslı Özkara,MEDB,Perşembe,08:30/11:29,,30,30,,"BIO, BIOE, BLG, BLGE, CEV, CEVE, CHZ, CHZE, DEN, DENE, DUIE, ECNE, EHB, EHBE, EHN, ELE, ELH, ELK, ELKE, END, ENDE, EUT, EUTE, FIZ, FIZE, GEM, GEME, GEMK, GEO, GEOE, GID, GIDE, GMIE, ICM, IML, IMLE, INS, INSE, ISL, ISLE, JDF, JEF, JEFE, JEO, JEOE, KIM, KIME, KMM, KMME, KOM, KOME, MAD, MADE, MAK, MAKE, MAT, MATE, MET, METE, MIM, MIME, MTO, MTOE, MUZE, PEM, PEME, PET, PETE, SBP, SBPE, SEH, TEK, TEKE, TEL, UCK, UCKE, UZB, UZBE",,
20013,ING 112,ING,LS,English I,,Elif Damla Küpeli,MEDB,Pazartesi,13:30/16:29,,25,25,,"BIO, BIOE, BLG, BLGE, CEV, CEVE, CHZ, CHZE, DEN, DENE, DUIE, ECNE, EHB, EHBE, EHN, ELE, ELH, ELK, ELKE, END, ENDE, EUT, EUTE, FIZ, FIZE, GEM, GEME, GEMK, GEO, GEOE, GID, GIDE, GMIE, ICM, IML, IMLE, INS, INSE, ISL, ISLE, JDF, JEF, JEFE, JEO, JEOE, KIM, KIME, KMM, KMME, KOM, KOME, MAD, MADE, MAK, MAKE, MAT, MATE, MET, METE, MIM, MIME, MTO, MTOE, MUZE, PEM, PEME, PET, PETE, SBP, SBPE, SEH, TEK, TEKE, TEL, UCK, UCKE, UZB, UZBE",,
20014,ING 112,ING,LS,English I,,Elif Damla Küpeli,MEDB,Salı,13:30/16:29,,25,25,,"BIO, BIOE, BLG, BLGE, CEV, CEVE, CHZ, CHZE, DEN, DENE, DUIE, ECNE, EHB, EHBE, EHN, ELE, ELH, ELK, ELKE, END, ENDE, EUT, EUTE, FIZ, FIZE, GEM, GEME, GEMK, GEO, GEOE, GID, GIDE, GMIE, ICM, IML, IMLE, INS, INSE, ISL, ISLE, JDF, JEF, JEFE, JEO, JEOE, KIM, KIME, KMM, KMME, KOM, KOME, MAD, MADE, MAK, MAKE, MAT, MATE, MET, METE, MIM, MIME, MTO, MTOE, MUZE, PEM, PEME, PET, PETE, SBP, SBPE, SEH, TEK, TEKE, TEL, UCK, UCKE, UZB, UZBE",,
20016,ING 112,ING,LS,English I,,Elif Damla Küpeli,MEDB,Çarşamba,11:30/14:29,,25,25,,"BIO, BIOE, BLG, BLGE, CEV, CEVE, CHZ, CHZE, DEN, DENE, DUIE, ECNE, EHB, EHBE, EHN, ELE, ELH, ELK, ELKE, END, ENDE, EUT, EUTE, FIZ, FIZE, GEM, GEME, GEMK, GEO, GEOE, GID, GIDE, GMIE, ICM, IML, IMLE, INS, INSE, ISL, ISLE, JDF, JEF, JEFE, JEO, JEOE, KIM, KIME, KMM, KMME, KOM, KOME, MAD, MADE, MAK, MAKE, MAT, MATE, MET, METE, MIM, MIME, MTO, MTOE, MUZE, PEM, PEME, PET, PETE, SBP, SBPE, SEH, TEK, TEKE, TEL, UCK, UCKE, UZB, UZBE",,
20017,ING 112,ING,LS,English I,,Elif Damla Küpeli,MEDB,Perşembe,08:30/11:29,,25,25,,"BIO, BIOE, BLG, BLGE, CEV, CEVE, CHZ, CHZE, DEN, DENE, DUIE, ECNE, EHB, EHBE, EHN, ELE, ELH, ELK, ELKE, END, ENDE, EUT, EUTE, FIZ, FIZE, GEM, GEME, GEMK, GEO, GEOE, GID, GIDE, GMIE, ICM, IML, IMLE, INS, INSE, ISL, ISLE, JDF, JEF, JEFE, JEO, JEOE, KIM, KIME, KMM, KMME, KOM, KOME, MAD, MADE, MAK, MAKE, MAT, MATE, MET, METE, MIM, MIME, MTO, MTOE, MUZE, PEM, PEME, PET, PETE, SBP, SBPE, SEH, TEK, TEKE, TEL, UCK, UCKE, UZB, UZBE",,
20019,ING 112,ING,LS,English I,,İmge Şahin Girtten,MEDB,Salı,13:30/16:29,,25,25,,"BIO, BIOE, BLG, BLGE, CEV, CEVE, CHZ, CHZE, DEN, DENE, DUIE, ECNE, EHB, EHBE, EHN, ELE, ELH, ELK, ELKE, END, ENDE, EUT, EUTE, FIZ, FIZE, GEM, GEME, GEMK, GEO, GEOE, GID, GIDE, GMIE, ICM, IML, IMLE, INS, INSE, ISL, ISLE, JDF, JEF, JEFE, JEO, JEOE, KIM, KIME, KMM, KMME, KOM, KOME, MAD, MADE, MAK, MAKE, MAT, MATE, MET, METE, MIM, MIME, MTO, MTOE, MUZE, PEM, PEME, PET, PETE, SBP, SBPE, SEH, TEK, TEKE, TEL, UCK, UCKE, UZB, UZBE",,
20020,ING 112,ING,LS,English I,,İmge Şahin Girtten,MEDB,Çarşamba,08:30/11:29,,23,23,,"BIO, BIOE, BLG, BLGE, CEV, CEVE, CHZ, CHZE, DEN, DENE, DUIE, ECNE, EHB, EHBE, EHN, ELE, ELH, ELK, ELKE, END, ENDE, EUT, EUTE, FIZ, FIZE, GEM, GEME, GEMK, GEO, GEOE, GID, GIDE, GMIE, ICM, IML, IMLE, INS, INSE, ISL, ISLE, JDF, JEF, JEFE, JEO, JEOE, KIM, KIME, KMM, KMME, KOM, KOME, MAD, MADE, MAK, MAKE, MAT, MATE, MET, METE, MIM, MIME, MTO, MTOE, MUZE, PEM, PEME, PET, PETE, SBP, SBPE, SEH, TEK, TEKE, TEL, UCK, UCKE, UZB, UZBE",,
20021,ING 112,ING,LS,English I,,--,MEDB,Perşembe,13:30/16:29,,0,0,,"BIO, BIOE, BLG, BLGE, CEV, CEVE, CHZ, CHZE, DEN, DENE, DUIE, ECNE, EHB, EHBE, EHN, ELE, ELH, ELK, ELKE, END, ENDE, EUT, EUTE, FIZ, FIZE, GEM, GEME, GEMK, GEO, GEOE, GID, GIDE, GMIE, ICM, IML, IMLE, INS, INSE, ISL, ISLE, JDF, JEF, JEFE, JEO, JEOE, KIM, KIME, KMM, KMME, KOM, KOME, MAD, MADE, MAK, MAKE, MAT, MATE, MET, METE, MIM, MIME, MTO, MTOE, MUZE, PEM, PEME, PET, PETE, SBP, SBPE, SEH, TEK, TEKE, TEL, UCK, UCKE, UZB, UZBE",,
20022,ING 112,ING,LS,English I,,--,---,Salı,13:30/16:29,,0,0,,"BIO, BIOE, BLG, BLGE, CEV, CEVE, CHZ, CHZE, DEN, DENE, DUIE, ECNE, EHB, EHBE, EHN, ELE, ELH, ELK, ELKE, END, ENDE, EUT, EUTE, FIZ, FIZE, GEM, GEME, GEMK, GEO, GEOE, GID, GIDE, GMIE, ICM, IML, IMLE, INS, INSE, ISL, ISLE, JDF, JEF, JEFE, JEO, JEOE, KIM, KIME, KMM, KMME, KOM, KOME, MAD, MADE, MAK, MAKE, MAT, MATE, MET, METE, MIM, MIME, MTO, MTOE, MUZE, PEM, PEME, PET, PETE, SBP, SBPE, SEH, TEK, TEKE, TEL, UCK, UCKE, UZB, UZBE",,
20023,ING 112,ING,LS,English I,,--,MEDB,Cuma,08:30/11:29,,0,0,,"BIO, BIOE, BLG, BLGE, CEV, CEVE, CHZ, CHZE, DEN, DENE, DUIE, ECNE, EHB, EHBE, EHN, ELE, ELH, ELK, ELKE, END, ENDE, EUT, EUTE, FIZ, FIZE, GEM, GEME, GEMK, GEO, GEOE, GID, GIDE, GMIE, ICM, IML, IMLE, INS, INSE, ISL, ISLE, JDF, JEF, JEFE, JEO, JEOE, KIM, KIME, KMM, KMME, KOM, KOME, MAD, MADE, MAK, MAKE, MAT, MATE, MET, METE, MIM, MIME, MTO, MTOE, MUZE, PEM, PEME, PET, PETE, SBP, SBPE, SEH, TEK, TEKE, TEL, UCK, UCKE, UZB, UZBE",,
20024,ING 112,ING,LS,English I,,Hatice Bilgin,MEDB,Pazartesi,08:30/11:29,,25,25,,"BIO, BIOE, BLG, BLGE, CEV, CEVE, CHZ, CHZE, DEN, DENE, DUIE, ECNE, EHB, EHBE, EHN, ELE, ELH, ELK, ELKE, END, ENDE, EUT, EUTE, FIZ, FIZE, GEM, GEME, GEMK, GEO, GEOE, GID, GIDE, GMIE, ICM, IML, IMLE, INS, INSE, ISL, ISLE, JDF, JEF, JEFE, JEO, JEOE, KIM, KIME, KMM, KMME, KOM, KOME, MAD, MADE, MAK, MAKE, MAT, MATE, MET, METE, MIM, MIME, MTO, MTOE, MUZE, PEM, PEME, PET, PETE, SBP, SBPE, SEH, TEK, TEKE, TEL, UCK, UCKE, UZB, UZBE",,
20025,ING 112,ING,LS,English I,,Aslıhan Zengin Günay,MEDB,Çarşamba,08:30/11:29,,24,24,,"BIO, BIOE, BLG, BLGE, CEV, CEVE, CHZ, CHZE, DEN, DENE, DUIE, ECNE, EHB, EHBE, EHN, ELE, ELH, ELK, ELKE, END, ENDE, EUT, EUTE, FIZ, FIZE, GEM, GEME, GEMK, GEO, GEOE, GID, GIDE, GMIE, ICM, IML, IMLE, INS, INSE, ISL, ISLE, JDF, JEF, JEFE, JEO, JEOE, KIM, KIME, KMM, KMME, KOM, KOME, MAD, MADE, MAK, MAKE, MAT, MATE, MET, METE, MIM, MIME, MTO, MTOE, MUZE, PEM, PEME, PET, PETE, SBP, SBPE, SEH, TEK, TEKE, TEL, UCK, UCKE, UZB, UZBE",,
20026,ING 112,ING,LS,English I,,Hatice Bilgin,MEDB,Salı,13:30/16:29,,25,25,,"BIO, BIOE, BLG, BLGE, CEV, CEVE, CHZ, CHZE, DEN, DENE, DUIE, ECNE, EHB, EHBE, EHN, ELE, ELH, ELK, ELKE, END, ENDE, EUT, EUTE, FIZ, FIZE, GEM, GEME, GEMK, GEO, GEOE, GID, GIDE, GMIE, ICM, IML, IMLE, INS, INSE, ISL, ISLE, JDF, JEF, JEFE, JEO, JEOE, KIM, KIME, KMM, KMME, KOM, KOME, MAD, MADE, MAK, MAKE, MAT, MATE, MET, METE, MIM, MIME, MTO, MTOE, MUZE, PEM, PEME, PET, PETE, SBP, SBPE, SEH, TEK, TEKE, TEL, UCK, UCKE, UZB, UZBE",,
20027,ING 112,ING,LS,English I,,--,MEDB,Perşembe,13:30/16:29,,0,0,,"BIO, BIOE, BLG, BLGE, CEV, CEVE, CHZ, CHZE, DEN, DENE, DUIE, ECNE, EHB, EHBE, EHN, ELE, ELH, ELK, ELKE, END, ENDE, EUT, EUTE, FIZ, FIZE, GEM, GEME, GEMK, GEO, GEOE, GID, GIDE, GMIE, ICM, IML, IMLE, INS, INSE, ISL, ISLE, JDF, JEF, JEFE, JEO, JEOE, KIM, KIME, KMM, KMME, KOM, KOME, MAD, MADE, MAK, MAKE, MAT, MATE, MET, METE, MIM, MIME, MTO, MTOE, MUZE, PEM, PEME, PET, PETE, SBP, SBPE, SEH, TEK, TEKE, TEL, UCK, UCKE, UZB, UZBE",,
20028,ING 112,ING,LS,English I,,--,MEDB,Cuma,08:30/11:29,,0,0,,"BIO, BIOE, BLG, BLGE, CEV, CEVE, CHZ, CHZE, DEN, DENE, DUIE, ECNE, EHB, EHBE, EHN, ELE, ELH, ELK, ELKE, END, ENDE, EUT, EUTE, FIZ, FIZE, GEM, GEME, GEMK, GEO, GEOE, GID, GIDE, GMIE, ICM, IML, IMLE, INS, INSE, ISL, ISLE, JDF, JEF, JEFE, JEO, JEOE, KIM, KIME, KMM, KMME, KOM, KOME, MAD, MADE, MAK, MAKE, MAT, MATE, MET, METE, MIM, MIME, MTO, MTOE, MUZE, PEM, PEME, PET, PETE, SBP, SBPE, SEH, TEK, TEKE, TEL, UCK, UCKE, UZB, UZBE",,
20029,ING 201,ING,LS,English III,,Hatice Bilgin,MEDB,Perşembe,08:30/11:29,,32,32,,"BIO, BIOE, BLG, BLGE, CEV, CEVE, CHZ, CHZE, DEN, DENE, ECNE, EHB, EHBE, EHN, ELE, ELH, ELK, ELKE, END, ENDE, EUT, EUTE, FIZ, FIZE, GEM, GEME, GEMK, GEO, GEOE, GID, GIDE, ICM, IML, IMLE, INS, INSE, ISL, ISLE, JDF, JEF, JEFE, JEO, JEOE, KIM, KIME, KMM, KMME, KOM, KOME, MAD, MADE, MAK, MAKE, MAT, MATE, MET, METE, MIM, MIME, MTO, MTOE, MUZE, PEM, PEME, PET, PETE, SBP, SBPE, SEH, TEK, TEKE, TEL, UCK, UCKE, UZB, UZBE",,
20030,ING 103SC,ING,LS,Science Communication,,F. Şehkar F. Kınık,MED,Salı,08:30/11:29,,28,16,,"BIO, BIOE, BLG, BLGE, CEV, CEVE, CHZ, CHZE, DEN, DENE, DUIE, ECNE, EHB, EHBE, EHN, ELE, ELH, ELK, ELKE, END, ENDE, EUT, EUTE, FIZ, FIZE, GEM, GEME, GEMK, GEO, GEOE, GID, GIDE, GMIE, ICM, IML, IMLE, INS, INSE, ISL, ISLE, JDF, JEF, JEFE, JEO, JEOE, KIM, KIME, KMM, KMME, KOM, KOME, MAD, MADE, MAK, MAKE, MAT, MATE, MET, METE, MIM, MIME, MTO, MTOE, PEM, PEME, PET, PETE, SBP, SBPE, SEH, TEK, TEKE, TEL, UCK, UCKE, UZB, UZBE",,
20031,ING 112,ING,LS,English I,,Yurdanur Toktaş,MEDB,Pazartesi,13:30/16:29,,25,24,,"BIO, BIOE, BLG, BLGE, CEV, CEVE, CHZ, CHZE, DEN, DENE, DUIE, ECNE, EHB, EHBE, EHN, ELE, ELH, ELK, ELKE, END, ENDE, EUT, EUTE, FIZ, FIZE, GEM, GEME, GEMK, GEO, GEOE, GID, GIDE, GMIE, ICM, IML, IMLE, INS, INSE, ISL, ISLE, JDF, JEF, JEFE, JEO, JEOE, KIM, KIME, KMM, KMME, KOM, KOME, MAD, MADE, MAK, MAKE, MAT, MATE, MET, METE, MIM, MIME, MTO, MTOE, MUZE, PEM, PEME, PET, PETE, SBP, SBPE, SEH, TEK, TEKE, TEL, UCK, UCKE, UZB, UZBE",,
20032,ING 112,ING,LS,English I,,--,---,Salı,13:30/16:29,,0,0,,"BIO, BIOE, BLG, BLGE, CEV, CEVE, CHZ, CHZE, DEN, DENE, DUIE, ECNE, EHB, EHBE, EHN, ELE, ELH, ELK, ELKE, END, ENDE, EUT, EUTE, FIZ, FIZE, GEM, GEME, GEMK, GEO, GEOE, GID, GIDE, GMIE, ICM, IML, IMLE, INS, INSE, ISL, ISLE, JDF, JEF, JEFE, JEO, JEOE, KIM, KIME, KMM, KMME, KOM, KOME, MAD, MADE, MAK, MAKE, MAT, MATE, MET, METE, MIM, MIME, MTO, MTOE, MUZE, PEM, PEME, PET, PETE, SBP, SBPE, SEH, TEK, TEKE, TEL, UCK, UCKE, UZB, UZBE",,
20033,ING 103SC,ING,LS,Science Communication,,F. Şehkar F. Kınık,MED,Perşembe,08:30/11:29,,28,22,,"BIO, BIOE, BLG, BLGE, CEV, CEVE, CHZ, CHZE, DEN, DENE, DUIE, ECNE, EHB, EHBE, EHN, ELE, ELH, ELK, ELKE, END, ENDE, EUT, EUTE, FIZ, FIZE, GEM, GEME, GEMK, GEO, GEOE, GID, GIDE, GMIE, ICM, IML, IMLE, INS, INSE, ISL, ISLE, JDF, JEF, JEFE, JEO, JEOE, KIM, KIME, KMM, KMME, KOM, KOME, MAD, MADE, MAK, MAKE, MAT, MATE, MET, METE, MIM, MIME, MTO, MTOE, PEM, PEME, PET, PETE, SBP, SBPE, SEH, TEK, TEKE, TEL, UCK, UCKE, UZB, UZBE",,
20034,ING 103ES,ING,LS,Intercultural Citizenship,,Nilüfer Ülker,MDB,Çarşamba,08:30/11:29,,25,22,,"BIO, BIOE, BLG, BLGE, CEV, CEVE, CHZ, CHZE, DEN, DENE, DUIE, ECNE, EHB, EHBE, EHN, ELE, ELH, ELK, ELKE, END, ENDE, EUT, EUTE, FIZ, FIZE, GEM, GEME, GEMK, GEO, GEOE, GID, GIDE, GMIE, ICM, IML, IMLE, INS, INSE, ISL, ISLE, JDF, JEF, JEFE, JEO, JEOE, KIM, KIME, KMM, KMME, KOM, KOME, MAD, MADE, MAK, MAKE, MAT, MATE, MET, METE, MIM, MIME, MTO, MTOE, PEM, PEME, PET, PETE, SBP, SBPE, SEH, TEK, TEKE, TEL, UCK, UCKE, UZB, UZBE",,
20035,ING 112,ING,LS,English I,,Yurdanur Toktaş,ISB,Çarşamba,08:30/11:29,,25,21,,"BIO, BIOE, BLG, BLGE, CEV, CEVE, CHZ, CHZE, DEN, DENE, DUIE, ECNE, EHB, EHBE, EHN, ELE, ELH, ELK, ELKE, END, ENDE, EUT, EUTE, FIZ, FIZE, GEM, GEME, GEMK, GEO, GEOE, GID, GIDE, GMIE, ICM, IML, IMLE, INS, INSE, ISL, ISLE, JDF, JEF, JEFE, JEO, JEOE, KIM, KIME, KMM, KMME, KOM, KOME, MAD, MADE, MAK, MAKE, MAT, MATE, MET, METE, MIM, MIME, MTO, MTOE, MUZE, PEM, PEME, PET, PETE, SBP, SBPE, SEH, TEK, TEKE, TEL, UCK, UCKE, UZB, UZBE",,
20036,ING 112,ING,LS,English I,,Nilüfer Ülker,MEDB,Salı,08:30/11:29,,25,25,,"BIO, BIOE, BLG, BLGE, CEV, CEVE, CHZ, CHZE, DEN, DENE, DUIE, ECNE, EHB, EHBE, EHN, ELE, ELH, ELK, ELKE, END, ENDE, EUT, EUTE, FIZ, FIZE, GEM, GEME, GEMK, GEO, GEOE, GID, GIDE, GMIE, ICM, IML, IMLE, INS, INSE, ISL, ISLE, JDF, JEF, JEFE, JEO, JEOE, KIM, KIME, KMM, KMME, KOM, KOME, MAD, MADE, MAK, MAKE, MAT, MATE, MET, METE, MIM, MIME, MTO, MTOE, MUZE, PEM, PEME, PET, PETE, SBP, SBPE, SEH, TEK, TEKE, TEL, UCK, UCKE, UZB, UZBE",,
20037,ING 103ES,ING,LS,Intercultural Citizenship,,Nilüfer Ülker,MEDB,Perşembe,13:30/16:29,,25,23,,"BIO, BIOE, BLG, BLGE, CEV, CEVE, CHZ, CHZE, DEN, DENE, DUIE, ECNE, EHB, EHBE, EHN, ELE, ELH, ELK, ELKE, END, ENDE, EUT, EUTE, FIZ, FIZE, GEM, GEME, GEMK, GEO, GEOE, GID, GIDE, GMIE, ICM, IML, IMLE, INS, INSE, ISL, ISLE, JDF, JEF, JEFE, JEO, JEOE, KIM, KIME, KMM, KMME, KOM, KOME, MAD, MADE, MAK, MAKE, MAT, MATE, MET, METE, MIM, MIME, MTO, MTOE, PEM, PEME, PET, PETE, SBP, SBPE, SEH, TEK, TEKE, TEL, UCK, UCKE, UZB, UZBE",,
20038,ING 112,ING,LS,English I,,Yurdanur Toktaş,ISB,Perşembe,08:30/11:29,,25,25,,"BIO, BIOE, BLG, BLGE, CEV, CEVE, CHZ, CHZE, DEN, DENE, DUIE, ECNE, EHB, EHBE, EHN, ELE, ELH, ELK, ELKE, END, ENDE, EUT, EUTE, FIZ, FIZE, GEM, GEME, GEMK, GEO, GEOE, GID, GIDE, GMIE, ICM, IML, IMLE, INS, INSE, ISL, ISLE, JDF, JEF, JEFE, JEO, JEOE, KIM, KIME, KMM, KMME, KOM, KOME, MAD, MADE, MAK, MAKE, MAT, MATE, MET, METE, MIM, MIME, MTO, MTOE, MUZE, PEM, PEME, PET, PETE, SBP, SBPE, SEH, TEK, TEKE, TEL, UCK, UCKE, UZB, UZBE",,
20039,ING 112,ING,LS,English I,,Nilüfer Ülker,MEDB,Cuma,08:30/11:29,,25,24,,"BIO, BIOE, BLG, BLGE, CEV, CEVE, CHZ, CHZE, DEN, DENE, DUIE, ECNE, EHB, EHBE, EHN, ELE, ELH, ELK, ELKE, END, ENDE, EUT, EUTE, FIZ, FIZE, GEM, GEME, GEMK, GEO, GEOE, GID, GIDE, GMIE, ICM, IML, IMLE, INS, INSE, ISL, ISLE, JDF, JEF, JEFE, JEO, JEOE, KIM, KIME, KMM, KMME, KOM, KOME, MAD, MADE, MAK, MAKE, MAT, MATE, MET, METE, MIM, MIME, MTO, MTOE, MUZE, PEM, PEME, PET, PETE, SBP, SBPE, SEH, TEK, TEKE, TEL, UCK, UCKE, UZB, UZBE",,
20040,ING 112,ING,LS,English I,,Özlem Ayar Gemalmaz,INB,Pazartesi,13:30/16:29,,25,25,,"BIO, BIOE, BLG, BLGE, CEV, CEVE, CHZ, CHZE, DEN, DENE, DUIE, ECNE, EHB, EHBE, EHN, ELE, ELH, ELK, ELKE, END, ENDE, EUT, EUTE, FIZ, FIZE, GEM, GEME, GEMK, GEO, GEOE, GID, GIDE, GMIE, ICM, IML, IMLE, INS, INSE, ISL, ISLE, JDF, JEF, JEFE, JEO, JEOE, KIM, KIME, KMM, KMME, KOM, KOME, MAD, MADE, MAK, MAKE, MAT, MATE, MET, METE, MIM, MIME, MTO, MTOE, MUZE, PEM, PEME, PET, PETE, SBP, SBPE, SEH, TEK, TEKE, TEL, UCK, UCKE, UZB, UZBE",,
20041,ING 112,ING,LS,English I,,--,---,Salı,13:30/16:29,,0,0,,"BIO, BIOE, BLG, BLGE, CEV, CEVE, CHZ, CHZE, DEN, DENE, DUIE, ECNE, EHB, EHBE, EHN, ELE, ELH, ELK, ELKE, END, ENDE, EUT, EUTE, FIZ, FIZE, GEM, GEME, GEMK, GEO, GEOE, GID, GIDE, GMIE, ICM, IML, IMLE, INS, INSE, ISL, ISLE, JDF, JEF, JEFE, JEO, JEOE, KIM, KIME, KMM, KMME, KOM, KOME, MAD, MADE, MAK, MAKE, MAT, MATE, MET, METE, MIM, MIME, MTO, MTOE, MUZE, PEM, PEME, PET, PETE, SBP, SBPE, SEH, TEK, TEKE, TEL, UCK, UCKE, UZB, UZBE",,
20042,ING 201,ING,LS,English III,,Özlem Ayar Gemalmaz,MEDB,Çarşamba,08:30/11:29,,32,32,,"BIO, BIOE, BLG, BLGE, CEV, CEVE, CHZ, CHZE, DEN, DENE, ECNE, EHB, EHBE, EHN, ELE, ELH, ELK, ELKE, END, ENDE, EUT, EUTE, FIZ, FIZE, GEM, GEME, GEMK, GEO, GEOE, GID, GIDE, ICM, IML, IMLE, INS, INSE, ISL, ISLE, JDF, JEF, JEFE, JEO, JEOE, KIM, KIME, KMM, KMME, KOM, KOME, MAD, MADE, MAK, MAKE, MAT, MATE, MET, METE, MIM, MIME, MTO, MTOE, MUZE, PEM, PEME, PET, PETE, SBP, SBPE, SEH, TEK, TEKE, TEL, UCK, UCKE, UZB, UZBE",,
20043,ING 112,ING,LS,English I,,Özlem Kurnaz,MEDB,Pazartesi,13:30/16:29,,25,25,,"BIO, BIOE, BLG, BLGE, CEV, CEVE, CHZ, CHZE, DEN, DENE, DUIE, ECNE, EHB, EHBE, EHN, ELE, ELH, ELK, ELKE, END, ENDE, EUT, EUTE, FIZ, FIZE, GEM, GEME, GEMK, GEO, GEOE, GID, GIDE, GMIE, ICM, IML, IMLE, INS, INSE, ISL, ISLE, JDF, JEF, JEFE, JEO, JEOE, KIM, KIME, KMM, KMME, KOM, KOME, MAD, MADE, MAK, MAKE, MAT, MATE, MET, METE, MIM, MIME, MTO, MTOE, MUZE, PEM, PEME, PET, PETE, SBP, SBPE, SEH, TEK, TEKE, TEL, UCK, UCKE, UZB, UZBE",,
20044,ING 112,ING,LS,English I,,--,MEDB,Salı,13:30/16:29,,0,0,,"BIO, BIOE, BLG, BLGE, CEV, CEVE, CHZ, CHZE, DEN, DENE, DUIE, ECNE, EHB, EHBE, EHN, ELE, ELH, ELK, ELKE, END, ENDE, EUT, EUTE, FIZ, FIZE, GEM, GEME, GEMK, GEO, GEOE, GID, GIDE, GMIE, ICM, IML, IMLE, INS, INSE, ISL, ISLE, JDF, JEF, JEFE, JEO, JEOE, KIM, KIME, KMM, KMME, KOM, KOME, MAD, MADE, MAK, MAKE, MAT, MATE, MET, METE, MIM, MIME, MTO, MTOE, MUZE, PEM, PEME, PET, PETE, SBP, SBPE, SEH, TEK, TEKE, TEL, UCK, UCKE, UZB, UZBE",,
20045,ING 112,ING,LS,English I,,--,MEDB,Salı,13:30/16:29,,0,0,,"BIO, BIOE, BLG, BLGE, CEV, CEVE, CHZ, CHZE, DEN, DENE, DUIE, ECNE, EHB, EHBE, EHN, ELE, ELH, ELK, ELKE, END, ENDE, EUT, EUTE, FIZ, FIZE, GEM, GEME, GEMK, GEO, GEOE, GID, GIDE, GMIE, ICM, IML, IMLE, INS, INSE, ISL, ISLE, JDF, JEF, JEFE, JEO, JEOE, KIM, KIME, KMM, KMME, KOM, KOME, MAD, MADE, MAK, MAKE, MAT, MATE, MET, METE, MIM, MIME, MTO, MTOE, MUZE, PEM, PEME, PET, PETE, SBP, SBPE, SEH, TEK, TEKE, TEL, UCK, UCKE, UZB, UZBE",,
20046,ING 112,ING,LS,English I,,Seniye Rüyam Artan,MEDB,Çarşamba,08:30/11:29,,24,24,,"BIO, BIOE, BLG, BLGE, CEV, CEVE, CHZ, CHZE, DEN, DENE, DUIE, ECNE, EHB, EHBE, EHN, ELE, ELH, ELK, ELKE, END, ENDE, EUT, EUTE, FIZ, FIZE, GEM, GEME, GEMK, GEO, GEOE, GID, GIDE, GMIE, ICM, IML, IMLE, INS, INSE, ISL, ISLE, JDF, JEF, JEFE, JEO, JEOE, KIM, KIME, KMM, KMME, KOM, KOME, MAD, MADE, MAK, MAKE, MAT, MATE, MET, METE, MIM, MIME, MTO, MTOE, MUZE, PEM, PEME, PET, PETE, SBP, SBPE, SEH, TEK, TEKE, TEL, UCK, UCKE, UZB, UZBE",,
20047,ING 112,ING,LS,English I,,Seniye Rüyam Artan,MEDB,Perşembe,13:30/16:29,,21,21,,"BIO, BIOE, BLG, BLGE, CEV, CEVE, CHZ, CHZE, DEN, DENE, DUIE, ECNE, EHB, EHBE, EHN, ELE, ELH, ELK, ELKE, END, ENDE, EUT, EUTE, FIZ, FIZE, GEM, GEME, GEMK, GEO, GEOE, GID, GIDE, GMIE, ICM, IML, IMLE, INS, INSE, ISL, ISLE, JDF, JEF, JEFE, JEO, JEOE, KIM, KIME, KMM, KMME, KOM, KOME, MAD, MADE, MAK, MAKE, MAT, MATE, MET, METE, MIM, MIME, MTO, MTOE, MUZE, PEM, PEME, PET, PETE, SBP, SBPE, SEH, TEK, TEKE, TEL, UCK, UCKE, UZB, UZBE",,
20048,ING 112,ING,LS,English I,,--,MEDB,Çarşamba,08:30/11:29,,0,0,,"BIO, BIOE, BLG, BLGE, CEV, CEVE, CHZ, CHZE, DEN, DENE, DUIE, ECNE, EHB, EHBE, EHN, ELE, ELH, ELK, ELKE, END, ENDE, EUT, EUTE, FIZ, FIZE, GEM, GEME, GEMK, GEO, GEOE, GID, GIDE, GMIE, ICM, IML, IMLE, INS, INSE, ISL, ISLE, JDF, JEF, JEFE, JEO, JEOE, KIM, KIME, KMM, KMME, KOM, KOME, MAD, MADE, MAK, MAKE, MAT, MATE, MET, METE, MIM, MIME, MTO, MTOE, MUZE, PEM, PEME, PET, PETE, SBP, SBPE, SEH, TEK, TEKE, TEL, UCK, UCKE, UZB, UZBE",,
20049,ING 112,ING,LS,English I,,--,MEDB,Cuma,08:30/11:29,,0,0,,"BIO, BIOE, BLG, BLGE, CEV, CEVE, CHZ, CHZE, DEN, DENE, DUIE, ECNE, EHB, EHBE, EHN, ELE, ELH, ELK, ELKE, END, ENDE, EUT, EUTE, FIZ, FIZE, GEM, GEME, GEMK, GEO, GEOE, GID, GIDE, GMIE, ICM, IML, IMLE, INS, INSE, ISL, ISLE, JDF, JEF, JEFE, JEO, JEOE, KIM, KIME, KMM, KMME, KOM, KOME, MAD, MADE, MAK, MAKE, MAT, MATE, MET, METE, MIM, MIME, MTO, MTOE, MUZE, PEM, PEME, PET, PETE, SBP, SBPE, SEH, TEK, TEKE, TEL, UCK, UCKE, UZB, UZBE",,
20050,ING 112,ING,LS,English I,,Özlem Kurnaz,MEDB,Perşembe,08:30/11:29,,25,25,,"BIO, BIOE, BLG, BLGE, CEV, CEVE, CHZ, CHZE, DEN, DENE, DUIE, ECNE, EHB, EHBE, EHN, ELE, ELH, ELK, ELKE, END, ENDE, EUT, EUTE, FIZ, FIZE, GEM, GEME, GEMK, GEO, GEOE, GID, GIDE, GMIE, ICM, IML, IMLE, INS, INSE, ISL, ISLE, JDF, JEF, JEFE, JEO, JEOE, KIM, KIME, KMM, KMME, KOM, KOME, MAD, MADE, MAK, MAKE, MAT, MATE, MET, METE, MIM, MIME, MTO, MTOE, MUZE, PEM, PEME, PET, PETE, SBP, SBPE, SEH, TEK, TEKE, TEL, UCK, UCKE, UZB, UZBE",,
20051,ING 102,ING,LS,English II,,Sabiha Bahar Arıcı,MEDB,Pazartesi,13:30/16:29,,30,30,,"BIO, BIOE, BLG, BLGE, CEV, CEVE, CHZ, CHZE, DEN, DENE, DUIE, ECNE, EHB, EHBE, EHN, ELE, ELH, ELK, ELKE, END, ENDE, EUT, EUTE, FIZ, FIZE, GEM, GEME, GEMK, GEO, GEOE, GID, GIDE, GMIE, ICM, IML, IMLE, INS, INSE, ISL, ISLE, JDF, JEF, JEFE, JEO, JEOE, KIM, KIME, KMM, KMME, KOM, KOME, MAD, MADE, MAK, MAKE, MAT, MATE, MET, METE, MIM, MIME, MTO, MTOE, MUZE, PEM, PEME, PET, PETE, SBP, SBPE, SEH, TEK, TEKE, TEL, UCK, UCKE, UZB, UZBE",,
20052,ING 112,ING,LS,English I,,--,MEDB,Salı,13:30/16:29,,0,0,,"BIO, BIOE, BLG, BLGE, CEV, CEVE, CHZ, CHZE, DEN, DENE, DUIE, ECNE, EHB, EHBE, EHN, ELE, ELH, ELK, ELKE, END, ENDE, EUT, EUTE, FIZ, FIZE, GEM, GEME, GEMK, GEO, GEOE, GID, GIDE, GMIE, ICM, IML, IMLE, INS, INSE, ISL, ISLE, JDF, JEF, JEFE, JEO, JEOE, KIM, KIME, KMM, KMME, KOM, KOME, MAD, MADE, MAK, MAKE, MAT, MATE, MET, METE, MIM, MIME, MTO, MTOE, MUZE, PEM, PEME, PET, PETE, SBP, SBPE, SEH, TEK, TEKE, TEL, UCK, UCKE, UZB, UZBE",,
20053,ING 102,ING,LS,English II,,Sabiha Bahar Arıcı,MED,Salı,13:30/16:29,,30,32,,"BIO, BIOE, BLG, BLGE, CEV, CEVE, CHZ, CHZE, DEN, DENE, DUIE, ECNE, EHB, EHBE, EHN, ELE, ELH, ELK, ELKE, END, ENDE, EUT, EUTE, FIZ, FIZE, GEM, GEME, GEMK, GEO, GEOE, GID, GIDE, GMIE, ICM, IML, IMLE, INS, INSE, ISL, ISLE, JDF, JEF, JEFE, JEO, JEOE, KIM, KIME, KMM, KMME, KOM, KOME, MAD, MADE, MAK, MAKE, MAT, MATE, MET, METE, MIM, MIME, MTO, MTOE, MUZE, PEM, PEME, PET, PETE, SBP, SBPE, SEH, TEK, TEKE, TEL, UCK, UCKE, UZB, UZBE",,
20054,ING 112,ING,LS,English I,,Zeynep Kurular,MEDB,Çarşamba,08:30/11:29,,25,25,,"BIO, BIOE, BLG, BLGE, CEV, CEVE, CHZ, CHZE, DEN, DENE, DUIE, ECNE, EHB, EHBE, EHN, ELE, ELH, ELK, ELKE, END, ENDE, EUT, EUTE, FIZ, FIZE, GEM, GEME, GEMK, GEO, GEOE, GID, GIDE, GMIE, ICM, IML, IMLE, INS, INSE, ISL, ISLE, JDF, JEF, JEFE, JEO, JEOE, KIM, KIME, KMM, KMME, KOM, KOME, MAD, MADE, MAK, MAKE, MAT, MATE, MET, METE, MIM, MIME, MTO, MTOE, MUZE, PEM, PEME, PET, PETE, SBP, SBPE, SEH, TEK, TEKE, TEL, UCK, UCKE, UZB, UZBE",,
20055,ING 102,ING,LS,English II,,Sabiha Bahar Arıcı,MEDB,Çarşamba,08:30/11:29,,30,31,,"BIO, BIOE, BLG, BLGE, CEV, CEVE, CHZ, CHZE, DEN, DENE, DUIE, ECNE, EHB, EHBE, EHN, ELE, ELH, ELK, ELKE, END, ENDE, EUT, EUTE, FIZ, FIZE, GEM, GEME, GEMK, GEO, GEOE, GID, GIDE, GMIE, ICM, IML, IMLE, INS, INSE, ISL, ISLE, JDF, JEF, JEFE, JEO, JEOE, KIM, KIME, KMM, KMME, KOM, KOME, MAD, MADE, MAK, MAKE, MAT, MATE, MET, METE, MIM, MIME, MTO, MTOE, MUZE, PEM, PEME, PET, PETE, SBP, SBPE, SEH, TEK, TEKE, TEL, UCK, UCKE, UZB, UZBE",,
20056,ING 112,ING,LS,English I,,Zeynep Kurular,MEDB,Perşembe,13:30/16:29,,25,19,,"BIO, BIOE, BLG, BLGE, CEV, CEVE, CHZ, CHZE, DEN, DENE, DUIE, ECNE, EHB, EHBE, EHN, ELE, ELH, ELK, ELKE, END, ENDE, EUT, EUTE, FIZ, FIZE, GEM, GEME, GEMK, GEO, GEOE, GID, GIDE, GMIE, ICM, IML, IMLE, INS, INSE, ISL, ISLE, JDF, JEF, JEFE, JEO, JEOE, KIM, KIME, KMM, KMME, KOM, KOME, MAD, MADE, MAK, MAKE, MAT, MATE, MET, METE, MIM, MIME, MTO, MTOE, MUZE, PEM, PEME, PET, PETE, SBP, SBPE, SEH, TEK, TEKE, TEL, UCK, UCKE, UZB, UZBE",,
20057,ING 102,ING,LS,English II,,Sabiha Bahar Arıcı,FEB,Perşembe,08:30/11:29,,30,32,,"BIO, BIOE, BLG, BLGE, CEV, CEVE, CHZ, CHZE, DEN, DENE, DUIE, ECNE, EHB, EHBE, EHN, ELE, ELH, ELK, ELKE, END, ENDE, EUT, EUTE, FIZ, FIZE, GEM, GEME, GEMK, GEO, GEOE, GID, GIDE, GMIE, ICM, IML, IMLE, INS, INSE, ISL, ISLE, JDF, JEF, JEFE, JEO, JEOE, KIM, KIME, KMM, KMME, KOM, KOME, MAD, MADE, MAK, MAKE, MAT, MATE, MET, METE, MIM, MIME, MTO, MTOE, MUZE, PEM, PEME, PET, PETE, SBP, SBPE, SEH, TEK, TEKE, TEL, UCK, UCKE, UZB, UZBE",,
20058,ING 201,ING,LS,English III,,Yeşim Tekin,MEDB,Salı,13:30/16:29,,32,32,,"BIO, BIOE, BLG, BLGE, CEV, CEVE, CHZ, CHZE, DEN, DENE, ECNE, EHB, EHBE, EHN, ELE, ELH, ELK, ELKE, END, ENDE, EUT, EUTE, FIZ, FIZE, GEM, GEME, GEMK, GEO, GEOE, GID, GIDE, ICM, IML, IMLE, INS, INSE, ISL, ISLE, JDF, JEF, JEFE, JEO, JEOE, KIM, KIME, KMM, KMME, KOM, KOME, MAD, MADE, MAK, MAKE, MAT, MATE, MET, METE, MIM, MIME, MTO, MTOE, MUZE, PEM, PEME, PET, PETE, SBP, SBPE, SEH, TEK, TEKE, TEL, UCK, UCKE, UZB, UZBE",,
20059,ING 201,ING,LS,English III,,Yeşim Tekin,MEDB,Çarşamba,08:30/11:29,,32,32,,"BIO, BIOE, BLG, BLGE, CEV, CEVE, CHZ, CHZE, DEN, DENE, ECNE, EHB, EHBE, EHN, ELE, ELH, ELK, ELKE, END, ENDE, EUT, EUTE, FIZ, FIZE, GEM, GEME, GEMK, GEO, GEOE, GID, GIDE, ICM, IML, IMLE, INS, INSE, ISL, ISLE, JDF, JEF, JEFE, JEO, JEOE, KIM, KIME, KMM, KMME, KOM, KOME, MAD, MADE, MAK, MAKE, MAT, MATE, MET, METE, MIM, MIME, MTO, MTOE, MUZE, PEM, PEME, PET, PETE, SBP, SBPE, SEH, TEK, TEKE, TEL, UCK, UCKE, UZB, UZBE",,
20060,ING 201,ING,LS,English III,,Yeşim Tekin,MEDB,Perşembe,13:30/16:29,,32,32,,"BIO, BIOE, BLG, BLGE, CEV, CEVE, CHZ, CHZE, DEN, DENE, ECNE, EHB, EHBE, EHN, ELE, ELH, ELK, ELKE, END, ENDE, EUT, EUTE, FIZ, FIZE, GEM, GEME, GEMK, GEO, GEOE, GID, GIDE, ICM, IML, IMLE, INS, INSE, ISL, ISLE, JDF, JEF, JEFE, JEO, JEOE, KIM, KIME, KMM, KMME, KOM, KOME, MAD, MADE, MAK, MAKE, MAT, MATE, MET, METE, MIM, MIME, MTO, MTOE, MUZE, PEM, PEME, PET, PETE, SBP, SBPE, SEH, TEK, TEKE, TEL, UCK, UCKE, UZB, UZBE",,
20061,ING 201,ING,LS,English III,,Yeşim Tekin,MEDB,Cuma,08:30/11:29,,32,32,,"BIO, BIOE, BLG, BLGE, CEV, CEVE, CHZ, CHZE, DEN, DENE, ECNE, EHB, EHBE, EHN, ELE, ELH, ELK, ELKE, END, ENDE, EUT, EUTE, FIZ, FIZE, GEM, GEME, GEMK, GEO, GEOE, GID, GIDE, ICM, IML, IMLE, INS, INSE, ISL, ISLE, JDF, JEF, JEFE, JEO, JEOE, KIM, KIME, KMM, KMME, KOM, KOME, MAD, MADE, MAK, MAKE, MAT, MATE, MET, METE, MIM, MIME, MTO, MTOE, MUZE, PEM, PEME, PET, PETE, SBP, SBPE, SEH, TEK, TEKE, TEL, UCK, UCKE, UZB, UZBE",,
20062,ING 112,ING,LS,English I,,--,MEDB,Cuma,08:30/11:29,,0,0,,"BIO, BIOE, BLG, BLGE, CEV, CEVE, CHZ, CHZE, DEN, DENE, DUIE, ECNE, EHB, EHBE, EHN, ELE, ELH, ELK, ELKE, END, ENDE, EUT, EUTE, FIZ, FIZE, GEM, GEME, GEMK, GEO, GEOE, GID, GIDE, GMIE, ICM, IML, IMLE, INS, INSE, ISL, ISLE, JDF, JEF, JEFE, JEO, JEOE, KIM, KIME, KMM, KMME, KOM, KOME, MAD, MADE, MAK, MAKE, MAT, MATE, MET, METE, MIM, MIME, MTO, MTOE, MUZE, PEM, PEME, PET, PETE, SBP, SBPE, SEH, TEK, TEKE, TEL, UCK, UCKE, UZB, UZBE",,
20063,SNT 101,SNT,LS,Heykel Sanatına Bakış,,Tülay Ekler,MMB,Pazartesi,09:30/12:29,,12,15,,"BIO, BLG, CEV, CHZ, DEN, DUI, EHB, ELE, ELH, ELK, END, EUT, FIZ, GEM, GEO, GID, GMI, ICM, IML, INS, ISL, JDF, JEF, JEO, KIM, KMM, KOM, MAD, MAK, MAT, MET, MIM, MTO, PEM, PET, SBP, TEK, TEL, UCK, UZB",,
20064,ITB 020,ITB,LS,Modernitenin Oluşumu,,Emine Aslı Çalkıvik,ISB,Salı,11:30/14:29,,45,44,,"BIO, BLG, CAB, CEV, CHZ, DEN, EHB, ELE, ELH, ELK, END, EUT, FIZ, GEM, GEO, GID, ICM, INS, ISL, JDF, JEF, JEO, KIM, KMM, KMP, KOM, MAD, MAK, MAT, MET, MIM, MTO, MTR, MUT, MUZ, PEM, PET, SBP, SES, TEB, TEK, TEL, THO, UCK, UZB",,
20065,SNT 101,SNT,LS,Heykel Sanatına Bakış,,Tülay Ekler,MMB,Pazartesi,13:30/16:29,,12,12,,"BIO, BLG, CEV, CHZ, DEN, DUI, EHB, ELE, ELH, ELK, END, EUT, FIZ, GEM, GEO, GID, GMI, ICM, IML, INS, ISL, JDF, JEF, JEO, KIM, KMM, KOM, MAD, MAK, MAT, MET, MIM, MTO, PEM, PET, SBP, TEK, TEL, UCK, UZB",,
20066,ING 201,ING,LS,English III,,Zeynep Şişman Şen,MEDB,Pazartesi,13:30/16:29,,32,31,,"BIO, BIOE, BLG, BLGE, CEV, CEVE, CHZ, CHZE, DEN, DENE, ECNE, EHB, EHBE, EHN, ELE, ELH, ELK, ELKE, END, ENDE, EUT, EUTE, FIZ, FIZE, GEM, GEME, GEMK, GEO, GEOE, GID, GIDE, ICM, IML, IMLE, INS, INSE, ISL, ISLE, JDF, JEF, JEFE, JEO, JEOE, KIM, KIME, KMM, KMME, KOM, KOME, MAD, MADE, MAK, MAKE, MAT, MATE, MET, METE, MIM, MIME, MTO, MTOE, MUZE, PEM, PEME, PET, PETE, SBP, SBPE, SEH, TEK, TEKE, TEL, UCK, UCKE, UZB, UZBE",,
20067,ITB 037E,ITB,LS,"Knowledge, Language & Logic",,Aydan Turanlı,MED,Pazartesi,08:30/11:29,,45,41,,"BIO, BIOE, BLG, BLGE, CAB, CEV, CEVE, CHZ, CHZE, DEN, DENE, ECNE, EHB, EHBE, ELE, ELH, ELK, ELKE, END, ENDE, EUT, EUTE, FIZ, FIZE, GEM, GEME, GEMK, GEO, GEOE, GID, GIDE, ICM, IML, IMLE, INS, INSE, ISL, ISLE, JDF, JEF, JEFE, JEO, JEOE, KIM, KIME, KMM, KMME, KMP, KOM, KOME, MAD, MADE, MAK, MAKE, MAT, MATE, MET, METE, MIM, MIME, MTO, MTOE, MTR, MUT, MUZ, MUZE, PEM, PEME, PET, PETE, SBP, SBPE, SES, TEB, TEK, TEKE, TEL, THO, UCK, UCKE, UZB, UZBE",,
20068,ING 201,ING,LS,English III,,Zeynep Şişman Şen,GDB,Çarşamba,08:30/11:29,,30,30,,"BIO, BIOE, BLG, BLGE, CEV, CEVE, CHZ, CHZE, DEN, DENE, ECNE, EHB, EHBE, EHN, ELE, ELH, ELK, ELKE, END, ENDE, EUT, EUTE, FIZ, FIZE, GEM, GEME, GEMK, GEO, GEOE, GID, GIDE, ICM, IML, IMLE, INS, INSE, ISL, ISLE, JDF, JEF, JEFE, JEO, JEOE, KIM, KIME, KMM, KMME, KOM, KOME, MAD, MADE, MAK, MAKE, MAT, MATE, MET, METE, MIM, MIME, MTO, MTOE, MUZE, PEM, PEME, PET, PETE, SBP, SBPE, SEH, TEK, TEKE, TEL, UCK, UCKE, UZB, UZBE",,
20069,ING 201,ING,LS,English III,,Zeynep Şişman Şen,MEDB,Perşembe,13:30/16:29,,32,32,,"BIO, BIOE, BLG, BLGE, CEV, CEVE, CHZ, CHZE, DEN, DENE, ECNE, EHB, EHBE, EHN, ELE, ELH, ELK, ELKE, END, ENDE, EUT, EUTE, FIZ, FIZE, GEM, GEME, GEMK, GEO, GEOE, GID, GIDE, ICM, IML, IMLE, INS, INSE, ISL, ISLE, JDF, JEF, JEFE, JEO, JEOE, KIM, KIME, KMM, KMME, KOM, KOME, MAD, MADE, MAK, MAKE, MAT, MATE, MET, METE, MIM, MIME, MTO, MTOE, MUZE, PEM, PEME, PET, PETE, SBP, SBPE, SEH, TEK, TEKE, TEL, UCK, UCKE, UZB, UZBE",,
20070,SNT 102,SNT,LS,Fotoğraf,,Ahmet Keskin,MMB,Salı,09:30/12:29,,15,15,,"BIO, BLG, CEV, CHZ, DEN, DUI, EHB, ELE, ELH, ELK, END, EUT, FIZ, GEM, GEO, GID, GMI, ICM, IML, INS, ISL, JDF, JEF, JEO, KIM, KMM, KOM, MAD, MAK, MAT, MET, MIM, MTO, PEM, PET, SBP, TEK, TEL, UCK, UZB",,
20071,ING 201,ING,LS,English III,,Ayşe Zeynep Ziya,FEB,Pazartesi,13:30/16:29,,32,32,,"BIO, BIOE, BLG, BLGE, CEV, CEVE, CHZ, CHZE, DEN, DENE, ECNE, EHB, EHBE, EHN, ELE, ELH, ELK, ELKE, END, ENDE, EUT, EUTE, FIZ, FIZE, GEM, GEME, GEMK, GEO, GEOE, GID, GIDE, ICM, IML, IMLE, INS, INSE, ISL, ISLE, JDF, JEF, JEFE, JEO, JEOE, KIM, KIME, KMM, KMME, KOM, KOME, MAD, MADE, MAK, MAKE, MAT, MATE, MET, METE, MIM, MIME, MTO, MTOE, MUZE, PEM, PEME, PET, PETE, SBP, SBPE, SEH, TEK, TEKE, TEL, UCK, UCKE, UZB, UZBE",,
20072,SNT 102,SNT,LS,Fotoğraf,,Hulki Korkut İlhan,MMB,Perşembe,09:30/12:29,,15,14,,"BIO, BLG, CEV, CHZ, DEN, DUI, EHB, ELE, ELH, ELK, END, EUT, FIZ, GEM, GEO, GID, GMI, ICM, IML, INS, ISL, JDF, JEF, JEO, KIM, KMM, KOM, MAD, MAK, MAT, MET, MIM, MTO, PEM, PET, SBP, TEK, TEL, UCK, UZB",,
20073,ING 201,ING,LS,English III,,Ayşe Zeynep Ziya,MMB,Salı,08:30/11:29,,32,33,,"BIO, BIOE, BLG, BLGE, CEV, CEVE, CHZ, CHZE, DEN, DENE, ECNE, EHB, EHBE, EHN, ELE, ELH, ELK, ELKE, END, ENDE, EUT, EUTE, FIZ, FIZE, GEM, GEME, GEMK, GEO, GEOE, GID, GIDE, ICM, IML, IMLE, INS, INSE, ISL, ISLE, JDF, JEF, JEFE, JEO, JEOE, KIM, KIME, KMM, KMME, KOM, KOME, MAD, MADE, MAK, MAKE, MAT, MATE, MET, METE, MIM, MIME, MTO, MTOE, MUZE, PEM, PEME, PET, PETE, SBP, SBPE, SEH, TEK, TEKE, TEL, UCK, UCKE, UZB, UZBE",,
20074,ING 112,ING,LS,English I,,Emel Çağlar,INB,Pazartesi,13:30/16:29,,25,25,,"BIO, BIOE, BLG, BLGE, CEV, CEVE, CHZ, CHZE, DEN, DENE, DUIE, ECNE, EHB, EHBE, EHN, ELE, ELH, ELK, ELKE, END, ENDE, EUT, EUTE, FIZ, FIZE, GEM, GEME, GEMK, GEO, GEOE, GID, GIDE, GMIE, ICM, IML, IMLE, INS, INSE, ISL, ISLE, JDF, JEF, JEFE, JEO, JEOE, KIM, KIME, KMM, KMME, KOM, KOME, MAD, MADE, MAK, MAKE, MAT, MATE, MET, METE, MIM, MIME, MTO, MTOE, MUZE, PEM, PEME, PET, PETE, SBP, SBPE, SEH, TEK, TEKE, TEL, UCK, UCKE, UZB, UZBE",,
20075,ING 201,ING,LS,English III,,Ayşe Zeynep Ziya,FEB,Perşembe,13:30/16:29,,26,26,,"BIO, BIOE, BLG, BLGE, CEV, CEVE, CHZ, CHZE, DEN, DENE, ECNE, EHB, EHBE, EHN, ELE, ELH, ELK, ELKE, END, ENDE, EUT, EUTE, FIZ, FIZE, GEM, GEME, GEMK, GEO, GEOE, GID, GIDE, ICM, IML, IMLE, INS, INSE, ISL, ISLE, JDF, JEF, JEFE, JEO, JEOE, KIM, KIME, KMM, KMME, KOM, KOME, MAD, MADE, MAK, MAKE, MAT, MATE, MET, METE, MIM, MIME, MTO, MTOE, MUZE, PEM, PEME, PET, PETE, SBP, SBPE, SEH, TEK, TEKE, TEL, UCK, UCKE, UZB, UZBE",,
20076,SNT 102,SNT,LS,Fotoğraf,,Hulki Korkut İlhan,MMB,Perşembe,13:30/16:29,,15,17,,"BIO, BLG, CEV, CHZ, DEN, DUI, EHB, ELE, ELH, ELK, END, EUT, FIZ, GEM, GEO, GID, GMI, ICM, IML, INS, ISL, JDF, JEF, JEO, KIM, KMM, KOM, MAD, MAK, MAT, MET, MIM, MTO, PEM, PET, SBP, TEK, TEL, UCK, UZB",,
20077,ING 201,ING,LS,English III,,Ayşe Zeynep Ziya,MMB,Cuma,08:30/11:29,,32,32,,"BIO, BIOE, BLG, BLGE, CEV, CEVE, CHZ, CHZE, DEN, DENE, ECNE, EHB, EHBE, EHN, ELE, ELH, ELK, ELKE, END, ENDE, EUT, EUTE, FIZ, FIZE, GEM, GEME, GEMK, GEO, GEOE, GID, GIDE, ICM, IML, IMLE, INS, INSE, ISL, ISLE, JDF, JEF, JEFE, JEO, JEOE, KIM, KIME, KMM, KMME, KOM, KOME, MAD, MADE, MAK, MAKE, MAT, MATE, MET, METE, MIM, MIME, MTO, MTOE, MUZE, PEM, PEME, PET, PETE, SBP, SBPE, SEH, TEK, TEKE, TEL, UCK, UCKE, UZB, UZBE",,
20079,ITB 094E,ITB,LS,International.Rel.and Globali.,,Umut Uzer,MED,Perşembe,11:30/14:29,,45,43,,"BIO, BIOE, BLG, BLGE, CAB, CEV, CEVE, CHZ, CHZE, DEN, DENE, ECNE, EHB, EHBE, ELE, ELH, ELK, ELKE, END, ENDE, EUT, EUTE, FIZ, FIZE, GEM, GEME, GEMK, GEO, GEOE, GID, GIDE, ICM, IML, IMLE, INS, INSE, ISL, ISLE, JDF, JEF, JEFE, JEO, JEOE, KIM, KIME, KMM, KMME, KMP, KOM, KOME, MAD, MADE, MAK, MAKE, MAT, MATE, MET, METE, MIM, MIME, MTO, MTOE, MTR, MUT, MUZ, MUZE, PEM, PEME, PET, PETE, SBP, SBPE, SES, TEB, TEK, TEKE, TEL, THO, UCK, UCKE, UZB, UZBE",,
20080,SNT 102E,SNT,LS,Photography,,Hulki Korkut İlhan,MMB,Cuma,09:30/12:29,,15,16,,"BIO, BIOE, BLG, BLGE, CEV, CEVE, CHZ, CHZE, DEN, DENE, ECNE, EHB, EHBE, ELE, ELH, ELK, ELKE, END, ENDE, EUT, EUTE, FIZ, FIZE, GEM, GEME, GEMK, GEO, GEOE, GID, GIDE, GMI, GMIE, ICM, ICME, IML, IMLE, INS, INSE, ISL, ISLE, JDF, JEF, JEFE, JEO, JEOE, KIM, KIME, KMM, KMME, KOM, KOME, MAD, MADE, MAK, MAKE, MAT, MATE, MET, METE, MIM, MIME, MTO, MTOE, PEM, PEME, PET, PETE, SBP, SBPE, TEK, TEKE, TEL, UCK, UCKE, UZB, UZBE",,
20081,SNT 102E,SNT,LS,Photography,,Eylül Doğruel,MMB,Salı,13:30/16:29,,15,17,,"BIO, BIOE, BLG, BLGE, CEV, CEVE, CHZ, CHZE, DEN, DENE, ECNE, EHB, EHBE, ELE, ELH, ELK, ELKE, END, ENDE, EUT, EUTE, FIZ, FIZE, GEM, GEME, GEMK, GEO, GEOE, GID, GIDE, GMI, GMIE, ICM, ICME, IML, IMLE, INS, INSE, ISL, ISLE, JDF, JEF, JEFE, JEO, JEOE, KIM, KIME, KMM, KMME, KOM, KOME, MAD, MADE, MAK, MAKE, MAT, MATE, MET, METE, MIM, MIME, MTO, MTOE, PEM, PEME, PET, PETE, SBP, SBPE, TEK, TEKE, TEL, UCK, UCKE, UZB, UZBE",,
20082,SNT 103,SNT,LS,Desen,,Ferhan Gözgü Çelik,MMB,Pazartesi,09:30/12:29,,12,12,,"BIO, BLG, CEV, CHZ, DEN, DUI, EHB, ELE, ELH, ELK, END, EUT, FIZ, GEM, GEO, GID, GMI, ICM, IML, INS, ISL, JDF, JEF, JEO, KIM, KMM, KOM, MAD, MAK, MAT, MET, MIM, MTO, PEM, PET, SBP, TEK, TEL, UCK, UZB",,
20083,SNT 103,SNT,LS,Desen,,Selçuk Fergöğce,MMB,Cuma,09:30/12:29,,15,15,,"BIO, BLG, CEV, CHZ, DEN, DUI, EHB, ELE, ELH, ELK, END, EUT, FIZ, GEM, GEO, GID, GMI, ICM, IML, INS, ISL, JDF, JEF, JEO, KIM, KMM, KOM, MAD, MAK, MAT, MET, MIM, MTO, PEM, PET, SBP, TEK, TEL, UCK, UZB",,
20084,SNT 103,SNT,LS,Desen,,Selçuk Fergöğce,MMB,Cuma,13:30/16:29,,15,15,,"BIO, BLG, CEV, CHZ, DEN, DUI, EHB, ELE, ELH, ELK, END, EUT, FIZ, GEM, GEO, GID, GMI, ICM, IML, INS, ISL, JDF, JEF, JEO, KIM, KMM, KOM, MAD, MAK, MAT, MET, MIM, MTO, PEM, PET, SBP, TEK, TEL, UCK, UZB",,
20085,SNT 103,SNT,LS,Desen,,Pınar Genç,MEDB,Salı,13:30/16:29,,15,15,,"BIO, BLG, CEV, CHZ, DEN, DUI, EHB, ELE, ELH, ELK, END, EUT, FIZ, GEM, GEO, GID, GMI, ICM, IML, INS, ISL, JDF, JEF, JEO, KIM, KMM, KOM, MAD, MAK, MAT, MET, MIM, MTO, PEM, PET, SBP, TEK, TEL, UCK, UZB",,
20087,ITB 094E,ITB,LS,International.Rel.and Globali.,,Umut Uzer,MED,Perşembe,14:30/17:29,,45,48,,"BIO, BIOE, BLG, BLGE, CAB, CEV, CEVE, CHZ, CHZE, DEN, DENE, ECNE, EHB, EHBE, ELE, ELH, ELK, ELKE, END, ENDE, EUT, EUTE, FIZ, FIZE, GEM, GEME, GEMK, GEO, GEOE, GID, GIDE, ICM, IML, IMLE, INS, INSE, ISL, ISLE, JDF, JEF, JEFE, JEO, JEOE, KIM, KIME, KMM, KMME, KMP, KOM, KOME, MAD, MADE, MAK, MAKE, MAT, MATE, MET, METE, MIM, MIME, MTO, MTOE, MTR, MUT, MUZ, MUZE, PEM, PEME, PET, PETE, SBP, SBPE, SES, TEB, TEK, TEKE, TEL, THO, UCK, UCKE, UZB, UZBE",,
20088,SNT 103E,SNT,LS,Drawing,,Meliha Sözeri,MMB,Çarşamba,09:30/12:29,,15,15,,"BIO, BIOE, BLG, BLGE, CEV, CEVE, CHZ, CHZE, DEN, DENE, ECNE, EHB, EHBE, ELE, ELH, ELK, ELKE, END, ENDE, EUT, EUTE, FIZ, FIZE, GEM, GEME, GEMK, GEO, GEOE, GID, GIDE, GMI, GMIE, ICM, ICME, IML, IMLE, INS, INSE, ISL, ISLE, JDF, JEF, JEFE, JEO, JEOE, KIM, KIME, KMM, KMME, KOM, KOME, MAD, MADE, MAK, MAKE, MAT, MATE, MET, METE, MIM, MIME, MTO, MTOE, PEM, PEME, PET, PETE, SBP, SBPE, TEK, TEKE, TEL, UCK, UCKE, UZB, UZBE",,
20089,SNT 104,SNT,LS,Mitoloji ve Sanat,,Yasemin Dora,MKB,Cuma,09:30/12:29,,20,20,,"BIO, BLG, CEV, CHZ, DEN, DUI, EHB, ELE, ELH, ELK, END, EUT, FIZ, GEM, GEO, GID, GMI, ICM, IML, INS, ISL, JDF, JEF, JEO, KIM, KMM, KOM, MAD, MAK, MAT, MET, MIM, MTO, PEM, PET, SBP, TEK, TEL, UCK, UZB",,
20090,ITB 202,ITB,LS,Dünya Tarihi,,Fatma Sel Turhan,FEB,Çarşamba,11:30/14:29,,45,42,,"BIO, BLG, CAB, CEV, CHZ, DEN, DUI, EHB, ELE, ELH, ELK, END, EUT, FIZ, GEM, GEO, GID, ICM, INS, ISL, JDF, JEF, JEO, KIM, KMM, KMP, KOM, MAD, MAK, MAT, MET, MIM, MTO, MTR, MUT, MUZ, PEM, PET, SBP, SES, TEB, TEK, TEL, THO, UCK, UZB",,
20091,SNT 105,SNT,LS,Sinema Sanatı,,Murat Özen,MKB,Pazartesi,13:30/16:29,,20,21,,"BIO, BLG, CEV, CHZ, DEN, DUI, EHB, ELE, ELH, ELK, END, EUT, FIZ, GEM, GEO, GID, GMI, ICM, IML, INS, ISL, JDF, JEF, JEO, KIM, KMM, KOM, MAD, MAK, MAT, MET, MIM, MTO, PEM, PET, SBP, TEK, TEL, UCK, UZB",,
20092,ITB 202,ITB,LS,Dünya Tarihi,,Ebubekir Ceylan,FEB,Salı,08:30/11:29,,45,40,,"BIO, BLG, CAB, CEV, CHZ, DEN, DUI, EHB, ELE, ELH, ELK, END, EUT, FIZ, GEM, GEO, GID, ICM, INS, ISL, JDF, JEF, JEO, KIM, KMM, KMP, KOM, MAD, MAK, MAT, MET, MIM, MTO, MTR, MUT, MUZ, PEM, PET, SBP, SES, TEB, TEK, TEL, THO, UCK, UZB",,
20093,SNT 105,SNT,LS,Sinema Sanatı,,Emin Alper,MED,Salı,09:30/12:29,,25,24,,"BIO, BLG, CEV, CHZ, DEN, DUI, EHB, ELE, ELH, ELK, END, EUT, FIZ, GEM, GEO, GID, GMI, ICM, IML, INS, ISL, JDF, JEF, JEO, KIM, KMM, KOM, MAD, MAK, MAT, MET, MIM, MTO, PEM, PET, SBP, TEK, TEL, UCK, UZB",,
20094,SNT 105,SNT,LS,Sinema Sanatı,,Emin Alper,MED,Salı,13:30/16:29,,25,25,,"BIO, BLG, CEV, CHZ, DEN, DUI, EHB, ELE, ELH, ELK, END, EUT, FIZ, GEM, GEO, GID, GMI, ICM, IML, INS, ISL, JDF, JEF, JEO, KIM, KMM, KOM, MAD, MAK, MAT, MET, MIM, MTO, PEM, PET, SBP, TEK, TEL, UCK, UZB",,
20095,SNT 105E,SNT,LS,Film Art,,Kağan Demirdöven,MED,Perşembe,09:30/12:29,,25,26,,"BIO, BIOE, BLG, BLGE, CEV, CEVE, CHZ, CHZE, DEN, DENE, ECNE, EHB, EHBE, ELE, ELH, ELK, ELKE, END, ENDE, EUT, EUTE, FIZ, FIZE, GEM, GEME, GEMK, GEO, GEOE, GID, GIDE, GMI, GMIE, ICM, ICME, IML, IMLE, INS, INSE, ISL, ISLE, JDF, JEF, JEFE, JEO, JEOE, KIM, KIME, KMM, KMME, KOM, KOME, MAD, MADE, MAK, MAKE, MAT, MATE, MET, METE, MIM, MIME, MTO, MTOE, PEM, PEME, PET, PETE, SBPE, TEK, TEKE, TEL, UCK, UCKE, UZB, UZBE",,
20097,SNT 105E,SNT,LS,Film Art,,Kağan Demirdöven,MEDB,Perşembe,13:30/16:29,,25,25,,"BIO, BIOE, BLG, BLGE, CEV, CEVE, CHZ, CHZE, DEN, DENE, ECNE, EHB, EHBE, ELE, ELH, ELK, ELKE, END, ENDE, EUT, EUTE, FIZ, FIZE, GEM, GEME, GEMK, GEO, GEOE, GID, GIDE, GMI, GMIE, ICM, ICME, IML, IMLE, INS, INSE, ISL, ISLE, JDF, JEF, JEFE, JEO, JEOE, KIM, KIME, KMM, KMME, KOM, KOME, MAD, MADE, MAK, MAKE, MAT, MATE, MET, METE, MIM, MIME, MTO, MTOE, PEM, PEME, PET, PETE, SBPE, TEK, TEKE, TEL, UCK, UCKE, UZB, UZBE",,
20098,SNT 105E,SNT,LS,Film Art,,Selime Büyükgöze,MED,Pazartesi,09:30/12:29,,30,30,,"BIO, BIOE, BLG, BLGE, CEV, CEVE, CHZ, CHZE, DEN, DENE, ECNE, EHB, EHBE, ELE, ELH, ELK, ELKE, END, ENDE, EUT, EUTE, FIZ, FIZE, GEM, GEME, GEMK, GEO, GEOE, GID, GIDE, GMI, GMIE, ICM, ICME, IML, IMLE, INS, INSE, ISL, ISLE, JDF, JEF, JEFE, JEO, JEOE, KIM, KIME, KMM, KMME, KOM, KOME, MAD, MADE, MAK, MAKE, MAT, MATE, MET, METE, MIM, MIME, MTO, MTOE, PEM, PEME, PET, PETE, SBPE, TEK, TEKE, TEL, UCK, UCKE, UZB, UZBE",,
20100,SNT 105E,SNT,LS,Film Art,,Gamze Konca,MMB,Çarşamba,09:30/12:29,,20,22,,"BIO, BIOE, BLG, BLGE, CEV, CEVE, CHZ, CHZE, DEN, DENE, ECNE, EHB, EHBE, ELE, ELH, ELK, ELKE, END, ENDE, EUT, EUTE, FIZ, FIZE, GEM, GEME, GEMK, GEO, GEOE, GID, GIDE, GMI, GMIE, ICM, ICME, IML, IMLE, INS, INSE, ISL, ISLE, JDF, JEF, JEFE, JEO, JEOE, KIM, KIME, KMM, KMME, KOM, KOME, MAD, MADE, MAK, MAKE, MAT, MATE, MET, METE, MIM, MIME, MTO, MTOE, PEM, PEME, PET, PETE, SBPE, TEK, TEKE, TEL, UCK, UCKE, UZB, UZBE",,
20101,ING 201,ING,LS,English III,,Ebru Yetiş,MEDB,Pazartesi,13:30/16:29,,32,32,,"BIO, BIOE, BLG, BLGE, CEV, CEVE, CHZ, CHZE, DEN, DENE, ECNE, EHB, EHBE, EHN, ELE, ELH, ELK, ELKE, END, ENDE, EUT, EUTE, FIZ, FIZE, GEM, GEME, GEMK, GEO, GEOE, GID, GIDE, ICM, IML, IMLE, INS, INSE, ISL, ISLE, JDF, JEF, JEFE, JEO, JEOE, KIM, KIME, KMM, KMME, KOM, KOME, MAD, MADE, MAK, MAKE, MAT, MATE, MET, METE, MIM, MIME, MTO, MTOE, MUZE, PEM, PEME, PET, PETE, SBP, SBPE, SEH, TEK, TEKE, TEL, UCK, UCKE, UZB, UZBE",,
20102,ING 112,ING,LS,English I,,Emel Çağlar,INB,Salı,13:30/16:29,,25,25,,"BIO, BIOE, BLG, BLGE, CEV, CEVE, CHZ, CHZE, DEN, DENE, DUIE, ECNE, EHB, EHBE, EHN, ELE, ELH, ELK, ELKE, END, ENDE, EUT, EUTE, FIZ, FIZE, GEM, GEME, GEMK, GEO, GEOE, GID, GIDE, GMIE, ICM, IML, IMLE, INS, INSE, ISL, ISLE, JDF, JEF, JEFE, JEO, JEOE, KIM, KIME, KMM, KMME, KOM, KOME, MAD, MADE, MAK, MAKE, MAT, MATE, MET, METE, MIM, MIME, MTO, MTOE, MUZE, PEM, PEME, PET, PETE, SBP, SBPE, SEH, TEK, TEKE, TEL, UCK, UCKE, UZB, UZBE",,
20103,SNT 106,SNT,LS,Geleneks. Türk El Sanatları,,Ayşe Yivlik Neftçi,MED,Çarşamba,09:30/12:29,,20,27,,"BIO, BLG, CEV, CHZ, DEN, DUI, EHB, ELE, ELH, ELK, END, EUT, FIZ, GEM, GEO, GID, GMI, ICM, IML, INS, ISL, JDF, JEF, JEO, KIM, KMM, KOM, MAD, MAK, MAT, MET, MIM, MTO, PEM, PET, SBP, TEK, TEL, UCK, UZB",,
20104,ING 201,ING,LS,English III,,Ebru Yetiş,EEB,Salı,13:30/16:29,,32,32,,"BIO, BIOE, BLG, BLGE, CEV, CEVE, CHZ, CHZE, DEN, DENE, ECNE, EHB, EHBE, EHN, ELE, ELH, ELK, ELKE, END, ENDE, EUT, EUTE, FIZ, FIZE, GEM, GEME, GEMK, GEO, GEOE, GID, GIDE, ICM, IML, IMLE, INS, INSE, ISL, ISLE, JDF, JEF, JEFE, JEO, JEOE, KIM, KIME, KMM, KMME, KOM, KOME, MAD, MADE, MAK, MAKE, MAT, MATE, MET, METE, MIM, MIME, MTO, MTOE, MUZE, PEM, PEME, PET, PETE, SBP, SBPE, SEH, TEK, TEKE, TEL, UCK, UCKE, UZB, UZBE",,
20105,ING 201,ING,LS,English III,,Ebru Yetiş,EEB,Perşembe,08:30/11:29,,32,32,,"BIO, BIOE, BLG, BLGE, CEV, CEVE, CHZ, CHZE, DEN, DENE, ECNE, EHB, EHBE, EHN, ELE, ELH, ELK, ELKE, END, ENDE, EUT, EUTE, FIZ, FIZE, GEM, GEME, GEMK, GEO, GEOE, GID, GIDE, ICM, IML, IMLE, INS, INSE, ISL, ISLE, JDF, JEF, JEFE, JEO, JEOE, KIM, KIME, KMM, KMME, KOM, KOME, MAD, MADE, MAK, MAKE, MAT, MATE, MET, METE, MIM, MIME, MTO, MTOE, MUZE, PEM, PEME, PET, PETE, SBP, SBPE, SEH, TEK, TEKE, TEL, UCK, UCKE, UZB, UZBE",,
20106,SNT 106E,SNT,LS,Traditional Turkish ..,,Aslıhan Erkmen Birkandan,MED,Perşembe,09:30/12:29,,20,20,,"BIO, BIOE, BLG, BLGE, CEV, CEVE, CHZ, CHZE, DEN, DENE, ECNE, EHB, EHBE, ELE, ELH, ELK, ELKE, END, ENDE, EUT, EUTE, FIZ, FIZE, GEM, GEME, GEMK, GEO, GEOE, GID, GIDE, GMI, GMIE, ICM, ICME, IML, IMLE, INS, INSE, ISL, ISLE, JDF, JEF, JEFE, JEO, JEOE, KIM, KIME, KMM, KMME, KOM, KOME, MAD, MADE, MAK, MAKE, MAT, MATE, MET, METE, MIM, MIME, MTO, MTOE, PEM, PEME, PET, PETE, SBPE, TEK, TEKE, TEL, UCK, UCKE, UZB, UZBE",,
20107,ING 112,ING,LS,English I,,Emel Çağlar,INB,Perşembe,08:30/11:29,,25,25,,"BIO, BIOE, BLG, BLGE, CEV, CEVE, CHZ, CHZE, DEN, DENE, DUIE, ECNE, EHB, EHBE, EHN, ELE, ELH, ELK, ELKE, END, ENDE, EUT, EUTE, FIZ, FIZE, GEM, GEME, GEMK, GEO, GEOE, GID, GIDE, GMIE, ICM, IML, IMLE, INS, INSE, ISL, ISLE, JDF, JEF, JEFE, JEO, JEOE, KIM, KIME, KMM, KMME, KOM, KOME, MAD, MADE, MAK, MAKE, MAT, MATE, MET, METE, MIM, MIME, MTO, MTOE, MUZE, PEM, PEME, PET, PETE, SBP, SBPE, SEH, TEK, TEKE, TEL, UCK, UCKE, UZB, UZBE",,
20108,ING 201,ING,LS,English III,,Ebru Yetiş,GDB,Çarşamba,08:30/11:29,,32,32,,"BIO, BIOE, BLG, BLGE, CEV, CEVE, CHZ, CHZE, DEN, DENE, ECNE, EHB, EHBE, EHN, ELE, ELH, ELK, ELKE, END, ENDE, EUT, EUTE, FIZ, FIZE, GEM, GEME, GEMK, GEO, GEOE, GID, GIDE, ICM, IML, IMLE, INS, INSE, ISL, ISLE, JDF, JEF, JEFE, JEO, JEOE, KIM, KIME, KMM, KMME, KOM, KOME, MAD, MADE, MAK, MAKE, MAT, MATE, MET, METE, MIM, MIME, MTO, MTOE, MUZE, PEM, PEME, PET, PETE, SBP, SBPE, SEH, TEK, TEKE, TEL, UCK, UCKE, UZB, UZBE",,
20109,SNT 107,SNT,LS,İlkçağ Anadolu Uygarlıkları,,Ayşe Yivlik Neftçi,MED,Pazartesi,09:30/12:29,,20,20,,"BIO, BLG, CEV, CHZ, DEN, DUI, EHB, ELE, ELH, ELK, END, EUT, FIZ, GEM, GEO, GID, GMI, ICM, IML, INS, ISL, JDF, JEF, JEO, KIM, KMM, KOM, MAD, MAK, MAT, MET, MIM, MTO, PEM, PET, SBP, TEK, TEL, UCK, UZB",,
20110,ING 112,ING,LS,English I,,--,INB,Cuma,08:30/11:29,,0,0,,"BIO, BIOE, BLG, BLGE, CEV, CEVE, CHZ, CHZE, DEN, DENE, DUIE, ECNE, EHB, EHBE, EHN, ELE, ELH, ELK, ELKE, END, ENDE, EUT, EUTE, FIZ, FIZE, GEM, GEME, GEMK, GEO, GEOE, GID, GIDE, GMIE, ICM, IML, IMLE, INS, INSE, ISL, ISLE, JDF, JEF, JEFE, JEO, JEOE, KIM, KIME, KMM, KMME, KOM, KOME, MAD, MADE, MAK, MAKE, MAT, MATE, MET, METE, MIM, MIME, MTO, MTOE, MUZE, PEM, PEME, PET, PETE, SBP, SBPE, SEH, TEK, TEKE, TEL, UCK, UCKE, UZB, UZBE",,
20111,ING 201,ING,LS,English III,,Emine Sari Altındağ,MED,Pazartesi,08:30/11:29,,32,32,,"BIO, BIOE, BLG, BLGE, CEV, CEVE, CHZ, CHZE, DEN, DENE, ECNE, EHB, EHBE, EHN, ELE, ELH, ELK, ELKE, END, ENDE, EUT, EUTE, FIZ, FIZE, GEM, GEME, GEMK, GEO, GEOE, GID, GIDE, ICM, IML, IMLE, INS, INSE, ISL, ISLE, JDF, JEF, JEFE, JEO, JEOE, KIM, KIME, KMM, KMME, KOM, KOME, MAD, MADE, MAK, MAKE, MAT, MATE, MET, METE, MIM, MIME, MTO, MTOE, MUZE, PEM, PEME, PET, PETE, SBP, SBPE, SEH, TEK, TEKE, TEL, UCK, UCKE, UZB, UZBE",,
20112,SNT 107,SNT,LS,İlkçağ Anadolu Uygarlıkları,,Ali Hakan Eğilmez,MED,Perşembe,13:30/16:29,,35,32,,"BIO, BLG, CEV, CHZ, DEN, DUI, EHB, ELE, ELH, ELK, END, EUT, FIZ, GEM, GEO, GID, GMI, ICM, IML, INS, ISL, JDF, JEF, JEO, KIM, KMM, KOM, MAD, MAK, MAT, MET, MIM, MTO, PEM, PET, SBP, TEK, TEL, UCK, UZB",,
20113,ING 201,ING,LS,English III,,Gamze Moran,INB,Pazartesi,13:30/16:29,,32,32,,"BIO, BIOE, BLG, BLGE, CEV, CEVE, CHZ, CHZE, DEN, DENE, ECNE, EHB, EHBE, EHN, ELE, ELH, ELK, ELKE, END, ENDE, EUT, EUTE, FIZ, FIZE, GEM, GEME, GEMK, GEO, GEOE, GID, GIDE, ICM, IML, IMLE, INS, INSE, ISL, ISLE, JDF, JEF, JEFE, JEO, JEOE, KIM, KIME, KMM, KMME, KOM, KOME, MAD, MADE, MAK, MAKE, MAT, MATE, MET, METE, MIM, MIME, MTO, MTOE, MUZE, PEM, PEME, PET, PETE, SBP, SBPE, SEH, TEK, TEKE, TEL, UCK, UCKE, UZB, UZBE",,
20114,SNT 107E,SNT,LS,Ancient Civilizat.in Anatolia,,Aslıhan Erkmen Birkandan,MED,Perşembe,13:30/16:29,,20,21,,"BIO, BIOE, BLG, BLGE, CEV, CEVE, CHZ, CHZE, DEN, DENE, ECNE, EHB, EHBE, ELE, ELH, ELK, ELKE, END, ENDE, EUT, EUTE, FIZ, FIZE, GEM, GEME, GEMK, GEO, GEOE, GID, GIDE, GMI, GMIE, ICM, ICME, IML, IMLE, INS, INSE, ISL, ISLE, JDF, JEF, JEFE, JEO, JEOE, KIM, KIME, KMM, KMME, KOM, KOME, MAD, MADE, MAK, MAKE, MAT, MATE, MET, METE, MIM, MIME, MTO, MTOE, PEM, PEME, PET, PETE, SBPE, TEK, TEKE, TEL, UCK, UCKE, UZB, UZBE",,
20115,ITB 202,ITB,LS,Dünya Tarihi,,Mustafa İnce,FEB,Salı,11:30/14:29,,45,42,,"BIO, BLG, CAB, CEV, CHZ, DEN, DUI, EHB, ELE, ELH, ELK, END, EUT, FIZ, GEM, GEO, GID, ICM, INS, ISL, JDF, JEF, JEO, KIM, KMM, KMP, KOM, MAD, MAK, MAT, MET, MIM, MTO, MTR, MUT, MUZ, PEM, PET, SBP, SES, TEB, TEK, TEL, THO, UCK, UZB",,
20116,ING 201,ING,LS,English III,,Emine Sari Altındağ,GDB,Salı,13:30/16:29,,32,22,,"BIO, BIOE, BLG, BLGE, CEV, CEVE, CHZ, CHZE, DEN, DENE, ECNE, EHB, EHBE, EHN, ELE, ELH, ELK, ELKE, END, ENDE, EUT, EUTE, FIZ, FIZE, GEM, GEME, GEMK, GEO, GEOE, GID, GIDE, ICM, IML, IMLE, INS, INSE, ISL, ISLE, JDF, JEF, JEFE, JEO, JEOE, KIM, KIME, KMM, KMME, KOM, KOME, MAD, MADE, MAK, MAKE, MAT, MATE, MET, METE, MIM, MIME, MTO, MTOE, MUZE, PEM, PEME, PET, PETE, SBP, SBPE, SEH, TEK, TEKE, TEL, UCK, UCKE, UZB, UZBE",,
20117,SNT 108,SNT,LS,Seramik,,Güngör Güner,MMB,Pazartesi,09:30/12:29,,15,20,,"BIO, BLG, CEV, CHZ, DEN, DUI, EHB, ELE, ELH, ELK, END, EUT, FIZ, GEM, GEO, GID, GMI, ICM, IML, INS, ISL, JDF, JEF, JEO, KIM, KMM, KOM, MAD, MAK, MAT, MET, MIM, MTO, PEM, PET, SBP, TEK, TEL, UCK, UZB",,
20118,ING 201,ING,LS,English III,,Emine Sari Altındağ,MEDB,Perşembe,13:30/16:29,,32,13,,"BIO, BIOE, BLG, BLGE, CEV, CEVE, CHZ, CHZE, DEN, DENE, ECNE, EHB, EHBE, EHN, ELE, ELH, ELK, ELKE, END, ENDE, EUT, EUTE, FIZ, FIZE, GEM, GEME, GEMK, GEO, GEOE, GID, GIDE, ICM, IML, IMLE, INS, INSE, ISL, ISLE, JDF, JEF, JEFE, JEO, JEOE, KIM, KIME, KMM, KMME, KOM, KOME, MAD, MADE, MAK, MAKE, MAT, MATE, MET, METE, MIM, MIME, MTO, MTOE, MUZE, PEM, PEME, PET, PETE, SBP, SBPE, SEH, TEK, TEKE, TEL, UCK, UCKE, UZB, UZBE",,
20119,ITB 202E,ITB,LS,World History,,Ebubekir Ceylan,FEB,Çarşamba,08:30/11:29,,45,42,,"BIO, BIOE, BLG, BLGE, CAB, CEV, CEVE, CHZ, CHZE, DEN, DENE, DUI, ECNE, EHB, EHBE, ELE, ELH, ELK, ELKE, END, ENDE, EUT, EUTE, FIZ, FIZE, GEM, GEME, GEMK, GEO, GEOE, GID, GIDE, ICM, IML, IMLE, INS, INSE, ISL, ISLE, JDF, JEF, JEFE, JEO, JEOE, KIM, KIME, KMM, KMME, KMP, KOM, KOME, MAD, MADE, MAK, MAKE, MAT, MATE, MET, METE, MIM, MIME, MTO, MTOE, MTR, MUT, MUZ, MUZE, PEM, PEME, PET, PETE, SBP, SBPE, SES, TEB, TEK, TEKE, TEL, THO, UCK, UCKE, UZB, UZBE",,
20120,ING 201,ING,LS,English III,,Emine Sari Altındağ,MEDB,Cuma,08:30/11:29,,32,20,,"BIO, BIOE, BLG, BLGE, CEV, CEVE, CHZ, CHZE, DEN, DENE, ECNE, EHB, EHBE, EHN, ELE, ELH, ELK, ELKE, END, ENDE, EUT, EUTE, FIZ, FIZE, GEM, GEME, GEMK, GEO, GEOE, GID, GIDE, ICM, IML, IMLE, INS, INSE, ISL, ISLE, JDF, JEF, JEFE, JEO, JEOE, KIM, KIME, KMM, KMME, KOM, KOME, MAD, MADE, MAK, MAKE, MAT, MATE, MET, METE, MIM, MIME, MTO, MTOE, MUZE, PEM, PEME, PET, PETE, SBP, SBPE, SEH, TEK, TEKE, TEL, UCK, UCKE, UZB, UZBE",,
20121,SNT 108,SNT,LS,Seramik,,Aynur Karakaş Karaağaç,MMB,Salı,13:30/16:29,,12,17,,"BIO, BLG, CEV, CHZ, DEN, DUI, EHB, ELE, ELH, ELK, END, EUT, FIZ, GEM, GEO, GID, GMI, ICM, IML, INS, ISL, JDF, JEF, JEO, KIM, KMM, KOM, MAD, MAK, MAT, MET, MIM, MTO, PEM, PET, SBP, TEK, TEL, UCK, UZB",,
20122,SNT 108,SNT,LS,Seramik,,Aynur Karakaş Karaağaç,MMB,Çarşamba,09:30/12:29,,12,14,,"BIO, BLG, CEV, CHZ, DEN, DUI, EHB, ELE, ELH, ELK, END, EUT, FIZ, GEM, GEO, GID, GMI, ICM, IML, INS, ISL, JDF, JEF, JEO, KIM, KMM, KOM, MAD, MAK, MAT, MET, MIM, MTO, PEM, PET, SBP, TEK, TEL, UCK, UZB",,
20123,SNT 109,SNT,LS,Kazı Resim (Gravür),,Desen Halıçınarlı,MMB,Salı,13:30/16:29,,12,15,,"BIO, BLG, CEV, CHZ, DEN, DUI, EHB, ELE, ELH, ELK, END, EUT, FIZ, GEM, GEO, GID, GMI, ICM, IML, INS, ISL, JDF, JEF, JEO, KIM, KMM, KOM, MAD, MAK, MAT, MET, MIM, MTO, PEM, PET, SBP, TEK, TEL, UCK, UZB",,
20124,ITB 203,ITB,LS,Sosyoloji,,Özge Atalay Çelik,MED,Perşembe,14:30/17:29,,35,33,,"BIO, BLG, CAB, CEV, CHZ, DEN, DUI, EHB, ELE, ELH, ELK, END, EUT, FIZ, GEM, GEO, GID, GMI, ICM, INS, ISL, JDF, JEF, JEO, KIM, KMM, KMP, KOM, MAD, MAK, MAT, MET, MIM, MTO, MTR, MUT, MUZ, PEM, PET, SBP, SES, TEB, TEK, TEL, THO, UCK, UZB",,
20125,SNT 109,SNT,LS,Kazı Resim (Gravür),,Desen Halıçınarlı,MMB,Perşembe,13:30/16:29,,12,14,,"BIO, BLG, CEV, CHZ, DEN, DUI, EHB, ELE, ELH, ELK, END, EUT, FIZ, GEM, GEO, GID, GMI, ICM, IML, INS, ISL, JDF, JEF, JEO, KIM, KMM, KOM, MAD, MAK, MAT, MET, MIM, MTO, PEM, PET, SBP, TEK, TEL, UCK, UZB",,
20126,SNT 111,SNT,LS,Moda Tasarımı ve Sanat,,Aylin Akarvardar,MMB,Cuma,09:30/12:29,,12,12,,"BIO, BLG, CEV, CHZ, DEN, DUI, EHB, ELE, ELH, ELK, END, EUT, FIZ, GEM, GEO, GID, GMI, ICM, IML, INS, ISL, JDF, JEF, JEO, KIM, KMM, KOM, MAD, MAK, MAT, MET, MIM, MTO, PEM, PET, SBP, TEK, TEL, UCK, UZB",,
20127,ING 201,ING,LS,English III,,Esbie van Heerden,GDB,Salı,13:30/16:29,,32,17,,"BIO, BIOE, BLG, BLGE, CEV, CEVE, CHZ, CHZE, DEN, DENE, ECNE, EHB, EHBE, EHN, ELE, ELH, ELK, ELKE, END, ENDE, EUT, EUTE, FIZ, FIZE, GEM, GEME, GEMK, GEO, GEOE, GID, GIDE, ICM, IML, IMLE, INS, INSE, ISL, ISLE, JDF, JEF, JEFE, JEO, JEOE, KIM, KIME, KMM, KMME, KOM, KOME, MAD, MADE, MAK, MAKE, MAT, MATE, MET, METE, MIM, MIME, MTO, MTOE, MUZE, PEM, PEME, PET, PETE, SBP, SBPE, SEH, TEK, TEKE, TEL, UCK, UCKE, UZB, UZBE",,
20128,ITB 203,ITB,LS,Sosyoloji,,Özge Atalay Çelik,MED,Perşembe,11:30/14:29,,35,36,,"BIO, BLG, CAB, CEV, CHZ, DEN, DUI, EHB, ELE, ELH, ELK, END, EUT, FIZ, GEM, GEO, GID, GMI, ICM, INS, ISL, JDF, JEF, JEO, KIM, KMM, KMP, KOM, MAD, MAK, MAT, MET, MIM, MTO, MTR, MUT, MUZ, PEM, PET, SBP, SES, TEB, TEK, TEL, THO, UCK, UZB",,
20129,ING 201,ING,LS,English III,,Esbie van Heerden,MEDB,Çarşamba,11:30/14:29,,32,32,,"BIO, BIOE, BLG, BLGE, CEV, CEVE, CHZ, CHZE, DEN, DENE, ECNE, EHB, EHBE, EHN, ELE, ELH, ELK, ELKE, END, ENDE, EUT, EUTE, FIZ, FIZE, GEM, GEME, GEMK, GEO, GEOE, GID, GIDE, ICM, IML, IMLE, INS, INSE, ISL, ISLE, JDF, JEF, JEFE, JEO, JEOE, KIM, KIME, KMM, KMME, KOM, KOME, MAD, MADE, MAK, MAKE, MAT, MATE, MET, METE, MIM, MIME, MTO, MTOE, MUZE, PEM, PEME, PET, PETE, SBP, SBPE, SEH, TEK, TEKE, TEL, UCK, UCKE, UZB, UZBE",,
20130,ING 201,ING,LS,English III,,Gamze Moran,INB,Salı,13:30/16:29,,32,32,,"BIO, BIOE, BLG, BLGE, CEV, CEVE, CHZ, CHZE, DEN, DENE, ECNE, EHB, EHBE, EHN, ELE, ELH, ELK, ELKE, END, ENDE, EUT, EUTE, FIZ, FIZE, GEM, GEME, GEMK, GEO, GEOE, GID, GIDE, ICM, IML, IMLE, INS, INSE, ISL, ISLE, JDF, JEF, JEFE, JEO, JEOE, KIM, KIME, KMM, KMME, KOM, KOME, MAD, MADE, MAK, MAKE, MAT, MATE, MET, METE, MIM, MIME, MTO, MTOE, MUZE, PEM, PEME, PET, PETE, SBP, SBPE, SEH, TEK, TEKE, TEL, UCK, UCKE, UZB, UZBE",,
20131,ING 201,ING,LS,English III,,Esbie van Heerden,MEDB,Perşembe,08:30/11:29,,32,31,,"BIO, BIOE, BLG, BLGE, CEV, CEVE, CHZ, CHZE, DEN, DENE, ECNE, EHB, EHBE, EHN, ELE, ELH, ELK, ELKE, END, ENDE, EUT, EUTE, FIZ, FIZE, GEM, GEME, GEMK, GEO, GEOE, GID, GIDE, ICM, IML, IMLE, INS, INSE, ISL, ISLE, JDF, JEF, JEFE, JEO, JEOE, KIM, KIME, KMM, KMME, KOM, KOME, MAD, MADE, MAK, MAKE, MAT, MATE, MET, METE, MIM, MIME, MTO, MTOE, MUZE, PEM, PEME, PET, PETE, SBP, SBPE, SEH, TEK, TEKE, TEL, UCK, UCKE, UZB, UZBE",,
20132,ITB 203,ITB,LS,Sosyoloji,,Ebru Belgin Yetişkin,MED,Pazartesi,14:30/17:29,,35,35,,"BIO, BLG, CAB, CEV, CHZ, DEN, DUI, EHB, ELE, ELH, ELK, END, EUT, FIZ, GEM, GEO, GID, GMI, ICM, INS, ISL, JDF, JEF, JEO, KIM, KMM, KMP, KOM, MAD, MAK, MAT, MET, MIM, MTO, MTR, MUT, MUZ, PEM, PET, SBP, SES, TEB, TEK, TEL, THO, UCK, UZB",,
20133,ING 201,ING,LS,English III,,Gamze Moran,INB,Çarşamba,08:30/11:29,,32,32,,"BIO, BIOE, BLG, BLGE, CEV, CEVE, CHZ, CHZE, DEN, DENE, ECNE, EHB, EHBE, EHN, ELE, ELH, ELK, ELKE, END, ENDE, EUT, EUTE, FIZ, FIZE, GEM, GEME, GEMK, GEO, GEOE, GID, GIDE, ICM, IML, IMLE, INS, INSE, ISL, ISLE, JDF, JEF, JEFE, JEO, JEOE, KIM, KIME, KMM, KMME, KOM, KOME, MAD, MADE, MAK, MAKE, MAT, MATE, MET, METE, MIM, MIME, MTO, MTOE, MUZE, PEM, PEME, PET, PETE, SBP, SBPE, SEH, TEK, TEKE, TEL, UCK, UCKE, UZB, UZBE",,
20134,ING 201,ING,LS,English III,,Esbie van Heerden,MED,Perşembe,13:30/16:29,,25,14,,"BIO, BIOE, BLG, BLGE, CEV, CEVE, CHZ, CHZE, DEN, DENE, ECNE, EHB, EHBE, EHN, ELE, ELH, ELK, ELKE, END, ENDE, EUT, EUTE, FIZ, FIZE, GEM, GEME, GEMK, GEO, GEOE, GID, GIDE, ICM, IML, IMLE, INS, INSE, ISL, ISLE, JDF, JEF, JEFE, JEO, JEOE, KIM, KIME, KMM, KMME, KOM, KOME, MAD, MADE, MAK, MAKE, MAT, MATE, MET, METE, MIM, MIME, MTO, MTOE, MUZE, PEM, PEME, PET, PETE, SBP, SBPE, SEH, TEK, TEKE, TEL, UCK, UCKE, UZB, UZBE",,
20135,ING 201,ING,LS,English III,,Gamze Moran,INB,Cuma,08:30/11:29,,32,32,,"BIO, BIOE, BLG, BLGE, CEV, CEVE, CHZ, CHZE, DEN, DENE, ECNE, EHB, EHBE, EHN, ELE, ELH, ELK, ELKE, END, ENDE, EUT, EUTE, FIZ, FIZE, GEM, GEME, GEMK, GEO, GEOE, GID, GIDE, ICM, IML, IMLE, INS, INSE, ISL, ISLE, JDF, JEF, JEFE, JEO, JEOE, KIM, KIME, KMM, KMME, KOM, KOME, MAD, MADE, MAK, MAKE, MAT, MATE, MET, METE, MIM, MIME, MTO, MTOE, MUZE, PEM, PEME, PET, PETE, SBP, SBPE, SEH, TEK, TEKE, TEL, UCK, UCKE, UZB, UZBE",,
20136,ING 201,ING,LS,English III,,Esbie van Heerden,MED,Cuma,08:30/11:29,,24,16,,"BIO, BIOE, BLG, BLGE, CEV, CEVE, CHZ, CHZE, DEN, DENE, ECNE, EHB, EHBE, EHN, ELE, ELH, ELK, ELKE, END, ENDE, EUT, EUTE, FIZ, FIZE, GEM, GEME, GEMK, GEO, GEOE, GID, GIDE, ICM, IML, IMLE, INS, INSE, ISL, ISLE, JDF, JEF, JEFE, JEO, JEOE, KIM, KIME, KMM, KMME, KOM, KOME, MAD, MADE, MAK, MAKE, MAT, MATE, MET, METE, MIM, MIME, MTO, MTOE, MUZE, PEM, PEME, PET, PETE, SBP, SBPE, SEH, TEK, TEKE, TEL, UCK, UCKE, UZB, UZBE",,
20137,ITB 203,ITB,LS,Sosyoloji,,Ebru Belgin Yetişkin,MED,Çarşamba,11:30/14:29,,35,34,,"BIO, BLG, CAB, CEV, CHZ, DEN, DUI, EHB, ELE, ELH, ELK, END, EUT, FIZ, GEM, GEO, GID, GMI, ICM, INS, ISL, JDF, JEF, JEO, KIM, KMM, KMP, KOM, MAD, MAK, MAT, MET, MIM, MTO, MTR, MUT, MUZ, PEM, PET, SBP, SES, TEB, TEK, TEL, THO, UCK, UZB",,
20139,ING 201,ING,LS,English III,,Yasemin Yılmaz Yüksek,MED,Pazartesi,13:30/16:29,,32,32,,"BIO, BIOE, BLG, BLGE, CEV, CEVE, CHZ, CHZE, DEN, DENE, ECNE, EHB, EHBE, EHN, ELE, ELH, ELK, ELKE, END, ENDE, EUT, EUTE, FIZ, FIZE, GEM, GEME, GEMK, GEO, GEOE, GID, GIDE, ICM, IML, IMLE, INS, INSE, ISL, ISLE, JDF, JEF, JEFE, JEO, JEOE, KIM, KIME, KMM, KMME, KOM, KOME, MAD, MADE, MAK, MAKE, MAT, MATE, MET, METE, MIM, MIME, MTO, MTOE, MUZE, PEM, PEME, PET, PETE, SBP, SBPE, SEH, TEK, TEKE, TEL, UCK, UCKE, UZB, UZBE",,
20141,ING 201,ING,LS,English III,,Yasemin Yılmaz Yüksek,MEDB,Salı,08:30/11:29,,32,32,,"BIO, BIOE, BLG, BLGE, CEV, CEVE, CHZ, CHZE, DEN, DENE, ECNE, EHB, EHBE, EHN, ELE, ELH, ELK, ELKE, END, ENDE, EUT, EUTE, FIZ, FIZE, GEM, GEME, GEMK, GEO, GEOE, GID, GIDE, ICM, IML, IMLE, INS, INSE, ISL, ISLE, JDF, JEF, JEFE, JEO, JEOE, KIM, KIME, KMM, KMME, KOM, KOME, MAD, MADE, MAK, MAKE, MAT, MATE, MET, METE, MIM, MIME, MTO, MTOE, MUZE, PEM, PEME, PET, PETE, SBP, SBPE, SEH, TEK, TEKE, TEL, UCK, UCKE, UZB, UZBE",,
20143,ING 112,ING,LS,English I,,Dilek Öztürk,MKB,Pazartesi,08:30/11:29,,25,25,,"BIO, BIOE, BLG, BLGE, CEV, CEVE, CHZ, CHZE, DEN, DENE, DUIE, ECNE, EHB, EHBE, EHN, ELE, ELH, ELK, ELKE, END, ENDE, EUT, EUTE, FIZ, FIZE, GEM, GEME, GEMK, GEO, GEOE, GID, GIDE, GMIE, ICM, IML, IMLE, INS, INSE, ISL, ISLE, JDF, JEF, JEFE, JEO, JEOE, KIM, KIME, KMM, KMME, KOM, KOME, MAD, MADE, MAK, MAKE, MAT, MATE, MET, METE, MIM, MIME, MTO, MTOE, MUZE, PEM, PEME, PET, PETE, SBP, SBPE, SEH, TEK, TEKE, TEL, UCK, UCKE, UZB, UZBE",,
20144,ITB 206,ITB,LS,Dünya Politikasında Meseleler,,Emin Alper,MED,Perşembe,11:30/14:29,,35,22,,"BIO, BLG, CAB, CEV, CHZ, DEN, DUI, EHB, ELE, ELH, ELK, END, EUT, FIZ, GEM, GEO, GID, ICM, INS, ISL, JDF, JEF, JEO, KIM, KMM, KMP, KOM, MAD, MAK, MAT, MET, MIM, MTO, MTR, MUT, MUZ, PEM, PET, SBP, SES, TEB, TEK, TEL, THO, UCK, UZB",,
20145,ING 201,ING,LS,English III,,Yasemin Yılmaz Yüksek,MEDB,Perşembe,08:30/11:29,,32,32,,"BIO, BIOE, BLG, BLGE, CEV, CEVE, CHZ, CHZE, DEN, DENE, ECNE, EHB, EHBE, EHN, ELE, ELH, ELK, ELKE, END, ENDE, EUT, EUTE, FIZ, FIZE, GEM, GEME, GEMK, GEO, GEOE, GID, GIDE, ICM, IML, IMLE, INS, INSE, ISL, ISLE, JDF, JEF, JEFE, JEO, JEOE, KIM, KIME, KMM, KMME, KOM, KOME, MAD, MADE, MAK, MAKE, MAT, MATE, MET, METE, MIM, MIME, MTO, MTOE, MUZE, PEM, PEME, PET, PETE, SBP, SBPE, SEH, TEK, TEKE, TEL, UCK, UCKE, UZB, UZBE",,
20146,ING 103I,ING,LS,Short Stories,,Yasemin Yılmaz Yüksek,MEDB,Cuma,13:30/16:29,,28,28,,"BIO, BIOE, BLG, BLGE, CEV, CEVE, CHZ, CHZE, DEN, DENE, DUIE, ECNE, EHB, EHBE, EHN, ELE, ELH, ELK, ELKE, END, ENDE, EUT, EUTE, FIZ, FIZE, GEM, GEME, GEMK, GEO, GEOE, GID, GIDE, GMIE, ICM, IML, IMLE, INS, INSE, ISL, ISLE, JDF, JEF, JEFE, JEO, JEOE, KIM, KIME, KMM, KMME, KOM, KOME, MAD, MADE, MAK, MAKE, MAT, MATE, MET, METE, MIM, MIME, MTO, MTOE, MUZE, PEM, PEME, PET, PETE, SBP, SBPE, SEH, TEK, TEKE, TEL, UCK, UCKE, UZB, UZBE",,
20147,ITB 206,ITB,LS,Dünya Politikasında Meseleler,,Emin Alper,MED,Perşembe,14:30/17:29,,35,35,,"BIO, BLG, CAB, CEV, CHZ, DEN, DUI, EHB, ELE, ELH, ELK, END, EUT, FIZ, GEM, GEO, GID, ICM, INS, ISL, JDF, JEF, JEO, KIM, KMM, KMP, KOM, MAD, MAK, MAT, MET, MIM, MTO, MTR, MUT, MUZ, PEM, PET, SBP, SES, TEB, TEK, TEL, THO, UCK, UZB",,
20148,ING 112,ING,LS,English I,,Mehmet Aydın,MDB,Cuma,08:30/11:29,,25,25,,"BIO, BIOE, BLG, BLGE, CEV, CEVE, CHZ, CHZE, DEN, DENE, DUIE, ECNE, EHB, EHBE, EHN, ELE, ELH, ELK, ELKE, END, ENDE, EUT, EUTE, FIZ, FIZE, GEM, GEME, GEMK, GEO, GEOE, GID, GIDE, GMIE, ICM, IML, IMLE, INS, INSE, ISL, ISLE, JDF, JEF, JEFE, JEO, JEOE, KIM, KIME, KMM, KMME, KOM, KOME, MAD, MADE, MAK, MAKE, MAT, MATE, MET, METE, MIM, MIME, MTO, MTOE, MUZE, PEM, PEME, PET, PETE, SBP, SBPE, SEH, TEK, TEKE, TEL, UCK, UCKE, UZB, UZBE",,
20149,ING 112,ING,LS,English I,,Mehmet Aydın,MED,Cuma,13:30/16:29,,25,25,,"BIO, BIOE, BLG, BLGE, CEV, CEVE, CHZ, CHZE, DEN, DENE, DUIE, ECNE, EHB, EHBE, EHN, ELE, ELH, ELK, ELKE, END, ENDE, EUT, EUTE, FIZ, FIZE, GEM, GEME, GEMK, GEO, GEOE, GID, GIDE, GMIE, ICM, IML, IMLE, INS, INSE, ISL, ISLE, JDF, JEF, JEFE, JEO, JEOE, KIM, KIME, KMM, KMME, KOM, KOME, MAD, MADE, MAK, MAKE, MAT, MATE, MET, METE, MIM, MIME, MTO, MTOE, MUZE, PEM, PEME, PET, PETE, SBP, SBPE, SEH, TEK, TEKE, TEL, UCK, UCKE, UZB, UZBE",,
20150,ITB 206E,ITB,LS,Issues in World Politics,,Emine Aslı Çalkıvik,ISB,Salı,08:30/11:29,,45,21,,"BIO, BIOE, BLG, BLGE, CAB, CEV, CEVE, CHZ, CHZE, DEN, DENE, DUI, ECNE, EHB, EHBE, ELE, ELH, ELK, ELKE, END, ENDE, EUT, EUTE, FIZ, FIZE, GEM, GEME, GEMK, GEO, GEOE, GID, GIDE, ICM, IML, IMLE, INS, INSE, ISL, ISLE, JDF, JEF, JEFE, JEO, JEOE, KIM, KIME, KMM, KMME, KMP, KOM, KOME, MAD, MADE, MAK, MAKE, MAT, MATE, MET, METE, MIM, MIME, MTO, MTOE, MTR, MUT, MUZ, MUZE, PEM, PEME, PET, PETE, SBP, SBPE, SES, TEB, TEK, TEKE, TEL, THO, UCK, UCKE, UZB, UZBE",,
20151,ING 112,ING,LS,English I,,Mehmet Aydın,KMB,Perşembe,13:30/16:29,,25,25,,"BIO, BIOE, BLG, BLGE, CEV, CEVE, CHZ, CHZE, DEN, DENE, DUIE, ECNE, EHB, EHBE, EHN, ELE, ELH, ELK, ELKE, END, ENDE, EUT, EUTE, FIZ, FIZE, GEM, GEME, GEMK, GEO, GEOE, GID, GIDE, GMIE, ICM, IML, IMLE, INS, INSE, ISL, ISLE, JDF, JEF, JEFE, JEO, JEOE, KIM, KIME, KMM, KMME, KOM, KOME, MAD, MADE, MAK, MAKE, MAT, MATE, MET, METE, MIM, MIME, MTO, MTOE, MUZE, PEM, PEME, PET, PETE, SBP, SBPE, SEH, TEK, TEKE, TEL, UCK, UCKE, UZB, UZBE",,
20152,ITB 207,ITB,LS,Osmanlı Tarihi,,Fatma Sel Turhan,FEB,Perşembe,11:30/14:29,,45,44,,"BIO, BLG, CAB, CEV, CHZ, DEN, DUI, EHB, ELE, ELH, ELK, END, EUT, FIZ, GEM, GEO, GID, ICM, INS, ISL, JDF, JEF, JEO, KIM, KMM, KMP, KOM, MAD, MAK, MAT, MET, MIM, MTO, MTR, MUT, MUZ, PEM, PET, SBP, SES, TEB, TEK, TEL, THO, UCK, UZB",,
20154,ITB 207,ITB,LS,Osmanlı Tarihi,,Kadir Kon,MED,Çarşamba,11:30/14:29,,45,25,,"BIO, BLG, CAB, CEV, CHZ, DEN, DUI, EHB, ELE, ELH, ELK, END, EUT, FIZ, GEM, GEO, GID, ICM, INS, ISL, JDF, JEF, JEO, KIM, KMM, KMP, KOM, MAD, MAK, MAT, MET, MIM, MTO, MTR, MUT, MUZ, PEM, PET, SBP, SES, TEB, TEK, TEL, THO, UCK, UZB",,
20155,ITB 207E,ITB,LS,Ottoman History,,Hasan Karataş,FEB,Salı,14:30/17:29,,45,34,,"BIO, BIOE, BLG, BLGE, CAB, CEV, CEVE, CHZ, CHZE, DEN, DENE, DUI, ECNE, EHB, EHBE, ELE, ELH, ELK, ELKE, END, ENDE, EUT, EUTE, FIZ, FIZE, GEM, GEME, GEMK, GEO, GEOE, GID, GIDE, ICM, IML, IMLE, INS, INSE, ISL, ISLE, JDF, JEF, JEFE, JEO, JEOE, KIM, KIME, KMM, KMME, KMP, KOM, KOME, MAD, MADE, MAK, MAKE, MAT, MATE, MET, METE, MIM, MIME, MTO, MTOE, MTR, MUT, MUZ, MUZE, PEM, PEME, PET, PETE, SBP, SBPE, SES, TEB, TEK, TEKE, TEL, THO, UCK, UCKE, UZB, UZBE",,
20156,ITB 207E,ITB,LS,Ottoman History,,Hasan Karataş,FEB,Perşembe,14:30/17:29,,45,36,,"BIO, BIOE, BLG, BLGE, CAB, CEV, CEVE, CHZ, CHZE, DEN, DENE, DUI, ECNE, EHB, EHBE, ELE, ELH, ELK, ELKE, END, ENDE, EUT, EUTE, FIZ, FIZE, GEM, GEME, GEMK, GEO, GEOE, GID, GIDE, ICM, IML, IMLE, INS, INSE, ISL, ISLE, JDF, JEF, JEFE, JEO, JEOE, KIM, KIME, KMM, KMME, KMP, KOM, KOME, MAD, MADE, MAK, MAKE, MAT, MATE, MET, METE, MIM, MIME, MTO, MTOE, MTR, MUT, MUZ, MUZE, PEM, PEME, PET, PETE, SBP, SBPE, SES, TEB, TEK, TEKE, TEL, THO, UCK, UCKE, UZB, UZBE",,
20157,ITB 208,ITB,LS,Modern Türkiye'nin Oluşumu,,Mehmet Ali Doğan,FEB,Çarşamba,10:30/13:29,,45,45,,"BIO, BLG, CAB, CEV, CHZ, DEN, DUI, EHB, ELE, ELH, ELK, END, EUT, FIZ, GEM, GEO, GID, ICM, INS, ISL, JDF, JEF, JEO, KIM, KMM, KMP, KOM, MAD, MAK, MAT, MET, MIM, MTO, MTR, MUT, MUZ, PEM, PET, SBP, SES, TEB, TEK, TEL, THO, UCK, UZB",,
20158,ITB 208,ITB,LS,Modern Türkiye'nin Oluşumu,,Kadir Kon,FEB,Salı,14:30/17:29,,45,34,,"BIO, BLG, CAB, CEV, CHZ, DEN, DUI, EHB, ELE, ELH, ELK, END, EUT, FIZ, GEM, GEO, GID, ICM, INS, ISL, JDF, JEF, JEO, KIM, KMM, KMP, KOM, MAD, MAK, MAT, MET, MIM, MTO, MTR, MUT, MUZ, PEM, PET, SBP, SES, TEB, TEK, TEL, THO, UCK, UZB",,
20159,ITB 208,ITB,LS,Modern Türkiye'nin Oluşumu,,Stefo Benlisoy,MED,Perşembe,08:30/11:29,,45,44,,"BIO, BLG, CAB, CEV, CHZ, DEN, DUI, EHB, ELE, ELH, ELK, END, EUT, FIZ, GEM, GEO, GID, ICM, INS, ISL, JDF, JEF, JEO, KIM, KMM, KMP, KOM, MAD, MAK, MAT, MET, MIM, MTO, MTR, MUT, MUZ, PEM, PET, SBP, SES, TEB, TEK, TEL, THO, UCK, UZB",,
20160,ITB 208,ITB,LS,Modern Türkiye'nin Oluşumu,,Stefo Benlisoy,FEB,Perşembe,14:30/17:29,,45,45,,"BIO, BLG, CAB, CEV, CHZ, DEN, DUI, EHB, ELE, ELH, ELK, END, EUT, FIZ, GEM, GEO, GID, ICM, INS, ISL, JDF, JEF, JEO, KIM, KMM, KMP, KOM, MAD, MAK, MAT, MET, MIM, MTO, MTR, MUT, MUZ, PEM, PET, SBP, SES, TEB, TEK, TEL, THO, UCK, UZB",,
20162,ITB 208E,ITB,LS,Formations of Modern Turkey,,Mehmet Ali Doğan,FEB,Cuma,08:30/11:29,,45,44,,"BIO, BIOE, BLG, BLGE, CAB, CEV, CEVE, CHZ, CHZE, DEN, DENE, DUI, ECNE, EHB, EHBE, ELE, ELH, ELK, ELKE, END, ENDE, EUT, EUTE, FIZ, FIZE, GEM, GEME, GEMK, GEO, GEOE, GID, GIDE, ICM, IML, IMLE, INS, INSE, ISL, ISLE, JDF, JEF, JEFE, JEO, JEOE, KIM, KIME, KMM, KMME, KMP, KOM, KOME, MAD, MADE, MAK, MAKE, MAT, MATE, MET, METE, MIM, MIME, MTO, MTOE, MTR, MUT, MUZ, MUZE, PEM, PEME, PET, PETE, SBP, SBPE, SES, TEB, TEK, TEKE, TEL, THO, UCK, UCKE, UZB, UZBE",,
20163,ITB 208E,ITB,LS,Formations of Modern Turkey,,Ebubekir Ceylan,FEB,Salı,14:30/17:29,,45,43,,"BIO, BIOE, BLG, BLGE, CAB, CEV, CEVE, CHZ, CHZE, DEN, DENE, DUI, ECNE, EHB, EHBE, ELE, ELH, ELK, ELKE, END, ENDE, EUT, EUTE, FIZ, FIZE, GEM, GEME, GEMK, GEO, GEOE, GID, GIDE, ICM, IML, IMLE, INS, INSE, ISL, ISLE, JDF, JEF, JEFE, JEO, JEOE, KIM, KIME, KMM, KMME, KMP, KOM, KOME, MAD, MADE, MAK, MAKE, MAT, MATE, MET, METE, MIM, MIME, MTO, MTOE, MTR, MUT, MUZ, MUZE, PEM, PEME, PET, PETE, SBP, SBPE, SES, TEB, TEK, TEKE, TEL, THO, UCK, UCKE, UZB, UZBE",,
20164,ITB 208E,ITB,LS,Formations of Modern Turkey,,Doğan Gürpınar,INB,Çarşamba,08:30/11:29,,45,33,,"BIO, BIOE, BLG, BLGE, CAB, CEV, CEVE, CHZ, CHZE, DEN, DENE, DUI, ECNE, EHB, EHBE, ELE, ELH, ELK, ELKE, END, ENDE, EUT, EUTE, FIZ, FIZE, GEM, GEME, GEMK, GEO, GEOE, GID, GIDE, ICM, IML, IMLE, INS, INSE, ISL, ISLE, JDF, JEF, JEFE, JEO, JEOE, KIM, KIME, KMM, KMME, KMP, KOM, KOME, MAD, MADE, MAK, MAKE, MAT, MATE, MET, METE, MIM, MIME, MTO, MTOE, MTR, MUT, MUZ, MUZE, PEM, PEME, PET, PETE, SBP, SBPE, SES, TEB, TEK, TEKE, TEL, THO, UCK, UCKE, UZB, UZBE",,
20165,ITB 209,ITB,LS,Türkiye ve Dünya,,Veli Selman Gemuhluoğlu,MMB,Perşembe,08:30/11:29,,35,33,,"BIO, BLG, CAB, CEV, CHZ, DEN, DUI, EHB, ELE, ELH, ELK, END, EUT, FIZ, GEM, GEO, GID, ICM, INS, ISL, JDF, JEF, JEO, KIM, KMM, KMP, KOM, MAD, MAK, MAT, MET, MIM, MTO, MTR, MUT, MUZ, PEM, PET, SBP, SES, TEB, TEK, TEL, THO, UCK, UZB",,
20166,ITB 213,ITB,LS,Edebiyat ve Toplum,,Cüneyd Okay,ISB,Perşembe,08:30/11:29,,45,27,,"BIO, BLG, CAB, CEV, CHZ, DEN, DUI, EHB, ELE, ELH, ELK, END, EUT, FIZ, GEM, GEO, GID, ICM, INS, ISL, JDF, JEF, JEO, KIM, KMM, KMP, KOM, MAD, MAK, MAT, MET, MIM, MTO, MTR, MUT, MUZ, PEM, PET, SBP, SES, TEB, TEK, TEL, THO, UCK, UZB",,
20167,ING 112,ING,LS,English I,,Dilek Öztürk,MEDB,Salı,08:30/11:29,,25,25,,"BIO, BIOE, BLG, BLGE, CEV, CEVE, CHZ, CHZE, DEN, DENE, DUIE, ECNE, EHB, EHBE, EHN, ELE, ELH, ELK, ELKE, END, ENDE, EUT, EUTE, FIZ, FIZE, GEM, GEME, GEMK, GEO, GEOE, GID, GIDE, GMIE, ICM, IML, IMLE, INS, INSE, ISL, ISLE, JDF, JEF, JEFE, JEO, JEOE, KIM, KIME, KMM, KMME, KOM, KOME, MAD, MADE, MAK, MAKE, MAT, MATE, MET, METE, MIM, MIME, MTO, MTOE, MUZE, PEM, PEME, PET, PETE, SBP, SBPE, SEH, TEK, TEKE, TEL, UCK, UCKE, UZB, UZBE",,
20168,ING 201,ING,LS,English III,,Esra Sancak,GDB,Pazartesi,13:30/16:29,,32,32,,"BIO, BIOE, BLG, BLGE, CEV, CEVE, CHZ, CHZE, DEN, DENE, ECNE, EHB, EHBE, EHN, ELE, ELH, ELK, ELKE, END, ENDE, EUT, EUTE, FIZ, FIZE, GEM, GEME, GEMK, GEO, GEOE, GID, GIDE, ICM, IML, IMLE, INS, INSE, ISL, ISLE, JDF, JEF, JEFE, JEO, JEOE, KIM, KIME, KMM, KMME, KOM, KOME, MAD, MADE, MAK, MAKE, MAT, MATE, MET, METE, MIM, MIME, MTO, MTOE, MUZE, PEM, PEME, PET, PETE, SBP, SBPE, SEH, TEK, TEKE, TEL, UCK, UCKE, UZB, UZBE",,
20169,ITB 213,ITB,LS,Edebiyat ve Toplum,,Cüneyd Okay,ISB,Perşembe,11:30/14:29,,45,23,,"BIO, BLG, CAB, CEV, CHZ, DEN, DUI, EHB, ELE, ELH, ELK, END, EUT, FIZ, GEM, GEO, GID, ICM, INS, ISL, JDF, JEF, JEO, KIM, KMM, KMP, KOM, MAD, MAK, MAT, MET, MIM, MTO, MTR, MUT, MUZ, PEM, PET, SBP, SES, TEB, TEK, TEL, THO, UCK, UZB",,
20170,ING 201,ING,LS,English III,,Esra Sancak,GDB,Salı,13:30/16:29,,32,32,,"BIO, BIOE, BLG, BLGE, CEV, CEVE, CHZ, CHZE, DEN, DENE, ECNE, EHB, EHBE, EHN, ELE, ELH, ELK, ELKE, END, ENDE, EUT, EUTE, FIZ, FIZE, GEM, GEME, GEMK, GEO, GEOE, GID, GIDE, ICM, IML, IMLE, INS, INSE, ISL, ISLE, JDF, JEF, JEFE, JEO, JEOE, KIM, KIME, KMM, KMME, KOM, KOME, MAD, MADE, MAK, MAKE, MAT, MATE, MET, METE, MIM, MIME, MTO, MTOE, MUZE, PEM, PEME, PET, PETE, SBP, SBPE, SEH, TEK, TEKE, TEL, UCK, UCKE, UZB, UZBE",,
20172,ING 201,ING,LS,English III,,Esra Sancak,GDB,Çarşamba,08:30/11:29,,32,32,,"BIO, BIOE, BLG, BLGE, CEV, CEVE, CHZ, CHZE, DEN, DENE, ECNE, EHB, EHBE, EHN, ELE, ELH, ELK, ELKE, END, ENDE, EUT, EUTE, FIZ, FIZE, GEM, GEME, GEMK, GEO, GEOE, GID, GIDE, ICM, IML, IMLE, INS, INSE, ISL, ISLE, JDF, JEF, JEFE, JEO, JEOE, KIM, KIME, KMM, KMME, KOM, KOME, MAD, MADE, MAK, MAKE, MAT, MATE, MET, METE, MIM, MIME, MTO, MTOE, MUZE, PEM, PEME, PET, PETE, SBP, SBPE, SEH, TEK, TEKE, TEL, UCK, UCKE, UZB, UZBE",,
20175,ING 201,ING,LS,English III,,Esra Sancak,GDB,Perşembe,08:30/11:29,,32,32,,"BIO, BIOE, BLG, BLGE, CEV, CEVE, CHZ, CHZE, DEN, DENE, ECNE, EHB, EHBE, EHN, ELE, ELH, ELK, ELKE, END, ENDE, EUT, EUTE, FIZ, FIZE, GEM, GEME, GEMK, GEO, GEOE, GID, GIDE, ICM, IML, IMLE, INS, INSE, ISL, ISLE, JDF, JEF, JEFE, JEO, JEOE, KIM, KIME, KMM, KMME, KOM, KOME, MAD, MADE, MAK, MAKE, MAT, MATE, MET, METE, MIM, MIME, MTO, MTOE, MUZE, PEM, PEME, PET, PETE, SBP, SBPE, SEH, TEK, TEKE, TEL, UCK, UCKE, UZB, UZBE",,
20176,ING 201,ING,LS,English III,,Gamze Avcı,GDB,Salı,13:30/16:29,,32,32,,"BIO, BIOE, BLG, BLGE, CEV, CEVE, CHZ, CHZE, DEN, DENE, ECNE, EHB, EHBE, EHN, ELE, ELH, ELK, ELKE, END, ENDE, EUT, EUTE, FIZ, FIZE, GEM, GEME, GEMK, GEO, GEOE, GID, GIDE, ICM, IML, IMLE, INS, INSE, ISL, ISLE, JDF, JEF, JEFE, JEO, JEOE, KIM, KIME, KMM, KMME, KOM, KOME, MAD, MADE, MAK, MAKE, MAT, MATE, MET, METE, MIM, MIME, MTO, MTOE, MUZE, PEM, PEME, PET, PETE, SBP, SBPE, SEH, TEK, TEKE, TEL, UCK, UCKE, UZB, UZBE",,
20177,ITB 213E,ITB,LS,Topics in Literature&Society;,,Barry David Stocker,MED,Pazartesi,08:30/11:29,,45,18,,"BIO, BIOE, BLG, BLGE, CAB, CEV, CEVE, CHZ, CHZE, DEN, DENE, DUI, ECNE, EHB, EHBE, ELE, ELH, ELK, ELKE, END, ENDE, EUT, EUTE, FIZ, FIZE, GEM, GEME, GEMK, GEO, GEOE, GID, GIDE, ICM, IML, IMLE, INS, INSE, ISL, ISLE, JDF, JEF, JEFE, JEO, JEOE, KIM, KIME, KMM, KMME, KMP, KOM, KOME, MAD, MADE, MAK, MAKE, MAT, MATE, MET, METE, MIM, MIME, MTO, MTOE, MTR, MUT, MUZ, MUZE, PEM, PEME, PET, PETE, SBP, SBPE, SES, TEB, TEK, TEKE, TEL, THO, UCK, UCKE, UZB, UZBE",,
20178,ING 201,ING,LS,English III,,Gamze Avcı,MEDB,Çarşamba,11:30/14:29,,32,32,,"BIO, BIOE, BLG, BLGE, CEV, CEVE, CHZ, CHZE, DEN, DENE, ECNE, EHB, EHBE, EHN, ELE, ELH, ELK, ELKE, END, ENDE, EUT, EUTE, FIZ, FIZE, GEM, GEME, GEMK, GEO, GEOE, GID, GIDE, ICM, IML, IMLE, INS, INSE, ISL, ISLE, JDF, JEF, JEFE, JEO, JEOE, KIM, KIME, KMM, KMME, KOM, KOME, MAD, MADE, MAK, MAKE, MAT, MATE, MET, METE, MIM, MIME, MTO, MTOE, MUZE, PEM, PEME, PET, PETE, SBP, SBPE, SEH, TEK, TEKE, TEL, UCK, UCKE, UZB, UZBE",,
20179,ING 112,ING,LS,English I,,Dilek Öztürk,MEDB,Çarşamba,11:30/14:29,,25,25,,"BIO, BIOE, BLG, BLGE, CEV, CEVE, CHZ, CHZE, DEN, DENE, DUIE, ECNE, EHB, EHBE, EHN, ELE, ELH, ELK, ELKE, END, ENDE, EUT, EUTE, FIZ, FIZE, GEM, GEME, GEMK, GEO, GEOE, GID, GIDE, GMIE, ICM, IML, IMLE, INS, INSE, ISL, ISLE, JDF, JEF, JEFE, JEO, JEOE, KIM, KIME, KMM, KMME, KOM, KOME, MAD, MADE, MAK, MAKE, MAT, MATE, MET, METE, MIM, MIME, MTO, MTOE, MUZE, PEM, PEME, PET, PETE, SBP, SBPE, SEH, TEK, TEKE, TEL, UCK, UCKE, UZB, UZBE",,
20180,ING 201,ING,LS,English III,,Gamze Avcı,GDB,Perşembe,13:30/16:29,,32,32,,"BIO, BIOE, BLG, BLGE, CEV, CEVE, CHZ, CHZE, DEN, DENE, ECNE, EHB, EHBE, EHN, ELE, ELH, ELK, ELKE, END, ENDE, EUT, EUTE, FIZ, FIZE, GEM, GEME, GEMK, GEO, GEOE, GID, GIDE, ICM, IML, IMLE, INS, INSE, ISL, ISLE, JDF, JEF, JEFE, JEO, JEOE, KIM, KIME, KMM, KMME, KOM, KOME, MAD, MADE, MAK, MAKE, MAT, MATE, MET, METE, MIM, MIME, MTO, MTOE, MUZE, PEM, PEME, PET, PETE, SBP, SBPE, SEH, TEK, TEKE, TEL, UCK, UCKE, UZB, UZBE",,
20181,ITB 218,ITB,LS,Bilim ve Teknoloji Tarihi,,Aytekin Çökelez,EEB,Çarşamba,08:30/11:29,,45,42,,"BIO, BLG, CAB, CEV, CHZ, DEN, DUI, EHB, ELE, ELH, ELK, END, EUT, FIZ, GEM, GEO, GID, ICM, INS, ISL, JDF, JEF, JEO, KIM, KMM, KMP, KOM, MAD, MAK, MAT, MET, MIM, MTO, MTR, MUT, MUZ, PEM, PET, SBP, SES, TEB, TEK, TEL, THO, UCK, UZB",,
20182,ING 201,ING,LS,English III,,Gamze Avcı,MEDB,Cuma,08:30/11:29,,24,24,,"BIO, BIOE, BLG, BLGE, CEV, CEVE, CHZ, CHZE, DEN, DENE, ECNE, EHB, EHBE, EHN, ELE, ELH, ELK, ELKE, END, ENDE, EUT, EUTE, FIZ, FIZE, GEM, GEME, GEMK, GEO, GEOE, GID, GIDE, ICM, IML, IMLE, INS, INSE, ISL, ISLE, JDF, JEF, JEFE, JEO, JEOE, KIM, KIME, KMM, KMME, KOM, KOME, MAD, MADE, MAK, MAKE, MAT, MATE, MET, METE, MIM, MIME, MTO, MTOE, MUZE, PEM, PEME, PET, PETE, SBP, SBPE, SEH, TEK, TEKE, TEL, UCK, UCKE, UZB, UZBE",,
20183,ITB 218,ITB,LS,Bilim ve Teknoloji Tarihi,,Tuncay Zorlu,FEB,Pazartesi,11:30/14:29,,45,44,,"BIO, BLG, CAB, CEV, CHZ, DEN, DUI, EHB, ELE, ELH, ELK, END, EUT, FIZ, GEM, GEO, GID, ICM, INS, ISL, JDF, JEF, JEO, KIM, KMM, KMP, KOM, MAD, MAK, MAT, MET, MIM, MTO, MTR, MUT, MUZ, PEM, PET, SBP, SES, TEB, TEK, TEL, THO, UCK, UZB",,
20184,ING 201,ING,LS,English III,,Hatice Gülru Arslan,GDB,Pazartesi,13:30/16:29,,32,32,,"BIO, BIOE, BLG, BLGE, CEV, CEVE, CHZ, CHZE, DEN, DENE, ECNE, EHB, EHBE, EHN, ELE, ELH, ELK, ELKE, END, ENDE, EUT, EUTE, FIZ, FIZE, GEM, GEME, GEMK, GEO, GEOE, GID, GIDE, ICM, IML, IMLE, INS, INSE, ISL, ISLE, JDF, JEF, JEFE, JEO, JEOE, KIM, KIME, KMM, KMME, KOM, KOME, MAD, MADE, MAK, MAKE, MAT, MATE, MET, METE, MIM, MIME, MTO, MTOE, MUZE, PEM, PEME, PET, PETE, SBP, SBPE, SEH, TEK, TEKE, TEL, UCK, UCKE, UZB, UZBE",,
20185,SNT 112,SNT,LS,Tiyatro,,Yeliz Şatıroğlu,FEB,Perşembe,13:30/16:29,,30,30,,"BIO, BLG, CEV, CHZ, DEN, DUI, EHB, ELE, ELH, ELK, END, EUT, FIZ, GEM, GEO, GID, GMI, ICM, IML, INS, ISL, JDF, JEF, JEO, KIM, KMM, KOM, MAD, MAK, MAT, MET, MIM, MTO, PEM, PET, SBP, TEK, TEL, UCK, UZB",,
20187,ING 112,ING,LS,English I,,Canan Sağbilge,INB,Salı,13:30/16:29,,25,25,,"BIO, BIOE, BLG, BLGE, CEV, CEVE, CHZ, CHZE, DEN, DENE, DUIE, ECNE, EHB, EHBE, EHN, ELE, ELH, ELK, ELKE, END, ENDE, EUT, EUTE, FIZ, FIZE, GEM, GEME, GEMK, GEO, GEOE, GID, GIDE, GMIE, ICM, IML, IMLE, INS, INSE, ISL, ISLE, JDF, JEF, JEFE, JEO, JEOE, KIM, KIME, KMM, KMME, KOM, KOME, MAD, MADE, MAK, MAKE, MAT, MATE, MET, METE, MIM, MIME, MTO, MTOE, MUZE, PEM, PEME, PET, PETE, SBP, SBPE, SEH, TEK, TEKE, TEL, UCK, UCKE, UZB, UZBE",,
20188,SNT 112,SNT,LS,Tiyatro,,Murat Özen,MKB,Pazartesi,09:30/12:29,,20,20,,"BIO, BLG, CEV, CHZ, DEN, DUI, EHB, ELE, ELH, ELK, END, EUT, FIZ, GEM, GEO, GID, GMI, ICM, IML, INS, ISL, JDF, JEF, JEO, KIM, KMM, KOM, MAD, MAK, MAT, MET, MIM, MTO, PEM, PET, SBP, TEK, TEL, UCK, UZB",,
20189,ING 201,ING,LS,English III,,Hatice Gülru Arslan,MEDB,Salı,08:30/11:29,,32,32,,"BIO, BIOE, BLG, BLGE, CEV, CEVE, CHZ, CHZE, DEN, DENE, ECNE, EHB, EHBE, EHN, ELE, ELH, ELK, ELKE, END, ENDE, EUT, EUTE, FIZ, FIZE, GEM, GEME, GEMK, GEO, GEOE, GID, GIDE, ICM, IML, IMLE, INS, INSE, ISL, ISLE, JDF, JEF, JEFE, JEO, JEOE, KIM, KIME, KMM, KMME, KOM, KOME, MAD, MADE, MAK, MAKE, MAT, MATE, MET, METE, MIM, MIME, MTO, MTOE, MUZE, PEM, PEME, PET, PETE, SBP, SBPE, SEH, TEK, TEKE, TEL, UCK, UCKE, UZB, UZBE",,
20191,ING 201,ING,LS,English III,,Hatice Gülru Arslan,MEDB,Çarşamba,08:30/11:29,,32,32,,"BIO, BIOE, BLG, BLGE, CEV, CEVE, CHZ, CHZE, DEN, DENE, ECNE, EHB, EHBE, EHN, ELE, ELH, ELK, ELKE, END, ENDE, EUT, EUTE, FIZ, FIZE, GEM, GEME, GEMK, GEO, GEOE, GID, GIDE, ICM, IML, IMLE, INS, INSE, ISL, ISLE, JDF, JEF, JEFE, JEO, JEOE, KIM, KIME, KMM, KMME, KOM, KOME, MAD, MADE, MAK, MAKE, MAT, MATE, MET, METE, MIM, MIME, MTO, MTOE, MUZE, PEM, PEME, PET, PETE, SBP, SBPE, SEH, TEK, TEKE, TEL, UCK, UCKE, UZB, UZBE",,
20192,SNT 112,SNT,LS,Tiyatro,,Rasih Şafak Tok,MMB,Perşembe,13:30/16:29,,20,20,,"BIO, BLG, CEV, CHZ, DEN, DUI, EHB, ELE, ELH, ELK, END, EUT, FIZ, GEM, GEO, GID, GMI, ICM, IML, INS, ISL, JDF, JEF, JEO, KIM, KMM, KOM, MAD, MAK, MAT, MET, MIM, MTO, PEM, PET, SBP, TEK, TEL, UCK, UZB",,
20193,ING 112,ING,LS,English I,,Canan Sağbilge,MEDB,Perşembe,08:30/11:29,,25,25,,"BIO, BIOE, BLG, BLGE, CEV, CEVE, CHZ, CHZE, DEN, DENE, DUIE, ECNE, EHB, EHBE, EHN, ELE, ELH, ELK, ELKE, END, ENDE, EUT, EUTE, FIZ, FIZE, GEM, GEME, GEMK, GEO, GEOE, GID, GIDE, GMIE, ICM, IML, IMLE, INS, INSE, ISL, ISLE, JDF, JEF, JEFE, JEO, JEOE, KIM, KIME, KMM, KMME, KOM, KOME, MAD, MADE, MAK, MAKE, MAT, MATE, MET, METE, MIM, MIME, MTO, MTOE, MUZE, PEM, PEME, PET, PETE, SBP, SBPE, SEH, TEK, TEKE, TEL, UCK, UCKE, UZB, UZBE",,
20194,ITB 222,ITB,LS,Kent ve Toplum,,Ümran Kaya,MED,Salı,11:30/14:29,,35,34,,"BIO, BLG, CAB, CEV, CHZ, DEN, EHB, ELE, ELH, ELK, END, EUT, FIZ, GEM, GEO, GID, ICM, INS, ISL, JDF, JEF, JEO, KIM, KMM, KMP, KOM, MAD, MAK, MAT, MET, MIM, MTO, MTR, MUT, MUZ, PEM, PET, SBP, SES, TEB, TEK, TEL, THO, UCK, UZB",,
20195,ING 201,ING,LS,English III,,Hatice Gülru Arslan,GDB,Perşembe,13:30/16:29,,32,32,,"BIO, BIOE, BLG, BLGE, CEV, CEVE, CHZ, CHZE, DEN, DENE, ECNE, EHB, EHBE, EHN, ELE, ELH, ELK, ELKE, END, ENDE, EUT, EUTE, FIZ, FIZE, GEM, GEME, GEMK, GEO, GEOE, GID, GIDE, ICM, IML, IMLE, INS, INSE, ISL, ISLE, JDF, JEF, JEFE, JEO, JEOE, KIM, KIME, KMM, KMME, KOM, KOME, MAD, MADE, MAK, MAKE, MAT, MATE, MET, METE, MIM, MIME, MTO, MTOE, MUZE, PEM, PEME, PET, PETE, SBP, SBPE, SEH, TEK, TEKE, TEL, UCK, UCKE, UZB, UZBE",,
20196,SNT 112,SNT,LS,Tiyatro,,Ali Ersan Karadeniz,MMB,Perşembe,13:30/16:29,,20,20,,"BIO, BLG, CEV, CHZ, DEN, DUI, EHB, ELE, ELH, ELK, END, EUT, FIZ, GEM, GEO, GID, GMI, ICM, IML, INS, ISL, JDF, JEF, JEO, KIM, KMM, KOM, MAD, MAK, MAT, MET, MIM, MTO, PEM, PET, SBP, TEK, TEL, UCK, UZB",,
20197,ING 112,ING,LS,English I,,--,INB,Cuma,08:30/11:29,,0,0,,"BIO, BIOE, BLG, BLGE, CEV, CEVE, CHZ, CHZE, DEN, DENE, DUIE, ECNE, EHB, EHBE, EHN, ELE, ELH, ELK, ELKE, END, ENDE, EUT, EUTE, FIZ, FIZE, GEM, GEME, GEMK, GEO, GEOE, GID, GIDE, GMIE, ICM, IML, IMLE, INS, INSE, ISL, ISLE, JDF, JEF, JEFE, JEO, JEOE, KIM, KIME, KMM, KMME, KOM, KOME, MAD, MADE, MAK, MAKE, MAT, MATE, MET, METE, MIM, MIME, MTO, MTOE, MUZE, PEM, PEME, PET, PETE, SBP, SBPE, SEH, TEK, TEKE, TEL, UCK, UCKE, UZB, UZBE",,
20198,SNT 112,SNT,LS,Tiyatro,,Fatih Hacıosmanoğlu,MED,Cuma,13:30/16:29,,20,16,,"BIO, BLG, CEV, CHZ, DEN, DUI, EHB, ELE, ELH, ELK, END, EUT, FIZ, GEM, GEO, GID, GMI, ICM, IML, INS, ISL, JDF, JEF, JEO, KIM, KMM, KOM, MAD, MAK, MAT, MET, MIM, MTO, PEM, PET, SBP, TEK, TEL, UCK, UZB",,
20199,ING 201,ING,LS,English III,,Pelin Gökalp Yılmazer,GDB,Pazartesi,13:30/16:29,,32,32,,"BIO, BIOE, BLG, BLGE, CEV, CEVE, CHZ, CHZE, DEN, DENE, ECNE, EHB, EHBE, EHN, ELE, ELH, ELK, ELKE, END, ENDE, EUT, EUTE, FIZ, FIZE, GEM, GEME, GEMK, GEO, GEOE, GID, GIDE, ICM, IML, IMLE, INS, INSE, ISL, ISLE, JDF, JEF, JEFE, JEO, JEOE, KIM, KIME, KMM, KMME, KOM, KOME, MAD, MADE, MAK, MAKE, MAT, MATE, MET, METE, MIM, MIME, MTO, MTOE, MUZE, PEM, PEME, PET, PETE, SBP, SBPE, SEH, TEK, TEKE, TEL, UCK, UCKE, UZB, UZBE",,
20200,ITB 222,ITB,LS,Kent ve Toplum,,Ümran Kaya,MED,Çarşamba,11:30/14:29,,35,34,,"BIO, BLG, CAB, CEV, CHZ, DEN, EHB, ELE, ELH, ELK, END, EUT, FIZ, GEM, GEO, GID, ICM, INS, ISL, JDF, JEF, JEO, KIM, KMM, KMP, KOM, MAD, MAK, MAT, MET, MIM, MTO, MTR, MUT, MUZ, PEM, PET, SBP, SES, TEB, TEK, TEL, THO, UCK, UZB",,
20201,ING 201,ING,LS,English III,,Pelin Gökalp Yılmazer,MEDB,Salı,08:30/11:29,,32,32,,"BIO, BIOE, BLG, BLGE, CEV, CEVE, CHZ, CHZE, DEN, DENE, ECNE, EHB, EHBE, EHN, ELE, ELH, ELK, ELKE, END, ENDE, EUT, EUTE, FIZ, FIZE, GEM, GEME, GEMK, GEO, GEOE, GID, GIDE, ICM, IML, IMLE, INS, INSE, ISL, ISLE, JDF, JEF, JEFE, JEO, JEOE, KIM, KIME, KMM, KMME, KOM, KOME, MAD, MADE, MAK, MAKE, MAT, MATE, MET, METE, MIM, MIME, MTO, MTOE, MUZE, PEM, PEME, PET, PETE, SBP, SBPE, SEH, TEK, TEKE, TEL, UCK, UCKE, UZB, UZBE",,
20202,SNT 112E,SNT,LS,Theater,,Fatih Hacıosmanoğlu,MED,Cuma,09:30/12:29,,20,19,,"BIO, BIOE, BLG, BLGE, CEV, CEVE, CHZ, CHZE, DEN, DENE, ECNE, EHB, EHBE, ELE, ELH, ELK, ELKE, END, ENDE, EUT, EUTE, FIZ, FIZE, GEM, GEME, GEMK, GEO, GEOE, GID, GIDE, GMI, GMIE, ICM, ICME, IML, IMLE, INS, INSE, ISL, ISLE, JDF, JEF, JEFE, JEO, JEOE, KIM, KIME, KMM, KMME, KOM, KOME, MAD, MADE, MAK, MAKE, MAT, MATE, MET, METE, MIM, MIME, MTO, MTOE, PEM, PEME, PET, PETE, SBP, SBPE, TEK, TEKE, TEL, UCK, UCKE, UZB, UZBE",,
20203,ING 201,ING,LS,English III,,Pelin Gökalp Yılmazer,MEDB,Çarşamba,11:30/14:29,,32,32,,"BIO, BIOE, BLG, BLGE, CEV, CEVE, CHZ, CHZE, DEN, DENE, ECNE, EHB, EHBE, EHN, ELE, ELH, ELK, ELKE, END, ENDE, EUT, EUTE, FIZ, FIZE, GEM, GEME, GEMK, GEO, GEOE, GID, GIDE, ICM, IML, IMLE, INS, INSE, ISL, ISLE, JDF, JEF, JEFE, JEO, JEOE, KIM, KIME, KMM, KMME, KOM, KOME, MAD, MADE, MAK, MAKE, MAT, MATE, MET, METE, MIM, MIME, MTO, MTOE, MUZE, PEM, PEME, PET, PETE, SBP, SBPE, SEH, TEK, TEKE, TEL, UCK, UCKE, UZB, UZBE",,
20204,SNT 112E,SNT,LS,Theater,,Aslı Ridade Tunçel Sarıcan,MMB,Cuma,13:30/16:29,,20,23,,"BIO, BIOE, BLG, BLGE, CEV, CEVE, CHZ, CHZE, DEN, DENE, ECNE, EHB, EHBE, ELE, ELH, ELK, ELKE, END, ENDE, EUT, EUTE, FIZ, FIZE, GEM, GEME, GEMK, GEO, GEOE, GID, GIDE, GMI, GMIE, ICM, ICME, IML, IMLE, INS, INSE, ISL, ISLE, JDF, JEF, JEFE, JEO, JEOE, KIM, KIME, KMM, KMME, KOM, KOME, MAD, MADE, MAK, MAKE, MAT, MATE, MET, METE, MIM, MIME, MTO, MTOE, PEM, PEME, PET, PETE, SBP, SBPE, TEK, TEKE, TEL, UCK, UCKE, UZB, UZBE",,
20205,ING 112,ING,LS,English I,,İrem Bocutoğlu,MEDB,Pazartesi,08:30/11:29,,25,25,,"BIO, BIOE, BLG, BLGE, CEV, CEVE, CHZ, CHZE, DEN, DENE, DUIE, ECNE, EHB, EHBE, EHN, ELE, ELH, ELK, ELKE, END, ENDE, EUT, EUTE, FIZ, FIZE, GEM, GEME, GEMK, GEO, GEOE, GID, GIDE, GMIE, ICM, IML, IMLE, INS, INSE, ISL, ISLE, JDF, JEF, JEFE, JEO, JEOE, KIM, KIME, KMM, KMME, KOM, KOME, MAD, MADE, MAK, MAKE, MAT, MATE, MET, METE, MIM, MIME, MTO, MTOE, MUZE, PEM, PEME, PET, PETE, SBP, SBPE, SEH, TEK, TEKE, TEL, UCK, UCKE, UZB, UZBE",,
20206,ITB 222,ITB,LS,Kent ve Toplum,,Ümran Kaya,FEB,Perşembe,14:30/17:29,,35,33,,"BIO, BLG, CAB, CEV, CHZ, DEN, EHB, ELE, ELH, ELK, END, EUT, FIZ, GEM, GEO, GID, ICM, INS, ISL, JDF, JEF, JEO, KIM, KMM, KMP, KOM, MAD, MAK, MAT, MET, MIM, MTO, MTR, MUT, MUZ, PEM, PET, SBP, SES, TEB, TEK, TEL, THO, UCK, UZB",,
20207,ING 201,ING,LS,English III,,Pelin Gökalp Yılmazer,MEDB,Perşembe,08:30/11:29,,32,32,,"BIO, BIOE, BLG, BLGE, CEV, CEVE, CHZ, CHZE, DEN, DENE, ECNE, EHB, EHBE, EHN, ELE, ELH, ELK, ELKE, END, ENDE, EUT, EUTE, FIZ, FIZE, GEM, GEME, GEMK, GEO, GEOE, GID, GIDE, ICM, IML, IMLE, INS, INSE, ISL, ISLE, JDF, JEF, JEFE, JEO, JEOE, KIM, KIME, KMM, KMME, KOM, KOME, MAD, MADE, MAK, MAKE, MAT, MATE, MET, METE, MIM, MIME, MTO, MTOE, MUZE, PEM, PEME, PET, PETE, SBP, SBPE, SEH, TEK, TEKE, TEL, UCK, UCKE, UZB, UZBE",,
20208,ING 201,ING,LS,English III,,Şadiye Saraç,GDB,Pazartesi,13:30/16:29,,32,32,,"BIO, BIOE, BLG, BLGE, CEV, CEVE, CHZ, CHZE, DEN, DENE, ECNE, EHB, EHBE, EHN, ELE, ELH, ELK, ELKE, END, ENDE, EUT, EUTE, FIZ, FIZE, GEM, GEME, GEMK, GEO, GEOE, GID, GIDE, ICM, IML, IMLE, INS, INSE, ISL, ISLE, JDF, JEF, JEFE, JEO, JEOE, KIM, KIME, KMM, KMME, KOM, KOME, MAD, MADE, MAK, MAKE, MAT, MATE, MET, METE, MIM, MIME, MTO, MTOE, MUZE, PEM, PEME, PET, PETE, SBP, SBPE, SEH, TEK, TEKE, TEL, UCK, UCKE, UZB, UZBE",,
20209,SNT 113,SNT,LS,Sanat ve Yorum,,Ferhan Gözgü Çelik,MMB,Pazartesi,13:30/16:29,,15,15,,"BIO, BLG, CEV, CHZ, DEN, DUI, EHB, ELE, ELH, ELK, END, EUT, FIZ, GEM, GEO, GID, GMI, ICM, IML, INS, ISL, JDF, JEF, JEO, KIM, KMM, KOM, MAD, MAK, MAT, MET, MIM, MTO, PEM, PET, SBP, TEK, TEL, UCK, UZB",,
20210,SNT 113,SNT,LS,Sanat ve Yorum,,Ferhan Gözgü Çelik,MMB,Salı,09:30/12:29,,15,15,,"BIO, BLG, CEV, CHZ, DEN, DUI, EHB, ELE, ELH, ELK, END, EUT, FIZ, GEM, GEO, GID, GMI, ICM, IML, INS, ISL, JDF, JEF, JEO, KIM, KMM, KOM, MAD, MAK, MAT, MET, MIM, MTO, PEM, PET, SBP, TEK, TEL, UCK, UZB",,
20211,ING 201,ING,LS,English III,,Şadiye Saraç,MKB,Salı,13:30/16:29,,32,32,,"BIO, BIOE, BLG, BLGE, CEV, CEVE, CHZ, CHZE, DEN, DENE, ECNE, EHB, EHBE, EHN, ELE, ELH, ELK, ELKE, END, ENDE, EUT, EUTE, FIZ, FIZE, GEM, GEME, GEMK, GEO, GEOE, GID, GIDE, ICM, IML, IMLE, INS, INSE, ISL, ISLE, JDF, JEF, JEFE, JEO, JEOE, KIM, KIME, KMM, KMME, KOM, KOME, MAD, MADE, MAK, MAKE, MAT, MATE, MET, METE, MIM, MIME, MTO, MTOE, MUZE, PEM, PEME, PET, PETE, SBP, SBPE, SEH, TEK, TEKE, TEL, UCK, UCKE, UZB, UZBE",,
20212,SNT 113,SNT,LS,Sanat ve Yorum,,Aslıhan Erkmen Birkandan,MED,Cuma,09:30/12:29,,20,21,,"BIO, BLG, CEV, CHZ, DEN, DUI, EHB, ELE, ELH, ELK, END, EUT, FIZ, GEM, GEO, GID, GMI, ICM, IML, INS, ISL, JDF, JEF, JEO, KIM, KMM, KOM, MAD, MAK, MAT, MET, MIM, MTO, PEM, PET, SBP, TEK, TEL, UCK, UZB",,
20213,ING 201,ING,LS,English III,,Şadiye Saraç,MKB,Çarşamba,08:30/11:29,,32,32,,"BIO, BIOE, BLG, BLGE, CEV, CEVE, CHZ, CHZE, DEN, DENE, ECNE, EHB, EHBE, EHN, ELE, ELH, ELK, ELKE, END, ENDE, EUT, EUTE, FIZ, FIZE, GEM, GEME, GEMK, GEO, GEOE, GID, GIDE, ICM, IML, IMLE, INS, INSE, ISL, ISLE, JDF, JEF, JEFE, JEO, JEOE, KIM, KIME, KMM, KMME, KOM, KOME, MAD, MADE, MAK, MAKE, MAT, MATE, MET, METE, MIM, MIME, MTO, MTOE, MUZE, PEM, PEME, PET, PETE, SBP, SBPE, SEH, TEK, TEKE, TEL, UCK, UCKE, UZB, UZBE",,
20215,ING 103N,ING,LS,Film Studies,,İrem Bocutoğlu,ISB,Salı,08:30/11:29,,28,28,,"BIO, BIOE, BLG, BLGE, CEV, CEVE, CHZ, CHZE, DEN, DENE, DUIE, ECNE, EHB, EHBE, EHN, ELE, ELH, ELK, ELKE, END, ENDE, EUT, EUTE, FIZ, FIZE, GEM, GEME, GEMK, GEO, GEOE, GID, GIDE, GMIE, ICM, IML, IMLE, INS, INSE, ISL, ISLE, JDF, JEF, JEFE, JEO, JEOE, KIM, KIME, KMM, KMME, KOM, KOME, MAD, MADE, MAK, MAKE, MAT, MATE, MET, METE, MIM, MIME, MTO, MTOE, MUZE, PEM, PEME, PET, PETE, SBP, SBPE, SEH, TEK, TEKE, TEL, UCK, UCKE, UZB, UZBE",,
20216,SNT 113E,SNT,LS,Art and Interpretation,,Çiğdem Özkan Aygün,MED,Çarşamba,09:30/12:29,,20,20,,"BIO, BIOE, BLG, BLGE, CEV, CEVE, CHZ, CHZE, DEN, DENE, ECNE, EHB, EHBE, ELE, ELH, ELK, ELKE, END, ENDE, EUT, EUTE, FIZ, FIZE, GEM, GEME, GEMK, GEO, GEOE, GID, GIDE, GMI, GMIE, ICM, ICME, IML, IMLE, INS, INSE, ISL, ISLE, JDF, JEF, JEFE, JEO, JEOE, KIM, KIME, KMM, KMME, KOM, KOME, MAD, MADE, MAK, MAKE, MAT, MATE, MET, METE, MIM, MIME, MTO, MTOE, PEM, PEME, PET, PETE, SBPE, TEK, TEKE, TEL, UCK, UCKE, UZB, UZBE",,
20217,ING 201,ING,LS,English III,,Şadiye Saraç,GDB,Perşembe,08:30/11:29,,32,32,,"BIO, BIOE, BLG, BLGE, CEV, CEVE, CHZ, CHZE, DEN, DENE, ECNE, EHB, EHBE, EHN, ELE, ELH, ELK, ELKE, END, ENDE, EUT, EUTE, FIZ, FIZE, GEM, GEME, GEMK, GEO, GEOE, GID, GIDE, ICM, IML, IMLE, INS, INSE, ISL, ISLE, JDF, JEF, JEFE, JEO, JEOE, KIM, KIME, KMM, KMME, KOM, KOME, MAD, MADE, MAK, MAKE, MAT, MATE, MET, METE, MIM, MIME, MTO, MTOE, MUZE, PEM, PEME, PET, PETE, SBP, SBPE, SEH, TEK, TEKE, TEL, UCK, UCKE, UZB, UZBE",,
20218,ING 103N,ING,LS,Film Studies,,İrem Bocutoğlu,MEDB,Çarşamba,11:30/14:29,,28,28,,"BIO, BIOE, BLG, BLGE, CEV, CEVE, CHZ, CHZE, DEN, DENE, DUIE, ECNE, EHB, EHBE, EHN, ELE, ELH, ELK, ELKE, END, ENDE, EUT, EUTE, FIZ, FIZE, GEM, GEME, GEMK, GEO, GEOE, GID, GIDE, GMIE, ICM, IML, IMLE, INS, INSE, ISL, ISLE, JDF, JEF, JEFE, JEO, JEOE, KIM, KIME, KMM, KMME, KOM, KOME, MAD, MADE, MAK, MAKE, MAT, MATE, MET, METE, MIM, MIME, MTO, MTOE, MUZE, PEM, PEME, PET, PETE, SBP, SBPE, SEH, TEK, TEKE, TEL, UCK, UCKE, UZB, UZBE",,
20219,ING 103N,ING,LS,Film Studies,,İrem Bocutoğlu,ISB,Perşembe,13:30/16:29,,28,28,,"BIO, BIOE, BLG, BLGE, CEV, CEVE, CHZ, CHZE, DEN, DENE, DUIE, ECNE, EHB, EHBE, EHN, ELE, ELH, ELK, ELKE, END, ENDE, EUT, EUTE, FIZ, FIZE, GEM, GEME, GEMK, GEO, GEOE, GID, GIDE, GMIE, ICM, IML, IMLE, INS, INSE, ISL, ISLE, JDF, JEF, JEFE, JEO, JEOE, KIM, KIME, KMM, KMME, KOM, KOME, MAD, MADE, MAK, MAKE, MAT, MATE, MET, METE, MIM, MIME, MTO, MTOE, MUZE, PEM, PEME, PET, PETE, SBP, SBPE, SEH, TEK, TEKE, TEL, UCK, UCKE, UZB, UZBE",,
20220,ING 112,ING,LS,English I,,Ömer Nezih Karaalioğlu,INB,Pazartesi,13:30/16:29,,25,24,,"BIO, BIOE, BLG, BLGE, CEV, CEVE, CHZ, CHZE, DEN, DENE, DUIE, ECNE, EHB, EHBE, EHN, ELE, ELH, ELK, ELKE, END, ENDE, EUT, EUTE, FIZ, FIZE, GEM, GEME, GEMK, GEO, GEOE, GID, GIDE, GMIE, ICM, IML, IMLE, INS, INSE, ISL, ISLE, JDF, JEF, JEFE, JEO, JEOE, KIM, KIME, KMM, KMME, KOM, KOME, MAD, MADE, MAK, MAKE, MAT, MATE, MET, METE, MIM, MIME, MTO, MTOE, MUZE, PEM, PEME, PET, PETE, SBP, SBPE, SEH, TEK, TEKE, TEL, UCK, UCKE, UZB, UZBE",,
20221,SNT 114,SNT,LS,Günümüz Sanatı,,Ebru Belgin Yetişkin,MED,Salı,13:30/16:29,,30,27,,"BIO, BLG, CEV, CHZ, DEN, DUI, EHB, ELE, ELH, ELK, END, EUT, FIZ, GEM, GEO, GID, GMI, ICM, IML, INS, ISL, JDF, JEF, JEO, KIM, KMM, KOM, MAD, MAK, MAT, MET, MIM, MTO, PEM, PET, SBP, TEK, TEL, UCK, UZB",,
20222,ING 201,ING,LS,English III,,Sibel Dursun,GDB,Pazartesi,08:30/11:29,,32,32,,"BIO, BIOE, BLG, BLGE, CEV, CEVE, CHZ, CHZE, DEN, DENE, ECNE, EHB, EHBE, EHN, ELE, ELH, ELK, ELKE, END, ENDE, EUT, EUTE, FIZ, FIZE, GEM, GEME, GEMK, GEO, GEOE, GID, GIDE, ICM, IML, IMLE, INS, INSE, ISL, ISLE, JDF, JEF, JEFE, JEO, JEOE, KIM, KIME, KMM, KMME, KOM, KOME, MAD, MADE, MAK, MAKE, MAT, MATE, MET, METE, MIM, MIME, MTO, MTOE, MUZE, PEM, PEME, PET, PETE, SBP, SBPE, SEH, TEK, TEKE, TEL, UCK, UCKE, UZB, UZBE",,
20223,ITB 222,ITB,LS,Kent ve Toplum,,Ümran Kaya,MED,Cuma,14:30/17:29,,35,35,,"BIO, BLG, CAB, CEV, CHZ, DEN, EHB, ELE, ELH, ELK, END, EUT, FIZ, GEM, GEO, GID, ICM, INS, ISL, JDF, JEF, JEO, KIM, KMM, KMP, KOM, MAD, MAK, MAT, MET, MIM, MTO, MTR, MUT, MUZ, PEM, PET, SBP, SES, TEB, TEK, TEL, THO, UCK, UZB",,
20224,SNT 114E,SNT,LS,Contemporary Art,,Merve Ertufan,MED,Çarşamba,09:30/12:29,,20,20,,"BIO, BIOE, BLG, BLGE, CEV, CEVE, CHZ, CHZE, DEN, DENE, ECNE, EHB, EHBE, ELE, ELH, ELK, ELKE, END, ENDE, EUT, EUTE, FIZ, FIZE, GEM, GEME, GEMK, GEO, GEOE, GID, GIDE, GMI, GMIE, ICM, ICME, IML, IMLE, INS, INSE, ISL, ISLE, JDF, JEF, JEFE, JEO, JEOE, KIM, KIME, KMM, KMME, KOM, KOME, MAD, MADE, MAK, MAKE, MAT, MATE, MET, METE, MIM, MIME, MTO, MTOE, PEM, PEME, PET, PETE, SBPE, TEK, TEKE, TEL, UCK, UCKE, UZB, UZBE",,
20225,SNT 115,SNT,LS,Modernite ve Görsel Kültür,,Yasemin Dora,MKB,Cuma,13:30/16:29,,20,20,,"BIO, BLG, CEV, CHZ, DEN, DUI, EHB, ELE, ELH, ELK, END, EUT, FIZ, GEM, GEO, GID, GMI, ICM, IML, INS, ISL, JDF, JEF, JEO, KIM, KMM, KOM, MAD, MAK, MAT, MET, MIM, MTO, PEM, PET, SBP, TEK, TEL, UCK, UZB",,
20226,ING 201,ING,LS,English III,,Sibel Dursun,GDB,Salı,13:30/16:29,,32,32,,"BIO, BIOE, BLG, BLGE, CEV, CEVE, CHZ, CHZE, DEN, DENE, ECNE, EHB, EHBE, EHN, ELE, ELH, ELK, ELKE, END, ENDE, EUT, EUTE, FIZ, FIZE, GEM, GEME, GEMK, GEO, GEOE, GID, GIDE, ICM, IML, IMLE, INS, INSE, ISL, ISLE, JDF, JEF, JEFE, JEO, JEOE, KIM, KIME, KMM, KMME, KOM, KOME, MAD, MADE, MAK, MAKE, MAT, MATE, MET, METE, MIM, MIME, MTO, MTOE, MUZE, PEM, PEME, PET, PETE, SBP, SBPE, SEH, TEK, TEKE, TEL, UCK, UCKE, UZB, UZBE",,
20228,ING 112,ING,LS,English I,,Ömer Nezih Karaalioğlu,INB,Salı,13:30/16:29,,25,25,,"BIO, BIOE, BLG, BLGE, CEV, CEVE, CHZ, CHZE, DEN, DENE, DUIE, ECNE, EHB, EHBE, EHN, ELE, ELH, ELK, ELKE, END, ENDE, EUT, EUTE, FIZ, FIZE, GEM, GEME, GEMK, GEO, GEOE, GID, GIDE, GMIE, ICM, IML, IMLE, INS, INSE, ISL, ISLE, JDF, JEF, JEFE, JEO, JEOE, KIM, KIME, KMM, KMME, KOM, KOME, MAD, MADE, MAK, MAKE, MAT, MATE, MET, METE, MIM, MIME, MTO, MTOE, MUZE, PEM, PEME, PET, PETE, SBP, SBPE, SEH, TEK, TEKE, TEL, UCK, UCKE, UZB, UZBE",,
20229,SNT 116E,SNT,LS,The Art of Communication,,Rabia Zeynep İşler,MMB,Perşembe,09:30/12:29,,20,22,,"BIO, BIOE, BLG, BLGE, CEV, CEVE, CHZ, CHZE, DEN, DENE, ECNE, EHB, EHBE, ELE, ELH, ELK, ELKE, END, ENDE, EUT, EUTE, FIZ, FIZE, GEM, GEME, GEMK, GEO, GEOE, GID, GIDE, GMI, GMIE, ICM, ICME, IML, IMLE, INS, INSE, ISL, ISLE, JDF, JEF, JEFE, JEO, JEOE, KIM, KIME, KMM, KMME, KOM, KOME, MAD, MADE, MAK, MAKE, MAT, MATE, MET, METE, MIM, MIME, MTO, MTOE, PEM, PEME, PET, PETE, SBP, SBPE, TEK, TEKE, TEL, UCK, UCKE, UZB, UZBE",,
20230,ITB 222,ITB,LS,Kent ve Toplum,,Özge Atalay Çelik,MED,Salı,14:30/17:29,,35,33,,"BIO, BLG, CAB, CEV, CHZ, DEN, EHB, ELE, ELH, ELK, END, EUT, FIZ, GEM, GEO, GID, ICM, INS, ISL, JDF, JEF, JEO, KIM, KMM, KMP, KOM, MAD, MAK, MAT, MET, MIM, MTO, MTR, MUT, MUZ, PEM, PET, SBP, SES, TEB, TEK, TEL, THO, UCK, UZB",,
20231,ING 201,ING,LS,English III,,Sibel Dursun,GDB,Perşembe,13:30/16:29,,32,32,,"BIO, BIOE, BLG, BLGE, CEV, CEVE, CHZ, CHZE, DEN, DENE, ECNE, EHB, EHBE, EHN, ELE, ELH, ELK, ELKE, END, ENDE, EUT, EUTE, FIZ, FIZE, GEM, GEME, GEMK, GEO, GEOE, GID, GIDE, ICM, IML, IMLE, INS, INSE, ISL, ISLE, JDF, JEF, JEFE, JEO, JEOE, KIM, KIME, KMM, KMME, KOM, KOME, MAD, MADE, MAK, MAKE, MAT, MATE, MET, METE, MIM, MIME, MTO, MTOE, MUZE, PEM, PEME, PET, PETE, SBP, SBPE, SEH, TEK, TEKE, TEL, UCK, UCKE, UZB, UZBE",,
20232,ING 201,ING,LS,English III,,Sibel Dursun,MEDB,Cuma,08:30/11:29,,24,24,,"BIO, BIOE, BLG, BLGE, CEV, CEVE, CHZ, CHZE, DEN, DENE, ECNE, EHB, EHBE, EHN, ELE, ELH, ELK, ELKE, END, ENDE, EUT, EUTE, FIZ, FIZE, GEM, GEME, GEMK, GEO, GEOE, GID, GIDE, ICM, IML, IMLE, INS, INSE, ISL, ISLE, JDF, JEF, JEFE, JEO, JEOE, KIM, KIME, KMM, KMME, KOM, KOME, MAD, MADE, MAK, MAKE, MAT, MATE, MET, METE, MIM, MIME, MTO, MTOE, MUZE, PEM, PEME, PET, PETE, SBP, SBPE, SEH, TEK, TEKE, TEL, UCK, UCKE, UZB, UZBE",,
20235,SNT 123E,SNT,LS,Film Production,,Gamze Konca,MMB,Cuma,09:30/12:29,,20,21,,"BIO, BIOE, BLG, BLGE, CEV, CEVE, CHZ, CHZE, DEN, DENE, ECNE, EHB, EHBE, ELE, ELH, ELK, ELKE, END, ENDE, EUT, EUTE, FIZ, FIZE, GEM, GEME, GEMK, GEO, GEOE, GID, GIDE, GMI, GMIE, ICM, ICME, IML, IMLE, INS, INSE, ISL, ISLE, JDF, JEF, JEFE, JEO, JEOE, KIM, KIME, KMM, KMME, KOM, KOME, MAD, MADE, MAK, MAKE, MAT, MATE, MET, METE, MIM, MIME, MTO, MTOE, PEM, PEME, PET, PETE, SBP, SBPE, TEK, TEKE, TEL, UCK, UCKE, UZB, UZBE",,
20236,ING 201,ING,LS,English III,,Şule Elif Gökçe Enginarlar,MEDB,Pazartesi,08:30/11:29,,32,32,,"BIO, BIOE, BLG, BLGE, CEV, CEVE, CHZ, CHZE, DEN, DENE, ECNE, EHB, EHBE, EHN, ELE, ELH, ELK, ELKE, END, ENDE, EUT, EUTE, FIZ, FIZE, GEM, GEME, GEMK, GEO, GEOE, GID, GIDE, ICM, IML, IMLE, INS, INSE, ISL, ISLE, JDF, JEF, JEFE, JEO, JEOE, KIM, KIME, KMM, KMME, KOM, KOME, MAD, MADE, MAK, MAKE, MAT, MATE, MET, METE, MIM, MIME, MTO, MTOE, MUZE, PEM, PEME, PET, PETE, SBP, SBPE, SEH, TEK, TEKE, TEL, UCK, UCKE, UZB, UZBE",,
20237,ING 112,ING,LS,English I,,Ömer Nezih Karaalioğlu,INB,Çarşamba,08:30/11:29,,25,25,,"BIO, BIOE, BLG, BLGE, CEV, CEVE, CHZ, CHZE, DEN, DENE, DUIE, ECNE, EHB, EHBE, EHN, ELE, ELH, ELK, ELKE, END, ENDE, EUT, EUTE, FIZ, FIZE, GEM, GEME, GEMK, GEO, GEOE, GID, GIDE, GMIE, ICM, IML, IMLE, INS, INSE, ISL, ISLE, JDF, JEF, JEFE, JEO, JEOE, KIM, KIME, KMM, KMME, KOM, KOME, MAD, MADE, MAK, MAKE, MAT, MATE, MET, METE, MIM, MIME, MTO, MTOE, MUZE, PEM, PEME, PET, PETE, SBP, SBPE, SEH, TEK, TEKE, TEL, UCK, UCKE, UZB, UZBE",,
20238,ITB 222,ITB,LS,Kent ve Toplum,,Özge Atalay Çelik,MED,Çarşamba,11:30/14:29,,35,33,,"BIO, BLG, CAB, CEV, CHZ, DEN, EHB, ELE, ELH, ELK, END, EUT, FIZ, GEM, GEO, GID, ICM, INS, ISL, JDF, JEF, JEO, KIM, KMM, KMP, KOM, MAD, MAK, MAT, MET, MIM, MTO, MTR, MUT, MUZ, PEM, PET, SBP, SES, TEB, TEK, TEL, THO, UCK, UZB",,
20239,SNT 211,SNT,LS,"İstanbul:Tarih,Sanat ve Toplum",,Kubilay Önal,MMB,Pazartesi,13:30/16:29,,20,18,,"BIO, BLG, CEV, CHZ, DEN, DUI, EHB, ELE, ELH, ELK, END, EUT, FIZ, GEM, GEO, GID, GMI, ICM, IML, INS, ISL, JDF, JEF, JEO, KIM, KMM, KOM, MAD, MAK, MAT, MET, MIM, MTO, PEM, PET, SBP, TEK, TEL, UCK, UZB",,
20240,ING 201,ING,LS,English III,,Şule Elif Gökçe Enginarlar,MEDB,Salı,08:30/11:29,,32,32,,"BIO, BIOE, BLG, BLGE, CEV, CEVE, CHZ, CHZE, DEN, DENE, ECNE, EHB, EHBE, EHN, ELE, ELH, ELK, ELKE, END, ENDE, EUT, EUTE, FIZ, FIZE, GEM, GEME, GEMK, GEO, GEOE, GID, GIDE, ICM, IML, IMLE, INS, INSE, ISL, ISLE, JDF, JEF, JEFE, JEO, JEOE, KIM, KIME, KMM, KMME, KOM, KOME, MAD, MADE, MAK, MAKE, MAT, MATE, MET, METE, MIM, MIME, MTO, MTOE, MUZE, PEM, PEME, PET, PETE, SBP, SBPE, SEH, TEK, TEKE, TEL, UCK, UCKE, UZB, UZBE",,
20241,SNT 211,SNT,LS,"İstanbul:Tarih,Sanat ve Toplum",,Kubilay Önal,MMB,Çarşamba,09:30/12:29,,20,19,,"BIO, BLG, CEV, CHZ, DEN, DUI, EHB, ELE, ELH, ELK, END, EUT, FIZ, GEM, GEO, GID, GMI, ICM, IML, INS, ISL, JDF, JEF, JEO, KIM, KMM, KOM, MAD, MAK, MAT, MET, MIM, MTO, PEM, PET, SBP, TEK, TEL, UCK, UZB",,
20242,ING 201,ING,LS,English III,,Şule Elif Gökçe Enginarlar,MEDB,Çarşamba,11:30/14:29,,32,32,,"BIO, BIOE, BLG, BLGE, CEV, CEVE, CHZ, CHZE, DEN, DENE, ECNE, EHB, EHBE, EHN, ELE, ELH, ELK, ELKE, END, ENDE, EUT, EUTE, FIZ, FIZE, GEM, GEME, GEMK, GEO, GEOE, GID, GIDE, ICM, IML, IMLE, INS, INSE, ISL, ISLE, JDF, JEF, JEFE, JEO, JEOE, KIM, KIME, KMM, KMME, KOM, KOME, MAD, MADE, MAK, MAKE, MAT, MATE, MET, METE, MIM, MIME, MTO, MTOE, MUZE, PEM, PEME, PET, PETE, SBP, SBPE, SEH, TEK, TEKE, TEL, UCK, UCKE, UZB, UZBE",,
20243,ITB 222E,ITB,LS,City and Society,,Hasan Karataş,FEB,Cuma,14:30/17:29,,45,42,,"BIO, BIOE, BLG, BLGE, CAB, CEV, CEVE, CHZ, CHZE, DEN, DENE, ECNE, EHB, EHBE, ELE, ELH, ELK, ELKE, END, ENDE, EUT, EUTE, FIZ, FIZE, GEM, GEME, GEMK, GEO, GEOE, GID, GIDE, ICM, IML, IMLE, INS, INSE, ISL, ISLE, JDF, JEF, JEFE, JEO, JEOE, KIM, KIME, KMM, KMME, KMP, KOM, KOME, MAD, MADE, MAK, MAKE, MAT, MATE, MET, METE, MIM, MIME, MTO, MTOE, MTR, MUT, MUZ, MUZE, PEM, PEME, PET, PETE, SBP, SBPE, SES, TEB, TEK, TEKE, TEL, THO, UCK, UCKE, UZB, UZBE",,
20244,SNT 211E,SNT,LS,"Istanbul:Hist.,Art and Society",,Çiğdem Özkan Aygün,MED,Salı,09:30/12:29,,20,20,,"BIO, BIOE, BLG, BLGE, CEV, CEVE, CHZ, CHZE, DEN, DENE, ECNE, EHB, EHBE, ELE, ELH, ELK, ELKE, END, ENDE, EUT, EUTE, FIZ, FIZE, GEM, GEME, GEMK, GEO, GEOE, GID, GIDE, GMI, GMIE, ICM, ICME, IML, IMLE, INS, INSE, ISL, ISLE, JDF, JEF, JEFE, JEO, JEOE, KIM, KIME, KMM, KMME, KOM, KOME, MAD, MADE, MAK, MAKE, MAT, MATE, MET, METE, MIM, MIME, MTO, MTOE, PEM, PEME, PET, PETE, SBPE, TEK, TEKE, TEL, UCK, UCKE, UZB, UZBE",,
20245,SNT 211E,SNT,LS,"Istanbul:Hist.,Art and Society",,Çiğdem Özkan Aygün,MED,Salı,13:30/16:29,,20,19,,"BIO, BIOE, BLG, BLGE, CEV, CEVE, CHZ, CHZE, DEN, DENE, ECNE, EHB, EHBE, ELE, ELH, ELK, ELKE, END, ENDE, EUT, EUTE, FIZ, FIZE, GEM, GEME, GEMK, GEO, GEOE, GID, GIDE, GMI, GMIE, ICM, ICME, IML, IMLE, INS, INSE, ISL, ISLE, JDF, JEF, JEFE, JEO, JEOE, KIM, KIME, KMM, KMME, KOM, KOME, MAD, MADE, MAK, MAKE, MAT, MATE, MET, METE, MIM, MIME, MTO, MTOE, PEM, PEME, PET, PETE, SBPE, TEK, TEKE, TEL, UCK, UCKE, UZB, UZBE",,
20246,ITB 222E,ITB,LS,City and Society,,Elvan Gülöksüz,INB,Çarşamba,11:30/14:29,,45,44,,"BIO, BIOE, BLG, BLGE, CAB, CEV, CEVE, CHZ, CHZE, DEN, DENE, ECNE, EHB, EHBE, ELE, ELH, ELK, ELKE, END, ENDE, EUT, EUTE, FIZ, FIZE, GEM, GEME, GEMK, GEO, GEOE, GID, GIDE, ICM, IML, IMLE, INS, INSE, ISL, ISLE, JDF, JEF, JEFE, JEO, JEOE, KIM, KIME, KMM, KMME, KMP, KOM, KOME, MAD, MADE, MAK, MAKE, MAT, MATE, MET, METE, MIM, MIME, MTO, MTOE, MTR, MUT, MUZ, MUZE, PEM, PEME, PET, PETE, SBP, SBPE, SES, TEB, TEK, TEKE, TEL, THO, UCK, UCKE, UZB, UZBE",,
20247,SNT 211E,SNT,LS,"Istanbul:Hist.,Art and Society",,Pınar Erkan Bursa,MKB,Cuma,09:30/12:29,,25,23,,"BIO, BIOE, BLG, BLGE, CEV, CEVE, CHZ, CHZE, DEN, DENE, ECNE, EHB, EHBE, ELE, ELH, ELK, ELKE, END, ENDE, EUT, EUTE, FIZ, FIZE, GEM, GEME, GEMK, GEO, GEOE, GID, GIDE, GMI, GMIE, ICM, ICME, IML, IMLE, INS, INSE, ISL, ISLE, JDF, JEF, JEFE, JEO, JEOE, KIM, KIME, KMM, KMME, KOM, KOME, MAD, MADE, MAK, MAKE, MAT, MATE, MET, METE, MIM, MIME, MTO, MTOE, PEM, PEME, PET, PETE, SBPE, TEK, TEKE, TEL, UCK, UCKE, UZB, UZBE",,
20248,SNT 211E,SNT,LS,"Istanbul:Hist.,Art and Society",,Çiğdem Özkan Aygün,MED,Perşembe,09:30/12:29,,20,20,,"BIO, BIOE, BLG, BLGE, CEV, CEVE, CHZ, CHZE, DEN, DENE, ECNE, EHB, EHBE, ELE, ELH, ELK, ELKE, END, ENDE, EUT, EUTE, FIZ, FIZE, GEM, GEME, GEMK, GEO, GEOE, GID, GIDE, GMI, GMIE, ICM, ICME, IML, IMLE, INS, INSE, ISL, ISLE, JDF, JEF, JEFE, JEO, JEOE, KIM, KIME, KMM, KMME, KOM, KOME, MAD, MADE, MAK, MAKE, MAT, MATE, MET, METE, MIM, MIME, MTO, MTOE, PEM, PEME, PET, PETE, SBPE, TEK, TEKE, TEL, UCK, UCKE, UZB, UZBE",,
20249,SNT 211E,SNT,LS,"Istanbul:Hist.,Art and Society",,Çiğdem Özkan Aygün,MED,Perşembe,13:30/16:29,,20,21,,"BIO, BIOE, BLG, BLGE, CEV, CEVE, CHZ, CHZE, DEN, DENE, ECNE, EHB, EHBE, ELE, ELH, ELK, ELKE, END, ENDE, EUT, EUTE, FIZ, FIZE, GEM, GEME, GEMK, GEO, GEOE, GID, GIDE, GMI, GMIE, ICM, ICME, IML, IMLE, INS, INSE, ISL, ISLE, JDF, JEF, JEFE, JEO, JEOE, KIM, KIME, KMM, KMME, KOM, KOME, MAD, MADE, MAK, MAKE, MAT, MATE, MET, METE, MIM, MIME, MTO, MTOE, PEM, PEME, PET, PETE, SBPE, TEK, TEKE, TEL, UCK, UCKE, UZB, UZBE",,
20250,ITB 222E,ITB,LS,City and Society,,Elvan Gülöksüz,INB,Perşembe,08:30/11:29,,45,42,,"BIO, BIOE, BLG, BLGE, CAB, CEV, CEVE, CHZ, CHZE, DEN, DENE, ECNE, EHB, EHBE, ELE, ELH, ELK, ELKE, END, ENDE, EUT, EUTE, FIZ, FIZE, GEM, GEME, GEMK, GEO, GEOE, GID, GIDE, ICM, IML, IMLE, INS, INSE, ISL, ISLE, JDF, JEF, JEFE, JEO, JEOE, KIM, KIME, KMM, KMME, KMP, KOM, KOME, MAD, MADE, MAK, MAKE, MAT, MATE, MET, METE, MIM, MIME, MTO, MTOE, MTR, MUT, MUZ, MUZE, PEM, PEME, PET, PETE, SBP, SBPE, SES, TEB, TEK, TEKE, TEL, THO, UCK, UCKE, UZB, UZBE",,
20252,SNT 226,SNT,LS,Sanat Felsefesi,,Ozan Güreli,MMB,Salı,13:30/16:29,,20,20,,"BIO, BLG, CEV, CHZ, DEN, DUI, EHB, ELE, ELH, ELK, END, EUT, FIZ, GEM, GEO, GID, GMI, ICM, IML, INS, ISL, JDF, JEF, JEO, KIM, KMM, KOM, MAD, MAK, MAT, MET, MIM, MTO, PEM, PET, SBP, TEK, TEL, UCK, UZB",,
20253,ITB 224E,ITB,LS,Environment and Society,,Aslı Erbil,FEB,Çarşamba,11:30/14:29,,45,24,,"BIO, BIOE, BLG, BLGE, CAB, CEV, CEVE, CHZ, CHZE, DEN, DENE, ECNE, EHB, EHBE, ELE, ELH, ELK, ELKE, END, ENDE, EUT, EUTE, FIZ, FIZE, GEM, GEME, GEMK, GEO, GEOE, GID, GIDE, GMI, GMIE, ICM, IML, IMLE, INS, INSE, ISL, ISLE, JDF, JEF, JEFE, JEO, JEOE, KIM, KIME, KMM, KMME, KMP, KOM, KOME, MAD, MADE, MAK, MAKE, MAT, MATE, MET, METE, MIM, MIME, MTO, MTOE, MTR, MUT, MUZ, MUZE, PEM, PEME, PET, PETE, SBP, SBPE, SES, TEB, TEK, TEKE, TEL, THO, UCK, UCKE, UZB, UZBE",,
20254,SNT 226E,SNT,LS,Philosophy of Art,,Ozan Güreli,MMB,Pazartesi,13:30/16:29,,20,19,,"BIO, BIOE, BLG, BLGE, CEV, CEVE, CHZ, CHZE, DEN, DENE, ECNE, EHB, EHBE, ELE, ELH, ELK, ELKE, END, ENDE, EUT, EUTE, FIZ, FIZE, GEM, GEME, GEMK, GEO, GEOE, GID, GIDE, GMI, GMIE, ICM, ICME, IML, IMLE, INS, INSE, ISL, ISLE, JDF, JEF, JEFE, JEO, JEOE, KIM, KIME, KMM, KMME, KOM, KOME, MAD, MADE, MAK, MAKE, MAT, MATE, MET, METE, MIM, MIME, MTO, MTOE, PEM, PEME, PET, PETE, SBPE, TEK, TEKE, TEL, UCK, UCKE, UZB, UZBE",,
20255,ITB 227E,ITB,LS,Political Theory,,Barry David Stocker,MED,Perşembe,08:30/11:29,,45,22,,"BIO, BIOE, BLG, BLGE, CAB, CEV, CEVE, CHZ, CHZE, DEN, DENE, ECNE, EHB, EHBE, ELE, ELH, ELK, ELKE, END, ENDE, EUT, EUTE, FIZ, FIZE, GEM, GEME, GEMK, GEO, GEOE, GID, GIDE, ICM, IML, IMLE, INS, INSE, ISL, ISLE, JDF, JEF, JEFE, JEO, JEOE, KIM, KIME, KMM, KMME, KMP, KOM, KOME, MAD, MADE, MAK, MAKE, MAT, MATE, MET, METE, MIM, MIME, MTO, MTOE, MTR, MUT, MUZ, MUZE, PEM, PEME, PET, PETE, SBP, SBPE, SES, TEB, TEK, TEKE, TEL, THO, UCK, UCKE, UZB, UZBE",,
20256,SNT 226E,SNT,LS,Philosophy of Art,,Geoff Bove,MMB,Salı,13:30/16:29,,20,19,,"BIO, BIOE, BLG, BLGE, CEV, CEVE, CHZ, CHZE, DEN, DENE, ECNE, EHB, EHBE, ELE, ELH, ELK, ELKE, END, ENDE, EUT, EUTE, FIZ, FIZE, GEM, GEME, GEMK, GEO, GEOE, GID, GIDE, GMI, GMIE, ICM, ICME, IML, IMLE, INS, INSE, ISL, ISLE, JDF, JEF, JEFE, JEO, JEOE, KIM, KIME, KMM, KMME, KOM, KOME, MAD, MADE, MAK, MAKE, MAT, MATE, MET, METE, MIM, MIME, MTO, MTOE, PEM, PEME, PET, PETE, SBPE, TEK, TEKE, TEL, UCK, UCKE, UZB, UZBE",,
20257,SNT 226E,SNT,LS,Philosophy of Art,,Geoff Bove,MMB,Perşembe,13:30/16:29,,20,18,,"BIO, BIOE, BLG, BLGE, CEV, CEVE, CHZ, CHZE, DEN, DENE, ECNE, EHB, EHBE, ELE, ELH, ELK, ELKE, END, ENDE, EUT, EUTE, FIZ, FIZE, GEM, GEME, GEMK, GEO, GEOE, GID, GIDE, GMI, GMIE, ICM, ICME, IML, IMLE, INS, INSE, ISL, ISLE, JDF, JEF, JEFE, JEO, JEOE, KIM, KIME, KMM, KMME, KOM, KOME, MAD, MADE, MAK, MAKE, MAT, MATE, MET, METE, MIM, MIME, MTO, MTOE, PEM, PEME, PET, PETE, SBPE, TEK, TEKE, TEL, UCK, UCKE, UZB, UZBE",,
20258,ITB 227E,ITB,LS,Political Theory,,Jan Kandiyali,MED,Salı,11:30/14:29,,45,39,,"BIO, BIOE, BLG, BLGE, CAB, CEV, CEVE, CHZ, CHZE, DEN, DENE, ECNE, EHB, EHBE, ELE, ELH, ELK, ELKE, END, ENDE, EUT, EUTE, FIZ, FIZE, GEM, GEME, GEMK, GEO, GEOE, GID, GIDE, ICM, IML, IMLE, INS, INSE, ISL, ISLE, JDF, JEF, JEFE, JEO, JEOE, KIM, KIME, KMM, KMME, KMP, KOM, KOME, MAD, MADE, MAK, MAKE, MAT, MATE, MET, METE, MIM, MIME, MTO, MTOE, MTR, MUT, MUZ, MUZE, PEM, PEME, PET, PETE, SBP, SBPE, SES, TEB, TEK, TEKE, TEL, THO, UCK, UCKE, UZB, UZBE",,
20259,SNT 227E,SNT,LS,Sound and Society,,Emine Şirin Özgün Tanır,TMB,Salı,09:30/12:29,,30,22,,"BIO, BIOE, BLG, BLGE, CEV, CEVE, CHZ, CHZE, DEN, DENE, ECNE, EHB, EHBE, ELE, ELK, ELKE, END, ENDE, EUT, EUTE, FIZ, FIZE, GEM, GEME, GEO, GEOE, GID, GIDE, ICM, ICME, IML, IMLE, INS, INSE, ISL, ISLE, JDF, JEF, JEFE, JEO, JEOE, KIM, KIME, KMM, KMME, KOM, KOME, MAD, MADE, MAK, MAKE, MAT, MATE, MET, METE, MIM, MIME, MTO, MTOE, PEM, PEME, PET, PETE, SBP, SBPE, TEK, TEKE, TEL, UCK, UCKE, UZB, UZBE",,
20260,ITB 228,ITB,LS,Toplumsal Cinsiyet Çalışmaları,,Ayşe Zeynep Akalın,INB,Salı,14:30/17:29,,45,45,,"BIO, BLG, CAB, CEV, CHZ, DEN, EHB, ELE, ELH, ELK, END, EUT, FIZ, GEM, GEO, GID, ICM, INS, ISL, JDF, JEF, JEO, KIM, KMM, KMP, KOM, MAD, MAK, MAT, MET, MIM, MTO, MTR, MUT, MUZ, PEM, PET, SBP, SES, TEB, TEK, TEL, THO, UCK, UZB",,
20261,GSB 323,GSB,LS,Fotoğraf ve Mimarlık,,Ahmet Keskin,MMB,Perşembe,09:30/12:29,,15,15,,"ICM, MIM, PEM, SBP",,
20263,ITB 228,ITB,LS,Toplumsal Cinsiyet Çalışmaları,,Ayşe Zeynep Akalın,MED,Perşembe,11:30/14:29,,45,19,,"BIO, BLG, CAB, CEV, CHZ, DEN, EHB, ELE, ELH, ELK, END, EUT, FIZ, GEM, GEO, GID, ICM, INS, ISL, JDF, JEF, JEO, KIM, KMM, KMP, KOM, MAD, MAK, MAT, MET, MIM, MTO, MTR, MUT, MUZ, PEM, PET, SBP, SES, TEB, TEK, TEL, THO, UCK, UZB",,
20264,GSB 323E,GSB,LS,Photography and Architecture,,Hulki Korkut İlhan,MMB,Cuma,13:30/16:29,,15,15,,"EUTE, ICM, MIM, MIME, PEME, SBP, SBPE",,
20265,GSB 333,GSB,LS,Doğaçlama Oyun ve Oynanış,,Rabia Zeynep İşler,MMB,Perşembe,13:30/16:29,,20,20,,"ICM, MIM, PEM, SBP",,
20266,GSB 333,GSB,LS,Doğaçlama Oyun ve Oynanış,,Ali Ersan Karadeniz,MMB,Cuma,13:30/16:29,,20,20,,"ICM, MIM, PEM, SBP",,
20267,GSB 343,GSB,LS,Görsel Analiz,,Ferhan Gözgü Çelik,MMB,Salı,13:30/16:29,,12,12,,"ICM, MIM, PEM, SBP",,
20268,ITB 228,ITB,LS,Toplumsal Cinsiyet Çalışmaları,,Ayşe Zeynep Akalın,INB,Perşembe,14:30/17:29,,45,33,,"BIO, BLG, CAB, CEV, CHZ, DEN, EHB, ELE, ELH, ELK, END, EUT, FIZ, GEM, GEO, GID, ICM, INS, ISL, JDF, JEF, JEO, KIM, KMM, KMP, KOM, MAD, MAK, MAT, MET, MIM, MTO, MTR, MUT, MUZ, PEM, PET, SBP, SES, TEB, TEK, TEL, THO, UCK, UZB",,
20269,GSB 363,GSB,LS,Mimarlıkta Seramik Uygulamalar,,Aynur Karakaş Karaağaç,MMB,Perşembe,09:30/12:29,,12,12,,"ICM, MIM, PEM, SBP",,
20270,ITB 230,ITB,LS,Afet Bilinci,,Ayşe Nazan Akman Pek,GDB,Salı,08:30/11:29,,35,35,,"BIO, BLG, CAB, CEV, CHZ, DEN, EHB, ELE, ELH, ELK, END, EUT, FIZ, GEM, GEO, GID, ICM, INS, ISL, JDF, JEF, JEO, KIM, KMM, KMP, KOM, MAD, MAK, MAT, MET, MIM, MTO, MTR, MUT, MUZ, PEM, PET, SBP, SES, TEB, TEK, TEL, THO, UCK, UZB",,
20271,ITB 234E,ITB,LS,The Rise of Civilizations,,Bülent Arıkan,MED,Salı,14:30/17:29,,35,30,,"BIO, BIOE, BLG, BLGE, CAB, CEV, CEVE, CHZ, CHZE, DEN, DENE, ECNE, EHB, EHBE, ELE, ELH, ELK, ELKE, END, ENDE, EUT, EUTE, FIZ, FIZE, GEM, GEME, GEMK, GEO, GEOE, GID, GIDE, ICM, IML, IMLE, INS, INSE, ISL, ISLE, JDF, JEF, JEFE, JEO, JEOE, KIM, KIME, KMM, KMME, KMP, KOM, KOME, MAD, MADE, MAK, MAKE, MAT, MATE, MET, METE, MIM, MIME, MTO, MTOE, MTR, MUT, MUZ, MUZE, PEM, PEME, PET, PETE, SBP, SBPE, SES, TEB, TEK, TEKE, TEL, THO, UCK, UCKE, UZB, UZBE",,
20272,ING 112,ING,LS,English I,,Nilgün Eker,INB,Pazartesi,13:30/16:29,,25,25,,"BIO, BIOE, BLG, BLGE, CEV, CEVE, CHZ, CHZE, DEN, DENE, DUIE, ECNE, EHB, EHBE, EHN, ELE, ELH, ELK, ELKE, END, ENDE, EUT, EUTE, FIZ, FIZE, GEM, GEME, GEMK, GEO, GEOE, GID, GIDE, GMIE, ICM, IML, IMLE, INS, INSE, ISL, ISLE, JDF, JEF, JEFE, JEO, JEOE, KIM, KIME, KMM, KMME, KOM, KOME, MAD, MADE, MAK, MAKE, MAT, MATE, MET, METE, MIM, MIME, MTO, MTOE, MUZE, PEM, PEME, PET, PETE, SBP, SBPE, SEH, TEK, TEKE, TEL, UCK, UCKE, UZB, UZBE",,
20273,ING 112,ING,LS,English I,,Nilgün Eker,INB,Salı,13:30/16:29,,25,25,,"BIO, BIOE, BLG, BLGE, CEV, CEVE, CHZ, CHZE, DEN, DENE, DUIE, ECNE, EHB, EHBE, EHN, ELE, ELH, ELK, ELKE, END, ENDE, EUT, EUTE, FIZ, FIZE, GEM, GEME, GEMK, GEO, GEOE, GID, GIDE, GMIE, ICM, IML, IMLE, INS, INSE, ISL, ISLE, JDF, JEF, JEFE, JEO, JEOE, KIM, KIME, KMM, KMME, KOM, KOME, MAD, MADE, MAK, MAKE, MAT, MATE, MET, METE, MIM, MIME, MTO, MTOE, MUZE, PEM, PEME, PET, PETE, SBP, SBPE, SEH, TEK, TEKE, TEL, UCK, UCKE, UZB, UZBE",,
20274,ING 112,ING,LS,English I,,--,INB,Çarşamba,08:30/11:29,,0,0,,"BIO, BIOE, BLG, BLGE, CEV, CEVE, CHZ, CHZE, DEN, DENE, DUIE, ECNE, EHB, EHBE, EHN, ELE, ELH, ELK, ELKE, END, ENDE, EUT, EUTE, FIZ, FIZE, GEM, GEME, GEMK, GEO, GEOE, GID, GIDE, GMIE, ICM, IML, IMLE, INS, INSE, ISL, ISLE, JDF, JEF, JEFE, JEO, JEOE, KIM, KIME, KMM, KMME, KOM, KOME, MAD, MADE, MAK, MAKE, MAT, MATE, MET, METE, MIM, MIME, MTO, MTOE, MUZE, PEM, PEME, PET, PETE, SBP, SBPE, SEH, TEK, TEKE, TEL, UCK, UCKE, UZB, UZBE",,
20275,ING 112,ING,LS,English I,,Nilgün Eker,INB,Perşembe,08:30/11:29,,25,25,,"BIO, BIOE, BLG, BLGE, CEV, CEVE, CHZ, CHZE, DEN, DENE, DUIE, ECNE, EHB, EHBE, EHN, ELE, ELH, ELK, ELKE, END, ENDE, EUT, EUTE, FIZ, FIZE, GEM, GEME, GEMK, GEO, GEOE, GID, GIDE, GMIE, ICM, IML, IMLE, INS, INSE, ISL, ISLE, JDF, JEF, JEFE, JEO, JEOE, KIM, KIME, KMM, KMME, KOM, KOME, MAD, MADE, MAK, MAKE, MAT, MATE, MET, METE, MIM, MIME, MTO, MTOE, MUZE, PEM, PEME, PET, PETE, SBP, SBPE, SEH, TEK, TEKE, TEL, UCK, UCKE, UZB, UZBE",,
20276,ING 112,ING,LS,English I,,Gürcan Öztürk,INB,Pazartesi,13:30/16:29,,25,25,,"BIO, BIOE, BLG, BLGE, CEV, CEVE, CHZ, CHZE, DEN, DENE, DUIE, ECNE, EHB, EHBE, EHN, ELE, ELH, ELK, ELKE, END, ENDE, EUT, EUTE, FIZ, FIZE, GEM, GEME, GEMK, GEO, GEOE, GID, GIDE, GMIE, ICM, IML, IMLE, INS, INSE, ISL, ISLE, JDF, JEF, JEFE, JEO, JEOE, KIM, KIME, KMM, KMME, KOM, KOME, MAD, MADE, MAK, MAKE, MAT, MATE, MET, METE, MIM, MIME, MTO, MTOE, MUZE, PEM, PEME, PET, PETE, SBP, SBPE, SEH, TEK, TEKE, TEL, UCK, UCKE, UZB, UZBE",,
20277,ING 112,ING,LS,English I,,Gürcan Öztürk,INB,Salı,08:30/11:29,,25,25,,"BIO, BIOE, BLG, BLGE, CEV, CEVE, CHZ, CHZE, DEN, DENE, DUIE, ECNE, EHB, EHBE, EHN, ELE, ELH, ELK, ELKE, END, ENDE, EUT, EUTE, FIZ, FIZE, GEM, GEME, GEMK, GEO, GEOE, GID, GIDE, GMIE, ICM, IML, IMLE, INS, INSE, ISL, ISLE, JDF, JEF, JEFE, JEO, JEOE, KIM, KIME, KMM, KMME, KOM, KOME, MAD, MADE, MAK, MAKE, MAT, MATE, MET, METE, MIM, MIME, MTO, MTOE, MUZE, PEM, PEME, PET, PETE, SBP, SBPE, SEH, TEK, TEKE, TEL, UCK, UCKE, UZB, UZBE",,
20278,ING 112,ING,LS,English I,,Gürcan Öztürk,INB,Perşembe,13:30/16:29,,21,21,,"BIO, BIOE, BLG, BLGE, CEV, CEVE, CHZ, CHZE, DEN, DENE, DUIE, ECNE, EHB, EHBE, EHN, ELE, ELH, ELK, ELKE, END, ENDE, EUT, EUTE, FIZ, FIZE, GEM, GEME, GEMK, GEO, GEOE, GID, GIDE, GMIE, ICM, IML, IMLE, INS, INSE, ISL, ISLE, JDF, JEF, JEFE, JEO, JEOE, KIM, KIME, KMM, KMME, KOM, KOME, MAD, MADE, MAK, MAKE, MAT, MATE, MET, METE, MIM, MIME, MTO, MTOE, MUZE, PEM, PEME, PET, PETE, SBP, SBPE, SEH, TEK, TEKE, TEL, UCK, UCKE, UZB, UZBE",,
20279,ING 112,ING,LS,English I,,--,INB,Cuma,08:30/11:29,,0,0,,"BIO, BIOE, BLG, BLGE, CEV, CEVE, CHZ, CHZE, DEN, DENE, DUIE, ECNE, EHB, EHBE, EHN, ELE, ELH, ELK, ELKE, END, ENDE, EUT, EUTE, FIZ, FIZE, GEM, GEME, GEMK, GEO, GEOE, GID, GIDE, GMIE, ICM, IML, IMLE, INS, INSE, ISL, ISLE, JDF, JEF, JEFE, JEO, JEOE, KIM, KIME, KMM, KMME, KOM, KOME, MAD, MADE, MAK, MAKE, MAT, MATE, MET, METE, MIM, MIME, MTO, MTOE, MUZE, PEM, PEME, PET, PETE, SBP, SBPE, SEH, TEK, TEKE, TEL, UCK, UCKE, UZB, UZBE",,
20280,ING 112,ING,LS,English I,,Meltem Tokmanoğlu,MED,Pazartesi,13:30/16:29,,25,25,,"BIO, BIOE, BLG, BLGE, CEV, CEVE, CHZ, CHZE, DEN, DENE, DUIE, ECNE, EHB, EHBE, EHN, ELE, ELH, ELK, ELKE, END, ENDE, EUT, EUTE, FIZ, FIZE, GEM, GEME, GEMK, GEO, GEOE, GID, GIDE, GMIE, ICM, IML, IMLE, INS, INSE, ISL, ISLE, JDF, JEF, JEFE, JEO, JEOE, KIM, KIME, KMM, KMME, KOM, KOME, MAD, MADE, MAK, MAKE, MAT, MATE, MET, METE, MIM, MIME, MTO, MTOE, MUZE, PEM, PEME, PET, PETE, SBP, SBPE, SEH, TEK, TEKE, TEL, UCK, UCKE, UZB, UZBE",,
20281,ING 112,ING,LS,English I,,Meltem Tokmanoğlu,INB,Salı,13:30/16:29,,25,25,,"BIO, BIOE, BLG, BLGE, CEV, CEVE, CHZ, CHZE, DEN, DENE, DUIE, ECNE, EHB, EHBE, EHN, ELE, ELH, ELK, ELKE, END, ENDE, EUT, EUTE, FIZ, FIZE, GEM, GEME, GEMK, GEO, GEOE, GID, GIDE, GMIE, ICM, IML, IMLE, INS, INSE, ISL, ISLE, JDF, JEF, JEFE, JEO, JEOE, KIM, KIME, KMM, KMME, KOM, KOME, MAD, MADE, MAK, MAKE, MAT, MATE, MET, METE, MIM, MIME, MTO, MTOE, MUZE, PEM, PEME, PET, PETE, SBP, SBPE, SEH, TEK, TEKE, TEL, UCK, UCKE, UZB, UZBE",,
20282,FIZ 374E,FIZ,LS,Methods of Experim.Physics I,,Ali Gelir,FEB | FEB,Salı | Perşembe,13:30/15:29 | 13:30/15:29,,70,50,,"FIZ, FIZE",,
20283,ING 112,ING,LS,English I,,--,MED,Çarşamba,08:30/11:29,,0,0,,"BIO, BIOE, BLG, BLGE, CEV, CEVE, CHZ, CHZE, DEN, DENE, DUIE, ECNE, EHB, EHBE, EHN, ELE, ELH, ELK, ELKE, END, ENDE, EUT, EUTE, FIZ, FIZE, GEM, GEME, GEMK, GEO, GEOE, GID, GIDE, GMIE, ICM, IML, IMLE, INS, INSE, ISL, ISLE, JDF, JEF, JEFE, JEO, JEOE, KIM, KIME, KMM, KMME, KOM, KOME, MAD, MADE, MAK, MAKE, MAT, MATE, MET, METE, MIM, MIME, MTO, MTOE, MUZE, PEM, PEME, PET, PETE, SBP, SBPE, SEH, TEK, TEKE, TEL, UCK, UCKE, UZB, UZBE",,
20285,ING 112,ING,LS,English I,,Meltem Tokmanoğlu,INB,Perşembe,08:30/11:29,,25,25,,"BIO, BIOE, BLG, BLGE, CEV, CEVE, CHZ, CHZE, DEN, DENE, DUIE, ECNE, EHB, EHBE, EHN, ELE, ELH, ELK, ELKE, END, ENDE, EUT, EUTE, FIZ, FIZE, GEM, GEME, GEMK, GEO, GEOE, GID, GIDE, GMIE, ICM, IML, IMLE, INS, INSE, ISL, ISLE, JDF, JEF, JEFE, JEO, JEOE, KIM, KIME, KMM, KMME, KOM, KOME, MAD, MADE, MAK, MAKE, MAT, MATE, MET, METE, MIM, MIME, MTO, MTOE, MUZE, PEM, PEME, PET, PETE, SBP, SBPE, SEH, TEK, TEKE, TEL, UCK, UCKE, UZB, UZBE",,
20286,ING 112,ING,LS,English I,,Zarife Zeliş Çoban,MED,Pazartesi,13:30/16:29,,25,25,,"BIO, BIOE, BLG, BLGE, CEV, CEVE, CHZ, CHZE, DEN, DENE, DUIE, ECNE, EHB, EHBE, EHN, ELE, ELH, ELK, ELKE, END, ENDE, EUT, EUTE, FIZ, FIZE, GEM, GEME, GEMK, GEO, GEOE, GID, GIDE, GMIE, ICM, IML, IMLE, INS, INSE, ISL, ISLE, JDF, JEF, JEFE, JEO, JEOE, KIM, KIME, KMM, KMME, KOM, KOME, MAD, MADE, MAK, MAKE, MAT, MATE, MET, METE, MIM, MIME, MTO, MTOE, MUZE, PEM, PEME, PET, PETE, SBP, SBPE, SEH, TEK, TEKE, TEL, UCK, UCKE, UZB, UZBE",,
20287,FIZ 213E,FIZ,LS,Electricity and Magnetism,,Cenap Şahabettin Özben,MED | FEB | FEB,Pazartesi | Çarşamba | Cuma,08:30/10:29 | 08:30/10:29 | 08:30/09:29,,50,43,,"FIZ, FIZE",,
20288,ING 112,ING,LS,English I,,Zarife Zeliş Çoban,MED,Salı,08:30/11:29,,25,25,,"BIO, BIOE, BLG, BLGE, CEV, CEVE, CHZ, CHZE, DEN, DENE, DUIE, ECNE, EHB, EHBE, EHN, ELE, ELH, ELK, ELKE, END, ENDE, EUT, EUTE, FIZ, FIZE, GEM, GEME, GEMK, GEO, GEOE, GID, GIDE, GMIE, ICM, IML, IMLE, INS, INSE, ISL, ISLE, JDF, JEF, JEFE, JEO, JEOE, KIM, KIME, KMM, KMME, KOM, KOME, MAD, MADE, MAK, MAKE, MAT, MATE, MET, METE, MIM, MIME, MTO, MTOE, MUZE, PEM, PEME, PET, PETE, SBP, SBPE, SEH, TEK, TEKE, TEL, UCK, UCKE, UZB, UZBE",,
20289,ING 112,ING,LS,English I,,Zarife Zeliş Çoban,MED,Çarşamba,08:30/11:29,,24,24,,"BIO, BIOE, BLG, BLGE, CEV, CEVE, CHZ, CHZE, DEN, DENE, DUIE, ECNE, EHB, EHBE, EHN, ELE, ELH, ELK, ELKE, END, ENDE, EUT, EUTE, FIZ, FIZE, GEM, GEME, GEMK, GEO, GEOE, GID, GIDE, GMIE, ICM, IML, IMLE, INS, INSE, ISL, ISLE, JDF, JEF, JEFE, JEO, JEOE, KIM, KIME, KMM, KMME, KOM, KOME, MAD, MADE, MAK, MAKE, MAT, MATE, MET, METE, MIM, MIME, MTO, MTOE, MUZE, PEM, PEME, PET, PETE, SBP, SBPE, SEH, TEK, TEKE, TEL, UCK, UCKE, UZB, UZBE",,
20290,FIZ 114,FIZ,LS,Sürekli Ortamlar Fiziği,,Esra Alveroğlu Durucu,FEB | FEB,Pazartesi | Çarşamba,08:30/10:29 | 08:30/10:29,,75,68,,"FIZ, FIZM",,
20291,FIZ 474,FIZ,LS,Katıların Optik Özellikleri,,Esra Özkan Zayim,FEB,Cuma,14:30/17:29,,75,16,,"FIZ, FIZM",,
20293,ING 112,ING,LS,English I,,İlknur Karhan,MED,Salı,13:30/16:29,,25,24,,"BIO, BIOE, BLG, BLGE, CEV, CEVE, CHZ, CHZE, DEN, DENE, DUIE, ECNE, EHB, EHBE, EHN, ELE, ELH, ELK, ELKE, END, ENDE, EUT, EUTE, FIZ, FIZE, GEM, GEME, GEMK, GEO, GEOE, GID, GIDE, GMIE, ICM, IML, IMLE, INS, INSE, ISL, ISLE, JDF, JEF, JEFE, JEO, JEOE, KIM, KIME, KMM, KMME, KOM, KOME, MAD, MADE, MAK, MAKE, MAT, MATE, MET, METE, MIM, MIME, MTO, MTOE, MUZE, PEM, PEME, PET, PETE, SBP, SBPE, SEH, TEK, TEKE, TEL, UCK, UCKE, UZB, UZBE",,
20294,ING 112,ING,LS,English I,,İlknur Karhan,MED,Çarşamba,08:30/11:29,,24,23,,"BIO, BIOE, BLG, BLGE, CEV, CEVE, CHZ, CHZE, DEN, DENE, DUIE, ECNE, EHB, EHBE, EHN, ELE, ELH, ELK, ELKE, END, ENDE, EUT, EUTE, FIZ, FIZE, GEM, GEME, GEMK, GEO, GEOE, GID, GIDE, GMIE, ICM, IML, IMLE, INS, INSE, ISL, ISLE, JDF, JEF, JEFE, JEO, JEOE, KIM, KIME, KMM, KMME, KOM, KOME, MAD, MADE, MAK, MAKE, MAT, MATE, MET, METE, MIM, MIME, MTO, MTOE, MUZE, PEM, PEME, PET, PETE, SBP, SBPE, SEH, TEK, TEKE, TEL, UCK, UCKE, UZB, UZBE",,
20295,ING 112,ING,LS,English I,,--,INB,Perşembe,13:30/16:29,,0,0,,"BIO, BIOE, BLG, BLGE, CEV, CEVE, CHZ, CHZE, DEN, DENE, DUIE, ECNE, EHB, EHBE, EHN, ELE, ELH, ELK, ELKE, END, ENDE, EUT, EUTE, FIZ, FIZE, GEM, GEME, GEMK, GEO, GEOE, GID, GIDE, GMIE, ICM, IML, IMLE, INS, INSE, ISL, ISLE, JDF, JEF, JEFE, JEO, JEOE, KIM, KIME, KMM, KMME, KOM, KOME, MAD, MADE, MAK, MAKE, MAT, MATE, MET, METE, MIM, MIME, MTO, MTOE, MUZE, PEM, PEME, PET, PETE, SBP, SBPE, SEH, TEK, TEKE, TEL, UCK, UCKE, UZB, UZBE",,
20296,ING 112,ING,LS,English I,,İlknur Karhan,MED,Cuma,08:30/11:29,,25,20,,"BIO, BIOE, BLG, BLGE, CEV, CEVE, CHZ, CHZE, DEN, DENE, DUIE, ECNE, EHB, EHBE, EHN, ELE, ELH, ELK, ELKE, END, ENDE, EUT, EUTE, FIZ, FIZE, GEM, GEME, GEMK, GEO, GEOE, GID, GIDE, GMIE, ICM, IML, IMLE, INS, INSE, ISL, ISLE, JDF, JEF, JEFE, JEO, JEOE, KIM, KIME, KMM, KMME, KOM, KOME, MAD, MADE, MAK, MAKE, MAT, MATE, MET, METE, MIM, MIME, MTO, MTOE, MUZE, PEM, PEME, PET, PETE, SBP, SBPE, SEH, TEK, TEKE, TEL, UCK, UCKE, UZB, UZBE",,
20297,ING 112,ING,LS,English I,,Ömer Nezih Karaalioğlu,INB,Perşembe,08:30/11:29,,25,25,,"BIO, BIOE, BLG, BLGE, CEV, CEVE, CHZ, CHZE, DEN, DENE, DUIE, ECNE, EHB, EHBE, EHN, ELE, ELH, ELK, ELKE, END, ENDE, EUT, EUTE, FIZ, FIZE, GEM, GEME, GEMK, GEO, GEOE, GID, GIDE, GMIE, ICM, IML, IMLE, INS, INSE, ISL, ISLE, JDF, JEF, JEFE, JEO, JEOE, KIM, KIME, KMM, KMME, KOM, KOME, MAD, MADE, MAK, MAKE, MAT, MATE, MET, METE, MIM, MIME, MTO, MTOE, MUZE, PEM, PEME, PET, PETE, SBP, SBPE, SEH, TEK, TEKE, TEL, UCK, UCKE, UZB, UZBE",,
20298,ING 201,ING,LS,English III,,Suzan Arıman,MED,Pazartesi,13:30/16:29,,32,32,,"BIO, BIOE, BLG, BLGE, CEV, CEVE, CHZ, CHZE, DEN, DENE, ECNE, EHB, EHBE, EHN, ELE, ELH, ELK, ELKE, END, ENDE, EUT, EUTE, FIZ, FIZE, GEM, GEME, GEMK, GEO, GEOE, GID, GIDE, ICM, IML, IMLE, INS, INSE, ISL, ISLE, JDF, JEF, JEFE, JEO, JEOE, KIM, KIME, KMM, KMME, KOM, KOME, MAD, MADE, MAK, MAKE, MAT, MATE, MET, METE, MIM, MIME, MTO, MTOE, MUZE, PEM, PEME, PET, PETE, SBP, SBPE, SEH, TEK, TEKE, TEL, UCK, UCKE, UZB, UZBE",,
20299,ING 201,ING,LS,English III,,Suzan Arıman,MED,Salı,13:30/16:29,,32,32,,"BIO, BIOE, BLG, BLGE, CEV, CEVE, CHZ, CHZE, DEN, DENE, ECNE, EHB, EHBE, EHN, ELE, ELH, ELK, ELKE, END, ENDE, EUT, EUTE, FIZ, FIZE, GEM, GEME, GEMK, GEO, GEOE, GID, GIDE, ICM, IML, IMLE, INS, INSE, ISL, ISLE, JDF, JEF, JEFE, JEO, JEOE, KIM, KIME, KMM, KMME, KOM, KOME, MAD, MADE, MAK, MAKE, MAT, MATE, MET, METE, MIM, MIME, MTO, MTOE, MUZE, PEM, PEME, PET, PETE, SBP, SBPE, SEH, TEK, TEKE, TEL, UCK, UCKE, UZB, UZBE",,
20300,ING 201,ING,LS,English III,,Suzan Arıman,INB,Çarşamba,08:30/11:29,,32,32,,"BIO, BIOE, BLG, BLGE, CEV, CEVE, CHZ, CHZE, DEN, DENE, ECNE, EHB, EHBE, EHN, ELE, ELH, ELK, ELKE, END, ENDE, EUT, EUTE, FIZ, FIZE, GEM, GEME, GEMK, GEO, GEOE, GID, GIDE, ICM, IML, IMLE, INS, INSE, ISL, ISLE, JDF, JEF, JEFE, JEO, JEOE, KIM, KIME, KMM, KMME, KOM, KOME, MAD, MADE, MAK, MAKE, MAT, MATE, MET, METE, MIM, MIME, MTO, MTOE, MUZE, PEM, PEME, PET, PETE, SBP, SBPE, SEH, TEK, TEKE, TEL, UCK, UCKE, UZB, UZBE",,
20301,ING 201,ING,LS,English III,,Suzan Arıman,MED,Perşembe,08:30/11:29,,32,32,,"BIO, BIOE, BLG, BLGE, CEV, CEVE, CHZ, CHZE, DEN, DENE, ECNE, EHB, EHBE, EHN, ELE, ELH, ELK, ELKE, END, ENDE, EUT, EUTE, FIZ, FIZE, GEM, GEME, GEMK, GEO, GEOE, GID, GIDE, ICM, IML, IMLE, INS, INSE, ISL, ISLE, JDF, JEF, JEFE, JEO, JEOE, KIM, KIME, KMM, KMME, KOM, KOME, MAD, MADE, MAK, MAKE, MAT, MATE, MET, METE, MIM, MIME, MTO, MTOE, MUZE, PEM, PEME, PET, PETE, SBP, SBPE, SEH, TEK, TEKE, TEL, UCK, UCKE, UZB, UZBE",,
20302,ING 201,ING,LS,English III,,Terry Gardner,EEB,Salı,13:30/16:29,,32,32,,"BIO, BIOE, BLG, BLGE, CEV, CEVE, CHZ, CHZE, DEN, DENE, ECNE, EHB, EHBE, EHN, ELE, ELH, ELK, ELKE, END, ENDE, EUT, EUTE, FIZ, FIZE, GEM, GEME, GEMK, GEO, GEOE, GID, GIDE, ICM, IML, IMLE, INS, INSE, ISL, ISLE, JDF, JEF, JEFE, JEO, JEOE, KIM, KIME, KMM, KMME, KOM, KOME, MAD, MADE, MAK, MAKE, MAT, MATE, MET, METE, MIM, MIME, MTO, MTOE, MUZE, PEM, PEME, PET, PETE, SBP, SBPE, SEH, TEK, TEKE, TEL, UCK, UCKE, UZB, UZBE",,
20303,ING 201,ING,LS,English III,,Terry Gardner,EEB,Çarşamba,08:30/11:29,,32,32,,"BIO, BIOE, BLG, BLGE, CEV, CEVE, CHZ, CHZE, DEN, DENE, ECNE, EHB, EHBE, EHN, ELE, ELH, ELK, ELKE, END, ENDE, EUT, EUTE, FIZ, FIZE, GEM, GEME, GEMK, GEO, GEOE, GID, GIDE, ICM, IML, IMLE, INS, INSE, ISL, ISLE, JDF, JEF, JEFE, JEO, JEOE, KIM, KIME, KMM, KMME, KOM, KOME, MAD, MADE, MAK, MAKE, MAT, MATE, MET, METE, MIM, MIME, MTO, MTOE, MUZE, PEM, PEME, PET, PETE, SBP, SBPE, SEH, TEK, TEKE, TEL, UCK, UCKE, UZB, UZBE",,
20304,ING 201,ING,LS,English III,,Terry Gardner,EEB,Perşembe,08:30/11:29,,32,32,,"BIO, BIOE, BLG, BLGE, CEV, CEVE, CHZ, CHZE, DEN, DENE, ECNE, EHB, EHBE, EHN, ELE, ELH, ELK, ELKE, END, ENDE, EUT, EUTE, FIZ, FIZE, GEM, GEME, GEMK, GEO, GEOE, GID, GIDE, ICM, IML, IMLE, INS, INSE, ISL, ISLE, JDF, JEF, JEFE, JEO, JEOE, KIM, KIME, KMM, KMME, KOM, KOME, MAD, MADE, MAK, MAKE, MAT, MATE, MET, METE, MIM, MIME, MTO, MTOE, MUZE, PEM, PEME, PET, PETE, SBP, SBPE, SEH, TEK, TEKE, TEL, UCK, UCKE, UZB, UZBE",,
20305,ING 201,ING,LS,English III,,Terry Gardner,EEB,Perşembe,13:30/16:29,,32,32,,"BIO, BIOE, BLG, BLGE, CEV, CEVE, CHZ, CHZE, DEN, DENE, ECNE, EHB, EHBE, EHN, ELE, ELH, ELK, ELKE, END, ENDE, EUT, EUTE, FIZ, FIZE, GEM, GEME, GEMK, GEO, GEOE, GID, GIDE, ICM, IML, IMLE, INS, INSE, ISL, ISLE, JDF, JEF, JEFE, JEO, JEOE, KIM, KIME, KMM, KMME, KOM, KOME, MAD, MADE, MAK, MAKE, MAT, MATE, MET, METE, MIM, MIME, MTO, MTOE, MUZE, PEM, PEME, PET, PETE, SBP, SBPE, SEH, TEK, TEKE, TEL, UCK, UCKE, UZB, UZBE",,
20306,ING 201,ING,LS,English III,,Terry Gardner,EEB,Cuma,08:30/11:29,,24,24,,"BIO, BIOE, BLG, BLGE, CEV, CEVE, CHZ, CHZE, DEN, DENE, ECNE, EHB, EHBE, EHN, ELE, ELH, ELK, ELKE, END, ENDE, EUT, EUTE, FIZ, FIZE, GEM, GEME, GEMK, GEO, GEOE, GID, GIDE, ICM, IML, IMLE, INS, INSE, ISL, ISLE, JDF, JEF, JEFE, JEO, JEOE, KIM, KIME, KMM, KMME, KOM, KOME, MAD, MADE, MAK, MAKE, MAT, MATE, MET, METE, MIM, MIME, MTO, MTOE, MUZE, PEM, PEME, PET, PETE, SBP, SBPE, SEH, TEK, TEKE, TEL, UCK, UCKE, UZB, UZBE",,
20307,ING 201,ING,LS,English III,,Tim Davis,MMB,Salı,13:30/16:29,,32,32,,"BIO, BIOE, BLG, BLGE, CEV, CEVE, CHZ, CHZE, DEN, DENE, ECNE, EHB, EHBE, EHN, ELE, ELH, ELK, ELKE, END, ENDE, EUT, EUTE, FIZ, FIZE, GEM, GEME, GEMK, GEO, GEOE, GID, GIDE, ICM, IML, IMLE, INS, INSE, ISL, ISLE, JDF, JEF, JEFE, JEO, JEOE, KIM, KIME, KMM, KMME, KOM, KOME, MAD, MADE, MAK, MAKE, MAT, MATE, MET, METE, MIM, MIME, MTO, MTOE, MUZE, PEM, PEME, PET, PETE, SBP, SBPE, SEH, TEK, TEKE, TEL, UCK, UCKE, UZB, UZBE",,
20308,ING 201,ING,LS,English III,,Tim Davis,MMB,Çarşamba,08:30/11:29,,32,32,,"BIO, BIOE, BLG, BLGE, CEV, CEVE, CHZ, CHZE, DEN, DENE, ECNE, EHB, EHBE, EHN, ELE, ELH, ELK, ELKE, END, ENDE, EUT, EUTE, FIZ, FIZE, GEM, GEME, GEMK, GEO, GEOE, GID, GIDE, ICM, IML, IMLE, INS, INSE, ISL, ISLE, JDF, JEF, JEFE, JEO, JEOE, KIM, KIME, KMM, KMME, KOM, KOME, MAD, MADE, MAK, MAKE, MAT, MATE, MET, METE, MIM, MIME, MTO, MTOE, MUZE, PEM, PEME, PET, PETE, SBP, SBPE, SEH, TEK, TEKE, TEL, UCK, UCKE, UZB, UZBE",,
20309,ING 201,ING,LS,English III,,Tim Davis,MED,Perşembe,08:30/11:29,,32,30,,"BIO, BIOE, BLG, BLGE, CEV, CEVE, CHZ, CHZE, DEN, DENE, ECNE, EHB, EHBE, EHN, ELE, ELH, ELK, ELKE, END, ENDE, EUT, EUTE, FIZ, FIZE, GEM, GEME, GEMK, GEO, GEOE, GID, GIDE, ICM, IML, IMLE, INS, INSE, ISL, ISLE, JDF, JEF, JEFE, JEO, JEOE, KIM, KIME, KMM, KMME, KOM, KOME, MAD, MADE, MAK, MAKE, MAT, MATE, MET, METE, MIM, MIME, MTO, MTOE, MUZE, PEM, PEME, PET, PETE, SBP, SBPE, SEH, TEK, TEKE, TEL, UCK, UCKE, UZB, UZBE",,
20310,ING 201,ING,LS,English III,,Tim Davis,INB,Perşembe,13:30/16:29,,27,27,,"BIO, BIOE, BLG, BLGE, CEV, CEVE, CHZ, CHZE, DEN, DENE, ECNE, EHB, EHBE, EHN, ELE, ELH, ELK, ELKE, END, ENDE, EUT, EUTE, FIZ, FIZE, GEM, GEME, GEMK, GEO, GEOE, GID, GIDE, ICM, IML, IMLE, INS, INSE, ISL, ISLE, JDF, JEF, JEFE, JEO, JEOE, KIM, KIME, KMM, KMME, KOM, KOME, MAD, MADE, MAK, MAKE, MAT, MATE, MET, METE, MIM, MIME, MTO, MTOE, MUZE, PEM, PEME, PET, PETE, SBP, SBPE, SEH, TEK, TEKE, TEL, UCK, UCKE, UZB, UZBE",,
20311,ING 201,ING,LS,English III,,Tim Davis,INB,Cuma,08:30/11:29,,32,32,,"BIO, BIOE, BLG, BLGE, CEV, CEVE, CHZ, CHZE, DEN, DENE, ECNE, EHB, EHBE, EHN, ELE, ELH, ELK, ELKE, END, ENDE, EUT, EUTE, FIZ, FIZE, GEM, GEME, GEMK, GEO, GEOE, GID, GIDE, ICM, IML, IMLE, INS, INSE, ISL, ISLE, JDF, JEF, JEFE, JEO, JEOE, KIM, KIME, KMM, KMME, KOM, KOME, MAD, MADE, MAK, MAKE, MAT, MATE, MET, METE, MIM, MIME, MTO, MTOE, MUZE, PEM, PEME, PET, PETE, SBP, SBPE, SEH, TEK, TEKE, TEL, UCK, UCKE, UZB, UZBE",,
20312,MAT 261,MAT,LS,Lineer Cebir,,Kadir Özakgül,INB,Çarşamba,12:30/15:29,,110,112,,"BIO, DEN, ELH, END, FIZ, GEM, GEO, INS, ISL, JDF, JEF, KMM, MAD, MTO, TEK, UCK, UZB, UZBM",,
20313,MAT 261E,MAT,LS,Linear Algebra,,Levent Bilir,FEB,Çarşamba,08:30/11:29,,100,71,,"BIO, BIOE, DEN, DENE, ELH, END, ENDE, FIZ, FIZE, FIZM, GEM, GEME, GEO, GEOE, INS, INSE, ISL, ISLE, JDF, JEF, JEFE, KMM, KMME, MAD, MADE, MTO, MTOE, PETE, TEK, TEKE, UCK, UCKE, UZB, UZBE",,
20314,MAT 261E,MAT,LS,Linear Algebra,,Levent Bilir,FEB,Çarşamba,12:30/15:29,,110,110,,"BIO, BIOE, DEN, DENE, ELH, END, ENDE, FIZ, FIZE, FIZM, GEM, GEME, GEO, GEOE, INS, INSE, ISL, ISLE, JDF, JEF, JEFE, KMM, KMME, MAD, MADE, MTO, MTOE, TEK, TEKE, UCK, UCKE, UZB, UZBE",,
20315,MAT 116E,MAT,LS,Advanced Sci. & Eng. Computing,,Burcu Tunga,FEB,Cuma,08:30/12:29,,50,51,,"MAT, MATE",,
20316,FIZ 458E,FIZ,LS,Optics II,,Gönül Eryürek,FEB | FEB,Pazartesi | Perşembe,15:30/17:29 | 15:30/16:29,,50,13,,"FIZ, FIZE",,
20317,MAT 142,MAT,LS,Lineer Cebir II,,Güler Arsan,FEB,Çarşamba,08:30/11:29,,80,64,,MAT,,
20318,FIZ 321E,FIZ,LS,Mathematical Mthds in Physc I,,Hakkı Tunçay Özer,FEB | FEB | FEB,Salı | Perşembe | Cuma,08:30/10:29 | 08:30/10:29 | 09:30/10:29,,75,49,,"FIZ, FIZE",,
20319,MAT 188,MAT,LS,Matematik II,,Emanullah Hızel,FEB | FEB | FEB,Pazartesi | Salı | Çarşamba,12:30/14:29 | 12:30/14:29 | 13:30/15:29,,80,65,,MAT,,
20320,MAT 115E,MAT,LS,Intro. to Programming Language,,Muzaffer Altıntaş,FEB | FEB,Pazartesi | Pazartesi,08:30/10:29 | 10:30/12:29,,30,30,,"MAT, MATE",,
20321,FIZ 415E,FIZ,LS,Quantum Mechanics II,,Haluk Özbek,FEB | FEB | FEB,Pazartesi | Çarşamba | Cuma,08:30/10:29 | 08:30/10:29 | 08:30/09:29,,75,11,,"FIZ, FIZE, FIZM",,
20322,MAT 115E,MAT,LS,Intro. to Programming Language,,Muzaffer Altıntaş,FEB | FEB,Perşembe | Perşembe,08:30/10:29 | 10:30/12:29,,30,23,,"MAT, MATE",,
20323,MAT 117,MAT,LS,Matematik Müh. Giriş ve Etik,,Sevgi Harman,FEB,Çarşamba,13:30/15:29,,50,37,,MAT,,
20324,MAT 141,MAT,LS,Lineer Cebir I,,Ayşe Peker,FEB,Salı,08:30/11:29,,50,45,,MAT,,
20326,MUH 211,MUH,LS,Ayrık Matematik,,Burak Yıldıran Stodolsky,FEB,Salı,08:30/11:29,,80,41,,"MAT, MATM",,
20327,MUH 212,MUH,LS,Veri Yapıları,,Bayram Barış Kızılsaç,FEB,Cuma,08:30/11:29,,80,76,,MAT,,
20328,MAT 187,MAT,LS,Matematik I,,Fatma Özdemir,FEB | FEB | FEB,Pazartesi | Salı | Perşembe,12:30/14:29 | 12:30/14:29 | 12:30/14:29,,50,44,,MAT,,
20329,FIZ 466E,FIZ,LS,Astrophysics II,,Kazım Yavuz Ekşi,FEB | FEB,Salı | Cuma,15:30/17:29 | 13:30/14:29,,75,5,,"FIZ, FIZE, FIZM",,
20330,MAT 242,MAT,LS,İstatistik,,Mustafa Nadar,FEB | FEB,Pazartesi | Çarşamba,12:30/14:29 | 13:30/15:29,,80,22,,MAT,,
20331,MAT 331,MAT,LS,Kısmi Diferansiyel Denklemler,,Semra Ahmetolan,FEB | FEB,Çarşamba | Perşembe,08:30/10:29 | 08:30/10:29,,80,29,,"MAT, MATM",,
20332,FIZ 201,FIZ,LS,Modern Fizik,,Mehmet Murat Sunar,FEB,Pazartesi,13:30/16:29,,80,72,,"CHZ, DEN, EHB, ELE, ELH, ELK, FIZM, GEM, JEF, JEO, KOM, MAD, MET, MTO, PET, TEL, UCK, UCKM, UZB",,
20333,MUH 201E,MUH,LS,Dynamics,,Rahmiye Ergün,FEB,Pazartesi,08:30/11:29,,80,42,,"MAT, MATE",,
20334,FIZ 201,FIZ,LS,Modern Fizik,,Mehmet Murat Sunar,FEB,Salı,13:30/16:29,,80,80,,"CHZ, DEN, EHB, ELE, ELH, ELK, FIZM, GEM, JEF, JEO, KOM, MAD, MET, MTO, PET, TEL, UCK, UCKM, UZB",,
20335,MAT 221,MAT,LS,Olasılık Teorisi,,Mustafa Nadar,FEB,Salı,08:30/11:29,,50,39,,MAT,,
20336,FIZ 201E,FIZ,LS,Modern Physics,,Mehmet Murat Sunar,FEB,Perşembe,13:30/16:29,,80,80,,"CHZ, CHZE, DEN, DENE, EHB, EHBE, ELE, ELH, ELK, FIZM, GEM, GEME, GEMK, JEF, JEO, JEOE, KOM, KOME, MAD, MADE, METE, MTO, MTOE, PET, PETE, TEL, UCK, UCKE, UZB, UZBE, UZBM",,
20337,MAT 221E,MAT,LS,Probability Theory,,Burhaneddin İzgi,FEB,Salı,08:30/11:29,,50,9,,"MAT, MATE",,
20338,MAT 232,MAT,LS,Diferansiyel Denklemler,,Ayşe Peker,FEB | FEB,Çarşamba | Perşembe,08:30/10:29 | 08:30/10:29,,50,35,,MAT,,
20339,FIZ 414,FIZ,LS,İstatis Fizik ve Termodinmk II,,Mustafa Özdemir,FEB,Cuma,14:30/17:29,,30,2,,FIZ,,
20340,FIZ 374EL,FIZ,LS,Methods of Exp. Physics Lab.,,Ali Gelir,FEB,Salı,15:30/17:29,,18,18,,"FIZ, FIZE",,
20341,FIZ 272E,FIZ,LS,Computatnl Methods in Physics,,Mehmet Nazmi Postacıoğlu,FEB | FEB,Pazartesi | Çarşamba,13:30/15:29 | 13:30/15:29,,30,23,,"FIZ, FIZE, FIZM",,
20342,FIZ 374EL,FIZ,LS,Methods of Exp. Physics Lab.,,Ali Gelir,FEB,Perşembe,15:30/17:29,,18,18,,"FIZ, FIZE",,
20344,MAT 287,MAT,LS,Matematik III,,Esin Etel Gidon,FEB | FEB,Pazartesi | Çarşamba,08:30/11:29 | 13:30/15:29,,70,58,,"MAT, MATM",,
20348,MAT 288E,MAT,LS,Real Analysis I,,İbrahim Kırat,FEB | FEB,Pazartesi | Salı,12:30/14:29 | 11:30/13:29,,90,83,,"MAT, MATE, MATM",,
20350,MAT 322E,MAT,LS,Algebra,,Ergün Yaraneri,FEB | FEB,Salı | Çarşamba,12:30/14:29 | 13:30/15:29,,80,17,,"MAT, MATE, MATM",,
20351,FIZ 494E,FIZ,LS,General Relativity,,Neşe Özdemir,FEB | FEB,Pazartesi | Çarşamba,15:30/17:29 | 14:30/15:29,,40,12,,"FIZ, FIZE, FIZM",,
20353,MAT 342E,MAT,LS,Differential Geometry,,Zerrin Şentürk,FEB,Pazartesi,08:30/11:29,,80,24,,"MAT, MATE, MATM",,
20357,FIZ 214,FIZ,LS,Dalgalar Fiziği,,Oğuzhan Gürlü,FEB | FEB | FEB,Pazartesi | Çarşamba | Cuma,08:30/10:29 | 08:30/10:29 | 08:30/09:29,,60,49,,"FIZ, FIZM",,
20359,MAT 355,MAT,LS,Topoloji,,Fuat Ergezen,FEB,Salı,08:30/11:29,,80,68,,"MAT, MATM",,
20361,MUH 302,MUH,LS,Sürekli Ortamlar Mekaniği,,Ali Ercengiz,FEB | FEB,Çarşamba | Perşembe,08:30/10:29 | 08:30/10:29,,80,22,,"FIZ, MAT",,
20362,FIZ 113E,FIZ,LS,Mechanics,,Sevtap Yıldız Özbek,FEB | FEB | FEB,Pazartesi | Çarşamba | Cuma,08:30/10:29 | 08:30/10:29 | 08:30/09:29,,60,40,,"FIZ, FIZE",,
20363,MAT 341E,MAT,LS,Complex Analysis,,Nalan Antar,FEB | FEB,Salı | Çarşamba,13:30/15:29 | 13:30/15:29,,50,7,,"MAT, MATE, MATM",,
20365,MUH 321,MUH,LS,Sayısal Yöntemler,,Ahmet Kırış,FEB | FEB,Çarşamba | Perşembe,08:30/10:29 | 08:30/10:29,,50,24,,"MAT, MATM",,
20369,FIZ 213EL,FIZ,LS,Electricity & Magnetism Lab.,,Abdurrahman Savaş Arapoğlu,FEB,Çarşamba,10:30/12:29,,30,30,,"FIZ, FIZE",,
20370,MUH 335,MUH,LS,Bilgi İşlem Algoritmaları,,--,FEB,Salı,08:30/11:29,,0,0,,MAT,,
20371,FIZ 213EL,FIZ,LS,Electricity & Magnetism Lab.,,Cenap Şahabettin Özben,FEB,Çarşamba,13:30/15:29,,30,20,,"FIZ, FIZE",,
20373,MAT 492,MAT,LS,Bitirme Çalışması,,Ali Demirci,FEB,,/,,500,30,,MAT,,
20374,MAT 492E,MAT,LS,Graduation Project,,Ali Demirci,FEB,,/,,500,24,,"MAT, MATE",,
20376,MAT 310,MAT,LS,Briç,,İzzet Göksel,FEB,Perşembe,14:30/17:29,,28,29,,MAT,,
20377,FIZ 313EL,FIZ,LS,Modern Physics Laboratory,,Ömer Faruk Dayı,FEB,Çarşamba,10:30/12:29,,25,20,,"FIZ, FIZE",,
20378,MAT 335E,MAT,LS,Programming Algorithms,,Burcu Tunga,FEB,Perşembe,13:30/17:29,,32,34,,"MAT, MATE",,
20379,FIZ 313EL,FIZ,LS,Modern Physics Laboratory,,Ömer Faruk Dayı,FEB,Çarşamba,13:30/15:29,,20,5,,"FIZ, FIZE",,
20381,FIZ 411E,FIZ,LS,Electromagnetik Theory I,,Abdurrahman Savaş Arapoğlu,FEB | FEB | FEB,Salı | Perşembe | Cuma,08:30/10:29 | 08:30/10:29 | 10:30/11:29,,70,49,,"FIZ, FIZE",,
20382,FIZ 431E,FIZ,LS,Solid State Physics I,,Sevim İşçi Turutoğlu,FEB | FEB,Salı | Perşembe,13:30/16:29 | 13:30/15:29,,50,3,,"FIZ, FIZE, FIZM",,
20383,FIZ 425E,FIZ,LS,Comput. Anlys.of Phys.Sys.,,Tolga Birkandan,FEB | FEB,Salı | Perşembe,13:30/15:29 | 13:30/15:29,,30,13,,"FIZ, FIZE, MAT",,
20384,FIZ 284,FIZ,LS,Klasik Mekanik I,,Vakıf Kemal Önemli,FEB | FEB,Pazartesi | Cuma,10:30/12:29 | 10:30/12:29,,80,80,,"FIZ, FIZM",,
20388,FIZ 114EL,FIZ,LS,Continous Media Laboratory,,Esra Alveroğlu Durucu,FEB,Çarşamba,10:30/12:29,,40,39,,"FIZ, FIZE",,
20389,FIZ 114EL,FIZ,LS,Continous Media Laboratory,,Esra Alveroğlu Durucu,FEB,Çarşamba,13:30/15:29,,40,39,,"FIZ, FIZE",,
20405,FIZ 476E,FIZ,LS,Solar Energy Physics..,,Hakan Karaağaç,FEB | FEB,Pazartesi | Çarşamba,13:30/15:29 | 13:30/14:29,,50,6,,"FIZ, FIZE",,
20418,FIZ 434E,FIZ,LS,Microprocessors,,İbrahim Türhan,FEB | FEB,Pazartesi | Çarşamba,13:30/15:29 | 13:30/15:29,,18,14,,"FIZ, FIZE, FIZM, MAT, MATE",,
20427,FIZ 492,FIZ,LS,Bitirme Çalışması,,Günay Başar,FEB,,/,,500,6,,FIZ,,
20428,FIZ 492E,FIZ,LS,Graduation Project,,Günay Başar,FEB,,/,,500,18,,"FIZ, FIZE",,
20430,FIZ 446E,FIZ,LS,Particle Physics,,Kerem Cankoçak,MED | MED,Pazartesi | Çarşamba,13:30/15:29 | 13:30/14:29,,40,19,,"FIZ, FIZE, FIZM",,
20436,FIZ 272E,FIZ,LS,Computatnl Methods in Physics,,Mehmet Kerim Ramazanoğlu,FEB | FEB,Salı | Perşembe,08:30/10:29 | 08:30/10:29,,30,30,,"FIZ, FIZE, FIZM",,
20438,BIL 112E,BIL,LS,Intr.to Prog.Language(FORTRAN),,Mehmet Kerim Ramazanoğlu,FEB,Pazartesi,13:30/16:29,,30,43,,"FIZ, FIZE",,
20451,MAT 365,MAT,LS,Varyasyonlar Hesabı,,Elimhan Mahmudov,FEB,Cuma,14:30/17:29,,24,21,,"MAT, MATM",,
20458,MAT 366E,MAT,LS,Special Functions,,Emanullah Hızel,FEB,Perşembe,11:30/14:29,,28,31,,"MAT, MATE, MATM",,
20467,MAT 417E,MAT,LS,Theory of Surfaces,,--,FEB,Salı,14:30/17:29,,0,0,,"FIZ, FIZE, MAT, MATE",,
20473,MAT 337E,MAT,LS,Web Programming,,Muzaffer Altıntaş,FEB | FEB,Salı | Salı,13:30/15:29 | 15:30/17:29,,32,23,,"FIZ, FIZE, MAT, MATE",,
20481,MAT 423E,MAT,LS,Numerical Solutions of ODE,,Ahmet Duran,FEB,Salı,14:30/17:29,,28,29,,"MAT, MATE, MATM",,
20483,MAT 448E,MAT,LS,Number Theory,,Ergün Yaraneri,FEB,Cuma,14:30/17:29,,24,17,,"MAT, MATE",,
20484,MAT 485E,MAT,LS,Graph Theory,,Atabey Kaygun,FEB,Pazartesi,14:30/17:29,,24,19,,"MAT, MATE",,
20486,MAT 497E,MAT,LS,Tensor Analysis,,Fatma Özdemir,FEB,Pazartesi,14:30/17:29,,28,29,,"MAT, MATE",,
20490,MUH 453,MUH,LS,Optimal Kontrol Teorisi,,Elimhan Mahmudov,FEB,Salı,14:30/17:29,,24,11,,"FIZ, MAT, MATM",,
20510,FIZ 443E,FIZ,LS,Solar Energy Physics &Tech.; I,,Zuhal Er,FEB | FEB,Salı | Cuma,15:30/17:29 | 13:30/14:29,,50,30,,"FIZ, FIZE, FIZM",,
20512,ATA 102,ATA,LS,Atatürk İlk & İnkılap Trh II,,Sait Kofoğlu,MKB,Salı,08:30/10:29,,30,14,,"SMT, STP",,
20513,ATA 101,ATA,LS,Atatürk İlk & İnkılap Trh I,,Sait Kofoğlu,MKB,Salı,13:30/15:29,,60,58,,"BIO, BIOE, BLG, BLGE, CEV, CEVE, CHZ, CHZE, DEN, DENE, ECNE, EHB, EHBE, EHN, ELE, ELH, ELK, ELKE, END, ENDE, EUT, EUTE, FIZ, FIZE, GEM, GEME, GEMK, GEO, GEOE, GID, GIDE, ICM, IML, IMLE, INS, INSE, ISL, ISLE, JDF, JEF, JEFE, JEO, JEOE, KIM, KIME, KMM, KMME, KOM, KOME, MAD, MADE, MAK, MAKE, MAT, MATE, MET, METE, MIM, MIME, MTO, MTOE, PEM, PEME, PET, PETE, SBP, SBPE, SEH, TEK, TEKE, TEL, THO, UCK, UCKE, UZB, UZBE",,
20514,ATA 102,ATA,LS,Atatürk İlk & İnkılap Trh II,,Sait Kofoğlu,MKB,Salı,15:30/17:29,,65,63,,"BIO, BIOE, BLG, BLGE, CEV, CEVE, CHZ, CHZE, DEN, DENE, ECNE, EHB, EHBE, EHN, ELE, ELH, ELK, ELKE, END, ENDE, EUT, EUTE, FIZ, FIZE, GEM, GEME, GEMK, GEO, GEOE, GID, GIDE, ICM, IML, IMLE, INS, INSE, ISL, ISLE, JDF, JEF, JEFE, JEO, JEOE, KIM, KIME, KMM, KMME, KOM, KOME, MAD, MADE, MAK, MAKE, MAT, MATE, MET, METE, MIM, MIME, MTO, MTOE, PEM, PEME, PET, PETE, SBP, SBPE, SEH, TEK, TEKE, TEL, THO, UCK, UCKE, UZB, UZBE",,
20515,ATA 101,ATA,LS,Atatürk İlk & İnkılap Trh I,,Sait Kofoğlu,MED,Çarşamba,10:30/12:29,,60,63,,"BIO, BIOE, BLG, BLGE, CEV, CEVE, CHZ, CHZE, DEN, DENE, DUI, DUIE, ECNE, EHB, EHBE, EHN, ELE, ELH, ELK, ELKE, END, ENDE, EUT, EUTE, FIZ, FIZE, GEM, GEME, GEMK, GEO, GEOE, GID, GIDE, GMI, GMIE, ICM, IML, IMLE, INS, INSE, ISL, ISLE, JDF, JEF, JEFE, JEO, JEOE, KIM, KIME, KMM, KMME, KOM, KOME, MAD, MADE, MAK, MAKE, MAT, MATE, MET, METE, MIM, MIME, MTO, MTOE, PEM, PEME, PET, PETE, SBP, SBPE, SEH, TEK, TEKE, TEL, THO, UCK, UCKE, UZB, UZBE",,
20517,ATA 102,ATA,LS,Atatürk İlk & İnkılap Trh II,,Sait Kofoğlu,MED,Çarşamba,13:30/15:29,,65,65,,"BIO, BIOE, BLG, BLGE, CEV, CEVE, CHZ, CHZE, DEN, DENE, DUI, DUIE, ECNE, EHB, EHBE, EHN, ELE, ELH, ELK, ELKE, END, ENDE, EUT, EUTE, FIZ, FIZE, GEM, GEME, GEMK, GEO, GEOE, GID, GIDE, GMI, GMIE, ICM, IML, IMLE, INS, INSE, ISL, ISLE, JDF, JEF, JEFE, JEO, JEOE, KIM, KIME, KMM, KMME, KOM, KOME, MAD, MADE, MAK, MAKE, MAT, MATE, MET, METE, MIM, MIME, MTO, MTOE, PEM, PEME, PET, PETE, SBP, SBPE, SEH, TEK, TEKE, TEL, THO, UCK, UCKE, UZB, UZBE",,
20518,ATA 102,ATA,LS,Atatürk İlk & İnkılap Trh II,,Sait Kofoğlu,INB,Pazartesi,15:30/17:29,,65,62,,"BIO, BIOE, BLG, BLGE, CEV, CEVE, CHZ, CHZE, DEN, DENE, DUI, DUIE, ECNE, EHB, EHBE, EHN, ELE, ELH, ELK, ELKE, END, ENDE, EUT, EUTE, FIZ, FIZE, GEM, GEME, GEMK, GEO, GEOE, GID, GIDE, GMI, GMIE, ICM, IML, IMLE, INS, INSE, ISL, ISLE, JDF, JEF, JEFE, JEO, JEOE, KIM, KIME, KMM, KMME, KOM, KOME, MAD, MADE, MAK, MAKE, MAT, MATE, MET, METE, MIM, MIME, MTO, MTOE, PEM, PEME, PET, PETE, SBP, SBPE, SEH, TEK, TEKE, TEL, THO, UCK, UCKE, UZB, UZBE",,
20523,ATA 102,ATA,LS,Atatürk İlk & İnkılap Trh II,,Sait Kofoğlu,INB,Perşembe,13:30/15:29,,65,64,,"BIO, BIOE, BLG, BLGE, CEV, CEVE, CHZ, CHZE, DEN, DENE, DUI, DUIE, ECNE, EHB, EHBE, EHN, ELE, ELH, ELK, ELKE, END, ENDE, EUT, EUTE, FIZ, FIZE, GEM, GEME, GEMK, GEO, GEOE, GID, GIDE, GMI, GMIE, ICM, IML, IMLE, INS, INSE, ISL, ISLE, JDF, JEF, JEFE, JEO, JEOE, KIM, KIME, KMM, KMME, KOM, KOME, MAD, MADE, MAK, MAKE, MAT, MATE, MET, METE, MIM, MIME, MTO, MTOE, PEM, PEME, PET, PETE, SBP, SBPE, SEH, TEK, TEKE, TEL, THO, UCK, UCKE, UZB, UZBE",,
20528,ATA 101,ATA,LS,Atatürk İlk & İnkılap Trh I,,Emin Alp Malkoç,INB,Çarşamba,09:30/11:29,,60,59,,"BIO, BIOE, BLG, BLGE, CEV, CEVE, CHZ, CHZE, DEN, DENE, DUI, DUIE, ECNE, EHB, EHBE, EHN, ELE, ELH, ELK, ELKE, END, ENDE, EUT, EUTE, FIZ, FIZE, GEM, GEME, GEMK, GEO, GEOE, GID, GIDE, GMI, GMIE, ICM, IML, IMLE, INS, INSE, ISL, ISLE, JDF, JEF, JEFE, JEO, JEOE, KIM, KIME, KMM, KMME, KOM, KOME, MAD, MADE, MAK, MAKE, MAT, MATE, MET, METE, MIM, MIME, MTO, MTOE, PEM, PEME, PET, PETE, SBP, SBPE, SEH, TEK, TEKE, TEL, THO, UCK, UCKE, UZB, UZBE",,
20529,ATA 102,ATA,LS,Atatürk İlk & İnkılap Trh II,,Emin Alp Malkoç,INB,Çarşamba,11:30/13:29,,65,63,,"BIO, BIOE, BLG, BLGE, CEV, CEVE, CHZ, CHZE, DEN, DENE, DUI, DUIE, ECNE, EHB, EHBE, EHN, ELE, ELH, ELK, ELKE, END, ENDE, EUT, EUTE, FIZ, FIZE, GEM, GEME, GEMK, GEO, GEOE, GID, GIDE, GMI, GMIE, ICM, IML, IMLE, INS, INSE, ISL, ISLE, JDF, JEF, JEFE, JEO, JEOE, KIM, KIME, KMM, KMME, KOM, KOME, MAD, MADE, MAK, MAKE, MAT, MATE, MET, METE, MIM, MIME, MTO, MTOE, PEM, PEME, PET, PETE, SBP, SBPE, SEH, TEK, TEKE, TEL, THO, UCK, UCKE, UZB, UZBE",,
20532,ATA 102,ATA,LS,Atatürk İlk & İnkılap Trh II,,Emin Alp Malkoç,INB,Çarşamba,13:30/15:29,,65,62,,"BIO, BIOE, BLG, BLGE, CEV, CEVE, CHZ, CHZE, DEN, DENE, DUI, DUIE, ECNE, EHB, EHBE, EHN, ELE, ELH, ELK, ELKE, END, ENDE, EUT, EUTE, FIZ, FIZE, GEM, GEME, GEMK, GEO, GEOE, GID, GIDE, GMI, GMIE, ICM, IML, IMLE, INS, INSE, ISL, ISLE, JDF, JEF, JEFE, JEO, JEOE, KIM, KIME, KMM, KMME, KOM, KOME, MAD, MADE, MAK, MAKE, MAT, MATE, MET, METE, MIM, MIME, MTO, MTOE, PEM, PEME, PET, PETE, SBP, SBPE, SEH, TEK, TEKE, TEL, THO, UCK, UCKE, UZB, UZBE",,
20534,ATA 102,ATA,LS,Atatürk İlk & İnkılap Trh II,,Emin Alp Malkoç,MMB,Perşembe,10:30/12:29,,65,57,,"BIO, BIOE, BLG, BLGE, CEV, CEVE, CHZ, CHZE, DEN, DENE, ECNE, EHB, EHBE, EHN, ELE, ELH, ELK, ELKE, END, ENDE, EUT, EUTE, FIZ, FIZE, GEM, GEME, GEMK, GEO, GEOE, GID, GIDE, ICM, IML, IMLE, INS, INSE, ISL, ISLE, JDF, JEF, JEFE, JEO, JEOE, KIM, KIME, KMM, KMME, KOM, KOME, MAD, MADE, MAK, MAKE, MAT, MATE, MET, METE, MIM, MIME, MTO, MTOE, PEM, PEME, PET, PETE, SBP, SBPE, SEH, TEK, TEKE, TEL, THO, UCK, UCKE, UZB, UZBE",,
20536,ATA 102,ATA,LS,Atatürk İlk & İnkılap Trh II,,Emin Alp Malkoç,ISB,Perşembe,13:30/15:29,,65,36,,"BIO, BIOE, BLG, BLGE, CEV, CEVE, CHZ, CHZE, DEN, DENE, ECNE, EHB, EHBE, EHN, ELE, ELH, ELK, ELKE, END, ENDE, EUT, EUTE, FIZ, FIZE, GEM, GEME, GEMK, GEO, GEOE, GID, GIDE, ICM, IML, IMLE, INS, INSE, ISL, ISLE, JDF, JEF, JEFE, JEO, JEOE, KIM, KIME, KMM, KMME, KOM, KOME, MAD, MADE, MAK, MAKE, MAT, MATE, MET, METE, MIM, MIME, MTO, MTOE, PEM, PEME, PET, PETE, SBP, SBPE, SEH, TEK, TEKE, TEL, THO, UCK, UCKE, UZB, UZBE",,
20539,ATA 101,ATA,LS,Atatürk İlk & İnkılap Trh I,,--,ISB,Perşembe,15:30/17:29,,0,0,,"MBI, MCB, SBL, SCE, SEK, SEN, SIN, SIS, SMT, STP",,
20541,KIM 205E,KIM,LS,Organic Chemistry,,Hakan Durmaz,KMB,Salı,13:30/16:29,,40,39,,"BIOM, CEV, CEVE, CHZE, DENE, ELKE, GEME, GEMK, INS, INSE, JEOE, KIM, KIMM, MADE, MET, METE, PETE, TEKE",,
20544,KIM 206,KIM,LS,Analitik Kimya & Enst Analizi,,Ayşegül Gölcü,KMB,Cuma,08:30/11:29,,40,30,,"GID, KIMM, KMM, KYD",,
20546,KIM 304E,KIM,LS,Organic Chemistry II,,"Okan Sirkecioğlu, Hacer Ayşen Önen",FEB,Pazartesi,12:30/14:29,,110,103,,"BIO, BIOE",,
20548,KIM 472E,KIM,LS,Electrochemistry,,"Esma Sezer, Belkız Ustamehmetoğlu",FEB | FEB,Perşembe | Perşembe,08:30/10:29 | 10:30/12:29,,70,63,,"KIM, KIME",,
20554,ATA 102,ATA,LS,Atatürk İlk & İnkılap Trh II,,Pelin Helvacı,DZB,Çarşamba,13:30/15:29,,50,22,,"DUI, DUIE, GMI, GMIE",,
20555,KIM 311,KIM,LS,Fiziksel Kimya I,,Candan Erbil,FEB,Cuma,08:30/11:29,,30,29,,KIM,,
20558,ATA 102,ATA,LS,Atatürk İlk & İnkılap Trh II,,Pelin Helvacı,DZB,Çarşamba,10:30/12:29,,80,71,,"DUI, DUIE, GMI, GMIE",,
20559,ATA 102,ATA,LS,Atatürk İlk & İnkılap Trh II,,Necdet Öz,DZB,Perşembe,08:30/10:29,,50,23,,"DUI, DUIE, GMI, GMIE",,
20561,KIM 316,KIM,LS,Yakıt Kimyası,,Behice Şebnem Sesalan,FEB,Salı,14:30/17:29,,20,20,,KIM,,
20563,ATA 101,ATA,LS,Atatürk İlk & İnkılap Trh I,,Necdet Öz,DZB,Perşembe,10:30/12:29,,50,50,,"DUI, DUIE, GMI, GMIE",,
20564,KIM 204E,KIM,LS,General Chemistry II,,Behice Şebnem Sesalan,FEB,Çarşamba,08:30/11:29,,30,8,,"CHZ, CHZE, DEN, DENE, ELE, ELH, ELK, GEM, GEME, GEMK, GMI, GMIE, JEO, JEOE, MAD, MADE, MET, METE, PET, PETE, TEL",,
20565,ATA 102,ATA,LS,Atatürk İlk & İnkılap Trh II,,Necdet Öz,DZB,Perşembe,13:30/15:29,,30,3,,"SDU, SGM",,
20567,ATA 102,ATA,LS,Atatürk İlk & İnkılap Trh II,,Serap Sarıhan,ISB,Pazartesi,15:30/17:29,,30,30,,"SEK, SEN, SIS",,
20569,ATA 101,ATA,LS,Atatürk İlk & İnkılap Trh I,,Mehmet Ali Doğan,INB,Salı,15:30/17:29,,30,8,,"MBI, MCB, SBL, SCE, SEK, SEN, SIN, SIS, SMT, STP",,
20572,ATA 102,ATA,LS,Atatürk İlk & İnkılap Trh II,,Serap Sarıhan,MDB,Çarşamba,08:30/10:29,,65,65,,"BIO, BIOE, BLG, BLGE, CEV, CEVE, CHZ, CHZE, DEN, DENE, DUI, DUIE, ECNE, EHB, EHBE, EHN, ELE, ELH, ELK, ELKE, END, ENDE, EUT, EUTE, FIZ, FIZE, GEM, GEME, GEMK, GEO, GEOE, GID, GIDE, GMI, GMIE, ICM, IML, IMLE, INS, INSE, ISL, ISLE, JDF, JEF, JEFE, JEO, JEOE, KIM, KIME, KMM, KMME, KOM, KOME, MAD, MADE, MAK, MAKE, MAT, MATE, MET, METE, MIM, MIME, MTO, MTOE, PEM, PEME, PET, PETE, SBP, SBPE, SEH, TEK, TEKE, TEL, THO, UCK, UCKE, UZB, UZBE",,
20573,ATA 102,ATA,LS,Atatürk İlk & İnkılap Trh II,,Serap Sarıhan,MDB,Çarşamba,10:30/12:29,,65,64,,"BIO, BIOE, BLG, BLGE, CEV, CEVE, CHZ, CHZE, DEN, DENE, DUI, DUIE, ECNE, EHB, EHBE, EHN, ELE, ELH, ELK, ELKE, END, ENDE, EUT, EUTE, FIZ, FIZE, GEM, GEME, GEMK, GEO, GEOE, GID, GIDE, GMI, GMIE, ICM, IML, IMLE, INS, INSE, ISL, ISLE, JDF, JEF, JEFE, JEO, JEOE, KIM, KIME, KMM, KMME, KOM, KOME, MAD, MADE, MAK, MAKE, MAT, MATE, MET, METE, MIM, MIME, MTO, MTOE, PEM, PEME, PET, PETE, SBP, SBPE, SEH, TEK, TEKE, TEL, THO, UCK, UCKE, UZB, UZBE",,
20574,ATA 101,ATA,LS,Atatürk İlk & İnkılap Trh I,,Serap Sarıhan,EEB,Perşembe,10:30/12:29,,60,58,,"BIO, BIOE, BLG, BLGE, CEV, CEVE, CHZ, CHZE, DEN, DENE, DUI, DUIE, ECNE, EHB, EHBE, EHN, ELE, ELH, ELK, ELKE, END, ENDE, EUT, EUTE, FIZ, FIZE, GEM, GEME, GEMK, GEO, GEOE, GID, GIDE, GMI, GMIE, ICM, IML, IMLE, INS, INSE, ISL, ISLE, JDF, JEF, JEFE, JEO, JEOE, KIM, KIME, KMM, KMME, KOM, KOME, MAD, MADE, MAK, MAKE, MAT, MATE, MET, METE, MIM, MIME, MTO, MTOE, PEM, PEME, PET, PETE, SBP, SBPE, SEH, TEK, TEKE, TEL, THO, UCK, UCKE, UZB, UZBE",,
20575,ATA 102,ATA,LS,Atatürk İlk & İnkılap Trh II,,Serap Sarıhan,KMB,Salı,08:30/10:29,,65,65,,"BIO, BIOE, BLG, BLGE, CEV, CEVE, CHZ, CHZE, DEN, DENE, DUI, DUIE, ECNE, EHB, EHBE, EHN, ELE, ELH, ELK, ELKE, END, ENDE, EUT, EUTE, FIZ, FIZE, GEM, GEME, GEMK, GEO, GEOE, GID, GIDE, GMI, GMIE, ICM, IML, IMLE, INS, INSE, ISL, ISLE, JDF, JEF, JEFE, JEO, JEOE, KIM, KIME, KMM, KMME, KOM, KOME, MAD, MADE, MAK, MAKE, MAT, MATE, MET, METE, MIM, MIME, MTO, MTOE, PEM, PEME, PET, PETE, SBP, SBPE, SEH, TEK, TEKE, TEL, THO, UCK, UCKE, UZB, UZBE",,
20576,ATA 102,ATA,LS,Atatürk İlk & İnkılap Trh II,,Serap Sarıhan,KMB,Salı,10:30/12:29,,65,65,,"BIO, BIOE, BLG, BLGE, CEV, CEVE, CHZ, CHZE, DEN, DENE, DUI, DUIE, ECNE, EHB, EHBE, EHN, ELE, ELH, ELK, ELKE, END, ENDE, EUT, EUTE, FIZ, FIZE, GEM, GEME, GEMK, GEO, GEOE, GID, GIDE, GMI, GMIE, ICM, IML, IMLE, INS, INSE, ISL, ISLE, JDF, JEF, JEFE, JEO, JEOE, KIM, KIME, KMM, KMME, KOM, KOME, MAD, MADE, MAK, MAKE, MAT, MATE, MET, METE, MIM, MIME, MTO, MTOE, PEM, PEME, PET, PETE, SBP, SBPE, SEH, TEK, TEKE, TEL, THO, UCK, UCKE, UZB, UZBE",,
20578,ATA 102,ATA,LS,Atatürk İlk & İnkılap Trh II,,Mehmet Ali Doğan,MED,Çarşamba,08:30/10:29,,30,14,,"MBI, MCB, SBL, SCE, SIN",,
20580,ATA 102,ATA,LS,Atatürk İlk & İnkılap Trh II,,Serap Sarıhan,ISB,Pazartesi,13:30/15:29,,65,65,,"BIO, BIOE, BLG, BLGE, CEV, CEVE, CHZ, CHZE, DEN, DENE, ECNE, EHB, EHBE, EHN, ELE, ELH, ELK, ELKE, END, ENDE, EUT, EUTE, FIZ, FIZE, GEM, GEME, GEMK, GEO, GEOE, GID, GIDE, ICM, IML, IMLE, INS, INSE, ISL, ISLE, JDF, JEF, JEFE, JEO, JEOE, KIM, KIME, KMM, KMME, KOM, KOME, MAD, MADE, MAK, MAKE, MAT, MATE, MET, METE, MIM, MIME, MTO, MTOE, PEM, PEME, PET, PETE, SBP, SBPE, SEH, TEK, TEKE, TEL, THO, UCK, UCKE, UZB, UZBE",,
20582,ATA 102,ATA,LS,Atatürk İlk & İnkılap Trh II,,Seda Bayındır Uluskan,MDB,Salı,08:30/10:29,,65,66,,"BIO, BIOE, BLG, BLGE, CEV, CEVE, CHZ, CHZE, DEN, DENE, DUI, DUIE, ECNE, EHB, EHBE, EHN, ELE, ELH, ELK, ELKE, END, ENDE, EUT, EUTE, FIZ, FIZE, GEM, GEME, GEMK, GEO, GEOE, GID, GIDE, GMI, GMIE, ICM, IML, IMLE, INS, INSE, ISL, ISLE, JDF, JEF, JEFE, JEO, JEOE, KIM, KIME, KMM, KMME, KOM, KOME, MAD, MADE, MAK, MAKE, MAT, MATE, MET, METE, MIM, MIME, MTO, MTOE, PEM, PEME, PET, PETE, SBP, SBPE, SEH, TEK, TEKE, TEL, THO, UCK, UCKE, UZB, UZBE",,
20583,KIM 211E,KIM,LS,Analytical Chemistry,,İpek Becerik,FEB | FEB,Pazartesi | Perşembe,14:30/16:29 | 14:30/16:29,,25,14,,"KIM, KIME, KIMM",,
20584,ATA 102,ATA,LS,Atatürk İlk & İnkılap Trh II,,Seda Bayındır Uluskan,MDB,Salı,10:30/12:29,,65,65,,"BIO, BIOE, BLG, BLGE, CEV, CEVE, CHZ, CHZE, DEN, DENE, DUI, DUIE, ECNE, EHB, EHBE, EHN, ELE, ELH, ELK, ELKE, END, ENDE, EUT, EUTE, FIZ, FIZE, GEM, GEME, GEMK, GEO, GEOE, GID, GIDE, GMI, GMIE, ICM, IML, IMLE, INS, INSE, ISL, ISLE, JDF, JEF, JEFE, JEO, JEOE, KIM, KIME, KMM, KMME, KOM, KOME, MAD, MADE, MAK, MAKE, MAT, MATE, MET, METE, MIM, MIME, MTO, MTOE, PEM, PEME, PET, PETE, SBP, SBPE, SEH, TEK, TEKE, TEL, THO, UCK, UCKE, UZB, UZBE",,
20585,ATA 102,ATA,LS,Atatürk İlk & İnkılap Trh II,,Seda Bayındır Uluskan,MDB,Çarşamba,08:30/10:29,,65,65,,"BIO, BIOE, BLG, BLGE, CEV, CEVE, CHZ, CHZE, DEN, DENE, DUI, DUIE, ECNE, EHB, EHBE, EHN, ELE, ELH, ELK, ELKE, END, ENDE, EUT, EUTE, FIZ, FIZE, GEM, GEME, GEMK, GEO, GEOE, GID, GIDE, GMI, GMIE, ICM, IML, IMLE, INS, INSE, ISL, ISLE, JDF, JEF, JEFE, JEO, JEOE, KIM, KIME, KMM, KMME, KOM, KOME, MAD, MADE, MAK, MAKE, MAT, MATE, MET, METE, MIM, MIME, MTO, MTOE, PEM, PEME, PET, PETE, SBP, SBPE, SEH, TEK, TEKE, TEL, THO, UCK, UCKE, UZB, UZBE",,
20587,KIM 206,KIM,LS,Analitik Kimya & Enst Analizi,,Ferah Çalışır,KMB,Cuma,08:30/11:29,,40,40,,"GID, KIMM, KMM, KYD",,
20588,ATA 101,ATA,LS,Atatürk İlk & İnkılap Trh I,,Seda Bayındır Uluskan,INB,Cuma,08:30/10:29,,60,60,,"BIO, BIOE, BLG, BLGE, CEV, CEVE, CHZ, CHZE, DEN, DENE, DUI, DUIE, ECNE, EHB, EHBE, EHN, ELE, ELH, ELK, ELKE, END, ENDE, EUT, EUTE, FIZ, FIZE, GEM, GEME, GEMK, GEO, GEOE, GID, GIDE, GMI, GMIE, ICM, IML, IMLE, INS, INSE, ISL, ISLE, JDF, JEF, JEFE, JEO, JEOE, KIM, KIME, KMM, KMME, KOM, KOME, MAD, MADE, MAK, MAKE, MAT, MATE, MET, METE, MIM, MIME, MTO, MTOE, PEM, PEME, PET, PETE, SBP, SBPE, SEH, TEK, TEKE, TEL, THO, UCK, UCKE, UZB, UZBE",,
20589,ATA 102,ATA,LS,Atatürk İlk & İnkılap Trh II,,Seda Bayındır Uluskan,INB,Cuma,10:30/12:29,,65,66,,"BIO, BIOE, BLG, BLGE, CEV, CEVE, CHZ, CHZE, DEN, DENE, DUI, DUIE, ECNE, EHB, EHBE, EHN, ELE, ELH, ELK, ELKE, END, ENDE, EUT, EUTE, FIZ, FIZE, GEM, GEME, GEMK, GEO, GEOE, GID, GIDE, GMI, GMIE, ICM, IML, IMLE, INS, INSE, ISL, ISLE, JDF, JEF, JEFE, JEO, JEOE, KIM, KIME, KMM, KMME, KOM, KOME, MAD, MADE, MAK, MAKE, MAT, MATE, MET, METE, MIM, MIME, MTO, MTOE, PEM, PEME, PET, PETE, SBP, SBPE, SEH, TEK, TEKE, TEL, THO, UCK, UCKE, UZB, UZBE",,
20590,ATA 102,ATA,LS,Atatürk İlk & İnkılap Trh II,,Seda Bayındır Uluskan,INB,Cuma,14:30/16:29,,30,30,,"MBI, MCB, SBL, SCE, SIN",,
20591,KIM 262E,KIM,LS,Int. Quantum Chemistry,,--,FEB,Pazartesi,08:30/11:29,,0,0,,"KIM, KIME",,
20594,KIM 206,KIM,LS,Analitik Kimya & Enst Analizi,,Nevin Öztekin,KMB,Cuma,14:30/17:29,,43,43,,"GID, KIMM, KMM, KYD",,
20595,ATA 102,ATA,LS,Atatürk İlk & İnkılap Trh II,,Pelin Helvacı,ISB,Perşembe,15:30/17:29,,65,65,,"BIO, BIOE, BLG, BLGE, CEV, CEVE, CHZ, CHZE, DEN, DENE, ECNE, EHB, EHBE, EHN, ELE, ELH, ELK, ELKE, END, ENDE, EUT, EUTE, FIZ, FIZE, GEM, GEME, GEMK, GEO, GEOE, GID, GIDE, ICM, IML, IMLE, INS, INSE, ISL, ISLE, JDF, JEF, JEFE, JEO, JEOE, KIM, KIME, KMM, KMME, KOM, KOME, MAD, MADE, MAK, MAKE, MAT, MATE, MET, METE, MIM, MIME, MTO, MTOE, PEM, PEME, PET, PETE, SBP, SBPE, SEH, TEK, TEKE, TEL, THO, UCK, UCKE, UZB, UZBE",,
20596,ATA 101,ATA,LS,Atatürk İlk & İnkılap Trh I,,Pelin Helvacı,ISB,Perşembe,13:30/15:29,,60,62,,"BIO, BIOE, BLG, BLGE, CEV, CEVE, CHZ, CHZE, DEN, DENE, ECNE, EHB, EHBE, EHN, ELE, ELH, ELK, ELKE, END, ENDE, EUT, EUTE, FIZ, FIZE, GEM, GEME, GEMK, GEO, GEOE, GID, GIDE, ICM, IML, IMLE, INS, INSE, ISL, ISLE, JDF, JEF, JEFE, JEO, JEOE, KIM, KIME, KMM, KMME, KOM, KOME, MAD, MADE, MAK, MAKE, MAT, MATE, MET, METE, MIM, MIME, MTO, MTOE, PEM, PEME, PET, PETE, SBP, SBPE, SEH, TEK, TEKE, TEL, THO, UCK, UCKE, UZB, UZBE",,
20597,KIM 206,KIM,LS,Analitik Kimya & Enst Analizi,,Gülcemal Yıldız,FEB,Cuma,14:30/17:29,,43,43,,"GID, KIMM, KMM, KYD",,
20598,ATA 102,ATA,LS,Atatürk İlk & İnkılap Trh II,,Pelin Helvacı,ISB,Perşembe,10:30/12:29,,30,18,,"SEK, SEN, SIS, STP",,
20599,KIM 206E,KIM,LS,Analytical Chem.& Inst.Analy.,,--,KMB,Cuma,08:30/11:29,,0,0,,"GIDE, KMME",,
20600,ATA 102,ATA,LS,Atatürk İlk & İnkılap Trh II,,Pelin Helvacı,FEB,Cuma,10:30/12:29,,0,27,,"BIO, BIOE, BLG, BLGE, CEV, CEVE, CHZ, CHZE, DEN, DENE, ECNE, EHB, EHBE, EHN, ELE, ELH, ELK, ELKE, END, ENDE, EUT, EUTE, FIZ, FIZE, GEM, GEME, GEMK, GEO, GEOE, GID, GIDE, ICM, IML, IMLE, INS, INSE, ISL, ISLE, JDF, JEF, JEFE, JEO, JEOE, KIM, KIME, KMM, KMME, KOM, KOME, MAD, MADE, MAK, MAKE, MAT, MATE, MET, METE, MIM, MIME, MTO, MTOE, PEM, PEME, PET, PETE, SBP, SBPE, SEH, TEK, TEKE, TEL, THO, UCK, UCKE, UZB, UZBE",,
20601,ATA 102,ATA,LS,Atatürk İlk & İnkılap Trh II,,Pelin Helvacı,FEB,Cuma,14:30/16:29,,0,64,,"BIO, BIOE, BLG, BLGE, CEV, CEVE, CHZ, CHZE, DEN, DENE, ECNE, EHB, EHBE, EHN, ELE, ELH, ELK, ELKE, END, ENDE, EUT, EUTE, FIZ, FIZE, GEM, GEME, GEMK, GEO, GEOE, GID, GIDE, ICM, IML, IMLE, INS, INSE, ISL, ISLE, JDF, JEF, JEFE, JEO, JEOE, KIM, KIME, KMM, KMME, KOM, KOME, MAD, MADE, MAK, MAKE, MAT, MATE, MET, METE, MIM, MIME, MTO, MTOE, PEM, PEME, PET, PETE, SBP, SBPE, SEH, TEK, TEKE, TEL, THO, UCK, UCKE, UZB, UZBE",,
20602,KIM 206L,KIM,LS,Ana. Kimya & Enst Anz. Lab.,,Nevin Öztekin,FEB,Cuma,10:30/12:29,,45,45,,"GID, KIMM, KMM, KYD",,
20603,ATA 102,ATA,LS,Atatürk İlk & İnkılap Trh II,,Barış Ertem,MED,Pazartesi,10:30/12:29,,65,64,,"BIO, BIOE, BLG, BLGE, CEV, CEVE, CHZ, CHZE, DEN, DENE, DUI, DUIE, ECNE, EHB, EHBE, EHN, ELE, ELH, ELK, ELKE, END, ENDE, EUT, EUTE, FIZ, FIZE, GEM, GEME, GEMK, GEO, GEOE, GID, GIDE, GMI, GMIE, ICM, IML, IMLE, INS, INSE, ISL, ISLE, JDF, JEF, JEFE, JEO, JEOE, KIM, KIME, KMM, KMME, KOM, KOME, MAD, MADE, MAK, MAKE, MAT, MATE, MET, METE, MIM, MIME, MTO, MTOE, PEM, PEME, PET, PETE, SBP, SBPE, SEH, TEK, TEKE, TEL, THO, UCK, UCKE, UZB, UZBE",,
20604,KIM 206L,KIM,LS,Ana. Kimya & Enst Anz. Lab.,,Gülcemal Yıldız,FEB,Cuma,10:30/12:29,,45,45,,"GID, KIMM, KMM, KYD",,
20605,ATA 102,ATA,LS,Atatürk İlk & İnkılap Trh II,,Barış Ertem,EEB,Pazartesi,13:30/15:29,,65,66,,"BIO, BIOE, BLG, BLGE, CEV, CEVE, CHZ, CHZE, DEN, DENE, DUI, DUIE, ECNE, EHB, EHBE, EHN, ELE, ELH, ELK, ELKE, END, ENDE, EUT, EUTE, FIZ, FIZE, GEM, GEME, GEMK, GEO, GEOE, GID, GIDE, GMI, GMIE, ICM, IML, IMLE, INS, INSE, ISL, ISLE, JDF, JEF, JEFE, JEO, JEOE, KIM, KIME, KMM, KMME, KOM, KOME, MAD, MADE, MAK, MAKE, MAT, MATE, MET, METE, MIM, MIME, MTO, MTOE, PEM, PEME, PET, PETE, SBP, SBPE, SEH, TEK, TEKE, TEL, THO, UCK, UCKE, UZB, UZBE",,
20606,ATA 102,ATA,LS,Atatürk İlk & İnkılap Trh II,,Barış Ertem,ISB,Salı,08:30/10:29,,65,64,,"BIO, BIOE, BLG, BLGE, CEV, CEVE, CHZ, CHZE, DEN, DENE, ECNE, EHB, EHBE, EHN, ELE, ELH, ELK, ELKE, END, ENDE, EUT, EUTE, FIZ, FIZE, GEM, GEME, GEMK, GEO, GEOE, GID, GIDE, ICM, IML, IMLE, INS, INSE, ISL, ISLE, JDF, JEF, JEFE, JEO, JEOE, KIM, KIME, KMM, KMME, KOM, KOME, MAD, MADE, MAK, MAKE, MAT, MATE, MET, METE, MIM, MIME, MTO, MTOE, PEM, PEME, PET, PETE, SBP, SBPE, SEH, TEK, TEKE, TEL, THO, UCK, UCKE, UZB, UZBE",,
20607,ATA 102,ATA,LS,Atatürk İlk & İnkılap Trh II,,Barış Ertem,ISB,Salı,10:30/12:29,,65,65,,"BIO, BIOE, BLG, BLGE, CEV, CEVE, CHZ, CHZE, DEN, DENE, ECNE, EHB, EHBE, EHN, ELE, ELH, ELK, ELKE, END, ENDE, EUT, EUTE, FIZ, FIZE, GEM, GEME, GEMK, GEO, GEOE, GID, GIDE, ICM, IML, IMLE, INS, INSE, ISL, ISLE, JDF, JEF, JEFE, JEO, JEOE, KIM, KIME, KMM, KMME, KOM, KOME, MAD, MADE, MAK, MAKE, MAT, MATE, MET, METE, MIM, MIME, MTO, MTOE, PEM, PEME, PET, PETE, SBP, SBPE, SEH, TEK, TEKE, TEL, THO, UCK, UCKE, UZB, UZBE",,
20609,ATA 101,ATA,LS,Atatürk İlk & İnkılap Trh I,,Barış Ertem,EEB,Çarşamba,13:30/15:29,,60,63,,"BIO, BIOE, BLG, BLGE, CEV, CEVE, CHZ, CHZE, DEN, DENE, DUI, DUIE, ECNE, EHB, EHBE, EHN, ELE, ELH, ELK, ELKE, END, ENDE, EUT, EUTE, FIZ, FIZE, GEM, GEME, GEMK, GEO, GEOE, GID, GIDE, GMI, GMIE, ICM, IML, IMLE, INS, INSE, ISL, ISLE, JDF, JEF, JEFE, JEO, JEOE, KIM, KIME, KMM, KMME, KOM, KOME, MAD, MADE, MAK, MAKE, MAT, MATE, MET, METE, MIM, MIME, MTO, MTOE, PEM, PEME, PET, PETE, SBP, SBPE, SEH, TEK, TEKE, TEL, THO, UCK, UCKE, UZB, UZBE",,
20610,KIM 206L,KIM,LS,Ana. Kimya & Enst Anz. Lab.,,Ayşegül Gölcü,FEB,Cuma,14:30/16:29,,45,26,,"GID, KIMM, KMM, KYD",,
20611,ATA 102,ATA,LS,Atatürk İlk & İnkılap Trh II,,İsmail Kandil,MEDB,Pazartesi,08:30/10:29,,65,66,,"BIO, BIOE, BLG, BLGE, CEV, CEVE, CHZ, CHZE, DEN, DENE, DUI, DUIE, ECNE, EHB, EHBE, EHN, ELE, ELH, ELK, ELKE, END, ENDE, EUT, EUTE, FIZ, FIZE, GEM, GEME, GEMK, GEO, GEOE, GID, GIDE, GMI, GMIE, ICM, IML, IMLE, INS, INSE, ISL, ISLE, JDF, JEF, JEFE, JEO, JEOE, KIM, KIME, KMM, KMME, KOM, KOME, MAD, MADE, MAK, MAKE, MAT, MATE, MET, METE, MIM, MIME, MTO, MTOE, PEM, PEME, PET, PETE, SBP, SBPE, SEH, TEK, TEKE, TEL, THO, UCK, UCKE, UZB, UZBE",,
20612,KIM 206L,KIM,LS,Ana. Kimya & Enst Anz. Lab.,,Ferah Çalışır,FEB,Cuma,14:30/16:29,,45,45,,"GID, KIMM, KMM, KYD",,
20613,ATA 102,ATA,LS,Atatürk İlk & İnkılap Trh II,,İsmail Kandil,MEDB,Pazartesi,10:30/12:29,,65,65,,"BIO, BIOE, BLG, BLGE, CEV, CEVE, CHZ, CHZE, DEN, DENE, DUI, DUIE, ECNE, EHB, EHBE, EHN, ELE, ELH, ELK, ELKE, END, ENDE, EUT, EUTE, FIZ, FIZE, GEM, GEME, GEMK, GEO, GEOE, GID, GIDE, GMI, GMIE, ICM, IML, IMLE, INS, INSE, ISL, ISLE, JDF, JEF, JEFE, JEO, JEOE, KIM, KIME, KMM, KMME, KOM, KOME, MAD, MADE, MAK, MAKE, MAT, MATE, MET, METE, MIM, MIME, MTO, MTOE, PEM, PEME, PET, PETE, SBP, SBPE, SEH, TEK, TEKE, TEL, THO, UCK, UCKE, UZB, UZBE",,
20614,ATA 102,ATA,LS,Atatürk İlk & İnkılap Trh II,,İsmail Kandil,MDB,Salı,08:30/10:29,,65,64,,"BIO, BIOE, BLG, BLGE, CEV, CEVE, CHZ, CHZE, DEN, DENE, DUI, DUIE, ECNE, EHB, EHBE, EHN, ELE, ELH, ELK, ELKE, END, ENDE, EUT, EUTE, FIZ, FIZE, GEM, GEME, GEMK, GEO, GEOE, GID, GIDE, GMI, GMIE, ICM, IML, IMLE, INS, INSE, ISL, ISLE, JDF, JEF, JEFE, JEO, JEOE, KIM, KIME, KMM, KMME, KOM, KOME, MAD, MADE, MAK, MAKE, MAT, MATE, MET, METE, MIM, MIME, MTO, MTOE, PEM, PEME, PET, PETE, SBP, SBPE, SEH, TEK, TEKE, TEL, THO, UCK, UCKE, UZB, UZBE",,
20615,ATA 102,ATA,LS,Atatürk İlk & İnkılap Trh II,,İsmail Kandil,MDB,Salı,10:30/12:29,,65,65,,"BIO, BIOE, BLG, BLGE, CEV, CEVE, CHZ, CHZE, DEN, DENE, DUI, DUIE, ECNE, EHB, EHBE, EHN, ELE, ELH, ELK, ELKE, END, ENDE, EUT, EUTE, FIZ, FIZE, GEM, GEME, GEMK, GEO, GEOE, GID, GIDE, GMI, GMIE, ICM, IML, IMLE, INS, INSE, ISL, ISLE, JDF, JEF, JEFE, JEO, JEOE, KIM, KIME, KMM, KMME, KOM, KOME, MAD, MADE, MAK, MAKE, MAT, MATE, MET, METE, MIM, MIME, MTO, MTOE, PEM, PEME, PET, PETE, SBP, SBPE, SEH, TEK, TEKE, TEL, THO, UCK, UCKE, UZB, UZBE",,
20616,ATA 101,ATA,LS,Atatürk İlk & İnkılap Trh I,,İsmail Kandil,INB,Perşembe,08:30/10:29,,60,60,,"BIO, BIOE, BLG, BLGE, CEV, CEVE, CHZ, CHZE, DEN, DENE, DUI, DUIE, ECNE, EHB, EHBE, EHN, ELE, ELH, ELK, ELKE, END, ENDE, EUT, EUTE, FIZ, FIZE, GEM, GEME, GEMK, GEO, GEOE, GID, GIDE, GMI, GMIE, ICM, IML, IMLE, INS, INSE, ISL, ISLE, JDF, JEF, JEFE, JEO, JEOE, KIM, KIME, KMM, KMME, KOM, KOME, MAD, MADE, MAK, MAKE, MAT, MATE, MET, METE, MIM, MIME, MTO, MTOE, PEM, PEME, PET, PETE, SBP, SBPE, SEH, TEK, TEKE, TEL, THO, UCK, UCKE, UZB, UZBE",,
20617,ATA 102,ATA,LS,Atatürk İlk & İnkılap Trh II,,İsmail Kandil,INB,Perşembe,10:30/12:29,,30,40,,"MBI, MCB, SBL, SCE, SIN",,
20618,ATA 101,ATA,LS,Atatürk İlk & İnkılap Trh I,,İsmail Kandil,MED,Cuma,10:30/12:29,,60,60,,"BIO, BIOE, BLG, BLGE, CEV, CEVE, CHZ, CHZE, DEN, DENE, DUI, DUIE, ECNE, EHB, EHBE, EHN, ELE, ELH, ELK, ELKE, END, ENDE, EUT, EUTE, FIZ, FIZE, GEM, GEME, GEMK, GEO, GEOE, GID, GIDE, GMI, GMIE, ICM, IML, IMLE, INS, INSE, ISL, ISLE, JDF, JEF, JEFE, JEO, JEOE, KIM, KIME, KMM, KMME, KOM, KOME, MAD, MADE, MAK, MAKE, MAT, MATE, MET, METE, MIM, MIME, MTO, MTOE, PEM, PEME, PET, PETE, SBP, SBPE, SEH, TEK, TEKE, TEL, THO, UCK, UCKE, UZB, UZBE",,
20619,ATA 102,ATA,LS,Atatürk İlk & İnkılap Trh II,,Burcu Kurt,ISB,Salı,10:30/12:29,,65,64,,"BIO, BIOE, BLG, BLGE, CEV, CEVE, CHZ, CHZE, DEN, DENE, ECNE, EHB, EHBE, EHN, ELE, ELH, ELK, ELKE, END, ENDE, EUT, EUTE, FIZ, FIZE, GEM, GEME, GEMK, GEO, GEOE, GID, GIDE, ICM, IML, IMLE, INS, INSE, ISL, ISLE, JDF, JEF, JEFE, JEO, JEOE, KIM, KIME, KMM, KMME, KOM, KOME, MAD, MADE, MAK, MAKE, MAT, MATE, MET, METE, MIM, MIME, MTO, MTOE, PEM, PEME, PET, PETE, SBP, SBPE, SEH, TEK, TEKE, TEL, THO, UCK, UCKE, UZB, UZBE",,
20620,ATA 102,ATA,LS,Atatürk İlk & İnkılap Trh II,,Burcu Kurt,ISB,Salı,13:30/15:29,,65,63,,"BIO, BIOE, BLG, BLGE, CEV, CEVE, CHZ, CHZE, DEN, DENE, ECNE, EHB, EHBE, EHN, ELE, ELH, ELK, ELKE, END, ENDE, EUT, EUTE, FIZ, FIZE, GEM, GEME, GEMK, GEO, GEOE, GID, GIDE, ICM, IML, IMLE, INS, INSE, ISL, ISLE, JDF, JEF, JEFE, JEO, JEOE, KIM, KIME, KMM, KMME, KOM, KOME, MAD, MADE, MAK, MAKE, MAT, MATE, MET, METE, MIM, MIME, MTO, MTOE, PEM, PEME, PET, PETE, SBP, SBPE, SEH, TEK, TEKE, TEL, THO, UCK, UCKE, UZB, UZBE",,
20621,ATA 102,ATA,LS,Atatürk İlk & İnkılap Trh II,,--,ISB,Salı,15:30/17:29,,0,0,,"SEK, SEN, SIS",,
20622,ATA 102,ATA,LS,Atatürk İlk & İnkılap Trh II,,Burcu Kurt,INB,Çarşamba,09:30/11:29,,65,65,,"BIO, BIOE, BLG, BLGE, CEV, CEVE, CHZ, CHZE, DEN, DENE, DUI, DUIE, ECNE, EHB, EHBE, EHN, ELE, ELH, ELK, ELKE, END, ENDE, EUT, EUTE, FIZ, FIZE, GEM, GEME, GEMK, GEO, GEOE, GID, GIDE, GMI, GMIE, ICM, IML, IMLE, INS, INSE, ISL, ISLE, JDF, JEF, JEFE, JEO, JEOE, KIM, KIME, KMM, KMME, KOM, KOME, MAD, MADE, MAK, MAKE, MAT, MATE, MET, METE, MIM, MIME, MTO, MTOE, PEM, PEME, PET, PETE, SBP, SBPE, SEH, TEK, TEKE, TEL, THO, UCK, UCKE, UZB, UZBE",,
20623,ATA 102,ATA,LS,Atatürk İlk & İnkılap Trh II,,Burcu Kurt,INB,Çarşamba,11:30/13:29,,65,66,,"BIO, BIOE, BLG, BLGE, CEV, CEVE, CHZ, CHZE, DEN, DENE, DUI, DUIE, ECNE, EHB, EHBE, EHN, ELE, ELH, ELK, ELKE, END, ENDE, EUT, EUTE, FIZ, FIZE, GEM, GEME, GEMK, GEO, GEOE, GID, GIDE, GMI, GMIE, ICM, IML, IMLE, INS, INSE, ISL, ISLE, JDF, JEF, JEFE, JEO, JEOE, KIM, KIME, KMM, KMME, KOM, KOME, MAD, MADE, MAK, MAKE, MAT, MATE, MET, METE, MIM, MIME, MTO, MTOE, PEM, PEME, PET, PETE, SBP, SBPE, SEH, TEK, TEKE, TEL, THO, UCK, UCKE, UZB, UZBE",,
20624,ATA 101,ATA,LS,Atatürk İlk & İnkılap Trh I,,Burcu Kurt,INB,Çarşamba,13:30/15:29,,60,61,,"BIO, BIOE, BLG, BLGE, CEV, CEVE, CHZ, CHZE, DEN, DENE, DUI, DUIE, ECNE, EHB, EHBE, EHN, ELE, ELH, ELK, ELKE, END, ENDE, EUT, EUTE, FIZ, FIZE, GEM, GEME, GEMK, GEO, GEOE, GID, GIDE, GMI, GMIE, ICM, IML, IMLE, INS, INSE, ISL, ISLE, JDF, JEF, JEFE, JEO, JEOE, KIM, KIME, KMM, KMME, KOM, KOME, MAD, MADE, MAK, MAKE, MAT, MATE, MET, METE, MIM, MIME, MTO, MTOE, PEM, PEME, PET, PETE, SBP, SBPE, SEH, TEK, TEKE, TEL, THO, UCK, UCKE, UZB, UZBE",,
20626,ATA 101,ATA,LS,Atatürk İlk & İnkılap Trh I,,Necdet Öz,INB,Çarşamba,08:30/10:29,,60,60,,"BIO, BIOE, BLG, BLGE, CEV, CEVE, CHZ, CHZE, DEN, DENE, DUI, DUIE, ECNE, EHB, EHBE, EHN, ELE, ELH, ELK, ELKE, END, ENDE, EUT, EUTE, FIZ, FIZE, GEM, GEME, GEMK, GEO, GEOE, GID, GIDE, GMI, GMIE, ICM, IML, IMLE, INS, INSE, ISL, ISLE, JDF, JEF, JEFE, JEO, JEOE, KIM, KIME, KMM, KMME, KOM, KOME, MAD, MADE, MAK, MAKE, MAT, MATE, MET, METE, MIM, MIME, MTO, MTOE, PEM, PEME, PET, PETE, SBP, SBPE, SEH, TEK, TEKE, TEL, THO, UCK, UCKE, UZB, UZBE",,
20627,ATA 101,ATA,LS,Atatürk İlk & İnkılap Trh I,,Necdet Öz,INB,Çarşamba,10:30/12:29,,60,63,,"BIO, BIOE, BLG, BLGE, CEV, CEVE, CHZ, CHZE, DEN, DENE, DUI, DUIE, ECNE, EHB, EHBE, EHN, ELE, ELH, ELK, ELKE, END, ENDE, EUT, EUTE, FIZ, FIZE, GEM, GEME, GEMK, GEO, GEOE, GID, GIDE, GMI, GMIE, ICM, IML, IMLE, INS, INSE, ISL, ISLE, JDF, JEF, JEFE, JEO, JEOE, KIM, KIME, KMM, KMME, KOM, KOME, MAD, MADE, MAK, MAKE, MAT, MATE, MET, METE, MIM, MIME, MTO, MTOE, PEM, PEME, PET, PETE, SBP, SBPE, SEH, TEK, TEKE, TEL, THO, UCK, UCKE, UZB, UZBE",,
20628,ATA 102,ATA,LS,Atatürk İlk & İnkılap Trh II,,Necdet Öz,GDB,Cuma,08:30/10:29,,65,65,,"BIO, BIOE, BLG, BLGE, CEV, CEVE, CHZ, CHZE, DEN, DENE, DUI, DUIE, ECNE, EHB, EHBE, EHN, ELE, ELH, ELK, ELKE, END, ENDE, EUT, EUTE, FIZ, FIZE, GEM, GEME, GEMK, GEO, GEOE, GID, GIDE, GMI, GMIE, ICM, IML, IMLE, INS, INSE, ISL, ISLE, JDF, JEF, JEFE, JEO, JEOE, KIM, KIME, KMM, KMME, KOM, KOME, MAD, MADE, MAK, MAKE, MAT, MATE, MET, METE, MIM, MIME, MTO, MTOE, PEM, PEME, PET, PETE, SBP, SBPE, SEH, TEK, TEKE, TEL, THO, UCK, UCKE, UZB, UZBE",,
20629,ATA 102,ATA,LS,Atatürk İlk & İnkılap Trh II,,Necdet Öz,GDB,Cuma,10:30/12:29,,65,65,,"BIO, BIOE, BLG, BLGE, CEV, CEVE, CHZ, CHZE, DEN, DENE, DUI, DUIE, ECNE, EHB, EHBE, EHN, ELE, ELH, ELK, ELKE, END, ENDE, EUT, EUTE, FIZ, FIZE, GEM, GEME, GEMK, GEO, GEOE, GID, GIDE, GMI, GMIE, ICM, IML, IMLE, INS, INSE, ISL, ISLE, JDF, JEF, JEFE, JEO, JEOE, KIM, KIME, KMM, KMME, KOM, KOME, MAD, MADE, MAK, MAKE, MAT, MATE, MET, METE, MIM, MIME, MTO, MTOE, PEM, PEME, PET, PETE, SBP, SBPE, SEH, TEK, TEKE, TEL, THO, UCK, UCKE, UZB, UZBE",,
20631,ATA 101,ATA,LS,Atatürk İlk & İnkılap Trh I,,Yusuf Ziya Altıntaş,EEB,Pazartesi,08:30/10:29,,60,59,,"BIO, BIOE, BLG, BLGE, CEV, CEVE, CHZ, CHZE, DEN, DENE, DUI, DUIE, ECNE, EHB, EHBE, EHN, ELE, ELH, ELK, ELKE, END, ENDE, EUT, EUTE, FIZ, FIZE, GEM, GEME, GEMK, GEO, GEOE, GID, GIDE, GMI, GMIE, ICM, IML, IMLE, INS, INSE, ISL, ISLE, JDF, JEF, JEFE, JEO, JEOE, KIM, KIME, KMM, KMME, KOM, KOME, MAD, MADE, MAK, MAKE, MAT, MATE, MET, METE, MIM, MIME, MTO, MTOE, PEM, PEME, PET, PETE, SBP, SBPE, SEH, TEK, TEKE, TEL, THO, UCK, UCKE, UZB, UZBE",,
20632,ATA 102,ATA,LS,Atatürk İlk & İnkılap Trh II,,Yusuf Ziya Altıntaş,EEB,Pazartesi,10:30/12:29,,65,64,,"BIO, BIOE, BLG, BLGE, CEV, CEVE, CHZ, CHZE, DEN, DENE, DUI, DUIE, ECNE, EHB, EHBE, EHN, ELE, ELH, ELK, ELKE, END, ENDE, EUT, EUTE, FIZ, FIZE, GEM, GEME, GEMK, GEO, GEOE, GID, GIDE, GMI, GMIE, ICM, IML, IMLE, INS, INSE, ISL, ISLE, JDF, JEF, JEFE, JEO, JEOE, KIM, KIME, KMM, KMME, KOM, KOME, MAD, MADE, MAK, MAKE, MAT, MATE, MET, METE, MIM, MIME, MTO, MTOE, PEM, PEME, PET, PETE, SBP, SBPE, SEH, TEK, TEKE, TEL, THO, UCK, UCKE, UZB, UZBE",,
20633,ATA 101,ATA,LS,Atatürk İlk & İnkılap Trh I,,Yusuf Ziya Altıntaş,MED,Salı,08:30/10:29,,60,59,,"BIO, BIOE, BLG, BLGE, CEV, CEVE, CHZ, CHZE, DEN, DENE, DUI, DUIE, ECNE, EHB, EHBE, EHN, ELE, ELH, ELK, ELKE, END, ENDE, EUT, EUTE, FIZ, FIZE, GEM, GEME, GEMK, GEO, GEOE, GID, GIDE, GMI, GMIE, ICM, IML, IMLE, INS, INSE, ISL, ISLE, JDF, JEF, JEFE, JEO, JEOE, KIM, KIME, KMM, KMME, KOM, KOME, MAD, MADE, MAK, MAKE, MAT, MATE, MET, METE, MIM, MIME, MTO, MTOE, PEM, PEME, PET, PETE, SBP, SBPE, SEH, TEK, TEKE, TEL, THO, UCK, UCKE, UZB, UZBE",,
20634,ATA 102,ATA,LS,Atatürk İlk & İnkılap Trh II,,Yusuf Ziya Altıntaş,FEB,Salı,10:30/12:29,,65,64,,"BIO, BIOE, BLG, BLGE, CEV, CEVE, CHZ, CHZE, DEN, DENE, DUI, DUIE, ECNE, EHB, EHBE, EHN, ELE, ELH, ELK, ELKE, END, ENDE, EUT, EUTE, FIZ, FIZE, GEM, GEME, GEMK, GEO, GEOE, GID, GIDE, GMI, GMIE, ICM, IML, IMLE, INS, INSE, ISL, ISLE, JDF, JEF, JEFE, JEO, JEOE, KIM, KIME, KMM, KMME, KOM, KOME, MAD, MADE, MAK, MAKE, MAT, MATE, MET, METE, MIM, MIME, MTO, MTOE, PEM, PEME, PET, PETE, SBP, SBPE, SEH, TEK, TEKE, TEL, THO, UCK, UCKE, UZB, UZBE",,
20636,ATA 102,ATA,LS,Atatürk İlk & İnkılap Trh II,,Yusuf Ziya Altıntaş,FEB,Çarşamba,10:30/12:29,,65,65,,"BIO, BIOE, BLG, BLGE, CEV, CEVE, CHZ, CHZE, DEN, DENE, DUI, DUIE, ECNE, EHB, EHBE, EHN, ELE, ELH, ELK, ELKE, END, ENDE, EUT, EUTE, FIZ, FIZE, GEM, GEME, GEMK, GEO, GEOE, GID, GIDE, GMI, GMIE, ICM, IML, IMLE, INS, INSE, ISL, ISLE, JDF, JEF, JEFE, JEO, JEOE, KIM, KIME, KMM, KMME, KOM, KOME, MAD, MADE, MAK, MAKE, MAT, MATE, MET, METE, MIM, MIME, MTO, MTOE, PEM, PEME, PET, PETE, SBP, SBPE, SEH, TEK, TEKE, TEL, THO, UCK, UCKE, UZB, UZBE",,
20638,ATA 103,ATA,LS,Atatürk İlke ve Ink.Tarihi,,Ali Yayla,TMB | TMB,Salı | Perşembe,13:30/15:29 | 10:30/12:29,,50,34,,"CAB, KMP, MTR, MUT, MUZ, MUZE, SES",,
20650,KIM 207,KIM,LS,İnorganik Kimya,,Ayfer Kalkan Burat,FEB,Salı,08:30/11:29,,35,35,,"CHZ, DEN, ELE, ELH, ELK, FIZ, GEM, JEO, KIMM, KMM, KYD, MAD, PET, TEL",,
20652,KIM 210E,KIM,LS,Intro to Polymer Chemistry,,Barış Kışkan,MED,Pazartesi,14:30/17:29,,20,20,,"BIO, BIOE, KIM, KIME, KIMM, TEK, TEKE",,
20654,KIM 210E,KIM,LS,Intro to Polymer Chemistry,,İbrahim Ersin Serhatlı,MED,Pazartesi,14:30/17:29,,20,20,,"BIO, BIOE, KIM, KIME, KIMM, TEK, TEKE",,
20658,KIM 224E,KIM,LS,Inorganic Chemistry II,,Altuğ Mert Sevim,MED,Salı,08:30/11:29,,50,50,,"KIM, KIME",,
20661,KIM 223EL,KIM,LS,Inorganic Chemistry Lab,,Ahmet Gül,FEB,Çarşamba,12:30/15:29,,55,55,,"KIM, KIME",,
20662,KIM 223EL,KIM,LS,Inorganic Chemistry Lab,,Zehra Bayır,FEB,Cuma,14:30/17:29,,55,49,,"KIM, KIME",,
20664,KIM 231,KIM,LS,Organik Kimya I,,Ümit Tunca,FEB | FEB,Çarşamba | Cuma,10:30/12:29 | 10:30/12:29,,30,30,,"KIM, KIMM",,
20681,KIM 231,KIM,LS,Organik Kimya I,,Turan Öztürk,FEB | FEB,Çarşamba | Cuma,10:30/12:29 | 10:30/12:29,,30,29,,"KIM, KIMM",,
20683,KIM 484,KIM,LS,Anorganik Kimya III,,"Esin Hamuryudan, Zehra Bayır",FEB,Salı,08:30/11:29,,50,9,,KIM,,
20689,TUR 102,TUR,LS,Türk Dili II,,Aslı Kantarcı,MEDB,Pazartesi,13:30/15:29,,65,65,,"BIO, BIOE, BLG, BLGE, CAB, CEV, CEVE, CHZ, CHZE, DEN, DENE, ECNE, EHB, EHBE, EHN, ELE, ELH, ELK, ELKE, END, ENDE, EUT, EUTE, FIZ, FIZE, GEM, GEME, GEMK, GEO, GEOE, GID, GIDE, ICM, IML, IMLE, INS, INSE, ISL, ISLE, JDF, JEF, JEFE, JEO, JEOE, KIM, KIME, KMM, KMME, KMP, KOM, KOME, MAD, MADE, MAK, MAKE, MAT, MATE, MET, METE, MIM, MIME, MTO, MTOE, MTR, MUT, MUZ, MUZE, PEM, PEME, PET, PETE, SBP, SBPE, SEH, SES, TEK, TEKE, TEL, THO, UCK, UCKE, UZB, UZBE",,
20690,MAT 210,MAT,LS,Mühendislik Matematiği,,Evren Tanrıöver,MED | MED,Pazartesi | Salı,08:30/10:29 | 11:30/13:29,,100,101,,"BIO, BLG, CEV, CHZ, DUI, EHB, ELE, ELH, ELK, END, FIZ, GEO, GMI, INS, JDF, JEF, JEFM, JEO, KIM, MAD, MATM, MET, MTO, PET, TEK, TEL, UCK, UCKM, UZB, UZBM",,
20691,KIM 473E,KIM,LS,Organic Structure Analysis,,Özkan Sezer,FEB,Çarşamba,08:30/11:29,,40,23,,"KIM, KIME",,
20692,TUR 102,TUR,LS,Türk Dili II,,Aslı Kantarcı,MEDB,Pazartesi,15:30/17:29,,65,65,,"BIO, BIOE, BLG, BLGE, CAB, CEV, CEVE, CHZ, CHZE, DEN, DENE, ECNE, EHB, EHBE, EHN, ELE, ELH, ELK, ELKE, END, ENDE, EUT, EUTE, FIZ, FIZE, GEM, GEME, GEMK, GEO, GEOE, GID, GIDE, ICM, IML, IMLE, INS, INSE, ISL, ISLE, JDF, JEF, JEFE, JEO, JEOE, KIM, KIME, KMM, KMME, KMP, KOM, KOME, MAD, MADE, MAK, MAKE, MAT, MATE, MET, METE, MIM, MIME, MTO, MTOE, MTR, MUT, MUZ, MUZE, PEM, PEME, PET, PETE, SBP, SBPE, SEH, SES, TEK, TEKE, TEL, THO, UCK, UCKE, UZB, UZBE",,
20693,TUR 102,TUR,LS,Türk Dili II,,Aslı Kantarcı,MEDB,Salı,13:30/15:29,,19,19,,"BIO, BIOE, BLG, BLGE, CAB, CEV, CEVE, CHZ, CHZE, DEN, DENE, ECNE, EHB, EHBE, EHN, ELE, ELH, ELK, ELKE, END, ENDE, EUT, EUTE, FIZ, FIZE, GEM, GEME, GEMK, GEO, GEOE, GID, GIDE, ICM, IML, IMLE, INS, INSE, ISL, ISLE, JDF, JEF, JEFE, JEO, JEOE, KIM, KIME, KMM, KMME, KMP, KOM, KOME, MAD, MADE, MAK, MAKE, MAT, MATE, MET, METE, MIM, MIME, MTO, MTOE, MTR, MUT, MUZ, MUZE, PEM, PEME, PET, PETE, SBP, SBPE, SEH, SES, TEK, TEKE, TEL, THO, UCK, UCKE, UZB, UZBE",,
20694,TUR 102,TUR,LS,Türk Dili II,,Aslı Kantarcı,MEDB,Çarşamba,10:30/12:29,,20,20,,"MBI, SBL, SCE, SIN",,
20695,TUR 102,TUR,LS,Türk Dili II,,Aslı Kantarcı,MEDB,Çarşamba,13:30/15:29,,65,65,,"BIO, BIOE, BLG, BLGE, CAB, CEV, CEVE, CHZ, CHZE, DEN, DENE, ECNE, EHB, EHBE, EHN, ELE, ELH, ELK, ELKE, END, ENDE, EUT, EUTE, FIZ, FIZE, GEM, GEME, GEMK, GEO, GEOE, GID, GIDE, ICM, IML, IMLE, INS, INSE, ISL, ISLE, JDF, JEF, JEFE, JEO, JEOE, KIM, KIME, KMM, KMME, KMP, KOM, KOME, MAD, MADE, MAK, MAKE, MAT, MATE, MET, METE, MIM, MIME, MTO, MTOE, MTR, MUT, MUZ, MUZE, PEM, PEME, PET, PETE, SBP, SBPE, SEH, SES, TEK, TEKE, TEL, THO, UCK, UCKE, UZB, UZBE",,
20696,TUR 102,TUR,LS,Türk Dili II,,Aslı Kantarcı,MEDB,Perşembe,10:30/12:29,,65,63,,"BIO, BIOE, BLG, BLGE, CAB, CEV, CEVE, CHZ, CHZE, DEN, DENE, ECNE, EHB, EHBE, EHN, ELE, ELH, ELK, ELKE, END, ENDE, EUT, EUTE, FIZ, FIZE, GEM, GEME, GEMK, GEO, GEOE, GID, GIDE, ICM, IML, IMLE, INS, INSE, ISL, ISLE, JDF, JEF, JEFE, JEO, JEOE, KIM, KIME, KMM, KMME, KMP, KOM, KOME, MAD, MADE, MAK, MAKE, MAT, MATE, MET, METE, MIM, MIME, MTO, MTOE, MTR, MUT, MUZ, MUZE, PEM, PEME, PET, PETE, SBP, SBPE, SEH, SES, TEK, TEKE, TEL, THO, UCK, UCKE, UZB, UZBE",,
20697,MAT 210,MAT,LS,Mühendislik Matematiği,,Evren Tanrıöver,MED | MED,Pazartesi | Salı,12:30/14:29 | 15:30/17:29,,100,101,,"BIO, BLG, CEV, CHZ, DUI, EHB, ELE, ELH, ELK, END, FIZ, GEO, GMI, INS, JDF, JEF, JEFM, JEO, KIM, MAD, MATM, MET, MTO, PET, TEK, TEL, UCK, UCKM, UZB, UZBM",,
20698,TUR 102,TUR,LS,Türk Dili II,,Aslı Kantarcı,MEDB,Perşembe,13:30/15:29,,65,63,,"BIO, BIOE, BLG, BLGE, CAB, CEV, CEVE, CHZ, CHZE, DEN, DENE, ECNE, EHB, EHBE, EHN, ELE, ELH, ELK, ELKE, END, ENDE, EUT, EUTE, FIZ, FIZE, GEM, GEME, GEMK, GEO, GEOE, GID, GIDE, ICM, IML, IMLE, INS, INSE, ISL, ISLE, JDF, JEF, JEFE, JEO, JEOE, KIM, KIME, KMM, KMME, KMP, KOM, KOME, MAD, MADE, MAK, MAKE, MAT, MATE, MET, METE, MIM, MIME, MTO, MTOE, MTR, MUT, MUZ, MUZE, PEM, PEME, PET, PETE, SBP, SBPE, SEH, SES, TEK, TEKE, TEL, THO, UCK, UCKE, UZB, UZBE",,
20699,TUR 102,TUR,LS,Türk Dili II,,Aslı Kantarcı,MEDB,Perşembe,15:30/17:29,,65,64,,"BIO, BIOE, BLG, BLGE, CAB, CEV, CEVE, CHZ, CHZE, DEN, DENE, ECNE, EHB, EHBE, EHN, ELE, ELH, ELK, ELKE, END, ENDE, EUT, EUTE, FIZ, FIZE, GEM, GEME, GEMK, GEO, GEOE, GID, GIDE, ICM, IML, IMLE, INS, INSE, ISL, ISLE, JDF, JEF, JEFE, JEO, JEOE, KIM, KIME, KMM, KMME, KMP, KOM, KOME, MAD, MADE, MAK, MAKE, MAT, MATE, MET, METE, MIM, MIME, MTO, MTOE, MTR, MUT, MUZ, MUZE, PEM, PEME, PET, PETE, SBP, SBPE, SEH, SES, TEK, TEKE, TEL, THO, UCK, UCKE, UZB, UZBE",,
20700,MAT 210,MAT,LS,Mühendislik Matematiği,,Gülçin Çivi,MED | MED,Perşembe | Perşembe,08:30/10:29 | 12:30/14:29,,100,101,,"BIO, BLG, CEV, CHZ, DUI, EHB, ELE, ELH, ELK, END, FIZ, GEO, GMI, INS, JDF, JEF, JEFM, JEO, KIM, MAD, MATM, MET, MTO, PET, TEK, TEL, UCK, UCKM, UZB, UZBM",,
20701,MAT 210,MAT,LS,Mühendislik Matematiği,,Evren Tanrıöver,FEB | MED,Perşembe | Cuma,12:30/14:29 | 14:30/16:29,,100,83,,"BIO, BLG, CEV, CHZ, DUI, EHB, ELE, ELH, ELK, END, FIZ, GEO, GMI, INS, JDF, JEF, JEFM, JEO, KIM, MAD, MATM, MET, MTO, PET, TEK, TEL, UCK, UCKM, UZB, UZBM",,
20702,KIM 482E,KIM,LS,Organic Reactions,,Gürkan Hızal,FEB,Çarşamba,12:30/15:29,,40,21,,"KIM, KIME",,
20703,MAT 210E,MAT,LS,Engineering Mathematics,,--,FEB | FEB,Pazartesi | Salı,08:30/10:29 | 11:30/13:29,,0,0,,"BIO, BIOE, BLG, BLGE, CEV, CEVE, CHZ, CHZE, DEN, DENE, DUI, DUIE, ECNE, EHBE, ELE, ELH, ELK, ELKE, END, ENDE, FIZ, FIZE, GEM, GEME, GEMK, GEO, GEOE, GID, GIDE, GMI, GMIE, INS, INSE, ISL, ISLE, JDF, JEF, JEFE, JEFM, JEO, JEOE, KIM, KIME, KMM, KMME, MAD, MADE, MATM, MET, METE, MTO, MTOE, PET, PETE, TEK, TEKE, TEL, UCK, UCKE, UCKM, UZB, UZBE, UZBM",,
20704,KIM 205E,KIM,LS,Organic Chemistry,,Nesrin Köken,MED,Salı,13:30/16:29,,40,35,,"BIOM, CEV, CEVE, CHZE, DENE, ELKE, GEME, GEMK, INS, INSE, JEOE, KIM, KIMM, MADE, MET, METE, PETE, TEKE",,
20705,MAT 210E,MAT,LS,Engineering Mathematics,,Ayşegül Tepe,MED | MED,Pazartesi | Salı,08:30/10:29 | 11:30/13:29,,86,87,,"BIO, BIOE, BLG, BLGE, CEV, CEVE, CHZ, CHZE, DEN, DENE, DUI, DUIE, ECNE, EHBE, ELE, ELH, ELK, ELKE, END, ENDE, FIZ, FIZE, GEM, GEME, GEMK, GEO, GEOE, GID, GIDE, GMI, GMIE, INS, INSE, ISL, ISLE, JDF, JEF, JEFE, JEFM, JEO, JEOE, KIM, KIME, KMM, KMME, MAD, MADE, MATM, MET, METE, MTO, MTOE, PET, PETE, TEK, TEKE, TEL, UCK, UCKE, UCKM, UZB, UZBE, UZBM",,
20706,MAT 210E,MAT,LS,Engineering Mathematics,,Devrim Bülent Danışman,GDB | FEB,Pazartesi | Salı,08:30/10:29 | 11:30/13:29,,86,86,,"BIO, BIOE, BLG, BLGE, CEV, CEVE, CHZ, CHZE, DEN, DENE, DUI, DUIE, ECNE, EHBE, ELE, ELH, ELK, ELKE, END, ENDE, FIZ, FIZE, GEM, GEME, GEMK, GEO, GEOE, GID, GIDE, GMI, GMIE, INS, INSE, ISL, ISLE, JDF, JEF, JEFE, JEFM, JEO, JEOE, KIM, KIME, KMM, KMME, MAD, MADE, MATM, MET, METE, MTO, MTOE, PET, PETE, TEK, TEKE, TEL, UCK, UCKE, UCKM, UZB, UZBE, UZBM",,
20707,KIM 205E,KIM,LS,Organic Chemistry,,Ayşe Özdemir,FEB,Salı,13:30/16:29,,40,40,,"BIOM, CEV, CEVE, CHZE, DENE, ELKE, GEME, GEMK, INS, INSE, JEOE, KIM, KIMM, MADE, MET, METE, PETE, TEKE",,
20708,MAT 210E,MAT,LS,Engineering Mathematics,,--,FEB | FEB,Pazartesi | Salı,12:30/14:29 | 15:30/17:29,,0,0,,"BIO, BIOE, BLG, BLGE, CEV, CEVE, CHZ, CHZE, DEN, DENE, DUI, DUIE, ECNE, EHBE, ELE, ELH, ELK, ELKE, END, ENDE, FIZ, FIZE, GEM, GEME, GEMK, GEO, GEOE, GID, GIDE, GMI, GMIE, INS, INSE, ISL, ISLE, JDF, JEF, JEFE, JEFM, JEO, JEOE, KIM, KIME, KMM, KMME, MAD, MADE, MATM, MET, METE, MTO, MTOE, PET, PETE, TEK, TEKE, TEL, UCK, UCKE, UCKM, UZB, UZBE, UZBM",,
20709,MAT 210E,MAT,LS,Engineering Mathematics,,Ayşegül Tepe,MED | MED,Pazartesi | Salı,12:30/14:29 | 15:30/17:29,,62,62,,"BIO, BIOE, BLG, BLGE, CEV, CEVE, CHZ, CHZE, DEN, DENE, DUI, DUIE, ECNE, EHBE, ELE, ELH, ELK, ELKE, END, ENDE, FIZ, FIZE, GEM, GEME, GEMK, GEO, GEOE, GID, GIDE, GMI, GMIE, INS, INSE, ISL, ISLE, JDF, JEF, JEFE, JEFM, JEO, JEOE, KIM, KIME, KMM, KMME, MAD, MADE, MATM, MET, METE, MTO, MTOE, PET, PETE, TEK, TEKE, TEL, UCK, UCKE, UCKM, UZB, UZBE, UZBM",,
20710,MAT 210E,MAT,LS,Engineering Mathematics,,Seher Melike Aydoğan,MED | MED,Pazartesi | Salı,12:30/14:29 | 15:30/17:29,,62,62,,"BIO, BIOE, BLG, BLGE, CEV, CEVE, CHZ, CHZE, DEN, DENE, DUI, DUIE, ECNE, EHBE, ELE, ELH, ELK, ELKE, END, ENDE, FIZ, FIZE, GEM, GEME, GEMK, GEO, GEOE, GID, GIDE, GMI, GMIE, INS, INSE, ISL, ISLE, JDF, JEF, JEFE, JEFM, JEO, JEOE, KIM, KIME, KMM, KMME, MAD, MADE, MATM, MET, METE, MTO, MTOE, PET, PETE, TEK, TEKE, TEL, UCK, UCKE, UCKM, UZB, UZBE, UZBM",,
20711,KIM 205E,KIM,LS,Organic Chemistry,,Abdullah Aydoğan,FEB,Salı,13:30/16:29,,40,35,,"BIOM, CEV, CEVE, CHZE, DENE, ELKE, GEME, GEMK, INS, INSE, JEOE, KIM, KIMM, MADE, MET, METE, PETE, TEKE",,
20712,MAT 210E,MAT,LS,Engineering Mathematics,,--,FEB | FEB,Perşembe | Perşembe,08:30/10:29 | 12:30/14:29,,0,0,,"BIO, BIOE, BLG, BLGE, CEV, CEVE, CHZ, CHZE, DEN, DENE, DUI, DUIE, ECNE, EHBE, ELE, ELH, ELK, ELKE, END, ENDE, FIZ, FIZE, GEM, GEME, GEMK, GEO, GEOE, GID, GIDE, GMI, GMIE, INS, INSE, ISL, ISLE, JDF, JEF, JEFE, JEFM, JEO, JEOE, KIM, KIME, KMM, KMME, MAD, MADE, MATM, MET, METE, MTO, MTOE, PET, PETE, TEK, TEKE, TEL, UCK, UCKE, UCKM, UZB, UZBE, UZBM",,
20713,KIM 203E,KIM,LS,Analytical Chemistry,,"Seden Beyhan, Sevgi Güney",FEB,Pazartesi,14:30/17:29,,46,44,,"BIOE, METE",,
20714,MAT 210E,MAT,LS,Engineering Mathematics,,Ayşegül Tepe,MED | MED,Perşembe | Perşembe,08:30/10:29 | 12:30/14:29,,97,97,,"BIO, BIOE, BLG, BLGE, CEV, CEVE, CHZ, CHZE, DEN, DENE, DUI, DUIE, ECNE, EHBE, ELE, ELH, ELK, ELKE, END, ENDE, FIZ, FIZE, GEM, GEME, GEMK, GEO, GEOE, GID, GIDE, GMI, GMIE, INS, INSE, ISL, ISLE, JDF, JEF, JEFE, JEFM, JEO, JEOE, KIM, KIME, KMM, KMME, MAD, MADE, MATM, MET, METE, MTO, MTOE, PET, PETE, TEK, TEKE, TEL, UCK, UCKE, UCKM, UZB, UZBE, UZBM",,
20715,MAT 210E,MAT,LS,Engineering Mathematics,,Seher Melike Aydoğan,GDB | MED,Perşembe | Perşembe,08:30/10:29 | 12:30/14:29,,96,96,,"BIO, BIOE, BLG, BLGE, CEV, CEVE, CHZ, CHZE, DEN, DENE, DUI, DUIE, ECNE, EHBE, ELE, ELH, ELK, ELKE, END, ENDE, FIZ, FIZE, GEM, GEME, GEMK, GEO, GEOE, GID, GIDE, GMI, GMIE, INS, INSE, ISL, ISLE, JDF, JEF, JEFE, JEFM, JEO, JEOE, KIM, KIME, KMM, KMME, MAD, MADE, MATM, MET, METE, MTO, MTOE, PET, PETE, TEK, TEKE, TEL, UCK, UCKE, UCKM, UZB, UZBE, UZBM",,
20716,KIM 203E,KIM,LS,Analytical Chemistry,,Ferah Çalışır,FEB,Pazartesi,14:30/17:29,,46,46,,"BIOE, METE",,
20717,MAT 210E,MAT,LS,Engineering Mathematics,,İrma Hacınlıyan,GDB | MED,Perşembe | Cuma,12:30/14:29 | 14:30/16:29,,100,79,,"BIO, BIOE, BLG, BLGE, CEV, CEVE, CHZ, CHZE, DEN, DENE, DUI, DUIE, ECNE, EHBE, ELE, ELH, ELK, ELKE, END, ENDE, FIZ, FIZE, GEM, GEME, GEMK, GEO, GEOE, GID, GIDE, GMI, GMIE, INS, INSE, ISL, ISLE, JDF, JEF, JEFE, JEFM, JEO, JEOE, KIM, KIME, KMM, KMME, MAD, MADE, MATM, MET, METE, MTO, MTOE, PET, PETE, TEK, TEKE, TEL, UCK, UCKE, UCKM, UZB, UZBE, UZBM",,
20718,KIM 203E,KIM,LS,Analytical Chemistry,,Fatma Bedia Berker,FEB,Pazartesi,14:30/17:29,,46,45,,"BIOE, METE",,
20719,TUR 102,TUR,LS,Türk Dili II,,Ömer Tacir,ISB,Pazartesi,09:30/11:29,,65,65,,"BIO, BIOE, BLG, BLGE, CAB, CEV, CEVE, CHZ, CHZE, DEN, DENE, ECNE, EHB, EHBE, EHN, ELE, ELH, ELK, ELKE, END, ENDE, EUT, EUTE, FIZ, FIZE, GEM, GEME, GEMK, GEO, GEOE, GID, GIDE, ICM, IML, IMLE, INS, INSE, ISL, ISLE, JDF, JEF, JEFE, JEO, JEOE, KIM, KIME, KMM, KMME, KMP, KOM, KOME, MAD, MADE, MAK, MAKE, MAT, MATE, MET, METE, MIM, MIME, MTO, MTOE, MTR, MUT, MUZ, MUZE, PEM, PEME, PET, PETE, SBP, SBPE, SEH, SES, TEK, TEKE, TEL, THO, UCK, UCKE, UZB, UZBE",,
20720,TUR 102,TUR,LS,Türk Dili II,,Ömer Tacir,ISB,Pazartesi,11:30/13:29,,20,2,,"SEK, SEN",,
20721,TUR 102,TUR,LS,Türk Dili II,,Ömer Tacir,ISB,Pazartesi,13:30/15:29,,65,64,,"BIO, BIOE, BLG, BLGE, CAB, CEV, CEVE, CHZ, CHZE, DEN, DENE, ECNE, EHB, EHBE, EHN, ELE, ELH, ELK, ELKE, END, ENDE, EUT, EUTE, FIZ, FIZE, GEM, GEME, GEMK, GEO, GEOE, GID, GIDE, ICM, IML, IMLE, INS, INSE, ISL, ISLE, JDF, JEF, JEFE, JEO, JEOE, KIM, KIME, KMM, KMME, KMP, KOM, KOME, MAD, MADE, MAK, MAKE, MAT, MATE, MET, METE, MIM, MIME, MTO, MTOE, MTR, MUT, MUZ, MUZE, PEM, PEME, PET, PETE, SBP, SBPE, SEH, SES, TEK, TEKE, TEL, THO, UCK, UCKE, UZB, UZBE",,
20722,TUR 102,TUR,LS,Türk Dili II,,Ömer Tacir,MMB,Salı,10:30/12:29,,65,64,,"BIO, BIOE, BLG, BLGE, CAB, CEV, CEVE, CHZ, CHZE, DEN, DENE, ECNE, EHB, EHBE, EHN, ELE, ELH, ELK, ELKE, END, ENDE, EUT, EUTE, FIZ, FIZE, GEM, GEME, GEMK, GEO, GEOE, GID, GIDE, ICM, IML, IMLE, INS, INSE, ISL, ISLE, JDF, JEF, JEFE, JEO, JEOE, KIM, KIME, KMM, KMME, KMP, KOM, KOME, MAD, MADE, MAK, MAKE, MAT, MATE, MET, METE, MIM, MIME, MTO, MTOE, MTR, MUT, MUZ, MUZE, PEM, PEME, PET, PETE, SBP, SBPE, SEH, SES, TEK, TEKE, TEL, THO, UCK, UCKE, UZB, UZBE",,
20723,HUK 201,HUK,LS,İş Hukuku,,Gizem Sarıbay Öztürk,MED,Çarşamba,09:30/12:29,,250,250,,"BIO, BIOE, CEV, CEVE, CHZ, CHZE, DEN, DENE, EHB, EHBE, ELE, ELK, ELKE, END, ENDE, FIZ, FIZE, GEM, GEME, GEMK, GEO, GEOE, GID, GIDE, IML, IMLE, INS, INSE, JDF, JEF, JEFE, KIM, KIME, KOM, KOME, MAD, MADE, MAK, MAKE, TEK, TEKE, UCK, UCKE, UZB, UZBE",,
20724,TUR 102,TUR,LS,Türk Dili II,,Ömer Tacir,MMB,Salı,13:30/15:29,,65,62,,"BIO, BIOE, BLG, BLGE, CAB, CEV, CEVE, CHZ, CHZE, DEN, DENE, ECNE, EHB, EHBE, EHN, ELE, ELH, ELK, ELKE, END, ENDE, EUT, EUTE, FIZ, FIZE, GEM, GEME, GEMK, GEO, GEOE, GID, GIDE, ICM, IML, IMLE, INS, INSE, ISL, ISLE, JDF, JEF, JEFE, JEO, JEOE, KIM, KIME, KMM, KMME, KMP, KOM, KOME, MAD, MADE, MAK, MAKE, MAT, MATE, MET, METE, MIM, MIME, MTO, MTOE, MTR, MUT, MUZ, MUZE, PEM, PEME, PET, PETE, SBP, SBPE, SEH, SES, TEK, TEKE, TEL, THO, UCK, UCKE, UZB, UZBE",,
20725,TUR 102,TUR,LS,Türk Dili II,,Ömer Tacir,MEDB,Çarşamba,09:30/11:29,,65,66,,"BIO, BIOE, BLG, BLGE, CAB, CEV, CEVE, CHZ, CHZE, DEN, DENE, ECNE, EHB, EHBE, EHN, ELE, ELH, ELK, ELKE, END, ENDE, EUT, EUTE, FIZ, FIZE, GEM, GEME, GEMK, GEO, GEOE, GID, GIDE, ICM, IML, IMLE, INS, INSE, ISL, ISLE, JDF, JEF, JEFE, JEO, JEOE, KIM, KIME, KMM, KMME, KMP, KOM, KOME, MAD, MADE, MAK, MAKE, MAT, MATE, MET, METE, MIM, MIME, MTO, MTOE, MTR, MUT, MUZ, MUZE, PEM, PEME, PET, PETE, SBP, SBPE, SEH, SES, TEK, TEKE, TEL, THO, UCK, UCKE, UZB, UZBE",,
20726,TUR 102,TUR,LS,Türk Dili II,,Ömer Tacir,MEDB,Çarşamba,11:30/13:29,,65,66,,"BIO, BIOE, BLG, BLGE, CAB, CEV, CEVE, CHZ, CHZE, DEN, DENE, ECNE, EHB, EHBE, EHN, ELE, ELH, ELK, ELKE, END, ENDE, EUT, EUTE, FIZ, FIZE, GEM, GEME, GEMK, GEO, GEOE, GID, GIDE, ICM, IML, IMLE, INS, INSE, ISL, ISLE, JDF, JEF, JEFE, JEO, JEOE, KIM, KIME, KMM, KMME, KMP, KOM, KOME, MAD, MADE, MAK, MAKE, MAT, MATE, MET, METE, MIM, MIME, MTO, MTOE, MTR, MUT, MUZ, MUZE, PEM, PEME, PET, PETE, SBP, SBPE, SEH, SES, TEK, TEKE, TEL, THO, UCK, UCKE, UZB, UZBE",,
20727,HUK 201,HUK,LS,İş Hukuku,,Gizem Sarıbay Öztürk,FEB,Perşembe,09:30/12:29,,250,248,,"BIO, BIOE, CEV, CEVE, CHZ, CHZE, DEN, DENE, EHB, EHBE, ELE, ELK, ELKE, END, ENDE, FIZ, FIZE, GEM, GEME, GEMK, GEO, GEOE, GID, GIDE, IML, IMLE, INS, INSE, JDF, JEF, JEFE, KIM, KIME, KOM, KOME, MAD, MADE, MAK, MAKE, TEK, TEKE, UCK, UCKE, UZB, UZBE",,
20728,TUR 102,TUR,LS,Türk Dili II,,Ömer Tacir,MEDB,Çarşamba,13:30/15:29,,65,65,,"BIO, BIOE, BLG, BLGE, CAB, CEV, CEVE, CHZ, CHZE, DEN, DENE, ECNE, EHB, EHBE, EHN, ELE, ELH, ELK, ELKE, END, ENDE, EUT, EUTE, FIZ, FIZE, GEM, GEME, GEMK, GEO, GEOE, GID, GIDE, ICM, IML, IMLE, INS, INSE, ISL, ISLE, JDF, JEF, JEFE, JEO, JEOE, KIM, KIME, KMM, KMME, KMP, KOM, KOME, MAD, MADE, MAK, MAKE, MAT, MATE, MET, METE, MIM, MIME, MTO, MTOE, MTR, MUT, MUZ, MUZE, PEM, PEME, PET, PETE, SBP, SBPE, SEH, SES, TEK, TEKE, TEL, THO, UCK, UCKE, UZB, UZBE",,
20729,TUR 102,TUR,LS,Türk Dili II,,Mehmet Naci Turay,ISB,Pazartesi,11:30/13:29,,20,15,,"SEK, SEN",,
20730,HUK 201,HUK,LS,İş Hukuku,,Gizem Sarıbay Öztürk,FEB,Perşembe,13:30/16:29,,250,146,,"BIO, BIOE, CEV, CEVE, CHZ, CHZE, DEN, DENE, EHB, EHBE, ELE, ELK, ELKE, END, ENDE, FIZ, FIZE, GEM, GEME, GEMK, GEO, GEOE, GID, GIDE, IML, IMLE, INS, INSE, JDF, JEF, JEFE, KIM, KIME, KOM, KOME, MAD, MADE, MAK, MAKE, TEK, TEKE, UCK, UCKE, UZB, UZBE",,
20731,TUR 102,TUR,LS,Türk Dili II,,Mehmet Naci Turay,ISB,Pazartesi,13:30/15:29,,65,65,,"BIO, BIOE, BLG, BLGE, CAB, CEV, CEVE, CHZ, CHZE, DEN, DENE, ECNE, EHB, EHBE, EHN, ELE, ELH, ELK, ELKE, END, ENDE, EUT, EUTE, FIZ, FIZE, GEM, GEME, GEMK, GEO, GEOE, GID, GIDE, ICM, IML, IMLE, INS, INSE, ISL, ISLE, JDF, JEF, JEFE, JEO, JEOE, KIM, KIME, KMM, KMME, KMP, KOM, KOME, MAD, MADE, MAK, MAKE, MAT, MATE, MET, METE, MIM, MIME, MTO, MTOE, MTR, MUT, MUZ, MUZE, PEM, PEME, PET, PETE, SBP, SBPE, SEH, SES, TEK, TEKE, TEL, THO, UCK, UCKE, UZB, UZBE",,
20732,TUR 102,TUR,LS,Türk Dili II,,Mehmet Naci Turay,ISB,Pazartesi,15:30/17:29,,65,61,,"BIO, BIOE, BLG, BLGE, CAB, CEV, CEVE, CHZ, CHZE, DEN, DENE, ECNE, EHB, EHBE, EHN, ELE, ELH, ELK, ELKE, END, ENDE, EUT, EUTE, FIZ, FIZE, GEM, GEME, GEMK, GEO, GEOE, GID, GIDE, ICM, IML, IMLE, INS, INSE, ISL, ISLE, JDF, JEF, JEFE, JEO, JEOE, KIM, KIME, KMM, KMME, KMP, KOM, KOME, MAD, MADE, MAK, MAKE, MAT, MATE, MET, METE, MIM, MIME, MTO, MTOE, MTR, MUT, MUZ, MUZE, PEM, PEME, PET, PETE, SBP, SBPE, SEH, SES, TEK, TEKE, TEL, THO, UCK, UCKE, UZB, UZBE",,
20733,HUK 201,HUK,LS,İş Hukuku,,Ulaş Baysal,ISB,Cuma,14:00/16:59,,50,20,,FIZ,,
20734,TUR 102,TUR,LS,Türk Dili II,,Mehmet Naci Turay,MEDB,Salı,10:30/12:29,,65,65,,"BIO, BIOE, BLG, BLGE, CAB, CEV, CEVE, CHZ, CHZE, DEN, DENE, ECNE, EHB, EHBE, EHN, ELE, ELH, ELK, ELKE, END, ENDE, EUT, EUTE, FIZ, FIZE, GEM, GEME, GEMK, GEO, GEOE, GID, GIDE, ICM, IML, IMLE, INS, INSE, ISL, ISLE, JDF, JEF, JEFE, JEO, JEOE, KIM, KIME, KMM, KMME, KMP, KOM, KOME, MAD, MADE, MAK, MAKE, MAT, MATE, MET, METE, MIM, MIME, MTO, MTOE, MTR, MUT, MUZ, MUZE, PEM, PEME, PET, PETE, SBP, SBPE, SEH, SES, TEK, TEKE, TEL, THO, UCK, UCKE, UZB, UZBE",,
20735,TUR 102,TUR,LS,Türk Dili II,,Mehmet Naci Turay,MEDB,Salı,13:30/15:29,,65,64,,"BIO, BIOE, BLG, BLGE, CAB, CEV, CEVE, CHZ, CHZE, DEN, DENE, ECNE, EHB, EHBE, EHN, ELE, ELH, ELK, ELKE, END, ENDE, EUT, EUTE, FIZ, FIZE, GEM, GEME, GEMK, GEO, GEOE, GID, GIDE, ICM, IML, IMLE, INS, INSE, ISL, ISLE, JDF, JEF, JEFE, JEO, JEOE, KIM, KIME, KMM, KMME, KMP, KOM, KOME, MAD, MADE, MAK, MAKE, MAT, MATE, MET, METE, MIM, MIME, MTO, MTOE, MTR, MUT, MUZ, MUZE, PEM, PEME, PET, PETE, SBP, SBPE, SEH, SES, TEK, TEKE, TEL, THO, UCK, UCKE, UZB, UZBE",,
20736,HUK 211,HUK,LS,Sosyal Güvenlik Hukuku,,Mahmut Kabakcı,FEB,Cuma,08:30/11:29,,250,152,,"BIO, BIOE, BLG, BLGE, CAB, CEV, CEVE, CHZ, CHZE, DEN, DENE, ECNE, EHB, EHBE, ELE, ELH, ELK, ELKE, END, ENDE, EUT, EUTE, FIZ, FIZE, GEM, GEME, GEMK, GEO, GEOE, GID, GIDE, GMI, GMIE, ICM, IML, IMLE, INS, INSE, ISL, ISLE, JDF, JEF, JEFE, JEO, JEOE, KIM, KIME, KMM, KMME, KMP, KOM, KOME, MAD, MADE, MAK, MAKE, MAT, MATE, MET, METE, MIM, MIME, MTO, MTOE, MTR, MUT, MUZ, MUZE, PEM, PEME, PET, PETE, SBP, SBPE, SES, TEB, TEK, TEKE, TEL, THO, UCK, UCKE, UZB, UZBE",,
20737,TUR 102,TUR,LS,Türk Dili II,,Mehmet Naci Turay,MEDB,Salı,15:30/17:29,,65,65,,"BIO, BIOE, BLG, BLGE, CAB, CEV, CEVE, CHZ, CHZE, DEN, DENE, ECNE, EHB, EHBE, EHN, ELE, ELH, ELK, ELKE, END, ENDE, EUT, EUTE, FIZ, FIZE, GEM, GEME, GEMK, GEO, GEOE, GID, GIDE, ICM, IML, IMLE, INS, INSE, ISL, ISLE, JDF, JEF, JEFE, JEO, JEOE, KIM, KIME, KMM, KMME, KMP, KOM, KOME, MAD, MADE, MAK, MAKE, MAT, MATE, MET, METE, MIM, MIME, MTO, MTOE, MTR, MUT, MUZ, MUZE, PEM, PEME, PET, PETE, SBP, SBPE, SEH, SES, TEK, TEKE, TEL, THO, UCK, UCKE, UZB, UZBE",,
20738,HUK 213,HUK,LS,İş Sağlığı ve Güvenliği Hukuku,,Mahmut Kabakcı,FEB,Salı,08:30/11:29,,250,244,,"BIO, BIOE, BLG, BLGE, CAB, CEV, CEVE, CHZ, CHZE, DEN, DENE, DUI, ECNE, EHB, EHBE, ELE, ELH, ELK, ELKE, END, ENDE, EUT, EUTE, FIZ, FIZE, GEM, GEME, GEMK, GEO, GEOE, GID, GIDE, GMI, GMIE, ICM, IML, IMLE, INS, INSE, ISL, ISLE, JDF, JEF, JEFE, JEO, JEOE, KIM, KIME, KMM, KMME, KMP, KOM, KOME, MAD, MADE, MAK, MAKE, MAT, MATE, MET, METE, MIM, MIME, MTO, MTOE, MTR, MUT, MUZ, MUZE, PEM, PEME, PET, PETE, SBP, SBPE, SES, TEB, TEK, TEKE, TEL, THO, UCK, UCKE, UZB, UZBE",,
20739,TUR 102,TUR,LS,Türk Dili II,,Mehmet Naci Turay,EEB,Çarşamba,10:30/12:29,,65,61,,"BIO, BIOE, BLG, BLGE, CAB, CEV, CEVE, CHZ, CHZE, DEN, DENE, ECNE, EHB, EHBE, EHN, ELE, ELH, ELK, ELKE, END, ENDE, EUT, EUTE, FIZ, FIZE, GEM, GEME, GEMK, GEO, GEOE, GID, GIDE, ICM, IML, IMLE, INS, INSE, ISL, ISLE, JDF, JEF, JEFE, JEO, JEOE, KIM, KIME, KMM, KMME, KMP, KOM, KOME, MAD, MADE, MAK, MAKE, MAT, MATE, MET, METE, MIM, MIME, MTO, MTOE, MTR, MUT, MUZ, MUZE, PEM, PEME, PET, PETE, SBP, SBPE, SEH, SES, TEK, TEKE, TEL, THO, UCK, UCKE, UZB, UZBE",,
20740,TUR 102,TUR,LS,Türk Dili II,,Mehmet Naci Turay,EEB,Çarşamba,13:30/15:29,,65,64,,"BIO, BIOE, BLG, BLGE, CAB, CEV, CEVE, CHZ, CHZE, DEN, DENE, ECNE, EHB, EHBE, EHN, ELE, ELH, ELK, ELKE, END, ENDE, EUT, EUTE, FIZ, FIZE, GEM, GEME, GEMK, GEO, GEOE, GID, GIDE, ICM, IML, IMLE, INS, INSE, ISL, ISLE, JDF, JEF, JEFE, JEO, JEOE, KIM, KIME, KMM, KMME, KMP, KOM, KOME, MAD, MADE, MAK, MAKE, MAT, MATE, MET, METE, MIM, MIME, MTO, MTOE, MTR, MUT, MUZ, MUZE, PEM, PEME, PET, PETE, SBP, SBPE, SEH, SES, TEK, TEKE, TEL, THO, UCK, UCKE, UZB, UZBE",,
20741,HUK 213,HUK,LS,İş Sağlığı ve Güvenliği Hukuku,,Ulaş Baysal,FEB,Salı,11:30/14:29,,250,137,,"BIO, BIOE, BLG, BLGE, CAB, CEV, CEVE, CHZ, CHZE, DEN, DENE, DUI, ECNE, EHB, EHBE, ELE, ELH, ELK, ELKE, END, ENDE, EUT, EUTE, FIZ, FIZE, GEM, GEME, GEMK, GEO, GEOE, GID, GIDE, GMI, GMIE, ICM, IML, IMLE, INS, INSE, ISL, ISLE, JDF, JEF, JEFE, JEO, JEOE, KIM, KIME, KMM, KMME, KMP, KOM, KOME, MAD, MADE, MAK, MAKE, MAT, MATE, MET, METE, MIM, MIME, MTO, MTOE, MTR, MUT, MUZ, MUZE, PEM, PEME, PET, PETE, SBP, SBPE, SES, TEB, TEK, TEKE, TEL, THO, UCK, UCKE, UZB, UZBE",,
20742,TUR 102,TUR,LS,Türk Dili II,,Özlem Kara,MKB,Salı,10:30/12:29,,20,22,,"SMT, STP",,
20743,HUK 214,HUK,LS,Teknolojik Yeniliklerin Korun.,,Özgür Öztürk,FEB,Pazartesi,09:30/12:29,,250,140,,"BIO, BIOE, BLG, BLGE, CAB, CEV, CEVE, CHZ, CHZE, DEN, DENE, DUI, ECNE, EHB, EHBE, ELE, ELH, ELK, ELKE, END, ENDE, EUT, EUTE, FIZ, FIZE, GEM, GEME, GEMK, GEO, GEOE, GID, GIDE, ICM, IML, IMLE, INS, INSE, ISL, ISLE, JDF, JEF, JEFE, JEO, JEOE, KIM, KIME, KMM, KMME, KMP, KOM, KOME, MAD, MADE, MAK, MAKE, MAT, MATE, MET, METE, MIM, MIME, MTO, MTOE, MTR, MUT, MUZ, MUZE, PEM, PEME, PET, PETE, SBP, SBPE, SES, TEB, TEK, TEKE, TEL, THO, UCK, UCKE, UZB, UZBE",,
20744,TUR 102,TUR,LS,Türk Dili II,,Özlem Kara,MKB,Salı,13:30/15:29,,65,65,,"BIO, BIOE, BLG, BLGE, CAB, CEV, CEVE, CHZ, CHZE, DEN, DENE, ECNE, EHB, EHBE, EHN, ELE, ELH, ELK, ELKE, END, ENDE, EUT, EUTE, FIZ, FIZE, GEM, GEME, GEMK, GEO, GEOE, GID, GIDE, ICM, IML, IMLE, INS, INSE, ISL, ISLE, JDF, JEF, JEFE, JEO, JEOE, KIM, KIME, KMM, KMME, KMP, KOM, KOME, MAD, MADE, MAK, MAKE, MAT, MATE, MET, METE, MIM, MIME, MTO, MTOE, MTR, MUT, MUZ, MUZE, PEM, PEME, PET, PETE, SBP, SBPE, SEH, SES, TEK, TEKE, TEL, THO, UCK, UCKE, UZB, UZBE",,
20745,TUR 102,TUR,LS,Türk Dili II,,Özlem Kara,MKB,Salı,15:30/17:29,,65,63,,"BIO, BIOE, BLG, BLGE, CAB, CEV, CEVE, CHZ, CHZE, DEN, DENE, ECNE, EHB, EHBE, EHN, ELE, ELH, ELK, ELKE, END, ENDE, EUT, EUTE, FIZ, FIZE, GEM, GEME, GEMK, GEO, GEOE, GID, GIDE, ICM, IML, IMLE, INS, INSE, ISL, ISLE, JDF, JEF, JEFE, JEO, JEOE, KIM, KIME, KMM, KMME, KMP, KOM, KOME, MAD, MADE, MAK, MAKE, MAT, MATE, MET, METE, MIM, MIME, MTO, MTOE, MTR, MUT, MUZ, MUZE, PEM, PEME, PET, PETE, SBP, SBPE, SEH, SES, TEK, TEKE, TEL, THO, UCK, UCKE, UZB, UZBE",,
20746,TUR 102,TUR,LS,Türk Dili II,,Özlem Kara,MKB,Çarşamba,10:30/12:29,,65,64,,"BIO, BIOE, BLG, BLGE, CAB, CEV, CEVE, CHZ, CHZE, DEN, DENE, ECNE, EHB, EHBE, EHN, ELE, ELH, ELK, ELKE, END, ENDE, EUT, EUTE, FIZ, FIZE, GEM, GEME, GEMK, GEO, GEOE, GID, GIDE, ICM, IML, IMLE, INS, INSE, ISL, ISLE, JDF, JEF, JEFE, JEO, JEOE, KIM, KIME, KMM, KMME, KMP, KOM, KOME, MAD, MADE, MAK, MAKE, MAT, MATE, MET, METE, MIM, MIME, MTO, MTOE, MTR, MUT, MUZ, MUZE, PEM, PEME, PET, PETE, SBP, SBPE, SEH, SES, TEK, TEKE, TEL, THO, UCK, UCKE, UZB, UZBE",,
20747,TUR 102,TUR,LS,Türk Dili II,,Özlem Kara,MKB,Çarşamba,13:30/15:29,,65,65,,"BIO, BIOE, BLG, BLGE, CAB, CEV, CEVE, CHZ, CHZE, DEN, DENE, ECNE, EHB, EHBE, EHN, ELE, ELH, ELK, ELKE, END, ENDE, EUT, EUTE, FIZ, FIZE, GEM, GEME, GEMK, GEO, GEOE, GID, GIDE, ICM, IML, IMLE, INS, INSE, ISL, ISLE, JDF, JEF, JEFE, JEO, JEOE, KIM, KIME, KMM, KMME, KMP, KOM, KOME, MAD, MADE, MAK, MAKE, MAT, MATE, MET, METE, MIM, MIME, MTO, MTOE, MTR, MUT, MUZ, MUZE, PEM, PEME, PET, PETE, SBP, SBPE, SEH, SES, TEK, TEKE, TEL, THO, UCK, UCKE, UZB, UZBE",,
20750,TUR 102,TUR,LS,Türk Dili II,,Özlem Kara,INB,Cuma,13:30/15:29,,65,65,,"BIO, BIOE, BLG, BLGE, CAB, CEV, CEVE, CHZ, CHZE, DEN, DENE, ECNE, EHB, EHBE, EHN, ELE, ELH, ELK, ELKE, END, ENDE, EUT, EUTE, FIZ, FIZE, GEM, GEME, GEMK, GEO, GEOE, GID, GIDE, ICM, IML, IMLE, INS, INSE, ISL, ISLE, JDF, JEF, JEFE, JEO, JEOE, KIM, KIME, KMM, KMME, KMP, KOM, KOME, MAD, MADE, MAK, MAKE, MAT, MATE, MET, METE, MIM, MIME, MTO, MTOE, MTR, MUT, MUZ, MUZE, PEM, PEME, PET, PETE, SBP, SBPE, SEH, SES, TEK, TEKE, TEL, THO, UCK, UCKE, UZB, UZBE",,
20751,TUR 102,TUR,LS,Türk Dili II,,Özlem Kara,INB,Cuma,15:30/17:29,,65,64,,"BIO, BIOE, BLG, BLGE, CAB, CEV, CEVE, CHZ, CHZE, DEN, DENE, ECNE, EHB, EHBE, EHN, ELE, ELH, ELK, ELKE, END, ENDE, EUT, EUTE, FIZ, FIZE, GEM, GEME, GEMK, GEO, GEOE, GID, GIDE, ICM, IML, IMLE, INS, INSE, ISL, ISLE, JDF, JEF, JEFE, JEO, JEOE, KIM, KIME, KMM, KMME, KMP, KOM, KOME, MAD, MADE, MAK, MAKE, MAT, MATE, MET, METE, MIM, MIME, MTO, MTOE, MTR, MUT, MUZ, MUZE, PEM, PEME, PET, PETE, SBP, SBPE, SEH, SES, TEK, TEKE, TEL, THO, UCK, UCKE, UZB, UZBE",,
20752,TUR 102,TUR,LS,Türk Dili II,,Gülsün Nakıboğlu,MEDB,Pazartesi,08:30/10:29,,65,65,,"BIO, BIOE, BLG, BLGE, CAB, CEV, CEVE, CHZ, CHZE, DEN, DENE, ECNE, EHB, EHBE, EHN, ELE, ELH, ELK, ELKE, END, ENDE, EUT, EUTE, FIZ, FIZE, GEM, GEME, GEMK, GEO, GEOE, GID, GIDE, ICM, IML, IMLE, INS, INSE, ISL, ISLE, JDF, JEF, JEFE, JEO, JEOE, KIM, KIME, KMM, KMME, KMP, KOM, KOME, MAD, MADE, MAK, MAKE, MAT, MATE, MET, METE, MIM, MIME, MTO, MTOE, MTR, MUT, MUZ, MUZE, PEM, PEME, PET, PETE, SBP, SBPE, SEH, SES, TEK, TEKE, TEL, THO, UCK, UCKE, UZB, UZBE",,
20753,EKO 201E,EKO,LS,Economics,,Shourjo Chakravorty,FEB,Pazartesi,08:30/11:29,,200,200,,"BLG, BLGE, CEV, CEVE, CHZ, CHZE, DEN, DENE, DUI, DUIE, EHBE, ELE, ELH, ELK, ELKE, END, ENDE, EUT, EUTE, FIZ, GEM, GEME, GEMK, GEO, GEOE, GID, GIDE, GMI, GMIE, ICM, IML, IMLE, INS, INSE, JDF, JEO, JEOE, KMM, KMME, KOM, KOME, MAD, MADE, MAK, MAKE, MAT, MATE, MET, METE, MIM, MIME, MTO, MTOE, PEM, PEME, PET, PETE, SBP, SBPE, TEK, TEKE, TEL, UCK, UCKE, UZB, UZBE",,
20754,TUR 102,TUR,LS,Türk Dili II,,Gülsün Nakıboğlu,MEDB,Pazartesi,10:30/12:29,,65,62,,"BIO, BIOE, BLG, BLGE, CAB, CEV, CEVE, CHZ, CHZE, DEN, DENE, ECNE, EHB, EHBE, EHN, ELE, ELH, ELK, ELKE, END, ENDE, EUT, EUTE, FIZ, FIZE, GEM, GEME, GEMK, GEO, GEOE, GID, GIDE, ICM, IML, IMLE, INS, INSE, ISL, ISLE, JDF, JEF, JEFE, JEO, JEOE, KIM, KIME, KMM, KMME, KMP, KOM, KOME, MAD, MADE, MAK, MAKE, MAT, MATE, MET, METE, MIM, MIME, MTO, MTOE, MTR, MUT, MUZ, MUZE, PEM, PEME, PET, PETE, SBP, SBPE, SEH, SES, TEK, TEKE, TEL, THO, UCK, UCKE, UZB, UZBE",,
20755,TUR 102,TUR,LS,Türk Dili II,,Gülsün Nakıboğlu,MEDB,Pazartesi,13:30/15:29,,65,64,,"BIO, BIOE, BLG, BLGE, CAB, CEV, CEVE, CHZ, CHZE, DEN, DENE, ECNE, EHB, EHBE, EHN, ELE, ELH, ELK, ELKE, END, ENDE, EUT, EUTE, FIZ, FIZE, GEM, GEME, GEMK, GEO, GEOE, GID, GIDE, ICM, IML, IMLE, INS, INSE, ISL, ISLE, JDF, JEF, JEFE, JEO, JEOE, KIM, KIME, KMM, KMME, KMP, KOM, KOME, MAD, MADE, MAK, MAKE, MAT, MATE, MET, METE, MIM, MIME, MTO, MTOE, MTR, MUT, MUZ, MUZE, PEM, PEME, PET, PETE, SBP, SBPE, SEH, SES, TEK, TEKE, TEL, THO, UCK, UCKE, UZB, UZBE",,
20756,EKO 201E,EKO,LS,Economics,,David Thomas Seymour,FEB,Salı,08:30/11:29,,200,199,,"BLG, BLGE, CEV, CEVE, CHZ, CHZE, DEN, DENE, DUI, DUIE, EHBE, ELE, ELH, ELK, ELKE, END, ENDE, EUT, EUTE, FIZ, GEM, GEME, GEMK, GEO, GEOE, GID, GIDE, GMI, GMIE, ICM, IML, IMLE, INS, INSE, JDF, JEO, JEOE, KMM, KMME, KOM, KOME, MAD, MADE, MAK, MAKE, MAT, MATE, MET, METE, MIM, MIME, MTO, MTOE, PEM, PEME, PET, PETE, SBP, SBPE, TEK, TEKE, TEL, UCK, UCKE, UZB, UZBE",,
20757,TUR 102,TUR,LS,Türk Dili II,,Gülsün Nakıboğlu,MEDB,Salı,08:30/10:29,,65,64,,"BIO, BIOE, BLG, BLGE, CAB, CEV, CEVE, CHZ, CHZE, DEN, DENE, ECNE, EHB, EHBE, EHN, ELE, ELH, ELK, ELKE, END, ENDE, EUT, EUTE, FIZ, FIZE, GEM, GEME, GEMK, GEO, GEOE, GID, GIDE, ICM, IML, IMLE, INS, INSE, ISL, ISLE, JDF, JEF, JEFE, JEO, JEOE, KIM, KIME, KMM, KMME, KMP, KOM, KOME, MAD, MADE, MAK, MAKE, MAT, MATE, MET, METE, MIM, MIME, MTO, MTOE, MTR, MUT, MUZ, MUZE, PEM, PEME, PET, PETE, SBP, SBPE, SEH, SES, TEK, TEKE, TEL, THO, UCK, UCKE, UZB, UZBE",,
20758,TUR 102,TUR,LS,Türk Dili II,,Gülsün Nakıboğlu,MEDB,Salı,10:30/12:29,,65,65,,"BIO, BIOE, BLG, BLGE, CAB, CEV, CEVE, CHZ, CHZE, DEN, DENE, ECNE, EHB, EHBE, EHN, ELE, ELH, ELK, ELKE, END, ENDE, EUT, EUTE, FIZ, FIZE, GEM, GEME, GEMK, GEO, GEOE, GID, GIDE, ICM, IML, IMLE, INS, INSE, ISL, ISLE, JDF, JEF, JEFE, JEO, JEOE, KIM, KIME, KMM, KMME, KMP, KOM, KOME, MAD, MADE, MAK, MAKE, MAT, MATE, MET, METE, MIM, MIME, MTO, MTOE, MTR, MUT, MUZ, MUZE, PEM, PEME, PET, PETE, SBP, SBPE, SEH, SES, TEK, TEKE, TEL, THO, UCK, UCKE, UZB, UZBE",,
20759,EKO 201E,EKO,LS,Economics,,Quentin Xavier Marin Stoeffler,FEB,Çarşamba,08:30/11:29,,200,200,,"BLG, BLGE, CEV, CEVE, CHZ, CHZE, DEN, DENE, DUI, DUIE, EHBE, ELE, ELH, ELK, ELKE, END, ENDE, EUT, EUTE, FIZ, GEM, GEME, GEMK, GEO, GEOE, GID, GIDE, GMI, GMIE, ICM, IML, IMLE, INS, INSE, JDF, JEO, JEOE, KMM, KMME, KOM, KOME, MAD, MADE, MAK, MAKE, MAT, MATE, MET, METE, MIM, MIME, MTO, MTOE, PEM, PEME, PET, PETE, SBP, SBPE, TEK, TEKE, TEL, UCK, UCKE, UZB, UZBE",,
20760,TUR 102,TUR,LS,Türk Dili II,,Gülsün Nakıboğlu,EEB,Salı,13:30/15:29,,65,65,,"BIO, BIOE, BLG, BLGE, CAB, CEV, CEVE, CHZ, CHZE, DEN, DENE, ECNE, EHB, EHBE, EHN, ELE, ELH, ELK, ELKE, END, ENDE, EUT, EUTE, FIZ, FIZE, GEM, GEME, GEMK, GEO, GEOE, GID, GIDE, ICM, IML, IMLE, INS, INSE, ISL, ISLE, JDF, JEF, JEFE, JEO, JEOE, KIM, KIME, KMM, KMME, KMP, KOM, KOME, MAD, MADE, MAK, MAKE, MAT, MATE, MET, METE, MIM, MIME, MTO, MTOE, MTR, MUT, MUZ, MUZE, PEM, PEME, PET, PETE, SBP, SBPE, SEH, SES, TEK, TEKE, TEL, THO, UCK, UCKE, UZB, UZBE",,
20761,EKO 201E,EKO,LS,Economics,,Shourjo Chakravorty,FEB,Perşembe,08:30/11:29,,200,200,,"BLG, BLGE, CEV, CEVE, CHZ, CHZE, DEN, DENE, DUI, DUIE, EHBE, ELE, ELH, ELK, ELKE, END, ENDE, EUT, EUTE, FIZ, GEM, GEME, GEMK, GEO, GEOE, GID, GIDE, GMI, GMIE, ICM, IML, IMLE, INS, INSE, JDF, JEO, JEOE, KMM, KMME, KOM, KOME, MAD, MADE, MAK, MAKE, MAT, MATE, MET, METE, MIM, MIME, MTO, MTOE, PEM, PEME, PET, PETE, SBP, SBPE, TEK, TEKE, TEL, UCK, UCKE, UZB, UZBE",,
20762,TUR 102,TUR,LS,Türk Dili II,,Gülsün Nakıboğlu,EEB,Çarşamba,08:30/10:29,,65,63,,"BIO, BIOE, BLG, BLGE, CAB, CEV, CEVE, CHZ, CHZE, DEN, DENE, ECNE, EHB, EHBE, EHN, ELE, ELH, ELK, ELKE, END, ENDE, EUT, EUTE, FIZ, FIZE, GEM, GEME, GEMK, GEO, GEOE, GID, GIDE, ICM, IML, IMLE, INS, INSE, ISL, ISLE, JDF, JEF, JEFE, JEO, JEOE, KIM, KIME, KMM, KMME, KMP, KOM, KOME, MAD, MADE, MAK, MAKE, MAT, MATE, MET, METE, MIM, MIME, MTO, MTOE, MTR, MUT, MUZ, MUZE, PEM, PEME, PET, PETE, SBP, SBPE, SEH, SES, TEK, TEKE, TEL, THO, UCK, UCKE, UZB, UZBE",,
20764,TUR 102,TUR,LS,Türk Dili II,,Gülsün Nakıboğlu,EEB,Çarşamba,10:30/12:29,,20,20,,"MBI, SBL, SCE, SIN",,
20765,TUR 102,TUR,LS,Türk Dili II,,Hamide Aliyazıcıoğlu,EEB,Çarşamba,10:30/12:29,,65,65,,"BIO, BIOE, BLG, BLGE, CAB, CEV, CEVE, CHZ, CHZE, DEN, DENE, ECNE, EHB, EHBE, EHN, ELE, ELH, ELK, ELKE, END, ENDE, EUT, EUTE, FIZ, FIZE, GEM, GEME, GEMK, GEO, GEOE, GID, GIDE, ICM, IML, IMLE, INS, INSE, ISL, ISLE, JDF, JEF, JEFE, JEO, JEOE, KIM, KIME, KMM, KMME, KMP, KOM, KOME, MAD, MADE, MAK, MAKE, MAT, MATE, MET, METE, MIM, MIME, MTO, MTOE, MTR, MUT, MUZ, MUZE, PEM, PEME, PET, PETE, SBP, SBPE, SEH, SES, TEK, TEKE, TEL, THO, UCK, UCKE, UZB, UZBE",,
20766,TUR 102,TUR,LS,Türk Dili II,,Hamide Aliyazıcıoğlu,EEB,Çarşamba,13:30/15:29,,65,65,,"BIO, BIOE, BLG, BLGE, CAB, CEV, CEVE, CHZ, CHZE, DEN, DENE, ECNE, EHB, EHBE, EHN, ELE, ELH, ELK, ELKE, END, ENDE, EUT, EUTE, FIZ, FIZE, GEM, GEME, GEMK, GEO, GEOE, GID, GIDE, ICM, IML, IMLE, INS, INSE, ISL, ISLE, JDF, JEF, JEFE, JEO, JEOE, KIM, KIME, KMM, KMME, KMP, KOM, KOME, MAD, MADE, MAK, MAKE, MAT, MATE, MET, METE, MIM, MIME, MTO, MTOE, MTR, MUT, MUZ, MUZE, PEM, PEME, PET, PETE, SBP, SBPE, SEH, SES, TEK, TEKE, TEL, THO, UCK, UCKE, UZB, UZBE",,
20767,TUR 102,TUR,LS,Türk Dili II,,Hamide Aliyazıcıoğlu,MEDB,Perşembe,10:30/12:29,,65,65,,"BIO, BIOE, BLG, BLGE, CAB, CEV, CEVE, CHZ, CHZE, DEN, DENE, ECNE, EHB, EHBE, EHN, ELE, ELH, ELK, ELKE, END, ENDE, EUT, EUTE, FIZ, FIZE, GEM, GEME, GEMK, GEO, GEOE, GID, GIDE, ICM, IML, IMLE, INS, INSE, ISL, ISLE, JDF, JEF, JEFE, JEO, JEOE, KIM, KIME, KMM, KMME, KMP, KOM, KOME, MAD, MADE, MAK, MAKE, MAT, MATE, MET, METE, MIM, MIME, MTO, MTOE, MTR, MUT, MUZ, MUZE, PEM, PEME, PET, PETE, SBP, SBPE, SEH, SES, TEK, TEKE, TEL, THO, UCK, UCKE, UZB, UZBE",,
20768,BIL 100E,BIL,LS,Intr.to Prog.Language(PYTHON),,Ömer Özyıldırım,MED | MED,Pazartesi | Pazartesi,14:30/15:29 | 15:30/17:29,,70,40,,"BIO, BIOE, CEV, CEVE, CHZ, CHZE, DEN, DENE, DUI, DUIE, ECNE, EHB, EHBE, ELE, ELH, END, ENDE, EUT, EUTE, FIZ, FIZE, FIZM, GEM, GEME, GEMK, GID, GIDE, GMI, GMIE, ICM, IML, IMLE, INS, INSE, ISL, ISLE, JEF, JEFE, JEO, JEOE, KIM, KIME, KMM, KMME, KOM, KOME, MAD, MADE, MAK, MAKE, MAT, MATE, MET, METE, MIM, MIME, MTO, MTOE, PEM, PEME, PET, PETE, SBP, SBPE, SEN, TEK, TEKE, TEL, UCK, UCKE, UZB, UZBE",,
20769,TUR 102,TUR,LS,Türk Dili II,,Hamide Aliyazıcıoğlu,MEDB,Perşembe,13:30/15:29,,20,22,,"MBI, SBL, SCE, SIN",,
20770,TUR 102,TUR,LS,Türk Dili II,,Hamide Aliyazıcıoğlu,MEDB,Perşembe,15:30/17:29,,65,65,,"BIO, BIOE, BLG, BLGE, CAB, CEV, CEVE, CHZ, CHZE, DEN, DENE, ECNE, EHB, EHBE, EHN, ELE, ELH, ELK, ELKE, END, ENDE, EUT, EUTE, FIZ, FIZE, GEM, GEME, GEMK, GEO, GEOE, GID, GIDE, ICM, IML, IMLE, INS, INSE, ISL, ISLE, JDF, JEF, JEFE, JEO, JEOE, KIM, KIME, KMM, KMME, KMP, KOM, KOME, MAD, MADE, MAK, MAKE, MAT, MATE, MET, METE, MIM, MIME, MTO, MTOE, MTR, MUT, MUZ, MUZE, PEM, PEME, PET, PETE, SBP, SBPE, SEH, SES, TEK, TEKE, TEL, THO, UCK, UCKE, UZB, UZBE",,
20771,TUR 102,TUR,LS,Türk Dili II,,Hamide Aliyazıcıoğlu,MEDB,Cuma,10:30/12:29,,65,66,,"BIO, BIOE, BLG, BLGE, CAB, CEV, CEVE, CHZ, CHZE, DEN, DENE, ECNE, EHB, EHBE, EHN, ELE, ELH, ELK, ELKE, END, ENDE, EUT, EUTE, FIZ, FIZE, GEM, GEME, GEMK, GEO, GEOE, GID, GIDE, ICM, IML, IMLE, INS, INSE, ISL, ISLE, JDF, JEF, JEFE, JEO, JEOE, KIM, KIME, KMM, KMME, KMP, KOM, KOME, MAD, MADE, MAK, MAKE, MAT, MATE, MET, METE, MIM, MIME, MTO, MTOE, MTR, MUT, MUZ, MUZE, PEM, PEME, PET, PETE, SBP, SBPE, SEH, SES, TEK, TEKE, TEL, THO, UCK, UCKE, UZB, UZBE",,
20772,TUR 102,TUR,LS,Türk Dili II,,Hamide Aliyazıcıoğlu,MEDB,Cuma,13:30/15:29,,65,65,,"BIO, BIOE, BLG, BLGE, CAB, CEV, CEVE, CHZ, CHZE, DEN, DENE, ECNE, EHB, EHBE, EHN, ELE, ELH, ELK, ELKE, END, ENDE, EUT, EUTE, FIZ, FIZE, GEM, GEME, GEMK, GEO, GEOE, GID, GIDE, ICM, IML, IMLE, INS, INSE, ISL, ISLE, JDF, JEF, JEFE, JEO, JEOE, KIM, KIME, KMM, KMME, KMP, KOM, KOME, MAD, MADE, MAK, MAKE, MAT, MATE, MET, METE, MIM, MIME, MTO, MTOE, MTR, MUT, MUZ, MUZE, PEM, PEME, PET, PETE, SBP, SBPE, SEH, SES, TEK, TEKE, TEL, THO, UCK, UCKE, UZB, UZBE",,
20774,TUR 102,TUR,LS,Türk Dili II,,Hamide Aliyazıcıoğlu,MEDB,Cuma,15:30/17:29,,65,64,,"BIO, BIOE, BLG, BLGE, CAB, CEV, CEVE, CHZ, CHZE, DEN, DENE, ECNE, EHB, EHBE, EHN, ELE, ELH, ELK, ELKE, END, ENDE, EUT, EUTE, FIZ, FIZE, GEM, GEME, GEMK, GEO, GEOE, GID, GIDE, ICM, IML, IMLE, INS, INSE, ISL, ISLE, JDF, JEF, JEFE, JEO, JEOE, KIM, KIME, KMM, KMME, KMP, KOM, KOME, MAD, MADE, MAK, MAKE, MAT, MATE, MET, METE, MIM, MIME, MTO, MTOE, MTR, MUT, MUZ, MUZE, PEM, PEME, PET, PETE, SBP, SBPE, SEH, SES, TEK, TEKE, TEL, THO, UCK, UCKE, UZB, UZBE",,
20775,TUR 102,TUR,LS,Türk Dili II,,Hasan Ulucutsoy,EEB,Salı,10:30/12:29,,65,66,,"BIO, BIOE, BLG, BLGE, CAB, CEV, CEVE, CHZ, CHZE, DEN, DENE, ECNE, EHB, EHBE, EHN, ELE, ELH, ELK, ELKE, END, ENDE, EUT, EUTE, FIZ, FIZE, GEM, GEME, GEMK, GEO, GEOE, GID, GIDE, ICM, IML, IMLE, INS, INSE, ISL, ISLE, JDF, JEF, JEFE, JEO, JEOE, KIM, KIME, KMM, KMME, KMP, KOM, KOME, MAD, MADE, MAK, MAKE, MAT, MATE, MET, METE, MIM, MIME, MTO, MTOE, MTR, MUT, MUZ, MUZE, PEM, PEME, PET, PETE, SBP, SBPE, SEH, SES, TEK, TEKE, TEL, THO, UCK, UCKE, UZB, UZBE",,
20776,TUR 102,TUR,LS,Türk Dili II,,Hasan Ulucutsoy,EEB,Salı,13:30/15:29,,43,43,,"BIO, BIOE, BLG, BLGE, CAB, CEV, CEVE, CHZ, CHZE, DEN, DENE, ECNE, EHB, EHBE, EHN, ELE, ELH, ELK, ELKE, END, ENDE, EUT, EUTE, FIZ, FIZE, GEM, GEME, GEMK, GEO, GEOE, GID, GIDE, ICM, IML, IMLE, INS, INSE, ISL, ISLE, JDF, JEF, JEFE, JEO, JEOE, KIM, KIME, KMM, KMME, KMP, KOM, KOME, MAD, MADE, MAK, MAKE, MAT, MATE, MET, METE, MIM, MIME, MTO, MTOE, MTR, MUT, MUZ, MUZE, PEM, PEME, PET, PETE, SBP, SBPE, SEH, SES, TEK, TEKE, TEL, THO, UCK, UCKE, UZB, UZBE",,
20777,TUR 102,TUR,LS,Türk Dili II,,Hasan Ulucutsoy,INB,Salı,15:30/17:29,,65,65,,"BIO, BIOE, BLG, BLGE, CAB, CEV, CEVE, CHZ, CHZE, DEN, DENE, ECNE, EHB, EHBE, EHN, ELE, ELH, ELK, ELKE, END, ENDE, EUT, EUTE, FIZ, FIZE, GEM, GEME, GEMK, GEO, GEOE, GID, GIDE, ICM, IML, IMLE, INS, INSE, ISL, ISLE, JDF, JEF, JEFE, JEO, JEOE, KIM, KIME, KMM, KMME, KMP, KOM, KOME, MAD, MADE, MAK, MAKE, MAT, MATE, MET, METE, MIM, MIME, MTO, MTOE, MTR, MUT, MUZ, MUZE, PEM, PEME, PET, PETE, SBP, SBPE, SEH, SES, TEK, TEKE, TEL, THO, UCK, UCKE, UZB, UZBE",,
20778,TUR 102,TUR,LS,Türk Dili II,,Hasan Ulucutsoy,ISB,Perşembe,08:30/10:29,,30,18,,SIS,,
20779,TUR 102,TUR,LS,Türk Dili II,,Hasan Ulucutsoy,ISB,Perşembe,10:30/12:29,,65,65,,"BIO, BIOE, BLG, BLGE, CAB, CEV, CEVE, CHZ, CHZE, DEN, DENE, ECNE, EHB, EHBE, EHN, ELE, ELH, ELK, ELKE, END, ENDE, EUT, EUTE, FIZ, FIZE, GEM, GEME, GEMK, GEO, GEOE, GID, GIDE, ICM, IML, IMLE, INS, INSE, ISL, ISLE, JDF, JEF, JEFE, JEO, JEOE, KIM, KIME, KMM, KMME, KMP, KOM, KOME, MAD, MADE, MAK, MAKE, MAT, MATE, MET, METE, MIM, MIME, MTO, MTOE, MTR, MUT, MUZ, MUZE, PEM, PEME, PET, PETE, SBP, SBPE, SEH, SES, TEK, TEKE, TEL, THO, UCK, UCKE, UZB, UZBE",,
20780,TUR 102,TUR,LS,Türk Dili II,,Hasan Ulucutsoy,INB,Cuma,08:30/10:29,,65,65,,"BIO, BIOE, BLG, BLGE, CAB, CEV, CEVE, CHZ, CHZE, DEN, DENE, ECNE, EHB, EHBE, EHN, ELE, ELH, ELK, ELKE, END, ENDE, EUT, EUTE, FIZ, FIZE, GEM, GEME, GEMK, GEO, GEOE, GID, GIDE, ICM, IML, IMLE, INS, INSE, ISL, ISLE, JDF, JEF, JEFE, JEO, JEOE, KIM, KIME, KMM, KMME, KMP, KOM, KOME, MAD, MADE, MAK, MAKE, MAT, MATE, MET, METE, MIM, MIME, MTO, MTOE, MTR, MUT, MUZ, MUZE, PEM, PEME, PET, PETE, SBP, SBPE, SEH, SES, TEK, TEKE, TEL, THO, UCK, UCKE, UZB, UZBE",,
20782,TUR 102,TUR,LS,Türk Dili II,,Hasan Ulucutsoy,INB,Cuma,10:30/12:29,,65,65,,"BIO, BIOE, BLG, BLGE, CAB, CEV, CEVE, CHZ, CHZE, DEN, DENE, ECNE, EHB, EHBE, EHN, ELE, ELH, ELK, ELKE, END, ENDE, EUT, EUTE, FIZ, FIZE, GEM, GEME, GEMK, GEO, GEOE, GID, GIDE, ICM, IML, IMLE, INS, INSE, ISL, ISLE, JDF, JEF, JEFE, JEO, JEOE, KIM, KIME, KMM, KMME, KMP, KOM, KOME, MAD, MADE, MAK, MAKE, MAT, MATE, MET, METE, MIM, MIME, MTO, MTOE, MTR, MUT, MUZ, MUZE, PEM, PEME, PET, PETE, SBP, SBPE, SEH, SES, TEK, TEKE, TEL, THO, UCK, UCKE, UZB, UZBE",,
20783,TUR 102,TUR,LS,Türk Dili II,,Hasan Ulucutsoy,INB,Cuma,13:30/15:29,,65,64,,"BIO, BIOE, BLG, BLGE, CAB, CEV, CEVE, CHZ, CHZE, DEN, DENE, ECNE, EHB, EHBE, EHN, ELE, ELH, ELK, ELKE, END, ENDE, EUT, EUTE, FIZ, FIZE, GEM, GEME, GEMK, GEO, GEOE, GID, GIDE, ICM, IML, IMLE, INS, INSE, ISL, ISLE, JDF, JEF, JEFE, JEO, JEOE, KIM, KIME, KMM, KMME, KMP, KOM, KOME, MAD, MADE, MAK, MAKE, MAT, MATE, MET, METE, MIM, MIME, MTO, MTOE, MTR, MUT, MUZ, MUZE, PEM, PEME, PET, PETE, SBP, SBPE, SEH, SES, TEK, TEKE, TEL, THO, UCK, UCKE, UZB, UZBE",,
20784,BIL 100E,BIL,LS,Intr.to Prog.Language(PYTHON),,Evren Dağlarlı,MED | MED,Pazartesi | Pazartesi,14:30/15:29 | 15:30/17:29,,70,70,,"ICM, PEM, PEME",,
20786,BIL 100E,BIL,LS,Intr.to Prog.Language(PYTHON),,Ömer Özyıldırım,MED | MED,Salı | Salı,14:30/15:29 | 15:30/17:29,,70,34,,"BIOE, CEV, CEVE, DEN, DUI, ECNE, ELE, ELH, EUT, EUTE, FIZ, GEM, GID, GMI, ICM, ISL, ISLE, JEO, KIM, KOM, KOME, MET, METE, MTO, PEM, PEME, PETE, TEKE, TEL",,
20788,BIL 100E,BIL,LS,Intr.to Prog.Language(PYTHON),,Evren Dağlarlı,MED | MED,Salı | Salı,14:30/15:29 | 15:30/17:29,,70,22,,"BIO, BIOE, CEV, CEVE, CHZ, CHZE, DEN, DENE, DUI, DUIE, ECNE, EHB, EHBE, ELE, ELH, END, ENDE, EUT, EUTE, FIZ, FIZE, FIZM, GEM, GEME, GEMK, GID, GIDE, GMI, GMIE, ICM, IML, IMLE, INS, INSE, ISL, ISLE, JEF, JEFE, JEO, JEOE, KIM, KIME, KMM, KMME, KOM, KOME, MAD, MADE, MAK, MAKE, MAT, MATE, MET, METE, MIM, MIME, MTO, MTOE, PEM, PEME, PET, PETE, SBP, SBPE, SEN, TEK, TEKE, TEL, UCK, UCKE, UZB, UZBE",,
20790,BIL 100E,BIL,LS,Intr.to Prog.Language(PYTHON),,Erke Arıbaş,MED | MED,Çarşamba | Çarşamba,12:30/13:29 | 13:30/15:29,,70,32,,"BIO, BIOE, CEV, CEVE, CHZ, CHZE, DEN, DENE, DUI, DUIE, ECNE, EHB, EHBE, ELE, ELH, END, ENDE, EUT, EUTE, FIZ, FIZE, FIZM, GEM, GEME, GEMK, GID, GIDE, GMI, GMIE, ICM, IML, IMLE, INS, INSE, ISL, ISLE, JEF, JEFE, JEO, JEOE, KIM, KIME, KMM, KMME, KOM, KOME, MAD, MADE, MAK, MAKE, MAT, MATE, MET, METE, MIM, MIME, MTO, MTOE, PEM, PEME, PET, PETE, SBP, SBPE, SEN, TEK, TEKE, TEL, UCK, UCKE, UZB, UZBE",,
20791,BIL 100E,BIL,LS,Intr.to Prog.Language(PYTHON),,Erke Arıbaş,MED | MED,Perşembe | Perşembe,10:30/11:29 | 11:30/13:29,,70,16,,"BIO, BIOE, CEV, CEVE, CHZ, CHZE, DEN, DENE, DUI, DUIE, ECNE, EHB, EHBE, ELE, ELH, END, ENDE, EUT, EUTE, FIZ, FIZE, FIZM, GEM, GEME, GEMK, GID, GIDE, GMI, GMIE, ICM, IML, IMLE, INS, INSE, ISL, ISLE, JEF, JEFE, JEO, JEOE, KIM, KIME, KMM, KMME, KOM, KOME, MAD, MADE, MAK, MAKE, MAT, MATE, MET, METE, MIM, MIME, MTO, MTOE, PEM, PEME, PET, PETE, SBP, SBPE, SEN, TEK, TEKE, TEL, UCK, UCKE, UZB, UZBE",,
20792,BIL 100E,BIL,LS,Intr.to Prog.Language(PYTHON),,Erke Arıbaş,MED | MED,Perşembe | Perşembe,14:30/15:29 | 15:30/17:29,,70,67,,"CHZ, CHZE, JEF, JEFE, JEO, JEOE, MAD, MADE, PET, PETE",,
20793,BIL 100E,BIL,LS,Intr.to Prog.Language(PYTHON),,Berfin Kalay,MED | MED,Çarşamba | Çarşamba,09:30/10:29 | 10:30/12:29,,70,49,,"GID, GIDE, KMM, KMME, MET, METE",,
20794,BIL 100E,BIL,LS,Intr.to Prog.Language(PYTHON),,Berfin Kalay,MED | MED,Çarşamba | Çarşamba,12:30/13:29 | 13:30/15:29,,70,40,,"DEN, DENE, GEM, GEME",,
20795,BIL 100E,BIL,LS,Intr.to Prog.Language(PYTHON),,Berfin Kalay,MED | MED,Perşembe | Perşembe,10:30/11:29 | 11:30/13:29,,70,43,,"GID, GIDE, MET, METE",,
20796,BIL 100E,BIL,LS,Intr.to Prog.Language(PYTHON),,Berfin Kalay,MED | MED,Perşembe | Perşembe,14:30/15:29 | 15:30/17:29,,70,35,,"BIO, BIOE, CEV, CEVE, CHZ, CHZE, DEN, DENE, DUI, DUIE, ECNE, EHB, EHBE, ELE, ELH, END, ENDE, EUT, EUTE, FIZ, FIZE, FIZM, GEM, GEME, GEMK, GID, GIDE, GMI, GMIE, ICM, IML, IMLE, INS, INSE, ISL, ISLE, JEF, JEFE, JEO, JEOE, KIM, KIME, KMM, KMME, KOM, KOME, MAD, MADE, MAK, MAKE, MAT, MATE, MET, METE, MIM, MIME, MTO, MTOE, PEM, PEME, PET, PETE, SBP, SBPE, SEN, TEK, TEKE, TEL, UCK, UCKE, UZB, UZBE",,
20801,KIM 324,KIM,LS,Adli Kimya,,Mustafa Özcan,FEB,Cuma,14:30/17:29,,20,20,,"KIM, KIMM",,
20803,KIM 232,KIM,LS,Organik Kimya II,,Gürkan Hızal,FEB | FEB,Salı | Çarşamba,11:30/13:29 | 08:30/10:29,,40,33,,KIM,,
20804,KIM 416,KIM,LS,Organik Petrokimya,,Nilgün Kızılcan,FEB,Perşembe,08:30/11:29,,20,6,,"KIM, KIMM",,
20806,KIM 422E,KIM,LS,Industrial Chemistry,,Bünyamin Karagöz,FEB,Salı,14:30/17:29,,30,9,,"KIM, KIME",,
20807,KIM 252,KIM,LS,Kimyasal Termodinamik,,Oğuz Okay,FEB,Salı,14:30/17:29,,30,30,,"KIM, KIMM",,
20808,KIM 437E,KIM,LS,NMR Spectroscopy; An Intr.,,Turan Öztürk,FEB,Cuma,14:30/17:29,,20,12,,"KIM, KIME, KIMM",,
20809,KIM 252E,KIM,LS,Chemical Thermodynamics,,Nermin Orakdöğen,FEB,Salı,14:30/17:29,,30,26,,"KIM, KIME",,
20811,KIM 471,KIM,LS,Organik Kimya III,,Özkan Sezer,MED,Perşembe,14:30/17:29,,40,29,,KIM,,
20813,KIM 262E,KIM,LS,Int. Quantum Chemistry,,"Mine Yurtsever, Nurcan Tüzün",FEB,Pazartesi,08:30/11:29,,60,47,,"KIM, KIME",,
20815,KIM 312,KIM,LS,Fiziksel Kimya II,,Hatice Hüceste Giz,FEB,Pazartesi,14:30/17:29,,30,30,,KIM,,
20816,KIM 492,KIM,LS,Bitirme Çalışması,,Gürkan Hızal,FEB,,/,,500,21,,KIM,,
20817,KIM 312E,KIM,LS,Physical Chemistry II,,Orhan Güney,FEB,Pazartesi,14:30/17:29,,30,19,,"KIM, KIME",,
20818,KIM 492E,KIM,LS,Graduation Project,,Gürkan Hızal,FEB,,/,,500,8,,"KIM, KIME",,
20819,KIM 314,KIM,LS,Tekstil Boyar Maddeleri,,--,FEB,Perşembe,14:30/17:29,,0,0,,"KIM, KIMM",,
20824,KIM 318,KIM,LS,Kolloid Kimyası,,--,MED,Salı,14:30/17:29,,0,0,,"KIM, KIMM, KMM",,
20852,KIM 320E,KIM,LS,Intro to Organometallic Chem,,Ozan Sanlı Şentürk,FEB,Perşembe,14:30/17:29,,20,10,,"KIM, KIME, KIMM",,
20854,KIM 322E,KIM,LS,Physical Chemisty II Lab,,Orhan Güney,FEB,Çarşamba,08:30/11:29,,30,27,,"KIM, KIME",,
20856,KIM 322E,KIM,LS,Physical Chemisty II Lab,,Orhan Güney,FEB,Cuma,08:30/11:29,,30,28,,"KIM, KIME",,
20858,BIO 301E,BIO,LS,Fundamentals of Biology,,Deniz Şahin,FEB,Salı,11:30/14:29,,60,58,,"BIOM, CHZ, CHZE, DEN, EHB, EHBE, ELE, ELH, ELK, ELKE, FIZ, FIZE, GEM, GID, GIDE, INS, INSE, ISL, ISLE, JEO, JEOE, KIM, KIME, KMM, KMME, KOM, KOME, MAD, MADE, MET, METE, PET, PETE, TEL",,
20859,BIO 301E,BIO,LS,Fundamentals of Biology,,Deniz Şahin,FEB,Çarşamba,12:30/15:29,,60,61,,"BIOM, CHZ, CHZE, DEN, EHB, EHBE, ELE, ELH, ELK, ELKE, FIZ, FIZE, GEM, GID, GIDE, INS, INSE, ISL, ISLE, JEO, JEOE, KIM, KIME, KMM, KMME, KOM, KOME, MAD, MADE, MET, METE, PET, PETE, TEL",,
20883,ITB 224E,ITB,LS,Environment and Society,,Aslı Erbil,FEB,Pazartesi,08:30/11:29,,45,30,,"BIO, BIOE, BLG, BLGE, CAB, CEV, CEVE, CHZ, CHZE, DEN, DENE, ECNE, EHB, EHBE, ELE, ELH, ELK, ELKE, END, ENDE, EUT, EUTE, FIZ, FIZE, GEM, GEME, GEMK, GEO, GEOE, GID, GIDE, GMI, GMIE, ICM, IML, IMLE, INS, INSE, ISL, ISLE, JDF, JEF, JEFE, JEO, JEOE, KIM, KIME, KMM, KMME, KMP, KOM, KOME, MAD, MADE, MAK, MAKE, MAT, MATE, MET, METE, MIM, MIME, MTO, MTOE, MTR, MUT, MUZ, MUZE, PEM, PEME, PET, PETE, SBP, SBPE, SES, TEB, TEK, TEKE, TEL, THO, UCK, UCKE, UZB, UZBE",,
20885,KIM 104,KIM,LS,Organik Kimya,,Okan Sirkecioğlu,KMB,Çarşamba,12:30/15:29,,40,40,,"GID, KIMM, KMM",,
20887,KIM 104,KIM,LS,Organik Kimya,,Nilgün Kızılcan,KMB,Çarşamba,12:30/15:29,,40,38,,"GID, KIMM, KMM",,
20888,KIM 104,KIM,LS,Organik Kimya,,Hacer Ayşen Önen,KMB,Çarşamba,12:30/15:29,,40,40,,"GID, KIMM, KMM",,
20889,KIM 104L,KIM,LS,Organik Kimya Lab.,,Nilgün Kızılcan,FEB,Pazartesi,13:30/15:29,,60,52,,"GID, KMM",,
20890,KIM 104L,KIM,LS,Organik Kimya Lab.,,"Hacer Ayşen Önen, Okan Sirkecioğlu",FEB,Salı,13:30/15:29,,60,57,,"GID, KMM",,
20891,KIM 111,KIM,LS,Genel Kimya I,,Makbule Koçak,FEB | FEB,Çarşamba | Perşembe,10:30/12:29 | 08:30/10:29,,30,23,,"KIM, KIMM",,
20892,KIM 111L,KIM,LS,Genel Kimya I Lab,,Makbule Koçak,FEB,Pazartesi,11:30/13:29,,30,19,,KIM,,
20893,KIM 114,KIM,LS,Genel Kimya II,,Esin Hamuryudan,FEB | FEB,Çarşamba | Perşembe,10:30/12:29 | 08:30/10:29,,30,30,,KIM,,
20894,KIM 114,KIM,LS,Genel Kimya II,,İsmail Yılmaz,FEB | FEB,Çarşamba | Perşembe,10:30/12:29 | 08:30/10:29,,30,19,,KIM,,
20895,KIM 114L,KIM,LS,Genel Kimya II Lab.,,Esin Hamuryudan,FEB,Cuma,09:30/12:29,,30,28,,KIM,,
20896,KIM 114L,KIM,LS,Genel Kimya II Lab.,,İsmail Yılmaz,FEB,Cuma,09:30/12:29,,30,19,,KIM,,
20897,KIM 202,KIM,LS,Fiziksel Kimya,,Bünyamin Karagöz,INB,Çarşamba,12:30/15:29,,35,28,,"BIO, CEV, CHZ, DEN, DUI, ELE, ELH, ELK, GEM, GID, GMI, INS, JEO, KIMM, KMM, KMMM, KYD, MAD, MET, PET, TEL",,
20898,KIM 202,KIM,LS,Fiziksel Kimya,,Argun Talat Gökçeören,INB,Çarşamba,12:30/15:29,,35,35,,"BIO, CEV, CHZ, DEN, DUI, ELE, ELH, ELK, GEM, GID, GMI, INS, JEO, KIMM, KMM, KMMM, KYD, MAD, MET, PET, TEL",,
20899,KIM 202E,KIM,LS,Physical Chemistry,,Erdem Yavuz,INB,Çarşamba,12:30/15:29,,40,39,,"BIOE, CEV, CEVE, CHZE, DENE, ELKE, GEME, GEMK, GIDE, INS, INSE, JEOE, KMM, KMME, MADE, METE, PETE",,
20900,KIM 202E,KIM,LS,Physical Chemistry,,Caner Ünlü,INB,Çarşamba,12:30/15:29,,40,40,,"BIOE, CEV, CEVE, CHZE, DENE, ELKE, GEME, GEMK, GIDE, INS, INSE, JEOE, KMM, KMME, MADE, METE, PETE",,
20901,KIM 203,KIM,LS,Analitik Kimya,,Gülcemal Yıldız,INB,Pazartesi,14:30/17:29,,35,31,,"BIO, MET",,
20902,KIM 203,KIM,LS,Analitik Kimya,,Gülçin Yılmaz,INB,Pazartesi,14:30/17:29,,35,23,,"BIO, MET",,
20903,KIM 204,KIM,LS,Genel Kimya II,,Şennur Özçelik,INB,Çarşamba,08:30/11:29,,30,13,,"CHZ, DEN, ELE, ELH, ELK, GEM, JEO, MAD, MET, PET, TEL",,
20904,KIM 205,KIM,LS,Organik Kimya,,Gönül Yapar,FEB,Salı,13:30/16:29,,30,29,,"BIO, BIOM, CEV, CHZ, DEN, ELE, ELH, ELK, GEM, INS, JEO, KIMM, KYD, MAD, MET, PET, TEL",,
20905,KIM 205,KIM,LS,Organik Kimya,,İbrahim Volkan Kumbaracı,FEB,Salı,13:30/16:29,,30,30,,"BIO, BIOM, CEV, CHZ, DEN, ELE, ELH, ELK, GEM, INS, JEO, KIMM, KYD, MAD, MET, PET, TEL",,
20906,EHB 211,EHB,LS,Elektrik Devre Temelleri,,Neslihan Serap Şengör,EEB,Çarşamba,12:30/15:29,,75,84,,"EHB, ELE, ELK, KOM, TEL",,
20907,EHB 211E,EHB,LS,Basics of Electrical Circuits,,Metin Hüner,MDB,Çarşamba,12:30/15:29,,75,84,,"EHB, EHBE, ELE, ELK, ELKE, KOM, KOME, TEL",,
20908,EHB 211E,EHB,LS,Basics of Electrical Circuits,,Ahmet Can Erten,MED,Çarşamba,12:30/15:29,,75,89,,"EHB, EHBE, ELE, ELK, ELKE, KOM, KOME, TEL",,
20909,EHB 206,EHB,LS,İşaret İşleme ve Lineer Sist.,,Işın Erer,EEB,Perşembe,13:30/16:29,,53,53,,"EHB, ELE, ELH, TEL",,
20910,EHB 206,EHB,LS,İşaret İşleme ve Lineer Sist.,,Selçuk Paker,EEB,Perşembe,13:30/16:29,,53,54,,"EHB, ELE, ELH, TEL",,
20911,EHB 206E,EHB,LS,Signal Processing&Li..,,Ender Mete Ekşioğlu,EEB,Perşembe,13:30/16:29,,53,53,,"EHB, EHBE, ELE, ELH, TEL",,
20912,EHB 206E,EHB,LS,Signal Processing&Li..,,Tayfun Akgül,EEB,Perşembe,13:30/16:29,,53,48,,"EHB, EHBE, ELE, ELH, TEL",,
20913,EHB 208,EHB,LS,Veri Yapıları ve Programlama,,İbrahim Çatalkaya,EEB,Cuma,14:00/16:59,,85,84,,"EHB, TEL",,
20914,EHB 208E,EHB,LS,Data Structures & Programming,,Bora Döken,EEB,Cuma,14:00/16:59,,85,85,,"EHB, EHBE, TEL",,
20915,EHB 212,EHB,LS,Elektromagnetik Alanlara Giriş,,Ali Yapar,EEB,Çarşamba,08:30/11:29,,68,67,,"EHB, ELE, ELH, ELK, KOM, TEL",,
20916,EHB 212,EHB,LS,Elektromagnetik Alanlara Giriş,,Murat Tayfun Günel,EEB,Çarşamba,08:30/11:29,,68,71,,"EHB, ELE, ELH, ELK, KOM, TEL",,
20917,EHB 212,EHB,LS,Elektromagnetik Alanlara Giriş,,Selçuk Paker,EEB,Çarşamba,08:30/11:29,,68,73,,"EHB, ELE, ELH, ELK, KOM, TEL",,
20918,ELK 221,ELK,LS,Elektrik Mühen. Temelleri,,Fatma Gül Bağrıyanık,INB,Cuma,09:30/12:29,,45,39,,"CHZ, GID, IML, ISL, KMM, MAK, MET, TEK",,
20919,EHB 212,EHB,LS,Elektromagnetik Alanlara Giriş,,Funda Akleman Yapar,EEB,Çarşamba,08:30/11:29,,68,70,,"EHB, ELE, ELH, ELK, KOM, TEL",,
20920,ELK 221,ELK,LS,Elektrik Mühen. Temelleri,,Fatma Gül Bağrıyanık,EEB,Pazartesi,13:30/16:29,,45,44,,"CHZ, GID, IML, ISL, KMM, MAK, MET, TEK",,
20921,EHB 212E,EHB,LS,Intr.to Electromagnetic Fields,,Özgür Özdemir,EEB,Çarşamba,08:30/11:29,,68,69,,"EHB, EHBE, ELE, ELH, ELK, ELKE, KOM, KOME, TEL",,
20922,ELK 221,ELK,LS,Elektrik Mühen. Temelleri,,Fatma Gül Bağrıyanık,KMB,Çarşamba,08:30/11:29,,45,45,,"CHZ, GID, IML, ISL, KMM, MAK, MET, TEK",,
20923,EHB 212E,EHB,LS,Intr.to Electromagnetic Fields,,İbrahim Akduman,EEB,Çarşamba,08:30/11:29,,68,69,,"EHB, EHBE, ELE, ELH, ELK, ELKE, KOM, KOME, TEL",,
20924,ELK 221E,ELK,LS,Fundamentals of Electric. Eng.,,Zehra Elif Batman,MDB,Pazartesi,13:30/16:29,,55,55,,"CHZE, GIDE, IMLE, ISLE, KMME, MAKE, METE, PET, PETE, TEKE",,
20925,ELK 221E,ELK,LS,Fundamentals of Electric. Eng.,,Zehra Elif Batman,MDB,Perşembe,13:30/16:29,,55,55,,"CHZE, GIDE, IMLE, ISLE, KMME, MAKE, METE, PETE, TEKE",,
20926,EHB 212E,EHB,LS,Intr.to Electromagnetic Fields,,Tuba Yılmaz Abdolsaheb,EEB,Çarşamba,08:30/11:29,,68,69,,"EHB, EHBE, ELE, ELH, ELK, ELKE, KOM, KOME, TEL",,
20927,ELK 221E,ELK,LS,Fundamentals of Electric. Eng.,,Lale Erdem Atılgan,GDB,Salı,09:30/12:29,,55,49,,"CHZE, GIDE, IMLE, ISLE, KMME, MAKE, METE, PETE, TEKE",,
20928,EHB 221,EHB,LS,Elektrik Devre Temelleri Lab.,,İbrahim Çatalkaya,EEB,Salı,13:30/15:29,,45,23,,"EHB, ELE, TEL",,
20929,ELK 226,ELK,LS,Elektrik-Elektronik Müh. Tem.,,Duygu Bayram,MKB,Cuma,09:30/12:29,,55,55,,"IML, MAK",,
20930,ELK 226,ELK,LS,Elektrik-Elektronik Müh. Tem.,,Murat İmeryüz,MKB,Çarşamba,08:30/11:29,,55,55,,"IML, MAK",,
20931,EHB 221,EHB,LS,Elektrik Devre Temelleri Lab.,,İbrahim Çatalkaya,EEB,Çarşamba,13:30/15:29,,60,59,,"EHB, ELE, TEL",,
20932,EHB 221E,EHB,LS,Basics of Elec. Circuits Lab.,,Bora Döken,EEB,Perşembe,09:30/11:29,,60,57,,"EHB, EHBE, ELE, TEL",,
20933,EHB 221E,EHB,LS,Basics of Elec. Circuits Lab.,,Bora Döken,EEB,Salı,09:30/11:29,,45,12,,"EHB, EHBE, ELE, TEL",,
20934,EHB 222,EHB,LS,Elektroniğe Giriş,,İbrahim Çatalkaya,EEB,Pazartesi,09:30/12:29,,55,55,,"ELH, ELK, KOM, MKN, TEL",,
20935,EHB 222,EHB,LS,Elektroniğe Giriş,,Bora Döken,EEB,Pazartesi,09:30/12:29,,55,55,,"ELH, ELK, KOM, MKN, TEL",,
20936,EHB 222E,EHB,LS,Introduction to Electronics,,Fatma İnci Çilesiz,EEB,Pazartesi,09:30/12:29,,55,18,,"ELH, ELK, ELKE, KOM, KOME, MKN, TEL",,
20937,EHB 222E,EHB,LS,Introduction to Electronics,,Hasan Bülent Yağcı,EEB,Salı,09:30/12:29,,55,40,,"ELH, ELK, ELKE, KOM, KOME, MKN, TEL",,
20938,ELK 226,ELK,LS,Elektrik-Elektronik Müh. Tem.,,Ali Sinan Çabuk,MKB,Salı,09:30/12:29,,55,52,,"IML, MAK",,
20939,ELK 226,ELK,LS,Elektrik-Elektronik Müh. Tem.,,Murat İmeryüz,MKB,Salı,09:30/12:29,,55,55,,"IML, MAK",,
20941,EHB 222E,EHB,LS,Introduction to Electronics,,Hacer Atar Yıldız,EEB,Pazartesi,09:30/12:29,,55,55,,"ELH, ELK, ELKE, KOM, KOME, MKN, TEL",,
20942,EHB 232,EHB,LS,Devre ve Sistem Analizi,,Neslihan Serap Şengör,EEB,Pazartesi,13:30/16:29,,60,61,,"EHB, ELE, ELH, ELK, TEL",,
20943,ELK 226,ELK,LS,Elektrik-Elektronik Müh. Tem.,,Murat İmeryüz,MKB,Cuma,09:30/12:29,,55,55,,"IML, MAK",,
20944,ELK 226E,ELK,LS,Fund.of Electri.& Electro.Eng.,,Ali Sinan Çabuk,MKB,Çarşamba,08:30/11:29,,50,11,,"IML, IMLE, MAK, MAKE, MAKM",,
20945,EHB 232,EHB,LS,Devre ve Sistem Analizi,,Mürvet Kırcı,EEB,Pazartesi,13:30/16:29,,60,64,,"EHB, ELE, ELH, ELK, TEL",,
20946,ELK 234E,ELK,LS,Thermodynamics &Hydrodynamics;,,Ahmet Cansız,EEB,Salı,13:30/16:29,,40,40,,"EHB, EHBE, ELK, ELKE",,
20947,EHB 232E,EHB,LS,Circuit and System Analysis,,Sıddıka Berna Örs Yalçın,EEB,Pazartesi,13:30/16:29,,60,63,,"EHB, EHBE, ELE, ELH, ELK, ELKE, TEL",,
20948,ELK 312,ELK,LS,Yüksek Gerilim Tekniği,,Şükran Emel Önal,EEB,Perşembe,09:30/12:29,,37,37,,ELK,,
20949,EHB 232E,EHB,LS,Circuit and System Analysis,,Müştak Erhan Yalçın,EEB,Pazartesi,13:30/16:29,,60,60,,"EHB, EHBE, ELE, ELH, ELK, ELKE, TEL",,
20950,ELK 312,ELK,LS,Yüksek Gerilim Tekniği,,Suat İlhan,EEB,Perşembe,09:30/12:29,,37,37,,ELK,,
20951,ELK 312,ELK,LS,Yüksek Gerilim Tekniği,,Özcan Kalenderli,EEB,Perşembe,09:30/12:29,,37,37,,ELK,,
20952,EHB 252E,EHB,LS,Signals and Systems,,Bilge Günsel Kalyoncu,EEB,Perşembe,13:30/16:29,,70,67,,"ELK, ELKE, KOM, KOME, MKN",,
20953,ELK 312E,ELK,LS,High Voltage Technique,,Aydoğan Özdemir,EEB,Salı,13:30/16:29,,35,33,,"ELK, ELKE",,
20954,EHB 252E,EHB,LS,Signals and Systems,,Emine Ayaz,EEB,Perşembe,13:30/16:29,,70,85,,"ELK, ELKE, KOM, KOME, MKN",,
20956,EHB 252E,EHB,LS,Signals and Systems,,Emine Ayaz,EEB,Salı,13:30/16:29,,70,80,,"ELK, ELKE, KOM, KOME, MKN",,
20957,ELK 322E,ELK,LS,Power Transmission Systems,,Ömer Usta,EEB,Pazartesi,13:30/16:29,,67,67,,"ELK, ELKE",,
20958,EHB 262,EHB,LS,Elektronik II,,Zümray Ölmez,EEB,Salı,09:30/12:29,,60,60,,"EHB, ELE",,
20959,ELK 322E,ELK,LS,Power Transmission Systems,,Ramazan Çağlar,EEB,Pazartesi,13:30/16:29,,67,66,,"ELK, ELKE",,
20960,EHB 262E,EHB,LS,Electronics II,,Nil Banu Tarım,EEB,Salı,09:30/12:29,,60,53,,"EHB, EHBE, ELE",,
20961,ELK 324,ELK,LS,Küçük Elektrik Mak & Uyg,,Murat Yılmaz,EEB,Salı,13:30/16:29,,40,40,,ELK,,
20962,ELK 342,ELK,LS,Güç Elektroniği Laboratuvarı,,Ali Sinan Çabuk,EEB,Cuma,14:30/16:29,,40,40,,"ELK, KOM",,
20963,EHB 262E,EHB,LS,Electronics II,,Mustafa Berke Yelten,EEB,Salı,09:30/12:29,,60,60,,"EHB, EHBE, ELE",,
20964,EHB 262E,EHB,LS,Electronics II,,İsmail Çevik,EEB,Salı,09:30/12:29,,60,60,,"EHB, EHBE, ELE",,
20965,EHB 311,EHB,LS,Elektroniğe Giriş Lab.,,İbrahim Çatalkaya,EEB,Çarşamba,08:30/10:29,,40,11,,"EHB, ELE, KOM, TEL",,
20966,EHB 311E,EHB,LS,Intr.to Electronics Laboratory,,Bora Döken,EEB,Cuma,09:30/11:29,,40,9,,"EHB, EHBE, KOM, KOME",,
20967,EHB 312,EHB,LS,Analog Elektronik Devr.Lab.,,Hasan Bülent Yağcı,EEB,Perşembe,13:30/15:29,,20,5,,"EHB, ELE",,
20968,EHB 312,EHB,LS,Analog Elektronik Devr.Lab.,,Mustafa Berke Yelten,EEB,Cuma,14:00/15:59,,20,9,,"EHB, ELE",,
20969,EHB 312E,EHB,LS,Analog Elec. Circuits Lab.,,Hasan Bülent Yağcı,EEB,Çarşamba,13:30/15:29,,20,5,,"EHB, EHBE, ELE",,
20970,EHB 312E,EHB,LS,Analog Elec. Circuits Lab.,,--,EEB,Cuma,14:00/15:59,,0,0,,"EHB, EHBE, ELE",,
20971,EHB 322,EHB,LS,Sayısal Elektronik Devreleri,,Metin Yazgı,EEB,Pazartesi,13:30/16:29,,70,68,,"EHB, ELE, ELH",,
20972,EHB 322E,EHB,LS,Digital Electronic Circuits,,Mustafa Altun,EEB,Perşembe,09:30/12:29,,70,51,,"BLG, BLGE, EHB, EHBE, ELE, ELH",,
20973,EHB 322E,EHB,LS,Digital Electronic Circuits,,Mustafa Altun,EEB,Pazartesi,13:30/16:29,,70,76,,"BLG, BLGE, EHB, EHBE, ELE, ELH",,
20974,ELK 342,ELK,LS,Güç Elektroniği Laboratuvarı,,Deniz Yıldırım,EEB,Pazartesi,10:30/12:29,,40,40,,"ELK, KOM",,
20975,ELK 342,ELK,LS,Güç Elektroniği Laboratuvarı,,Azmi Demirel,EEB,Perşembe,10:30/12:29,,40,32,,"ELK, KOM",,
20976,EHB 322E,EHB,LS,Digital Electronic Circuits,,İsmail Çevik,EEB,Pazartesi,13:30/16:29,,70,70,,"BLG, BLGE, EHB, EHBE, ELE, ELH",,
20977,ELK 342E,ELK,LS,Power Electronics Laboratory,,Murat Yılmaz,EEB,Salı,10:30/12:29,,40,26,,"ELK, ELKE, KOM, KOME",,
20978,ELK 342E,ELK,LS,Power Electronics Laboratory,,Özgür Üstün,EEB,Cuma,09:30/11:29,,40,10,,"ELK, ELKE, KOM, KOME",,
20979,EHB 322E,EHB,LS,Digital Electronic Circuits,,Nil Banu Tarım,EEB,Pazartesi,13:30/16:29,,70,68,,"BLG, BLGE, EHB, EHBE, ELE, ELH",,
20980,ELK 343,ELK,LS,Elektromekanik Enerji Dönüşümü,,Murat İmeryüz,EEB,Pazartesi,09:30/12:29,,50,50,,ELK,,
20981,EHB 332,EHB,LS,Devre Sentezi,,Ece Olcay Güneş,EEB,Pazartesi,09:30/12:29,,40,39,,"EHB, ELE, ELH",,
20982,ELK 356,ELK,LS,Elektrik Makinaları,,Derya Ahmet Kocabaş,EEB,Çarşamba,08:30/11:29,,35,35,,ELK,,
20983,EHB 332E,EHB,LS,Network Synthesis,,İsmail Serdar Özoğuz,EEB,Pazartesi,09:30/12:29,,40,27,,"EHB, EHBE, ELE, ELH",,
20984,ELK 356,ELK,LS,Elektrik Makinaları,,Güven Kömürgöz Kırış,EEB,Çarşamba,08:30/11:29,,35,27,,ELK,,
20985,ELK 356E,ELK,LS,Electrical Machines,,Lale Ergene,EEB,Çarşamba,08:30/11:29,,35,24,,"ELK, ELKE",,
20986,ELK 364E,ELK,LS,Fundmnt of Super Conductivity,,Ahmet Cansız,EEB,Çarşamba,12:30/15:29,,40,40,,"ELK, ELKE",,
20987,EHB 334E,EHB,LS,Random Signals and Noise,,Mustafa Ergen,EEB,Cuma,14:00/16:59,,40,41,,"EHB, EHBE, TEL",,
20988,ELK 418,ELK,LS,Elektrik Enerjisi Dağıtımı,,Belgin Türkay,EEB,Salı,09:30/12:29,,37,37,,ELK,,
20989,EHB 352,EHB,LS,Sayısal Haberleşme,,İbrahim Altunbaş,EEB,Perşembe,13:30/16:29,,56,57,,"EHB, TEL",,
20990,ELK 418,ELK,LS,Elektrik Enerjisi Dağıtımı,,Ayşen Demirören,EEB,Salı,09:30/12:29,,37,37,,ELK,,
20991,EHB 352E,EHB,LS,Digital Communications,,Hakan Ali Çırpan,EEB,Perşembe,13:30/16:29,,56,56,,"EHB, EHBE, ELH, TEL",,
20992,ELK 418,ELK,LS,Elektrik Enerjisi Dağıtımı,,Ömer Gül,EEB,Salı,09:30/12:29,,37,37,,ELK,,
20993,ELK 418E,ELK,LS,Distribution of Electr. Energy,,Mustafa Bağrıyanık,EEB,Salı,09:30/12:29,,35,30,,"ELK, ELKE",,
20994,EHB 352E,EHB,LS,Digital Communications,,Mustafa Ergen,EEB,Perşembe,13:30/16:29,,56,57,,"EHB, EHBE, ELH, TEL",,
20995,ELK 420,ELK,LS,Elektrik Dağıtım Otomas.Lab.,,Zehra Elif Batman,EEB,Çarşamba,13:30/15:29,,35,35,,ELK,,
20996,EHB 362,EHB,LS,Mikrodalga Mühendisliği,,Sedef Kent Pınar,EEB,Çarşamba,12:30/15:29,,50,49,,"EHB, ELE, ELH, TEL",,
20997,ELK 420,ELK,LS,Elektrik Dağıtım Otomas.Lab.,,Fatma Gül Bağrıyanık,EEB,Salı,13:30/15:29,,35,35,,ELK,,
20998,ELK 420,ELK,LS,Elektrik Dağıtım Otomas.Lab.,,Fatma Gül Bağrıyanık,EEB,Salı,15:30/17:29,,35,18,,ELK,,
20999,EHB 362,EHB,LS,Mikrodalga Mühendisliği,,Mesut Kartal,EEB,Çarşamba,12:30/15:29,,50,50,,"EHB, ELE, ELH, TEL",,
21000,ELK 420E,ELK,LS,Elect.Distribution Auto. Lab.,,Zehra Elif Batman,EEB,Cuma,14:00/15:59,,35,31,,"ELK, ELKE",,
21001,EHB 362E,EHB,LS,Microwave Engineering,,Serkan Şimşek,EEB,Çarşamba,12:30/15:29,,50,31,,"EHB, EHBE, ELE, ELH, TEL",,
21002,ELK 428,ELK,LS,Elektrikli ve Karma Taşıtlar,,Murat Yılmaz,EEB,Cuma,09:30/12:29,,40,40,,ELK,,
21003,ELK 428E,ELK,LS,Electric and Hybrid Vehicles,,Özgür Üstün,EEB,Çarşamba,08:30/11:29,,40,39,,"ELK, ELKE",,
21004,EHB 362E,EHB,LS,Microwave Engineering,,Mehmet Çayören,EEB,Çarşamba,12:30/15:29,,50,49,,"EHB, EHBE, ELE, ELH, TEL",,
21005,MAT 202,MAT,LS,Sayısal Yöntemler,,Ali Yapar,EEB,Salı,13:30/16:29,,65,65,,"CEV, CHZ, DEN, EHB, ELE, ELH, ELK, GEM, GEO, GID, IML, INS, ISL, JEF, JEO, KOM, KON, MAD, MAK, MET, PET, TEK, TEL",,
21006,EHB 405E,EHB,LS,Analog Integrated Circuits,,Metin Yazgı,EEB,Salı,13:30/16:29,,30,19,,"EHB, EHBE, ELE, ELH",,
21007,MAT 202,MAT,LS,Sayısal Yöntemler,,Özcan Kalenderli,EEB,Salı,13:30/16:29,,50,70,,"CEV, CHZ, DEN, EHB, ELE, ELH, ELK, GEM, GEO, GID, IML, INS, ISL, JEF, JEO, KOM, KON, MAD, MAK, MET, PET, TEK, TEL",,
21008,EHB 408E,EHB,LS,Wireless Com.Networks,,Güneş Zeynep Karabulut Kurt,EEB,Pazartesi,09:30/12:29,,30,17,,"EHB, EHBE, TEL",,
21009,MAL 201,MAL,LS,Malzeme Bilimi,,Muhammet Kürşat Kazmanlı,EEB,Salı,09:30/12:29,,75,75,,"EHB, ELE, ELH, ELK, KOM, TEL",,
21010,MAT 202E,MAT,LS,Numerical Methods,,Zehra Elif Batman,EEB,Salı,13:30/16:29,,50,54,,"BLG, BLGE, CEV, CEVE, CHZ, CHZE, DEN, DENE, EHB, EHBE, ELE, ELH, ELK, ELKE, GEM, GEME, GEMK, GEO, GEOE, GID, GIDE, IML, IMLE, INS, INSE, ISL, ISLE, JEF, JEFE, JEO, JEOE, KMM, KMME, KOM, KOME, KON, KONE, MAD, MADE, MAK, MAKE, MET, METE, MTO, MTOE, PET, PETE, TEK, TEKE, TEL, UCK, UCKE, UZB, UZBE",,
21011,EHB 412,EHB,LS,Sayısal Sis. Lab.,,Ali Bahadır,EEB,Perşembe,10:30/12:29,,35,36,,"EHB, TEL",,
21012,MAL 201,MAL,LS,Malzeme Bilimi,,Mohammadreza Nofar,EEB,Pazartesi,08:30/11:29,,75,75,,"EHB, ELE, ELH, ELK, KOM, TEL",,
21013,MAT 202E,MAT,LS,Numerical Methods,,Özgür Özdemir,EEB,Salı,13:30/16:29,,65,66,,"BLG, BLGE, CEV, CEVE, CHZ, CHZE, DEN, DENE, EHB, EHBE, ELE, ELH, ELK, ELKE, GEM, GEME, GEMK, GEO, GEOE, GID, GIDE, IML, IMLE, INS, INSE, ISL, ISLE, JEF, JEFE, JEO, JEOE, KMM, KMME, KOM, KOME, KON, KONE, MAD, MADE, MAK, MAKE, MET, METE, MTO, MTOE, PET, PETE, TEK, TEKE, TEL, UCK, UCKE, UZB, UZBE",,
21014,EHB 412,EHB,LS,Sayısal Sis. Lab.,,Ali Bahadır,EEB,Perşembe,13:30/15:29,,35,11,,"EHB, TEL",,
21015,MAL 201,MAL,LS,Malzeme Bilimi,,Hüseyin Kızıl,EEB,Perşembe,09:30/12:29,,75,75,,"EHB, ELE, ELH, ELK, KOM, TEL",,
21016,EHB 412,EHB,LS,Sayısal Sis. Lab.,,Ali Bahadır,EEB,Cuma,10:30/12:29,,35,28,,"EHB, TEL",,
21017,MAT 271,MAT,LS,Olasılık ve İstatistik,,İbrahim Altunbaş,EEB,Çarşamba,12:30/15:29,,50,50,,"BIO, BLG, EHB, ELE, ELH, EUT, FIZ, GEM, GEO, GID, IML, INS, JEO, KMM, MET, MTO, PET, TEL, UCK, UZB",,
21018,MAL 201E,MAL,LS,Materials Science,,Hakan Nuri Atahan,EEB,Cuma,09:30/12:29,,75,75,,"EHB, EHBE, ELH, ELK, ELKE, KOM, KOME",,
21019,EHB 412E,EHB,LS,Digital Systems Lab.,,Sıddıka Berna Örs Yalçın,EEB,Çarşamba,09:30/11:29,,35,37,,"EHB, EHBE, TEL",,
21020,MAL 201E,MAL,LS,Materials Science,,Hakan Nuri Atahan,EEB,Çarşamba,09:30/12:29,,75,70,,"EHB, EHBE, ELH, ELK, ELKE, KOM, KOME",,
21021,MAT 271,MAT,LS,Olasılık ve İstatistik,,Yücel Aydın,EEB,Çarşamba,12:30/15:29,,50,22,,"BIO, BLG, EHB, ELE, ELH, EUT, FIZ, GEM, GEO, GID, IML, INS, JEO, KMM, MET, MTO, PET, TEL, UCK, UZB",,
21022,EHB 412E,EHB,LS,Digital Systems Lab.,,Ece Olcay Güneş,EEB,Cuma,14:00/15:59,,35,34,,"EHB, EHBE, TEL",,
21023,DNK 201,DNK,LS,Dinamik,,Abdullah Gedikli,EEB,Pazartesi,09:30/12:29,,50,28,,"DUI, EHB, ELE, ELH, ELK, FIZ, INS, JEO, KOM, KON, MTO, TEK, TEL, UCK, UZB",,
21024,EHB 420E,EHB,LS,Artificial Neural Networks,,İsa Yıldırım,EEB,Cuma,14:00/16:59,,40,50,,"EHB, EHBE, ELE",,
21025,MAT 271E,MAT,LS,Probability and Statistics,,Ahmet Hamdi Kayran,EEB,Çarşamba,12:30/15:29,,55,63,,"BIO, BIOE, BLG, BLGE, CEV, CEVE, CHZ, CHZE, DEN, DENE, DUI, EHB, EHBE, EHN, ELE, ELH, ELK, ELKE, EUT, EUTE, FIZ, FIZE, GEM, GEME, GEMK, GEO, GEOE, GID, GIDE, GMI, GMIE, GMIK, IML, IMLE, INS, INSE, JEF, JEFE, JEO, JEOE, KMM, KMME, KOM, KOME, KON, KONE, MAD, MADE, MAK, MAKE, MET, METE, MTO, MTOE, PET, PETE, SBP, SBPE, SEH, TEK, TEKE, TEL, UCK, UCKE, UZB, UZBE",,
21026,ELK 436,ELK,LS,Yüksek Gerilim Ölçme Lab,,Özcan Kalenderli,EEB,Perşembe,13:30/16:29,,30,30,,ELK,,
21027,EHB 425E,EHB,LS,VLSI Circuit Design II,,Sıddıka Berna Örs Yalçın,EEB,Pazartesi,09:30/12:29,,30,14,,"EHB, EHBE, ELE",,
21028,DNK 201,DNK,LS,Dinamik,,Ali Nuri Doğruoğlu,EEB,Çarşamba,12:30/15:29,,50,31,,"DUI, EHB, ELE, ELH, ELK, FIZ, INS, JEO, KOM, KON, MTO, TEK, TEL, UCK, UZB",,
21029,ELK 453E,ELK,LS,Indst Appl of Power Elc. I,,Özgür Üstün,EEB,Perşembe,13:30/16:29,,40,40,,"ELK, ELKE, KOM, KOME",,
21030,ELK 458,ELK,LS,Elektrik Mühendisliği Projesi,,Ayşen Demirören,EEB,Pazartesi,09:30/12:29,,15,13,,ELK,,
21031,MAT 271E,MAT,LS,Probability and Statistics,,İsa Yıldırım,EEB,Çarşamba,12:30/15:29,,55,55,,"BIO, BIOE, BLG, BLGE, CEV, CEVE, CHZ, CHZE, DEN, DENE, DUI, EHB, EHBE, EHN, ELE, ELH, ELK, ELKE, EUT, EUTE, FIZ, FIZE, GEM, GEME, GEMK, GEO, GEOE, GID, GIDE, GMI, GMIE, GMIK, IML, IMLE, INS, INSE, JEF, JEFE, JEO, JEOE, KMM, KMME, KOM, KOME, KON, KONE, MAD, MADE, MAK, MAKE, MET, METE, MTO, MTOE, PET, PETE, SBP, SBPE, SEH, TEK, TEKE, TEL, UCK, UCKE, UZB, UZBE",,
21032,ELK 458,ELK,LS,Elektrik Mühendisliği Projesi,,Canan Karatekin,EEB,Pazartesi,09:30/12:29,,15,15,,ELK,,
21033,EHB 426E,EHB,LS,Microelectr.Analog Syst.Design,,Tufan Coşkun Karalar,EEB,Salı,09:30/12:29,,35,19,,"EHB, EHBE, ELE, ELH",,
21034,MAT 271E,MAT,LS,Probability and Statistics,,Tayfun Akgül,EEB,Çarşamba,12:30/15:29,,55,55,,"BIO, BIOE, BLG, BLGE, CEV, CEVE, CHZ, CHZE, DEN, DENE, DUI, EHB, EHBE, EHN, ELE, ELH, ELK, ELKE, EUT, EUTE, FIZ, FIZE, GEM, GEME, GEMK, GEO, GEOE, GID, GIDE, GMI, GMIE, GMIK, IML, IMLE, INS, INSE, JEF, JEFE, JEO, JEOE, KMM, KMME, KOM, KOME, KON, KONE, MAD, MADE, MAK, MAKE, MET, METE, MTO, MTOE, PET, PETE, SBP, SBPE, SEH, TEK, TEKE, TEL, UCK, UCKE, UZB, UZBE",,
21035,DNK 201E,DNK,LS,Dynamics,,Bahar Ayhan Tezer,EEB,Pazartesi,09:30/12:29,,50,28,,"DEN, DENE, DUI, DUIE, DUIK, EHB, EHBE, ELE, ELH, ELK, ELKE, FIZ, FIZE, GEM, GEME, GEMK, GMI, GMIE, INS, INSE, JEO, JEOE, KOM, KOME, KON, KONE, MAD, MAT, MATE, MTO, PETE, TEK, TEL, UCK, UCKE, UZB, UZBE",,
21036,ELK 458,ELK,LS,Elektrik Mühendisliği Projesi,,Güven Kömürgöz Kırış,EEB,Pazartesi,09:30/12:29,,15,15,,ELK,,
21037,MAT 271E,MAT,LS,Probability and Statistics,,Mustafa Doğan,EEB,Çarşamba,12:30/15:29,,50,51,,"BIO, BIOE, BLG, BLGE, CEV, CEVE, CHZ, CHZE, DEN, DENE, DUI, EHB, EHBE, EHN, ELE, ELH, ELK, ELKE, EUT, EUTE, FIZ, FIZE, GEM, GEME, GEMK, GEO, GEOE, GID, GIDE, GMI, GMIE, GMIK, IML, IMLE, INS, INSE, JEF, JEFE, JEO, JEOE, KMM, KMME, KOM, KOME, KON, KONE, MAD, MADE, MAK, MAKE, MET, METE, MTO, MTOE, PET, PETE, SBP, SBPE, SEH, TEK, TEKE, TEL, UCK, UCKE, UZB, UZBE",,
21038,EHB 427E,EHB,LS,Microelectronics Technology,,Ahmet Can Erten,EEB,Çarşamba,08:30/11:29,,35,26,,"EHB, EHBE, ELE",,
21039,ELK 458,ELK,LS,Elektrik Mühendisliği Projesi,,Ömer Gül,EEB,Pazartesi,09:30/12:29,,15,12,,ELK,,
21040,MAT 281,MAT,LS,Lineer Cebir ve Uygulamaları,,Yücel Aydın,EEB,Cuma,14:00/16:59,,75,73,,"EHB, ELE, ELK, KOM, TEL",,
21041,ELK 458E,ELK,LS,Electrical Engineering Project,,Suat İlhan,EEB,Pazartesi,09:30/12:29,,15,3,,"ELK, ELKE",,
21042,ELK 458E,ELK,LS,Electrical Engineering Project,,Derya Ahmet Kocabaş,EEB,Pazartesi,09:30/12:29,,15,15,,"ELK, ELKE",,
21043,ELK 458E,ELK,LS,Electrical Engineering Project,,Lale Erdem Atılgan,EEB,Pazartesi,09:30/12:29,,15,8,,"ELK, ELKE",,
21044,MAT 281E,MAT,LS,Linear Algebra and Applicat.,,Veysel Murat İstemihan Genç,INB,Perşembe,13:30/16:29,,75,79,,"EHB, EHBE, ELE, ELK, ELKE, KOM, KOME, TEL",,
21045,EHB 428,EHB,LS,Endüstriyel Elektronik,,Ali Bahadır,EEB,Çarşamba,12:30/15:29,,30,51,,"EHB, ELE, ELH",,
21046,ELK 464,ELK,LS,Elk Tesislerinde Koruma Tek,,Hatice Lale Zeynelgil,EEB,Çarşamba,12:30/15:29,,40,40,,ELK,,
21047,BIL 100E,BIL,LS,Intr.to Prog.Language(PYTHON),,Ali Bahadır,EEB | EEB,Cuma | Cuma,14:00/14:59 | 15:00/16:59,,40,4,,"EHB, EHBE, KOM, KOME, TEL",,
21048,EHB 431E,EHB,LS,Design & Appl.Digital Com.Sys.,,Güneş Zeynep Karabulut Kurt,EEB,Pazartesi,13:30/17:29,,20,20,,"EHB, EHBE, TEL",,
21050,EHB 433,EHB,LS,Sayısal Filtreler&Sistemler;,,Müştak Erhan Yalçın,EEB,Salı,09:30/12:29,,35,36,,"EHB, ELE",,
21051,STA 204,STA,LS,Statik ve Mukavemet,,Akif Kutlu,EEB,Salı,13:30/16:29,,50,49,,"CEV, EHB, ELE, ELH, ELK, EUT, GID, ISL, KMM, KOM, KON, MET, MTO, PET, TEL",,
21052,EHB 437,EHB,LS,Biyomedikal Düzenler,,Zümray Ölmez,EEB,Perşembe,13:30/16:29,,35,8,,"EHB, ELE, ELH",,
21053,EHB 445,EHB,LS,Tıbbi Enstr. Tasarım ve Uyg.,,Tamer Ölmez,EEB,Perşembe,09:30/13:29,,20,18,,"EHB, ELE",,
21054,STA 204,STA,LS,Statik ve Mukavemet,,Bahattin Kimençe,EEB,Çarşamba,12:30/15:29,,50,44,,"CEV, EHB, ELE, ELH, ELK, EUT, GID, ISL, KMM, KOM, KON, MET, MTO, PET, TEL",,
21055,BIL 110E,BIL,LS,Intr. to Prog. Language (C),,Tahir Çetin Akıncı,EEB | EEB,Cuma | Cuma,09:30/10:29 | 10:30/12:29,,50,52,,"ELK, ELKE",,
21056,STA 204E,STA,LS,Statics&Strength; of Materials,,Murat Yılmaz,EEB,Çarşamba,12:30/15:29,,50,25,,"CEV, CEVE, EHB, EHBE, ELE, ELH, ELK, ELKE, EUT, EUTE, GID, GIDE, ISL, ISLE, JEF, KMM, KMME, KOM, KOME, KON, KONE, MET, METE, MTO, PET, PETE, TEL",,
21057,EHB 456E,EHB,LS,Antennas,,Mehmet Çayören,EEB,Cuma,09:30/12:29,,30,32,,"EHB, EHBE, TEL",,
21058,BIL 110E,BIL,LS,Intr. to Prog. Language (C),,Gülcihan Özdemir,EEB | EEB,Cuma | Cuma,09:30/10:29 | 10:30/12:29,,50,50,,"ELK, ELKE",,
21059,EHB 463,EHB,LS,Haberleşme Sistemleri,,Hasan Ümit Aygölü,EEB,Perşembe,13:30/16:29,,35,16,,"EHB, ELH, TEL",,
21060,BLG 212,BLG,LS,Mikroişlemci Sistemleri,,Tamer Ölmez,EEB,Salı,13:30/16:29,,55,43,,"EHB, ELE, ELK, KOM, TEL",,
21061,EHB 464E,EHB,LS,Satellite Communications,,Mesut Kartal,EEB,Perşembe,13:30/16:29,,35,35,,"EHB, EHBE, ELH, TEL",,
21062,BLG 212E,BLG,LS,Microprocessor Systems,,İbrahim Akduman,EEB,Salı,13:30/16:29,,55,55,,"EHB, EHBE, ELE, ELH, ELK, ELKE, KOM, KOME, TEL",,
21063,ELK 472E,ELK,LS,Renewable Energy Systems,,Deniz Yıldırım,EEB,Perşembe,13:30/16:29,,40,7,,"ELK, ELKE",,
21064,BLG 231,BLG,LS,Sayısal Devreler,,Ali Sinan Çabuk,EEB,Perşembe,09:30/12:29,,50,50,,"ELK, MKN",,
21065,EHB 465E,EHB,LS,Fiberoptic Com. Systems,,Onur Ferhanoğlu,EEB,Cuma,14:00/16:59,,45,38,,"EHB, EHBE, ELH, TEL",,
21066,BLG 231,BLG,LS,Sayısal Devreler,,Tahir Çetin Akıncı,EEB,Perşembe,09:30/12:29,,53,52,,"ELK, MKN",,
21067,ELK 474E,ELK,LS,Power Syst Cntrl & Comm,,Ömer Usta,EEB,Cuma,09:30/12:29,,40,40,,"ELK, ELKE",,
21068,EHB 466,EHB,LS,Uzaktan Algılama,,Sedef Kent Pınar,EEB,Çarşamba,08:30/11:29,,35,34,,"EHB, ELH, TEL",,
21069,BLG 231E,BLG,LS,Digital Circuits,,Ali Sinan Çabuk,EEB,Cuma,09:30/12:29,,50,20,,"ELK, ELKE",,
21070,ELK 488E,ELK,LS,Electric Drive Systems,,Derya Ahmet Kocabaş,EEB,Perşembe,09:30/12:29,,40,35,,"ELK, ELKE, KOM, KOME",,
21071,EHB 467,EHB,LS,Radar Sistemleri,,Murat Tayfun Günel,EEB,Cuma,09:30/12:29,,35,14,,"EHB, ELH, TEL",,
21072,BLG 252E,BLG,LS,Object Oriented Programming,,Serkan Türkeli,EEB,Salı,09:30/12:29,,50,50,,"EHB, EHBE, ELE, KOM, KOME, TEL",,
21073,BLG 368E,BLG,LS,Operations Research,,Serkan Türkeli,EEB,Salı,13:30/16:29,,50,50,,"EHB, EHBE, ELE, KOM, KOME, TEL",,
21074,BLG 448E,BLG,LS,Project Management in Eng.,,Serkan Türkeli,EEB,Pazartesi,13:30/16:29,,50,12,,"KOM, KOME",,
21075,ELK 492,ELK,LS,Bitirme Tasarım Projesi,,Emine Ayaz,---,,/,,500,76,,ELK,,
21076,ETK 101E,ETK,LS,Engineering Ethics,,Bora Döken,EEB,Pazartesi,12:30/13:29,,35,35,,"CHZ, CHZE, EHB, EHBE, EHN, IML, IMLE, JEF, JEFE, JEO, JEOE, KOM, KOME, KON, KONE, MAD, MADE, MAK, MAKE, MTO, MTOE, PET, PETE, SEH, TEK, TEKE",,
21077,EHB 492,EHB,LS,Bitirme Projesi,,İbrahim Akduman,---,,/,,500,63,,EHB,,
21078,EHB 492E,EHB,LS,Graduation Project,,İbrahim Akduman,---,,/,,500,49,,"EHB, EHBE",,
21079,ELK 492E,ELK,LS,Graduation Design Project,,Emine Ayaz,---,,/,,500,19,,"ELK, ELKE",,
21080,ELK 496E,ELK,LS,Power Sys.Dynamics & Stability,,Veysel Murat İstemihan Genç,EEB,Çarşamba,12:30/15:29,,40,34,,"ELK, ELKE",,
21081,KON 110E,KON,LS,Intr. to Prog. Language (C),,Sıddık Murat Yeşiloğlu,EEB | EEB,Çarşamba | Çarşamba,09:30/10:29 | 10:30/12:29,,40,40,,"KOM, KOME",,
21082,GEM 332E,GEM,LS,Electrical Systems in Ships,,--,GDB,Perşembe,10:30/12:29,,0,1,,"DENE, GEME, GEMK",,
21083,KON 214,KON,LS,Sistem Modelleme ve Simülasyon,,Hakan Temeltaş,EEB,Pazartesi,13:30/16:29,,80,80,,KOM,,
21084,EHN 101,EHN,LS,Engineering Ethics,,Tayfun Akgül,EEB,Salı,11:30/12:29,,30,13,,"EHN, SEH",,
21085,KON 214E,KON,LS,System Modelling&Simulation;,,Hakan Temeltaş,EEB,Cuma,09:30/12:29,,30,4,,KOME,,
21086,KON 218,KON,LS,Ölçme Tekniği ve Algılayıcılar,,Yücel Aydın,EEB,Cuma,08:30/12:29,,60,60,,"KOM, MKN",,
21087,KON 218,KON,LS,Ölçme Tekniği ve Algılayıcılar,,Serhat İkizoğlu,EEB,Cuma,08:30/12:29,,60,55,,"KOM, MKN",,
21088,KON 218E,KON,LS,Measurement and Sensors,,Serhat İkizoğlu,EEB,Perşembe,08:30/12:29,,40,11,,"KOM, KOME",,
21089,KON 224,KON,LS,Ölçme ve Enstrümantasyon,,Yücel Aydın,EEB,Salı,09:30/12:29,,60,33,,"EHB, ELE, ELH, ELK, TEL",,
21090,KON 224E,KON,LS,Measurement&Instrumentation;,,Serhat İkizoğlu,EEB,Salı,09:30/12:29,,60,17,,"EHB, EHBE, ELK, ELKE",,
21091,KON 313E,KON,LS,Feedback Control Systems,,Tufan Kumbasar,EEB,Pazartesi,13:30/16:29,,80,23,,"KOM, KOME",,
21092,KON 314,KON,LS,Kontrol Sistem Tasarımı,,Mehmet Turan Söylemez,EEB | EEB,Pazartesi | Perşembe,13:30/15:29 | 15:30/17:29,,80,63,,KOM,,
21093,KON 317,KON,LS,Otomatik Kontrol Sistemleri,,Sıddık Murat Yeşiloğlu,EEB,Cuma,09:30/12:29,,80,80,,"EHB, ELE, ELH, ELK, TEL",,
21094,KON 317,KON,LS,Otomatik Kontrol Sistemleri,,Volkan Sezer,EEB,Cuma,09:30/12:29,,80,80,,"EHB, ELE, ELH, ELK, TEL",,
21095,KON 317E,KON,LS,Control Systems,,Tufan Kumbasar,EEB,Cuma,09:30/12:29,,80,80,,"EHB, EHBE, ELK, ELKE",,
21096,KON 322,KON,LS,Endüstriyel Kumanda Sistemleri,,Salman Kurtulan,EEB,Salı,13:30/16:29,,80,80,,"ELK, KOM",,
21097,EHN 105,EHN,LS,Intr to Sci&Eng; Comp (C),,Serkan Şimşek,EEB,Perşembe,08:30/12:29,,30,15,,"EHN, SEH",,
21098,KON 322E,KON,LS,Industrial Automated Systems,,Yaprak Yalçın,EEB,Pazartesi,13:30/16:29,,40,4,,"ELK, ELKE, KOM, KOME",,
21099,KON 324E,KON,LS,Sensors &Transducers; in Cntrl,,Ali Fuat Ergenç,EEB,Perşembe,12:30/15:29,,80,35,,"END, ENDE, KOM, KOME",,
21100,EHN 121,EHN,LS,Fundamentals of Eng. Dsgn.,,İsmail Serdar Özoğuz,EEB,Pazartesi,13:30/15:29,,30,16,,"EHN, SEH",,
21101,KON 326,KON,LS,Bilgisayar Kontrollü Sistemler,,Afife Leyla Gören,EEB,Çarşamba,13:30/15:29,,80,80,,KOM,,
21102,PHY 124,PHY,LS,Physics II,,Yaşar Yılmaz,EEB,Pazartesi,08:30/11:29,,30,14,,"EHN, SEH",,
21103,KON 326E,KON,LS,Computer Controlled Systems,,Yaprak Yalçın,EEB,Çarşamba,13:30/15:29,,40,5,,"KOM, KOME",,
21104,PHY 124L,PHY,LS,Physics II Lab,,Yaşar Yılmaz,EEB,Çarşamba,13:30/15:29,,30,14,,"EHN, SEH",,
21105,KON 407E,KON,LS,State Space Meth.in Contr.Syst,,Fikret Çalışkan,EEB,Salı,09:30/12:29,,30,30,,"KOM, KOME",,
21106,MTH 132,MTH,LS,Mathematics II,,Füsun Zengin,EEB | EEB,Salı | Cuma,13:30/16:29 | 09:30/11:29,,50,18,,"EHN, SEH",,
21107,KON 417,KON,LS,Servo Motorlar,,Metin Gökaşan,EEB,Çarşamba,09:30/12:29,,80,44,,"KOM, MKN",,
21108,KON 417E,KON,LS,Servo Motors,,Volkan Sezer,EEB,Perşembe,09:30/12:29,,40,24,,"KOM, KOME",,
21109,MTH 271,MTH,LS,Probability and Statistics,,Ender Mete Ekşioğlu,EEB,Çarşamba,09:30/12:29,,30,12,,"EHN, SEH",,
21110,KON 421,KON,LS,Robot Kontrolü,,Sıddık Murat Yeşiloğlu,EEB,Perşembe,09:30/12:29,,50,26,,KOM,,
21111,EHN 313,EHN,LS,Electromagnetic Waves,,İbrahim Akduman,EEB,Salı,09:30/12:29,,30,12,,"EHN, SEH",,
21112,KON 421E,KON,LS,Robot Control,,Ovsanna Seta Estrada,EEB,Perşembe,09:30/12:29,,30,0,,KOME,,
21113,KON 424E,KON,LS,Mod.&Cntrl; of Biological Sys.,,Ali Fuat Ergenç,EEB,Çarşamba,08:30/11:29,,50,37,,"EHB, EHBE, KOM, KOME",,
21114,ALM 101,ALM,LS,Almanca I,,İnanç Bakkalbaşı,MED,Pazartesi,08:30/12:29,,20,20,,Tüm Lisans ve Lisansüstü Programlar,,
21115,EHN 314,EHN,LS,Electronic Devices,,Mustafa Berke Yelten,EEB,Çarşamba,08:30/11:29,,30,12,,"EHN, SEH",,
21116,KON 426E,KON,LS,Intelligent Control Systems,,Gülay Öke Günel,EEB,Pazartesi,13:30/16:29,,50,50,,"KOM, KOME",,
21117,EHN 334,EHN,LS,Random Signals and Noise,,Ahmet Hamdi Kayran,EEB,Cuma,14:00/16:59,,30,13,,"EHN, SEH",,
21118,KON 428,KON,LS,Optimal Kontrole Giriş,,Müjde Güzelkaya,EEB,Pazartesi,09:30/12:29,,65,61,,KOM,,
21119,KON 436E,KON,LS,Int.to Nonlinear Control Syst.,,Sıddık Murat Yeşiloğlu,EEB,Perşembe,13:30/16:29,,50,34,,"KOM, KOME",,
21120,EHN 351,EHN,LS,Analog Communications,,Güneş Zeynep Karabulut Kurt,EEB,Perşembe,13:30/16:29,,30,11,,"EHN, SEH",,
21121,KON 492,KON,LS,Bitirme Tasarım Projesi,,Hakan Temeltaş,---,,/,,500,45,,KOM,,
21122,KON 492E,KON,LS,Senior Design Project,,Hakan Temeltaş,---,,/,,500,18,,"KOM, KOME",,
21123,ISE 102,ISE,LS,Programming I,,Deniz Turgay Altılar,EEB | EEB,Cuma | Cuma,12:30/15:29 | 15:30/17:29,,45,25,,SBL,,
21124,MTH 112,MTH,LS,Discrete Mathematics,,Tolga Ovatman,EEB,Pazartesi,08:30/11:29,,45,27,,SBL,,
21125,ALM 101,ALM,LS,Almanca I,,İnanç Bakkalbaşı,MED,Salı,08:30/12:29,,20,20,,Tüm Lisans ve Lisansüstü Programlar,,
21126,JPN 101,JPN,LS,Japonca I,,Salih Kirazoğlu,MED,Çarşamba,08:30/12:29,,20,19,,Tüm Lisans ve Lisansüstü Programlar,,
21127,ULP 102,ULP,LS,NewBeg.Fresh.Sem.&Se..,,--,---,Pazartesi,18:30/20:29,,250,130,,"MBI, MCB, SBL, SCE, SDU, SEK, SEN, SGM, SIN, SIS, SMT, STP",,
21128,ALM 102,ALM,LS,Almanca II,,İnanç Bakkalbaşı,MEDB,Perşembe,08:30/12:29,,25,25,,Tüm Lisans ve Lisansüstü Programlar,,
21129,ISE 305,ISE,LS,Database Systems,,Ahmet Cüneyd Tantuğ,EEB,Çarşamba,12:30/15:29,,40,28,,SBL,,
21130,JPN 101,JPN,LS,Japonca I,,Salih Kirazoğlu,MED,Salı,13:30/17:29,,20,19,,Tüm Lisans ve Lisansüstü Programlar,,
21131,ALM 401,ALM,LS,Almanca VII,,Vanessa Zogopoulou,MED,Cuma,08:30/12:29,,20,8,,Tüm Lisans ve Lisansüstü Programlar,,
21132,ALM 202,ALM,LS,Almanca IV,,Vanessa Zogopoulou,EEB,Pazartesi,13:30/17:29,,20,18,,Tüm Lisans ve Lisansüstü Programlar,,
21133,ISE 306,ISE,LS,Computer Networks,,Berk Canberk,EEB,Cuma,09:30/12:29,,40,27,,SBL,,
21134,JPN 102,JPN,LS,Japonca II,,Salih Kirazoğlu,DIB,Perşembe,13:30/17:29,,20,15,,Tüm Lisans ve Lisansüstü Programlar,,
21135,ALM 201,ALM,LS,Almanca III,,Vanessa Zogopoulou,GDB,Salı,13:30/17:29,,25,25,,Tüm Lisans ve Lisansüstü Programlar,,
21136,ALM 302,ALM,LS,Almanca VI,,Vanessa Zogopoulou,MEDB,Perşembe,13:30/17:29,,20,18,,Tüm Lisans ve Lisansüstü Programlar,,
21137,JPN 201,JPN,LS,Japonca III,,Salih Kirazoğlu,MED,Cuma,13:30/17:29,,20,17,,Tüm Lisans ve Lisansüstü Programlar,,
21138,ALM 301,ALM,LS,Almanca V,,Vanessa Zogopoulou,MED,Cuma,13:30/17:29,,25,25,,Tüm Lisans ve Lisansüstü Programlar,,
21139,ISE 307,ISE,LS,IT Systems Analysis and Design,,Yusuf Yaslan,EEB,Perşembe,09:30/12:29,,40,28,,SBL,,
21142,FRA 102,FRA,LS,Fransızca II,,Hilal Küçük,DIB,Pazartesi,08:30/12:29,,20,14,,Tüm Lisans ve Lisansüstü Programlar,,
21144,FRA 102,FRA,LS,Fransızca II,,Hilal Küçük,DIB,Salı,08:30/12:29,,20,18,,Tüm Lisans ve Lisansüstü Programlar,,
21145,ISE 333,ISE,LS,Int. to Comp. & Inf. Security,,Şerif Bahtiyar,EEB,Çarşamba,08:30/11:29,,40,15,,SBL,,
21147,FRA 101,FRA,LS,Fransızca I,,Ebru Yücetin Er,DIB,Çarşamba,08:30/12:29,,20,17,,Tüm Lisans ve Lisansüstü Programlar,,
21149,FRA 102,FRA,LS,Fransızca II,,Hilal Küçük,DIB,Perşembe,08:30/12:29,,20,11,,Tüm Lisans ve Lisansüstü Programlar,,
21150,ITA 101,ITA,LS,İtalyanca I,,Valentina Elmetti,DIB,Çarşamba,08:30/12:29,,20,19,,Tüm Lisans ve Lisansüstü Programlar,,
21151,FRA 101,FRA,LS,Fransızca I,,Yelda Tavukçuoğlu,DIB,Cuma,08:30/12:29,,20,20,,Tüm Lisans ve Lisansüstü Programlar,,
21152,GED 103,GED,LS,Intr.to World Affairs,,Umut Uzer,EEB,Salı,09:30/12:29,,40,25,,SBL,,
21153,ITA 202,ITA,LS,İtalyanca IV,,--,DIB,Perşembe,08:30/12:29,,0,0,,Tüm Lisans ve Lisansüstü Programlar,,
21154,FRA 201,FRA,LS,Fransızca III,,Yelda Tavukçuoğlu,MED,Salı,08:30/12:29,,20,10,,Tüm Lisans ve Lisansüstü Programlar,,
21155,ITA 201,ITA,LS,İtalyanca III,,Valentina Elmetti,MED,Cuma,13:30/17:29,,20,8,,Tüm Lisans ve Lisansüstü Programlar,,
21156,FRA 301,FRA,LS,Fransızca V,,--,DIB,Perşembe,08:30/12:29,,0,0,,Tüm Lisans ve Lisansüstü Programlar,,
21158,ITA 102,ITA,LS,İtalyanca II,,Valentina Elmetti,DIB,Salı,13:30/17:29,,20,14,,Tüm Lisans ve Lisansüstü Programlar,,
21162,FRA 201,FRA,LS,Fransızca III,,Ebru Yücetin Er,DIB,Cuma,08:30/12:29,,20,18,,Tüm Lisans ve Lisansüstü Programlar,,
21164,FRA 202,FRA,LS,Fransızca IV,,Hilal Küçük,DIB,Cuma,08:30/12:29,,20,10,,Tüm Lisans ve Lisansüstü Programlar,,
21165,FRA 201,FRA,LS,Fransızca III,,Hilal Küçük,DIB,Pazartesi,13:30/17:29,,20,14,,Tüm Lisans ve Lisansüstü Programlar,,
21166,ISP 201,ISP,LS,İspanyolca III,,Maria Victoria Galvez Frutos,KMB,Çarşamba,08:30/12:29,,20,20,,Tüm Lisans ve Lisansüstü Programlar,,
21168,FRA 101,FRA,LS,Fransızca I,,Ebru Yücetin Er,DIB,Salı,13:30/17:29,,20,20,,Tüm Lisans ve Lisansüstü Programlar,,
21169,FRA 101,FRA,LS,Fransızca I,,Yelda Tavukçuoğlu,DIB,Perşembe,13:30/17:29,,20,19,,Tüm Lisans ve Lisansüstü Programlar,,
21170,RUS 102,RUS,LS,Rusça II,,Victoria Nikolaevna Leonova,MED,Cuma,08:30/12:29,,20,18,,Tüm Lisans ve Lisansüstü Programlar,,
21171,ISP 202,ISP,LS,İspanyolca IV,,Maria Victoria Galvez Frutos,MEDB,Perşembe,08:30/12:29,,20,10,,Tüm Lisans ve Lisansüstü Programlar,,
21172,ISP 101,ISP,LS,İspanyolca I,,Maria Victoria Galvez Frutos,INB,Salı,13:30/17:29,,20,20,,Tüm Lisans ve Lisansüstü Programlar,,
21173,MTH 102,MTH,LS,Calculus II,,Burak Yıldıran Stodolsky,MED | MED,Çarşamba | Cuma,13:30/15:29 | 08:30/11:29,,40,21,,SBL,,
21174,ISP 301,ISP,LS,İspanyolca V,,Maria Victoria Galvez Frutos,KMB,Perşembe,13:30/17:29,,20,11,,Tüm Lisans ve Lisansüstü Programlar,,
21175,RUS 101,RUS,LS,Rusça I,,Victoria Nikolaevna Leonova,MEDB,Pazartesi,13:30/17:29,,20,18,,Tüm Lisans ve Lisansüstü Programlar,,
21176,RUS 101,RUS,LS,Rusça I,,Victoria Nikolaevna Leonova,UUB,Salı,13:30/17:29,,20,19,,Tüm Lisans ve Lisansüstü Programlar,,
21177,ISE 309,ISE,LS,Multimedia Systems,,Hazım Kemal Ekenel,EEB,Salı,12:30/15:29,,40,14,,SBL,,
21178,ISP 101,ISP,LS,İspanyolca I,,Maria Victoria Galvez Frutos,DIB,Cuma,08:30/12:29,,20,20,,Tüm Lisans ve Lisansüstü Programlar,,
21179,ISP 102,ISP,LS,İspanyolca II,,Maria Victoria Galvez Frutos,DIB,Cuma,13:30/17:29,,25,25,,Tüm Lisans ve Lisansüstü Programlar,,
21180,RUS 101,RUS,LS,Rusça I,,Victoria Nikolaevna Leonova,GDB,Perşembe,13:30/17:29,,20,20,,Tüm Lisans ve Lisansüstü Programlar,,
21181,ISE 316,ISE,LS,Informatics Ethics & Law,,Eşref Adalı,EEB,Pazartesi,09:30/12:29,,40,26,,SBL,,
21184,ITA 101,ITA,LS,İtalyanca I,,Lina Calogera,MED,Perşembe,08:30/12:29,,20,20,,Tüm Lisans ve Lisansüstü Programlar,,
21185,ITA 101,ITA,LS,İtalyanca I,,Lina Calogera,DIB,Cuma,08:30/12:29,,20,19,,Tüm Lisans ve Lisansüstü Programlar,,
21186,ITA 101,ITA,LS,İtalyanca I,,Lina Calogera,DIB,Pazartesi,13:30/17:29,,20,19,,Tüm Lisans ve Lisansüstü Programlar,,
21187,ITA 102,ITA,LS,İtalyanca II,,Lina Calogera,MED,Perşembe,13:30/17:29,,20,20,,Tüm Lisans ve Lisansüstü Programlar,,
21188,TER 201,TER,LS,Termodinamik,,Emin Fuad Kent,EEB,Perşembe,09:30/12:29,,40,40,,"CEV, CHZ, DEN, GEM, ISL, JEO, KMM, KOM, KON, PET",,
21189,BIO 106E,BIO,LS,General Biology II,,Bülent Balta,FEB | FEB,Salı | Perşembe,08:30/10:29 | 12:30/13:29,,40,39,,"BIO, BIOE, BIOM",,
21190,BIO 106EL,BIO,LS,General Biology II Lab.,,"Bülent Balta, Ceren Çıracı",FEB,Salı,10:30/13:29,,90,85,,"BIO, BIOE, BIOM",,
21191,BIL 113E,BIL,LS,Intr.to Sci& Eng.Comp.(MATLAB),,Halil Bayraktar,UUB,Perşembe,11:30/14:29,,60,51,,"BIO, BIOE",,
21192,BIO 212E,BIO,LS,Genetics,,Eda Tahir Turanlı,FEB,Perşembe,08:30/11:29,,80,80,,"BIO, BIOE, BIOM",,
21193,BIO 312E,BIO,LS,Biochemistry II,,Nevin Gül-Karagüler,FEB | FEB,Salı | Cuma,08:30/11:29 | 09:30/12:29,,80,65,,"BIO, BIOE",,
21194,BIO 216E,BIO,LS,Microbiology,,"Zeynep Petek Çakar, Ayten Karataş",FEB,Pazartesi,08:30/11:29,,90,88,,"BIO, BIOE, BIOM",,
21195,BIO 216EL,BIO,LS,Microbiology Lab.,,"Zeynep Petek Çakar, Ayten Karataş",FEB,Salı,14:30/17:29,,90,64,,"BIO, BIOE, BIOM",,
21196,MAT 271E,MAT,LS,Probability and Statistics,,Halil Bayraktar,FEB,Çarşamba,12:30/15:29,,80,81,,"BIO, BIOE, BLG, BLGE, CEV, CEVE, CHZ, CHZE, DEN, DENE, DUI, EHB, EHBE, EHN, ELE, ELH, ELK, ELKE, EUT, EUTE, FIZ, FIZE, GEM, GEME, GEMK, GEO, GEOE, GID, GIDE, GMI, GMIE, GMIK, IML, IMLE, INS, INSE, JEF, JEFE, JEO, JEOE, KMM, KMME, KOM, KOME, KON, KONE, MAD, MADE, MAK, MAKE, MET, METE, MTO, MTOE, PET, PETE, SBP, SBPE, SEH, TEK, TEKE, TEL, UCK, UCKE, UZB, UZBE",,
21197,BIO 331E,BIO,LS,Molecular Genetics,,"Arzu Karabay Korkmaz, Eda Tahir Turanlı",FEB | FEB,Salı | Perşembe,11:30/13:29 | 14:30/17:29,,80,61,,"BIO, BIOE, BIOM",,
21198,BIO 332E,BIO,LS,Modern Techniques in Biology,,"Hakan Bermek, Deniz Şahin",FEB,Pazartesi,14:30/17:29,,80,67,,"BIO, BIOE",,
21199,BIO 106E,BIO,LS,General Biology II,,Ceren Çıracı,FEB | FEB,Salı | Perşembe,08:30/10:29 | 12:30/13:29,,40,43,,"BIO, BIOE, BIOM",,
21200,BIO 471E,BIO,LS,Protein Biotechnology,,Hakan Bermek,FEB,Perşembe,14:30/17:29,,60,17,,"BIO, BIOE",,
21201,BIO 342E,BIO,LS,Enzymology,,"Nevin Gül-Karagüler, Fatma Neşe Kök",MOBGAM,Perşembe,08:30/11:29,,40,42,,"BIO, BIOE, BIOM",,
21202,BIO 442E,BIO,LS,Molecular Immunology,,"Ceren Çıracı, Ayça Sayı Yazgan",MOBGAM,Çarşamba,12:30/15:29,,40,18,,"BIO, BIOE, BIOM",,
21203,BIO 462E,BIO,LS,Prot. Struct.-Function Relat.,,Gizem Dinler Doğanay,MOBGAM,Salı,14:30/17:29,,40,30,,"BIO, BIOE, BIOM",,
21204,BIO 466E,BIO,LS,Developmental Biology,,Aslı Kumbasar,MOBGAM,Pazartesi,08:30/11:29,,40,35,,"BIO, BIOE, BIOM",,
21205,BIO 468E,BIO,LS,Current Topics in Ecology,,Hasan Nüzhet Dalfes,FEB,Perşembe,11:30/14:29,,20,20,,"BIO, BIOE, BIOM",,
21206,BIO 492,BIO,LS,Bitirme Çalışması,,Fatma Neşe Kök,FEB,,/,,500,2,,BIO,,
21207,BIO 492E,BIO,LS,Graduation Project,,Fatma Neşe Kök,FEB,,/,,500,44,,"BIO, BIOE",,
21208,MAT 437,MAT,LS,Reel Analiz II,,--,FEB,Pazartesi,14:30/17:29,,0,0,,MAT,,
21209,KIM 214E,KIM,LS,Strct & Properties of Polymers,,--,FEB,Perşembe,14:30/17:29,,0,0,,"FIZ, FIZE, KIM, KIME, KIMM, KYD, PETE",,
21210,UCK 212,UCK,LS,Termodinamik,,Aytaç Arıkoğlu,UUB | UUB,Çarşamba | Çarşamba,09:30/11:29 | 12:30/14:29,,50,38,,"UCK, UCKM, UZB, UZBM",,
21211,UCK 212E,UCK,LS,Thermodynamics,,Ali Kodal,UUB | UUB,Salı | Salı,11:30/13:29 | 14:30/16:29,,60,66,,"UCK, UCKE, UCKM, UZB, UZBE, UZBM",,
21212,UCK 206,UCK,LS,Termodinamik II,,"Ayşe Gül Güngör, Onur Tunçer",UUB,Çarşamba,12:30/14:29,,50,56,,UCK,,
21213,UCK 206E,UCK,LS,Thermodynamics II,,Ali Kodal,UUB,Çarşamba,12:30/14:29,,50,39,,"UCK, UZBE",,
21214,UCK 104,UCK,LS,Uçak Müh. ve Tasarım,,"Hayri Acar, Gökhan İnalhan",UUB,Perşembe,08:30/11:29,,80,79,,UCK,,
21215,UCK 226E,UCK,LS,Struc. & Mechanical Vibrations,,Özge Özdemir,UUB,Pazartesi,09:30/12:29,,30,31,,"UCK, UCKE, UZB, UZBE, UZBM",,
21216,UCK 236E,UCK,LS,Composite Materials,,Hülya Cebeci,UUB,Perşembe,08:30/11:29,,25,16,,"UCK, UCKE, UCKM, UZB, UZBE, UZBM",,
21217,UCK 322E,UCK,LS,Flight Mechanics,,Hayri Acar,UUB,Pazartesi,08:30/11:29,,55,72,,"UCK, UCKE, UCKM",,
21218,UCK 322E,UCK,LS,Flight Mechanics,,Emre Koyuncu,UUB,Cuma,14:30/17:29,,50,52,,"UCK, UCKE, UCKM",,
21219,UCK 328E,UCK,LS,Structural Analysis and Design,,Zahit Mecitoğlu,UUB,Cuma,08:30/11:29,,30,47,,"UCK, UCKE, UZB, UZBE, UZBM",,
21220,JDF 122E,JDF,LS,Elec.Distance& Angle Measur.,,Caner Güney,INB,Salı,13:30/15:29,,30,0,,GEOE,,
21221,UCK 348E,UCK,LS,Computer Applic.in Engineering,,Bülent Tutkun,UUB,Çarşamba,11:30/14:29,,30,19,,"UCK, UCKE, UZB, UZBE",,
21222,GEO 104,GEO,LS,Yersel Ölçme Don. Ve Yaz.,,Hasan Hakan Yavaşoğlu,INB,Perşembe,08:30/10:29,,68,68,,GEO,,
21223,JDF 232E,JDF,LS,Theory of Errorrs&Pa..,,Mustafa Tevfik Özlüdemir,INB,Salı,13:30/16:29,,55,22,,"GEO, GEOE, JDF",,
21224,UCK 362E,UCK,LS,Automatic Control,,Elbrus Caferov,UUB,Pazartesi,14:30/17:29,,80,82,,"MAKM, UCK, UCKE, UCKM, UZB, UZBE, UZBM",,
21225,JDF 330,JDF,LS,Çevre Kor. Uzaktan Alg.ve CBS,,Hilal Gonca Coşkun,INB,Perşembe,08:30/11:29,,30,6,,"GEO, JDF",,
21226,GEO 104E,GEO,LS,Terr. Surv. Equip. and Soft.,,"Turan Erden, Himmet Karaman",INB,Perşembe,11:30/13:29,,60,38,,GEOE,,
21227,UCK 360E,UCK,LS,Automatic Control I,,İsmail Bayezit,UUB,Perşembe,11:30/14:29,,60,58,,"UCK, UCKM, UZB, UZBE, UZBM",,
21228,JDF 410E,JDF,LS,Deformation Measurements,,"Bihter Erol, Serdar Erol",INB,Salı,08:30/10:29,,40,19,,"GEO, GEOE, JDF",,
21230,GEO 106E,GEO,LS,Fundamentals of Programming,,Ergin Tarı,INB | INB,Çarşamba | Çarşamba,08:30/10:29 | 10:30/12:29,,86,86,,"GEO, GEOE, JDF",,
21231,UCK 360E,UCK,LS,Automatic Control I,,Emre Koyuncu,UUB,Perşembe,11:30/14:29,,60,34,,"UCK, UCKM, UZB, UZBE, UZBM",,
21232,UCK 372,UCK,LS,Deneysel Mühendislik,,Duygu Erdem,UUB,Cuma,08:30/11:29,,24,22,,"UCK, UZB",,
21233,UCK 372,UCK,LS,Deneysel Mühendislik,,Erdem Akay,UUB,Perşembe,14:30/17:29,,24,24,,"UCK, UZB",,
21234,UCK 372E,UCK,LS,Experimental Engineering,,Erdem Akay,UUB,Pazartesi,08:30/11:29,,24,27,,"UCK, UCKE, UZB, UZBE",,
21235,JDF 420,JDF,LS,Jeodezide Yorumlama Yöntemleri,,Orhan Akyılmaz,INB,Pazartesi,10:30/12:29,,30,22,,"GEO, JDF",,
21236,UCK 372E,UCK,LS,Experimental Engineering,,Kemal Bülent Yüceil,UUB,Salı,14:30/17:29,,24,26,,"UCK, UCKE, UZB, UZBE",,
21237,JDF 426E,JDF,LS,National Network Observations,,Bihter Erol,INB,Çarşamba,08:30/10:29,,30,7,,"GEO, GEOE, JDF",,
21238,UCK 372E,UCK,LS,Experimental Engineering,,İdil Fenercioğlu Aydın,UUB,Cuma,14:30/17:29,,24,30,,"UCK, UCKE, UZB, UZBE",,
21239,UCK 372E,UCK,LS,Experimental Engineering,,İsmail Bayezit,UUB,Perşembe,08:30/11:29,,24,26,,"UCK, UCKE, UZB, UZBE",,
21240,JDF 430,JDF,LS,İmar Planları Uygulaması,,Yunus Kalkan,INB,Salı,10:30/12:29,,30,23,,"GEO, GEOE, JDF",,
21241,GEO 106E,GEO,LS,Fundamentals of Programming,,Hande Demirel,INB | INB,Çarşamba | Çarşamba,08:30/10:29 | 10:30/12:29,,86,86,,"GEO, GEOE, JDF",,
21242,UCK 432E,UCK,LS,Aircraft Design,,Hayri Acar,UUB,Salı,13:30/17:29,,50,38,,"UCK, UCKE",,
21243,JDF 434,JDF,LS,Arazi Toplulaştırması,,Gaye Onursal Denli,INB,Pazartesi,15:30/17:29,,18,18,,"GEO, GEOE, JDF",,
21244,UCK 432,UCK,LS,Uçak Tasarımı,,Hayri Acar,UUB,Pazartesi,13:30/17:29,,50,51,,"UCK, UCKM",,
21245,GEO 182,GEO,LS,Geomatik Projesi 1,,Mehmet Ufuk Özerman,INB | INB,Cuma | Cuma,08:30/11:29 | 14:30/17:29,,20,20,,"GEO, JDF",,
21246,JDF 492,JDF,LS,Tasarım Projesi,,Mehmet Ufuk Özerman,---,,/,,500,35,,"GEO, JDF",,
21247,JDF 492E,JDF,LS,Design Project,,Mehmet Ufuk Özerman,---,,/,,500,25,,"GEO, GEOE, JDF",,
21248,UCK 471E,UCK,LS,Aviation Maintenance Manag.,,Şükrü Can,UUB,Perşembe,08:30/11:29,,30,26,,"UCK, UCKE, UZB, UZBE",,
21249,UCK 488,UCK,LS,Uçak Sistemleri,,Senem Sevinç,UUB,Cuma,14:30/17:29,,40,35,,"UCK, UCKM, UZB",,
21250,ING 112,ING,LS,English I,,F. Şehkar F. Kınık,---,,/,,1000,279,,"BIO, BIOE, BLG, BLGE, CEV, CEVE, CHZ, CHZE, DEN, DENE, DUIE, ECNE, EHB, EHBE, EHN, ELE, ELH, ELK, ELKE, END, ENDE, EUT, EUTE, FIZ, FIZE, GEM, GEME, GEMK, GEO, GEOE, GID, GIDE, GMIE, ICM, IML, IMLE, INS, INSE, ISL, ISLE, JDF, JEF, JEFE, JEO, JEOE, KIM, KIME, KMM, KMME, KOM, KOME, MAD, MADE, MAK, MAKE, MAT, MATE, MET, METE, MIM, MIME, MTO, MTOE, MUZE, PEM, PEME, PET, PETE, SBP, SBPE, SEH, TEK, TEKE, TEL, UCK, UCKE, UZB, UZBE",,
21251,UZB 104E,UZB,LS,Astronaut. Eng.&Des.;,,"Alim Rüstem Aslan, Nuriye Leman Okşan Çetiner Yıldırım",UUB,Cuma,09:30/12:29,,78,81,,UZBE,,
21252,UZB 112E,UZB,LS,Computer Aided Drafting,,Hüsnü Barbaros Soyer,UUB,Perşembe,08:30/11:29,,55,45,,"UCK, UCKE, UZB, UZBE",,
21253,GEO 182,GEO,LS,Geomatik Projesi 1,,Mustafa Yanalak,INB | INB,Cuma | Cuma,08:30/11:29 | 14:30/17:29,,20,20,,"GEO, JDF",,
21254,GEO 182,GEO,LS,Geomatik Projesi 1,,Şinasi Kaya,INB | INB,Cuma | Cuma,08:30/11:29 | 14:30/17:29,,20,5,,"GEO, JDF",,
21255,UZB 218E,UZB,LS,Int.to Partial Diff.Eq. in Eng,,Mehmet Şahin,UUB,Cuma,14:30/17:29,,30,32,,"UCK, UCKE, UCKM, UZB, UZBE, UZBM",,
21256,GEO 182,GEO,LS,Geomatik Projesi 1,,Nebiye Musaoğlu,INB | INB,Cuma | Cuma,08:30/11:29 | 14:30/17:29,,20,18,,"GEO, JDF",,
21257,UZB 318E,UZB,LS,Finite Element Method,,Vedat Ziya Doğan,UUB,Pazartesi,14:30/17:29,,25,23,,"UCK, UCKE, UCKM, UZB, UZBE, UZBM",,
21258,UZB 352E,UZB,LS,Orbital Mechanics,,Kemal Bülent Yüceil,UUB,Perşembe,14:30/17:29,,90,105,,"UZB, UZBE, UZBM",,
21259,UZB 362E,UZB,LS,Compressible Aerodynamics,,Bayram Çelik,UUB | UUB,Salı | Çarşamba,11:30/13:29 | 09:30/11:29,,75,85,,"UCK, UCKE, UCKM, UZB, UZBE, UZBM",,
21260,GEO 182,GEO,LS,Geomatik Projesi 1,,Gaye Onursal Denli,INB | INB,Cuma | Cuma,08:30/11:29 | 14:30/17:29,,20,1,,"GEO, JDF",,
21261,UZB 362E,UZB,LS,Compressible Aerodynamics,,Melike Nikbay,UUB | UUB,Salı | Çarşamba,11:30/13:29 | 09:30/11:29,,75,76,,"UCK, UCKE, UCKM, UZB, UZBE, UZBM",,
21262,GEO 182,GEO,LS,Geomatik Projesi 1,,Hayri Hakan Denli,INB | INB,Cuma | Cuma,08:30/11:29 | 14:30/17:29,,20,3,,"GEO, JDF",,
21264,GEO 182E,GEO,LS,Geomatics Project I,,Ahmet Özgür Doğru,INB | INB,Cuma | Cuma,08:30/11:29 | 14:30/17:29,,20,12,,"GEO, GEOE, JDF",,
21265,GEO 182E,GEO,LS,Geomatics Project I,,Himmet Karaman,INB | INB,Cuma | Cuma,08:30/11:29 | 14:30/17:29,,20,20,,"GEO, GEOE, JDF",,
21266,GEO 182E,GEO,LS,Geomatics Project I,,Uğur Algancı,INB | INB,Cuma | Cuma,08:30/11:29 | 14:30/17:29,,20,5,,"GEO, GEOE, JDF",,
21267,GEO 202,GEO,LS,Mühendislik Ölçmeleri,,Mustafa Yanalak,INB,Pazartesi,13:30/17:29,,50,43,,"GEO, JDF",,
21268,GEO 202,GEO,LS,Mühendislik Ölçmeleri,,Hasan Hakan Yavaşoğlu,INB,Perşembe,13:30/17:29,,50,23,,"GEO, JDF",,
21269,GEO 202E,GEO,LS,Engineering Surveying,,Ergin Tarı,INB,Pazartesi,08:30/12:29,,50,46,,"GEO, GEOE, JDF",,
21270,GEO 204,GEO,LS,Hata Teo ve Dengeleme,,Serdar Erol,INB,Çarşamba,08:30/12:29,,50,10,,"GEO, JDF",,
21271,UZB 422E,UZB,LS,Spacecraft Systems Design,,Alim Rüstem Aslan,UUB | UUB,Pazartesi | Perşembe,09:30/11:29 | 09:30/11:29,,65,67,,"UZB, UZBE, UZBM",,
21272,GEO 204,GEO,LS,Hata Teo ve Dengeleme,,Orhan Akyılmaz,INB,Perşembe,13:30/17:29,,50,39,,"GEO, JDF",,
21273,GEO 204E,GEO,LS,Th.of Err. And Ad. C.,,Mustafa Tevfik Özlüdemir,INB,Pazartesi,13:30/17:29,,50,47,,"GEO, GEOE, JDF",,
21274,GEO 206,GEO,LS,Bilgisayar Dest. Harita Tas.,,"Nesibe Necla Uluğtekin, Mehmet Ufuk Özerman, Serdar Bilgi",INB | INB,Salı | Salı,08:30/11:29 | 13:30/15:29,,43,43,,"GEO, JDF",,
21275,GEO 206,GEO,LS,Bilgisayar Dest. Harita Tas.,,"Nesibe Necla Uluğtekin, Mehmet Ufuk Özerman",INB | INB,Perşembe | Perşembe,08:30/11:29 | 13:30/15:29,,35,12,,"GEO, JDF",,
21276,GEO 206E,GEO,LS,Computer Aided Map Design,,Ahmet Özgür Doğru,INB | INB,Perşembe | Perşembe,08:30/11:29 | 13:30/15:29,,48,48,,"GEO, GEOE, JDF",,
21277,GEO 208,GEO,LS,Uzaktan Algılama I,,Çiğdem Göksel,INB,Pazartesi,08:30/10:29,,40,40,,"GEO, JDF",,
21278,GEO 208,GEO,LS,Uzaktan Algılama I,,Şinasi Kaya,INB,Pazartesi,08:30/10:29,,40,9,,"GEO, JDF",,
21279,GEO 208E,GEO,LS,Remote Sensing I,,Ayşe Filiz Sunar,INB,Perşembe,15:30/17:29,,50,49,,"GEO, GEOE, JDF",,
21280,GEO 210,GEO,LS,Yükseklik Ölçmeleri,,Yunus Kalkan,INB,Salı,15:30/17:29,,50,48,,"GEO, JDF",,
21282,GEO 210E,GEO,LS,Fundamentals of Levelling,,Himmet Karaman,INB,Salı,13:30/15:29,,83,83,,"GEO, GEOE, JDF",,
21283,GEO 282,GEO,LS,Geomatik Projesi II,,Hasan Hakan Yavaşoğlu,INB | INB,Cuma | Cuma,08:30/11:29 | 14:30/17:29,,20,20,,"GEO, JDF",,
21284,GEO 282,GEO,LS,Geomatik Projesi II,,Yunus Kalkan,INB | INB,Cuma | Cuma,08:30/11:29 | 14:30/17:29,,20,12,,"GEO, JDF",,
21285,GEO 282,GEO,LS,Geomatik Projesi II,,Turan Erden,INB | INB,Cuma | Cuma,08:30/11:29 | 14:30/17:29,,20,20,,"GEO, JDF",,
21286,GEO 282E,GEO,LS,Geomatics Project II,,Cengizhan İpbüker,INB | INB,Cuma | Cuma,08:30/11:29 | 14:30/17:29,,20,12,,"GEO, GEOE, JDF",,
21287,GEO 282E,GEO,LS,Geomatics Project II,,Nesibe Necla Uluğtekin,INB | INB,Cuma | Cuma,08:30/11:29 | 14:30/17:29,,20,14,,"GEO, GEOE, JDF",,
21288,GEO 282E,GEO,LS,Geomatics Project II,,Ergin Tarı,INB | INB,Cuma | Cuma,08:30/11:29 | 14:30/17:29,,20,11,,"GEO, GEOE, JDF",,
21289,GEO 282E,GEO,LS,Geomatics Project II,,Serdar Bilgi,INB | INB,Cuma | Cuma,08:30/11:29 | 14:30/17:29,,20,5,,"GEO, GEOE, JDF",,
21290,GEO 302,GEO,LS,Arazi Yönetimi,,Tahsin Yomralıoğlu,INB,Salı,08:30/11:29,,60,18,,GEO,,
21291,GEO 302E,GEO,LS,Land Management,,Tahsin Yomralıoğlu,INB,Pazartesi,13:30/16:29,,60,16,,GEOE,,
21292,GEO 304,GEO,LS,Jeodezi-II ve Projeksiyonlar,,Hayri Hakan Denli,INB,Pazartesi,08:30/12:29,,55,17,,"GEO, JDF",,
21293,GEO 304E,GEO,LS,Geodesy II and Projections,,Bihter Erol,INB,Perşembe,13:30/17:29,,55,26,,"GEO, GEOE, JDF",,
21294,GEO 305E,GEO,LS,Databases in Engineering,,Elif Sertel,INB,Pazartesi,13:30/16:29,,55,34,,"GEO, GEOE, JDF",,
21295,GEO 305E,GEO,LS,Databases in Engineering,,Filiz Bektaş Balçık,INB,Çarşamba,08:30/11:29,,55,41,,"GEO, GEOE, JDF",,
21296,GEO 306,GEO,LS,Fotogrametri II,,"Fatma Gönül Toz, Zaide Duran",INB,Pazartesi,13:30/16:29,,50,34,,"GEO, JDF",,
21297,GEO 306E,GEO,LS,Photogrammetry II,,"Fatma Gönül Toz, Zaide Duran",INB,Salı,08:30/11:29,,50,38,,"GEO, GEOE, JDF",,
21298,GEO 308,GEO,LS,Taşınmaz Değerlemesi,,"Mustafa Yanalak, Tahsin Yomralıoğlu",INB,Çarşamba,13:30/15:29,,53,53,,GEO,,
21299,GEO 308E,GEO,LS,Real Estate Valuation,,Tahsin Yomralıoğlu,INB,Pazartesi,10:30/12:29,,50,18,,GEOE,,
21300,GEO 310,GEO,LS,Uzaktan Algılama II,,Nebiye Musaoğlu,INB | INB,Perşembe | Perşembe,13:30/15:29 | 15:30/16:29,,50,23,,"GEO, JDF",,
21302,INS 252,INS,LS,Ölçme Bilgisi,,Mustafa Yanalak,INB,Salı,13:30/17:29,,35,35,,INS,,
21303,INS 252,INS,LS,Ölçme Bilgisi,,Hayri Hakan Denli,INB,Pazartesi,13:30/17:29,,36,36,,INS,,
21305,UZB 437E,UZB,LS,Introduction to Robotics,,Turgut Berat Karyot,UUB,Salı,14:30/17:29,,30,28,,"FIZ, FIZE, UCK, UCKE, UCKM, UZB, UZBE, UZBM",,
21309,UZB 425E,UZB,LS,Digital Control Design,,Ramazan Yeniçeri,UUB,Salı,08:30/11:29,,25,9,,"UCK, UCKE, UCKM, UZB, UZBE, UZBM",,
21311,GEO 312E,GEO,LS,Spatial Analy. and Alg.in GIS,,"Himmet Karaman, Turan Erden",INB,Pazartesi,08:30/11:29,,50,4,,"GEO, GEOE",,
21313,UZB 479E,UZB,LS,Air and Space Law,,Nazlı Can,UUB,Perşembe,14:30/17:29,,40,43,,"UCK, UCKE, UZB, UZBE",,
21314,GEO 312E,GEO,LS,Spatial Analy. and Alg.in GIS,,Hande Demirel,INB,Salı,14:30/17:29,,50,33,,"GEO, GEOE",,
21315,GEO 317,GEO,LS,Arazi Modelleme,,Cengizhan İpbüker,INB,Salı,13:30/16:29,,50,7,,"GEO, JDF",,
21316,GEO 317E,GEO,LS,Terrain Modelling,,"Uğur Algancı, Ahmet Özgür Doğru",INB,Salı,08:30/11:29,,64,64,,"GEO, GEOE, JDF",,
21317,CEV 202,CEV,LS,Çevre Kimyası II,,"Nuray Işık Kabdaşlı, İsmail Toröz",INB | INB,Pazartesi | Perşembe,10:30/12:29 | 11:30/12:29,,45,35,,CEV,,
21318,GEO 382,GEO,LS,Geomatik Projesi III,,Çiğdem Göksel,INB | INB,Cuma | Cuma,08:30/11:29 | 14:30/17:29,,15,11,,"GEO, JDF",,
21319,INS 252,INS,LS,Ölçme Bilgisi,,Ahmet Özgür Doğru,INB,Salı,13:30/17:29,,35,29,,INS,,
21320,CEV 202L,CEV,LS,Çevre Kimyası II Lab.,,"Nuray Işık Kabdaşlı, Tuğba Ölmez Hancı",INB,Pazartesi,13:30/15:29,,30,19,,CEV,,
21321,CEV 202E,CEV,LS,Enviromental Chemistry II,,"Serdar Doğruel, Tuğba Ölmez Hancı",INB,Salı,08:30/11:29,,45,55,,"CEV, CEVE",,
21323,GEO 382,GEO,LS,Geomatik Projesi III,,Fatma Gönül Toz,INB | INB,Cuma | Cuma,08:30/11:29 | 14:30/17:29,,15,0,,"GEO, JDF",,
21324,INS 252,INS,LS,Ölçme Bilgisi,,Hasan Hakan Yavaşoğlu,INB,Salı,13:30/17:29,,35,35,,INS,,
21326,GEO 382,GEO,LS,Geomatik Projesi III,,Zaide Duran,INB | INB,Cuma | Cuma,08:30/11:29 | 14:30/17:29,,15,0,,"GEO, JDF",,
21327,CEV 202L,CEV,LS,Çevre Kimyası II Lab.,,"Serdar Doğruel, Onur Yılmaz Özcan",INB,Perşembe,13:30/15:29,,32,30,,CEV,,
21329,GEO 382,GEO,LS,Geomatik Projesi III,,Dursun Zafer Şeker,INB | INB,Cuma | Cuma,08:30/11:29 | 14:30/17:29,,15,4,,"GEO, JDF",,
21330,GEO 382,GEO,LS,Geomatik Projesi III,,Orhan Akyılmaz,INB | INB,Cuma | Cuma,08:30/11:29 | 14:30/17:29,,15,5,,"GEO, JDF",,
21331,GEO 382,GEO,LS,Geomatik Projesi III,,Rahmi Nurhan Çelik,INB | INB,Cuma | Cuma,08:30/11:29 | 14:30/17:29,,15,7,,"GEO, JDF",,
21333,GEO 382E,GEO,LS,Geomatics Project III,,Ayşe Filiz Sunar,INB | INB,Cuma | Cuma,08:30/11:29 | 14:30/17:29,,15,4,,"GEO, GEOE, JDF",,
21334,GEO 382E,GEO,LS,Geomatics Project III,,Bihter Erol,INB | INB,Cuma | Cuma,08:30/11:29 | 14:30/17:29,,15,6,,"GEO, GEOE, JDF",,
21335,GEO 382E,GEO,LS,Geomatics Project III,,Hilal Gonca Coşkun,INB | INB,Cuma | Cuma,08:30/11:29 | 14:30/17:29,,15,0,,"GEO, GEOE, JDF",,
21336,GEO 382E,GEO,LS,Geomatics Project III,,Filiz Bektaş Balçık,INB | INB,Cuma | Cuma,08:30/11:29 | 14:30/17:29,,15,0,,"GEO, GEOE, JDF",,
21337,GEO 382E,GEO,LS,Geomatics Project III,,Mustafa Tevfik Özlüdemir,INB | INB,Cuma | Cuma,08:30/11:29 | 14:30/17:29,,15,2,,"GEO, GEOE, JDF",,
21338,GEO 382E,GEO,LS,Geomatics Project III,,Caner Güney,INB | INB,Cuma | Cuma,08:30/11:29 | 14:30/17:29,,15,2,,"GEO, GEOE, JDF",,
21339,GEO 415,GEO,LS,Jeodezik Uydular,,"Serdar Erol, Bihter Erol",INB,Pazartesi,13:30/15:29,,40,7,,"GEO, JDF",,
21340,UZB 489E,UZB,LS,Electric Propulsion,,Bülent Tutkun,UUB,Perşembe,14:30/17:29,,25,7,,"UCK, UCKE, UCKM, UZB, UZBE, UZBM",,
21341,BIL 113E,BIL,LS,Intr.to Sci& Eng.Comp.(MATLAB),,Ramazan Yeniçeri,UUB,Pazartesi,08:30/11:29,,75,76,,"UCK, UZBE",,
21342,GEO 415E,GEO,LS,Geodetic Satellite,,Caner Güney,INB,Pazartesi,14:30/16:29,,40,10,,"GEO, GEOE, JDF",,
21343,BIL 113E,BIL,LS,Intr.to Sci& Eng.Comp.(MATLAB),,Ramazan Yeniçeri,UUB,Salı,13:30/16:29,,75,75,,"UCK, UZBE",,
21344,STA 201,STA,LS,Statik,,Mahmut Adil Yükselen,UUB,Perşembe,14:30/17:29,,60,68,,"DEN, EHB, ELE, ELH, GEM, JEO, MAK, TEK, TEL, UCK, UZB",,
21345,GEO 448E,GEO,LS,Structure of Surveying Inst.,,Turan Erden,INB,Pazartesi,15:30/17:29,,40,2,,"GEO, GEOE, JDF",,
21346,STA 201E,STA,LS,Statics,,Cemil Kurtcebe,UUB,Cuma,14:30/17:29,,60,64,,"DEN, DENE, EHB, EHBE, ELE, ELH, GEM, GEME, GEMK, JEO, JEOE, MAD, MAK, MAKE, TEK, TEL, UCK, UCKE, UCKM, UZB, UZBE, UZBM",,
21347,STA 201E,STA,LS,Statics,,Cemil Kurtcebe,UUB,Perşembe,14:30/17:29,,60,62,,"DEN, DENE, EHB, EHBE, ELE, ELH, GEM, GEME, GEMK, JEO, JEOE, MAD, MAK, MAKE, TEK, TEL, UCK, UCKE, UZB, UZBE",,
21348,GEO 454,GEO,LS,Doğ. Kay. Yönet. UA,,"Filiz Bektaş Balçık, Çiğdem Göksel",INB,Salı,08:30/10:29,,40,0,,"GEO, JDF",,
21349,AKM 205,AKM,LS,Akışkanlar Mekaniği,,Ahmet Cihat Baytaş,UUB | UUB,Pazartesi | Perşembe,11:30/13:29 | 11:30/14:29,,50,28,,"DEN, GEM, GEMM, MAK, MAKM, UCK, UCKM, UZB, UZBM",,
21350,AKM 205E,AKM,LS,Fluid Mechanics,,Fırat Oğuz Edis,UUB | UUB,Pazartesi | Salı,11:30/13:29 | 08:30/11:29,,55,61,,"DEN, DENE, GEM, GEME, GEMK, MAK, MAKE, MAKM, UCK, UCKE, UCKM, UZB, UZBE",,
21351,GEO 468,GEO,LS,UA'da Özel Konular,,Şinasi Kaya,INB,Perşembe,10:30/12:29,,40,7,,"GEO, JDF",,
21352,AKM 214,AKM,LS,Akışkanlar Mekaniği I,,Nuriye Leman Okşan Çetiner Yıldırım,UUB,Pazartesi,09:30/12:29,,60,56,,UCK,,
21353,GEO 468E,GEO,LS,Spec. Topics in Remote Sens.,,Elif Sertel,INB,Salı,08:30/10:29,,40,6,,"GEO, GEOE, JDF",,
21356,AKM 214E,AKM,LS,Fluid Mechanics I,,Nuriye Leman Okşan Çetiner Yıldırım,UUB,Salı,08:30/11:29,,60,62,,"UCK, UZB, UZBE",,
21357,MUK 204,MUK,LS,Mukavemet II,,Zahit Mecitoğlu,UUB,Pazartesi,13:30/16:29,,60,65,,"DEN, GEM, UCK, UZB",,
21358,MUK 204E,MUK,LS,Strength of Materials II,,Özge Özdemir,UUB,Pazartesi,13:30/16:29,,60,61,,"DEN, DENE, GEM, GEME, GEMK, UCK, UCKE, UZB, UZBE",,
21359,MUK 204E,MUK,LS,Strength of Materials II,,Halit Süleyman Türkmen,UUB,Pazartesi,13:30/16:29,,60,52,,"DEN, DENE, GEM, GEME, GEMK, UCK, UCKE, UZB, UZBE",,
21360,INS 252,INS,LS,Ölçme Bilgisi,,Nebiye Musaoğlu,INB,Salı,13:30/17:29,,35,27,,INS,,
21361,MAT 202E,MAT,LS,Numerical Methods,,Aytaç Arıkoğlu,UUB,Perşembe,14:30/17:29,,60,66,,"BLG, BLGE, CEV, CEVE, CHZ, CHZE, DEN, DENE, EHB, EHBE, ELE, ELH, ELK, ELKE, GEM, GEME, GEMK, GEO, GEOE, GID, GIDE, IML, IMLE, INS, INSE, ISL, ISLE, JEF, JEFE, JEO, JEOE, KMM, KMME, KOM, KOME, KON, KONE, MAD, MADE, MAK, MAKE, MET, METE, MTO, MTOE, PET, PETE, TEK, TEKE, TEL, UCK, UCKE, UZB, UZBE",,
21362,INS 252,INS,LS,Ölçme Bilgisi,,Şinasi Kaya,INB,Perşembe,13:30/17:29,,35,19,,INS,,
21363,MAT 202E,MAT,LS,Numerical Methods,,Aytaç Arıkoğlu,UUB,Perşembe,08:30/11:29,,70,93,,"BLG, BLGE, CEV, CEVE, CHZ, CHZE, DEN, DENE, EHB, EHBE, ELE, ELH, ELK, ELKE, GEM, GEME, GEMK, GEO, GEOE, GID, GIDE, IML, IMLE, INS, INSE, ISL, ISLE, JEF, JEFE, JEO, JEOE, KMM, KMME, KOM, KOME, KON, KONE, MAD, MADE, MAK, MAKE, MET, METE, MTO, MTOE, PET, PETE, TEK, TEKE, TEL, UCK, UCKE, UZB, UZBE",,
21364,MAT 271,MAT,LS,Olasılık ve İstatistik,,Cengiz Hacızade,UUB,Cuma,08:30/11:29,,60,37,,"BIO, BLG, EHB, ELE, ELH, EUT, FIZ, GEM, GEO, GID, IML, INS, JEO, KMM, MET, MTO, PET, TEL, UCK, UZB",,
21365,INS 252E,INS,LS,Surveying,,Esra Erten,INB,Salı,13:30/17:29,,61,61,,"INS, INSE",,
21366,MAT 271E,MAT,LS,Probability and Statistics,,Nazım Kemal Üre,UUB,Salı,11:30/14:29,,60,71,,"BIO, BIOE, BLG, BLGE, CEV, CEVE, CHZ, CHZE, DEN, DENE, DUI, EHB, EHBE, EHN, ELE, ELH, ELK, ELKE, EUT, EUTE, FIZ, FIZE, GEM, GEME, GEMK, GEO, GEOE, GID, GIDE, GMI, GMIE, GMIK, IML, IMLE, INS, INSE, JEF, JEFE, JEO, JEOE, KMM, KMME, KOM, KOME, KON, KONE, MAD, MADE, MAK, MAKE, MET, METE, MTO, MTOE, PET, PETE, SBP, SBPE, SEH, TEK, TEKE, TEL, UCK, UCKE, UZB, UZBE",,
21367,INS 252E,INS,LS,Surveying,,Uğur Algancı,INB,Perşembe,13:30/17:29,,50,30,,"INS, INSE",,
21368,UCK 472E,UCK,LS,Aeroelasticity,,Melike Nikbay,UUB,Çarşamba,12:30/15:29,,25,6,,"UCK, UCKE, UZB, UZBE, UZBM",,
21369,UZB 386E,UZB,LS,Boundary Layer Theory,,Ayşe Gül Güngör,UUB,Salı,08:30/11:29,,30,30,,"UCK, UCKE, UCKM, UZB, UZBE, UZBM",,
21370,UCK 421E,UCK,LS,Jet Propulsion Principles,,Onur Tunçer,UUB,Çarşamba,08:30/11:29,,50,27,,"UCK, UCKE",,
21372,UZB 232E,UZB,LS,Heat Transfer,,Bülent Tutkun,UUB,Salı,11:30/14:29,,30,19,,"UCK, UCKE, UZB, UZBE",,
21373,CEV 202EL,CEV,LS,Enviromental Chemistry II Lab.,,"Tuğba Ölmez Hancı, Serdar Doğruel",INB,Çarşamba,13:30/15:29,,30,23,,"CEV, CEVE",,
21375,CEV 212E,CEV,LS,Enviromental Chemistry II,,"İdil Arslan Alaton, Elif Pehlivanoğlu Mantaş",INB | INB,Cuma | Cuma,08:30/10:29 | 10:30/12:29,,40,43,,"BIOE, CEV, CEVE",,
21376,UCK 441E,UCK,LS,Flight Stability and Control,,Elbrus Caferov,UUB,Perşembe,11:30/14:29,,25,31,,"UCK, UCKE, UCKM",,
21377,CEV 204,CEV,LS,Çevre Müh. Bilg. Uyg.,,"Burçak Kaynak Tezel, Alpaslan Ekdal, Onur Yılmaz Özcan",INB | INB,Cuma | Cuma,08:30/10:29 | 10:30/12:29,,45,29,,CEV,,
21378,UCK 337E,UCK,LS,Introduction to Optimization,,Nazım Kemal Üre,UUB,Çarşamba,08:30/11:29,,40,70,,"UCK, UCKM, UZBE, UZBM",,
21379,UCK 354E,UCK,LS,Intro to Digital Design,,Ramazan Yeniçeri,UUB,Çarşamba,12:30/15:29,,30,29,,"UCK, UCKM, UZBE, UZBM",,
21380,UCK 468E,UCK,LS,"Guidance, Control & Navigation",,Gökhan İnalhan,UUB,Cuma,09:30/12:29,,25,7,,"UCK, UCKE, UZB, UZBE, UZBM",,
21381,DNK 201E,DNK,LS,Dynamics,,Cuma Yarım,UUB,Salı,13:30/16:29,,55,46,,"DEN, DENE, DUI, DUIE, DUIK, EHB, EHBE, ELE, ELH, ELK, ELKE, FIZ, FIZE, GEM, GEME, GEMK, GMI, GMIE, INS, INSE, JEO, JEOE, KOM, KOME, KON, KONE, MAD, MAT, MATE, MTO, PETE, TEK, TEL, UCK, UCKE, UZB, UZBE",,
21382,CEV 204E,CEV,LS,Comp. App. İn Environm. Eng.,,"Burçak Kaynak Tezel, Alpaslan Ekdal, Onur Yılmaz Özcan",INB | INB,Pazartesi | Pazartesi,13:30/15:29 | 15:30/17:29,,45,56,,"CEV, CEVE",,
21383,UZB 492,UZB,LS,Bitirme Çalışması,,Zahit Mecitoğlu,---,,/,,500,2,,UZB,,
21384,UZB 492E,UZB,LS,Graduation Project,,Zahit Mecitoğlu,---,,/,,500,46,,"UZB, UZBE",,
21385,UCK 492,UCK,LS,Bitirme Çalışması,,Cengiz Hacızade,---,,/,,500,37,,UCK,,
21386,UCK 492E,UCK,LS,Graduation Project,,Cengiz Hacızade,---,,/,,500,32,,"UCK, UCKE",,
21388,UCK 492E,UCK,LS,Graduation Project,,Cengiz Hacızade,---,,/,,500,8,,"UCK, UCKE",,
21390,GEO 310E,GEO,LS,Remote Sensing II,,Ayşe Filiz Sunar,INB,Çarşamba,12:30/15:29,,50,43,,"GEO, GEOE, JDF",,
21391,KIM 224E,KIM,LS,Inorganic Chemistry II,,Ahmet Gül,FEB,Salı,08:30/11:29,,50,44,,"KIM, KIME",,
21392,BLG 102E,BLG,LS,Intr to Sci&Eng; Comp (C),,Ayşe Tosun,EEB | EEB,Salı | Perşembe,13:30/16:29 | 15:30/17:29,,102,70,,"BLG, BLGE",,
21393,BLG 102E,BLG,LS,Intr to Sci&Eng; Comp (C),,Ahmet Cüneyd Tantuğ,EEB | EEB,Salı | Perşembe,09:30/12:29 | 13:30/15:29,,100,46,,"BLG, BLGE",,
21394,BLG 102E,BLG,LS,Intr to Sci&Eng; Comp (C),,Hayri Turgut Uyar,EEB | UUB,Salı | Perşembe,13:30/16:29 | 15:30/17:29,,100,100,,"BLG, BLGE",,
21395,BLG 112E,BLG,LS,Discrete Mathematics,,Hayri Turgut Uyar,EEB | EEB,Çarşamba | Cuma,13:30/15:29 | 08:30/09:29,,120,120,,"BLG, BLGE",,
21396,BLG 112E,BLG,LS,Discrete Mathematics,,Şule Öğüdücü,EEB | EEB,Çarşamba | Cuma,13:30/15:29 | 08:30/09:29,,120,113,,"BLG, BLGE",,
21397,BLG 202E,BLG,LS,Numerical Methods in CE,,Şerif Bahtiyar,EEB,Salı,09:30/12:29,,105,105,,"BLG, BLGE",,
21398,BLG 202E,BLG,LS,Numerical Methods in CE,,Yusuf Yaslan,EEB,Salı,09:30/12:29,,105,105,,"BLG, BLGE",,
21399,BLG 212E,BLG,LS,Microprocessor Systems,,Yaşar Erenler,EEB,Pazartesi,09:30/12:29,,70,70,,"BLG, BLGE, EHB, EHBE, ELE, ELH, ELK, ELKE, KOM, KOME, UCKE, UZBE",,
21400,BLG 222E,BLG,LS,Computer Organization,,Gökhan İnce,EEB,Perşembe,09:30/12:29,,102,102,,"BLG, BLGE",,
21401,BLG 222E,BLG,LS,Computer Organization,,Mustafa Ersel Kamaşak,EEB,Perşembe,09:30/12:29,,102,103,,"BLG, BLGE",,
21402,BLG 242E,BLG,LS,Logic Circuits Laboratory,,Yusuf Yaslan,EEB,Cuma,08:30/10:29,,55,55,,"BLG, BLGE",,
21403,CEV 246E,CEV,LS,Marine and Lake Sciences,,"Melike Gürel, Elif Pehlivanoğlu Mantaş",INB,Perşembe,08:30/10:29,,25,26,,"CEV, CEVE",,
21404,CEV 248,CEV,LS,Ölçme Bilgisi,,Turan Erden,INB,Salı,10:30/12:29,,35,33,,CEV,,
21405,CEV 250,CEV,LS,Halk ve İşyeri Sağlığı,,"Fatma Gülen İskender, Naciye Esra Genceli",INB,Çarşamba,13:30/15:29,,40,49,,CEV,,
21406,BLG 242E,BLG,LS,Logic Circuits Laboratory,,Gökhan İnce,EEB,Cuma,14:00/15:59,,55,55,,"BLG, BLGE",,
21407,GID 212,GID,LS,Termodinamik,,Fatma Ebru Fıratlıgil,KMB,Çarşamba,09:30/13:29,,80,66,,GID,,
21408,GID 212E,GID,LS,Thermodynamics,,Gürbüz Güneş,KMB,Çarşamba,09:30/13:29,,10,2,,GIDE,,
21409,GID 222,GID,LS,Mikrobiyoloji,,Pervin Başaran Akocak,KMB,Salı,13:30/16:29,,80,68,,"GID, GIDM",,
21410,GID 222E,GID,LS,Microbiology,,--,KMB,Salı,13:30/16:29,,0,0,,GIDE,,
21411,GID 224,GID,LS,"Gıda Toksik.,Kontamin.&Katk.;",,"Beraat Özçelik, Aslı Can Karaça, Esra Çapanoğlu Güven",KMB,Salı,09:30/12:29,,80,65,,"GID, GIDM",,
21412,BLG 242E,BLG,LS,Logic Circuits Laboratory,,Sanem Kabadayı,EEB,Çarşamba,13:30/15:29,,55,11,,"BLG, BLGE",,
21414,GID 312,GID,LS,Gıda Mikrobiyolojisi II,,Hatice Funda Karbancıoğlu Güler,KMB,Cuma,09:30/12:29,,80,40,,"GID, GIDM",,
21415,GID 312E,GID,LS,Food Microbiology II,,Pervin Başaran Akocak,KMB,Cuma,09:30/12:29,,10,3,,GIDE,,
21416,GID 314E,GID,LS,Sensory Analysis,,"Beraat Özçelik, Esra Çapanoğlu Güven",KMB,Çarşamba,09:30/12:29,,30,30,,"GID, GIDE, GIDM",,
21417,GID 316E,GID,LS,Food Packaging,,Gürbüz Güneş,KMB,Cuma,14:30/17:29,,30,19,,"GID, GIDE",,
21418,GID 322,GID,LS,Gıda Müh Temel İşlemler II,,Fatma Ebru Fıratlıgil,KMB,Perşembe,09:30/12:29,,80,50,,"GID, GIDM",,
21419,GID 322E,GID,LS,Food Eng.Unit Operations II,,Aslı Can Karaça,KMB,Perşembe,09:30/12:29,,10,1,,GIDE,,
21421,BLG 242E,BLG,LS,Logic Circuits Laboratory,,Mehmet Tahir Sandıkkaya,EEB,Cuma,10:30/12:29,,55,55,,"BLG, BLGE",,
21423,BLG 252E,BLG,LS,Object Oriented Programming,,Gülşen Eryiğit,EEB,Pazartesi,09:30/12:29,,113,113,,"BLG, BLGE",,
21424,GID 402E,GID,LS,Food Engineering Design II,,"Gürbüz Güneş, Fatma Ebru Fıratlıgil, Filiz Altay, Meral Kılıç Akyılmaz",KMB,Salı,08:30/13:29,,80,47,,"GID, GIDE",,
21425,BLG 252E,BLG,LS,Object Oriented Programming,,Sanem Kabadayı,EEB,Pazartesi,09:30/12:29,,0,0,,"BLG, BLGE",,
21426,GID 416E,GID,LS,Shelf Life of Foods,,Meral Kılıç Akyılmaz,KMB,Perşembe,13:30/16:29,,30,13,,"GID, GIDE, GIDM",,
21427,BLG 252E,BLG,LS,Object Oriented Programming,,Hatice Köse,EEB,Pazartesi,09:30/12:29,,113,113,,"BLG, BLGE",,
21428,GID 418E,GID,LS,Biochem.Chan.During Food Proc.,,Neşe Şahin Yeşilçubuk,KMB,Pazartesi,13:30/16:29,,30,15,,"GID, GIDE, GIDM",,
21429,GID 438,GID,LS,Coğrafi İşaretlerin Korunması,,Beraat Özçelik,KMB,Cuma,09:30/12:29,,40,27,,GID,,
21430,GID 492,GID,LS,Bitirme Çalışması,,Beraat Özçelik,---,,/,,100,40,,GID,,
21432,GID 492E,GID,LS,Graduation Project,,Beraat Özçelik,---,,/,,100,4,,"GID, GIDE",,
21433,GID 204E,GID,LS,Momentum Transfer,,Filiz Altay,KMB,Perşembe,13:30/16:29,,50,39,,"GID, GIDE",,
21434,BLG 311E,BLG,LS,Formal Languages and Automata,,Tolga Ovatman,MED,Çarşamba,12:30/15:29,,192,192,,"BLG, BLGE",,
21435,ISH 303E,ISH,LS,Food Processing Techniques,,Hatice Funda Karbancıoğlu Güler,KMB,Çarşamba,08:30/11:29,,40,28,,"ISL, ISLE",,
21436,BLG 312,BLG,LS,Bilgisayar İşletim Sistemleri,,Takuhi Nadia Erdoğan,EEB,Çarşamba,09:30/12:29,,80,67,,BLG,,
21437,MAT 271E,MAT,LS,Probability and Statistics,,Aslı Can Karaça,KMB,Salı,13:30/16:29,,40,40,,"BIO, BIOE, BLG, BLGE, CEV, CEVE, CHZ, CHZE, DEN, DENE, DUI, EHB, EHBE, EHN, ELE, ELH, ELK, ELKE, EUT, EUTE, FIZ, FIZE, GEM, GEME, GEMK, GEO, GEOE, GID, GIDE, GMI, GMIE, GMIK, IML, IMLE, INS, INSE, JEF, JEFE, JEO, JEOE, KMM, KMME, KOM, KOME, KON, KONE, MAD, MADE, MAK, MAKE, MET, METE, MTO, MTOE, PET, PETE, SBP, SBPE, SEH, TEK, TEKE, TEL, UCK, UCKE, UZB, UZBE",,
21438,KMM 102E,KMM,LS,Intr. to Comp.Prog.in Python,,Reha Yavuz,KMB,Pazartesi,13:30/16:29,,45,45,,KMM,,
21439,BLG 312E,BLG,LS,Computer Operating Systems,,Ayşe Şima Uyar,EEB,Çarşamba,09:30/12:29,,123,124,,"BLG, BLGE",,
21440,KMM 102E,KMM,LS,Intr. to Comp.Prog.in Python,,Reha Yavuz,KMB,Salı,09:30/12:29,,45,45,,KMM,,
21441,KMM 112,KMM,LS,Kimya Mühendisliğine Giriş,,Mehmet Ferhat Yardım,KMB,Salı,16:30/17:29,,80,3,,KMM,,
21442,KMM 311E,KMM,LS,Thermodynamics II,,Gamze Gümüşlü Gür,KMB | KMB,Salı | Cuma,10:30/12:29 | 15:30/16:29,,50,50,,"KMM, KMME, KMMM",,
21444,KMM 312E,KMM,LS,Chemical Reaction Eng I,,"Hüsnü Atakül, Ayşe Erdem",KMB,Salı,13:30/16:29,,50,32,,"KMM, KMME, KMMM",,
21445,KMM 312E,KMM,LS,Chemical Reaction Eng I,,Ahmet Sirkecioğlu,KMB,Salı,13:30/16:29,,50,50,,"KMM, KMME, KMMM",,
21446,KMM 321E,KMM,LS,Heat Transfer,,Fatma Elif Genceli Güner,KMB,Pazartesi,13:30/16:29,,40,40,,"KMM, KMME, KMMM",,
21447,KMM 332,KMM,LS,Ayırma İşlemleri,,Ahmet Tuncer Erciyes,KMB | KMB,Pazartesi | Çarşamba,10:30/12:29 | 10:30/12:29,,35,35,,"KMM, KMMM",,
21448,KMM 332,KMM,LS,Ayırma İşlemleri,,Gülhayat Saygılı,KMB | KMB,Pazartesi | Çarşamba,10:30/12:29 | 10:30/12:29,,35,35,,"KMM, KMMM",,
21449,KMM 332E,KMM,LS,Separation Techniques,,Ahmet Tuncer Erciyes,KMB | KMB,Pazartesi | Çarşamba,10:30/12:29 | 10:30/12:29,,20,3,,"KMM, KMME",,
21450,BLG 322,BLG,LS,Bilgisayar Mimarisi,,Feza Buzluca,EEB,Perşembe,09:30/12:29,,100,82,,BLG,,
21452,BLG 336E,BLG,LS,Analysis of Algorithms II,,Sanem Sarıel,EEB,Salı,09:30/12:29,,100,100,,"BLG, BLGE",,
21453,BLG 336E,BLG,LS,Analysis of Algorithms II,,Hazım Kemal Ekenel,MDB,Salı,09:30/12:29,,100,40,,"BLG, BLGE",,
21454,BLG 354E,BLG,LS,Signal&Systems; for Comp.Eng.,,Gözde Ünal,MED,Pazartesi,09:30/12:29,,110,110,,"BLG, BLGE",,
21455,BLG 354E,BLG,LS,Signal&Systems; for Comp.Eng.,,Burak Berk Üstündağ,EEB,Pazartesi,14:30/17:29,,130,130,,"BLG, BLGE",,
21457,BLG 374E,BLG,LS,Tech. Communic.for Comp.Eng.,,Damien Jade Duff,EEB,Cuma,14:00/15:59,,105,98,,"BLG, BLGE",,
21458,BLG 374E,BLG,LS,Tech. Communic.for Comp.Eng.,,Yaşar Erenler,EEB,Cuma,14:00/15:59,,105,105,,"BLG, BLGE",,
21459,BLG 412,BLG,LS,Bilişim Etiği,,Yaşar Erenler,EEB,Perşembe,12:30/13:29,,90,90,,BLG,,
21460,BLG 412E,BLG,LS,Computer Ethics,,Mehmet Tahir Sandıkkaya,EEB,Perşembe,12:30/13:29,,111,109,,"BLG, BLGE",,
21461,BLG 433E,BLG,LS,Computer Communications,,Berk Canberk,EEB,Çarşamba,09:30/11:29,,55,55,,"BLG, BLGE",,
21462,BLG 442E,BLG,LS,Tech.&Innov.; Mng.fo..,,Gökhan İnce,EEB,Cuma,09:30/12:29,,70,53,,"BLG, BLGE",,
21464,BLG 448E,BLG,LS,Project Management in Eng.,,Selin Metin,EEB,Cuma,09:30/12:29,,70,70,,"BLG, BLGE",,
21465,BLG 449E,BLG,LS,Prog.in Parallel&Dis..,,Deniz Turgay Altılar,EEB,Pazartesi,11:30/13:29,,55,10,,"BLG, BLGE",,
21466,BLG 454E,BLG,LS,Learning From Data,,Islem Rekik,EEB,Çarşamba,12:30/15:29,,100,92,,"BLG, BLGE",,
21467,BLG 454E,BLG,LS,Learning From Data,,Yusuf Yaslan,EEB,Çarşamba,12:30/15:29,,100,95,,"BLG, BLGE, ECNE",,
21468,BLG 458E,BLG,LS,Functional Programming,,Hayri Turgut Uyar,EEB,Cuma,14:00/15:59,,55,55,,"BLG, BLGE",,
21469,BLG 468E,BLG,LS,Object Oriented Model.&Design;,,Feza Buzluca,KMB,Pazartesi,09:30/11:29,,60,60,,"BLG, BLGE",,
21470,BLG 475E,BLG,LS,Software Quality and Testing,,Ayşe Tosun,EEB,Perşembe,09:30/11:29,,60,59,,"BLG, BLGE",,
21471,BLG 477E,BLG,LS,Multimedia Computing,,Uluğ Bayazıt,EEB,Salı,13:30/15:29,,55,29,,"BLG, BLGE",,
21472,KMM 342E,KMM,LS,Math Modelling in Chemical Eng,,Mehmet Göktuğ Ahunbay,KMB | KMB,Çarşamba | Cuma,13:30/15:29 | 14:30/15:29,,50,31,,"KMM, KMME, KMMM",,
21473,KMM 342E,KMM,LS,Math Modelling in Chemical Eng,,Ayşe Özge Kürkçüoğlu Levitas,KMB | KMB,Çarşamba | Cuma,13:30/15:29 | 14:30/15:29,,50,50,,"KMM, KMME, KMMM",,
21474,KMM 422E,KMM,LS,Chemical Engineering Desing II,,"Hale Gürbüz, Devrim Barış Kaymak",KMB | KMB,Pazartesi | Çarşamba,08:30/10:29 | 09:30/12:29,,40,40,,"KMM, KMME",,
21475,KMM 422E,KMM,LS,Chemical Engineering Desing II,,"Mehmet Ferhat Yardım, Ayşe Özge Kürkçüoğlu Levitas",KMB | KMB,Pazartesi | Çarşamba,08:30/10:29 | 09:30/12:29,,40,28,,"KMM, KMME",,
21476,KMM 424,KMM,LS,Biyoteknolojik Uygulamalar,,Fatoş Yüksel Güvenilir,KMB,Perşembe,13:30/16:29,,15,15,,"BIO, KMM",,
21477,KMM 424E,KMM,LS,Biotechnological Applications,,--,KMB,Salı,09:30/12:29,,0,0,,"KMM, KMME",,
21478,KMM 434,KMM,LS,"Kalite,Çevre ve Güvenlik",,Hasan Can Okutan,KMB,Pazartesi,13:30/16:29,,35,35,,"KMM, KMMM",,
21479,KMM 434,KMM,LS,"Kalite,Çevre ve Güvenlik",,Ahmet Alper Aydın,KMB,Pazartesi,13:30/16:29,,35,35,,"KMM, KMMM",,
21480,BLG 322E,BLG,LS,Computer Architecture,,Ayşe Yılmazer,EEB,Perşembe,09:30/12:29,,110,101,,"BLG, BLGE",,
21481,KMM 434E,KMM,LS,Quality Environment & Safety,,Moiz Elnekave,KMB,Pazartesi,13:30/16:29,,20,2,,"KMM, KMME",,
21482,KMM 448,KMM,LS,Yakıt Kimyası ve Teknolojisi,,Filiz Karaosmanoğlu,KMB,Salı,13:30/16:29,,15,8,,KMM,,
21484,KMM 462,KMM,LS,Kimya Mühendisliği Lab II,,"Osman Eksik, Ayşe Arifoğlu, Cemile Yerlikaya, Nalan Erdöl Aydın, Çiğdem Oral",KMB,Salı,13:30/17:29,,40,33,,KMM,,
21485,MAT 271E,MAT,LS,Probability and Statistics,,--,EEB,Salı,13:30/16:29,,0,0,,"BIO, BIOE, BLG, BLGE, CEV, CEVE, CHZ, CHZE, DEN, DENE, DUI, EHB, EHBE, EHN, ELE, ELH, ELK, ELKE, EUT, EUTE, FIZ, FIZE, GEM, GEME, GEMK, GEO, GEOE, GID, GIDE, GMI, GMIE, GMIK, IML, IMLE, INS, INSE, JEF, JEFE, JEO, JEOE, KMM, KMME, KOM, KOME, KON, KONE, MAD, MADE, MAK, MAKE, MET, METE, MTO, MTOE, PET, PETE, SBP, SBPE, SEH, TEK, TEKE, TEL, UCK, UCKE, UZB, UZBE",,
21486,BLG 492,BLG,LS,Bitirme Çalışması,,Uluğ Bayazıt,---,,/,,500,44,,BLG,,
21487,KMM 462,KMM,LS,Kimya Mühendisliği Lab II,,"Osman Eksik, Ayşe Arifoğlu, Cemile Yerlikaya, Nalan Erdöl Aydın, Çiğdem Oral",KMB,Salı,08:30/12:29,,40,40,,KMM,,
21488,BLG 492E,BLG,LS,Graduation Project,,Uluğ Bayazıt,---,,/,,500,80,,"BLG, BLGE",,
21489,KMM 462E,KMM,LS,Chemical Engineering Lab. II,,"Osman Eksik, Ayşe Arifoğlu, Cemile Yerlikaya, Nalan Erdöl Aydın, Çiğdem Oral",KMB,Salı,13:30/17:29,,5,1,,KMME,,
21490,KMM 466,KMM,LS,Bor Teknolojisi,,Hale Gürbüz,KMB,Salı,09:30/12:29,,15,4,,KMM,,
21491,KMM 468,KMM,LS,Endüstride Enerji Tasarrufu,,Serdar Yaman,KMB,Salı,13:30/16:29,,15,4,,KMM,,
21492,KMM 468E,KMM,LS,Energy Conservation in Indstry,,Serdar Yaman,KMB,Salı,09:30/12:29,,15,15,,"KMM, KMME",,
21493,KMM 474,KMM,LS,Yağ Teknolojisi,,Melek Tüter,KMB,Salı,09:30/12:29,,15,12,,KMM,,
21494,KMM 477,KMM,LS,Endüstriyel Su Hazırlama Yöntm,,Hanzade Açma,KMB,Salı,13:30/16:29,,15,14,,KMM,,
21495,KMM 492,KMM,LS,Bitirme Çalışması,,Gülhayat Saygılı,---,,/,,100,48,,KMM,,
21496,KMM 492E,KMM,LS,Graduation Project,,Gülhayat Saygılı,---,,/,,100,9,,"KMM, KMME",,
21497,AKM 207,AKM,LS,Akışkanlar Mekaniği,,Fatma Seniha Güner,KMB | KMB,Salı | Perşembe,09:30/11:29 | 11:30/12:29,,35,19,,KMM,,
21498,AKM 207E,AKM,LS,Fluid Mechanics,,--,KMB | KMB,Salı | Perşembe,09:30/11:29 | 11:30/12:29,,0,0,,KMME,,
21499,ELK 453,ELK,LS,Güç Elektroniği End. Uyg I,,Azmi Demirel,EEB,Perşembe,13:30/16:29,,40,19,,ELK,,
21500,TER 201,TER,LS,Termodinamik,,Hanzade Açma,KMB,Perşembe,08:30/11:29,,60,60,,"CEV, CHZ, DEN, GEM, ISL, JEO, KMM, KOM, KON, PET",,
21501,TER 203,TER,LS,Termodinamik I,,"Sadriye Oskay, Ayşegül Meriçboyu",KMB,Salı,13:30/16:29,,35,34,,"KMM, KMMM",,
21502,MAT 202E,MAT,LS,Numerical Methods,,Melkon Tatlıer,KMB,Pazartesi,13:30/16:29,,45,44,,"BLG, BLGE, CEV, CEVE, CHZ, CHZE, DEN, DENE, EHB, EHBE, ELE, ELH, ELK, ELKE, GEM, GEME, GEMK, GEO, GEOE, GID, GIDE, IML, IMLE, INS, INSE, ISL, ISLE, JEF, JEFE, JEO, JEOE, KMM, KMME, KOM, KOME, KON, KONE, MAD, MADE, MAK, MAKE, MET, METE, MTO, MTOE, PET, PETE, TEK, TEKE, TEL, UCK, UCKE, UZB, UZBE",,
21503,MAT 271,MAT,LS,Olasılık ve İstatistik,,Cemile Yerlikaya,KMB,Perşembe,13:30/16:29,,20,21,,"BIO, BLG, EHB, ELE, ELH, EUT, FIZ, GEM, GEO, GID, IML, INS, JEO, KMM, MET, MTO, PET, TEL, UCK, UZB",,
21504,MAT 271,MAT,LS,Olasılık ve İstatistik,,Ayşe Arifoğlu,KMB,Pazartesi,09:30/12:29,,20,26,,"BIO, BLG, EHB, ELE, ELH, EUT, FIZ, GEM, GEO, GID, IML, INS, JEO, KMM, MET, MTO, PET, TEL, UCK, UZB",,
21505,MAT 271E,MAT,LS,Probability and Statistics,,Moiz Elnekave,KMB,Salı,13:30/16:29,,55,58,,"BIO, BIOE, BLG, BLGE, CEV, CEVE, CHZ, CHZE, DEN, DENE, DUI, EHB, EHBE, EHN, ELE, ELH, ELK, ELKE, EUT, EUTE, FIZ, FIZE, GEM, GEME, GEMK, GEO, GEOE, GID, GIDE, GMI, GMIE, GMIK, IML, IMLE, IMLM, INS, INSE, JDF, JEF, JEFE, JEO, JEOE, KMM, KMME, KOM, KOME, KON, KONE, MAD, MADE, MAK, MAKE, MET, METE, MTO, MTOE, PET, PETE, SBP, SBPE, SEH, TEK, TEKE, TEL, UCK, UCKE, UZB, UZBE",,
21506,BIL 113E,BIL,LS,Intr.to Sci& Eng.Comp.(MATLAB),,Osman Eksik,KMB,Çarşamba,09:30/12:29,,55,55,,"KMM, KMME, MET, METE",,
21507,BIL 113E,BIL,LS,Intr.to Sci& Eng.Comp.(MATLAB),,Çiğdem Oral,KMB,Perşembe,13:30/16:29,,55,53,,"GID, GIDE, KMM, KMME, MET, METE",,
21508,BIO 214,BIO,LS,Mikrobiyoloji,,--,KMB,Cuma,13:30/16:29,,0,0,,KMM,,
21509,BIO 214E,BIO,LS,Microbiology,,Pervin Başaran Akocak,KMB,Perşembe,13:30/16:29,,15,5,,"KMM, KMME, PETE",,
21510,BIO 215,BIO,LS,Biyokimya,,Ramazan Kızıl,KMB,Çarşamba,12:30/15:29,,15,14,,"FIZ, GID, KMM",,
21511,BIO 215E,BIO,LS,Biochemistry,,--,KMB,Salı,13:30/16:29,,0,0,,"FIZE, GIDE, KMME",,
21512,BIO 303,BIO,LS,Biyomalzemeler,,Fatma Seniha Güner,KMB,Çarşamba,12:30/15:29,,15,16,,KMM,,
21513,KMM 222E,KMM,LS,Computati. Meth. in Chem. Eng.,,Melek Mümine Erol Taygun,KMB | KMB,Perşembe | Perşembe,13:30/16:29 | 16:30/17:29,,45,38,,KMM,,
21514,KMM 224,KMM,LS,Kimya Müh.Termodinamiği,,"Sadriye Oskay, Ayşegül Meriçboyu, Reha Yavuz",KMB | KMB,Çarşamba | Perşembe,09:30/12:29 | 09:30/11:29,,45,33,,"KMM, KMMM",,
21515,KMM 220,KMM,LS,Akışkanlar Mekaniği,,Hasan Can Okutan,KMB | KMB,Pazartesi | Perşembe,09:30/11:29 | 11:30/12:29,,45,38,,KMM,,
21516,KMM 331,KMM,LS,Kütle Aktarımı,,Gülhayat Saygılı,KMB,Perşembe,09:30/12:29,,35,35,,"KMM, KMMM",,
21517,MAL 201,MAL,LS,Malzeme Bilimi,,Cevat Fahir Arısoy,KMB,Perşembe,08:30/11:29,,50,21,,"GID, KMM",,
21518,MAL 201,MAL,LS,Malzeme Bilimi,,Ömer Serdar Özgen,KMB,Perşembe,08:30/11:29,,50,17,,"GID, KMM",,
21519,BEN 312,BEN,LS,Enzymology,,Nevin Gül-Karagüler,KMB,Perşembe,13:30/16:29,,30,4,,MBI,,
21520,BEN 322,BEN,LS,Exper.Desg.&Modell.in; Bioeng.,,Hayrettin Güçlü İnsel,KMB | KMB,Perşembe | Perşembe,13:30/15:29 | 15:30/17:29,,30,0,,MBI,,
21521,BEN 324,BEN,LS,Bioengineering Lab. I,,Melek Mümine Erol Taygun,KMB | KMB,Cuma | Cuma,09:30/12:29 | 13:30/16:29,,40,4,,MBI,,
21522,BEN 326,BEN,LS,Genetics,,Zeynep Petek Çakar,KMB,Pazartesi,13:30/16:29,,40,4,,MBI,,
21523,BEN 332,BEN,LS,Environmental Biotechnology,,"Emine Çokgör, Didem Okutman Taş, Gülsüm Emel Zengin Balcı",INB,Perşembe,09:30/12:29,,30,0,,MBI,,
21524,BEN 341,BEN,LS,Biomaterials,,İpek Akın Karadayı,KMB,Pazartesi,09:30/12:29,,30,4,,MBI,,
21525,BEN 351,BEN,LS,Bioengineering Thermodynamics,,Mehmet Göktuğ Ahunbay,KMB,Çarşamba,09:30/12:29,,40,4,,MBI,,
21526,BIO 101,BIO,LS,General Biology,,Fatma Neşe Kök,MOBGAM,Salı,14:30/17:29,,40,10,,MBI,,
21527,GED 037,GED,LS,"Knowledge,Language and Logic",,Aydan Turanlı,KMB,Salı,09:30/12:29,,40,9,,"MBI, MCB, SCE, SIN",,
21528,CMP 102,CMP,LS,Intr.to Sci.& Engineering Comp,,Erke Arıbaş,KMB,Salı,12:30/14:29,,30,12,,"MBI, SCE, SIN",,
21529,ITA 102,ITA,LS,İtalyanca II,,Valentina Elmetti,MED,Cuma,08:30/12:29,,20,18,,Tüm Lisans ve Lisansüstü Programlar,,
21530,ITA 101,ITA,LS,İtalyanca I,,Lina Calogera,DIB,Salı,08:30/12:29,,20,20,,Tüm Lisans ve Lisansüstü Programlar,,
21531,ALM 102,ALM,LS,Almanca II,,İnanç Bakkalbaşı,MED,Cuma,08:30/12:29,,25,25,,Tüm Lisans ve Lisansüstü Programlar,,
21532,BEB 101,BEB,LS,Temel Yüzme Becerisi Öğrenimi,,Mustafa Özcan,HVZ,Salı,08:30/10:29,,15,12,,"BIO, BIOE, BLG, BLGE, CAB, CEV, CEVE, CHZ, CHZE, DEN, DENE, DUI, DUIE, ECNE, EHB, EHBE, ELE, ELH, ELK, ELKE, END, ENDE, EUT, EUTE, FIZ, FIZE, GEM, GEME, GEO, GEOE, GID, GIDE, GMI, GMIE, ICM, IML, IMLE, INS, INSE, ISL, ISLE, JDF, JEF, JEFE, JEO, JEOE, KIM, KIME, KMM, KMME, KMP, KOM, KOME, MAD, MADE, MAK, MAKE, MAT, MATE, MET, METE, MIM, MIME, MTO, MTOE, MUT, MUZ, PEM, PEME, PET, PETE, SBP, SBPE, SES, TEB, TEK, TEKE, TEL, THO, UCK, UCKE, UZB, UZBE",,
21533,BEB 101,BEB,LS,Temel Yüzme Becerisi Öğrenimi,,Yaşar Volkan Arıncı,HVZ,Salı,10:30/12:29,,12,10,,"BIO, BIOE, BLG, BLGE, CAB, CEV, CEVE, CHZ, CHZE, DEN, DENE, DUI, DUIE, ECNE, EHB, EHBE, ELE, ELH, ELK, ELKE, END, ENDE, EUT, EUTE, FIZ, FIZE, GEM, GEME, GEO, GEOE, GID, GIDE, GMI, GMIE, ICM, IML, IMLE, INS, INSE, ISL, ISLE, JDF, JEF, JEFE, JEO, JEOE, KIM, KIME, KMM, KMME, KMP, KOM, KOME, MAD, MADE, MAK, MAKE, MAT, MATE, MET, METE, MIM, MIME, MTO, MTOE, MUT, MUZ, PEM, PEME, PET, PETE, SBP, SBPE, SES, TEB, TEK, TEKE, TEL, THO, UCK, UCKE, UZB, UZBE",,
21534,BEB 101,BEB,LS,Temel Yüzme Becerisi Öğrenimi,,Mustafa Özcan,HVZ,Salı,13:30/15:29,,15,10,,"BIO, BIOE, BLG, BLGE, CAB, CEV, CEVE, CHZ, CHZE, DEN, DENE, DUI, DUIE, ECNE, EHB, EHBE, ELE, ELH, ELK, ELKE, END, ENDE, EUT, EUTE, FIZ, FIZE, GEM, GEME, GEO, GEOE, GID, GIDE, GMI, GMIE, ICM, IML, IMLE, INS, INSE, ISL, ISLE, JDF, JEF, JEFE, JEO, JEOE, KIM, KIME, KMM, KMME, KMP, KOM, KOME, MAD, MADE, MAK, MAKE, MAT, MATE, MET, METE, MIM, MIME, MTO, MTOE, MUT, MUZ, PEM, PEME, PET, PETE, SBP, SBPE, SES, TEB, TEK, TEKE, TEL, THO, UCK, UCKE, UZB, UZBE",,
21535,BEB 101,BEB,LS,Temel Yüzme Becerisi Öğrenimi,,Mustafa Özcan,HVZ,Çarşamba,10:30/12:29,,15,9,,"BIO, BIOE, BLG, BLGE, CAB, CEV, CEVE, CHZ, CHZE, DEN, DENE, DUI, DUIE, ECNE, EHB, EHBE, ELE, ELH, ELK, ELKE, END, ENDE, EUT, EUTE, FIZ, FIZE, GEM, GEME, GEO, GEOE, GID, GIDE, GMI, GMIE, ICM, IML, IMLE, INS, INSE, ISL, ISLE, JDF, JEF, JEFE, JEO, JEOE, KIM, KIME, KMM, KMME, KMP, KOM, KOME, MAD, MADE, MAK, MAKE, MAT, MATE, MET, METE, MIM, MIME, MTO, MTOE, MUT, MUZ, PEM, PEME, PET, PETE, SBP, SBPE, SES, TEB, TEK, TEKE, TEL, THO, UCK, UCKE, UZB, UZBE",,
21536,BEB 101,BEB,LS,Temel Yüzme Becerisi Öğrenimi,,Yaşar Volkan Arıncı,HVZ,Cuma,14:30/16:29,,15,13,,"BIO, BIOE, BLG, BLGE, CAB, CEV, CEVE, CHZ, CHZE, DEN, DENE, DUI, DUIE, ECNE, EHB, EHBE, ELE, ELH, ELK, ELKE, END, ENDE, EUT, EUTE, FIZ, FIZE, GEM, GEME, GEO, GEOE, GID, GIDE, GMI, GMIE, ICM, IML, IMLE, INS, INSE, ISL, ISLE, JDF, JEF, JEFE, JEO, JEOE, KIM, KIME, KMM, KMME, KMP, KOM, KOME, MAD, MADE, MAK, MAKE, MAT, MATE, MET, METE, MIM, MIME, MTO, MTOE, MUT, MUZ, PEM, PEME, PET, PETE, SBP, SBPE, SES, TEB, TEK, TEKE, TEL, THO, UCK, UCKE, UZB, UZBE",,
21537,BEB 102,BEB,LS,Yüzme Teknikleri Becerisi Öğr.,,Damla Ercan,HVZ,Salı,10:30/12:29,,14,13,,"BIO, BIOE, BLG, BLGE, CAB, CEV, CEVE, CHZ, CHZE, DEN, DENE, DUI, DUIE, ECNE, EHB, EHBE, ELE, ELH, ELK, ELKE, END, ENDE, EUT, EUTE, FIZ, FIZE, GEM, GEME, GEO, GEOE, GID, GIDE, GMI, GMIE, ICM, IML, IMLE, INS, INSE, ISL, ISLE, JDF, JEF, JEFE, JEO, JEOE, KIM, KIME, KMM, KMME, KMP, KOM, KOME, MAD, MADE, MAK, MAKE, MAT, MATE, MET, METE, MIM, MIME, MTO, MTOE, MUT, MUZ, PEM, PEME, PET, PETE, SBP, SBPE, SES, TEB, TEK, TEKE, TEL, THO, UCK, UCKE, UZB, UZBE",,
21538,BEB 102,BEB,LS,Yüzme Teknikleri Becerisi Öğr.,,Damla Ercan,HVZ,Çarşamba,08:30/10:29,,16,14,,"BIO, BIOE, BLG, BLGE, CAB, CEV, CEVE, CHZ, CHZE, DEN, DENE, DUI, DUIE, ECNE, EHB, EHBE, ELE, ELH, ELK, ELKE, END, ENDE, EUT, EUTE, FIZ, FIZE, GEM, GEME, GEO, GEOE, GID, GIDE, GMI, GMIE, ICM, IML, IMLE, INS, INSE, ISL, ISLE, JDF, JEF, JEFE, JEO, JEOE, KIM, KIME, KMM, KMME, KMP, KOM, KOME, MAD, MADE, MAK, MAKE, MAT, MATE, MET, METE, MIM, MIME, MTO, MTOE, MUT, MUZ, PEM, PEME, PET, PETE, SBP, SBPE, SES, TEB, TEK, TEKE, TEL, THO, UCK, UCKE, UZB, UZBE",,
21539,BEB 102,BEB,LS,Yüzme Teknikleri Becerisi Öğr.,,Damla Ercan,HVZ,Cuma,08:30/10:29,,16,11,,"BIO, BIOE, BLG, BLGE, CAB, CEV, CEVE, CHZ, CHZE, DEN, DENE, DUI, DUIE, ECNE, EHB, EHBE, ELE, ELH, ELK, ELKE, END, ENDE, EUT, EUTE, FIZ, FIZE, GEM, GEME, GEO, GEOE, GID, GIDE, GMI, GMIE, ICM, IML, IMLE, INS, INSE, ISL, ISLE, JDF, JEF, JEFE, JEO, JEOE, KIM, KIME, KMM, KMME, KMP, KOM, KOME, MAD, MADE, MAK, MAKE, MAT, MATE, MET, METE, MIM, MIME, MTO, MTOE, MUT, MUZ, PEM, PEME, PET, PETE, SBP, SBPE, SES, TEB, TEK, TEKE, TEL, THO, UCK, UCKE, UZB, UZBE",,
21540,BEB 102,BEB,LS,Yüzme Teknikleri Becerisi Öğr.,,Damla Ercan,HVZ,Cuma,10:30/12:29,,16,16,,"BIO, BIOE, BLG, BLGE, CAB, CEV, CEVE, CHZ, CHZE, DEN, DENE, DUI, DUIE, ECNE, EHB, EHBE, ELE, ELH, ELK, ELKE, END, ENDE, EUT, EUTE, FIZ, FIZE, GEM, GEME, GEO, GEOE, GID, GIDE, GMI, GMIE, ICM, IML, IMLE, INS, INSE, ISL, ISLE, JDF, JEF, JEFE, JEO, JEOE, KIM, KIME, KMM, KMME, KMP, KOM, KOME, MAD, MADE, MAK, MAKE, MAT, MATE, MET, METE, MIM, MIME, MTO, MTOE, MUT, MUZ, PEM, PEME, PET, PETE, SBP, SBPE, SES, TEB, TEK, TEKE, TEL, THO, UCK, UCKE, UZB, UZBE",,
21541,BEB 103,BEB,LS,Voleybolda Tem.Eğt. ve Bec.Kaz,,Nevzat Sönmez,SLN-V,Salı,08:30/10:29,,20,11,,"BIO, BIOE, BLG, BLGE, CAB, CEV, CEVE, CHZ, CHZE, DEN, DENE, DUI, DUIE, ECNE, EHB, EHBE, ELE, ELH, ELK, ELKE, END, ENDE, EUT, EUTE, FIZ, FIZE, GEM, GEME, GEO, GEOE, GID, GIDE, GMI, GMIE, ICM, IML, IMLE, INS, INSE, ISL, ISLE, JDF, JEF, JEFE, JEO, JEOE, KIM, KIME, KMM, KMME, KMP, KOM, KOME, MAD, MADE, MAK, MAKE, MAT, MATE, MET, METE, MIM, MIME, MTO, MTOE, MUT, MUZ, PEM, PEME, PET, PETE, SBP, SBPE, SES, TEB, TEK, TEKE, TEL, THO, UCK, UCKE, UZB, UZBE",,
21542,CEV 250E,CEV,LS,Public and Occupational Health,,"Elif Pehlivanoğlu Mantaş, Burçak Kaynak Tezel",INB,Çarşamba,08:30/10:29,,40,39,,"CEV, CEVE",,
21543,BEB 103,BEB,LS,Voleybolda Tem.Eğt. ve Bec.Kaz,,--,SLN-V,Salı,10:30/12:29,,0,0,,"BIO, BIOE, BLG, BLGE, CAB, CEV, CEVE, CHZ, CHZE, DEN, DENE, DUI, DUIE, ECNE, EHB, EHBE, ELE, ELH, ELK, ELKE, END, ENDE, EUT, EUTE, FIZ, FIZE, GEM, GEME, GEO, GEOE, GID, GIDE, GMI, GMIE, ICM, IML, IMLE, INS, INSE, ISL, ISLE, JDF, JEF, JEFE, JEO, JEOE, KIM, KIME, KMM, KMME, KMP, KOM, KOME, MAD, MADE, MAK, MAKE, MAT, MATE, MET, METE, MIM, MIME, MTO, MTOE, MUT, MUZ, PEM, PEME, PET, PETE, SBP, SBPE, SES, TEB, TEK, TEKE, TEL, THO, UCK, UCKE, UZB, UZBE",,
21544,CEV 310E,CEV,LS,Marine Pollution and its Cont,,"Ayşe Gül Tanık, Süleyman Övez",INB,Salı,10:30/12:29,,40,23,,"CEV, CEVE",,
21545,BEB 103,BEB,LS,Voleybolda Tem.Eğt. ve Bec.Kaz,,Nevzat Sönmez,SLN-V,Çarşamba,10:30/12:29,,20,8,,"BIO, BIOE, BLG, BLGE, CAB, CEV, CEVE, CHZ, CHZE, DEN, DENE, DUI, DUIE, ECNE, EHB, EHBE, ELE, ELH, ELK, ELKE, END, ENDE, EUT, EUTE, FIZ, FIZE, GEM, GEME, GEO, GEOE, GID, GIDE, GMI, GMIE, ICM, IML, IMLE, INS, INSE, ISL, ISLE, JDF, JEF, JEFE, JEO, JEOE, KIM, KIME, KMM, KMME, KMP, KOM, KOME, MAD, MADE, MAK, MAKE, MAT, MATE, MET, METE, MIM, MIME, MTO, MTOE, MUT, MUZ, PEM, PEME, PET, PETE, SBP, SBPE, SES, TEB, TEK, TEKE, TEL, THO, UCK, UCKE, UZB, UZBE",,
21547,CEV 314E,CEV,LS,Treatment Plant Hydraulics,,"Mustafa Evren Erşahin, Hale Özgün",INB,Salı,15:30/17:29,,40,6,,"CEV, CEVE",,
21548,BEB 103,BEB,LS,Voleybolda Tem.Eğt. ve Bec.Kaz,,Nevzat Sönmez,SLN-V,Perşembe,08:30/10:29,,20,13,,"BIO, BIOE, BLG, BLGE, CAB, CEV, CEVE, CHZ, CHZE, DEN, DENE, DUI, DUIE, ECNE, EHB, EHBE, ELE, ELH, ELK, ELKE, END, ENDE, EUT, EUTE, FIZ, FIZE, GEM, GEME, GEO, GEOE, GID, GIDE, GMI, GMIE, ICM, IML, IMLE, INS, INSE, ISL, ISLE, JDF, JEF, JEFE, JEO, JEOE, KIM, KIME, KMM, KMME, KMP, KOM, KOME, MAD, MADE, MAK, MAKE, MAT, MATE, MET, METE, MIM, MIME, MTO, MTOE, MUT, MUZ, PEM, PEME, PET, PETE, SBP, SBPE, SES, TEB, TEK, TEKE, TEL, THO, UCK, UCKE, UZB, UZBE",,
21549,CEV 318E,CEV,LS,Comp Appl of Infrastr Planning,,Ali Fuat Aydın,INB,Salı,15:30/17:29,,40,40,,"CEV, CEVE",,
21550,BEB 103,BEB,LS,Voleybolda Tem.Eğt. ve Bec.Kaz,,--,SLN-V,Perşembe,10:30/12:29,,0,0,,"BIO, BIOE, BLG, BLGE, CAB, CEV, CEVE, CHZ, CHZE, DEN, DENE, DUI, DUIE, ECNE, EHB, EHBE, ELE, ELH, ELK, ELKE, END, ENDE, EUT, EUTE, FIZ, FIZE, GEM, GEME, GEO, GEOE, GID, GIDE, GMI, GMIE, ICM, IML, IMLE, INS, INSE, ISL, ISLE, JDF, JEF, JEFE, JEO, JEOE, KIM, KIME, KMM, KMME, KMP, KOM, KOME, MAD, MADE, MAK, MAKE, MAT, MATE, MET, METE, MIM, MIME, MTO, MTOE, MUT, MUZ, PEM, PEME, PET, PETE, SBP, SBPE, SES, TEB, TEK, TEKE, TEL, THO, UCK, UCKE, UZB, UZBE",,
21551,CEV 320,CEV,LS,Biyolojik Prosesler,,"Seval Sözen, Nazik Artan",INB,Cuma,08:30/11:29,,45,30,,CEV,,
21552,BEB 104,BEB,LS,Tenis Teknik ve Taktik Eğitim,,Yaşar Volkan Arıncı,KORT,Pazartesi,08:30/10:29,,14,14,,"BIO, BIOE, BLG, BLGE, CAB, CEV, CEVE, CHZ, CHZE, DEN, DENE, DUI, DUIE, ECNE, EHB, EHBE, ELE, ELH, ELK, ELKE, END, ENDE, EUT, EUTE, FIZ, FIZE, GEM, GEME, GEO, GEOE, GID, GIDE, GMI, GMIE, ICM, IML, IMLE, INS, INSE, ISL, ISLE, JDF, JEF, JEFE, JEO, JEOE, KIM, KIME, KMM, KMME, KMP, KOM, KOME, MAD, MADE, MAK, MAKE, MAT, MATE, MET, METE, MIM, MIME, MTO, MTOE, MUT, MUZ, PEM, PEME, PET, PETE, SBP, SBPE, SES, TEB, TEK, TEKE, TEL, THO, UCK, UCKE, UZB, UZBE",,
21553,CEV 320E,CEV,LS,Biological Processes,,"Rüya Taşlı, Emine Çokgör",INB,Cuma,08:30/11:29,,45,53,,"CEV, CEVE",,
21554,BEB 104,BEB,LS,Tenis Teknik ve Taktik Eğitim,,Yaşar Volkan Arıncı,KORT,Çarşamba,08:30/10:29,,14,14,,"BIO, BIOE, BLG, BLGE, CAB, CEV, CEVE, CHZ, CHZE, DEN, DENE, DUI, DUIE, ECNE, EHB, EHBE, ELE, ELH, ELK, ELKE, END, ENDE, EUT, EUTE, FIZ, FIZE, GEM, GEME, GEO, GEOE, GID, GIDE, GMI, GMIE, ICM, IML, IMLE, INS, INSE, ISL, ISLE, JDF, JEF, JEFE, JEO, JEOE, KIM, KIME, KMM, KMME, KMP, KOM, KOME, MAD, MADE, MAK, MAKE, MAT, MATE, MET, METE, MIM, MIME, MTO, MTOE, MUT, MUZ, PEM, PEME, PET, PETE, SBP, SBPE, SES, TEB, TEK, TEKE, TEL, THO, UCK, UCKE, UZB, UZBE",,
21555,BEB 104,BEB,LS,Tenis Teknik ve Taktik Eğitim,,Yaşar Volkan Arıncı,KORT,Çarşamba,10:30/12:29,,14,15,,"BIO, BIOE, BLG, BLGE, CAB, CEV, CEVE, CHZ, CHZE, DEN, DENE, DUI, DUIE, ECNE, EHB, EHBE, ELE, ELH, ELK, ELKE, END, ENDE, EUT, EUTE, FIZ, FIZE, GEM, GEME, GEO, GEOE, GID, GIDE, GMI, GMIE, ICM, IML, IMLE, INS, INSE, ISL, ISLE, JDF, JEF, JEFE, JEO, JEOE, KIM, KIME, KMM, KMME, KMP, KOM, KOME, MAD, MADE, MAK, MAKE, MAT, MATE, MET, METE, MIM, MIME, MTO, MTOE, MUT, MUZ, PEM, PEME, PET, PETE, SBP, SBPE, SES, TEB, TEK, TEKE, TEL, THO, UCK, UCKE, UZB, UZBE",,
21556,BEB 104,BEB,LS,Tenis Teknik ve Taktik Eğitim,,Yaşar Volkan Arıncı,KORT,Çarşamba,13:30/15:29,,14,14,,"BIO, BIOE, BLG, BLGE, CAB, CEV, CEVE, CHZ, CHZE, DEN, DENE, DUI, DUIE, ECNE, EHB, EHBE, ELE, ELH, ELK, ELKE, END, ENDE, EUT, EUTE, FIZ, FIZE, GEM, GEME, GEO, GEOE, GID, GIDE, GMI, GMIE, ICM, IML, IMLE, INS, INSE, ISL, ISLE, JDF, JEF, JEFE, JEO, JEOE, KIM, KIME, KMM, KMME, KMP, KOM, KOME, MAD, MADE, MAK, MAKE, MAT, MATE, MET, METE, MIM, MIME, MTO, MTOE, MUT, MUZ, PEM, PEME, PET, PETE, SBP, SBPE, SES, TEB, TEK, TEKE, TEL, THO, UCK, UCKE, UZB, UZBE",,
21557,CEV 324E,CEV,LS,Unit Operations&Proc..,,"Derya Yüksel İmer, Ayşe Bilsen Baykal",INB,Çarşamba,08:30/12:29,,25,22,,"CEV, CEVE",,
21558,CEV 324E,CEV,LS,Unit Operations&Proc..,,"İdil Arslan Alaton, Ayşe Erbil",INB,Çarşamba,08:30/12:29,,25,17,,"CEV, CEVE",,
21559,CEV 324,CEV,LS,Temel İşlemler&Prosesler; Lab.,,"Çiğdem Gömeç, Ebru Dülekgürgen",INB,Perşembe,08:30/12:29,,25,9,,CEV,,
21560,CEV 324,CEV,LS,Temel İşlemler&Prosesler; Lab.,,"Seval Sözen, Serdar Doğruel, Tuğba Ölmez Hancı",INB,Perşembe,08:30/12:29,,27,27,,CEV,,
21561,CEV 326,CEV,LS,Hava Kirlenmesi,,Kadir Alp,INB | INB,Salı | Perşembe,13:30/15:29 | 15:30/17:29,,45,42,,CEV,,
21562,CEV 326E,CEV,LS,Air Pollution,,Burçak Kaynak Tezel,INB | INB,Salı | Perşembe,13:30/15:29 | 13:30/15:29,,45,38,,"CEV, CEVE",,
21563,CEV 328,CEV,LS,Su Temini&At;ıksuların Uzakl.,,İbrahim Demir,INB | INB,Salı | Cuma,08:30/10:29 | 14:30/17:29,,45,35,,CEV,,
21564,CEV 328E,CEV,LS,Water Supply&Wastewa..,,Mahmut Ekrem Karpuzcu,INB | INB,Salı | Cuma,08:30/10:29 | 14:30/17:29,,45,26,,"CEV, CEVE",,
21565,CEV 330,CEV,LS,Su Arıtma Tesisi Tasarımı,,"İsmail Koyuncu, Mustafa Evren Erşahin, Naciye Esra Genceli",INB,Pazartesi,13:30/17:29,,45,36,,CEV,,
21566,BEB 104,BEB,LS,Tenis Teknik ve Taktik Eğitim,,Serra Ayşe Çakar,KORT,Pazartesi,10:30/12:29,,14,14,,"BIO, BIOE, BLG, BLGE, CAB, CEV, CEVE, CHZ, CHZE, DEN, DENE, DUI, DUIE, ECNE, EHB, EHBE, ELE, ELH, ELK, ELKE, END, ENDE, EUT, EUTE, FIZ, FIZE, GEM, GEME, GEO, GEOE, GID, GIDE, GMI, GMIE, ICM, IML, IMLE, INS, INSE, ISL, ISLE, JDF, JEF, JEFE, JEO, JEOE, KIM, KIME, KMM, KMME, KMP, KOM, KOME, MAD, MADE, MAK, MAKE, MAT, MATE, MET, METE, MIM, MIME, MTO, MTOE, MUT, MUZ, PEM, PEME, PET, PETE, SBP, SBPE, SES, TEB, TEK, TEKE, TEL, THO, UCK, UCKE, UZB, UZBE",,
21567,BEB 104,BEB,LS,Tenis Teknik ve Taktik Eğitim,,Serra Ayşe Çakar,KORT,Perşembe,08:30/10:29,,14,12,,"BIO, BIOE, BLG, BLGE, CAB, CEV, CEVE, CHZ, CHZE, DEN, DENE, DUI, DUIE, ECNE, EHB, EHBE, ELE, ELH, ELK, ELKE, END, ENDE, EUT, EUTE, FIZ, FIZE, GEM, GEME, GEO, GEOE, GID, GIDE, GMI, GMIE, ICM, IML, IMLE, INS, INSE, ISL, ISLE, JDF, JEF, JEFE, JEO, JEOE, KIM, KIME, KMM, KMME, KMP, KOM, KOME, MAD, MADE, MAK, MAKE, MAT, MATE, MET, METE, MIM, MIME, MTO, MTOE, MUT, MUZ, PEM, PEME, PET, PETE, SBP, SBPE, SES, TEB, TEK, TEKE, TEL, THO, UCK, UCKE, UZB, UZBE",,
21568,BEB 105,BEB,LS,Futbol ve Temel Hareket Öğret.,,Yaşar Volkan Arıncı,STD,Pazartesi,10:30/12:29,,25,16,,"BIO, BIOE, BLG, BLGE, CAB, CEV, CEVE, CHZ, CHZE, DEN, DENE, DUI, DUIE, ECNE, EHB, EHBE, ELE, ELH, ELK, ELKE, END, ENDE, EUT, EUTE, FIZ, FIZE, GEM, GEME, GEO, GEOE, GID, GIDE, GMI, GMIE, ICM, IML, IMLE, INS, INSE, ISL, ISLE, JDF, JEF, JEFE, JEO, JEOE, KIM, KIME, KMM, KMME, KMP, KOM, KOME, MAD, MADE, MAK, MAKE, MAT, MATE, MET, METE, MIM, MIME, MTO, MTOE, MUT, MUZ, PEM, PEME, PET, PETE, SBP, SBPE, SES, TEB, TEK, TEKE, TEL, THO, UCK, UCKE, UZB, UZBE",,
21569,BEB 105,BEB,LS,Futbol ve Temel Hareket Öğret.,,--,STD,Perşembe,13:30/15:29,,0,0,,"BIO, BIOE, BLG, BLGE, CAB, CEV, CEVE, CHZ, CHZE, DEN, DENE, DUI, DUIE, ECNE, EHB, EHBE, ELE, ELH, ELK, ELKE, END, ENDE, EUT, EUTE, FIZ, FIZE, GEM, GEME, GEO, GEOE, GID, GIDE, GMI, GMIE, ICM, IML, IMLE, INS, INSE, ISL, ISLE, JDF, JEF, JEFE, JEO, JEOE, KIM, KIME, KMM, KMME, KMP, KOM, KOME, MAD, MADE, MAK, MAKE, MAT, MATE, MET, METE, MIM, MIME, MTO, MTOE, MUT, MUZ, PEM, PEME, PET, PETE, SBP, SBPE, SES, TEB, TEK, TEKE, TEL, THO, UCK, UCKE, UZB, UZBE",,
21570,BEB 106,BEB,LS,Basketbol Temel Teknik Eğitimi,,Birgül Arslanoğlu,SLN-V,Pazartesi,08:30/10:29,,20,9,,"BIO, BIOE, BLG, BLGE, CAB, CEV, CEVE, CHZ, CHZE, DEN, DENE, DUI, DUIE, ECNE, EHB, EHBE, ELE, ELH, ELK, ELKE, END, ENDE, EUT, EUTE, FIZ, FIZE, GEM, GEME, GEO, GEOE, GID, GIDE, GMI, GMIE, ICM, IML, IMLE, INS, INSE, ISL, ISLE, JDF, JEF, JEFE, JEO, JEOE, KIM, KIME, KMM, KMME, KMP, KOM, KOME, MAD, MADE, MAK, MAKE, MAT, MATE, MET, METE, MIM, MIME, MTO, MTOE, MUT, MUZ, PEM, PEME, PET, PETE, SBP, SBPE, SES, TEB, TEK, TEKE, TEL, THO, UCK, UCKE, UZB, UZBE",,
21571,BEB 106,BEB,LS,Basketbol Temel Teknik Eğitimi,,Birgül Arslanoğlu,SLN-V,Pazartesi,10:30/12:29,,20,17,,"BIO, BIOE, BLG, BLGE, CAB, CEV, CEVE, CHZ, CHZE, DEN, DENE, DUI, DUIE, ECNE, EHB, EHBE, ELE, ELH, ELK, ELKE, END, ENDE, EUT, EUTE, FIZ, FIZE, GEM, GEME, GEO, GEOE, GID, GIDE, GMI, GMIE, ICM, IML, IMLE, INS, INSE, ISL, ISLE, JDF, JEF, JEFE, JEO, JEOE, KIM, KIME, KMM, KMME, KMP, KOM, KOME, MAD, MADE, MAK, MAKE, MAT, MATE, MET, METE, MIM, MIME, MTO, MTOE, MUT, MUZ, PEM, PEME, PET, PETE, SBP, SBPE, SES, TEB, TEK, TEKE, TEL, THO, UCK, UCKE, UZB, UZBE",,
21572,BEB 106,BEB,LS,Basketbol Temel Teknik Eğitimi,,Birgül Arslanoğlu,SLN-V,Cuma,08:30/10:29,,20,9,,"BIO, BIOE, BLG, BLGE, CAB, CEV, CEVE, CHZ, CHZE, DEN, DENE, DUI, DUIE, ECNE, EHB, EHBE, ELE, ELH, ELK, ELKE, END, ENDE, EUT, EUTE, FIZ, FIZE, GEM, GEME, GEO, GEOE, GID, GIDE, GMI, GMIE, ICM, IML, IMLE, INS, INSE, ISL, ISLE, JDF, JEF, JEFE, JEO, JEOE, KIM, KIME, KMM, KMME, KMP, KOM, KOME, MAD, MADE, MAK, MAKE, MAT, MATE, MET, METE, MIM, MIME, MTO, MTOE, MUT, MUZ, PEM, PEME, PET, PETE, SBP, SBPE, SES, TEB, TEK, TEKE, TEL, THO, UCK, UCKE, UZB, UZBE",,
21573,BEB 106,BEB,LS,Basketbol Temel Teknik Eğitimi,,Birgül Arslanoğlu,SLN-V,Cuma,10:30/12:29,,20,14,,"BIO, BIOE, BLG, BLGE, CAB, CEV, CEVE, CHZ, CHZE, DEN, DENE, DUI, DUIE, ECNE, EHB, EHBE, ELE, ELH, ELK, ELKE, END, ENDE, EUT, EUTE, FIZ, FIZE, GEM, GEME, GEO, GEOE, GID, GIDE, GMI, GMIE, ICM, IML, IMLE, INS, INSE, ISL, ISLE, JDF, JEF, JEFE, JEO, JEOE, KIM, KIME, KMM, KMME, KMP, KOM, KOME, MAD, MADE, MAK, MAKE, MAT, MATE, MET, METE, MIM, MIME, MTO, MTOE, MUT, MUZ, PEM, PEME, PET, PETE, SBP, SBPE, SES, TEB, TEK, TEKE, TEL, THO, UCK, UCKE, UZB, UZBE",,
21574,BEB 110,BEB,LS,Hentbol Temel Beceri Eğitimi,,Murat Bilgin,SLN-V,Pazartesi,15:30/17:29,,12,1,,"BIO, BIOE, BLG, BLGE, CAB, CEV, CEVE, CHZ, CHZE, DEN, DENE, DUI, DUIE, ECNE, EHB, EHBE, ELE, ELH, ELK, ELKE, END, ENDE, EUT, EUTE, FIZ, FIZE, GEM, GEME, GEO, GEOE, GID, GIDE, GMI, GMIE, ICM, IML, IMLE, INS, INSE, ISL, ISLE, JDF, JEF, JEFE, JEO, JEOE, KIM, KIME, KMM, KMME, KMP, KOM, KOME, MAD, MADE, MAK, MAKE, MAT, MATE, MET, METE, MIM, MIME, MTO, MTOE, MUT, MUZ, PEM, PEME, PET, PETE, SBP, SBPE, SES, TEB, TEK, TEKE, TEL, THO, UCK, UCKE, UZB, UZBE",,
21575,BEB 110,BEB,LS,Hentbol Temel Beceri Eğitimi,,--,SLN-V,Perşembe,15:30/17:29,,0,0,,"BIO, BIOE, BLG, BLGE, CAB, CEV, CEVE, CHZ, CHZE, DEN, DENE, DUI, DUIE, ECNE, EHB, EHBE, ELE, ELH, ELK, ELKE, END, ENDE, EUT, EUTE, FIZ, FIZE, GEM, GEME, GEO, GEOE, GID, GIDE, GMI, GMIE, ICM, IML, IMLE, INS, INSE, ISL, ISLE, JDF, JEF, JEFE, JEO, JEOE, KIM, KIME, KMM, KMME, KMP, KOM, KOME, MAD, MADE, MAK, MAKE, MAT, MATE, MET, METE, MIM, MIME, MTO, MTOE, MUT, MUZ, PEM, PEME, PET, PETE, SBP, SBPE, SES, TEB, TEK, TEKE, TEL, THO, UCK, UCKE, UZB, UZBE",,
21576,BEB 111,BEB,LS,Masa Tenisi Tem.Beceri Eğitimi,,Rıfat Akyol,SLN-G,Perşembe,10:30/12:29,,16,16,,"BIO, BIOE, BLG, BLGE, CAB, CEV, CEVE, CHZ, CHZE, DEN, DENE, DUI, DUIE, ECNE, EHB, EHBE, ELE, ELH, ELK, ELKE, END, ENDE, EUT, EUTE, FIZ, FIZE, GEM, GEME, GEO, GEOE, GID, GIDE, GMI, GMIE, ICM, IML, IMLE, INS, INSE, ISL, ISLE, JDF, JEF, JEFE, JEO, JEOE, KIM, KIME, KMM, KMME, KMP, KOM, KOME, MAD, MADE, MAK, MAKE, MAT, MATE, MET, METE, MIM, MIME, MTO, MTOE, MUT, MUZ, PEM, PEME, PET, PETE, SBP, SBPE, SES, TEB, TEK, TEKE, TEL, THO, UCK, UCKE, UZB, UZBE",,
21577,BEB 111,BEB,LS,Masa Tenisi Tem.Beceri Eğitimi,,Rıfat Akyol,SLN-G,Perşembe,13:30/15:29,,16,16,,"BIO, BIOE, BLG, BLGE, CAB, CEV, CEVE, CHZ, CHZE, DEN, DENE, DUI, DUIE, ECNE, EHB, EHBE, ELE, ELH, ELK, ELKE, END, ENDE, EUT, EUTE, FIZ, FIZE, GEM, GEME, GEO, GEOE, GID, GIDE, GMI, GMIE, ICM, IML, IMLE, INS, INSE, ISL, ISLE, JDF, JEF, JEFE, JEO, JEOE, KIM, KIME, KMM, KMME, KMP, KOM, KOME, MAD, MADE, MAK, MAKE, MAT, MATE, MET, METE, MIM, MIME, MTO, MTOE, MUT, MUZ, PEM, PEME, PET, PETE, SBP, SBPE, SES, TEB, TEK, TEKE, TEL, THO, UCK, UCKE, UZB, UZBE",,
21578,BEB 111,BEB,LS,Masa Tenisi Tem.Beceri Eğitimi,,Rıfat Akyol,SLN-G,Cuma,10:30/12:29,,16,17,,"BIO, BIOE, BLG, BLGE, CAB, CEV, CEVE, CHZ, CHZE, DEN, DENE, DUI, DUIE, ECNE, EHB, EHBE, ELE, ELH, ELK, ELKE, END, ENDE, EUT, EUTE, FIZ, FIZE, GEM, GEME, GEO, GEOE, GID, GIDE, GMI, GMIE, ICM, IML, IMLE, INS, INSE, ISL, ISLE, JDF, JEF, JEFE, JEO, JEOE, KIM, KIME, KMM, KMME, KMP, KOM, KOME, MAD, MADE, MAK, MAKE, MAT, MATE, MET, METE, MIM, MIME, MTO, MTOE, MUT, MUZ, PEM, PEME, PET, PETE, SBP, SBPE, SES, TEB, TEK, TEKE, TEL, THO, UCK, UCKE, UZB, UZBE",,
21579,BEB 111,BEB,LS,Masa Tenisi Tem.Beceri Eğitimi,,Rıfat Akyol,SLN-G,Cuma,14:30/16:29,,16,16,,"BIO, BIOE, BLG, BLGE, CAB, CEV, CEVE, CHZ, CHZE, DEN, DENE, DUI, DUIE, ECNE, EHB, EHBE, ELE, ELH, ELK, ELKE, END, ENDE, EUT, EUTE, FIZ, FIZE, GEM, GEME, GEO, GEOE, GID, GIDE, GMI, GMIE, ICM, IML, IMLE, INS, INSE, ISL, ISLE, JDF, JEF, JEFE, JEO, JEOE, KIM, KIME, KMM, KMME, KMP, KOM, KOME, MAD, MADE, MAK, MAKE, MAT, MATE, MET, METE, MIM, MIME, MTO, MTOE, MUT, MUZ, PEM, PEME, PET, PETE, SBP, SBPE, SES, TEB, TEK, TEKE, TEL, THO, UCK, UCKE, UZB, UZBE",,
21580,BEB 111,BEB,LS,Masa Tenisi Tem.Beceri Eğitimi,,Serra Ayşe Çakar,SLN-G,Perşembe,13:30/15:29,,16,16,,"BIO, BIOE, BLG, BLGE, CAB, CEV, CEVE, CHZ, CHZE, DEN, DENE, DUI, DUIE, ECNE, EHB, EHBE, ELE, ELH, ELK, ELKE, END, ENDE, EUT, EUTE, FIZ, FIZE, GEM, GEME, GEO, GEOE, GID, GIDE, GMI, GMIE, ICM, IML, IMLE, INS, INSE, ISL, ISLE, JDF, JEF, JEFE, JEO, JEOE, KIM, KIME, KMM, KMME, KMP, KOM, KOME, MAD, MADE, MAK, MAKE, MAT, MATE, MET, METE, MIM, MIME, MTO, MTOE, MUT, MUZ, PEM, PEME, PET, PETE, SBP, SBPE, SES, TEB, TEK, TEKE, TEL, THO, UCK, UCKE, UZB, UZBE",,
21581,BEB 111,BEB,LS,Masa Tenisi Tem.Beceri Eğitimi,,Serra Ayşe Çakar,SLN-G,Cuma,10:30/12:29,,16,16,,"BIO, BIOE, BLG, BLGE, CAB, CEV, CEVE, CHZ, CHZE, DEN, DENE, DUI, DUIE, ECNE, EHB, EHBE, ELE, ELH, ELK, ELKE, END, ENDE, EUT, EUTE, FIZ, FIZE, GEM, GEME, GEO, GEOE, GID, GIDE, GMI, GMIE, ICM, IML, IMLE, INS, INSE, ISL, ISLE, JDF, JEF, JEFE, JEO, JEOE, KIM, KIME, KMM, KMME, KMP, KOM, KOME, MAD, MADE, MAK, MAKE, MAT, MATE, MET, METE, MIM, MIME, MTO, MTOE, MUT, MUZ, PEM, PEME, PET, PETE, SBP, SBPE, SES, TEB, TEK, TEKE, TEL, THO, UCK, UCKE, UZB, UZBE",,
21582,BEB 111,BEB,LS,Masa Tenisi Tem.Beceri Eğitimi,,Serra Ayşe Çakar,SLN-G,Cuma,14:30/16:29,,16,16,,"BIO, BIOE, BLG, BLGE, CAB, CEV, CEVE, CHZ, CHZE, DEN, DENE, DUI, DUIE, ECNE, EHB, EHBE, ELE, ELH, ELK, ELKE, END, ENDE, EUT, EUTE, FIZ, FIZE, GEM, GEME, GEO, GEOE, GID, GIDE, GMI, GMIE, ICM, IML, IMLE, INS, INSE, ISL, ISLE, JDF, JEF, JEFE, JEO, JEOE, KIM, KIME, KMM, KMME, KMP, KOM, KOME, MAD, MADE, MAK, MAKE, MAT, MATE, MET, METE, MIM, MIME, MTO, MTOE, MUT, MUZ, PEM, PEME, PET, PETE, SBP, SBPE, SES, TEB, TEK, TEKE, TEL, THO, UCK, UCKE, UZB, UZBE",,
21583,BEB 114,BEB,LS,Futsal Temel Beceri Eğitim,,Murat Bilgin,SLN-V,Pazartesi,13:30/15:29,,20,6,,"BIO, BIOE, BLG, BLGE, CAB, CEV, CEVE, CHZ, CHZE, DEN, DENE, DUI, DUIE, ECNE, EHB, EHBE, ELE, ELH, ELK, ELKE, END, ENDE, EUT, EUTE, FIZ, FIZE, GEM, GEME, GEO, GEOE, GID, GIDE, GMI, GMIE, ICM, IML, IMLE, INS, INSE, ISL, ISLE, JDF, JEF, JEFE, JEO, JEOE, KIM, KIME, KMM, KMME, KMP, KOM, KOME, MAD, MADE, MAK, MAKE, MAT, MATE, MET, METE, MIM, MIME, MTO, MTOE, MUT, MUZ, PEM, PEME, PET, PETE, SBP, SBPE, SES, TEB, TEK, TEKE, TEL, THO, UCK, UCKE, UZB, UZBE",,
21584,BEB 114,BEB,LS,Futsal Temel Beceri Eğitim,,Murat Bilgin,SLN-V,Perşembe,13:30/15:29,,20,6,,"BIO, BIOE, BLG, BLGE, CAB, CEV, CEVE, CHZ, CHZE, DEN, DENE, DUI, DUIE, ECNE, EHB, EHBE, ELE, ELH, ELK, ELKE, END, ENDE, EUT, EUTE, FIZ, FIZE, GEM, GEME, GEO, GEOE, GID, GIDE, GMI, GMIE, ICM, IML, IMLE, INS, INSE, ISL, ISLE, JDF, JEF, JEFE, JEO, JEOE, KIM, KIME, KMM, KMME, KMP, KOM, KOME, MAD, MADE, MAK, MAKE, MAT, MATE, MET, METE, MIM, MIME, MTO, MTOE, MUT, MUZ, PEM, PEME, PET, PETE, SBP, SBPE, SES, TEB, TEK, TEKE, TEL, THO, UCK, UCKE, UZB, UZBE",,
21585,BEB 115,BEB,LS,Atletizm Temel Eğitimi,,Damla Ercan,STD,Salı,13:30/15:29,,20,14,,"BIO, BIOE, BLG, BLGE, CAB, CEV, CEVE, CHZ, CHZE, DEN, DENE, DUI, DUIE, ECNE, EHB, EHBE, ELE, ELH, ELK, ELKE, END, ENDE, EUT, EUTE, FIZ, FIZE, GEM, GEME, GEO, GEOE, GID, GIDE, GMI, GMIE, ICM, IML, IMLE, INS, INSE, ISL, ISLE, JDF, JEF, JEFE, JEO, JEOE, KIM, KIME, KMM, KMME, KMP, KOM, KOME, MAD, MADE, MAK, MAKE, MAT, MATE, MET, METE, MIM, MIME, MTO, MTOE, MUT, MUZ, PEM, PEME, PET, PETE, SBP, SBPE, SES, TEB, TEK, TEKE, TEL, THO, UCK, UCKE, UZB, UZBE",,
21586,BEB 115,BEB,LS,Atletizm Temel Eğitimi,,Damla Ercan,STD,Salı,15:30/17:29,,25,15,,"BIO, BIOE, BLG, BLGE, CAB, CEV, CEVE, CHZ, CHZE, DEN, DENE, DUI, DUIE, ECNE, EHB, EHBE, ELE, ELH, ELK, ELKE, END, ENDE, EUT, EUTE, FIZ, FIZE, GEM, GEME, GEO, GEOE, GID, GIDE, GMI, GMIE, ICM, IML, IMLE, INS, INSE, ISL, ISLE, JDF, JEF, JEFE, JEO, JEOE, KIM, KIME, KMM, KMME, KMP, KOM, KOME, MAD, MADE, MAK, MAKE, MAT, MATE, MET, METE, MIM, MIME, MTO, MTOE, MUT, MUZ, PEM, PEME, PET, PETE, SBP, SBPE, SES, TEB, TEK, TEKE, TEL, THO, UCK, UCKE, UZB, UZBE",,
21587,BEB 115,BEB,LS,Atletizm Temel Eğitimi,,Damla Ercan,STD,Perşembe,10:30/12:29,,20,11,,"BIO, BIOE, BLG, BLGE, CAB, CEV, CEVE, CHZ, CHZE, DEN, DENE, DUI, DUIE, ECNE, EHB, EHBE, ELE, ELH, ELK, ELKE, END, ENDE, EUT, EUTE, FIZ, FIZE, GEM, GEME, GEO, GEOE, GID, GIDE, GMI, GMIE, ICM, IML, IMLE, INS, INSE, ISL, ISLE, JDF, JEF, JEFE, JEO, JEOE, KIM, KIME, KMM, KMME, KMP, KOM, KOME, MAD, MADE, MAK, MAKE, MAT, MATE, MET, METE, MIM, MIME, MTO, MTOE, MUT, MUZ, PEM, PEME, PET, PETE, SBP, SBPE, SES, TEB, TEK, TEKE, TEL, THO, UCK, UCKE, UZB, UZBE",,
21588,BEB 116,BEB,LS,Badminton Temel Beceri Eğitimi,,Murat Bilgin,SLN-G,Cuma,08:30/10:29,,12,10,,"BIO, BIOE, BLG, BLGE, CAB, CEV, CEVE, CHZ, CHZE, DEN, DENE, DUI, DUIE, ECNE, EHB, EHBE, ELE, ELH, ELK, ELKE, END, ENDE, EUT, EUTE, FIZ, FIZE, GEM, GEME, GEO, GEOE, GID, GIDE, GMI, GMIE, ICM, IML, IMLE, INS, INSE, ISL, ISLE, JDF, JEF, JEFE, JEO, JEOE, KIM, KIME, KMM, KMME, KMP, KOM, KOME, MAD, MADE, MAK, MAKE, MAT, MATE, MET, METE, MIM, MIME, MTO, MTOE, MUT, MUZ, PEM, PEME, PET, PETE, SBP, SBPE, SES, TEB, TEK, TEKE, TEL, THO, UCK, UCKE, UZB, UZBE",,
21589,BEB 116,BEB,LS,Badminton Temel Beceri Eğitimi,,Murat Bilgin,SLN-G,Cuma,10:30/12:29,,15,15,,"BIO, BIOE, BLG, BLGE, CAB, CEV, CEVE, CHZ, CHZE, DEN, DENE, DUI, DUIE, ECNE, EHB, EHBE, ELE, ELH, ELK, ELKE, END, ENDE, EUT, EUTE, FIZ, FIZE, GEM, GEME, GEO, GEOE, GID, GIDE, GMI, GMIE, ICM, IML, IMLE, INS, INSE, ISL, ISLE, JDF, JEF, JEFE, JEO, JEOE, KIM, KIME, KMM, KMME, KMP, KOM, KOME, MAD, MADE, MAK, MAKE, MAT, MATE, MET, METE, MIM, MIME, MTO, MTOE, MUT, MUZ, PEM, PEME, PET, PETE, SBP, SBPE, SES, TEB, TEK, TEKE, TEL, THO, UCK, UCKE, UZB, UZBE",,
21590,BEB 116,BEB,LS,Badminton Temel Beceri Eğitimi,,Murat Bilgin,SLN-G,Cuma,14:30/16:29,,15,14,,"BIO, BIOE, BLG, BLGE, CAB, CEV, CEVE, CHZ, CHZE, DEN, DENE, DUI, DUIE, ECNE, EHB, EHBE, ELE, ELH, ELK, ELKE, END, ENDE, EUT, EUTE, FIZ, FIZE, GEM, GEME, GEO, GEOE, GID, GIDE, GMI, GMIE, ICM, IML, IMLE, INS, INSE, ISL, ISLE, JDF, JEF, JEFE, JEO, JEOE, KIM, KIME, KMM, KMME, KMP, KOM, KOME, MAD, MADE, MAK, MAKE, MAT, MATE, MET, METE, MIM, MIME, MTO, MTOE, MUT, MUZ, PEM, PEME, PET, PETE, SBP, SBPE, SES, TEB, TEK, TEKE, TEL, THO, UCK, UCKE, UZB, UZBE",,
21591,BEB 116,BEB,LS,Badminton Temel Beceri Eğitimi,,Murat Bilgin,SLN-V,Çarşamba,08:30/10:29,,12,12,,"BIO, BIOE, BLG, BLGE, CAB, CEV, CEVE, CHZ, CHZE, DEN, DENE, DUI, DUIE, ECNE, EHB, EHBE, ELE, ELH, ELK, ELKE, END, ENDE, EUT, EUTE, FIZ, FIZE, GEM, GEME, GEO, GEOE, GID, GIDE, GMI, GMIE, ICM, IML, IMLE, INS, INSE, ISL, ISLE, JDF, JEF, JEFE, JEO, JEOE, KIM, KIME, KMM, KMME, KMP, KOM, KOME, MAD, MADE, MAK, MAKE, MAT, MATE, MET, METE, MIM, MIME, MTO, MTOE, MUT, MUZ, PEM, PEME, PET, PETE, SBP, SBPE, SES, TEB, TEK, TEKE, TEL, THO, UCK, UCKE, UZB, UZBE",,
21592,BEB 118,BEB,LS,Genel Kond.ve Vücut Geliştirme,,Serra Ayşe Çakar,SYM,Salı,10:30/12:29,,15,9,,"BIO, BIOE, BLG, BLGE, CAB, CEV, CEVE, CHZ, CHZE, DEN, DENE, DUI, DUIE, ECNE, EHB, EHBE, ELE, ELH, ELK, ELKE, END, ENDE, EUT, EUTE, FIZ, FIZE, GEM, GEME, GEO, GEOE, GID, GIDE, GMI, GMIE, ICM, IML, IMLE, INS, INSE, ISL, ISLE, JDF, JEF, JEFE, JEO, JEOE, KIM, KIME, KMM, KMME, KMP, KOM, KOME, MAD, MADE, MAK, MAKE, MAT, MATE, MET, METE, MIM, MIME, MTO, MTOE, MUT, MUZ, PEM, PEME, PET, PETE, SBP, SBPE, SES, TEB, TEK, TEKE, TEL, THO, UCK, UCKE, UZB, UZBE",,
21593,BEB 118,BEB,LS,Genel Kond.ve Vücut Geliştirme,,Serra Ayşe Çakar,SYM,Salı,13:30/15:29,,17,15,,"BIO, BIOE, BLG, BLGE, CAB, CEV, CEVE, CHZ, CHZE, DEN, DENE, DUI, DUIE, ECNE, EHB, EHBE, ELE, ELH, ELK, ELKE, END, ENDE, EUT, EUTE, FIZ, FIZE, GEM, GEME, GEO, GEOE, GID, GIDE, GMI, GMIE, ICM, IML, IMLE, INS, INSE, ISL, ISLE, JDF, JEF, JEFE, JEO, JEOE, KIM, KIME, KMM, KMME, KMP, KOM, KOME, MAD, MADE, MAK, MAKE, MAT, MATE, MET, METE, MIM, MIME, MTO, MTOE, MUT, MUZ, PEM, PEME, PET, PETE, SBP, SBPE, SES, TEB, TEK, TEKE, TEL, THO, UCK, UCKE, UZB, UZBE",,
21594,BEB 120,BEB,LS,Spor ve Temel Bilimler,,Yaşar Volkan Arıncı,RSLN-M,Pazartesi,13:30/16:29,,20,5,,"BIO, BLG, CAB, CEV, CHZ, DEN, DUI, EHB, ELE, ELH, ELK, END, EUT, FIZ, GEM, GEO, GID, GMI, ICM, IML, INS, ISL, JDF, JEF, JEO, KIM, KMM, KMP, KOM, MAD, MAK, MAT, MET, MIM, MTO, MTR, MUT, MUZ, PEM, PET, SBP, SES, TEB, TEK, TEL, THO, UCK, UZB",,
21595,BEB 121,BEB,LS,Spor ve Teknoloji,,Birgül Arslanoğlu,RSLN-M,Perşembe,09:30/12:29,,20,10,,"BIO, BLG, CAB, CEV, CHZ, DEN, DUI, EHB, ELE, ELH, ELK, END, EUT, FIZ, GEM, GEO, GID, GMI, ICM, IML, INS, ISL, JDF, JEF, JEO, KIM, KMM, KMP, KOM, MAD, MAK, MAT, MET, MIM, MTO, MTR, MUT, MUZ, PEM, PET, SBP, SES, TEB, TEK, TEL, THO, UCK, UZB",,
21596,CEV 330E,CEV,LS,Water Treatment Plant Design,,"Derya Yüksel İmer, Hale Özgün, Mustafa Evren Erşahin",INB,Pazartesi,08:30/12:29,,45,32,,"CEV, CEVE",,
21597,MET 214,MET,LS,Çözelti Termodinamiğinin Tem.,,Süheyla Aydın,KMB,Salı,08:30/11:29,,82,82,,MET,,
21598,CEV 416E,CEV,LS,Marine Disposal Systems,,Ali Fuat Aydın,INB,Pazartesi,15:30/17:29,,30,31,,"CEV, CEVE",,
21599,CEV 424E,CEV,LS,Wastewtr Mngmnt in Smll Cmmnts,,"Mahmut Altınbaş, Ayşe Bilsen Baykal",INB,Perşembe,13:30/15:29,,25,18,,"CEV, CEVE",,
21600,MET 214E,MET,LS,Fund. of Sol. Thermodynamics,,Nuri Solak,KMB,Perşembe,13:30/16:29,,80,64,,METE,,
21601,CEV 426,CEV,LS,Çevre Müh Bilgisayar Uygula,,"Alpaslan Ekdal, Ali Ertürk",INB,Perşembe,08:30/10:29,,25,10,,CEV,,
21602,CEV 428E,CEV,LS,Envirn.Plan.of Catchment Areas,,"Melike Gürel, Alpaslan Ekdal",INB,Salı,08:30/10:29,,25,17,,"CEV, CEVE",,
21603,CEV 432,CEV,LS,Çevre Ekonomisi,,"İzzet Öztürk, Naciye Esra Genceli",INB,Pazartesi,08:30/10:29,,45,12,,CEV,,
21604,MET 224,MET,LS,Faz Denge Diyagramları,,Nuri Solak,KMB,Perşembe,10:30/13:29,,90,87,,MET,,
21605,MET 224E,MET,LS,Phase Equilibrium Diagrams,,Nuri Solak,KMB,Salı,08:30/11:29,,90,77,,METE,,
21606,CEV 432E,CEV,LS,Environmental Economics,,"Hüseyin Erdem Görgün, Hale Özgün",INB,Salı,10:30/12:29,,60,59,,"CEV, CEVE",,
21607,MET 228,MET,LS,Malzeme Kimyası,,Servet İbrahim Timur,KMB,Pazartesi,13:30/15:29,,90,86,,MET,,
21608,MET 228E,MET,LS,Materials Chemistry,,Nuri Solak,KMB,Çarşamba,08:30/10:29,,90,71,,METE,,
21609,CEV 438,CEV,LS,Çevre Etkilerinin Değerlendiri,,Mustafa Sait Yazgan,INB,Salı,15:30/17:29,,30,30,,CEV,,
21610,MET 232,MET,LS,Malzeme Bilimi II,,Muhammet Kürşat Kazmanlı,KMB,Pazartesi,09:30/12:29,,0,1,,"FIZ, MET",,
21611,MET 244,MET,LS,Mlz.Statik&Dinamik; Mukavemeti,,Murat Baydoğan,KMB,Cuma,09:30/12:29,,95,35,,"GID, MET",,
21612,CEV 442,CEV,LS,Çevre Hukuku,,"İsmail Toröz, Fatma Gülen İskender, Osman Devrim Elvan",INB,Çarşamba,10:30/12:29,,45,28,,CEV,,
21613,MET 244E,MET,LS,Sta&Dyn.; Strength o..,,Necip Ünlü,KMB,Cuma,08:30/11:29,,70,23,,"GID, GIDE, METE",,
21614,CEV 442E,CEV,LS,Environmental Law,,"Yusuf Güneş, Derya Yüksel İmer",INB,Pazartesi,13:30/15:29,,45,32,,"CEV, CEVE",,
21615,MET 252,MET,LS,Mlz.Sta. ve Dinamik Mukavemeti,,Murat Baydoğan,KMB,Cuma,09:30/12:29,,95,53,,MET,,
21616,CEV 444E,CEV,LS,Industrial Wastewater Manag.,,"Fatma Fatoş Babuna, İdil Arslan Alaton",INB,Çarşamba,13:30/15:29,,35,37,,"CEV, CEVE, GID, GIDE",,
21617,CEV 446,CEV,LS,Hava Kirletici Kaynak.&Kontr.;,,Kadir Alp,INB,Perşembe,10:30/12:29,,25,25,,CEV,,
21618,CEV 446E,CEV,LS,Air Pollution Sources&Control;,,Burçak Kaynak Tezel,INB,Perşembe,10:30/12:29,,25,26,,"CEV, CEVE",,
21619,MET 252E,MET,LS,Sta and Dyn. Strng ofMaterials,,Necip Ünlü,KMB,Cuma,08:30/11:29,,70,45,,METE,,
21620,CEV 450,CEV,LS,Toprak Kirlenmesi ve Kontrolü,,"Mahmut Ekrem Karpuzcu, Didem Okutman Taş",INB,Perşembe,15:30/17:29,,25,20,,CEV,,
21621,MET 246,MET,LS,Malzeme Fiziği,,Muhammet Kürşat Kazmanlı,KMB,Çarşamba,13:30/15:29,,90,90,,MET,,
21622,CEV 450E,CEV,LS,Soil Pollution and Its Control,,Bülent İnanç,INB,Cuma,08:30/10:29,,25,10,,"CEV, CEVE",,
21623,CEV 452,CEV,LS,Gürültü ve Kontrolü,,İsmail Toröz,INB,Cuma,10:30/12:29,,25,22,,CEV,,
21624,MET 246E,MET,LS,Materials Physics,,Hüseyin Kızıl,KMB,Çarşamba,13:30/15:29,,78,78,,METE,,
21625,CEV 454E,CEV,LS,Opr.ofWtr&Wastewtr.T..,,"Hüseyin Erdem Görgün, Gülsüm Emel Zengin Balcı",INB,Perşembe,13:30/15:29,,25,15,,"CEV, CEVE",,
21626,CEV 456,CEV,LS,İş Sağlığı ve Güvenliği,,Fatma Gülen İskender,INB,Pazartesi,11:30/12:29,,45,25,,CEV,,
21627,MET 248E,MET,LS,Mass & Energy Balance,,"Cüneyt Arslan, Cevat Bora Derin",KMB,Pazartesi,15:30/17:29,,142,142,,"MET, METE",,
21628,MET 326,MET,LS,Kimyasal Metalurji II,,"Mahmut Ercan Açma, Servet İbrahim Timur",KMB,Pazartesi,08:30/11:29,,80,70,,MET,,
21629,CEV 456E,CEV,LS,Occupational Health and Safety,,Bülent İnanç,INB,Salı,12:30/13:29,,50,50,,"CEV, CEVE",,
21630,MET 326E,MET,LS,Chemical Metallurgy II,,"Onuralp Yücel, Cevat Bora Derin, Mehmet Şeref Sönmez",KMB,Pazartesi,08:30/11:29,,80,62,,METE,,
21631,CEV 492,CEV,LS,Bitirme Tasarım Projesi,,İsmail Toröz,---,,/,,50,24,,CEV,,
21632,CEV 492E,CEV,LS,Graduation Design Project,,İsmail Toröz,---,,/,,50,14,,"CEV, CEVE",,
21633,MET 328E,MET,LS,Introduction to Biomaterials,,"Gültekin Göller, İpek Akın Karadayı",KMB,Pazartesi,13:30/15:29,,130,130,,"MET, METE",,
21634,TER 201E,TER,LS,Thermodynamics,,Ayşe Erbil,INB,Pazartesi,08:30/11:29,,55,55,,"CEV, CEVE, CHZ, CHZE, DEN, DENE, GEM, GEME, GEMK, ISL, ISLE, JEF, JEO, JEOE, KMM, KMME, KOM, KOME, KON, KONE, MAD, PET, PETE, TEKE",,
21635,MET 344E,MET,LS,Mech. Properties of Materials,,"Hüseyin Çimenoğlu, Murat Baydoğan",KMB,Perşembe,11:30/13:29,,142,142,,"MET, METE",,
21637,MET 346,MET,LS,Met.&Malz.Pros.Mod.;&Sim.;,,"Cüneyt Arslan, Sebahattin Gürmen",KMB,Perşembe,08:30/10:29,,75,65,,MET,,
21638,MET 346E,MET,LS,Mod.&Sim.of; Met.&Mat.Process;,,"Cüneyt Arslan, Sebahattin Gürmen",KMB,Salı,08:30/10:29,,65,52,,METE,,
21639,MAT 271E,MAT,LS,Probability and Statistics,,"Mustafa Sait Yazgan, Alpaslan Ekdal",INB,Cuma,14:30/17:29,,45,61,,"BIO, BIOE, BLG, BLGE, CEV, CEVE, CHZ, CHZE, DEN, DENE, DUI, EHB, EHBE, EHN, ELE, ELH, ELK, ELKE, EUT, EUTE, FIZ, FIZE, GEM, GEME, GEMK, GEO, GEOE, GID, GIDE, GMI, GMIE, GMIK, IML, IMLE, INS, INSE, JEF, JEFE, JEO, JEOE, KMM, KMME, KOM, KOME, KON, KONE, MAD, MADE, MAK, MAKE, MET, METE, MTO, MTOE, PET, PETE, SBP, SBPE, SEH, TEK, TEKE, TEL, UCK, UCKE, UZB, UZBE",,
21640,MET 348,MET,LS,Kalite Mühendisliği,,İsmail Yılmaz Taptık,KMB,Salı,13:30/15:29,,70,65,,MET,,
21641,MAT 271E,MAT,LS,Probability and Statistics,,"Hayrettin Güçlü İnsel, Onur Yılmaz Özcan",INB,Cuma,14:30/17:29,,55,64,,"BIO, BIOE, BLG, BLGE, CEV, CEVE, CHZ, CHZE, DEN, DENE, DUI, EHB, EHBE, EHN, ELE, ELH, ELK, ELKE, EUT, EUTE, FIZ, FIZE, GEM, GEME, GEMK, GEO, GEOE, GID, GIDE, GMI, GMIE, GMIK, IML, IMLE, INS, INSE, JEF, JEFE, JEO, JEOE, KMM, KMME, KOM, KOME, KON, KONE, MAD, MADE, MAK, MAKE, MET, METE, MTO, MTOE, PET, PETE, SBP, SBPE, SEH, TEK, TEKE, TEL, UCK, UCKE, UZB, UZBE",,
21642,MET 348E,MET,LS,Quality Engineering,,Özgül Keleş,KMB,Perşembe,13:30/15:29,,68,66,,METE,,
21643,MET 364,MET,LS,Ekstraktif Metalurji Lab.,,"Güldem Kartal Şireli, Cevat Fahir Arısoy, Cüneyt Arslan, Hüseyin Kızıl, Hüseyin Çimenoğlu, Mahmut Ercan Açma, Muhammet Kürşat Kazmanlı, Mustafa Kelami Şeşen, Mustafa Lutfi Öveçoğlu, Onuralp Yücel, Servet İbrahim Timur, Süheyla Aydın, Ömer Serdar Özgen, İpek Akın Karadayı, İsmail Yılmaz Taptık",KMB,Çarşamba,08:30/10:29,,70,67,,MET,,
21644,MET 364E,MET,LS,Extractive Metallurgy Lab.,,"Cevat Bora Derin, Burak Özkal, Filiz Şahin, Gültekin Göller, Mehmet Şeref Sönmez, Murat Baydoğan, Mustafa Kamil Ürgen, Necip Ünlü, Nuri Solak, Sebahattin Gürmen, Özgül Keleş",KMB,Çarşamba,13:30/15:29,,70,53,,METE,,
21645,MET 366E,MET,LS,Energy Materials,,"Onuralp Yücel, Sebahattin Gürmen, Özgül Keleş",KMB,Cuma,08:30/10:29,,75,58,,"MET, METE",,
21646,MET 368,MET,LS,Metalik Toz. Üretim Teknikleri,,Burak Özkal,KMB,Cuma,08:30/10:29,,50,31,,MET,,
21647,MET 368E,MET,LS,Product.Tec. of Metallic Powd.,,Burak Özkal,KMB,Cuma,10:30/12:29,,40,32,,METE,,
21648,MET 374,MET,LS,Proses Metalurjisi,,Mahmut Ercan Açma,KMB,Cuma,14:30/16:29,,60,53,,MET,,
21649,MET 374E,MET,LS,Process Metallurgy,,"Cüneyt Arslan, Güldem Kartal Şireli",KMB,Cuma,14:30/16:29,,40,40,,METE,,
21650,MET 376E,MET,LS,Heat Treatment of Metals,,"Hüseyin Çimenoğlu, Murat Baydoğan",KMB,Salı,11:30/13:29,,40,25,,METE,,
21651,MET 442,MET,LS,Kompozit Malzemelerin Tem.,,Mustafa Lutfi Öveçoğlu,KMB,Cuma,08:30/10:29,,60,57,,MET,,
21652,MET 442E,MET,LS,Fund. of Composite Materials,,Mohammadreza Nofar,KMB,Pazartesi,11:30/13:29,,70,67,,METE,,
21653,MET 444,MET,LS,Müh.Uyg.Demir ve Çelik E.Mlz.,,"Mustafa Kelami Şeşen, Cevat Fahir Arısoy",KMB,Çarşamba,13:30/15:29,,70,67,,MET,,
21654,MET 444E,MET,LS,Iron&Steel; Mat.in Eng. App,,Cevat Fahir Arısoy,KMB,Salı,10:30/12:29,,65,63,,METE,,
21655,MET 446,MET,LS,Met.ve Malz.Pros.Çevre ve Etik,,"Servet İbrahim Timur, Güldem Kartal Şireli",KMB,Salı,12:30/14:29,,75,61,,MET,,
21656,MET 446E,MET,LS,Envir.&Ethc.inMet.;&..,,"Mehmet Şeref Sönmez, Cevat Fahir Arısoy",KMB,Salı,13:30/15:29,,55,53,,METE,,
21657,MET 462,MET,LS,Mtlk.Nanparik.:Üret.&Karak.;,,"Sebahattin Gürmen, Burak Özkal",KMB,Perşembe,13:30/15:29,,50,27,,MET,,
21658,MET 462E,MET,LS,Metallic Nanopart.:P..,,"Sebahattin Gürmen, Burak Özkal",KMB,Pazartesi,13:30/15:29,,40,32,,METE,,
21659,MET 464E,MET,LS,Princip. of Surfaca Treatment,,"Mustafa Kamil Ürgen, Muhammet Kürşat Kazmanlı",KMB,Perşembe,08:30/10:29,,50,29,,"MET, METE",,
21660,MET 468E,MET,LS,Welding Tech. and Metallurgy,,"Hüseyin Çimenoğlu, Murat Baydoğan",KMB,Cuma,14:30/16:29,,40,29,,"MET, METE",,
21661,MET 472E,MET,LS,Casting Processes,,Necip Ünlü,KMB,Pazartesi,08:30/10:29,,80,74,,"MET, METE",,
21662,MET 474,MET,LS,Demir Dışı Metal.Ekstrk.Mtlrj.,,"Mahmut Ercan Açma, Servet İbrahim Timur",KMB,Pazartesi,15:30/17:29,,30,18,,MET,,
21663,MET 474E,MET,LS,Extrac.Metall.of Non-Ferr.Met.,,"Cevat Bora Derin, Mehmet Şeref Sönmez",KMB,Cuma,08:30/10:29,,30,4,,METE,,
21664,MET 476E,MET,LS,Intro. to Technical Ceramics,,Filiz Şahin,KMB,Çarşamba,10:30/12:29,,55,30,,"MET, METE",,
21665,MET 492,MET,LS,Tasarım Projesi,,İsmail Yılmaz Taptık,KMB,,/,,500,35,,MET,,
21666,MET 492E,MET,LS,Design Project,,İsmail Yılmaz Taptık,KMB,,/,,500,47,,"MET, METE",,
21667,BIL 113E,BIL,LS,Intr.to Sci& Eng.Comp.(MATLAB),,Güldem Kartal Şireli,KMB,Çarşamba,12:30/15:29,,55,63,,"MET, METE",,
21668,RES 107E,RES,LS,Technical Drawing,,Sabahat Topuz Kiremitçi,KMB,Perşembe,08:30/11:29,,55,55,,"END, ENDE, FIZ, FIZE, GID, GIDE, ISL, ISLE, KMM, KMME, MET, METE, PETE",,
21669,RES 107E,RES,LS,Technical Drawing,,Çağlar Akkaya,KMB,Cuma,13:30/16:29,,60,60,,"END, ENDE, FIZ, FIZE, GID, GIDE, ISL, ISLE, KMM, KMME, MET, METE, PETE",,
21670,RES 107E,RES,LS,Technical Drawing,,Çağlar Akkaya,KMB,Cuma,08:30/11:29,,55,55,,"END, ENDE, FIZ, FIZE, GID, GIDE, ISL, ISLE, KMM, KMME, MET, METE, PETE",,
21676,BIL 100E,BIL,LS,Intr.to Prog.Language(PYTHON),,Ömer Özyıldırım,MED | MED,Pazartesi | Pazartesi,10:30/11:29 | 11:30/13:29,,70,38,,"ECNE, END, ENDE, ISL, ISLE",,
21677,BIL 100E,BIL,LS,Intr.to Prog.Language(PYTHON),,Evren Dağlarlı,MED | MED,Pazartesi | Pazartesi,10:30/11:29 | 11:30/13:29,,70,58,,"FIZ, FIZE, FIZM, KIM, KIME, MAT, MATE",,
21678,BIL 100E,BIL,LS,Intr.to Prog.Language(PYTHON),,Ömer Özyıldırım,MED | MED,Salı | Salı,10:30/11:29 | 11:30/13:29,,70,70,,"EUT, EUTE, ICM",,
21679,BIL 100E,BIL,LS,Intr.to Prog.Language(PYTHON),,Evren Dağlarlı,MED | MED,Salı | Salı,10:30/11:29 | 11:30/13:29,,70,40,,"BIO, BIOE, CEV, CEVE, CHZ, CHZE, DEN, DENE, DUI, DUIE, ECNE, EHB, EHBE, ELE, ELH, END, ENDE, EUT, EUTE, FIZ, FIZE, FIZM, GEM, GEME, GEMK, GID, GIDE, GMI, GMIE, ICM, IML, IMLE, INS, INSE, ISL, ISLE, JEF, JEFE, JEO, JEOE, KIM, KIME, KMM, KMME, KOM, KOME, MAD, MADE, MAK, MAKE, MAT, MATE, MET, METE, MIM, MIME, MTO, MTOE, PEM, PEME, PET, PETE, SBP, SBPE, SEN, TEK, TEKE, TEL, UCK, UCKE, UZB, UZBE",,
21680,BIL 100E,BIL,LS,Intr.to Prog.Language(PYTHON),,Erke Arıbaş,MED | MED,Çarşamba | Çarşamba,09:30/10:29 | 10:30/12:29,,70,31,,"BIO, BIOE, CEV, CEVE, CHZ, CHZE, DEN, DENE, DUI, DUIE, ECNE, EHB, EHBE, ELE, ELH, END, ENDE, EUT, EUTE, FIZ, FIZE, FIZM, GEM, GEME, GEMK, GID, GIDE, GMI, GMIE, ICM, IML, IMLE, INS, INSE, ISL, ISLE, JEF, JEFE, JEO, JEOE, KIM, KIME, KMM, KMME, KOM, KOME, MAD, MADE, MAK, MAKE, MAT, MATE, MET, METE, MIM, MIME, MTO, MTOE, PEM, PEME, PET, PETE, SBP, SBPE, SEN, TEK, TEKE, TEL, UCK, UCKE, UZB, UZBE",,
21681,STA 201,STA,LS,Statik,,İsmail Yalçın,GDB,Pazartesi,13:30/16:29,,60,60,,"DEN, EHB, ELE, ELH, GEM, JEO, MAK, TEK, TEL, UCK, UZB",,
21682,BIL 113E,BIL,LS,Intr.to Sci& Eng.Comp.(MATLAB),,Erdem Üçer,GDB,Perşembe,13:30/16:29,,35,30,,"GEM, GEME",,
21683,GEM 112,GEM,LS,Bilgisayar Destek.Teknik Resim,,Reyhan Özsoysal,GDB | GDB,Çarşamba | Perşembe,09:30/12:29 | 09:30/11:29,,56,57,,GEM,,
21684,MUK 210,MUK,LS,Mukavemet II,,Reyhan Özsoysal,GDB | GDB,Pazartesi | Salı,08:30/10:29 | 10:30/12:29,,25,25,,"GEM, MAK, MAKM",,
21685,STA 201,STA,LS,Statik,,Ceren Bilgin Güney,GDB,Çarşamba,09:30/12:29,,65,68,,"DEN, EHB, ELE, ELH, GEM, JEO, MAK, TEK, TEL, UCK, UZB",,
21687,MUK 210,MUK,LS,Mukavemet II,,Adnan Kefal,GDB | GDB,Pazartesi | Salı,08:30/10:29 | 10:30/12:29,,30,26,,"GEM, MAK, MAKM",,
21688,RES 102,RES,LS,Bilg. Destekli Teknik Resim,,"Sevil Deniz Yakan Dündar, Ayşe Nazan Akman Pek",GDB,Perşembe,13:30/17:29,,60,60,,DEN,,
21689,AKM 205,AKM,LS,Akışkanlar Mekaniği,,Ali Can Takinacı,GDB | GDB,Çarşamba | Perşembe,13:30/15:29 | 13:30/16:29,,70,69,,"DEN, GEM, GEMM, MAK, UCK, UZB",,
21691,MAT 271,MAT,LS,Olasılık ve İstatistik,,Adnan Kefal,GDB,Cuma,13:30/16:29,,40,40,,"BIO, BLG, EHB, ELE, ELH, EUT, FIZ, GEM, GEO, GID, IML, INS, JEO, KMM, MET, MTO, PET, TEL, UCK, UZB",,
21692,DEN 224E,DEN,LS,Experim.Design & Data Analysis,,"Ebru Sarıöz, Ayşe Nazan Akman Pek",GDB,Pazartesi,09:30/12:29,,15,4,,"DEN, DENE",,
21693,DEN 218E,DEN,LS,Const.of Ship&Offshore; Strc.,,Serdar Aytekin Köroğlu,GDB,Pazartesi,13:30/16:29,,55,52,,DEN,,
21694,KIM 414E,KIM,LS,Food Chemistry,,--,FEB,Perşembe,14:30/17:29,,0,0,,"KIM, KIME",,
21695,GEM 214E,GEM,LS,Engineering Measurements,,Emin Korkut,GDB,Pazartesi,13:30/16:29,,41,43,,"GEM, GEME, GEMK",,
21696,TER 201,TER,LS,Termodinamik,,Halil Saraçoğlu,GDB,Salı,09:30/12:29,,55,56,,"CEV, CHZ, DEN, GEM, ISL, JEO, KMM, KOM, KON, PET",,
21697,GEM 216E,GEM,LS,Heat Transfer In Engineering,,Selma Ergin,GDB,Pazartesi,13:30/16:29,,41,27,,"GEM, GEME, GEMK",,
21698,GEM 218E,GEM,LS,Structural Dynamics,,--,GDB,Pazartesi,13:30/16:29,,0,0,,"GEM, GEME",,
21700,GEM 222,GEM,LS,Gemi Yapı Elemanları,,Yalçın Ünsan,GDB | GDB,Pazartesi | Cuma,10:30/12:29 | 10:30/12:29,,70,29,,"GEM, GEMM",,
21701,GEM 222E,GEM,LS,Ship Construction,,Adnan Kefal,GDB | GDB,Pazartesi | Cuma,10:30/12:29 | 10:30/12:29,,20,2,,"GEME, GEMK",,
21703,GEM 212,GEM,LS,Imal Usulleri,,Gökhan Tansel Tayyar,GDB,Perşembe,08:30/10:29,,70,55,,GEM,,
21704,GEM 212E,GEM,LS,Manufacturing Processes,,Emin Korkut,GDB,Perşembe,08:30/10:29,,30,4,,"GEM, GEME, GEMK",,
21705,GEM 322,GEM,LS,Gemi Mukavemeti,,Ertekin Bayraktarkatal,GDB | GDB,Pazartesi | Çarşamba,10:30/12:29 | 13:30/15:29,,50,49,,"GEM, GEMM",,
21706,GEM 322E,GEM,LS,Strength of Ships,,--,GDB | GDB,Pazartesi | Çarşamba,10:30/12:29 | 13:30/15:29,,0,0,,"GEME, GEMK",,
21707,GEM 314E,GEM,LS,Methods Of Ship Production,,Gökhan Tansel Tayyar,GDB,Salı,13:30/16:29,,41,44,,"DEN, DENE, GEM, GEME, GEMK",,
21708,GEM 342E,GEM,LS,Ship Design,,Şebnem Helvacıoğlu,GDB | GDB,Salı | Çarşamba,08:30/10:29 | 10:30/11:29,,70,46,,"GEM, GEME, GEMK, GEMM",,
21709,GEM 332,GEM,LS,Gemi Elektrik Sistemleri,,Yalçın Ünsan,GDB,Perşembe,10:30/12:29,,70,71,,"DEN, GEM",,
21710,AKM 205,AKM,LS,Akışkanlar Mekaniği,,Şafak Nur Ertürk Bozkurtoğlu,GDB | GDB,Çarşamba | Cuma,13:30/15:29 | 08:30/11:29,,50,46,,"DEN, GEM, GEMM, MAK, UCK, UZB",,
21712,MAT 271E,MAT,LS,Probability and Statistics,,"Burak Karacık, İsmail Hakkı Helvacıoğlu",GDB,Perşembe,09:30/12:29,,50,50,,"BIO, BIOE, BLG, BLGE, CEV, CEVE, CHZ, CHZE, DEN, DENE, DUI, EHB, EHBE, EHN, ELE, ELH, ELK, ELKE, EUT, EUTE, FIZ, FIZE, GEM, GEME, GEMK, GEO, GEOE, GID, GIDE, GMI, GMIE, GMIK, IML, IMLE, INS, INSE, JEF, JEFE, JEO, JEOE, KMM, KMME, KOM, KOME, KON, KONE, MAD, MADE, MAK, MAKE, MET, METE, MTO, MTOE, PET, PETE, SBP, SBPE, SEH, TEK, TEKE, TEL, UCK, UCKE, UZB, UZBE",,
21713,MUK 204,MUK,LS,Mukavemet II,,Serdar Aytekin Köroğlu,GDB,Cuma,13:30/16:29,,50,57,,"DEN, GEM, UCK, UZB",,
21714,DEN 312,DEN,LS,Gemi & Dnz Yapılarının Direnci,,Ayhan Menteş,GDB,Pazartesi,10:30/12:29,,45,45,,DEN,,
21715,GEM 312E,GEM,LS,Marine Auxiliary Machinery,,Osman Azmi Özsoysal,GDB,Perşembe,13:30/16:29,,75,75,,"GEM, GEME, GEMK, GEMM",,
21716,DEN 312E,DEN,LS,Resist. of Ship&Offs..,,Burcu Erbaş,GDB,Salı,13:30/15:29,,15,3,,DENE,,
21717,DEN 326,DEN,LS,Bilg.Dest.Açık Deniz Yap.Hes.,,Hakan Akyıldız,GDB,Cuma,13:30/16:29,,25,21,,DEN,,
21718,GEM 353,GEM,LS,Gem.İnş.&Gem.San.;İş..,,Barış Barlas,GDB,Cuma,09:30/12:29,,30,9,,GEM,,
21719,DEN 318E,DEN,LS,Wave Mechanics,,Şafak Nur Ertürk Bozkurtoğlu,GDB,Pazartesi,14:30/17:29,,20,9,,"DEN, DENE",,
21720,DEN 346E,DEN,LS,Safe.Mng.&RiskAnl.in..,,Ayhan Menteş,GDB,Pazartesi,14:30/17:29,,15,14,,"DEN, DENE",,
21721,GEM 412E,GEM,LS,Shipyard Organization,,Erdem Üçer,GDB,Pazartesi,13:30/15:29,,70,37,,"GEM, GEME, GEMK",,
21722,DEN 342E,DEN,LS,Ship Design,,Kadir Sarıöz,GDB,Çarşamba,12:30/15:29,,40,26,,"DEN, DENE",,
21723,DEN 324E,DEN,LS,Marine Engines and Auxiliaries,,Halil Saraçoğlu,GDB,Çarşamba,09:30/12:29,,40,28,,"DEN, DENE",,
21724,GEM 424E,GEM,LS,Reliability Of Ship Structures,,Ahmet Ergin,GDB,Pazartesi,15:30/17:29,,25,10,,"GEM, GEME, GEMK, GEMM",,
21725,DEN 314E,DEN,LS,Oceanography,,"Sevil Deniz Yakan Dündar, Deniz Bayraktar Bural",GDB,Perşembe,09:30/12:29,,50,38,,"DEN, DENE, MTO, MTOE",,
21726,GEM 418E,GEM,LS,Corrsn & Fouling In Marine Env,,Metin Taylan,GDB,Pazartesi,15:30/17:29,,25,24,,"GEM, GEME, GEMK, GEMM",,
21727,DEN 424E,DEN,LS,Computer Aided Ship Design,,Kadir Sarıöz,GDB,Pazartesi,10:30/12:29,,15,11,,"DEN, DENE",,
21728,GEM 426E,GEM,LS,Hydrodynamic Design of Ships,,Devrim Bülent Danışman,GDB,Çarşamba,08:30/10:29,,30,24,,"GEM, GEME, GEMK",,
21729,DEN 426E,DEN,LS,The Sailing Yacht,,Abdi Kükner,GDB,Pazartesi,10:30/12:29,,15,0,,"DEN, DENE",,
21730,GEM 422,GEM,LS,Gemi Tasarım Projesi II,,"Ömer Gören, Ahmet Ergin, Barış Barlas, Ertekin Bayraktarkatal, Osman Azmi Özsoysal, Selma Ergin, Yalçın Ünsan, İsmail Yalçın",GDB,Çarşamba,10:30/12:29,,60,41,,GEM,,
21731,DEN 414,DEN,LS,Deniz Dibi Boru Döşeme Tekniği,,İsmail Yalçın,GDB,Pazartesi,10:30/12:29,,15,8,,DEN,,
21732,DEN 436E,DEN,LS,Ecotoxicology in the Marine En,,Oya Okay,GDB,Pazartesi,10:30/12:29,,15,1,,"DEN, DENE",,
21733,DEN 422E,DEN,LS,Marine Structures Project II,,"Hakan Akyıldız, Abdi Kükner, Serdar Aytekin Köroğlu, Özgür Özgüç, İsmail Hakkı Helvacıoğlu",GDB,Cuma,08:30/10:29,,30,14,,"DEN, DENE",,
21734,GEM 412E,GEM,LS,Shipyard Organization,,İsmail Hakkı Helvacıoğlu,GDB,Pazartesi,13:30/15:29,,50,23,,"DEN, DENE",,
21735,DEN 451,DEN,LS,Gemi ve Oşinografi Lab.,,"Ceren Bilgin Güney, Burcu Erbaş, Yalçın Ünsan",GDB,Salı,09:30/12:29,,50,23,,DEN,,
21736,DEN 317E,DEN,LS,Coastal Engineering,,"Bilge Tutak, Deniz Bayraktar Bural",GDB,Çarşamba,12:30/15:29,,30,25,,"DEN, DENE",,
21737,GEM 422E,GEM,LS,Ship Design Project II,,Emin Korkut,GDB,Çarşamba,10:30/12:29,,40,9,,"GEME, GEMK",,
21738,DEN 428,DEN,LS,Deniz Suyu Kimyası,,Fatma Yonsel,GDB,Çarşamba,13:30/15:29,,15,4,,DEN,,
21739,GEM 438E,GEM,LS,Stability of Ships,,Metin Taylan,GDB,Çarşamba,08:30/10:29,,30,39,,"GEM, GEME, GEMK",,
21740,DEN 435,DEN,LS,Müh.Eko.&Deniz; Taşı. Uyg.,,İsmail Hakkı Helvacıoğlu,GDB,Çarşamba,13:30/15:29,,15,0,,DEN,,
21741,DEN 428E,DEN,LS,Seawater Chemistry,,Ceren Bilgin Güney,GDB,Perşembe,08:30/10:29,,10,0,,DENE,,
21742,DEN 451E,DEN,LS,Ship Mod.Tst.&Oceano..,,"Ceren Bilgin Güney, Burcu Erbaş, Yalçın Ünsan",GDB,Perşembe,13:30/16:29,,15,1,,DENE,,
21743,GEM 426,GEM,LS,Gemilerin Hidrodinamik Dizaynı,,Ömer Gören,GDB,Cuma,10:30/12:29,,30,16,,GEM,,
21744,DEN 441E,DEN,LS,Marine Structures Project I,,"Hakan Akyıldız, Kadir Sarıöz",GDB,Cuma,10:30/12:29,,30,15,,"DEN, DENE",,
21745,DEN 492,DEN,LS,Bitirme Çalışması,,Fatma Yonsel,---,,/,,50,16,,DEN,,
21746,GEM 416,GEM,LS,Savaş Gemileri Dizaynı,,Mehmet Ali Baykal,GDB,Cuma,10:30/12:29,,30,32,,GEM,,
21747,DEN 492E,DEN,LS,Graduation Project,,Fatma Yonsel,---,,/,,10,7,,"DEN, DENE",,
21749,GMI 411,GMI,LS,Gemi Makineleri Operasyonu II,,"Ahmet Ergün Palaz, Halil Saraçoğlu",GDB,Cuma,08:30/12:29,,25,0,,"GEM, GMI",,
21750,GEM 492,GEM,LS,Bitirme Tasarım Projesi,,Emin Korkut,---,,/,,100,44,,GEM,,
21751,GEM 492E,GEM,LS,Graduation Design Project,,Emin Korkut,---,,/,,20,12,,"GEM, GEME, GEMK",,
21754,BLG 443E,BLG,LS,Discrete Event Simulation,,Damien Jade Duff,EEB,Perşembe,14:30/16:29,,65,65,,"BLG, BLGE",,
21755,ITB 202,ITB,LS,Dünya Tarihi,,Mustafa İnce,FEB,Çarşamba,11:30/14:29,,45,40,,"BIO, BLG, CAB, CEV, CHZ, DEN, DUI, EHB, ELE, ELH, ELK, END, EUT, FIZ, GEM, GEO, GID, ICM, INS, ISL, JDF, JEF, JEO, KIM, KMM, KMP, KOM, MAD, MAK, MAT, MET, MIM, MTO, MTR, MUT, MUZ, PEM, PET, SBP, SES, TEB, TEK, TEL, THO, UCK, UZB",,
21756,DUI 231EL,DUI,LS,Marine Communication Lab.,,Oğuzhan Gürel,DZB,Pazartesi,12:30/14:29,,45,45,,"DUI, DUIE",,
21757,DUI 202E,DUI,LS,Electronic Navigation,,"Elif Bal Beşikçi, Taylan Güler",DZB,Çarşamba,08:30/11:29,,45,16,,"DUI, DUIE",,
21762,DUI 232,DUI,LS,Gemi Elektroniği,,Melek Ertogan,DZB,Pazartesi,08:30/10:29,,70,68,,DUI,,
21764,GMI 213E,GMI,LS,Thermodynamics,,Yasin Arslanoğlu,DZB,Pazartesi,08:30/11:29,,40,26,,"GMI, GMIE",,
21767,GMI 213E,GMI,LS,Thermodynamics,,Yalçın Durmuşoğlu,DZB,Pazartesi,08:30/11:29,,40,35,,"GMI, GMIE",,
21768,GMI 233,GMI,LS,Gemi Dizel Makineleri II,,Cengiz Deniz,DZB,Pazartesi,14:30/17:29,,50,46,,GMI,,
21775,MRT 422,MRT,LS,Bridge Resource Management,,"Özcan Arslan, Emre Akyüz",DZB,Pazartesi,08:30/13:29,,20,3,,SDU,,
21776,DFH 412E,DFH,LS,Maritime Safety,,Yusuf Nejat Koçar,DZB,Pazartesi,08:30/11:29,,30,15,,"DUI, DUIE",,
21777,DFH 412E,DFH,LS,Maritime Safety,,Yusuf Nejat Koçar,DZB,Pazartesi,11:30/14:29,,48,48,,"DUI, DUIE",,
21778,DFH 412E,DFH,LS,Maritime Safety,,Yusuf Nejat Koçar,DZB,Pazartesi,14:30/17:29,,30,15,,"DUI, DUIE",,
21780,DUI 442,DUI,LS,Meteoroloji ve Oşinografi,,Ayşe Yılmaz,DZB,Pazartesi,15:30/17:29,,40,15,,DUI,,
21781,DUI 432,DUI,LS,Gemi Yönetimi ve Liderlik,,Özkan Poyraz,DZB,Pazartesi,08:30/11:29,,45,45,,DUI,,
21782,DUI 432,DUI,LS,Gemi Yönetimi ve Liderlik,,Özkan Poyraz,DZB,Pazartesi,14:30/17:29,,55,50,,DUI,,
21783,DUI 231EL,DUI,LS,Marine Communication Lab.,,Oğuzhan Gürel,DZB,Salı,08:30/10:29,,30,24,,"DUI, DUIE",,
21784,DUI 231EL,DUI,LS,Marine Communication Lab.,,Oğuzhan Gürel,DZB,Salı,10:30/12:29,,30,16,,"DUI, DUIE",,
21785,DFH 202,DFH,LS,Gemilerde Acil Durum Yönetimi,,Taylan Güler,DZB,Salı,12:30/14:29,,93,91,,"DUI, GMI",,
21786,DUI 202E,DUI,LS,Electronic Navigation,,"Elif Bal Beşikçi, Taylan Güler",DZB,Pazartesi,14:30/17:29,,70,69,,"DUI, DUIE",,
21787,DUI 102E,DUI,LS,Introduction to Navigation,,"Özcan Arslan, Muhsin Kadıoğlu",DZB,Salı,08:30/11:29,,45,23,,"DUI, DUIE",,
21788,DUI 102E,DUI,LS,Introduction to Navigation,,"Özcan Arslan, Muhsin Kadıoğlu",DZB,Salı,11:30/14:29,,55,47,,"DUI, DUIE",,
21790,MAT 210,MAT,LS,Mühendislik Matematiği,,Sabire Cömert,DZB | DZB,Salı | Çarşamba,10:30/12:29 | 10:30/12:29,,80,20,,"DUI, GMI",,
21793,DUI 302E,DUI,LS,Onboard Training III,,Tanzer Satır,DZB,,/,,10,0,,SDU,,
21794,MRT 314,MRT,LS,Sea Project,,Tanzer Satır,DZB,,/,,10,2,,SDU,,
21796,GMI 210,GMI,LS,Titreşimin Temelleri,,İsmail Çiçek,DZB,Pazartesi,12:30/14:29,,60,55,,GMI,,
21797,GMI 491E,GMI,LS,Maritime English III,,Müjgan Özenir,DZB,Pazartesi,12:30/14:29,,40,30,,"GMI, GMIE",,
21798,GMI 422E,GMI,LS,Surveying Procedures,,Fırat Bolat,DZB,Salı,08:30/10:29,,70,59,,"GMI, GMIE",,
21799,MRE 442,MRE,LS,Surveying Procedures,,Fırat Bolat,DZB,Pazartesi,14:30/17:29,,10,3,,SGM,,
21800,MRT 312,MRT,LS,OnBoardTrain.(ShpOpr..,,Tanzer Satır,DZB,,/,,10,2,,SDU,,
21802,MRT 492,MRT,LS,Graduation Project,,Tanzer Satır,DZB,,/,,10,0,,SDU,,
21803,TUR 101,TUR,LS,Türk Dili I,,--,DZB,Salı,15:30/17:29,,0,0,,"SDU, SGM",,
21805,DFH 180,DFH,LS,Kürek ve Kano Sporları,,Yusuf Nejat Koçar,DZB,Salı,08:30/11:29,,20,11,,DUI,,
21806,MRT 412,MRT,LS,Management Seminar,,Levent Kırval,DZB,Salı,11:30/14:29,,10,3,,SDU,,
21808,DFH 414E,DFH,LS,Port Management,,Tanzer Satır,DZB,Salı,13:30/15:29,,35,11,,"DUI, DUIE",,
21810,DFH 422,DFH,LS,Deniz Kazaları&Emniy..,,Emre Akyüz,DZB,Salı,08:30/10:29,,30,9,,DUI,,
21811,DFH 422,DFH,LS,Deniz Kazaları&Emniy..,,Emre Akyüz,DZB,Salı,13:30/15:29,,30,23,,DUI,,
21812,MRT 406,MRT,LS,Chartering,,Münip Baş,DZB,Salı,08:30/10:29,,40,3,,"SDU, SGM",,
21814,DUI 112E,DUI,LS,Watchkeeping I,,Oğuzhan Gürel,DZB,Çarşamba,08:30/10:29,,40,24,,"DUI, DUIE",,
21815,DUI 112E,DUI,LS,Watchkeeping I,,Oğuzhan Gürel,DZB,Çarşamba,10:30/12:29,,50,49,,"DUI, DUIE",,
21816,DUI 206,DUI,LS,Astronomi,,Orhan Gönel,DZB,Çarşamba,08:30/11:29,,45,25,,"DUI, DUIE",,
21818,DFH 172E,DFH,LS,Maritime English I,,Halime Ceren Göktaş,DZB,Çarşamba,08:30/10:29,,45,37,,"DUI, DUIE",,
21819,DFH 172E,DFH,LS,Maritime English I,,Halime Ceren Göktaş,DZB,Çarşamba,11:30/13:29,,30,27,,"DUI, DUIE",,
21820,DFH 172E,DFH,LS,Maritime English I,,Halime Ceren Göktaş,DZB,Çarşamba,13:30/15:29,,30,16,,"DUI, DUIE",,
21821,DFH 186,DFH,LS,Gemicilik Uygulamaları,,--,DZB,Çarşamba,11:30/14:29,,0,0,,DUI,,
21824,BIL 100E,BIL,LS,Intr.to Prog.Language(PYTHON),,Özgür Atalay,MED | MED,Cuma | Cuma,10:30/11:29 | 11:30/13:29,,70,36,,"BIO, BIOE, CEV, CEVE, CHZ, CHZE, DEN, DENE, DUI, DUIE, ECNE, EHB, EHBE, ELE, ELH, END, ENDE, EUT, EUTE, FIZ, FIZE, FIZM, GEM, GEME, GEMK, GID, GIDE, GMI, GMIE, ICM, IML, IMLE, INS, INSE, ISL, ISLE, JEF, JEFE, JEO, JEOE, KIM, KIME, KMM, KMME, KOM, KOME, MAD, MADE, MAK, MAKE, MAT, MATE, MET, METE, MIM, MIME, MTO, MTOE, PEM, PEME, PET, PETE, SBP, SBPE, SEN, TEK, TEKE, TEL, UCK, UCKE, UZB, UZBE",,
21825,BIL 100E,BIL,LS,Intr.to Prog.Language(PYTHON),,Özgür Atalay,MED | MED,Cuma | Cuma,14:30/15:29 | 15:30/17:29,,70,40,,"BIO, BIOE, CEV, CEVE, CHZ, CHZE, DEN, DENE, DUI, DUIE, ECNE, EHB, EHBE, ELE, ELH, END, ENDE, EUT, EUTE, FIZ, FIZE, FIZM, GEM, GEME, GEMK, GID, GIDE, GMI, GMIE, ICM, IML, IMLE, INS, INSE, ISL, ISLE, JEF, JEFE, JEO, JEOE, KIM, KIME, KMM, KMME, KOM, KOME, MAD, MADE, MAK, MAKE, MAT, MATE, MET, METE, MIM, MIME, MTO, MTOE, PEM, PEME, PET, PETE, SBP, SBPE, SEN, TEK, TEKE, TEL, UCK, UCKE, UZB, UZBE",,
21826,DUI 492,DUI,LS,Bitirme Çalışması,,Özcan Arslan,---,,/,,99,91,,DUI,,
21827,DUI 492E,DUI,LS,Graduation Project,,Özcan Arslan,---,,/,,99,20,,"DUI, DUIE",,
21828,DUI 402,DUI,LS,Deniz Hukuku II,,Hakan Muran,DZB,Perşembe,08:30/11:29,,55,38,,DUI,,
21829,DUI 442,DUI,LS,Meteoroloji ve Oşinografi,,Ayşe Yılmaz,DZB,Çarşamba,13:30/15:29,,55,47,,DUI,,
21830,MRT 408,MRT,LS,License Seminar,,Muhsin Kadıoğlu,DZB,Çarşamba,10:30/14:29,,10,3,,"SDU, SGM",,
21831,MRT 402,MRT,LS,Marine Insurance,,Hakan Muran,DZB,Perşembe,11:30/14:29,,10,3,,SDU,,
21833,DFH 254E,DFH,LS,Maritime Conventions,,Münip Baş,DZB,Çarşamba,11:30/13:29,,85,82,,"DUI, DUIE",,
21834,DFH 254E,DFH,LS,Maritime Conventions,,Münip Baş,DZB,Çarşamba,08:30/10:29,,70,45,,"DUI, DUIE",,
21842,GMI 483E,GMI,LS,Engine Room Simulator (ERS) II,,Metin Çelik,DZB,Pazartesi,14:30/17:29,,17,17,,"GMI, GMIE",,
21844,GMI 432E,GMI,LS,Quality & Safety Managm. Syst.,,Metin Çelik,DZB,Pazartesi,10:30/12:29,,80,80,,"GMI, GMIE",,
21845,DFH 112,DFH,LS,Denizde Güvenlik II,,Yusuf Nejat Koçar,DZB,Cuma,14:30/17:29,,42,40,,"DUI, GMI",,
21846,GMI 491E,GMI,LS,Maritime English III,,Müjgan Özenir,DZB,Salı,10:30/12:29,,40,27,,"GMI, GMIE",,
21847,DFH 188,DFH,LS,Yelkencilik,,Yusuf Nejat Koçar,DZB,Perşembe,13:30/16:29,,20,10,,DUI,,
21848,DFH 184,DFH,LS,Denizcilik Gelenekleri,,Yusuf Nejat Koçar,DZB,Salı,14:30/17:29,,50,37,,"DUI, GMI",,
21851,RES 102,RES,LS,Bilg. Destekli Teknik Resim,,Melek Ertogan,DZB,Perşembe,08:30/12:29,,55,44,,DUI,,
21852,RES 102,RES,LS,Bilg. Destekli Teknik Resim,,Melek Ertogan,DZB,Perşembe,13:30/17:29,,55,45,,DUI,,
21854,TUR 102,TUR,LS,Türk Dili II,,Muhsin Kadıoğlu,DZB,Perşembe,10:30/12:29,,50,7,,"DUI, DUIE, GMI, GMIE",,
21855,GMI 223,GMI,LS,Makine Elemanları,,Münir Süner,DZB,Salı,08:30/10:29,,60,23,,GMI,,
21856,BIL 100E,BIL,LS,Intr.to Prog.Language(PYTHON),,Melek Ertogan,DZB,Salı,08:30/11:29,,65,49,,"DUI, DUIE, GMI, GMIE",,
21857,BIL 100E,BIL,LS,Intr.to Prog.Language(PYTHON),,Melek Ertogan,DZB,Salı,14:30/17:29,,65,46,,"DUI, DUIE, GMI, GMIE",,
21858,MST 202,MST,LS,Maritime English II,,Münip Baş,DZB,Perşembe,08:30/10:29,,50,19,,MTM,,
21859,MST 441,MST,LS,Deck Machinery,,Cumali Seçkin Mengeçin,DZB,Çarşamba,17:30/19:29,,50,15,,"MEN, MTM, NAE",,
21860,MST 422,MST,LS,Maritime Law II,,Nuri Koray Kurun,DZB,Cuma,09:30/12:29,,50,19,,MTM,,
21861,PHY 108,PHY,LS,Physics II,,Banu Tansel,DZB,Salı,08:30/11:29,,70,58,,"DUIK, GEMK, GMIK, MEN, MTM, NAE",,
21862,PHY 108L,PHY,LS,Physics II Lab.,,Banu Tansel,DZB,Salı,11:30/13:29,,50,50,,"DUIK, GEMK, GMIK, MEN, MTM, NAE",,
21863,MTM 212,MTM,LS,Electronic Navigation,,Serdar Kum,DZB,Salı,12:30/15:39,,50,32,,MTM,,
21864,MTH 118,MTH,LS,Mathematics II,,Cem Güzel,DZB,Cuma,08:30/13:29,,70,54,,"MEN, MTM, NAE",,
21865,DFH 225,DFH,LS,Türk Denizcilik Tari..,,Muhsin Kadıoğlu,DZB,Perşembe,13:30/15:29,,35,7,,DUI,,
21866,DUI 208E,DUI,LS,Cargo&Crew; Safety,,Tanzer Satır,DZB,Perşembe,08:30/10:29,,65,64,,"DUI, DUIE",,
21867,DUI 208E,DUI,LS,Cargo&Crew; Safety,,Tanzer Satır,DZB,Perşembe,10:30/12:29,,45,19,,"DUI, DUIE",,
21869,MTH 204,MTH,LS,Linear Algebra,,Sabire Cömert,DZB,Pazartesi,08:30/11:29,,50,19,,"DUIK, GEMK, GMIK, MEN, MTM, NAE",,
21870,MEN 211,MEN,LS,Workshop Training-I,,Cumali Seçkin Mengeçin,DZB,,/,,50,13,,"GMIK, MEN",,
21871,MEN 331,MEN,LS,Workshop Training-II,,Cumali Seçkin Mengeçin,DZB,,/,,50,10,,"GMIK, MEN",,
21872,MEN 302,MEN,LS,Onboard Training,,Cumali Seçkin Mengeçin,DZB,,/,,50,18,,"GMIK, MEN, MENM",,
21873,MEN 202,MEN,LS,Marine Diesel Engines II,,Cumali Seçkin Mengeçin,DZB,Çarşamba,12:30/15:29,,50,36,,MEN,,
21874,MEN 412,MEN,LS,Engine Room Simulator (ERS) II,,Cumali Seçkin Mengeçin,DZB,Perşembe,08:30/11:29,,50,9,,MEN,,
21875,ENR 112,ENR,LS,Workshop,,Muhammet Sandıkçı,DZB,Perşembe,13:30/17:29,,50,32,,"MEN, NAE",,
21876,TDW 102,TDW,LS,Technical Drawing,,Erdem Üçer,DZB,Cuma,17:30/20:29,,50,50,,"MEN, MTM, NAE",,
21877,DFH 282,DFH,LS,Akışkanlar Mekaniği,,Münir Süner,DZB,Salı,10:30/12:29,,40,30,,DUI,,
21878,DNK 201,DNK,LS,Dinamik,,Münir Süner,DZB,Perşembe,10:30/13:29,,45,10,,"DUI, DUIE, EHB, ELE, ELH, ELK, FIZ, INS, JEO, KOM, KON, MTO, TEK, TEL, UCK, UZB",,
21880,DFH 402E,DFH,LS,Maritime Sec.&Qual.;..,,Pelin Bolat,DZB,Perşembe,13:30/15:29,,100,77,,"DUI, DUIE",,
21881,TUR 104,TUR,LS,Turkish Language II,,Erol Kaplan,DZB,Perşembe,10:30/12:29,,50,49,,"MEN, MTM, NAE",,
21882,DUI 213E,DUI,LS,Ship Constrct.and Stability,,Sevilay Can,DZB,Cuma,14:30/17:29,,60,8,,"DUI, DUIE",,
21883,ENR 401,ENR,LS,Refrigeration& HVAC Systems,,Gazi Koçak,DZB,Salı,08:30/10:29,,50,11,,"GEMK, GMIK, MEN, NAE",,
21884,MRT 410,MRT,LS,Port and Terminal Operations,,Tanzer Satır,DZB,Perşembe,14:30/17:29,,10,3,,"SDU, SGM",,
21885,MST 102,MST,LS,Maritime Safety and Security,,Hakan Çap,DZB,Pazartesi,08:30/12:29,,50,43,,"MEN, MTM",,
21886,DUI 206,DUI,LS,Astronomi,,Orhan Gönel,DZB,Cuma,08:30/11:29,,55,43,,"DUI, DUIE",,
21887,HSS 201,HSS,LS,General English-I,,Halime Ceren Göktaş,DZB,Çarşamba,17:30/19:29,,50,19,,"MEN, MTM, NAE",,
21888,DFH 112,DFH,LS,Denizde Güvenlik II,,Yusuf Nejat Koçar,DZB,Cuma,08:30/11:29,,30,28,,"DUI, GMI",,
21890,MST 261,MST,LS,Rowing and Canoe-Kayak Sports,,İsmail Kandemir,DZB,Cuma,14:30/17:29,,50,16,,"MEN, MTM, NAE",,
21891,ENR 232,ENR,LS,Hydraulic and Pneumatic,,Kemal Demirel,DZB,Salı,13:30/16:29,,50,36,,MEN,,
21892,GMI 301,GMI,LS,Deniz Hukuku,,Hakan Muran,DZB,Salı,13:30/15:29,,70,68,,GMI,,
21893,DFH 112,DFH,LS,Denizde Güvenlik II,,Yusuf Nejat Koçar,DZB,Perşembe,10:30/13:29,,40,31,,"DUI, GMI",,
21894,MEN 212,MEN,LS,Marine Auxialiary Machinery I,,Kemal Demirel,DZB,Salı,08:30/12:29,,50,36,,"MEN, NAE",,
21895,MRE 472,MRE,LS,Engine Room Simulator II,,Cengiz Deniz,DZB,Salı,12:30/17:29,,10,3,,SGM,,
21896,MRE 386,MRE,LS,Engineering Design Process,,Ata Bilgili,DZB,Salı,08:30/11:29,,10,3,,SGM,,
21897,MST 222,MST,LS,Marine Electronics,,Melek Ertogan,DZB,Perşembe,17:30/20:29,,70,67,,"MEN, MTM, NAE",,
21898,MST 442,MST,LS,Intro.to Maritime Traffic Eng.,,Cemil Yurtören,DZB,Salı,15:30/17:29,,0,0,,"DUIK, MTM",,
21899,GMI 406E,GMI,LS,Terminal & Tanker Operations,,Taylan Güler,DZB,Salı,08:30/10:29,,30,27,,"GMI, GMIE",,
21900,MST 412,MST,LS,Ship Surveying Procedures,,Selim Aksoy,DZB,Salı,15:30/17:29,,50,21,,"DUIK, GEMK, GMIK, MEN, MTM, NAE",,
21904,MAT 271E,MAT,LS,Probability and Statistics,,Burcu Özsoy,DZB,Cuma,08:30/11:29,,70,69,,"DUI, DUIE, GMI, GMIE",,
21906,MRT 492,MRT,LS,Graduation Project,,Tanzer Satır,---,Cuma,/,,100,3,,SDU,,
21907,MRT 414,MRT,LS,Physical Education II,,Yusuf Nejat Koçar,DZB,Çarşamba,08:30/10:29,,10,3,,SDU,,
21909,NTH 104,NTH,LS,National History II,,Pelin Helvacı,DZB,Çarşamba,17:30/19:29,,50,46,,"MEN, MTM, NAE",,
21911,MST 211,MST,LS,Maritime Conventions,,Serdar Kum,DZB,Salı,17:30/19:29,,85,75,,"MEN, MTM, NAE",,
21912,MTM 412,MTM,LS,Ship Management and Leadership,,Cemil Yurtören,DZB,Pazartesi,10:30/14:29,,50,11,,MTM,,
21913,ENR 102,ENR,LS,Manufacturing Process,,Münir Süner,DZB,Pazartesi,17:30/19:29,,50,29,,"MEN, NAE",,
21914,MTM 102,MTM,LS,Watchkeeping I,,Selim Aksoy,DZB,Salı,13:30/15:29,,50,27,,MTM,,
21915,MST 252,MST,LS,Radio Watchkeeping,,Oğuzhan Gürel,DZB,Perşembe,12:30/15:29,,50,39,,"MTM, NAE",,
21916,MTM 112,MTM,LS,Seamanship,,Hüseyin Türkel,DZB,Çarşamba,08:30/13:29,,50,32,,MTM,,
21917,MST 212,MST,LS,Ship Emergency Response,,Fırat Bolat,DZB,Cuma,17:30/19:29,,60,55,,"MEN, MTM, NAE",,
21918,MTM 122,MTM,LS,Intro. to Navigation,,Orhan Gönel,DZB,Perşembe,15:30/18:29,,50,27,,"DUIK, MTM, MTTM",,
21919,MST 301,MST,LS,Technical Ship Management,,Fırat Bolat,DZB,Pazartesi,17:30/19:29,,50,29,,MTM,,
21921,MST 402,MST,LS,Mar.Sec. & Quality Manag. Sys,,Pelin Bolat,DZB,Pazartesi,08:30/10:29,,50,30,,"DUIK, GMIK, MEN, MENM, MTM, MTTM",,
21922,MST 432,MST,LS,Commercial Ship Management,,Pelin Bolat,DZB,Perşembe,15:30/17:29,,50,23,,"MTM, NAE",,
21923,MTM 402,MTM,LS,Graduation Design Project,,Cumali Seçkin Mengeçin,DZB,,/,,50,15,,"DUIK, MTM",,
21924,MTM 211,MTM,LS,Onboard Training-I,,Cumali Seçkin Mengeçin,DZB,,/,,50,22,,"DUIK, MTM",,
21925,MTM 341,MTM,LS,Onboard Training-II,,Cumali Seçkin Mengeçin,DZB,,/,,50,25,,"DUIK, MTM",,
21926,MTM 302,MTM,LS,Onboard Training-III,,Cumali Seçkin Mengeçin,DZB,,/,,50,22,,"DUIK, MTM, MTTM",,
21927,MTM 202,MTM,LS,Cargo Handling and Stowage I,,Tanzer Satır,DZB,Pazartesi,15:30/17:29,,50,30,,MTM,,
21929,MEN 402,MEN,LS,Graduation Design Project,,Cumali Seçkin Mengeçin,DZB,,/,,50,10,,"GMIK, MEN",,
21930,ENR 202,ENR,LS,Thermodynamics,,Görkem Kökkülünk,DZB,Perşembe,13:30/16:29,,50,43,,"MEN, NAE",,
21931,ENR 122,ENR,LS,Material Science,,Yasin Arslanoğlu,DZB,Pazartesi,14:30/17:29,,50,19,,"MEN, MTM, NAE",,
21932,JEO 312,JEO,LS,Saha Jeoloji,,"Gürsel Sunal, Cengiz Zabcı",MDB,Pazartesi,13:30/17:29,,60,32,,"JEO, JEOM",,
21934,GMI 214,GMI,LS,Hidrolik ve Pnömatik,,Vural Ateş,DZB,Çarşamba,12:30/15:29,,85,85,,GMI,,
21935,JEO 492,JEO,LS,Bitirme Tasarım Projesi,,Ziyadin Çakır,---,,/,,100,15,,JEO,,
21936,GMI 483E,GMI,LS,Engine Room Simulator (ERS) II,,Cengiz Deniz,DZB,Çarşamba,08:30/11:29,,17,14,,"GMI, GMIE",,
21937,JEO 492E,JEO,LS,Graduation Desing Project,,Ziyadin Çakır,---,,/,,100,10,,"JEO, JEOE",,
21938,GMI 427E,GMI,LS,Mechatronics,,Gazi Koçak,DZB,Çarşamba,13:30/15:29,,30,12,,"GMI, GMIE",,
21939,MRE 454,MRE,LS,Ship Sys.VI:Steam&GasTurbines;,,Yalçın Durmuşoğlu,DZB,Çarşamba,08:30/11:29,,10,3,,SGM,,
21940,ETK 101E,ETK,LS,Engineering Ethics,,İbrahim Metin Mıhçakan,MDB,Cuma,11:30/12:29,,80,60,,"CHZ, CHZE, EHB, EHBE, EHN, IML, IMLE, JEF, JEFE, JEO, JEOE, KOM, KOME, KON, KONE, MAD, MADE, MAK, MAKE, MTO, MTOE, PET, PETE, SEH, TEK, TEKE",,
21941,MRE 388,MRE,LS,Organizational Management,,Kadir Çiçek,DZB,Çarşamba,13:30/15:29,,10,3,,SGM,,
21943,PET 211E,PET,LS,Petroleum Fluid Properties,,Şenol Yamanlar,MDB,Pazartesi,08:30/11:29,,80,31,,"PETE, PETM",,
21946,PET 212E,PET,LS,Rock Properties,,Murat Çınar,MDB,Çarşamba,08:30/11:29,,80,63,,"JEF, PET, PETE, PETM",,
21950,PET 332E,PET,LS,Prod. Eng.&Surface; Facilities,,Şenol Yamanlar,MDB,Perşembe,08:30/11:29,,80,56,,"PET, PETE, PETM",,
21951,GMI 205,GMI,LS,Atölye,,Vural Ateş,DZB,Çarşamba,08:30/12:29,,45,45,,GMI,,
21952,PET 342E,PET,LS,Reservoir Engineering,,Ömer İnanç Türeyen,MDB,Salı,08:30/11:29,,80,52,,"PET, PETE, PETM",,
21953,PET 412E,PET,LS,Petroluem& Natural Gas Eco.,,Gürşat Altun,MDB,Perşembe,14:30/17:29,,80,54,,"PET, PETE",,
21954,DFH 112,DFH,LS,Denizde Güvenlik II,,Taylan Güler,DZB,Çarşamba,12:30/15:29,,45,43,,"DUI, GMI",,
21956,ILT 101E,ILT,LS,Technical Writing&Pr..,,İbrahim Metin Mıhçakan,MDB,Çarşamba,13:30/15:29,,80,50,,"PET, PETE",,
21957,GMI 131,GMI,LS,Müh. Sistem. Nümerik Analizi,,Ata Bilgili,DZB,Çarşamba,12:30/15:29,,46,46,,GMI,,
21959,JEO 218,JEO,LS,Jeolojide Termodinamik,,Murat Budakoğlu,MDB,Salı,08:30/11:29,,60,50,,JEO,,
21961,GMI 483E,GMI,LS,Engine Room Simulator (ERS) II,,İsmail Çiçek,DZB,Perşembe,14:30/17:29,,17,16,,"GMI, GMIE",,
21962,JEO 256E,JEO,LS,Structural Geology,,Aral Okay,MDB,Perşembe,13:30/16:29,,60,55,,"JEO, JEOE, JEOM",,
21963,GMI 255,GMI,LS,Gemi Elektrotekniği I,,Gazi Koçak,DZB,Perşembe,14:30/17:29,,80,63,,GMI,,
21965,GMI 114,GMI,LS,Malz.Bilgisi ve Üretim Yöntem.,,Münir Süner,DZB,Perşembe,13:30/15:29,,85,85,,GMI,,
21966,JEO 263,JEO,LS,Ölçme Bilgisi,,Yunus Kalkan,INB,Pazartesi,14:30/17:29,,60,35,,JEO,,
21968,GMI 123E,GMI,LS,Manufacturing Processes,,Münir Süner,DZB,Çarşamba,12:30/14:29,,20,6,,"GMI, GMIE",,
21969,GMI 254,GMI,LS,Gemi Yardımcı Makineleri I,,Vural Ateş,DZB,Perşembe,08:30/11:29,,87,87,,GMI,,
21970,MUK 203,MUK,LS,Mukavemet I,,Ali Nuri Doğruoğlu,MDB,Cuma,14:30/17:29,,60,47,,"DEN, ELE, ELH, GEM, JEO, TEL, UCK, UZB",,
21971,DFH 202,DFH,LS,Gemilerde Acil Durum Yönetimi,,Taylan Güler,DZB,Perşembe,11:30/13:29,,90,85,,"DUI, GMI",,
21972,GMI 483E,GMI,LS,Engine Room Simulator (ERS) II,,Kadir Çiçek,DZB,Cuma,08:30/11:29,,17,10,,"GMI, GMIE",,
21974,GMI 205,GMI,LS,Atölye,,Vural Ateş,DZB | DZB,Cuma | Cuma,11:30/12:29 | 14:30/17:29,,45,39,,GMI,,
21976,GMI 233,GMI,LS,Gemi Dizel Makineleri II,,Fırat Bolat,DZB,Cuma,08:30/11:29,,55,54,,GMI,,
21977,MAT 271E,MAT,LS,Probability and Statistics,,Burcu Özsoy,DZB,Cuma,14:30/17:29,,98,98,,"DUI, DUIE, GMI, GMIE",,
21978,DFH 112,DFH,LS,Denizde Güvenlik II,,Taylan Güler,DZB,Cuma,08:30/11:29,,40,19,,"DUI, GMI",,
21980,GMI 392E,GMI,LS,Long Term Sea Training,,İsmail Çiçek,DZB,,/,,120,61,,"GMI, GMIE",,
21981,GMI 492,GMI,LS,Tasarım Projesi,,Vural Ateş,---,,/,,100,45,,GMI,,
21982,MAT 271E,MAT,LS,Probability and Statistics,,Moiz Elnekave,KMB,Çarşamba,12:30/15:29,,55,57,,"BIO, BIOE, BLG, BLGE, CEV, CEVE, CHZ, CHZE, DEN, DENE, DUI, EHB, EHBE, EHN, ELE, ELH, ELK, ELKE, EUT, EUTE, FIZ, FIZE, GEM, GEME, GEMK, GEO, GEOE, GID, GIDE, GMI, GMIE, GMIK, IML, IMLE, INS, INSE, JEF, JEFE, JEO, JEOE, KMM, KMME, KOM, KOME, KON, KONE, MAD, MADE, MAK, MAKE, MET, METE, MTO, MTOE, PET, PETE, SBP, SBPE, SEH, TEK, TEKE, TEL, UCK, UCKE, UZB, UZBE",,
21983,GMI 492E,GMI,LS,Design Project,,Taylan Güler,---,,/,,100,6,,"GMI, GMIE",,
21984,MRE 492,MRE,LS,Design Project,,Ata Bilgili,---,,/,,100,3,,SGM,,
21985,MRE 330,MRE,LS,Long Term Sea Training,,Ata Bilgili,DZB,,/,,100,0,,SGM,,
21986,MST 472,MST,LS,Marine Accidents& Safety Cult.,,Cemil Yurtören,DZB,Pazartesi,17:30/19:29,,50,28,,"DUIK, GEMK, GMIK, MEN, MTM, NAE",,
21987,MST 491,MST,LS,Cargo Handling Systems,,Serdar Kum,DZB,Pazartesi,15:30/17:29,,50,23,,"DUIK, GEMK, GMIK, MEN, MTM, NAE",,
21988,MST 321,MST,LS,Org.Mang.&Behavior; ..,,Serdar Kum,DZB,Salı,08:30/10:29,,50,15,,"DUIK, GEMK, GMIK, MEN, MTM, NAE",,
21991,PET 346E,PET,LS,Safety & Envirnmntl Protection,,İbrahim Metin Mıhçakan,MDB,Cuma,08:30/11:29,,40,40,,"PET, PETE",,
21993,PET 416E,PET,LS,Well Logging II,,Emine Didem Korkmaz Başel,MDB,Pazartesi,13:30/16:29,,40,8,,"PETE, PETM",,
21995,PET 458E,PET,LS,Pipe-Line Design,,Emine Didem Korkmaz Başel,MDB,Salı,13:30/16:29,,40,11,,"PET, PETE",,
21996,PET 467E,PET,LS,Anly. of Well Pressure Tests,,Yıldıray Palabıyık,MDB,Salı,14:30/17:29,,40,6,,"PET, PETE, PETM",,
21997,PET 336E,PET,LS,Well Completions,,--,MDB,Perşembe,14:30/17:29,,0,0,,"PETE, PETM",,
21998,BIL 112E,BIL,LS,Intr.to Prog.Language(FORTRAN),,Doğa Doğan,MDB,Perşembe,08:30/11:29,,40,35,,"PET, PETE",,
21999,JEO 341E,JEO,LS,Sedimentology,,Gülsen Uçarkuş,MDB,Çarşamba,12:30/15:29,,40,26,,"JEO, JEOE",,
22000,JEO 346,JEO,LS,Kaya Mekaniği,,--,MDB,Perşembe,09:30/12:29,,0,0,,JEO,,
22001,JEO 347E,JEO,LS,Applied Rock Mechanics,,Ziyadin Çakır,MDB,Perşembe,09:30/12:29,,34,34,,"JEO, JEOE",,
22002,JEO 348,JEO,LS,Sedimanter Kayaç Petrografisi,,Kürşad Kadir Eriş,MDB,Çarşamba,08:30/11:29,,30,15,,JEO,,
22003,JEO 348,JEO,LS,Sedimanter Kayaç Petrografisi,,Hüsnü Serdar Akyüz,MDB,Cuma,09:30/12:29,,30,26,,JEO,,
22004,JEO 412,JEO,LS,Endüstriyel Hammaddeler,,"Mehmet Sezai Kırıkoğlu, Demet Yıldırım",MDB,Çarşamba,08:30/11:29,,40,28,,"JEO, JEOM",,
22005,JEO 412E,JEO,LS,Industrial Materials,,Emin Çiftçi,MDB,Çarşamba,08:30/11:29,,40,14,,"JEO, JEOE",,
22006,JEO 416,JEO,LS,Kömür Yatakları,,--,MDB,Perşembe,14:30/17:29,,0,0,,JEO,,
22007,JEO 418E,JEO,LS,Hydrogeochemistry,,--,MDB,Perşembe,14:30/17:29,,0,0,,"JEO, JEOE",,
22008,JEO 424,JEO,LS,Volkanoloji,,--,MDB,Cuma,14:30/17:29,,0,0,,JEO,,
22009,JEO 438,JEO,LS,Çevre Jeolojisi,,Remzi Karagüzel,MDB,Cuma,14:30/17:29,,30,29,,"JEF, JEO",,
22010,JEO 445E,JEO,LS,Petroleum and Natural Gas Geo.,,--,MDB,Cuma,14:30/17:29,,0,0,,"JEO, JEOE",,
22011,JEO 211,JEO,LS,Mineraloji,,Recep Fahri Esenli,MDB,Perşembe,08:30/11:29,,55,52,,"JEO, JEOM",,
22012,JEO 211,JEO,LS,Mineraloji,,Zekiye Karacık,MDB,Pazartesi,08:30/11:29,,35,6,,"JEO, JEOM",,
22013,JEO 214E,JEO,LS,Magm. & Metamor. Rocks Petrog.,,Şafak Altunkaynak,MDB,Salı,13:30/17:29,,33,31,,JEO,,
22014,JEO 214E,JEO,LS,Magm. & Metamor. Rocks Petrog.,,Şafak Altunkaynak,MDB | MDB,Pazartesi | Salı,12:30/14:29 | 11:30/13:29,,30,12,,JEO,,
22016,JEO 222E,JEO,LS,Geomechanics,,Ziyadin Çakır,MDB,Çarşamba,11:30/15:29,,20,18,,"JEO, JEOE, JEOM",,
22017,JEO 242E,JEO,LS,Optical Mineralogy,,Zekiye Karacık,MDB,Çarşamba,08:30/11:29,,20,11,,"JEO, JEOE",,
22018,MAD 322E,MAD,LS,Dsgn of Sup in Mines & Tunnels,,Hakan Tunçdemir,MDB,Pazartesi,14:30/17:29,,50,44,,"MAD, MADE",,
22019,MAD 422,MAD,LS,Maden Planlaması ve Tasarımı,,Cengiz Kuzu,MDB,Cuma,14:30/17:29,,40,19,,MAD,,
22020,MAD 422E,MAD,LS,Mine Planing and Design,,"Deniz Tumaç, Cüneyt Atilla Öztürk",MDB,Perşembe,10:30/13:29,,25,12,,MADE,,
22021,JEO 262E,JEO,LS,Stratigraphy,,Boris Nataline,MDB,Perşembe,13:30/15:29,,40,15,,"JEO, JEOE, JEOM",,
22023,JEO 322E,JEO,LS,Hydrogeology,,Cengiz Zabcı,MDB,Salı,08:30/12:29,,60,47,,"JEO, JEOE, JEOM",,
22024,JEO 272E,JEO,LS,Thermodynamics in Geology,,Emin Çiftçi,MDB,Salı,09:30/11:29,,60,5,,"JEO, JEOE",,
22025,JEF 212E,JEF,LS,Data Processing,,Hüseyin Argun Kocaoğlu,MDB | MDB,Pazartesi | Çarşamba,08:30/10:29 | 13:30/15:29,,60,41,,"JEF, JEFE, JEFM",,
22026,JEO 316,JEO,LS,Kıymetli Mineral ve Kayaçlar,,Mehmet Sezai Kırıkoğlu,MDB,Pazartesi,09:30/12:29,,30,26,,JEO,,
22027,JEF 208E,JEF,LS,Comp. Appl. in Geophy.,,"Seda Yolsal Çevikbilen, Doğa Doğan, Neslihan Ocakoğlu Gökaşan",MDB,Pazartesi,13:30/16:29,,60,25,,JEF,,
22028,JEO 326,JEO,LS,Yapı Gereçleri Jeolojisi,,--,MDB,Cuma,14:30/17:29,,0,0,,JEO,,
22029,JEO 328E,JEO,LS,Geological Maps &Cartography;,,Hüsnü Serdar Akyüz,MDB,Pazartesi,09:30/12:29,,30,30,,"JEO, JEOE, PETE",,
22030,JEO 334E,JEO,LS,Subsurface Geology,,"Gürsel Sunal, Cengiz Zabcı",MDB,Cuma,14:30/17:29,,30,17,,"JEO, JEOE, PETE",,
22031,JEO 121,JEO,LS,Yer Bilimlerinde Tasarım,,Enver Vural Yavuz,MDB,Cuma,08:30/11:29,,52,50,,JEF,,
22032,JEO 338,JEO,LS,Maden Aramaları,,Demet Yıldırım,MDB,Pazartesi,09:30/12:29,,30,9,,JEO,,
22033,CHZ 342E,CHZ,LS,Comp. Appl. in Mineral Proces.,,Ayhan Ali Sirkeci,MDB,Çarşamba,08:30/12:29,,50,27,,"CHZ, CHZE",,
22034,JEO 446E,JEO,LS,Enviromental Geochemistry,,Nurgül Çelik Balcı,MDB,Cuma,14:30/17:29,,30,6,,"JEO, JEOE, PETE",,
22035,RES 111E,RES,LS,Technical Drawing (CAD),,Özlem Karahan Özgün,MDB,Perşembe,13:30/16:29,,49,48,,"CHZ, CHZE",,
22036,JEO 448E,JEO,LS,Neotectonics,,--,MDB,Perşembe,14:30/17:29,,0,0,,"JEO, JEOE",,
22037,BIL 110E,BIL,LS,Intr. to Prog. Language (C),,Fırat Burat,MDB,Cuma,14:30/17:29,,46,42,,"CHZ, CHZE",,
22039,PET 322E,PET,LS,Drilling Laboratory,,Yıldıray Palabıyık,MDB,Pazartesi,09:30/11:29,,13,10,,"PET, PETE",,
22040,PET 322E,PET,LS,Drilling Laboratory,,Yıldıray Palabıyık,MDB,Salı,11:30/13:29,,14,15,,"PET, PETE",,
22041,PET 322E,PET,LS,Drilling Laboratory,,Yıldıray Palabıyık,MDB,Çarşamba,09:30/11:29,,13,11,,"PET, PETE",,
22042,PET 322E,PET,LS,Drilling Laboratory,,Yıldıray Palabıyık,MDB,Perşembe,11:30/13:29,,13,15,,"PET, PETE",,
22043,PET 437E,PET,LS,Drilling Engineering II,,Gürşat Altun,MDB,Pazartesi,13:30/16:29,,20,15,,"PET, PETE, PETM",,
22044,MAD 312E,MAD,LS,Surveying,,Hande Demirel,INB,Perşembe,13:30/17:29,,35,6,,"JEO, JEOE, MADE",,
22045,JEO 332E,JEO,LS,Petrology,,Aral Okay,MDB,Salı,13:30/15:29,,20,5,,"JEO, JEOE",,
22046,ETK 101,ETK,LS,Mühendislik Etiği,,Türker Hüdaverdi,MDB,Salı,13:30/14:29,,70,70,,"CHZ, EHB, IML, JEF, JEO, KOM, KON, MAD, MAK, MTO, PET, TEK",,
22047,MAD 434,MAD,LS,Maden Hukuku,,Mahmut Kabakcı,MDB,Çarşamba,09:30/11:29,,60,50,,"MAD, MADE",,
22048,MAD 432E,MAD,LS,Mech. in Min. and Tun. Ex.,,Hanifi Çopur,MDB,Cuma,08:30/11:29,,60,51,,"MAD, MADE",,
22049,MAD 436E,MAD,LS,Mine Economics,,Cüneyt Atilla Öztürk,MDB,Perşembe,08:30/10:29,,60,38,,"MAD, MADE",,
22050,MAT 271E,MAT,LS,Probability and Statistics,,Ömür Acaroğlu Ergün,MDB,Çarşamba,08:30/11:29,,50,65,,"BIO, BIOE, BLG, BLGE, CEV, CEVE, CHZ, CHZE, DEN, DENE, DUI, EHB, EHBE, EHN, ELE, ELH, ELK, ELKE, EUT, EUTE, FIZ, FIZE, GEM, GEME, GEMK, GEO, GEOE, GID, GIDE, GMI, GMIE, GMIK, IML, IMLE, INS, INSE, JEF, JEFE, JEO, JEOE, KMM, KMME, KOM, KOME, KON, KONE, MAD, MADE, MAK, MAKE, MET, METE, MTO, MTOE, PET, PETE, SBP, SBPE, SEH, TEK, TEKE, TEL, UCK, UCKE, UZB, UZBE",,
22052,MAD 492,MAD,LS,Bitirme Çalışması,,Hanifi Çopur,MDB,,/,,500,18,,MAD,,
22054,MAD 492E,MAD,LS,Graduation Project,,Hanifi Çopur,MDB,,/,,500,4,,"MAD, MADE",,
22055,MAD 420E,MAD,LS,Occup.Helth &Safety; in Mines,,Abdullah Fişne,MDB,Pazartesi,11:30/14:29,,50,37,,"MAD, MADE",,
22058,MAD 243,MAD,LS,Yeraltı Maden İşletmeciliği,,Cengiz Kuzu,MDB,Pazartesi,11:30/14:29,,60,61,,"MAD, MADM",,
22060,JEO 331,JEO,LS,Petrografi,,Şenel Özdamar,MDB,Perşembe,08:30/11:29,,50,33,,MAD,,
22063,MAD 252E,MAD,LS,Mining and Environment,,"Hasan Ergin, Türker Hüdaverdi",MDB,Salı,08:30/11:29,,60,52,,"CHZ, CHZE, MAD, MADE",,
22064,MAD 254E,MAD,LS,Strngth of Mat.for Mining Eng.,,Bahar Ayhan Tezer,MDB,Cuma,14:30/16:29,,50,49,,"MAD, MADE",,
22065,MAD 313E,MAD,LS,Drilling Techniques,,"Hasan Ergin, Ömür Acaroğlu Ergün",MDB,Pazartesi,08:30/11:29,,50,50,,"MAD, MADE, MADM",,
22066,MAD 318,MAD,LS,Endüstriyel Hammaddeler,,Hayrünnisa Ateşok,MDB,Salı,08:30/11:29,,50,29,,"CHZ, MAD, MADM",,
22067,MAD 318E,MAD,LS,Industrial Minerals,,Fırat Burat,MDB,Salı,08:30/11:29,,40,10,,"CHZE, MADE",,
22068,MAD 342E,MAD,LS,Hydraulic Power Sys in Mining,,Deniz Tumaç,MDB,Salı,11:30/13:29,,55,55,,"MAD, MADE",,
22069,MAD 354,MAD,LS,Cevher Hazırlama II,,"Neset Acarkan, Alim Gül",MDB | MDB,Çarşamba | Perşembe,11:30/13:29 | 11:30/13:29,,50,46,,MAD,,
22071,JEF 222E,JEF,LS,Fundamentals of Exp.Geophysics,,Gonca Örgülü,MDB,Cuma,13:30/17:29,,65,65,,"JEFE, PET, PETE",,
22073,JEF 452E,JEF,LS,Engineering Seismology,,Hüseyin Argun Kocaoğlu,MDB,Perşembe,10:30/12:29,,50,26,,"JEF, JEFE",,
22075,MAT 202E,MAT,LS,Numerical Methods,,Mustafa Emin Demirbağ,MDB,Salı,13:30/16:29,,80,102,,"BLG, BLGE, CEV, CEVE, CHZ, CHZE, DEN, DENE, EHB, EHBE, ELE, ELH, ELK, ELKE, GEM, GEME, GEMK, GEO, GEOE, GID, GIDE, IML, IMLE, INS, INSE, ISL, ISLE, JEF, JEFE, JEO, JEOE, KMM, KMME, KOM, KOME, KON, KONE, MAD, MADE, MAK, MAKE, MET, METE, MTO, MTOE, PET, PETE, TEK, TEKE, TEL, UCK, UCKE, UZB, UZBE",,
22076,JEF 232,JEF,LS,Mineraloji ve Petrografi,,Halis Manav,MDB,Perşembe,08:30/12:29,,63,59,,"CHZ, JEF",,
22077,JEF 312E,JEF,LS,Drilling Technology,,Gürşat Altun,MDB,Salı,08:30/11:29,,50,34,,"JEF, JEFE",,
22082,JEF 492,JEF,LS,Bitirme Çalışması,,Hüseyin Argun Kocaoğlu,MDB,,/,,500,6,,JEF,,
22083,JEF 492E,JEF,LS,Graduation Project,,Hüseyin Argun Kocaoğlu,MDB,,/,,500,2,,"JEF, JEFE",,
22085,JEO 254,JEO,LS,Yapısal Jeolojiye Giriş,,Cenk Yaltırak,MDB,Perşembe,13:30/15:29,,50,49,,JEF,,
22086,JEO 315,JEO,LS,Jeolojide Arz. ve Hrta Tekn.,,Ufuk Tarı,MDB,Çarşamba,12:30/15:29,,50,25,,JEF,,
22089,CHZ 212,CHZ,LS,Tanecik Teknolojisi,,"Gülay Bulut, Abdullah Ekrem Yüce",MDB,Salı,08:30/12:29,,50,41,,"CHZ, CHZM",,
22091,CHZ 224E,CHZ,LS,Surface and Colloid Chemistry,,Ayhan Ali Sirkeci,MDB,Pazartesi,10:30/13:29,,40,13,,"CHZ, CHZE, CHZM",,
22092,AKM 204E,AKM,LS,Fluid Mechanics,,Hakan Öksüzoğlu,MKB | MKB,Pazartesi | Perşembe,15:30/17:29 | 16:30/17:29,,85,85,,"CEV, CEVE, CHZ, CHZE, FIZ, FIZE, GID, GIDE, IML, IMLE, INS, INSE, JEF, KMM, KMME, MAD, MTO, MTOE, PET, PETE, PETM, TEK, TEKE, UCK, UCKM, UZB",,
22095,IML 206,IML,LS,Akışkanlar Mekaniği,,Abdussamet Subaşı,MKB | MKB,Çarşamba | Perşembe,10:30/12:29 | 16:30/17:29,,50,40,,IML,,
22096,CHZ 232,CHZ,LS,Zenginlstirme Önc.Haz. İşlml.,,Ali Güney,MDB | MDB,Perşembe | Cuma,13:30/15:29 | 10:30/12:29,,40,11,,"CHZ, CHZM",,
22098,IML 311,IML,LS,İmal Usülleri I,,Turgut Gülmez,MKB | MKB,Pazartesi | Perşembe,10:30/12:29 | 10:30/12:29,,40,5,,IML,,
22100,ETK 101E,ETK,LS,Engineering Ethics,,Macid Fikret Suner,MDB,Cuma,11:30/12:29,,60,47,,"CHZ, CHZE, EHB, EHBE, EHN, IML, IMLE, JEF, JEFE, JEO, JEOE, KOM, KOME, KON, KONE, MAD, MADE, MAK, MAKE, MTO, MTOE, PET, PETE, SEH, TEK, TEKE",,
22101,ETK 101,ETK,LS,Mühendislik Etiği,,Yüksel Örgün Tutay,MDB,Perşembe,13:30/14:29,,60,60,,"CHZ, EHB, IML, JEF, JEO, KOM, KON, MAD, MAK, MTO, PET, TEK",,
22102,IML 312,IML,LS,İmal Usülleri II,,Şafak Yılmaz,MKB | MKB,Pazartesi | Cuma,10:30/12:29 | 14:30/16:29,,50,48,,IML,,
22103,MAK 229,MAK,LS,Akışkanlar Mekaniği II,,Hakan Öksüzoğlu,MKB | MKB,Pazartesi | Perşembe,10:30/12:29 | 08:30/09:29,,90,90,,MAK,,
22104,MAK 229,MAK,LS,Akışkanlar Mekaniği II,,Levent Ali Kavurmacıoğlu,MKB | MKB,Pazartesi | Perşembe,10:30/12:29 | 08:30/09:29,,90,104,,MAK,,
22106,MAT 202,MAT,LS,Sayısal Yöntemler,,Birgül Benli,MDB,Pazartesi,14:30/17:29,,40,44,,"CEV, CHZ, DEN, EHB, ELE, ELH, ELK, GEM, GEO, GID, IML, INS, ISL, JEF, JEO, KOM, KON, MAD, MAK, MET, PET, TEK, TEL",,
22107,IML 318,IML,LS,Makina Elemanları,,Atakan Altınkaynak,MKB | MKB,Salı | Çarşamba,08:30/10:29 | 10:30/12:29,,40,0,,"IML, IMLM",,
22108,MAK 230E,MAK,LS,Alg.Dev.& Comp.App.with Python,,Adil Yücel,MKB,Pazartesi,13:30/16:29,,40,41,,"IML, MAK",,
22109,IML 322,IML,LS,İmalatta Otomasyon,,Erdinç Altuğ,MKB | MKB,Pazartesi | Cuma,12:30/13:29 | 10:30/12:29,,60,42,,"IML, IMLM",,
22111,MAK 230E,MAK,LS,Alg.Dev.& Comp.App.with Python,,--,MKB,Salı,08:30/11:29,,0,0,,"IML, MAK",,
22113,MAK 230E,MAK,LS,Alg.Dev.& Comp.App.with Python,,Mustafa Resa Becan,MKB,Cuma,14:30/17:29,,40,34,,"IML, MAK",,
22114,IML 336,IML,LS,İmalat Sistemleri,,Ramazan Murat Tabanlı,MKB | MKB,Pazartesi | Perşembe,08:30/10:29 | 15:30/16:29,,50,8,,"IML, IMLM",,
22115,MAK 230E,MAK,LS,Alg.Dev.& Comp.App.with Python,,Mustafa Resa Becan,MKB,Pazartesi,13:30/16:29,,40,40,,"IML, MAK",,
22117,MAK 312,MAK,LS,Ölçme Değerlendirme,,Ayhan Kural,MKB | MKB,Çarşamba | Perşembe,08:30/10:29 | 08:30/10:29,,60,7,,"IML, MAK, MAKM, MKN",,
22118,TEL 492,TEL,LS,Bitirme Çalışması,,İbrahim Akduman,---,,/,,500,3,,TEL,,
22119,IML 338,IML,LS,İmalat Sistemleri,,Ramazan Murat Tabanlı,MKB | MKB,Pazartesi | Perşembe,08:30/10:29 | 15:30/16:29,,53,53,,IML,,
22120,MAK 312,MAK,LS,Ölçme Değerlendirme,,Bülent Bölat,MKB | MKB,Çarşamba | Cuma,08:30/10:29 | 10:30/12:29,,60,60,,"IML, MAK, MAKM, MKN",,
22121,TEL 492E,TEL,LS,Graduation Project,,İbrahim Akduman,---,,/,,500,0,,TEL,,
22123,JEF 232E,JEF,LS,Mineralogy and Petrography,,Emin Çiftçi,MDB,Perşembe,08:30/12:29,,40,1,,"CHZE, JEFE",,
22124,ELE 492,ELE,LS,Bitirme Çalışması,,İbrahim Akduman,---,,/,,500,1,,ELE,,
22126,MAK 312,MAK,LS,Ölçme Değerlendirme,,Mustafa Resa Becan,MKB | MKB,Çarşamba | Cuma,08:30/10:29 | 10:30/12:29,,60,68,,"IML, MAK, MAKM, MKN",,
22127,CHZ 492E,CHZ,LS,Graduation Thesis,,Gülay Bulut,MDB,,/,,500,7,,"CHZ, CHZE",,
22128,IML 402,IML,LS,İmalat Lab II,,Canan Gamze Güleryüz Parasız,MKB,Pazartesi,13:30/15:29,,60,53,,"IML, IMLM",,
22130,MAK 313,MAK,LS,Isı Geçişi,,İsmail Cem Parmaksızoğlu,MKB | MKB,Pazartesi | Çarşamba,08:30/10:29 | 10:30/12:29,,70,43,,"MAK, MAKM",,
22131,CHZ 492,CHZ,LS,Bitirme Çalışması,,Gülay Bulut,MDB,,/,,500,17,,CHZ,,
22134,MAK 313,MAK,LS,Isı Geçişi,,Mustafa Özdemir,MKB | MKB,Pazartesi | Çarşamba,08:30/10:29 | 10:30/12:29,,70,70,,"MAK, MAKM",,
22135,ELE 492E,ELE,LS,Graduation Project,,İbrahim Akduman,---,,/,,500,2,,ELE,,
22137,MAK 315,MAK,LS,Mekanik Titreşimler,,Vahit Mermertaş,MKB,Salı,10:30/13:29,,120,129,,"IML, MAK, MAKM",,
22138,IML 492E,IML,LS,Manufacturing Design Project,,Hacı Abdullah Taşdemir,---,,/,,500,9,,"IML, IMLE",,
22139,MAK 324,MAK,LS,Makina Teorisi,,Erdinç Altuğ,MKB | MKB,Pazartesi | Cuma,13:30/15:29 | 09:30/10:29,,85,82,,"MAK, MAKM",,
22140,CHZ 311,CHZ,LS,Fiziksel Zeng. Yöntemleri,,"Neset Acarkan, Alim Gül",MDB | MDB,Çarşamba | Cuma,13:30/15:29 | 14:30/16:29,,40,31,,"CHZ, CHZM",,
22142,IML 492,IML,LS,İmalat Tasarım Projesi,,İsmail Yalçın Uralcan,MKB,,/,,500,47,,IML,,
22144,IML 324E,IML,LS,Comp.Aided Manufacturing Eng.,,Mustafa Bakkal,MKB | MKB,Çarşamba | Cuma,12:30/13:29 | 08:30/10:29,,55,54,,"IML, IMLE",,
22146,CHZ 242,CHZ,LS,Proses Mineralojisi,,"Recep Fahri Esenli, Ali Haydar Gültekin, Alim Gül",MDB,Salı,13:30/16:29,,50,45,,"CHZ, CHZM",,
22147,IML 326E,IML,LS,Manuf. of Nonmetalic Prod.,,Ersan Üstündağ,MKB | MKB,Salı | Cuma,11:30/13:29 | 16:30/17:29,,55,50,,"IML, IMLE",,
22149,IML 332E,IML,LS,CAD/CAM,,Erkan Günpınar,MKB | MKB,Pazartesi | Cuma,11:30/12:29 | 08:30/10:29,,60,6,,"IML, IMLE, IMLM",,
22150,IML 402E,IML,LS,Manufacturing Lab II,,Canan Gamze Güleryüz Parasız,MKB,Pazartesi,15:30/17:29,,50,2,,IMLE,,
22151,IML 436E,IML,LS,Tool Design,,Mustafa Bakkal,MKB,Salı,08:30/11:29,,50,9,,"IML, IMLE, IMLM",,
22152,MAK 324,MAK,LS,Makina Teorisi,,Haluk Erol,MKB | MKB,Pazartesi | Cuma,13:30/15:29 | 09:30/10:29,,85,85,,"MAK, MAKM",,
22153,MAK 324,MAK,LS,Makina Teorisi,,Özgür Turhan,MKB | MKB,Pazartesi | Cuma,13:30/15:29 | 09:30/10:29,,85,89,,"MAK, MAKM",,
22154,MAK 324,MAK,LS,Makina Teorisi,,Vahit Mermertaş,MKB | MKB,Pazartesi | Cuma,13:30/15:29 | 09:30/10:29,,85,86,,"MAK, MAKM",,
22155,IML 438E,IML,LS,Tool Design,,Mustafa Bakkal,MKB,Salı,08:30/11:29,,50,43,,"IML, IMLE",,
22156,MAK 333,MAK,LS,Sistem Dinamiği ve Kontrol,,Ayhan Kural,MKB | MKB,Çarşamba | Perşembe,13:30/15:29 | 13:30/15:29,,70,71,,"IML, MAK",,
22157,MAK 333,MAK,LS,Sistem Dinamiği ve Kontrol,,Kenan Refah Kutlu,MKB | MKB,Çarşamba | Perşembe,13:30/15:29 | 13:30/15:29,,70,73,,"IML, MAK",,
22158,MAK 105,MAK,LS,Makine Tasarımına Giriş,,İsmail Gerdemeli,MKB | MKB,Salı | Perşembe,08:30/10:29 | 08:30/11:29,,50,34,,"IML, MAK",,
22159,MAK 341,MAK,LS,Makina Elemanları I,,Cemal Baykara,MKB | MKB,Salı | Cuma,13:30/15:29 | 14:30/17:29,,69,69,,"MAK, MAKM, MKN, PET",,
22160,MAK 341,MAK,LS,Makina Elemanları I,,Hikmet Kocabaş,MKB | MKB,Salı | Cuma,13:30/15:29 | 14:30/17:29,,69,73,,"MAK, MAKM, MKN, PET",,
22161,MAK 105,MAK,LS,Makine Tasarımına Giriş,,İsmail Gerdemeli,MKB | MKB,Çarşamba | Cuma,10:30/12:29 | 09:30/12:29,,50,20,,"IML, MAK",,
22162,MAK 342,MAK,LS,Makina Elemanları II,,İbrahim Mehmet Palabıyık,MKB | MKB,Salı | Cuma,13:30/15:29 | 15:30/17:29,,70,68,,"MAK, MAKM, MKN",,
22163,MAK 342,MAK,LS,Makina Elemanları II,,Vedat Temiz,MKB | MKB,Salı | Cuma,13:30/15:29 | 15:30/17:29,,70,70,,"MAK, MAKM, MKN",,
22164,MAK 105,MAK,LS,Makine Tasarımına Giriş,,Yusuf Ziya Kocabal,MKB | MKB,Çarşamba | Cuma,10:30/12:29 | 09:30/12:29,,50,49,,"IML, MAK",,
22165,MAK 342,MAK,LS,Makina Elemanları II,,Zeynep Parlar,MKB | MKB,Salı | Cuma,13:30/15:29 | 15:30/17:29,,70,70,,"MAK, MAKM, MKN",,
22166,MAK 353,MAK,LS,İmal Usulleri,,"Adnan Dikicioğlu, Şafak Yılmaz",MKB | MKB,Salı | Perşembe,08:30/10:29 | 09:30/11:29,,125,116,,"MAK, MAKM",,
22167,MAK 105,MAK,LS,Makine Tasarımına Giriş,,Yusuf Ziya Kocabal,MKB | MKB,Salı | Perşembe,08:30/10:29 | 08:30/11:29,,50,50,,"IML, MAK",,
22168,MAK 360,MAK,LS,Uygulamalı Termodinamik,,Mesut Gür,MKB | MKB,Pazartesi | Çarşamba,10:30/12:29 | 12:30/13:29,,25,25,,MAK,,
22169,MAK 114,MAK,LS,Lineer Cebir ve Uygulamaları,,Merve Acer,MKB | MKB,Pazartesi | Perşembe,15:30/17:29 | 15:30/16:29,,100,111,,"IML, MAK",,
22170,MAK 360,MAK,LS,Uygulamalı Termodinamik,,Nurdil Eskin,MKB | MKB,Pazartesi | Çarşamba,10:30/12:29 | 12:30/13:29,,25,25,,MAK,,
22171,MAK 114,MAK,LS,Lineer Cebir ve Uygulamaları,,Sinem Öztürk,MKB | MKB,Pazartesi | Perşembe,15:30/17:29 | 15:30/16:29,,100,130,,"IML, MAK",,
22172,MAK 360,MAK,LS,Uygulamalı Termodinamik,,Yakup Erhan Böke,MKB | MKB,Pazartesi | Çarşamba,10:30/12:29 | 12:30/13:29,,25,24,,MAK,,
22173,MAK 370,MAK,LS,Uygulamalı Isı Geçişi,,--,MKB | MKB,Pazartesi | Çarşamba,10:30/12:29 | 12:30/13:29,,0,0,,MAK,,
22174,MAK 370,MAK,LS,Uygulamalı Isı Geçişi,,Mustafa Özdemir,MKB | MKB,Pazartesi | Çarşamba,10:30/12:29 | 12:30/13:29,,25,27,,MAK,,
22177,MAK 118,MAK,LS,Statik,,Sevinç Ayşe Zaloğlu,MKB | MKB,Pazartesi | Perşembe,13:30/15:29 | 16:30/17:29,,85,102,,MAK,,
22178,MAK 403,MAK,LS,Uygulamalı Makina Projesi,,Hacı Abdullah Taşdemir,MKB | MKB,Pazartesi | Cuma,12:30/13:29 | 13:30/15:29,,20,20,,MAK,,
22179,MAK 118,MAK,LS,Statik,,Mehmet Salih Dokuz,MKB | MKB,Pazartesi | Perşembe,13:30/15:29 | 16:30/17:29,,85,76,,MAK,,
22180,MAK 403,MAK,LS,Uygulamalı Makina Projesi,,"Vedat Temiz, Zeynep Parlar",MKB | MKB,Pazartesi | Cuma,12:30/13:29 | 13:30/15:29,,20,21,,MAK,,
22182,MAK 481,MAK,LS,Proje Tasarım Esasları,,Hacı Abdullah Taşdemir,MKB,Çarşamba,12:30/13:29,,50,2,,MAK,,
22183,MAK 492,MAK,LS,Bitirme Tasarım Projesi,,İsmail Yalçın Uralcan,---,,/,,500,158,,MAK,,
22184,MAK 4004,MAK,LS,Komp. Malz. Mekaniğine Giriş,,Süreyya Ergün Bozdağ,MKB | MKB,Çarşamba | Perşembe,14:30/15:29 | 13:30/15:29,,50,54,,MAK,,
22185,MAK 213,MAK,LS,Malzeme Bilimi,,Celaletdin Ergun,MKB | MKB,Pazartesi | Cuma,15:30/17:29 | 14:30/16:29,,70,64,,"IML, MAK",,
22186,MAK 4016,MAK,LS,Hidrolik Makinalar,,Kadir Kırkköprü,MKB,Salı,14:30/17:29,,40,25,,MAK,,
22187,MAK 4030,MAK,LS,Konstrüksiyonda İleri Konular,,Vedat Temiz,MKB | MKB,Perşembe | Cuma,15:30/17:29 | 08:30/09:29,,40,30,,MAK,,
22188,MAK 213,MAK,LS,Malzeme Bilimi,,--,MKB | MKB,Pazartesi | Cuma,15:30/17:29 | 14:30/16:29,,0,0,,"IML, MAK",,
22189,MAK 4042,MAK,LS,Gaz Türbinleri,,Erkan Ayder,MKB | MKB,Pazartesi | Perşembe,08:30/10:29 | 11:30/12:29,,40,42,,MAK,,
22190,MAK 215,MAK,LS,Termodinamik I,,Lütfullah Kuddusi,MKB | MKB,Salı | Çarşamba,12:30/13:29 | 09:30/11:29,,80,80,,MAK,,
22191,MAK 4066,MAK,LS,Şasi ve Karoseri Tasarımı,,Kubilay Yay,MOB | MOB,Çarşamba | Perşembe,14:30/15:29 | 13:30/15:29,,40,24,,MAK,,
22192,MAK 215,MAK,LS,Termodinamik I,,Turgut Yılmaz,MKB | MKB,Salı | Çarşamba,12:30/13:29 | 09:30/11:29,,80,78,,MAK,,
22193,MAK 4068,MAK,LS,Akışkan Gücü Kontrolü,,İlker Murat Koç,MKB | MKB,Pazartesi | Çarşamba,15:30/17:29 | 13:30/14:29,,40,58,,"IML, MAK, MAKM",,
22194,MAK 217,MAK,LS,Dinamik,,Mesut Kırca,MKB | MKB,Pazartesi | Perşembe,13:30/15:29 | 13:30/15:29,,60,58,,MAK,,
22195,MAK 104E,MAK,LS,Intr to Comp in Mech. Eng (C),,Atakan Altınkaynak,MKB,Perşembe,13:30/16:29,,40,40,,"IML, MAK",,
22196,MAK 104E,MAK,LS,Intr to Comp in Mech. Eng (C),,Bülent Bölat,MKB,Perşembe,09:30/12:29,,40,40,,"IML, MAK",,
22197,MAK 104E,MAK,LS,Intr to Comp in Mech. Eng (C),,Bülent Bölat,MKB,Çarşamba,12:30/15:29,,40,56,,"IML, MAK",,
22198,MAK 217,MAK,LS,Dinamik,,Sinem Öztürk,MKB | MKB,Pazartesi | Perşembe,13:30/15:29 | 13:30/15:29,,60,43,,MAK,,
22199,MAK 104E,MAK,LS,Intr to Comp in Mech. Eng (C),,Hülya Yalçın,MKB,Çarşamba,09:30/12:29,,40,39,,"IML, MAK",,
22200,MAK 104E,MAK,LS,Intr to Comp in Mech. Eng (C),,Erkan Günpınar,MKB,Çarşamba,12:30/15:29,,40,51,,"IML, MAK",,
22201,MAK 218,MAK,LS,Termod. ve Isı İletimi,,Ersin Sayar,MKB | MKB,Salı | Çarşamba,09:30/11:29 | 10:30/12:29,,60,40,,IML,,
22202,MAK 104E,MAK,LS,Intr to Comp in Mech. Eng (C),,Kubilay Yay,MKB,Salı,13:30/16:29,,40,41,,"IML, MAK",,
22203,MAK 219,MAK,LS,Mukavemet I,,Adil Yücel,MKB | MKB,Salı | Perşembe,10:30/12:29 | 15:30/17:29,,120,121,,MAK,,
22204,CHZ 242E,CHZ,LS,Process Mineralogy,,--,MDB,Salı,08:30/11:29,,0,0,,"CHZE, CHZM",,
22205,CHZ 312E,CHZ,LS,Metallurgy I,,Fatma Arslan,MDB,Cuma,14:30/16:29,,40,18,,"CHZ, CHZE",,
22206,MAK 220,MAK,LS,Mukavemet II,,Oğuz Altay,MKB | MKB,Pazartesi | Salı,08:30/10:29 | 13:30/15:29,,60,48,,MAK,,
22207,MAK 104E,MAK,LS,Intr to Comp in Mech. Eng (C),,Kubilay Yay,MKB,Salı,09:30/12:29,,40,44,,"IML, MAK",,
22208,MAK 104E,MAK,LS,Intr to Comp in Mech. Eng (C),,Turgut Yılmaz,MKB,Salı,09:30/12:29,,40,38,,"IML, MAK",,
22209,MAK 110E,MAK,LS,Comput.Aided Technical Drawing,,Ali İmre Aydeniz,MKB,Çarşamba,08:30/12:29,,40,43,,"IML, MAK",,
22210,MAK 220,MAK,LS,Mukavemet II,,Emin Sünbüloğlu,MKB | MKB,Pazartesi | Salı,08:30/10:29 | 13:30/15:29,,60,56,,MAK,,
22211,MAK 110E,MAK,LS,Comput.Aided Technical Drawing,,Atakan Altınkaynak,MKB,Perşembe,08:30/12:29,,40,40,,"IML, MAK",,
22212,MAK 110E,MAK,LS,Comput.Aided Technical Drawing,,Hacı Mustafa Özkırım,MKB,Cuma,08:30/12:29,,40,33,,"IML, MAK",,
22213,CHZ 332E,CHZ,LS,Flotation and Flocculation,,"Mehmet Sabri Çelik, Gülay Bulut",MDB,Perşembe,13:30/17:29,,40,36,,"CHZ, CHZE, CHZM, MAD, MADE",,
22214,MAK 110E,MAK,LS,Comput.Aided Technical Drawing,,Hacı Mustafa Özkırım,MKB,Çarşamba,08:30/12:29,,40,42,,"IML, MAK",,
22215,MAK 220,MAK,LS,Mukavemet II,,Mehmet Alaittin Arpacı,MKB | MKB,Pazartesi | Salı,08:30/10:29 | 13:30/15:29,,60,60,,MAK,,
22216,MAK 110E,MAK,LS,Comput.Aided Technical Drawing,,Hacı Mustafa Özkırım,MKB,Perşembe,08:30/12:29,,40,35,,"IML, MAK",,
22217,MAK 226,MAK,LS,Termodinamik II,,Mert Gür,MKB | MKB,Salı | Cuma,15:30/17:29 | 08:30/09:29,,75,75,,MAK,,
22218,MAK 110E,MAK,LS,Comput.Aided Technical Drawing,,Serpil Kurt Habiboğlu,MKB,Cuma,08:30/12:29,,40,37,,"IML, MAK",,
22219,MAK 202E,MAK,LS,Numerical Meth.for Mech. Eng.,,Alper Tolga Çalık,MKB | MKB,Çarşamba | Perşembe,13:30/15:29 | 11:30/12:29,,100,49,,"IML, MAK",,
22220,CHZ 352,CHZ,LS,Kömür Teknolojisi,,Feridun Boylu,MDB,Perşembe,11:30/13:29,,60,52,,"CHZ, CHZM",,
22221,MAK 226,MAK,LS,Termodinamik II,,Seyhan Onbaşıoğlu,MKB | MKB,Salı | Cuma,15:30/17:29 | 08:30/09:29,,75,67,,MAK,,
22222,MAK 202E,MAK,LS,Numerical Meth.for Mech. Eng.,,Hikmet Arslan,MKB | MKB,Çarşamba | Perşembe,13:30/15:29 | 11:30/12:29,,100,84,,"IML, MAK",,
22223,CHZ 352E,CHZ,LS,Coal Technology,,--,MDB,Salı,11:30/13:29,,0,0,,"CHZE, CHZM",,
22224,MAK 210E,MAK,LS,Engineering Mathematics,,Abdussamet Subaşı,MKB | MKB,Çarşamba | Perşembe,13:30/15:29 | 09:30/11:29,,85,68,,"IML, IMLE, MAK, MAKE",,
22225,MAK 226,MAK,LS,Termodinamik II,,Yakup Erhan Böke,MKB | MKB,Salı | Cuma,15:30/17:29 | 08:30/09:29,,75,75,,MAK,,
22226,MAK 210E,MAK,LS,Engineering Mathematics,,Merve Acer,MKB | MKB,Çarşamba | Perşembe,13:30/15:29 | 09:30/11:29,,85,85,,"IML, IMLE, MAK, MAKE",,
22227,JEO 112,JEO,LS,Genel Jeoloji,,Kürşad Kadir Eriş,MDB,Cuma,08:30/11:29,,49,50,,"MAD, MADM",,
22228,MAK 214E,MAK,LS,Engineering Materials,,Cengiz Tahir Bodur,MKB,Perşembe,12:30/15:29,,80,70,,"IML, IMLE, MAK, MAKE, MAKM",,
22229,MAK 228,MAK,LS,Akışkanlar Mekaniği I,,Erkan Ayder,MKB | MKB,Pazartesi | Çarşamba,10:30/12:29 | 11:30/12:29,,70,71,,MAK,,
22230,MAK 224E,MAK,LS,Engineering Materials,,--,MKB,Perşembe,13:30/15:29,,0,0,,"IML, MAK",,
22231,KIM 212,KIM,LS,Enstrumental Analitik Yönteml,,"Birsen Öztürk, Ayşegül Gölcü, Gülçin Yılmaz",FEB | FEB,Pazartesi | Cuma,11:30/13:29 | 11:30/13:29,,25,17,,KIM,,
22232,JEO 112E,JEO,LS,General Geology,,--,MDB,Perşembe,08:30/11:29,,0,0,,MADE,,
22233,MAK 224E,MAK,LS,Engineering Materials,,Ersan Üstündağ,MKB,Perşembe,13:30/15:29,,65,65,,"IML, MAK",,
22234,MAK 224E,MAK,LS,Engineering Materials,,Celaletdin Ergun,MKB,Perşembe,13:30/15:29,,70,59,,"IML, MAK",,
22235,MAK 228,MAK,LS,Akışkanlar Mekaniği I,,Kadir Kırkköprü,MKB | MKB,Pazartesi | Çarşamba,10:30/12:29 | 11:30/12:29,,70,61,,MAK,,
22236,MAK 331E,MAK,LS,System Dynamics and Control,,Hülya Yalçın,MKB,Salı,14:30/17:29,,65,33,,"IML, IMLE, IMLM, MAK, MAKE, MAKM, MKN, TEK, TEKE",,
22237,MAK 372E,MAK,LS,Intr.to Finite Element Methods,,Ata Muğan,MKB | MKB,Salı | Perşembe,15:30/17:29 | 12:30/13:29,,75,96,,"IML, MAK, MAKE, MAKM",,
22238,JEF 322,JEF,LS,Jeomanyetizma,,Turgay İşseven,MDB,Cuma,08:30/11:29,,40,30,,"JEF, JEFM",,
22239,MAK 228,MAK,LS,Akışkanlar Mekaniği I,,Murat Çakan,MKB | MKB,Pazartesi | Çarşamba,10:30/12:29 | 11:30/12:29,,60,18,,MAK,,
22240,MAK 372E,MAK,LS,Intr.to Finite Element Methods,,Emin Sünbüloğlu,MKB | MKB,Salı | Perşembe,10:30/12:29 | 12:30/13:29,,75,55,,"IML, MAK, MAKE, MAKM",,
22241,JEF 344E,JEF,LS,Geophysical Measurements,,Tuna Eken,MDB,Perşembe,15:30/17:29,,40,28,,"JEF, JEFE",,
22242,MAK 372E,MAK,LS,Intr.to Finite Element Methods,,Kenan Yüce Şanlıtürk,MKB | MKB,Salı | Perşembe,15:30/17:29 | 12:30/13:29,,75,100,,"IML, MAK, MAKE, MAKM",,
22243,MAK 200,MAK,LS,Atölye,,Hacı Abdullah Taşdemir,MKB,,/,,58,57,,"IML, MAK",,
22244,MAK 376E,MAK,LS,Computational Fluid Dynamics,,--,MKB | MKB,Salı | Perşembe,15:30/17:29 | 12:30/13:29,,0,0,,"MAK, MAKE, MAKM",,
22245,MAK 378E,MAK,LS,Intr.to Nanotech.& Nanosyst.,,Levent Trabzon,MKB | MKB,Salı | Perşembe,09:30/11:29 | 11:30/12:29,,60,17,,"IML, IMLE, MAK, MAKE",,
22246,MAK 200,MAK,LS,Atölye,,İsmail Yalçın Uralcan,MKB,,/,,58,54,,"IML, MAK",,
22247,JEF 334E,JEF,LS,Seismic Prospecting,,Hülya Kurt,MDB,Pazartesi,13:30/17:29,,40,23,,"JEF, JEFE, JEFM",,
22248,MAK 4018E,MAK,LS,Quality Control in Manufacturi,,Ali Gökşenli,MKB | MKB,Perşembe | Cuma,15:30/17:29 | 08:30/09:29,,40,53,,"IML, IMLE, MAK, MAKE",,
22249,MAK 200,MAK,LS,Atölye,,Serpil Kurt Habiboğlu,MKB,,/,,58,58,,"IML, MAK",,
22250,MAK 4029E,MAK,LS,Advanced Fluid Mechanics,,İlyas Bedii Özdemir,MOB | MOB,Perşembe | Cuma,15:30/17:29 | 08:30/09:29,,40,9,,"MAK, MAKE",,
22251,MAK 200,MAK,LS,Atölye,,Yusuf Ziya Kocabal,MKB,,/,,58,57,,"IML, MAK",,
22252,JEF 417E,JEF,LS,Seismotectonics,,Tuncay Taymaz,MDB,Perşembe,08:30/10:29,,40,12,,"JEF, JEFE, JEFM",,
22253,MAK 4032E,MAK,LS,Metal Forming,,Canan Gamze Güleryüz Parasız,MKB | MKB,Çarşamba | Perşembe,14:30/15:29 | 13:30/15:29,,40,41,,"IML, IMLE, MAK, MAKE",,
22254,MAK 4034E,MAK,LS,Welding Dsgn&Manufac.;,,Murat Vural,MKB | MKB,Çarşamba | Perşembe,14:30/15:29 | 13:30/15:29,,40,29,,"IML, IMLE",,
22255,CHZ 104,CHZ,LS,Mineraloji ve Petrografi,,Şenel Özdamar,MDB,Çarşamba,08:30/12:29,,60,57,,"CHZ, CHZM",,
22256,MAK 4038E,MAK,LS,Power Plants,,Murat Çakan,MKB | MKB,Pazartesi | Perşembe,08:30/10:29 | 11:30/12:29,,40,46,,"MAK, MAKE",,
22258,CHZ 318,CHZ,LS,Endüstriyel Hammaddeler,,Hayrünnisa Ateşok,MDB,Pazartesi,08:30/11:29,,30,30,,"CHZ, CHZM, MAD",,
22259,MAK 4054E,MAK,LS,Digital Control System Design,,Zeki Yağız Bayraktaroğlu,MKB | MKB,Perşembe | Cuma,15:30/17:29 | 08:30/09:29,,40,18,,"IML, MAK, MAKE",,
22260,MAK 4057E,MAK,LS,Vehicle Systems Design,,Özgen Akalın,MOB | MOB,Pazartesi | Çarşamba,15:30/17:29 | 13:30/14:29,,40,28,,"MAK, MAKE",,
22261,MAK 4059E,MAK,LS,Precision Machine Design,,--,MKB | MKB,Perşembe | Cuma,15:30/17:29 | 08:30/09:29,,0,0,,"MAK, MAKE",,
22262,MAK 4062E,MAK,LS,Railway Vehicles,,Osman Taha Şen,MOB,Pazartesi,08:30/11:29,,40,11,,"MAK, MAKE",,
22264,MAK 492E,MAK,LS,Senior Design Project,,Hacı Abdullah Taşdemir,---,,/,,100,20,,"MAK, MAKE",,
22265,MAL 201,MAL,LS,Malzeme Bilimi,,Cengiz Tahir Bodur,MKB | MKB,Pazartesi | Cuma,15:30/17:29 | 14:30/15:29,,80,78,,"IML, IMLM, MAK, MAKM, MKN",,
22266,MEK 205,MEK,LS,Mühendislik Mekaniği,,Necmi Aydın Ünverdi,MKB,Pazartesi,09:30/12:29,,100,100,,"CHZ, END, GID, IML, ISL, JEF, JEO, MAD, PET",,
22268,CHZ 318E,CHZ,LS,Industrial Raw Materials,,Ayhan Ali Sirkeci,MDB,Pazartesi,13:30/16:29,,20,4,,"CHZ, CHZE, CHZM",,
22269,MUK 205,MUK,LS,Mukavemet,,Ekrem Tüfekci,MKB | MKB,Salı | Perşembe,15:30/17:29 | 08:30/11:29,,80,75,,"IML, MAK, MAKM, MKN",,
22270,CHZ 422,CHZ,LS,Cev.Haz.Tesis Yönetimi ve Ekon,,Kudret Tahsin Perek,MDB,Pazartesi,14:30/17:29,,30,18,,CHZ,,
22271,CHZ 434,CHZ,LS,Çimento Hammad. ve Tekn.,,Hayrünnisa Ateşok,MDB,Perşembe,08:30/11:29,,30,21,,CHZ,,
22272,CHZ 434E,CHZ,LS,Cement Raw Materials & Tech.,,Fırat Burat,MDB,Cuma,08:30/11:29,,30,6,,"CHZ, CHZE",,
22273,CHZ 436,CHZ,LS,İleri Teknoloji Hammaddeleri,,Neset Acarkan,MDB,Cuma,08:30/11:29,,30,8,,CHZ,,
22274,CHZ 436E,CHZ,LS,High Technology Raw Materials,,Fırat Burat,MDB,Perşembe,08:30/11:29,,20,13,,CHZE,,
22276,CHZ 442E,CHZ,LS,Remdtn of Indus.&Min..,,Gülay Bulut,MDB,Cuma,14:30/17:29,,30,31,,"CHZ, CHZE",,
22277,CHZ 354,CHZ,LS,Susuzlandırma ve Kurutma,,--,MDB,Perşembe,08:30/11:29,,0,0,,CHZ,,
22278,CHZ 354E,CHZ,LS,Dewatering and Drying,,--,MDB,Çarşamba,12:30/15:29,,0,0,,CHZE,,
22279,CHZ 422E,CHZ,LS,Mng.&Eco.inMineral; ..,,Fatma Arslan,MDB,Salı,13:30/16:29,,20,2,,CHZE,,
22280,CHZ 432,CHZ,LS,Cevher Haz. Tesis Tasarımı,,Ali Güney,MDB,Salı,08:30/12:29,,25,19,,"CHZ, CHZM",,
22281,CHZ 432E,CHZ,LS,Mineral Processing Plant Dsgn,,Feridun Boylu,MDB,Pazartesi,08:30/12:29,,25,6,,"CHZE, CHZM",,
22282,JEO 331E,JEO,LS,Petrography,,--,MDB,Çarşamba,12:30/15:29,,0,0,,MADE,,
22283,GEM 204,GEM,LS,Termodinamik,,Selma Ergin,GDB,Salı,13:30/17:29,,40,54,,GEM,,
22284,JEF 222,JEF,LS,Arama Jeofiziğinin Temelleri,,Caner İmren,MDB,Cuma,13:30/17:29,,60,49,,"JEF, JEFM",,
22285,MAD 312,MAD,LS,Topoğrafya,,Serdar Erol,INB,Perşembe,13:30/17:29,,47,48,,"JEF, JEO, MAD",,
22286,MAD 312,MAD,LS,Topoğrafya,,Esra Erten,INB,Pazartesi,13:30/17:29,,35,17,,"JEF, JEO, MAD",,
22287,MAD 354E,MAD,LS,Mineral Processing II,,Ayhan Ali Sirkeci,MDB | MDB,Salı | Çarşamba,15:30/17:29 | 13:30/15:29,,20,14,,MADE,,
22288,MAD 243E,MAD,LS,Underground Mining,,Türker Hüdaverdi,MDB,Pazartesi,14:30/17:29,,15,1,,MADE,,
22289,CHZ 232E,CHZ,LS,Processes Prior to Concentrtn,,--,MDB,Salı,13:30/17:29,,0,0,,"CHZE, CHZM",,
22290,JEF 318,JEF,LS,Kuyu Jeofiziği,,Hızır İlyas Çağlar,MDB,Pazartesi,08:30/11:29,,15,14,,"JEF, JEFM",,
22291,JEF 320,JEF,LS,Maden Jeofiziği,,Hızır İlyas Çağlar,MDB,Salı,13:30/16:29,,15,15,,"JEF, JEFM",,
22292,JEF 430E,JEF,LS,Marine Geophysics,,Mustafa Emin Demirbağ,MDB,Çarşamba,08:30/11:29,,15,15,,"JEF, JEFE, JEFM",,
22293,JEF 326E,JEF,LS,Geothermal Exploration,,Doğa Doğan,MDB,Çarşamba,08:30/11:29,,15,15,,"JEF, JEFE",,
22294,JEF 428E,JEF,LS,Readings in Geophysics,,Tuncay Taymaz,MDB,Pazartesi,08:30/11:29,,15,0,,"JEF, JEFE, JEFM",,
22295,JEF 310E,JEF,LS,Geodynamics,,Tuna Eken,MDB,Pazartesi,08:30/11:29,,15,0,,"JEF, JEFE, JEFM",,
22296,JEF 436E,JEF,LS,Hydrocarbon Geophysics,,Neslihan Ocakoğlu Gökaşan,MDB,Perşembe,14:30/17:29,,15,7,,"JEF, JEFE, JEFM, PET, PETE",,
22297,JEF 438,JEF,LS,Sismik Yorumlama,,Hülya Kurt,MDB,Salı,13:30/16:29,,15,5,,"JEF, JEFM",,
22298,JEF 440,JEF,LS,Paleomanyetizma,,Turgay İşseven,MDB,Salı,08:30/11:29,,15,3,,"JEF, JEFM",,
22299,JEF 442,JEF,LS,Arkeo-Jeofizik,,Caner İmren,MDB,Pazartesi,08:30/11:29,,15,5,,"JEF, JEFM",,
22300,JEO 315E,JEO,LS,Field & Mapping Tech.in Geol.,,Cengiz Zabcı,MDB,Çarşamba,12:30/15:29,,10,2,,JEFE,,
22312,ISL 114E,ISL,LS,Engineering Ethics,,Zeynep Erden Bayazıt,MED,Salı,16:30/18:29,,180,157,,"ISL, ISLE",,
22314,BUS 102,BUS,LS,Business Law,,Çiçek Ersoy Kekevi,ISB,Salı,13:30/16:29,,35,20,,SIS,,
22317,ISL 214,ISL,LS,İstatistik II,,Suat Küçükçifçi,ISB,Salı,13:30/16:29,,75,76,,"IMLM, ISL",,
22318,MTH 106,MTH,LS,Calculus II,,Sevgi Harman,ISB,Cuma,09:00/11:59,,25,21,,"SEK, SIS",,
22319,ESL 102,ESL,LS,English II,,Şadiye Saraç,ISB,Cuma,14:00/16:59,,20,20,,"SEK, SIS",,
22320,ISL 214,ISL,LS,İstatistik II,,Suat Küçükçifçi,ISB,Çarşamba,09:30/12:29,,75,76,,"IMLM, ISL",,
22322,ISL 214E,ISL,LS,Statistics II,,Raziye Selim,ISB,Perşembe,13:30/16:29,,75,73,,ISLE,,
22324,BUS 311,BUS,LS,Marketing Research,,Elif Karaosmanoğlu,ISB,Salı,09:30/12:29,,35,14,,SIS,,
22325,ISL 224,ISL,LS,Maliyet Muhasebesi,,"Oktay Taş, Hüseyin Mert",ISB,Cuma,09:30/12:29,,77,73,,"GID, IML, ISL",,
22328,BUS 207,BUS,LS,Fundament.of Corporate Finance,,Cumhur Enis Ekinci,ISB,Çarşamba,09:30/12:29,,35,25,,SIS,,
22329,BUS 209,BUS,LS,Business Decision Support Sys.,,Dilay Çelebi,ISB,Pazartesi,13:30/16:29,,35,24,,SIS,,
22330,ISL 224E,ISL,LS,Cost Accounting,,Oktay Taş,ISB,Pazartesi,09:30/12:29,,62,69,,"END, ENDE, GID, GIDE, IMLE, ISL, ISLE",,
22331,STI 102,STI,LS,Statistics II,,Tolga Kaya,ISB,Perşembe,09:30/12:29,,35,25,,"SEK, SIS",,
22333,ISL 233E,ISL,LS,Microeconomics,,İbrahim Öner Günçavdı,ISB,Perşembe,09:30/12:29,,60,44,,"ISL, ISLE",,
22336,BUS 322,BUS,LS,International Business,,İdil Vedia Evcimen,ISB,Perşembe,13:30/16:29,,15,15,,SIS,,
22337,ISL 234,ISL,LS,Yönetim ve Organizasyon,,Fatma Küskü Akdoğan,ISB,Pazartesi,09:30/12:29,,50,35,,"GID, ISL",,
22338,BUS 315,BUS,LS,Employment Law,,Mahmut Kabakcı,ISB,Cuma,13:30/16:29,,15,15,,SIS,,
22339,ISL 234,ISL,LS,Yönetim ve Organizasyon,,Mehmet Erçek,ISB,Pazartesi,13:30/16:29,,52,58,,"GID, ISL",,
22340,BUS 202,BUS,LS,Money & Banking,,Oktay Taş,ISB,Salı,13:30/16:29,,15,15,,SIS,,
22341,ISL 234E,ISL,LS,Management and Organization,,Zeynep Erden Bayazıt,ISB,Pazartesi,13:30/16:29,,65,69,,"GID, GIDE, ISL, ISLE",,
22342,ISL 244E,ISL,LS,Macroeconomics,,"Derya Karakaş, Ahmet Atıl Aşıcı",ISB,Salı,13:30/16:29,,90,90,,"ISL, ISLE",,
22344,ISL 244E,ISL,LS,Macroeconomics,,"Derya Karakaş, Ahmet Atıl Aşıcı",ISB,Çarşamba,09:30/12:29,,90,95,,"ISL, ISLE",,
22347,ISL 343E,ISL,LS,Management Information Syst.,,Nihan Yıldırım,ISB,Pazartesi,13:30/16:29,,80,81,,"ISL, ISLE",,
22352,ISL 343E,ISL,LS,Management Information Syst.,,Nihan Yıldırım,ISB,Perşembe,13:30/16:29,,80,82,,"ISL, ISLE",,
22356,ISL 353E,ISL,LS,Marketing,,Huriye Şebnem Burnaz,ISB,Pazartesi,09:30/12:29,,95,108,,"EUT, EUTE, ISL, ISLE",,
22358,ISL 354E,ISL,LS,Managerial Decision Making,,"Tolga Kaya, Dilay Çelebi",ISB,Çarşamba,12:30/15:29,,80,83,,"ISL, ISLE",,
22377,ISL 354E,ISL,LS,Managerial Decision Making,,"Tolga Kaya, Dilay Çelebi",ISB,Perşembe,13:30/16:29,,75,78,,"ISL, ISLE",,
22385,ISL 360E,ISL,LS,Quantitative Rsrch&DataAnlys.;,,Ayşe Banu Elmadağ Baş,ISB,Çarşamba,08:30/12:29,,75,76,,"ISL, ISLE",,
22394,ISL 360E,ISL,LS,Quantitative Rsrch&DataAnlys.;,,Elif Karaosmanoğlu,ISB,Çarşamba,08:30/12:29,,75,75,,"ISL, ISLE",,
22401,ISL 363E,ISL,LS,Human Resources Management,,İdil Vedia Evcimen,ISB,Pazartesi,09:30/12:29,,60,35,,"ISL, ISLE",,
22405,ISL 364,ISL,LS,İşletme Hukuku,,Çiçek Ersoy Kekevi,MED,Cuma,09:30/12:29,,120,101,,"ISL, ISLE",,
22407,ISL 374,ISL,LS,İşletme Müh. Tasarımı I,,"Nihan Yıldırım, Deniz Tunçalp",ISB,Salı,09:30/12:29,,100,96,,ISL,,
22411,ISL 374E,ISL,LS,Management Eng. Design I,,Mehmet Erçek,ISB,Perşembe,09:30/12:29,,80,71,,"ISL, ISLE",,
22414,ISL 384,ISL,LS,Üretim Planlama ve Kontrol,,Hür Bersam Bolat,ISB,Perşembe,09:30/12:29,,80,88,,ISL,,
22417,ISL 384E,ISL,LS,Production Planning&Control;,,Hatice Camgöz Akdağ,ISB,Salı,09:30/12:29,,80,80,,"ISL, ISLE",,
22423,ISL 433,ISL,LS,İş Hukuku,,Mahmut Kabakcı,ISB,Çarşamba,13:30/15:29,,80,81,,"ISL, ISLE",,
22428,ISL 435E,ISL,LS,The Wrld Econmy at a Glance,,Nedime Lerzan Özkale,ISB,Çarşamba,12:30/15:29,,30,13,,"EUT, EUTE, ISL, ISLE",,
22431,ISL 452E,ISL,LS,Financial Inst.&Port..,,Cumhur Enis Ekinci,ISB,Pazartesi,09:30/12:29,,30,18,,"END, ENDE, ISL, ISLE",,
22435,ISL 460E,ISL,LS,E-Marketing,,Elif Karaosmanoğlu,ISB,Çarşamba,12:30/15:29,,40,24,,"ENDE, EUT, EUTE, ISL, ISLE",,
22436,ISL 462,ISL,LS,Türkiye Ekonomisi,,İbrahim Öner Günçavdı,ISB,Salı,09:30/12:29,,30,22,,ISL,,
22437,ISL 478E,ISL,LS,Entrepreneurship,,Zeynep Erden Bayazıt,MED,Salı,12:30/16:29,,40,15,,"BIO, BIOE, BLG, BLGE, CAB, CEV, CEVE, CHZ, CHZE, DEN, DENE, ECNE, EHB, EHBE, ELE, ELH, ELK, ELKE, END, ENDE, EUT, EUTE, FIZ, FIZE, GEM, GEME, GEMK, GEO, GEOE, GID, GIDE, ICM, IML, IMLE, INS, INSE, ISL, ISLE, JDF, JEF, JEFE, JEO, JEOE, KIM, KIME, KMM, KMME, KMP, KOM, KOME, MAD, MADE, MAK, MAKE, MAT, MATE, MET, METE, MIM, MIME, MTO, MTOE, MTR, MUT, MUZ, MUZE, PEM, PEME, PET, PETE, SBP, SBPE, SES, TEB, TEK, TEKE, TEL, THO, UCK, UCKE, UZB, UZBE",,
22438,ISL 492,ISL,LS,İşletme Müh. Tasarım Prj.,,Ayşe Banu Elmadağ Baş,---,,/,,500,50,,ISL,,
22439,ISL 492E,ISL,LS,Management Eng. Design Project,,Ayşe Banu Elmadağ Baş,---,,/,,500,48,,"ISL, ISLE",,
22440,BIL 113E,BIL,LS,Intr.to Sci& Eng.Comp.(MATLAB),,Kaya Tokmakçıoğlu,ISB,Cuma,09:30/12:29,,65,67,,"ISL, ISLE",,
22441,BIL 113E,BIL,LS,Intr.to Sci& Eng.Comp.(MATLAB),,Kaya Tokmakçıoğlu,ISB,Cuma,13:30/16:29,,65,68,,"ISL, ISLE",,
22443,ISH 202,ISH,LS,Isı Aktarımına Giriş,,"Melek Tüter, Nalan Erdöl Aydın",KMB,Perşembe,13:30/16:29,,50,50,,ISL,,
22445,ISH 202E,ISH,LS,Introduction to Heat Transfer,,Moiz Elnekave,KMB,Cuma,13:30/16:29,,50,15,,"ISL, ISLE",,
22446,ISH 301E,ISH,LS,Fundamentals of Env.Sci & Eng.,,"Ayşe Gül Tanık, Serdar Doğruel",INB,Salı,14:30/17:29,,50,46,,"ISL, ISLE",,
22448,ISH 307,ISH,LS,Kimyasal Teknolojilere Giriş,,"Filiz Karaosmanoğlu, Ahmet Alper Aydın",KMB,Cuma,13:30/16:29,,70,64,,ISL,,
22450,MAL 201E,MAL,LS,Materials Science,,Mehmet Şeref Sönmez,ISB,Pazartesi,14:30/17:29,,90,90,,"ISL, ISLE",,
22451,MAL 201E,MAL,LS,Materials Science,,İpek Akın Karadayı,ISB,Çarşamba,12:30/15:29,,90,90,,"ISL, ISLE",,
22454,AKM 204,AKM,LS,Akışkanlar Mekaniği,,Şevket Çokgör,INB | INB,Salı | Perşembe,10:30/11:29 | 08:30/10:29,,55,49,,"CEV, CHZ, IML, INS, KMM, PET",,
22455,AKM 204,AKM,LS,Akışkanlar Mekaniği,,Necati Erdem Ünal,INB | INB,Pazartesi | Perşembe,10:30/12:29 | 13:30/14:29,,55,60,,"CEV, CHZ, IML, INS, KMM, PET",,
22456,AKM 204,AKM,LS,Akışkanlar Mekaniği,,Hafzüllah Aksoy,INB | INB,Çarşamba | Perşembe,10:30/11:29 | 10:30/12:29,,50,38,,"CEV, CHZ, IML, INS, KMM, PET",,
22458,AKM 204E,AKM,LS,Fluid Mechanics,,Mehmet Özger,INB | INB,Salı | Perşembe,10:30/11:29 | 08:30/10:29,,55,62,,"CEV, CEVE, CHZ, CHZE, FIZ, FIZE, GID, GIDE, IML, IMLE, INS, INSE, JEF, KMM, KMME, MAD, MTO, MTOE, PET, PETE, TEK, TEKE, UCK, UZB",,
22459,AKM 204E,AKM,LS,Fluid Mechanics,,Abdüsselam Altunkaynak,INB | INB,Pazartesi | Perşembe,10:30/12:29 | 13:30/14:29,,55,56,,"CEV, CEVE, CHZ, CHZE, FIZ, FIZE, GID, GIDE, IML, IMLE, INS, INSE, JEF, KMM, KMME, MAD, MTO, MTOE, PET, PETE, TEK, TEKE, UCK, UZB",,
22460,TEK 114E,TEK,LS,Fiber Science,,İkilem Göcek,MKB | MKB,Salı | Perşembe,13:30/15:29 | 08:30/10:29,,40,4,,"TEK, TEKE, TEKM",,
22461,AKM 204,AKM,LS,Akışkanlar Mekaniği,,Ali Uyumaz,INB,Salı,13:30/16:29,,50,59,,"CEV, CHZ, IML, INS, KMM, PET",,
22462,TEK 114E,TEK,LS,Fiber Science,,"Hale Karakaş, Özgür Atalay",MKB | MKB,Çarşamba | Perşembe,13:30/15:29 | 10:30/12:29,,40,40,,"TEK, TEKE, TEKM",,
22463,BIL 113E,BIL,LS,Intr.to Sci& Eng.Comp.(MATLAB),,İlkay Özsev Yüksek,MKB,Perşembe,13:30/16:29,,40,41,,"TEK, TEKE",,
22464,AKM 204E,AKM,LS,Fluid Mechanics,,Şevket Çokgör,INB,Salı,13:30/16:29,,50,56,,"CEV, CEVE, CHZ, CHZE, FIZ, FIZE, GID, GIDE, IML, IMLE, INS, INSE, JEF, KMM, KMME, MAD, MTO, MTOE, PET, PETE, TEK, TEKE, UCK, UZB",,
22465,BIL 113E,BIL,LS,Intr.to Sci& Eng.Comp.(MATLAB),,Senem Kurşun Bahadır,MKB,Cuma,09:30/12:29,,40,26,,"TEK, TEKE",,
22466,RES 103E,RES,LS,Technical Drawing,,Sena Duru,MKB,Salı,08:30/12:29,,40,12,,"CHZ, CHZE, DUI, DUIE, DUIK, EUT, EUTE, GID, GIDE, GMI, GMIE, JEO, JEOE, KMM, KMME, MAD, MADE, MET, METE, PET, PETE, TEK, TEKE",,
22467,CEV 451,CEV,LS,Su temini ve Çevre Sağlığı I,,"Mehmet Cüneyd Demirel, İbrahim Demir",INB | INB,Çarşamba | Perşembe,08:30/10:29 | 13:30/14:29,,50,49,,INS,,
22468,TEK 234E,TEK,LS,Weaving Technology I,,Burçak Karagüzel Kayaoğlu,MKB,Pazartesi,13:30/16:29,,35,32,,"TEKE, TEKM",,
22469,CEV 451E,CEV,LS,Water Sup.and Environ. Sanitat,,"Veysel Şadan Özgür Kırca, Mahmut Ekrem Karpuzcu",INB | INB,Çarşamba | Perşembe,08:30/10:29 | 13:30/14:29,,45,39,,"INS, INSE",,
22470,TEK 234E,TEK,LS,Weaving Technology I,,İlkay Özsev Yüksek,MKB,Salı,09:30/12:29,,35,35,,"TEKE, TEKM",,
22471,TEK 254E,TEK,LS,Knitting Technology,,Cevza Candan,MKB,Salı,13:30/16:29,,40,40,,"TEKE, TEKM",,
22472,DNK 201E,DNK,LS,Dynamics,,Arcan Yanık,INB | INB,Çarşamba | Perşembe,08:30/10:29 | 14:30/15:29,,55,55,,"DEN, DENE, DUI, DUIE, DUIK, EHB, EHBE, ELE, ELH, ELK, ELKE, FIZ, FIZE, GEM, GEME, GEMK, GMI, GMIE, INS, INSE, JEO, JEOE, KOM, KOME, KON, KONE, MAD, MAT, MATE, MTO, PETE, TEK, TEL, UCK, UCKE, UZB, UZBE",,
22473,TEK 254E,TEK,LS,Knitting Technology,,Nuray Uçar,MKB,Salı,13:30/16:29,,40,33,,"TEKE, TEKM",,
22474,TEK 316E,TEK,LS,Int.toColoration&Fin..,,Berdan Kalav,MKB | MKB,Salı | Çarşamba,08:30/10:29 | 13:30/15:29,,35,35,,"TEK, TEKE, TEKM",,
22475,TEK 316E,TEK,LS,Int.toColoration&Fin..,,Gülay Özcan,MKB | MKB,Salı | Perşembe,10:30/12:29 | 08:30/10:29,,35,14,,"TEK, TEKE, TEKM",,
22476,TEK 308E,TEK,LS,Yarn Technology II,,"Nazan Okur, Osman Bülent Özipek",MKB | MKB,Pazartesi | Pazartesi,08:30/10:29 | 13:30/15:29,,45,45,,TEKE,,
22478,TEK 308E,TEK,LS,Yarn Technology II,,"Yeşim Beceren, Fatma Banu Nergis",MKB | MKB,Çarşamba | Perşembe,10:30/12:29 | 10:30/12:29,,35,21,,TEKE,,
22479,TEK 352E,TEK,LS,Weaving Technology II,,Emel Önder Karaoğlu,MKB | MKB,Pazartesi | Cuma,10:30/12:29 | 09:30/11:29,,35,33,,"TEK, TEKE, TEKM",,
22480,TEK 352E,TEK,LS,Weaving Technology II,,Ömer Berk Berkalp,MKB | MKB,Pazartesi | Cuma,10:30/12:29 | 09:30/11:29,,35,35,,"TEK, TEKE, TEKM",,
22482,TEK 392E,TEK,LS,Design in Textile Engineering,,Ali Kılıç,MKB,Cuma,11:30/12:29,,65,63,,TEKE,,
22484,ETK 101E,ETK,LS,Engineering Ethics,,Yeşim Beceren,MKB,Çarşamba,13:30/14:29,,60,49,,"CHZ, CHZE, EHB, EHBE, EHN, IML, IMLE, JEF, JEFE, JEO, JEOE, KOM, KOME, KON, KONE, MAD, MADE, MAK, MAKE, MTO, MTOE, PET, PETE, SEH, TEK, TEKE",,
22485,MAT 202E,MAT,LS,Numerical Methods,,İkilem Göcek,MKB,Çarşamba,09:30/12:29,,60,61,,"BLG, BLGE, CEV, CEVE, CHZ, CHZE, DEN, DENE, EHB, EHBE, ELE, ELH, ELK, ELKE, GEM, GEME, GEMK, GEO, GEOE, GID, GIDE, IML, IMLE, INS, INSE, ISL, ISLE, JEF, JEFE, JEO, JEOE, KMM, KMME, KOM, KOME, KON, KONE, MAD, MADE, MAK, MAKE, MET, METE, MTO, MTOE, PET, PETE, TEK, TEKE, TEL, UCK, UCKE, UZB, UZBE",,
22489,MAT 202E,MAT,LS,Numerical Methods,,İpek Yalçın Eniş,MKB,Perşembe,13:30/16:29,,60,78,,"BLG, BLGE, CEV, CEVE, CHZ, CHZE, DEN, DENE, EHB, EHBE, ELE, ELH, ELK, ELKE, GEM, GEME, GEMK, GEO, GEOE, GID, GIDE, IML, IMLE, INS, INSE, ISL, ISLE, JEF, JEFE, JEO, JEOE, KMM, KMME, KOM, KOME, KON, KONE, MAD, MADE, MAK, MAKE, MET, METE, MTO, MTOE, PET, PETE, TEK, TEKE, TEL, UCK, UCKE, UZB, UZBE",,
22490,MUK 207E,MUK,LS,Strength of Materials,,Şule Selçuk,MKB,Çarşamba,09:30/12:29,,40,44,,"CHZ, CHZE, IML, IMLE, TEK, TEKE",,
22491,MUK 207E,MUK,LS,Strength of Materials,,Şule Selçuk,MKB,Perşembe,09:30/12:29,,40,44,,"CHZ, CHZE, IML, IMLE, TEK, TEKE",,
22492,MAT 271E,MAT,LS,Probability and Statistics,,Selin Hanife Eryürük,MKB,Cuma,09:30/12:29,,35,34,,"BIO, BIOE, BLG, BLGE, CEV, CEVE, CHZ, CHZE, DEN, DENE, DUI, EHB, EHBE, EHN, ELE, ELH, ELK, ELKE, EUT, EUTE, FIZ, FIZE, GEM, GEME, GEMK, GEO, GEOE, GID, GIDE, GMI, GMIE, GMIK, IML, IMLE, INS, INSE, JEF, JEFE, JEO, JEOE, KMM, KMME, KOM, KOME, KON, KONE, MAD, MADE, MAK, MAKE, MET, METE, MTO, MTOE, PET, PETE, SBP, SBPE, SEH, TEK, TEKE, TEL, UCK, UCKE, UZB, UZBE",,
22493,MAT 271E,MAT,LS,Probability and Statistics,,Canan Sarıçam,MKB,Cuma,09:30/12:29,,35,40,,"BIO, BIOE, BLG, BLGE, CEV, CEVE, CHZ, CHZE, DEN, DENE, DUI, EHB, EHBE, EHN, ELE, ELH, ELK, ELKE, EUT, EUTE, FIZ, FIZE, GEM, GEME, GEMK, GEO, GEOE, GID, GIDE, GMI, GMIE, GMIK, IML, IMLE, INS, INSE, JEF, JEFE, JEO, JEOE, KMM, KMME, KOM, KOME, KON, KONE, MAD, MADE, MAK, MAKE, MET, METE, MTO, MTOE, PET, PETE, SBP, SBPE, SEH, TEK, TEKE, TEL, UCK, UCKE, UZB, UZBE",,
22494,CEV 243E,CEV,LS,Environmental Chemistry,,Umut Kıvanç Şahin,MKB,Perşembe,09:30/12:29,,45,45,,"ISLE, TEK, TEKE",,
22495,TEK 354E,TEK,LS,Mathematical Programming,,Berdan Kalav,MKB,Pazartesi,09:30/12:29,,30,21,,"TEK, TEKE",,
22496,TEK 414E,TEK,LS,Structure&Properties..,,Ali Kılıç,MKB,Perşembe,09:30/12:29,,30,7,,"TEK, TEKE",,
22497,TEK 418E,TEK,LS,Int. to Technical Textiles,,"Ümmühan Telem Gök Sadıkoğlu, İpek Yalçın Eniş",MKB,Çarşamba,09:30/12:29,,30,21,,"TEK, TEKE",,
22498,TEK 422E,TEK,LS,Dyeing &Printing; Technologies,,Berdan Kalav,MKB,Perşembe,13:30/16:29,,30,17,,"TEK, TEKE",,
22499,TEK 424E,TEK,LS,Design of Knitted Fabrics,,"Cevza Candan, Nuray Uçar",MKB,Pazartesi,09:30/12:29,,30,0,,"TEK, TEKE",,
22500,TEK 412E,TEK,LS,Textile Finishing Processes,,Umut Kıvanç Şahin,MKB,Cuma,09:30/12:29,,30,2,,"TEK, TEKE",,
22501,TEK 416E,TEK,LS,Garment Design Management,,"Selin Hanife Eryürük, Belgin Görgün",MKB,Cuma,13:30/16:29,,30,30,,"TEK, TEKE",,
22502,TEK 426E,TEK,LS,Quality Cnt in Tex. ..,,Canan Sarıçam,MKB,Perşembe,09:30/12:29,,30,4,,"TEK, TEKE",,
22503,TEK 458E,TEK,LS,Knitted Apparel Production,,Belgin Görgün,MKB,Pazartesi,13:30/16:29,,30,0,,"TEK, TEKE",,
22504,TEK 478E,TEK,LS,Colour Analysis,,Nevin Çiğdem Gürsoy,MKB,Pazartesi,13:30/16:29,,30,22,,"TEK, TEKE",,
22505,TEK 466E,TEK,LS,Heat Transfer,,Sena Duru,MKB,Cuma,13:30/16:29,,55,55,,"TEK, TEKE",,
22507,TEK 492,TEK,LS,Bitirme Tasarım Projesi,,Ömer Berk Berkalp,---,,/,,100,0,,TEK,,
22508,TEK 492E,TEK,LS,Senior Design Project,,Ömer Berk Berkalp,---,,/,,100,39,,"TEK, TEKE",,
22510,MOD 134,MOD,LS,Materials & Construction II,,Gizem Turan,MKB,Salı,13:30/17:29,,40,9,,SMT,,
22511,MOD 127,MOD,LS,Design Studio II- Soft Draping,,Şükriye Yüksel Filiz,MKB | MKB,Pazartesi | Çarşamba,13:30/16:29 | 09:30/12:29,,40,9,,SMT,,
22512,MOD 162,MOD,LS,Fashion Art Studio,,"Elif Taşel, Türkü Şahin",MKB | MKB,Pazartesi | Perşembe,09:30/12:29 | 13:30/16:29,,40,9,,SMT,,
22513,MOD 125,MOD,LS,Fashion Research & Inspiration,,"Gizem Turan, Merve Gizem Ogan Yazgan",MKB,Salı,09:30/12:29,,40,9,,SMT,,
22514,MOD 270,MOD,LS,Statistical Analysis,,Ömer Berk Berkalp,MKB,Cuma,13:30/17:29,,40,10,,SMT,,
22515,INS 311,INS,LS,Yapı Statiği I,,Mecit Çelik,INB | INB,Pazartesi | Salı,08:30/10:29 | 10:30/11:29,,40,27,,INS,,
22516,LAT 245,LAT,LS,Intercultural Communication,,Şükriye Yüksel Filiz,MKB,Perşembe,09:30/12:29,,40,14,,SMT,,
22517,INS 311,INS,LS,Yapı Statiği I,,Yavuz Durgun,INB | INB,Salı | Çarşamba,13:30/15:29 | 11:30/12:29,,40,39,,INS,,
22518,PAZ 217,PAZ,LS,Public Speaking,,--,MKB,Cuma,08:30/11:29,,0,0,,"SMT, STP",,
22519,SPA 102,SPA,LS,Spanish II,,Neslihan Ercan,MKB,Pazartesi,13:30/16:29,,30,11,,"SMT, STP",,
22520,INS 311E,INS,LS,Theory of Structures I,,Nilay Çelik Muhtaroğlu,INB | INB,Pazartesi | Salı,08:30/10:29 | 10:30/11:29,,40,36,,"INS, INSE",,
22521,MOD 369,MOD,LS,Sportswear Dev. Concepts,,"Belgin Görgün, Şükriye Yüksel Filiz",MKB | MKB,Pazartesi | Çarşamba,08:30/12:29 | 13:30/15:29,,40,9,,SMT,,
22522,INS 312,INS,LS,Yapı Statiği II,,Ercan Yüksel,INB | INB,Pazartesi | Salı,08:30/10:29 | 08:30/10:29,,45,45,,INS,,
22523,MOD 363,MOD,LS,Design Directions in R-T-W,,"Şükriye Yüksel Filiz, Belgin Görgün",MKB,Salı,13:30/17:29,,40,9,,SMT,,
22524,INS 312,INS,LS,Yapı Statiği II,,Barış Erkuş,INB | INB,Çarşamba | Cuma,10:30/12:29 | 14:30/16:29,,40,36,,INS,,
22525,MOD 342,MOD,LS,CAD for FD & Development,,Belgin Görgün,MKB,Çarşamba,09:30/12:29,,40,9,,SMT,,
22526,MOD 311,MOD,LS,Leather Apparel Design,,Rüveyde Oder,MKB,Perşembe,08:30/12:29,,40,10,,SMT,,
22527,LAT 312,LAT,LS,Entrepreneurship,,"Cevza Candan, İkilem Göcek",MKB,Cuma,09:30/12:29,,40,11,,SMT,,
22529,INS 312,INS,LS,Yapı Statiği II,,Konuralp Girgin,INB | INB,Pazartesi | Salı,10:30/12:29 | 10:30/12:29,,45,45,,INS,,
22531,INS 312,INS,LS,Yapı Statiği II,,Mehmet Günhan Aksoylu,INB | INB,Pazartesi | Salı,10:30/12:29 | 10:30/12:29,,45,45,,INS,,
22533,STA 202,STA,LS,Statik,,Fethi Kadıoğlu,INB | INB,Pazartesi | Salı,08:30/10:29 | 08:30/10:29,,50,40,,"FIZ, INS, UCKM",,
22535,STA 202,STA,LS,Statik,,Abdullah Gedikli,INB | INB,Pazartesi | Salı,13:30/15:29 | 13:30/15:29,,50,48,,"FIZ, INS, UCKM",,
22538,STA 202E,STA,LS,Statics,,Reha Artan,INB | INB,Pazartesi | Salı,08:30/10:29 | 08:30/10:29,,50,48,,"FIZ, FIZE, INS, INSE, UCKM",,
22540,STA 202E,STA,LS,Statics,,Hale Ergün,INB | INB,Pazartesi | Salı,13:30/15:29 | 13:30/15:29,,50,49,,"FIZ, FIZE, INS, INSE, UCKM",,
22542,PAZ 132,PAZ,LS,Apparel/Home Tex.Prod.Mfg.,,Senem Kurşun Bahadır,MKB,Salı,13:30/16:29,,40,10,,STP,,
22543,INS 462E,INS,LS,Engineering Ethics,,Hüseyin Onur Tezcan,INB,Çarşamba,11:30/12:29,,100,52,,"INS, INSE",,
22544,PAZ 104,PAZ,LS,Fabric Development,,"Cevza Candan, Senem Kurşun Bahadır",MKB,Pazartesi,13:30/17:29,,40,7,,STP,,
22545,PAZ 106,PAZ,LS,Color Creat.&Sustain..,,Nevin Çiğdem Gürsoy,MKB,Pazartesi,08:30/12:29,,40,10,,STP,,
22546,INS 462E,INS,LS,Engineering Ethics,,Hüseyin Onur Tezcan,INB,Çarşamba,12:30/13:29,,100,100,,"INS, INSE",,
22547,PAZ 331,PAZ,LS,Nonwovens,,"Ömer Berk Berkalp, İlkay Özsev Yüksek",MKB,Perşembe,10:30/12:29,,40,10,,STP,,
22548,INS 312E,INS,LS,Theory of Structures II,,Burcu Güneş,INB | INB,Pazartesi | Salı,08:30/10:29 | 08:30/10:29,,45,45,,"INS, INSE",,
22549,PAZ 108,PAZ,LS,Excel for Business,,Nazan Okur,MKB,Çarşamba,09:30/12:29,,40,11,,STP,,
22550,PAZ 110,PAZ,LS,America At Home:1900-Contemp.,,"Şükriye Yüksel Filiz, Belgin Görgün",MKB,Cuma,09:30/12:29,,40,10,,STP,,
22551,INS 312E,INS,LS,Theory of Structures II,,Ülkü Hülya Çalık Karaköse,INB | INB,Çarşamba | Cuma,10:30/12:29 | 14:30/16:29,,40,33,,"INS, INSE",,
22552,PAZ 214,PAZ,LS,Textile Value Chain Marketing,,Canan Sarıçam,MKB,Cuma,13:30/16:29,,40,3,,STP,,
22554,PAZ 210,PAZ,LS,The Forensics of Fiber Analy.,,Hale Karakaş,MKB,Çarşamba,08:30/12:29,,40,3,,STP,,
22555,PAZ 216,PAZ,LS,Performance Textiles,,Nazan Okur,MKB,Cuma,08:30/12:29,,40,3,,STP,,
22556,PAZ 208,PAZ,LS,Internship-Career Exploration,,Osman Bülent Özipek,MKB,Salı,13:30/17:29,,40,3,,STP,,
22575,INS 331,INS,LS,Zemin Mekaniği I,,Hüseyin Yıldırım,INB | INB | INB,Pazartesi | Salı | Perşembe,10:30/12:29 | 10:30/12:29 | 13:30/14:29,,45,42,,INS,,
22576,INS 331E,INS,LS,Soil Mechanics I,,Müge Balkaya,INB | INB | INB,Pazartesi | Salı | Perşembe,10:30/12:29 | 08:30/10:29 | 13:30/14:29,,45,38,,"INS, INSE",,
22577,INS 332,INS,LS,Temel İnşaatı I,,Mustafa Hatipoğlu,INB | INB,Perşembe | Cuma,10:30/11:29 | 08:30/10:29,,45,44,,INS,,
22578,INS 332,INS,LS,Temel İnşaatı I,,Recep İyisan,INB | INB,Çarşamba | Perşembe,10:30/12:29 | 13:30/14:29,,45,28,,INS,,
22579,SNT 103E,SNT,LS,Drawing,,Oğuz Haşlakoğlu,MMB,Salı,13:30/16:29,,15,15,,"BIO, BIOE, BLG, BLGE, CEV, CEVE, CHZ, CHZE, DEN, DENE, ECNE, EHB, EHBE, ELE, ELH, ELK, ELKE, END, ENDE, EUT, EUTE, FIZ, FIZE, GEM, GEME, GEMK, GEO, GEOE, GID, GIDE, GMI, GMIE, ICM, ICME, IML, IMLE, INS, INSE, ISL, ISLE, JDF, JEF, JEFE, JEO, JEOE, KIM, KIME, KMM, KMME, KOM, KOME, MAD, MADE, MAK, MAKE, MAT, MATE, MET, METE, MIM, MIME, MTO, MTOE, PEM, PEME, PET, PETE, SBP, SBPE, TEK, TEKE, TEL, UCK, UCKE, UZB, UZBE",,
22580,MAK 4070E,MAK,LS,Internal Combustion Engines,,Osman Akın Kutlar,MOB | MOB,Pazartesi | Çarşamba,15:30/17:29 | 13:30/14:29,,40,42,,"MAK, MAKE, MAKM",,
22581,END 112E,END,LS,Intr. to Manufacturing Systems,,Vehbi Tufan Koç,ISB,Perşembe,11:30/14:29,,120,120,,"END, ENDE",,
22582,END 112E,END,LS,Intr. to Manufacturing Systems,,Vehbi Tufan Koç,ISB,Perşembe,14:30/17:29,,121,121,,"END, ENDE",,
22583,END 201E,END,LS,Industrial Eng.Appl. in Phyton,,Ömer Faruk Beyca,ISB,Perşembe,09:30/12:29,,70,25,,"END, ENDE",,
22584,PAZ 231,PAZ,LS,Macroeconomics,,Mete Han Yağmur,MKB,Perşembe,13:30/16:29,,40,7,,"SMT, STP",,
22585,END 201E,END,LS,Industrial Eng.Appl. in Phyton,,Ömer Faruk Beyca,ISB,Pazartesi,14:30/17:29,,70,56,,"END, ENDE",,
22586,END 201E,END,LS,Industrial Eng.Appl. in Phyton,,Ömer Faruk Beyca,ISB,Çarşamba,12:30/15:29,,78,78,,"END, ENDE",,
22587,END 232,END,LS,İşbilim,,Çiğdem Altın Gümüşsoy,ISB,Salı,09:30/12:29,,70,60,,"END, IML",,
22588,END 232,END,LS,İşbilim,,Çiğdem Altın Gümüşsoy,ISB,Salı,12:30/15:29,,70,60,,"END, IML",,
22591,END 305E,END,LS,Data Analytics for Business,,Ömer Faruk Beyca,ISB,Pazartesi,11:30/14:29,,65,65,,"END, ENDE",,
22592,END 308,END,LS,Kalite Mühendisliği,,Hüsnü Bülent Cerit,ISB,Çarşamba,08:30/10:29,,70,30,,END,,
22594,END 308,END,LS,Kalite Mühendisliği,,Hüsnü Bülent Cerit,ISB,Çarşamba,10:30/12:29,,73,72,,END,,
22595,END 311,END,LS,İstatistik,,Seda Yanık,ISB,Salı,13:30/16:29,,70,40,,END,,
22596,END 311,END,LS,İstatistik,,Nizamettin Bayyurt,ISB,Salı,08:30/11:29,,70,40,,END,,
22597,END 312,END,LS,Mühendislik Ekonomisi,,Cengiz Kahraman,ISB,Pazartesi,08:30/11:29,,78,78,,END,,
22598,END 312,END,LS,Mühendislik Ekonomisi,,İrem Uçal Sarı,ISB,Çarşamba,09:30/12:29,,97,97,,END,,
22599,END 322,END,LS,Sistem Simülasyonu,,Cafer Erhan Bozdağ,ISB | ISB,Salı | Cuma,10:30/12:29 | 10:30/11:29,,70,39,,END,,
22600,END 322,END,LS,Sistem Simülasyonu,,Cafer Erhan Bozdağ,ISB | ISB,Salı | Cuma,13:30/15:29 | 14:30/15:29,,70,49,,END,,
22601,INS 332E,INS,LS,Foundation Engineering I,,Musaffa Ayşen Lav,INB | INB,Salı | Cuma,13:30/14:29 | 14:30/16:29,,45,45,,"INS, INSE",,
22602,END 331,END,LS,Yöneylem Araştırması I,,Kutay Tinç,ISB,Perşembe,14:30/17:29,,70,64,,END,,
22603,INS 332E,INS,LS,Foundation Engineering I,,Berrak Teymür,INB | INB,Salı | Cuma,13:30/14:29 | 14:30/16:29,,45,26,,"INS, INSE",,
22604,END 331,END,LS,Yöneylem Araştırması I,,Kutay Tinç,ISB,Perşembe,11:30/14:29,,70,32,,END,,
22605,END 332E,END,LS,Operations Research II,,Özgür Kabak,ISB,Pazartesi,09:30/12:29,,100,68,,"END, ENDE",,
22606,END 332E,END,LS,Operations Research II,,Özgür Kabak,ISB,Pazartesi,14:30/17:29,,100,94,,"END, ENDE",,
22607,INS 332E,INS,LS,Foundation Engineering I,,Esra Ece Bayat,INB | INB,Perşembe | Cuma,10:30/11:29 | 08:30/10:29,,45,44,,"INS, INSE",,
22608,END 355,END,LS,Üretim Yöntemleri,,Hüsnü Bülent Cerit,ISB,Cuma,08:30/10:29,,70,35,,END,,
22609,END 355,END,LS,Üretim Yöntemleri,,Hüsnü Bülent Cerit,ISB,Cuma,10:30/12:29,,70,70,,END,,
22610,END 412,END,LS,İnsn Kynkları Yntmnin Temeller,,Cemil Ceylan,ISB,Perşembe,13:30/16:29,,100,50,,END,,
22611,END 412,END,LS,İnsn Kynkları Yntmnin Temeller,,Seçkin Polat,ISB,Salı,13:30/16:29,,100,71,,END,,
22612,INS 332E,INS,LS,Foundation Engineering I,,Aykut Şenol,INB | INB,Çarşamba | Perşembe,10:30/12:29 | 13:30/14:29,,45,41,,"INS, INSE",,
22613,END 421,END,LS,Üretim Planlama ve Kontrol,,Murat Baskak,ISB,Pazartesi,13:30/16:29,,70,55,,END,,
22614,END 432E,END,LS,Facility Layout,,Ufuk Cebeci,ISB,Salı,10:30/13:29,,150,123,,"END, ENDE, IML, IMLE",,
22615,INS 342,INS,LS,Karayolu Mühendisliği,,Şükrüye İyinam,INB | INB,Perşembe | Cuma,10:30/11:29 | 08:30/10:29,,45,39,,INS,,
22616,END 432E,END,LS,Facility Layout,,Seda Yanık,ISB,Perşembe,09:30/12:29,,150,103,,"END, ENDE, IML, IMLE",,
22617,END 492,END,LS,Bitirme Çalışması,,Alp Üstündağ,---,,/,,500,86,,END,,
22618,END 441,END,LS,Endüstri Mühendisliği Projesi,,Alp Üstündağ,ISB,,/,,500,34,,END,,
22619,INS 352,INS,LS,Hidroloji,,Bihrat Önöz,INB | INB,Pazartesi | Perşembe,10:30/12:29 | 13:30/14:29,,50,24,,"INS, PET",,
22620,END 314,END,LS,Hizmet Sistemleri,,Cemil Ceylan,ISB,Perşembe,10:30/13:29,,30,8,,END,,
22621,END 316,END,LS,Grup Tekno & Esnek Üretim Sist,,Mehmet Bülent Durmuşoğlu,ISB,Çarşamba,09:30/12:29,,40,39,,"END, IML",,
22622,END 317E,END,LS,Database Manag. & Big Data,,Başar Öztayşi,ISB,Salı,09:30/12:29,,40,37,,"END, ENDE, ISL, ISLE, MAT, MATE",,
22623,INS 352,INS,LS,Hidroloji,,Mehmet Cüneyd Demirel,INB | INB,Perşembe | Cuma,11:30/12:29 | 14:30/16:29,,50,50,,"INS, PET",,
22624,END 318,END,LS,Sistem Dinamiği,,Cafer Erhan Bozdağ,ISB,Perşembe,09:30/12:29,,30,9,,END,,
22625,BIL 113E,BIL,LS,Intr.to Sci& Eng.Comp.(MATLAB),,Bülent Güloğlu,ISB,Perşembe,13:30/16:29,,80,79,,ECNE,,
22626,INS 352E,INS,LS,Hydrology,,Mehmet Cüneyd Demirel,INB | INB,Pazartesi | Perşembe,10:30/12:29 | 14:30/15:29,,50,15,,"INS, INSE, PET, PETE",,
22627,ECN 102E,ECN,LS,Principles of Macroeconomics,,Mete Han Yağmur,ISB,Perşembe,08:30/12:29,,85,82,,"ECNE, ECNM",,
22628,INS 352E,INS,LS,Hydrology,,Tarkan Erdik,INB | INB,Salı | Cuma,13:30/14:29 | 10:30/12:29,,50,40,,"INS, INSE, PET, PETE",,
22630,ECN 202E,ECN,LS,Intermediate Macroeconomics,,Aysun Aygün,ISB,Perşembe,08:30/12:29,,80,76,,"ECNE, ECNM",,
22631,END 339,END,LS,Proje Yönetimi,,Ayberk Soyer,ISB,Çarşamba,09:30/12:29,,40,30,,"END, IML, PET, UCK, UZB",,
22632,INS 352E,INS,LS,Hydrology,,İsmail Duranyıldız,INB | INB,Perşembe | Cuma,11:30/12:29 | 14:30/16:29,,50,44,,"INS, INSE, PET, PETE",,
22633,END 339E,END,LS,Project Management,,Ayşe Elvan Bayraktaroğlu,ISB,Salı,09:30/12:29,,40,41,,"END, ENDE, PETE, UZBE",,
22635,INS 361,INS,LS,Hidrolik,,Bihrat Önöz,INB | INB,Çarşamba | Perşembe,10:30/12:29 | 14:30/15:29,,40,40,,"CEV, INS",,
22636,ECN 208E,ECN,LS,Public Economics,,Sinan Ertemel,ISB,Cuma,14:00/16:59,,80,81,,"ECNE, ECNM",,
22637,ECN 210E,ECN,LS,Financial Accounting,,Ali Coşkun,ISB,Çarşamba,12:30/15:29,,80,80,,ECNE,,
22638,ECN 302E,ECN,LS,Econometrics II,,Ayşegül Kayaoğlu Yılmaz,ISB,Perşembe,12:30/16:29,,60,46,,"ECNE, ECNM",,
22639,END 342E,END,LS,Knowledge Based Systems,,--,ISB,Salı,13:30/16:29,,0,0,,"END, ENDE",,
22640,INS 361E,INS,LS,Hydraulics,,İsmail Duranyıldız,INB | INB,Çarşamba | Perşembe,10:30/12:29 | 14:30/15:29,,40,35,,"CEV, CEVE, INS, INSE",,
22641,END 344,END,LS,Davranış Bilimleri,,Cahit Ali Bayraktar,ISB,Çarşamba,12:30/15:29,,40,40,,"END, IML",,
22642,ECN 308E,ECN,LS,Competition Law and Policy,,"Shourjo Chakravorty, Çiçek Ersoy Kekevi",ISB,Salı,09:30/12:29,,60,60,,ECNE,,
22643,END 364E,END,LS,Work Psychology,,Gaye Karaçay Aydın,ISB,Perşembe,13:30/16:29,,40,40,,"END, ENDE",,
22644,END 374,END,LS,Rekabet Yönetimi,,Cahit Ali Bayraktar,ISB,Salı,09:30/12:29,,40,36,,END,,
22645,END 426,END,LS,Kurumsl Kaynaklrn Planlnmasi,,Emre Çevikcan,ISB,Pazartesi,09:30/12:29,,40,37,,"END, ISL",,
22646,END 434,END,LS,Stratejik Yönetimin Temelleri,,Cahit Ali Bayraktar,ISB,Salı,14:30/17:29,,30,2,,END,,
22647,ECN 312E,ECN,LS,International Finance,,Serdar Altay,ISB,Perşembe,09:30/12:29,,60,44,,"ECNE, ECNM",,
22648,END 434E,END,LS,Intro.to Strategic Management,,Gaye Karaçay Aydın,ISB,Perşembe,09:30/12:29,,30,17,,"END, ENDE",,
22649,ECN 314E,ECN,LS,Financial Economics,,Resul Aydemir,ISB,Çarşamba,09:30/12:29,,60,52,,ECNE,,
22650,END 452,END,LS,Satınalma Yönetimi,,Murat Baskak,ISB,Perşembe,09:30/12:29,,40,40,,END,,
22651,ECN 402E,ECN,LS,Project Appraisal,,Quentin Xavier Marin Stoeffler,ISB,Salı,13:30/16:29,,40,22,,ECNE,,
22652,END 449,END,LS,End. Müh. Uyg. Seminer Dersi,,Ayberk Soyer,ISB,Cuma,09:30/12:29,,160,160,,"END, ENDE",,
22653,ECN 410E,ECN,LS,Energy Economics,,Sinan Ertemel,ISB,Cuma,09:30/12:29,,40,7,,"ECNE, END, ENDE",,
22654,END 446E,END,LS,Statistical Experimental Dsgn.,,Erkan Işıklı,ISB,Çarşamba,12:30/15:29,,30,20,,"END, ENDE",,
22655,ECN 412E,ECN,LS,Environmental Economics,,Christopher Michael Hannum,ISB,Cuma,14:00/16:59,,40,39,,ECNE,,
22656,END 454E,END,LS,Energy Markets & Optimization,,Kutay Tinç,ISB,Çarşamba,12:30/15:29,,40,40,,"END, ENDE, ISL, ISLE",,
22661,ECN 420E,ECN,LS,Behavioural Economics,,Aysun Aygün,ISB,Pazartesi,09:30/12:29,,45,44,,ECNE,,
22663,END 458E,END,LS,Nonlinear Optimization,,Gülşah Hançerlioğulları,ISB,Cuma,14:00/16:59,,40,40,,"END, ENDE, ISL, ISLE",,
22664,ECN 430E,ECN,LS,Income Distribution & Poverty,,Quentin Xavier Marin Stoeffler,ISB,Pazartesi,13:30/16:29,,40,15,,ECNE,,
22666,ECN 432E,ECN,LS,Labor Economics,,Aysun Aygün,ISB,Cuma,09:30/12:29,,40,34,,ECNE,,
22667,END 482E,END,LS,Supply Chain Management,,Şeyda Serdar Asan,ISB,Çarşamba,12:30/15:29,,30,5,,"END, ENDE",,
22668,ECN 492E,ECN,LS,Graduation Project,,Sencer Ecer,---,,/,,500,27,,ECNE,,
22669,END 488,END,LS,ERP Süreçleri ve Kurulumu,,Cemil Ceylan,ISB,Çarşamba,12:30/15:29,,30,7,,END,,
22670,END 336,END,LS,Ürün Geliştirme,,Ekrem Cem Alppay,ISB,Salı,14:30/17:29,,30,26,,END,,
22671,END 424E,END,LS,Financial Management,,Kaya Tokmakçıoğlu,ISB,Pazartesi,09:30/12:29,,40,39,,"END, ENDE",,
22672,SEN 304,SEN,LS,Work Analysis & Design,,Fethi Çalışır,ISB,Salı,09:30/12:29,,40,16,,SEN,,
22673,SEN 302,SEN,LS,Operations Research II,,Emine Yaylalı,ISB,Cuma,14:00/16:59,,40,13,,SEN,,
22676,INS 411,INS,LS,Çelik Yapılar I,,Kadir Özakgül,INB | INB,Pazartesi | Salı,08:30/10:29 | 08:30/10:29,,45,45,,INS,,
22677,INS 411,INS,LS,Çelik Yapılar I,,Cavidan Yorgun,INB | INB,Perşembe | Cuma,10:30/12:29 | 08:30/10:29,,45,44,,INS,,
22678,INS 411E,INS,LS,Steel Structures I,,Ömer Tuğrul Turan,INB | INB,Pazartesi | Salı,08:30/10:29 | 08:30/10:29,,45,41,,"INS, INSE",,
22679,INS 411E,INS,LS,Steel Structures I,,Cüneyt Vatansever,INB | INB,Perşembe | Cuma,10:30/12:29 | 08:30/10:29,,45,45,,"INS, INSE",,
22680,SEN 318,SEN,LS,Statistical Meth. for Engin.,,Cengiz Kahraman,ISB,Perşembe,13:30/16:29,,40,14,,SEN,,
22681,SEN 310,SEN,LS,Simulation,,Ayberk Soyer,ISB,Perşembe,09:30/12:29,,40,17,,SEN,,
22682,SEN 312,SEN,LS,Materials Management,,İrem Uçal Sarı,ISB,Cuma,09:30/12:29,,40,15,,SEN,,
22683,SEN 311,SEN,LS,Design of Experiments,,Erkan Işıklı,ISB,Pazartesi,13:30/16:29,,20,6,,SEN,,
22684,SEN 313,SEN,LS,Multiple Criteria Decision Mak,,Özgür Kabak,ISB,Çarşamba,09:30/12:29,,20,11,,SEN,,
22685,SEN 103,SEN,LS,Intr. to Manufacturing,,Vehbi Tufan Koç,ISB,Cuma,13:30/16:29,,40,31,,SEN,,
22686,BIL 112E,BIL,LS,Intr.to Prog.Language(FORTRAN),,Ömer Faruk Beyca,ISB,Perşembe,13:30/16:29,,40,30,,SEN,,
22687,END 232E,END,LS,Ergonomics,,Fethi Çalışır,ISB,Çarşamba,09:30/12:29,,88,88,,"END, ENDE",,
22688,END 308E,END,LS,Quality Engineering,,Seda Yanık,ISB,Perşembe,14:30/16:29,,88,75,,"END, ENDE",,
22689,END 311E,END,LS,Statistics,,Nizamettin Bayyurt,ISB,Salı,12:30/15:29,,70,63,,"END, ENDE",,
22690,END 312E,END,LS,Engineering Economics,,İrem Uçal Sarı,ISB,Çarşamba,12:30/15:29,,90,90,,"END, ENDE",,
22691,END 322E,END,LS,System Simulation,,Emine Yaylalı,ISB,Salı,13:30/16:29,,70,59,,"END, ENDE",,
22693,END 355E,END,LS,Production Methods,,Esra Baş,ISB,Pazartesi,14:30/16:29,,100,94,,"END, ENDE",,
22694,END 421E,END,LS,Production Planning&Control;,,Şule Itır Satoğlu,ISB,Salı,09:30/12:29,,70,37,,"END, ENDE",,
22695,END 412E,END,LS,Human Resource Management,,Sezi Çevik Onar,ISB,Çarşamba,09:30/12:29,,70,70,,"END, ENDE",,
22696,END 441E,END,LS,Industrial Engineering Project,,Alp Üstündağ,ISB,,/,,500,30,,"END, ENDE",,
22697,END 492E,END,LS,Graduation Thesis,,Alp Üstündağ,ISB,,/,,500,91,,"END, ENDE",,
22698,INS 441,INS,LS,Su Kaynakları,,Mehmet Sedat Kabdaşlı,INB | INB,Pazartesi | Salı,10:30/12:29 | 10:30/11:29,,40,40,,INS,,
22700,INS 441E,INS,LS,Water Resources,,Tarkan Erdik,INB | INB,Pazartesi | Salı,10:30/12:29 | 10:30/11:29,,40,40,,"INS, INSE",,
22701,MUK 202,MUK,LS,Mukavemet II,,Mehmet Hakkı Omurtag,INB | INB | INB,Pazartesi | Çarşamba | Perşembe,08:30/10:29 | 10:30/11:29 | 10:30/12:29,,45,45,,"FIZ, INS",,
22702,MUK 202,MUK,LS,Mukavemet II,,Abdul Hayır,INB | INB | INB,Pazartesi | Salı | Perşembe,10:30/12:29 | 08:30/10:29 | 13:30/14:29,,45,14,,"FIZ, INS",,
22705,MUK 202,MUK,LS,Mukavemet II,,Nihal Eratlı,INB | INB | INB,Pazartesi | Salı | Perşembe,10:30/12:29 | 08:30/10:29 | 13:30/14:29,,45,44,,"FIZ, INS",,
22710,MUK 202,MUK,LS,Mukavemet II,,"Şenol Ataoğlu, Teoman Özer",INB | INB | INB,Salı | Çarşamba | Perşembe,11:30/12:29 | 08:30/10:29 | 08:30/10:29,,45,45,,"FIZ, INS",,
22713,MUK 202E,MUK,LS,Strength of Materials II,,Osman Bulut,INB | INB | INB,Pazartesi | Çarşamba | Perşembe,08:30/10:29 | 10:30/11:29 | 10:30/12:29,,45,31,,"FIZ, FIZE, INS, INSE",,
22715,MUK 202E,MUK,LS,Strength of Materials II,,Semih Küçükarslan,INB | INB | INB,Salı | Çarşamba | Perşembe,11:30/12:29 | 08:30/10:29 | 08:30/10:29,,45,32,,"FIZ, FIZE, INS, INSE",,
22718,ENR 102,ENR,LS,Manufacturing Process,,Ali Gökşenli,GDB,Çarşamba,13:30/15:29,,50,34,,"GEMK, GMIK, MEN, MENM, NAE",,
22721,ENR 112,ENR,LS,Workshop,,Muhammet Sandıkçı,DZB,Cuma,13:30/17:29,,45,10,,"MEN, NAE",,
22725,END 331E,END,LS,Operations Research I,,Kutay Tinç,ISB,Perşembe,08:30/11:29,,70,61,,"ENDE, KOME, PETE",,
22727,ENR 122,ENR,LS,Material Science,,Necip Ünlü,GDB,Çarşamba,08:30/11:29,,45,28,,"DUIK, GEMK, GMIK, MEN, MENM, MTM, NAE",,
22735,ENR 202,ENR,LS,Thermodynamics,,Selma Ergin,GDB,Çarşamba,12:30/15:29,,50,24,,"GEMK, GMIK, MEN, MENM, NAE",,
22738,ENR 222,ENR,LS,Strength of Materials II,,Özgür Özgüç,GDB,Perşembe,08:30/11:29,,50,34,,"GEMK, NAE",,
22739,ENR 351,ENR,LS,Mechatronics,,Ali Sinan Çabuk,EEB,Salı,13:30/15:29,,50,20,,"GEMK, GMIK, MEN, NAE",,
22740,HSS 341,HSS,LS,Engineering Ethics,,Ali Sinan Çabuk,EEB,Salı,15:30/17:29,,50,22,,"DUIK, GEMK, GMIK, MEN, MTM, NAE",,
22741,MST 222,MST,LS,Marine Electronics,,Ali Sinan Çabuk,EEB | EEB | EEB,Salı | Cuma | Cuma,12:30/13:29 | 12:30/13:29 | 16:30/17:29,,50,30,,"DUIK, GEMK, GMIK, MEN, MTM, NAE",,
22742,MEN 212,MEN,LS,Marine Auxialiary Machinery I,,Ahmet Ergün Palaz,GDB,Çarşamba,08:30/12:29,,50,20,,"GEMK, GMIK, MEN, MENM, NAE, NAEM",,
22746,FIZ 362E,FIZ,LS,Mathematical Mthds in Physc II,,Meltem Güngörmez,FEB | FEB,Pazartesi | Perşembe,15:30/17:29 | 13:30/16:29,,50,37,,"FIZ, FIZE",,
22747,MST 302,MST,LS,Corros. & Foul. in Marine Env.,,Metin Taylan,GDB,Pazartesi,13:30/15:29,,45,8,,"GEMK, GMIK, MEN, NAE, NAEM",,
22748,MST 413,MST,LS,Shipyard Organization,,Barış Barlas,GDB,Perşembe,09:30/11:29,,45,14,,"DUIK, GEMK, GMIK, MEN, MTM, NAE",,
22749,NAE 202,NAE,LS,Ship Construction,,Özgür Özgüç,KMB,Pazartesi,13:30/17:29,,45,33,,"GEMK, NAE, NAEM",,
22750,NAE 232,NAE,LS,Hydrodynamic Design of Ships,,Devrim Bülent Danışman,GDB,Cuma,09:30/11:29,,45,31,,"GEMK, MEN, NAE",,
22751,NAE 302,NAE,LS,Strength of Ships,,Özgür Özgüç,GDB | GDB,Salı | Perşembe,08:30/10:29 | 11:30/13:29,,50,24,,"GEMK, NAE",,
22763,NAE 312,NAE,LS,Ship Design,,Şebnem Helvacıoğlu,GDB,Çarşamba,12:30/15:29,,50,10,,"GEMK, NAE, NAEM",,
22764,NAE 402,NAE,LS,Graduation Design Project,,Emin Korkut,GDB,,/,,50,4,,"GEMK, NAE",,
22767,NAE 412,NAE,LS,Ship Design Project II,,Metin Taylan,GDB,Çarşamba,10:30/12:29,,50,11,,"GEMK, NAE",,
22770,TDW 102,TDW,LS,Technical Drawing,,Reyhan Özsoysal,GDB,Salı,13:30/16:29,,45,21,,"DUIK, GEMK, GMIK, MEN, MTM, NAE, NAEM",,
22771,HSS 201,HSS,LS,General English-I,,Halime Ceren Göktaş,GDB,Salı,10:30/12:29,,50,13,,"DUIK, GEMK, GMIK, MEN, MTM, NAE",,
22772,HSS 202,HSS,LS,General English-II,,Halime Ceren Göktaş,GDB,Salı,16:30/18:29,,55,33,,"DUIK, GEMK, GMIK, MEN, MTM, NAE",,
22774,BUS 313,BUS,LS,Integrated Marketing Comm.,,Ayşe Banu Elmadağ Baş,ISB,Çarşamba,12:30/15:29,,10,6,,SIS,,
22775,MST 262,MST,LS,Maritime English II,,Halime Ceren Göktaş,GDB,Salı,13:30/15:29,,50,25,,"GEMK, GMIK, MEN, NAE",,
22776,HSS 222,HSS,LS,Economics,,Sinan Çakır,KMB,Pazartesi,09:30/12:29,,50,24,,"GEMK, NAE",,
22778,MTH 118,MTH,LS,Mathematics II,,Kamil Oruçoğlu,FEB,Perşembe,08:30/13:29,,55,23,,"DUIK, GEMK, GMIK, MEN, MTM, NAE",,
22779,MTH 204,MTH,LS,Linear Algebra,,Mehmet Ali Karaca,FEB,Çarşamba,08:30/11:29,,70,70,,"DUIK, GEMK, GMIK, MEN, MTM, NAE",,
22780,NTH 104,NTH,LS,National History II,,Sait Kofoğlu,FEB,Pazartesi,09:30/11:29,,60,23,,"DUIK, GEMK, GMIK, MEN, MTM, NAE",,
22781,DNK 201,DNK,LS,Dinamik,,Reha Artan,INB | INB,Salı | Çarşamba,12:30/14:29 | 12:30/13:29,,40,37,,"DUI, EHB, ELE, ELH, ELK, FIZ, INS, JEO, KOM, KON, MTO, TEK, TEL, UCK, UZB",,
22782,INS 214E,INS,LS,Partial Differential Equations,,Teoman Özer,INB | INB,Salı | Çarşamba,10:30/11:29 | 11:30/13:29,,60,22,,"INS, INSE, PETE",,
22783,NAE 201,NAE,LS,Practical Training-I,,Cemil Yurtören,GDB,,/,,50,4,,"GEMK, NAE",,
22784,INS 316,INS,LS,Şantiye Tekniği,,"Murat Kuruoğlu, Feyzi Haznedaroğlu",INB | INB,Çarşamba | Perşembe,08:30/10:29 | 13:30/14:29,,50,50,,INS,,
22785,NAE 301,NAE,LS,Practical Training-II,,Cemil Yurtören,GDB,,/,,50,5,,"GEMK, NAE",,
22786,NAE 401,NAE,LS,Practical Training-III,,Cemil Yurtören,GDB,,/,,50,3,,"GEMK, NAE",,
22787,INS 320,INS,LS,Ahşap Yapılar,,"Güliz Bayramoğlu, Sibel Gürel",INB | INB,Salı | Çarşamba,14:30/15:29 | 08:30/10:29,,40,40,,INS,,
22788,INS 326,INS,LS,Bina Tasarım Yönetimi,,Murat Kuruoğlu,INB | INB,Salı | Perşembe,12:30/13:29 | 08:30/10:29,,50,50,,INS,,
22789,INS 334,INS,LS,İnş.İşçi Sağlığı ve İş Güven.,,Esin Ergen Pehlevan,INB,Cuma,08:30/10:29,,45,45,,INS,,
22790,INS 334,INS,LS,İnş.İşçi Sağlığı ve İş Güven.,,Gürkan Emre Gürcanlı,INB,Salı,08:30/10:29,,45,45,,INS,,
22791,INS 334,INS,LS,İnş.İşçi Sağlığı ve İş Güven.,,Murat Kuruoğlu,INB,Salı,10:30/12:29,,45,30,,INS,,
22792,INS 334E,INS,LS,Health&Safety; in Construction,,Deniz İlter,INB,Salı,08:30/10:29,,45,18,,"INS, INSE",,
22793,INS 334E,INS,LS,Health&Safety; in Construction,,Senem Bilir Mahçiçek,INB,Salı,10:30/12:29,,45,18,,"INS, INSE",,
22794,INS 342,INS,LS,Karayolu Mühendisliği,,Hüseyin Onur Tezcan,INB | INB,Pazartesi | Perşembe,08:30/10:29 | 15:30/16:29,,45,45,,INS,,
22795,INS 342,INS,LS,Karayolu Mühendisliği,,Murat Ergün,INB | INB,Salı | Cuma,13:30/14:29 | 10:30/12:29,,45,43,,INS,,
22796,INS 342,INS,LS,Karayolu Mühendisliği,,Adem Faik İyinam,INB | INB,Salı | Cuma,13:30/14:29 | 10:30/12:29,,45,45,,INS,,
22797,INS 342E,INS,LS,Highway Engineering,,Kemal Selçuk Öğüt,INB | INB,Perşembe | Cuma,10:30/11:29 | 08:30/10:29,,45,22,,"INS, INSE",,
22798,INS 342E,INS,LS,Highway Engineering,,Kemal Selçuk Öğüt,INB | INB,Pazartesi | Perşembe,08:30/10:29 | 15:30/16:29,,45,13,,"INS, INSE",,
22799,INS 351E,INS,LS,Earthwork and Railway Eng,,Pelin Alpkökin,INB | INB,Pazartesi | Perşembe,13:30/15:29 | 10:30/12:29,,50,50,,"INS, INSE",,
22800,INS 352,INS,LS,Hidroloji,,Hikmet Kerem Cığızoğlu,INB | INB,Salı | Cuma,13:30/14:29 | 10:30/12:29,,50,40,,"INS, PET",,
22801,INS 423E,INS,LS,Fundamentals of Earthquake Eng,,Pınar Özdemir Çağlayan,INB | INB,Pazartesi | Perşembe,14:30/15:29 | 08:30/10:29,,40,20,,"INS, INSE",,
22802,INS 425E,INS,LS,Finite Element Methods,,Murat Yılmaz,INB | INB,Salı | Perşembe,14:30/16:29 | 14:30/15:29,,25,25,,"INS, INSE",,
22803,INS 430E,INS,LS,Dams,,Ali Uyumaz,INB | INB,Pazartesi | Perşembe,13:30/14:29 | 08:30/10:29,,40,40,,"INS, INSE",,
22804,INS 434E,INS,LS,Plastic Dsgn of Steel Strctrs,,Barlas Özden Çağlayan,INB | INB,Perşembe | Cuma,15:30/16:29 | 14:30/16:29,,40,23,,"INS, INSE",,
22805,INS 438E,INS,LS,Geotechnical Earthquake Eng,,Musaffa Ayşen Lav,INB | INB,Pazartesi | Salı,13:30/15:29 | 14:30/15:29,,40,28,,"INS, INSE",,
22806,INS 440,INS,LS,Yapı statiğinde Özel Konular,,--,INB | INB,Pazartesi | Perşembe,13:30/14:29 | 08:30/10:29,,0,0,,INS,,
22807,INS 444,INS,LS,Çelik Yapılar II,,Cüneyt Vatansever,INB | INB,Çarşamba | Perşembe,08:30/10:29 | 13:30/14:29,,25,18,,INS,,
22808,INS 464E,INS,LS,Substr.in Transportation Eng.,,Ali Osman Atahan,INB | INB,Perşembe | Cuma,14:30/15:29 | 14:30/16:29,,40,40,,"INS, INSE",,
22809,INS 466,INS,LS,Beton Yollar,,Adem Faik İyinam,INB | INB,Salı | Perşembe,14:30/16:29 | 13:30/14:29,,40,29,,INS,,
22810,INS 478,INS,LS,Metal Yapı Eleman Yorulması,,--,INB | INB,Çarşamba | Perşembe,08:30/10:29 | 13:30/14:29,,0,0,,INS,,
22811,INS 490,INS,LS,Kıyı ve Liman Yapıları,,Mehmet Sedat Kabdaşlı,INB | INB,Salı | Çarşamba,14:30/15:29 | 08:30/10:29,,40,21,,INS,,
22812,INS 494E,INS,LS,Experimental Hydraulics,,İsmail Duranyıldız,INB | INB,Pazartesi | Salı,13:30/15:29 | 13:30/14:29,,12,7,,"INS, INSE",,
22813,MUK 201,MUK,LS,Mukavemet I,,Fethi Kadıoğlu,INB | INB | INB,Pazartesi | Salı | Çarşamba,10:30/12:29 | 10:30/11:29 | 11:30/13:29,,55,57,,"FIZ, INS, UCKM",,
22814,MUK 201E,MUK,LS,Strength of Materials I,,Pınar Özdemir Çağlayan,INB | INB | INB,Pazartesi | Çarşamba | Perşembe,10:30/12:29 | 11:30/13:29 | 13:30/14:29,,50,47,,"FIZ, FIZE, INS, INSE, MAT, UCKM",,
22815,STA 202,STA,LS,Statik,,Abdul Hayır,INB | INB,Çarşamba | Perşembe,08:30/10:29 | 14:30/16:29,,50,28,,"FIZ, INS, UCKM",,
22816,STA 202,STA,LS,Statik,,--,INB | INB,Çarşamba | Perşembe,08:30/10:29 | 14:30/16:29,,0,0,,"FIZ, INS, UCKM",,
22833,JDF 322E,JDF,LS,Geodetic Networks Design,,Rahmi Nurhan Çelik,INB,Salı,14:30/17:29,,20,6,,"GEO, GEOE, JDF",,
22843,CAB 492,CAB,LS,Bitirme Çalışması,,Cihangir Terzi,---,,/,,100,13,,CAB,,
22844,CAB 278,CAB,LS,Piyano IV,,Sıtkı Kandemir Basmacıoğlu,TMB,Pazartesi,13:30/15:29,,15,3,,"MTR, MUT, SES",,
22845,CAB 178,CAB,LS,Piyano II,,Alper Rumelioğlu,TMB,Pazartesi,10:30/12:29,,15,14,,"MTR, MUT, MUZ, SES",,
22846,CAB 178E,CAB,LS,Piano II,,--,TMB,Çarşamba,10:30/12:29,,0,0,,"MTR, MUT, MUZ, MUZE, SES",,
22847,CAB 732,CAB,LS,Toplu Uygulama II (Orkestra),,Mahmut Serdar Öztürk,TMB | TMB,Pazartesi | Cuma,15:30/17:29 | 13:30/15:29,,20,10,,"CAB, CGM1, CGM2, CGM3, CGM4, CGM5, CGM8",,
22848,CAB 734,CAB,LS,Toplu Uygulama II (THM),,Haydar Tanrıverdi,TMB | TMB,Pazartesi | Cuma,15:30/17:29 | 13:30/15:29,,20,8,,"CAB, CGM1, CGM2, CGM3, CGM4, CGM5, CGM8",,
22849,MAT 425E,MAT,LS,Stochastic ODE,,Ahmet Duran,FEB,Perşembe,14:30/17:29,,28,28,,"MAT, MATE, MATM",,
22850,CAB 736,CAB,LS,Toplu Uygulama II (TSM),,Hatice Doğan Sevinç,TMB | TMB,Pazartesi | Cuma,15:30/17:29 | 13:30/15:29,,20,0,,"CAB, CGM1, CGM2, CGM3, CGM4, CGM5, CGM8",,
22851,CAB 742,CAB,LS,Toplu Uygulama IV (Orkestra),,Oğuzhan Balcı,TMB | TMB,Pazartesi | Cuma,15:30/17:29 | 13:30/15:29,,20,3,,"CAB, CGM1, CGM2, CGM3, CGM4, CGM5, CGM8",,
22853,CAB 744,CAB,LS,Toplu Uygulama IV (THM),,Haydar Tanrıverdi,TMB | TMB,Pazartesi | Cuma,15:30/17:29 | 13:30/15:29,,20,3,,"CAB, CGM1, CGM2, CGM3, CGM4, CGM5, CGM8",,
22854,CAB 746,CAB,LS,Toplu Uygulama IV (TSM),,Hatice Doğan Sevinç,TMB | TMB,Pazartesi | Cuma,15:30/17:29 | 13:30/15:29,,20,2,,"CAB, CGM1, CGM2, CGM3, CGM4, CGM5, CGM8",,
22862,CAB 752,CAB,LS,Toplu Uygulama VI (Orkestra),,Oğuzhan Balcı,TMB | TMB,Pazartesi | Cuma,15:30/17:29 | 13:30/15:29,,20,2,,"CAB, CGM1, CGM2, CGM3, CGM4, CGM5, CGM8",,
22865,CAB 754,CAB,LS,Toplu Uygulama VI (THM),,Haydar Tanrıverdi,TMB | TMB,Pazartesi | Cuma,15:30/17:29 | 13:30/15:29,,20,2,,"CAB, CGM1, CGM2, CGM3, CGM4, CGM5, CGM8",,
22866,CAB 756,CAB,LS,Toplu Uygulama VI (TSM),,Hatice Doğan Sevinç,TMB | TMB,Pazartesi | Cuma,15:30/17:29 | 13:30/15:29,,20,6,,"CAB, CGM1, CGM2, CGM3, CGM4, CGM5, CGM8",,
22868,CAB 762,CAB,LS,Toplu Uygulama VIII (Orkestra),,Oğuzhan Balcı,TMB | TMB,Pazartesi | Cuma,15:30/17:29 | 13:30/15:29,,20,7,,"CAB, CGM1, CGM2, CGM3, CGM4, CGM5, CGM8",,
22869,CAB 764,CAB,LS,Toplu Uygulama VIII (THM),,Haydar Tanrıverdi,TMB | TMB,Pazartesi | Cuma,15:30/17:29 | 13:30/15:29,,20,5,,"CAB, CGM1, CGM2, CGM3, CGM4, CGM5, CGM8",,
22870,CAB 766,CAB,LS,Toplu Uygulama VIII (TSM),,Hatice Doğan Sevinç,TMB | TMB,Pazartesi | Cuma,15:30/17:29 | 13:30/15:29,,20,2,,"CAB, CGM1, CGM2, CGM3, CGM4, CGM5, CGM8",,
22871,CAB 243,CAB,LS,Yrd.Çalgı Piyano III,,Sıtkı Kandemir Basmacıoğlu,TMB,Cuma,08:30/10:29,,12,6,,"CAB, KMP",,
22872,CAB 244,CAB,LS,Yrd.Çalgı Piyano IV,,Mehru Ensari,TMB,Pazartesi,13:30/15:29,,12,10,,"CAB, KMP",,
22874,CAB 244,CAB,LS,Yrd.Çalgı Piyano IV,,Devlet Devrim Öztaş,TMB,Salı,10:30/12:29,,12,3,,"CAB, KMP",,
22875,CAB 290,CAB,LS,Çalgılama IV,,"Neva Özgen Kösoğlu, Cenk Öztürk, Ferhan Yeprem",TMB,Çarşamba,13:30/15:29,,15,7,,KMP,,
22878,CAB 190,CAB,LS,Çalgılama II,,"Mehmet Bitmez, Ahmet Serhat Turunç, Ayşegül Kostak Toksoy, Metin Eke",TMB,Cuma,15:30/17:29,,15,3,,KMP,,
22880,CAB 786,CAB,LS,Oda Müziği II,,Ahmet Hakan Şensoy,TMB | TMB,Salı | Perşembe,13:30/15:29 | 10:30/12:29,,15,2,,CAB,,
22881,CAB 792,CAB,LS,Bağlmda Çalp Söylme Gelneği II,,Erdoğan Eskimez,TMB,Pazartesi,08:30/10:29,,15,3,,CAB,,
22882,CAB 730,CAB,LS,Uslup Tavır ve Yorum IV,,Nermin Kaygusuz,TMB | TMB,Pazartesi | Çarşamba,10:30/12:29 | 10:30/12:29,,15,1,,CAB,,
22883,CAB 794,CAB,LS,Doğaçlama Yöntemleri II,,Mehmet Bitmez,TMB | TMB,Çarşamba | Cuma,10:30/12:29 | 10:30/12:29,,15,1,,CAB,,
22884,CAB 794,CAB,LS,Doğaçlama Yöntemleri II,,Erdoğan Eskimez,TMB | TMB,Çarşamba | Cuma,10:30/12:29 | 10:30/12:29,,15,4,,CAB,,
22885,CAB 724,CAB,LS,Oda Müziği IV,,Ahmet Hakan Şensoy,TMB | TMB,Çarşamba | Cuma,10:30/12:29 | 10:30/12:29,,15,5,,CAB,,
22886,CAB 143,CAB,LS,Yrd.Çalgı Piyano I,,Mehru Ensari,TMB,Salı,15:30/17:29,,12,8,,"CAB, KMP",,
22887,CAB 144,CAB,LS,Yrd.Çalgı Piyano II,,Mehru Ensari,TMB,Cuma,10:30/12:29,,12,13,,"CAB, KMP",,
22888,CAB 144,CAB,LS,Yrd.Çalgı Piyano II,,Mehru Ensari,TMB,Salı,13:30/15:29,,12,12,,"CAB, KMP",,
22889,CAB 343,CAB,LS,Yrd.Çalgı Piyano V,,Devlet Devrim Öztaş,TMB,Cuma,10:30/12:29,,12,3,,"CAB, KMP, SES",,
22890,CAB 344,CAB,LS,Yrd.Çalgı Piyano VI,,Sıtkı Kandemir Basmacıoğlu,TMB,Cuma,10:30/12:29,,12,1,,"CAB, KMP, SES",,
22891,CAB 344,CAB,LS,Yrd.Çalgı Piyano VI,,Alper Rumelioğlu,TMB,Çarşamba,08:30/10:29,,12,12,,"CAB, KMP, SES",,
22892,CAB 443,CAB,LS,Yrd.Çalgı Piyano VII,,Mehru Ensari,TMB,Perşembe,10:30/12:29,,12,4,,"CAB, KMP, SES",,
22893,CAB 444,CAB,LS,Yrd.Çalgı Piyano VIII,,Mehru Ensari,TMB,Pazartesi,10:30/12:29,,12,10,,"CAB, KMP, SES",,
22894,CAB 444,CAB,LS,Yrd.Çalgı Piyano VIII,,Devlet Devrim Öztaş,TMB,Çarşamba,13:30/15:29,,12,6,,"CAB, KMP, SES",,
22895,CAB 178,CAB,LS,Piyano II,,Alper Rumelioğlu,TMB,Salı,13:30/15:29,,18,18,,"MTR, MUT, MUZ, SES",,
22896,CAB 278,CAB,LS,Piyano IV,,Alper Rumelioğlu,TMB,Pazartesi,15:30/17:29,,15,13,,"MTR, MUT, SES",,
22897,CAB 776,CAB,LS,18-19.yy Saz Eserleri Rep,,Neva Özgen Kösoğlu,TMB,Pazartesi,09:30/12:29,,15,1,,CAB,,
22901,CAB 796,CAB,LS,20-21.yy Saz Eserleri Rep.,,Nermin Kaygusuz,TMB,Çarşamba,08:30/10:29,,15,11,,CAB,,
22902,SES 232,SES,LS,Ağız ve Hançere Teknikleri II,,Ayşe Esin Şentürk,TMB | TMB,Salı | Perşembe,10:30/12:29 | 08:30/10:29,,12,7,,SES,,
22903,CAB 778,CAB,LS,Oyun Havaları Repertuarı II,,Metin Eke,TMB,Salı,13:30/16:29,,15,2,,CAB,,
22904,CAB 774,CAB,LS,Dini Müzik Rep.II,,Yalçın Çetinkaya,TMB,Perşembe,13:30/16:29,,15,11,,CAB,,
22906,CAB 1116,CAB,LS,Piyano II,,Sıtkı Kandemir Basmacıoğlu,TMB,Cuma,13:30/15:29,,10,0,,CAB,,
22908,CAB 2115,CAB,LS,Piyano III,,Sıtkı Kandemir Basmacıoğlu,TMB,Çarşamba,13:30/15:29,,10,0,,CAB,,
22909,SES 426,SES,LS,Yrd.Repertuvar II (THM),,Ayşe Esin Şentürk,TMB,Çarşamba,08:30/10:29,,20,11,,SES,,
22910,CAB 4122,CAB,LS,Metot Hazırlama ve Geliştirme,,--,TMB,Perşembe,13:30/16:29,,0,0,,CAB,,
22911,CAB 3632,CAB,LS,Viyolonsel VI,,Cenk Öztürk,TMB,,/,,5,0,,CAB,,
22912,SES 458,SES,LS,Divan Repertuvarı,,Deniz Güneş,TMB | TMB,Pazartesi | Çarşamba,08:30/10:29 | 08:30/09:29,,10,3,,SES,,
22913,CAB 3636,CAB,LS,Üç Telli Kemençe VI,,Hatice Doğan Sevinç,TMB,,/,,5,0,,CAB,,
22914,CAB 4612,CAB,LS,Kanun VIII,,Serkan Mesut Halili,TMB,,/,,5,1,,CAB,,
22915,CAB 178,CAB,LS,Piyano II,,Mehru Ensari,TMB,Pazartesi,08:30/10:29,,15,15,,"MTR, MUT, MUZ, SES",,
22916,SES 210,SES,LS,Korrepetisyon IV,,"Serap Baltutan, Laçin Modiri",TMB,,/,,5,1,,"SEMH, SEMS, SES",,
22917,CAB 178,CAB,LS,Piyano II,,Sıtkı Kandemir Basmacıoğlu,TMB,Cuma,15:30/17:29,,18,18,,"MTR, MUT, MUZ, SES",,
22918,CAB 278,CAB,LS,Piyano IV,,Mehru Ensari,TMB,Salı,10:30/12:29,,15,11,,"MTR, MUT, SES",,
22919,CAB 278,CAB,LS,Piyano IV,,Devlet Devrim Öztaş,TMB,Pazartesi,13:30/15:29,,15,5,,"MTR, MUT, SES",,
22920,CAB 178,CAB,LS,Piyano II,,Alper Rumelioğlu,TMB,Pazartesi,13:30/15:29,,15,15,,"MTR, MUT, MUZ, SES",,
22921,SES 210,SES,LS,Korrepetisyon IV,,"Serap Baltutan, Ayşegül Altıok",TMB,,/,,5,1,,"SEMH, SEMS, SES",,
22922,CAB 125,CAB,LS,Kudüm I,,--,TMB,,/,,0,0,,CAB,,
22923,CAB 145,CAB,LS,Kanun I,,Serkan Mesut Halili,TMB,,/,,5,0,,CAB,,
22924,SES 210,SES,LS,Korrepetisyon IV,,"Serap Baltutan, Alper Göçeri",TMB,,/,,5,1,,"SEMH, SEMS, SES",,
22925,CAB 115,CAB,LS,Mey I,,Ali Yılmaz,TMB,,/,,5,0,,CAB,,
22927,SES 210,SES,LS,Korrepetisyon IV,,"Serap Baltutan, Fidan Kurt Kasapbaşı",TMB,,/,,5,2,,"SEMH, SEMS, SES",,
22928,CAB 131,CAB,LS,Keman I,,Ali Cihat Aşkın,TMB,,/,,5,1,,CAB,,
22929,CAB 117,CAB,LS,Kaval I,,Cihan Yurtcu,TMB,,/,,5,1,,CAB,,
22930,SES 210,SES,LS,Korrepetisyon IV,,"Serap Baltutan, Gülaram Baltayeva",TMB,,/,,5,3,,"SEMH, SEMS, SES",,
22931,SES 210,SES,LS,Korrepetisyon IV,,"Serap Baltutan, Alin Aylin Yağcıoğlu",TMB,,/,,5,1,,"SEMH, SEMS, SES",,
22932,SES 410,SES,LS,Korrepetisyon VIII,,"Serap Baltutan, Laçin Modiri",TMB,,/,,5,0,,SES,,
22933,SES 410,SES,LS,Korrepetisyon VIII,,"Serap Baltutan, Gülaram Baltayeva",TMB,,/,,5,1,,SES,,
22934,SES 410,SES,LS,Korrepetisyon VIII,,"Serap Baltutan, Fidan Kurt Kasapbaşı",TMB,,/,,5,4,,SES,,
22935,CAB 135,CAB,LS,Viyola I,,Zeynep Barut,TMB,,/,,5,0,,CAB,,
22936,CAB 139,CAB,LS,Kemane I,,Ferhan Yeprem,TMB,,/,,5,0,,CAB,,
22937,CAB 119,CAB,LS,Klarnet I,,Özlem Kolat Çakmaksoy,TMB,,/,,5,1,,CAB,,
22938,CAB 129,CAB,LS,4 Telli Kemençe I,,Lale Akay,TMB,,/,,5,0,,CAB,,
22939,CAB 123,CAB,LS,Flüt I,,Jülide Gündüz,TMB,,/,,5,0,,"CAB, CGM5",,
22940,CAB 152,CAB,LS,Kanun II,,Serkan Mesut Halili,TMB,Pazartesi,08:30/10:29,,5,3,,"CGM3, CGM6, CGM7, CGM8, MTR, MUT, MUZ, SES",,
22941,CAB 152,CAB,LS,Kanun II,,--,TMB,Pazartesi,10:30/12:29,,0,0,,"CGM3, CGM6, CGM7, CGM8, MTR, MUT, MUZ, SES",,
22942,CAB 152,CAB,LS,Kanun II,,Ayşegül Kostak Toksoy,TMB,Pazartesi,10:30/12:29,,5,6,,"CGM3, CGM6, CGM7, CGM8, MTR, MUT, MUZ, SES",,
22943,CAB 158,CAB,LS,Bağlama II,,Şendoğan Karadeli,TMB,Pazartesi,10:30/12:29,,5,5,,"CGM1, CGM6, CGM7, CGM8, MTR, MUT, MUZ, SES, THO",,
22944,CAB 158,CAB,LS,Bağlama II,,Metin Eke,TMB,Pazartesi,10:30/12:29,,5,3,,"CGM1, CGM6, CGM7, CGM8, MTR, MUT, MUZ, SES, THO",,
22945,CAB 158,CAB,LS,Bağlama II,,Engin Şafak Gürler,TMB,Pazartesi,10:30/12:29,,5,5,,"CGM1, CGM6, CGM7, CGM8, MTR, MUT, MUZ, SES, THO",,
22946,CAB 158,CAB,LS,Bağlama II,,Erdoğan Eskimez,TMB,Pazartesi,10:30/12:29,,5,4,,"CGM1, CGM6, CGM7, CGM8, MTR, MUT, MUZ, SES, THO",,
22947,CAB 158,CAB,LS,Bağlama II,,Asim Kırca,TMB,Pazartesi,10:30/12:29,,5,4,,"CGM1, CGM6, CGM7, CGM8, MTR, MUT, MUZ, SES, THO",,
22948,CAB 164,CAB,LS,Mey II,,Ali Yılmaz,TMB,Pazartesi,10:30/12:29,,5,2,,"CGM6, CGM7, CGM8, MTR, MUZ, THO",,
22949,CAB 1102,CAB,LS,Keman II,,Pınar Tezişçi,TMB,Pazartesi,10:30/12:29,,5,5,,"MTR, MUT, MUZ",,
22951,CAB 166,CAB,LS,Kaval II,,Haydar Tanrıverdi,TMB,Pazartesi,10:30/12:29,,5,0,,"CGM6, CGM7, CGM8, MTR, MUZ, THO",,
22952,CAB 160,CAB,LS,Ud II,,--,TMB,Pazartesi,08:30/10:29,,5,5,,"CGM4, CGM6, CGM7, CGM8, MTR, MUT, MUZ, SES",,
22953,CAB 160,CAB,LS,Ud II,,--,TMB,Pazartesi,10:30/12:29,,0,0,,"CGM4, CGM6, CGM7, CGM8, MTR, MUT, MUZ, SES",,
22954,CAB 160,CAB,LS,Ud II,,--,TMB,Pazartesi,10:30/12:29,,5,4,,"CGM4, CGM6, CGM7, CGM8, MTR, MUT, MUZ, SES",,
22955,CAB 160,CAB,LS,Ud II,,Mehmet Bitmez,TMB,Pazartesi,10:30/12:29,,5,5,,"CGM4, CGM6, CGM7, CGM8, MTR, MUT, MUZ, SES",,
22956,CAB 160E,CAB,LS,Ud II,,--,TMB,Pazartesi,08:30/10:29,,0,0,,MUZE,,
22958,SES 214,SES,LS,Ses Eğitimi IV,,Laçin Modiri,TMB,,/,,5,1,,"SEMH, SEMS, SES",,
22959,CAB 176,CAB,LS,Kemane II,,Ferhan Yeprem,TMB,Pazartesi,10:30/12:29,,5,1,,"CGM6, CGM7, CGM8, MTR, MUT, MUZ, THO",,
22960,SES 214,SES,LS,Ses Eğitimi IV,,Gülaram Baltayeva,TMB,,/,,5,4,,"SEMH, SEMS, SES",,
22962,SES 214,SES,LS,Ses Eğitimi IV,,Alin Aylin Yağcıoğlu,TMB,,/,,5,4,,"SEMH, SEMS, SES",,
22964,SES 214,SES,LS,Ses Eğitimi IV,,Alper Göçeri,TMB,,/,,5,3,,"SEMH, SEMS, SES",,
22965,CAB 188,CAB,LS,Gitar II,,Tolgahan Çoğulu,TMB,Cuma,15:30/17:29,,6,7,,"CGM2, CGM6, CGM7, CGM8, MTR, MUT, MUZ",,
22966,SES 214,SES,LS,Ses Eğitimi IV,,Fidan Kurt Kasapbaşı,TMB,,/,,5,2,,"SEMH, SEMS, SES",,
22967,SES 214,SES,LS,Ses Eğitimi IV,,Ayşegül Altıok,TMB,,/,,8,8,,"SEMH, SEMS, SES",,
22968,CAB 170,CAB,LS,3 Telli Kemençe II,,Hatice Doğan Sevinç,TMB,Pazartesi,10:30/12:29,,5,3,,"CGM6, CGM7, CGM8, MTR, MUT, MUZ",,
22969,SES 310,SES,LS,Korrepetisyon VI,,Ayşe Esin Şentürk,TMB,,/,,5,0,,SES,,
22970,SES 310,SES,LS,Korrepetisyon VI,,"Ayşe Esin Şentürk, Gülaram Baltayeva",TMB,,/,,5,4,,SES,,
22971,SES 310,SES,LS,Korrepetisyon VI,,"Ayşe Esin Şentürk, Alin Aylin Yağcıoğlu",TMB,,/,,5,0,,SES,,
22972,SES 310,SES,LS,Korrepetisyon VI,,"Ayşe Esin Şentürk, Alper Göçeri",TMB,,/,,5,4,,SES,,
22973,SES 302,SES,LS,Türk Halk Müziği Repertuarı VI,,Ayşe Esin Şentürk,TMB | TMB,Pazartesi | Çarşamba,13:30/15:29 | 10:30/12:29,,12,8,,SES,,
22974,CAB 162,CAB,LS,Ney II,,Ali Tüfekçi,TMB,Pazartesi,10:30/12:29,,5,1,,"CGM6, CGM7, CGM8, MTR, MUZ",,
22975,CAB 168,CAB,LS,Klarnet II,,Özlem Kolat Çakmaksoy,TMB,Pazartesi,10:30/12:29,,5,5,,"MTR, MUZ, THO",,
22977,CAB 196,CAB,LS,Viyolonsel II,,Cenk Öztürk,TMB,Pazartesi,10:30/12:29,,5,2,,"MTR, MUT, MUZ",,
22978,CAB 180,CAB,LS,Asmalı Davul II,,Eyüp Uzunkaya,TMB,Pazartesi,10:30/12:29,,5,1,,THO,,
22979,CAB 194,CAB,LS,Zurna II,,Ünal Yürük,TMB,Pazartesi,10:30/12:29,,5,2,,"MUZ, THO",,
22980,CAB 174,CAB,LS,Karadeniz Kemençesi II,,Aydın Balcı,TMB,Pazartesi,10:30/12:29,,5,1,,"MUZ, THO",,
22981,CAB 282,CAB,LS,Bendir,,--,TMB,Pazartesi,13:30/15:29,,0,0,,"CGM6, CGM7, CGM8, MTR, MUZ",,
22982,CAB 252,CAB,LS,Kanun IV,,Ayşegül Kostak Toksoy,TMB,Pazartesi,13:30/15:29,,5,2,,"CGM3, CGM6, CGM7, CGM8, MTR, MUT, MUZ, SES",,
22983,KMP 492,KMP,LS,Bitirme Çalışması,,Adil Feridun Öney,TMB,,/,,100,5,,KMP,,
22984,CAB 254,CAB,LS,Tanbur IV,,Birol Yayla,TMB,Pazartesi,13:30/15:29,,5,5,,"CGM6, CGM7, CGM8, MTR, MUT, MUZ, SES",,
22986,KMP 294,KMP,LS,Armoni II,,Nail Yavuzoğlu,TMB,Pazartesi,10:30/12:29,,25,24,,"CAB, MTR, MTRM",,
22987,CAB 258,CAB,LS,Bağlama IV,,Şendoğan Karadeli,TMB,Pazartesi,13:30/15:29,,5,1,,"CGM1, CGM6, CGM7, CGM8, MTR, MUT, MUZ, SES, THO",,
22988,KMP 196,KMP,LS,Form Bilgisi II,,Adil Feridun Öney,TMB,Cuma,15:30/17:29,,30,23,,"CAB, MTR, MUT, SES",,
22989,KMP 198,KMP,LS,Konturpuan-Füg II,,Nail Yavuzoğlu,TMB,Pazartesi,08:30/10:29,,30,28,,"CAB, MTR",,
22990,CAB 258,CAB,LS,Bağlama IV,,Metin Eke,TMB,Pazartesi,13:30/15:29,,5,2,,"CGM1, CGM6, CGM7, CGM8, MTR, MUT, MUZ, SES, THO",,
22991,KMP 364,KMP,LS,Batı Mzğnde Frm Bilg.ve Çzmlme,,Ozan Baysal,TMB,Pazartesi,09:30/12:29,,25,11,,MUZ,,
22992,CAB 258,CAB,LS,Bağlama IV,,Engin Şafak Gürler,TMB,Pazartesi,13:30/15:29,,5,3,,"CGM1, CGM6, CGM7, CGM8, MTR, MUT, MUZ, SES, THO",,
22993,KMP 362,KMP,LS,Türk MzğndeFrmBlg.ve Çzmlme II,,Serkan Şener,TMB,Çarşamba,09:30/12:29,,25,9,,MUZ,,
22994,CAB 258,CAB,LS,Bağlama IV,,Adnan Koç,TMB,Pazartesi,13:30/15:29,,5,5,,"CGM1, CGM6, CGM7, CGM8, MTR, MUT, MUZ, SES, THO",,
22995,KMP 364E,KMP,LS,Form&Analy.in; West.Clas.Music,,--,TMB,Cuma,09:30/12:29,,0,0,,MUZE,,
22996,SES 132,SES,LS,THM Repertuvarı II,,Ayşe Esin Şentürk,TMB | TMB,Pazartesi | Çarşamba,15:30/17:29 | 13:30/15:29,,10,8,,SES,,
22997,CAB 258,CAB,LS,Bağlama IV,,Asim Kırca,TMB,Pazartesi,13:30/15:29,,5,1,,"CGM1, CGM6, CGM7, CGM8, MTR, MUT, MUZ, SES, THO",,
22998,KMP 362E,KMP,LS,Form&Analy.in; Turki..,,--,TMB,Salı,09:30/12:29,,0,0,,MUZE,,
22999,CAB 264,CAB,LS,Mey IV,,Ali Yılmaz,TMB,Pazartesi,13:30/15:29,,5,1,,"CGM6, CGM7, CGM8, MTR, MUZ, THO",,
23000,KMP 102,KMP,LS,Kompozisyon II,,Eray Altınbüken,TMB,Cuma,08:30/10:29,,10,2,,KMP,,
23001,KMP 114,KMP,LS,Klasik Armoni II,,Nail Yavuzoğlu,TMB,Perşembe,08:30/10:29,,15,3,,KMP,,
23002,KMP 116,KMP,LS,Müzik Formları II,,Adil Feridun Öney,TMB,Çarşamba,10:30/12:29,,15,2,,KMP,,
23003,SES 434,SES,LS,Yrd. Repertuvar IV (THM),,Ayşe Esin Şentürk,TMB,Perşembe,13:30/15:29,,15,12,,SES,,
23004,KMP 204,KMP,LS,Türk Müziği Literatürü II,,Adil Feridun Öney,TMB,Salı,15:30/17:29,,15,7,,KMP,,
23005,CAB 2102,CAB,LS,Keman IV,,Pınar Tezişçi,TMB,Pazartesi,13:30/15:29,,5,3,,"MTR, MUT, MUZ",,
23006,KMP 202,KMP,LS,Kompozisyon IV,,Eray Altınbüken,TMB | TMB,Pazartesi | Cuma,15:30/17:29 | 10:30/12:29,,10,7,,KMP,,
23007,CAB 288,CAB,LS,Gitar IV,,Tufan Kurdoğlu,TMB,Pazartesi,13:30/15:29,,5,3,,"CGM2, CGM6, CGM7, CGM8, MTR, MUT, MUZ",,
23008,SES 310,SES,LS,Korrepetisyon VI,,--,TMB,,/,,0,0,,SES,,
23009,KMP 206,KMP,LS,Kontrpuan-Füg II,,Ayhan Gunca,TMB,Çarşamba,08:30/10:29,,15,8,,KMP,,
23011,SES 310,SES,LS,Korrepetisyon VI,,"Sinem Özdemir, Gülaram Baltayeva",TMB,,/,,5,0,,SES,,
23013,KMP 302,KMP,LS,Kompozisyon VI,,Oğuzhan Balcı,TMB | TMB,Salı | Perşembe,10:30/12:29 | 10:30/12:29,,15,4,,KMP,,
23014,SES 310,SES,LS,Korrepetisyon VI,,"Sinem Özdemir, Alin Aylin Yağcıoğlu",TMB,,/,,5,0,,SES,,
23015,SES 310,SES,LS,Korrepetisyon VI,,"Sinem Özdemir, Alper Göçeri",TMB,,/,,5,3,,SES,,
23016,KMP 310,KMP,LS,Orkestrasyon I,,Ayhan Gunca,TMB,Pazartesi,10:30/12:29,,15,4,,KMP,,
23017,SES 310,SES,LS,Korrepetisyon VI,,--,TMB,,/,,0,0,,SES,,
23018,KMP 304,KMP,LS,Kompozisyon Çözümleme II,,Oğuzhan Balcı,TMB,Salı,13:30/15:29,,15,1,,KMP,,
23019,KMP 306,KMP,LS,Koro Şefliği II,,Oğuzhan Balcı,TMB,Çarşamba,10:30/12:29,,15,5,,KMP,,
23020,SES 310,SES,LS,Korrepetisyon VI,,"Gülşah Sönmez, Gülaram Baltayeva",TMB,,/,,5,2,,SES,,
23021,CAB 276,CAB,LS,Kemane IV,,Ferhan Yeprem,TMB,Pazartesi,13:30/15:29,,5,1,,"CGM6, CGM7, CGM8, MTR, MUT, MUZ, THO",,
23022,CAB 260,CAB,LS,Ud IV,,Mehmet Bitmez,TMB,Pazartesi,13:30/15:29,,5,5,,"CGM4, CGM6, CGM7, CGM8, MTR, MUT, MUZ, SES",,
23023,SES 310,SES,LS,Korrepetisyon VI,,"Gülşah Sönmez, Alin Aylin Yağcıoğlu",TMB,,/,,5,1,,SES,,
23024,KMP 312,KMP,LS,Türk Makam Müzğnde Kompzsyn,,Neşe Yeşim Altınel Çoban,TMB,Çarşamba,08:30/10:29,,10,2,,KMP,,
23025,KMP 324,KMP,LS,Türk Müziğinde Polifoni II,,Nail Yavuzoğlu,TMB,Çarşamba,13:30/15:29,,15,1,,KMP,,
23026,CAB 260,CAB,LS,Ud IV,,--,TMB,Pazartesi,13:30/15:29,,5,3,,"CGM4, CGM6, CGM7, CGM8, MTR, MUT, MUZ, SES",,
23027,SES 310,SES,LS,Korrepetisyon VI,,"Gülşah Sönmez, Alper Göçeri",TMB,,/,,5,1,,SES,,
23028,CAB 260,CAB,LS,Ud IV,,--,TMB,Pazartesi,13:30/15:29,,5,0,,"CGM4, CGM6, CGM7, CGM8, MTR, MUT, MUZ, SES",,
23029,KMP 332,KMP,LS,Ölçü ve Vuruş Tekniği II,,Ayhan Gunca,TMB,Pazartesi,08:30/10:29,,15,1,,KMP,,
23030,SES 410,SES,LS,Korrepetisyon VIII,,"Gülşah Sönmez, Fidan Kurt Kasapbaşı",TMB,,/,,5,1,,SES,,
23031,CAB 268,CAB,LS,Klarnet IV,,Özlem Kolat Çakmaksoy,TMB,Pazartesi,13:30/15:29,,5,4,,"MTR, MUZ, THO",,
23032,SES 410,SES,LS,Korrepetisyon VIII,,"Gülşah Sönmez, Gülaram Baltayeva",TMB,,/,,5,1,,SES,,
23033,KMP 402,KMP,LS,Kompozisyon VIII,,Oğuzhan Balcı,TMB | TMB,Pazartesi | Çarşamba,13:30/15:29 | 08:30/10:29,,15,2,,KMP,,
23034,KMP 404,KMP,LS,Kompozisyon Çözümleme IV,,Oğuzhan Balcı,TMB,Perşembe,08:30/10:29,,15,2,,KMP,,
23035,CAB 272,CAB,LS,4 Telli Kemençe IV,,Lale Akay,TMB,Pazartesi,13:30/15:29,,5,0,,"CGM6, CGM7, CGM8, MTR, MUT, MUZ",,
23036,CAB 296,CAB,LS,Viyolonsel IV,,Gülyar Say,TMB,Pazartesi,13:30/15:29,,5,4,,"MTR, MUT, MUZ",,
23037,SES 410,SES,LS,Korrepetisyon VIII,,"Gülşah Sönmez, Laçin Modiri",TMB,,/,,5,3,,SES,,
23038,KMP 424,KMP,LS,Türk Müziğinde Polifoni IV,,Nail Yavuzoğlu,TMB,Çarşamba,10:30/12:29,,15,1,,KMP,,
23039,CAB 296E,CAB,LS,Violoncello IV,,--,TMB,Pazartesi,13:30/15:29,,0,0,,MUZE,,
23040,KMP 428,KMP,LS,Türk Müziğinde Orkestrasyon II,,Ayhan Gunca,TMB,Pazartesi,15:30/17:29,,15,3,,KMP,,
23041,CAB 2184,CAB,LS,Kontrbas IV,,--,TMB,Pazartesi,13:30/15:29,,5,1,,MTR,,
23042,SES 410,SES,LS,Korrepetisyon VIII,,"Gülşah Sönmez, Ayşegül Altıok",TMB,,/,,5,2,,SES,,
23043,KMP 326,KMP,LS,Partisyon Çözümleme,,Ayhan Gunca,TMB,Perşembe,13:30/15:29,,15,1,,KMP,,
23044,KMP 434,KMP,LS,Partisyon Okuma II,,Ayhan Gunca,TMB,Salı,10:30/12:29,,15,0,,KMP,,
23045,CAB 280,CAB,LS,Koltuk Davul II,,Salim Sınar,TMB,Pazartesi,13:30/15:29,,5,3,,THO,,
23046,SES 410,SES,LS,Korrepetisyon VIII,,"Deniz Güneş, Fidan Kurt Kasapbaşı",TMB,,/,,5,1,,SES,,
23047,CAB 2110,CAB,LS,Akordiyon IV,,Serhat Tansu Altuğ,TMB,Pazartesi,13:30/15:29,,5,1,,THO,,
23048,KMP 4116,KMP,LS,Kompozisyon VIII,,Oğuzhan Balcı,TMB | TMB,Salı | Perşembe,15:30/17:29 | 13:30/15:29,,10,1,,KMP,,
23049,SES 410,SES,LS,Korrepetisyon VIII,,"Deniz Güneş, Gülaram Baltayeva",TMB,,/,,5,1,,SES,,
23050,CAB 274,CAB,LS,Karadeniz Kemençesi IV,,Aydın Balcı,TMB,Pazartesi,13:30/15:29,,5,2,,"MUZ, THO",,
23051,KMP 3312,KMP,LS,Türk Müziğinde Polifoni II,,Nail Yavuzoğlu,TMB,Çarşamba,08:30/10:29,,10,1,,KMP,,
23052,KMP 4122,KMP,LS,Müzik Analiz Kompozisyon IV,,Oğuzhan Balcı,TMB | TMB,Çarşamba | Perşembe,13:30/15:29 | 15:30/17:29,,10,1,,KMP,,
23053,SES 410,SES,LS,Korrepetisyon VIII,,"Deniz Güneş, Laçin Modiri",TMB,,/,,5,0,,SES,,
23054,CAB 380,CAB,LS,Asmalı Davul II,,Eyüp Uzunkaya,TMB,Pazartesi,15:30/17:29,,5,1,,"CGM6, CGM7, CGM8, MTR",,
23055,KMP 3114,KMP,LS,Kontrpuan Füg II,,Nail Yavuzoğlu,TMB,Perşembe,10:30/12:29,,10,1,,KMP,,
23056,SES 410,SES,LS,Korrepetisyon VIII,,"Deniz Güneş, Ayşegül Altıok",TMB,,/,,5,0,,SES,,
23057,CAB 358,CAB,LS,Bağlama VI,,Asim Kırca,TMB,Pazartesi,15:30/17:29,,5,5,,"CGM1, CGM6, CGM7, CGM8, MTR, MUT, SES",,
23058,KMP 194,KMP,LS,Armoni II,,Nail Yavuzoğlu,TMB,Salı,09:30/12:29,,25,1,,"MUT, SES",,
23059,CAB 358,CAB,LS,Bağlama VI,,Engin Şafak Gürler,TMB,Pazartesi,15:30/17:29,,5,5,,"CGM1, CGM6, CGM7, CGM8, MTR, MUT, SES",,
23061,SES 314,SES,LS,Dünya Vokal Teknikleri II,,Gülaram Baltayeva,TMB,,/,,8,10,,SES,,
23062,SES 314,SES,LS,Dünya Vokal Teknikleri II,,Alper Göçeri,TMB,,/,,7,7,,SES,,
23063,SES 314,SES,LS,Dünya Vokal Teknikleri II,,Alin Aylin Yağcıoğlu,TMB,,/,,14,9,,SES,,
23064,CAB 352,CAB,LS,Kanun VI,,Serkan Mesut Halili,TMB,Pazartesi,15:30/17:29,,5,1,,"CGM3, CGM6, CGM7, CGM8, MTR, MUT, SES",,
23065,CAB 354,CAB,LS,Tanbur VI,,Birol Yayla,TMB,Pazartesi,15:30/17:29,,5,2,,"CGM6, CGM7, CGM8, MTR, MUT, SES",,
23067,CAB 3102,CAB,LS,KemanVI,,Ahmet Hakan Şensoy,TMB,Pazartesi,15:30/17:29,,5,3,,MTR,,
23068,SES 410,SES,LS,Korrepetisyon VIII,,"Serap Baltutan, Ayşegül Altıok",TMB,,/,,5,2,,SES,,
23069,CAB 366,CAB,LS,Kaval VI,,Haydar Tanrıverdi,TMB,Çarşamba,13:30/15:29,,5,1,,"CGM6, CGM7, CGM8, MTR",,
23071,SES 132,SES,LS,THM Repertuvarı II,,Serap Baltutan,TMB | TMB,Salı | Perşembe,15:30/17:29 | 10:30/12:29,,10,8,,SES,,
23072,CAB 386,CAB,LS,Gitar VI,,--,TMB,Pazartesi,15:30/17:29,,0,0,,"CGM2, CGM6, CGM7, CGM8, MTR",,
23074,SES 234,SES,LS,THM Repertuvarı IV,,Serap Baltutan,TMB | TMB,Pazartesi | Salı,10:30/12:29 | 13:30/15:29,,10,10,,SES,,
23076,CAB 362,CAB,LS,Ney VI,,Ali Tüfekçi,TMB,Pazartesi,15:30/17:29,,5,1,,"CGM6, CGM7, CGM8, MTR",,
23077,SES 408,SES,LS,Yöre Ağızları IV,,Serap Baltutan,TMB | TMB,Çarşamba | Perşembe,10:30/12:29 | 08:30/10:29,,12,8,,SES,,
23079,CAB 368,CAB,LS,Klarnet VI,,Özlem Kolat Çakmaksoy,TMB,Pazartesi,15:30/17:29,,5,0,,MTR,,
23081,CAB 396,CAB,LS,Viyolonsel VI,,Yelda Özgen Öztürk,TMB,Pazartesi,15:30/17:29,,5,1,,MTR,,
23083,CAB 3184,CAB,LS,Kontrbas VI,,--,TMB,Pazartesi,15:30/17:29,,5,0,,MTR,,
23086,SES 402,SES,LS,THM Repertuarı VIII,,Serap Baltutan,TMB | TMB,Pazartesi | Çarşamba,13:30/15:29 | 13:30/15:29,,10,10,,SES,,
23087,CAB 458,CAB,LS,Bağlama VIII,,Engin Şafak Gürler,TMB,Çarşamba,10:30/12:29,,5,1,,"CGM1, CGM6, CGM7, CGM8, MTR, SES",,
23088,CAB 458,CAB,LS,Bağlama VIII,,Şendoğan Karadeli,TMB,Çarşamba,10:30/12:29,,5,4,,"CGM1, CGM6, CGM7, CGM8, MTR, SES",,
23090,CAB 464,CAB,LS,Mey VIII,,Ali Yılmaz,TMB,Çarşamba,10:30/12:29,,5,0,,"CGM6, CGM7, CGM8, MTR",,
23092,THO 492,THO,LS,Bitirme Çalışması,,Serpil Murtezaoğlu,TMB,,/,,100,14,,THO,,
23093,CAB 4102,CAB,LS,Keman VIII,,Pınar Tezişçi,TMB,Çarşamba,10:30/12:29,,5,1,,MTR,,
23094,THO 116,THO,LS,Bale II,,Yurıy Mezokh,TMB | TMB,Pazartesi | Perşembe,13:30/15:29 | 10:30/12:29,,30,9,,"THMB, THO",,
23095,THO 120,THO,LS,Halk Oyunları Bilgisi,,Serpil Murtezaoğlu,TMB,Çarşamba,09:30/12:29,,20,15,,"THMA, THMH, THMK, THMN, THMR, THMT, THMZ, THO",,
23096,CAB 466,CAB,LS,Kaval VIII,,Haydar Tanrıverdi,TMB,Çarşamba,10:30/12:29,,5,0,,"CGM6, CGM7, CGM8, MTR",,
23097,THO 118,THO,LS,Kondisyon Ve Esneme II (Krdsz),,"Yurıy Mezokh, Funda Bozkurt",TMB | TMB,Salı | Cuma,13:30/15:29 | 08:30/10:29,,30,10,,"THMB, THMD, THO",,
23098,THO 110,THO,LS,Oyun Ritim Bilgisi II,,Eyüp Uzunkaya,TMB,Çarşamba,13:30/15:29,,8,8,,THO,,
23099,THO 112,THO,LS,Hareket Anatomisi II,,Nihal Cömert,TMB,Salı,08:30/10:29,,35,18,,THO,,
23100,CAB 470,CAB,LS,3 Telli Kemençe VIII,,Neva Özgen Kösoğlu,TMB,Çarşamba,10:30/12:29,,5,1,,"CGM6, CGM7, CGM8, MTR",,
23101,THO 206,THO,LS,Oyunda Yöresel Tavırlar II,,Ahmet Turan Demirbağ,TMB | TMB,Pazartesi | Perşembe,15:30/17:29 | 10:30/12:29,,20,4,,THO,,
23102,THO 208,THO,LS,Oyun Repertuvarı II,,Cumhur Sevinç,TMB | TMB,Salı | Perşembe,13:30/15:29 | 08:30/10:29,,20,8,,THO,,
23103,THO 204,THO,LS,Türk Halk Oyunları II,,Salim Sınar,TMB | TMB,Pazartesi | Çarşamba,08:30/10:29 | 13:30/15:29,,20,2,,THO,,
23104,THO 202,THO,LS,Oyun Ritim Bilgisi IV,,Salim Sınar,TMB,Salı,15:30/17:29,,20,14,,THO,,
23105,THO 318,THO,LS,Sahne Projesi II (Kredisiz),,Ahmet Turan Demirbağ,TMB,Perşembe,13:30/17:29,,5,1,,THO,,
23106,CAB 472,CAB,LS,4 Telli Kemençe VIII,,Lale Akay,TMB,Çarşamba,10:30/12:29,,5,1,,"CGM6, CGM7, CGM8, MTR",,
23107,THO 318,THO,LS,Sahne Projesi II (Kredisiz),,Cenap Güngör,TMB,Perşembe,13:30/17:29,,5,0,,THO,,
23108,THO 318,THO,LS,Sahne Projesi II (Kredisiz),,Cumhur Sevinç,TMB,Perşembe,13:30/17:29,,5,3,,THO,,
23109,THO 318,THO,LS,Sahne Projesi II (Kredisiz),,Yurıy Mezokh,TMB,Perşembe,13:30/17:29,,5,2,,THO,,
23110,CAB 496,CAB,LS,Viyolonsel VIII,,Yelda Özgen Öztürk,TMB,Çarşamba,10:30/12:29,,5,1,,MTR,,
23111,THO 318,THO,LS,Sahne Projesi II (Kredisiz),,Salim Sınar,TMB,Perşembe,13:30/17:29,,5,3,,THO,,
23113,THO 318,THO,LS,Sahne Projesi II (Kredisiz),,Funda Bozkurt,TMB,Perşembe,13:30/17:29,,5,1,,THO,,
23114,THO 418,THO,LS,Sahne Projesi IV (Kredisiz),,Eyüp Uzunkaya,TMB,Perşembe,13:30/17:29,,5,3,,THO,,
23115,THO 418,THO,LS,Sahne Projesi IV (Kredisiz),,Bülent Kurtişoğlu,TMB,Perşembe,13:30/17:29,,5,5,,THO,,
23116,THO 418,THO,LS,Sahne Projesi IV (Kredisiz),,İlknur Demirbağ,TMB,Perşembe,13:30/17:29,,5,1,,THO,,
23118,THO 418,THO,LS,Sahne Projesi IV (Kredisiz),,Serpil Murtezaoğlu,TMB,Perşembe,13:30/17:29,,5,0,,THO,,
23119,THO 312,THO,LS,Oyun Analizi II,,Nihal Cömert,TMB,Çarşamba,09:30/12:29,,20,17,,THO,,
23120,THO 304,THO,LS,Türk Halk Oyunları IV,,Cenap Güngör,TMB | TMB,Pazartesi | Perşembe,10:30/12:29 | 10:30/12:29,,20,6,,THO,,
23121,THO 308,THO,LS,Oyun Repertuvarı IV,,Bülent Kurtişoğlu,TMB | TMB,Pazartesi | Salı,08:30/10:29 | 15:30/17:29,,20,10,,THO,,
23122,THO 306,THO,LS,Oyunda Yöresel Tavırlar IV,,Cavit Şentürk,TMB | TMB,Çarşamba | Cuma,13:30/15:29 | 13:30/15:29,,20,14,,THO,,
23123,THO 314,THO,LS,Koreoloji II,,Nihal Cömert,TMB | TMB,Salı | Perşembe,13:30/15:29 | 08:30/10:29,,20,14,,THO,,
23124,THO 426,THO,LS,Halay Oyun Repertuvarı II,,Cenap Güngör,TMB | TMB,Pazartesi | Salı,13:30/15:29 | 10:30/12:29,,10,0,,"THMH, THO",,
23125,THO 428,THO,LS,Horon Oyun Repertuvarı II,,Aydın Balcı,TMB | TMB,Pazartesi | Salı,15:30/17:29 | 10:30/12:29,,10,5,,"THMN, THO",,
23126,THO 424,THO,LS,Bar Oyun Repertuvarı II,,Ahmet Turan Demirbağ,TMB | TMB,Pazartesi | Salı,13:30/15:29 | 10:30/12:29,,10,0,,"THMR, THO",,
23127,THO 422,THO,LS,Azeri Oyun Repertuvarı II,,Salim Sınar,TMB | TMB,Pazartesi | Salı,15:30/17:29 | 10:30/12:29,,10,4,,"THMA, THO",,
23128,THO 430,THO,LS,Karşılama- Hora Oyun Rep II,,Bülent Kurtişoğlu,TMB | TMB,Pazartesi | Salı,13:30/15:29 | 10:30/12:29,,10,1,,"THMK, THO",,
23129,THO 436,THO,LS,Zeybek Oyun Repertuvarı II,,Cumhur Sevinç,TMB | TMB,Pazartesi | Salı,13:30/15:29 | 10:30/12:29,,10,2,,"THMZ, THO",,
23130,THO 460,THO,LS,Geleneksel Takı ve Aksesuarlar,,İlknur Demirbağ,TMB,Çarşamba,13:30/15:29,,10,7,,THO,,
23131,THO 444,THO,LS,Denge Performans II,,Cumhur Sevinç,TMB | TMB,Pazartesi | Salı,08:30/10:29 | 08:30/10:29,,10,1,,"THMB, THMD, THO",,
23132,THO 448,THO,LS,Modern Dans II,,Yurıy Mezokh,TMB | TMB,Pazartesi | Salı,08:30/10:29 | 08:30/10:29,,10,4,,"THMD, THO",,
23133,THO 450,THO,LS,Sahne Makyajı II,,İlknur Demirbağ,TMB,Çarşamba,08:30/12:29,,10,0,,THO,,
23134,THO 446,THO,LS,Köy Seyirlik Oyunları II,,"Serpil Murtezaoğlu, Eyüp Uzunkaya",TMB | TMB,Pazartesi | Salı,08:30/10:29 | 08:30/10:29,,10,4,,THO,,
23135,THO 454,THO,LS,Dans Estetiğine Giriş,,Serpil Murtezaoğlu,TMB,Çarşamba,13:30/15:29,,10,0,,THO,,
23136,THO 114,THO,LS,Oyun Tekniği II,,İlknur Demirbağ,TMB | TMB,Pazartesi | Perşembe,10:30/12:29 | 08:30/10:29,,30,11,,"THMA, THMH, THMK, THMN, THMR, THMT, THMZ, THO",,
23137,THO 462,THO,LS,Koreografi II,,Yurıy Mezokh,TMB,Çarşamba,13:30/15:29,,10,4,,"THMB, THMD, THO",,
23138,THO 456,THO,LS,Dans Sosyolojisine Giriş,,Fatma Belma Kurtişoğlu,TMB,Çarşamba,13:30/15:29,,10,3,,THO,,
23139,THO 412,THO,LS,Geleneksel Giyim Kuşam II,,İlknur Demirbağ,TMB,Perşembe,10:30/12:29,,20,10,,THO,,
23140,THO 472,THO,LS,Türk Halk Oyunları II,,Cenap Güngör,TMB,Pazartesi,15:30/17:29,,20,18,,SES,,
23141,THO 1125,THO,LS,Ritm Bilgisi II,,Eyüp Uzunkaya,TMB,Salı,10:30/12:29,,10,0,,THO,,
23142,THO 372,THO,LS,Sahne ve Beden Dili II,,--,TMB,Pazartesi,10:30/12:29,,25,10,,SES,,
23143,TEB 492,TEB,LS,Bitirme Çalışması,,Eren Özek,TMB,,/,,100,7,,TEB,,
23144,TEB 4114,TEB,LS,Ses Sistemleri II,,Eren Özek,TMB | TMB,Pazartesi | Çarşamba,08:30/10:29 | 10:30/12:29,,20,2,,TEB,,
23145,TEB 4711,TEB,LS,Atatürk İlkeleri ve Ink.Tarihi,,Ali Yayla,TMB | TMB,Çarşamba | Perşembe,13:30/15:29 | 15:30/17:29,,20,4,,"CAB, KMP, MUT, MUZ, SES, TEB, THO",,
23146,TEB 1112,TEB,LS,Türk Müz.Solfeji ve Teor. II,,Eren Özek,TMB | TMB,Salı | Perşembe,15:30/17:29 | 15:30/17:29,,15,1,,"MUT, MUZ, SES, TEB, THO",,
23147,TEB 1114,TEB,LS,Tem.Müzik Solf.ve Teorisi II,,Emel Şenocak,TMB | TMB,Çarşamba | Perşembe,10:30/12:29 | 10:30/12:29,,15,3,,"MUT, MUZ, SES, TEB, THO",,
23148,TEB 2112,TEB,LS,Türk Müz.Solfeji ve Teor. IV,,Şirin Karadeniz Güney,TMB | TMB,Perşembe | Cuma,08:30/10:29 | 13:30/15:29,,15,1,,"MUT, MUZ, SES, TEB, THO",,
23149,TEB 2114,TEB,LS,Tem.Müzik Solf.ve Teorisi IV,,Ayşecan Olgun,TMB | TMB,Pazartesi | Salı,10:30/12:29 | 10:30/12:29,,15,4,,"MUT, MUZ, SES, TEB, THO",,
23150,TEB 3112,TEB,LS,İleri Solfej II,,Şerife Güvençoğlu,TMB | TMB,Salı | Cuma,10:30/12:29 | 15:30/17:29,,15,1,,TEB,,
23151,TEB 3114,TEB,LS,Eser Analizi II,,Şerife Güvençoğlu,TMB,Cuma,10:30/12:29,,15,1,,TEB,,
23152,TEB 3122,TEB,LS,Repertuvar Bilgisi II,,--,TMB | TMB,Salı | Çarşamba,13:30/15:29 | 10:30/12:29,,0,0,,TEB,,
23153,TEB 4112,TEB,LS,İleri Solfej IV,,Ferda Cengiz Ünal,TMB | TMB,Salı | Çarşamba,15:30/17:29 | 08:30/10:29,,15,4,,TEB,,
23154,TEB 4116,TEB,LS,Türk Halk Müziği Bilgileri,,Süleyman Şenel,TMB | TMB,Pazartesi | Salı,13:30/15:29 | 13:30/15:29,,20,3,,"SES, TEB",,
23155,TEB 1713,TEB,LS,Türkçe,,Kemal Hasan Karnal,TMB | TMB,Salı | Perşembe,15:30/17:29 | 15:30/17:29,,20,2,,"CAB, KMP, MUT, MUZ, SES, TEB, THO",,
23156,TEB 1712,TEB,LS,English II,,İsmail Akyıldız,TMB,Pazartesi,09:30/12:29,,20,2,,"CAB, KMP, MUT, MUZ, SES, TEB, THO",,
23157,TEB 2116,TEB,LS,Müzik Formları II,,--,TMB,Perşembe,13:30/15:29,,0,0,,"CAB, SES, TEB",,
23158,TEB 2732,TEB,LS,English IV,,--,TMB,Salı,13:30/16:29,,0,0,,"CAB, KMP, MUT, MUZ, SES, TEB, THO",,
23159,TEB 2114E,TEB,LS,The Th.& Solf. of Bas. Mus.IV,,--,TMB | TMB,Salı | Perşembe,15:30/17:29 | 15:30/17:29,,0,0,,"MUT, MUZ, SES, TEB, THO",,
23160,TEB 3116,TEB,LS,Armoni II,,Ayhan Gunca,TMB,Salı,08:30/10:29,,15,1,,TEB,,
23161,TEB 2122,TEB,LS,Piyano III,,Alper Rumelioğlu,TMB,Çarşamba,13:30/15:29,,10,6,,TEB,,
23162,TEB 2632,TEB,LS,Çalgı IV (Viyolonsel),,--,TMB,Çarşamba,08:30/10:29,,0,0,,TEB,,
23163,TEB 1638,TEB,LS,Çalgı II (Dört Telli Kemençe),,--,TMB,Pazartesi,15:30/17:29,,0,0,,TEB,,
23164,ING 106,ING,LS,English II,,Mevlüt Kahraman,TMB,Çarşamba,09:30/12:29,,40,26,,"CAB, KMP, MTR, MUT, MUZ, MUZE, SES, THO",,
23165,ING 106,ING,LS,English II,,İsmail Akyıldız,TMB,Salı,09:30/12:29,,40,40,,"CAB, KMP, MTR, MUT, MUZ, MUZE, SES, THO",,
23166,ING 106,ING,LS,English II,,Mevlüt Kahraman,TMB,Perşembe,13:30/16:29,,40,27,,"CAB, KMP, MTR, MUT, MUZ, MUZE, SES, THO",,
23167,ING 106,ING,LS,English II,,İsmail Akyıldız,TMB,Cuma,14:30/17:29,,40,28,,"CAB, KMP, MTR, MUT, MUZ, MUZE, SES, THO",,
23168,ING 206,ING,LS,English IV,,Mevlüt Kahraman,TMB,Salı,09:30/12:29,,40,14,,"CAB, KMP, MTR, MUT, MUZ, MUZE, SES, THO",,
23169,ING 206,ING,LS,English IV,,İsmail Akyıldız,TMB,Çarşamba,09:30/12:29,,40,14,,"CAB, KMP, MTR, MUT, MUZ, MUZE, SES, THO",,
23170,ING 206,ING,LS,English IV,,Mevlüt Kahraman,TMB,Cuma,13:30/16:29,,40,22,,"CAB, KMP, MTR, MUT, MUZ, MUZE, SES, THO",,
23171,ING 206,ING,LS,English IV,,İsmail Akyıldız,TMB,Perşembe,13:30/16:29,,40,32,,"CAB, KMP, MTR, MUT, MUZ, MUZE, SES, THO",,
23172,ING 206,ING,LS,English IV,,Mevlüt Kahraman,TMB,Cuma,09:30/12:29,,40,14,,"CAB, KMP, MTR, MUT, MUZ, MUZE, SES, THO",,
23174,MUZ 302,MUZ,LS,Müzik Tarihi VI,,Serhan Dilhan Konan,TMB,Perşembe,09:30/12:29,,30,8,,MUZ,,
23175,MUZ 354,MUZ,LS,Farsça II,,Erdal Kılıç,TMB,Salı,15:30/17:29,,25,11,,"MUZ, MUZE",,
23176,MUZ 322,MUZ,LS,Alan Araştırma Metodları,,Eray Cömert,TMB,Salı,09:30/12:29,,30,23,,"CAB, ETMM, MTR, MUT, MUZ, SES, THO",,
23177,MUZ 494,MUZ,LS,Müzik Sosyolojisine Giriş,,Serkan Şener,TMB,Perşembe,13:30/15:29,,20,12,,"CAB, KMP, MTR, MUT",,
23178,MUZ 112,MUZ,LS,Müzikolojiye Giriş,,Serkan Şener,TMB,Perşembe,09:30/12:29,,30,23,,MUZ,,
23179,MUZ 222,MUZ,LS,Müzik Paleografyası,,"Nilgün Doğrusöz Dişiaçık, Serhan Dilhan Konan",TMB,Perşembe,13:30/16:29,,25,24,,MUZ,,
23180,MUZ 312,MUZ,LS,Dünya Müzik Kültürlerine Giriş,,Eray Cömert,TMB,Pazartesi,15:30/17:29,,25,16,,"ETMM, MTR, MUT, MUZ",,
23181,MUZ 490,MUZ,LS,Müzik Sosyolojisine Giriş,,Fatma Belma Kurtişoğlu,TMB,Çarşamba,09:30/12:29,,20,0,,MUZ,,
23182,MUZ 488,MUZ,LS,Müzik Estetiğine Giriş,,Yalçın Çetinkaya,TMB,Cuma,13:30/16:29,,20,12,,MUZ,,
23183,MUZ 442,MUZ,LS,Seminer IV,,Miltiadis Pappas,TMB,Perşembe,08:30/10:29,,25,14,,MUZ,,
23184,MUZ 458,MUZ,LS,İleri Osmanlıca IV,,Ali Yayla,TMB,Salı,15:30/17:29,,20,5,,"MUZ, MUZE",,
23185,MUZ 480,MUZ,LS,Türkiye'de Popüler Müzige Gir.,,Serhan Dilhan Konan,TMB,Pazartesi,13:30/15:29,,30,15,,"CAB, ETMM, KMP, MTR, MUT, MUZ",,
23186,MUZ 112E,MUZ,LS,Introduction to Musicology,,--,TMB,Salı,09:30/12:29,,0,0,,"MUZ, MUZE",,
23187,MUZ 102E,MUZ,LS,Music History II,,--,TMB,Cuma,10:30/12:29,,0,0,,"MUZ, MUZE",,
23188,MUZ 212E,MUZ,LS,Ottoman Language II,,--,TMB,Salı,09:30/12:29,,0,0,,MUZE,,
23189,MUZ 222E,MUZ,LS,Music Paleography,,--,TMB,Çarşamba,09:30/12:29,,0,0,,MUZE,,
23190,MUZ 202E,MUZ,LS,Music History IV,,--,TMB,Pazartesi,13:30/16:29,,0,0,,MUZE,,
23191,MUZ 496E,MUZ,LS,Writing About Music,,--,TMB,Perşembe,13:30/16:29,,0,0,,MUZE,,
23192,MUZ 322E,MUZ,LS,Fieldwork,,--,TMB,Pazartesi,09:30/12:29,,0,0,,MUZE,,
23193,MUZ 302E,MUZ,LS,Music History VI,,--,TMB,Çarşamba,09:30/12:29,,0,0,,MUZE,,
23194,MUZ 312E,MUZ,LS,Intr. to World Music Culture,,--,TMB,Perşembe,10:30/12:29,,0,0,,MUZE,,
23195,MUZ 332E,MUZ,LS,Transcription,,--,TMB,Salı,13:30/15:29,,0,0,,MUZE,,
23196,MUZ 378E,MUZ,LS,18th Century Ottoman Music,,--,TMB,Cuma,13:30/15:29,,0,0,,MUZE,,
23197,MUZ 342E,MUZ,LS,Seminar II,,--,TMB,Çarşamba,13:30/15:29,,0,0,,MUZE,,
23198,MUZ 486E,MUZ,LS,Introduction to Music Pedagogy,,--,TMB,Çarşamba,09:30/12:29,,0,0,,MUZE,,
23199,MUZ 482E,MUZ,LS,Int.to Applied Ethnomusicology,,--,TMB,Pazartesi,13:30/15:29,,0,0,,MUZE,,
23200,MUZ 402E,MUZ,LS,Music History VIII,,--,TMB,Cuma,10:30/12:29,,0,0,,MUZE,,
23201,MUZ 480E,MUZ,LS,Int.to Popular Music in Turkey,,--,TMB,Pazartesi,15:30/17:29,,0,0,,MUZE,,
23202,MUZ 442E,MUZ,LS,Seminar IV,,--,TMB,Çarşamba,13:30/15:29,,0,0,,MUZE,,
23203,MUZ 3118,MUZ,LS,Alan Araştırma Metotları,,Süleyman Şenel,TMB,Pazartesi,09:30/12:29,,10,0,,MUZ,,
23204,MUZ 316,MUZ,LS,Halk Müziği Literatürü II,,Süleyman Şenel,TMB,Pazartesi,15:30/17:29,,20,0,,KMP,,
23205,MUZ 416,MUZ,LS,Halk Müziği Literatürü IV,,Süleyman Şenel,TMB,Cuma,10:30/12:29,,20,0,,KMP,,
23206,MUZ 446,MUZ,LS,Dünya Vokal Kültürleri,,Eray Cömert,TMB,Cuma,10:30/12:29,,25,24,,SES,,
23207,MUZ 122,MUZ,LS,Müzik Tarihi II,,Miltiadis Pappas,TMB,Çarşamba,13:30/15:29,,35,28,,"CAB, MTR, SES",,
23208,MUZ 3512,MUZ,LS,Kanun IV,,Ayşegül Kostak Toksoy,TMB,Cuma,11:30/12:29,,5,0,,MUZ,,
23209,MTR 492,MTR,LS,Bitirme Çalışması,,Eren Özek,TMB,,/,,100,11,,MTR,,
23210,MTR 102,MTR,LS,Makam Teorisi II,,Nurullah Kanık,TMB | TMB | TMB,Pazartesi | Perşembe | Cuma,13:30/15:29 | 13:30/15:29 | 15:30/17:29,,35,35,,"MTR, MUT, MUZ, SES",,
23211,MTR 102,MTR,LS,Makam Teorisi II,,Eren Özek,TMB | TMB | TMB,Salı | Perşembe | Cuma,13:30/15:29 | 10:30/12:29 | 10:30/12:29,,35,35,,"MTR, MUT, MUZ, SES",,
23212,MTR 102,MTR,LS,Makam Teorisi II,,Eren Özek,TMB | TMB | TMB,Salı | Perşembe | Cuma,10:30/12:29 | 13:30/15:29 | 13:30/15:29,,30,22,,"MTR, MUT, MUZ, SES",,
23213,MTR 202,MTR,LS,Makam Teorisi IV,,Şerife Güvençoğlu,TMB | TMB | TMB,Çarşamba | Perşembe | Cuma,10:30/12:29 | 10:30/12:29 | 13:30/15:29,,30,27,,"MTR, MUT, MUZ, SES",,
23214,MTR 202,MTR,LS,Makam Teorisi IV,,Nurullah Kanık,TMB | TMB | TMB,Pazartesi | Perşembe | Cuma,10:30/12:29 | 10:30/12:29 | 10:30/12:29,,30,19,,"MTR, MUT, MUZ, SES",,
23215,SES 412,SES,LS,THM RepertuvarıVIII,,Serap Baltutan,TMB | TMB | TMB,Pazartesi | Çarşamba | Perşembe,08:30/10:29 | 08:30/10:29 | 13:30/15:29,,5,1,,SES,,
23216,MTR 202,MTR,LS,Makam Teorisi IV,,Nurullah Kanık,TMB | TMB | TMB,Pazartesi | Salı | Cuma,08:30/10:29 | 13:30/15:29 | 08:30/10:29,,30,8,,"MTR, MUT, MUZ, SES",,
23217,SES 414,SES,LS,Dünya Vokal Teknikleri IV,,Laçin Modiri,TMB,,/,,5,3,,SES,,
23218,MTR 104,MTR,LS,Müzik Teorisi II,,Recep Gül,TMB | TMB | TMB,Pazartesi | Çarşamba | Perşembe,08:30/10:29 | 10:30/12:29 | 08:30/10:29,,30,21,,"MTR, MUT, MUZ, SES",,
23219,SES 414,SES,LS,Dünya Vokal Teknikleri IV,,Gülaram Baltayeva,TMB,,/,,5,5,,SES,,
23220,SES 414,SES,LS,Dünya Vokal Teknikleri IV,,Fidan Kurt Kasapbaşı,TMB,,/,,5,3,,SES,,
23221,SES 414,SES,LS,Dünya Vokal Teknikleri IV,,Ayşegül Altıok,TMB,,/,,6,6,,SES,,
23222,SES 222,SES,LS,Koro II (Kredisiz),,Neşe Yeşim Altınel Çoban,TMB | TMB,Salı | Perşembe,15:30/17:29 | 15:30/17:29,,35,24,,SES,,
23223,MTR 104,MTR,LS,Müzik Teorisi II,,Eray Altınbüken,TMB | TMB | TMB,Pazartesi | Salı | Perşembe,13:30/15:29 | 08:30/10:29 | 08:30/10:29,,30,16,,"MTR, MUT, MUZ, SES",,
23224,MTR 104,MTR,LS,Müzik Teorisi II,,Emel Şenocak,TMB | TMB | TMB,Salı | Çarşamba | Cuma,13:30/15:29 | 08:30/10:29 | 13:30/15:29,,35,31,,"MTR, MUT, MUZ, SES",,
23225,MTR 104,MTR,LS,Müzik Teorisi II,,Ayşecan Olgun,TMB | TMB | TMB,Salı | Çarşamba | Cuma,08:30/10:29 | 13:30/15:29 | 08:30/10:29,,30,29,,"MTR, MUT, MUZ, SES",,
23226,SES 282,SES,LS,18.yy Türk Müziği Repertuvarı,,Güzün Değişmez,TMB | TMB,Pazartesi | Cuma,10:30/12:29 | 08:30/10:29,,20,17,,SES,,
23227,SES 322,SES,LS,Koro IV(Kredisiz),,Neşe Yeşim Altınel Çoban,TMB | TMB,Salı | Perşembe,15:30/17:29 | 15:30/17:29,,30,27,,SES,,
23228,MTR 204,MTR,LS,Müzik Teorisi IV,,Recep Gül,TMB | TMB | TMB,Salı | Çarşamba | Cuma,08:30/10:29 | 08:30/10:29 | 15:30/17:29,,30,16,,"MTR, MUT, MUZ, SES",,
23229,MTR 204,MTR,LS,Müzik Teorisi IV,,Ayşecan Olgun,TMB | TMB | TMB,Çarşamba | Perşembe | Cuma,10:30/12:29 | 08:30/10:29 | 13:30/15:29,,30,24,,"MTR, MUT, MUZ, SES",,
23230,MTR 204,MTR,LS,Müzik Teorisi IV,,Emel Şenocak,TMB | TMB | TMB,Salı | Perşembe | Cuma,10:30/12:29 | 08:30/10:29 | 10:30/12:29,,35,32,,"MTR, MUT, MUZ, SES",,
23231,MTR 318,MTR,LS,Müzikte Metin Çözümlemeleri II,,Kemal Hasan Karnal,TMB,Cuma,15:30/17:29,,35,35,,SES,,
23232,MTR 142,MTR,LS,Makam Teorisi II,,Ferda Cengiz Ünal,TMB | TMB,Pazartesi | Çarşamba,13:30/15:29 | 13:30/15:29,,30,15,,"CAB, CGM7, KMP",,
23233,MTR 242,MTR,LS,Makam Teorisi IV,,Neşe Yeşim Altınel Çoban,TMB | TMB,Çarşamba | Perşembe,10:30/12:29 | 08:30/10:29,,30,15,,"CAB, KMP",,
23234,MTR 106,MTR,LS,Ritim Uygulama II,,Eyüp Uzunkaya,TMB,Çarşamba,08:30/10:29,,25,24,,MTR,,
23235,MTR 122,MTR,LS,Makam Teorisi II,,Adil Feridun Öney,TMB | TMB,Salı | Cuma,10:30/12:29 | 10:30/12:29,,30,20,,THO,,
23237,PHY 108,PHY,LS,Physics II,,Aytekin Tüblek,GDB,Cuma,13:30/16:29,,50,32,,"DUIK, GEMK, GMIK, MEN, MTM, NAE",,
23238,SES 392,SES,LS,TSM Repertuarı VI,,Sinem Özdemir,TMB | TMB,Salı | Perşembe,13:30/15:29 | 13:30/15:29,,5,2,,SES,,
23239,PHY 108L,PHY,LS,Physics II Lab.,,Aytekin Tüblek,GDB,Çarşamba,11:30/13:29,,50,23,,"DUIK, GEMK, GMIK, MEN, MTM, NAE",,
23240,MUT 492,MUT,LS,Bitirme Çalışması,,Can Karadoğan,TMB,,/,,100,9,,MUT,,
23241,MUT 102,MUT,LS,Kemençe Yapımı II,,İbrahim Coşkun,TMB,,/,,5,2,,"MTMY, MUT",,
23242,MUT 102,MUT,LS,Kemençe Yapımı II,,Şafak Köksal,TMB,,/,,5,1,,"MTMY, MUT",,
23243,SES 392,SES,LS,TSM Repertuarı VI,,Gülşah Sönmez,TMB | TMB,Salı | Perşembe,10:30/12:29 | 10:30/12:29,,5,5,,SES,,
23244,MUT 102,MUT,LS,Kemençe Yapımı II,,Mehmet Tangör,TMB,,/,,5,0,,"MTMY, MUT",,
23245,MUT 102,MUT,LS,Kemençe Yapımı II,,Ahmet Tunç Buyruklar,TMB,,/,,5,0,,"MTMY, MUT",,
23246,SES 382,SES,LS,20.YY Türk Müziği Repertuarı,,Gülşah Sönmez,TMB | TMB,Salı | Cuma,08:30/10:29 | 10:30/12:29,,20,17,,SES,,
23247,MUT 102,MUT,LS,Kemençe Yapımı II,,Hasan Coşkun,TMB,,/,,5,0,,"MTMY, MUT",,
23248,MUT 102,MUT,LS,Kemençe Yapımı II,,Mustafa Aydın Öksüz,TMB,,/,,5,1,,"MTMY, MUT",,
23249,MUT 112,MUT,LS,Bağlama Yapımı,,İbrahim Coşkun,TMB,,/,,5,2,,"MTMM, MUT",,
23250,MUT 112,MUT,LS,Bağlama Yapımı,,Şafak Köksal,TMB,,/,,5,0,,"MTMM, MUT",,
23251,MUT 112,MUT,LS,Bağlama Yapımı,,Mustafa Aydın Öksüz,TMB,,/,,5,0,,"MTMM, MUT",,
23252,SES 374,SES,LS,Lale Devri Repertuarı,,Güzün Değişmez,TMB,Pazartesi,08:30/10:29,,15,7,,SES,,
23253,MUT 112,MUT,LS,Bağlama Yapımı,,Hasan Coşkun,TMB,,/,,5,1,,"MTMM, MUT",,
23254,MUT 202,MUT,LS,Keman Yapımı I,,Ahmet Tunç Buyruklar,TMB,,/,,5,5,,MUT,,
23255,MUT 202,MUT,LS,Keman Yapımı I,,Mehmet Tangör,TMB,,/,,5,4,,MUT,,
23256,MUT 212,MUT,LS,Lavta Yapımı,,İbrahim Coşkun,TMB,,/,,5,0,,MUT,,
23257,MUT 212,MUT,LS,Lavta Yapımı,,Şafak Köksal,TMB,,/,,5,1,,MUT,,
23258,MUT 212,MUT,LS,Lavta Yapımı,,Hasan Coşkun,TMB,,/,,5,0,,MUT,,
23259,SES 418,SES,LS,Fasıl II,,Gülşah Sönmez,TMB | TMB,Çarşamba | Perşembe,13:30/15:29 | 08:30/10:29,,12,6,,"CAB, SES",,
23260,MUT 212,MUT,LS,Lavta Yapımı,,Mustafa Aydın Öksüz,TMB,,/,,5,0,,MUT,,
23261,MUT 302,MUT,LS,Viyola Yapımı,,Ahmet Tunç Buyruklar,TMB,,/,,5,3,,MUT,,
23262,SES 424,SES,LS,Yrd. Repertuvar II (TSM),,Gülşah Sönmez,TMB,Cuma,13:30/15:29,,25,20,,SES,,
23263,MUT 302,MUT,LS,Viyola Yapımı,,Mehmet Tangör,TMB,,/,,5,1,,MUT,,
23264,MUT 376,MUT,LS,Tar Yapımı,,İbrahim Coşkun,TMB,,/,,5,1,,MUT,,
23265,MUT 376,MUT,LS,Tar Yapımı,,Şafak Köksal,TMB,,/,,5,0,,MUT,,
23266,MUT 376,MUT,LS,Tar Yapımı,,Mustafa Aydın Öksüz,TMB,,/,,5,1,,MUT,,
23267,MUT 376,MUT,LS,Tar Yapımı,,Hasan Coşkun,TMB,,/,,5,1,,MUT,,
23268,MUT 402,MUT,LS,Viyolonsel Yapımı II,,Ahmet Tunç Buyruklar,TMB,,/,,5,1,,"MTMY, MUT",,
23269,MUT 402,MUT,LS,Viyolonsel Yapımı II,,Mehmet Tangör,TMB,,/,,5,2,,"MTMY, MUT",,
23270,SES 436,SES,LS,Yrd. Repertuvar IV (TSM),,Gülşah Sönmez,TMB,Çarşamba,08:30/10:29,,18,15,,SES,,
23274,MUT 412,MUT,LS,Kanun Yapımı II,,İbrahim Coşkun,TMB,,/,,5,1,,"MTMM, MUT",,
23275,SES 494,SES,LS,TSM Repertuarı VIII,,Gülşah Sönmez,TMB | TMB,Salı | Çarşamba,13:30/15:29 | 10:30/12:29,,7,7,,SES,,
23276,MUT 412,MUT,LS,Kanun Yapımı II,,Şafak Köksal,TMB,,/,,5,1,,"MTMM, MUT",,
23277,MUT 412,MUT,LS,Kanun Yapımı II,,Mustafa Aydın Öksüz,TMB,,/,,5,2,,"MTMM, MUT",,
23278,SES 134,SES,LS,TSM Repertuvarı II,,Sinem Özdemir,TMB | TMB,Çarşamba | Perşembe,13:30/15:29 | 10:30/12:29,,15,13,,SES,,
23279,MUT 412,MUT,LS,Kanun Yapımı II,,Hasan Coşkun,TMB,,/,,5,0,,"MTMM, MUT",,
23280,MUT 386,MUT,LS,Serbest Proje Çalışması II,,Mehmet Cevdet Erek,TMB,,/,,5,3,,MUT,,
23281,MUT 386,MUT,LS,Serbest Proje Çalışması II,,Taylan Özdemir,TMB,,/,,5,4,,MUT,,
23282,MUT 386,MUT,LS,Serbest Proje Çalışması II,,Sertaç Kakı,TMB,,/,,5,5,,MUT,,
23283,MUT 386,MUT,LS,Serbest Proje Çalışması II,,İbrahim Coşkun,TMB,,/,,5,1,,MUT,,
23284,MUT 386,MUT,LS,Serbest Proje Çalışması II,,Mustafa Aydın Öksüz,TMB,,/,,5,1,,MUT,,
23285,MUT 486,MUT,LS,Serbest Proje Çalışması IV,,Mehmet Cevdet Erek,TMB,,/,,5,2,,MUT,,
23286,MUT 486,MUT,LS,Serbest Proje Çalışması IV,,Taylan Özdemir,TMB,,/,,5,1,,MUT,,
23287,MUT 486,MUT,LS,Serbest Proje Çalışması IV,,Sertaç Kakı,TMB,,/,,5,2,,MUT,,
23288,MUT 486,MUT,LS,Serbest Proje Çalışması IV,,İbrahim Coşkun,TMB,,/,,5,0,,MUT,,
23289,MUT 486,MUT,LS,Serbest Proje Çalışması IV,,Mustafa Aydın Öksüz,TMB,,/,,5,4,,MUT,,
23290,MUT 486,MUT,LS,Serbest Proje Çalışması IV,,Can Karadoğan,TMB,,/,,5,2,,MUT,,
23291,MUT 132,MUT,LS,Akustik II,,Murat Tıraş,TMB,Çarşamba,13:30/15:29,,40,24,,MUT,,
23292,MUT 142,MUT,LS,Ses Düzenleme ve Editing,,Sertaç Kakı,TMB | TMB,Salı | Perşembe,15:30/17:29 | 10:30/12:29,,20,13,,MUT,,
23293,MUT 162,MUT,LS,Makina ve Takım Bilgisi,,Şafak Köksal,TMB,Cuma,10:30/12:29,,15,4,,MUT,,
23294,MUT 154,MUT,LS,Ses Tasarımı,,Gökhan Deneç,TMB,Perşembe,08:30/10:29,,20,13,,MUT,,
23295,MUT 242,MUT,LS,Elektronik Ortam ve Müzik,,Gökhan Deneç,TMB | TMB,Pazartesi | Çarşamba,10:30/12:29 | 13:30/15:29,,20,14,,MUT,,
23296,MUT 254,MUT,LS,Sayısal Ses,,Can Karadoğan,TMB,Perşembe,10:30/12:29,,20,8,,MUT,,
23297,MUT 264,MUT,LS,Üst Yüzey İşlemleri,,İbrahim Coşkun,TMB,Salı,08:30/10:29,,20,10,,MUT,,
23298,MUT 368,MUT,LS,Çalgı Bilgisi II,,Mustafa Aydın Öksüz,TMB,Perşembe,13:30/15:29,,20,5,,MUT,,
23299,MUT 368,MUT,LS,Çalgı Bilgisi II,,Mehmet Cevdet Erek,TMB,Pazartesi,13:30/15:29,,20,5,,MUT,,
23300,SES 284,SES,LS,TSM Repertuvarı IV,,Güzün Değişmez,TMB | TMB,Pazartesi | Çarşamba,15:30/17:29 | 13:30/15:29,,18,18,,SES,,
23301,MUT 388,MUT,LS,Müzik Tek.Tasarım & Geliştirme,,İbrahim Coşkun,TMB | TMB,Salı | Perşembe,10:30/12:29 | 10:30/12:29,,20,7,,MUT,,
23302,MUT 388,MUT,LS,Müzik Tek.Tasarım & Geliştirme,,Gökhan Deneç,TMB | TMB,Çarşamba | Perşembe,10:30/12:29 | 10:30/12:29,,20,10,,MUT,,
23303,SES 358,SES,LS,Semah Repertuvarı,,Deniz Güneş,TMB | TMB,Çarşamba | Perşembe,09:30/10:29 | 08:30/10:29,,10,1,,SES,,
23304,MUT 372,MUT,LS,Görüntü İçin Ses,,Mehmet Cevdet Erek,TMB | TMB,Pazartesi | Çarşamba,15:30/17:29 | 13:30/15:29,,20,10,,"MTMS, MUT",,
23305,SES 408,SES,LS,Yöre Ağızları IV,,Deniz Güneş,TMB | TMB,Pazartesi | Çarşamba,10:30/12:29 | 10:30/12:29,,12,2,,SES,,
23306,MUT 390,MUT,LS,Bilg. Dest. Mesleki.Res. I,,Şafak Köksal,TMB,Salı,13:30/15:29,,20,2,,MUT,,
23307,MUT 452,MUT,LS,Bilgisayar Müziği,,Gökhan Deneç,TMB,Cuma,10:30/12:29,,20,13,,"MTMS, MUT",,
23308,SES 422,SES,LS,Koro VI (Kredisiz),,Neşe Yeşim Altınel Çoban,TMB | TMB,Salı | Perşembe,15:30/17:29 | 15:30/17:29,,25,16,,SES,,
23309,MUT 354,MUT,LS,Tulum Yapımı,,İbrahim Coşkun,TMB,Pazartesi,10:30/12:29,,15,1,,MUT,,
23310,MUT 448,MUT,LS,Prodüksiyon Teknikleri,,Sertaç Kakı,TMB | TMB,Salı | Perşembe,13:30/15:29 | 13:30/15:29,,20,7,,MUT,,
23311,MUT 374,MUT,LS,Elektronik Çalgı Bilgisi,,Gökhan Deneç,TMB,Cuma,13:30/15:29,,20,6,,MUT,,
23312,MUT 381,MUT,LS,Remiks,,Mehmet Cevdet Erek,TMB,Çarşamba,10:30/12:29,,20,6,,MUT,,
23313,MUT 436,MUT,LS,Piyano Bakım ve Onarım Bilgisi,,Ahmet Tunç Buyruklar,TMB,Perşembe,08:30/10:29,,20,8,,MUT,,
23314,MUT 414,MUT,LS,Rebap Yapımı,,İbrahim Coşkun,TMB,Pazartesi,13:30/15:29,,20,1,,MUT,,
23315,MUT 474,MUT,LS,Çalgı Tını Bilgisi,,Taylan Özdemir,TMB,Salı,10:30/12:29,,20,14,,MUT,,
23316,MUT 2136,MUT,LS,Piyano IV,,Sıtkı Kandemir Basmacıoğlu,TMB,Çarşamba,11:30/12:29,,5,0,,MUT,,
23317,MTR 222,MTR,LS,Makam Teorisi IV,,Göktan Ay,TMB | TMB,Pazartesi | Çarşamba,13:30/15:29 | 08:30/10:29,,30,7,,THO,,
23318,MTR 144,MTR,LS,Müzik Teorisi II,,Recep Gül,TMB | TMB,Salı | Perşembe,10:30/12:29 | 10:30/12:29,,30,22,,"CAB, CGM7, KMP",,
23319,SES 402,SES,LS,THM Repertuarı VIII,,Deniz Güneş,TMB | TMB,Salı | Perşembe,10:30/12:29 | 10:30/12:29,,8,0,,SES,,
23320,SES 312,SES,LS,THM Repertuvarı VI,,Deniz Güneş,TMB | TMB | TMB,Pazartesi | Salı | Perşembe,13:30/15:29 | 13:30/15:29 | 13:30/15:29,,5,1,,SES,,
23321,SES 308,SES,LS,Yöre Ağızları II,,Deniz Güneş,TMB | TMB,Pazartesi | Salı,15:30/17:29 | 08:30/10:29,,25,15,,SES,,
23322,SES 484,SES,LS,Mevlevi Ayini Repertuvarı II,,Gülşah Sönmez,TMB,Cuma,08:30/10:29,,10,6,,SES,,
23323,SES 427,SES,LS,Sahne Bilgisi ve Jest Mimik,,--,TMB,Pazartesi,08:30/10:29,,40,38,,"CAB, SES",,
23324,SES 306,SES,LS,Resital II,,"Deniz Güneş, Alin Aylin Yağcıoğlu",TMB,,/,,5,0,,SES,,
23325,MTR 244,MTR,LS,Müzik Teorisi IV,,Ayşecan Olgun,TMB | TMB,Salı | Perşembe,13:30/15:29 | 10:30/12:29,,30,12,,"CAB, KMP",,
23326,MTR 124,MTR,LS,Müzik Teorisi II,,Emel Şenocak,TMB | TMB,Pazartesi | Perşembe,15:30/17:29 | 13:30/15:29,,30,13,,THO,,
23327,MTR 434,MTR,LS,Eser Çözümleme II,,Adil Feridun Öney,TMB,Çarşamba,13:30/15:29,,25,15,,"CAB, SES",,
23328,MTR 224,MTR,LS,Müzik Teorisi IV,,Emel Şenocak,TMB | TMB,Salı | Cuma,08:30/10:29 | 08:30/10:29,,30,4,,THO,,
23329,SES 406,SES,LS,Resital IV,,"Serap Baltutan, Gülaram Baltayeva",TMB,,/,,5,1,,SES,,
23330,MTR 432,MTR,LS,Dikte Deşifre II,,Metin Eke,TMB,Cuma,10:30/12:29,,30,18,,"CAB, SES, THO",,
23333,MTR 408,MTR,LS,Eser Çözümleme II,,Neşe Yeşim Altınel Çoban,TMB,Perşembe,10:30/12:29,,30,15,,MTR,,
23334,MTR 310,MTR,LS,Ses Sistemleri II,,Mustafa Kemal Karaosmanoğlu,TMB,Pazartesi,08:30/10:29,,25,23,,"MTR, MTRM",,
23335,MTR 306,MTR,LS,Müzik Teorileri Tarihi IV,,Gülay Karamahmutoğlu,TMB,Çarşamba,10:30/12:29,,25,14,,MTR,,
23336,MTR 308,MTR,LS,Teori Uygulama IV,,Gülay Karamahmutoğlu,TMB,Cuma,13:30/15:29,,25,17,,"MTR, MTRM",,
23337,MTR 302,MTR,LS,İleri Makam Teorisi II,,Şerife Güvençoğlu,TMB | TMB,Çarşamba | Perşembe,13:30/15:29 | 13:30/15:29,,25,22,,MTR,,
23339,MTR 304,MTR,LS,İleri Müzik Teorisi II,,Ayşecan Olgun,TMB | TMB,Salı | Cuma,15:30/17:29 | 10:30/12:29,,30,29,,MTR,,
23340,SES 1122,SES,LS,Piyano II,,Mehru Ensari,TMB,Pazartesi,15:30/17:29,,10,1,,SES,,
23342,MTR 404,MTR,LS,İleri Müzik Teorisi IV,,Recep Gül,TMB | TMB,Çarşamba | Cuma,13:30/15:29 | 13:30/15:29,,25,16,,MTR,,
23343,SES 1916,SES,LS,Ud II,,Mehmet Bitmez,TMB,Çarşamba,13:30/15:29,,5,0,,SES,,
23344,MTR 442,MTR,LS,Dikte Deşifre II,,Göktan Ay,TMB | TMB,Salı | Perşembe,13:30/15:29 | 13:30/15:29,,25,16,,SES,,
23345,CAB 133,CAB,LS,Viyolonsel I,,Gülyar Say,TMB,,/,,5,1,,CAB,,
23346,CAB 126,CAB,LS,Kudüm II,,Serhat Tansu Altuğ,TMB,,/,,5,2,,CAB,,
23348,MTR 444,MTR,LS,Eser Çözümleme II,,Adil Feridun Öney,TMB | TMB,Perşembe | Cuma,08:30/10:29 | 13:30/15:29,,25,14,,SES,,
23349,CAB 146,CAB,LS,Kanun II,,Serkan Mesut Halili,TMB,,/,,5,1,,CAB,,
23350,SES 3916,SES,LS,Ud VI,,--,TMB,Cuma,13:30/15:29,,5,1,,SES,,
23351,CAB 116,CAB,LS,Mey II,,Ali Yılmaz,TMB,,/,,5,0,,CAB,,
23352,MTR 206,MTR,LS,Müzik Teorileri Tarihi II,,Ozan Baysal,TMB,Çarşamba,08:30/10:29,,30,26,,"MTR, MTRM",,
23353,CAB 142,CAB,LS,Piyano II,,Devlet Devrim Öztaş,TMB,,/,,5,0,,CAB,,
23354,MTR 208,MTR,LS,Teori Uygulama II,,Süleyman Şenel,TMB,Salı,15:30/17:29,,25,14,,"MTR, MTRM",,
23355,SES 3918,SES,LS,Bağlama VI,,Asim Kırca,TMB,Pazartesi,15:30/17:29,,5,0,,SES,,
23356,CAB 108,CAB,LS,Bağlama II,,Adnan Koç,TMB,,/,,5,1,,CAB,,
23357,CAB 108,CAB,LS,Bağlama II,,Erdoğan Eskimez,TMB,,/,,5,1,,CAB,,
23359,CAB 108,CAB,LS,Bağlama II,,Metin Eke,TMB,,/,,5,0,,CAB,,
23362,CAB 148,CAB,LS,Tanbur II,,Birol Yayla,TMB,,/,,5,0,,CAB,,
23364,MTR 406,MTR,LS,Dikte ve Deşifre II,,Göktan Ay,TMB,Pazartesi,15:30/17:29,,25,18,,MTR,,
23365,SES 316,SES,LS,TSM Repertuvarı VI,,Sinem Özdemir,TMB | TMB | TMB,Salı | Çarşamba | Perşembe,13:30/15:29 | 08:30/10:29 | 13:30/15:29,,5,1,,SES,,
23366,CAB 132,CAB,LS,Keman II,,Ali Cihat Aşkın,TMB,,/,,5,0,,CAB,,
23370,CAB 118,CAB,LS,Kaval II,,Cihan Yurtcu,TMB,,/,,5,1,,CAB,,
23371,MTR 232,MTR,LS,Makam Teorisi IV,,Nurullah Kanık,TMB | TMB,Salı | Cuma,08:30/10:29 | 13:30/15:29,,20,0,,"MUT, SES, THO",,
23374,CAB 140,CAB,LS,Kemane II,,Ferhan Yeprem,TMB,,/,,5,1,,CAB,,
23376,MTR 132,MTR,LS,Makam Teorisi II,,Şerife Güvençoğlu,TMB | TMB,Salı | Perşembe,15:30/17:29 | 15:30/17:29,,20,1,,"CGM6, MUT, SES, THO",,
23378,CAB 136,CAB,LS,Viyola II,,Zeynep Barut,TMB,,/,,5,2,,CAB,,
23381,CAB 120,CAB,LS,Klarnet II,,Özlem Kolat Çakmaksoy,TMB,,/,,5,1,,CAB,,
23382,SES 306,SES,LS,Resital II,,"Sinem Özdemir, Alin Aylin Yağcıoğlu",TMB,,/,,5,1,,SES,,
23384,CAB 130,CAB,LS,4 Telli Kemençe II,,Lale Akay,TMB,,/,,5,1,,CAB,,
23386,CAB 134,CAB,LS,Viyolonsel II,,Gülyar Say,TMB,,/,,5,1,,CAB,,
23387,CAB 134,CAB,LS,Viyolonsel II,,Cenk Öztürk,TMB,,/,,5,0,,CAB,,
23389,CAB 124,CAB,LS,Flüt II,,Jülide Gündüz,TMB,,/,,5,1,,"CAB, CGM5",,
23390,CAB 225,CAB,LS,Asmalı Davul I,,Eyüp Uzunkaya,TMB,,/,,5,0,,CAB,,
23396,CAB 200,CAB,LS,Zurna III,,Ünal Yürük,TMB,,/,,5,0,,CAB,,
23399,CAB 249,CAB,LS,Gitar III,,Tolgahan Çoğulu,TMB,,/,,5,0,,CAB,,
23408,MUZ 492,MUZ,LS,Bitirme Çalışması,,Songül Karahasanoğlu,TMB,,/,,500,10,,MUZ,,
23409,MUZ 492E,MUZ,LS,Graduation Thesis,,--,TMB,,/,,0,0,,"MUZ, MUZE",,
23412,MUZ 380,MUZ,LS,Dini Müzik II,,Yalçın Çetinkaya,TMB,Cuma,08:30/10:29,,55,55,,"KMP, MTR, MUZ, SES",,
23414,MUZ 122,MUZ,LS,Müzik Tarihi II,,Miltiadis Pappas,TMB,Salı,15:30/17:29,,35,35,,"CAB, MTR, SES",,
23416,CAB 209,CAB,LS,Ud III,,Mehmet Bitmez,TMB,,/,,5,0,,CAB,,
23417,MUZ 498,MUZ,LS,Müzik Estetiğine Giriş,,Yalçın Çetinkaya,TMB,Pazartesi,13:30/15:29,,40,37,,"CAB, KMP, MTR, MUT, SES",,
23418,CAB 235,CAB,LS,Viyola III,,Zeynep Barut,TMB,,/,,5,0,,CAB,,
23420,MUZ 378,MUZ,LS,18. Yüzyıl Osmanlı Müziği,,Serhan Dilhan Konan,TMB,Salı,13:30/15:29,,25,7,,MUZ,,
23426,MUZ 342,MUZ,LS,Seminer II,,Miltiadis Pappas,TMB,Cuma,10:30/12:29,,30,19,,MUZ,,
23428,CAB 221,CAB,LS,Obua III,,Damla Tunçer,TMB,,/,,5,1,,CAB,,
23432,CAB 219,CAB,LS,Klarnet III,,Özlem Kolat Çakmaksoy,TMB,,/,,5,0,,CAB,,
23433,CAB 237,CAB,LS,Kontrbas III,,--,TMB,,/,,5,0,,CAB,,
23435,CAB 226,CAB,LS,Asmalı Davul II,,Eyüp Uzunkaya,TMB,,/,,5,1,,CAB,,
23438,CAB 208,CAB,LS,Bağlama IV,,Cihangir Terzi,TMB,,/,,5,1,,CAB,,
23440,CAB 242,CAB,LS,Piyano IV,,Devlet Devrim Öztaş,TMB,,/,,5,0,,CAB,,
23442,CAB 210,CAB,LS,Ud IV,,Mehmet Bitmez,TMB,,/,,5,1,,CAB,,
23447,CAB 250,CAB,LS,Gitar IV,,Tolgahan Çoğulu,TMB,,/,,5,1,,CAB,,
23450,CAB 236,CAB,LS,Viyola IV,,Zeynep Barut,TMB,,/,,5,0,,CAB,,
23455,CAB 220,CAB,LS,Klarnet 1V,,Özlem Kolat Çakmaksoy,TMB,,/,,5,0,,CAB,,
23458,CAB 222,CAB,LS,Obua IV,,Damla Tunçer,TMB,,/,,5,0,,CAB,,
23462,CAB 325,CAB,LS,Def,,--,TMB,,/,,0,0,,CAB,,
23466,CAB 345,CAB,LS,Kanun V,,Ayşegül Kostak Toksoy,TMB,,/,,5,0,,CAB,,
23468,CAB 341,CAB,LS,Piyano V,,Sıtkı Kandemir Basmacıoğlu,TMB,,/,,5,0,,CAB,,
23471,CAB 341,CAB,LS,Piyano V,,Devlet Devrim Öztaş,TMB,,/,,5,1,,CAB,,
23475,CAB 315,CAB,LS,Mey V,,Ali Yılmaz,TMB,,/,,5,0,,CAB,,
23476,CAB 347,CAB,LS,Tanbur V,,Birol Yayla,TMB,,/,,5,0,,CAB,,
23479,CAB 335,CAB,LS,Viyola V,,Zeynep Barut,TMB,,/,,5,0,,CAB,,
23482,CAB 313,CAB,LS,Ney V,,Ali Tüfekçi,TMB,,/,,5,0,,CAB,,
23485,CAB 319,CAB,LS,Klarnet V,,Özlem Kolat Çakmaksoy,TMB,,/,,5,0,,CAB,,
23487,CAB 333,CAB,LS,Viyolonsel V,,Yelda Özgen Öztürk,TMB,,/,,5,0,,CAB,,
23489,CAB 326,CAB,LS,Koltuk Davulu,,Salim Sınar,TMB,,/,,5,1,,CAB,,
23492,CAB 316,CAB,LS,Mey VI,,Ali Yılmaz,TMB,,/,,5,1,,CAB,,
23495,CAB 348,CAB,LS,Tanbur VI,,Birol Yayla,TMB,,/,,5,2,,CAB,,
23498,CAB 346,CAB,LS,Kanun VI,,Serkan Mesut Halili,TMB,,/,,5,1,,CAB,,
23500,CAB 346,CAB,LS,Kanun VI,,Ayşegül Kostak Toksoy,TMB,,/,,5,0,,CAB,,
23503,CAB 308,CAB,LS,Bağlama VI,,Şendoğan Karadeli,TMB,,/,,5,0,,CAB,,
23505,CAB 332,CAB,LS,Keman VI,,Ahmet Hakan Şensoy,TMB,,/,,5,0,,CAB,,
23508,CAB 332,CAB,LS,Keman VI,,Ali Cihat Aşkın,TMB,,/,,5,0,,CAB,,
23511,CAB 318,CAB,LS,Kaval VI,,Cihan Yurtcu,TMB,,/,,5,1,,CAB,,
23513,CAB 336,CAB,LS,Viyola VI,,Zeynep Barut,TMB,,/,,5,1,,CAB,,
23514,MTR 134,MTR,LS,Müzik Teorisi II,,Eray Altınbüken,TMB | TMB,Salı | Perşembe,13:30/15:29 | 13:30/15:29,,20,0,,"CGM6, MUT, SES, THO",,
23516,CAB 320,CAB,LS,Klarnet VI,,Özlem Kolat Çakmaksoy,TMB,,/,,5,2,,CAB,,
23519,MTR 234,MTR,LS,Müzik Teorisi IV,,Eray Altınbüken,TMB | TMB,Salı | Perşembe,10:30/12:29 | 10:30/12:29,,20,3,,"MUT, SES, THO",,
23521,CAB 314,CAB,LS,Ney VI,,Ali Tüfekçi,TMB,,/,,5,1,,CAB,,
23522,CAB 334,CAB,LS,Viyolonsel VI,,Yelda Özgen Öztürk,TMB,,/,,5,1,,CAB,,
23524,CAB 334,CAB,LS,Viyolonsel VI,,Cenk Öztürk,TMB,,/,,5,2,,CAB,,
23525,CAB 447,CAB,LS,Tanbur VII,,Birol Yayla,TMB,,/,,5,0,,CAB,,
23526,CAB 445,CAB,LS,Kanun VII,,Ayşegül Kostak Toksoy,TMB,,/,,5,1,,CAB,,
23527,CAB 407,CAB,LS,Bağlama VII,,Şendoğan Karadeli,TMB,,/,,5,1,,CAB,,
23528,CAB 431,CAB,LS,Keman VII,,Ali Cihat Aşkın,TMB,,/,,5,1,,CAB,,
23529,CAB 431,CAB,LS,Keman VII,,Ahmet Hakan Şensoy,TMB,,/,,5,1,,CAB,,
23530,CAB 427,CAB,LS,3 Telli Kemençe VII,,Neva Özgen Kösoğlu,TMB,,/,,5,0,,CAB,,
23531,CAB 439,CAB,LS,Kemane VII,,Ferhan Yeprem,TMB,,/,,5,0,,CAB,,
23532,CAB 419,CAB,LS,Klarnet VII,,Özlem Kolat Çakmaksoy,TMB,,/,,5,0,,CAB,,
23533,CAB 413,CAB,LS,Ney VII,,Ali Tüfekçi,TMB,,/,,5,0,,CAB,,
23534,CAB 433,CAB,LS,Viyolonsel VII,,Cenk Öztürk,TMB,,/,,5,0,,CAB,,
23535,SES 492,SES,LS,Bitirme Çalışması,,Sinem Özdemir,---,,/,,100,14,,SES,,
23536,CAB 433,CAB,LS,Viyolonsel VII,,Gülyar Say,TMB,,/,,5,1,,CAB,,
23537,CAB 423,CAB,LS,Flüt VII,,Jülide Gündüz,TMB,,/,,5,0,,"CAB, CGM5",,
23538,SES 372,SES,LS,Repertuar II,,Ayşe Esin Şentürk,TMB,Perşembe,15:30/17:29,,10,2,,KMP,,
23539,CAB 429,CAB,LS,4 Telli Kemençe VII,,Lale Akay,TMB,,/,,5,0,,CAB,,
23540,CAB 448,CAB,LS,Tanbur VIII,,Birol Yayla,TMB,,/,,5,1,,CAB,,
23542,CAB 408,CAB,LS,Bağlama VIII,,Şendoğan Karadeli,TMB,,/,,5,0,,CAB,,
23544,CAB 432,CAB,LS,Keman VIII,,Ali Cihat Aşkın,TMB,,/,,5,1,,CAB,,
23545,CAB 406,CAB,LS,Tar VIII,,Ahmet Serhat Turunç,TMB,,/,,5,1,,CAB,,
23546,CAB 428,CAB,LS,3 Telli Kemençe VIII,,Neva Özgen Kösoğlu,TMB,,/,,5,1,,CAB,,
23547,SES 106,SES,LS,Korrepetisyon II,,"Sinem Özdemir, Fidan Kurt Kasapbaşı",TMB,,/,,6,5,,"SEMH, SEMS, SES",,
23549,CAB 440,CAB,LS,Kemane VIII,,Ferhan Yeprem,TMB,,/,,5,1,,CAB,,
23551,CAB 414,CAB,LS,Ney VIII,,Ali Tüfekçi,TMB,,/,,5,1,,CAB,,
23553,SES 106,SES,LS,Korrepetisyon II,,"Sinem Özdemir, Laçin Modiri",TMB,,/,,5,4,,"SEMH, SEMS, SES",,
23554,CAB 420,CAB,LS,Klarnet VIII,,Özlem Kolat Çakmaksoy,TMB,,/,,5,1,,CAB,,
23555,CAB 434,CAB,LS,Viyolonsel VIII,,Gülyar Say,TMB,,/,,5,0,,CAB,,
23556,CAB 430,CAB,LS,4 Telli Kemençe VIII,,Lale Akay,TMB,,/,,5,1,,CAB,,
23557,SES 106,SES,LS,Korrepetisyon II,,"Sinem Özdemir, Ayşegül Altıok",TMB,,/,,5,3,,"SEMH, SEMS, SES",,
23558,CAB 424,CAB,LS,Flüt VIII,,Jülide Gündüz,TMB,,/,,5,1,,"CAB, CGM5",,
23559,CAB 182,CAB,LS,Kudüm II,,Serhat Tansu Altuğ,TMB,Pazartesi,10:30/12:29,,5,4,,"CGM6, CGM7, CGM8, MTR, MUZ",,
23561,SES 106,SES,LS,Korrepetisyon II,,"Sinem Özdemir, Alin Aylin Yağcıoğlu",TMB,,/,,5,1,,"SEMH, SEMS, SES",,
23563,SES 106,SES,LS,Korrepetisyon II,,"Serap Baltutan, Laçin Modiri",TMB,,/,,5,0,,"SEMH, SEMS, SES",,
23567,CAB 154,CAB,LS,Tanbur II,,Birol Yayla,TMB,Pazartesi,10:30/12:29,,5,5,,"CGM6, CGM7, CGM8, MTR, MUT, MUZ, SES",,
23574,SES 106,SES,LS,Korrepetisyon II,,"Serap Baltutan, Fidan Kurt Kasapbaşı",TMB,,/,,5,2,,"SEMH, SEMS, SES",,
23575,SES 106,SES,LS,Korrepetisyon II,,"Serap Baltutan, Ayşegül Altıok",TMB,,/,,5,2,,"SEMH, SEMS, SES",,
23578,SES 106,SES,LS,Korrepetisyon II,,"Serap Baltutan, Alin Aylin Yağcıoğlu",TMB,,/,,5,2,,"SEMH, SEMS, SES",,
23579,SES 106,SES,LS,Korrepetisyon II,,"Ayşe Esin Şentürk, Laçin Modiri",TMB,,/,,5,1,,"SEMH, SEMS, SES",,
23580,SES 106,SES,LS,Korrepetisyon II,,"Ayşe Esin Şentürk, Fidan Kurt Kasapbaşı",TMB,,/,,5,2,,"SEMH, SEMS, SES",,
23581,SES 106,SES,LS,Korrepetisyon II,,"Ayşe Esin Şentürk, Ayşegül Altıok",TMB,,/,,5,0,,"SEMH, SEMS, SES",,
23582,SES 106,SES,LS,Korrepetisyon II,,"Ayşe Esin Şentürk, Alin Aylin Yağcıoğlu",TMB,,/,,5,1,,"SEMH, SEMS, SES",,
23583,SES 106,SES,LS,Korrepetisyon II,,"Serap Baltutan, Alper Göçeri",TMB,,/,,5,0,,"SEMH, SEMS, SES",,
23585,SES 114,SES,LS,Ses Eğitimi II,,Laçin Modiri,TMB,,/,,5,5,,"SEMH, SEMS, SES",,
23586,SES 114,SES,LS,Ses Eğitimi II,,Fidan Kurt Kasapbaşı,TMB,,/,,10,10,,"SEMH, SEMS, SES",,
23587,SES 114,SES,LS,Ses Eğitimi II,,Ayşegül Altıok,TMB,,/,,5,5,,"SEMH, SEMS, SES",,
23588,SES 114,SES,LS,Ses Eğitimi II,,Alin Aylin Yağcıoğlu,TMB,,/,,6,4,,"SEMH, SEMS, SES",,
23589,SES 210,SES,LS,Korrepetisyon IV,,"Güzün Değişmez, Laçin Modiri",TMB,,/,,5,0,,"SEMH, SEMS, SES",,
23592,SES 210,SES,LS,Korrepetisyon IV,,"Güzün Değişmez, Gülaram Baltayeva",TMB,,/,,5,4,,"SEMH, SEMS, SES",,
23593,SES 210,SES,LS,Korrepetisyon IV,,"Güzün Değişmez, Alin Aylin Yağcıoğlu",TMB,,/,,5,1,,"SEMH, SEMS, SES",,
23594,SES 210,SES,LS,Korrepetisyon IV,,"Güzün Değişmez, Alper Göçeri",TMB,,/,,5,2,,"SEMH, SEMS, SES",,
23595,SES 210,SES,LS,Korrepetisyon IV,,"Güzün Değişmez, Fidan Kurt Kasapbaşı",TMB,,/,,5,0,,"SEMH, SEMS, SES",,
23596,SES 210,SES,LS,Korrepetisyon IV,,"Güzün Değişmez, Ayşegül Altıok",TMB,,/,,5,5,,"SEMH, SEMS, SES",,
23606,MIM 312,MIM,LS,Mimari Proje VI,,Hüseyin Lütfü Kahvecioğlu,MMB | MMB,Pazartesi | Perşembe,13:30/17:29 | 13:30/17:29,,10,10,,MIM,,
23607,MUZ 476,MUZ,LS,Türk Halk Müziği Bilgileri II,,Süleyman Şenel,TMB,Cuma,08:30/10:29,,50,44,,"CAB, ETMM, MTR, MUT, MUZ, SES, THO",,
23608,MIM 312,MIM,LS,Mimari Proje VI,,--,MMB | MMB,Pazartesi | Perşembe,13:30/17:29 | 13:30/17:29,,0,0,,MIM,,
23609,MIM 312,MIM,LS,Mimari Proje VI,,Umut İyigün,MMB | MMB,Pazartesi | Perşembe,13:30/17:29 | 13:30/17:29,,10,10,,MIM,,
23610,MIM 312,MIM,LS,Mimari Proje VI,,Suat Apak,MMB | MMB,Pazartesi | Perşembe,13:30/17:29 | 13:30/17:29,,10,10,,MIM,,
23611,MIM 312,MIM,LS,Mimari Proje VI,,Fatma Ahsen Özsoy,MMB | MMB,Pazartesi | Perşembe,13:30/17:29 | 13:30/17:29,,16,3,,MIM,,
23612,MUZ 102,MUZ,LS,Müzik Tarihi II,,Ozan Baysal,TMB,Çarşamba,10:30/12:29,,30,26,,MUZ,,
23613,MIM 312,MIM,LS,Mimari Proje VI,,Gülçin Pulat Gökmen,MMB | MMB,Pazartesi | Perşembe,13:30/17:29 | 13:30/17:29,,16,13,,MIM,,
23616,MIM 312,MIM,LS,Mimari Proje VI,,Nurbin Paker Kahvecioğlu,MMB | MMB,Pazartesi | Perşembe,13:30/17:29 | 13:30/17:29,,10,10,,MIM,,
23618,MUZ 212,MUZ,LS,Osmanlıca II,,Ali Yayla,TMB,Çarşamba,09:30/12:29,,30,18,,MUZ,,
23620,MUZ 202,MUZ,LS,Müzik Tarihi IV,,Miltiadis Pappas,TMB,Pazartesi,13:30/16:29,,25,19,,MUZ,,
23621,MIM 312,MIM,LS,Mimari Proje VI,,Melike Altınışık,MMB | MMB,Pazartesi | Perşembe,13:30/17:29 | 13:30/17:29,,16,16,,MIM,,
23628,MIM 312E,MIM,LS,Architectural Design VI,,Ayşe Şentürer,MMB | MMB,Pazartesi | Perşembe,13:30/17:29 | 13:30/17:29,,13,13,,"MIM, MIME",,
23629,MUZ 486,MUZ,LS,Müzik Pedagojisine Giriş,,Atilla Coşkun Toksoy,TMB,Perşembe,13:30/16:29,,20,8,,"CAB, MUZ",,
23631,MUZ 358,MUZ,LS,İleri Osmanlıca II,,Ali Yayla,TMB,Perşembe,13:30/15:29,,25,5,,"MUZ, MUZE",,
23633,MIM 312E,MIM,LS,Architectural Design VI,,Leman Figen Gül,MMB | MMB,Pazartesi | Perşembe,13:30/17:29 | 13:30/17:29,,16,14,,"MIM, MIME",,
23635,MIM 113E,MIM,LS,Statics,,Gülseren Erol Soyöz,MMB,Çarşamba,13:30/15:29,,80,21,,"EUTE, ICM, MIM, MIME",,
23637,MUZ 452,MUZ,LS,Arapça IV,,Erdal Kılıç,TMB,Salı,10:30/12:29,,20,0,,"MUZ, MUZE",,
23639,MIM 312E,MIM,LS,Architectural Design VI,,Ozan Önder Özener,MMB | MMB,Pazartesi | Perşembe,13:30/17:29 | 13:30/17:29,,13,13,,"MIM, MIME",,
23641,MIM 312E,MIM,LS,Architectural Design VI,,Mehmet Emin Şalgamcıoğlu,MMB | MMB,Pazartesi | Perşembe,13:30/17:29 | 13:30/17:29,,13,13,,"MIM, MIME",,
23642,MIM 114,MIM,LS,Erişilebilirlik,,Göksenin İnalhan,MMB,Salı,10:30/12:29,,0,85,,MIM,,
23645,MIM 312E,MIM,LS,Architectural Design VI,,Sinan Mert Şener,MMB | MMB,Pazartesi | Perşembe,13:30/17:29 | 13:30/17:29,,13,10,,"MIM, MIME",,
23648,MUZ 332,MUZ,LS,Transkripsiyon,,Serkan Şener,TMB,Çarşamba,13:30/15:29,,35,28,,"ETMM, MUZ",,
23649,MIM 312E,MIM,LS,Architectural Design VI,,Belkıs Uluoğlu,MMB | MMB,Pazartesi | Perşembe,13:30/17:29 | 13:30/17:29,,13,13,,"MIM, MIME",,
23651,MIM 114,MIM,LS,Erişilebilirlik,,Dilek Yıldız,MMB,Salı,10:30/12:29,,0,85,,MIM,,
23652,MUZ 402,MUZ,LS,Müzik Tarihi VIII,,Miltiadis Pappas,TMB,Pazartesi,10:30/12:29,,25,9,,MUZ,,
23654,MIM 312E,MIM,LS,Architectural Design VI,,Meltem Aksoy,MMB | MMB,Pazartesi | Perşembe,13:30/17:29 | 13:30/17:29,,16,10,,"MIM, MIME",,
23657,MIM 114,MIM,LS,Erişilebilirlik,,--,MMB,Salı,10:30/12:29,,170,8,,MIM,,
23658,MIM 321,MIM,LS,Çağdaş Mimarlık,,Vesile Gül Cephanecigil,MMB,Salı,13:30/15:29,,60,18,,MIM,,
23662,MIM 321E,MIM,LS,Contemporary Architecture,,Mehmet Murat Gül,MMB,Salı,15:30/17:29,,60,39,,"MIM, MIME",,
23663,MIM 114E,MIM,LS,Accessibility,,Göksenin İnalhan,MMB,Salı,08:30/10:29,,90,90,,"MIM, MIME",,
23665,MIM 322E,MIM,LS,Conserv.of Hist. Build.&Sites;,,"Umut Almaç, Işıl Polat Pekmezci",MMB,Cuma,10:30/12:29,,60,60,,"MIM, MIME",,
23666,MIM 328,MIM,LS,Çağdaş Yapı Malzemeleri,,Leyla Tanaçan,MMB,Salı,13:30/16:29,,25,25,,"ICM, MIM",,
23667,MIM 119,MIM,LS,Mimarlığa Giriş ve Etik,,"Fatma Ahsen Özsoy, Aygül Ağır, Yegan Kahya Sayar",MMB,Çarşamba,12:30/15:29,,60,44,,MIM,,
23669,MIM 331E,MIM,LS,Building Production Systems,,"Emrah Acar, Bahriye İlhan",MMB,Cuma,13:30/15:29,,60,51,,"MIM, MIME",,
23671,MIM 332,MIM,LS,Yapım Yönetimi ve Ekonomisi,,"Gülfer Oraz, Elçin Filiz Taş",MMB | MMB,Çarşamba | Cuma,08:30/11:29 | 08:30/10:29,,0,51,,MIM,,
23673,MIM 119E,MIM,LS,Int.to Architecture and Ethics,,"Ozan Önder Özener, Deniz Mazlum, Zeynep Kuban Tokgöz",MMB,Çarşamba,12:30/15:29,,60,43,,"MIM, MIME",,
23675,MIM 332,MIM,LS,Yapım Yönetimi ve Ekonomisi,,Hakan Yaman,MMB | MMB,Çarşamba | Cuma,08:30/11:29 | 08:30/10:29,,0,52,,MIM,,
23677,MIM 332,MIM,LS,Yapım Yönetimi ve Ekonomisi,,--,MMB | MMB,Çarşamba | Cuma,08:30/11:29 | 08:30/10:29,,120,9,,MIM,,
23681,MIM 332E,MIM,LS,Construction Mngmnt & Economy,,"Hüsnü Murat Günaydın, Begüm Sertyeşilışık",MMB | MMB,Çarşamba | Cuma,12:30/15:29 | 10:30/12:29,,0,26,,"MIM, MIME",,
23682,MIM 120E,MIM,LS,Int.toCmp.Ds.Tools&M..,,Michael Stefan Bittermann,MMB | MMB,Cuma | Cuma,08:30/10:29 | 11:30/12:29,,65,65,,"MIM, MIME",,
23686,MIM 120E,MIM,LS,Int.toCmp.Ds.Tools&M..,,Leman Figen Gül,MMB | MMB,Cuma | Cuma,08:30/10:29 | 10:30/11:29,,65,65,,"MIM, MIME",,
23688,MIM 332E,MIM,LS,Construction Mngmnt & Economy,,"Alaattin Kanoğlu, Emrah Acar",MMB | MMB,Çarşamba | Cuma,12:30/15:29 | 10:30/12:29,,0,26,,"MIM, MIME",,
23692,MIM 332E,MIM,LS,Construction Mngmnt & Economy,,"Fatma Pınar Çakmak, Bahriye İlhan",MMB | MMB,Çarşamba | Cuma,12:30/15:29 | 10:30/12:29,,0,26,,"MIM, MIME",,
23695,MIM 332E,MIM,LS,Construction Mngmnt & Economy,,--,MMB | MMB,Çarşamba | Cuma,12:30/15:29 | 10:30/12:29,,180,0,,"MIM, MIME",,
23696,MIM 120E,MIM,LS,Int.toCmp.Ds.Tools&M..,,Elif Sezen Yağmur Kilimci,MMB | MMB,Cuma | Cuma,08:30/10:29 | 11:30/12:29,,65,65,,"MIM, MIME",,
23700,MIM 336,MIM,LS,Mimarlıkta Mekan Analizi & Tek,,İffet Hülya Arı,MMB,Perşembe,09:30/12:29,,20,20,,"ICM, MIM",,
23701,MIM 344,MIM,LS,Mimarlıkta Enfrm Teknolojileri,,"Gülen Çağdaş, Hakan Tong",MMB,Perşembe,09:30/12:29,,25,25,,"ICM, MIM",,
23703,MIM 346,MIM,LS,"Bina, İklim, Enerji İlişkileri",,Gülten Manioğlu,MMB,Pazartesi,09:30/12:29,,25,25,,"ICM, MIM",,
23705,MIM 348,MIM,LS,Yapıda Malzeme Seçimi,,Seda Erdem,MMB,Pazartesi,13:30/16:29,,25,28,,"ICM, MIM",,
23706,MIM 122,MIM,LS,İlkçağ & Bizans Mimarl Tarihi,,Bilge Ar,MMB,Salı,13:30/15:29,,150,149,,MIM,,
23707,MIM 351,MIM,LS,Mimari Proje V,,Gökhan Ülken,MMB | MMB,Pazartesi | Perşembe,13:30/17:29 | 13:30/17:29,,17,17,,MIM,,
23708,MIM 351E,MIM,LS,Architectural Design V,,Göksenin İnalhan,MMB | MMB,Pazartesi | Perşembe,13:30/17:29 | 13:30/17:29,,17,12,,"MIM, MIME",,
23709,MIM 352,MIM,LS,Taşıyıcı Sistem Tasarımı,,Necdet Torunbalcı,MMB,Perşembe,09:30/12:29,,25,25,,MIM,,
23710,MIM 356,MIM,LS,Fotograf,,Aras Neftçi,MMB,Perşembe,09:30/12:29,,25,26,,"ICM, MIM, PEM, SBP",,
23711,MIM 360E,MIM,LS,Dsgn Princ of Buildng Elements,,Mehmet Cem Altun,MMB,Cuma,14:30/17:29,,16,16,,"ICM, MIM, MIME",,
23712,MIM 366E,MIM,LS,Free Hand Draw.in Architecture,,Sıdıka Aslıhan Şenel,MMB,Cuma,13:30/16:29,,25,26,,"MIM, MIME",,
23713,MIM 368,MIM,LS,Taşıyıcı Yapı Malzemeleri,,Mustafa Erkan Karagüler,MMB,Salı,13:30/16:29,,25,21,,MIM,,
23715,MIM 370E,MIM,LS,Internal Sub-Div Sys in Bldngs,,Fethiye Ecem Edis,MMB,Salı,13:30/16:29,,20,20,,"ICM, MIM, MIME",,
23716,MIM 374,MIM,LS,Mim. Çizim Stand.&Tek.;Şartn.,,Hakan Yaman,MMB,Perşembe,09:30/12:29,,25,20,,"ICM, MIM, SBP",,
23717,MIM 122E,MIM,LS,Ancient&Byzantine; A..,,Zeynep Kuban Tokgöz,MMB,Salı,15:30/17:29,,90,90,,"MIM, MIME",,
23718,MIM 378E,MIM,LS,Tall Building Structures,,Halet Almıla Büyüktaşkın,MMB,Salı,13:30/16:29,,25,25,,"MIM, MIME",,
23719,MIM 380,MIM,LS,Dış Duvar Sistemleri,,İkbal Çetiner,MMB,Cuma,13:30/16:29,,25,17,,"ICM, MIM",,
23720,MIM 125E,MIM,LS,Statics,,Gülseren Erol Soyöz,MMB,Çarşamba,13:30/15:29,,80,78,,"EUTE, ICM, MIM, MIME",,
23721,MIM 126,MIM,LS,Mukavemet,,--,MMB,Çarşamba,10:30/12:29,,210,4,,"ICM, MIM",,
23722,MIM 126,MIM,LS,Mukavemet,,Gülseren Erol Soyöz,MMB,Çarşamba,10:30/12:29,,0,48,,"ICM, MIM",,
23723,MIM 394,MIM,LS,Güneş Mimarisi,,"Gül Koçlar Oral, Şule Filiz Akşit",MMB,Pazartesi,09:30/12:29,,25,25,,MIM,,
23724,MIM 126,MIM,LS,Mukavemet,,Gülseren Erol Soyöz,MMB,Salı,13:30/15:29,,70,30,,"ICM, MIM",,
23725,MIM 411,MIM,LS,Mimari Proje VII,,Hüseyin Lütfü Kahvecioğlu,MMB | MMB,Pazartesi | Perşembe,13:30/17:29 | 13:30/17:29,,6,6,,MIM,,
23726,MIM 126,MIM,LS,Mukavemet,,Cenk Üstündağ,MMB,Çarşamba,10:30/12:29,,0,52,,"ICM, MIM",,
23727,MIM 411,MIM,LS,Mimari Proje VII,,Suat Apak,MMB | MMB,Pazartesi | Perşembe,13:30/17:29 | 13:30/17:29,,6,6,,MIM,,
23728,MIM 126,MIM,LS,Mukavemet,,Halet Almıla Büyüktaşkın,MMB,Çarşamba,10:30/12:29,,0,48,,"ICM, MIM",,
23729,MIM 411,MIM,LS,Mimari Proje VII,,Umut İyigün,MMB | MMB,Pazartesi | Perşembe,13:30/17:29 | 13:30/17:29,,6,5,,MIM,,
23730,MIM 126E,MIM,LS,Strength of Materials,,--,MMB,Çarşamba,08:30/10:29,,210,5,,"EUTE, MIM, MIME",,
23731,MIM 411,MIM,LS,Mimari Proje VII,,--,MMB | MMB,Pazartesi | Perşembe,13:30/17:29 | 13:30/17:29,,0,0,,MIM,,
23732,MIM 411,MIM,LS,Mimari Proje VII,,Nurbin Paker Kahvecioğlu,MMB | MMB,Pazartesi | Perşembe,13:30/17:29 | 13:30/17:29,,6,6,,MIM,,
23733,MIM 126E,MIM,LS,Strength of Materials,,Haluk Sesigür,MMB,Çarşamba,08:30/10:29,,0,51,,"EUTE, MIM, MIME",,
23734,MIM 411E,MIM,LS,Architectural Design VII,,Ayşe Şentürer,MMB | MMB,Pazartesi | Perşembe,13:30/17:29 | 13:30/17:29,,3,3,,"MIM, MIME",,
23735,MIM 126E,MIM,LS,Strength of Materials,,Cenk Üstündağ,MMB,Çarşamba,08:30/10:29,,0,53,,"EUTE, MIM, MIME",,
23736,MIM 126E,MIM,LS,Strength of Materials,,Gülseren Erol Soyöz,MMB,Çarşamba,08:30/10:29,,0,50,,"EUTE, MIM, MIME",,
23738,MIM 411E,MIM,LS,Architectural Design VII,,Belkıs Uluoğlu,MMB | MMB,Pazartesi | Perşembe,13:30/17:29 | 13:30/17:29,,3,3,,"MIM, MIME",,
23739,MIM 411E,MIM,LS,Architectural Design VII,,Ozan Önder Özener,MMB | MMB,Pazartesi | Perşembe,13:30/17:29 | 13:30/17:29,,3,3,,"MIM, MIME",,
23740,MIM 411E,MIM,LS,Architectural Design VII,,Mehmet Emin Şalgamcıoğlu,MMB | MMB,Pazartesi | Perşembe,13:30/17:29 | 13:30/17:29,,3,3,,"MIM, MIME",,
23741,MIM 162E,MIM,LS,Intr.to Building Construction,,"Hülya Kuş, Ayşe Nil Türkeri",MMB,Salı,10:30/12:29,,80,41,,"ICM, MIM, MIME",,
23742,MIM 411E,MIM,LS,Architectural Design VII,,Sinan Mert Şener,MMB | MMB,Pazartesi | Perşembe,13:30/17:29 | 13:30/17:29,,3,3,,"MIM, MIME",,
23743,MIM 412,MIM,LS,Tarihte Bahçe Tasarı..,,Aygül Ağır,MMB,Cuma,13:30/16:29,,25,15,,"ICM, MIM, SBP",,
23744,MIM 420E,MIM,LS,Logic and Theory of Design,,Michael Stefan Bittermann,MMB,Perşembe,09:30/12:29,,25,26,,"ICM, MIM, MIME, PEM, PEME",,
23745,MIM 211E,MIM,LS,Architectural Design III,,Arzu İrem Mollaahmetoğlu,MMB | MMB,Pazartesi | Perşembe,13:30/17:29 | 13:30/17:29,,3,3,,"MIM, MIME, PEME",,
23746,MIM 421,MIM,LS,Rölöve ve Restorasyon Stüdyosu,,Gülsüm Tanyeli,MMB,Cuma,13:30/17:29,,30,30,,MIM,,
23747,MIM 421,MIM,LS,Rölöve ve Restorasyon Stüdyosu,,Yegan Kahya Sayar,MMB,Cuma,13:30/17:29,,30,30,,MIM,,
23748,MIM 421,MIM,LS,Rölöve ve Restorasyon Stüdyosu,,Sakine Yıldız Salman,MMB,Cuma,13:30/17:29,,30,30,,MIM,,
23749,MIM 212,MIM,LS,Mimari Proje IV,,İffet Hülya Arı,MMB | MMB,Pazartesi | Perşembe,13:30/17:29 | 13:30/17:29,,18,18,,MIM,,
23750,MIM 421,MIM,LS,Rölöve ve Restorasyon Stüdyosu,,Umut Almaç,MMB,Cuma,13:30/17:29,,30,30,,MIM,,
23751,MIM 421E,MIM,LS,Archtctrl Survey & Restrtn Std,,Işıl Polat Pekmezci,MMB,Cuma,13:30/17:29,,30,30,,"MIM, MIME",,
23752,MIM 421E,MIM,LS,Archtctrl Survey & Restrtn Std,,Zeynep Eres Özdoğan,MMB,Cuma,13:30/17:29,,30,30,,"MIM, MIME",,
23753,MIM 212,MIM,LS,Mimari Proje IV,,Hakan Tong,MMB | MMB,Pazartesi | Perşembe,13:30/17:29 | 13:30/17:29,,18,18,,MIM,,
23754,MIM 421E,MIM,LS,Archtctrl Survey & Restrtn Std,,Deniz Mazlum,MMB,Cuma,13:30/17:29,,30,30,,"MIM, MIME",,
23755,MIM 421E,MIM,LS,Archtctrl Survey & Restrtn Std,,Ayşegül Özer,MMB,Cuma,13:30/17:29,,30,10,,"MIM, MIME",,
23756,MIM 212,MIM,LS,Mimari Proje IV,,Yüksel Demir,MMB | MMB,Pazartesi | Perşembe,13:30/17:29 | 13:30/17:29,,18,18,,MIM,,
23757,MIM 212,MIM,LS,Mimari Proje IV,,Cemile Tiftik,MMB | MMB,Pazartesi | Perşembe,13:30/17:29 | 13:30/17:29,,18,4,,MIM,,
23758,CHZ 211E,CHZ,LS,Particle Technology,,Gülay Bulut,MDB,Cuma,08:30/12:29,,40,2,,"CHZ, CHZE",,
23759,MIM 212E,MIM,LS,Architectural Design IV,,Özlem Berber Özkendirci,MMB | MMB,Pazartesi | Perşembe,13:30/17:29 | 13:30/17:29,,15,15,,"MIM, MIME",,
23760,MIM 212E,MIM,LS,Architectural Design IV,,Arzu İrem Mollaahmetoğlu,MMB | MMB,Pazartesi | Perşembe,13:30/17:29 | 13:30/17:29,,18,18,,"MIM, MIME",,
23761,MIM 428E,MIM,LS,Desg.Draw.:Pract.&Co..,,Hakan Tüzün Şengün,MMB,Salı,13:30/16:29,,25,25,,"ICM, MIM, MIME",,
23762,MIM 212E,MIM,LS,Architectural Design IV,,Fatma Erkök,MMB | MMB,Pazartesi | Perşembe,13:30/17:29 | 13:30/17:29,,18,18,,"MIM, MIME",,
23763,INS 314,INS,LS,Yapı Dinamiği,,Abdullah Necmettin Gündüz,INB | INB,Çarşamba | Perşembe,08:30/10:29 | 13:30/14:29,,40,14,,INS,,
23764,MIM 431,MIM,LS,Uygulama Projesi,,Caner Göçer,MMB | MMB,Salı | Cuma,13:30/17:29 | 08:30/12:29,,14,14,,MIM,,
23765,MIM 431,MIM,LS,Uygulama Projesi,,Seda Erdem,MMB | MMB,Salı | Cuma,13:30/17:29 | 08:30/12:29,,14,12,,MIM,,
23766,MIM 431,MIM,LS,Uygulama Projesi,,Seden Acun Özgünler,MMB | MMB,Salı | Cuma,08:30/12:29 | 13:30/17:29,,14,14,,MIM,,
23767,INS 322,INS,LS,Betonarme I,,Beyza Taşkın Akgül,INB | INB,Çarşamba | Cuma,10:30/12:29 | 10:30/12:29,,50,50,,INS,,
23768,MIM 431E,MIM,LS,Construction Project,,Fatih Yazıcıoğlu,MMB | MMB,Salı | Cuma,13:30/17:29 | 08:30/12:29,,14,14,,MIME,,
23769,INS 322,INS,LS,Betonarme I,,Mustafa Gençoğlu,INB | INB,Pazartesi | Salı,10:30/12:29 | 10:30/12:29,,50,47,,INS,,
23770,INS 322,INS,LS,Betonarme I,,Tülay Aksu Özkul,INB | INB,Pazartesi | Salı,08:30/10:29 | 08:30/10:29,,55,54,,INS,,
23771,INS 322,INS,LS,Betonarme I,,Kutlu Darılmaz,INB | INB,Pazartesi | Salı,08:30/10:29 | 08:30/10:29,,55,55,,INS,,
23772,MIM 221,MIM,LS,Türk Mimarlık Tarihi,,Aras Neftçi,MMB,Pazartesi,08:30/10:29,,80,18,,MIM,,
23773,MIM 221E,MIM,LS,Hstry of Turkish Architecture,,Bilge Ar,MMB,Pazartesi,10:30/12:29,,80,43,,"MIM, MIME",,
23774,MIM 222,MIM,LS,Avrupa Mimarlık Tarihi,,--,MMB,Salı,08:30/10:29,,120,8,,MIM,,
23775,MIM 222,MIM,LS,Avrupa Mimarlık Tarihi,,Vesile Gül Cephanecigil,MMB,Salı,08:30/10:29,,0,38,,MIM,,
23776,MIM 222,MIM,LS,Avrupa Mimarlık Tarihi,,Aygül Ağır,MMB,Salı,08:30/10:29,,0,43,,MIM,,
23777,MIM 222E,MIM,LS,Histry of Europn Architecture,,Zeynep Kuban Tokgöz,MMB,Salı,10:30/12:29,,90,90,,"MIM, MIME",,
23778,INS 322E,INS,LS,Reinforced Concrete I,,Alper İlki,INB | INB,Çarşamba | Cuma,10:30/12:29 | 10:30/12:29,,50,42,,"INS, INSE",,
23779,MIM 231,MIM,LS,Yapı Malzemesi,,Mehmet Serkan Yatağan,MMB | MMB,Salı | Cuma,10:30/12:29 | 10:30/12:29,,60,19,,MIM,,
23780,MIM 232,MIM,LS,Betonarme Yapılar,,--,MMB | MMB,Salı | Cuma,10:30/12:29 | 10:30/12:29,,135,4,,MIM,,
23781,INS 322E,INS,LS,Reinforced Concrete I,,Ali Sarı,INB | INB,Pazartesi | Salı,10:30/12:29 | 10:30/12:29,,50,24,,"INS, INSE",,
23782,MIM 232,MIM,LS,Betonarme Yapılar,,Necdet Torunbalcı,MMB | MMB,Salı | Cuma,10:30/12:29 | 10:30/12:29,,0,43,,MIM,,
23783,MIM 232,MIM,LS,Betonarme Yapılar,,Oğuz Cem Çelik,MMB | MMB,Salı | Cuma,10:30/12:29 | 10:30/12:29,,0,38,,MIM,,
23785,MIM 232,MIM,LS,Betonarme Yapılar,,Halet Almıla Büyüktaşkın,MMB | MMB,Salı | Cuma,10:30/12:29 | 10:30/12:29,,0,43,,MIM,,
23786,MIM 232E,MIM,LS,Reinforced Concrete Structures,,--,MMB | MMB,Salı | Cuma,08:30/10:29 | 08:30/10:29,,120,4,,"MIM, MIME",,
23787,MIM 232E,MIM,LS,Reinforced Concrete Structures,,Haluk Sesigür,MMB | MMB,Salı | Cuma,08:30/10:29 | 08:30/10:29,,0,59,,"MIM, MIME",,
23788,MIM 232E,MIM,LS,Reinforced Concrete Structures,,Cenk Üstündağ,MMB | MMB,Salı | Cuma,08:30/10:29 | 08:30/10:29,,0,59,,"MIM, MIME",,
23791,MIM 246,MIM,LS,Çevre Kontrolü Stüdyosu,,Şule Filiz Akşit,MMB | MMB,Salı | Perşembe,13:30/17:29 | 08:30/12:29,,0,45,,MIM,,
23792,MIM 246,MIM,LS,Çevre Kontrolü Stüdyosu,,Gülten Manioğlu,MMB | MMB,Salı | Perşembe,13:30/17:29 | 08:30/12:29,,0,45,,MIM,,
23793,MIM 246E,MIM,LS,Environmental Control Studio,,--,MMB | MMB,Salı | Perşembe,13:30/17:29 | 08:30/12:29,,150,1,,"ICM, MIM, MIME",,
23794,MIM 246E,MIM,LS,Environmental Control Studio,,Gül Koçlar Oral,MMB | MMB,Salı | Perşembe,13:30/17:29 | 08:30/12:29,,0,75,,"ICM, MIM, MIME",,
23795,MIM 246E,MIM,LS,Environmental Control Studio,,Alpin Köknel Yener,MMB | MMB,Salı | Perşembe,13:30/17:29 | 08:30/12:29,,0,75,,"ICM, MIM, MIME",,
23798,MIM 204,MIM,LS,Mimarlık. Yapı Elemanları Tas.,,Caner Göçer,MMB | MMB,Çarşamba | Çarşamba,09:30/12:29 | 13:30/15:29,,0,35,,"ICM, MIM",,
23799,MIM 204,MIM,LS,Mimarlık. Yapı Elemanları Tas.,,Hülya Kuş,MMB | MMB,Çarşamba | Çarşamba,09:30/12:29 | 13:30/15:29,,0,34,,"ICM, MIM",,
23800,MIM 204,MIM,LS,Mimarlık. Yapı Elemanları Tas.,,İkbal Çetiner,MMB | MMB,Çarşamba | Çarşamba,09:30/12:29 | 13:30/15:29,,0,32,,"ICM, MIM",,
23801,MIM 204,MIM,LS,Mimarlık. Yapı Elemanları Tas.,,Ayşe Nil Türkeri,MMB | MMB,Çarşamba | Çarşamba,09:30/12:29 | 13:30/15:29,,0,33,,"ICM, MIM",,
23802,MIM 204,MIM,LS,Mimarlık. Yapı Elemanları Tas.,,--,MMB | MMB,Çarşamba | Çarşamba,09:30/12:29 | 13:30/15:29,,150,11,,"ICM, MIM",,
23803,MIM 204E,MIM,LS,Arch.Building Element Design,,--,MMB | MMB,Çarşamba | Çarşamba,09:30/12:29 | 13:30/15:29,,150,8,,"ICM, MIM, MIME",,
23804,MIM 204E,MIM,LS,Arch.Building Element Design,,Mehmet Cem Altun,MMB | MMB,Çarşamba | Çarşamba,09:30/12:29 | 13:30/15:29,,0,31,,"ICM, MIM, MIME",,
23805,MIM 204E,MIM,LS,Arch.Building Element Design,,Gülten Aslıhan Tavil,MMB | MMB,Çarşamba | Çarşamba,09:30/12:29 | 13:30/15:29,,0,30,,"ICM, MIM, MIME",,
23806,MIM 204E,MIM,LS,Arch.Building Element Design,,Fethiye Ecem Edis,MMB | MMB,Çarşamba | Çarşamba,09:30/12:29 | 13:30/15:29,,0,30,,"ICM, MIM, MIME",,
23807,MIM 204E,MIM,LS,Arch.Building Element Design,,Fatih Yazıcıoğlu,MMB | MMB,Çarşamba | Çarşamba,09:30/12:29 | 13:30/15:29,,0,32,,"ICM, MIM, MIME",,
23809,MIM 252,MIM,LS,Mimari Tasarım Kuramları,,Emine Görgül,MMB,Perşembe,09:30/12:29,,25,26,,"EUT, ICM, MIM, PEM, SBP",,
23810,MIM 253E,MIM,LS,Steel Structures,,Haluk Sesigür,MMB,Salı,13:30/15:29,,60,49,,"MIM, MIME",,
23811,MIM 271E,MIM,LS,Theory of Structures,,Cenk Üstündağ,MMB,Cuma,10:30/12:29,,60,46,,"MIM, MIME",,
23812,INS 421,INS,LS,Betonarme II,,Turgut Öztürk,INB | INB,Pazartesi | Salı,10:30/12:29 | 10:30/12:29,,24,24,,INS,,
23813,INS 421,INS,LS,Betonarme II,,Yıldır Akkaya,INB | INB,Pazartesi | Salı,10:30/12:29 | 10:30/12:29,,24,24,,INS,,
23814,INS 421,INS,LS,Betonarme II,,Cem Demir,INB | INB,Pazartesi | Salı,08:30/10:29 | 08:30/10:29,,24,24,,INS,,
23815,MIM 212E,MIM,LS,Architectural Design IV,,Pelin Dursun Çebi,MMB | MMB,Pazartesi | Perşembe,13:30/17:29 | 13:30/17:29,,18,14,,"MIM, MIME",,
23817,MIM 212E,MIM,LS,Architectural Design IV,,Burçin Kürtüncü,MMB | MMB,Pazartesi | Perşembe,13:30/17:29 | 13:30/17:29,,18,18,,"MIM, MIME",,
23818,MIM 438E,MIM,LS,Survy.with Optic.&El..,,"Umut Almaç, Bilge Ar",MMB,Perşembe,09:30/12:29,,25,26,,"MIME, PEME",,
23819,MIM 442E,MIM,LS,Det.Dsgn.Meth.ofContemp.Arch.,,Fatih Yazıcıoğlu,MMB,Cuma,13:30/16:29,,25,19,,"ICM, MIM, MIME, PEM, PEME",,
23821,MIM 212E,MIM,LS,Architectural Design IV,,İpek Akpınar Aksugür,MMB | MMB,Pazartesi | Perşembe,13:30/17:29 | 13:30/17:29,,18,18,,"MIM, MIME",,
23822,MIM 461E,MIM,LS,Envir.Dsg.for the Di..,,Göksenin İnalhan,MMB,Pazartesi,09:30/12:29,,25,20,,"EUT, EUTE, MIM, MIME, PEM, PEME, SBP, SBPE",,
23823,MIM 466,MIM,LS,Mimari ve Etkileri,,Suat Apak,MMB,Pazartesi,09:30/12:29,,25,32,,"ICM, MIM, SBP",,
23824,INS 421,INS,LS,Betonarme II,,Erol Lale,INB | INB,Pazartesi | Salı,08:30/10:29 | 08:30/10:29,,24,24,,INS,,
23825,MIM 467,MIM,LS,Pascal ile Programlama,,Atilla Aydoğdu,MMB,Cuma,13:30/16:29,,25,5,,MIM,,
23826,MIM 475,MIM,LS,Yüksek Binaların Mimari Tas.,,Çiğdem Eren,MMB,Salı,13:30/16:29,,25,25,,MIM,,
23827,MIM 480E,MIM,LS,The Changing Workplace,,Göksenin İnalhan,MMB,Perşembe,09:30/12:29,,25,22,,"ICM, MIM, MIME, PEM, PEME",,
23828,MIM 212E,MIM,LS,Architectural Design IV,,Sıdıka Aslıhan Şenel,MMB | MMB,Pazartesi | Perşembe,13:30/17:29 | 13:30/17:29,,18,18,,"MIM, MIME",,
23829,MIM 212E,MIM,LS,Architectural Design IV,,Funda Uz,MMB | MMB,Pazartesi | Perşembe,13:30/17:29 | 13:30/17:29,,18,18,,"MIM, MIME",,
23830,INS 421E,INS,LS,Reinforced Concrete II,,Fatih Sütcü,INB | INB,Perşembe | Cuma,10:30/12:29 | 10:30/12:29,,24,24,,"INS, INSE",,
23831,INS 442,INS,LS,Betonarme Temeller,,Tülay Aksu Özkul,INB | INB,Pazartesi | Salı,14:30/16:29 | 13:30/14:29,,40,23,,INS,,
23832,INS 456,INS,LS,Depreme Dayanıklı Yapı Tsrm,,--,INB | INB,Salı | Çarşamba,14:30/15:29 | 08:30/10:29,,0,0,,INS,,
23833,INS 458,INS,LS,Öngerilmeli Beton,,"Yıldır Akkaya, Erol Lale",INB | INB,Pazartesi | Perşembe,13:30/14:29 | 08:30/10:29,,40,15,,INS,,
23834,MIM 485E,MIM,LS,Building Constructn Techniques,,Mehmet Cem Altun,MMB,Salı,14:30/17:29,,25,25,,"ICM, MIM, MIME",,
23835,MIM 492,MIM,LS,Bitirme Çalışması,,Ayşe Şentürer,MMB,,/,,500,83,,MIM,,
23836,MIM 492E,MIM,LS,Graduation Project,,Ayşe Şentürer,MMB,,/,,500,98,,"MIM, MIME",,
23837,TES 121E,TES,LS,Project II,,Hakan Tüzün Şengün,MMB | MMB,Pazartesi | Perşembe,08:30/12:29 | 08:30/12:29,,0,21,,"EUT, EUTE, ICM, MIM, MIME, PEM, PEME, SBP, SBPE",,
23838,TES 121E,TES,LS,Project II,,Nesip Ömer Erem,MMB | MMB,Pazartesi | Perşembe,08:30/12:29 | 08:30/12:29,,0,21,,"EUT, EUTE, ICM, MIM, MIME, PEM, PEME, SBP, SBPE",,
23839,TES 121E,TES,LS,Project II,,Çiğdem Eren,MMB | MMB,Pazartesi | Perşembe,08:30/12:29 | 08:30/12:29,,0,28,,"EUT, EUTE, ICM, MIM, MIME, PEM, PEME, SBP, SBPE",,
23840,TES 121E,TES,LS,Project II,,Elif Sezen Yağmur Kilimci,MMB | MMB,Pazartesi | Perşembe,08:30/12:29 | 08:30/12:29,,0,28,,"EUT, EUTE, ICM, MIM, MIME, PEM, PEME, SBP, SBPE",,
23841,TES 121E,TES,LS,Project II,,Ayşe Meltem Baslo,MMB | MMB,Pazartesi | Perşembe,08:30/12:29 | 08:30/12:29,,0,21,,"EUT, EUTE, ICM, MIM, MIME, PEM, PEME, SBP, SBPE",,
23842,TES 121E,TES,LS,Project II,,Tan Kamil Gürer,MMB | MMB,Pazartesi | Perşembe,08:30/12:29 | 08:30/12:29,,0,27,,"EUT, EUTE, ICM, MIM, MIME, PEM, PEME, SBP, SBPE",,
23843,TES 121E,TES,LS,Project II,,Nizam Onur Sönmez,MMB | MMB,Pazartesi | Perşembe,08:30/12:29 | 08:30/12:29,,0,21,,"EUT, EUTE, ICM, MIM, MIME, PEM, PEME, SBP, SBPE",,
23844,TES 121E,TES,LS,Project II,,Sema Alaçam,MMB | MMB,Pazartesi | Perşembe,08:30/12:29 | 08:30/12:29,,0,21,,"EUT, EUTE, ICM, MIM, MIME, PEM, PEME, SBP, SBPE",,
23845,TES 122E,TES,LS,Vis.CommII:Visualiza..,,Çiğdem Eren,MMB,Cuma,13:30/17:29,,0,0,,"EUT, EUTE, ICM, MIM, MIME, PEM, PEME, SBP, SBPE",,
23846,TES 122E,TES,LS,Vis.CommII:Visualiza..,,Hakan Tüzün Şengün,MMB,Cuma,13:30/17:29,,0,0,,"EUT, EUTE, ICM, MIM, MIME, PEM, PEME, SBP, SBPE",,
23847,TES 122E,TES,LS,Vis.CommII:Visualiza..,,Ayşe Meltem Baslo,MMB,Cuma,13:30/17:29,,0,0,,"EUT, EUTE, ICM, MIM, MIME, PEM, PEME, SBP, SBPE",,
23848,TES 122E,TES,LS,Vis.CommII:Visualiza..,,Tan Kamil Gürer,MMB,Cuma,13:30/17:29,,0,0,,"EUT, EUTE, ICM, MIM, MIME, PEM, PEME, SBP, SBPE",,
23849,TES 122E,TES,LS,Vis.CommII:Visualiza..,,Elif Sezen Yağmur Kilimci,MMB,Cuma,13:30/17:29,,0,0,,"EUT, EUTE, ICM, MIM, MIME, PEM, PEME, SBP, SBPE",,
23850,TES 122E,TES,LS,Vis.CommII:Visualiza..,,Nizam Onur Sönmez,MMB,Cuma,13:30/17:29,,0,0,,"EUT, EUTE, ICM, MIM, MIME, PEM, PEME, SBP, SBPE",,
23851,TES 122E,TES,LS,Vis.CommII:Visualiza..,,Sema Alaçam,MMB,Cuma,13:30/17:29,,0,0,,"EUT, EUTE, ICM, MIM, MIME, PEM, PEME, SBP, SBPE",,
23852,TES 122E,TES,LS,Vis.CommII:Visualiza..,,Nesip Ömer Erem,MMB,Cuma,13:30/17:29,,0,0,,"EUT, EUTE, ICM, MIM, MIME, PEM, PEME, SBP, SBPE",,
23853,TES 122E,TES,LS,Vis.CommII:Visualiza..,,Elmira Ayşe Gür,MMB,Cuma,13:30/17:29,,0,0,,"EUT, EUTE, ICM, MIM, MIME, PEM, PEME, SBP, SBPE",,
23854,TES 211E,TES,LS,Project III,,Yasemin Alkışer Bregger,MMB | MMB,Pazartesi | Perşembe,13:30/17:29 | 13:30/17:29,,23,10,,"EUT, EUTE, ICM, MIM, MIME, PEM, PEME, SBP, SBPE",,
23858,EUT 220E,EUT,LS,Industrial Design Studio I,,Koray Gelmez,MMB | MMB,Salı | Cuma,13:30/17:29 | 13:30/17:29,,31,31,,"EUTE, EUTM",,
23859,EUT 220E,EUT,LS,Industrial Design Studio I,,Çiğdem Kaya Pazarbaşı,MMB | MMB,Salı | Cuma,13:30/17:29 | 13:30/17:29,,31,31,,"EUTE, EUTM",,
23860,MEK 207,MEK,LS,Mühendislik Mekaniği,,Necmi Aydın Ünverdi,MKB | MKB,Pazartesi | Salı,13:30/15:29 | 09:30/12:29,,60,21,,"IML, MAKM",,
23861,EUT 206E,EUT,LS,Statistics,,Hilmi Berk Çelikoğlu,MMB | MMB,Çarşamba | Çarşamba,11:30/12:29 | 13:30/15:29,,70,31,,EUTE,,
23867,EUT 272E,EUT,LS,Human Factors inProduct Design,,Ekrem Cem Alppay,MMB,Salı,09:30/12:29,,74,74,,"EUT, EUTE, EUTM",,
23869,EUT 282E,EUT,LS,Computer Aided 3D Modeling,,Ekrem Cem Alppay,MMB,Perşembe,09:30/12:29,,36,36,,"EUT, EUTE",,
23871,EUT 282E,EUT,LS,Computer Aided 3D Modeling,,Ekrem Cem Alppay,MMB,Perşembe,14:30/17:29,,33,30,,"EUT, EUTE",,
23872,EUT 319E,EUT,LS,Industrial Design Studio II,,Layıka Ney Ece Arıburun Kırca,MMB | MMB,Salı | Cuma,13:30/17:29 | 13:30/17:29,,20,11,,EUTE,,
23873,EUT 320E,EUT,LS,Industrial Design Studio III,,Şebnem Timur Öğüt,MMB | MMB,Salı | Cuma,13:30/17:29 | 13:30/17:29,,17,13,,EUTE,,
23874,EUT 320E,EUT,LS,Industrial Design Studio III,,Özge Çelikoğlu,MMB | MMB,Salı | Cuma,13:30/17:29 | 13:30/17:29,,17,17,,EUTE,,
23875,EUT 326E,EUT,LS,Ceramics Design and Technology,,Aynur Karakaş Karaağaç,MMB,Perşembe,13:30/16:29,,20,20,,"EUT, EUTE, EUTM",,
23876,EUT 328E,EUT,LS,Animation App.in Ind. Design,,Elif Küçüksayraç,MMB,Salı,09:30/12:29,,28,28,,"EUT, EUTE, EUTM",,
23877,EUT 334E,EUT,LS,Design and Form,,Deniz Leblebici Başar,MMB,Çarşamba,09:30/12:29,,28,28,,"EUT, EUTE, EUTM, ICM, ISL, ISLE",,
23878,EUT 342E,EUT,LS,Law and Legal Issues in Design,,Özgür Öztürk,MMB,Pazartesi,13:30/16:29,,64,64,,"EUT, EUTE",,
23879,EUT 343E,EUT,LS,Typography,,Koray Gelmez,MMB,Salı,08:30/12:29,,30,30,,"EUT, EUTE, EUTM, ICM",,
23881,EUT 350E,EUT,LS,Contemporary Furniture Design,,Layıka Ney Ece Arıburun Kırca,MMB,Perşembe,08:30/12:29,,30,30,,"EUT, EUTE, EUTM, ICM",,
23882,EUT 352E,EUT,LS,Project Management in Design,,Begüm Sertyeşilışık,MMB,Çarşamba,08:30/12:29,,60,53,,"EUT, EUTE",,
23883,EUT 359E,EUT,LS,Advanced Modelmaking Techn.,,Mehmet Erkök,MMB,Cuma,08:30/12:29,,25,9,,"EUT, EUTE, EUTM",,
23885,EUT 365E,EUT,LS,Fund. of Design Thinking,,Miray Boğa,MMB,Cuma,09:30/12:29,,30,30,,"EUTE, ICM, MIM, MIME, PEME, SBP, SBPE",,
23886,EUT 419E,EUT,LS,Industrial Design Studio IV,,Miray Boğa,MMB | MMB,Salı | Cuma,13:30/17:29 | 13:30/17:29,,30,5,,EUTE,,
23887,EUT 429E,EUT,LS,Sustainable Product Design,,Elif Küçüksayraç,MMB,Pazartesi,08:30/12:29,,30,30,,EUTE,,
23888,EUT 436E,EUT,LS,Visualization Techniques,,Mehmet Erkök,MMB,Salı,08:30/12:29,,27,12,,"EUT, EUTE, EUTM",,
23889,EUT 434E,EUT,LS,Seeing in Design,,Miray Boğa,MMB,Pazartesi,13:30/17:29,,30,29,,"EUTE, EUTM, ICM",,
23890,EUT 439E,EUT,LS,Profession.Practice in Design,,Koray Gelmez,MMB,Pazartesi,09:30/12:29,,25,25,,"EUT, EUTE, EUTM",,
23891,EUT 492,EUT,LS,Bitirme Çalışması,,Ekrem Cem Alppay,MMB,Çarşamba,09:30/11:29,,50,1,,EUT,,
23892,EUT 492E,EUT,LS,Graduation Project,,Ekrem Cem Alppay,MMB,,/,,100,42,,"EUT, EUTE",,
23893,TES 121E,TES,LS,Project II,,Demet Günal Ertaş,MMB | MMB,Pazartesi | Perşembe,08:30/12:29 | 08:30/12:29,,0,28,,"EUT, EUTE, ICM, MIM, MIME, PEM, PEME, SBP, SBPE",,
23894,TES 121E,TES,LS,Project II,,Fatma Pınar Özemir,MMB | MMB,Pazartesi | Perşembe,08:30/12:29 | 08:30/12:29,,0,28,,"EUT, EUTE, ICM, MIM, MIME, PEM, PEME, SBP, SBPE",,
23895,TES 122E,TES,LS,Vis.CommII:Visualiza..,,Fatma Pınar Özemir,MMB,Cuma,13:30/17:29,,0,0,,"EUT, EUTE, ICM, MIM, MIME, PEM, PEME, SBP, SBPE",,
23896,TES 122E,TES,LS,Vis.CommII:Visualiza..,,Mehmet Erkök,MMB,Cuma,13:30/17:29,,0,0,,"EUT, EUTE, ICM, MIM, MIME, PEM, PEME, SBP, SBPE",,
23897,TES 211E,TES,LS,Project III,,Elif Küçüksayraç,MMB | MMB,Pazartesi | Perşembe,13:30/17:29 | 13:30/17:29,,20,10,,"EUT, EUTE, ICM, MIM, MIME, PEM, PEME, SBP, SBPE",,
23898,ICM 126,ICM,LS,"Iç Mim.Tarih,Kuram & Eleştri I",,Deniz Çalışır Pençe,MMB,Cuma,08:30/10:29,,84,84,,ICM,,
23899,ICM 224,ICM,LS,"Iç Mim.Tarih,Kuram &..",,Deniz Çalışır Pençe,MMB,Salı,10:30/12:29,,80,62,,ICM,,
23900,ICM 246E,ICM,LS,Interior Arch. Design Studio I,,--,MMB | MMB,Pazartesi | Perşembe,13:30/17:29 | 13:30/17:29,,0,0,,"ICM, ICMM",,
23902,ICM 246E,ICM,LS,Interior Arch. Design Studio I,,Ervin Garip,MMB | MMB,Pazartesi | Perşembe,13:30/17:29 | 13:30/17:29,,22,22,,"ICM, ICMM",,
23903,ICM 246E,ICM,LS,Interior Arch. Design Studio I,,Seniye Banu Garip,MMB | MMB,Pazartesi | Perşembe,13:30/17:29 | 13:30/17:29,,22,22,,"ICM, ICMM",,
23904,ICM 206E,ICM,LS,Surv andRepr.Tch.in Intr.Arch.,,"Bahadır Numan, Sonya Türkman",MMB,Cuma,08:30/12:29,,80,61,,"ICM, ICMM",,
23905,ICM 349E,ICM,LS,Interior Arch.Design Studio II,,Emine Görgül,MMB | MMB,Pazartesi | Perşembe,13:30/17:29 | 13:30/17:29,,20,3,,"ICM, ICMM",,
23907,ICM 368E,ICM,LS,Dsgn Prins of Intr. Fins. Sys,,Mehmet Serkan Yatağan,MMB,Perşembe,08:30/13:29,,60,48,,"ICM, ICMM",,
23908,ICM 346,ICM,LS,Yapı Malzemesi II,,"Seden Acun Özgünler, Mehmet Serkan Yatağan",MMB,Çarşamba,08:30/12:29,,60,44,,ICM,,
23909,ICM 366E,ICM,LS,Interior Arch.Desgn Studio III,,--,MMB | MMB,Pazartesi | Perşembe,13:30/17:29 | 13:30/17:29,,0,0,,ICM,,
23910,ICM 366E,ICM,LS,Interior Arch.Desgn Studio III,,Özge Cordan,MMB | MMB,Pazartesi | Perşembe,13:30/17:29 | 13:30/17:29,,0,17,,ICM,,
23911,ICM 366E,ICM,LS,Interior Arch.Desgn Studio III,,Akın Tolga İlter,MMB | MMB,Pazartesi | Perşembe,13:30/17:29 | 13:30/17:29,,0,18,,ICM,,
23912,ICM 408E,ICM,LS,Comm Design In Interior Arch.,,Seniye Banu Garip,MMB,Salı,10:30/12:29,,60,34,,ICM,,
23913,ICM 4902,ICM,LS,Diploma Projesi,,"Özge Cordan, Ethem Gürer",MMB,,/,,40,18,,ICM,,
23914,ICM 4902E,ICM,LS,Graduation Project,,"Ethem Gürer, Özge Cordan",MMB,,/,,40,9,,ICM,,
23917,TES 121E,TES,LS,Project II,,Melih Bozkurt,MMB | MMB,Pazartesi | Perşembe,08:30/12:29 | 08:30/12:29,,0,21,,"EUT, EUTE, ICM, MIM, MIME, PEM, PEME, SBP, SBPE",,
23918,TES 121E,TES,LS,Project II,,Muhammed Ali Örnek,MMB | MMB,Pazartesi | Perşembe,08:30/12:29 | 08:30/12:29,,0,21,,"EUT, EUTE, ICM, MIM, MIME, PEM, PEME, SBP, SBPE",,
23919,TES 122E,TES,LS,Vis.CommII:Visualiza..,,Muhammed Ali Örnek,MMB,Cuma,13:30/17:29,,0,0,,"EUT, EUTE, ICM, MIM, MIME, PEM, PEME, SBP, SBPE",,
23920,PEM 126E,PEM,LS,Hist.Theo.&Crtc.in; ..,,Ebru Erbaş Gürler,MMB,Çarşamba,09:30/12:29,,55,41,,"PEM, PEME, PEMM",,
23921,PEM 134E,PEM,LS,Plant Material I,,Hayriye Eşbah Tunçay,MMB,Perşembe,13:30/17:29,,55,50,,"PEM, PEME, PEMM",,
23922,PEM 120E,PEM,LS,Natural Systems &Design;,,Meltem Erdem Kaya,MMB,Salı,10:30/12:29,,55,55,,PEME,,
23923,PEM 212E,PEM,LS,Landscape Design I,,Meltem Erdem Kaya,MMB | MMB,Pazartesi | Perşembe,13:30/17:29 | 13:30/17:29,,30,30,,"PEM, PEME",,
23924,PEM 212E,PEM,LS,Landscape Design I,,Ebru Erbaş Gürler,MMB | MMB,Pazartesi | Perşembe,13:30/17:29 | 13:30/17:29,,25,12,,"PEM, PEME",,
23925,PEM 254E,PEM,LS,Landscape Construction II,,"Yasin Çağatay Seçkin, Muhammed Ali Örnek",MMB,Salı,13:30/17:29,,45,42,,"PEM, PEME",,
23926,PEM 256E,PEM,LS,Planting Design Studio,,Hayriye Eşbah Tunçay,MMB,Perşembe,08:30/12:29,,45,45,,"PEM, PEME, PEMM",,
23928,PEM 206E,PEM,LS,Urban Design,,Melih Bozkurt,MMB,Salı,08:30/12:29,,50,50,,PEME,,
23929,PEM 311E,PEM,LS,Landscape Design II,,Fatma Ayçim Türer Başkaya,MMB | MMB,Pazartesi | Perşembe,13:30/17:29 | 13:30/17:29,,15,8,,"PEM, PEME",,
23930,PEM 312E,PEM,LS,Landscape Design III,,Fatma Ayçim Türer Başkaya,MMB | MMB,Pazartesi | Perşembe,13:30/17:29 | 13:30/17:29,,30,12,,"PEM, PEME",,
23932,PEM 342E,PEM,LS,Rural Landscape Planning,,Meltem Erdem Kaya,MMB,Salı,13:30/17:29,,35,26,,"PEM, PEME",,
23933,PEM 344E,PEM,LS,Landscape Construction IV,,Yasin Çağatay Seçkin,MMB,Çarşamba,08:30/12:29,,35,35,,"PEM, PEME",,
23934,PEM 368E,PEM,LS,Dig.Repres.Tech.for Lands.Dsgn,,Muhammed Ali Örnek,MMB,Cuma,08:30/12:29,,30,30,,PEME,,
23935,PEM 411E,PEM,LS,Landscape Design IV,,Gülşen Aytaç,MMB | MMB,Pazartesi | Perşembe,13:30/17:29 | 13:30/17:29,,35,4,,"PEM, PEME",,
23936,PEM 422E,PEM,LS,Professional Practice & Ethics,,Ebru Erbaş Gürler,MMB,Çarşamba,13:30/15:29,,35,24,,"PEM, PEME",,
23937,PEM 492,PEM,LS,Bitirme Çalışması,,"Meltem Erdem Kaya, Fatma Ayçim Türer Başkaya, Melih Bozkurt, Muhammed Ali Örnek",MMB,,/,,500,0,,PEM,,
23938,PEM 492E,PEM,LS,Graduation Project,,"Meltem Erdem Kaya, Fatma Ayçim Türer Başkaya, Melih Bozkurt, Muhammed Ali Örnek",MMB,,/,,500,16,,"PEM, PEME",,
23939,ICM 360E,ICM,LS,"Social Transform.,Ge..",,Emine Görgül,MMB,Çarşamba,12:30/15:29,,20,47,,"EUTE, ICM, MIM, MIME, PEME, SBP, SBPE",,
23940,ICM 449E,ICM,LS,Interior Arch.Desgn Studio IV,,Emine Görgül,MMB | MMB,Pazartesi | Perşembe,13:30/17:29 | 13:30/17:29,,20,7,,ICM,,
23941,TES 121E,TES,LS,Project II,,Ethem Gürer,MMB | MMB,Pazartesi | Perşembe,08:30/12:29 | 08:30/12:29,,0,28,,"EUT, EUTE, ICM, MIM, MIME, PEM, PEME, SBP, SBPE",,
23942,TES 121E,TES,LS,Project II,,Bahadır Numan,MMB | MMB,Pazartesi | Perşembe,08:30/12:29 | 08:30/12:29,,0,21,,"EUT, EUTE, ICM, MIM, MIME, PEM, PEME, SBP, SBPE",,
23943,TES 122E,TES,LS,Vis.CommII:Visualiza..,,Ethem Gürer,MMB,Cuma,13:30/17:29,,0,0,,"EUT, EUTE, ICM, MIM, MIME, PEM, PEME, SBP, SBPE",,
23944,TES 122E,TES,LS,Vis.CommII:Visualiza..,,Bahadır Numan,MMB,Cuma,13:30/17:29,,0,0,,"EUT, EUTE, ICM, MIM, MIME, PEM, PEME, SBP, SBPE",,
23945,TES 122E,TES,LS,Vis.CommII:Visualiza..,,Sonya Türkman,MMB,Cuma,13:30/17:29,,0,0,,"EUT, EUTE, ICM, MIM, MIME, PEM, PEME, SBP, SBPE",,
23946,TES 121E,TES,LS,Project II,,Hatice Ayataç,MMB | MMB,Pazartesi | Perşembe,08:30/12:29 | 08:30/12:29,,0,21,,"EUT, EUTE, ICM, MIM, MIME, PEM, PEME, SBP, SBPE",,
23947,TES 121E,TES,LS,Project II,,Eda Beyazıt,MMB | MMB,Pazartesi | Perşembe,08:30/12:29 | 08:30/12:29,,0,11,,"EUT, EUTE, ICM, MIM, MIME, PEM, PEME, SBP, SBPE",,
23948,TES 121E,TES,LS,Project II,,Hasan Serdar Kaya,MMB | MMB,Pazartesi | Perşembe,08:30/12:29 | 08:30/12:29,,0,21,,"EUT, EUTE, ICM, MIM, MIME, PEM, PEME, SBP, SBPE",,
23949,TES 121E,TES,LS,Project II,,Eren Kürkçüoğlu,MMB | MMB,Pazartesi | Perşembe,08:30/12:29 | 08:30/12:29,,0,21,,"EUT, EUTE, ICM, MIM, MIME, PEM, PEME, SBP, SBPE",,
23950,TES 121E,TES,LS,Project II,,İmge Akçakaya Waite,MMB | MMB,Pazartesi | Perşembe,08:30/12:29 | 08:30/12:29,,0,21,,"EUT, EUTE, ICM, MIM, MIME, PEM, PEME, SBP, SBPE",,
23951,TES 211E,TES,LS,Project III,,Aliye Ahu Akgün,MMB | MMB,Pazartesi | Perşembe,13:30/17:29 | 13:30/17:29,,15,12,,"EUT, EUTE, ICM, MIM, MIME, PEM, PEME, SBP, SBPE",,
23952,TES 122E,TES,LS,Vis.CommII:Visualiza..,,Eren Kürkçüoğlu,MMB,Cuma,13:30/17:29,,0,0,,"EUT, EUTE, ICM, MIM, MIME, PEM, PEME, SBP, SBPE",,
23953,TES 122E,TES,LS,Vis.CommII:Visualiza..,,Hasan Serdar Kaya,MMB,Cuma,13:30/17:29,,0,0,,"EUT, EUTE, ICM, MIM, MIME, PEM, PEME, SBP, SBPE",,
23954,SBP 119E,SBP,LS,Int.to Urb.&Regio.Pl..,,Aliye Ahu Akgün,MMB,Pazartesi,10:30/12:29,,16,19,,"SBP, SBPE, SBPM",,
23955,SBP 120E,SBP,LS,Intr.to Cmp.Sys.in Urban Std.,,Turgay Kerem Koramaz,MMB,Perşembe,13:30/15:29,,55,54,,"SBP, SBPE",,
23956,SBP 120E,SBP,LS,Intr.to Cmp.Sys.in Urban Std.,,Turgay Kerem Koramaz,MMB,Perşembe,15:30/17:29,,55,34,,"SBP, SBPE",,
23957,SBP 121E,SBP,LS,Evolution of Sci.Thought,,--,MMB,Salı,09:30/11:29,,0,0,,"SBP, SBPE",,
23958,SBP 205E,SBP,LS,Statistics,,Hüseyin Murat Çelik,MMB,Pazartesi,13:30/16:29,,55,46,,"SBP, SBPE",,
23959,SBP 214E,SBP,LS,Geography,,Eda Beyazıt,MMB,Çarşamba,12:30/15:29,,65,56,,"ISLE, PEME, SBP, SBPE, SBPM",,
23960,SBP 222,SBP,LS,Şehir Ekonomisi,,Emine Ferhan Gezici Korten,MMB,Pazartesi,10:30/12:29,,60,59,,"SBP, SBPM",,
23961,SBP 222E,SBP,LS,Urban Economics,,Elif Alkay,MMB,Cuma,10:30/12:29,,55,54,,"SBPE, SBPM",,
23962,SBP 224,SBP,LS,Şehir ve Çevre Jeolojisi,,Remzi Karagüzel,MMB,Perşembe,09:30/12:29,,55,35,,SBP,,
23963,SBP 224E,SBP,LS,Urban & Environmental Geology,,Nilgün Okay,MMB,Perşembe,13:30/16:29,,55,21,,"PEME, SBPE",,
23964,SBP 232,SBP,LS,Şehir Tarihi,,Ayşe Sema Kubat,MMB,Perşembe,13:30/16:29,,55,43,,SBP,,
23965,SBP 232E,SBP,LS,The City in History,,Ayşe Sema Kubat,MMB,Perşembe,09:30/12:29,,55,57,,"SBP, SBPE, SBPM",,
23966,SBP 234,SBP,LS,Şehir Sosyolojisi,,Gülden Erkut,MMB,Pazartesi,13:30/15:29,,60,60,,SBP,,
23967,CAB 706,CAB,LS,Zurna II,,Ünal Yürük,TMB | TMB,Çarşamba | Perşembe,10:30/12:29 | 10:30/12:29,,5,0,,CAB,,
23968,SBP 234E,SBP,LS,Urban Sociology,,Elvan Gülöksüz,MMB,Pazartesi,10:30/12:29,,55,51,,"SBPE, SBPM",,
23969,SBP 126,SBP,LS,CBS ve Planlama,,Hasan Serdar Kaya,MMB,Salı,09:30/12:29,,65,65,,SBP,,
23970,SBP 126E,SBP,LS,GIS and Planning,,Fatih Terzi,MMB,Salı,09:30/12:29,,55,43,,"SBPE, SBPM",,
23971,SBP 242E,SBP,LS,Planning Theory and Techniques,,Başak Demireş Özkul,MMB,Salı,09:30/12:29,,55,53,,"SBPE, SBPM",,
23972,SBP 242,SBP,LS,Planlama Kuramı ve Teknikleri,,Mehmet Ocakçı,MMB,Çarşamba,08:30/11:29,,60,60,,"SBP, SBPM",,
23973,SBP 251,SBP,LS,Şehir ve Çevre Mühendisliği,,Ali Fuat Aydın,MMB,Salı,09:30/12:29,,55,41,,SBP,,
23974,SBP 251E,SBP,LS,Urban and Environmental Eng.,,Mahmut Altınbaş,MMB,Çarşamba,08:30/11:29,,50,53,,"SBP, SBPE",,
23975,SBP 218,SBP,LS,Proje IV,,--,MMB | MMB,Salı | Cuma,13:30/17:29 | 13:30/17:29,,0,0,,SBP,,
23976,SBP 218,SBP,LS,Proje IV,,Özlem Özçevik,MMB | MMB,Salı | Cuma,13:30/17:29 | 13:30/17:29,,13,14,,SBP,,
23977,SBP 218,SBP,LS,Proje IV,,Ebru Kerimoğlu,MMB | MMB,Salı | Cuma,13:30/17:29 | 13:30/17:29,,13,6,,SBP,,
23978,SBP 218,SBP,LS,Proje IV,,Seda Kundak,MMB | MMB,Salı | Cuma,13:30/17:29 | 13:30/17:29,,13,13,,SBP,,
23979,SBP 218,SBP,LS,Proje IV,,Özhan Ertekin,MMB | MMB,Salı | Cuma,13:30/17:29 | 13:30/17:29,,10,10,,SBP,,
23980,SBP 218E,SBP,LS,Project IV,,Tüzin Baycan,MMB | MMB,Salı | Cuma,13:30/17:29 | 13:30/17:29,,14,14,,SBPE,,
23981,SBP 218E,SBP,LS,Project IV,,Elif Alkay,MMB | MMB,Salı | Cuma,13:30/17:29 | 13:30/17:29,,14,14,,SBPE,,
23982,SBP 218E,SBP,LS,Project IV,,Mete Başar Baypınar,MMB | MMB,Salı | Cuma,13:30/17:29 | 13:30/17:29,,14,9,,SBPE,,
23983,SBP 311,SBP,LS,Proje V,,Özhan Ertekin,MMB | MMB,Salı | Cuma,13:30/17:29 | 13:30/17:29,,5,4,,"SBP, SBPM",,
23985,SBP 311E,SBP,LS,Project V,,Özhan Ertekin,MMB | MMB,Salı | Cuma,13:30/17:29 | 13:30/17:29,,5,4,,"SBPE, SBPM",,
23986,SBP 316E,SBP,LS,Systms Apprch & Planning Mthds,,Turgay Kerem Koramaz,MMB,Perşembe,09:30/12:29,,30,11,,"SBP, SBPE, SBPM",,
23987,SBP 326E,SBP,LS,Planning in New Towns,,--,MMB,Salı,09:30/12:29,,0,0,,"SBP, SBPE, SBPM",,
23991,SBP 332,SBP,LS,Planlamada Kantitatif Yönteml,,Mehmet Ali Yüzer,MMB,Salı,09:30/12:29,,55,50,,"SBP, SBPM",,
23992,SBP 338,SBP,LS,Planlamada Kantitatif Yönteml,,--,MMB,Salı,09:30/12:29,,0,0,,SBP,,
23993,SBP 332E,SBP,LS,Quantitative Meth. İn Planning,,Hasan Serdar Kaya,MMB,Perşembe,13:30/16:29,,55,24,,"SBPE, SBPM",,
23994,SBP 334E,SBP,LS,Natural Hazards & Urban Safety,,Seda Kundak,MMB,Salı,09:30/12:29,,30,22,,"SBP, SBPE, SBPM",,
23995,SBP 337,SBP,LS,Yrlşmler Açk Or Kul Al ve Değ,,Eren Kürkçüoğlu,MMB,Cuma,09:30/12:29,,30,9,,"SBP, SBPM",,
23996,SBP 342E,SBP,LS,Urban Renewal,,İmge Akçakaya Waite,MMB,Pazartesi,13:30/15:29,,55,25,,"SBPE, SBPM",,
23997,SBP 344E,SBP,LS,Urban Renewal,,--,MMB,Pazartesi,13:30/15:29,,0,0,,"SBPE, SBPM",,
23998,SBP 342,SBP,LS,Şehir Yenileme,,Özhan Ertekin,MMB,Perşembe,13:30/15:29,,55,55,,"SBP, SBPM",,
23999,SBP 348E,SBP,LS,Urban Ecology,,--,MMB,Salı,09:30/12:29,,0,0,,"SBPE, SBPM",,
24000,SBP 348,SBP,LS,Kentsel Ekoloji,,Özlem Özçevik,MMB,Cuma,09:30/12:29,,30,14,,SBP,,
24003,SBP 356E,SBP,LS,Remote Sensing,,Filiz Bektaş Balçık,INB,Perşembe,08:30/11:29,,35,32,,"SBP, SBPE",,
24004,SBP 358E,SBP,LS,Real Estate Economics,,Hüseyin Murat Çelik,MMB,Pazartesi,09:30/12:29,,40,39,,"EUTE, ICM, MIM, MIME, PEME, SBP, SBPE, SBPM",,
24005,SBP 366E,SBP,LS,Intro to Environmental Probl,,"Ayşe Gül Tanık, Serdar Doğruel, Özlem Karahan Özgün",MMB,Çarşamba,09:30/12:29,,35,36,,"SBP, SBPE",,
24007,SBP 376E,SBP,LS,Highway Engineering & Design,,--,MMB,Çarşamba,08:30/11:29,,0,0,,"SBP, SBPE",,
24008,SBP 312,SBP,LS,Proje VI,,Şevkiye Şence Türk,MMB | MMB,Salı | Cuma,13:30/17:29 | 13:30/17:29,,11,11,,"SBP, SBPM",,
24010,SBP 312,SBP,LS,Proje VI,,Turgay Kerem Koramaz,MMB | MMB,Salı | Cuma,13:30/17:29 | 13:30/17:29,,11,11,,"SBP, SBPM",,
24011,SBP 312,SBP,LS,Proje VI,,Reyhan Genli Yiğiter,MMB | MMB,Salı | Cuma,13:30/17:29 | 13:30/17:29,,11,4,,"SBP, SBPM",,
24012,SBP 312,SBP,LS,Proje VI,,Mehmet Ali Yüzer,MMB | MMB,Salı | Cuma,13:30/17:29 | 13:30/17:29,,11,11,,"SBP, SBPM",,
24013,SBP 312,SBP,LS,Proje VI,,Gülden Demet Oruç,MMB | MMB,Salı | Cuma,13:30/17:29 | 13:30/17:29,,11,11,,"SBP, SBPM",,
24014,SBP 312E,SBP,LS,Project VI,,Fatih Terzi,MMB | MMB,Salı | Cuma,13:30/17:29 | 13:30/17:29,,13,8,,"SBPE, SBPM",,
24015,SBP 312E,SBP,LS,Project VI,,Engin Eyüp Eyuboğlu,MMB | MMB,Salı | Cuma,13:30/17:29 | 13:30/17:29,,13,12,,"SBPE, SBPM",,
24016,SBP 411E,SBP,LS,Project VII,,Cem Beygo,MMB | MMB,Salı | Cuma,13:30/17:29 | 13:30/17:29,,5,5,,"SBPE, SBPM",,
24017,SBP 411,SBP,LS,Proje VII,,Cem Beygo,MMB | MMB,Salı | Cuma,13:30/17:29 | 13:30/17:29,,7,4,,"SBP, SBPM",,
24018,GEO 476,GEO,LS,Geo. Müh. Proje Planlama Yön.,,Reha Metin Alkan,INB,Pazartesi,10:30/12:29,,40,4,,GEO,,
24019,SBP 412E,SBP,LS,Disastr Mitigtion in Urbn Plan,,Azime Tezer,MMB,Pazartesi,09:30/12:29,,30,10,,"SBP, SBPE, SBPM",,
24021,SBP 418,SBP,LS,Planlamaya Katılım,,Engin Eyüp Eyuboğlu,MMB,Cuma,09:30/12:29,,30,29,,"ICM, MIM, PEM, SBP, SBPM",,
24022,SBP 418E,SBP,LS,Participation in Planning,,İmge Akçakaya Waite,MMB,Salı,09:30/12:29,,30,9,,"ICM, MIME, PEME, SBPE, SBPM",,
24023,MTO 112,MTO,LS,Meteoroloji Alet & Gözlem Usul,,"Levent Şaylan, Barış Çaldağ",UUB | UUB,Salı | Perşembe,08:30/10:29 | 08:30/10:29,,45,46,,MTO,,
24024,MTO 112E,MTO,LS,Meteo.Inst. And Obs. Methods,,"Levent Şaylan, Barış Çaldağ",UUB | UUB,Salı | Perşembe,10:30/12:29 | 10:30/12:29,,35,14,,"MTO, MTOE",,
24025,MTO 102,MTO,LS,Bilgisayarlı Teknik Resim,,Hüsnü Barbaros Soyer,UUB,Cuma,14:30/17:29,,60,56,,MTO,,
24026,BIL 112E,BIL,LS,Intr.to Prog.Language(FORTRAN),,Ahmet Öztopal,UUB,Çarşamba,08:30/11:29,,70,66,,"MTO, MTOE, UCK, UCKE",,
24027,MTO 222,MTO,LS,Hidroloji,,Barış Çaldağ,UUB | UUB,Perşembe | Cuma,14:30/16:29 | 08:30/10:29,,50,46,,MTO,,
24028,SBP 435,SBP,LS,Konut Sorunu ve Politikaları,,--,MMB,Salı,09:30/12:29,,0,0,,SBP,,
24029,SBP 448,SBP,LS,Kentsel Kimlik ve İmge,,Mehmet Ocakçı,MMB,Cuma,09:30/12:29,,30,32,,"ICM, MIM, PEM, SBP, SBPM",,
24030,SBP 449E,SBP,LS,Planning Commercial Areas,,Cem Beygo,MMB,Perşembe,09:30/12:29,,30,28,,"SBP, SBPE, SBPM",,
24031,SBP 450,SBP,LS,Kentsel Dönüşüm Mod. & Uyg.,,Özlem Özçevik,MMB,Pazartesi,09:30/12:29,,40,36,,"ICM, MIM, SBP, SBPM",,
24032,SBP 453E,SBP,LS,Sustainable Plan. and Developm,,Tüzin Baycan,MMB,Salı,09:30/12:29,,30,10,,"SBP, SBPE, SBPM",,
24033,SBP 497E,SBP,LS,Rural Settlements and Problems,,Aliye Ahu Akgün,MMB,Perşembe,09:30/12:29,,30,13,,"PEME, SBP, SBPE, SBPM",,
24034,SBP 492,SBP,LS,Bitirme Çalışması,,Mehmet Ocakçı,MMB,,/,,500,33,,SBP,,
24035,SBP 492E,SBP,LS,Final Project,,Mehmet Ocakçı,MMB,,/,,500,21,,SBPE,,
24044,MTO 214,MTO,LS,Atmosfer Termodinamiği,,Kasım Koçak,UUB | UUB,Pazartesi | Salı,08:30/10:29 | 12:30/14:29,,35,35,,MTO,,
24045,PET 492E,PET,LS,Graduation Project,,Gürşat Altun,---,,/,,500,17,,"PET, PETE",,
24047,MTO 214E,MTO,LS,Atmospheric Thermodynamics,,Ahmet Duran Şahin,UUB | UUB,Pazartesi | Salı,08:30/10:29 | 12:30/14:29,,35,33,,"MTO, MTOE",,
24048,MAT 202E,MAT,LS,Numerical Methods,,Elçin Tan,UUB,Perşembe,11:30/14:29,,50,61,,"BLG, BLGE, CEV, CEVE, CHZ, CHZE, DEN, DENE, EHB, EHBE, ELE, ELH, ELK, ELKE, GEM, GEME, GEMK, GEO, GEOE, GID, GIDE, IML, IMLE, INS, INSE, ISL, ISLE, JEF, JEFE, JEO, JEOE, KMM, KMME, KOM, KOME, KON, KONE, MAD, MADE, MAK, MAKE, MET, METE, MTO, MTOE, PET, PETE, TEK, TEKE, TEL, UCK, UCKE, UZB, UZBE",,
24049,MAT 202E,MAT,LS,Numerical Methods,,Elçin Tan,UUB,Cuma,14:30/17:29,,50,65,,"BLG, BLGE, CEV, CEVE, CHZ, CHZE, DEN, DENE, EHB, EHBE, ELE, ELH, ELK, ELKE, GEM, GEME, GEMK, GEO, GEOE, GID, GIDE, IML, IMLE, INS, INSE, ISL, ISLE, JEF, JEFE, JEO, JEOE, KMM, KMME, KOM, KOME, KON, KONE, MAD, MADE, MAK, MAKE, MET, METE, MTO, MTOE, PET, PETE, TEK, TEKE, TEL, UCK, UCKE, UZB, UZBE",,
24050,MTO 254,MTO,LS,Klimatoloji,,Yurdanur Ünal,UUB,Salı,14:30/17:29,,35,36,,MTO,,
24051,MTO 254E,MTO,LS,Climatology,,Barış Önol,UUB,Salı,14:30/17:29,,35,32,,"MTO, MTOE",,
24052,AKM 204E,AKM,LS,Fluid Mechanics,,Zerefşan Kaymaz,UUB,Çarşamba,08:30/11:29,,60,70,,"CEV, CEVE, CHZ, CHZE, FIZ, FIZE, GID, GIDE, IML, IMLE, INS, INSE, JEF, KMM, KMME, MAD, MTO, MTOE, PET, PETE, TEK, TEKE, UCK, UZB",,
24053,MTO 262,MTO,LS,Güneş ve Yer Radyasyonu,,Hatice Sema Topçu,UUB,Perşembe,14:30/17:29,,19,21,,MTO,,
24054,MTO 262E,MTO,LS,Solar & Terrestrial Radiation,,"Filiz Türk Katırcıoğlu, Deniz Demirhan Barı",UUB,Perşembe,14:30/17:29,,15,15,,"MTO, MTOE",,
24056,MTO 438E,MTO,LS,Aeronautical Meteorology,,Hüseyin Toros,UUB,Pazartesi,11:30/14:29,,35,12,,MTO,,
24057,MTO 438,MTO,LS,Havacılık Meteorolijisi,,Ali Deniz,UUB,Pazartesi,11:30/14:29,,35,17,,"MTO, MTOE",,
24058,MTO 342E,MTO,LS,Physics of Clouds&Pr..,,Sevinç Asilhan,UUB,Perşembe,11:30/14:29,,40,39,,"MTO, MTOE",,
24059,MTO 322,MTO,LS,Hava Analizi ve Öngörü II,,Ahmet Öztopal,UUB | UUB,Salı | Cuma,08:30/10:29 | 08:30/11:29,,35,34,,MTO,,
24060,MTO 322E,MTO,LS,Weather Anly&Prediction; II,,Mikdat Kadıoğlu,UUB | UUB,Salı | Cuma,08:30/10:29 | 08:30/11:29,,35,25,,"MTO, MTOE",,
24062,MTO 334,MTO,LS,Atmosfer Dinamiği II,,Ali Deniz,UUB | UUB,Pazartesi | Çarşamba,15:30/17:29 | 11:30/13:29,,35,31,,MTO,,
24063,MTO 334E,MTO,LS,Atmospheric Dynamics II,,Yurdanur Ünal,UUB | UUB,Pazartesi | Çarşamba,15:30/17:29 | 11:30/13:29,,35,22,,"MTO, MTOE",,
24064,MTO 336,MTO,LS,Hava Kirliliği Meteorolojisi,,Orhan Şen,UUB,Çarşamba,08:30/11:29,,10,11,,MTO,,
24066,MTO 326,MTO,LS,Tarım & Orman Meteorolojisi II,,Levent Şaylan,UUB,Pazartesi,08:30/11:29,,10,8,,MTO,,
24067,MTO 428E,MTO,LS,Climate Dynamics,,Yurdanur Ünal,UUB,Çarşamba,08:30/11:29,,10,10,,"MTO, MTOE",,
24069,MTO 418E,MTO,LS,Remote Sensing in Meteorology,,Ahmet Öztopal,UUB,Cuma,14:30/17:29,,10,9,,"MTO, MTOE",,
24070,MTO 448E,MTO,LS,Air Pollution Control,,Orhan Şen,UUB,Salı,14:30/17:29,,10,15,,"MTO, MTOE",,
24071,MTO 487E,MTO,LS,Int. to Computer Graphics,,Barış Önol,UUB,Cuma,14:30/17:29,,15,26,,"MTO, MTOE",,
24072,MTO 316E,MTO,LS,Hydrometeorology,,--,UUB,Cuma,08:30/11:29,,0,0,,"MTO, MTOE",,
24073,MTO 452E,MTO,LS,Intro.Gen.Circ.Earth's.Atm.,,Deniz Demirhan Barı,UUB,Salı,11:30/14:29,,10,13,,"MTO, MTOE",,
24074,MTO 458E,MTO,LS,Intr. to the Planetary Atmos.,,Zerefşan Kaymaz,UUB,Perşembe,14:30/17:29,,10,12,,"MTO, MTOE",,
24075,MTO 468E,MTO,LS,Severe and Hazardous Weather,,Mikdat Kadıoğlu,UUB,Salı,14:30/17:29,,10,13,,"MTO, MTOE",,
24077,MTO 492,MTO,LS,Bitirme Çalışması,,Ahmet Duran Şahin,UUB,,/,,500,39,,MTO,,
24078,MTO 492E,MTO,LS,Graduation Project,,Ahmet Duran Şahin,UUB,,/,,500,6,,"MTO, MTOE",,
24080,MTO 361,MTO,LS,Hava Kirliliği Modellemesi,,Hüseyin Toros,UUB,Salı,11:30/14:29,,10,9,,"MTO, MTOE",,
24081,EKO 201E,EKO,LS,Economics,,Ayşegül Kayaoğlu Yılmaz,FEB,Cuma,08:30/11:29,,200,200,,"BLG, BLGE, CEV, CEVE, CHZ, CHZE, DEN, DENE, DUI, DUIE, EHBE, ELE, ELH, ELK, ELKE, END, ENDE, EUT, EUTE, FIZ, GEM, GEME, GEMK, GEO, GEOE, GID, GIDE, GMI, GMIE, ICM, IML, IMLE, INS, INSE, JDF, JEO, JEOE, KMM, KMME, KOM, KOME, MAD, MADE, MAK, MAKE, MAT, MATE, MET, METE, MIM, MIME, MTO, MTOE, PEM, PEME, PET, PETE, SBP, SBPE, TEK, TEKE, TEL, UCK, UCKE, UZB, UZBE",,
24082,KIM 328,KIM,LS,Biyokimya II,,Onur Alptürk,MED,Salı,14:30/17:29,,20,9,,KIM,,
24083,KIM 436,KIM,LS,Çevre Kimyası II,,Birsen Öztürk,FEB,Perşembe,14:30/17:29,,20,14,,"KIM, KIMM",,
24150,BUS 112,BUS,LS,Principles of Macroeconomics,,Ayşe Aylin Bayar,ISB,Pazartesi,09:30/12:29,,35,22,,"SEK, SIS",,
24167,EUT 128E,EUT,LS,Design Theories and Methods,,Şebnem Timur Öğüt,MMB,Çarşamba,13:30/15:29,,87,81,,"EUT, EUTE, EUTM",,
24172,EUT 126E,EUT,LS,Materials in Design,,Demet Günal Ertaş,MMB,Perşembe,13:30/17:29,,78,78,,"EUT, EUTE",,
24175,EUT 246E,EUT,LS,History of Design I,,Gülname Turan,MMB,Cuma,10:30/12:29,,74,72,,"EUTE, EUTM",,
24177,EUT 240E,EUT,LS,Model Making II,,Mehmet Erkök,MMB,Pazartesi,08:30/11:29,,34,29,,"EUT, EUTE",,
24181,EUT 240E,EUT,LS,Model Making II,,Mehmet Erkök,MMB,Pazartesi,13:30/16:29,,34,34,,"EUT, EUTE",,
24199,BIL 113E,BIL,LS,Intr.to Sci& Eng.Comp.(MATLAB),,Bilge Tutak,EEB,Perşembe,09:30/12:29,,35,38,,"DEN, DENE, GEM, GEME",,
24202,BIL 113E,BIL,LS,Intr.to Sci& Eng.Comp.(MATLAB),,Deniz Bayraktar Bural,GDB,Cuma,09:30/12:29,,35,27,,"DEN, DENE",,
24208,BIL 113E,BIL,LS,Intr.to Sci& Eng.Comp.(MATLAB),,Mustafa Hatipoğlu,INB | INB,Pazartesi | Salı,08:30/10:29 | 11:30/12:29,,42,42,,"INS, INSE",,
24209,BIL 113E,BIL,LS,Intr.to Sci& Eng.Comp.(MATLAB),,Tolga Yılmaz Özüdoğru,INB | INB,Pazartesi | Salı,08:30/10:29 | 11:30/12:29,,42,42,,"INS, INSE",,
24210,BIL 113E,BIL,LS,Intr.to Sci& Eng.Comp.(MATLAB),,Gökhan Çevikbilen,INB | INB,Pazartesi | Salı,14:30/15:29 | 08:30/10:29,,42,42,,"INS, INSE",,
24211,BIL 113E,BIL,LS,Intr.to Sci& Eng.Comp.(MATLAB),,Aslı Yalçın Dayıoğlu,INB | UUB,Pazartesi | Salı,14:30/15:29 | 08:30/10:29,,42,43,,"INS, INSE",,
24212,BIL 113E,BIL,LS,Intr.to Sci& Eng.Comp.(MATLAB),,"Aslı Yalçın Dayıoğlu, Gökhan Çevikbilen",INB | INB,Pazartesi | Çarşamba,13:30/14:29 | 08:30/10:29,,42,42,,"INS, INSE",,
24213,BIL 113E,BIL,LS,Intr.to Sci& Eng.Comp.(MATLAB),,Nilay Çelik Muhtaroğlu,INB | INB,Pazartesi | Çarşamba,13:30/14:29 | 08:30/10:29,,42,42,,"INS, INSE",,
24214,INS 106,INS,LS,İnşaat Müh. İçin Yerbilimi,,Enver Vural Yavuz,INB,Pazartesi,10:30/12:29,,55,55,,INS,,
24215,INS 106,INS,LS,İnşaat Müh. İçin Yerbilimi,,Remzi Karagüzel,INB,Pazartesi,10:30/12:29,,55,55,,INS,,
24216,INS 106,INS,LS,İnşaat Müh. İçin Yerbilimi,,Erkan Bozkurtoğlu,INB,Salı,08:30/10:29,,55,55,,INS,,
24217,INS 106,INS,LS,İnşaat Müh. İçin Yerbilimi,,Yılmaz Mahmutoğlu,INB,Çarşamba,10:30/12:29,,55,55,,INS,,
24218,INS 106E,INS,LS,Earth Science for Civil Engin.,,Nurgül Çelik Balcı,INB,Çarşamba,10:30/12:29,,50,50,,"INS, INSE",,
24219,INS 106E,INS,LS,Earth Science for Civil Engin.,,Ziyadin Çakır,INB,Salı,08:30/10:29,,50,50,,"INS, INSE",,
24220,INS 107E,INS,LS,Int. to Prog. Lang. (Python),,Cem Demir,INB | INB,Salı | Çarşamba,11:30/12:29 | 08:30/10:29,,65,65,,"INS, INSE",,
24221,INS 334,INS,LS,İnş.İşçi Sağlığı ve İş Güven.,,Feyzi Haznedaroğlu,INB,Cuma,08:30/10:29,,45,45,,INS,,
24222,INS 341,INS,LS,Yapı İşletmesi,,"Gül Polat Tatar, Atilla Damcı",INB | INB,Salı | Perşembe,11:30/12:29 | 08:30/10:29,,40,35,,INS,,
24223,INS 341E,INS,LS,Construction Management,,Mehmet Emre Bayraktar,INB | INB,Salı | Perşembe,11:30/12:29 | 08:30/10:29,,40,25,,"INS, INSE",,
24224,MAT 202E,MAT,LS,Numerical Methods,,Atila Sezen,INB | INB,Perşembe | Cuma,15:30/16:29 | 14:30/16:29,,50,66,,"BLG, BLGE, CEV, CEVE, CHZ, CHZE, DEN, DENE, EHB, EHBE, ELE, ELH, ELK, ELKE, GEM, GEME, GEMK, GEO, GEOE, GID, GIDE, IML, IMLE, INS, INSE, ISL, ISLE, JEF, JEFE, JEO, JEOE, KMM, KMME, KOM, KOME, KON, KONE, MAD, MADE, MAK, MAKE, MET, METE, MTO, MTOE, PET, PETE, TEK, TEKE, TEL, UCK, UCKE, UZB, UZBE",,
24225,MAT 271E,MAT,LS,Probability and Statistics,,"Müge Balkaya, Ayda Şafak Ağar Özbek",INB | INB,Perşembe | Cuma,15:30/16:29 | 08:30/10:29,,50,49,,"BIO, BIOE, BLG, BLGE, CEV, CEVE, CHZ, CHZE, DEN, DENE, DUI, EHB, EHBE, EHN, ELE, ELH, ELK, ELKE, EUT, EUTE, FIZ, FIZE, GEM, GEME, GEMK, GEO, GEOE, GID, GIDE, GMI, GMIE, GMIK, IML, IMLE, INS, INSE, JEF, JEFE, JEO, JEOE, KMM, KMME, KOM, KOME, KON, KONE, MAD, MADE, MAK, MAKE, MET, METE, MTO, MTOE, PET, PETE, SBP, SBPE, SEH, TEK, TEKE, TEL, UCK, UCKE, UZB, UZBE",,
24595,GMI 224E,GMI,LS,Marine Electronics,,Gazi Koçak,DZB,Çarşamba,08:30/10:29,,60,60,,"GMI, GMIE",,
24597,CHE 101,CHE,LS,Chemistry I,,Abdullah Aydoğan,KMB | FEB,Pazartesi | Perşembe,08:30/11:29 | 08:30/10:29,,25,29,,"MBI, MCB, SCE, SEN, SIN, SIS",,
24598,CHE 301,CHE,LS,Chemistry II,,Özgül Sağlam,FEB | FEB,Pazartesi | Perşembe,08:30/11:29 | 08:30/10:29,,25,13,,"MBI, SIN",,
24600,GMI 341,GMI,LS,Otomatik Kontrol Sistemleri,,İsmail Çiçek,DZB,Perşembe,08:30/11:29,,40,25,,GMI,,
24605,GMI 105,GMI,LS,Gemi Mak.İşlet. Müh...,,Kadir Çiçek,DZB,Perşembe,13:30/15:29,,20,7,,GMI,,
24606,CAB 718,CAB,LS,Vurmalı Türk Halk Çalgıları II,,Serhat Tansu Altuğ,TMB | TMB,Çarşamba | Perşembe,10:30/12:29 | 10:30/12:29,,15,0,,CAB,,
24607,UCK 448,UCK,LS,Aviyonik Sistemler,,Sait Nurdoğan Yurt,UUB,Salı,14:30/17:29,,25,21,,"UCK, UZB",,
24641,ECN 212E,ECN,LS,Statistics II,,Serdar Altay,ISB,Cuma,08:30/12:29,,85,85,,ECNE,,
24642,MUT 202,MUT,LS,Keman Yapımı I,,Mustafa Aydın Öksüz,TMB,,/,,5,1,,MUT,,
24643,MUT 302,MUT,LS,Viyola Yapımı,,Mustafa Aydın Öksüz,TMB,,/,,5,0,,MUT,,
24644,SNT 112,SNT,LS,Tiyatro,,Günay Ertekin,MED,Çarşamba,09:30/12:29,,35,34,,"BIO, BLG, CEV, CHZ, DEN, DUI, EHB, ELE, ELH, ELK, END, EUT, FIZ, GEM, GEO, GID, GMI, ICM, IML, INS, ISL, JDF, JEF, JEO, KIM, KMM, KOM, MAD, MAK, MAT, MET, MIM, MTO, PEM, PET, SBP, TEK, TEL, UCK, UZB",,
24651,ISL 224E,ISL,LS,Cost Accounting,,Burcu Adiloğlu,ISB,Cuma,13:30/16:29,,62,68,,"END, ENDE, GID, GIDE, IMLE, ISL, ISLE",,
24666,TES 121E,TES,LS,Project II,,--,MMB | MMB,Pazartesi | Perşembe,08:30/12:29 | 08:30/12:29,,500,3,,"EUT, EUTE, ICM, MIM, MIME, PEM, PEME, SBP, SBPE",,
24677,TES 122E,TES,LS,Vis.CommII:Visualiza..,,--,MMB,Cuma,13:30/17:29,,500,441,,"EUT, EUTE, ICM, MIM, MIME, PEM, PEME, SBP, SBPE",,
24678,CEV 102,CEV,LS,Yer Bilimi,,Erkan Bozkurtoğlu,INB,Pazartesi,08:30/11:29,,80,83,,CEV,,
24679,CEV 102E,CEV,LS,Earth Science,,Cengiz Zabcı,INB,Salı,13:30/16:29,,80,86,,"CEV, CEVE",,
24695,INS 201,INS,LS,Malzeme Bilimi,,Ayda Şafak Ağar Özbek,INB | INB,Çarşamba | Cuma,10:30/11:29 | 10:30/12:29,,45,46,,INS,,
24697,INS 201E,INS,LS,Materials Science,,"Yılmaz Akkaya, Oğuz Güneş",INB | INB,Çarşamba | Cuma,10:30/11:29 | 10:30/12:29,,45,43,,"INS, INSE",,
24700,INS 228,INS,LS,Yapı Malzemesi,,Yılmaz Akkaya,INB | INB,Pazartesi | Salı,10:30/12:29 | 08:30/10:29,,45,22,,INS,,
24705,INS 228,INS,LS,Yapı Malzemesi,,Ünal Anıl Doğan,INB | INB,Pazartesi | Perşembe,08:30/10:29 | 10:30/12:29,,45,44,,INS,,
24709,INS 228,INS,LS,Yapı Malzemesi,,Özkan Şengül,INB | INB,Pazartesi | Salı,10:30/12:29 | 08:30/10:29,,45,25,,INS,,
24713,INS 228,INS,LS,Yapı Malzemesi,,Hasan Yıldırım,INB | INB,Çarşamba | Perşembe,08:30/10:29 | 08:30/10:29,,45,45,,INS,,
24715,INS 228,INS,LS,Yapı Malzemesi,,Özgür Ekincioğlu,INB | INB,Çarşamba | Perşembe,08:30/10:29 | 08:30/10:29,,45,45,,INS,,
24719,INS 228E,INS,LS,Building Materials,,Mustafa Hulusi Özkul,INB | INB,Pazartesi | Salı,10:30/12:29 | 08:30/10:29,,45,24,,"INS, INSE",,
24725,INS 228E,INS,LS,Building Materials,,Oğuz Güneş,INB | INB,Pazartesi | Perşembe,08:30/10:29 | 10:30/12:29,,45,33,,"INS, INSE",,
24726,INS 318,INS,LS,Yapıların Yalıtımı & Korunması,,Canan Taşdemir,INB | INB,Pazartesi | Salı,13:30/15:29 | 13:30/14:29,,20,20,,INS,,
24731,INS 447,INS,LS,İleri Beton Teknolojisi,,--,INB | INB,Salı | Çarşamba,14:30/15:29 | 08:30/10:29,,0,0,,INS,,
24732,INS 447E,INS,LS,Advanced Concrete Technology,,Özgür Ekincioğlu,INB | INB,Pazartesi | Salı,13:30/15:29 | 13:30/14:29,,20,15,,"INS, INSE",,
24734,INS 316E,INS,LS,Site Layout,,Senem Bilir Mahçiçek,INB | INB,Salı | Perşembe,14:30/16:29 | 14:30/15:29,,50,42,,"INS, INSE",,
24736,INS 351,INS,LS,Toprak İşleri & Demiryolu Müh,,"Zübeyde Öztürk, Nurbanu Çalışkan Özüer",INB | INB,Pazartesi | Salı,10:30/12:29 | 10:30/12:29,,30,27,,INS,,
24740,INS 437E,INS,LS,Traffic Engineering,,--,INB | INB,Perşembe | Cuma,14:30/15:29 | 14:30/16:29,,0,0,,"INS, INSE",,
24743,INS 492,INS,LS,Mühendislik Tasarım Projesi,,Kadir Güler,INB,,/,,500,144,,INS,,
24745,INS 492E,INS,LS,Engineering Design Project,,Kadir Güler,INB,,/,,500,32,,"INS, INSE",,
24746,MAL 201,MAL,LS,Malzeme Bilimi,,Ayda Şafak Ağar Özbek,INB,Cuma,14:30/17:29,,65,65,,CEV,,
24747,MAL 201E,MAL,LS,Materials Science,,Bekir Yılmaz Pekmezci,INB,Cuma,14:30/17:29,,65,64,,"CEV, CEVE",,
24750,CIE 326,CIE,LS,Reinforced Concrete Design,,"Ali Sarı, Fatih Sütcü",INB | INB,Çarşamba | Cuma,08:30/11:29 | 08:30/10:29,,30,16,,SIN,,
24751,CIE 439,CIE,LS,Transportation Systems,,Kemal Selçuk Öğüt,INB,Pazartesi,13:30/16:29,,30,16,,SIN,,
24752,CIE 336,CIE,LS,Soil Mechanics,,Esra Ece Bayat,INB | INB,Salı | Cuma,08:30/11:29 | 10:30/12:29,,30,23,,SIN,,
24755,CIE 344,CIE,LS,Hydraulics and Hydrology,,İsmail Duranyıldız,INB | INB,Pazartesi | Perşembe,08:30/11:29 | 15:30/17:29,,30,21,,SIN,,
24760,ULP 301,ULP,LS,Health&Safety; in Construction,,Deniz İlter,INB,Salı,13:30/15:29,,30,18,,SIN,,
24803,GMI 220,GMI,LS,Gemi İnşaatı ve Stabilite,,--,DZB,Cuma,08:30/11:29,,0,0,,GMI,,
24838,ITB 206,ITB,LS,Dünya Politikasında Meseleler,,Stefo Benlisoy,FEB,Cuma,08:30/11:29,,35,27,,"BIO, BLG, CAB, CEV, CHZ, DEN, DUI, EHB, ELE, ELH, ELK, END, EUT, FIZ, GEM, GEO, GID, ICM, INS, ISL, JDF, JEF, JEO, KIM, KMM, KMP, KOM, MAD, MAK, MAT, MET, MIM, MTO, MTR, MUT, MUZ, PEM, PET, SBP, SES, TEB, TEK, TEL, THO, UCK, UZB",,
24842,ITB 206,ITB,LS,Dünya Politikasında Meseleler,,Stefo Benlisoy,FEB,Cuma,14:30/17:29,,35,32,,"BIO, BLG, CAB, CEV, CHZ, DEN, DUI, EHB, ELE, ELH, ELK, END, EUT, FIZ, GEM, GEO, GID, ICM, INS, ISL, JDF, JEF, JEO, KIM, KMM, KMP, KOM, MAD, MAK, MAT, MET, MIM, MTO, MTR, MUT, MUZ, PEM, PET, SBP, SES, TEB, TEK, TEL, THO, UCK, UZB",,
24929,INS 318E,INS,LS,Insulation&Protec.of..,,Oğuz Güneş,INB | INB,Pazartesi | Salı,13:30/15:29 | 13:30/14:29,,40,32,,"INS, INSE",,
24930,INS 101E,INS,LS,Technical Drawing,,"Sibel Gürel, Bahar Ayhan Tezer",INB | INB,Perşembe | Cuma,11:30/12:29 | 10:30/12:29,,50,50,,"INS, INSE",,
24931,AKM 204,AKM,LS,Akışkanlar Mekaniği,,Necati Erdem Ünal,INB | INB,Çarşamba | Perşembe,10:30/11:29 | 10:30/12:29,,50,51,,"CEV, CHZ, IML, INS, KMM, PET",,
24932,STA 204,STA,LS,Statik ve Mukavemet,,Bahattin Kimençe,ISB,Perşembe,13:30/16:29,,50,48,,"CEV, EHB, ELE, ELH, ELK, EUT, GID, ISL, KMM, KOM, KON, MET, MTO, PET, PETM, TEL, UCKM",,
24933,STA 204E,STA,LS,Statics&Strength; of Materials,,Arcan Yanık,ISB,Perşembe,09:30/12:29,,50,43,,"CEV, CEVE, EHB, EHBE, ELE, ELH, ELK, ELKE, EUT, EUTE, GID, GIDE, ISL, ISLE, JEF, KMM, KMME, KOM, KOME, KON, KONE, MET, METE, MTO, PET, PETE, TEL",,
24934,CEV 429E,CEV,LS,Industrial Pollution Control,,"Emine Çokgör, Tuğba Ölmez Hancı",INB,Salı,13:30/16:29,,30,9,,"CEV, CEVE",,
24951,AKM 204E,AKM,LS,Fluid Mechanics,,Veysel Şadan Özgür Kırca,MDB,Perşembe,08:30/11:29,,50,60,,"CEV, CEVE, CHZ, CHZE, FIZ, FIZE, GID, GIDE, IML, IMLE, INS, INSE, JEF, KMM, KMME, MAD, MTO, MTOE, PET, PETE, TEK, TEKE, UCK, UZB",,
24961,MTR 402,MTR,LS,İleri Makam Teorisi IV,,Ferda Cengiz Ünal,TMB | TMB,Pazartesi | Salı,10:30/12:29 | 10:30/12:29,,25,15,,MTR,,
25018,GID 332E,GID,LS,Food Engineering Laboratory,,"Fatma Ebru Fıratlıgil, Filiz Altay, Meral Kılıç Akyılmaz",KMB,Pazartesi,08:30/12:29,,28,16,,"GID, GIDE",,
25019,GID 232E,GID,LS,Food chemistry II,,--,KMB,Salı,09:30/12:29,,0,0,,GIDE,,
25020,GID 332E,GID,LS,Food Engineering Laboratory,,"Fatma Ebru Fıratlıgil, Filiz Altay, Meral Kılıç Akyılmaz",KMB,Pazartesi,13:30/17:29,,28,29,,"GID, GIDE",,
25021,MTO 333E,MTO,LS,Atmospheric Dynamics I,,Elçin Tan,UUB | UUB,Pazartesi | Çarşamba,15:30/17:29 | 11:30/13:29,,35,32,,"MTO, MTOE",,
25022,KON 409,KON,LS,Bitirme Tasarım Prj. Giriş,,Hakan Temeltaş,EEB,Cuma,14:00/15:59,,50,12,,KOM,,
25023,KON 409E,KON,LS,Int. to Senior Design Project,,Hakan Temeltaş,EEB,Perşembe,13:30/15:29,,50,3,,"KOM, KOME",,
25024,JDF 420E,JDF,LS,Interpretation Meth.in Geodesy,,Mustafa Tevfik Özlüdemir,INB,Çarşamba,13:30/15:29,,20,20,,"GEO, GEOE, JDF",,
25025,JDF 352,JDF,LS,Kamu Ölçmeleri,,Reha Metin Alkan,INB,Pazartesi,08:30/10:29,,30,30,,"GEO, GEOE, JDF",,
25026,JDF 434,JDF,LS,Arazi Toplulaştırması,,Gaye Onursal Denli,INB,Pazartesi,10:30/12:29,,15,15,,"GEO, GEOE, JDF",,
25027,SES 4114,SES,LS,Türk Sanat Müziği Repert. II,,Gülşah Sönmez,TMB,Cuma,13:30/15:29,,5,1,,SES,,
25028,SES 4324,SES,LS,Türk Müziği Tarihi II,,Yalçın Çetinkaya,TMB,Çarşamba,10:30/12:29,,5,1,,SES,,
25029,BIO 102E,BIO,LS,Engineering Biology,,Levent Trabzon,MKB,Perşembe,08:30/11:29,,90,99,,"IML, IMLE, MAK, MAKE",,
25031,TUR 101,TUR,LS,Türk Dili I,,Hasan Ulucutsoy,EEB,Salı,08:30/10:29,,70,71,,"BIO, BIOE, BLG, BLGE, CAB, CEV, CEVE, CHZ, CHZE, DEN, DENE, ECNE, EHB, EHBE, EHN, ELE, ELH, ELK, ELKE, END, ENDE, EUT, EUTE, FIZ, FIZE, GEM, GEME, GEMK, GEO, GEOE, GID, GIDE, ICM, IML, IMLE, INS, INSE, ISL, ISLE, JDF, JEF, JEFE, JEO, JEOE, KIM, KIME, KMM, KMME, KMP, KOM, KOME, MAD, MADE, MAK, MAKE, MAT, MATE, MET, METE, MIM, MIME, MTO, MTOE, MTR, MUT, MUZ, MUZE, PEM, PEME, PET, PETE, SBP, SBPE, SEH, SES, TEK, TEKE, TEL, THO, UCK, UCKE, UZB, UZBE",,
25032,TUR 101,TUR,LS,Türk Dili I,,Hasan Ulucutsoy,INB,Cuma,15:30/17:29,,70,70,,"BIO, BIOE, BLG, BLGE, CAB, CEV, CEVE, CHZ, CHZE, DEN, DENE, ECNE, EHB, EHBE, EHN, ELE, ELH, ELK, ELKE, END, ENDE, EUT, EUTE, FIZ, FIZE, GEM, GEME, GEMK, GEO, GEOE, GID, GIDE, ICM, IML, IMLE, INS, INSE, ISL, ISLE, JDF, JEF, JEFE, JEO, JEOE, KIM, KIME, KMM, KMME, KMP, KOM, KOME, MAD, MADE, MAK, MAKE, MAT, MATE, MET, METE, MIM, MIME, MTO, MTOE, MTR, MUT, MUZ, MUZE, PEM, PEME, PET, PETE, SBP, SBPE, SEH, SES, TEK, TEKE, TEL, THO, UCK, UCKE, UZB, UZBE",,
25033,TUR 101,TUR,LS,Türk Dili I,,Bertuğ Sakın,EEB,Perşembe,08:30/10:29,,70,70,,"BIO, BIOE, BLG, BLGE, CAB, CEV, CEVE, CHZ, CHZE, DEN, DENE, ECNE, EHB, EHBE, EHN, ELE, ELH, ELK, ELKE, END, ENDE, EUT, EUTE, FIZ, FIZE, GEM, GEME, GEMK, GEO, GEOE, GID, GIDE, ICM, IML, IMLE, INS, INSE, ISL, ISLE, JDF, JEF, JEFE, JEO, JEOE, KIM, KIME, KMM, KMME, KMP, KOM, KOME, MAD, MADE, MAK, MAKE, MAT, MATE, MET, METE, MIM, MIME, MTO, MTOE, MTR, MUT, MUZ, MUZE, PEM, PEME, PET, PETE, SBP, SBPE, SEH, SES, TEK, TEKE, TEL, THO, UCK, UCKE, UZB, UZBE",,
25034,TUR 101,TUR,LS,Türk Dili I,,Bertuğ Sakın,EEB,Perşembe,10:30/12:29,,70,70,,"BIO, BIOE, BLG, BLGE, CAB, CEV, CEVE, CHZ, CHZE, DEN, DENE, ECNE, EHB, EHBE, EHN, ELE, ELH, ELK, ELKE, END, ENDE, EUT, EUTE, FIZ, FIZE, GEM, GEME, GEMK, GEO, GEOE, GID, GIDE, ICM, IML, IMLE, INS, INSE, ISL, ISLE, JDF, JEF, JEFE, JEO, JEOE, KIM, KIME, KMM, KMME, KMP, KOM, KOME, MAD, MADE, MAK, MAKE, MAT, MATE, MET, METE, MIM, MIME, MTO, MTOE, MTR, MUT, MUZ, MUZE, PEM, PEME, PET, PETE, SBP, SBPE, SEH, SES, TEK, TEKE, TEL, THO, UCK, UCKE, UZB, UZBE",,
25035,TUR 101,TUR,LS,Türk Dili I,,Bertuğ Sakın,MDB,Perşembe,13:30/15:29,,70,70,,"BIO, BIOE, BLG, BLGE, CAB, CEV, CEVE, CHZ, CHZE, DEN, DENE, ECNE, EHB, EHBE, EHN, ELE, ELH, ELK, ELKE, END, ENDE, EUT, EUTE, FIZ, FIZE, GEM, GEME, GEMK, GEO, GEOE, GID, GIDE, ICM, IML, IMLE, INS, INSE, ISL, ISLE, JDF, JEF, JEFE, JEO, JEOE, KIM, KIME, KMM, KMME, KMP, KOM, KOME, MAD, MADE, MAK, MAKE, MAT, MATE, MET, METE, MIM, MIME, MTO, MTOE, MTR, MUT, MUZ, MUZE, PEM, PEME, PET, PETE, SBP, SBPE, SEH, SES, TEK, TEKE, TEL, THO, UCK, UCKE, UZB, UZBE",,
25036,TUR 101,TUR,LS,Türk Dili I,,Bertuğ Sakın,MDB,Perşembe,15:30/17:29,,70,70,,"BIO, BIOE, BLG, BLGE, CAB, CEV, CEVE, CHZ, CHZE, DEN, DENE, ECNE, EHB, EHBE, EHN, ELE, ELH, ELK, ELKE, END, ENDE, EUT, EUTE, FIZ, FIZE, GEM, GEME, GEMK, GEO, GEOE, GID, GIDE, ICM, IML, IMLE, INS, INSE, ISL, ISLE, JDF, JEF, JEFE, JEO, JEOE, KIM, KIME, KMM, KMME, KMP, KOM, KOME, MAD, MADE, MAK, MAKE, MAT, MATE, MET, METE, MIM, MIME, MTO, MTOE, MTR, MUT, MUZ, MUZE, PEM, PEME, PET, PETE, SBP, SBPE, SEH, SES, TEK, TEKE, TEL, THO, UCK, UCKE, UZB, UZBE",,
25037,JDF 382E,JDF,LS,Field Practice III,,Serdar Erol,INB,Cuma,09:30/10:29,,30,29,,"GEO, GEOE, JDF",,
25038,ING 112,ING,LS,English I,,Hande Yalınateş Bilgen,MEDB,Salı,08:30/11:29,,25,25,,"BIO, BIOE, BLG, BLGE, CEV, CEVE, CHZ, CHZE, DEN, DENE, DUIE, ECNE, EHB, EHBE, EHN, ELE, ELH, ELK, ELKE, END, ENDE, EUT, EUTE, FIZ, FIZE, GEM, GEME, GEMK, GEO, GEOE, GID, GIDE, GMIE, ICM, IML, IMLE, INS, INSE, ISL, ISLE, JDF, JEF, JEFE, JEO, JEOE, KIM, KIME, KMM, KMME, KOM, KOME, MAD, MADE, MAK, MAKE, MAT, MATE, MET, METE, MIM, MIME, MTO, MTOE, MUZE, PEM, PEME, PET, PETE, SBP, SBPE, SEH, TEK, TEKE, TEL, UCK, UCKE, UZB, UZBE",,
25039,ING 112,ING,LS,English I,,Hande Yalınateş Bilgen,MED,Çarşamba,11:30/14:29,,25,25,,"BIO, BIOE, BLG, BLGE, CEV, CEVE, CHZ, CHZE, DEN, DENE, DUIE, ECNE, EHB, EHBE, EHN, ELE, ELH, ELK, ELKE, END, ENDE, EUT, EUTE, FIZ, FIZE, GEM, GEME, GEMK, GEO, GEOE, GID, GIDE, GMIE, ICM, IML, IMLE, INS, INSE, ISL, ISLE, JDF, JEF, JEFE, JEO, JEOE, KIM, KIME, KMM, KMME, KOM, KOME, MAD, MADE, MAK, MAKE, MAT, MATE, MET, METE, MIM, MIME, MTO, MTOE, MUZE, PEM, PEME, PET, PETE, SBP, SBPE, SEH, TEK, TEKE, TEL, UCK, UCKE, UZB, UZBE",,
25040,ING 112,ING,LS,English I,,Hande Yalınateş Bilgen,MED,Perşembe,08:30/11:29,,25,25,,"BIO, BIOE, BLG, BLGE, CEV, CEVE, CHZ, CHZE, DEN, DENE, DUIE, ECNE, EHB, EHBE, EHN, ELE, ELH, ELK, ELKE, END, ENDE, EUT, EUTE, FIZ, FIZE, GEM, GEME, GEMK, GEO, GEOE, GID, GIDE, GMIE, ICM, IML, IMLE, INS, INSE, ISL, ISLE, JDF, JEF, JEFE, JEO, JEOE, KIM, KIME, KMM, KMME, KOM, KOME, MAD, MADE, MAK, MAKE, MAT, MATE, MET, METE, MIM, MIME, MTO, MTOE, MUZE, PEM, PEME, PET, PETE, SBP, SBPE, SEH, TEK, TEKE, TEL, UCK, UCKE, UZB, UZBE",,
25041,ISL 450E,ISL,LS,Productivity&Perf.An..,,"Hür Bersam Bolat, Hatice Camgöz Akdağ, Nihan Yıldırım",ISB,Salı,13:30/16:29,,70,53,,"ISL, ISLE",,
25042,ING 112,ING,LS,English I,,Hande Yalınateş Bilgen,MED,Cuma,13:30/16:29,,25,25,,"BIO, BIOE, BLG, BLGE, CEV, CEVE, CHZ, CHZE, DEN, DENE, DUIE, ECNE, EHB, EHBE, EHN, ELE, ELH, ELK, ELKE, END, ENDE, EUT, EUTE, FIZ, FIZE, GEM, GEME, GEMK, GEO, GEOE, GID, GIDE, GMIE, ICM, IML, IMLE, INS, INSE, ISL, ISLE, JDF, JEF, JEFE, JEO, JEOE, KIM, KIME, KMM, KMME, KOM, KOME, MAD, MADE, MAK, MAKE, MAT, MATE, MET, METE, MIM, MIME, MTO, MTOE, MUZE, PEM, PEME, PET, PETE, SBP, SBPE, SEH, TEK, TEKE, TEL, UCK, UCKE, UZB, UZBE",,
25043,MTO 111,MTO,LS,Atmosfer Bilimlerine Giriş,,Hüseyin Toros,UUB,Pazartesi,14:30/17:29,,35,10,,MTO,,
25047,CAB 360,CAB,LS,Ud VI,,Mehmet Bitmez,TMB,Pazartesi,15:30/17:29,,5,1,,"CGM4, CGM6, CGM7, CGM8, MTR, MUT, SES",,
25057,ISL 448E,ISL,LS,Optimization Models & App.,,"Ferhan Çebi, Dilay Çelebi",ISB,Perşembe,09:30/12:29,,70,31,,"ISL, ISLE",,
25058,DUI 351,DUI,LS,Deniz Eğitimi II,,Özcan Arslan,DZB,,/,,100,72,,DUI,,
25059,DUI 431,DUI,LS,Gemi Makinaları,,Fırat Bolat,DZB,Pazartesi,10:30/12:29,,30,3,,DUI,,
25061,BIL 113E,BIL,LS,Intr.to Sci& Eng.Comp.(MATLAB),,Melek Ertogan,DZB,Salı,11:30/14:29,,50,50,,"DUI, DUIE, GMI, GMIE",,
25062,DUI 311,DUI,LS,Göksel Seyir,,Orhan Gönel,DZB,Cuma,14:30/17:29,,45,10,,DUI,,
25063,KIM 231EL,KIM,LS,Organic Chemistry Lab. I,,"İbrahim Volkan Kumbaracı, Hakan Durmaz",FEB,Perşembe,12:30/17:29,,40,36,,"KIM, KIME",,
25064,MAT 262E,MAT,LS,Linear Algebra,,Sabire Cömert,DZB,Çarşamba,13:30/15:29,,45,15,,"DUI, DUIE",,
25070,DUI 321,DUI,LS,Deniz Hukuku I,,Hakan Muran,DZB,Perşembe,14:30/16:29,,40,15,,DUI,,
25071,DUI 331,DUI,LS,Vardiya Standartları II,,Oğuzhan Gürel,DZB,Perşembe,10:30/12:29,,45,5,,DUI,,
25072,DUI 401E,DUI,LS,Ship Handling and Manouevring,,Emre Akyüz,DZB,Salı,10:30/13:29,,45,12,,"DUI, DUIE",,
25073,DFH 411E,DFH,LS,Commercial Ship Management,,Pelin Bolat,DZB,Salı,08:30/10:29,,50,11,,"DUI, DUIE",,
25075,DFH 441,DFH,LS,Denizcilikte Yön.Dav.&Perf.;,,Leyla Tavacıoğlu,DZB,Salı,13:30/15:29,,45,6,,DUI,,
25076,TUR 101,TUR,LS,Türk Dili I,,Muhsin Kadıoğlu,DZB,Çarşamba,08:30/10:29,,50,15,,"DUI, DUIE, GMI, GMIE",,
25078,DFH 331E,DFH,LS,Int.Relations&Mariti..,,--,DZB,Perşembe,10:30/12:29,,0,0,,"DUI, DUIE",,
25079,PHY 126,PHY,LS,Physics II,,Yakup Hundur,KMB,Pazartesi,14:30/17:29,,25,12,,"MBI, SIN",,
25080,PHY 126,PHY,LS,Physics II,,Cenap Şahabettin Özben,FEB,Pazartesi,14:30/17:29,,40,40,,"MBI, SIN",,
25081,PHY 126L,PHY,LS,Physics II Laboratory,,Yakup Hundur,FEB,Çarşamba,08:30/10:29,,40,27,,"MBI, SIN",,
25082,PHY 126L,PHY,LS,Physics II Laboratory,,--,FEB,Çarşamba,11:30/13:29,,0,1,,"MBI, SIN",,
25083,PHY 102,PHY,LS,Physics II,,--,EEB | FEB,Salı | Çarşamba,08:30/11:29 | 10:30/12:29,,0,0,,SEN,,
25084,MUT 490,MUT,LS,Bilg. Dest.Mesleki Resim II,,Şafak Köksal,TMB,Perşembe,10:30/12:29,,10,2,,MUT,,
25085,THO 4122,THO,LS,Oyun Analizi II,,Nihal Cömert,TMB | TMB,Salı | Çarşamba,15:30/17:29 | 13:30/15:29,,10,1,,THO,,
25086,SES 4126,SES,LS,Müzik Estetiği,,Yalçın Çetinkaya,TMB,Perşembe,09:30/12:29,,10,4,,"SES, TEB, THO",,
25087,THO 1116,THO,LS,Türk Halk Oyunları II,,Cenap Güngör,TMB | TMB | TMB,Pazartesi | Salı | Perşembe,08:30/10:29 | 13:30/15:29 | 08:30/10:29,,5,0,,THO,,
25088,THO 4317,THO,LS,Egzersiz,,"Yurıy Mezokh, Funda Bozkurt",TMB,Cuma,13:30/15:29,,5,0,,THO,,
25089,THO 1644,THO,LS,Klarnet I,,Özlem Kolat Çakmaksoy,TMB,Çarşamba,13:30/15:29,,5,0,,THO,,
25093,MAT 271,MAT,LS,Olasılık ve İstatistik,,Filiz Türk Katırcıoğlu,UUB,Pazartesi,11:30/14:29,,50,41,,"BIO, BLG, EHB, ELE, ELH, EUT, FIZ, GEM, GEO, GID, IML, INS, JEO, KMM, MET, MTO, PET, TEL, UCK, UZB",,
25118,EKO 201E,EKO,LS,Economics,,David Thomas Seymour,MED,Çarşamba,08:30/11:29,,200,200,,"BLG, BLGE, CEV, CEVE, CHZ, CHZE, DEN, DENE, DUI, DUIE, EHBE, ELE, ELH, ELK, ELKE, END, ENDE, EUT, EUTE, FIZ, GEM, GEME, GEMK, GEO, GEOE, GID, GIDE, GMI, GMIE, ICM, IML, IMLE, INS, INSE, JDF, JEO, JEOE, KMM, KMME, KOM, KOME, MAD, MADE, MAK, MAKE, MAT, MATE, MET, METE, MIM, MIME, MTO, MTOE, PEM, PEME, PET, PETE, SBP, SBPE, TEK, TEKE, TEL, UCK, UCKE, UZB, UZBE",,
25119,AKM 205E,AKM,LS,Fluid Mechanics,,Şakir Bal,GDB | GDB,Çarşamba | Perşembe,13:30/15:29 | 13:30/16:29,,50,5,,"DEN, DENE, GEM, GEME, GEMK, MAK, MAKE, UCK, UCKE, UZB, UZBE",,
25120,FIZ 313E,FIZ,LS,Modern Physics,,Ömer Faruk Dayı,FEB | FEB | FEB,Pazartesi | Çarşamba | Cuma,08:30/10:29 | 08:30/10:29 | 08:30/09:29,,75,27,,"FIZ, FIZE, FIZM",,
25122,BLG 460E,BLG,LS,Secure Programming,,Mehmet Tahir Sandıkkaya,EEB,Salı,09:30/11:29,,65,37,,"BLG, BLGE",,
25123,MUT 2626,MUT,LS,Keman IV,,Pınar Tezişçi,TMB,Çarşamba,13:30/15:29,,5,1,,MUT,,
25124,CAB 241,CAB,LS,Piyano III,,Devlet Devrim Öztaş,TMB,,/,,5,1,,CAB,,
25130,ICM 215,ICM,LS,Taşıyıcı Sistem İlkeleri,,"Gülseren Erol Soyöz, Haluk Sesigür",MMB,Cuma,13:30/16:29,,80,18,,ICM,,
25161,MAT 175E,MAT,LS,Abstract Mathematics,,Burak Yıldıran Stodolsky,FEB,Çarşamba,08:30/11:29,,70,53,,"MAT, MATE, MATM",,
25165,ULP 102,ULP,LS,NewBeg.Fresh.Sem.&Se..,,Tanzer Satır,---,Pazartesi,18:30/20:29,,0,0,,"MBI, MCB, SBL, SCE, SDU, SEK, SEN, SGM, SIN, SIS, SMT, STP",,
25166,ULP 102,ULP,LS,NewBeg.Fresh.Sem.&Se..,,Ata Bilgili,---,Pazartesi,18:30/20:29,,0,0,,"MBI, MCB, SBL, SCE, SDU, SEK, SEN, SGM, SIN, SIS, SMT, STP",,
25167,ULP 102,ULP,LS,NewBeg.Fresh.Sem.&Se..,,Ayşe Banu Elmadağ Baş,---,Pazartesi,18:30/20:29,,0,0,,"MBI, MCB, SBL, SCE, SDU, SEK, SEN, SGM, SIN, SIS, SMT, STP",,
25168,ULP 102,ULP,LS,NewBeg.Fresh.Sem.&Se..,,Cevza Candan,---,Pazartesi,18:30/20:29,,0,0,,"MBI, MCB, SBL, SCE, SDU, SEK, SEN, SGM, SIN, SIS, SMT, STP",,
25169,ULP 102,ULP,LS,NewBeg.Fresh.Sem.&Se..,,Ebru Dülekgürgen,---,Pazartesi,18:30/20:29,,0,0,,"MBI, MCB, SBL, SCE, SDU, SEK, SEN, SGM, SIN, SIS, SMT, STP",,
25170,ULP 102,ULP,LS,NewBeg.Fresh.Sem.&Se..,,Elif Karaosmanoğlu,---,Pazartesi,18:30/20:29,,0,0,,"MBI, MCB, SBL, SCE, SDU, SEK, SEN, SGM, SIN, SIS, SMT, STP",,
25171,ULP 102,ULP,LS,NewBeg.Fresh.Sem.&Se..,,Esra Özkan Zayim,---,Pazartesi,18:30/20:29,,0,0,,"MBI, MCB, SBL, SCE, SDU, SEK, SEN, SGM, SIN, SIS, SMT, STP",,
25172,ULP 102,ULP,LS,NewBeg.Fresh.Sem.&Se..,,Esra Ece Bayat,---,Pazartesi,18:30/20:29,,0,0,,"MBI, MCB, SBL, SCE, SDU, SEK, SEN, SGM, SIN, SIS, SMT, STP",,
25173,ULP 102,ULP,LS,NewBeg.Fresh.Sem.&Se..,,Gaye Karaçay Aydın,---,Pazartesi,18:30/20:29,,0,0,,"MBI, MCB, SBL, SCE, SDU, SEK, SEN, SGM, SIN, SIS, SMT, STP",,
25174,ULP 102,ULP,LS,NewBeg.Fresh.Sem.&Se..,,Aytekin Çökelez,---,Pazartesi,18:30/20:29,,0,0,,"MBI, MCB, SBL, SCE, SDU, SEK, SEN, SGM, SIN, SIS, SMT, STP",,
25175,ULP 102,ULP,LS,NewBeg.Fresh.Sem.&Se..,,İbrahim Akduman,---,Pazartesi,18:30/20:29,,0,0,,"MBI, MCB, SBL, SCE, SDU, SEK, SEN, SGM, SIN, SIS, SMT, STP",,
25176,ULP 102,ULP,LS,NewBeg.Fresh.Sem.&Se..,,Ertuğrul Karaçuha,---,Pazartesi,18:30/20:29,,0,0,,"MBI, MCB, SBL, SCE, SDU, SEK, SEN, SGM, SIN, SIS, SMT, STP",,
25177,ULP 102,ULP,LS,NewBeg.Fresh.Sem.&Se..,,İsmail Yılmaz Taptık,---,Pazartesi,18:30/20:29,,0,0,,"MBI, MCB, SBL, SCE, SDU, SEK, SEN, SGM, SIN, SIS, SMT, STP",,
25178,ULP 102,ULP,LS,NewBeg.Fresh.Sem.&Se..,,Melek Mümine Erol Taygun,---,Pazartesi,18:30/20:29,,0,0,,"MBI, MCB, SBL, SCE, SDU, SEK, SEN, SGM, SIN, SIS, SMT, STP",,
25179,ULP 102,ULP,LS,NewBeg.Fresh.Sem.&Se..,,Nurdil Eskin,---,Pazartesi,18:30/20:29,,0,0,,"MBI, MCB, SBL, SCE, SDU, SEK, SEN, SGM, SIN, SIS, SMT, STP",,
25180,ULP 102,ULP,LS,NewBeg.Fresh.Sem.&Se..,,Osman Atilla Arıkan,---,Pazartesi,18:30/20:29,,0,0,,"MBI, MCB, SBL, SCE, SDU, SEK, SEN, SGM, SIN, SIS, SMT, STP",,
25181,ULP 102,ULP,LS,NewBeg.Fresh.Sem.&Se..,,"Osman Bülent Özipek, Canan Sarıçam",---,Pazartesi,18:30/20:29,,0,0,,"MBI, MCB, SBL, SCE, SDU, SEK, SEN, SGM, SIN, SIS, SMT, STP",,
25183,ULP 102,ULP,LS,NewBeg.Fresh.Sem.&Se..,,Sinan Ertemel,---,Pazartesi,18:30/20:29,,0,0,,"MBI, MCB, SBL, SCE, SDU, SEK, SEN, SGM, SIN, SIS, SMT, STP",,
25184,ULP 102,ULP,LS,NewBeg.Fresh.Sem.&Se..,,Şerif Bahtiyar,---,Pazartesi,18:30/20:29,,0,0,,"MBI, MCB, SBL, SCE, SDU, SEK, SEN, SGM, SIN, SIS, SMT, STP",,
25185,ULP 102,ULP,LS,NewBeg.Fresh.Sem.&Se..,,Ümmühan Telem Gök Sadıkoğlu,---,Pazartesi,18:30/20:29,,0,0,,"MBI, MCB, SBL, SCE, SDU, SEK, SEN, SGM, SIN, SIS, SMT, STP",,
25186,ULP 102,ULP,LS,NewBeg.Fresh.Sem.&Se..,,Yılmaz Akkaya,---,Pazartesi,18:30/20:29,,0,0,,"MBI, MCB, SBL, SCE, SDU, SEK, SEN, SGM, SIN, SIS, SMT, STP",,
25188,MIM 246,MIM,LS,Çevre Kontrolü Stüdyosu,,--,MMB | MMB,Salı | Perşembe,13:30/17:29 | 08:30/12:29,,140,2,,MIM,,
25189,MIM 246,MIM,LS,Çevre Kontrolü Stüdyosu,,Nuri Serteser,MMB | MMB,Salı | Perşembe,13:30/17:29 | 08:30/12:29,,0,45,,MIM,,
25192,SES 114,SES,LS,Ses Eğitimi II,,Gülaram Baltayeva,TMB,,/,,5,0,,"SEMH, SEMS, SES",,
25193,SES 114,SES,LS,Ses Eğitimi II,,Sinem Özdemir,TMB,,/,,6,4,,"SEMH, SEMS, SES",,
25199,MUZ 1122,MUZ,LS,Piyano II,,Sıtkı Kandemir Basmacıoğlu,TMB,Çarşamba,10:30/11:29,,5,0,,MUZ,,
25200,MUZ 2122E,MUZ,LS,Intr. to Organology,,Eray Cömert,TMB,Cuma,13:30/16:29,,5,0,,MUZ,,
25217,MAK 402E,MAK,LS,Mechanical Engineering Lab. II,,İsmail Yalçın Uralcan,MKB,,/,,250,196,,"MAK, MAKE",,
25218,MEK 205E,MEK,LS,Engineering Mechanics,,Emrecan Söylemez,MKB,Cuma,09:30/12:29,,100,100,,"CHZ, CHZE, END, ENDE, GID, GIDE, GMI, GMIE, GMIK, IML, IMLE, ISL, ISLE, JEF, JEFE, JEO, JEOE, MAD, MADE, MADM, PET, PETE, TEKE",,
25219,TER 201E,TER,LS,Thermodynamics,,Turgut Yılmaz,MKB,Çarşamba,12:30/15:29,,80,80,,"CEV, CEVE, CHZ, CHZE, DEN, DENE, GEM, GEME, GEMK, ISL, ISLE, JEF, JEO, JEOE, KMM, KMME, KOM, KOME, KON, KONE, MAD, PET, PETE, TEK, TEKE",,
25220,ATA 101,ATA,LS,Atatürk İlk & İnkılap Trh I,,Sait Kofoğlu,INB,Pazartesi,13:30/15:29,,60,60,,"BIO, BIOE, BLG, BLGE, CEV, CEVE, CHZ, CHZE, DEN, DENE, DUI, DUIE, ECNE, EHB, EHBE, EHN, ELE, ELH, ELK, ELKE, END, ENDE, EUT, EUTE, FIZ, FIZE, GEM, GEME, GEMK, GEO, GEOE, GID, GIDE, GMI, GMIE, ICM, IML, IMLE, INS, INSE, ISL, ISLE, JDF, JEF, JEFE, JEO, JEOE, KIM, KIME, KMM, KMME, KOM, KOME, MAD, MADE, MAK, MAKE, MAT, MATE, MET, METE, MIM, MIME, MTO, MTOE, PEM, PEME, PET, PETE, SBP, SBPE, SEH, TEK, TEKE, TEL, THO, UCK, UCKE, UZB, UZBE",,
25221,RUS 201,RUS,LS,Rusça III,,Victoria Nikolaevna Leonova,MED,Cuma,13:30/17:29,,20,11,,Tüm Lisans ve Lisansüstü Programlar,,
25223,FIZ 314E,FIZ,LS,Quantum Mechanics I,,Cem Özgür Servantie,FEB | FEB | FEB,Pazartesi | Çarşamba | Cuma,08:30/10:29 | 08:30/10:29 | 08:30/09:29,,75,41,,"FIZ, FIZE, FIZM",,
25224,FIZ 310E,FIZ,LS,Statistical Phy. & Thermodyn.,,Ferid Salehli,FEB | FEB | FEB,Salı | Çarşamba | Perşembe,10:30/12:29 | 11:30/12:29 | 10:30/12:29,,50,40,,"FIZ, FIZE, FIZM",,
25225,STA 204,STA,LS,Statik ve Mukavemet,,Cemil Kurtcebe,UUB,Çarşamba,11:30/14:29,,50,34,,"CEV, EHB, ELE, ELH, ELK, EUT, GID, ISL, KMM, KOM, KON, MET, MTO, PET, TEL",,
25226,END 480E,END,LS,Reliability Engineering,,Esra Baş,ISB,Çarşamba,12:30/15:29,,40,40,,"END, ENDE",,
25227,END 423,END,LS,Yatırım Planlama,,--,ISB,Cuma,14:00/16:59,,0,0,,END,,
25229,MEK 205E,MEK,LS,Engineering Mechanics,,Akif Kutlu,MDB,Perşembe,08:30/11:29,,30,30,,"CHZ, CHZE, END, ENDE, GID, GIDE, GMI, GMIE, GMIK, IML, IMLE, ISL, ISLE, JEF, JEFE, JEO, JEOE, MAD, MADE, PET, PETE, TEKE",,
25231,ATA 101,ATA,LS,Atatürk İlk & İnkılap Trh I,,Sait Kofoğlu,INB,Perşembe,15:30/17:29,,60,61,,"BIO, BIOE, BLG, BLGE, CEV, CEVE, CHZ, CHZE, DEN, DENE, DUI, DUIE, ECNE, EHB, EHBE, EHN, ELE, ELH, ELK, ELKE, END, ENDE, EUT, EUTE, FIZ, FIZE, GEM, GEME, GEMK, GEO, GEOE, GID, GIDE, GMI, GMIE, ICM, IML, IMLE, INS, INSE, ISL, ISLE, JDF, JEF, JEFE, JEO, JEOE, KIM, KIME, KMM, KMME, KOM, KOME, MAD, MADE, MAK, MAKE, MAT, MATE, MET, METE, MIM, MIME, MTO, MTOE, PEM, PEME, PET, PETE, SBP, SBPE, SEH, TEK, TEKE, TEL, THO, UCK, UCKE, UZB, UZBE",,
25232,TEK 434E,TEK,LS,Int.toSmart Tex.&Wea..,,Senem Kurşun Bahadır,MKB,Pazartesi,09:30/12:29,,30,23,,"TEK, TEKE",,
25233,EHB 231E,EHB,LS,Electronics I,,Hasan Bülent Yağcı,EEB,Pazartesi,09:30/12:29,,70,79,,"EHB, EHBE, ELE",,
25234,EHB 232E,EHB,LS,Circuit and System Analysis,,Onur Ferhanoğlu,EEB,Pazartesi,13:30/16:29,,60,64,,"BLG, BLGE, EHB, EHBE, ELE, ELH, ELK, ELKE, TEL",,
25235,EHB 474E,EHB,LS,Introduction to Optimization,,Mehmet Nuri Akıncı,EEB,Perşembe,09:30/12:29,,50,65,,"EHB, EHBE, ELE, TEL",,
25236,EHB 477,EHB,LS,Elektromagnetik Uyumluluk Teme,,Mehmet Nuri Akıncı,EEB,Salı,09:30/12:29,,35,14,,"EHB, TEL",,
25237,BLG 252E,BLG,LS,Object Oriented Programming,,İbrahim Akduman,EEB,Pazartesi,09:30/12:29,,55,55,,"EHB, EHBE, ELE, TEL",,
25238,EKO 201E,EKO,LS,Economics,,Kerem Yavuz Arslanlı,MED,Salı,08:30/11:29,,200,200,,"BLG, BLGE, CEV, CEVE, CHZ, CHZE, DEN, DENE, DUI, DUIE, EHBE, ELE, ELH, ELK, ELKE, END, ENDE, EUT, EUTE, FIZ, GEM, GEME, GEMK, GEO, GEOE, GID, GIDE, GMI, GMIE, ICM, IML, IMLE, INS, INSE, JDF, JEO, JEOE, KMM, KMME, KOM, KOME, MAD, MADE, MAK, MAKE, MAT, MATE, MET, METE, MIM, MIME, MTO, MTOE, PEM, PEME, PET, PETE, SBP, SBPE, TEK, TEKE, TEL, UCK, UCKE, UZB, UZBE",,
25239,JEO 222,JEO,LS,Jeomekanik,,Yılmaz Mahmutoğlu,MDB,Cuma,08:30/12:29,,20,20,,"JEF, JEO, JEOM",,
25240,CAB 456,CAB,LS,Tar VIII,,Ahmet Serhat Turunç,TMB,Çarşamba,10:30/12:29,,5,1,,"CGM6, CGM7, CGM8, MTR, SES",,
25241,SES 4212,SES,LS,Toplu İcra II,,Sinem Özdemir,TMB,Salı,15:30/17:29,,10,1,,SES,,
25242,SES 4118,SES,LS,Üslup Repertuar IV,,Sinem Özdemir,TMB | TMB | TMB,Pazartesi | Pazartesi | Salı,08:30/10:29 | 15:30/17:29 | 08:30/10:29,,5,1,,SES,,
25248,MAT 242E,MAT,LS,Statistics,,Mustafa Nadar,FEB,Cuma,08:30/12:29,,4,3,,MATE,,
25249,MUH 321E,MUH,LS,Numerical Methods,,İzzet Göksel,FEB,Cuma,08:30/12:29,,3,3,,MATE,,
25250,MUH 302E,MUH,LS,Continuum Mechanics,,Rahmiye Ergün,FEB,Çarşamba,08:30/12:29,,2,3,,MATE,,
25251,MAT 287E,MAT,LS,Mathematics III,,Zerrin Şentürk,FEB | FEB,Pazartesi | Salı,14:30/17:29 | 08:30/10:29,,1,1,,MATE,,
25252,MAT 331E,MAT,LS,Partial Differential Equations,,İzzet Göksel,FEB,Perşembe,08:30/12:29,,2,2,,MATE,,
25253,MAT 112,MAT,LS,Matematik II,,Kamil Oruçoğlu,FEB | FEB,Çarşamba | Perşembe,11:30/13:29 | 13:30/17:29,,15,6,,MAT,,
25254,MST 262,MST,LS,Maritime English II,,Müjgan Özenir,DZB,Perşembe,11:30/13:29,,50,20,,"MEN, NAE",,
25255,DUI 411,DUI,LS,Yük İşlemleri&Elle;çlenmesi II,,Tanzer Satır,DZB,Pazartesi,11:30/14:29,,50,8,,DUI,,
25256,GMI 301E,GMI,LS,Maritime Law,,Hakan Muran,DZB,Salı,15:30/17:29,,45,35,,"GMI, GMIE",,
25257,MUK 208E,MUK,LS,Strength of Materials,,Münir Süner,DZB,Salı,12:30/15:29,,40,36,,"GMI, GMIE",,
25258,DFH 278E,DFH,LS,Maritime Economics,,Levent Kırval,DZB,Çarşamba,08:30/10:29,,45,24,,"DUI, DUIE, GMI, GMIE",,
25259,DFH 278E,DFH,LS,Maritime Economics,,Levent Kırval,DZB,Çarşamba,13:30/15:29,,62,60,,"DUI, DUIE, GMI, GMIE",,
25260,GMI 171E,GMI,LS,Maritime English I,,Müjgan Özenir,DZB,Pazartesi,14:30/16:29,,20,17,,"GMI, GMIE",,
25261,DFH 241E,DFH,LS,Marine Environment Protection,,Sevilay Can,DZB,Perşembe,15:30/17:29,,45,7,,"DUI, DUIE",,
25262,DFH 351E,DFH,LS,Shipping Finance,,Levent Kırval,DZB,Salı,15:30/17:29,,40,8,,"DUI, DUIE",,
25263,DFH 242E,DFH,LS,General English II,,Halime Ceren Göktaş,DZB,Cuma,08:30/10:29,,45,6,,"DUI, DUIE",,
25264,DUI 451E,DUI,LS,Cargo Handling Simulator,,Orhan Gönel,DZB,Pazartesi,15:30/17:29,,30,4,,"DUI, DUIE",,
25265,PEM 207E,PEM,LS,Statistics,,Fatma Ayçim Türer Başkaya,MMB,Pazartesi,09:30/12:29,,45,22,,"PEM, PEME",,
25266,DUI 251,DUI,LS,Meteoroloji,,Ayşe Yılmaz,DZB,Çarşamba,08:30/11:29,,35,8,,DUI,,
25267,DFH 222E,DFH,LS,Maritime English II,,Halime Ceren Göktaş,DZB,Perşembe,11:30/13:29,,35,18,,"DUI, DUIE",,
25268,ICM 374,ICM,LS,Meslek Pratiği,,"Deniz Ayşe Kanoğlu, Gülfer Oraz",MMB,Pazartesi,08:30/12:29,,80,53,,ICM,,
25274,MAT 355E,MAT,LS,Topology,,Ali Sait Demir,FEB,Çarşamba,08:30/11:29,,1,1,,MATE,,
25275,ULP 103,ULP,LS,Global Issues in Engineering,,Yılmaz Akkaya,INB,Cuma,14:30/17:29,,40,37,,SIN,,
25276,ULP 104,ULP,LS,English Communication,,Thomas Arthur Morey,INB,Salı,13:30/16:29,,40,38,,SIN,,
25277,MTH 108,MTH,LS,Calculus II,,Bahri Güldoğan,INB | INB,Çarşamba | Cuma,12:30/15:29 | 08:30/11:29,,40,35,,"SCE, SIN",,
25278,MAT 210,MAT,LS,Mühendislik Matematiği,,Sabire Cömert,DZB | DZB,Cuma | Cuma,11:30/12:29 | 14:30/17:29,,45,31,,"DUI, DUIE, GMI, GMIE",,
25279,DUI 241,DUI,LS,Deniz Eğitimi I,,Özcan Arslan,DZB,,/,,100,37,,DUI,,
25280,DUI 302E,DUI,LS,Onboard Training III,,Emre Akyüz,DZB,,/,,120,79,,"DUI, DUIE",,
25281,MTO 323,MTO,LS,Atmosfer Kimyası,,Orhan Şen,UUB,Salı,08:30/11:29,,10,14,,MTO,,
25284,GEO 203,GEO,LS,Koord. Sist. Ve Jeodezi I,,Hayri Hakan Denli,INB,Çarşamba,08:30/12:29,,50,35,,GEO,,
25285,TES 211E,TES,LS,Project III,,Funda Yirmibeşoğlu,MMB | MMB,Pazartesi | Perşembe,13:30/17:29 | 13:30/17:29,,10,2,,"EUT, EUTE, ICM, MIM, MIME, PEM, PEME, SBP, SBPE",,
25288,GMI 463E,GMI,LS,Deck Machinery,,Taylan Güler,DZB,Pazartesi,08:30/10:29,,90,75,,"GMI, GMIE",,
25289,CAB 442,CAB,LS,Piyano VIII,,Mehru Ensari,TMB,,/,,5,1,,CAB,,
25290,SES 106,SES,LS,Korrepetisyon II,,"Ayşe Esin Şentürk, Sinem Özdemir",TMB,,/,,5,2,,"SEMH, SEMS, SES",,
25291,SES 106,SES,LS,Korrepetisyon II,,"Serap Baltutan, Sinem Özdemir",TMB,,/,,5,1,,"SEMH, SEMS, SES",,
25292,SES 106,SES,LS,Korrepetisyon II,,Sinem Özdemir,TMB,,/,,5,1,,"SEMH, SEMS, SES",,
25293,CAB 280,CAB,LS,Koltuk Davul II,,Salim Sınar,TMB,Cuma,08:30/10:29,,5,1,,THO,,
25294,THO 413,THO,LS,Jest-Mimik,,Yurıy Mezokh,TMB | TMB,Pazartesi | Cuma,11:30/12:29 | 15:30/17:29,,10,6,,THO,,
25295,THO 417,THO,LS,Sahne Projesi III (Kredisiz),,Funda Bozkurt,TMB | TMB,Perşembe | Cuma,10:30/12:29 | 10:30/12:29,,5,2,,THO,,
25296,KMP 114,KMP,LS,Klasik Armoni II,,Nail Yavuzoğlu,TMB,Perşembe,15:30/17:29,,10,1,,KMP,,
25297,MUZ 301,MUZ,LS,Müzik Tarihi V,,Atilla Coşkun Toksoy,TMB,Pazartesi,09:30/12:29,,10,1,,MUZ,,
25298,MUZ 302,MUZ,LS,Müzik Tarihi VI,,Serhan Dilhan Konan,TMB,Pazartesi,09:30/12:29,,10,2,,MUZ,,
25300,MAD 319E,MAD,LS,Natural Stone Mining Tech.,,Deniz Tumaç,MDB,Salı,13:30/15:29,,30,30,,"MAD, MADE",,
25301,SES 3912,SES,LS,Kanun VI,,Serkan Mesut Halili,TMB,Pazartesi,13:30/15:29,,5,1,,SES,,
25302,SES 413,SES,LS,Dünya Vokal Teknikleri III,,Fidan Kurt Kasapbaşı,TMB,,/,,5,1,,SES,,
25303,SES 421,SES,LS,Koro V (Kredisiz),,Neşe Yeşim Altınel Çoban,TMB | TMB,Salı | Perşembe,15:30/17:29 | 15:30/17:29,,20,3,,SES,,
25304,CAB 462,CAB,LS,Ney VIII,,Ali Tüfekçi,TMB,Çarşamba,10:30/12:29,,5,1,,"CGM6, CGM7, CGM8, MTR",,
25305,SES 407,SES,LS,Yöre Ağızları III,,Deniz Güneş,TMB | TMB,Çarşamba | Perşembe,13:30/15:29 | 15:30/17:29,,5,4,,SES,,
25306,PEM 316E,PEM,LS,Urban Land. Pln& Design,,Gülşen Aytaç,MMB,Perşembe,08:30/11:29,,35,14,,"PEME, PEMM",,
25307,DFH 462E,DFH,LS,Sea Ice,,Burcu Özsoy,DZB,Perşembe,11:30/13:29,,50,48,,"DUI, DUIE",,
25308,TES 211E,TES,LS,Project III,,Meltem Erdem Kaya,MMB | MMB,Pazartesi | Perşembe,13:30/17:29 | 13:30/17:29,,10,1,,"EUT, EUTE, ICM, MIM, MIME, PEM, PEME, SBP, SBPE",,
25312,DFH 212E,DFH,LS,Human Resour.Manag.in Maritime,,Leyla Tavacıoğlu,DZB,Çarşamba,08:30/10:29,,45,13,,"DUI, DUIE",,
25315,DUI 232E,DUI,LS,Marine Electronics,,Melek Ertogan,DZB,Pazartesi,11:30/13:29,,45,41,,"DUI, DUIE",,
25317,DUI 442E,DUI,LS,Meteorology and Oceanography,,Ayşe Yılmaz,DZB,Pazartesi,13:30/15:29,,40,14,,"DUI, DUIE",,
25318,DUI 402E,DUI,LS,Maritime Law II,,Hakan Muran,DZB,Salı,08:30/11:29,,50,40,,"DUI, DUIE",,
25319,DFH 202E,DFH,LS,Ship Emergency Response,,Taylan Güler,DZB,Salı,15:30/17:29,,40,27,,"DUI, DUIE, GMI, GMIE",,
25320,DFH 201E,DFH,LS,Basic Swimming Skills,,Yusuf Nejat Koçar,DZB,Perşembe,08:30/10:29,,45,44,,"DUI, DUIE, GMI, GMIE",,
25324,MTR 104E,MTR,LS,Music Theory II,,--,TMB | TMB | TMB,Pazartesi | Çarşamba | Cuma,08:30/10:29 | 08:30/10:29 | 15:30/17:29,,0,0,,"MTR, MUZ, MUZE",,
25325,MTR 102E,MTR,LS,Makam Theory II,,--,TMB | TMB | TMB,Çarşamba | Perşembe | Cuma,13:30/15:29 | 13:30/15:29 | 13:30/15:29,,0,0,,"MTR, MUZ, MUZE",,
25326,MTR 202E,MTR,LS,Makam Theory IV,,--,TMB | TMB | TMB,Salı | Perşembe | Cuma,13:30/15:29 | 10:30/12:29 | 10:30/12:29,,0,0,,MUZE,,
25327,MTR 204E,MTR,LS,Music Theory IV,,--,TMB | TMB | TMB,Salı | Çarşamba | Cuma,15:30/17:29 | 13:30/15:29 | 15:30/17:29,,0,0,,MUZE,,
25328,CAB 188E,CAB,LS,Guitar II,,--,TMB,Pazartesi,08:30/10:29,,0,0,,MUZE,,
25333,GMI 131,GMI,LS,Müh. Sistem. Nümerik Analizi,,Ata Bilgili,DZB,Çarşamba,08:30/11:29,,46,38,,GMI,,
25334,EHB 208E,EHB,LS,Data Structures & Programming,,Cihat Eryiğit,EEB,Cuma,14:00/16:59,,85,84,,"EHB, EHBE, TEL",,
25335,ELK 107E,ELK,LS,Int to Sci.&Eng.Comp..,,Suat İlhan,EEB | EEB,Cuma | Cuma,08:30/10:29 | 10:30/12:29,,0,0,,"ELK, ELKE",,
25336,GEO 215E,GEO,LS,Prob.and Stat. for Geom. Eng.,,Dursun Zafer Şeker,INB,Çarşamba,12:30/15:29,,35,38,,"GEO, GEOE, JDF",,
25338,DFH 251E,DFH,LS,General English I,,Halime Ceren Göktaş,DZB,Cuma,10:30/12:29,,35,7,,"DUI, DUIE",,
25339,TES 211E,TES,LS,Project III,,Deniz Ayşe Kanoğlu,MMB | MMB,Pazartesi | Perşembe,13:30/17:29 | 13:30/17:29,,10,0,,"EUT, EUTE, ICM, MIM, MIME, PEM, PEME, SBP, SBPE",,
25340,DFH 211,DFH,LS,Kürek ve Kano Sporları,,--,DZB,Salı,11:30/14:29,,0,0,,"DUI, DUIE, GMI, GMIE",,
25341,DFH 242E,DFH,LS,General English II,,Halime Ceren Göktaş,DZB,Cuma,14:30/16:29,,35,9,,"DUI, DUIE",,
25342,ATA 102,ATA,LS,Atatürk İlk & İnkılap Trh II,,Barış Ertem,EEB,Çarşamba,10:30/12:29,,65,64,,"BIO, BIOE, BLG, BLGE, CEV, CEVE, CHZ, CHZE, DEN, DENE, DUI, DUIE, ECNE, EHB, EHBE, EHN, ELE, ELH, ELK, ELKE, END, ENDE, EUT, EUTE, FIZ, FIZE, GEM, GEME, GEMK, GEO, GEOE, GID, GIDE, GMI, GMIE, ICM, IML, IMLE, INS, INSE, ISL, ISLE, JDF, JEF, JEFE, JEO, JEOE, KIM, KIME, KMM, KMME, KOM, KOME, MAD, MADE, MAK, MAKE, MAT, MATE, MET, METE, MIM, MIME, MTO, MTOE, PEM, PEME, PET, PETE, SBP, SBPE, SEH, TEK, TEKE, TEL, THO, UCK, UCKE, UZB, UZBE",,
25343,ATA 102,ATA,LS,Atatürk İlk & İnkılap Trh II,,Seda Bayındır Uluskan,MDB,Çarşamba,10:30/12:29,,65,65,,"BIO, BIOE, BLG, BLGE, CEV, CEVE, CHZ, CHZE, DEN, DENE, DUI, DUIE, ECNE, EHB, EHBE, EHN, ELE, ELH, ELK, ELKE, END, ENDE, EUT, EUTE, FIZ, FIZE, GEM, GEME, GEMK, GEO, GEOE, GID, GIDE, GMI, GMIE, ICM, IML, IMLE, INS, INSE, ISL, ISLE, JDF, JEF, JEFE, JEO, JEOE, KIM, KIME, KMM, KMME, KOM, KOME, MAD, MADE, MAK, MAKE, MAT, MATE, MET, METE, MIM, MIME, MTO, MTOE, PEM, PEME, PET, PETE, SBP, SBPE, SEH, TEK, TEKE, TEL, THO, UCK, UCKE, UZB, UZBE",,
25344,ATA 102,ATA,LS,Atatürk İlk & İnkılap Trh II,,Sait Kofoğlu,INB,Perşembe,10:30/12:29,,65,64,,"BIO, BIOE, BLG, BLGE, CEV, CEVE, CHZ, CHZE, DEN, DENE, DUI, DUIE, ECNE, EHB, EHBE, EHN, ELE, ELH, ELK, ELKE, END, ENDE, EUT, EUTE, FIZ, FIZE, GEM, GEME, GEMK, GEO, GEOE, GID, GIDE, GMI, GMIE, ICM, IML, IMLE, INS, INSE, ISL, ISLE, JDF, JEF, JEFE, JEO, JEOE, KIM, KIME, KMM, KMME, KOM, KOME, MAD, MADE, MAK, MAKE, MAT, MATE, MET, METE, MIM, MIME, MTO, MTOE, PEM, PEME, PET, PETE, SBP, SBPE, SEH, TEK, TEKE, TEL, THO, UCK, UCKE, UZB, UZBE",,
25345,ATA 102,ATA,LS,Atatürk İlk & İnkılap Trh II,,Yusuf Ziya Altıntaş,FEB,Çarşamba,08:30/10:29,,65,65,,"BIO, BIOE, BLG, BLGE, CEV, CEVE, CHZ, CHZE, DEN, DENE, DUI, DUIE, ECNE, EHB, EHBE, EHN, ELE, ELH, ELK, ELKE, END, ENDE, EUT, EUTE, FIZ, FIZE, GEM, GEME, GEMK, GEO, GEOE, GID, GIDE, GMI, GMIE, ICM, IML, IMLE, INS, INSE, ISL, ISLE, JDF, JEF, JEFE, JEO, JEOE, KIM, KIME, KMM, KMME, KOM, KOME, MAD, MADE, MAK, MAKE, MAT, MATE, MET, METE, MIM, MIME, MTO, MTOE, PEM, PEME, PET, PETE, SBP, SBPE, SEH, TEK, TEKE, TEL, THO, UCK, UCKE, UZB, UZBE",,
25346,MIM 252E,MIM,LS,Theories of Architectural Dsgn,,Yüksel Demir,MMB,Perşembe,09:30/12:29,,25,29,,"MIM, MIME",,
25347,SES 354,SES,LS,Lale Devri Repertuvarı,,Güzün Değişmez,TMB,Pazartesi,08:30/10:29,,5,1,,SES,,
25348,CAB 3635,CAB,LS,Üç Telli Kemençe V,,Hatice Doğan Sevinç,TMB,,/,,5,1,,CAB,,
25349,CAB 794,CAB,LS,Doğaçlama Yöntemleri II,,Birol Yayla,TMB | TMB,Salı | Perşembe,15:30/17:29 | 10:30/12:29,,10,2,,CAB,,
25350,ICM 319E,ICM,LS,Architectural Styles,,Deniz Çalışır Pençe,MMB,Cuma,13:30/16:29,,20,19,,"ICM, PEME",,
25351,ICM 329E,ICM,LS,Textile in Interior Design,,Belgin Görgün,MMB,Salı,09:30/12:29,,20,18,,"ICM, PEME",,
25355,DFH 402E,DFH,LS,Maritime Sec.&Qual.;..,,Pelin Bolat,DZB,Salı,15:30/17:29,,50,30,,"DUI, DUIE",,
25357,ITB 325,ITB,LS,Sosyal Zekalı Mühendis,,--,GDB,Perşembe,09:30/12:29,,0,0,,"BIO, BLG, CAB, CEV, CHZ, DEN, ELE, ELH, ELK, END, EUT, FIZ, GEM, GEO, GID, ICM, IML, INS, ISL, JDF, JEF, JEO, KIM, KMM, KMP, KOM, MAD, MAK, MAT, MET, MIM, MTO, MUT, MUZ, PEM, PET, SBP, SES, TEB, TEK, TEL, THO, UCK, UZB",,
25358,ITB 324E,ITB,LS,Current Environmental Problems,,--,INB,Pazartesi,13:30/16:29,,0,0,,"BIO, BIOE, BLG, BLGE, CAB, CEV, CEVE, CHZ, CHZE, DEN, DENE, ECNE, EHB, EHBE, ELE, ELH, ELK, ELKE, END, ENDE, EUT, EUTE, FIZ, FIZE, GEM, GEME, GEMK, GEO, GEOE, GID, GIDE, ICM, IML, IMLE, INS, INSE, ISL, ISLE, JDF, JEF, JEFE, JEO, JEOE, KIM, KIME, KMM, KMME, KMP, KOM, KOME, MAD, MADE, MAK, MAKE, MAT, MATE, MET, METE, MIM, MIME, MTO, MTOE, MTR, MUT, MUZ, MUZE, PEM, PEME, PET, PETE, SBP, SBPE, SES, TEB, TEK, TEKE, TEL, THO, UCK, UCKE, UZB, UZBE",,
25359,ITB 326,ITB,LS,Evimiz Dünya Gezegeni,,--,MDB,Salı,13:30/16:29,,0,0,,"BIO, BLG, CAB, CEV, CHZ, DEN, ELE, ELH, ELK, END, EUT, FIZ, GEM, GEO, GID, ICM, IML, INS, ISL, JDF, JEF, JEO, KIM, KMM, KMP, KOM, MAD, MAK, MAT, MET, MIM, MTO, MUT, MUZ, PEM, PET, SBP, SES, TEB, TEK, TEL, THO, UCK, UZB",,
25362,CAB 342,CAB,LS,Piyano VI,,Sıtkı Kandemir Basmacıoğlu,TMB,,/,,5,1,,CAB,,
25365,TEK 419E,TEK,LS,Special Woven Fabrics,,İlkay Özsev Yüksek,MKB,Çarşamba,09:30/12:29,,30,0,,"TEK, TEKE",,
25366,MTH 104,MTH,LS,Calculus II,,Ali Demirci,MED | FEB,Çarşamba | Cuma,13:30/15:29 | 08:30/11:29,,40,28,,SEN,,
25367,MTH 104,MTH,LS,Calculus II,,Şenay Pasinlioğlu,MED | FEB,Çarşamba | Cuma,13:30/15:29 | 08:30/11:29,,40,11,,MBI,,
25368,STA 201,STA,LS,Statik,,Sevinç Ayşe Zaloğlu,MKB | MKB,Pazartesi | Perşembe,13:30/15:29 | 16:30/17:29,,30,25,,"DEN, EHB, ELE, ELH, GEM, IML, IMLE, JEO, MAK, MAKE, TEK, TEL, UCK, UZB",,
25369,MAT 202E,MAT,LS,Numerical Methods,,Sertaç Çadırcı,MKB | MKB,Çarşamba | Perşembe,13:30/15:29 | 11:30/12:29,,50,42,,"BLG, BLGE, CEV, CEVE, CHZ, CHZE, DEN, DENE, EHB, EHBE, ELE, ELH, ELK, ELKE, GEM, GEME, GEMK, GEO, GEOE, GID, GIDE, IML, IMLE, INS, INSE, ISL, ISLE, JEF, JEFE, JEO, JEOE, KMM, KMME, KOM, KOME, KON, KONE, MAD, MADE, MAK, MAKE, MET, METE, MTO, MTOE, PET, PETE, TEK, TEKE, TEL, UCK, UCKE, UZB, UZBE",,
25370,IML 325E,IML,LS,Measurements & Instrumentation,,İsmail Yalçın Uralcan,MKB | MKB,Çarşamba | Perşembe,08:30/10:29 | 08:30/09:29,,0,6,,"IML, IMLE, MAK, MAKE",,
25371,CAB 4632,CAB,LS,Viyolonsel VIII,,Cenk Öztürk,TMB,,/,,5,1,,CAB,,
25372,THO 4116,THO,LS,Repertuar,,Cenap Güngör,TMB | TMB,Salı | Çarşamba,08:30/10:29 | 10:30/12:29,,10,1,,THO,,
25373,CAB 4616,CAB,LS,Ud VIII,,Mehmet Bitmez,TMB,,/,,5,1,,CAB,,
25374,ECN 101E,ECN,LS,Principles of Microeconomics,,Shourjo Chakravorty,ISB,Cuma,14:00/17:59,,40,21,,"ECNE, ECNM",,
25375,CAB 1115,CAB,LS,Piyano I,,Sıtkı Kandemir Basmacıoğlu,TMB,Pazartesi,08:30/10:29,,10,1,,CAB,,
25377,IML 325E,IML,LS,Measurements & Instrumentation,,Bülent Bölat,MKB | MKB,Çarşamba | Cuma,08:30/10:29 | 11:30/12:29,,0,9,,"IML, IMLE, MAK, MAKE",,
25379,MAT 271E,MAT,LS,Probability and Statistics,,Uluğ Bayazıt,MDB,Perşembe,13:30/16:29,,70,69,,"BIO, BIOE, BLG, BLGE, CEV, CEVE, CHZ, CHZE, DEN, DENE, DUI, EHB, EHBE, EHN, ELE, ELH, ELK, ELKE, EUT, EUTE, FIZ, FIZE, GEM, GEME, GEMK, GEO, GEOE, GID, GIDE, GMI, GMIE, GMIK, IML, IMLE, INS, INSE, JEF, JEFE, JEO, JEOE, KMM, KMME, KOM, KOME, KON, KONE, MAD, MADE, MAK, MAKE, MET, METE, MTO, MTOE, PET, PETE, SBP, SBPE, SEH, TEK, TEKE, TEL, UCK, UCKE, UZB, UZBE",,
25381,PHY 126,PHY,LS,Physics II,,Haluk Özbek,FEB,Salı,08:30/11:29,,30,30,,"MBI, SBL, SEN, SIN",,
25385,PHY 126L,PHY,LS,Physics II Laboratory,,Haluk Özbek,FEB,Çarşamba,10:30/12:29,,30,30,,"MBI, SBL, SEN, SGM, SIN",,
25387,TUR 104,TUR,LS,Turkish Language II,,Özlem Kara,INB,Cuma,10:30/12:29,,45,23,,"DUIK, GEMK, GMIK, MEN, MTM, NAE",,
25388,DFH 211E,DFH,LS,Rowing and Canoe-Kayak Sports,,--,DZB,Salı,11:30/14:29,,0,0,,DUIE,,
25389,CAB 204,CAB,LS,Zurna IV,,Ünal Yürük,TMB,,/,,5,1,,CAB,,
25390,BIL 100E,BIL,LS,Intr.to Prog.Language(PYTHON),,Berfin Kalay,EEB | MED,Cuma | Cuma,10:30/11:29 | 11:30/13:29,,70,61,,"BIO, BIOE, CEV, CEVE, CHZ, CHZE, DEN, DENE, DUI, DUIE, ECNE, EHB, EHBE, ELE, ELH, END, ENDE, EUT, EUTE, FIZ, FIZE, FIZM, GEM, GEME, GEMK, GID, GIDE, GMI, GMIE, ICM, IML, IMLE, INS, INSE, ISL, ISLE, JEF, JEFE, JEO, JEOE, KIM, KIME, KMM, KMME, KOM, KOME, MAD, MADE, MAK, MAKE, MAT, MATE, MET, METE, MIM, MIME, MTO, MTOE, PEM, PEME, PET, PETE, SBP, SBPE, SEN, TEK, TEKE, TEL, UCK, UCKE, UZB, UZBE",,
25392,BIL 100E,BIL,LS,Intr.to Prog.Language(PYTHON),,Gülcihan Özdemir,EEB | MED,Cuma | Cuma,14:30/15:29 | 15:30/17:29,,70,58,,"BIO, BIOE, CEV, CEVE, CHZ, CHZE, DEN, DENE, DUI, DUIE, ECNE, EHB, EHBE, ELE, ELH, END, ENDE, EUT, EUTE, FIZ, FIZE, FIZM, GEM, GEME, GEMK, GID, GIDE, GMI, GMIE, ICM, IML, IMLE, INS, INSE, ISL, ISLE, JEF, JEFE, JEO, JEOE, KIM, KIME, KMM, KMME, KOM, KOME, MAD, MADE, MAK, MAKE, MAT, MATE, MET, METE, MIM, MIME, MTO, MTOE, PEM, PEME, PET, PETE, SBP, SBPE, SEN, TEK, TEKE, TEL, UCK, UCKE, UZB, UZBE",,
25393,MAT 261E,MAT,LS,Linear Algebra,,Cem Güzel,DZB,Çarşamba,12:30/15:29,,15,9,,"GMI, GMIE",,
25399,TUR 102,TUR,LS,Türk Dili II,,Aslı Kantarcı,MEDB,Salı,15:30/17:29,,60,59,,"BIO, BIOE, BLG, BLGE, CAB, CEV, CEVE, CHZ, CHZE, DEN, DENE, ECNE, EHB, EHBE, EHN, ELE, ELH, ELK, ELKE, END, ENDE, EUT, EUTE, FIZ, FIZE, GEM, GEME, GEMK, GEO, GEOE, GID, GIDE, ICM, IML, IMLE, INS, INSE, ISL, ISLE, JDF, JEF, JEFE, JEO, JEOE, KIM, KIME, KMM, KMME, KMP, KOM, KOME, MAD, MADE, MAK, MAKE, MAT, MATE, MET, METE, MIM, MIME, MTO, MTOE, MTR, MUT, MUZ, MUZE, PEM, PEME, PET, PETE, SBP, SBPE, SEH, SES, TEK, TEKE, TEL, THO, UCK, UCKE, UZB, UZBE",,
25400,TUR 102,TUR,LS,Türk Dili II,,Ömer Tacir,MMB,Salı,15:30/17:29,,60,60,,"BIO, BIOE, BLG, BLGE, CAB, CEV, CEVE, CHZ, CHZE, DEN, DENE, ECNE, EHB, EHBE, EHN, ELE, ELH, ELK, ELKE, END, ENDE, EUT, EUTE, FIZ, FIZE, GEM, GEME, GEMK, GEO, GEOE, GID, GIDE, ICM, IML, IMLE, INS, INSE, ISL, ISLE, JDF, JEF, JEFE, JEO, JEOE, KIM, KIME, KMM, KMME, KMP, KOM, KOME, MAD, MADE, MAK, MAKE, MAT, MATE, MET, METE, MIM, MIME, MTO, MTOE, MTR, MUT, MUZ, MUZE, PEM, PEME, PET, PETE, SBP, SBPE, SEH, SES, TEK, TEKE, TEL, THO, UCK, UCKE, UZB, UZBE",,
25401,TUR 102,TUR,LS,Türk Dili II,,Mehmet Naci Turay,ISB,Pazartesi,09:30/11:29,,60,59,,"BIO, BIOE, BLG, BLGE, CAB, CEV, CEVE, CHZ, CHZE, DEN, DENE, ECNE, EHB, EHBE, EHN, ELE, ELH, ELK, ELKE, END, ENDE, EUT, EUTE, FIZ, FIZE, GEM, GEME, GEMK, GEO, GEOE, GID, GIDE, ICM, IML, IMLE, INS, INSE, ISL, ISLE, JDF, JEF, JEFE, JEO, JEOE, KIM, KIME, KMM, KMME, KMP, KOM, KOME, MAD, MADE, MAK, MAKE, MAT, MATE, MET, METE, MIM, MIME, MTO, MTOE, MTR, MUT, MUZ, MUZE, PEM, PEME, PET, PETE, SBP, SBPE, SEH, SES, TEK, TEKE, TEL, THO, UCK, UCKE, UZB, UZBE",,
25402,TUR 102,TUR,LS,Türk Dili II,,Özlem Kara,MKB,Çarşamba,08:30/10:29,,60,60,,"BIO, BIOE, BLG, BLGE, CAB, CEV, CEVE, CHZ, CHZE, DEN, DENE, ECNE, EHB, EHBE, EHN, ELE, ELH, ELK, ELKE, END, ENDE, EUT, EUTE, FIZ, FIZE, GEM, GEME, GEMK, GEO, GEOE, GID, GIDE, ICM, IML, IMLE, INS, INSE, ISL, ISLE, JDF, JEF, JEFE, JEO, JEOE, KIM, KIME, KMM, KMME, KMP, KOM, KOME, MAD, MADE, MAK, MAKE, MAT, MATE, MET, METE, MIM, MIME, MTO, MTOE, MTR, MUT, MUZ, MUZE, PEM, PEME, PET, PETE, SBP, SBPE, SEH, SES, TEK, TEKE, TEL, THO, UCK, UCKE, UZB, UZBE",,
25404,TUR 102,TUR,LS,Türk Dili II,,Gülsün Nakıboğlu,MED,Çarşamba,13:30/15:29,,60,60,,"BIO, BIOE, BLG, BLGE, CAB, CEV, CEVE, CHZ, CHZE, DEN, DENE, ECNE, EHB, EHBE, EHN, ELE, ELH, ELK, ELKE, END, ENDE, EUT, EUTE, FIZ, FIZE, GEM, GEME, GEMK, GEO, GEOE, GID, GIDE, ICM, IML, IMLE, INS, INSE, ISL, ISLE, JDF, JEF, JEFE, JEO, JEOE, KIM, KIME, KMM, KMME, KMP, KOM, KOME, MAD, MADE, MAK, MAKE, MAT, MATE, MET, METE, MIM, MIME, MTO, MTOE, MTR, MUT, MUZ, MUZE, PEM, PEME, PET, PETE, SBP, SBPE, SEH, SES, TEK, TEKE, TEL, THO, UCK, UCKE, UZB, UZBE",,
25405,TUR 102,TUR,LS,Türk Dili II,,Hamide Aliyazıcıoğlu,EEB,Çarşamba,08:30/10:29,,60,61,,"BIO, BIOE, BLG, BLGE, CAB, CEV, CEVE, CHZ, CHZE, DEN, DENE, ECNE, EHB, EHBE, EHN, ELE, ELH, ELK, ELKE, END, ENDE, EUT, EUTE, FIZ, FIZE, GEM, GEME, GEMK, GEO, GEOE, GID, GIDE, ICM, IML, IMLE, INS, INSE, ISL, ISLE, JDF, JEF, JEFE, JEO, JEOE, KIM, KIME, KMM, KMME, KMP, KOM, KOME, MAD, MADE, MAK, MAKE, MAT, MATE, MET, METE, MIM, MIME, MTO, MTOE, MTR, MUT, MUZ, MUZE, PEM, PEME, PET, PETE, SBP, SBPE, SEH, SES, TEK, TEKE, TEL, THO, UCK, UCKE, UZB, UZBE",,
25406,TUR 101,TUR,LS,Türk Dili I,,Hasan Ulucutsoy,ISB,Perşembe,13:30/15:29,,65,65,,"BIO, BIOE, BLG, BLGE, CAB, CEV, CEVE, CHZ, CHZE, DEN, DENE, ECNE, EHB, EHBE, EHN, ELE, ELH, ELK, ELKE, END, ENDE, EUT, EUTE, FIZ, FIZE, GEM, GEME, GEMK, GEO, GEOE, GID, GIDE, ICM, IML, IMLE, INS, INSE, ISL, ISLE, JDF, JEF, JEFE, JEO, JEOE, KIM, KIME, KMM, KMME, KMP, KOM, KOME, MAD, MADE, MAK, MAKE, MAT, MATE, MET, METE, MIM, MIME, MTO, MTOE, MTR, MUT, MUZ, MUZE, PEM, PEME, PET, PETE, SBP, SBPE, SEH, SES, TEK, TEKE, TEL, THO, UCK, UCKE, UZB, UZBE",,
25409,MAK 216,MAK,LS,Termod. & Isı İletimi,,Ersin Sayar,MKB | MKB,Salı | Çarşamba,09:30/11:29 | 10:30/12:29,,5,5,,IML,,
25410,AKM 208,AKM,LS,Akışkanlar Mekaniği I,,Erkan Ayder,MKB | MKB,Pazartesi | Çarşamba,10:30/12:29 | 11:30/12:29,,5,25,,MAK,,
25411,IML 212,IML,LS,İmal Usülleri I,,Turgut Gülmez,MKB | MKB,Pazartesi | Perşembe,10:30/12:29 | 10:30/12:29,,5,3,,IML,,
25412,MAK 403,MAK,LS,Uygulamalı Makina Projesi,,İlker Murat Koç,MKB | MKB,Pazartesi | Çarşamba,12:30/13:29 | 17:30/19:29,,20,21,,MAK,,
25413,SES 310,SES,LS,Korrepetisyon VI,,"Ayşe Esin Şentürk, Ayşegül Altıok",TMB,,/,,5,0,,SES,,
25414,SES 310,SES,LS,Korrepetisyon VI,,"Gülşah Sönmez, Ayşegül Altıok",TMB,,/,,5,1,,SES,,
25422,MAT 116E,MAT,LS,Advanced Sci. & Eng. Computing,,Ali Demirci,FEB | FEB,Pazartesi | Salı,08:30/10:29 | 10:30/12:29,,35,22,,"MAT, MATE",,
25423,MUH 323,MUH,LS,Asimptotik Yöntemler,,--,MED,Pazartesi,14:30/17:29,,0,0,,MAT,,
25424,MAT 188E,MAT,LS,Mathematics II,,Gülçin Mihriye Muslu,FEB | FEB,Salı | Çarşamba,13:30/17:29 | 13:30/15:29,,2,2,,MATE,,
25425,MAT 261,MAT,LS,Lineer Cebir,,--,FEB,Perşembe,08:30/11:29,,0,0,,"BIO, BIOE, DEN, DENE, ELH, END, ENDE, FIZ, FIZE, FIZM, GEM, GEME, GEO, GEOE, INS, INSE, ISL, ISLE, JDF, JEF, JEFE, KMM, KMME, MAD, MADE, MTO, MTOE, TEK, TEKE, UCK, UCKE, UZB, UZBE",,
25429,FIZ 374EL,FIZ,LS,Methods of Exp. Physics Lab.,,Sevtap Yıldız Özbek,FEB,Pazartesi,10:30/12:29,,18,8,,"FIZ, FIZE",,
25430,CAB 178,CAB,LS,Piyano II,,Cenk Öztürk,TMB,Pazartesi,13:30/15:29,,15,16,,"MTR, MUT, MUZ, SES",,
25431,CAB 178,CAB,LS,Piyano II,,Devlet Devrim Öztaş,TMB,Pazartesi,08:30/10:29,,15,11,,"MTR, MUT, MUZ, SES",,
25432,CAB 168,CAB,LS,Klarnet II,,--,TMB,Pazartesi,10:30/12:29,,5,3,,"MTR, MUZ, THO",,
25433,KMP 294,KMP,LS,Armoni II,,Recep Gül,TMB,Pazartesi,10:30/12:29,,25,16,,"CAB, MTR, MTRM",,
25434,MAT 261E,MAT,LS,Linear Algebra,,--,FEB,Perşembe,08:30/11:29,,0,0,,"BIO, BIOE, DEN, DENE, ELH, END, ENDE, FIZ, FIZE, FIZM, GEM, GEME, GEO, GEOE, INS, INSE, ISL, ISLE, JDF, JEF, JEFE, KMM, KMME, MAD, MADE, MTO, MTOE, TEK, TEKE, UCK, UCKE, UZB, UZBE",,
25435,ING 201,ING,LS,English III,,Aslıhan Zengin Günay,MEDB,Salı,13:30/16:29,,32,26,,"BIO, BIOE, BLG, BLGE, CEV, CEVE, CHZ, CHZE, DEN, DENE, ECNE, EHB, EHBE, EHN, ELE, ELH, ELK, ELKE, END, ENDE, EUT, EUTE, FIZ, FIZE, GEM, GEME, GEMK, GEO, GEOE, GID, GIDE, ICM, IML, IMLE, INS, INSE, ISL, ISLE, JDF, JEF, JEFE, JEO, JEOE, KIM, KIME, KMM, KMME, KOM, KOME, MAD, MADE, MAK, MAKE, MAT, MATE, MET, METE, MIM, MIME, MTO, MTOE, MUZE, PEM, PEME, PET, PETE, SBP, SBPE, SEH, TEK, TEKE, TEL, UCK, UCKE, UZB, UZBE",,
25436,ING 201,ING,LS,English III,,Aslıhan Zengin Günay,MEDB,Perşembe,13:30/16:29,,32,32,,"BIO, BIOE, BLG, BLGE, CEV, CEVE, CHZ, CHZE, DEN, DENE, ECNE, EHB, EHBE, EHN, ELE, ELH, ELK, ELKE, END, ENDE, EUT, EUTE, FIZ, FIZE, GEM, GEME, GEMK, GEO, GEOE, GID, GIDE, ICM, IML, IMLE, INS, INSE, ISL, ISLE, JDF, JEF, JEFE, JEO, JEOE, KIM, KIME, KMM, KMME, KOM, KOME, MAD, MADE, MAK, MAKE, MAT, MATE, MET, METE, MIM, MIME, MTO, MTOE, MUZE, PEM, PEME, PET, PETE, SBP, SBPE, SEH, TEK, TEKE, TEL, UCK, UCKE, UZB, UZBE",,
25437,ING 201,ING,LS,English III,,Aslıhan Zengin Günay,MEDB,Cuma,08:30/11:29,,32,18,,"BIO, BIOE, BLG, BLGE, CEV, CEVE, CHZ, CHZE, DEN, DENE, ECNE, EHB, EHBE, EHN, ELE, ELH, ELK, ELKE, END, ENDE, EUT, EUTE, FIZ, FIZE, GEM, GEME, GEMK, GEO, GEOE, GID, GIDE, ICM, IML, IMLE, INS, INSE, ISL, ISLE, JDF, JEF, JEFE, JEO, JEOE, KIM, KIME, KMM, KMME, KOM, KOME, MAD, MADE, MAK, MAKE, MAT, MATE, MET, METE, MIM, MIME, MTO, MTOE, MUZE, PEM, PEME, PET, PETE, SBP, SBPE, SEH, TEK, TEKE, TEL, UCK, UCKE, UZB, UZBE",,
25438,ING 201,ING,LS,English III,,Yurdanur Toktaş,MEDB,Salı,13:30/16:29,,32,23,,"BIO, BIOE, BLG, BLGE, CEV, CEVE, CHZ, CHZE, DEN, DENE, ECNE, EHB, EHBE, EHN, ELE, ELH, ELK, ELKE, END, ENDE, EUT, EUTE, FIZ, FIZE, GEM, GEME, GEMK, GEO, GEOE, GID, GIDE, ICM, IML, IMLE, INS, INSE, ISL, ISLE, JDF, JEF, JEFE, JEO, JEOE, KIM, KIME, KMM, KMME, KOM, KOME, MAD, MADE, MAK, MAKE, MAT, MATE, MET, METE, MIM, MIME, MTO, MTOE, MUZE, PEM, PEME, PET, PETE, SBP, SBPE, SEH, TEK, TEKE, TEL, UCK, UCKE, UZB, UZBE",,
25439,ING 201,ING,LS,English III,,Özlem Ayar Gemalmaz,MEDB,Salı,13:30/16:29,,32,31,,"BIO, BIOE, BLG, BLGE, CEV, CEVE, CHZ, CHZE, DEN, DENE, ECNE, EHB, EHBE, EHN, ELE, ELH, ELK, ELKE, END, ENDE, EUT, EUTE, FIZ, FIZE, GEM, GEME, GEMK, GEO, GEOE, GID, GIDE, ICM, IML, IMLE, INS, INSE, ISL, ISLE, JDF, JEF, JEFE, JEO, JEOE, KIM, KIME, KMM, KMME, KOM, KOME, MAD, MADE, MAK, MAKE, MAT, MATE, MET, METE, MIM, MIME, MTO, MTOE, MUZE, PEM, PEME, PET, PETE, SBP, SBPE, SEH, TEK, TEKE, TEL, UCK, UCKE, UZB, UZBE",,
25440,ING 201,ING,LS,English III,,Özlem Kurnaz,MEDB,Salı,13:30/16:29,,32,32,,"BIO, BIOE, BLG, BLGE, CEV, CEVE, CHZ, CHZE, DEN, DENE, ECNE, EHB, EHBE, EHN, ELE, ELH, ELK, ELKE, END, ENDE, EUT, EUTE, FIZ, FIZE, GEM, GEME, GEMK, GEO, GEOE, GID, GIDE, ICM, IML, IMLE, INS, INSE, ISL, ISLE, JDF, JEF, JEFE, JEO, JEOE, KIM, KIME, KMM, KMME, KOM, KOME, MAD, MADE, MAK, MAKE, MAT, MATE, MET, METE, MIM, MIME, MTO, MTOE, MUZE, PEM, PEME, PET, PETE, SBP, SBPE, SEH, TEK, TEKE, TEL, UCK, UCKE, UZB, UZBE",,
25441,ING 201,ING,LS,English III,,Özlem Kurnaz,MEDB,Çarşamba,08:30/11:29,,32,32,,"BIO, BIOE, BLG, BLGE, CEV, CEVE, CHZ, CHZE, DEN, DENE, ECNE, EHB, EHBE, EHN, ELE, ELH, ELK, ELKE, END, ENDE, EUT, EUTE, FIZ, FIZE, GEM, GEME, GEMK, GEO, GEOE, GID, GIDE, ICM, IML, IMLE, INS, INSE, ISL, ISLE, JDF, JEF, JEFE, JEO, JEOE, KIM, KIME, KMM, KMME, KOM, KOME, MAD, MADE, MAK, MAKE, MAT, MATE, MET, METE, MIM, MIME, MTO, MTOE, MUZE, PEM, PEME, PET, PETE, SBP, SBPE, SEH, TEK, TEKE, TEL, UCK, UCKE, UZB, UZBE",,
25442,ING 201,ING,LS,English III,,Seniye Rüyam Artan,MEDB,Salı,13:30/16:29,,32,32,,"BIO, BIOE, BLG, BLGE, CEV, CEVE, CHZ, CHZE, DEN, DENE, ECNE, EHB, EHBE, EHN, ELE, ELH, ELK, ELKE, END, ENDE, EUT, EUTE, FIZ, FIZE, GEM, GEME, GEMK, GEO, GEOE, GID, GIDE, ICM, IML, IMLE, INS, INSE, ISL, ISLE, JDF, JEF, JEFE, JEO, JEOE, KIM, KIME, KMM, KMME, KOM, KOME, MAD, MADE, MAK, MAKE, MAT, MATE, MET, METE, MIM, MIME, MTO, MTOE, MUZE, PEM, PEME, PET, PETE, SBP, SBPE, SEH, TEK, TEKE, TEL, UCK, UCKE, UZB, UZBE",,
25443,ING 201,ING,LS,English III,,Seniye Rüyam Artan,MEDB,Cuma,08:30/11:29,,32,32,,"BIO, BIOE, BLG, BLGE, CEV, CEVE, CHZ, CHZE, DEN, DENE, ECNE, EHB, EHBE, EHN, ELE, ELH, ELK, ELKE, END, ENDE, EUT, EUTE, FIZ, FIZE, GEM, GEME, GEMK, GEO, GEOE, GID, GIDE, ICM, IML, IMLE, INS, INSE, ISL, ISLE, JDF, JEF, JEFE, JEO, JEOE, KIM, KIME, KMM, KMME, KOM, KOME, MAD, MADE, MAK, MAKE, MAT, MATE, MET, METE, MIM, MIME, MTO, MTOE, MUZE, PEM, PEME, PET, PETE, SBP, SBPE, SEH, TEK, TEKE, TEL, UCK, UCKE, UZB, UZBE",,
25444,ING 201,ING,LS,English III,,Zeynep Kurular,MEDB,Salı,13:30/16:29,,32,32,,"BIO, BIOE, BLG, BLGE, CEV, CEVE, CHZ, CHZE, DEN, DENE, ECNE, EHB, EHBE, EHN, ELE, ELH, ELK, ELKE, END, ENDE, EUT, EUTE, FIZ, FIZE, GEM, GEME, GEMK, GEO, GEOE, GID, GIDE, ICM, IML, IMLE, INS, INSE, ISL, ISLE, JDF, JEF, JEFE, JEO, JEOE, KIM, KIME, KMM, KMME, KOM, KOME, MAD, MADE, MAK, MAKE, MAT, MATE, MET, METE, MIM, MIME, MTO, MTOE, MUZE, PEM, PEME, PET, PETE, SBP, SBPE, SEH, TEK, TEKE, TEL, UCK, UCKE, UZB, UZBE",,
25445,CAB 178,CAB,LS,Piyano II,,Devlet Devrim Öztaş,TMB,Pazartesi,10:30/12:29,,15,13,,"MTR, MUT, MUZ, SES",,
25446,ING 201,ING,LS,English III,,Zeynep Kurular,MEDB,Cuma,08:30/11:29,,32,18,,"BIO, BIOE, BLG, BLGE, CEV, CEVE, CHZ, CHZE, DEN, DENE, ECNE, EHB, EHBE, EHN, ELE, ELH, ELK, ELKE, END, ENDE, EUT, EUTE, FIZ, FIZE, GEM, GEME, GEMK, GEO, GEOE, GID, GIDE, ICM, IML, IMLE, INS, INSE, ISL, ISLE, JDF, JEF, JEFE, JEO, JEOE, KIM, KIME, KMM, KMME, KOM, KOME, MAD, MADE, MAK, MAKE, MAT, MATE, MET, METE, MIM, MIME, MTO, MTOE, MUZE, PEM, PEME, PET, PETE, SBP, SBPE, SEH, TEK, TEKE, TEL, UCK, UCKE, UZB, UZBE",,
25447,ING 201,ING,LS,English III,,İmge Şahin Girtten,MEDB,Cuma,08:30/11:29,,32,12,,"BIO, BIOE, BLG, BLGE, CEV, CEVE, CHZ, CHZE, DEN, DENE, ECNE, EHB, EHBE, EHN, ELE, ELH, ELK, ELKE, END, ENDE, EUT, EUTE, FIZ, FIZE, GEM, GEME, GEMK, GEO, GEOE, GID, GIDE, ICM, IML, IMLE, INS, INSE, ISL, ISLE, JDF, JEF, JEFE, JEO, JEOE, KIM, KIME, KMM, KMME, KOM, KOME, MAD, MADE, MAK, MAKE, MAT, MATE, MET, METE, MIM, MIME, MTO, MTOE, MUZE, PEM, PEME, PET, PETE, SBP, SBPE, SEH, TEK, TEKE, TEL, UCK, UCKE, UZB, UZBE",,
25448,ING 201,ING,LS,English III,,İmge Şahin Girtten,INB,Perşembe,13:30/16:29,,32,29,,"BIO, BIOE, BLG, BLGE, CEV, CEVE, CHZ, CHZE, DEN, DENE, ECNE, EHB, EHBE, EHN, ELE, ELH, ELK, ELKE, END, ENDE, EUT, EUTE, FIZ, FIZE, GEM, GEME, GEMK, GEO, GEOE, GID, GIDE, ICM, IML, IMLE, INS, INSE, ISL, ISLE, JDF, JEF, JEFE, JEO, JEOE, KIM, KIME, KMM, KMME, KOM, KOME, MAD, MADE, MAK, MAKE, MAT, MATE, MET, METE, MIM, MIME, MTO, MTOE, MUZE, PEM, PEME, PET, PETE, SBP, SBPE, SEH, TEK, TEKE, TEL, UCK, UCKE, UZB, UZBE",,
25449,ING 201,ING,LS,English III,,Meltem Tokmanoğlu,INB,Çarşamba,08:30/11:29,,32,32,,"BIO, BIOE, BLG, BLGE, CEV, CEVE, CHZ, CHZE, DEN, DENE, ECNE, EHB, EHBE, EHN, ELE, ELH, ELK, ELKE, END, ENDE, EUT, EUTE, FIZ, FIZE, GEM, GEME, GEMK, GEO, GEOE, GID, GIDE, ICM, IML, IMLE, INS, INSE, ISL, ISLE, JDF, JEF, JEFE, JEO, JEOE, KIM, KIME, KMM, KMME, KOM, KOME, MAD, MADE, MAK, MAKE, MAT, MATE, MET, METE, MIM, MIME, MTO, MTOE, MUZE, PEM, PEME, PET, PETE, SBP, SBPE, SEH, TEK, TEKE, TEL, UCK, UCKE, UZB, UZBE",,
25450,ING 201,ING,LS,English III,,Nilgün Eker,MED,Çarşamba,08:30/11:29,,27,27,,"BIO, BIOE, BLG, BLGE, CEV, CEVE, CHZ, CHZE, DEN, DENE, ECNE, EHB, EHBE, EHN, ELE, ELH, ELK, ELKE, END, ENDE, EUT, EUTE, FIZ, FIZE, GEM, GEME, GEMK, GEO, GEOE, GID, GIDE, ICM, IML, IMLE, INS, INSE, ISL, ISLE, JDF, JEF, JEFE, JEO, JEOE, KIM, KIME, KMM, KMME, KOM, KOME, MAD, MADE, MAK, MAKE, MAT, MATE, MET, METE, MIM, MIME, MTO, MTOE, MUZE, PEM, PEME, PET, PETE, SBP, SBPE, SEH, TEK, TEKE, TEL, UCK, UCKE, UZB, UZBE",,
25451,ING 201,ING,LS,English III,,İlknur Karhan,EEB,Perşembe,13:30/16:29,,32,14,,"BIO, BIOE, BLG, BLGE, CEV, CEVE, CHZ, CHZE, DEN, DENE, ECNE, EHB, EHBE, EHN, ELE, ELH, ELK, ELKE, END, ENDE, EUT, EUTE, FIZ, FIZE, GEM, GEME, GEMK, GEO, GEOE, GID, GIDE, ICM, IML, IMLE, INS, INSE, ISL, ISLE, JDF, JEF, JEFE, JEO, JEOE, KIM, KIME, KMM, KMME, KOM, KOME, MAD, MADE, MAK, MAKE, MAT, MATE, MET, METE, MIM, MIME, MTO, MTOE, MUZE, PEM, PEME, PET, PETE, SBP, SBPE, SEH, TEK, TEKE, TEL, UCK, UCKE, UZB, UZBE",,
25452,ING 201,ING,LS,English III,,Emel Çağlar,MEDB,Cuma,08:30/11:29,,32,32,,"BIO, BIOE, BLG, BLGE, CEV, CEVE, CHZ, CHZE, DEN, DENE, ECNE, EHB, EHBE, EHN, ELE, ELH, ELK, ELKE, END, ENDE, EUT, EUTE, FIZ, FIZE, GEM, GEME, GEMK, GEO, GEOE, GID, GIDE, ICM, IML, IMLE, INS, INSE, ISL, ISLE, JDF, JEF, JEFE, JEO, JEOE, KIM, KIME, KMM, KMME, KOM, KOME, MAD, MADE, MAK, MAKE, MAT, MATE, MET, METE, MIM, MIME, MTO, MTOE, MUZE, PEM, PEME, PET, PETE, SBP, SBPE, SEH, TEK, TEKE, TEL, UCK, UCKE, UZB, UZBE",,
25453,ING 201,ING,LS,English III,,Canan Sağbilge,INB,Cuma,08:30/11:29,,27,27,,"BIO, BIOE, BLG, BLGE, CEV, CEVE, CHZ, CHZE, DEN, DENE, ECNE, EHB, EHBE, EHN, ELE, ELH, ELK, ELKE, END, ENDE, EUT, EUTE, FIZ, FIZE, GEM, GEME, GEMK, GEO, GEOE, GID, GIDE, ICM, IML, IMLE, INS, INSE, ISL, ISLE, JDF, JEF, JEFE, JEO, JEOE, KIM, KIME, KMM, KMME, KOM, KOME, MAD, MADE, MAK, MAKE, MAT, MATE, MET, METE, MIM, MIME, MTO, MTOE, MUZE, PEM, PEME, PET, PETE, SBP, SBPE, SEH, TEK, TEKE, TEL, UCK, UCKE, UZB, UZBE",,
25454,ING 201,ING,LS,English III,,Gürcan Öztürk,INB,Cuma,08:30/11:29,,32,32,,"BIO, BIOE, BLG, BLGE, CEV, CEVE, CHZ, CHZE, DEN, DENE, ECNE, EHB, EHBE, EHN, ELE, ELH, ELK, ELKE, END, ENDE, EUT, EUTE, FIZ, FIZE, GEM, GEME, GEMK, GEO, GEOE, GID, GIDE, ICM, IML, IMLE, INS, INSE, ISL, ISLE, JDF, JEF, JEFE, JEO, JEOE, KIM, KIME, KMM, KMME, KOM, KOME, MAD, MADE, MAK, MAKE, MAT, MATE, MET, METE, MIM, MIME, MTO, MTOE, MUZE, PEM, PEME, PET, PETE, SBP, SBPE, SEH, TEK, TEKE, TEL, UCK, UCKE, UZB, UZBE",,
25455,BIL 110E,BIL,LS,Intr. to Prog. Language (C),,Tahir Çetin Akıncı,EEB | EEB,Cuma | Cuma,14:00/14:59 | 15:00/16:59,,50,36,,"ELK, ELKE",,
25456,UCK 362E,UCK,LS,Automatic Control,,İsmail Bayezit,UUB,Çarşamba,12:30/15:29,,80,88,,"UCK, UCKE, UZB, UZBE",,
25463,SBP 245,SBP,LS,Şehirsel Ulaşım,,Eda Beyazıt,MMB,Çarşamba,08:30/11:29,,10,4,,SBP,,
25464,DUI 351E,DUI,LS,Onboard Training II,,Emre Akyüz,DZB,,/,,90,1,,DUIE,,
25465,EHB 221E,EHB,LS,Basics of Elec. Circuits Lab.,,İbrahim Çatalkaya,EEB,Çarşamba,11:30/13:29,,30,30,,"EHB, EHBE, ELE, TEL",,
25466,CAB 238,CAB,LS,Kontrbas IV,,--,TMB,,/,,5,1,,CAB,,
25470,PHY 126L,PHY,LS,Physics II Laboratory,,Cenap Şahabettin Özben,FEB,Çarşamba,10:30/12:29,,25,17,,"MBI, SBL, SEN, SGM, SIN",,
25473,MAT 232E,MAT,LS,Differential Equations,,Fuat Ergezen,FEB,Perşembe,08:30/12:29,,1,1,,MATE,,
25474,MUH 211E,MUH,LS,Discreet Mathematics,,Ali Ercengiz,FEB,Çarşamba,12:30/15:29,,1,1,,MATE,,
25478,MAT 210E,MAT,LS,Engineering Mathematics,,İrma Hacınlıyan,FEB | FEB,Pazartesi | Salı,12:30/14:29 | 15:30/17:29,,61,49,,"BIO, BIOE, BLG, BLGE, CEV, CEVE, CHZ, CHZE, DEN, DENE, DUI, DUIE, ECNE, EHBE, ELE, ELH, ELK, ELKE, END, ENDE, FIZ, FIZE, GEM, GEME, GEMK, GEO, GEOE, GID, GIDE, GMI, GMIE, INS, INSE, ISL, ISLE, JDF, JEF, JEFE, JEFM, JEO, JEOE, KIM, KIME, KMM, KMME, MAD, MADE, MATM, MET, METE, MTO, MTOE, PET, PETE, TEK, TEKE, TEL, UCK, UCKE, UCKM, UZB, UZBE, UZBM",,
25480,DUI 402,DUI,LS,Deniz Hukuku II,,Hakan Muran,DZB,Pazartesi,14:30/17:29,,10,6,,DUI,,
25481,ELK 322,ELK,LS,Enerji İletim Sistemleri,,Canan Karatekin,EEB,Salı,13:30/16:29,,30,7,,ELK,,
25486,GMI 220E,GMI,LS,Naval Architecture & Stability,,Sevilay Can,DZB,Cuma,08:30/11:29,,30,13,,"GMI, GMIE",,
25487,MAK 101,MAK,LS,Makine Müh. Giriş ve Etik,,İsmail Yalçın Uralcan,MKB,Salı,10:30/12:29,,60,3,,MAK,,
25488,MAK 111,MAK,LS,Makina Mühendisliğine Giriş,,İsmail Yalçın Uralcan,MKB,Salı,10:30/11:29,,60,7,,"MAK, MAKM",,
25489,MAK 4048E,MAK,LS,HVAC Systems & Equipment Dsgn,,--,MKB,Çarşamba,13:30/16:29,,0,0,,"MAK, MAKE",,
25490,THO 409,THO,LS,20.yy'da Dans,,Nihal Cömert,TMB | TMB,Pazartesi | Perşembe,16:30/17:29 | 10:30/12:29,,10,1,,THO,,
25491,MST 102,MST,LS,Maritime Safety and Security,,Levent Beden,DZB,Pazartesi,08:30/12:29,,50,3,,"DUIK, GMIK, MEN, MTM",,
25493,COM 101,COM,LS,Compt.& Eng. Programming,,Ata Bilgili,DZB,Salı,17:30/20:29,,50,0,,"GEMK, GMIK, MEN, MTM, NAE",,
25494,ENR 301,ENR,LS,Heat Transfer,,Münir Süner,DZB,Çarşamba,08:30/11:29,,50,3,,"GEMK, GMIK, MEN, MENM, NAE",,
25495,RES 107E,RES,LS,Technical Drawing,,Sabahat Topuz Kiremitçi,KMB,Cuma,13:30/16:29,,50,20,,"ISL, ISLE",,
25496,RES 107E,RES,LS,Technical Drawing,,Çağlar Akkaya,KMB,Perşembe,08:30/11:29,,50,20,,"ISL, ISLE",,
25497,FRA 101,FRA,LS,Fransızca I,,Ebru Yücetin Er,DIB,Perşembe,08:30/12:29,,20,19,,Tüm Lisans ve Lisansüstü Programlar,,
25498,ITA 101,ITA,LS,İtalyanca I,,Valentina Elmetti,DIB,Perşembe,08:30/12:29,,20,19,,Tüm Lisans ve Lisansüstü Programlar,,
25499,BIL 112E,BIL,LS,Intr.to Prog.Language(FORTRAN),,Mehmet Nazmi Postacıoğlu,FEB,Cuma,13:30/16:29,,30,36,,"FIZ, FIZE",,
25500,CAB 296,CAB,LS,Viyolonsel IV,,Yelda Özgen Öztürk,TMB,Cuma,08:30/10:29,,5,1,,"MTR, MUT, MUZ",,
25501,CAB 465,CAB,LS,Kaval VII,,Haydar Tanrıverdi,TMB,Cuma,10:30/12:29,,5,1,,"CGM6, CGM7, CGM8, MTR",,
25502,CAB 154,CAB,LS,Tanbur II,,--,TMB,Pazartesi,10:30/12:29,,5,3,,"CGM6, CGM7, CGM8, MTR, MUT, MUZ, SES",,
25503,MAK 342E,MAK,LS,Machine Design II,,Atakan Altınkaynak,MKB | MKB,Salı | Cuma,13:30/15:29 | 15:30/17:29,,3,2,,"MAKE, MAKM",,
25504,MAK 360E,MAK,LS,Applied Thermodynamics,,İsmail Yalçın Uralcan,MKB | MKB,Pazartesi | Çarşamba,10:30/12:29 | 12:30/13:29,,3,2,,MAKE,,
25505,CAB 247,CAB,LS,Tanbur III,,Birol Yayla,TMB,,/,,5,1,,CAB,,
25506,CAB 386,CAB,LS,Gitar VI,,Tolgahan Çoğulu,TMB,Cuma,10:30/12:29,,5,1,,"CGM2, CGM6, CGM7, CGM8, MTR",,
25507,SES 218,SES,LS,18.yy Türk Müziği Repertuvarı,,--,TMB | TMB,Pazartesi | Cuma,10:30/12:29 | 08:30/10:29,,5,0,,SES,,
25508,CAB 386,CAB,LS,Gitar VI,,Tolgahan Çoğulu,TMB,Cuma,08:30/10:29,,5,1,,"CGM2, CGM6, CGM7, CGM8, MTR",,
25509,ING 206,ING,LS,English IV,,Mevlüt Kahraman,TMB,Pazartesi,09:30/12:29,,20,0,,"CAB, KMP, MTR, MUT, MUZ, MUZE, SES, THO",,
25510,BIO 222E,BIO,LS,Systematic Biology,,Deniz Şahin,MOBGAM,Çarşamba,09:30/11:29,,5,4,,"BIO, BIOE",,
25511,CIE 308,CIE,LS,Engineering Statistics,,Kemal Selçuk Öğüt,INB,Perşembe,11:30/14:29,,20,7,,SIN,,
25512,CIE 307,CIE,LS,Structural Analysis,,Burcu Güneş,INB | INB,Pazartesi | Çarşamba,12:30/15:29 | 08:30/10:29,,20,7,,SIN,,
25517,BIL 110E,BIL,LS,Intr. to Prog. Language (C),,Feridun Boylu,MDB,Cuma,08:30/11:29,,20,20,,"CHZ, CHZE",,
25521,MTO 316E,MTO,LS,Hydrometeorology,,Sevinç Asilhan,UUB,Cuma,14:30/17:29,,10,10,,"MTO, MTOE",,
25522,BIL 113E,BIL,LS,Intr.to Sci& Eng.Comp.(MATLAB),,Hakan Tunçdemir,MDB,Salı,08:30/11:29,,20,16,,"CHZ, CHZE, MAD, MADE",,
25524,MAT 332E,MAT,LS,Real Analysis I,,--,FEB | FEB,Pazartesi | Salı,12:30/14:29 | 11:30/13:29,,0,0,,"MAT, MATE, MATM",,
25542,CAB 282,CAB,LS,Bendir,,Salim Sınar,TMB,Salı,13:30/15:29,,5,1,,"CGM6, CGM7, CGM8, MTR, MUZ",,
25543,MAK 322E,MAK,LS,Theory of Machines,,İlker Murat Koç,MKB | MKB,Pazartesi | Salı,13:30/15:29 | 10:30/13:29,,20,4,,"MAK, MAKE, MAKM",,
25544,MAK 324E,MAK,LS,Theory of Machines,,Hacı Abdullah Taşdemir,MKB | MKB,Pazartesi | Salı,13:30/15:29 | 09:30/10:29,,1,1,,MAKE,,
25549,AKM 204E,AKM,LS,Fluid Mechanics,,Filiz Altay,KMB,Perşembe,13:30/16:29,,20,9,,"GID, GIDE",,
25555,ICM 246E,ICM,LS,Interior Arch. Design Studio I,,Deniz Ayşe Kanoğlu,MMB | MMB,Pazartesi | Perşembe,13:30/17:29 | 13:30/17:29,,22,22,,"ICM, ICMM",,
25556,GEM 325,GEM,LS,Gemi Yapı Elemanları,,Bahadır Uğurlu,GDB | GDB,Pazartesi | Cuma,10:30/12:29 | 10:30/12:29,,10,1,,GEM,,
25561,TEB 1122,TEB,LS,Piyano I,,Sıtkı Kandemir Basmacıoğlu,TMB,Pazartesi,10:30/12:29,,10,1,,TEB,,
25562,TEB 1912,TEB,LS,Araştırma Teknikleri,,Gülay Karamahmutoğlu,TMB,Pazartesi,13:30/16:29,,10,1,,TEB,,
25577,LAT 111,LAT,LS,Physical Education I,,Nevzat Sönmez,MKB,Pazartesi,10:30/12:29,,0,1,,"SMT, STP",,
